state_code,period_start,period_end,period_type,operator_raw,operator_reported,operator_standard,parent_company,channel,sport_category,handle,gross_revenue,standard_ggr,promo_credits,net_revenue,payouts,tax_paid,federal_excise_tax,hold_pct,days_in_period,is_partial_period,data_is_revised,source_file,source_sheet,source_row,source_column,source_page,source_table_index,source_url,source_report_url,source_screenshot,source_raw_line,source_context,scrape_timestamp
CO,2020-05-01,2020-05-31,monthly,ALL,TOTAL,TOTAL,,online,,2562176163.0,256572886.0,256572886.0,161898752.0,94674134.0,2305603277.0,9654478.0,,0.1001386593572801,31,False,False,CO_2020_05_summary.pdf,,,,1,0,,https://sbg.colorado.gov/sports-betting-monthly-reports,CO/screenshots/CO_2020_05_CO_2020_05_summary_p1.png,,,2026-04-26T03:05:47.281035
CO,2025-02-01,2025-02-28,monthly,ALL,TOTAL,TOTAL,,online,baseball,127491506.0,,,,,,,,,28,False,False,CO_2025_02_hb1292.pdf,,,,1,0,https://sbg.colorado.gov/sites/sbg/files/documents/HB%2021-1292%20Report%20February%202025%20v2.pdf,https://sbg.colorado.gov/sports-betting-monthly-reports,CO/screenshots/CO_2025_02_CO_2025_02_summary_p1.png,,,2026-04-26T03:49:48.257863
CO,2025-03-01,2025-03-31,monthly,ALL,TOTAL,TOTAL,,online,,61451176417.0,3601614276.0,3601614276.0,1433771585.0,2167842691.0,57849562141.0,215518417.0,,0.0586093625215552,31,False,False,CO_2025_03_hb1292.pdf,,,,1,0,https://sbg.colorado.gov/sites/sbg/files/documents/HB%2021-1292%20Report%20March%202025.pdf,https://sbg.colorado.gov/sports-betting-monthly-reports,CO/screenshots/CO_2025_03_CO_2025_03_summary_p1.png,,,2026-04-26T03:51:08.455447
CO,2025-03-01,2025-03-31,monthly,ALL,TOTAL,TOTAL,,retail,basketball,150552151.0,,,,,,,,,31,False,False,CO_2025_03_hb1292.pdf,,,,1,0,https://sbg.colorado.gov/sites/sbg/files/documents/HB%2021-1292%20Report%20March%202025.pdf,https://sbg.colorado.gov/sports-betting-monthly-reports,CO/screenshots/CO_2025_03_CO_2025_03_summary_p1.png,,,2026-04-26T03:51:08.455447
CO,2025-03-01,2025-03-31,monthly,ALL,TOTAL,TOTAL,,online,basketball,20676334933.0,,,,,,,,,31,False,False,CO_2025_03_hb1292.pdf,,,,1,0,https://sbg.colorado.gov/sites/sbg/files/documents/HB%2021-1292%20Report%20March%202025.pdf,https://sbg.colorado.gov/sports-betting-monthly-reports,CO/screenshots/CO_2025_03_CO_2025_03_summary_p1.png,,,2026-04-26T03:51:08.455447
CO,2025-03-01,2025-03-31,monthly,ALL,TOTAL,TOTAL,,retail,soccer,3774739.0,,,,,,,,,31,False,False,CO_2025_03_hb1292.pdf,,,,1,0,https://sbg.colorado.gov/sites/sbg/files/documents/HB%2021-1292%20Report%20March%202025.pdf,https://sbg.colorado.gov/sports-betting-monthly-reports,CO/screenshots/CO_2025_03_CO_2025_03_summary_p1.png,,,2026-04-26T03:51:08.455447
CO,2025-03-01,2025-03-31,monthly,ALL,TOTAL,TOTAL,,online,soccer,2854043133.0,,,,,,,,,31,False,False,CO_2025_03_hb1292.pdf,,,,1,0,https://sbg.colorado.gov/sites/sbg/files/documents/HB%2021-1292%20Report%20March%202025.pdf,https://sbg.colorado.gov/sports-betting-monthly-reports,CO/screenshots/CO_2025_03_CO_2025_03_summary_p1.png,,,2026-04-26T03:51:08.455447
CO,2025-03-01,2025-03-31,monthly,ALL,TOTAL,TOTAL,,retail,tennis,772414.0,,,,,,,,,31,False,False,CO_2025_03_hb1292.pdf,,,,1,0,https://sbg.colorado.gov/sites/sbg/files/documents/HB%2021-1292%20Report%20March%202025.pdf,https://sbg.colorado.gov/sports-betting-monthly-reports,CO/screenshots/CO_2025_03_CO_2025_03_summary_p1.png,,,2026-04-26T03:51:08.455447
CO,2025-03-01,2025-03-31,monthly,ALL,TOTAL,TOTAL,,online,tennis,2607107500.0,,,,,,,,,31,False,False,CO_2025_03_hb1292.pdf,,,,1,0,https://sbg.colorado.gov/sites/sbg/files/documents/HB%2021-1292%20Report%20March%202025.pdf,https://sbg.colorado.gov/sports-betting-monthly-reports,CO/screenshots/CO_2025_03_CO_2025_03_summary_p1.png,,,2026-04-26T03:51:08.455447
CO,2025-03-01,2025-03-31,monthly,ALL,TOTAL,TOTAL,,retail,table_tennis,408384.0,,,,,,,,,31,False,False,CO_2025_03_hb1292.pdf,,,,1,0,https://sbg.colorado.gov/sites/sbg/files/documents/HB%2021-1292%20Report%20March%202025.pdf,https://sbg.colorado.gov/sports-betting-monthly-reports,CO/screenshots/CO_2025_03_CO_2025_03_summary_p1.png,,,2026-04-26T03:51:08.455447
CO,2025-03-01,2025-03-31,monthly,ALL,TOTAL,TOTAL,,online,table_tennis,2327814836.0,,,,,,,,,31,False,False,CO_2025_03_hb1292.pdf,,,,1,0,https://sbg.colorado.gov/sites/sbg/files/documents/HB%2021-1292%20Report%20March%202025.pdf,https://sbg.colorado.gov/sports-betting-monthly-reports,CO/screenshots/CO_2025_03_CO_2025_03_summary_p1.png,,,2026-04-26T03:51:08.455447
CO,2025-03-01,2025-03-31,monthly,ALL,TOTAL,TOTAL,,retail,hockey,13904277.0,,,,,,,,,31,False,False,CO_2025_03_hb1292.pdf,,,,1,0,https://sbg.colorado.gov/sites/sbg/files/documents/HB%2021-1292%20Report%20March%202025.pdf,https://sbg.colorado.gov/sports-betting-monthly-reports,CO/screenshots/CO_2025_03_CO_2025_03_summary_p1.png,,,2026-04-26T03:51:08.455447
CO,2025-03-01,2025-03-31,monthly,ALL,TOTAL,TOTAL,,online,hockey,2287034729.0,,,,,,,,,31,False,False,CO_2025_03_hb1292.pdf,,,,1,0,https://sbg.colorado.gov/sites/sbg/files/documents/HB%2021-1292%20Report%20March%202025.pdf,https://sbg.colorado.gov/sports-betting-monthly-reports,CO/screenshots/CO_2025_03_CO_2025_03_summary_p1.png,,,2026-04-26T03:51:08.455447
CO,2025-03-01,2025-03-31,monthly,ALL,TOTAL,TOTAL,,retail,baseball,7908133.0,,,,,,,,,31,False,False,CO_2025_03_hb1292.pdf,,,,1,0,https://sbg.colorado.gov/sites/sbg/files/documents/HB%2021-1292%20Report%20March%202025.pdf,https://sbg.colorado.gov/sports-betting-monthly-reports,CO/screenshots/CO_2025_03_CO_2025_03_summary_p1.png,,,2026-04-26T03:51:08.455447
CO,2025-03-01,2025-03-31,monthly,ALL,TOTAL,TOTAL,,online,baseball,1673153537.0,,,,,,,,,31,False,False,CO_2025_03_hb1292.pdf,,,,1,0,https://sbg.colorado.gov/sites/sbg/files/documents/HB%2021-1292%20Report%20March%202025.pdf,https://sbg.colorado.gov/sports-betting-monthly-reports,CO/screenshots/CO_2025_03_CO_2025_03_summary_p1.png,,,2026-04-26T03:51:08.455447
CO,2025-03-01,2025-03-31,monthly,ALL,TOTAL,TOTAL,,retail,golf,698171.0,,,,,,,,,31,False,False,CO_2025_03_hb1292.pdf,,,,1,0,https://sbg.colorado.gov/sites/sbg/files/documents/HB%2021-1292%20Report%20March%202025.pdf,https://sbg.colorado.gov/sports-betting-monthly-reports,CO/screenshots/CO_2025_03_CO_2025_03_summary_p1.png,,,2026-04-26T03:51:08.455447
CO,2025-03-01,2025-03-31,monthly,ALL,TOTAL,TOTAL,,online,golf,744663413.0,,,,,,,,,31,False,False,CO_2025_03_hb1292.pdf,,,,1,0,https://sbg.colorado.gov/sites/sbg/files/documents/HB%2021-1292%20Report%20March%202025.pdf,https://sbg.colorado.gov/sports-betting-monthly-reports,CO/screenshots/CO_2025_03_CO_2025_03_summary_p1.png,,,2026-04-26T03:51:08.455447
CO,2025-03-01,2025-03-31,monthly,ALL,TOTAL,TOTAL,,retail,,353248253.0,23169791.0,23169791.0,881316.0,22288475.0,330078462.0,237056.0,,0.06559067398983,31,False,False,CO_2025_03_hb1292.pdf,,,,1,0,https://sbg.colorado.gov/sites/sbg/files/documents/HB%2021-1292%20Report%20March%202025.pdf,https://sbg.colorado.gov/sports-betting-monthly-reports,CO/screenshots/CO_2025_03_CO_2025_03_summary_p1.png,,,2026-04-26T03:51:08.455447
CO,2025-02-01,2025-02-28,monthly,ALL,TOTAL,TOTAL,,retail,baseball,1345828.0,,,,,,,,,28,False,False,CO_2025_02_hb1292.pdf,,,,1,0,https://sbg.colorado.gov/sites/sbg/files/documents/HB%2021-1292%20Report%20February%202025%20v2.pdf,https://sbg.colorado.gov/sports-betting-monthly-reports,CO/screenshots/CO_2025_02_CO_2025_02_summary_p1.png,,,2026-04-26T03:49:48.257863
CO,2024-07-01,2024-07-31,monthly,ALL,TOTAL,TOTAL,,online,mma,17500964.0,,,,,,,,,31,False,False,CO_2024_07_hb1292.pdf,,,,1,0,https://sbg.colorado.gov/sites/sbg/files/documents/HB%2021-1292%20Report%20July%202024.pdf,https://sbg.colorado.gov/sports-betting-monthly-reports,CO/screenshots/CO_2024_07_CO_2024_07_summary_p1.png,,,2026-04-26T03:40:21.145331
CO,2025-02-01,2025-02-28,monthly,ALL,TOTAL,TOTAL,,online,mma,315241549.0,,,,,,,,,28,False,False,CO_2025_02_hb1292.pdf,,,,1,0,https://sbg.colorado.gov/sites/sbg/files/documents/HB%2021-1292%20Report%20February%202025%20v2.pdf,https://sbg.colorado.gov/sports-betting-monthly-reports,CO/screenshots/CO_2025_02_CO_2025_02_summary_p1.png,,,2026-04-26T03:49:48.257863
CO,2025-02-01,2025-02-28,monthly,ALL,TOTAL,TOTAL,,retail,basketball,109287463.0,,,,,,,,,28,False,False,CO_2025_02_hb1292.pdf,,,,1,0,https://sbg.colorado.gov/sites/sbg/files/documents/HB%2021-1292%20Report%20February%202025%20v2.pdf,https://sbg.colorado.gov/sports-betting-monthly-reports,CO/screenshots/CO_2025_02_CO_2025_02_summary_p1.png,,,2026-04-26T03:49:48.257863
CO,2025-02-01,2025-02-28,monthly,ALL,TOTAL,TOTAL,,online,basketball,16398634281.0,,,,,,,,,28,False,False,CO_2025_02_hb1292.pdf,,,,1,0,https://sbg.colorado.gov/sites/sbg/files/documents/HB%2021-1292%20Report%20February%202025%20v2.pdf,https://sbg.colorado.gov/sports-betting-monthly-reports,CO/screenshots/CO_2025_02_CO_2025_02_summary_p1.png,,,2026-04-26T03:49:48.257863
CO,2025-02-01,2025-02-28,monthly,ALL,TOTAL,TOTAL,,retail,other,28162305.0,,,,,,,,,28,False,False,CO_2025_02_hb1292.pdf,,,,1,0,https://sbg.colorado.gov/sites/sbg/files/documents/HB%2021-1292%20Report%20February%202025%20v2.pdf,https://sbg.colorado.gov/sports-betting-monthly-reports,CO/screenshots/CO_2025_02_CO_2025_02_summary_p1.png,,,2026-04-26T03:49:48.257863
CO,2025-02-01,2025-02-28,monthly,ALL,TOTAL,TOTAL,,online,other,6030173960.0,,,,,,,,,28,False,False,CO_2025_02_hb1292.pdf,,,,1,0,https://sbg.colorado.gov/sites/sbg/files/documents/HB%2021-1292%20Report%20February%202025%20v2.pdf,https://sbg.colorado.gov/sports-betting-monthly-reports,CO/screenshots/CO_2025_02_CO_2025_02_summary_p1.png,,,2026-04-26T03:49:48.257863
CO,2025-02-01,2025-02-28,monthly,ALL,TOTAL,TOTAL,,retail,tennis,2776183.0,,,,,,,,,28,False,False,CO_2025_02_hb1292.pdf,,,,1,0,https://sbg.colorado.gov/sites/sbg/files/documents/HB%2021-1292%20Report%20February%202025%20v2.pdf,https://sbg.colorado.gov/sports-betting-monthly-reports,CO/screenshots/CO_2025_02_CO_2025_02_summary_p1.png,,,2026-04-26T03:49:48.257863
CO,2025-02-01,2025-02-28,monthly,ALL,TOTAL,TOTAL,,online,tennis,2758975983.0,,,,,,,,,28,False,False,CO_2025_02_hb1292.pdf,,,,1,0,https://sbg.colorado.gov/sites/sbg/files/documents/HB%2021-1292%20Report%20February%202025%20v2.pdf,https://sbg.colorado.gov/sports-betting-monthly-reports,CO/screenshots/CO_2025_02_CO_2025_02_summary_p1.png,,,2026-04-26T03:49:48.257863
CO,2025-02-01,2025-02-28,monthly,ALL,TOTAL,TOTAL,,retail,soccer,6045803.0,,,,,,,,,28,False,False,CO_2025_02_hb1292.pdf,,,,1,0,https://sbg.colorado.gov/sites/sbg/files/documents/HB%2021-1292%20Report%20February%202025%20v2.pdf,https://sbg.colorado.gov/sports-betting-monthly-reports,CO/screenshots/CO_2025_02_CO_2025_02_summary_p1.png,,,2026-04-26T03:49:48.257863
CO,2025-02-01,2025-02-28,monthly,ALL,TOTAL,TOTAL,,online,soccer,2745338425.0,,,,,,,,,28,False,False,CO_2025_02_hb1292.pdf,,,,1,0,https://sbg.colorado.gov/sites/sbg/files/documents/HB%2021-1292%20Report%20February%202025%20v2.pdf,https://sbg.colorado.gov/sports-betting-monthly-reports,CO/screenshots/CO_2025_02_CO_2025_02_summary_p1.png,,,2026-04-26T03:49:48.257863
CO,2025-02-01,2025-02-28,monthly,ALL,TOTAL,TOTAL,,retail,table_tennis,660944.0,,,,,,,,,28,False,False,CO_2025_02_hb1292.pdf,,,,1,0,https://sbg.colorado.gov/sites/sbg/files/documents/HB%2021-1292%20Report%20February%202025%20v2.pdf,https://sbg.colorado.gov/sports-betting-monthly-reports,CO/screenshots/CO_2025_02_CO_2025_02_summary_p1.png,,,2026-04-26T03:49:48.257863
CO,2025-02-01,2025-02-28,monthly,ALL,TOTAL,TOTAL,,online,table_tennis,2696274894.0,,,,,,,,,28,False,False,CO_2025_02_hb1292.pdf,,,,1,0,https://sbg.colorado.gov/sites/sbg/files/documents/HB%2021-1292%20Report%20February%202025%20v2.pdf,https://sbg.colorado.gov/sports-betting-monthly-reports,CO/screenshots/CO_2025_02_CO_2025_02_summary_p1.png,,,2026-04-26T03:49:48.257863
CO,2025-02-01,2025-02-28,monthly,ALL,TOTAL,TOTAL,,retail,football,75182989.0,,,,,,,,,28,False,False,CO_2025_02_hb1292.pdf,,,,1,0,https://sbg.colorado.gov/sites/sbg/files/documents/HB%2021-1292%20Report%20February%202025%20v2.pdf,https://sbg.colorado.gov/sports-betting-monthly-reports,CO/screenshots/CO_2025_02_CO_2025_02_summary_p1.png,,,2026-04-26T03:49:48.257863
CO,2025-02-01,2025-02-28,monthly,ALL,TOTAL,TOTAL,,online,football,2555804849.0,,,,,,,,,28,False,False,CO_2025_02_hb1292.pdf,,,,1,0,https://sbg.colorado.gov/sites/sbg/files/documents/HB%2021-1292%20Report%20February%202025%20v2.pdf,https://sbg.colorado.gov/sports-betting-monthly-reports,CO/screenshots/CO_2025_02_CO_2025_02_summary_p1.png,,,2026-04-26T03:49:48.257863
CO,2025-02-01,2025-02-28,monthly,ALL,TOTAL,TOTAL,,retail,hockey,6146208.0,,,,,,,,,28,False,False,CO_2025_02_hb1292.pdf,,,,1,0,https://sbg.colorado.gov/sites/sbg/files/documents/HB%2021-1292%20Report%20February%202025%20v2.pdf,https://sbg.colorado.gov/sports-betting-monthly-reports,CO/screenshots/CO_2025_02_CO_2025_02_summary_p1.png,,,2026-04-26T03:49:48.257863
CO,2025-02-01,2025-02-28,monthly,ALL,TOTAL,TOTAL,,online,hockey,1515825518.0,,,,,,,,,28,False,False,CO_2025_02_hb1292.pdf,,,,1,0,https://sbg.colorado.gov/sites/sbg/files/documents/HB%2021-1292%20Report%20February%202025%20v2.pdf,https://sbg.colorado.gov/sports-betting-monthly-reports,CO/screenshots/CO_2025_02_CO_2025_02_summary_p1.png,,,2026-04-26T03:49:48.257863
CO,2025-02-01,2025-02-28,monthly,ALL,TOTAL,TOTAL,,retail,golf,324605.0,,,,,,,,,28,False,False,CO_2025_02_hb1292.pdf,,,,1,0,https://sbg.colorado.gov/sites/sbg/files/documents/HB%2021-1292%20Report%20February%202025%20v2.pdf,https://sbg.colorado.gov/sports-betting-monthly-reports,CO/screenshots/CO_2025_02_CO_2025_02_summary_p1.png,,,2026-04-26T03:49:48.257863
CO,2025-02-01,2025-02-28,monthly,ALL,TOTAL,TOTAL,,online,golf,617748574.0,,,,,,,,,28,False,False,CO_2025_02_hb1292.pdf,,,,1,0,https://sbg.colorado.gov/sites/sbg/files/documents/HB%2021-1292%20Report%20February%202025%20v2.pdf,https://sbg.colorado.gov/sports-betting-monthly-reports,CO/screenshots/CO_2025_02_CO_2025_02_summary_p1.png,,,2026-04-26T03:49:48.257863
CO,2025-02-01,2025-02-28,monthly,ALL,TOTAL,TOTAL,,retail,mma,3845408.0,,,,,,,,,28,False,False,CO_2025_02_hb1292.pdf,,,,1,0,https://sbg.colorado.gov/sites/sbg/files/documents/HB%2021-1292%20Report%20February%202025%20v2.pdf,https://sbg.colorado.gov/sports-betting-monthly-reports,CO/screenshots/CO_2025_02_CO_2025_02_summary_p1.png,,,2026-04-26T03:49:48.257863
CO,2025-03-01,2025-03-31,monthly,ALL,TOTAL,TOTAL,,retail,mma,8732208.0,,,,,,,,,31,False,False,CO_2025_03_hb1292.pdf,,,,1,0,https://sbg.colorado.gov/sites/sbg/files/documents/HB%2021-1292%20Report%20March%202025.pdf,https://sbg.colorado.gov/sports-betting-monthly-reports,CO/screenshots/CO_2025_03_CO_2025_03_summary_p1.png,,,2026-04-26T03:51:08.455447
CO,2025-03-01,2025-03-31,monthly,ALL,TOTAL,TOTAL,,online,mma,411505186.0,,,,,,,,,31,False,False,CO_2025_03_hb1292.pdf,,,,1,0,https://sbg.colorado.gov/sites/sbg/files/documents/HB%2021-1292%20Report%20March%202025.pdf,https://sbg.colorado.gov/sports-betting-monthly-reports,CO/screenshots/CO_2025_03_CO_2025_03_summary_p1.png,,,2026-04-26T03:51:08.455447
CO,2025-03-01,2025-03-31,monthly,ALL,TOTAL,TOTAL,,retail,other,1037757.0,,,,,,,,,31,False,False,CO_2025_03_hb1292.pdf,,,,1,0,https://sbg.colorado.gov/sites/sbg/files/documents/HB%2021-1292%20Report%20March%202025.pdf,https://sbg.colorado.gov/sports-betting-monthly-reports,CO/screenshots/CO_2025_03_CO_2025_03_summary_p1.png,,,2026-04-26T03:51:08.455447
CO,2025-03-01,2025-03-31,monthly,ALL,TOTAL,TOTAL,,online,other,105945362.0,,,,,,,,,31,False,False,CO_2025_03_hb1292.pdf,,,,1,0,https://sbg.colorado.gov/sites/sbg/files/documents/HB%2021-1292%20Report%20March%202025.pdf,https://sbg.colorado.gov/sports-betting-monthly-reports,CO/screenshots/CO_2025_03_CO_2025_03_summary_p1.png,,,2026-04-26T03:51:08.455447
CO,2025-04-01,2025-04-30,monthly,ALL,TOTAL,TOTAL,,retail,basketball,4353883.0,,,,,,,,,30,False,False,CO_2025_04_hb1292.pdf,,,,1,0,https://sbg.colorado.gov/sites/sbg/files/documents/HB%2021-1292%20Report%20April%202025.pdf,https://sbg.colorado.gov/sports-betting-monthly-reports,CO/screenshots/CO_2025_04_CO_2025_04_summary_p1.png,,,2026-04-26T03:52:27.658240
CO,2025-04-01,2025-04-30,monthly,ALL,TOTAL,TOTAL,,online,basketball,177076520.0,,,,,,,,,30,False,False,CO_2025_04_hb1292.pdf,,,,1,0,https://sbg.colorado.gov/sites/sbg/files/documents/HB%2021-1292%20Report%20April%202025.pdf,https://sbg.colorado.gov/sports-betting-monthly-reports,CO/screenshots/CO_2025_04_CO_2025_04_summary_p1.png,,,2026-04-26T03:52:27.658240
CO,2025-05-01,2025-05-31,monthly,ALL,TOTAL,TOTAL,,retail,,,82313666.0,82313666.0,40082241.0,42231425.0,,1615849.0,,,31,False,False,CO_2025_05_hb1292.pdf,,,,1,0,https://sbg.colorado.gov/sites/sbg/files/documents/HB%2021-1292%20Report%20May%202025.pdf,https://sbg.colorado.gov/sports-betting-monthly-reports,CO/screenshots/CO_2025_05_CO_2025_05_summary_p1.png,,,2026-04-26T03:53:45.354904
CO,2025-05-01,2025-05-31,monthly,ALL,TOTAL,TOTAL,,online,,49325385101.0,4902943279.0,4902943279.0,1166246457.0,3736696822.0,44422441822.0,358289119.0,,0.0993999999992012,31,False,False,CO_2025_05_hb1292.pdf,,,,1,0,https://sbg.colorado.gov/sites/sbg/files/documents/HB%2021-1292%20Report%20May%202025.pdf,https://sbg.colorado.gov/sports-betting-monthly-reports,CO/screenshots/CO_2025_05_CO_2025_05_summary_p1.png,,,2026-04-26T03:53:45.354904
CO,2025-05-01,2025-05-31,monthly,ALL,TOTAL,TOTAL,,online,basketball,14398667076.0,,,,,,,,,31,False,False,CO_2025_05_hb1292.pdf,,,,1,0,https://sbg.colorado.gov/sites/sbg/files/documents/HB%2021-1292%20Report%20May%202025.pdf,https://sbg.colorado.gov/sports-betting-monthly-reports,CO/screenshots/CO_2025_05_CO_2025_05_summary_p1.png,,,2026-04-26T03:53:45.354904
CO,2025-05-01,2025-05-31,monthly,ALL,TOTAL,TOTAL,,online,baseball,9490965223.0,,,,,,,,,31,False,False,CO_2025_05_hb1292.pdf,,,,1,0,https://sbg.colorado.gov/sites/sbg/files/documents/HB%2021-1292%20Report%20May%202025.pdf,https://sbg.colorado.gov/sports-betting-monthly-reports,CO/screenshots/CO_2025_05_CO_2025_05_summary_p1.png,,,2026-04-26T03:53:45.354904
CO,2025-05-01,2025-05-31,monthly,ALL,TOTAL,TOTAL,,online,table_tennis,3245277487.0,,,,,,,,,31,False,False,CO_2025_05_hb1292.pdf,,,,1,0,https://sbg.colorado.gov/sites/sbg/files/documents/HB%2021-1292%20Report%20May%202025.pdf,https://sbg.colorado.gov/sports-betting-monthly-reports,CO/screenshots/CO_2025_05_CO_2025_05_summary_p1.png,,,2026-04-26T03:53:45.354904
CO,2025-05-01,2025-05-31,monthly,ALL,TOTAL,TOTAL,,online,tennis,2884955281.0,,,,,,,,,31,False,False,CO_2025_05_hb1292.pdf,,,,1,0,https://sbg.colorado.gov/sites/sbg/files/documents/HB%2021-1292%20Report%20May%202025.pdf,https://sbg.colorado.gov/sports-betting-monthly-reports,CO/screenshots/CO_2025_05_CO_2025_05_summary_p1.png,,,2026-04-26T03:53:45.354904
CO,2025-05-01,2025-05-31,monthly,ALL,TOTAL,TOTAL,,online,soccer,2748758984.0,,,,,,,,,31,False,False,CO_2025_05_hb1292.pdf,,,,1,0,https://sbg.colorado.gov/sites/sbg/files/documents/HB%2021-1292%20Report%20May%202025.pdf,https://sbg.colorado.gov/sports-betting-monthly-reports,CO/screenshots/CO_2025_05_CO_2025_05_summary_p1.png,,,2026-04-26T03:53:45.354904
CO,2025-05-01,2025-05-31,monthly,ALL,TOTAL,TOTAL,,online,hockey,1786871109.0,,,,,,,,,31,False,False,CO_2025_05_hb1292.pdf,,,,1,0,https://sbg.colorado.gov/sites/sbg/files/documents/HB%2021-1292%20Report%20May%202025.pdf,https://sbg.colorado.gov/sports-betting-monthly-reports,CO/screenshots/CO_2025_05_CO_2025_05_summary_p1.png,,,2026-04-26T03:53:45.354904
CO,2025-05-01,2025-05-31,monthly,ALL,TOTAL,TOTAL,,online,golf,708222443.0,,,,,,,,,31,False,False,CO_2025_05_hb1292.pdf,,,,1,0,https://sbg.colorado.gov/sites/sbg/files/documents/HB%2021-1292%20Report%20May%202025.pdf,https://sbg.colorado.gov/sports-betting-monthly-reports,CO/screenshots/CO_2025_05_CO_2025_05_summary_p1.png,,,2026-04-26T03:53:45.354904
CO,2025-05-01,2025-05-31,monthly,ALL,TOTAL,TOTAL,,online,mma,334733906.0,,,,,,,,,31,False,False,CO_2025_05_hb1292.pdf,,,,1,0,https://sbg.colorado.gov/sites/sbg/files/documents/HB%2021-1292%20Report%20May%202025.pdf,https://sbg.colorado.gov/sports-betting-monthly-reports,CO/screenshots/CO_2025_05_CO_2025_05_summary_p1.png,,,2026-04-26T03:53:45.354904
CO,2025-05-01,2025-05-31,monthly,ALL,TOTAL,TOTAL,,online,cricket,118938563.0,,,,,,,,,31,False,False,CO_2025_05_hb1292.pdf,,,,1,0,https://sbg.colorado.gov/sites/sbg/files/documents/HB%2021-1292%20Report%20May%202025.pdf,https://sbg.colorado.gov/sports-betting-monthly-reports,CO/screenshots/CO_2025_05_CO_2025_05_summary_p1.png,,,2026-04-26T03:53:45.354904
CO,2025-05-01,2025-05-31,monthly,ALL,TOTAL,TOTAL,,online,other,113036463.0,,,,,,,,,31,False,False,CO_2025_05_hb1292.pdf,,,,1,0,https://sbg.colorado.gov/sites/sbg/files/documents/HB%2021-1292%20Report%20May%202025.pdf,https://sbg.colorado.gov/sports-betting-monthly-reports,CO/screenshots/CO_2025_05_CO_2025_05_summary_p1.png,,,2026-04-26T03:53:45.354904
CO,2025-06-01,2025-06-30,monthly,ALL,TOTAL,TOTAL,,retail,,181917404.0,58187346.0,58187346.0,745102.0,57442244.0,123730058.0,598306.0,,0.3198558506254849,30,False,False,CO_2025_06_hb1292.pdf,,,,1,0,https://sbg.colorado.gov/sites/sbg/files/documents/HB%2021-1292%20Report%20June%202025.pdf,https://sbg.colorado.gov/sports-betting-monthly-reports,CO/screenshots/CO_2025_06_CO_2025_06_summary_p1.png,,,2026-04-26T03:55:05.358606
CO,2025-06-01,2025-06-30,monthly,ALL,TOTAL,TOTAL,,online,,37067429145.0,23140396.0,23140396.0,,3961722584.0,37044288749.0,22688889.0,,0.0006242784172994,30,False,False,CO_2025_06_hb1292.pdf,,,,1,0,https://sbg.colorado.gov/sites/sbg/files/documents/HB%2021-1292%20Report%20June%202025.pdf,https://sbg.colorado.gov/sports-betting-monthly-reports,CO/screenshots/CO_2025_06_CO_2025_06_summary_p1.png,,,2026-04-26T03:55:05.358606
CO,2025-06-01,2025-06-30,monthly,ALL,TOTAL,TOTAL,,online,baseball,9622276905.0,,,,,,,,,30,False,False,CO_2025_06_hb1292.pdf,,,,1,0,https://sbg.colorado.gov/sites/sbg/files/documents/HB%2021-1292%20Report%20June%202025.pdf,https://sbg.colorado.gov/sports-betting-monthly-reports,CO/screenshots/CO_2025_06_CO_2025_06_summary_p1.png,,,2026-04-26T03:55:05.358606
CO,2025-04-01,2025-04-30,monthly,ALL,TOTAL,TOTAL,,online,tennis,370908713.0,,,,,,,,,30,False,False,CO_2025_04_hb1292.pdf,,,,1,0,https://sbg.colorado.gov/sites/sbg/files/documents/HB%2021-1292%20Report%20April%202025.pdf,https://sbg.colorado.gov/sports-betting-monthly-reports,CO/screenshots/CO_2025_04_CO_2025_04_summary_p1.png,,,2026-04-26T03:52:27.658240
CO,2025-04-01,2025-04-30,monthly,ALL,TOTAL,TOTAL,,retail,tennis,8821007.0,,,,,,,,,30,False,False,CO_2025_04_hb1292.pdf,,,,1,0,https://sbg.colorado.gov/sites/sbg/files/documents/HB%2021-1292%20Report%20April%202025.pdf,https://sbg.colorado.gov/sports-betting-monthly-reports,CO/screenshots/CO_2025_04_CO_2025_04_summary_p1.png,,,2026-04-26T03:52:27.658240
CO,2025-04-01,2025-04-30,monthly,ALL,TOTAL,TOTAL,,online,golf,1029965764.0,,,,,,,,,30,False,False,CO_2025_04_hb1292.pdf,,,,1,0,https://sbg.colorado.gov/sites/sbg/files/documents/HB%2021-1292%20Report%20April%202025.pdf,https://sbg.colorado.gov/sports-betting-monthly-reports,CO/screenshots/CO_2025_04_CO_2025_04_summary_p1.png,,,2026-04-26T03:52:27.658240
CO,2025-04-01,2025-04-30,monthly,ALL,TOTAL,TOTAL,,online,soccer,2786588812.0,,,,,,,,,30,False,False,CO_2025_04_hb1292.pdf,,,,1,0,https://sbg.colorado.gov/sites/sbg/files/documents/HB%2021-1292%20Report%20April%202025.pdf,https://sbg.colorado.gov/sports-betting-monthly-reports,CO/screenshots/CO_2025_04_CO_2025_04_summary_p1.png,,,2026-04-26T03:52:27.658240
CO,2025-04-01,2025-04-30,monthly,ALL,TOTAL,TOTAL,,retail,,226852964.0,20379207.0,20379207.0,570718.0,19808489.0,206473757.0,1798337.0,,0.0898344312574201,30,False,False,CO_2025_04_hb1292.pdf,,,,1,0,https://sbg.colorado.gov/sites/sbg/files/documents/HB%2021-1292%20Report%20April%202025.pdf,https://sbg.colorado.gov/sports-betting-monthly-reports,CO/screenshots/CO_2025_04_CO_2025_04_summary_p1.png,,,2026-04-26T03:52:27.658240
CO,2025-04-01,2025-04-30,monthly,ALL,TOTAL,TOTAL,,online,,50559230152.0,4707136414.0,4707136414.0,1227472959.0,3479663455.0,45852093738.0,338413838.0,,0.0931014257900799,30,False,False,CO_2025_04_hb1292.pdf,,,,1,0,https://sbg.colorado.gov/sites/sbg/files/documents/HB%2021-1292%20Report%20April%202025.pdf,https://sbg.colorado.gov/sports-betting-monthly-reports,CO/screenshots/CO_2025_04_CO_2025_04_summary_p1.png,,,2026-04-26T03:52:27.658240
CO,2025-04-01,2025-04-30,monthly,ALL,TOTAL,TOTAL,,retail,baseball,80536762.0,,,,,,,,,30,False,False,CO_2025_04_hb1292.pdf,,,,1,0,https://sbg.colorado.gov/sites/sbg/files/documents/HB%2021-1292%20Report%20April%202025.pdf,https://sbg.colorado.gov/sports-betting-monthly-reports,CO/screenshots/CO_2025_04_CO_2025_04_summary_p1.png,,,2026-04-26T03:52:27.658240
CO,2025-04-01,2025-04-30,monthly,ALL,TOTAL,TOTAL,,online,baseball,14556354060.0,,,,,,,,,30,False,False,CO_2025_04_hb1292.pdf,,,,1,0,https://sbg.colorado.gov/sites/sbg/files/documents/HB%2021-1292%20Report%20April%202025.pdf,https://sbg.colorado.gov/sports-betting-monthly-reports,CO/screenshots/CO_2025_04_CO_2025_04_summary_p1.png,,,2026-04-26T03:52:27.658240
CO,2025-04-01,2025-04-30,monthly,ALL,TOTAL,TOTAL,,retail,hockey,37818660.0,,,,,,,,,30,False,False,CO_2025_04_hb1292.pdf,,,,1,0,https://sbg.colorado.gov/sites/sbg/files/documents/HB%2021-1292%20Report%20April%202025.pdf,https://sbg.colorado.gov/sports-betting-monthly-reports,CO/screenshots/CO_2025_04_CO_2025_04_summary_p1.png,,,2026-04-26T03:52:27.658240
CO,2025-04-01,2025-04-30,monthly,ALL,TOTAL,TOTAL,,online,hockey,8196641641.0,,,,,,,,,30,False,False,CO_2025_04_hb1292.pdf,,,,1,0,https://sbg.colorado.gov/sites/sbg/files/documents/HB%2021-1292%20Report%20April%202025.pdf,https://sbg.colorado.gov/sports-betting-monthly-reports,CO/screenshots/CO_2025_04_CO_2025_04_summary_p1.png,,,2026-04-26T03:52:27.658240
CO,2025-04-01,2025-04-30,monthly,ALL,TOTAL,TOTAL,,retail,soccer,11421843.0,,,,,,,,,30,False,False,CO_2025_04_hb1292.pdf,,,,1,0,https://sbg.colorado.gov/sites/sbg/files/documents/HB%2021-1292%20Report%20April%202025.pdf,https://sbg.colorado.gov/sports-betting-monthly-reports,CO/screenshots/CO_2025_04_CO_2025_04_summary_p1.png,,,2026-04-26T03:52:27.658240
CO,2025-04-01,2025-04-30,monthly,ALL,TOTAL,TOTAL,,retail,table_tennis,4331538.0,,,,,,,,,30,False,False,CO_2025_04_hb1292.pdf,,,,1,0,https://sbg.colorado.gov/sites/sbg/files/documents/HB%2021-1292%20Report%20April%202025.pdf,https://sbg.colorado.gov/sports-betting-monthly-reports,CO/screenshots/CO_2025_04_CO_2025_04_summary_p1.png,,,2026-04-26T03:52:27.658240
CO,2025-04-01,2025-04-30,monthly,ALL,TOTAL,TOTAL,,retail,golf,9457378.0,,,,,,,,,30,False,False,CO_2025_04_hb1292.pdf,,,,1,0,https://sbg.colorado.gov/sites/sbg/files/documents/HB%2021-1292%20Report%20April%202025.pdf,https://sbg.colorado.gov/sports-betting-monthly-reports,CO/screenshots/CO_2025_04_CO_2025_04_summary_p1.png,,,2026-04-26T03:52:27.658240
CO,2025-04-01,2025-04-30,monthly,ALL,TOTAL,TOTAL,,online,table_tennis,2504890246.0,,,,,,,,,30,False,False,CO_2025_04_hb1292.pdf,,,,1,0,https://sbg.colorado.gov/sites/sbg/files/documents/HB%2021-1292%20Report%20April%202025.pdf,https://sbg.colorado.gov/sports-betting-monthly-reports,CO/screenshots/CO_2025_04_CO_2025_04_summary_p1.png,,,2026-04-26T03:52:27.658240
CO,2025-04-01,2025-04-30,monthly,ALL,TOTAL,TOTAL,,retail,other,273513.0,,,,,,,,,30,False,False,CO_2025_04_hb1292.pdf,,,,1,0,https://sbg.colorado.gov/sites/sbg/files/documents/HB%2021-1292%20Report%20April%202025.pdf,https://sbg.colorado.gov/sports-betting-monthly-reports,CO/screenshots/CO_2025_04_CO_2025_04_summary_p1.png,,,2026-04-26T03:52:27.658240
CO,2025-04-01,2025-04-30,monthly,ALL,TOTAL,TOTAL,,online,other,2459852552.0,,,,,,,,,30,False,False,CO_2025_04_hb1292.pdf,,,,1,0,https://sbg.colorado.gov/sites/sbg/files/documents/HB%2021-1292%20Report%20April%202025.pdf,https://sbg.colorado.gov/sports-betting-monthly-reports,CO/screenshots/CO_2025_04_CO_2025_04_summary_p1.png,,,2026-04-26T03:52:27.658240
CO,2025-04-01,2025-04-30,monthly,ALL,TOTAL,TOTAL,,retail,mma,566647.0,,,,,,,,,30,False,False,CO_2025_04_hb1292.pdf,,,,1,0,https://sbg.colorado.gov/sites/sbg/files/documents/HB%2021-1292%20Report%20April%202025.pdf,https://sbg.colorado.gov/sports-betting-monthly-reports,CO/screenshots/CO_2025_04_CO_2025_04_summary_p1.png,,,2026-04-26T03:52:27.658240
CO,2025-04-01,2025-04-30,monthly,ALL,TOTAL,TOTAL,,online,mma,2304567443.0,,,,,,,,,30,False,False,CO_2025_04_hb1292.pdf,,,,1,0,https://sbg.colorado.gov/sites/sbg/files/documents/HB%2021-1292%20Report%20April%202025.pdf,https://sbg.colorado.gov/sports-betting-monthly-reports,CO/screenshots/CO_2025_04_CO_2025_04_summary_p1.png,,,2026-04-26T03:52:27.658240
CO,2025-04-01,2025-04-30,monthly,ALL,TOTAL,TOTAL,,retail,football,1641695.0,,,,,,,,,30,False,False,CO_2025_04_hb1292.pdf,,,,1,0,https://sbg.colorado.gov/sites/sbg/files/documents/HB%2021-1292%20Report%20April%202025.pdf,https://sbg.colorado.gov/sports-betting-monthly-reports,CO/screenshots/CO_2025_04_CO_2025_04_summary_p1.png,,,2026-04-26T03:52:27.658240
CO,2025-04-01,2025-04-30,monthly,ALL,TOTAL,TOTAL,,online,football,1097140914.0,,,,,,,,,30,False,False,CO_2025_04_hb1292.pdf,,,,1,0,https://sbg.colorado.gov/sites/sbg/files/documents/HB%2021-1292%20Report%20April%202025.pdf,https://sbg.colorado.gov/sports-betting-monthly-reports,CO/screenshots/CO_2025_04_CO_2025_04_summary_p1.png,,,2026-04-26T03:52:27.658240
CO,2025-02-01,2025-02-28,monthly,ALL,TOTAL,TOTAL,,online,,49364417500.0,3437562708.0,3437562708.0,3094492326.0,343070382.0,45926854792.0,340400383.0,,0.0696364483182648,28,False,False,CO_2025_02_hb1292.pdf,,,,1,0,https://sbg.colorado.gov/sites/sbg/files/documents/HB%2021-1292%20Report%20February%202025%20v2.pdf,https://sbg.colorado.gov/sports-betting-monthly-reports,CO/screenshots/CO_2025_02_CO_2025_02_summary_p1.png,,,2026-04-26T03:49:48.257863
CO,2025-02-01,2025-02-28,monthly,ALL,TOTAL,TOTAL,,retail,,298460625.0,109287463.0,109287463.0,81125158.0,28162305.0,189173162.0,2776183.0,,0.3661704554830306,28,False,False,CO_2025_02_hb1292.pdf,,,,1,0,https://sbg.colorado.gov/sites/sbg/files/documents/HB%2021-1292%20Report%20February%202025%20v2.pdf,https://sbg.colorado.gov/sports-betting-monthly-reports,CO/screenshots/CO_2025_02_CO_2025_02_summary_p1.png,,,2026-04-26T03:49:48.257863
CO,2025-01-01,2025-01-31,monthly,ALL,TOTAL,TOTAL,,online,mma,214334512.0,,29523196.0,,,184811316.0,,,,31,False,False,CO_2025_01_hb1292.pdf,,,,1,0,https://sbg.colorado.gov/sites/sbg/files/documents/HB%2021-1292%20Report%20January%202025.pdf,https://sbg.colorado.gov/sports-betting-monthly-reports,CO/screenshots/CO_2025_01_CO_2025_01_summary_p1.png,,,2026-04-26T03:48:27.545972
CO,2024-10-01,2024-10-31,monthly,ALL,TOTAL,TOTAL,,online,mma,349748954.0,,33583090.0,,,316165864.0,,,,31,False,False,CO_2024_10_hb1292.pdf,,,,1,0,https://sbg.colorado.gov/sites/sbg/files/documents/HB%2021-1292%20Report%20October%202024.pdf,https://sbg.colorado.gov/sports-betting-monthly-reports,CO/screenshots/CO_2024_10_CO_2024_10_summary_p1.png,,,2026-04-26T03:44:25.267224
CO,2024-09-01,2024-09-30,monthly,ALL,TOTAL,TOTAL,,online,football,17088496032.0,,,,,,,,,30,False,False,CO_2024_09_hb1292.pdf,,,,1,0,https://sbg.colorado.gov/sites/sbg/files/documents/HB%2021-1292%20Report%20September%202024.pdf,https://sbg.colorado.gov/sports-betting-monthly-reports,CO/screenshots/CO_2024_09_CO_2024_09_summary_p1.png,,,2026-04-26T03:43:03.660547
CO,2024-09-01,2024-09-30,monthly,ALL,TOTAL,TOTAL,,online,table_tennis,6899528791.0,,,,,,,,,30,False,False,CO_2024_09_hb1292.pdf,,,,1,0,https://sbg.colorado.gov/sites/sbg/files/documents/HB%2021-1292%20Report%20September%202024.pdf,https://sbg.colorado.gov/sports-betting-monthly-reports,CO/screenshots/CO_2024_09_CO_2024_09_summary_p1.png,,,2026-04-26T03:43:03.660547
CO,2024-09-01,2024-09-30,monthly,ALL,TOTAL,TOTAL,,online,soccer,4233664471.0,,,,,,,,,30,False,False,CO_2024_09_hb1292.pdf,,,,1,0,https://sbg.colorado.gov/sites/sbg/files/documents/HB%2021-1292%20Report%20September%202024.pdf,https://sbg.colorado.gov/sports-betting-monthly-reports,CO/screenshots/CO_2024_09_CO_2024_09_summary_p1.png,,,2026-04-26T03:43:03.660547
CO,2024-09-01,2024-09-30,monthly,ALL,TOTAL,TOTAL,,online,basketball,4204200614.0,,,,,,,,,30,False,False,CO_2024_09_hb1292.pdf,,,,1,0,https://sbg.colorado.gov/sites/sbg/files/documents/HB%2021-1292%20Report%20September%202024.pdf,https://sbg.colorado.gov/sports-betting-monthly-reports,CO/screenshots/CO_2024_09_CO_2024_09_summary_p1.png,,,2026-04-26T03:43:03.660547
CO,2024-09-01,2024-09-30,monthly,ALL,TOTAL,TOTAL,,online,tennis,3304320053.0,,,,,,,,,30,False,False,CO_2024_09_hb1292.pdf,,,,1,0,https://sbg.colorado.gov/sites/sbg/files/documents/HB%2021-1292%20Report%20September%202024.pdf,https://sbg.colorado.gov/sports-betting-monthly-reports,CO/screenshots/CO_2024_09_CO_2024_09_summary_p1.png,,,2026-04-26T03:43:03.660547
CO,2024-09-01,2024-09-30,monthly,ALL,TOTAL,TOTAL,,online,baseball,2748595964.0,,,,,,,,,30,False,False,CO_2024_09_hb1292.pdf,,,,1,0,https://sbg.colorado.gov/sites/sbg/files/documents/HB%2021-1292%20Report%20September%202024.pdf,https://sbg.colorado.gov/sports-betting-monthly-reports,CO/screenshots/CO_2024_09_CO_2024_09_summary_p1.png,,,2026-04-26T03:43:03.660547
CO,2024-09-01,2024-09-30,monthly,ALL,TOTAL,TOTAL,,online,other,1787496732.0,,,,,,,,,30,False,False,CO_2024_09_hb1292.pdf,,,,1,0,https://sbg.colorado.gov/sites/sbg/files/documents/HB%2021-1292%20Report%20September%202024.pdf,https://sbg.colorado.gov/sports-betting-monthly-reports,CO/screenshots/CO_2024_09_CO_2024_09_summary_p1.png,,,2026-04-26T03:43:03.660547
CO,2024-10-01,2024-10-31,monthly,ALL,TOTAL,TOTAL,,retail,,389321964.0,212989402.0,212989402.0,192083219.0,20906183.0,176332562.0,27760882.0,,0.5470777960012552,31,False,False,CO_2024_10_hb1292.pdf,,,,1,0,https://sbg.colorado.gov/sites/sbg/files/documents/HB%2021-1292%20Report%20October%202024.pdf,https://sbg.colorado.gov/sports-betting-monthly-reports,CO/screenshots/CO_2024_10_CO_2024_10_summary_p1.png,,,2026-04-26T03:44:25.267224
CO,2024-10-01,2024-10-31,monthly,ALL,TOTAL,TOTAL,,online,,59732881109.0,3968682050.0,3968682050.0,1421532415.0,2547149635.0,55764199059.0,247481789.0,,0.0664404926786971,31,False,False,CO_2024_10_hb1292.pdf,,,,1,0,https://sbg.colorado.gov/sites/sbg/files/documents/HB%2021-1292%20Report%20October%202024.pdf,https://sbg.colorado.gov/sports-betting-monthly-reports,CO/screenshots/CO_2024_10_CO_2024_10_summary_p1.png,,,2026-04-26T03:44:25.267224
CO,2024-10-01,2024-10-31,monthly,ALL,TOTAL,TOTAL,,online,football,16669166150.0,,704755500.0,,,15964410650.0,,,,31,False,False,CO_2024_10_hb1292.pdf,,,,1,0,https://sbg.colorado.gov/sites/sbg/files/documents/HB%2021-1292%20Report%20October%202024.pdf,https://sbg.colorado.gov/sports-betting-monthly-reports,CO/screenshots/CO_2024_10_CO_2024_10_summary_p1.png,,,2026-04-26T03:44:25.267224
CO,2024-10-01,2024-10-31,monthly,ALL,TOTAL,TOTAL,,online,basketball,8219815418.0,,476688188.0,,,7743127230.0,,,,31,False,False,CO_2024_10_hb1292.pdf,,,,1,0,https://sbg.colorado.gov/sites/sbg/files/documents/HB%2021-1292%20Report%20October%202024.pdf,https://sbg.colorado.gov/sports-betting-monthly-reports,CO/screenshots/CO_2024_10_CO_2024_10_summary_p1.png,,,2026-04-26T03:44:25.267224
CO,2024-10-01,2024-10-31,monthly,ALL,TOTAL,TOTAL,,retail,other,12267.0,,-55245806.0,,,55258073.0,,,,31,False,False,CO_2024_10_hb1292.pdf,,,,1,0,https://sbg.colorado.gov/sites/sbg/files/documents/HB%2021-1292%20Report%20October%202024.pdf,https://sbg.colorado.gov/sports-betting-monthly-reports,CO/screenshots/CO_2024_10_CO_2024_10_summary_p1.png,,,2026-04-26T03:44:25.267224
CO,2024-10-01,2024-10-31,monthly,ALL,TOTAL,TOTAL,,online,other,4180742403.0,,236878774.0,,,3943863629.0,,,,31,False,False,CO_2024_10_hb1292.pdf,,,,1,0,https://sbg.colorado.gov/sites/sbg/files/documents/HB%2021-1292%20Report%20October%202024.pdf,https://sbg.colorado.gov/sports-betting-monthly-reports,CO/screenshots/CO_2024_10_CO_2024_10_summary_p1.png,,,2026-04-26T03:44:25.267224
CO,2024-10-01,2024-10-31,monthly,ALL,TOTAL,TOTAL,,online,tennis,4144241972.0,,354834839.0,,,3789407133.0,,,,31,False,False,CO_2024_10_hb1292.pdf,,,,1,0,https://sbg.colorado.gov/sites/sbg/files/documents/HB%2021-1292%20Report%20October%202024.pdf,https://sbg.colorado.gov/sports-betting-monthly-reports,CO/screenshots/CO_2024_10_CO_2024_10_summary_p1.png,,,2026-04-26T03:44:25.267224
CO,2024-10-01,2024-10-31,monthly,ALL,TOTAL,TOTAL,,online,baseball,3960943098.0,,133494124.0,,,3827448974.0,,,,31,False,False,CO_2024_10_hb1292.pdf,,,,1,0,https://sbg.colorado.gov/sites/sbg/files/documents/HB%2021-1292%20Report%20October%202024.pdf,https://sbg.colorado.gov/sports-betting-monthly-reports,CO/screenshots/CO_2024_10_CO_2024_10_summary_p1.png,,,2026-04-26T03:44:25.267224
CO,2024-10-01,2024-10-31,monthly,ALL,TOTAL,TOTAL,,online,soccer,1998838574.0,,212140693.0,,,1786697881.0,,,,31,False,False,CO_2024_10_hb1292.pdf,,,,1,0,https://sbg.colorado.gov/sites/sbg/files/documents/HB%2021-1292%20Report%20October%202024.pdf,https://sbg.colorado.gov/sports-betting-monthly-reports,CO/screenshots/CO_2024_10_CO_2024_10_summary_p1.png,,,2026-04-26T03:44:25.267224
CO,2024-10-01,2024-10-31,monthly,ALL,TOTAL,TOTAL,,online,hockey,1625338100.0,,146044433.0,,,1479293667.0,,,,31,False,False,CO_2024_10_hb1292.pdf,,,,1,0,https://sbg.colorado.gov/sites/sbg/files/documents/HB%2021-1292%20Report%20October%202024.pdf,https://sbg.colorado.gov/sports-betting-monthly-reports,CO/screenshots/CO_2024_10_CO_2024_10_summary_p1.png,,,2026-04-26T03:44:25.267224
CO,2024-09-01,2024-09-30,monthly,ALL,TOTAL,TOTAL,,retail,football,222041344.0,,,,,,,,,30,False,False,CO_2024_09_hb1292.pdf,,,,1,0,https://sbg.colorado.gov/sites/sbg/files/documents/HB%2021-1292%20Report%20September%202024.pdf,https://sbg.colorado.gov/sports-betting-monthly-reports,CO/screenshots/CO_2024_09_CO_2024_09_summary_p1.png,,,2026-04-26T03:43:03.660547
CO,2024-09-01,2024-09-30,monthly,ALL,TOTAL,TOTAL,,online,,55807469374.0,5462764520.0,5462764520.0,1350871759.0,4111892761.0,50344704854.0,402319282.0,,0.0978859027523837,30,False,False,CO_2024_09_hb1292.pdf,,,,1,0,https://sbg.colorado.gov/sites/sbg/files/documents/HB%2021-1292%20Report%20September%202024.pdf,https://sbg.colorado.gov/sports-betting-monthly-reports,CO/screenshots/CO_2024_09_CO_2024_09_summary_p1.png,,,2026-04-26T03:43:03.660547
CO,2024-09-01,2024-09-30,monthly,ALL,TOTAL,TOTAL,,retail,,484839601.0,46449880.0,46449880.0,1210703.0,45239177.0,438389721.0,2660949.0,,0.0958046329223012,30,False,False,CO_2024_09_hb1292.pdf,,,,1,0,https://sbg.colorado.gov/sites/sbg/files/documents/HB%2021-1292%20Report%20September%202024.pdf,https://sbg.colorado.gov/sports-betting-monthly-reports,CO/screenshots/CO_2024_09_CO_2024_09_summary_p1.png,,,2026-04-26T03:43:03.660547
CO,2024-08-01,2024-08-31,monthly,ALL,TOTAL,TOTAL,,online,baseball,237544281.0,,,,,,,,,31,False,False,CO_2024_08_hb1292.pdf,,,,1,0,https://sbg.colorado.gov/sites/sbg/files/documents/HB%2021-1292%20Report%20August%202024.pdf,https://sbg.colorado.gov/sports-betting-monthly-reports,CO/screenshots/CO_2024_08_CO_2024_08_summary_p1.png,,,2026-04-26T03:41:43.557077
CO,2024-07-01,2024-07-31,monthly,ALL,TOTAL,TOTAL,,online,table_tennis,2481193755.0,,,,,,,,,31,False,False,CO_2024_07_hb1292.pdf,,,,1,0,https://sbg.colorado.gov/sites/sbg/files/documents/HB%2021-1292%20Report%20July%202024.pdf,https://sbg.colorado.gov/sports-betting-monthly-reports,CO/screenshots/CO_2024_07_CO_2024_07_summary_p1.png,,,2026-04-26T03:40:21.145331
CO,2024-07-01,2024-07-31,monthly,ALL,TOTAL,TOTAL,,online,soccer,235731293.0,,,,,,,,,31,False,False,CO_2024_07_hb1292.pdf,,,,1,0,https://sbg.colorado.gov/sites/sbg/files/documents/HB%2021-1292%20Report%20July%202024.pdf,https://sbg.colorado.gov/sports-betting-monthly-reports,CO/screenshots/CO_2024_07_CO_2024_07_summary_p1.png,,,2026-04-26T03:40:21.145331
CO,2024-07-01,2024-07-31,monthly,ALL,TOTAL,TOTAL,,online,tennis,9420301724.0,,,,,,,,,31,False,False,CO_2024_07_hb1292.pdf,,,,1,0,https://sbg.colorado.gov/sites/sbg/files/documents/HB%2021-1292%20Report%20July%202024.pdf,https://sbg.colorado.gov/sports-betting-monthly-reports,CO/screenshots/CO_2024_07_CO_2024_07_summary_p1.png,,,2026-04-26T03:40:21.145331
CO,2024-07-01,2024-07-31,monthly,ALL,TOTAL,TOTAL,,online,basketball,42831928.0,,,,,,,,,31,False,False,CO_2024_07_hb1292.pdf,,,,1,0,https://sbg.colorado.gov/sites/sbg/files/documents/HB%2021-1292%20Report%20July%202024.pdf,https://sbg.colorado.gov/sports-betting-monthly-reports,CO/screenshots/CO_2024_07_CO_2024_07_summary_p1.png,,,2026-04-26T03:40:21.145331
CO,2024-08-01,2024-08-31,monthly,ALL,TOTAL,TOTAL,,retail,,210142002.0,69943204.0,69943204.0,515590.0,69427614.0,140198798.0,5497984.0,,0.3328378112625005,31,False,False,CO_2024_08_hb1292.pdf,,,,1,0,https://sbg.colorado.gov/sites/sbg/files/documents/HB%2021-1292%20Report%20August%202024.pdf,https://sbg.colorado.gov/sports-betting-monthly-reports,CO/screenshots/CO_2024_08_CO_2024_08_summary_p1.png,,,2026-04-26T03:41:43.557077
CO,2024-08-01,2024-08-31,monthly,ALL,TOTAL,TOTAL,,online,,37027724377.0,3250275203.0,3250275203.0,871577072.0,2378698131.0,33777449174.0,232046297.0,,0.0877795019188089,31,False,False,CO_2024_08_hb1292.pdf,,,,1,0,https://sbg.colorado.gov/sites/sbg/files/documents/HB%2021-1292%20Report%20August%202024.pdf,https://sbg.colorado.gov/sports-betting-monthly-reports,CO/screenshots/CO_2024_08_CO_2024_08_summary_p1.png,,,2026-04-26T03:41:43.557077
CO,2024-08-01,2024-08-31,monthly,ALL,TOTAL,TOTAL,,retail,baseball,37027724377.0,,,,,,,,,31,False,False,CO_2024_08_hb1292.pdf,,,,1,0,https://sbg.colorado.gov/sites/sbg/files/documents/HB%2021-1292%20Report%20August%202024.pdf,https://sbg.colorado.gov/sports-betting-monthly-reports,CO/screenshots/CO_2024_08_CO_2024_08_summary_p1.png,,,2026-04-26T03:41:43.557077
CO,2024-08-01,2024-08-31,monthly,ALL,TOTAL,TOTAL,,retail,mma,232046297.0,,,,,,,,,31,False,False,CO_2024_08_hb1292.pdf,,,,1,0,https://sbg.colorado.gov/sites/sbg/files/documents/HB%2021-1292%20Report%20August%202024.pdf,https://sbg.colorado.gov/sports-betting-monthly-reports,CO/screenshots/CO_2024_08_CO_2024_08_summary_p1.png,,,2026-04-26T03:41:43.557077
CO,2024-08-01,2024-08-31,monthly,ALL,TOTAL,TOTAL,,online,basketball,9899259431.0,,,,,,,,,31,False,False,CO_2024_08_hb1292.pdf,,,,1,0,https://sbg.colorado.gov/sites/sbg/files/documents/HB%2021-1292%20Report%20August%202024.pdf,https://sbg.colorado.gov/sports-betting-monthly-reports,CO/screenshots/CO_2024_08_CO_2024_08_summary_p1.png,,,2026-04-26T03:41:43.557077
CO,2024-08-01,2024-08-31,monthly,ALL,TOTAL,TOTAL,,online,mma,37237866379.0,,,,,,,,,31,False,False,CO_2024_08_hb1292.pdf,,,,1,0,https://sbg.colorado.gov/sites/sbg/files/documents/HB%2021-1292%20Report%20August%202024.pdf,https://sbg.colorado.gov/sports-betting-monthly-reports,CO/screenshots/CO_2024_08_CO_2024_08_summary_p1.png,,,2026-04-26T03:41:43.557077
CO,2024-08-01,2024-08-31,monthly,ALL,TOTAL,TOTAL,,online,golf,140198798.0,,,,,,,,,31,False,False,CO_2024_08_hb1292.pdf,,,,1,0,https://sbg.colorado.gov/sites/sbg/files/documents/HB%2021-1292%20Report%20August%202024.pdf,https://sbg.colorado.gov/sports-betting-monthly-reports,CO/screenshots/CO_2024_08_CO_2024_08_summary_p1.png,,,2026-04-26T03:41:43.557077
CO,2024-08-01,2024-08-31,monthly,ALL,TOTAL,TOTAL,,online,other,46039341.0,,,,,,,,,31,False,False,CO_2024_08_hb1292.pdf,,,,1,0,https://sbg.colorado.gov/sites/sbg/files/documents/HB%2021-1292%20Report%20August%202024.pdf,https://sbg.colorado.gov/sports-betting-monthly-reports,CO/screenshots/CO_2024_08_CO_2024_08_summary_p1.png,,,2026-04-26T03:41:43.557077
CO,2024-08-01,2024-08-31,monthly,ALL,TOTAL,TOTAL,,online,table_tennis,10274420464.0,,,,,,,,,31,False,False,CO_2024_08_hb1292.pdf,,,,1,0,https://sbg.colorado.gov/sites/sbg/files/documents/HB%2021-1292%20Report%20August%202024.pdf,https://sbg.colorado.gov/sports-betting-monthly-reports,CO/screenshots/CO_2024_08_CO_2024_08_summary_p1.png,,,2026-04-26T03:41:43.557077
CO,2024-08-01,2024-08-31,monthly,ALL,TOTAL,TOTAL,,online,soccer,10320459805.0,,,,,,,,,31,False,False,CO_2024_08_hb1292.pdf,,,,1,0,https://sbg.colorado.gov/sites/sbg/files/documents/HB%2021-1292%20Report%20August%202024.pdf,https://sbg.colorado.gov/sports-betting-monthly-reports,CO/screenshots/CO_2024_08_CO_2024_08_summary_p1.png,,,2026-04-26T03:41:43.557077
CO,2024-08-01,2024-08-31,monthly,ALL,TOTAL,TOTAL,,online,football,44910909.0,,,,,,,,,31,False,False,CO_2024_08_hb1292.pdf,,,,1,0,https://sbg.colorado.gov/sites/sbg/files/documents/HB%2021-1292%20Report%20August%202024.pdf,https://sbg.colorado.gov/sports-betting-monthly-reports,CO/screenshots/CO_2024_08_CO_2024_08_summary_p1.png,,,2026-04-26T03:41:43.557077
CO,2024-08-01,2024-08-31,monthly,ALL,TOTAL,TOTAL,,online,tennis,9854348522.0,,,,,,,,,31,False,False,CO_2024_08_hb1292.pdf,,,,1,0,https://sbg.colorado.gov/sites/sbg/files/documents/HB%2021-1292%20Report%20August%202024.pdf,https://sbg.colorado.gov/sports-betting-monthly-reports,CO/screenshots/CO_2024_08_CO_2024_08_summary_p1.png,,,2026-04-26T03:41:43.557077
CO,2024-10-01,2024-10-31,monthly,ALL,TOTAL,TOTAL,,online,table_tennis,1434009619.0,,134390963.0,,,1299618656.0,,,,31,False,False,CO_2024_10_hb1292.pdf,,,,1,0,https://sbg.colorado.gov/sites/sbg/files/documents/HB%2021-1292%20Report%20October%202024.pdf,https://sbg.colorado.gov/sports-betting-monthly-reports,CO/screenshots/CO_2024_10_CO_2024_10_summary_p1.png,,,2026-04-26T03:44:25.267224
CO,2024-10-01,2024-10-31,monthly,ALL,TOTAL,TOTAL,,online,golf,135325800.0,,5999638.0,,,129326162.0,,,,31,False,False,CO_2024_10_hb1292.pdf,,,,1,0,https://sbg.colorado.gov/sites/sbg/files/documents/HB%2021-1292%20Report%20October%202024.pdf,https://sbg.colorado.gov/sports-betting-monthly-reports,CO/screenshots/CO_2024_10_CO_2024_10_summary_p1.png,,,2026-04-26T03:44:25.267224
CO,2025-01-01,2025-01-31,monthly,ALL,TOTAL,TOTAL,,online,golf,304282446.0,,54382143.0,,,249900303.0,,,,31,False,False,CO_2025_01_hb1292.pdf,,,,1,0,https://sbg.colorado.gov/sites/sbg/files/documents/HB%2021-1292%20Report%20January%202025.pdf,https://sbg.colorado.gov/sports-betting-monthly-reports,CO/screenshots/CO_2025_01_CO_2025_01_summary_p1.png,,,2026-04-26T03:48:27.545972
CO,2024-11-01,2024-11-30,monthly,ALL,TOTAL,TOTAL,,retail,,400306928.0,198145593.0,198145593.0,157434570.0,40711023.0,202161335.0,59204737.0,,0.4949841712457197,30,False,False,CO_2024_11_hb1292.pdf,,,,1,0,https://sbg.colorado.gov/sites/sbg/files/documents/HB%2021-1292%20Report%20November%202024_0.pdf,https://sbg.colorado.gov/sports-betting-monthly-reports,CO/screenshots/CO_2024_11_CO_2024_11_summary_p1.png,,,2026-04-26T03:45:45.649718
CO,2024-12-01,2024-12-31,monthly,ALL,TOTAL,TOTAL,,online,table_tennis,2941457412.0,,,,,,,,,31,False,False,CO_2024_12_hb1292.pdf,,,,1,0,https://sbg.colorado.gov/sites/sbg/files/documents/HB%2021-1292%20Report%20December%202024.pdf,https://sbg.colorado.gov/sports-betting-monthly-reports,CO/screenshots/CO_2024_12_CO_2024_12_summary_p1.png,,,2026-04-26T03:47:06.664954
CO,2024-12-01,2024-12-31,monthly,ALL,TOTAL,TOTAL,,online,soccer,1870092749.0,,,,,,,,,31,False,False,CO_2024_12_hb1292.pdf,,,,1,0,https://sbg.colorado.gov/sites/sbg/files/documents/HB%2021-1292%20Report%20December%202024.pdf,https://sbg.colorado.gov/sports-betting-monthly-reports,CO/screenshots/CO_2024_12_CO_2024_12_summary_p1.png,,,2026-04-26T03:47:06.664954
CO,2024-12-01,2024-12-31,monthly,ALL,TOTAL,TOTAL,,online,hockey,1576841057.0,,,,,,,,,31,False,False,CO_2024_12_hb1292.pdf,,,,1,0,https://sbg.colorado.gov/sites/sbg/files/documents/HB%2021-1292%20Report%20December%202024.pdf,https://sbg.colorado.gov/sports-betting-monthly-reports,CO/screenshots/CO_2024_12_CO_2024_12_summary_p1.png,,,2026-04-26T03:47:06.664954
CO,2024-12-01,2024-12-31,monthly,ALL,TOTAL,TOTAL,,online,tennis,1501651902.0,,,,,,,,,31,False,False,CO_2024_12_hb1292.pdf,,,,1,0,https://sbg.colorado.gov/sites/sbg/files/documents/HB%2021-1292%20Report%20December%202024.pdf,https://sbg.colorado.gov/sports-betting-monthly-reports,CO/screenshots/CO_2024_12_CO_2024_12_summary_p1.png,,,2026-04-26T03:47:06.664954
CO,2024-12-01,2024-12-31,monthly,ALL,TOTAL,TOTAL,,online,mma,192371271.0,,,,,,,,,31,False,False,CO_2024_12_hb1292.pdf,,,,1,0,https://sbg.colorado.gov/sites/sbg/files/documents/HB%2021-1292%20Report%20December%202024.pdf,https://sbg.colorado.gov/sports-betting-monthly-reports,CO/screenshots/CO_2024_12_CO_2024_12_summary_p1.png,,,2026-04-26T03:47:06.664954
CO,2024-12-01,2024-12-31,monthly,ALL,TOTAL,TOTAL,,online,cricket,74468688.0,,,,,,,,,31,False,False,CO_2024_12_hb1292.pdf,,,,1,0,https://sbg.colorado.gov/sites/sbg/files/documents/HB%2021-1292%20Report%20December%202024.pdf,https://sbg.colorado.gov/sports-betting-monthly-reports,CO/screenshots/CO_2024_12_CO_2024_12_summary_p1.png,,,2026-04-26T03:47:06.664954
CO,2025-01-01,2025-01-31,monthly,ALL,TOTAL,TOTAL,,retail,,437591314.0,88814012.0,88814012.0,,173746945.0,348777302.0,18686502.0,,0.2029610944242828,31,False,False,CO_2025_01_hb1292.pdf,,,,1,0,https://sbg.colorado.gov/sites/sbg/files/documents/HB%2021-1292%20Report%20January%202025.pdf,https://sbg.colorado.gov/sports-betting-monthly-reports,CO/screenshots/CO_2025_01_CO_2025_01_summary_p1.png,,,2026-04-26T03:48:27.545972
CO,2025-01-01,2025-01-31,monthly,ALL,TOTAL,TOTAL,,online,,65280688502.0,6081825845.0,6081825845.0,1546779319.0,4535046526.0,59198862657.0,443526345.0,,0.0931642417468325,31,False,False,CO_2025_01_hb1292.pdf,,,,1,0,https://sbg.colorado.gov/sites/sbg/files/documents/HB%2021-1292%20Report%20January%202025.pdf,https://sbg.colorado.gov/sports-betting-monthly-reports,CO/screenshots/CO_2025_01_CO_2025_01_summary_p1.png,,,2026-04-26T03:48:27.545972
CO,2025-01-01,2025-01-31,monthly,ALL,TOTAL,TOTAL,,online,basketball,17711848708.0,,833825031.0,,,16878023677.0,,,,31,False,False,CO_2025_01_hb1292.pdf,,,,1,0,https://sbg.colorado.gov/sites/sbg/files/documents/HB%2021-1292%20Report%20January%202025.pdf,https://sbg.colorado.gov/sports-betting-monthly-reports,CO/screenshots/CO_2025_01_CO_2025_01_summary_p1.png,,,2026-04-26T03:48:27.545972
CO,2025-01-01,2025-01-31,monthly,ALL,TOTAL,TOTAL,,online,football,11815160215.0,,896040237.0,,,10919119978.0,,,,31,False,False,CO_2025_01_hb1292.pdf,,,,1,0,https://sbg.colorado.gov/sites/sbg/files/documents/HB%2021-1292%20Report%20January%202025.pdf,https://sbg.colorado.gov/sports-betting-monthly-reports,CO/screenshots/CO_2025_01_CO_2025_01_summary_p1.png,,,2026-04-26T03:48:27.545972
CO,2025-01-01,2025-01-31,monthly,ALL,TOTAL,TOTAL,,online,table_tennis,3171622958.0,,168614480.0,,,3003008478.0,,,,31,False,False,CO_2025_01_hb1292.pdf,,,,1,0,https://sbg.colorado.gov/sites/sbg/files/documents/HB%2021-1292%20Report%20January%202025.pdf,https://sbg.colorado.gov/sports-betting-monthly-reports,CO/screenshots/CO_2025_01_CO_2025_01_summary_p1.png,,,2026-04-26T03:48:27.545972
CO,2025-01-01,2025-01-31,monthly,ALL,TOTAL,TOTAL,,online,tennis,2749948224.0,,271070405.0,,,2478877819.0,,,,31,False,False,CO_2025_01_hb1292.pdf,,,,1,0,https://sbg.colorado.gov/sites/sbg/files/documents/HB%2021-1292%20Report%20January%202025.pdf,https://sbg.colorado.gov/sports-betting-monthly-reports,CO/screenshots/CO_2025_01_CO_2025_01_summary_p1.png,,,2026-04-26T03:48:27.545972
CO,2025-01-01,2025-01-31,monthly,ALL,TOTAL,TOTAL,,online,other,2433885944.0,,-85177835.0,,,2519063779.0,,,,31,False,False,CO_2025_01_hb1292.pdf,,,,1,0,https://sbg.colorado.gov/sites/sbg/files/documents/HB%2021-1292%20Report%20January%202025.pdf,https://sbg.colorado.gov/sports-betting-monthly-reports,CO/screenshots/CO_2025_01_CO_2025_01_summary_p1.png,,,2026-04-26T03:48:27.545972
CO,2025-01-01,2025-01-31,monthly,ALL,TOTAL,TOTAL,,online,soccer,2286694853.0,,219422262.0,,,2067272591.0,,,,31,False,False,CO_2025_01_hb1292.pdf,,,,1,0,https://sbg.colorado.gov/sites/sbg/files/documents/HB%2021-1292%20Report%20January%202025.pdf,https://sbg.colorado.gov/sports-betting-monthly-reports,CO/screenshots/CO_2025_01_CO_2025_01_summary_p1.png,,,2026-04-26T03:48:27.545972
CO,2025-01-01,2025-01-31,monthly,ALL,TOTAL,TOTAL,,online,hockey,1918811743.0,,215509480.0,,,1703302263.0,,,,31,False,False,CO_2025_01_hb1292.pdf,,,,1,0,https://sbg.colorado.gov/sites/sbg/files/documents/HB%2021-1292%20Report%20January%202025.pdf,https://sbg.colorado.gov/sports-betting-monthly-reports,CO/screenshots/CO_2025_01_CO_2025_01_summary_p1.png,,,2026-04-26T03:48:27.545972
CO,2024-12-01,2024-12-31,monthly,ALL,TOTAL,TOTAL,,online,other,4318229459.0,,,,,,,,,31,False,False,CO_2024_12_hb1292.pdf,,,,1,0,https://sbg.colorado.gov/sites/sbg/files/documents/HB%2021-1292%20Report%20December%202024.pdf,https://sbg.colorado.gov/sports-betting-monthly-reports,CO/screenshots/CO_2024_12_CO_2024_12_summary_p1.png,,,2026-04-26T03:47:06.664954
CO,2024-12-01,2024-12-31,monthly,ALL,TOTAL,TOTAL,,retail,other,1259857.0,,,,,,,,,31,False,False,CO_2024_12_hb1292.pdf,,,,1,0,https://sbg.colorado.gov/sites/sbg/files/documents/HB%2021-1292%20Report%20December%202024.pdf,https://sbg.colorado.gov/sports-betting-monthly-reports,CO/screenshots/CO_2024_12_CO_2024_12_summary_p1.png,,,2026-04-26T03:47:06.664954
CO,2024-12-01,2024-12-31,monthly,ALL,TOTAL,TOTAL,,online,basketball,13740113373.0,,,,,,,,,31,False,False,CO_2024_12_hb1292.pdf,,,,1,0,https://sbg.colorado.gov/sites/sbg/files/documents/HB%2021-1292%20Report%20December%202024.pdf,https://sbg.colorado.gov/sports-betting-monthly-reports,CO/screenshots/CO_2024_12_CO_2024_12_summary_p1.png,,,2026-04-26T03:47:06.664954
CO,2024-11-01,2024-11-30,monthly,ALL,TOTAL,TOTAL,,online,,64394873774.0,5562844475.0,5562844475.0,1509945008.0,4052899467.0,58832029299.0,395804931.0,,0.0863864489357233,30,False,False,CO_2024_11_hb1292.pdf,,,,1,0,https://sbg.colorado.gov/sites/sbg/files/documents/HB%2021-1292%20Report%20November%202024_0.pdf,https://sbg.colorado.gov/sports-betting-monthly-reports,CO/screenshots/CO_2024_11_CO_2024_11_summary_p1.png,,,2026-04-26T03:45:45.649718
CO,2024-11-01,2024-11-30,monthly,ALL,TOTAL,TOTAL,,retail,football,3803004.0,,,,,,,,,30,False,False,CO_2024_11_hb1292.pdf,,,,1,0,https://sbg.colorado.gov/sites/sbg/files/documents/HB%2021-1292%20Report%20November%202024_0.pdf,https://sbg.colorado.gov/sports-betting-monthly-reports,CO/screenshots/CO_2024_11_CO_2024_11_summary_p1.png,,,2026-04-26T03:45:45.649718
CO,2024-11-01,2024-11-30,monthly,ALL,TOTAL,TOTAL,,online,football,15953726371.0,,,,,,,,,30,False,False,CO_2024_11_hb1292.pdf,,,,1,0,https://sbg.colorado.gov/sites/sbg/files/documents/HB%2021-1292%20Report%20November%202024_0.pdf,https://sbg.colorado.gov/sports-betting-monthly-reports,CO/screenshots/CO_2024_11_CO_2024_11_summary_p1.png,,,2026-04-26T03:45:45.649718
CO,2024-11-01,2024-11-30,monthly,ALL,TOTAL,TOTAL,,retail,basketball,2800967.0,,,,,,,,,30,False,False,CO_2024_11_hb1292.pdf,,,,1,0,https://sbg.colorado.gov/sites/sbg/files/documents/HB%2021-1292%20Report%20November%202024_0.pdf,https://sbg.colorado.gov/sports-betting-monthly-reports,CO/screenshots/CO_2024_11_CO_2024_11_summary_p1.png,,,2026-04-26T03:45:45.649718
CO,2024-11-01,2024-11-30,monthly,ALL,TOTAL,TOTAL,,online,basketball,14804985062.0,,,,,,,,,30,False,False,CO_2024_11_hb1292.pdf,,,,1,0,https://sbg.colorado.gov/sites/sbg/files/documents/HB%2021-1292%20Report%20November%202024_0.pdf,https://sbg.colorado.gov/sports-betting-monthly-reports,CO/screenshots/CO_2024_11_CO_2024_11_summary_p1.png,,,2026-04-26T03:45:45.649718
CO,2024-11-01,2024-11-30,monthly,ALL,TOTAL,TOTAL,,retail,other,56186.0,,,,,,,,,30,False,False,CO_2024_11_hb1292.pdf,,,,1,0,https://sbg.colorado.gov/sites/sbg/files/documents/HB%2021-1292%20Report%20November%202024_0.pdf,https://sbg.colorado.gov/sports-betting-monthly-reports,CO/screenshots/CO_2024_11_CO_2024_11_summary_p1.png,,,2026-04-26T03:45:45.649718
CO,2024-11-01,2024-11-30,monthly,ALL,TOTAL,TOTAL,,online,other,4292345815.0,,,,,,,,,30,False,False,CO_2024_11_hb1292.pdf,,,,1,0,https://sbg.colorado.gov/sites/sbg/files/documents/HB%2021-1292%20Report%20November%202024_0.pdf,https://sbg.colorado.gov/sports-betting-monthly-reports,CO/screenshots/CO_2024_11_CO_2024_11_summary_p1.png,,,2026-04-26T03:45:45.649718
CO,2024-11-01,2024-11-30,monthly,ALL,TOTAL,TOTAL,,online,tennis,2350237781.0,,,,,,,,,30,False,False,CO_2024_11_hb1292.pdf,,,,1,0,https://sbg.colorado.gov/sites/sbg/files/documents/HB%2021-1292%20Report%20November%202024_0.pdf,https://sbg.colorado.gov/sports-betting-monthly-reports,CO/screenshots/CO_2024_11_CO_2024_11_summary_p1.png,,,2026-04-26T03:45:45.649718
CO,2024-12-01,2024-12-31,monthly,ALL,TOTAL,TOTAL,,online,football,16466584755.0,,,,,,,,,31,False,False,CO_2024_12_hb1292.pdf,,,,1,0,https://sbg.colorado.gov/sites/sbg/files/documents/HB%2021-1292%20Report%20December%202024.pdf,https://sbg.colorado.gov/sports-betting-monthly-reports,CO/screenshots/CO_2024_12_CO_2024_12_summary_p1.png,,,2026-04-26T03:47:06.664954
CO,2024-11-01,2024-11-30,monthly,ALL,TOTAL,TOTAL,,online,soccer,2057582990.0,,,,,,,,,30,False,False,CO_2024_11_hb1292.pdf,,,,1,0,https://sbg.colorado.gov/sites/sbg/files/documents/HB%2021-1292%20Report%20November%202024_0.pdf,https://sbg.colorado.gov/sports-betting-monthly-reports,CO/screenshots/CO_2024_11_CO_2024_11_summary_p1.png,,,2026-04-26T03:45:45.649718
CO,2024-11-01,2024-11-30,monthly,ALL,TOTAL,TOTAL,,online,table_tennis,1729027682.0,,,,,,,,,30,False,False,CO_2024_11_hb1292.pdf,,,,1,0,https://sbg.colorado.gov/sites/sbg/files/documents/HB%2021-1292%20Report%20November%202024_0.pdf,https://sbg.colorado.gov/sports-betting-monthly-reports,CO/screenshots/CO_2024_11_CO_2024_11_summary_p1.png,,,2026-04-26T03:45:45.649718
CO,2024-11-01,2024-11-30,monthly,ALL,TOTAL,TOTAL,,online,hockey,1647619441.0,,,,,,,,,30,False,False,CO_2024_11_hb1292.pdf,,,,1,0,https://sbg.colorado.gov/sites/sbg/files/documents/HB%2021-1292%20Report%20November%202024_0.pdf,https://sbg.colorado.gov/sports-betting-monthly-reports,CO/screenshots/CO_2024_11_CO_2024_11_summary_p1.png,,,2026-04-26T03:45:45.649718
CO,2024-11-01,2024-11-30,monthly,ALL,TOTAL,TOTAL,,online,mma,320788499.0,,,,,,,,,30,False,False,CO_2024_11_hb1292.pdf,,,,1,0,https://sbg.colorado.gov/sites/sbg/files/documents/HB%2021-1292%20Report%20November%202024_0.pdf,https://sbg.colorado.gov/sports-betting-monthly-reports,CO/screenshots/CO_2024_11_CO_2024_11_summary_p1.png,,,2026-04-26T03:45:45.649718
CO,2024-11-01,2024-11-30,monthly,ALL,TOTAL,TOTAL,,online,golf,86471121.0,,,,,,,,,30,False,False,CO_2024_11_hb1292.pdf,,,,1,0,https://sbg.colorado.gov/sites/sbg/files/documents/HB%2021-1292%20Report%20November%202024_0.pdf,https://sbg.colorado.gov/sports-betting-monthly-reports,CO/screenshots/CO_2024_11_CO_2024_11_summary_p1.png,,,2026-04-26T03:45:45.649718
CO,2024-12-01,2024-12-31,monthly,ALL,TOTAL,TOTAL,,retail,,435458169.0,208676357.0,208676357.0,132793780.0,75882577.0,226781812.0,33664625.0,,0.479211028419127,31,False,False,CO_2024_12_hb1292.pdf,,,,1,0,https://sbg.colorado.gov/sites/sbg/files/documents/HB%2021-1292%20Report%20December%202024.pdf,https://sbg.colorado.gov/sports-betting-monthly-reports,CO/screenshots/CO_2024_12_CO_2024_12_summary_p1.png,,,2026-04-26T03:47:06.664954
CO,2024-12-01,2024-12-31,monthly,ALL,TOTAL,TOTAL,,online,,64407205201.0,2986862004.0,2986862004.0,1529536072.0,1457325932.0,61420343197.0,147600817.0,,0.0463746562931692,31,False,False,CO_2024_12_hb1292.pdf,,,,1,0,https://sbg.colorado.gov/sites/sbg/files/documents/HB%2021-1292%20Report%20December%202024.pdf,https://sbg.colorado.gov/sports-betting-monthly-reports,CO/screenshots/CO_2024_12_CO_2024_12_summary_p1.png,,,2026-04-26T03:47:06.664954
CO,2025-06-01,2025-06-30,monthly,ALL,TOTAL,TOTAL,,online,basketball,7126178820.0,,,,,,,,,30,False,False,CO_2025_06_hb1292.pdf,,,,1,0,https://sbg.colorado.gov/sites/sbg/files/documents/HB%2021-1292%20Report%20June%202025.pdf,https://sbg.colorado.gov/sports-betting-monthly-reports,CO/screenshots/CO_2025_06_CO_2025_06_summary_p1.png,,,2026-04-26T03:55:05.358606
CO,2025-06-01,2025-06-30,monthly,ALL,TOTAL,TOTAL,,online,table_tennis,3004315196.0,,,,,,,,,30,False,False,CO_2025_06_hb1292.pdf,,,,1,0,https://sbg.colorado.gov/sites/sbg/files/documents/HB%2021-1292%20Report%20June%202025.pdf,https://sbg.colorado.gov/sports-betting-monthly-reports,CO/screenshots/CO_2025_06_CO_2025_06_summary_p1.png,,,2026-04-26T03:55:05.358606
CO,2025-06-01,2025-06-30,monthly,ALL,TOTAL,TOTAL,,online,tennis,2781697919.0,,,,,,,,,30,False,False,CO_2025_06_hb1292.pdf,,,,1,0,https://sbg.colorado.gov/sites/sbg/files/documents/HB%2021-1292%20Report%20June%202025.pdf,https://sbg.colorado.gov/sports-betting-monthly-reports,CO/screenshots/CO_2025_06_CO_2025_06_summary_p1.png,,,2026-04-26T03:55:05.358606
CO,2025-12-01,2025-12-31,monthly,ALL,TOTAL,TOTAL,,online,soccer,2264378987.0,,,,,,,,,31,False,False,CO_2025_12_hb1292.pdf,,,,1,0,https://sbg.colorado.gov/sites/sbg/files/documents/HB%2021-1292%20Report%20December%202025.pdf,https://sbg.colorado.gov/sports-betting-monthly-reports,CO/screenshots/CO_2025_12_CO_2025_12_summary_p1.png,,,2026-04-26T04:05:25.465038
CO,2025-11-01,2025-11-30,monthly,ALL,TOTAL,TOTAL,,online,hockey,1660610708.0,,,,,,,,,30,False,False,CO_2025_11_hb1292.pdf,,,,1,0,https://sbg.colorado.gov/sites/sbg/files/documents/HB%2021-1292%20Report%20November%202025.pdf,https://sbg.colorado.gov/sports-betting-monthly-reports,CO/screenshots/CO_2025_11_CO_2025_11_summary_p1.png,,,2026-04-26T04:04:02.856940
CO,2025-11-01,2025-11-30,monthly,ALL,TOTAL,TOTAL,,retail,mma,2843602.0,,,,,,,,,30,False,False,CO_2025_11_hb1292.pdf,,,,1,0,https://sbg.colorado.gov/sites/sbg/files/documents/HB%2021-1292%20Report%20November%202025.pdf,https://sbg.colorado.gov/sports-betting-monthly-reports,CO/screenshots/CO_2025_11_CO_2025_11_summary_p1.png,,,2026-04-26T04:04:02.856940
CO,2025-11-01,2025-11-30,monthly,ALL,TOTAL,TOTAL,,online,mma,309776787.0,,,,,,,,,30,False,False,CO_2025_11_hb1292.pdf,,,,1,0,https://sbg.colorado.gov/sites/sbg/files/documents/HB%2021-1292%20Report%20November%202025.pdf,https://sbg.colorado.gov/sports-betting-monthly-reports,CO/screenshots/CO_2025_11_CO_2025_11_summary_p1.png,,,2026-04-26T04:04:02.856940
CO,2025-11-01,2025-11-30,monthly,ALL,TOTAL,TOTAL,,retail,baseball,1829007.0,,,,,,,,,30,False,False,CO_2025_11_hb1292.pdf,,,,1,0,https://sbg.colorado.gov/sites/sbg/files/documents/HB%2021-1292%20Report%20November%202025.pdf,https://sbg.colorado.gov/sports-betting-monthly-reports,CO/screenshots/CO_2025_11_CO_2025_11_summary_p1.png,,,2026-04-26T04:04:02.856940
CO,2025-11-01,2025-11-30,monthly,ALL,TOTAL,TOTAL,,online,baseball,287225909.0,,,,,,,,,30,False,False,CO_2025_11_hb1292.pdf,,,,1,0,https://sbg.colorado.gov/sites/sbg/files/documents/HB%2021-1292%20Report%20November%202025.pdf,https://sbg.colorado.gov/sports-betting-monthly-reports,CO/screenshots/CO_2025_11_CO_2025_11_summary_p1.png,,,2026-04-26T04:04:02.856940
CO,2025-12-01,2025-12-31,monthly,ALL,TOTAL,TOTAL,,retail,,354641352.0,55460232.0,55460232.0,882113.0,54578119.0,299181120.0,1267067.0,,0.1563839966412038,31,False,False,CO_2025_12_hb1292.pdf,,,,1,0,https://sbg.colorado.gov/sites/sbg/files/documents/HB%2021-1292%20Report%20December%202025.pdf,https://sbg.colorado.gov/sports-betting-monthly-reports,CO/screenshots/CO_2025_12_CO_2025_12_summary_p1.png,,,2026-04-26T04:05:25.465038
CO,2025-12-01,2025-12-31,monthly,ALL,TOTAL,TOTAL,,online,,61483956013.0,5902862707.0,5902862707.0,1288881731.0,4613980976.0,55581093306.0,461908367.0,,0.0960065534129247,31,False,False,CO_2025_12_hb1292.pdf,,,,1,0,https://sbg.colorado.gov/sites/sbg/files/documents/HB%2021-1292%20Report%20December%202025.pdf,https://sbg.colorado.gov/sports-betting-monthly-reports,CO/screenshots/CO_2025_12_CO_2025_12_summary_p1.png,,,2026-04-26T04:05:25.465038
CO,2025-12-01,2025-12-31,monthly,ALL,TOTAL,TOTAL,,retail,football,168369864.0,,,,,,,,,31,False,False,CO_2025_12_hb1292.pdf,,,,1,0,https://sbg.colorado.gov/sites/sbg/files/documents/HB%2021-1292%20Report%20December%202025.pdf,https://sbg.colorado.gov/sports-betting-monthly-reports,CO/screenshots/CO_2025_12_CO_2025_12_summary_p1.png,,,2026-04-26T04:05:25.465038
CO,2025-12-01,2025-12-31,monthly,ALL,TOTAL,TOTAL,,online,football,15293846525.0,,,,,,,,,31,False,False,CO_2025_12_hb1292.pdf,,,,1,0,https://sbg.colorado.gov/sites/sbg/files/documents/HB%2021-1292%20Report%20December%202025.pdf,https://sbg.colorado.gov/sports-betting-monthly-reports,CO/screenshots/CO_2025_12_CO_2025_12_summary_p1.png,,,2026-04-26T04:05:25.465038
CO,2025-12-01,2025-12-31,monthly,ALL,TOTAL,TOTAL,,retail,basketball,47789014.0,,,,,,,,,31,False,False,CO_2025_12_hb1292.pdf,,,,1,0,https://sbg.colorado.gov/sites/sbg/files/documents/HB%2021-1292%20Report%20December%202025.pdf,https://sbg.colorado.gov/sports-betting-monthly-reports,CO/screenshots/CO_2025_12_CO_2025_12_summary_p1.png,,,2026-04-26T04:05:25.465038
CO,2025-12-01,2025-12-31,monthly,ALL,TOTAL,TOTAL,,online,basketball,13413371185.0,,,,,,,,,31,False,False,CO_2025_12_hb1292.pdf,,,,1,0,https://sbg.colorado.gov/sites/sbg/files/documents/HB%2021-1292%20Report%20December%202025.pdf,https://sbg.colorado.gov/sports-betting-monthly-reports,CO/screenshots/CO_2025_12_CO_2025_12_summary_p1.png,,,2026-04-26T04:05:25.465038
CO,2025-12-01,2025-12-31,monthly,ALL,TOTAL,TOTAL,,retail,table_tennis,227273.0,,,,,,,,,31,False,False,CO_2025_12_hb1292.pdf,,,,1,0,https://sbg.colorado.gov/sites/sbg/files/documents/HB%2021-1292%20Report%20December%202025.pdf,https://sbg.colorado.gov/sports-betting-monthly-reports,CO/screenshots/CO_2025_12_CO_2025_12_summary_p1.png,,,2026-04-26T04:05:25.465038
CO,2025-12-01,2025-12-31,monthly,ALL,TOTAL,TOTAL,,online,table_tennis,3209651634.0,,,,,,,,,31,False,False,CO_2025_12_hb1292.pdf,,,,1,0,https://sbg.colorado.gov/sites/sbg/files/documents/HB%2021-1292%20Report%20December%202025.pdf,https://sbg.colorado.gov/sports-betting-monthly-reports,CO/screenshots/CO_2025_12_CO_2025_12_summary_p1.png,,,2026-04-26T04:05:25.465038
CO,2025-12-01,2025-12-31,monthly,ALL,TOTAL,TOTAL,,retail,other,2950540.0,,,,,,,,,31,False,False,CO_2025_12_hb1292.pdf,,,,1,0,https://sbg.colorado.gov/sites/sbg/files/documents/HB%2021-1292%20Report%20December%202025.pdf,https://sbg.colorado.gov/sports-betting-monthly-reports,CO/screenshots/CO_2025_12_CO_2025_12_summary_p1.png,,,2026-04-26T04:05:25.465038
CO,2025-12-01,2025-12-31,monthly,ALL,TOTAL,TOTAL,,online,other,2565107354.0,,,,,,,,,31,False,False,CO_2025_12_hb1292.pdf,,,,1,0,https://sbg.colorado.gov/sites/sbg/files/documents/HB%2021-1292%20Report%20December%202025.pdf,https://sbg.colorado.gov/sports-betting-monthly-reports,CO/screenshots/CO_2025_12_CO_2025_12_summary_p1.png,,,2026-04-26T04:05:25.465038
CO,2025-11-01,2025-11-30,monthly,ALL,TOTAL,TOTAL,,retail,hockey,7991672.0,,,,,,,,,30,False,False,CO_2025_11_hb1292.pdf,,,,1,0,https://sbg.colorado.gov/sites/sbg/files/documents/HB%2021-1292%20Report%20November%202025.pdf,https://sbg.colorado.gov/sports-betting-monthly-reports,CO/screenshots/CO_2025_11_CO_2025_11_summary_p1.png,,,2026-04-26T04:04:02.856940
CO,2025-11-01,2025-11-30,monthly,ALL,TOTAL,TOTAL,,online,tennis,2157439186.0,,,,,,,,,30,False,False,CO_2025_11_hb1292.pdf,,,,1,0,https://sbg.colorado.gov/sites/sbg/files/documents/HB%2021-1292%20Report%20November%202025.pdf,https://sbg.colorado.gov/sports-betting-monthly-reports,CO/screenshots/CO_2025_11_CO_2025_11_summary_p1.png,,,2026-04-26T04:04:02.856940
CO,2025-11-01,2025-11-30,monthly,ALL,TOTAL,TOTAL,,retail,tennis,793850.0,,,,,,,,,30,False,False,CO_2025_11_hb1292.pdf,,,,1,0,https://sbg.colorado.gov/sites/sbg/files/documents/HB%2021-1292%20Report%20November%202025.pdf,https://sbg.colorado.gov/sports-betting-monthly-reports,CO/screenshots/CO_2025_11_CO_2025_11_summary_p1.png,,,2026-04-26T04:04:02.856940
CO,2025-11-01,2025-11-30,monthly,ALL,TOTAL,TOTAL,,retail,basketball,40337984.0,,,,,,,,,30,False,False,CO_2025_11_hb1292.pdf,,,,1,0,https://sbg.colorado.gov/sites/sbg/files/documents/HB%2021-1292%20Report%20November%202025.pdf,https://sbg.colorado.gov/sports-betting-monthly-reports,CO/screenshots/CO_2025_11_CO_2025_11_summary_p1.png,,,2026-04-26T04:04:02.856940
CO,2025-10-01,2025-10-31,monthly,ALL,TOTAL,TOTAL,,retail,mma,3485170.0,,,,,,,,,31,False,False,CO_2025_10_hb1292.pdf,,,,1,0,https://sbg.colorado.gov/sites/sbg/files/documents/HB%2021-1292%20Report%20October%202025.pdf,https://sbg.colorado.gov/sports-betting-monthly-reports,CO/screenshots/CO_2025_10_CO_2025_10_summary_p1.png,,,2026-04-26T04:02:18.866345
CO,2025-10-01,2025-10-31,monthly,ALL,TOTAL,TOTAL,,online,mma,378359094.0,,,,,,,,,31,False,False,CO_2025_10_hb1292.pdf,,,,1,0,https://sbg.colorado.gov/sites/sbg/files/documents/HB%2021-1292%20Report%20October%202025.pdf,https://sbg.colorado.gov/sports-betting-monthly-reports,CO/screenshots/CO_2025_10_CO_2025_10_summary_p1.png,,,2026-04-26T04:02:18.866345
CO,2025-10-01,2025-10-31,monthly,ALL,TOTAL,TOTAL,,online,esports,138379617.0,,,,,,,,,31,False,False,CO_2025_10_hb1292.pdf,,,,1,0,https://sbg.colorado.gov/sites/sbg/files/documents/HB%2021-1292%20Report%20October%202025.pdf,https://sbg.colorado.gov/sports-betting-monthly-reports,CO/screenshots/CO_2025_10_CO_2025_10_summary_p1.png,,,2026-04-26T04:02:18.866345
CO,2025-11-01,2025-11-30,monthly,ALL,TOTAL,TOTAL,,retail,,347603886.0,21190503.0,21190503.0,868374.0,20322129.0,326413383.0,1061103.0,,0.0609616401123893,30,False,False,CO_2025_11_hb1292.pdf,,,,1,0,https://sbg.colorado.gov/sites/sbg/files/documents/HB%2021-1292%20Report%20November%202025.pdf,https://sbg.colorado.gov/sports-betting-monthly-reports,CO/screenshots/CO_2025_11_CO_2025_11_summary_p1.png,,,2026-04-26T04:04:02.856940
CO,2025-11-01,2025-11-30,monthly,ALL,TOTAL,TOTAL,,online,,69113649647.0,5838584741.0,5838584741.0,1466608898.0,4371975843.0,63275064906.0,447881605.0,,0.0844780267113767,30,False,False,CO_2025_11_hb1292.pdf,,,,1,0,https://sbg.colorado.gov/sites/sbg/files/documents/HB%2021-1292%20Report%20November%202025.pdf,https://sbg.colorado.gov/sports-betting-monthly-reports,CO/screenshots/CO_2025_11_CO_2025_11_summary_p1.png,,,2026-04-26T04:04:02.856940
CO,2025-11-01,2025-11-30,monthly,ALL,TOTAL,TOTAL,,retail,football,167990296.0,,,,,,,,,30,False,False,CO_2025_11_hb1292.pdf,,,,1,0,https://sbg.colorado.gov/sites/sbg/files/documents/HB%2021-1292%20Report%20November%202025.pdf,https://sbg.colorado.gov/sports-betting-monthly-reports,CO/screenshots/CO_2025_11_CO_2025_11_summary_p1.png,,,2026-04-26T04:04:02.856940
CO,2025-11-01,2025-11-30,monthly,ALL,TOTAL,TOTAL,,online,football,17633661888.0,,,,,,,,,30,False,False,CO_2025_11_hb1292.pdf,,,,1,0,https://sbg.colorado.gov/sites/sbg/files/documents/HB%2021-1292%20Report%20November%202025.pdf,https://sbg.colorado.gov/sports-betting-monthly-reports,CO/screenshots/CO_2025_11_CO_2025_11_summary_p1.png,,,2026-04-26T04:04:02.856940
CO,2025-11-01,2025-11-30,monthly,ALL,TOTAL,TOTAL,,online,basketball,13751036665.0,,,,,,,,,30,False,False,CO_2025_11_hb1292.pdf,,,,1,0,https://sbg.colorado.gov/sites/sbg/files/documents/HB%2021-1292%20Report%20November%202025.pdf,https://sbg.colorado.gov/sports-betting-monthly-reports,CO/screenshots/CO_2025_11_CO_2025_11_summary_p1.png,,,2026-04-26T04:04:02.856940
CO,2025-11-01,2025-11-30,monthly,ALL,TOTAL,TOTAL,,online,soccer,2221855902.0,,,,,,,,,30,False,False,CO_2025_11_hb1292.pdf,,,,1,0,https://sbg.colorado.gov/sites/sbg/files/documents/HB%2021-1292%20Report%20November%202025.pdf,https://sbg.colorado.gov/sports-betting-monthly-reports,CO/screenshots/CO_2025_11_CO_2025_11_summary_p1.png,,,2026-04-26T04:04:02.856940
CO,2025-11-01,2025-11-30,monthly,ALL,TOTAL,TOTAL,,retail,other,14853573.0,,,,,,,,,30,False,False,CO_2025_11_hb1292.pdf,,,,1,0,https://sbg.colorado.gov/sites/sbg/files/documents/HB%2021-1292%20Report%20November%202025.pdf,https://sbg.colorado.gov/sports-betting-monthly-reports,CO/screenshots/CO_2025_11_CO_2025_11_summary_p1.png,,,2026-04-26T04:04:02.856940
CO,2025-11-01,2025-11-30,monthly,ALL,TOTAL,TOTAL,,online,other,3032341701.0,,,,,,,,,30,False,False,CO_2025_11_hb1292.pdf,,,,1,0,https://sbg.colorado.gov/sites/sbg/files/documents/HB%2021-1292%20Report%20November%202025.pdf,https://sbg.colorado.gov/sports-betting-monthly-reports,CO/screenshots/CO_2025_11_CO_2025_11_summary_p1.png,,,2026-04-26T04:04:02.856940
CO,2025-11-01,2025-11-30,monthly,ALL,TOTAL,TOTAL,,retail,table_tennis,348490.0,,,,,,,,,30,False,False,CO_2025_11_hb1292.pdf,,,,1,0,https://sbg.colorado.gov/sites/sbg/files/documents/HB%2021-1292%20Report%20November%202025.pdf,https://sbg.colorado.gov/sports-betting-monthly-reports,CO/screenshots/CO_2025_11_CO_2025_11_summary_p1.png,,,2026-04-26T04:04:02.856940
CO,2025-11-01,2025-11-30,monthly,ALL,TOTAL,TOTAL,,online,table_tennis,2679050000.0,,,,,,,,,30,False,False,CO_2025_11_hb1292.pdf,,,,1,0,https://sbg.colorado.gov/sites/sbg/files/documents/HB%2021-1292%20Report%20November%202025.pdf,https://sbg.colorado.gov/sports-betting-monthly-reports,CO/screenshots/CO_2025_11_CO_2025_11_summary_p1.png,,,2026-04-26T04:04:02.856940
CO,2025-11-01,2025-11-30,monthly,ALL,TOTAL,TOTAL,,retail,soccer,2158971.0,,,,,,,,,30,False,False,CO_2025_11_hb1292.pdf,,,,1,0,https://sbg.colorado.gov/sites/sbg/files/documents/HB%2021-1292%20Report%20November%202025.pdf,https://sbg.colorado.gov/sports-betting-monthly-reports,CO/screenshots/CO_2025_11_CO_2025_11_summary_p1.png,,,2026-04-26T04:04:02.856940
CO,2025-12-01,2025-12-31,monthly,ALL,TOTAL,TOTAL,,retail,soccer,1919990.0,,,,,,,,,31,False,False,CO_2025_12_hb1292.pdf,,,,1,0,https://sbg.colorado.gov/sites/sbg/files/documents/HB%2021-1292%20Report%20December%202025.pdf,https://sbg.colorado.gov/sports-betting-monthly-reports,CO/screenshots/CO_2025_12_CO_2025_12_summary_p1.png,,,2026-04-26T04:05:25.465038
CO,2025-12-01,2025-12-31,monthly,ALL,TOTAL,TOTAL,,retail,hockey,17085146.0,,,,,,,,,31,False,False,CO_2025_12_hb1292.pdf,,,,1,0,https://sbg.colorado.gov/sites/sbg/files/documents/HB%2021-1292%20Report%20December%202025.pdf,https://sbg.colorado.gov/sports-betting-monthly-reports,CO/screenshots/CO_2025_12_CO_2025_12_summary_p1.png,,,2026-04-26T04:05:25.465038
CO,2025-10-01,2025-10-31,monthly,ALL,TOTAL,TOTAL,,retail,hockey,14601311.0,,,,,,,,,31,False,False,CO_2025_10_hb1292.pdf,,,,1,0,https://sbg.colorado.gov/sites/sbg/files/documents/HB%2021-1292%20Report%20October%202025.pdf,https://sbg.colorado.gov/sports-betting-monthly-reports,CO/screenshots/CO_2025_10_CO_2025_10_summary_p1.png,,,2026-04-26T04:02:18.866345
CO,2025-12-01,2025-12-31,monthly,ALL,TOTAL,TOTAL,,online,hockey,1927675299.0,,,,,,,,,31,False,False,CO_2025_12_hb1292.pdf,,,,1,0,https://sbg.colorado.gov/sites/sbg/files/documents/HB%2021-1292%20Report%20December%202025.pdf,https://sbg.colorado.gov/sports-betting-monthly-reports,CO/screenshots/CO_2025_12_CO_2025_12_summary_p1.png,,,2026-04-26T04:05:25.465038
CO,2026-01-01,2026-01-31,monthly,ALL,TOTAL,TOTAL,,retail,hockey,10269180.0,,-3234270.0,,,13503450.0,,,,31,False,False,CO_2026_01_hb1292.pdf,,,,1,0,https://sbg.colorado.gov/sites/sbg/files/documents/HB%2021-1292%20Report%20January%202026.pdf,https://sbg.colorado.gov/sports-betting-monthly-reports,CO/screenshots/CO_2026_01_CO_2026_01_summary_p1.png,,,2026-04-26T04:06:50.053506
CO,2026-01-01,2026-01-31,monthly,ALL,TOTAL,TOTAL,,online,hockey,2000322057.0,,251955476.0,,,1748366581.0,,,,31,False,False,CO_2026_01_hb1292.pdf,,,,1,0,https://sbg.colorado.gov/sites/sbg/files/documents/HB%2021-1292%20Report%20January%202026.pdf,https://sbg.colorado.gov/sports-betting-monthly-reports,CO/screenshots/CO_2026_01_CO_2026_01_summary_p1.png,,,2026-04-26T04:06:50.053506
CO,2026-01-01,2026-01-31,monthly,ALL,TOTAL,TOTAL,,retail,mma,6485475.0,,3859326.0,,,2626149.0,,,,31,False,False,CO_2026_01_hb1292.pdf,,,,1,0,https://sbg.colorado.gov/sites/sbg/files/documents/HB%2021-1292%20Report%20January%202026.pdf,https://sbg.colorado.gov/sports-betting-monthly-reports,CO/screenshots/CO_2026_01_CO_2026_01_summary_p1.png,,,2026-04-26T04:06:50.053506
CO,2026-01-01,2026-01-31,monthly,ALL,TOTAL,TOTAL,,online,mma,392751307.0,,59081974.0,,,333669333.0,,,,31,False,False,CO_2026_01_hb1292.pdf,,,,1,0,https://sbg.colorado.gov/sites/sbg/files/documents/HB%2021-1292%20Report%20January%202026.pdf,https://sbg.colorado.gov/sports-betting-monthly-reports,CO/screenshots/CO_2026_01_CO_2026_01_summary_p1.png,,,2026-04-26T04:06:50.053506
CO,2026-01-01,2026-01-31,monthly,ALL,TOTAL,TOTAL,,online,esports,188906401.0,,5632888.0,,,183273513.0,,,,31,False,False,CO_2026_01_hb1292.pdf,,,,1,0,https://sbg.colorado.gov/sites/sbg/files/documents/HB%2021-1292%20Report%20January%202026.pdf,https://sbg.colorado.gov/sports-betting-monthly-reports,CO/screenshots/CO_2026_01_CO_2026_01_summary_p1.png,,,2026-04-26T04:06:50.053506
CO,2026-02-01,2026-02-28,monthly,ALL,TOTAL,TOTAL,,retail,,216789592.0,-16712210.0,-16712210.0,,51811.0,233501802.0,51811.0,,-0.0770895403502581,28,False,False,CO_2026_02_hb1292.pdf,,,,1,0,https://sbg.colorado.gov/sites/sbg/files/documents/HB%2021-1292%20Report%20February%202026.pdf,https://sbg.colorado.gov/sports-betting-monthly-reports,CO/screenshots/CO_2026_02_CO_2026_02_summary_p1.png,,,2026-04-26T04:08:14.350214
CO,2026-02-01,2026-02-28,monthly,ALL,TOTAL,TOTAL,,online,,46633881754.0,4003311441.0,4003311441.0,575999313.0,3427312128.0,42630570313.0,344284179.0,,0.0858455545716311,28,False,False,CO_2026_02_hb1292.pdf,,,,1,0,https://sbg.colorado.gov/sites/sbg/files/documents/HB%2021-1292%20Report%20February%202026.pdf,https://sbg.colorado.gov/sports-betting-monthly-reports,CO/screenshots/CO_2026_02_CO_2026_02_summary_p1.png,,,2026-04-26T04:08:14.350214
CO,2026-02-01,2026-02-28,monthly,ALL,TOTAL,TOTAL,,online,basketball,18965185997.0,,,,,,,,,28,False,False,CO_2026_02_hb1292.pdf,,,,1,0,https://sbg.colorado.gov/sites/sbg/files/documents/HB%2021-1292%20Report%20February%202026.pdf,https://sbg.colorado.gov/sports-betting-monthly-reports,CO/screenshots/CO_2026_02_CO_2026_02_summary_p1.png,,,2026-04-26T04:08:14.350214
CO,2026-02-01,2026-02-28,monthly,ALL,TOTAL,TOTAL,,online,tennis,3368444457.0,,,,,,,,,28,False,False,CO_2026_02_hb1292.pdf,,,,1,0,https://sbg.colorado.gov/sites/sbg/files/documents/HB%2021-1292%20Report%20February%202026.pdf,https://sbg.colorado.gov/sports-betting-monthly-reports,CO/screenshots/CO_2026_02_CO_2026_02_summary_p1.png,,,2026-04-26T04:08:14.350214
CO,2026-02-01,2026-02-28,monthly,ALL,TOTAL,TOTAL,,online,soccer,2510356934.0,,,,,,,,,28,False,False,CO_2026_02_hb1292.pdf,,,,1,0,https://sbg.colorado.gov/sites/sbg/files/documents/HB%2021-1292%20Report%20February%202026.pdf,https://sbg.colorado.gov/sports-betting-monthly-reports,CO/screenshots/CO_2026_02_CO_2026_02_summary_p1.png,,,2026-04-26T04:08:14.350214
CO,2026-02-01,2026-02-28,monthly,ALL,TOTAL,TOTAL,,online,table_tennis,2501370053.0,,,,,,,,,28,False,False,CO_2026_02_hb1292.pdf,,,,1,0,https://sbg.colorado.gov/sites/sbg/files/documents/HB%2021-1292%20Report%20February%202026.pdf,https://sbg.colorado.gov/sports-betting-monthly-reports,CO/screenshots/CO_2026_02_CO_2026_02_summary_p1.png,,,2026-04-26T04:08:14.350214
CO,2026-02-01,2026-02-28,monthly,ALL,TOTAL,TOTAL,,online,football,2056324294.0,,,,,,,,,28,False,False,CO_2026_02_hb1292.pdf,,,,1,0,https://sbg.colorado.gov/sites/sbg/files/documents/HB%2021-1292%20Report%20February%202026.pdf,https://sbg.colorado.gov/sports-betting-monthly-reports,CO/screenshots/CO_2026_02_CO_2026_02_summary_p1.png,,,2026-04-26T04:08:14.350214
CO,2026-02-01,2026-02-28,monthly,ALL,TOTAL,TOTAL,,online,hockey,1313420806.0,,,,,,,,,28,False,False,CO_2026_02_hb1292.pdf,,,,1,0,https://sbg.colorado.gov/sites/sbg/files/documents/HB%2021-1292%20Report%20February%202026.pdf,https://sbg.colorado.gov/sports-betting-monthly-reports,CO/screenshots/CO_2026_02_CO_2026_02_summary_p1.png,,,2026-04-26T04:08:14.350214
CO,2026-02-01,2026-02-28,monthly,ALL,TOTAL,TOTAL,,online,other,1248420216.0,,,,,,,,,28,False,False,CO_2026_02_hb1292.pdf,,,,1,0,https://sbg.colorado.gov/sites/sbg/files/documents/HB%2021-1292%20Report%20February%202026.pdf,https://sbg.colorado.gov/sports-betting-monthly-reports,CO/screenshots/CO_2026_02_CO_2026_02_summary_p1.png,,,2026-04-26T04:08:14.350214
CO,2026-02-01,2026-02-28,monthly,ALL,TOTAL,TOTAL,,online,golf,638204715.0,,,,,,,,,28,False,False,CO_2026_02_hb1292.pdf,,,,1,0,https://sbg.colorado.gov/sites/sbg/files/documents/HB%2021-1292%20Report%20February%202026.pdf,https://sbg.colorado.gov/sports-betting-monthly-reports,CO/screenshots/CO_2026_02_CO_2026_02_summary_p1.png,,,2026-04-26T04:08:14.350214
CO,2026-01-01,2026-01-31,monthly,ALL,TOTAL,TOTAL,,online,soccer,2380044900.0,,196118133.0,,,2183926767.0,,,,31,False,False,CO_2026_01_hb1292.pdf,,,,1,0,https://sbg.colorado.gov/sites/sbg/files/documents/HB%2021-1292%20Report%20January%202026.pdf,https://sbg.colorado.gov/sports-betting-monthly-reports,CO/screenshots/CO_2026_01_CO_2026_01_summary_p1.png,,,2026-04-26T04:06:50.053506
CO,2026-01-01,2026-01-31,monthly,ALL,TOTAL,TOTAL,,retail,soccer,4574181.0,,83840.0,,,4490341.0,,,,31,False,False,CO_2026_01_hb1292.pdf,,,,1,0,https://sbg.colorado.gov/sites/sbg/files/documents/HB%2021-1292%20Report%20January%202026.pdf,https://sbg.colorado.gov/sports-betting-monthly-reports,CO/screenshots/CO_2026_01_CO_2026_01_summary_p1.png,,,2026-04-26T04:06:50.053506
CO,2026-01-01,2026-01-31,monthly,ALL,TOTAL,TOTAL,,online,tennis,2971583718.0,,261284554.0,,,2710299164.0,,,,31,False,False,CO_2026_01_hb1292.pdf,,,,1,0,https://sbg.colorado.gov/sites/sbg/files/documents/HB%2021-1292%20Report%20January%202026.pdf,https://sbg.colorado.gov/sports-betting-monthly-reports,CO/screenshots/CO_2026_01_CO_2026_01_summary_p1.png,,,2026-04-26T04:06:50.053506
CO,2026-01-01,2026-01-31,monthly,ALL,TOTAL,TOTAL,,online,,62643329663.0,5762004116.0,5762004116.0,769021525.0,4992982591.0,56881325547.0,500115465.0,,0.0919811278710381,31,False,False,CO_2026_01_hb1292.pdf,,,,1,0,https://sbg.colorado.gov/sites/sbg/files/documents/HB%2021-1292%20Report%20January%202026.pdf,https://sbg.colorado.gov/sports-betting-monthly-reports,CO/screenshots/CO_2026_01_CO_2026_01_summary_p1.png,,,2026-04-26T04:06:50.053506
CO,2025-12-01,2025-12-31,monthly,ALL,TOTAL,TOTAL,,retail,tennis,108637.0,,,,,,,,,31,False,False,CO_2025_12_hb1292.pdf,,,,1,0,https://sbg.colorado.gov/sites/sbg/files/documents/HB%2021-1292%20Report%20December%202025.pdf,https://sbg.colorado.gov/sports-betting-monthly-reports,CO/screenshots/CO_2025_12_CO_2025_12_summary_p1.png,,,2026-04-26T04:05:25.465038
CO,2025-12-01,2025-12-31,monthly,ALL,TOTAL,TOTAL,,online,tennis,1436487136.0,,,,,,,,,31,False,False,CO_2025_12_hb1292.pdf,,,,1,0,https://sbg.colorado.gov/sites/sbg/files/documents/HB%2021-1292%20Report%20December%202025.pdf,https://sbg.colorado.gov/sports-betting-monthly-reports,CO/screenshots/CO_2025_12_CO_2025_12_summary_p1.png,,,2026-04-26T04:05:25.465038
CO,2025-12-01,2025-12-31,monthly,ALL,TOTAL,TOTAL,,retail,boxing,36305.0,,,,,,,,,31,False,False,CO_2025_12_hb1292.pdf,,,,1,0,https://sbg.colorado.gov/sites/sbg/files/documents/HB%2021-1292%20Report%20December%202025.pdf,https://sbg.colorado.gov/sports-betting-monthly-reports,CO/screenshots/CO_2025_12_CO_2025_12_summary_p1.png,,,2026-04-26T04:05:25.465038
CO,2025-12-01,2025-12-31,monthly,ALL,TOTAL,TOTAL,,online,boxing,216413376.0,,,,,,,,,31,False,False,CO_2025_12_hb1292.pdf,,,,1,0,https://sbg.colorado.gov/sites/sbg/files/documents/HB%2021-1292%20Report%20December%202025.pdf,https://sbg.colorado.gov/sports-betting-monthly-reports,CO/screenshots/CO_2025_12_CO_2025_12_summary_p1.png,,,2026-04-26T04:05:25.465038
CO,2025-12-01,2025-12-31,monthly,ALL,TOTAL,TOTAL,,retail,mma,1743275.0,,,,,,,,,31,False,False,CO_2025_12_hb1292.pdf,,,,1,0,https://sbg.colorado.gov/sites/sbg/files/documents/HB%2021-1292%20Report%20December%202025.pdf,https://sbg.colorado.gov/sports-betting-monthly-reports,CO/screenshots/CO_2025_12_CO_2025_12_summary_p1.png,,,2026-04-26T04:05:25.465038
CO,2025-12-01,2025-12-31,monthly,ALL,TOTAL,TOTAL,,online,mma,197639919.0,,,,,,,,,31,False,False,CO_2025_12_hb1292.pdf,,,,1,0,https://sbg.colorado.gov/sites/sbg/files/documents/HB%2021-1292%20Report%20December%202025.pdf,https://sbg.colorado.gov/sports-betting-monthly-reports,CO/screenshots/CO_2025_12_CO_2025_12_summary_p1.png,,,2026-04-26T04:05:25.465038
CO,2026-01-01,2026-01-31,monthly,ALL,TOTAL,TOTAL,,retail,,378792639.0,18814626.0,18814626.0,953189.0,17861437.0,359978013.0,2102746.0,,0.049669988439242,31,False,False,CO_2026_01_hb1292.pdf,,,,1,0,https://sbg.colorado.gov/sites/sbg/files/documents/HB%2021-1292%20Report%20January%202026.pdf,https://sbg.colorado.gov/sports-betting-monthly-reports,CO/screenshots/CO_2026_01_CO_2026_01_summary_p1.png,,,2026-04-26T04:06:50.053506
CO,2026-01-01,2026-01-31,monthly,ALL,TOTAL,TOTAL,,retail,basketball,122344617.0,,4580733.0,,,117763884.0,,,,31,False,False,CO_2026_01_hb1292.pdf,,,,1,0,https://sbg.colorado.gov/sites/sbg/files/documents/HB%2021-1292%20Report%20January%202026.pdf,https://sbg.colorado.gov/sports-betting-monthly-reports,CO/screenshots/CO_2026_01_CO_2026_01_summary_p1.png,,,2026-04-26T04:06:50.053506
CO,2026-01-01,2026-01-31,monthly,ALL,TOTAL,TOTAL,,retail,tennis,1918808.0,,775826.0,,,1142982.0,,,,31,False,False,CO_2026_01_hb1292.pdf,,,,1,0,https://sbg.colorado.gov/sites/sbg/files/documents/HB%2021-1292%20Report%20January%202026.pdf,https://sbg.colorado.gov/sports-betting-monthly-reports,CO/screenshots/CO_2026_01_CO_2026_01_summary_p1.png,,,2026-04-26T04:06:50.053506
CO,2026-01-01,2026-01-31,monthly,ALL,TOTAL,TOTAL,,online,basketball,16352087396.0,,860267739.0,,,15491819657.0,,,,31,False,False,CO_2026_01_hb1292.pdf,,,,1,0,https://sbg.colorado.gov/sites/sbg/files/documents/HB%2021-1292%20Report%20January%202026.pdf,https://sbg.colorado.gov/sports-betting-monthly-reports,CO/screenshots/CO_2026_01_CO_2026_01_summary_p1.png,,,2026-04-26T04:06:50.053506
CO,2026-01-01,2026-01-31,monthly,ALL,TOTAL,TOTAL,,retail,football,143685842.0,,5318476.0,,,138367366.0,,,,31,False,False,CO_2026_01_hb1292.pdf,,,,1,0,https://sbg.colorado.gov/sites/sbg/files/documents/HB%2021-1292%20Report%20January%202026.pdf,https://sbg.colorado.gov/sports-betting-monthly-reports,CO/screenshots/CO_2026_01_CO_2026_01_summary_p1.png,,,2026-04-26T04:06:50.053506
CO,2026-01-01,2026-01-31,monthly,ALL,TOTAL,TOTAL,,online,football,11832658437.0,,668736426.0,,,11163922011.0,,,,31,False,False,CO_2026_01_hb1292.pdf,,,,1,0,https://sbg.colorado.gov/sites/sbg/files/documents/HB%2021-1292%20Report%20January%202026.pdf,https://sbg.colorado.gov/sports-betting-monthly-reports,CO/screenshots/CO_2026_01_CO_2026_01_summary_p1.png,,,2026-04-26T04:06:50.053506
CO,2026-01-01,2026-01-31,monthly,ALL,TOTAL,TOTAL,,retail,other,13400654.0,,918214.0,,,12482440.0,,,,31,False,False,CO_2026_01_hb1292.pdf,,,,1,0,https://sbg.colorado.gov/sites/sbg/files/documents/HB%2021-1292%20Report%20January%202026.pdf,https://sbg.colorado.gov/sports-betting-monthly-reports,CO/screenshots/CO_2026_01_CO_2026_01_summary_p1.png,,,2026-04-26T04:06:50.053506
CO,2026-01-01,2026-01-31,monthly,ALL,TOTAL,TOTAL,,online,other,3673020942.0,,59957981.0,,,3613062961.0,,,,31,False,False,CO_2026_01_hb1292.pdf,,,,1,0,https://sbg.colorado.gov/sites/sbg/files/documents/HB%2021-1292%20Report%20January%202026.pdf,https://sbg.colorado.gov/sports-betting-monthly-reports,CO/screenshots/CO_2026_01_CO_2026_01_summary_p1.png,,,2026-04-26T04:06:50.053506
CO,2026-01-01,2026-01-31,monthly,ALL,TOTAL,TOTAL,,retail,table_tennis,531138.0,,484949.0,,,46189.0,,,,31,False,False,CO_2026_01_hb1292.pdf,,,,1,0,https://sbg.colorado.gov/sites/sbg/files/documents/HB%2021-1292%20Report%20January%202026.pdf,https://sbg.colorado.gov/sports-betting-monthly-reports,CO/screenshots/CO_2026_01_CO_2026_01_summary_p1.png,,,2026-04-26T04:06:50.053506
CO,2026-01-01,2026-01-31,monthly,ALL,TOTAL,TOTAL,,online,table_tennis,3464619961.0,,119004273.0,,,3345615688.0,,,,31,False,False,CO_2026_01_hb1292.pdf,,,,1,0,https://sbg.colorado.gov/sites/sbg/files/documents/HB%2021-1292%20Report%20January%202026.pdf,https://sbg.colorado.gov/sports-betting-monthly-reports,CO/screenshots/CO_2026_01_CO_2026_01_summary_p1.png,,,2026-04-26T04:06:50.053506
CO,2025-10-01,2025-10-31,monthly,ALL,TOTAL,TOTAL,,online,hockey,1862550928.0,,,,,,,,,31,False,False,CO_2025_10_hb1292.pdf,,,,1,0,https://sbg.colorado.gov/sites/sbg/files/documents/HB%2021-1292%20Report%20October%202025.pdf,https://sbg.colorado.gov/sports-betting-monthly-reports,CO/screenshots/CO_2025_10_CO_2025_10_summary_p1.png,,,2026-04-26T04:02:18.866345
CO,2025-10-01,2025-10-31,monthly,ALL,TOTAL,TOTAL,,online,soccer,2539907540.0,,,,,,,,,31,False,False,CO_2025_10_hb1292.pdf,,,,1,0,https://sbg.colorado.gov/sites/sbg/files/documents/HB%2021-1292%20Report%20October%202025.pdf,https://sbg.colorado.gov/sports-betting-monthly-reports,CO/screenshots/CO_2025_10_CO_2025_10_summary_p1.png,,,2026-04-26T04:02:18.866345
CO,2025-06-01,2025-06-30,monthly,ALL,TOTAL,TOTAL,,online,soccer,2172822893.0,,,,,,,,,30,False,False,CO_2025_06_hb1292.pdf,,,,1,0,https://sbg.colorado.gov/sites/sbg/files/documents/HB%2021-1292%20Report%20June%202025.pdf,https://sbg.colorado.gov/sports-betting-monthly-reports,CO/screenshots/CO_2025_06_CO_2025_06_summary_p1.png,,,2026-04-26T03:55:05.358606
CO,2025-08-01,2025-08-31,monthly,ALL,TOTAL,TOTAL,,retail,table_tennis,122908.0,,,,,,,,,31,False,False,CO_2025_08_hb1292.pdf,,,,1,0,https://sbg.colorado.gov/sites/sbg/files/documents/HB%2021-1292%20Report%20August%202025.pdf,https://sbg.colorado.gov/sports-betting-monthly-reports,CO/screenshots/CO_2025_08_CO_2025_08_summary_p1.png,,,2026-04-26T03:58:23.651494
CO,2025-07-01,2025-07-31,monthly,ALL,TOTAL,TOTAL,,online,mma,359161255.0,,,,,,,,,31,False,False,CO_2025_07_hb1292.pdf,,,,1,0,https://sbg.colorado.gov/sites/sbg/files/documents/63%20Monthly%20Summary%20%28July%20%2725%29.pdf,https://sbg.colorado.gov/sports-betting-monthly-reports,CO/screenshots/CO_2025_07_CO_2025_07_summary_p1.png,,,2026-04-26T03:57:04.459114
CO,2025-07-01,2025-07-31,monthly,ALL,TOTAL,TOTAL,,retail,football,840812.0,,,,,,,,,31,False,False,CO_2025_07_hb1292.pdf,,,,1,0,https://sbg.colorado.gov/sites/sbg/files/documents/63%20Monthly%20Summary%20%28July%20%2725%29.pdf,https://sbg.colorado.gov/sports-betting-monthly-reports,CO/screenshots/CO_2025_07_CO_2025_07_summary_p1.png,,,2026-04-26T03:57:04.459114
CO,2025-07-01,2025-07-31,monthly,ALL,TOTAL,TOTAL,,online,football,233884900.0,,,,,,,,,31,False,False,CO_2025_07_hb1292.pdf,,,,1,0,https://sbg.colorado.gov/sites/sbg/files/documents/63%20Monthly%20Summary%20%28July%20%2725%29.pdf,https://sbg.colorado.gov/sports-betting-monthly-reports,CO/screenshots/CO_2025_07_CO_2025_07_summary_p1.png,,,2026-04-26T03:57:04.459114
CO,2025-07-01,2025-07-31,monthly,ALL,TOTAL,TOTAL,,online,cricket,103034426.0,,,,,,,,,31,False,False,CO_2025_07_hb1292.pdf,,,,1,0,https://sbg.colorado.gov/sites/sbg/files/documents/63%20Monthly%20Summary%20%28July%20%2725%29.pdf,https://sbg.colorado.gov/sports-betting-monthly-reports,CO/screenshots/CO_2025_07_CO_2025_07_summary_p1.png,,,2026-04-26T03:57:04.459114
CO,2025-07-01,2025-07-31,monthly,ALL,TOTAL,TOTAL,,retail,other,131625.0,,,,,,,,,31,False,False,CO_2025_07_hb1292.pdf,,,,1,0,https://sbg.colorado.gov/sites/sbg/files/documents/63%20Monthly%20Summary%20%28July%20%2725%29.pdf,https://sbg.colorado.gov/sports-betting-monthly-reports,CO/screenshots/CO_2025_07_CO_2025_07_summary_p1.png,,,2026-04-26T03:57:04.459114
CO,2025-07-01,2025-07-31,monthly,ALL,TOTAL,TOTAL,,online,other,66495855.0,,,,,,,,,31,False,False,CO_2025_07_hb1292.pdf,,,,1,0,https://sbg.colorado.gov/sites/sbg/files/documents/63%20Monthly%20Summary%20%28July%20%2725%29.pdf,https://sbg.colorado.gov/sports-betting-monthly-reports,CO/screenshots/CO_2025_07_CO_2025_07_summary_p1.png,,,2026-04-26T03:57:04.459114
CO,2025-08-01,2025-08-31,monthly,ALL,TOTAL,TOTAL,,retail,,252421393.0,94257873.0,94257873.0,66586126.0,27671747.0,158163520.0,5009515.0,,0.3734147564901521,31,False,False,CO_2025_08_hb1292.pdf,,,,1,0,https://sbg.colorado.gov/sites/sbg/files/documents/HB%2021-1292%20Report%20August%202025.pdf,https://sbg.colorado.gov/sports-betting-monthly-reports,CO/screenshots/CO_2025_08_CO_2025_08_summary_p1.png,,,2026-04-26T03:58:23.651494
CO,2025-08-01,2025-08-31,monthly,ALL,TOTAL,TOTAL,,online,,41470263600.0,4709827474.0,4709827474.0,885800169.0,3824027305.0,36760436126.0,366574526.0,,0.1135711969286831,31,False,False,CO_2025_08_hb1292.pdf,,,,1,0,https://sbg.colorado.gov/sites/sbg/files/documents/HB%2021-1292%20Report%20August%202025.pdf,https://sbg.colorado.gov/sports-betting-monthly-reports,CO/screenshots/CO_2025_08_CO_2025_08_summary_p1.png,,,2026-04-26T03:58:23.651494
CO,2025-08-01,2025-08-31,monthly,ALL,TOTAL,TOTAL,,retail,baseball,94257873.0,,,,,,,,,31,False,False,CO_2025_08_hb1292.pdf,,,,1,0,https://sbg.colorado.gov/sites/sbg/files/documents/HB%2021-1292%20Report%20August%202025.pdf,https://sbg.colorado.gov/sports-betting-monthly-reports,CO/screenshots/CO_2025_08_CO_2025_08_summary_p1.png,,,2026-04-26T03:58:23.651494
CO,2025-08-01,2025-08-31,monthly,ALL,TOTAL,TOTAL,,online,baseball,10218254656.0,,,,,,,,,31,False,False,CO_2025_08_hb1292.pdf,,,,1,0,https://sbg.colorado.gov/sites/sbg/files/documents/HB%2021-1292%20Report%20August%202025.pdf,https://sbg.colorado.gov/sports-betting-monthly-reports,CO/screenshots/CO_2025_08_CO_2025_08_summary_p1.png,,,2026-04-26T03:58:23.651494
CO,2025-08-01,2025-08-31,monthly,ALL,TOTAL,TOTAL,,retail,basketball,27671747.0,,,,,,,,,31,False,False,CO_2025_08_hb1292.pdf,,,,1,0,https://sbg.colorado.gov/sites/sbg/files/documents/HB%2021-1292%20Report%20August%202025.pdf,https://sbg.colorado.gov/sports-betting-monthly-reports,CO/screenshots/CO_2025_08_CO_2025_08_summary_p1.png,,,2026-04-26T03:58:23.651494
CO,2025-08-01,2025-08-31,monthly,ALL,TOTAL,TOTAL,,online,basketball,5154754040.0,,,,,,,,,31,False,False,CO_2025_08_hb1292.pdf,,,,1,0,https://sbg.colorado.gov/sites/sbg/files/documents/HB%2021-1292%20Report%20August%202025.pdf,https://sbg.colorado.gov/sports-betting-monthly-reports,CO/screenshots/CO_2025_08_CO_2025_08_summary_p1.png,,,2026-04-26T03:58:23.651494
CO,2025-08-01,2025-08-31,monthly,ALL,TOTAL,TOTAL,,retail,tennis,5009515.0,,,,,,,,,31,False,False,CO_2025_08_hb1292.pdf,,,,1,0,https://sbg.colorado.gov/sites/sbg/files/documents/HB%2021-1292%20Report%20August%202025.pdf,https://sbg.colorado.gov/sports-betting-monthly-reports,CO/screenshots/CO_2025_08_CO_2025_08_summary_p1.png,,,2026-04-26T03:58:23.651494
CO,2025-08-01,2025-08-31,monthly,ALL,TOTAL,TOTAL,,online,tennis,3784355921.0,,,,,,,,,31,False,False,CO_2025_08_hb1292.pdf,,,,1,0,https://sbg.colorado.gov/sites/sbg/files/documents/HB%2021-1292%20Report%20August%202025.pdf,https://sbg.colorado.gov/sports-betting-monthly-reports,CO/screenshots/CO_2025_08_CO_2025_08_summary_p1.png,,,2026-04-26T03:58:23.651494
CO,2025-08-01,2025-08-31,monthly,ALL,TOTAL,TOTAL,,retail,football,42468126.0,,,,,,,,,31,False,False,CO_2025_08_hb1292.pdf,,,,1,0,https://sbg.colorado.gov/sites/sbg/files/documents/HB%2021-1292%20Report%20August%202025.pdf,https://sbg.colorado.gov/sports-betting-monthly-reports,CO/screenshots/CO_2025_08_CO_2025_08_summary_p1.png,,,2026-04-26T03:58:23.651494
CO,2025-08-01,2025-08-31,monthly,ALL,TOTAL,TOTAL,,online,football,2858199160.0,,,,,,,,,31,False,False,CO_2025_08_hb1292.pdf,,,,1,0,https://sbg.colorado.gov/sites/sbg/files/documents/HB%2021-1292%20Report%20August%202025.pdf,https://sbg.colorado.gov/sports-betting-monthly-reports,CO/screenshots/CO_2025_08_CO_2025_08_summary_p1.png,,,2026-04-26T03:58:23.651494
CO,2025-08-01,2025-08-31,monthly,ALL,TOTAL,TOTAL,,retail,soccer,6388280.0,,,,,,,,,31,False,False,CO_2025_08_hb1292.pdf,,,,1,0,https://sbg.colorado.gov/sites/sbg/files/documents/HB%2021-1292%20Report%20August%202025.pdf,https://sbg.colorado.gov/sports-betting-monthly-reports,CO/screenshots/CO_2025_08_CO_2025_08_summary_p1.png,,,2026-04-26T03:58:23.651494
CO,2025-07-01,2025-07-31,monthly,ALL,TOTAL,TOTAL,,retail,mma,3007618.0,,,,,,,,,31,False,False,CO_2025_07_hb1292.pdf,,,,1,0,https://sbg.colorado.gov/sites/sbg/files/documents/63%20Monthly%20Summary%20%28July%20%2725%29.pdf,https://sbg.colorado.gov/sports-betting-monthly-reports,CO/screenshots/CO_2025_07_CO_2025_07_summary_p1.png,,,2026-04-26T03:57:04.459114
CO,2025-07-01,2025-07-31,monthly,ALL,TOTAL,TOTAL,,online,golf,700353065.0,,,,,,,,,31,False,False,CO_2025_07_hb1292.pdf,,,,1,0,https://sbg.colorado.gov/sites/sbg/files/documents/63%20Monthly%20Summary%20%28July%20%2725%29.pdf,https://sbg.colorado.gov/sports-betting-monthly-reports,CO/screenshots/CO_2025_07_CO_2025_07_summary_p1.png,,,2026-04-26T03:57:04.459114
CO,2025-07-01,2025-07-31,monthly,ALL,TOTAL,TOTAL,,retail,golf,255015.0,,,,,,,,,31,False,False,CO_2025_07_hb1292.pdf,,,,1,0,https://sbg.colorado.gov/sites/sbg/files/documents/63%20Monthly%20Summary%20%28July%20%2725%29.pdf,https://sbg.colorado.gov/sports-betting-monthly-reports,CO/screenshots/CO_2025_07_CO_2025_07_summary_p1.png,,,2026-04-26T03:57:04.459114
CO,2025-07-01,2025-07-31,monthly,ALL,TOTAL,TOTAL,,retail,baseball,85573942.0,,69506410.0,,,16067532.0,,,,31,False,False,CO_2025_07_hb1292.pdf,,,,1,0,https://sbg.colorado.gov/sites/sbg/files/documents/63%20Monthly%20Summary%20%28July%20%2725%29.pdf,https://sbg.colorado.gov/sports-betting-monthly-reports,CO/screenshots/CO_2025_07_CO_2025_07_summary_p1.png,,,2026-04-26T03:57:04.459114
CO,2025-06-01,2025-06-30,monthly,ALL,TOTAL,TOTAL,,online,golf,846792742.0,,,,,,,,,30,False,False,CO_2025_06_hb1292.pdf,,,,1,0,https://sbg.colorado.gov/sites/sbg/files/documents/HB%2021-1292%20Report%20June%202025.pdf,https://sbg.colorado.gov/sports-betting-monthly-reports,CO/screenshots/CO_2025_06_CO_2025_06_summary_p1.png,,,2026-04-26T03:55:05.358606
CO,2025-06-01,2025-06-30,monthly,ALL,TOTAL,TOTAL,,online,hockey,651813300.0,,,,,,,,,30,False,False,CO_2025_06_hb1292.pdf,,,,1,0,https://sbg.colorado.gov/sites/sbg/files/documents/HB%2021-1292%20Report%20June%202025.pdf,https://sbg.colorado.gov/sports-betting-monthly-reports,CO/screenshots/CO_2025_06_CO_2025_06_summary_p1.png,,,2026-04-26T03:55:05.358606
CO,2025-06-01,2025-06-30,monthly,ALL,TOTAL,TOTAL,,online,mma,542913310.0,,,,,,,,,30,False,False,CO_2025_06_hb1292.pdf,,,,1,0,https://sbg.colorado.gov/sites/sbg/files/documents/HB%2021-1292%20Report%20June%202025.pdf,https://sbg.colorado.gov/sports-betting-monthly-reports,CO/screenshots/CO_2025_06_CO_2025_06_summary_p1.png,,,2026-04-26T03:55:05.358606
CO,2025-06-01,2025-06-30,monthly,ALL,TOTAL,TOTAL,,online,other,200845359.0,,,,,,,,,30,False,False,CO_2025_06_hb1292.pdf,,,,1,0,https://sbg.colorado.gov/sites/sbg/files/documents/HB%2021-1292%20Report%20June%202025.pdf,https://sbg.colorado.gov/sports-betting-monthly-reports,CO/screenshots/CO_2025_06_CO_2025_06_summary_p1.png,,,2026-04-26T03:55:05.358606
CO,2025-06-01,2025-06-30,monthly,ALL,TOTAL,TOTAL,,online,football,116301152.0,,,,,,,,,30,False,False,CO_2025_06_hb1292.pdf,,,,1,0,https://sbg.colorado.gov/sites/sbg/files/documents/HB%2021-1292%20Report%20June%202025.pdf,https://sbg.colorado.gov/sports-betting-monthly-reports,CO/screenshots/CO_2025_06_CO_2025_06_summary_p1.png,,,2026-04-26T03:55:05.358606
CO,2025-07-01,2025-07-31,monthly,ALL,TOTAL,TOTAL,,retail,,168225064.0,424784.0,424784.0,,2936127.0,167800280.0,424784.0,,0.0025250934070086,31,False,False,CO_2025_07_hb1292.pdf,,,,1,0,https://sbg.colorado.gov/sites/sbg/files/documents/63%20Monthly%20Summary%20%28July%20%2725%29.pdf,https://sbg.colorado.gov/sports-betting-monthly-reports,CO/screenshots/CO_2025_07_CO_2025_07_summary_p1.png,,,2026-04-26T03:57:04.459114
CO,2025-07-01,2025-07-31,monthly,ALL,TOTAL,TOTAL,,online,,35062759034.0,3549973896.0,3549973896.0,744496655.0,2805477241.0,31512785138.0,271128450.0,,0.1012462793517654,31,False,False,CO_2025_07_hb1292.pdf,,,,1,0,https://sbg.colorado.gov/sites/sbg/files/documents/63%20Monthly%20Summary%20%28July%20%2725%29.pdf,https://sbg.colorado.gov/sports-betting-monthly-reports,CO/screenshots/CO_2025_07_CO_2025_07_summary_p1.png,,,2026-04-26T03:57:04.459114
CO,2025-07-01,2025-07-31,monthly,ALL,TOTAL,TOTAL,,online,baseball,10344851785.0,,3903183219.0,,,6441668566.0,,,,31,False,False,CO_2025_07_hb1292.pdf,,,,1,0,https://sbg.colorado.gov/sites/sbg/files/documents/63%20Monthly%20Summary%20%28July%20%2725%29.pdf,https://sbg.colorado.gov/sports-betting-monthly-reports,CO/screenshots/CO_2025_07_CO_2025_07_summary_p1.png,,,2026-04-26T03:57:04.459114
CO,2025-07-01,2025-07-31,monthly,ALL,TOTAL,TOTAL,,online,soccer,2384972688.0,,,,,,,,,31,False,False,CO_2025_07_hb1292.pdf,,,,1,0,https://sbg.colorado.gov/sites/sbg/files/documents/63%20Monthly%20Summary%20%28July%20%2725%29.pdf,https://sbg.colorado.gov/sports-betting-monthly-reports,CO/screenshots/CO_2025_07_CO_2025_07_summary_p1.png,,,2026-04-26T03:57:04.459114
CO,2025-07-01,2025-07-31,monthly,ALL,TOTAL,TOTAL,,retail,basketball,34331819.0,,28075868.0,,,6255951.0,,,,31,False,False,CO_2025_07_hb1292.pdf,,,,1,0,https://sbg.colorado.gov/sites/sbg/files/documents/63%20Monthly%20Summary%20%28July%20%2725%29.pdf,https://sbg.colorado.gov/sports-betting-monthly-reports,CO/screenshots/CO_2025_07_CO_2025_07_summary_p1.png,,,2026-04-26T03:57:04.459114
CO,2025-07-01,2025-07-31,monthly,ALL,TOTAL,TOTAL,,online,basketball,6008337602.0,,5080491321.0,,,927846281.0,,,,31,False,False,CO_2025_07_hb1292.pdf,,,,1,0,https://sbg.colorado.gov/sites/sbg/files/documents/63%20Monthly%20Summary%20%28July%20%2725%29.pdf,https://sbg.colorado.gov/sports-betting-monthly-reports,CO/screenshots/CO_2025_07_CO_2025_07_summary_p1.png,,,2026-04-26T03:57:04.459114
CO,2025-07-01,2025-07-31,monthly,ALL,TOTAL,TOTAL,,retail,tennis,5671098.0,,-159203015.0,,,164874113.0,,,,31,False,False,CO_2025_07_hb1292.pdf,,,,1,0,https://sbg.colorado.gov/sites/sbg/files/documents/63%20Monthly%20Summary%20%28July%20%2725%29.pdf,https://sbg.colorado.gov/sports-betting-monthly-reports,CO/screenshots/CO_2025_07_CO_2025_07_summary_p1.png,,,2026-04-26T03:57:04.459114
CO,2025-07-01,2025-07-31,monthly,ALL,TOTAL,TOTAL,,online,tennis,3520775537.0,,-27992009601.0,,,31512785138.0,,,,31,False,False,CO_2025_07_hb1292.pdf,,,,1,0,https://sbg.colorado.gov/sites/sbg/files/documents/63%20Monthly%20Summary%20%28July%20%2725%29.pdf,https://sbg.colorado.gov/sports-betting-monthly-reports,CO/screenshots/CO_2025_07_CO_2025_07_summary_p1.png,,,2026-04-26T03:57:04.459114
CO,2025-07-01,2025-07-31,monthly,ALL,TOTAL,TOTAL,,retail,table_tennis,6099063.0,,,,,,,,,31,False,False,CO_2025_07_hb1292.pdf,,,,1,0,https://sbg.colorado.gov/sites/sbg/files/documents/63%20Monthly%20Summary%20%28July%20%2725%29.pdf,https://sbg.colorado.gov/sports-betting-monthly-reports,CO/screenshots/CO_2025_07_CO_2025_07_summary_p1.png,,,2026-04-26T03:57:04.459114
CO,2025-07-01,2025-07-31,monthly,ALL,TOTAL,TOTAL,,online,table_tennis,2450523525.0,,,,,,,,,31,False,False,CO_2025_07_hb1292.pdf,,,,1,0,https://sbg.colorado.gov/sites/sbg/files/documents/63%20Monthly%20Summary%20%28July%20%2725%29.pdf,https://sbg.colorado.gov/sports-betting-monthly-reports,CO/screenshots/CO_2025_07_CO_2025_07_summary_p1.png,,,2026-04-26T03:57:04.459114
CO,2025-07-01,2025-07-31,monthly,ALL,TOTAL,TOTAL,,retail,soccer,6639638.0,,,,,,,,,31,False,False,CO_2025_07_hb1292.pdf,,,,1,0,https://sbg.colorado.gov/sites/sbg/files/documents/63%20Monthly%20Summary%20%28July%20%2725%29.pdf,https://sbg.colorado.gov/sports-betting-monthly-reports,CO/screenshots/CO_2025_07_CO_2025_07_summary_p1.png,,,2026-04-26T03:57:04.459114
CO,2025-08-01,2025-08-31,monthly,ALL,TOTAL,TOTAL,,online,soccer,2823359546.0,,,,,,,,,31,False,False,CO_2025_08_hb1292.pdf,,,,1,0,https://sbg.colorado.gov/sites/sbg/files/documents/HB%2021-1292%20Report%20August%202025.pdf,https://sbg.colorado.gov/sports-betting-monthly-reports,CO/screenshots/CO_2025_08_CO_2025_08_summary_p1.png,,,2026-04-26T03:58:23.651494
CO,2025-08-01,2025-08-31,monthly,ALL,TOTAL,TOTAL,,online,table_tennis,2390931105.0,,,,,,,,,31,False,False,CO_2025_08_hb1292.pdf,,,,1,0,https://sbg.colorado.gov/sites/sbg/files/documents/HB%2021-1292%20Report%20August%202025.pdf,https://sbg.colorado.gov/sports-betting-monthly-reports,CO/screenshots/CO_2025_08_CO_2025_08_summary_p1.png,,,2026-04-26T03:58:23.651494
CO,2025-10-01,2025-10-31,monthly,ALL,TOTAL,TOTAL,,retail,soccer,7942649.0,,,,,,,,,31,False,False,CO_2025_10_hb1292.pdf,,,,1,0,https://sbg.colorado.gov/sites/sbg/files/documents/HB%2021-1292%20Report%20October%202025.pdf,https://sbg.colorado.gov/sports-betting-monthly-reports,CO/screenshots/CO_2025_10_CO_2025_10_summary_p1.png,,,2026-04-26T04:02:18.866345
CO,2025-08-01,2025-08-31,monthly,ALL,TOTAL,TOTAL,,retail,other,20661551.0,,,,,,,,,31,False,False,CO_2025_08_hb1292.pdf,,,,1,0,https://sbg.colorado.gov/sites/sbg/files/documents/HB%2021-1292%20Report%20August%202025.pdf,https://sbg.colorado.gov/sports-betting-monthly-reports,CO/screenshots/CO_2025_08_CO_2025_08_summary_p1.png,,,2026-04-26T03:58:23.651494
CO,2025-09-01,2025-09-30,monthly,ALL,TOTAL,TOTAL,,online,soccer,2660926507.0,,,,,,,,,30,False,False,CO_2025_09_hb1292.pdf,,,,1,0,https://sbg.colorado.gov/sites/sbg/files/documents/HB%2021-1292%20Report%20September%202025.pdf,https://sbg.colorado.gov/sports-betting-monthly-reports,CO/screenshots/CO_2025_09_CO_2025_09_summary_p1.png,,,2026-04-26T03:59:42.651959
CO,2025-09-01,2025-09-30,monthly,ALL,TOTAL,TOTAL,,retail,other,37849833.0,,,,,,,,,30,False,False,CO_2025_09_hb1292.pdf,,,,1,0,https://sbg.colorado.gov/sites/sbg/files/documents/HB%2021-1292%20Report%20September%202025.pdf,https://sbg.colorado.gov/sports-betting-monthly-reports,CO/screenshots/CO_2025_09_CO_2025_09_summary_p1.png,,,2026-04-26T03:59:42.651959
CO,2025-09-01,2025-09-30,monthly,ALL,TOTAL,TOTAL,,online,other,1192846190.0,,,,,,,,,30,False,False,CO_2025_09_hb1292.pdf,,,,1,0,https://sbg.colorado.gov/sites/sbg/files/documents/HB%2021-1292%20Report%20September%202025.pdf,https://sbg.colorado.gov/sports-betting-monthly-reports,CO/screenshots/CO_2025_09_CO_2025_09_summary_p1.png,,,2026-04-26T03:59:42.651959
CO,2025-10-01,2025-10-31,monthly,ALL,TOTAL,TOTAL,,retail,,412601791.0,202895086.0,202895086.0,169562416.0,33332670.0,209706705.0,39657188.0,,0.4917455290444922,31,False,False,CO_2025_10_hb1292.pdf,,,,1,0,https://sbg.colorado.gov/sites/sbg/files/documents/HB%2021-1292%20Report%20October%202025.pdf,https://sbg.colorado.gov/sports-betting-monthly-reports,CO/screenshots/CO_2025_10_CO_2025_10_summary_p1.png,,,2026-04-26T04:02:18.866345
CO,2025-10-01,2025-10-31,monthly,ALL,TOTAL,TOTAL,,online,,67641409464.0,6204682585.0,6204682585.0,1467499503.0,4737183082.0,61436726879.0,474620467.0,,0.09172905523653,31,False,False,CO_2025_10_hb1292.pdf,,,,1,0,https://sbg.colorado.gov/sites/sbg/files/documents/HB%2021-1292%20Report%20October%202025.pdf,https://sbg.colorado.gov/sports-betting-monthly-reports,CO/screenshots/CO_2025_10_CO_2025_10_summary_p1.png,,,2026-04-26T04:02:18.866345
CO,2025-10-01,2025-10-31,monthly,ALL,TOTAL,TOTAL,,retail,football,202895086.0,,,,,,,,,31,False,False,CO_2025_10_hb1292.pdf,,,,1,0,https://sbg.colorado.gov/sites/sbg/files/documents/HB%2021-1292%20Report%20October%202025.pdf,https://sbg.colorado.gov/sports-betting-monthly-reports,CO/screenshots/CO_2025_10_CO_2025_10_summary_p1.png,,,2026-04-26T04:02:18.866345
CO,2025-10-01,2025-10-31,monthly,ALL,TOTAL,TOTAL,,online,football,17409610243.0,,,,,,,,,31,False,False,CO_2025_10_hb1292.pdf,,,,1,0,https://sbg.colorado.gov/sites/sbg/files/documents/HB%2021-1292%20Report%20October%202025.pdf,https://sbg.colorado.gov/sports-betting-monthly-reports,CO/screenshots/CO_2025_10_CO_2025_10_summary_p1.png,,,2026-04-26T04:02:18.866345
CO,2025-10-01,2025-10-31,monthly,ALL,TOTAL,TOTAL,,retail,basketball,33332670.0,,,,,,,,,31,False,False,CO_2025_10_hb1292.pdf,,,,1,0,https://sbg.colorado.gov/sites/sbg/files/documents/HB%2021-1292%20Report%20October%202025.pdf,https://sbg.colorado.gov/sports-betting-monthly-reports,CO/screenshots/CO_2025_10_CO_2025_10_summary_p1.png,,,2026-04-26T04:02:18.866345
CO,2025-10-01,2025-10-31,monthly,ALL,TOTAL,TOTAL,,online,basketball,9504579174.0,,,,,,,,,31,False,False,CO_2025_10_hb1292.pdf,,,,1,0,https://sbg.colorado.gov/sites/sbg/files/documents/HB%2021-1292%20Report%20October%202025.pdf,https://sbg.colorado.gov/sports-betting-monthly-reports,CO/screenshots/CO_2025_10_CO_2025_10_summary_p1.png,,,2026-04-26T04:02:18.866345
CO,2025-10-01,2025-10-31,monthly,ALL,TOTAL,TOTAL,,retail,baseball,39657188.0,,,,,,,,,31,False,False,CO_2025_10_hb1292.pdf,,,,1,0,https://sbg.colorado.gov/sites/sbg/files/documents/HB%2021-1292%20Report%20October%202025.pdf,https://sbg.colorado.gov/sports-betting-monthly-reports,CO/screenshots/CO_2025_10_CO_2025_10_summary_p1.png,,,2026-04-26T04:02:18.866345
CO,2025-10-01,2025-10-31,monthly,ALL,TOTAL,TOTAL,,online,baseball,4147734354.0,,,,,,,,,31,False,False,CO_2025_10_hb1292.pdf,,,,1,0,https://sbg.colorado.gov/sites/sbg/files/documents/HB%2021-1292%20Report%20October%202025.pdf,https://sbg.colorado.gov/sports-betting-monthly-reports,CO/screenshots/CO_2025_10_CO_2025_10_summary_p1.png,,,2026-04-26T04:02:18.866345
CO,2025-10-01,2025-10-31,monthly,ALL,TOTAL,TOTAL,,retail,other,35978798.0,,,,,,,,,31,False,False,CO_2025_10_hb1292.pdf,,,,1,0,https://sbg.colorado.gov/sites/sbg/files/documents/HB%2021-1292%20Report%20October%202025.pdf,https://sbg.colorado.gov/sports-betting-monthly-reports,CO/screenshots/CO_2025_10_CO_2025_10_summary_p1.png,,,2026-04-26T04:02:18.866345
CO,2025-10-01,2025-10-31,monthly,ALL,TOTAL,TOTAL,,online,other,4082177458.0,,,,,,,,,31,False,False,CO_2025_10_hb1292.pdf,,,,1,0,https://sbg.colorado.gov/sites/sbg/files/documents/HB%2021-1292%20Report%20October%202025.pdf,https://sbg.colorado.gov/sports-betting-monthly-reports,CO/screenshots/CO_2025_10_CO_2025_10_summary_p1.png,,,2026-04-26T04:02:18.866345
CO,2025-10-01,2025-10-31,monthly,ALL,TOTAL,TOTAL,,retail,tennis,665384.0,,,,,,,,,31,False,False,CO_2025_10_hb1292.pdf,,,,1,0,https://sbg.colorado.gov/sites/sbg/files/documents/HB%2021-1292%20Report%20October%202025.pdf,https://sbg.colorado.gov/sports-betting-monthly-reports,CO/screenshots/CO_2025_10_CO_2025_10_summary_p1.png,,,2026-04-26T04:02:18.866345
CO,2025-10-01,2025-10-31,monthly,ALL,TOTAL,TOTAL,,online,tennis,3258654746.0,,,,,,,,,31,False,False,CO_2025_10_hb1292.pdf,,,,1,0,https://sbg.colorado.gov/sites/sbg/files/documents/HB%2021-1292%20Report%20October%202025.pdf,https://sbg.colorado.gov/sports-betting-monthly-reports,CO/screenshots/CO_2025_10_CO_2025_10_summary_p1.png,,,2026-04-26T04:02:18.866345
CO,2025-10-01,2025-10-31,monthly,ALL,TOTAL,TOTAL,,retail,table_tennis,292654.0,,,,,,,,,31,False,False,CO_2025_10_hb1292.pdf,,,,1,0,https://sbg.colorado.gov/sites/sbg/files/documents/HB%2021-1292%20Report%20October%202025.pdf,https://sbg.colorado.gov/sports-betting-monthly-reports,CO/screenshots/CO_2025_10_CO_2025_10_summary_p1.png,,,2026-04-26T04:02:18.866345
CO,2025-10-01,2025-10-31,monthly,ALL,TOTAL,TOTAL,,online,table_tennis,3001761039.0,,,,,,,,,31,False,False,CO_2025_10_hb1292.pdf,,,,1,0,https://sbg.colorado.gov/sites/sbg/files/documents/HB%2021-1292%20Report%20October%202025.pdf,https://sbg.colorado.gov/sports-betting-monthly-reports,CO/screenshots/CO_2025_10_CO_2025_10_summary_p1.png,,,2026-04-26T04:02:18.866345
CO,2025-09-01,2025-09-30,monthly,ALL,TOTAL,TOTAL,,retail,soccer,14687304.0,,,,,,,,,30,False,False,CO_2025_09_hb1292.pdf,,,,1,0,https://sbg.colorado.gov/sites/sbg/files/documents/HB%2021-1292%20Report%20September%202025.pdf,https://sbg.colorado.gov/sports-betting-monthly-reports,CO/screenshots/CO_2025_09_CO_2025_09_summary_p1.png,,,2026-04-26T03:59:42.651959
CO,2025-09-01,2025-09-30,monthly,ALL,TOTAL,TOTAL,,online,tennis,3185120909.0,,,,,,,,,30,False,False,CO_2025_09_hb1292.pdf,,,,1,0,https://sbg.colorado.gov/sites/sbg/files/documents/HB%2021-1292%20Report%20September%202025.pdf,https://sbg.colorado.gov/sports-betting-monthly-reports,CO/screenshots/CO_2025_09_CO_2025_09_summary_p1.png,,,2026-04-26T03:59:42.651959
CO,2025-09-01,2025-09-30,monthly,ALL,TOTAL,TOTAL,,retail,tennis,3963008.0,,,,,,,,,30,False,False,CO_2025_09_hb1292.pdf,,,,1,0,https://sbg.colorado.gov/sites/sbg/files/documents/HB%2021-1292%20Report%20September%202025.pdf,https://sbg.colorado.gov/sports-betting-monthly-reports,CO/screenshots/CO_2025_09_CO_2025_09_summary_p1.png,,,2026-04-26T03:59:42.651959
CO,2025-09-01,2025-09-30,monthly,ALL,TOTAL,TOTAL,,retail,,455085628.0,203734201.0,203734201.0,123104890.0,80629311.0,251351427.0,13778672.0,,0.4476832236943329,30,False,False,CO_2025_09_hb1292.pdf,,,,1,0,https://sbg.colorado.gov/sites/sbg/files/documents/HB%2021-1292%20Report%20September%202025.pdf,https://sbg.colorado.gov/sports-betting-monthly-reports,CO/screenshots/CO_2025_09_CO_2025_09_summary_p1.png,,,2026-04-26T03:59:42.651959
CO,2025-08-01,2025-08-31,monthly,ALL,TOTAL,TOTAL,,online,other,2033005784.0,,,,,,,,,31,False,False,CO_2025_08_hb1292.pdf,,,,1,0,https://sbg.colorado.gov/sites/sbg/files/documents/HB%2021-1292%20Report%20August%202025.pdf,https://sbg.colorado.gov/sports-betting-monthly-reports,CO/screenshots/CO_2025_08_CO_2025_08_summary_p1.png,,,2026-04-26T03:58:23.651494
CO,2025-08-01,2025-08-31,monthly,ALL,TOTAL,TOTAL,,retail,golf,559439.0,,,,,,,,,31,False,False,CO_2025_08_hb1292.pdf,,,,1,0,https://sbg.colorado.gov/sites/sbg/files/documents/HB%2021-1292%20Report%20August%202025.pdf,https://sbg.colorado.gov/sports-betting-monthly-reports,CO/screenshots/CO_2025_08_CO_2025_08_summary_p1.png,,,2026-04-26T03:58:23.651494
CO,2025-08-01,2025-08-31,monthly,ALL,TOTAL,TOTAL,,online,golf,722755322.0,,,,,,,,,31,False,False,CO_2025_08_hb1292.pdf,,,,1,0,https://sbg.colorado.gov/sites/sbg/files/documents/HB%2021-1292%20Report%20August%202025.pdf,https://sbg.colorado.gov/sports-betting-monthly-reports,CO/screenshots/CO_2025_08_CO_2025_08_summary_p1.png,,,2026-04-26T03:58:23.651494
CO,2025-08-01,2025-08-31,monthly,ALL,TOTAL,TOTAL,,retail,mma,2384240.0,,,,,,,,,31,False,False,CO_2025_08_hb1292.pdf,,,,1,0,https://sbg.colorado.gov/sites/sbg/files/documents/HB%2021-1292%20Report%20August%202025.pdf,https://sbg.colorado.gov/sports-betting-monthly-reports,CO/screenshots/CO_2025_08_CO_2025_08_summary_p1.png,,,2026-04-26T03:58:23.651494
CO,2025-08-01,2025-08-31,monthly,ALL,TOTAL,TOTAL,,online,mma,402319803.0,,,,,,,,,31,False,False,CO_2025_08_hb1292.pdf,,,,1,0,https://sbg.colorado.gov/sites/sbg/files/documents/HB%2021-1292%20Report%20August%202025.pdf,https://sbg.colorado.gov/sports-betting-monthly-reports,CO/screenshots/CO_2025_08_CO_2025_08_summary_p1.png,,,2026-04-26T03:58:23.651494
CO,2025-08-01,2025-08-31,monthly,ALL,TOTAL,TOTAL,,retail,esports,7000.0,,,,,,,,,31,False,False,CO_2025_08_hb1292.pdf,,,,1,0,https://sbg.colorado.gov/sites/sbg/files/documents/HB%2021-1292%20Report%20August%202025.pdf,https://sbg.colorado.gov/sports-betting-monthly-reports,CO/screenshots/CO_2025_08_CO_2025_08_summary_p1.png,,,2026-04-26T03:58:23.651494
CO,2025-08-01,2025-08-31,monthly,ALL,TOTAL,TOTAL,,online,esports,94937356.0,,,,,,,,,31,False,False,CO_2025_08_hb1292.pdf,,,,1,0,https://sbg.colorado.gov/sites/sbg/files/documents/HB%2021-1292%20Report%20August%202025.pdf,https://sbg.colorado.gov/sports-betting-monthly-reports,CO/screenshots/CO_2025_08_CO_2025_08_summary_p1.png,,,2026-04-26T03:58:23.651494
CO,2025-09-01,2025-09-30,monthly,ALL,TOTAL,TOTAL,,online,,60421684885.0,4571204699.0,4571204699.0,1316814150.0,3254390549.0,55850480186.0,321208056.0,,0.0756550352361131,30,False,False,CO_2025_09_hb1292.pdf,,,,1,0,https://sbg.colorado.gov/sites/sbg/files/documents/HB%2021-1292%20Report%20September%202025.pdf,https://sbg.colorado.gov/sports-betting-monthly-reports,CO/screenshots/CO_2025_09_CO_2025_09_summary_p1.png,,,2026-04-26T03:59:42.651959
CO,2025-09-01,2025-09-30,monthly,ALL,TOTAL,TOTAL,,online,table_tennis,3226929477.0,,,,,,,,,30,False,False,CO_2025_09_hb1292.pdf,,,,1,0,https://sbg.colorado.gov/sites/sbg/files/documents/HB%2021-1292%20Report%20September%202025.pdf,https://sbg.colorado.gov/sports-betting-monthly-reports,CO/screenshots/CO_2025_09_CO_2025_09_summary_p1.png,,,2026-04-26T03:59:42.651959
CO,2025-09-01,2025-09-30,monthly,ALL,TOTAL,TOTAL,,retail,football,203734201.0,,,,,,,,,30,False,False,CO_2025_09_hb1292.pdf,,,,1,0,https://sbg.colorado.gov/sites/sbg/files/documents/HB%2021-1292%20Report%20September%202025.pdf,https://sbg.colorado.gov/sports-betting-monthly-reports,CO/screenshots/CO_2025_09_CO_2025_09_summary_p1.png,,,2026-04-26T03:59:42.651959
CO,2025-09-01,2025-09-30,monthly,ALL,TOTAL,TOTAL,,online,football,19136044172.0,,,,,,,,,30,False,False,CO_2025_09_hb1292.pdf,,,,1,0,https://sbg.colorado.gov/sites/sbg/files/documents/HB%2021-1292%20Report%20September%202025.pdf,https://sbg.colorado.gov/sports-betting-monthly-reports,CO/screenshots/CO_2025_09_CO_2025_09_summary_p1.png,,,2026-04-26T03:59:42.651959
CO,2025-09-01,2025-09-30,monthly,ALL,TOTAL,TOTAL,,retail,baseball,80629311.0,,,,,,,,,30,False,False,CO_2025_09_hb1292.pdf,,,,1,0,https://sbg.colorado.gov/sites/sbg/files/documents/HB%2021-1292%20Report%20September%202025.pdf,https://sbg.colorado.gov/sports-betting-monthly-reports,CO/screenshots/CO_2025_09_CO_2025_09_summary_p1.png,,,2026-04-26T03:59:42.651959
CO,2025-09-01,2025-09-30,monthly,ALL,TOTAL,TOTAL,,online,baseball,7290741917.0,,,,,,,,,30,False,False,CO_2025_09_hb1292.pdf,,,,1,0,https://sbg.colorado.gov/sites/sbg/files/documents/HB%2021-1292%20Report%20September%202025.pdf,https://sbg.colorado.gov/sports-betting-monthly-reports,CO/screenshots/CO_2025_09_CO_2025_09_summary_p1.png,,,2026-04-26T03:59:42.651959
CO,2025-09-01,2025-09-30,monthly,ALL,TOTAL,TOTAL,,retail,basketball,13778672.0,,,,,,,,,30,False,False,CO_2025_09_hb1292.pdf,,,,1,0,https://sbg.colorado.gov/sites/sbg/files/documents/HB%2021-1292%20Report%20September%202025.pdf,https://sbg.colorado.gov/sports-betting-monthly-reports,CO/screenshots/CO_2025_09_CO_2025_09_summary_p1.png,,,2026-04-26T03:59:42.651959
CO,2025-09-01,2025-09-30,monthly,ALL,TOTAL,TOTAL,,online,basketball,4489668803.0,,,,,,,,,30,False,False,CO_2025_09_hb1292.pdf,,,,1,0,https://sbg.colorado.gov/sites/sbg/files/documents/HB%2021-1292%20Report%20September%202025.pdf,https://sbg.colorado.gov/sports-betting-monthly-reports,CO/screenshots/CO_2025_09_CO_2025_09_summary_p1.png,,,2026-04-26T03:59:42.651959
CO,2025-09-01,2025-09-30,monthly,ALL,TOTAL,TOTAL,,retail,table_tennis,2342744.0,,,,,,,,,30,False,False,CO_2025_09_hb1292.pdf,,,,1,0,https://sbg.colorado.gov/sites/sbg/files/documents/HB%2021-1292%20Report%20September%202025.pdf,https://sbg.colorado.gov/sports-betting-monthly-reports,CO/screenshots/CO_2025_09_CO_2025_09_summary_p1.png,,,2026-04-26T03:59:42.651959
CO,2024-07-01,2024-07-31,monthly,ALL,TOTAL,TOTAL,,online,golf,1241715.0,,,,,,,,,31,False,False,CO_2024_07_hb1292.pdf,,,,1,0,https://sbg.colorado.gov/sites/sbg/files/documents/HB%2021-1292%20Report%20July%202024.pdf,https://sbg.colorado.gov/sports-betting-monthly-reports,CO/screenshots/CO_2024_07_CO_2024_07_summary_p1.png,,,2026-04-26T03:40:21.145331
CO,2024-07-01,2024-07-31,monthly,ALL,TOTAL,TOTAL,,online,football,236973008.0,,,,,,,,,31,False,False,CO_2024_07_hb1292.pdf,,,,1,0,https://sbg.colorado.gov/sites/sbg/files/documents/HB%2021-1292%20Report%20July%202024.pdf,https://sbg.colorado.gov/sports-betting-monthly-reports,CO/screenshots/CO_2024_07_CO_2024_07_summary_p1.png,,,2026-04-26T03:40:21.145331
CO,2020-06-01,2020-06-30,monthly,ALL,TOTAL,TOTAL,,combined,,3813694916.0,348401461.0,348401461.0,131403663.0,216997798.0,3465293455.0,21794502.0,,0.0913553571205484,30,False,False,CO_2020_06_summary.pdf,,,,1,0,,https://sbg.colorado.gov/sports-betting-monthly-reports,CO/screenshots/CO_2020_06_CO_2020_06_summary_p1.png,,,2026-04-26T03:05:53.856894
CO,2023-01-01,2023-01-31,monthly,ALL,TOTAL,TOTAL,,online,soccer,2555435.0,,-2901654361.0,,,2904209796.0,,,,31,False,False,CO_2023_01_hb1292.pdf,,,,1,0,https://sbg.colorado.gov/sites/sbg/files/documents/HB%2021-1292%20Report%20January%202023.pdf,https://sbg.colorado.gov/sports-betting-monthly-reports,CO/screenshots/CO_2023_01_CO_2023_01_summary_p1.png,,,2026-04-26T03:15:30.165384
CO,2023-01-01,2023-01-31,monthly,ALL,TOTAL,TOTAL,,online,tennis,258645693.0,,-1358522502.0,,,1617168195.0,,,,31,False,False,CO_2023_01_hb1292.pdf,,,,1,0,https://sbg.colorado.gov/sites/sbg/files/documents/HB%2021-1292%20Report%20January%202023.pdf,https://sbg.colorado.gov/sports-betting-monthly-reports,CO/screenshots/CO_2023_01_CO_2023_01_summary_p1.png,,,2026-04-26T03:15:30.165384
CO,2023-01-01,2023-01-31,monthly,ALL,TOTAL,TOTAL,,online,football,17695090210.0,,17276408180.0,,,418682030.0,,,,31,False,False,CO_2023_01_hb1292.pdf,,,,1,0,https://sbg.colorado.gov/sites/sbg/files/documents/HB%2021-1292%20Report%20January%202023.pdf,https://sbg.colorado.gov/sports-betting-monthly-reports,CO/screenshots/CO_2023_01_CO_2023_01_summary_p1.png,,,2026-04-26T03:15:30.165384
CO,2023-02-01,2023-02-28,monthly,ALL,TOTAL,TOTAL,,retail,,354236451.0,4994458.0,4994458.0,886177.0,4108281.0,349241993.0,1512978.0,,0.0140992209748623,28,False,False,CO_2023_02_hb1292.pdf,,,,1,0,https://sbg.colorado.gov/sites/sbg/files/documents/HB%2021-1292%20Report%20February%202023.pdf,https://sbg.colorado.gov/sports-betting-monthly-reports,CO/screenshots/CO_2023_02_CO_2023_02_summary_p1.png,,,2026-04-26T03:16:57.057960
CO,2023-02-01,2023-02-28,monthly,ALL,TOTAL,TOTAL,,online,,42160051212.0,2254965763.0,2254965763.0,1061912137.0,1193053626.0,39905085449.0,124220183.0,,0.0534858402249324,28,False,False,CO_2023_02_hb1292.pdf,,,,1,0,https://sbg.colorado.gov/sites/sbg/files/documents/HB%2021-1292%20Report%20February%202023.pdf,https://sbg.colorado.gov/sports-betting-monthly-reports,CO/screenshots/CO_2023_02_CO_2023_02_summary_p1.png,,,2026-04-26T03:16:57.057960
CO,2023-02-01,2023-02-28,monthly,ALL,TOTAL,TOTAL,,online,basketball,15469018942.0,,604775369.0,,,14864243573.0,,,,28,False,False,CO_2023_02_hb1292.pdf,,,,1,0,https://sbg.colorado.gov/sites/sbg/files/documents/HB%2021-1292%20Report%20February%202023.pdf,https://sbg.colorado.gov/sports-betting-monthly-reports,CO/screenshots/CO_2023_02_CO_2023_02_summary_p1.png,,,2026-04-26T03:16:57.057960
CO,2023-02-01,2023-02-28,monthly,ALL,TOTAL,TOTAL,,online,other,6708803328.0,,128849697.0,,,6579953631.0,,,,28,False,False,CO_2023_02_hb1292.pdf,,,,1,0,https://sbg.colorado.gov/sites/sbg/files/documents/HB%2021-1292%20Report%20February%202023.pdf,https://sbg.colorado.gov/sports-betting-monthly-reports,CO/screenshots/CO_2023_02_CO_2023_02_summary_p1.png,,,2026-04-26T03:16:57.057960
CO,2023-02-01,2023-02-28,monthly,ALL,TOTAL,TOTAL,,online,football,2664998957.0,,-365128141.0,,,3030127098.0,,,,28,False,False,CO_2023_02_hb1292.pdf,,,,1,0,https://sbg.colorado.gov/sites/sbg/files/documents/HB%2021-1292%20Report%20February%202023.pdf,https://sbg.colorado.gov/sports-betting-monthly-reports,CO/screenshots/CO_2023_02_CO_2023_02_summary_p1.png,,,2026-04-26T03:16:57.057960
CO,2023-02-01,2023-02-28,monthly,ALL,TOTAL,TOTAL,,online,tennis,2539351813.0,,227467016.0,,,2311884797.0,,,,28,False,False,CO_2023_02_hb1292.pdf,,,,1,0,https://sbg.colorado.gov/sites/sbg/files/documents/HB%2021-1292%20Report%20February%202023.pdf,https://sbg.colorado.gov/sports-betting-monthly-reports,CO/screenshots/CO_2023_02_CO_2023_02_summary_p1.png,,,2026-04-26T03:16:57.057960
CO,2023-02-01,2023-02-28,monthly,ALL,TOTAL,TOTAL,,online,hockey,2122475611.0,,118128880.0,,,2004346731.0,,,,28,False,False,CO_2023_02_hb1292.pdf,,,,1,0,https://sbg.colorado.gov/sites/sbg/files/documents/HB%2021-1292%20Report%20February%202023.pdf,https://sbg.colorado.gov/sports-betting-monthly-reports,CO/screenshots/CO_2023_02_CO_2023_02_summary_p1.png,,,2026-04-26T03:16:57.057960
CO,2023-02-01,2023-02-28,monthly,ALL,TOTAL,TOTAL,,online,soccer,1956060551.0,,103094316.0,,,1852966235.0,,,,28,False,False,CO_2023_02_hb1292.pdf,,,,1,0,https://sbg.colorado.gov/sites/sbg/files/documents/HB%2021-1292%20Report%20February%202023.pdf,https://sbg.colorado.gov/sports-betting-monthly-reports,CO/screenshots/CO_2023_02_CO_2023_02_summary_p1.png,,,2026-04-26T03:16:57.057960
CO,2023-02-01,2023-02-28,monthly,ALL,TOTAL,TOTAL,,online,table_tennis,635276012.0,,46154099.0,,,589121913.0,,,,28,False,False,CO_2023_02_hb1292.pdf,,,,1,0,https://sbg.colorado.gov/sites/sbg/files/documents/HB%2021-1292%20Report%20February%202023.pdf,https://sbg.colorado.gov/sports-betting-monthly-reports,CO/screenshots/CO_2023_02_CO_2023_02_summary_p1.png,,,2026-04-26T03:16:57.057960
CO,2023-02-01,2023-02-28,monthly,ALL,TOTAL,TOTAL,,online,golf,556593662.0,,93812026.0,,,462781636.0,,,,28,False,False,CO_2023_02_hb1292.pdf,,,,1,0,https://sbg.colorado.gov/sites/sbg/files/documents/HB%2021-1292%20Report%20February%202023.pdf,https://sbg.colorado.gov/sports-betting-monthly-reports,CO/screenshots/CO_2023_02_CO_2023_02_summary_p1.png,,,2026-04-26T03:16:57.057960
CO,2023-02-01,2023-02-28,monthly,ALL,TOTAL,TOTAL,,online,mma,381140272.0,,55201748.0,,,325938524.0,,,,28,False,False,CO_2023_02_hb1292.pdf,,,,1,0,https://sbg.colorado.gov/sites/sbg/files/documents/HB%2021-1292%20Report%20February%202023.pdf,https://sbg.colorado.gov/sports-betting-monthly-reports,CO/screenshots/CO_2023_02_CO_2023_02_summary_p1.png,,,2026-04-26T03:16:57.057960
CO,2023-02-01,2023-02-28,monthly,ALL,TOTAL,TOTAL,,online,boxing,130174855.0,,45212562.0,,,84962293.0,,,,28,False,False,CO_2023_02_hb1292.pdf,,,,1,0,https://sbg.colorado.gov/sites/sbg/files/documents/HB%2021-1292%20Report%20February%202023.pdf,https://sbg.colorado.gov/sports-betting-monthly-reports,CO/screenshots/CO_2023_02_CO_2023_02_summary_p1.png,,,2026-04-26T03:16:57.057960
CO,2023-03-01,2023-03-31,monthly,ALL,TOTAL,TOTAL,,retail,,451213617.0,121439275.0,121439275.0,,197731906.0,329774342.0,14362523.0,,0.269139206851552,31,False,False,CO_2023_03_hb1292.pdf,,,,1,0,https://sbg.colorado.gov/sites/sbg/files/documents/HB%2021-1292%20Report%20March%202023.pdf,https://sbg.colorado.gov/sports-betting-monthly-reports,CO/screenshots/CO_2023_03_CO_2023_03_summary_p1.png,,,2026-04-26T03:18:21.354945
CO,2023-03-01,2023-03-31,monthly,ALL,TOTAL,TOTAL,,online,,48992807342.0,4576322609.0,4576322609.0,1050841533.0,3525481076.0,44416484733.0,309957763.0,,0.0934080502277497,31,False,False,CO_2023_03_hb1292.pdf,,,,1,0,https://sbg.colorado.gov/sites/sbg/files/documents/HB%2021-1292%20Report%20March%202023.pdf,https://sbg.colorado.gov/sports-betting-monthly-reports,CO/screenshots/CO_2023_03_CO_2023_03_summary_p1.png,,,2026-04-26T03:18:21.354945
CO,2023-01-01,2023-01-31,monthly,ALL,TOTAL,TOTAL,,online,hockey,256090258.0,,-1962473853.0,,,2218564111.0,,,,31,False,False,CO_2023_01_hb1292.pdf,,,,1,0,https://sbg.colorado.gov/sites/sbg/files/documents/HB%2021-1292%20Report%20January%202023.pdf,https://sbg.colorado.gov/sports-betting-monthly-reports,CO/screenshots/CO_2023_01_CO_2023_01_summary_p1.png,,,2026-04-26T03:15:30.165384
CO,2023-01-01,2023-01-31,monthly,ALL,TOTAL,TOTAL,,online,other,2249485944.0,,-2704247203.0,,,4953733147.0,,,,31,False,False,CO_2023_01_hb1292.pdf,,,,1,0,https://sbg.colorado.gov/sites/sbg/files/documents/HB%2021-1292%20Report%20January%202023.pdf,https://sbg.colorado.gov/sports-betting-monthly-reports,CO/screenshots/CO_2023_01_CO_2023_01_summary_p1.png,,,2026-04-26T03:15:30.165384
CO,2024-07-01,2024-07-31,monthly,ALL,TOTAL,TOTAL,,online,baseball,9420301724.0,,,,,,,,,31,False,False,CO_2024_07_hb1292.pdf,,,,1,0,https://sbg.colorado.gov/sites/sbg/files/documents/HB%2021-1292%20Report%20July%202024.pdf,https://sbg.colorado.gov/sports-betting-monthly-reports,CO/screenshots/CO_2024_07_CO_2024_07_summary_p1.png,,,2026-04-26T03:40:21.145331
CO,2023-01-01,2023-01-31,monthly,ALL,TOTAL,TOTAL,,online,table_tennis,2240067830.0,,-9813078809.0,,,12053146639.0,,,,31,False,False,CO_2023_01_hb1292.pdf,,,,1,0,https://sbg.colorado.gov/sites/sbg/files/documents/HB%2021-1292%20Report%20January%202023.pdf,https://sbg.colorado.gov/sports-betting-monthly-reports,CO/screenshots/CO_2023_01_CO_2023_01_summary_p1.png,,,2026-04-26T03:15:30.165384
CO,2022-11-01,2022-11-30,monthly,ALL,TOTAL,TOTAL,,online,baseball,464720151.0,,-190389483.0,,,655109634.0,,,,30,False,False,CO_2022_11_hb1292.pdf,,,,1,0,https://sbg.colorado.gov/sites/sbg/files/documents/HB%2021-1292%20Report%20November%202022.pdf,https://sbg.colorado.gov/sports-betting-monthly-reports,CO/screenshots/CO_2022_11_CO_2022_11_summary_p1.png,,,2026-04-26T03:12:35.053523
CO,2022-11-01,2022-11-30,monthly,ALL,TOTAL,TOTAL,,online,mma,321477328.0,,-7896391.0,,,329373719.0,,,,30,False,False,CO_2022_11_hb1292.pdf,,,,1,0,https://sbg.colorado.gov/sites/sbg/files/documents/HB%2021-1292%20Report%20November%202022.pdf,https://sbg.colorado.gov/sports-betting-monthly-reports,CO/screenshots/CO_2022_11_CO_2022_11_summary_p1.png,,,2026-04-26T03:12:35.053523
CO,2022-12-01,2022-12-31,monthly,ALL,TOTAL,TOTAL,,retail,,-36641808107.0,25190829.0,25190829.0,954758.0,24236071.0,,2381274.0,,-0.0006874886994233,31,False,False,CO_2022_12_hb1292.pdf,,,,1,0,https://sbg.colorado.gov/sites/sbg/files/documents/HB%2021-1292%20Report%20December%202022%20%281%29.pdf,https://sbg.colorado.gov/sports-betting-monthly-reports,CO/screenshots/CO_2022_12_CO_2022_12_summary_p1.png,,,2026-04-26T03:14:01.250112
CO,2022-12-01,2022-12-31,monthly,ALL,TOTAL,TOTAL,,online,,51427241644.0,4065732958.0,4065732958.0,1505468987.0,2560263971.0,47361508686.0,255989866.0,,0.0790579628233735,31,False,False,CO_2022_12_hb1292.pdf,,,,1,0,https://sbg.colorado.gov/sites/sbg/files/documents/HB%2021-1292%20Report%20December%202022%20%281%29.pdf,https://sbg.colorado.gov/sports-betting-monthly-reports,CO/screenshots/CO_2022_12_CO_2022_12_summary_p1.png,,,2026-04-26T03:14:01.250112
CO,2022-12-01,2022-12-31,monthly,ALL,TOTAL,TOTAL,,online,basketball,14709571632.0,,,,,,,,,31,False,False,CO_2022_12_hb1292.pdf,,,,1,0,https://sbg.colorado.gov/sites/sbg/files/documents/HB%2021-1292%20Report%20December%202022%20%281%29.pdf,https://sbg.colorado.gov/sports-betting-monthly-reports,CO/screenshots/CO_2022_12_CO_2022_12_summary_p1.png,,,2026-04-26T03:14:01.250112
CO,2022-12-01,2022-12-31,monthly,ALL,TOTAL,TOTAL,,online,football,13578748122.0,,,,,,,,,31,False,False,CO_2022_12_hb1292.pdf,,,,1,0,https://sbg.colorado.gov/sites/sbg/files/documents/HB%2021-1292%20Report%20December%202022%20%281%29.pdf,https://sbg.colorado.gov/sports-betting-monthly-reports,CO/screenshots/CO_2022_12_CO_2022_12_summary_p1.png,,,2026-04-26T03:14:01.250112
CO,2022-12-01,2022-12-31,monthly,ALL,TOTAL,TOTAL,,online,soccer,2531396023.0,,,,,,,,,31,False,False,CO_2022_12_hb1292.pdf,,,,1,0,https://sbg.colorado.gov/sites/sbg/files/documents/HB%2021-1292%20Report%20December%202022%20%281%29.pdf,https://sbg.colorado.gov/sports-betting-monthly-reports,CO/screenshots/CO_2022_12_CO_2022_12_summary_p1.png,,,2026-04-26T03:14:01.250112
CO,2022-12-01,2022-12-31,monthly,ALL,TOTAL,TOTAL,,online,hockey,1969425014.0,,,,,,,,,31,False,False,CO_2022_12_hb1292.pdf,,,,1,0,https://sbg.colorado.gov/sites/sbg/files/documents/HB%2021-1292%20Report%20December%202022%20%281%29.pdf,https://sbg.colorado.gov/sports-betting-monthly-reports,CO/screenshots/CO_2022_12_CO_2022_12_summary_p1.png,,,2026-04-26T03:14:01.250112
CO,2022-12-01,2022-12-31,monthly,ALL,TOTAL,TOTAL,,online,tennis,1036255861.0,,,,,,,,,31,False,False,CO_2022_12_hb1292.pdf,,,,1,0,https://sbg.colorado.gov/sites/sbg/files/documents/HB%2021-1292%20Report%20December%202022%20%281%29.pdf,https://sbg.colorado.gov/sports-betting-monthly-reports,CO/screenshots/CO_2022_12_CO_2022_12_summary_p1.png,,,2026-04-26T03:14:01.250112
CO,2022-12-01,2022-12-31,monthly,ALL,TOTAL,TOTAL,,online,table_tennis,514408302.0,,,,,,,,,31,False,False,CO_2022_12_hb1292.pdf,,,,1,0,https://sbg.colorado.gov/sites/sbg/files/documents/HB%2021-1292%20Report%20December%202022%20%281%29.pdf,https://sbg.colorado.gov/sports-betting-monthly-reports,CO/screenshots/CO_2022_12_CO_2022_12_summary_p1.png,,,2026-04-26T03:14:01.250112
CO,2022-12-01,2022-12-31,monthly,ALL,TOTAL,TOTAL,,online,mma,378888743.0,,,,,,,,,31,False,False,CO_2022_12_hb1292.pdf,,,,1,0,https://sbg.colorado.gov/sites/sbg/files/documents/HB%2021-1292%20Report%20December%202022%20%281%29.pdf,https://sbg.colorado.gov/sports-betting-monthly-reports,CO/screenshots/CO_2022_12_CO_2022_12_summary_p1.png,,,2026-04-26T03:14:01.250112
CO,2022-12-01,2022-12-31,monthly,ALL,TOTAL,TOTAL,,online,other,81644215.0,,,,,,,,,31,False,False,CO_2022_12_hb1292.pdf,,,,1,0,https://sbg.colorado.gov/sites/sbg/files/documents/HB%2021-1292%20Report%20December%202022%20%281%29.pdf,https://sbg.colorado.gov/sports-betting-monthly-reports,CO/screenshots/CO_2022_12_CO_2022_12_summary_p1.png,,,2026-04-26T03:14:01.250112
CO,2023-01-01,2023-01-31,monthly,ALL,TOTAL,TOTAL,,retail,,494142949.0,10659215.0,10659215.0,1241101.0,9418114.0,483483734.0,2555435.0,,0.0215711162560775,31,False,False,CO_2023_01_hb1292.pdf,,,,1,0,https://sbg.colorado.gov/sites/sbg/files/documents/HB%2021-1292%20Report%20January%202023.pdf,https://sbg.colorado.gov/sports-betting-monthly-reports,CO/screenshots/CO_2023_01_CO_2023_01_summary_p1.png,,,2026-04-26T03:15:30.165384
CO,2023-01-01,2023-01-31,monthly,ALL,TOTAL,TOTAL,,online,,54224759549.0,3537596968.0,3537596968.0,1297529138.0,2240067830.0,50687162581.0,256090258.0,,0.0652395141522621,31,False,False,CO_2023_01_hb1292.pdf,,,,1,0,https://sbg.colorado.gov/sites/sbg/files/documents/HB%2021-1292%20Report%20January%202023.pdf,https://sbg.colorado.gov/sports-betting-monthly-reports,CO/screenshots/CO_2023_01_CO_2023_01_summary_p1.png,,,2026-04-26T03:15:30.165384
CO,2023-01-01,2023-01-31,monthly,ALL,TOTAL,TOTAL,,online,mma,9418114.0,,-17685672096.0,,,17695090210.0,,,,31,False,False,CO_2023_01_hb1292.pdf,,,,1,0,https://sbg.colorado.gov/sites/sbg/files/documents/HB%2021-1292%20Report%20January%202023.pdf,https://sbg.colorado.gov/sports-betting-monthly-reports,CO/screenshots/CO_2023_01_CO_2023_01_summary_p1.png,,,2026-04-26T03:15:30.165384
CO,2023-03-01,2023-03-31,monthly,ALL,TOTAL,TOTAL,,retail,basketball,17244292.0,,,,,,,,,31,False,False,CO_2023_03_hb1292.pdf,,,,1,0,https://sbg.colorado.gov/sites/sbg/files/documents/HB%2021-1292%20Report%20March%202023.pdf,https://sbg.colorado.gov/sports-betting-monthly-reports,CO/screenshots/CO_2023_03_CO_2023_03_summary_p1.png,,,2026-04-26T03:18:21.354945
CO,2023-03-01,2023-03-31,monthly,ALL,TOTAL,TOTAL,,online,basketball,19179304631.0,,,,,,,,,31,False,False,CO_2023_03_hb1292.pdf,,,,1,0,https://sbg.colorado.gov/sites/sbg/files/documents/HB%2021-1292%20Report%20March%202023.pdf,https://sbg.colorado.gov/sports-betting-monthly-reports,CO/screenshots/CO_2023_03_CO_2023_03_summary_p1.png,,,2026-04-26T03:18:21.354945
CO,2023-03-01,2023-03-31,monthly,ALL,TOTAL,TOTAL,,retail,other,16122034.0,,,,,,,,,31,False,False,CO_2023_03_hb1292.pdf,,,,1,0,https://sbg.colorado.gov/sites/sbg/files/documents/HB%2021-1292%20Report%20March%202023.pdf,https://sbg.colorado.gov/sports-betting-monthly-reports,CO/screenshots/CO_2023_03_CO_2023_03_summary_p1.png,,,2026-04-26T03:18:21.354945
CO,2023-04-01,2023-04-30,monthly,ALL,TOTAL,TOTAL,,online,soccer,202022147.0,,,,,,,,,30,False,False,CO_2023_04_hb1292.pdf,,,,1,0,https://sbg.colorado.gov/sites/sbg/files/documents/HB%2021-1292%20Report%20April%202023%20v.2_0.pdf,https://sbg.colorado.gov/sports-betting-monthly-reports,CO/screenshots/CO_2023_04_CO_2023_04_summary_p1.png,,,2026-04-26T03:19:42.366170
CO,2023-05-01,2023-05-31,monthly,ALL,TOTAL,TOTAL,,retail,,318741859.0,21643332.0,21643332.0,794618.0,20848714.0,297098527.0,1874479.0,,0.0679023836652719,31,False,False,CO_2023_05_hb1292.pdf,,,,1,0,https://sbg.colorado.gov/sites/sbg/files/documents/HB%2021-1292%20Report%20May%202023.pdf,https://sbg.colorado.gov/sports-betting-monthly-reports,CO/screenshots/CO_2023_05_CO_2023_05_summary_p1.png,,,2026-04-26T03:21:01.646811
CO,2023-05-01,2023-05-31,monthly,ALL,TOTAL,TOTAL,,online,,38205471700.0,3119046971.0,3119046971.0,937652771.0,2181394200.0,35086424729.0,219933930.0,,0.0816387504777228,31,False,False,CO_2023_05_hb1292.pdf,,,,1,0,https://sbg.colorado.gov/sites/sbg/files/documents/HB%2021-1292%20Report%20May%202023.pdf,https://sbg.colorado.gov/sports-betting-monthly-reports,CO/screenshots/CO_2023_05_CO_2023_05_summary_p1.png,,,2026-04-26T03:21:01.646811
CO,2023-05-01,2023-05-31,monthly,ALL,TOTAL,TOTAL,,online,basketball,12270418868.0,,490160550.0,,,11780258318.0,,,,31,False,False,CO_2023_05_hb1292.pdf,,,,1,0,https://sbg.colorado.gov/sites/sbg/files/documents/HB%2021-1292%20Report%20May%202023.pdf,https://sbg.colorado.gov/sports-betting-monthly-reports,CO/screenshots/CO_2023_05_CO_2023_05_summary_p1.png,,,2026-04-26T03:21:01.646811
CO,2023-05-01,2023-05-31,monthly,ALL,TOTAL,TOTAL,,online,baseball,9080437651.0,,-26005987078.0,,,35086424729.0,,,,31,False,False,CO_2023_05_hb1292.pdf,,,,1,0,https://sbg.colorado.gov/sites/sbg/files/documents/HB%2021-1292%20Report%20May%202023.pdf,https://sbg.colorado.gov/sports-betting-monthly-reports,CO/screenshots/CO_2023_05_CO_2023_05_summary_p1.png,,,2026-04-26T03:21:01.646811
CO,2023-05-01,2023-05-31,monthly,ALL,TOTAL,TOTAL,,online,tennis,2861836861.0,,,,,,,,,31,False,False,CO_2023_05_hb1292.pdf,,,,1,0,https://sbg.colorado.gov/sites/sbg/files/documents/HB%2021-1292%20Report%20May%202023.pdf,https://sbg.colorado.gov/sports-betting-monthly-reports,CO/screenshots/CO_2023_05_CO_2023_05_summary_p1.png,,,2026-04-26T03:21:01.646811
CO,2023-05-01,2023-05-31,monthly,ALL,TOTAL,TOTAL,,online,soccer,1786150963.0,,,,,,,,,31,False,False,CO_2023_05_hb1292.pdf,,,,1,0,https://sbg.colorado.gov/sites/sbg/files/documents/HB%2021-1292%20Report%20May%202023.pdf,https://sbg.colorado.gov/sports-betting-monthly-reports,CO/screenshots/CO_2023_05_CO_2023_05_summary_p1.png,,,2026-04-26T03:21:01.646811
CO,2023-05-01,2023-05-31,monthly,ALL,TOTAL,TOTAL,,online,hockey,1447666315.0,,,,,,,,,31,False,False,CO_2023_05_hb1292.pdf,,,,1,0,https://sbg.colorado.gov/sites/sbg/files/documents/HB%2021-1292%20Report%20May%202023.pdf,https://sbg.colorado.gov/sports-betting-monthly-reports,CO/screenshots/CO_2023_05_CO_2023_05_summary_p1.png,,,2026-04-26T03:21:01.646811
CO,2023-05-01,2023-05-31,monthly,ALL,TOTAL,TOTAL,,online,table_tennis,925602583.0,,,,,,,,,31,False,False,CO_2023_05_hb1292.pdf,,,,1,0,https://sbg.colorado.gov/sites/sbg/files/documents/HB%2021-1292%20Report%20May%202023.pdf,https://sbg.colorado.gov/sports-betting-monthly-reports,CO/screenshots/CO_2023_05_CO_2023_05_summary_p1.png,,,2026-04-26T03:21:01.646811
CO,2023-05-01,2023-05-31,monthly,ALL,TOTAL,TOTAL,,online,golf,712882885.0,,,,,,,,,31,False,False,CO_2023_05_hb1292.pdf,,,,1,0,https://sbg.colorado.gov/sites/sbg/files/documents/HB%2021-1292%20Report%20May%202023.pdf,https://sbg.colorado.gov/sports-betting-monthly-reports,CO/screenshots/CO_2023_05_CO_2023_05_summary_p1.png,,,2026-04-26T03:21:01.646811
CO,2023-05-01,2023-05-31,monthly,ALL,TOTAL,TOTAL,,online,mma,258515000.0,,,,,,,,,31,False,False,CO_2023_05_hb1292.pdf,,,,1,0,https://sbg.colorado.gov/sites/sbg/files/documents/HB%2021-1292%20Report%20May%202023.pdf,https://sbg.colorado.gov/sports-betting-monthly-reports,CO/screenshots/CO_2023_05_CO_2023_05_summary_p1.png,,,2026-04-26T03:21:01.646811
CO,2023-05-01,2023-05-31,monthly,ALL,TOTAL,TOTAL,,online,boxing,92695602.0,,,,,,,,,31,False,False,CO_2023_05_hb1292.pdf,,,,1,0,https://sbg.colorado.gov/sites/sbg/files/documents/HB%2021-1292%20Report%20May%202023.pdf,https://sbg.colorado.gov/sports-betting-monthly-reports,CO/screenshots/CO_2023_05_CO_2023_05_summary_p1.png,,,2026-04-26T03:21:01.646811
CO,2023-05-01,2023-05-31,monthly,ALL,TOTAL,TOTAL,,online,football,85898590.0,,,,,,,,,31,False,False,CO_2023_05_hb1292.pdf,,,,1,0,https://sbg.colorado.gov/sites/sbg/files/documents/HB%2021-1292%20Report%20May%202023.pdf,https://sbg.colorado.gov/sports-betting-monthly-reports,CO/screenshots/CO_2023_05_CO_2023_05_summary_p1.png,,,2026-04-26T03:21:01.646811
CO,2023-06-01,2023-06-30,monthly,ALL,TOTAL,TOTAL,,retail,,244186469.0,-67406133.0,-67406133.0,,-68016251.0,311592602.0,,,-0.276043686106129,30,False,False,CO_2023_06_hb1292.pdf,,,,1,0,https://sbg.colorado.gov/sites/sbg/files/documents/HB%2021-1292%20Report%20June%202023.pdf,https://sbg.colorado.gov/sports-betting-monthly-reports,CO/screenshots/CO_2023_06_CO_2023_06_summary_p1.png,,,2026-04-26T03:22:20.064330
CO,2023-06-01,2023-06-30,monthly,ALL,TOTAL,TOTAL,,online,,30821461370.0,989772263.0,989772263.0,724352893.0,265419370.0,29831689107.0,44195058.0,,0.0321130867585465,30,False,False,CO_2023_06_hb1292.pdf,,,,1,0,https://sbg.colorado.gov/sites/sbg/files/documents/HB%2021-1292%20Report%20June%202023.pdf,https://sbg.colorado.gov/sports-betting-monthly-reports,CO/screenshots/CO_2023_06_CO_2023_06_summary_p1.png,,,2026-04-26T03:22:20.064330
CO,2023-06-01,2023-06-30,monthly,ALL,TOTAL,TOTAL,,online,baseball,10352173569.0,,,,,,,,,30,False,False,CO_2023_06_hb1292.pdf,,,,1,0,https://sbg.colorado.gov/sites/sbg/files/documents/HB%2021-1292%20Report%20June%202023.pdf,https://sbg.colorado.gov/sports-betting-monthly-reports,CO/screenshots/CO_2023_06_CO_2023_06_summary_p1.png,,,2026-04-26T03:22:20.064330
CO,2023-06-01,2023-06-30,monthly,ALL,TOTAL,TOTAL,,online,basketball,5722939858.0,,,,,,,,,30,False,False,CO_2023_06_hb1292.pdf,,,,1,0,https://sbg.colorado.gov/sites/sbg/files/documents/HB%2021-1292%20Report%20June%202023.pdf,https://sbg.colorado.gov/sports-betting-monthly-reports,CO/screenshots/CO_2023_06_CO_2023_06_summary_p1.png,,,2026-04-26T03:22:20.064330
CO,2023-04-01,2023-04-30,monthly,ALL,TOTAL,TOTAL,,online,golf,491055326.0,,,,,,,,,30,False,False,CO_2023_04_hb1292.pdf,,,,1,0,https://sbg.colorado.gov/sites/sbg/files/documents/HB%2021-1292%20Report%20April%202023%20v.2_0.pdf,https://sbg.colorado.gov/sports-betting-monthly-reports,CO/screenshots/CO_2023_04_CO_2023_04_summary_p1.png,,,2026-04-26T03:19:42.366170
CO,2023-04-01,2023-04-30,monthly,ALL,TOTAL,TOTAL,,online,boxing,541389894.0,,,,,,,,,30,False,False,CO_2023_04_hb1292.pdf,,,,1,0,https://sbg.colorado.gov/sites/sbg/files/documents/HB%2021-1292%20Report%20April%202023%20v.2_0.pdf,https://sbg.colorado.gov/sports-betting-monthly-reports,CO/screenshots/CO_2023_04_CO_2023_04_summary_p1.png,,,2026-04-26T03:19:42.366170
CO,2023-04-01,2023-04-30,monthly,ALL,TOTAL,TOTAL,,online,mma,663542253.0,,,,,,,,,30,False,False,CO_2023_04_hb1292.pdf,,,,1,0,https://sbg.colorado.gov/sites/sbg/files/documents/HB%2021-1292%20Report%20April%202023%20v.2_0.pdf,https://sbg.colorado.gov/sports-betting-monthly-reports,CO/screenshots/CO_2023_04_CO_2023_04_summary_p1.png,,,2026-04-26T03:19:42.366170
CO,2023-03-01,2023-03-31,monthly,ALL,TOTAL,TOTAL,,online,mma,548364260.0,,,,,,,,,31,False,False,CO_2023_03_hb1292.pdf,,,,1,0,https://sbg.colorado.gov/sites/sbg/files/documents/HB%2021-1292%20Report%20March%202023.pdf,https://sbg.colorado.gov/sports-betting-monthly-reports,CO/screenshots/CO_2023_03_CO_2023_03_summary_p1.png,,,2026-04-26T03:18:21.354945
CO,2023-03-01,2023-03-31,monthly,ALL,TOTAL,TOTAL,,retail,hockey,344663.0,,,,,,,,,31,False,False,CO_2023_03_hb1292.pdf,,,,1,0,https://sbg.colorado.gov/sites/sbg/files/documents/HB%2021-1292%20Report%20March%202023.pdf,https://sbg.colorado.gov/sports-betting-monthly-reports,CO/screenshots/CO_2023_03_CO_2023_03_summary_p1.png,,,2026-04-26T03:18:21.354945
CO,2023-03-01,2023-03-31,monthly,ALL,TOTAL,TOTAL,,online,hockey,2512247579.0,,,,,,,,,31,False,False,CO_2023_03_hb1292.pdf,,,,1,0,https://sbg.colorado.gov/sites/sbg/files/documents/HB%2021-1292%20Report%20March%202023.pdf,https://sbg.colorado.gov/sports-betting-monthly-reports,CO/screenshots/CO_2023_03_CO_2023_03_summary_p1.png,,,2026-04-26T03:18:21.354945
CO,2023-03-01,2023-03-31,monthly,ALL,TOTAL,TOTAL,,online,tennis,2508098017.0,,,,,,,,,31,False,False,CO_2023_03_hb1292.pdf,,,,1,0,https://sbg.colorado.gov/sites/sbg/files/documents/HB%2021-1292%20Report%20March%202023.pdf,https://sbg.colorado.gov/sports-betting-monthly-reports,CO/screenshots/CO_2023_03_CO_2023_03_summary_p1.png,,,2026-04-26T03:18:21.354945
CO,2023-03-01,2023-03-31,monthly,ALL,TOTAL,TOTAL,,online,soccer,1929717598.0,,,,,,,,,31,False,False,CO_2023_03_hb1292.pdf,,,,1,0,https://sbg.colorado.gov/sites/sbg/files/documents/HB%2021-1292%20Report%20March%202023.pdf,https://sbg.colorado.gov/sports-betting-monthly-reports,CO/screenshots/CO_2023_03_CO_2023_03_summary_p1.png,,,2026-04-26T03:18:21.354945
CO,2023-03-01,2023-03-31,monthly,ALL,TOTAL,TOTAL,,online,baseball,802721829.0,,,,,,,,,31,False,False,CO_2023_03_hb1292.pdf,,,,1,0,https://sbg.colorado.gov/sites/sbg/files/documents/HB%2021-1292%20Report%20March%202023.pdf,https://sbg.colorado.gov/sports-betting-monthly-reports,CO/screenshots/CO_2023_03_CO_2023_03_summary_p1.png,,,2026-04-26T03:18:21.354945
CO,2023-03-01,2023-03-31,monthly,ALL,TOTAL,TOTAL,,online,golf,718750172.0,,,,,,,,,31,False,False,CO_2023_03_hb1292.pdf,,,,1,0,https://sbg.colorado.gov/sites/sbg/files/documents/HB%2021-1292%20Report%20March%202023.pdf,https://sbg.colorado.gov/sports-betting-monthly-reports,CO/screenshots/CO_2023_03_CO_2023_03_summary_p1.png,,,2026-04-26T03:18:21.354945
CO,2023-03-01,2023-03-31,monthly,ALL,TOTAL,TOTAL,,online,table_tennis,658114566.0,,,,,,,,,31,False,False,CO_2023_03_hb1292.pdf,,,,1,0,https://sbg.colorado.gov/sites/sbg/files/documents/HB%2021-1292%20Report%20March%202023.pdf,https://sbg.colorado.gov/sports-betting-monthly-reports,CO/screenshots/CO_2023_03_CO_2023_03_summary_p1.png,,,2026-04-26T03:18:21.354945
CO,2023-03-01,2023-03-31,monthly,ALL,TOTAL,TOTAL,,online,other,105314482.0,,,,,,,,,31,False,False,CO_2023_03_hb1292.pdf,,,,1,0,https://sbg.colorado.gov/sites/sbg/files/documents/HB%2021-1292%20Report%20March%202023.pdf,https://sbg.colorado.gov/sports-betting-monthly-reports,CO/screenshots/CO_2023_03_CO_2023_03_summary_p1.png,,,2026-04-26T03:18:21.354945
CO,2023-04-01,2023-04-30,monthly,ALL,TOTAL,TOTAL,,online,other,1033648546.0,,,,,,,,,30,False,False,CO_2023_04_hb1292.pdf,,,,1,0,https://sbg.colorado.gov/sites/sbg/files/documents/HB%2021-1292%20Report%20April%202023%20v.2_0.pdf,https://sbg.colorado.gov/sports-betting-monthly-reports,CO/screenshots/CO_2023_04_CO_2023_04_summary_p1.png,,,2026-04-26T03:19:42.366170
CO,2023-04-01,2023-04-30,monthly,ALL,TOTAL,TOTAL,,retail,,343797118.0,22588419.0,22588419.0,861856.0,21726563.0,321208699.0,3659529.0,,0.0657027584506976,30,False,False,CO_2023_04_hb1292.pdf,,,,1,0,https://sbg.colorado.gov/sites/sbg/files/documents/HB%2021-1292%20Report%20April%202023%20v.2_0.pdf,https://sbg.colorado.gov/sports-betting-monthly-reports,CO/screenshots/CO_2023_04_CO_2023_04_summary_p1.png,,,2026-04-26T03:19:42.366170
CO,2023-04-01,2023-04-30,monthly,ALL,TOTAL,TOTAL,,online,,41437617584.0,3492270759.0,3492270759.0,928422801.0,2563847958.0,37945346825.0,254601957.0,,0.0842777882179318,30,False,False,CO_2023_04_hb1292.pdf,,,,1,0,https://sbg.colorado.gov/sites/sbg/files/documents/HB%2021-1292%20Report%20April%202023%20v.2_0.pdf,https://sbg.colorado.gov/sports-betting-monthly-reports,CO/screenshots/CO_2023_04_CO_2023_04_summary_p1.png,,,2026-04-26T03:19:42.366170
CO,2023-04-01,2023-04-30,monthly,ALL,TOTAL,TOTAL,,online,basketball,13544714484.0,,,,,,,,,30,False,False,CO_2023_04_hb1292.pdf,,,,1,0,https://sbg.colorado.gov/sites/sbg/files/documents/HB%2021-1292%20Report%20April%202023%20v.2_0.pdf,https://sbg.colorado.gov/sports-betting-monthly-reports,CO/screenshots/CO_2023_04_CO_2023_04_summary_p1.png,,,2026-04-26T03:19:42.366170
CO,2023-04-01,2023-04-30,monthly,ALL,TOTAL,TOTAL,,online,baseball,8762568827.0,,,,,,,,,30,False,False,CO_2023_04_hb1292.pdf,,,,1,0,https://sbg.colorado.gov/sites/sbg/files/documents/HB%2021-1292%20Report%20April%202023%20v.2_0.pdf,https://sbg.colorado.gov/sports-betting-monthly-reports,CO/screenshots/CO_2023_04_CO_2023_04_summary_p1.png,,,2026-04-26T03:19:42.366170
CO,2023-04-01,2023-04-30,monthly,ALL,TOTAL,TOTAL,,online,hockey,3086135311.0,,,,,,,,,30,False,False,CO_2023_04_hb1292.pdf,,,,1,0,https://sbg.colorado.gov/sites/sbg/files/documents/HB%2021-1292%20Report%20April%202023%20v.2_0.pdf,https://sbg.colorado.gov/sports-betting-monthly-reports,CO/screenshots/CO_2023_04_CO_2023_04_summary_p1.png,,,2026-04-26T03:19:42.366170
CO,2023-04-01,2023-04-30,monthly,ALL,TOTAL,TOTAL,,online,tennis,1996349468.0,,,,,,,,,30,False,False,CO_2023_04_hb1292.pdf,,,,1,0,https://sbg.colorado.gov/sites/sbg/files/documents/HB%2021-1292%20Report%20April%202023%20v.2_0.pdf,https://sbg.colorado.gov/sports-betting-monthly-reports,CO/screenshots/CO_2023_04_CO_2023_04_summary_p1.png,,,2026-04-26T03:19:42.366170
CO,2023-04-01,2023-04-30,monthly,ALL,TOTAL,TOTAL,,online,table_tennis,1812099025.0,,,,,,,,,30,False,False,CO_2023_04_hb1292.pdf,,,,1,0,https://sbg.colorado.gov/sites/sbg/files/documents/HB%2021-1292%20Report%20April%202023%20v.2_0.pdf,https://sbg.colorado.gov/sports-betting-monthly-reports,CO/screenshots/CO_2023_04_CO_2023_04_summary_p1.png,,,2026-04-26T03:19:42.366170
CO,2022-11-01,2022-11-30,monthly,ALL,TOTAL,TOTAL,,online,table_tennis,607145422.0,,44669995.0,,,562475427.0,,,,30,False,False,CO_2022_11_hb1292.pdf,,,,1,0,https://sbg.colorado.gov/sites/sbg/files/documents/HB%2021-1292%20Report%20November%202022.pdf,https://sbg.colorado.gov/sports-betting-monthly-reports,CO/screenshots/CO_2022_11_CO_2022_11_summary_p1.png,,,2026-04-26T03:12:35.053523
CO,2022-11-01,2022-11-30,monthly,ALL,TOTAL,TOTAL,,online,tennis,1864927322.0,,162569284.0,,,1702358038.0,,,,30,False,False,CO_2022_11_hb1292.pdf,,,,1,0,https://sbg.colorado.gov/sites/sbg/files/documents/HB%2021-1292%20Report%20November%202022.pdf,https://sbg.colorado.gov/sports-betting-monthly-reports,CO/screenshots/CO_2022_11_CO_2022_11_summary_p1.png,,,2026-04-26T03:12:35.053523
CO,2022-11-01,2022-11-30,monthly,ALL,TOTAL,TOTAL,,online,hockey,1935098869.0,,136747531.0,,,1798351338.0,,,,30,False,False,CO_2022_11_hb1292.pdf,,,,1,0,https://sbg.colorado.gov/sites/sbg/files/documents/HB%2021-1292%20Report%20November%202022.pdf,https://sbg.colorado.gov/sports-betting-monthly-reports,CO/screenshots/CO_2022_11_CO_2022_11_summary_p1.png,,,2026-04-26T03:12:35.053523
CO,2022-03-01,2022-03-31,monthly,ALL,TOTAL,TOTAL,,retail,,540802091.0,17932535.0,17932535.0,1344222.0,16588313.0,522869556.0,578351.0,,0.0331591450891782,31,False,False,CO_2022_03_hb1292.pdf,,,,1,0,https://sbg.colorado.gov/sites/sbg/files/documents/HB%2021-1292%20Report%20March%202022%20v.3.pdf,https://sbg.colorado.gov/sports-betting-monthly-reports,CO/screenshots/CO_2022_03_CO_2022_03_summary_p1.png,,,2026-04-26T03:08:52.650687
CO,2021-05-01,2021-05-31,monthly,ALL,TOTAL,TOTAL,,retail,,247956700.0,21049390.0,21049390.0,620052.0,20429338.0,229472556.0,1431935.0,,0.0848913943442544,31,False,False,CO_2021_05_summary.pdf,,,,1,0,,https://sbg.colorado.gov/sports-betting-monthly-reports,CO/screenshots/CO_2021_05_CO_2021_05_summary_p1.png,,,2026-04-26T03:07:14.264069
CO,2021-05-01,2021-05-31,monthly,ALL,TOTAL,TOTAL,,online,,24648862635.0,1494426668.0,1494426668.0,923729493.0,570697175.0,23154435967.0,62132130.0,,0.0606286257556564,31,False,False,CO_2021_05_summary.pdf,,,,1,0,,https://sbg.colorado.gov/sports-betting-monthly-reports,CO/screenshots/CO_2021_05_CO_2021_05_summary_p1.png,,,2026-04-26T03:07:14.264069
CO,2021-06-01,2021-06-30,monthly,ALL,TOTAL,TOTAL,,retail,,269043177.0,19594551.0,19594551.0,638823.0,18955728.0,249448626.0,1318645.0,,0.0728305070527768,30,False,False,CO_2021_06_summary.pdf,,,,1,0,,https://sbg.colorado.gov/sports-betting-monthly-reports,CO/screenshots/CO_2021_06_CO_2021_06_summary_p1.png,,,2026-04-26T03:07:21.549773
CO,2021-06-01,2021-06-30,monthly,ALL,TOTAL,TOTAL,,online,,22707425652.0,1953501189.0,1953501189.0,802059557.0,1151441632.0,20753924463.0,117326836.0,,0.0860291791301292,30,False,False,CO_2021_06_summary.pdf,,,,1,0,,https://sbg.colorado.gov/sports-betting-monthly-reports,CO/screenshots/CO_2021_06_CO_2021_06_summary_p1.png,,,2026-04-26T03:07:21.549773
CO,2021-07-01,2021-07-31,monthly,ALL,TOTAL,TOTAL,,retail,,220331894.0,24324465.0,24324465.0,545131.0,23779334.0,196007429.0,1916512.0,,0.1103992007621011,31,False,False,CO_2021_07_hb1292.pdf,,,,1,0,https://sbg.colorado.gov/sites/sbg/files/documents/HB%2021-1292%20Report%20July%202021%20v.2.pdf,https://sbg.colorado.gov/sports-betting-monthly-reports,CO/screenshots/CO_2021_07_CO_2021_07_summary_p1.png,,,2026-04-26T03:07:29.449765
CO,2021-07-01,2021-07-31,monthly,ALL,TOTAL,TOTAL,,online,,17912467598.0,1540921613.0,1540921613.0,604802587.0,936119026.0,16371545985.0,97994551.0,,0.0860250886467507,31,False,False,CO_2021_07_hb1292.pdf,,,,1,0,https://sbg.colorado.gov/sites/sbg/files/documents/HB%2021-1292%20Report%20July%202021%20v.2.pdf,https://sbg.colorado.gov/sports-betting-monthly-reports,CO/screenshots/CO_2021_07_CO_2021_07_summary_p1.png,,,2026-04-26T03:07:29.449765
CO,2021-08-01,2021-08-31,monthly,ALL,TOTAL,TOTAL,,retail,,364694762.0,23024587.0,23024587.0,901422.0,22123165.0,341670175.0,4661246.0,,0.0631338571295411,31,False,False,CO_2021_08_hb1292.pdf,,,,1,0,https://sbg.colorado.gov/sites/sbg/files/documents/16%20Monthly%20Summary%20%28August%20%2721%29%20Revised%20v.2.pdf,https://sbg.colorado.gov/sports-betting-monthly-reports,CO/screenshots/CO_2021_08_CO_2021_08_summary_p1.png,,,2026-04-26T03:07:43.846432
CO,2021-08-01,2021-08-31,monthly,ALL,TOTAL,TOTAL,,online,,20827123689.0,1499809741.0,1499809741.0,813279959.0,686529782.0,19327313948.0,68190548.0,,0.0720123317744608,31,False,False,CO_2021_08_hb1292.pdf,,,,1,0,https://sbg.colorado.gov/sites/sbg/files/documents/16%20Monthly%20Summary%20%28August%20%2721%29%20Revised%20v.2.pdf,https://sbg.colorado.gov/sports-betting-monthly-reports,CO/screenshots/CO_2021_08_CO_2021_08_summary_p1.png,,,2026-04-26T03:07:43.846432
CO,2021-09-01,2021-09-30,monthly,ALL,TOTAL,TOTAL,,retail,,555687194.0,33660606.0,33660606.0,1372487.0,32288119.0,522026588.0,2372896.0,,0.0605747376643702,30,False,False,CO_2021_09_hb1292.pdf,,,,1,0,https://sbg.colorado.gov/sites/sbg/files/documents/HB%2021-1292%20Report%20September%202021%20v.2.pdf,https://sbg.colorado.gov/sports-betting-monthly-reports,CO/screenshots/CO_2021_09_CO_2021_09_summary_p1.png,,,2026-04-26T03:07:51.863673
CO,2021-09-01,2021-09-30,monthly,ALL,TOTAL,TOTAL,,online,,40275775295.0,2232202359.0,2232202359.0,2082832444.0,149369915.0,38043572936.0,45931881.0,,0.0554229519518924,30,False,False,CO_2021_09_hb1292.pdf,,,,1,0,https://sbg.colorado.gov/sites/sbg/files/documents/HB%2021-1292%20Report%20September%202021%20v.2.pdf,https://sbg.colorado.gov/sports-betting-monthly-reports,CO/screenshots/CO_2021_09_CO_2021_09_summary_p1.png,,,2026-04-26T03:07:51.863673
CO,2021-10-01,2021-10-31,monthly,ALL,TOTAL,TOTAL,,retail,,813859513.0,38348995.0,38348995.0,2024173.0,36324822.0,775510518.0,3596621.0,,0.0471199198233123,31,False,False,CO_2021_10_hb1292.pdf,,,,1,0,https://sbg.colorado.gov/sites/sbg/files/documents/HB%2021-1292%20Report%20October%202021%20v.2.pdf,https://sbg.colorado.gov/sports-betting-monthly-reports,CO/screenshots/CO_2021_10_CO_2021_10_summary_p1.png,,,2026-04-26T03:08:01.866770
CO,2021-10-01,2021-10-31,monthly,ALL,TOTAL,TOTAL,,online,,48331474645.0,2823321769.0,2823321769.0,1881074934.0,942246835.0,45508152876.0,121083823.0,,0.0584158002572362,31,False,False,CO_2021_10_hb1292.pdf,,,,1,0,https://sbg.colorado.gov/sites/sbg/files/documents/HB%2021-1292%20Report%20October%202021%20v.2.pdf,https://sbg.colorado.gov/sports-betting-monthly-reports,CO/screenshots/CO_2021_10_CO_2021_10_summary_p1.png,,,2026-04-26T03:08:01.866770
CO,2021-11-01,2021-11-30,monthly,ALL,TOTAL,TOTAL,,retail,,643392689.0,18940434.0,18940434.0,1593123.0,17347311.0,624452255.0,5542899.0,,0.029438373055557,30,False,False,CO_2021_11_hb1292.pdf,,,,1,0,https://sbg.colorado.gov/sites/sbg/files/documents/HB%2021-1292%20Report%20November%202021%20v.3.pdf,https://sbg.colorado.gov/sports-betting-monthly-reports,CO/screenshots/CO_2021_11_CO_2021_11_summary_p1.png,,,2026-04-26T03:08:10.147141
CO,2021-11-01,2021-11-30,monthly,ALL,TOTAL,TOTAL,,online,,46900730206.0,3659244362.0,3659244362.0,1742089694.0,1917154668.0,43241485842.0,192621132.0,,0.0780210531036012,30,False,False,CO_2021_11_hb1292.pdf,,,,1,0,https://sbg.colorado.gov/sites/sbg/files/documents/HB%2021-1292%20Report%20November%202021%20v.3.pdf,https://sbg.colorado.gov/sports-betting-monthly-reports,CO/screenshots/CO_2021_11_CO_2021_11_summary_p1.png,,,2026-04-26T03:08:10.147141
CO,2021-12-01,2021-12-31,monthly,ALL,TOTAL,TOTAL,,retail,,651137809.0,15645481.0,15645481.0,1606080.0,14039401.0,635492328.0,1370687.0,,0.0240279105033509,31,False,False,CO_2021_12_hb1292.pdf,,,,1,0,https://sbg.colorado.gov/sites/sbg/files/documents/20%20Monthly%20Summary%20%28December%20%2721%29%20Revised%20v.2.pdf,https://sbg.colorado.gov/sports-betting-monthly-reports,CO/screenshots/CO_2021_12_CO_2021_12_summary_p1.png,,,2026-04-26T03:08:25.062574
CO,2021-12-01,2021-12-31,monthly,ALL,TOTAL,TOTAL,,online,,45493719561.0,2457603199.0,2457603199.0,1946282564.0,511320635.0,43036116362.0,75685402.0,,0.0540207136878473,31,False,False,CO_2021_12_hb1292.pdf,,,,1,0,https://sbg.colorado.gov/sites/sbg/files/documents/20%20Monthly%20Summary%20%28December%20%2721%29%20Revised%20v.2.pdf,https://sbg.colorado.gov/sports-betting-monthly-reports,CO/screenshots/CO_2021_12_CO_2021_12_summary_p1.png,,,2026-04-26T03:08:25.062574
CO,2022-02-01,2022-02-28,monthly,ALL,TOTAL,TOTAL,,retail,,558309316.0,-3612426.0,-3612426.0,,-5001169.0,561921742.0,1923232.0,,-0.006470295043402,28,False,False,CO_2022_02_hb1292.pdf,,,,1,0,https://sbg.colorado.gov/sites/sbg/files/documents/HB%2021-1292%20Report%20February%202022%20v.3.pdf,https://sbg.colorado.gov/sports-betting-monthly-reports,CO/screenshots/CO_2022_02_CO_2022_02_summary_p1.png,,,2026-04-26T03:08:44.960160
CO,2021-04-01,2021-04-30,monthly,ALL,TOTAL,TOTAL,,online,,24191988632.0,1737764792.0,1737764792.0,701631040.0,1036133752.0,22454223840.0,106164035.0,,0.0718322424185239,30,False,False,CO_2021_04_summary.pdf,,,,1,0,,https://sbg.colorado.gov/sports-betting-monthly-reports,CO/screenshots/CO_2021_04_CO_2021_04_summary_p1.png,,,2026-04-26T03:07:07.859545
CO,2021-04-01,2021-04-30,monthly,ALL,TOTAL,TOTAL,,retail,,252687414.0,18629120.0,18629120.0,608732.0,18020388.0,234058292.0,2217166.0,,0.0737239726550052,30,False,False,CO_2021_04_summary.pdf,,,,1,0,,https://sbg.colorado.gov/sports-betting-monthly-reports,CO/screenshots/CO_2021_04_CO_2021_04_summary_p1.png,,,2026-04-26T03:07:07.859545
CO,2021-03-01,2021-03-31,monthly,ALL,TOTAL,TOTAL,,online,,29521110289.0,2137686243.0,2137686243.0,971900082.0,1165786161.0,27383424046.0,101939733.0,,0.072412122107634,31,False,False,CO_2021_03_summary.pdf,,,,1,0,,https://sbg.colorado.gov/sports-betting-monthly-reports,CO/screenshots/CO_2021_03_CO_2021_03_summary_p1.png,,,2026-04-26T03:06:59.955505
CO,2020-10-01,2020-10-31,monthly,ALL,TOTAL,TOTAL,,online,,20644115359.0,1672446566.0,1672446566.0,774950387.0,897496179.0,18971668793.0,73969512.0,,0.0810132348573067,31,False,False,CO_2020_10_summary.pdf,,,,1,0,,https://sbg.colorado.gov/sports-betting-monthly-reports,CO/screenshots/CO_2020_10_CO_2020_10_summary_p1.png,,,2026-04-26T03:06:23.448720
CO,2020-07-01,2020-07-31,monthly,ALL,TOTAL,TOTAL,,retail,,58281469.0,16555957.0,16555957.0,130123.0,16425834.0,41725512.0,1595087.0,,0.2840689722491381,31,False,False,CO_2020_07_summary.pdf,,,,1,0,,https://sbg.colorado.gov/sports-betting-monthly-reports,CO/screenshots/CO_2020_07_CO_2020_07_summary_p1.png,,,2026-04-26T03:06:01.260456
CO,2020-07-01,2020-07-31,monthly,ALL,TOTAL,TOTAL,,online,,5860080504.0,503103909.0,503103909.0,277798642.0,225305267.0,5356976595.0,22320219.0,,0.0858527299508239,31,False,False,CO_2020_07_summary.pdf,,,,1,0,,https://sbg.colorado.gov/sports-betting-monthly-reports,CO/screenshots/CO_2020_07_CO_2020_07_summary_p1.png,,,2026-04-26T03:06:01.260456
CO,2020-08-01,2020-08-31,monthly,ALL,TOTAL,TOTAL,,retail,,197997118.0,24372892.0,24372892.0,466850.0,23906042.0,173624226.0,2390605.0,,0.1230972058896332,31,False,False,CO_2020_08_summary.pdf,,,,1,0,,https://sbg.colorado.gov/sports-betting-monthly-reports,CO/screenshots/CO_2020_08_CO_2020_08_summary_p1.png,,,2026-04-26T03:06:07.854868
CO,2020-08-01,2020-08-31,monthly,ALL,TOTAL,TOTAL,,online,,12666623791.0,727586975.0,727586975.0,563701904.0,163885071.0,11939036816.0,16542001.0,,0.057441271407853,31,False,False,CO_2020_08_summary.pdf,,,,1,0,,https://sbg.colorado.gov/sports-betting-monthly-reports,CO/screenshots/CO_2020_08_CO_2020_08_summary_p1.png,,,2026-04-26T03:06:07.854868
CO,2020-09-01,2020-09-30,monthly,ALL,TOTAL,TOTAL,,retail,,377314931.0,40325930.0,40325930.0,910271.0,39415659.0,336989001.0,3941567.0,,0.1068760515072222,30,False,False,CO_2020_09_summary.pdf,,,,1,0,,https://sbg.colorado.gov/sports-betting-monthly-reports,CO/screenshots/CO_2020_09_CO_2020_09_summary_p1.png,,,2026-04-26T03:06:15.563402
CO,2020-09-01,2020-09-30,monthly,ALL,TOTAL,TOTAL,,online,,20388279341.0,376307491.0,376307491.0,,-378834703.0,20011971850.0,3035599.0,,0.0184570499896605,30,False,False,CO_2020_09_summary.pdf,,,,1,0,,https://sbg.colorado.gov/sports-betting-monthly-reports,CO/screenshots/CO_2020_09_CO_2020_09_summary_p1.png,,,2026-04-26T03:06:15.563402
CO,2020-10-01,2020-10-31,monthly,ALL,TOTAL,TOTAL,,retail,,427866768.0,67794304.0,67794304.0,994899.0,66799405.0,360072464.0,6692270.0,,0.1584472295357138,31,False,False,CO_2020_10_summary.pdf,,,,1,0,,https://sbg.colorado.gov/sports-betting-monthly-reports,CO/screenshots/CO_2020_10_CO_2020_10_summary_p1.png,,,2026-04-26T03:06:23.448720
CO,2020-11-01,2020-11-30,monthly,ALL,TOTAL,TOTAL,,retail,,436665528.0,70563714.0,70563714.0,1024977.0,69538737.0,366101814.0,7038364.0,,0.1615967129880699,30,False,False,CO_2020_11_summary.pdf,,,,1,0,,https://sbg.colorado.gov/sports-betting-monthly-reports,CO/screenshots/CO_2020_11_CO_2020_11_summary_p1.png,,,2026-04-26T03:06:30.755422
CO,2021-03-01,2021-03-31,monthly,ALL,TOTAL,TOTAL,,retail,,577973928.0,-101174309.0,-101174309.0,,-102584616.0,679148237.0,4161096.0,,-0.1750499531183005,31,False,False,CO_2021_03_summary.pdf,,,,1,0,,https://sbg.colorado.gov/sports-betting-monthly-reports,CO/screenshots/CO_2021_03_CO_2021_03_summary_p1.png,,,2026-04-26T03:06:59.955505
CO,2020-11-01,2020-11-30,monthly,ALL,TOTAL,TOTAL,,online,,22687218687.0,1764901794.0,1764901794.0,936697854.0,828203940.0,20922316893.0,71025180.0,,0.0777927792008857,30,False,False,CO_2020_11_summary.pdf,,,,1,0,,https://sbg.colorado.gov/sports-betting-monthly-reports,CO/screenshots/CO_2020_11_CO_2020_11_summary_p1.png,,,2026-04-26T03:06:30.755422
CO,2020-12-01,2020-12-31,monthly,ALL,TOTAL,TOTAL,,retail,,410756174.0,59219270.0,59219270.0,987207.0,58232063.0,351536904.0,5806517.0,,0.1441713448231699,31,False,False,CO_2020_12_summary.pdf,,,,1,0,,https://sbg.colorado.gov/sports-betting-monthly-reports,CO/screenshots/CO_2020_12_CO_2020_12_summary_p1.png,,,2026-04-26T03:06:37.954670
CO,2020-12-01,2020-12-31,monthly,ALL,TOTAL,TOTAL,,online,,28044390998.0,1655967395.0,1655967395.0,1146536709.0,509430686.0,26388423603.0,47342960.0,,0.059048078281254,31,False,False,CO_2020_12_summary.pdf,,,,1,0,,https://sbg.colorado.gov/sports-betting-monthly-reports,CO/screenshots/CO_2020_12_CO_2020_12_summary_p1.png,,,2026-04-26T03:06:37.954670
CO,2021-01-01,2021-01-31,monthly,ALL,TOTAL,TOTAL,,retail,,754935877.0,48127566.0,48127566.0,1832143.0,46295423.0,706808311.0,4726669.0,,0.0637505349345054,31,False,False,CO_2021_01_summary.pdf,,,,1,0,,https://sbg.colorado.gov/sports-betting-monthly-reports,CO/screenshots/CO_2021_01_CO_2021_01_summary_p1.png,,,2026-04-26T03:06:46.165196
CO,2021-01-01,2021-01-31,monthly,ALL,TOTAL,TOTAL,,online,,31935410329.0,2266325939.0,2266325939.0,1139615444.0,1126710495.0,29669084390.0,114742347.0,,0.0709659251486738,31,False,False,CO_2021_01_summary.pdf,,,,1,0,,https://sbg.colorado.gov/sports-betting-monthly-reports,CO/screenshots/CO_2021_01_CO_2021_01_summary_p1.png,,,2026-04-26T03:06:46.165196
CO,2021-02-01,2021-02-28,monthly,ALL,TOTAL,TOTAL,,retail,,832983719.0,-54743606.0,-54743606.0,,-56800407.0,887727325.0,1684138.0,,-0.0657198991424705,28,False,False,CO_2021_02_summary.pdf,,,,1,0,,https://sbg.colorado.gov/sports-betting-monthly-reports,CO/screenshots/CO_2021_02_CO_2021_02_summary_p1.png,,,2026-04-26T03:06:53.450554
CO,2021-02-01,2021-02-28,monthly,ALL,TOTAL,TOTAL,,online,,25821936948.0,1099224612.0,1099224612.0,1024896740.0,74327872.0,24722712336.0,31713510.0,,0.0425694096540321,28,False,False,CO_2021_02_summary.pdf,,,,1,0,,https://sbg.colorado.gov/sports-betting-monthly-reports,CO/screenshots/CO_2021_02_CO_2021_02_summary_p1.png,,,2026-04-26T03:06:53.450554
CO,2022-02-01,2022-02-28,monthly,ALL,TOTAL,TOTAL,,online,,43492532765.0,1964061446.0,1964061446.0,,-106861859.0,41528471319.0,29549903.0,,0.0451585897885567,28,False,False,CO_2022_02_hb1292.pdf,,,,1,0,https://sbg.colorado.gov/sites/sbg/files/documents/HB%2021-1292%20Report%20February%202022%20v.3.pdf,https://sbg.colorado.gov/sports-betting-monthly-reports,CO/screenshots/CO_2022_02_CO_2022_02_summary_p1.png,,,2026-04-26T03:08:44.960160
CO,2022-03-01,2022-03-31,monthly,ALL,TOTAL,TOTAL,,online,,50020305922.0,2805886880.0,2805886880.0,1517844663.0,1288042217.0,47214419042.0,130729222.0,,0.0560949564038134,31,False,False,CO_2022_03_hb1292.pdf,,,,1,0,https://sbg.colorado.gov/sites/sbg/files/documents/HB%2021-1292%20Report%20March%202022%20v.3.pdf,https://sbg.colorado.gov/sports-betting-monthly-reports,CO/screenshots/CO_2022_03_CO_2022_03_summary_p1.png,,,2026-04-26T03:08:52.650687
CO,2022-11-01,2022-11-30,monthly,ALL,TOTAL,TOTAL,,online,soccer,2752365735.0,,327499931.0,,,2424865804.0,,,,30,False,False,CO_2022_11_hb1292.pdf,,,,1,0,https://sbg.colorado.gov/sites/sbg/files/documents/HB%2021-1292%20Report%20November%202022.pdf,https://sbg.colorado.gov/sports-betting-monthly-reports,CO/screenshots/CO_2022_11_CO_2022_11_summary_p1.png,,,2026-04-26T03:12:35.053523
CO,2022-04-01,2022-04-30,monthly,ALL,TOTAL,TOTAL,,retail,,324622688.0,37997230.0,37997230.0,797573.0,37199657.0,286625458.0,3671936.0,,0.1170504447304681,30,False,False,CO_2022_04_hb1292.pdf,,,,1,0,https://sbg.colorado.gov/sites/sbg/files/documents/HB%2021-1292%20Report%20April%202022%20v.3.pdf,https://sbg.colorado.gov/sports-betting-monthly-reports,CO/screenshots/CO_2022_04_CO_2022_04_summary_p1.png,,,2026-04-26T03:09:01.166967
CO,2022-10-01,2022-10-31,monthly,ALL,TOTAL,TOTAL,,online,,52178825203.0,3624784635.0,3624784635.0,1542313619.0,2082471016.0,48554040568.0,230322113.0,,0.0694684983975376,31,False,False,CO_2022_10_hb1292.pdf,,,,1,0,https://sbg.colorado.gov/sites/sbg/files/documents/HB%2021-1292%20Report%20October%202022%20v.2.pdf,https://sbg.colorado.gov/sports-betting-monthly-reports,CO/screenshots/CO_2022_10_CO_2022_10_summary_p1.png,,,2026-04-26T03:11:07.261383
CO,2022-10-01,2022-10-31,monthly,ALL,TOTAL,TOTAL,,online,football,16982379658.0,,,,,,,,,31,False,False,CO_2022_10_hb1292.pdf,,,,1,0,https://sbg.colorado.gov/sites/sbg/files/documents/HB%2021-1292%20Report%20October%202022%20v.2.pdf,https://sbg.colorado.gov/sports-betting-monthly-reports,CO/screenshots/CO_2022_10_CO_2022_10_summary_p1.png,,,2026-04-26T03:11:07.261383
CO,2022-10-01,2022-10-31,monthly,ALL,TOTAL,TOTAL,,online,basketball,8512501041.0,,,,,,,,,31,False,False,CO_2022_10_hb1292.pdf,,,,1,0,https://sbg.colorado.gov/sites/sbg/files/documents/HB%2021-1292%20Report%20October%202022%20v.2.pdf,https://sbg.colorado.gov/sports-betting-monthly-reports,CO/screenshots/CO_2022_10_CO_2022_10_summary_p1.png,,,2026-04-26T03:11:07.261383
CO,2022-10-01,2022-10-31,monthly,ALL,TOTAL,TOTAL,,online,other,4952035898.0,,,,,,,,,31,False,False,CO_2022_10_hb1292.pdf,,,,1,0,https://sbg.colorado.gov/sites/sbg/files/documents/HB%2021-1292%20Report%20October%202022%20v.2.pdf,https://sbg.colorado.gov/sports-betting-monthly-reports,CO/screenshots/CO_2022_10_CO_2022_10_summary_p1.png,,,2026-04-26T03:11:07.261383
CO,2022-10-01,2022-10-31,monthly,ALL,TOTAL,TOTAL,,online,baseball,4173114597.0,,,,,,,,,31,False,False,CO_2022_10_hb1292.pdf,,,,1,0,https://sbg.colorado.gov/sites/sbg/files/documents/HB%2021-1292%20Report%20October%202022%20v.2.pdf,https://sbg.colorado.gov/sports-betting-monthly-reports,CO/screenshots/CO_2022_10_CO_2022_10_summary_p1.png,,,2026-04-26T03:11:07.261383
CO,2022-10-01,2022-10-31,monthly,ALL,TOTAL,TOTAL,,online,tennis,2442792314.0,,,,,,,,,31,False,False,CO_2022_10_hb1292.pdf,,,,1,0,https://sbg.colorado.gov/sites/sbg/files/documents/HB%2021-1292%20Report%20October%202022%20v.2.pdf,https://sbg.colorado.gov/sports-betting-monthly-reports,CO/screenshots/CO_2022_10_CO_2022_10_summary_p1.png,,,2026-04-26T03:11:07.261383
CO,2022-10-01,2022-10-31,monthly,ALL,TOTAL,TOTAL,,online,hockey,1669730216.0,,,,,,,,,31,False,False,CO_2022_10_hb1292.pdf,,,,1,0,https://sbg.colorado.gov/sites/sbg/files/documents/HB%2021-1292%20Report%20October%202022%20v.2.pdf,https://sbg.colorado.gov/sports-betting-monthly-reports,CO/screenshots/CO_2022_10_CO_2022_10_summary_p1.png,,,2026-04-26T03:11:07.261383
CO,2022-10-01,2022-10-31,monthly,ALL,TOTAL,TOTAL,,online,soccer,1632737176.0,,,,,,,,,31,False,False,CO_2022_10_hb1292.pdf,,,,1,0,https://sbg.colorado.gov/sites/sbg/files/documents/HB%2021-1292%20Report%20October%202022%20v.2.pdf,https://sbg.colorado.gov/sports-betting-monthly-reports,CO/screenshots/CO_2022_10_CO_2022_10_summary_p1.png,,,2026-04-26T03:11:07.261383
CO,2022-10-01,2022-10-31,monthly,ALL,TOTAL,TOTAL,,online,table_tennis,820470325.0,,,,,,,,,31,False,False,CO_2022_10_hb1292.pdf,,,,1,0,https://sbg.colorado.gov/sites/sbg/files/documents/HB%2021-1292%20Report%20October%202022%20v.2.pdf,https://sbg.colorado.gov/sports-betting-monthly-reports,CO/screenshots/CO_2022_10_CO_2022_10_summary_p1.png,,,2026-04-26T03:11:07.261383
CO,2022-10-01,2022-10-31,monthly,ALL,TOTAL,TOTAL,,online,mma,300551325.0,,,,,,,,,31,False,False,CO_2022_10_hb1292.pdf,,,,1,0,https://sbg.colorado.gov/sites/sbg/files/documents/HB%2021-1292%20Report%20October%202022%20v.2.pdf,https://sbg.colorado.gov/sports-betting-monthly-reports,CO/screenshots/CO_2022_10_CO_2022_10_summary_p1.png,,,2026-04-26T03:11:07.261383
CO,2022-10-01,2022-10-31,monthly,ALL,TOTAL,TOTAL,,online,golf,118887130.0,,,,,,,,,31,False,False,CO_2022_10_hb1292.pdf,,,,1,0,https://sbg.colorado.gov/sites/sbg/files/documents/HB%2021-1292%20Report%20October%202022%20v.2.pdf,https://sbg.colorado.gov/sports-betting-monthly-reports,CO/screenshots/CO_2022_10_CO_2022_10_summary_p1.png,,,2026-04-26T03:11:07.261383
CO,2022-11-01,2022-11-30,monthly,ALL,TOTAL,TOTAL,,retail,,465564838.0,45362514.0,45362514.0,1140314.0,44222200.0,420202324.0,4512900.0,,0.0974354381977618,30,False,False,CO_2022_11_hb1292.pdf,,,,1,0,https://sbg.colorado.gov/sites/sbg/files/documents/HB%2021-1292%20Report%20November%202022.pdf,https://sbg.colorado.gov/sports-betting-monthly-reports,CO/screenshots/CO_2022_11_CO_2022_11_summary_p1.png,,,2026-04-26T03:12:35.053523
CO,2022-11-01,2022-11-30,monthly,ALL,TOTAL,TOTAL,,online,,54794736413.0,3711539717.0,3711539717.0,1320140261.0,2391399456.0,51083196696.0,253640448.0,,0.0677353329893825,30,False,False,CO_2022_11_hb1292.pdf,,,,1,0,https://sbg.colorado.gov/sites/sbg/files/documents/HB%2021-1292%20Report%20November%202022.pdf,https://sbg.colorado.gov/sports-betting-monthly-reports,CO/screenshots/CO_2022_11_CO_2022_11_summary_p1.png,,,2026-04-26T03:12:35.053523
CO,2022-11-01,2022-11-30,monthly,ALL,TOTAL,TOTAL,,online,basketball,14103020404.0,,472166784.0,,,13630853620.0,,,,30,False,False,CO_2022_11_hb1292.pdf,,,,1,0,https://sbg.colorado.gov/sites/sbg/files/documents/HB%2021-1292%20Report%20November%202022.pdf,https://sbg.colorado.gov/sports-betting-monthly-reports,CO/screenshots/CO_2022_11_CO_2022_11_summary_p1.png,,,2026-04-26T03:12:35.053523
CO,2022-11-01,2022-11-30,monthly,ALL,TOTAL,TOTAL,,online,football,13403994907.0,,817307292.0,,,12586687615.0,,,,30,False,False,CO_2022_11_hb1292.pdf,,,,1,0,https://sbg.colorado.gov/sites/sbg/files/documents/HB%2021-1292%20Report%20November%202022.pdf,https://sbg.colorado.gov/sports-betting-monthly-reports,CO/screenshots/CO_2022_11_CO_2022_11_summary_p1.png,,,2026-04-26T03:12:35.053523
CO,2022-11-01,2022-11-30,monthly,ALL,TOTAL,TOTAL,,online,other,3863565510.0,,91423810.0,,,3772141700.0,,,,30,False,False,CO_2022_11_hb1292.pdf,,,,1,0,https://sbg.colorado.gov/sites/sbg/files/documents/HB%2021-1292%20Report%20November%202022.pdf,https://sbg.colorado.gov/sports-betting-monthly-reports,CO/screenshots/CO_2022_11_CO_2022_11_summary_p1.png,,,2026-04-26T03:12:35.053523
CO,2022-10-01,2022-10-31,monthly,ALL,TOTAL,TOTAL,,retail,,483152495.0,26712773.0,26712773.0,1213223.0,25499550.0,456439722.0,2748355.0,,0.0552884923009659,31,False,False,CO_2022_10_hb1292.pdf,,,,1,0,https://sbg.colorado.gov/sites/sbg/files/documents/HB%2021-1292%20Report%20October%202022%20v.2.pdf,https://sbg.colorado.gov/sports-betting-monthly-reports,CO/screenshots/CO_2022_10_CO_2022_10_summary_p1.png,,,2026-04-26T03:11:07.261383
CO,2022-09-01,2022-09-30,monthly,ALL,TOTAL,TOTAL,,online,other,14383029612.0,,14037467240.0,,,345562372.0,,,,30,False,False,CO_2022_09_hb1292.pdf,,,,1,0,https://sbg.colorado.gov/sites/sbg/files/documents/HB%2021-1292%20Report%20September%202022.pdf,https://sbg.colorado.gov/sports-betting-monthly-reports,CO/screenshots/CO_2022_09_CO_2022_09_summary_p1.png,,,2026-04-26T03:09:38.456485
CO,2022-09-01,2022-09-30,monthly,ALL,TOTAL,TOTAL,,online,baseball,187719414.0,,-380577272.0,,,568296686.0,,,,30,False,False,CO_2022_09_hb1292.pdf,,,,1,0,https://sbg.colorado.gov/sites/sbg/files/documents/HB%2021-1292%20Report%20September%202022.pdf,https://sbg.colorado.gov/sports-betting-monthly-reports,CO/screenshots/CO_2022_09_CO_2022_09_summary_p1.png,,,2026-04-26T03:09:38.456485
CO,2022-08-01,2022-08-31,monthly,ALL,TOTAL,TOTAL,,retail,,231617292.0,58176145.0,58176145.0,563735.0,57612410.0,173441147.0,3687102.0,,0.2511735824974588,31,False,False,CO_2022_08_hb1292.pdf,,,,1,0,https://sbg.colorado.gov/sites/sbg/files/documents/HB%2021-1292%20Report%20August%202022%20v.2.pdf,https://sbg.colorado.gov/sports-betting-monthly-reports,CO/screenshots/CO_2022_08_CO_2022_08_summary_p1.png,,,2026-04-26T03:09:34.748015
CO,2022-04-01,2022-04-30,monthly,ALL,TOTAL,TOTAL,,online,,38906551053.0,2219191493.0,2219191493.0,1103511855.0,1115679638.0,36687359560.0,119502289.0,,0.0570390186983403,30,False,False,CO_2022_04_hb1292.pdf,,,,1,0,https://sbg.colorado.gov/sites/sbg/files/documents/HB%2021-1292%20Report%20April%202022%20v.3.pdf,https://sbg.colorado.gov/sports-betting-monthly-reports,CO/screenshots/CO_2022_04_CO_2022_04_summary_p1.png,,,2026-04-26T03:09:01.166967
CO,2022-05-01,2022-05-31,monthly,ALL,TOTAL,TOTAL,,retail,,348323454.0,26745780.0,26745780.0,850879.0,25894901.0,321577674.0,1669894.0,,0.0767843212762813,31,False,False,CO_2022_05_hb1292.pdf,,,,1,0,https://sbg.colorado.gov/sites/sbg/files/documents/HB%2021-1292%20Report%20May%202022%20v.3.pdf,https://sbg.colorado.gov/sports-betting-monthly-reports,CO/screenshots/CO_2022_05_CO_2022_05_summary_p1.png,,,2026-04-26T03:09:08.952731
CO,2022-05-01,2022-05-31,monthly,ALL,TOTAL,TOTAL,,online,,35684220320.0,2685187152.0,2685187152.0,1053699783.0,1631487369.0,32999033168.0,164249032.0,,0.0752485868521282,31,False,False,CO_2022_05_hb1292.pdf,,,,1,0,https://sbg.colorado.gov/sites/sbg/files/documents/HB%2021-1292%20Report%20May%202022%20v.3.pdf,https://sbg.colorado.gov/sports-betting-monthly-reports,CO/screenshots/CO_2022_05_CO_2022_05_summary_p1.png,,,2026-04-26T03:09:08.952731
CO,2022-06-01,2022-06-30,monthly,ALL,TOTAL,TOTAL,,retail,,,,,,23234814.0,,856764.0,,,30,False,False,CO_2022_06_hb1292.pdf,,,,1,0,https://sbg.colorado.gov/sites/sbg/files/documents/HB%2021-1292%20Report%20June%202022%20v.3.pdf,https://sbg.colorado.gov/sports-betting-monthly-reports,CO/screenshots/CO_2022_06_CO_2022_06_summary_p1.png,,,2026-04-26T03:09:22.845087
CO,2022-06-01,2022-06-30,monthly,ALL,TOTAL,TOTAL,,online,,,,,,-215246169.0,,25971284.0,,,30,False,False,CO_2022_06_hb1292.pdf,,,,1,0,https://sbg.colorado.gov/sites/sbg/files/documents/HB%2021-1292%20Report%20June%202022%20v.3.pdf,https://sbg.colorado.gov/sports-betting-monthly-reports,CO/screenshots/CO_2022_06_CO_2022_06_summary_p1.png,,,2026-04-26T03:09:22.845087
CO,2022-07-01,2022-07-31,monthly,ALL,TOTAL,TOTAL,,retail,,196361021.0,4060312.0,4060312.0,482189.0,3578123.0,192300709.0,595405.0,,0.0206777902219198,31,False,False,CO_2022_07_hb1292.pdf,,,,1,0,https://sbg.colorado.gov/sites/sbg/files/documents/HB%2021-1292%20Report%20July%202022%20v.3.pdf,https://sbg.colorado.gov/sports-betting-monthly-reports,CO/screenshots/CO_2022_07_CO_2022_07_summary_p1.png,,,2026-04-26T03:09:30.744237
CO,2022-07-01,2022-07-31,monthly,ALL,TOTAL,TOTAL,,online,,25645119752.0,2076227774.0,2076227774.0,657886628.0,1418341146.0,23568891978.0,108622758.0,,0.0809599562832253,31,False,False,CO_2022_07_hb1292.pdf,,,,1,0,https://sbg.colorado.gov/sites/sbg/files/documents/HB%2021-1292%20Report%20July%202022%20v.3.pdf,https://sbg.colorado.gov/sports-betting-monthly-reports,CO/screenshots/CO_2022_07_CO_2022_07_summary_p1.png,,,2026-04-26T03:09:30.744237
CO,2022-08-01,2022-08-31,monthly,ALL,TOTAL,TOTAL,,online,,28779179664.0,2527750875.0,2527750875.0,389507668.0,2138243207.0,26251428789.0,178540126.0,,0.0878326242968619,31,False,False,CO_2022_08_hb1292.pdf,,,,1,0,https://sbg.colorado.gov/sites/sbg/files/documents/HB%2021-1292%20Report%20August%202022%20v.2.pdf,https://sbg.colorado.gov/sports-betting-monthly-reports,CO/screenshots/CO_2022_08_CO_2022_08_summary_p1.png,,,2026-04-26T03:09:34.748015
CO,2022-09-01,2022-09-30,monthly,ALL,TOTAL,TOTAL,,online,tennis,298934247.0,,-1354535659.0,,,1653469906.0,,,,30,False,False,CO_2022_09_hb1292.pdf,,,,1,0,https://sbg.colorado.gov/sites/sbg/files/documents/HB%2021-1292%20Report%20September%202022.pdf,https://sbg.colorado.gov/sports-betting-monthly-reports,CO/screenshots/CO_2022_09_CO_2022_09_summary_p1.png,,,2026-04-26T03:09:38.456485
CO,2022-09-01,2022-09-30,monthly,ALL,TOTAL,TOTAL,,retail,,460766393.0,65964730.0,65964730.0,1118600.0,64846130.0,394801663.0,3958496.0,,0.1431630670164783,30,False,False,CO_2022_09_hb1292.pdf,,,,1,0,https://sbg.colorado.gov/sites/sbg/files/documents/HB%2021-1292%20Report%20September%202022.pdf,https://sbg.colorado.gov/sports-betting-monthly-reports,CO/screenshots/CO_2022_09_CO_2022_09_summary_p1.png,,,2026-04-26T03:09:38.456485
CO,2022-09-01,2022-09-30,monthly,ALL,TOTAL,TOTAL,,online,,44562493304.0,5068001195.0,5068001195.0,1965763899.0,3102237296.0,39494492109.0,294975751.0,,0.1137279541435597,30,False,False,CO_2022_09_hb1292.pdf,,,,1,0,https://sbg.colorado.gov/sites/sbg/files/documents/HB%2021-1292%20Report%20September%202022.pdf,https://sbg.colorado.gov/sports-betting-monthly-reports,CO/screenshots/CO_2022_09_CO_2022_09_summary_p1.png,,,2026-04-26T03:09:38.456485
CO,2022-09-01,2022-09-30,monthly,ALL,TOTAL,TOTAL,,online,football,64846130.0,,-14318183482.0,,,14383029612.0,,,,30,False,False,CO_2022_09_hb1292.pdf,,,,1,0,https://sbg.colorado.gov/sites/sbg/files/documents/HB%2021-1292%20Report%20September%202022.pdf,https://sbg.colorado.gov/sports-betting-monthly-reports,CO/screenshots/CO_2022_09_CO_2022_09_summary_p1.png,,,2026-04-26T03:09:38.456485
CO,2022-09-01,2022-09-30,monthly,ALL,TOTAL,TOTAL,,online,mma,3102237296.0,,-5151377026.0,,,8253614322.0,,,,30,False,False,CO_2022_09_hb1292.pdf,,,,1,0,https://sbg.colorado.gov/sites/sbg/files/documents/HB%2021-1292%20Report%20September%202022.pdf,https://sbg.colorado.gov/sports-betting-monthly-reports,CO/screenshots/CO_2022_09_CO_2022_09_summary_p1.png,,,2026-04-26T03:09:38.456485
CO,2022-09-01,2022-09-30,monthly,ALL,TOTAL,TOTAL,,online,table_tennis,3167083425.0,,-2020250537.0,,,5187333962.0,,,,30,False,False,CO_2022_09_hb1292.pdf,,,,1,0,https://sbg.colorado.gov/sites/sbg/files/documents/HB%2021-1292%20Report%20September%202022.pdf,https://sbg.colorado.gov/sports-betting-monthly-reports,CO/screenshots/CO_2022_09_CO_2022_09_summary_p1.png,,,2026-04-26T03:09:38.456485
CO,2022-09-01,2022-09-30,monthly,ALL,TOTAL,TOTAL,,online,soccer,3958496.0,,-3292447714.0,,,3296406210.0,,,,30,False,False,CO_2022_09_hb1292.pdf,,,,1,0,https://sbg.colorado.gov/sites/sbg/files/documents/HB%2021-1292%20Report%20September%202022.pdf,https://sbg.colorado.gov/sports-betting-monthly-reports,CO/screenshots/CO_2022_09_CO_2022_09_summary_p1.png,,,2026-04-26T03:09:38.456485
CO,2022-09-01,2022-09-30,monthly,ALL,TOTAL,TOTAL,,online,basketball,294975751.0,,-1863006605.0,,,2157982356.0,,,,30,False,False,CO_2022_09_hb1292.pdf,,,,1,0,https://sbg.colorado.gov/sites/sbg/files/documents/HB%2021-1292%20Report%20September%202022.pdf,https://sbg.colorado.gov/sports-betting-monthly-reports,CO/screenshots/CO_2022_09_CO_2022_09_summary_p1.png,,,2026-04-26T03:09:38.456485
CO,2023-06-01,2023-06-30,monthly,ALL,TOTAL,TOTAL,,online,tennis,2367796229.0,,,,,,,,,30,False,False,CO_2023_06_hb1292.pdf,,,,1,0,https://sbg.colorado.gov/sites/sbg/files/documents/HB%2021-1292%20Report%20June%202023.pdf,https://sbg.colorado.gov/sports-betting-monthly-reports,CO/screenshots/CO_2023_06_CO_2023_06_summary_p1.png,,,2026-04-26T03:22:20.064330
CO,2023-06-01,2023-06-30,monthly,ALL,TOTAL,TOTAL,,online,table_tennis,1186705862.0,,,,,,,,,30,False,False,CO_2023_06_hb1292.pdf,,,,1,0,https://sbg.colorado.gov/sites/sbg/files/documents/HB%2021-1292%20Report%20June%202023.pdf,https://sbg.colorado.gov/sports-betting-monthly-reports,CO/screenshots/CO_2023_06_CO_2023_06_summary_p1.png,,,2026-04-26T03:22:20.064330
CO,2023-06-01,2023-06-30,monthly,ALL,TOTAL,TOTAL,,online,hockey,966580234.0,,,,,,,,,30,False,False,CO_2023_06_hb1292.pdf,,,,1,0,https://sbg.colorado.gov/sites/sbg/files/documents/HB%2021-1292%20Report%20June%202023.pdf,https://sbg.colorado.gov/sports-betting-monthly-reports,CO/screenshots/CO_2023_06_CO_2023_06_summary_p1.png,,,2026-04-26T03:22:20.064330
CO,2024-04-01,2024-04-30,monthly,ALL,TOTAL,TOTAL,,online,soccer,1159947447.0,,,,,,,,,30,False,False,CO_2024_04_hb1292.pdf,,,,1,0,https://sbg.colorado.gov/sites/sbg/files/documents/HB%2021-1292%20Report%20April%202024.pdf,https://sbg.colorado.gov/sports-betting-monthly-reports,CO/screenshots/CO_2024_04_CO_2024_04_summary_p1.png,,,2026-04-26T03:36:19.556371
CO,2024-02-01,2024-02-29,monthly,ALL,TOTAL,TOTAL,,online,,53348334347.0,2590736055.0,2590736055.0,1409122884.0,1181613171.0,50757598292.0,129966446.0,,0.0485626418652316,29,False,False,CO_2024_02_hb1292.pdf,,,,1,0,https://sbg.colorado.gov/sites/sbg/files/documents/HB%2021-1292%20Report%20February%202024%20v2.pdf,https://sbg.colorado.gov/sports-betting-monthly-reports,CO/screenshots/CO_2024_02_CO_2024_02_summary_p1.png,,,2026-04-26T03:33:35.457217
CO,2024-03-01,2024-03-31,monthly,ALL,TOTAL,TOTAL,,retail,,374813391.0,16576355.0,16576355.0,905033.0,15671322.0,358237036.0,314567.0,,0.0442256210637895,31,False,False,CO_2024_03_hb1292.pdf,,,,1,0,https://sbg.colorado.gov/sites/sbg/files/documents/HB%2021-1292%20Report%20March%202024.pdf,https://sbg.colorado.gov/sports-betting-monthly-reports,CO/screenshots/CO_2024_03_CO_2024_03_summary_p1.png,,,2026-04-26T03:34:58.150678
CO,2024-03-01,2024-03-31,monthly,ALL,TOTAL,TOTAL,,online,,58934684333.0,4487601274.0,4487601274.0,1345414953.0,3142186321.0,54447083059.0,284944587.0,,0.0761453348701013,31,False,False,CO_2024_03_hb1292.pdf,,,,1,0,https://sbg.colorado.gov/sites/sbg/files/documents/HB%2021-1292%20Report%20March%202024.pdf,https://sbg.colorado.gov/sports-betting-monthly-reports,CO/screenshots/CO_2024_03_CO_2024_03_summary_p1.png,,,2026-04-26T03:34:58.150678
CO,2024-04-01,2024-04-30,monthly,ALL,TOTAL,TOTAL,,retail,,236506759.0,-16588712.0,-16588712.0,,6808.0,253095471.0,6808.0,,-0.070140540888305,30,False,False,CO_2024_04_hb1292.pdf,,,,1,0,https://sbg.colorado.gov/sites/sbg/files/documents/HB%2021-1292%20Report%20April%202024.pdf,https://sbg.colorado.gov/sports-betting-monthly-reports,CO/screenshots/CO_2024_04_CO_2024_04_summary_p1.png,,,2026-04-26T03:36:19.556371
CO,2024-04-01,2024-04-30,monthly,ALL,TOTAL,TOTAL,,online,,50714316076.0,3218820274.0,3218820274.0,1274394385.0,1944425889.0,47495495802.0,191058748.0,,0.0634696575455401,30,False,False,CO_2024_04_hb1292.pdf,,,,1,0,https://sbg.colorado.gov/sites/sbg/files/documents/HB%2021-1292%20Report%20April%202024.pdf,https://sbg.colorado.gov/sports-betting-monthly-reports,CO/screenshots/CO_2024_04_CO_2024_04_summary_p1.png,,,2026-04-26T03:36:19.556371
CO,2024-04-01,2024-04-30,monthly,ALL,TOTAL,TOTAL,,retail,basketball,92752284.0,,,,,,,,,30,False,False,CO_2024_04_hb1292.pdf,,,,1,0,https://sbg.colorado.gov/sites/sbg/files/documents/HB%2021-1292%20Report%20April%202024.pdf,https://sbg.colorado.gov/sports-betting-monthly-reports,CO/screenshots/CO_2024_04_CO_2024_04_summary_p1.png,,,2026-04-26T03:36:19.556371
CO,2024-04-01,2024-04-30,monthly,ALL,TOTAL,TOTAL,,online,basketball,16866476008.0,,,,,,,,,30,False,False,CO_2024_04_hb1292.pdf,,,,1,0,https://sbg.colorado.gov/sites/sbg/files/documents/HB%2021-1292%20Report%20April%202024.pdf,https://sbg.colorado.gov/sports-betting-monthly-reports,CO/screenshots/CO_2024_04_CO_2024_04_summary_p1.png,,,2026-04-26T03:36:19.556371
CO,2024-04-01,2024-04-30,monthly,ALL,TOTAL,TOTAL,,retail,football,26354236.0,,,,,,,,,30,False,False,CO_2024_04_hb1292.pdf,,,,1,0,https://sbg.colorado.gov/sites/sbg/files/documents/HB%2021-1292%20Report%20April%202024.pdf,https://sbg.colorado.gov/sports-betting-monthly-reports,CO/screenshots/CO_2024_04_CO_2024_04_summary_p1.png,,,2026-04-26T03:36:19.556371
CO,2024-04-01,2024-04-30,monthly,ALL,TOTAL,TOTAL,,online,football,8560997233.0,,,,,,,,,30,False,False,CO_2024_04_hb1292.pdf,,,,1,0,https://sbg.colorado.gov/sites/sbg/files/documents/HB%2021-1292%20Report%20April%202024.pdf,https://sbg.colorado.gov/sports-betting-monthly-reports,CO/screenshots/CO_2024_04_CO_2024_04_summary_p1.png,,,2026-04-26T03:36:19.556371
CO,2024-04-01,2024-04-30,monthly,ALL,TOTAL,TOTAL,,retail,mma,1066784.0,,,,,,,,,30,False,False,CO_2024_04_hb1292.pdf,,,,1,0,https://sbg.colorado.gov/sites/sbg/files/documents/HB%2021-1292%20Report%20April%202024.pdf,https://sbg.colorado.gov/sports-betting-monthly-reports,CO/screenshots/CO_2024_04_CO_2024_04_summary_p1.png,,,2026-04-26T03:36:19.556371
CO,2024-04-01,2024-04-30,monthly,ALL,TOTAL,TOTAL,,online,mma,3248659969.0,,,,,,,,,30,False,False,CO_2024_04_hb1292.pdf,,,,1,0,https://sbg.colorado.gov/sites/sbg/files/documents/HB%2021-1292%20Report%20April%202024.pdf,https://sbg.colorado.gov/sports-betting-monthly-reports,CO/screenshots/CO_2024_04_CO_2024_04_summary_p1.png,,,2026-04-26T03:36:19.556371
CO,2024-04-01,2024-04-30,monthly,ALL,TOTAL,TOTAL,,retail,other,10598985.0,,,,,,,,,30,False,False,CO_2024_04_hb1292.pdf,,,,1,0,https://sbg.colorado.gov/sites/sbg/files/documents/HB%2021-1292%20Report%20April%202024.pdf,https://sbg.colorado.gov/sports-betting-monthly-reports,CO/screenshots/CO_2024_04_CO_2024_04_summary_p1.png,,,2026-04-26T03:36:19.556371
CO,2024-04-01,2024-04-30,monthly,ALL,TOTAL,TOTAL,,online,other,2617292336.0,,,,,,,,,30,False,False,CO_2024_04_hb1292.pdf,,,,1,0,https://sbg.colorado.gov/sites/sbg/files/documents/HB%2021-1292%20Report%20April%202024.pdf,https://sbg.colorado.gov/sports-betting-monthly-reports,CO/screenshots/CO_2024_04_CO_2024_04_summary_p1.png,,,2026-04-26T03:36:19.556371
CO,2024-04-01,2024-04-30,monthly,ALL,TOTAL,TOTAL,,retail,golf,17835579.0,,,,,,,,,30,False,False,CO_2024_04_hb1292.pdf,,,,1,0,https://sbg.colorado.gov/sites/sbg/files/documents/HB%2021-1292%20Report%20April%202024.pdf,https://sbg.colorado.gov/sports-betting-monthly-reports,CO/screenshots/CO_2024_04_CO_2024_04_summary_p1.png,,,2026-04-26T03:36:19.556371
CO,2024-04-01,2024-04-30,monthly,ALL,TOTAL,TOTAL,,online,golf,2082883123.0,,,,,,,,,30,False,False,CO_2024_04_hb1292.pdf,,,,1,0,https://sbg.colorado.gov/sites/sbg/files/documents/HB%2021-1292%20Report%20April%202024.pdf,https://sbg.colorado.gov/sports-betting-monthly-reports,CO/screenshots/CO_2024_04_CO_2024_04_summary_p1.png,,,2026-04-26T03:36:19.556371
CO,2024-04-01,2024-04-30,monthly,ALL,TOTAL,TOTAL,,retail,table_tennis,10800.0,,,,,,,,,30,False,False,CO_2024_04_hb1292.pdf,,,,1,0,https://sbg.colorado.gov/sites/sbg/files/documents/HB%2021-1292%20Report%20April%202024.pdf,https://sbg.colorado.gov/sports-betting-monthly-reports,CO/screenshots/CO_2024_04_CO_2024_04_summary_p1.png,,,2026-04-26T03:36:19.556371
CO,2024-04-01,2024-04-30,monthly,ALL,TOTAL,TOTAL,,online,table_tennis,1304012929.0,,,,,,,,,30,False,False,CO_2024_04_hb1292.pdf,,,,1,0,https://sbg.colorado.gov/sites/sbg/files/documents/HB%2021-1292%20Report%20April%202024.pdf,https://sbg.colorado.gov/sports-betting-monthly-reports,CO/screenshots/CO_2024_04_CO_2024_04_summary_p1.png,,,2026-04-26T03:36:19.556371
CO,2024-02-01,2024-02-29,monthly,ALL,TOTAL,TOTAL,,retail,,350491793.0,-14498231.0,-14498231.0,,-15401004.0,364990024.0,250932.0,,-0.0413653936826988,29,False,False,CO_2024_02_hb1292.pdf,,,,1,0,https://sbg.colorado.gov/sites/sbg/files/documents/HB%2021-1292%20Report%20February%202024%20v2.pdf,https://sbg.colorado.gov/sports-betting-monthly-reports,CO/screenshots/CO_2024_02_CO_2024_02_summary_p1.png,,,2026-04-26T03:33:35.457217
CO,2024-01-01,2024-01-31,monthly,ALL,TOTAL,TOTAL,,online,mma,199969449.0,,,,,,,,,31,False,False,CO_2024_01_hb1292.pdf,,,,1,0,https://sbg.colorado.gov/sites/sbg/files/documents/HB%2021-1292%20Report%20January%202024.pdf,https://sbg.colorado.gov/sports-betting-monthly-reports,CO/screenshots/CO_2024_01_CO_2024_01_summary_p1.png,,,2026-04-26T03:32:10.654424
CO,2024-01-01,2024-01-31,monthly,ALL,TOTAL,TOTAL,,retail,mma,4194900.0,,,,,,,,,31,False,False,CO_2024_01_hb1292.pdf,,,,1,0,https://sbg.colorado.gov/sites/sbg/files/documents/HB%2021-1292%20Report%20January%202024.pdf,https://sbg.colorado.gov/sports-betting-monthly-reports,CO/screenshots/CO_2024_01_CO_2024_01_summary_p1.png,,,2026-04-26T03:32:10.654424
CO,2024-01-01,2024-01-31,monthly,ALL,TOTAL,TOTAL,,retail,soccer,8269219.0,,,,,,,,,31,False,False,CO_2024_01_hb1292.pdf,,,,1,0,https://sbg.colorado.gov/sites/sbg/files/documents/HB%2021-1292%20Report%20January%202024.pdf,https://sbg.colorado.gov/sports-betting-monthly-reports,CO/screenshots/CO_2024_01_CO_2024_01_summary_p1.png,,,2026-04-26T03:32:10.654424
CO,2024-01-01,2024-01-31,monthly,ALL,TOTAL,TOTAL,,online,basketball,20313718403.0,,,,,,,,,31,False,False,CO_2024_01_hb1292.pdf,,,,1,0,https://sbg.colorado.gov/sites/sbg/files/documents/HB%2021-1292%20Report%20January%202024.pdf,https://sbg.colorado.gov/sports-betting-monthly-reports,CO/screenshots/CO_2024_01_CO_2024_01_summary_p1.png,,,2026-04-26T03:32:10.654424
CO,2024-01-01,2024-01-31,monthly,ALL,TOTAL,TOTAL,,retail,football,171520930.0,,,,,,,,,31,False,False,CO_2024_01_hb1292.pdf,,,,1,0,https://sbg.colorado.gov/sites/sbg/files/documents/HB%2021-1292%20Report%20January%202024.pdf,https://sbg.colorado.gov/sports-betting-monthly-reports,CO/screenshots/CO_2024_01_CO_2024_01_summary_p1.png,,,2026-04-26T03:32:10.654424
CO,2024-01-01,2024-01-31,monthly,ALL,TOTAL,TOTAL,,online,football,12288726725.0,,,,,,,,,31,False,False,CO_2024_01_hb1292.pdf,,,,1,0,https://sbg.colorado.gov/sites/sbg/files/documents/HB%2021-1292%20Report%20January%202024.pdf,https://sbg.colorado.gov/sports-betting-monthly-reports,CO/screenshots/CO_2024_01_CO_2024_01_summary_p1.png,,,2026-04-26T03:32:10.654424
CO,2024-01-01,2024-01-31,monthly,ALL,TOTAL,TOTAL,,retail,tennis,1800994.0,,,,,,,,,31,False,False,CO_2024_01_hb1292.pdf,,,,1,0,https://sbg.colorado.gov/sites/sbg/files/documents/HB%2021-1292%20Report%20January%202024.pdf,https://sbg.colorado.gov/sports-betting-monthly-reports,CO/screenshots/CO_2024_01_CO_2024_01_summary_p1.png,,,2026-04-26T03:32:10.654424
CO,2024-01-01,2024-01-31,monthly,ALL,TOTAL,TOTAL,,online,tennis,3207542390.0,,,,,,,,,31,False,False,CO_2024_01_hb1292.pdf,,,,1,0,https://sbg.colorado.gov/sites/sbg/files/documents/HB%2021-1292%20Report%20January%202024.pdf,https://sbg.colorado.gov/sports-betting-monthly-reports,CO/screenshots/CO_2024_01_CO_2024_01_summary_p1.png,,,2026-04-26T03:32:10.654424
CO,2024-01-01,2024-01-31,monthly,ALL,TOTAL,TOTAL,,online,soccer,1896473519.0,,,,,,,,,31,False,False,CO_2024_01_hb1292.pdf,,,,1,0,https://sbg.colorado.gov/sites/sbg/files/documents/HB%2021-1292%20Report%20January%202024.pdf,https://sbg.colorado.gov/sports-betting-monthly-reports,CO/screenshots/CO_2024_01_CO_2024_01_summary_p1.png,,,2026-04-26T03:32:10.654424
CO,2024-01-01,2024-01-31,monthly,ALL,TOTAL,TOTAL,,online,golf,365815423.0,,,,,,,,,31,False,False,CO_2024_01_hb1292.pdf,,,,1,0,https://sbg.colorado.gov/sites/sbg/files/documents/HB%2021-1292%20Report%20January%202024.pdf,https://sbg.colorado.gov/sports-betting-monthly-reports,CO/screenshots/CO_2024_01_CO_2024_01_summary_p1.png,,,2026-04-26T03:32:10.654424
CO,2024-01-01,2024-01-31,monthly,ALL,TOTAL,TOTAL,,retail,hockey,23258051.0,,,,,,,,,31,False,False,CO_2024_01_hb1292.pdf,,,,1,0,https://sbg.colorado.gov/sites/sbg/files/documents/HB%2021-1292%20Report%20January%202024.pdf,https://sbg.colorado.gov/sports-betting-monthly-reports,CO/screenshots/CO_2024_01_CO_2024_01_summary_p1.png,,,2026-04-26T03:32:10.654424
CO,2024-01-01,2024-01-31,monthly,ALL,TOTAL,TOTAL,,online,hockey,1869852705.0,,,,,,,,,31,False,False,CO_2024_01_hb1292.pdf,,,,1,0,https://sbg.colorado.gov/sites/sbg/files/documents/HB%2021-1292%20Report%20January%202024.pdf,https://sbg.colorado.gov/sports-betting-monthly-reports,CO/screenshots/CO_2024_01_CO_2024_01_summary_p1.png,,,2026-04-26T03:32:10.654424
CO,2024-01-01,2024-01-31,monthly,ALL,TOTAL,TOTAL,,retail,table_tennis,52000.0,,,,,,,,,31,False,False,CO_2024_01_hb1292.pdf,,,,1,0,https://sbg.colorado.gov/sites/sbg/files/documents/HB%2021-1292%20Report%20January%202024.pdf,https://sbg.colorado.gov/sports-betting-monthly-reports,CO/screenshots/CO_2024_01_CO_2024_01_summary_p1.png,,,2026-04-26T03:32:10.654424
CO,2024-01-01,2024-01-31,monthly,ALL,TOTAL,TOTAL,,online,table_tennis,1142647783.0,,,,,,,,,31,False,False,CO_2024_01_hb1292.pdf,,,,1,0,https://sbg.colorado.gov/sites/sbg/files/documents/HB%2021-1292%20Report%20January%202024.pdf,https://sbg.colorado.gov/sports-betting-monthly-reports,CO/screenshots/CO_2024_01_CO_2024_01_summary_p1.png,,,2026-04-26T03:32:10.654424
CO,2024-01-01,2024-01-31,monthly,ALL,TOTAL,TOTAL,,retail,other,8925385.0,,,,,,,,,31,False,False,CO_2024_01_hb1292.pdf,,,,1,0,https://sbg.colorado.gov/sites/sbg/files/documents/HB%2021-1292%20Report%20January%202024.pdf,https://sbg.colorado.gov/sports-betting-monthly-reports,CO/screenshots/CO_2024_01_CO_2024_01_summary_p1.png,,,2026-04-26T03:32:10.654424
CO,2024-01-01,2024-01-31,monthly,ALL,TOTAL,TOTAL,,online,other,471628499.0,,,,,,,,,31,False,False,CO_2024_01_hb1292.pdf,,,,1,0,https://sbg.colorado.gov/sites/sbg/files/documents/HB%2021-1292%20Report%20January%202024.pdf,https://sbg.colorado.gov/sports-betting-monthly-reports,CO/screenshots/CO_2024_01_CO_2024_01_summary_p1.png,,,2026-04-26T03:32:10.654424
CO,2024-01-01,2024-01-31,monthly,ALL,TOTAL,TOTAL,,retail,golf,438008.0,,,,,,,,,31,False,False,CO_2024_01_hb1292.pdf,,,,1,0,https://sbg.colorado.gov/sites/sbg/files/documents/HB%2021-1292%20Report%20January%202024.pdf,https://sbg.colorado.gov/sports-betting-monthly-reports,CO/screenshots/CO_2024_01_CO_2024_01_summary_p1.png,,,2026-04-26T03:32:10.654424
CO,2024-04-01,2024-04-30,monthly,ALL,TOTAL,TOTAL,,retail,soccer,7585770.0,,,,,,,,,30,False,False,CO_2024_04_hb1292.pdf,,,,1,0,https://sbg.colorado.gov/sites/sbg/files/documents/HB%2021-1292%20Report%20April%202024.pdf,https://sbg.colorado.gov/sports-betting-monthly-reports,CO/screenshots/CO_2024_04_CO_2024_04_summary_p1.png,,,2026-04-26T03:36:19.556371
CO,2024-04-01,2024-04-30,monthly,ALL,TOTAL,TOTAL,,retail,hockey,27603475.0,,,,,,,,,30,False,False,CO_2024_04_hb1292.pdf,,,,1,0,https://sbg.colorado.gov/sites/sbg/files/documents/HB%2021-1292%20Report%20April%202024.pdf,https://sbg.colorado.gov/sports-betting-monthly-reports,CO/screenshots/CO_2024_04_CO_2024_04_summary_p1.png,,,2026-04-26T03:36:19.556371
CO,2024-01-01,2024-01-31,monthly,ALL,TOTAL,TOTAL,,online,,59222142800.0,5329992852.0,5329992852.0,1492938011.0,3837054841.0,53892149948.0,410345874.0,,0.09,31,False,False,CO_2024_01_hb1292.pdf,,,,1,0,https://sbg.colorado.gov/sites/sbg/files/documents/HB%2021-1292%20Report%20January%202024.pdf,https://sbg.colorado.gov/sports-betting-monthly-reports,CO/screenshots/CO_2024_01_CO_2024_01_summary_p1.png,,,2026-04-26T03:32:10.654424
CO,2024-04-01,2024-04-30,monthly,ALL,TOTAL,TOTAL,,online,hockey,818625628.0,,,,,,,,,30,False,False,CO_2024_04_hb1292.pdf,,,,1,0,https://sbg.colorado.gov/sites/sbg/files/documents/HB%2021-1292%20Report%20April%202024.pdf,https://sbg.colorado.gov/sports-betting-monthly-reports,CO/screenshots/CO_2024_04_CO_2024_04_summary_p1.png,,,2026-04-26T03:36:19.556371
CO,2024-05-01,2024-05-31,monthly,ALL,TOTAL,TOTAL,,retail,baseball,909808.0,,,,,,,,,31,False,False,CO_2024_05_hb1292.pdf,,,,1,0,https://sbg.colorado.gov/sites/sbg/files/documents/HB%2021-1292%20Report%20May%202024.pdf,https://sbg.colorado.gov/sports-betting-monthly-reports,CO/screenshots/CO_2024_05_CO_2024_05_summary_p1.png,,,2026-04-26T03:37:38.663352
CO,2024-05-01,2024-05-31,monthly,ALL,TOTAL,TOTAL,,online,baseball,221621909.0,,,,,,,,,31,False,False,CO_2024_05_hb1292.pdf,,,,1,0,https://sbg.colorado.gov/sites/sbg/files/documents/HB%2021-1292%20Report%20May%202024.pdf,https://sbg.colorado.gov/sports-betting-monthly-reports,CO/screenshots/CO_2024_05_CO_2024_05_summary_p1.png,,,2026-04-26T03:37:38.663352
CO,2024-06-01,2024-06-30,monthly,ALL,TOTAL,TOTAL,,retail,,152135060.0,11119909.0,11119909.0,385742.0,10734167.0,141015151.0,713036.0,,0.0730923496529991,30,False,False,CO_2024_06_hb1292.pdf,,,,1,0,https://sbg.colorado.gov/sites/sbg/files/documents/HB_21-1292_Report_June_2024.pdf,https://sbg.colorado.gov/sports-betting-monthly-reports,CO/screenshots/CO_2024_06_CO_2024_06_summary_p1.png,,,2026-04-26T03:39:00.356720
CO,2024-06-01,2024-06-30,monthly,ALL,TOTAL,TOTAL,,online,,34890425979.0,2808509816.0,2808509816.0,902079869.0,1906429947.0,32081916163.0,180973076.0,,0.080495142641434,30,False,False,CO_2024_06_hb1292.pdf,,,,1,0,https://sbg.colorado.gov/sites/sbg/files/documents/HB_21-1292_Report_June_2024.pdf,https://sbg.colorado.gov/sports-betting-monthly-reports,CO/screenshots/CO_2024_06_CO_2024_06_summary_p1.png,,,2026-04-26T03:39:00.356720
CO,2024-06-01,2024-06-30,monthly,ALL,TOTAL,TOTAL,,retail,baseball,41417061.0,,,,,,,,,30,False,False,CO_2024_06_hb1292.pdf,,,,1,0,https://sbg.colorado.gov/sites/sbg/files/documents/HB_21-1292_Report_June_2024.pdf,https://sbg.colorado.gov/sports-betting-monthly-reports,CO/screenshots/CO_2024_06_CO_2024_06_summary_p1.png,,,2026-04-26T03:39:00.356720
CO,2024-06-01,2024-06-30,monthly,ALL,TOTAL,TOTAL,,online,baseball,10412095748.0,,,,,,,,,30,False,False,CO_2024_06_hb1292.pdf,,,,1,0,https://sbg.colorado.gov/sites/sbg/files/documents/HB_21-1292_Report_June_2024.pdf,https://sbg.colorado.gov/sports-betting-monthly-reports,CO/screenshots/CO_2024_06_CO_2024_06_summary_p1.png,,,2026-04-26T03:39:00.356720
CO,2024-06-01,2024-06-30,monthly,ALL,TOTAL,TOTAL,,online,other,41417061.0,,,,,,,,,30,False,False,CO_2024_06_hb1292.pdf,,,,1,0,https://sbg.colorado.gov/sites/sbg/files/documents/HB_21-1292_Report_June_2024.pdf,https://sbg.colorado.gov/sports-betting-monthly-reports,CO/screenshots/CO_2024_06_CO_2024_06_summary_p1.png,,,2026-04-26T03:39:00.356720
CO,2024-06-01,2024-06-30,monthly,ALL,TOTAL,TOTAL,,online,mma,2767096401.0,,,,,,,,,30,False,False,CO_2024_06_hb1292.pdf,,,,1,0,https://sbg.colorado.gov/sites/sbg/files/documents/HB_21-1292_Report_June_2024.pdf,https://sbg.colorado.gov/sports-betting-monthly-reports,CO/screenshots/CO_2024_06_CO_2024_06_summary_p1.png,,,2026-04-26T03:39:00.356720
CO,2024-06-01,2024-06-30,monthly,ALL,TOTAL,TOTAL,,online,hockey,2652184409.0,,,,,,,,,30,False,False,CO_2024_06_hb1292.pdf,,,,1,0,https://sbg.colorado.gov/sites/sbg/files/documents/HB_21-1292_Report_June_2024.pdf,https://sbg.colorado.gov/sports-betting-monthly-reports,CO/screenshots/CO_2024_06_CO_2024_06_summary_p1.png,,,2026-04-26T03:39:00.356720
CO,2024-06-01,2024-06-30,monthly,ALL,TOTAL,TOTAL,,online,golf,1506883800.0,,,,,,,,,30,False,False,CO_2024_06_hb1292.pdf,,,,1,0,https://sbg.colorado.gov/sites/sbg/files/documents/HB_21-1292_Report_June_2024.pdf,https://sbg.colorado.gov/sports-betting-monthly-reports,CO/screenshots/CO_2024_06_CO_2024_06_summary_p1.png,,,2026-04-26T03:39:00.356720
CO,2024-06-01,2024-06-30,monthly,ALL,TOTAL,TOTAL,,online,table_tennis,845226031.0,,,,,,,,,30,False,False,CO_2024_06_hb1292.pdf,,,,1,0,https://sbg.colorado.gov/sites/sbg/files/documents/HB_21-1292_Report_June_2024.pdf,https://sbg.colorado.gov/sports-betting-monthly-reports,CO/screenshots/CO_2024_06_CO_2024_06_summary_p1.png,,,2026-04-26T03:39:00.356720
CO,2024-06-01,2024-06-30,monthly,ALL,TOTAL,TOTAL,,online,tennis,813883935.0,,,,,,,,,30,False,False,CO_2024_06_hb1292.pdf,,,,1,0,https://sbg.colorado.gov/sites/sbg/files/documents/HB_21-1292_Report_June_2024.pdf,https://sbg.colorado.gov/sports-betting-monthly-reports,CO/screenshots/CO_2024_06_CO_2024_06_summary_p1.png,,,2026-04-26T03:39:00.356720
CO,2024-06-01,2024-06-30,monthly,ALL,TOTAL,TOTAL,,online,soccer,569345195.0,,,,,,,,,30,False,False,CO_2024_06_hb1292.pdf,,,,1,0,https://sbg.colorado.gov/sites/sbg/files/documents/HB_21-1292_Report_June_2024.pdf,https://sbg.colorado.gov/sports-betting-monthly-reports,CO/screenshots/CO_2024_06_CO_2024_06_summary_p1.png,,,2026-04-26T03:39:00.356720
CO,2024-06-01,2024-06-30,monthly,ALL,TOTAL,TOTAL,,online,basketball,147249743.0,,,,,,,,,30,False,False,CO_2024_06_hb1292.pdf,,,,1,0,https://sbg.colorado.gov/sites/sbg/files/documents/HB_21-1292_Report_June_2024.pdf,https://sbg.colorado.gov/sports-betting-monthly-reports,CO/screenshots/CO_2024_06_CO_2024_06_summary_p1.png,,,2026-04-26T03:39:00.356720
CO,2024-07-01,2024-07-31,monthly,ALL,TOTAL,TOTAL,,retail,,136821289.0,17839114.0,17839114.0,338151.0,17500963.0,118982175.0,1241715.0,,0.1303825898029655,31,False,False,CO_2024_07_hb1292.pdf,,,,1,0,https://sbg.colorado.gov/sites/sbg/files/documents/HB%2021-1292%20Report%20July%202024.pdf,https://sbg.colorado.gov/sports-betting-monthly-reports,CO/screenshots/CO_2024_07_CO_2024_07_summary_p1.png,,,2026-04-26T03:40:21.145331
CO,2024-07-01,2024-07-31,monthly,ALL,TOTAL,TOTAL,,online,,31902862799.0,3237026789.0,3237026789.0,755833034.0,2481193755.0,28665836010.0,235731293.0,,0.1014650882397132,31,False,False,CO_2024_07_hb1292.pdf,,,,1,0,https://sbg.colorado.gov/sites/sbg/files/documents/HB%2021-1292%20Report%20July%202024.pdf,https://sbg.colorado.gov/sports-betting-monthly-reports,CO/screenshots/CO_2024_07_CO_2024_07_summary_p1.png,,,2026-04-26T03:40:21.145331
CO,2024-07-01,2024-07-31,monthly,ALL,TOTAL,TOTAL,,retail,baseball,42831928.0,,,,,,,,,31,False,False,CO_2024_07_hb1292.pdf,,,,1,0,https://sbg.colorado.gov/sites/sbg/files/documents/HB%2021-1292%20Report%20July%202024.pdf,https://sbg.colorado.gov/sports-betting-monthly-reports,CO/screenshots/CO_2024_07_CO_2024_07_summary_p1.png,,,2026-04-26T03:40:21.145331
CO,2024-05-01,2024-05-31,monthly,ALL,TOTAL,TOTAL,,online,tennis,278484217.0,,,,,,,,,31,False,False,CO_2024_05_hb1292.pdf,,,,1,0,https://sbg.colorado.gov/sites/sbg/files/documents/HB%2021-1292%20Report%20May%202024.pdf,https://sbg.colorado.gov/sports-betting-monthly-reports,CO/screenshots/CO_2024_05_CO_2024_05_summary_p1.png,,,2026-04-26T03:37:38.663352
CO,2024-05-01,2024-05-31,monthly,ALL,TOTAL,TOTAL,,retail,tennis,3801567.0,,,,,,,,,31,False,False,CO_2024_05_hb1292.pdf,,,,1,0,https://sbg.colorado.gov/sites/sbg/files/documents/HB%2021-1292%20Report%20May%202024.pdf,https://sbg.colorado.gov/sports-betting-monthly-reports,CO/screenshots/CO_2024_05_CO_2024_05_summary_p1.png,,,2026-04-26T03:37:38.663352
CO,2024-05-01,2024-05-31,monthly,ALL,TOTAL,TOTAL,,online,hockey,693662822.0,,,,,,,,,31,False,False,CO_2024_05_hb1292.pdf,,,,1,0,https://sbg.colorado.gov/sites/sbg/files/documents/HB%2021-1292%20Report%20May%202024.pdf,https://sbg.colorado.gov/sports-betting-monthly-reports,CO/screenshots/CO_2024_05_CO_2024_05_summary_p1.png,,,2026-04-26T03:37:38.663352
CO,2024-05-01,2024-05-31,monthly,ALL,TOTAL,TOTAL,,online,basketball,9204059284.0,,,,,,,,,31,False,False,CO_2024_05_hb1292.pdf,,,,1,0,https://sbg.colorado.gov/sites/sbg/files/documents/HB%2021-1292%20Report%20May%202024.pdf,https://sbg.colorado.gov/sports-betting-monthly-reports,CO/screenshots/CO_2024_05_CO_2024_05_summary_p1.png,,,2026-04-26T03:37:38.663352
CO,2024-04-01,2024-04-30,monthly,ALL,TOTAL,TOTAL,,retail,tennis,4508854.0,,,,,,,,,30,False,False,CO_2024_04_hb1292.pdf,,,,1,0,https://sbg.colorado.gov/sites/sbg/files/documents/HB%2021-1292%20Report%20April%202024.pdf,https://sbg.colorado.gov/sports-betting-monthly-reports,CO/screenshots/CO_2024_04_CO_2024_04_summary_p1.png,,,2026-04-26T03:36:19.556371
CO,2024-04-01,2024-04-30,monthly,ALL,TOTAL,TOTAL,,online,tennis,501786951.0,,,,,,,,,30,False,False,CO_2024_04_hb1292.pdf,,,,1,0,https://sbg.colorado.gov/sites/sbg/files/documents/HB%2021-1292%20Report%20April%202024.pdf,https://sbg.colorado.gov/sports-betting-monthly-reports,CO/screenshots/CO_2024_04_CO_2024_04_summary_p1.png,,,2026-04-26T03:36:19.556371
CO,2024-04-01,2024-04-30,monthly,ALL,TOTAL,TOTAL,,retail,baseball,2035366.0,,,,,,,,,30,False,False,CO_2024_04_hb1292.pdf,,,,1,0,https://sbg.colorado.gov/sites/sbg/files/documents/HB%2021-1292%20Report%20April%202024.pdf,https://sbg.colorado.gov/sports-betting-monthly-reports,CO/screenshots/CO_2024_04_CO_2024_04_summary_p1.png,,,2026-04-26T03:36:19.556371
CO,2024-04-01,2024-04-30,monthly,ALL,TOTAL,TOTAL,,online,baseball,226135562.0,,,,,,,,,30,False,False,CO_2024_04_hb1292.pdf,,,,1,0,https://sbg.colorado.gov/sites/sbg/files/documents/HB%2021-1292%20Report%20April%202024.pdf,https://sbg.colorado.gov/sports-betting-monthly-reports,CO/screenshots/CO_2024_04_CO_2024_04_summary_p1.png,,,2026-04-26T03:36:19.556371
CO,2024-05-01,2024-05-31,monthly,ALL,TOTAL,TOTAL,,retail,,157724373.0,2038142.0,2038142.0,395589.0,1642553.0,155686231.0,32034.0,,0.0129221753190928,31,False,False,CO_2024_05_hb1292.pdf,,,,1,0,https://sbg.colorado.gov/sites/sbg/files/documents/HB%2021-1292%20Report%20May%202024.pdf,https://sbg.colorado.gov/sports-betting-monthly-reports,CO/screenshots/CO_2024_05_CO_2024_05_summary_p1.png,,,2026-04-26T03:37:38.663352
CO,2024-05-01,2024-05-31,monthly,ALL,TOTAL,TOTAL,,online,,44598469075.0,4497097379.0,4497097379.0,1144547419.0,3352549960.0,40101371696.0,320600592.0,,0.1008352410356812,31,False,False,CO_2024_05_hb1292.pdf,,,,1,0,https://sbg.colorado.gov/sites/sbg/files/documents/HB%2021-1292%20Report%20May%202024.pdf,https://sbg.colorado.gov/sports-betting-monthly-reports,CO/screenshots/CO_2024_05_CO_2024_05_summary_p1.png,,,2026-04-26T03:37:38.663352
CO,2024-05-01,2024-05-31,monthly,ALL,TOTAL,TOTAL,,retail,basketball,68587240.0,,,,,,,,,31,False,False,CO_2024_05_hb1292.pdf,,,,1,0,https://sbg.colorado.gov/sites/sbg/files/documents/HB%2021-1292%20Report%20May%202024.pdf,https://sbg.colorado.gov/sports-betting-monthly-reports,CO/screenshots/CO_2024_05_CO_2024_05_summary_p1.png,,,2026-04-26T03:37:38.663352
CO,2024-05-01,2024-05-31,monthly,ALL,TOTAL,TOTAL,,retail,boxing,29433260.0,,,,,,,,,31,False,False,CO_2024_05_hb1292.pdf,,,,1,0,https://sbg.colorado.gov/sites/sbg/files/documents/HB%2021-1292%20Report%20May%202024.pdf,https://sbg.colorado.gov/sports-betting-monthly-reports,CO/screenshots/CO_2024_05_CO_2024_05_summary_p1.png,,,2026-04-26T03:37:38.663352
CO,2024-05-01,2024-05-31,monthly,ALL,TOTAL,TOTAL,,retail,hockey,19520.0,,,,,,,,,31,False,False,CO_2024_05_hb1292.pdf,,,,1,0,https://sbg.colorado.gov/sites/sbg/files/documents/HB%2021-1292%20Report%20May%202024.pdf,https://sbg.colorado.gov/sports-betting-monthly-reports,CO/screenshots/CO_2024_05_CO_2024_05_summary_p1.png,,,2026-04-26T03:37:38.663352
CO,2024-05-01,2024-05-31,monthly,ALL,TOTAL,TOTAL,,online,boxing,2552285343.0,,,,,,,,,31,False,False,CO_2024_05_hb1292.pdf,,,,1,0,https://sbg.colorado.gov/sites/sbg/files/documents/HB%2021-1292%20Report%20May%202024.pdf,https://sbg.colorado.gov/sports-betting-monthly-reports,CO/screenshots/CO_2024_05_CO_2024_05_summary_p1.png,,,2026-04-26T03:37:38.663352
CO,2024-05-01,2024-05-31,monthly,ALL,TOTAL,TOTAL,,retail,mma,917166.0,,,,,,,,,31,False,False,CO_2024_05_hb1292.pdf,,,,1,0,https://sbg.colorado.gov/sites/sbg/files/documents/HB%2021-1292%20Report%20May%202024.pdf,https://sbg.colorado.gov/sports-betting-monthly-reports,CO/screenshots/CO_2024_05_CO_2024_05_summary_p1.png,,,2026-04-26T03:37:38.663352
CO,2024-05-01,2024-05-31,monthly,ALL,TOTAL,TOTAL,,online,mma,2411841226.0,,,,,,,,,31,False,False,CO_2024_05_hb1292.pdf,,,,1,0,https://sbg.colorado.gov/sites/sbg/files/documents/HB%2021-1292%20Report%20May%202024.pdf,https://sbg.colorado.gov/sports-betting-monthly-reports,CO/screenshots/CO_2024_05_CO_2024_05_summary_p1.png,,,2026-04-26T03:37:38.663352
CO,2024-05-01,2024-05-31,monthly,ALL,TOTAL,TOTAL,,retail,table_tennis,9901633.0,,,,,,,,,31,False,False,CO_2024_05_hb1292.pdf,,,,1,0,https://sbg.colorado.gov/sites/sbg/files/documents/HB%2021-1292%20Report%20May%202024.pdf,https://sbg.colorado.gov/sports-betting-monthly-reports,CO/screenshots/CO_2024_05_CO_2024_05_summary_p1.png,,,2026-04-26T03:37:38.663352
CO,2024-05-01,2024-05-31,monthly,ALL,TOTAL,TOTAL,,online,table_tennis,1841104442.0,,,,,,,,,31,False,False,CO_2024_05_hb1292.pdf,,,,1,0,https://sbg.colorado.gov/sites/sbg/files/documents/HB%2021-1292%20Report%20May%202024.pdf,https://sbg.colorado.gov/sports-betting-monthly-reports,CO/screenshots/CO_2024_05_CO_2024_05_summary_p1.png,,,2026-04-26T03:37:38.663352
CO,2024-05-01,2024-05-31,monthly,ALL,TOTAL,TOTAL,,retail,soccer,5743218.0,,,,,,,,,31,False,False,CO_2024_05_hb1292.pdf,,,,1,0,https://sbg.colorado.gov/sites/sbg/files/documents/HB%2021-1292%20Report%20May%202024.pdf,https://sbg.colorado.gov/sports-betting-monthly-reports,CO/screenshots/CO_2024_05_CO_2024_05_summary_p1.png,,,2026-04-26T03:37:38.663352
CO,2024-05-01,2024-05-31,monthly,ALL,TOTAL,TOTAL,,online,soccer,1391659209.0,,,,,,,,,31,False,False,CO_2024_05_hb1292.pdf,,,,1,0,https://sbg.colorado.gov/sites/sbg/files/documents/HB%2021-1292%20Report%20May%202024.pdf,https://sbg.colorado.gov/sports-betting-monthly-reports,CO/screenshots/CO_2024_05_CO_2024_05_summary_p1.png,,,2026-04-26T03:37:38.663352
CO,2024-01-01,2024-01-31,monthly,ALL,TOTAL,TOTAL,,retail,basketball,130684479.0,,,,,,,,,31,False,False,CO_2024_01_hb1292.pdf,,,,1,0,https://sbg.colorado.gov/sites/sbg/files/documents/HB%2021-1292%20Report%20January%202024.pdf,https://sbg.colorado.gov/sports-betting-monthly-reports,CO/screenshots/CO_2024_01_CO_2024_01_summary_p1.png,,,2026-04-26T03:32:10.654424
CO,2024-01-01,2024-01-31,monthly,ALL,TOTAL,TOTAL,,retail,,449812640.0,19039402.0,19039402.0,1130787.0,17908615.0,430773238.0,2491055.0,,0.042327405472643,31,False,False,CO_2024_01_hb1292.pdf,,,,1,0,https://sbg.colorado.gov/sites/sbg/files/documents/HB%2021-1292%20Report%20January%202024.pdf,https://sbg.colorado.gov/sports-betting-monthly-reports,CO/screenshots/CO_2024_01_CO_2024_01_summary_p1.png,,,2026-04-26T03:32:10.654424
CO,2023-06-01,2023-06-30,monthly,ALL,TOTAL,TOTAL,,online,mma,780336777.0,,,,,,,,,30,False,False,CO_2023_06_hb1292.pdf,,,,1,0,https://sbg.colorado.gov/sites/sbg/files/documents/HB%2021-1292%20Report%20June%202023.pdf,https://sbg.colorado.gov/sports-betting-monthly-reports,CO/screenshots/CO_2023_06_CO_2023_06_summary_p1.png,,,2026-04-26T03:22:20.064330
CO,2023-09-01,2023-09-30,monthly,ALL,TOTAL,TOTAL,,online,table_tennis,1251626772.0,,,,,,,,,30,False,False,CO_2023_09_hb1292.pdf,,,,1,0,https://sbg.colorado.gov/sites/sbg/files/documents/HB%2021-1292%20Report%20September%202023.pdf,https://sbg.colorado.gov/sports-betting-monthly-reports,CO/screenshots/CO_2023_09_CO_2023_09_summary_p1.png,,,2026-04-26T03:26:21.855123
CO,2023-08-01,2023-08-31,monthly,ALL,TOTAL,TOTAL,,online,tennis,2985166739.0,,,,,,,,,31,False,False,CO_2023_08_hb1292.pdf,,,,1,0,https://sbg.colorado.gov/sites/sbg/files/documents/HB%2021-1292%20Report%20August%202023.pdf,https://sbg.colorado.gov/sports-betting-monthly-reports,CO/screenshots/CO_2023_08_CO_2023_08_summary_p1.png,,,2026-04-26T03:25:00.663023
CO,2023-08-01,2023-08-31,monthly,ALL,TOTAL,TOTAL,,retail,basketball,759493.0,,,,,,,,,31,False,False,CO_2023_08_hb1292.pdf,,,,1,0,https://sbg.colorado.gov/sites/sbg/files/documents/HB%2021-1292%20Report%20August%202023.pdf,https://sbg.colorado.gov/sports-betting-monthly-reports,CO/screenshots/CO_2023_08_CO_2023_08_summary_p1.png,,,2026-04-26T03:25:00.663023
CO,2023-08-01,2023-08-31,monthly,ALL,TOTAL,TOTAL,,online,basketball,2628165894.0,,,,,,,,,31,False,False,CO_2023_08_hb1292.pdf,,,,1,0,https://sbg.colorado.gov/sites/sbg/files/documents/HB%2021-1292%20Report%20August%202023.pdf,https://sbg.colorado.gov/sports-betting-monthly-reports,CO/screenshots/CO_2023_08_CO_2023_08_summary_p1.png,,,2026-04-26T03:25:00.663023
CO,2023-08-01,2023-08-31,monthly,ALL,TOTAL,TOTAL,,online,soccer,2051635314.0,,,,,,,,,31,False,False,CO_2023_08_hb1292.pdf,,,,1,0,https://sbg.colorado.gov/sites/sbg/files/documents/HB%2021-1292%20Report%20August%202023.pdf,https://sbg.colorado.gov/sports-betting-monthly-reports,CO/screenshots/CO_2023_08_CO_2023_08_summary_p1.png,,,2026-04-26T03:25:00.663023
CO,2023-08-01,2023-08-31,monthly,ALL,TOTAL,TOTAL,,online,football,1918358111.0,,,,,,,,,31,False,False,CO_2023_08_hb1292.pdf,,,,1,0,https://sbg.colorado.gov/sites/sbg/files/documents/HB%2021-1292%20Report%20August%202023.pdf,https://sbg.colorado.gov/sports-betting-monthly-reports,CO/screenshots/CO_2023_08_CO_2023_08_summary_p1.png,,,2026-04-26T03:25:00.663023
CO,2023-08-01,2023-08-31,monthly,ALL,TOTAL,TOTAL,,online,table_tennis,1242989421.0,,,,,,,,,31,False,False,CO_2023_08_hb1292.pdf,,,,1,0,https://sbg.colorado.gov/sites/sbg/files/documents/HB%2021-1292%20Report%20August%202023.pdf,https://sbg.colorado.gov/sports-betting-monthly-reports,CO/screenshots/CO_2023_08_CO_2023_08_summary_p1.png,,,2026-04-26T03:25:00.663023
CO,2023-08-01,2023-08-31,monthly,ALL,TOTAL,TOTAL,,online,other,580424512.0,,,,,,,,,31,False,False,CO_2023_08_hb1292.pdf,,,,1,0,https://sbg.colorado.gov/sites/sbg/files/documents/HB%2021-1292%20Report%20August%202023.pdf,https://sbg.colorado.gov/sports-betting-monthly-reports,CO/screenshots/CO_2023_08_CO_2023_08_summary_p1.png,,,2026-04-26T03:25:00.663023
CO,2023-08-01,2023-08-31,monthly,ALL,TOTAL,TOTAL,,online,golf,577999066.0,,,,,,,,,31,False,False,CO_2023_08_hb1292.pdf,,,,1,0,https://sbg.colorado.gov/sites/sbg/files/documents/HB%2021-1292%20Report%20August%202023.pdf,https://sbg.colorado.gov/sports-betting-monthly-reports,CO/screenshots/CO_2023_08_CO_2023_08_summary_p1.png,,,2026-04-26T03:25:00.663023
CO,2023-08-01,2023-08-31,monthly,ALL,TOTAL,TOTAL,,online,mma,455105785.0,,,,,,,,,31,False,False,CO_2023_08_hb1292.pdf,,,,1,0,https://sbg.colorado.gov/sites/sbg/files/documents/HB%2021-1292%20Report%20August%202023.pdf,https://sbg.colorado.gov/sports-betting-monthly-reports,CO/screenshots/CO_2023_08_CO_2023_08_summary_p1.png,,,2026-04-26T03:25:00.663023
CO,2023-08-01,2023-08-31,monthly,ALL,TOTAL,TOTAL,,online,boxing,69294865.0,,,,,,,,,31,False,False,CO_2023_08_hb1292.pdf,,,,1,0,https://sbg.colorado.gov/sites/sbg/files/documents/HB%2021-1292%20Report%20August%202023.pdf,https://sbg.colorado.gov/sports-betting-monthly-reports,CO/screenshots/CO_2023_08_CO_2023_08_summary_p1.png,,,2026-04-26T03:25:00.663023
CO,2023-09-01,2023-09-30,monthly,ALL,TOTAL,TOTAL,,retail,,487269790.0,87810369.0,87810369.0,1216499.0,86593870.0,399459421.0,4581369.0,,0.1802089331251174,30,False,False,CO_2023_09_hb1292.pdf,,,,1,0,https://sbg.colorado.gov/sites/sbg/files/documents/HB%2021-1292%20Report%20September%202023.pdf,https://sbg.colorado.gov/sports-betting-monthly-reports,CO/screenshots/CO_2023_09_CO_2023_09_summary_p1.png,,,2026-04-26T03:26:21.855123
CO,2023-09-01,2023-09-30,monthly,ALL,TOTAL,TOTAL,,online,,50792009617.0,4439841326.0,4439841326.0,1277543585.0,3162297741.0,46352168291.0,308032238.0,,0.087412200451978,30,False,False,CO_2023_09_hb1292.pdf,,,,1,0,https://sbg.colorado.gov/sites/sbg/files/documents/HB%2021-1292%20Report%20September%202023.pdf,https://sbg.colorado.gov/sports-betting-monthly-reports,CO/screenshots/CO_2023_09_CO_2023_09_summary_p1.png,,,2026-04-26T03:26:21.855123
CO,2023-09-01,2023-09-30,monthly,ALL,TOTAL,TOTAL,,online,football,15598137942.0,,,,,,,,,30,False,False,CO_2023_09_hb1292.pdf,,,,1,0,https://sbg.colorado.gov/sites/sbg/files/documents/HB%2021-1292%20Report%20September%202023.pdf,https://sbg.colorado.gov/sports-betting-monthly-reports,CO/screenshots/CO_2023_09_CO_2023_09_summary_p1.png,,,2026-04-26T03:26:21.855123
CO,2023-09-01,2023-09-30,monthly,ALL,TOTAL,TOTAL,,online,baseball,7737588345.0,,,,,,,,,30,False,False,CO_2023_09_hb1292.pdf,,,,1,0,https://sbg.colorado.gov/sites/sbg/files/documents/HB%2021-1292%20Report%20September%202023.pdf,https://sbg.colorado.gov/sports-betting-monthly-reports,CO/screenshots/CO_2023_09_CO_2023_09_summary_p1.png,,,2026-04-26T03:26:21.855123
CO,2023-09-01,2023-09-30,monthly,ALL,TOTAL,TOTAL,,online,other,6800753551.0,,,,,,,,,30,False,False,CO_2023_09_hb1292.pdf,,,,1,0,https://sbg.colorado.gov/sites/sbg/files/documents/HB%2021-1292%20Report%20September%202023.pdf,https://sbg.colorado.gov/sports-betting-monthly-reports,CO/screenshots/CO_2023_09_CO_2023_09_summary_p1.png,,,2026-04-26T03:26:21.855123
CO,2023-09-01,2023-09-30,monthly,ALL,TOTAL,TOTAL,,online,tennis,3040290521.0,,,,,,,,,30,False,False,CO_2023_09_hb1292.pdf,,,,1,0,https://sbg.colorado.gov/sites/sbg/files/documents/HB%2021-1292%20Report%20September%202023.pdf,https://sbg.colorado.gov/sports-betting-monthly-reports,CO/screenshots/CO_2023_09_CO_2023_09_summary_p1.png,,,2026-04-26T03:26:21.855123
CO,2023-09-01,2023-09-30,monthly,ALL,TOTAL,TOTAL,,online,basketball,2373411917.0,,,,,,,,,30,False,False,CO_2023_09_hb1292.pdf,,,,1,0,https://sbg.colorado.gov/sites/sbg/files/documents/HB%2021-1292%20Report%20September%202023.pdf,https://sbg.colorado.gov/sports-betting-monthly-reports,CO/screenshots/CO_2023_09_CO_2023_09_summary_p1.png,,,2026-04-26T03:26:21.855123
CO,2023-08-01,2023-08-31,monthly,ALL,TOTAL,TOTAL,,retail,tennis,24404395.0,,,,,,,,,31,False,False,CO_2023_08_hb1292.pdf,,,,1,0,https://sbg.colorado.gov/sites/sbg/files/documents/HB%2021-1292%20Report%20August%202023.pdf,https://sbg.colorado.gov/sports-betting-monthly-reports,CO/screenshots/CO_2023_08_CO_2023_08_summary_p1.png,,,2026-04-26T03:25:00.663023
CO,2023-08-01,2023-08-31,monthly,ALL,TOTAL,TOTAL,,online,baseball,10470976901.0,,,,,,,,,31,False,False,CO_2023_08_hb1292.pdf,,,,1,0,https://sbg.colorado.gov/sites/sbg/files/documents/HB%2021-1292%20Report%20August%202023.pdf,https://sbg.colorado.gov/sports-betting-monthly-reports,CO/screenshots/CO_2023_08_CO_2023_08_summary_p1.png,,,2026-04-26T03:25:00.663023
CO,2023-08-01,2023-08-31,monthly,ALL,TOTAL,TOTAL,,retail,baseball,24873167.0,,,,,,,,,31,False,False,CO_2023_08_hb1292.pdf,,,,1,0,https://sbg.colorado.gov/sites/sbg/files/documents/HB%2021-1292%20Report%20August%202023.pdf,https://sbg.colorado.gov/sports-betting-monthly-reports,CO/screenshots/CO_2023_08_CO_2023_08_summary_p1.png,,,2026-04-26T03:25:00.663023
CO,2023-07-01,2023-07-31,monthly,ALL,TOTAL,TOTAL,,online,tennis,3386278644.0,,,,,,,,,31,False,False,CO_2023_07_hb1292.pdf,,,,1,0,https://sbg.colorado.gov/sites/sbg/files/documents/HB%2021-1292%20Report%20July%202023_0.pdf,https://sbg.colorado.gov/sports-betting-monthly-reports,CO/screenshots/CO_2023_07_CO_2023_07_summary_p1.png,,,2026-04-26T03:23:40.359265
CO,2023-06-01,2023-06-30,monthly,ALL,TOTAL,TOTAL,,online,football,453336010.0,,,,,,,,,30,False,False,CO_2023_06_hb1292.pdf,,,,1,0,https://sbg.colorado.gov/sites/sbg/files/documents/HB%2021-1292%20Report%20June%202023.pdf,https://sbg.colorado.gov/sports-betting-monthly-reports,CO/screenshots/CO_2023_06_CO_2023_06_summary_p1.png,,,2026-04-26T03:22:20.064330
CO,2023-06-01,2023-06-30,monthly,ALL,TOTAL,TOTAL,,online,other,392382126.0,,,,,,,,,30,False,False,CO_2023_06_hb1292.pdf,,,,1,0,https://sbg.colorado.gov/sites/sbg/files/documents/HB%2021-1292%20Report%20June%202023.pdf,https://sbg.colorado.gov/sports-betting-monthly-reports,CO/screenshots/CO_2023_06_CO_2023_06_summary_p1.png,,,2026-04-26T03:22:20.064330
CO,2023-06-01,2023-06-30,monthly,ALL,TOTAL,TOTAL,,online,soccer,129445640.0,,,,,,,,,30,False,False,CO_2023_06_hb1292.pdf,,,,1,0,https://sbg.colorado.gov/sites/sbg/files/documents/HB%2021-1292%20Report%20June%202023.pdf,https://sbg.colorado.gov/sports-betting-monthly-reports,CO/screenshots/CO_2023_06_CO_2023_06_summary_p1.png,,,2026-04-26T03:22:20.064330
CO,2023-07-01,2023-07-31,monthly,ALL,TOTAL,TOTAL,,retail,,173212029.0,14416553.0,14416553.0,432279.0,13984274.0,158795476.0,,,0.0832306686968028,31,False,False,CO_2023_07_hb1292.pdf,,,,1,0,https://sbg.colorado.gov/sites/sbg/files/documents/HB%2021-1292%20Report%20July%202023_0.pdf,https://sbg.colorado.gov/sports-betting-monthly-reports,CO/screenshots/CO_2023_07_CO_2023_07_summary_p1.png,,,2026-04-26T03:23:40.359265
CO,2023-07-01,2023-07-31,monthly,ALL,TOTAL,TOTAL,,online,,27937837007.0,2481794047.0,2481794047.0,588191217.0,1893602830.0,25456042960.0,177877259.0,,0.0888327198121376,31,False,False,CO_2023_07_hb1292.pdf,,,,1,0,https://sbg.colorado.gov/sites/sbg/files/documents/HB%2021-1292%20Report%20July%202023_0.pdf,https://sbg.colorado.gov/sports-betting-monthly-reports,CO/screenshots/CO_2023_07_CO_2023_07_summary_p1.png,,,2026-04-26T03:23:40.359265
CO,2023-07-01,2023-07-31,monthly,ALL,TOTAL,TOTAL,,online,baseball,10397642772.0,,,,,,,,,31,False,False,CO_2023_07_hb1292.pdf,,,,1,0,https://sbg.colorado.gov/sites/sbg/files/documents/HB%2021-1292%20Report%20July%202023_0.pdf,https://sbg.colorado.gov/sports-betting-monthly-reports,CO/screenshots/CO_2023_07_CO_2023_07_summary_p1.png,,,2026-04-26T03:23:40.359265
CO,2023-07-01,2023-07-31,monthly,ALL,TOTAL,TOTAL,,online,basketball,3439282155.0,,,,,,,,,31,False,False,CO_2023_07_hb1292.pdf,,,,1,0,https://sbg.colorado.gov/sites/sbg/files/documents/HB%2021-1292%20Report%20July%202023_0.pdf,https://sbg.colorado.gov/sports-betting-monthly-reports,CO/screenshots/CO_2023_07_CO_2023_07_summary_p1.png,,,2026-04-26T03:23:40.359265
CO,2023-07-01,2023-07-31,monthly,ALL,TOTAL,TOTAL,,online,soccer,1755171308.0,,,,,,,,,31,False,False,CO_2023_07_hb1292.pdf,,,,1,0,https://sbg.colorado.gov/sites/sbg/files/documents/HB%2021-1292%20Report%20July%202023_0.pdf,https://sbg.colorado.gov/sports-betting-monthly-reports,CO/screenshots/CO_2023_07_CO_2023_07_summary_p1.png,,,2026-04-26T03:23:40.359265
CO,2023-08-01,2023-08-31,monthly,ALL,TOTAL,TOTAL,,online,,30417060541.0,2562432606.0,2562432606.0,718497839.0,1843934767.0,27854627935.0,179843036.0,,0.0842432687585319,31,False,False,CO_2023_08_hb1292.pdf,,,,1,0,https://sbg.colorado.gov/sites/sbg/files/documents/HB%2021-1292%20Report%20August%202023.pdf,https://sbg.colorado.gov/sports-betting-monthly-reports,CO/screenshots/CO_2023_08_CO_2023_08_summary_p1.png,,,2026-04-26T03:25:00.663023
CO,2023-07-01,2023-07-31,monthly,ALL,TOTAL,TOTAL,,online,table_tennis,1217634562.0,,,,,,,,,31,False,False,CO_2023_07_hb1292.pdf,,,,1,0,https://sbg.colorado.gov/sites/sbg/files/documents/HB%2021-1292%20Report%20July%202023_0.pdf,https://sbg.colorado.gov/sports-betting-monthly-reports,CO/screenshots/CO_2023_07_CO_2023_07_summary_p1.png,,,2026-04-26T03:23:40.359265
CO,2023-07-01,2023-07-31,monthly,ALL,TOTAL,TOTAL,,online,golf,758152765.0,,,,,,,,,31,False,False,CO_2023_07_hb1292.pdf,,,,1,0,https://sbg.colorado.gov/sites/sbg/files/documents/HB%2021-1292%20Report%20July%202023_0.pdf,https://sbg.colorado.gov/sports-betting-monthly-reports,CO/screenshots/CO_2023_07_CO_2023_07_summary_p1.png,,,2026-04-26T03:23:40.359265
CO,2023-07-01,2023-07-31,monthly,ALL,TOTAL,TOTAL,,online,mma,565860096.0,,,,,,,,,31,False,False,CO_2023_07_hb1292.pdf,,,,1,0,https://sbg.colorado.gov/sites/sbg/files/documents/HB%2021-1292%20Report%20July%202023_0.pdf,https://sbg.colorado.gov/sports-betting-monthly-reports,CO/screenshots/CO_2023_07_CO_2023_07_summary_p1.png,,,2026-04-26T03:23:40.359265
CO,2023-07-01,2023-07-31,monthly,ALL,TOTAL,TOTAL,,online,football,168668248.0,,,,,,,,,31,False,False,CO_2023_07_hb1292.pdf,,,,1,0,https://sbg.colorado.gov/sites/sbg/files/documents/HB%2021-1292%20Report%20July%202023_0.pdf,https://sbg.colorado.gov/sports-betting-monthly-reports,CO/screenshots/CO_2023_07_CO_2023_07_summary_p1.png,,,2026-04-26T03:23:40.359265
CO,2023-07-01,2023-07-31,monthly,ALL,TOTAL,TOTAL,,online,boxing,98907843.0,,,,,,,,,31,False,False,CO_2023_07_hb1292.pdf,,,,1,0,https://sbg.colorado.gov/sites/sbg/files/documents/HB%2021-1292%20Report%20July%202023_0.pdf,https://sbg.colorado.gov/sports-betting-monthly-reports,CO/screenshots/CO_2023_07_CO_2023_07_summary_p1.png,,,2026-04-26T03:23:40.359265
CO,2023-07-01,2023-07-31,monthly,ALL,TOTAL,TOTAL,,online,other,79994119.0,,,,,,,,,31,False,False,CO_2023_07_hb1292.pdf,,,,1,0,https://sbg.colorado.gov/sites/sbg/files/documents/HB%2021-1292%20Report%20July%202023_0.pdf,https://sbg.colorado.gov/sports-betting-monthly-reports,CO/screenshots/CO_2023_07_CO_2023_07_summary_p1.png,,,2026-04-26T03:23:40.359265
CO,2023-08-01,2023-08-31,monthly,ALL,TOTAL,TOTAL,,retail,,189518528.0,24873167.0,24873167.0,468772.0,24404395.0,164645361.0,759493.0,,0.1312439858123001,31,False,False,CO_2023_08_hb1292.pdf,,,,1,0,https://sbg.colorado.gov/sites/sbg/files/documents/HB%2021-1292%20Report%20August%202023.pdf,https://sbg.colorado.gov/sports-betting-monthly-reports,CO/screenshots/CO_2023_08_CO_2023_08_summary_p1.png,,,2026-04-26T03:25:00.663023
CO,2023-09-01,2023-09-30,monthly,ALL,TOTAL,TOTAL,,online,soccer,1986872118.0,,,,,,,,,30,False,False,CO_2023_09_hb1292.pdf,,,,1,0,https://sbg.colorado.gov/sites/sbg/files/documents/HB%2021-1292%20Report%20September%202023.pdf,https://sbg.colorado.gov/sports-betting-monthly-reports,CO/screenshots/CO_2023_09_CO_2023_09_summary_p1.png,,,2026-04-26T03:26:21.855123
CO,2023-09-01,2023-09-30,monthly,ALL,TOTAL,TOTAL,,online,mma,418991169.0,,,,,,,,,30,False,False,CO_2023_09_hb1292.pdf,,,,1,0,https://sbg.colorado.gov/sites/sbg/files/documents/HB%2021-1292%20Report%20September%202023.pdf,https://sbg.colorado.gov/sports-betting-monthly-reports,CO/screenshots/CO_2023_09_CO_2023_09_summary_p1.png,,,2026-04-26T03:26:21.855123
CO,2023-12-01,2023-12-31,monthly,ALL,TOTAL,TOTAL,,online,boxing,73282463.0,,,,,,,,,31,False,False,CO_2023_12_hb1292.pdf,,,,1,0,https://sbg.colorado.gov/sites/sbg/files/documents/HB%2021-1292%20Report%20December%202023%20v.2.pdf,https://sbg.colorado.gov/sports-betting-monthly-reports,CO/screenshots/CO_2023_12_CO_2023_12_summary_p1.png,,,2026-04-26T03:30:46.867572
CO,2023-09-01,2023-09-30,monthly,ALL,TOTAL,TOTAL,,online,golf,238121632.0,,,,,,,,,30,False,False,CO_2023_09_hb1292.pdf,,,,1,0,https://sbg.colorado.gov/sites/sbg/files/documents/HB%2021-1292%20Report%20September%202023.pdf,https://sbg.colorado.gov/sports-betting-monthly-reports,CO/screenshots/CO_2023_09_CO_2023_09_summary_p1.png,,,2026-04-26T03:26:21.855123
CO,2023-11-01,2023-11-30,monthly,ALL,TOTAL,TOTAL,,online,tennis,2261792001.0,,218235837.0,,,2043556164.0,,,,30,False,False,CO_2023_11_hb1292.pdf,,,,1,0,https://sbg.colorado.gov/sites/sbg/files/documents/HB%2021-1292%20Report%20November%202023.pdf,https://sbg.colorado.gov/sports-betting-monthly-reports,CO/screenshots/CO_2023_11_CO_2023_11_summary_p1.png,,,2026-04-26T03:29:06.045866
CO,2023-11-01,2023-11-30,monthly,ALL,TOTAL,TOTAL,,online,hockey,1954630004.0,,92011446.0,,,1862618558.0,,,,30,False,False,CO_2023_11_hb1292.pdf,,,,1,0,https://sbg.colorado.gov/sites/sbg/files/documents/HB%2021-1292%20Report%20November%202023.pdf,https://sbg.colorado.gov/sports-betting-monthly-reports,CO/screenshots/CO_2023_11_CO_2023_11_summary_p1.png,,,2026-04-26T03:29:06.045866
CO,2023-11-01,2023-11-30,monthly,ALL,TOTAL,TOTAL,,online,soccer,1457057849.0,,173726268.0,,,1283331581.0,,,,30,False,False,CO_2023_11_hb1292.pdf,,,,1,0,https://sbg.colorado.gov/sites/sbg/files/documents/HB%2021-1292%20Report%20November%202023.pdf,https://sbg.colorado.gov/sports-betting-monthly-reports,CO/screenshots/CO_2023_11_CO_2023_11_summary_p1.png,,,2026-04-26T03:29:06.045866
CO,2023-11-01,2023-11-30,monthly,ALL,TOTAL,TOTAL,,online,table_tennis,985223419.0,,64877003.0,,,920346416.0,,,,30,False,False,CO_2023_11_hb1292.pdf,,,,1,0,https://sbg.colorado.gov/sites/sbg/files/documents/HB%2021-1292%20Report%20November%202023.pdf,https://sbg.colorado.gov/sports-betting-monthly-reports,CO/screenshots/CO_2023_11_CO_2023_11_summary_p1.png,,,2026-04-26T03:29:06.045866
CO,2023-11-01,2023-11-30,monthly,ALL,TOTAL,TOTAL,,online,mma,257381201.0,,41610535.0,,,215770666.0,,,,30,False,False,CO_2023_11_hb1292.pdf,,,,1,0,https://sbg.colorado.gov/sites/sbg/files/documents/HB%2021-1292%20Report%20November%202023.pdf,https://sbg.colorado.gov/sports-betting-monthly-reports,CO/screenshots/CO_2023_11_CO_2023_11_summary_p1.png,,,2026-04-26T03:29:06.045866
CO,2023-11-01,2023-11-30,monthly,ALL,TOTAL,TOTAL,,online,baseball,123884096.0,,-152971165.0,,,276855261.0,,,,30,False,False,CO_2023_11_hb1292.pdf,,,,1,0,https://sbg.colorado.gov/sites/sbg/files/documents/HB%2021-1292%20Report%20November%202023.pdf,https://sbg.colorado.gov/sports-betting-monthly-reports,CO/screenshots/CO_2023_11_CO_2023_11_summary_p1.png,,,2026-04-26T03:29:06.045866
CO,2023-12-01,2023-12-31,monthly,ALL,TOTAL,TOTAL,,retail,,445620260.0,6354625.0,6354625.0,1116215.0,5238410.0,439265635.0,794931.0,,0.0142601797324026,31,False,False,CO_2023_12_hb1292.pdf,,,,1,0,https://sbg.colorado.gov/sites/sbg/files/documents/HB%2021-1292%20Report%20December%202023%20v.2.pdf,https://sbg.colorado.gov/sports-betting-monthly-reports,CO/screenshots/CO_2023_12_CO_2023_12_summary_p1.png,,,2026-04-26T03:30:46.867572
CO,2023-12-01,2023-12-31,monthly,ALL,TOTAL,TOTAL,,online,,71197406762.0,4047395289.0,4047395289.0,1545830413.0,2501564876.0,67150011473.0,367438548.0,,0.0568475099455477,31,False,False,CO_2023_12_hb1292.pdf,,,,1,0,https://sbg.colorado.gov/sites/sbg/files/documents/HB%2021-1292%20Report%20December%202023%20v.2.pdf,https://sbg.colorado.gov/sports-betting-monthly-reports,CO/screenshots/CO_2023_12_CO_2023_12_summary_p1.png,,,2026-04-26T03:30:46.867572
CO,2023-12-01,2023-12-31,monthly,ALL,TOTAL,TOTAL,,online,football,19093802682.0,,,,,,,,,31,False,False,CO_2023_12_hb1292.pdf,,,,1,0,https://sbg.colorado.gov/sites/sbg/files/documents/HB%2021-1292%20Report%20December%202023%20v.2.pdf,https://sbg.colorado.gov/sports-betting-monthly-reports,CO/screenshots/CO_2023_12_CO_2023_12_summary_p1.png,,,2026-04-26T03:30:46.867572
CO,2023-12-01,2023-12-31,monthly,ALL,TOTAL,TOTAL,,online,basketball,17028415441.0,,,,,,,,,31,False,False,CO_2023_12_hb1292.pdf,,,,1,0,https://sbg.colorado.gov/sites/sbg/files/documents/HB%2021-1292%20Report%20December%202023%20v.2.pdf,https://sbg.colorado.gov/sports-betting-monthly-reports,CO/screenshots/CO_2023_12_CO_2023_12_summary_p1.png,,,2026-04-26T03:30:46.867572
CO,2023-12-01,2023-12-31,monthly,ALL,TOTAL,TOTAL,,online,other,2971512008.0,,,,,,,,,31,False,False,CO_2023_12_hb1292.pdf,,,,1,0,https://sbg.colorado.gov/sites/sbg/files/documents/HB%2021-1292%20Report%20December%202023%20v.2.pdf,https://sbg.colorado.gov/sports-betting-monthly-reports,CO/screenshots/CO_2023_12_CO_2023_12_summary_p1.png,,,2026-04-26T03:30:46.867572
CO,2023-12-01,2023-12-31,monthly,ALL,TOTAL,TOTAL,,online,hockey,1497942470.0,,,,,,,,,31,False,False,CO_2023_12_hb1292.pdf,,,,1,0,https://sbg.colorado.gov/sites/sbg/files/documents/HB%2021-1292%20Report%20December%202023%20v.2.pdf,https://sbg.colorado.gov/sports-betting-monthly-reports,CO/screenshots/CO_2023_12_CO_2023_12_summary_p1.png,,,2026-04-26T03:30:46.867572
CO,2023-12-01,2023-12-31,monthly,ALL,TOTAL,TOTAL,,online,soccer,1389876883.0,,,,,,,,,31,False,False,CO_2023_12_hb1292.pdf,,,,1,0,https://sbg.colorado.gov/sites/sbg/files/documents/HB%2021-1292%20Report%20December%202023%20v.2.pdf,https://sbg.colorado.gov/sports-betting-monthly-reports,CO/screenshots/CO_2023_12_CO_2023_12_summary_p1.png,,,2026-04-26T03:30:46.867572
CO,2023-12-01,2023-12-31,monthly,ALL,TOTAL,TOTAL,,online,tennis,1192854497.0,,,,,,,,,31,False,False,CO_2023_12_hb1292.pdf,,,,1,0,https://sbg.colorado.gov/sites/sbg/files/documents/HB%2021-1292%20Report%20December%202023%20v.2.pdf,https://sbg.colorado.gov/sports-betting-monthly-reports,CO/screenshots/CO_2023_12_CO_2023_12_summary_p1.png,,,2026-04-26T03:30:46.867572
CO,2023-12-01,2023-12-31,monthly,ALL,TOTAL,TOTAL,,online,table_tennis,876548775.0,,,,,,,,,31,False,False,CO_2023_12_hb1292.pdf,,,,1,0,https://sbg.colorado.gov/sites/sbg/files/documents/HB%2021-1292%20Report%20December%202023%20v.2.pdf,https://sbg.colorado.gov/sports-betting-monthly-reports,CO/screenshots/CO_2023_12_CO_2023_12_summary_p1.png,,,2026-04-26T03:30:46.867572
CO,2023-12-01,2023-12-31,monthly,ALL,TOTAL,TOTAL,,online,mma,285243168.0,,,,,,,,,31,False,False,CO_2023_12_hb1292.pdf,,,,1,0,https://sbg.colorado.gov/sites/sbg/files/documents/HB%2021-1292%20Report%20December%202023%20v.2.pdf,https://sbg.colorado.gov/sports-betting-monthly-reports,CO/screenshots/CO_2023_12_CO_2023_12_summary_p1.png,,,2026-04-26T03:30:46.867572
CO,2023-11-01,2023-11-30,monthly,ALL,TOTAL,TOTAL,,online,other,5150234204.0,,23733124.0,,,5126501080.0,,,,30,False,False,CO_2023_11_hb1292.pdf,,,,1,0,https://sbg.colorado.gov/sites/sbg/files/documents/HB%2021-1292%20Report%20November%202023.pdf,https://sbg.colorado.gov/sports-betting-monthly-reports,CO/screenshots/CO_2023_11_CO_2023_11_summary_p1.png,,,2026-04-26T03:29:06.045866
CO,2023-11-01,2023-11-30,monthly,ALL,TOTAL,TOTAL,,online,basketball,14179210334.0,,550383393.0,,,13628826941.0,,,,30,False,False,CO_2023_11_hb1292.pdf,,,,1,0,https://sbg.colorado.gov/sites/sbg/files/documents/HB%2021-1292%20Report%20November%202023.pdf,https://sbg.colorado.gov/sports-betting-monthly-reports,CO/screenshots/CO_2023_11_CO_2023_11_summary_p1.png,,,2026-04-26T03:29:06.045866
CO,2023-10-01,2023-10-31,monthly,ALL,TOTAL,TOTAL,,online,baseball,3784156360.0,,,,,,,,,31,False,False,CO_2023_10_hb1292.pdf,,,,1,0,https://sbg.colorado.gov/sites/sbg/files/documents/HB%2021-1292%20Report%20October%202023_0.pdf,https://sbg.colorado.gov/sports-betting-monthly-reports,CO/screenshots/CO_2023_10_CO_2023_10_summary_p1.png,,,2026-04-26T03:27:43.544772
CO,2023-09-01,2023-09-30,monthly,ALL,TOTAL,TOTAL,,online,hockey,153466958.0,,,,,,,,,30,False,False,CO_2023_09_hb1292.pdf,,,,1,0,https://sbg.colorado.gov/sites/sbg/files/documents/HB%2021-1292%20Report%20September%202023.pdf,https://sbg.colorado.gov/sports-betting-monthly-reports,CO/screenshots/CO_2023_09_CO_2023_09_summary_p1.png,,,2026-04-26T03:26:21.855123
CO,2023-10-01,2023-10-31,monthly,ALL,TOTAL,TOTAL,,retail,,443799795.0,-9000541.0,-9000541.0,,-10108127.0,452800336.0,509600.0,,-0.0202806335230506,31,False,False,CO_2023_10_hb1292.pdf,,,,1,0,https://sbg.colorado.gov/sites/sbg/files/documents/HB%2021-1292%20Report%20October%202023_0.pdf,https://sbg.colorado.gov/sports-betting-monthly-reports,CO/screenshots/CO_2023_10_CO_2023_10_summary_p1.png,,,2026-04-26T03:27:43.544772
CO,2023-10-01,2023-10-31,monthly,ALL,TOTAL,TOTAL,,online,,55042180320.0,4700449703.0,4700449703.0,1383374462.0,3317075241.0,50341730617.0,334638615.0,,0.085397229464256,31,False,False,CO_2023_10_hb1292.pdf,,,,1,0,https://sbg.colorado.gov/sites/sbg/files/documents/HB%2021-1292%20Report%20October%202023_0.pdf,https://sbg.colorado.gov/sports-betting-monthly-reports,CO/screenshots/CO_2023_10_CO_2023_10_summary_p1.png,,,2026-04-26T03:27:43.544772
CO,2023-10-01,2023-10-31,monthly,ALL,TOTAL,TOTAL,,online,football,18353919846.0,,,,,,,,,31,False,False,CO_2023_10_hb1292.pdf,,,,1,0,https://sbg.colorado.gov/sites/sbg/files/documents/HB%2021-1292%20Report%20October%202023_0.pdf,https://sbg.colorado.gov/sports-betting-monthly-reports,CO/screenshots/CO_2023_10_CO_2023_10_summary_p1.png,,,2026-04-26T03:27:43.544772
CO,2023-10-01,2023-10-31,monthly,ALL,TOTAL,TOTAL,,online,basketball,6312966236.0,,,,,,,,,31,False,False,CO_2023_10_hb1292.pdf,,,,1,0,https://sbg.colorado.gov/sites/sbg/files/documents/HB%2021-1292%20Report%20October%202023_0.pdf,https://sbg.colorado.gov/sports-betting-monthly-reports,CO/screenshots/CO_2023_10_CO_2023_10_summary_p1.png,,,2026-04-26T03:27:43.544772
CO,2023-10-01,2023-10-31,monthly,ALL,TOTAL,TOTAL,,retail,other,509600.0,,,,,,,,,31,False,False,CO_2023_10_hb1292.pdf,,,,1,0,https://sbg.colorado.gov/sites/sbg/files/documents/HB%2021-1292%20Report%20October%202023_0.pdf,https://sbg.colorado.gov/sports-betting-monthly-reports,CO/screenshots/CO_2023_10_CO_2023_10_summary_p1.png,,,2026-04-26T03:27:43.544772
CO,2023-10-01,2023-10-31,monthly,ALL,TOTAL,TOTAL,,online,other,5088818054.0,,,,,,,,,31,False,False,CO_2023_10_hb1292.pdf,,,,1,0,https://sbg.colorado.gov/sites/sbg/files/documents/HB%2021-1292%20Report%20October%202023_0.pdf,https://sbg.colorado.gov/sports-betting-monthly-reports,CO/screenshots/CO_2023_10_CO_2023_10_summary_p1.png,,,2026-04-26T03:27:43.544772
CO,2023-10-01,2023-10-31,monthly,ALL,TOTAL,TOTAL,,online,tennis,3279576493.0,,,,,,,,,31,False,False,CO_2023_10_hb1292.pdf,,,,1,0,https://sbg.colorado.gov/sites/sbg/files/documents/HB%2021-1292%20Report%20October%202023_0.pdf,https://sbg.colorado.gov/sports-betting-monthly-reports,CO/screenshots/CO_2023_10_CO_2023_10_summary_p1.png,,,2026-04-26T03:27:43.544772
CO,2023-11-01,2023-11-30,monthly,ALL,TOTAL,TOTAL,,online,football,14925885701.0,,468351857.0,,,14457533844.0,,,,30,False,False,CO_2023_11_hb1292.pdf,,,,1,0,https://sbg.colorado.gov/sites/sbg/files/documents/HB%2021-1292%20Report%20November%202023.pdf,https://sbg.colorado.gov/sports-betting-monthly-reports,CO/screenshots/CO_2023_11_CO_2023_11_summary_p1.png,,,2026-04-26T03:29:06.045866
CO,2023-10-01,2023-10-31,monthly,ALL,TOTAL,TOTAL,,online,soccer,1919410636.0,,,,,,,,,31,False,False,CO_2023_10_hb1292.pdf,,,,1,0,https://sbg.colorado.gov/sites/sbg/files/documents/HB%2021-1292%20Report%20October%202023_0.pdf,https://sbg.colorado.gov/sports-betting-monthly-reports,CO/screenshots/CO_2023_10_CO_2023_10_summary_p1.png,,,2026-04-26T03:27:43.544772
CO,2023-10-01,2023-10-31,monthly,ALL,TOTAL,TOTAL,,online,hockey,1597769885.0,,,,,,,,,31,False,False,CO_2023_10_hb1292.pdf,,,,1,0,https://sbg.colorado.gov/sites/sbg/files/documents/HB%2021-1292%20Report%20October%202023_0.pdf,https://sbg.colorado.gov/sports-betting-monthly-reports,CO/screenshots/CO_2023_10_CO_2023_10_summary_p1.png,,,2026-04-26T03:27:43.544772
CO,2023-10-01,2023-10-31,monthly,ALL,TOTAL,TOTAL,,online,table_tennis,1119561289.0,,,,,,,,,31,False,False,CO_2023_10_hb1292.pdf,,,,1,0,https://sbg.colorado.gov/sites/sbg/files/documents/HB%2021-1292%20Report%20October%202023_0.pdf,https://sbg.colorado.gov/sports-betting-monthly-reports,CO/screenshots/CO_2023_10_CO_2023_10_summary_p1.png,,,2026-04-26T03:27:43.544772
CO,2023-10-01,2023-10-31,monthly,ALL,TOTAL,TOTAL,,online,mma,252489884.0,,,,,,,,,31,False,False,CO_2023_10_hb1292.pdf,,,,1,0,https://sbg.colorado.gov/sites/sbg/files/documents/HB%2021-1292%20Report%20October%202023_0.pdf,https://sbg.colorado.gov/sports-betting-monthly-reports,CO/screenshots/CO_2023_10_CO_2023_10_summary_p1.png,,,2026-04-26T03:27:43.544772
CO,2023-10-01,2023-10-31,monthly,ALL,TOTAL,TOTAL,,online,golf,142863197.0,,,,,,,,,31,False,False,CO_2023_10_hb1292.pdf,,,,1,0,https://sbg.colorado.gov/sites/sbg/files/documents/HB%2021-1292%20Report%20October%202023_0.pdf,https://sbg.colorado.gov/sports-betting-monthly-reports,CO/screenshots/CO_2023_10_CO_2023_10_summary_p1.png,,,2026-04-26T03:27:43.544772
CO,2023-11-01,2023-11-30,monthly,ALL,TOTAL,TOTAL,,retail,,556654895.0,36961885.0,36961885.0,1393505.0,35568380.0,519693010.0,2891889.0,,0.0663999999496995,30,False,False,CO_2023_11_hb1292.pdf,,,,1,0,https://sbg.colorado.gov/sites/sbg/files/documents/HB%2021-1292%20Report%20November%202023.pdf,https://sbg.colorado.gov/sports-betting-monthly-reports,CO/screenshots/CO_2023_11_CO_2023_11_summary_p1.png,,,2026-04-26T03:29:06.045866
CO,2023-11-01,2023-11-30,monthly,ALL,TOTAL,TOTAL,,online,,60290570171.0,2821598684.0,2821598684.0,1461046625.0,1360552059.0,57468971487.0,146030558.0,,0.0467999999999535,30,False,False,CO_2023_11_hb1292.pdf,,,,1,0,https://sbg.colorado.gov/sites/sbg/files/documents/HB%2021-1292%20Report%20November%202023.pdf,https://sbg.colorado.gov/sports-betting-monthly-reports,CO/screenshots/CO_2023_11_CO_2023_11_summary_p1.png,,,2026-04-26T03:29:06.045866
CO,2026-02-01,2026-02-28,monthly,ALL,TOTAL,TOTAL,,online,mma,334564330.0,,,,,,,,,28,False,False,CO_2026_02_hb1292.pdf,,,,1,0,https://sbg.colorado.gov/sites/sbg/files/documents/HB%2021-1292%20Report%20February%202026.pdf,https://sbg.colorado.gov/sports-betting-monthly-reports,CO/screenshots/CO_2026_02_CO_2026_02_summary_p1.png,,,2026-04-26T04:08:14.350214
CO,2022-01-01,2022-01-31,monthly,ALL,TOTAL,TOTAL,,retail,,661360856.0,43708980.0,43708980.0,1650894.0,42058086.0,617651876.0,3182576.0,,0.066089457220613,31,False,False,CO_2022_01_hb1292.pdf,,,,1,0,https://sbg.colorado.gov/sites/sbg/files/documents/21%20Monthly%20Summary%20%28January%20%2722%29%20Revised%20v.2.pdf,https://sbg.colorado.gov/sports-betting-monthly-reports,CO/screenshots/CO_2022_01_CO_2022_01_summary_p1.png,,,2026-04-26T06:16:32.560216
CO,2022-01-01,2022-01-31,monthly,ALL,TOTAL,TOTAL,,online,,56710660464.0,3420312940.0,3420312940.0,2293148885.0,1127164055.0,53290347524.0,141612657.0,,0.06031164003408528,31,False,False,CO_2022_01_hb1292.pdf,,,,1,0,https://sbg.colorado.gov/sites/sbg/files/documents/21%20Monthly%20Summary%20%28January%20%2722%29%20Revised%20v.2.pdf,https://sbg.colorado.gov/sports-betting-monthly-reports,CO/screenshots/CO_2022_01_CO_2022_01_summary_p1.png,,,2026-04-26T06:16:32.560216
