state_code,period_start,period_end,period_type,operator_raw,operator_reported,operator_standard,parent_company,channel,sport_category,handle,gross_revenue,standard_ggr,promo_credits,net_revenue,payouts,tax_paid,federal_excise_tax,hold_pct,days_in_period,is_partial_period,data_is_revised,source_file,source_sheet,source_row,source_column,source_page,source_table_index,source_url,source_report_url,source_screenshot,source_raw_line,source_context,scrape_timestamp
KS,2023-01-01,2023-01-31,monthly,DraftKings,DraftKings,DraftKings,DraftKings Inc,retail,,56414200,0,,,,,,,0.0,31,False,False,KS_2023_01.pdf,,,,1,0.0,,https://www.kslottery.com/publications/sports-monthly-revenues/,KS/screenshots/KS_2023_01_KS_2023_01_p1.png,"Boot Hill | DraftKings | $564,142 | $0 | $0",,2026-03-28T01:12:38.792719
KS,2023-01-01,2023-01-31,monthly,FanDuel,FanDuel,FanDuel,Flutter Entertainment,retail,,133138800,14503700,,,,,,,0.1089366886287092,31,False,False,KS_2023_01.pdf,,,,1,0.0,,https://www.kslottery.com/publications/sports-monthly-revenues/,KS/screenshots/KS_2023_01_KS_2023_01_p1.png,"Kansas Star | FanDuel | $1,331,388 | $145,037 | $14,503",,2026-03-28T01:12:38.792719
KS,2023-01-01,2023-01-31,monthly,Barstool,ESPN Bet,ESPN Bet,PENN Entertainment,retail,,745851600,0,,,,,,,0.0,31,False,False,KS_2023_01.pdf,,,,1,0.0,,https://www.kslottery.com/publications/sports-monthly-revenues/,KS/screenshots/KS_2023_01_KS_2023_01_p1.png,"Hollywood | Barstool | $7,458,516 | $0 | $0",,2026-03-28T01:12:38.792719
KS,2023-01-01,2023-01-31,monthly,Caesar's,Caesars,Caesars,Caesars Entertainment,retail,,3327400,0,,,,,,,0.0,31,False,False,KS_2023_01.pdf,,,,1,0.0,,https://www.kslottery.com/publications/sports-monthly-revenues/,KS/screenshots/KS_2023_01_KS_2023_01_p1.png,"Kansas Crossing | Caesar's | $33,274 | $0 | $0",,2026-03-28T01:12:38.792719
KS,2023-01-01,2023-01-31,monthly,DraftKings,DraftKings,DraftKings,DraftKings Inc,online,,7766797300,233329300,,,,,,,0.0300418938447125,31,False,False,KS_2023_01.pdf,,,,1,0.0,,https://www.kslottery.com/publications/sports-monthly-revenues/,KS/screenshots/KS_2023_01_KS_2023_01_p1.png,"Boot Hill | DraftKings | $77,667,973 | $2,333,293 | $233,329",,2026-03-28T01:12:38.792719
KS,2023-01-01,2023-01-31,monthly,FanDuel,FanDuel,FanDuel,Flutter Entertainment,online,,6337123600,344515500,,,,,,,0.0543646489710252,31,False,False,KS_2023_01.pdf,,,,1,0.0,,https://www.kslottery.com/publications/sports-monthly-revenues/,KS/screenshots/KS_2023_01_KS_2023_01_p1.png,"Kansas Star | FanDuel | $63,371,236 | $3,445,155 | $344,515",,2026-03-28T01:12:38.792719
KS,2023-01-01,2023-01-31,monthly,Barstool,ESPN Bet,ESPN Bet,PENN Entertainment,online,,1267687000,3055000,,,,,,,0.0024099008666965,31,False,False,KS_2023_01.pdf,,,,1,0.0,,https://www.kslottery.com/publications/sports-monthly-revenues/,KS/screenshots/KS_2023_01_KS_2023_01_p1.png,"Hollywood | Barstool | $12,676,870 | $30,550 | $3,055",,2026-03-28T01:12:38.792719
KS,2023-01-01,2023-01-31,monthly,BetMGM,BetMGM,BetMGM,Entain/MGM Resorts,online,,2518659800,0,,,,,,,0.0,31,False,False,KS_2023_01.pdf,,,,1,0.0,,https://www.kslottery.com/publications/sports-monthly-revenues/,KS/screenshots/KS_2023_01_KS_2023_01_p1.png,"Kansas Crossing | BetMGM | $25,186,598 | $0 | $0",,2026-03-28T01:12:38.792719
KS,2023-01-01,2023-01-31,monthly,Caesar's,Caesars,Caesars,Caesars Entertainment,online,,1511651300,3342900,,,,,,,0.00221142270046,31,False,False,KS_2023_01.pdf,,,,1,0.0,,https://www.kslottery.com/publications/sports-monthly-revenues/,KS/screenshots/KS_2023_01_KS_2023_01_p1.png,"Kansas Crossing | Caesar's | $15,116,513 | $33,429 | $3,343",,2026-03-28T01:12:38.792719
KS,2023-01-01,2023-01-31,monthly,PointsBet,Fanatics,Fanatics,Fanatics Inc,online,,265422400,441200,,,,,,,0.0016622560869014,31,False,False,KS_2023_01.pdf,,,,1,0.0,,https://www.kslottery.com/publications/sports-monthly-revenues/,KS/screenshots/KS_2023_01_KS_2023_01_p1.png,"Kansas Crossing | PointsBet | $2,654,224 | $4,412 | $0",,2026-03-28T01:12:38.792719
KS,2023-02-01,2023-02-28,monthly,DraftKings,DraftKings,DraftKings,DraftKings Inc,retail,,28913800,0,,,,,,,0.0,28,False,False,KS_2023_02.pdf,,,,1,0.0,,https://www.kslottery.com/publications/sports-monthly-revenues/,KS/screenshots/KS_2023_02_KS_2023_02_p1.png,"Boot Hill | DraftKings | $289,138 | $0 | $0",,2026-03-28T01:12:39.350726
KS,2023-02-01,2023-02-28,monthly,FanDuel,FanDuel,FanDuel,Flutter Entertainment,retail,,153853000,0,,,,,,,0.0,28,False,False,KS_2023_02.pdf,,,,1,0.0,,https://www.kslottery.com/publications/sports-monthly-revenues/,KS/screenshots/KS_2023_02_KS_2023_02_p1.png,"Kansas Star | FanDuel | $1,538,530 | $0 | $0",,2026-03-28T01:12:39.350726
KS,2023-02-01,2023-02-28,monthly,Barstool,ESPN Bet,ESPN Bet,PENN Entertainment,retail,,601871200,0,,,,,,,0.0,28,False,False,KS_2023_02.pdf,,,,1,0.0,,https://www.kslottery.com/publications/sports-monthly-revenues/,KS/screenshots/KS_2023_02_KS_2023_02_p1.png,"Hollywood | Barstool | $6,018,712 | $0 | $0",,2026-03-28T01:12:39.350726
KS,2023-02-01,2023-02-28,monthly,Caesar's,Caesars,Caesars,Caesars Entertainment,retail,,33006600,0,,,,,,,0.0,28,False,False,KS_2023_02.pdf,,,,1,0.0,,https://www.kslottery.com/publications/sports-monthly-revenues/,KS/screenshots/KS_2023_02_KS_2023_02_p1.png,"Kansas Crossing | Caesar's | $330,066 | $0 | $0",,2026-03-28T01:12:39.350726
KS,2023-02-01,2023-02-28,monthly,DraftKings,DraftKings,DraftKings,DraftKings Inc,online,,7402382000,0,,,,,,,0.0,28,False,False,KS_2023_02.pdf,,,,1,0.0,,https://www.kslottery.com/publications/sports-monthly-revenues/,KS/screenshots/KS_2023_02_KS_2023_02_p1.png,"Boot Hill | DraftKings | $74,023,820 | $0 | $0",,2026-03-28T01:12:39.350726
KS,2023-02-01,2023-02-28,monthly,FanDuel,FanDuel,FanDuel,Flutter Entertainment,online,,6997300700,1134200,,,,,,,0.000162091076063,28,False,False,KS_2023_02.pdf,,,,1,0.0,,https://www.kslottery.com/publications/sports-monthly-revenues/,KS/screenshots/KS_2023_02_KS_2023_02_p1.png,"Kansas Star | FanDuel | $69,973,007 | $11,342 | $1,134",,2026-03-28T01:12:39.350726
KS,2023-02-01,2023-02-28,monthly,Barstool,ESPN Bet,ESPN Bet,PENN Entertainment,online,,1095967000,0,,,,,,,0.0,28,False,False,KS_2023_02.pdf,,,,1,0.0,,https://www.kslottery.com/publications/sports-monthly-revenues/,KS/screenshots/KS_2023_02_KS_2023_02_p1.png,"Hollywood | Barstool | $10,959,670 | $0 | $0",,2026-03-28T01:12:39.350726
KS,2023-02-01,2023-02-28,monthly,BetMGM,BetMGM,BetMGM,Entain/MGM Resorts,online,,1892799400,0,,,,,,,0.0,28,False,False,KS_2023_02.pdf,,,,1,0.0,,https://www.kslottery.com/publications/sports-monthly-revenues/,KS/screenshots/KS_2023_02_KS_2023_02_p1.png,"Kansas Crossing | BetMGM | $18,927,994 | $0 | $0",,2026-03-28T01:12:39.350726
KS,2023-02-01,2023-02-28,monthly,Caesar's,Caesars,Caesars,Caesars Entertainment,online,,1019917400,0,,,,,,,0.0,28,False,False,KS_2023_02.pdf,,,,1,0.0,,https://www.kslottery.com/publications/sports-monthly-revenues/,KS/screenshots/KS_2023_02_KS_2023_02_p1.png,"Kansas Crossing | Caesar's | $10,199,174 | $0 | $0",,2026-03-28T01:12:39.350726
KS,2023-02-01,2023-02-28,monthly,PointsBet,Fanatics,Fanatics,Fanatics Inc,online,,177435800,2457400,,,,,,,0.0138495162757459,28,False,False,KS_2023_02.pdf,,,,1,0.0,,https://www.kslottery.com/publications/sports-monthly-revenues/,KS/screenshots/KS_2023_02_KS_2023_02_p1.png,"Kansas Crossing | PointsBet | $1,774,358 | $24,574 | $0",,2026-03-28T01:12:39.350726
KS,2023-03-01,2023-03-31,monthly,DraftKings,DraftKings,DraftKings,DraftKings Inc,retail,,86638100,0,,,,,,,0.0,31,False,False,KS_2023_03.pdf,,,,1,0.0,,https://www.kslottery.com/publications/sports-monthly-revenues/,KS/screenshots/KS_2023_03_KS_2023_03_p1.png,"Boot Hill | DraftKings | $866,381 | $0 | $0",,2026-03-28T01:12:39.909358
KS,2023-03-01,2023-03-31,monthly,FanDuel,FanDuel,FanDuel,Flutter Entertainment,retail,,117742000,5482300,,,,,,,0.0465619744865893,31,False,False,KS_2023_03.pdf,,,,1,0.0,,https://www.kslottery.com/publications/sports-monthly-revenues/,KS/screenshots/KS_2023_03_KS_2023_03_p1.png,"Kansas Star | FanDuel | $1,177,420 | $54,823 | $5,483",,2026-03-28T01:12:39.909358
KS,2023-03-01,2023-03-31,monthly,Barstool,ESPN Bet,ESPN Bet,PENN Entertainment,retail,,686181700,0,,,,,,,0.0,31,False,False,KS_2023_03.pdf,,,,1,0.0,,https://www.kslottery.com/publications/sports-monthly-revenues/,KS/screenshots/KS_2023_03_KS_2023_03_p1.png,"Hollywood | Barstool | $6,861,817 | $0 | $0",,2026-03-28T01:12:39.909358
KS,2023-03-01,2023-03-31,monthly,Caesar's,Caesars,Caesars,Caesars Entertainment,retail,,35801500,0,,,,,,,0.0,31,False,False,KS_2023_03.pdf,,,,1,0.0,,https://www.kslottery.com/publications/sports-monthly-revenues/,KS/screenshots/KS_2023_03_KS_2023_03_p1.png,"Kansas Crossing | Caesar's | $358,015 | $0 | $0",,2026-03-28T01:12:39.909358
KS,2023-03-01,2023-03-31,monthly,DraftKings,DraftKings,DraftKings,DraftKings Inc,online,,8184826400,361995200,,,,,,,0.0442275965682057,31,False,False,KS_2023_03.pdf,,,,1,0.0,,https://www.kslottery.com/publications/sports-monthly-revenues/,KS/screenshots/KS_2023_03_KS_2023_03_p1.png,"Boot Hill | DraftKings | $81,848,264 | $3,619,952 | $361,996",,2026-03-28T01:12:39.909358
KS,2023-03-01,2023-03-31,monthly,FanDuel,FanDuel,FanDuel,Flutter Entertainment,online,,6248744200,513896300,,,,,,,0.0822399323051182,31,False,False,KS_2023_03.pdf,,,,1,0.0,,https://www.kslottery.com/publications/sports-monthly-revenues/,KS/screenshots/KS_2023_03_KS_2023_03_p1.png,"Kansas Star | FanDuel | $62,487,442 | $5,138,963 | $513,897",,2026-03-28T01:12:39.909358
KS,2023-03-01,2023-03-31,monthly,Barstool,ESPN Bet,ESPN Bet,PENN Entertainment,online,,1169743000,0,,,,,,,0.0,31,False,False,KS_2023_03.pdf,,,,1,0.0,,https://www.kslottery.com/publications/sports-monthly-revenues/,KS/screenshots/KS_2023_03_KS_2023_03_p1.png,"Hollywood | Barstool | $11,697,430 | $0 | $0",,2026-03-28T01:12:39.909358
KS,2023-03-01,2023-03-31,monthly,BetMGM,BetMGM,BetMGM,Entain/MGM Resorts,online,,2413070100,0,,,,,,,0.0,31,False,False,KS_2023_03.pdf,,,,1,0.0,,https://www.kslottery.com/publications/sports-monthly-revenues/,KS/screenshots/KS_2023_03_KS_2023_03_p1.png,"Kansas Crossing | BetMGM | $24,130,701 | $0 | $0",,2026-03-28T01:12:39.909358
KS,2023-03-01,2023-03-31,monthly,Caesar's,Caesars,Caesars,Caesars Entertainment,online,,1462975500,19865300,,,,,,,0.013578696293957,31,False,False,KS_2023_03.pdf,,,,1,0.0,,https://www.kslottery.com/publications/sports-monthly-revenues/,KS/screenshots/KS_2023_03_KS_2023_03_p1.png,"Kansas Crossing | Caesar's | $14,629,755 | $198,653 | $19,865",,2026-03-28T01:12:39.909358
KS,2023-03-01,2023-03-31,monthly,PointsBet,Fanatics,Fanatics,Fanatics Inc,online,,222986900,10108100,,,,,,,0.0453304656013425,31,False,False,KS_2023_03.pdf,,,,1,0.0,,https://www.kslottery.com/publications/sports-monthly-revenues/,KS/screenshots/KS_2023_03_KS_2023_03_p1.png,"Kansas Crossing | PointsBet | $2,229,869 | $101,081 | $9,918",,2026-03-28T01:12:39.909358
KS,2023-04-01,2023-04-30,monthly,DraftKings,DraftKings,DraftKings,DraftKings Inc,retail,,71659600,0,,,,,,,0.0,30,False,False,KS_2023_04.pdf,,,,1,0.0,,https://www.kslottery.com/publications/sports-monthly-revenues/,KS/screenshots/KS_2023_04_KS_2023_04_p1.png,"Boot Hill | DraftKings | $716,596 | $0 | $0",,2026-03-28T01:12:40.414313
KS,2023-04-01,2023-04-30,monthly,FanDuel,FanDuel,FanDuel,Flutter Entertainment,retail,,130078000,12089500,,,,,,,0.0929403896123864,30,False,False,KS_2023_04.pdf,,,,1,0.0,,https://www.kslottery.com/publications/sports-monthly-revenues/,KS/screenshots/KS_2023_04_KS_2023_04_p1.png,"Kansas Star | FanDuel | $1,300,780 | $120,895 | $12,089",,2026-03-28T01:12:40.414313
KS,2023-04-01,2023-04-30,monthly,Barstool,ESPN Bet,ESPN Bet,PENN Entertainment,retail,,431485100,0,,,,,,,0.0,30,False,False,KS_2023_04.pdf,,,,1,0.0,,https://www.kslottery.com/publications/sports-monthly-revenues/,KS/screenshots/KS_2023_04_KS_2023_04_p1.png,"Hollywood | Barstool | $4,314,851 | $0 | $0",,2026-03-28T01:12:40.414313
KS,2023-04-01,2023-04-30,monthly,Caesar's,Caesars,Caesars,Caesars Entertainment,retail,,39799300,0,,,,,,,0.0,30,False,False,KS_2023_04.pdf,,,,1,0.0,,https://www.kslottery.com/publications/sports-monthly-revenues/,KS/screenshots/KS_2023_04_KS_2023_04_p1.png,"Kansas Crossing | Caesar's | $397,993 | $0 | $0",,2026-03-28T01:12:40.414313
KS,2023-04-01,2023-04-30,monthly,DraftKings,DraftKings,DraftKings,DraftKings Inc,online,,5298754900,393478800,,,,,,,0.0742587282155662,30,False,False,KS_2023_04.pdf,,,,1,0.0,,https://www.kslottery.com/publications/sports-monthly-revenues/,KS/screenshots/KS_2023_04_KS_2023_04_p1.png,"Boot Hill | DraftKings | $52,987,549 | $3,934,788 | $393,479",,2026-03-28T01:12:40.414313
KS,2023-04-01,2023-04-30,monthly,FanDuel,FanDuel,FanDuel,Flutter Entertainment,online,,3965798100,433660600,,,,,,,0.1093501456869425,30,False,False,KS_2023_04.pdf,,,,1,0.0,,https://www.kslottery.com/publications/sports-monthly-revenues/,KS/screenshots/KS_2023_04_KS_2023_04_p1.png,"Kansas Star | FanDuel | $39,657,981 | $4,336,606 | $433,661",,2026-03-28T01:12:40.414313
KS,2023-04-01,2023-04-30,monthly,Barstool,ESPN Bet,ESPN Bet,PENN Entertainment,online,,841697000,11578700,,,,,,,0.0137563755128033,30,False,False,KS_2023_04.pdf,,,,1,0.0,,https://www.kslottery.com/publications/sports-monthly-revenues/,KS/screenshots/KS_2023_04_KS_2023_04_p1.png,"Hollywood | Barstool | $8,416,970 | $115,787 | $11,579",,2026-03-28T01:12:40.414313
KS,2023-04-01,2023-04-30,monthly,BetMGM,BetMGM,BetMGM,Entain/MGM Resorts,online,,1390855600,0,,,,,,,0.0,30,False,False,KS_2023_04.pdf,,,,1,0.0,,https://www.kslottery.com/publications/sports-monthly-revenues/,KS/screenshots/KS_2023_04_KS_2023_04_p1.png,"Kansas Crossing | BetMGM | $13,908,556 | $0 | $0",,2026-03-28T01:12:40.414313
KS,2023-04-01,2023-04-30,monthly,Caesar's,Caesars,Caesars,Caesars Entertainment,online,,1017982300,63778400,,,,,,,0.0626517769513281,30,False,False,KS_2023_04.pdf,,,,1,0.0,,https://www.kslottery.com/publications/sports-monthly-revenues/,KS/screenshots/KS_2023_04_KS_2023_04_p1.png,"Kansas Crossing | Caesar's | $10,179,823 | $637,784 | $63,778",,2026-03-28T01:12:40.414313
KS,2023-04-01,2023-04-30,monthly,PointsBet,Fanatics,Fanatics,Fanatics Inc,online,,110019000,5134200,,,,,,,0.0466664848798843,30,False,False,KS_2023_04.pdf,,,,1,0.0,,https://www.kslottery.com/publications/sports-monthly-revenues/,KS/screenshots/KS_2023_04_KS_2023_04_p1.png,"Kansas Crossing | PointsBet | $1,100,190 | $51,342 | $5,134",,2026-03-28T01:12:40.414313
KS,2023-05-01,2023-05-31,monthly,DraftKings,DraftKings,DraftKings,DraftKings Inc,retail,,22136700,0,,,,,,,0.0,31,False,False,KS_2023_05.pdf,,,,1,0.0,,https://www.kslottery.com/publications/sports-monthly-revenues/,KS/screenshots/KS_2023_05_KS_2023_05_p1.png,"Boot Hill | DraftKings | $221,367 | $0 | $0",,2026-03-28T01:12:40.927690
KS,2023-05-01,2023-05-31,monthly,FanDuel,FanDuel,FanDuel,Flutter Entertainment,retail,,82868600,13004700,,,,,,,0.1569315760131099,31,False,False,KS_2023_05.pdf,,,,1,0.0,,https://www.kslottery.com/publications/sports-monthly-revenues/,KS/screenshots/KS_2023_05_KS_2023_05_p1.png,"Kansas Star | FanDuel | $828,686 | $130,047 | $13,005",,2026-03-28T01:12:40.927690
KS,2023-05-01,2023-05-31,monthly,Barstool,ESPN Bet,ESPN Bet,PENN Entertainment,retail,,339052500,0,,,,,,,0.0,31,False,False,KS_2023_05.pdf,,,,1,0.0,,https://www.kslottery.com/publications/sports-monthly-revenues/,KS/screenshots/KS_2023_05_KS_2023_05_p1.png,"Hollywood | Barstool | $3,390,525 | $0 | $0",,2026-03-28T01:12:40.927690
KS,2023-05-01,2023-05-31,monthly,Caesar's,Caesars,Caesars,Caesars Entertainment,retail,,28404900,0,,,,,,,0.0,31,False,False,KS_2023_05.pdf,,,,1,0.0,,https://www.kslottery.com/publications/sports-monthly-revenues/,KS/screenshots/KS_2023_05_KS_2023_05_p1.png,"Kansas Crossing | Caesar's | $284,049 | $0 | $0",,2026-03-28T01:12:40.927690
KS,2023-05-01,2023-05-31,monthly,DraftKings,DraftKings,DraftKings,DraftKings Inc,online,,4797042100,432228700,,,,,,,0.0901031700347178,31,False,False,KS_2023_05.pdf,,,,1,0.0,,https://www.kslottery.com/publications/sports-monthly-revenues/,KS/screenshots/KS_2023_05_KS_2023_05_p1.png,"Boot Hill | DraftKings | $47,970,421 | $4,322,287 | $432,228",,2026-03-28T01:12:40.927690
KS,2023-05-01,2023-05-31,monthly,FanDuel,FanDuel,FanDuel,Flutter Entertainment,online,,3530429600,347558700,,,,,,,0.0984465743205869,31,False,False,KS_2023_05.pdf,,,,1,0.0,,https://www.kslottery.com/publications/sports-monthly-revenues/,KS/screenshots/KS_2023_05_KS_2023_05_p1.png,"Kansas Star | FanDuel | $35,304,296 | $3,475,587 | $347,559",,2026-03-28T01:12:40.927690
KS,2023-05-01,2023-05-31,monthly,Barstool,ESPN Bet,ESPN Bet,PENN Entertainment,online,,658176100,55440300,,,,,,,0.0842332318052873,31,False,False,KS_2023_05.pdf,,,,1,0.0,,https://www.kslottery.com/publications/sports-monthly-revenues/,KS/screenshots/KS_2023_05_KS_2023_05_p1.png,"Hollywood | Barstool | $6,581,761 | $554,403 | $55,440",,2026-03-28T01:12:40.927690
KS,2023-05-01,2023-05-31,monthly,BetMGM,BetMGM,BetMGM,Entain/MGM Resorts,online,,1318726600,0,,,,,,,0.0,31,False,False,KS_2023_05.pdf,,,,1,0.0,,https://www.kslottery.com/publications/sports-monthly-revenues/,KS/screenshots/KS_2023_05_KS_2023_05_p1.png,"Kansas Crossing | BetMGM | $13,187,266 | $0 | $0",,2026-03-28T01:12:40.927690
KS,2023-05-01,2023-05-31,monthly,Caesar's,Caesars,Caesars,Caesars Entertainment,online,,1133382500,33538000,,,,,,,0.029591069210968,31,False,False,KS_2023_05.pdf,,,,1,0.0,,https://www.kslottery.com/publications/sports-monthly-revenues/,KS/screenshots/KS_2023_05_KS_2023_05_p1.png,"Kansas Crossing | Caesar's | $11,333,825 | $335,380 | $33,538",,2026-03-28T01:12:40.927690
KS,2023-05-01,2023-05-31,monthly,PointsBet,Fanatics,Fanatics,Fanatics Inc,online,,122124800,5619700,,,,,,,0.0460160426055969,31,False,False,KS_2023_05.pdf,,,,1,0.0,,https://www.kslottery.com/publications/sports-monthly-revenues/,KS/screenshots/KS_2023_05_KS_2023_05_p1.png,"Kansas Crossing | PointsBet | $1,221,248 | $56,197 | $5,620",,2026-03-28T01:12:40.927690
KS,2023-06-01,2023-06-30,monthly,DraftKings,DraftKings,DraftKings,DraftKings Inc,retail,,6353700,0,,,,,,,0.0,30,False,False,KS_2023_06.pdf,,,,1,0.0,,https://www.kslottery.com/publications/sports-monthly-revenues/,KS/screenshots/KS_2023_06_KS_2023_06_p1.png,"Boot Hill | DraftKings | $63,537 | $0 | $0",,2026-03-28T01:12:41.437490
KS,2023-06-01,2023-06-30,monthly,FanDuel,FanDuel,FanDuel,Flutter Entertainment,retail,,69586400,7395200,,,,,,,0.1062736396767184,30,False,False,KS_2023_06.pdf,,,,1,0.0,,https://www.kslottery.com/publications/sports-monthly-revenues/,KS/screenshots/KS_2023_06_KS_2023_06_p1.png,"Kansas Star | FanDuel | $695,864 | $73,952 | $7,395",,2026-03-28T01:12:41.437490
KS,2023-06-01,2023-06-30,monthly,Barstool,ESPN Bet,ESPN Bet,PENN Entertainment,retail,,223966200,0,,,,,,,0.0,30,False,False,KS_2023_06.pdf,,,,1,0.0,,https://www.kslottery.com/publications/sports-monthly-revenues/,KS/screenshots/KS_2023_06_KS_2023_06_p1.png,"Hollywood | Barstool | $2,239,662 | $0 | $0",,2026-03-28T01:12:41.437490
KS,2023-06-01,2023-06-30,monthly,Caesar's,Caesars,Caesars,Caesars Entertainment,retail,,17941800,1974900,,,,,,,0.1100725679697689,30,False,False,KS_2023_06.pdf,,,,1,0.0,,https://www.kslottery.com/publications/sports-monthly-revenues/,KS/screenshots/KS_2023_06_KS_2023_06_p1.png,"Kansas Crossing | Caesar's | $179,418 | $19,749 | $1,975",,2026-03-28T01:12:41.437490
KS,2023-06-01,2023-06-30,monthly,DraftKings,DraftKings,DraftKings,DraftKings Inc,online,,4184958100,130134200,,,,,,,0.0310956996200272,30,False,False,KS_2023_06.pdf,,,,1,0.0,,https://www.kslottery.com/publications/sports-monthly-revenues/,KS/screenshots/KS_2023_06_KS_2023_06_p1.png,"Boot Hill | DraftKings | $41,849,581 | $1,301,342 | $130,134",,2026-03-28T01:12:41.437490
KS,2023-06-01,2023-06-30,monthly,FanDuel,FanDuel,FanDuel,Flutter Entertainment,online,,2634507300,197230900,,,,,,,0.074864434803426,30,False,False,KS_2023_06.pdf,,,,1,0.0,,https://www.kslottery.com/publications/sports-monthly-revenues/,KS/screenshots/KS_2023_06_KS_2023_06_p1.png,"Kansas Star | FanDuel | $26,345,073 | $1,972,309 | $197,230",,2026-03-28T01:12:41.437490
KS,2023-06-01,2023-06-30,monthly,Barstool,ESPN Bet,ESPN Bet,PENN Entertainment,online,,472538500,23727600,,,,,,,0.0502130514233231,30,False,False,KS_2023_06.pdf,,,,1,0.0,,https://www.kslottery.com/publications/sports-monthly-revenues/,KS/screenshots/KS_2023_06_KS_2023_06_p1.png,"Hollywood | Barstool | $4,725,385 | $237,276 | $23,728",,2026-03-28T01:12:41.437490
KS,2023-06-01,2023-06-30,monthly,BetMGM,BetMGM,BetMGM,Entain/MGM Resorts,online,,1110997600,0,,,,,,,0.0,30,False,False,KS_2023_06.pdf,,,,1,0.0,,https://www.kslottery.com/publications/sports-monthly-revenues/,KS/screenshots/KS_2023_06_KS_2023_06_p1.png,"Kansas Crossing | BetMGM | $11,109,976 | $0 | $0",,2026-03-28T01:12:41.437490
KS,2023-06-01,2023-06-30,monthly,Caesar's,Caesars,Caesars,Caesars Entertainment,online,,1000920300,46011100,,,,,,,0.0459687949180369,30,False,False,KS_2023_06.pdf,,,,1,0.0,,https://www.kslottery.com/publications/sports-monthly-revenues/,KS/screenshots/KS_2023_06_KS_2023_06_p1.png,"Kansas Crossing | Caesar's | $10,009,203 | $460,111 | $46,012",,2026-03-28T01:12:41.437490
KS,2023-06-01,2023-06-30,monthly,PointsBet,Fanatics,Fanatics,Fanatics Inc,online,,90816600,2951900,,,,,,,0.0325039695386085,30,False,False,KS_2023_06.pdf,,,,1,0.0,,https://www.kslottery.com/publications/sports-monthly-revenues/,KS/screenshots/KS_2023_06_KS_2023_06_p1.png,"Kansas Crossing | PointsBet | $908,166 | $29,519 | $2,951",,2026-03-28T01:12:41.437490
KS,2023-07-01,2023-07-31,monthly,DraftKings,DraftKings,DraftKings,DraftKings Inc,retail,,8902900,0,,,,,,,0.0,31,False,False,KS_2023_07.pdf,,,,1,0.0,,https://www.kslottery.com/publications/sports-monthly-revenues/,KS/screenshots/KS_2023_07_KS_2023_07_p1.png,"Boot Hill | DraftKings | $89,029 | $0 | $0",,2026-03-28T01:12:41.911469
KS,2023-07-01,2023-07-31,monthly,FanDuel,FanDuel,FanDuel,Flutter Entertainment,retail,,37014400,0,,,,,,,0.0,31,False,False,KS_2023_07.pdf,,,,1,0.0,,https://www.kslottery.com/publications/sports-monthly-revenues/,KS/screenshots/KS_2023_07_KS_2023_07_p1.png,"Kansas Star | FanDuel | $370,144 | $0 | $0",,2026-03-28T01:12:41.911469
KS,2023-07-01,2023-07-31,monthly,Barstool,ESPN Bet,ESPN Bet,PENN Entertainment,retail,,171713900,21203700,,,,,,,0.1234827232972985,31,False,False,KS_2023_07.pdf,,,,1,0.0,,https://www.kslottery.com/publications/sports-monthly-revenues/,KS/screenshots/KS_2023_07_KS_2023_07_p1.png,"Hollywood | Barstool | $1,717,139 | $212,037 | $21,204",,2026-03-28T01:12:41.911469
KS,2023-07-01,2023-07-31,monthly,Caesar's,Caesars,Caesars,Caesars Entertainment,retail,,6283300,0,,,,,,,0.0,31,False,False,KS_2023_07.pdf,,,,1,0.0,,https://www.kslottery.com/publications/sports-monthly-revenues/,KS/screenshots/KS_2023_07_KS_2023_07_p1.png,"Kansas Crossing | Caesar's | $62,833 | $0 | $0",,2026-03-28T01:12:41.911469
KS,2023-07-01,2023-07-31,monthly,DraftKings,DraftKings,DraftKings,DraftKings Inc,online,,3521713800,321285000,,,,,,,0.0912297302523561,31,False,False,KS_2023_07.pdf,,,,1,0.0,,https://www.kslottery.com/publications/sports-monthly-revenues/,KS/screenshots/KS_2023_07_KS_2023_07_p1.png,"Boot Hill | DraftKings | $35,217,138 | $3,212,850 | $321,285",,2026-03-28T01:12:41.911469
KS,2023-07-01,2023-07-31,monthly,FanDuel,FanDuel,FanDuel,Flutter Entertainment,online,,2273672500,241682800,,,,,,,0.1062962234006876,31,False,False,KS_2023_07.pdf,,,,1,0.0,,https://www.kslottery.com/publications/sports-monthly-revenues/,KS/screenshots/KS_2023_07_KS_2023_07_p1.png,"Kansas Star | FanDuel | $22,736,725 | $2,416,828 | $241,683",,2026-03-28T01:12:41.911469
KS,2023-07-01,2023-07-31,monthly,Barstool,ESPN Bet,ESPN Bet,PENN Entertainment,online,,370267600,49394300,,,,,,,0.133401626283261,31,False,False,KS_2023_07.pdf,,,,1,0.0,,https://www.kslottery.com/publications/sports-monthly-revenues/,KS/screenshots/KS_2023_07_KS_2023_07_p1.png,"Hollywood | Barstool | $3,702,676 | $493,943 | $49,394",,2026-03-28T01:12:41.911469
KS,2023-07-01,2023-07-31,monthly,BetMGM,BetMGM,BetMGM,Entain/MGM Resorts,online,,760725900,4540100,,,,,,,0.0059681154539368,31,False,False,KS_2023_07.pdf,,,,1,0.0,,https://www.kslottery.com/publications/sports-monthly-revenues/,KS/screenshots/KS_2023_07_KS_2023_07_p1.png,"Kansas Crossing | BetMGM | $7,607,259 | $45,401 | $4,540",,2026-03-28T01:12:41.911469
KS,2023-07-01,2023-07-31,monthly,Caesar's,Caesars,Caesars,Caesars Entertainment,online,,756267000,39282400,,,,,,,0.0519425017883895,31,False,False,KS_2023_07.pdf,,,,1,0.0,,https://www.kslottery.com/publications/sports-monthly-revenues/,KS/screenshots/KS_2023_07_KS_2023_07_p1.png,"Kansas Crossing | Caesar's | $7,562,670 | $392,824 | $39,282",,2026-03-28T01:12:41.911469
KS,2023-07-01,2023-07-31,monthly,PointsBet,Fanatics,Fanatics,Fanatics Inc,online,,64940300,5787800,,,,,,,0.0891249347477606,31,False,False,KS_2023_07.pdf,,,,1,0.0,,https://www.kslottery.com/publications/sports-monthly-revenues/,KS/screenshots/KS_2023_07_KS_2023_07_p1.png,"Kansas Crossing | PointsBet | $649,403 | $57,878 | $5,788",,2026-03-28T01:12:41.911469
KS,2023-08-01,2023-08-31,monthly,DraftKings,DraftKings,DraftKings,DraftKings Inc,retail,,18193500,2257300,,,,,,,0.1240717838788578,31,False,False,KS_2023_08.pdf,,,,1,0.0,,https://www.kslottery.com/publications/sports-monthly-revenues/,KS/screenshots/KS_2023_08_KS_2023_08_p1.png,"Boot Hill | DraftKings | $181,935 | $22,573 | $2,257",,2026-03-28T01:12:42.392975
KS,2023-08-01,2023-08-31,monthly,FanDuel,FanDuel,FanDuel,Flutter Entertainment,retail,,61073800,3066600,,,,,,,0.0502113836047535,31,False,False,KS_2023_08.pdf,,,,1,0.0,,https://www.kslottery.com/publications/sports-monthly-revenues/,KS/screenshots/KS_2023_08_KS_2023_08_p1.png,"Kansas Star | FanDuel | $610,738 | $30,666 | $3,067",,2026-03-28T01:12:42.392975
KS,2023-08-01,2023-08-31,monthly,Barstool,ESPN Bet,ESPN Bet,PENN Entertainment,retail,,291972800,28728400,,,,,,,0.0983940969843766,31,False,False,KS_2023_08.pdf,,,,1,0.0,,https://www.kslottery.com/publications/sports-monthly-revenues/,KS/screenshots/KS_2023_08_KS_2023_08_p1.png,"Hollywood | Barstool | $2,919,728 | $287,284 | $28,728",,2026-03-28T01:12:42.392975
KS,2023-08-01,2023-08-31,monthly,Caesar's,Caesars,Caesars,Caesars Entertainment,retail,,11229400,1869300,,,,,,,0.1664648155734055,31,False,False,KS_2023_08.pdf,,,,1,0.0,,https://www.kslottery.com/publications/sports-monthly-revenues/,KS/screenshots/KS_2023_08_KS_2023_08_p1.png,"Kansas Crossing | Caesar's | $112,294 | $18,693 | $1,869",,2026-03-28T01:12:42.392975
KS,2023-08-01,2023-08-31,monthly,DraftKings,DraftKings,DraftKings,DraftKings Inc,online,,4286479700,175608400,,,,,,,0.0409679765892744,31,False,False,KS_2023_08.pdf,,,,1,0.0,,https://www.kslottery.com/publications/sports-monthly-revenues/,KS/screenshots/KS_2023_08_KS_2023_08_p1.png,"Boot Hill | DraftKings | $42,864,797 | $1,756,084 | $175,608",,2026-03-28T01:12:42.392975
KS,2023-08-01,2023-08-31,monthly,FanDuel,FanDuel,FanDuel,Flutter Entertainment,online,,2702550000,157264800,,,,,,,0.058191263806405,31,False,False,KS_2023_08.pdf,,,,1,0.0,,https://www.kslottery.com/publications/sports-monthly-revenues/,KS/screenshots/KS_2023_08_KS_2023_08_p1.png,"Kansas Star | FanDuel | $27,025,500 | $1,572,648 | $157,265",,2026-03-28T01:12:42.392975
KS,2023-08-01,2023-08-31,monthly,Barstool,ESPN Bet,ESPN Bet,PENN Entertainment,online,,454229800,19194900,,,,,,,0.0422581257328339,31,False,False,KS_2023_08.pdf,,,,1,0.0,,https://www.kslottery.com/publications/sports-monthly-revenues/,KS/screenshots/KS_2023_08_KS_2023_08_p1.png,"Hollywood | Barstool | $4,542,298 | $191,949 | $19,195",,2026-03-28T01:12:42.392975
KS,2023-08-01,2023-08-31,monthly,BetMGM,BetMGM,BetMGM,Entain/MGM Resorts,online,,798500600,56420400,,,,,,,0.0706579306264766,31,False,False,KS_2023_08.pdf,,,,1,0.0,,https://www.kslottery.com/publications/sports-monthly-revenues/,KS/screenshots/KS_2023_08_KS_2023_08_p1.png,"Kansas Crossing | BetMGM | $7,985,006 | $564,204 | $56,420",,2026-03-28T01:12:42.392975
KS,2023-08-01,2023-08-31,monthly,Caesar's,Caesars,Caesars,Caesars Entertainment,online,,736761500,38739500,,,,,,,0.0525807876768805,31,False,False,KS_2023_08.pdf,,,,1,0.0,,https://www.kslottery.com/publications/sports-monthly-revenues/,KS/screenshots/KS_2023_08_KS_2023_08_p1.png,"Kansas Crossing | Caesar's | $7,367,615 | $387,395 | $38,740",,2026-03-28T01:12:42.392975
KS,2023-08-01,2023-08-31,monthly,PointsBet,Fanatics,Fanatics,Fanatics Inc,online,,80556800,1217700,,,,,,,0.0151160423452768,31,False,False,KS_2023_08.pdf,,,,1,0.0,,https://www.kslottery.com/publications/sports-monthly-revenues/,KS/screenshots/KS_2023_08_KS_2023_08_p1.png,"Kansas Crossing | PointsBet | $805,568 | $12,177 | $1,217",,2026-03-28T01:12:42.392975
KS,2023-09-01,2023-09-30,monthly,DraftKings,DraftKings,DraftKings,DraftKings Inc,retail,,62877800,2843900,,,,,,,0.0452289997423574,30,False,False,KS_2023_09.pdf,,,,1,0.0,,https://www.kslottery.com/publications/sports-monthly-revenues/,KS/screenshots/KS_2023_09_KS_2023_09_p1.png,"Boot Hill | DraftKings | $628,778 | $28,439 | $2,844",,2026-03-28T01:12:42.934511
KS,2023-09-01,2023-09-30,monthly,FanDuel,FanDuel,FanDuel,Flutter Entertainment,retail,,123794900,1171700,,,,,,,0.0094648487134768,30,False,False,KS_2023_09.pdf,,,,1,0.0,,https://www.kslottery.com/publications/sports-monthly-revenues/,KS/screenshots/KS_2023_09_KS_2023_09_p1.png,"Kansas Star | FanDuel | $1,237,949 | $11,717 | $1,171",,2026-03-28T01:12:42.934511
KS,2023-09-01,2023-09-30,monthly,Barstool,ESPN Bet,ESPN Bet,PENN Entertainment,retail,,1599100900,39348500,,,,,,,0.0246066398937052,30,False,False,KS_2023_09.pdf,,,,1,0.0,,https://www.kslottery.com/publications/sports-monthly-revenues/,KS/screenshots/KS_2023_09_KS_2023_09_p1.png,"Hollywood | Barstool | $15,991,009 | $393,485 | $39,349",,2026-03-28T01:12:42.934511
KS,2023-09-01,2023-09-30,monthly,Caesar's,Caesars,Caesars,Caesars Entertainment,retail,,33970300,2569500,,,,,,,0.0756396028295305,30,False,False,KS_2023_09.pdf,,,,1,0.0,,https://www.kslottery.com/publications/sports-monthly-revenues/,KS/screenshots/KS_2023_09_KS_2023_09_p1.png,"Kansas Crossing | Caesar's | $339,703 | $25,695 | $2,570",,2026-03-28T01:12:42.934511
KS,2023-09-01,2023-09-30,monthly,DraftKings,DraftKings,DraftKings,DraftKings Inc,online,,9722610600,332557700,,,,,,,0.0342045684725869,30,False,False,KS_2023_09.pdf,,,,1,0.0,,https://www.kslottery.com/publications/sports-monthly-revenues/,KS/screenshots/KS_2023_09_KS_2023_09_p1.png,"Boot Hill | DraftKings | $97,226,106 | $3,325,577 | $332,558",,2026-03-28T01:12:42.934511
KS,2023-09-01,2023-09-30,monthly,FanDuel,FanDuel,FanDuel,Flutter Entertainment,online,,5450689300,295912800,,,,,,,0.0542890602845405,30,False,False,KS_2023_09.pdf,,,,1,0.0,,https://www.kslottery.com/publications/sports-monthly-revenues/,KS/screenshots/KS_2023_09_KS_2023_09_p1.png,"Kansas Star | FanDuel | $54,506,893 | $2,959,128 | $295,912",,2026-03-28T01:12:42.934511
KS,2023-09-01,2023-09-30,monthly,Barstool,ESPN Bet,ESPN Bet,PENN Entertainment,online,,787974400,44747000,,,,,,,0.0567873778640524,30,False,False,KS_2023_09.pdf,,,,1,0.0,,https://www.kslottery.com/publications/sports-monthly-revenues/,KS/screenshots/KS_2023_09_KS_2023_09_p1.png,"Hollywood | Barstool | $7,879,744 | $447,470 | $44,747",,2026-03-28T01:12:42.934511
KS,2023-09-01,2023-09-30,monthly,BetMGM,BetMGM,BetMGM,Entain/MGM Resorts,online,,2136059700,81394600,,,,,,,0.0381050211283888,30,False,False,KS_2023_09.pdf,,,,1,0.0,,https://www.kslottery.com/publications/sports-monthly-revenues/,KS/screenshots/KS_2023_09_KS_2023_09_p1.png,"Kansas Crossing | BetMGM | $21,360,597 | $813,946 | $81,395",,2026-03-28T01:12:42.934511
KS,2023-09-01,2023-09-30,monthly,Caesar's,Caesars,Caesars,Caesars Entertainment,online,,1818857200,2581900,,,,,,,0.0014195177059529,30,False,False,KS_2023_09.pdf,,,,1,0.0,,https://www.kslottery.com/publications/sports-monthly-revenues/,KS/screenshots/KS_2023_09_KS_2023_09_p1.png,"Kansas Crossing | Caesar's | $18,188,572 | $25,819 | $2,582",,2026-03-28T01:12:42.934511
KS,2023-09-01,2023-09-30,monthly,PointsBet,Fanatics,Fanatics,Fanatics Inc,online,,193414200,2968700,,,,,,,0.0153489247428575,30,False,False,KS_2023_09.pdf,,,,1,0.0,,https://www.kslottery.com/publications/sports-monthly-revenues/,KS/screenshots/KS_2023_09_KS_2023_09_p1.png,"Kansas Crossing | PointsBet | $1,934,142 | $29,687 | $2,969",,2026-03-28T01:12:42.934511
KS,2023-10-01,2023-10-31,monthly,DraftKings,DraftKings,DraftKings,DraftKings Inc,retail,,71766200,3904500,,,,,,,0.0544058345014784,31,False,False,KS_2023_10.pdf,,,,1,0.0,,https://www.kslottery.com/publications/sports-monthly-revenues/,KS/screenshots/KS_2023_10_KS_2023_10_p1.png,"Boot Hill | DraftKings | $717,662 | $39,045 | $3,905",,2026-03-28T01:12:43.424378
KS,2023-10-01,2023-10-31,monthly,FanDuel,FanDuel,FanDuel,Flutter Entertainment,retail,,136475800,19859200,,,,,,,0.1455144428536048,31,False,False,KS_2023_10.pdf,,,,1,0.0,,https://www.kslottery.com/publications/sports-monthly-revenues/,KS/screenshots/KS_2023_10_KS_2023_10_p1.png,"Kansas Star | FanDuel | $1,364,758 | $198,592 | $19,859",,2026-03-28T01:12:43.424378
KS,2023-10-01,2023-10-31,monthly,Barstool,ESPN Bet,ESPN Bet,PENN Entertainment,retail,,633820200,95186900,,,,,,,0.1501796566281731,31,False,False,KS_2023_10.pdf,,,,1,0.0,,https://www.kslottery.com/publications/sports-monthly-revenues/,KS/screenshots/KS_2023_10_KS_2023_10_p1.png,"Hollywood | Barstool | $6,338,202 | $951,869 | $95,187",,2026-03-28T01:12:43.424378
KS,2023-10-01,2023-10-31,monthly,Caesar's,Caesars,Caesars,Caesars Entertainment,retail,,37850900,3542300,,,,,,,0.0935856214779569,31,False,False,KS_2023_10.pdf,,,,1,0.0,,https://www.kslottery.com/publications/sports-monthly-revenues/,KS/screenshots/KS_2023_10_KS_2023_10_p1.png,"Kansas Crossing | Caesar's | $378,509 | $35,423 | $3,542",,2026-03-28T01:12:43.424378
KS,2023-10-01,2023-10-31,monthly,DraftKings,DraftKings,DraftKings,DraftKings Inc,online,,11430263100,629028600,,,,,,,0.0550318566157939,31,False,False,KS_2023_10.pdf,,,,1,0.0,,https://www.kslottery.com/publications/sports-monthly-revenues/,KS/screenshots/KS_2023_10_KS_2023_10_p1.png,"Boot Hill | DraftKings | $114,302,631 | $6,290,286 | $629,029",,2026-03-28T01:12:43.424378
KS,2023-10-01,2023-10-31,monthly,FanDuel,FanDuel,FanDuel,Flutter Entertainment,online,,6742928900,477829900,,,,,,,0.0708638496840742,31,False,False,KS_2023_10.pdf,,,,1,0.0,,https://www.kslottery.com/publications/sports-monthly-revenues/,KS/screenshots/KS_2023_10_KS_2023_10_p1.png,"Kansas Star | FanDuel | $67,429,289 | $4,778,299 | $477,830",,2026-03-28T01:12:43.424378
KS,2023-10-01,2023-10-31,monthly,Barstool,ESPN Bet,ESPN Bet,PENN Entertainment,online,,908270100,48436500,,,,,,,0.0533282995884153,31,False,False,KS_2023_10.pdf,,,,1,0.0,,https://www.kslottery.com/publications/sports-monthly-revenues/,KS/screenshots/KS_2023_10_KS_2023_10_p1.png,"Hollywood | Barstool | $9,082,701 | $484,365 | $48,437",,2026-03-28T01:12:43.424378
KS,2023-10-01,2023-10-31,monthly,BetMGM,BetMGM,BetMGM,Entain/MGM Resorts,online,,2077650100,159241000,,,,,,,0.0766447632351568,31,False,False,KS_2023_10.pdf,,,,1,0.0,,https://www.kslottery.com/publications/sports-monthly-revenues/,KS/screenshots/KS_2023_10_KS_2023_10_p1.png,"Kansas Crossing | BetMGM | $20,776,501 | $1,592,410 | $159,241",,2026-03-28T01:12:43.424378
KS,2023-10-01,2023-10-31,monthly,Caesar's,Caesars,Caesars,Caesars Entertainment,online,,2064945600,0,,,,,,,0.0,31,False,False,KS_2023_10.pdf,,,,1,0.0,,https://www.kslottery.com/publications/sports-monthly-revenues/,KS/screenshots/KS_2023_10_KS_2023_10_p1.png,"Kansas Crossing | Caesar's | $20,649,456 | $0 | $0",,2026-03-28T01:12:43.424378
KS,2023-10-01,2023-10-31,monthly,PointsBet,Fanatics,Fanatics,Fanatics Inc,online,,867210100,0,,,,,,,0.0,31,False,False,KS_2023_10.pdf,,,,1,0.0,,https://www.kslottery.com/publications/sports-monthly-revenues/,KS/screenshots/KS_2023_10_KS_2023_10_p1.png,"Kansas Crossing | PointsBet | $8,672,101 | $0 | $0",,2026-03-28T01:12:43.424378
KS,2023-11-01,2023-11-30,monthly,DraftKings,DraftKings,DraftKings,DraftKings Inc,retail,,75806500,0,,,,,,,0.0,30,False,False,KS_2023_11.pdf,,,,1,0.0,,https://www.kslottery.com/publications/sports-monthly-revenues/,KS/screenshots/KS_2023_11_KS_2023_11_p1.png,"Boot Hill | DraftKings | $758,065 | $0 | $0",,2026-03-28T01:12:43.972075
KS,2023-11-01,2023-11-30,monthly,FanDuel,FanDuel,FanDuel,Flutter Entertainment,retail,,170502900,17414800,,,,,,,0.1021378522007543,30,False,False,KS_2023_11.pdf,,,,1,0.0,,https://www.kslottery.com/publications/sports-monthly-revenues/,KS/screenshots/KS_2023_11_KS_2023_11_p1.png,"Kansas Star | FanDuel | $1,705,029 | $174,148 | $17,415",,2026-03-28T01:12:43.972075
KS,2023-11-01,2023-11-30,monthly,Barstool,ESPN Bet,ESPN Bet,PENN Entertainment,retail,,631413000,52814200,,,,,,,0.0836444609154388,30,False,False,KS_2023_11.pdf,,,,1,0.0,,https://www.kslottery.com/publications/sports-monthly-revenues/,KS/screenshots/KS_2023_11_KS_2023_11_p1.png,"Hollywood | Barstool | $6,314,130 | $528,142 | $52,814",,2026-03-28T01:12:43.972075
KS,2023-11-01,2023-11-30,monthly,Caesar's,Caesars,Caesars,Caesars Entertainment,retail,,46391400,5148800,,,,,,,0.1109860879387127,30,False,False,KS_2023_11.pdf,,,,1,0.0,,https://www.kslottery.com/publications/sports-monthly-revenues/,KS/screenshots/KS_2023_11_KS_2023_11_p1.png,"Kansas Crossing | Caesar's | $463,914 | $51,488 | $5,149",,2026-03-28T01:12:43.972075
KS,2023-11-01,2023-11-30,monthly,DraftKings,DraftKings,DraftKings,DraftKings Inc,online,,10957297600,420600300,,,,,,,0.0383854044449792,30,False,False,KS_2023_11.pdf,,,,1,0.0,,https://www.kslottery.com/publications/sports-monthly-revenues/,KS/screenshots/KS_2023_11_KS_2023_11_p1.png,"Boot Hill | DraftKings | $109,572,976 | $4,206,003 | $420,600",,2026-03-28T01:12:43.972075
KS,2023-11-01,2023-11-30,monthly,FanDuel,FanDuel,FanDuel,Flutter Entertainment,online,,8012878400,282429000,,,,,,,0.0352468845652269,30,False,False,KS_2023_11.pdf,,,,1,0.0,,https://www.kslottery.com/publications/sports-monthly-revenues/,KS/screenshots/KS_2023_11_KS_2023_11_p1.png,"Kansas Star | FanDuel | $80,128,784 | $2,824,290 | $282,429",,2026-03-28T01:12:43.972075
KS,2023-11-01,2023-11-30,monthly,Barstool/ESPN,ESPN Bet,ESPN Bet,PENN Entertainment,online,,2152469400,5306300,,,,,,,0.0024652150687949,30,False,False,KS_2023_11.pdf,,,,1,0.0,,https://www.kslottery.com/publications/sports-monthly-revenues/,KS/screenshots/KS_2023_11_KS_2023_11_p1.png,"Hollywood | Barstool/ESPN | $21,524,694 | $53,063 | $5,306",,2026-03-28T01:12:43.972075
KS,2023-11-01,2023-11-30,monthly,BetMGM,BetMGM,BetMGM,Entain/MGM Resorts,online,,2414633500,96232600,,,,,,,0.0398539157184723,30,False,False,KS_2023_11.pdf,,,,1,0.0,,https://www.kslottery.com/publications/sports-monthly-revenues/,KS/screenshots/KS_2023_11_KS_2023_11_p1.png,"Kansas Crossing | BetMGM | $24,146,335 | $962,326 | $96,233",,2026-03-28T01:12:43.972075
KS,2023-11-01,2023-11-30,monthly,Caesar's,Caesars,Caesars,Caesars Entertainment,online,,1270481400,13022400,,,,,,,0.0102499729630044,30,False,False,KS_2023_11.pdf,,,,1,0.0,,https://www.kslottery.com/publications/sports-monthly-revenues/,KS/screenshots/KS_2023_11_KS_2023_11_p1.png,"Kansas Crossing | Caesar's | $12,704,814 | $130,224 | $13,022",,2026-03-28T01:12:43.972075
KS,2023-11-01,2023-11-30,monthly,PointsBet,Fanatics,Fanatics,Fanatics Inc,online,,361854300,0,,,,,,,0.0,30,False,False,KS_2023_11.pdf,,,,1,0.0,,https://www.kslottery.com/publications/sports-monthly-revenues/,KS/screenshots/KS_2023_11_KS_2023_11_p1.png,"Kansas Crossing | PointsBet | $3,618,543 | $0 | $0",,2026-03-28T01:12:43.972075
KS,2023-12-01,2023-12-31,monthly,DraftKings,DraftKings,DraftKings,DraftKings Inc,retail,,41710400,4250700,,,,,,,0.1019098354367256,31,False,False,KS_2023_12.pdf,,,,1,0.0,,https://www.kslottery.com/publications/sports-monthly-revenues/,KS/screenshots/KS_2023_12_KS_2023_12_p1.png,"Boot Hill | DraftKings | $417,104 | $42,507 | $4,250",,2026-03-28T01:12:44.513375
KS,2023-12-01,2023-12-31,monthly,FanDuel,FanDuel,FanDuel,Flutter Entertainment,retail,,175651900,20811000,,,,,,,0.1184786501028454,31,False,False,KS_2023_12.pdf,,,,1,0.0,,https://www.kslottery.com/publications/sports-monthly-revenues/,KS/screenshots/KS_2023_12_KS_2023_12_p1.png,"Kansas Star | FanDuel | $1,756,519 | $208,110 | $20,811",,2026-03-28T01:12:44.513375
KS,2023-12-01,2023-12-31,monthly,Barstool/ESPN,ESPN Bet,ESPN Bet,PENN Entertainment,retail,,780195400,54503500,,,,,,,0.0698587815308831,31,False,False,KS_2023_12.pdf,,,,1,0.0,,https://www.kslottery.com/publications/sports-monthly-revenues/,KS/screenshots/KS_2023_12_KS_2023_12_p1.png,"Hollywood | Barstool/ESPN | $7,801,954 | $545,035 | $54,503",,2026-03-28T01:12:44.513375
KS,2023-12-01,2023-12-31,monthly,Caesar's,Caesars,Caesars,Caesars Entertainment,retail,,60116900,1330900,,,,,,,0.0221385334240454,31,False,False,KS_2023_12.pdf,,,,1,0.0,,https://www.kslottery.com/publications/sports-monthly-revenues/,KS/screenshots/KS_2023_12_KS_2023_12_p1.png,"Kansas Crossing | Caesar's | $601,169 | $13,309 | $1,331",,2026-03-28T01:12:44.513375
KS,2023-12-01,2023-12-31,monthly,DraftKings,DraftKings,DraftKings,DraftKings Inc,online,,10382509600,854970100,,,,,,,0.0823471523686334,31,False,False,KS_2023_12.pdf,,,,1,0.0,,https://www.kslottery.com/publications/sports-monthly-revenues/,KS/screenshots/KS_2023_12_KS_2023_12_p1.png,"Boot Hill | DraftKings | $103,825,096 | $8,549,701 | $854,970",,2026-03-28T01:12:44.513375
KS,2023-12-01,2023-12-31,monthly,FanDuel,FanDuel,FanDuel,Flutter Entertainment,online,,8651873700,721502500,,,,,,,0.083392629737533,31,False,False,KS_2023_12.pdf,,,,1,0.0,,https://www.kslottery.com/publications/sports-monthly-revenues/,KS/screenshots/KS_2023_12_KS_2023_12_p1.png,"Kansas Star | FanDuel | $86,518,737 | $7,215,025 | $721,503",,2026-03-28T01:12:44.513375
KS,2023-12-01,2023-12-31,monthly,Barstool/ESPN,ESPN Bet,ESPN Bet,PENN Entertainment,online,,2260999700,0,,,,,,,0.0,31,False,False,KS_2023_12.pdf,,,,1,0.0,,https://www.kslottery.com/publications/sports-monthly-revenues/,KS/screenshots/KS_2023_12_KS_2023_12_p1.png,"Hollywood | Barstool/ESPN | $22,609,997 | $0 | $0",,2026-03-28T01:12:44.513375
KS,2023-12-01,2023-12-31,monthly,BetMGM,BetMGM,BetMGM,Entain/MGM Resorts,online,,2262154400,297945300,,,,,,,0.131708649064803,31,False,False,KS_2023_12.pdf,,,,1,0.0,,https://www.kslottery.com/publications/sports-monthly-revenues/,KS/screenshots/KS_2023_12_KS_2023_12_p1.png,"Kansas Crossing | BetMGM | $22,621,544 | $2,979,453 | $297,945",,2026-03-28T01:12:44.513375
KS,2023-12-01,2023-12-31,monthly,Caesar's,Caesars,Caesars,Caesars Entertainment,online,,1111469700,49947900,,,,,,,0.0449386069633747,31,False,False,KS_2023_12.pdf,,,,1,0.0,,https://www.kslottery.com/publications/sports-monthly-revenues/,KS/screenshots/KS_2023_12_KS_2023_12_p1.png,"Kansas Crossing | Caesar's | $11,114,697 | $499,479 | $49,948",,2026-03-28T01:12:44.513375
KS,2023-12-01,2023-12-31,monthly,PointsBet,Fanatics,Fanatics,Fanatics Inc,online,,241161800,0,,,,,,,0.0,31,False,False,KS_2023_12.pdf,,,,1,0.0,,https://www.kslottery.com/publications/sports-monthly-revenues/,KS/screenshots/KS_2023_12_KS_2023_12_p1.png,"Kansas Crossing | PointsBet | $2,411,618 | $0 | $0",,2026-03-28T01:12:44.513375
KS,2024-01-01,2024-01-31,monthly,DraftKings,DraftKings,DraftKings,DraftKings Inc,retail,,40272200,5373200,,,,,,,0.1334220628622225,31,False,False,KS_2024_01.pdf,,,,1,0.0,,https://www.kslottery.com/publications/sports-monthly-revenues/,KS/screenshots/KS_2024_01_KS_2024_01_p1.png,"Boot Hill | DraftKings | $402,722 | $53,732 | $5,373",,2026-03-28T01:12:45.045166
KS,2024-01-01,2024-01-31,monthly,FanDuel,FanDuel,FanDuel,Flutter Entertainment,retail,,152837900,16466900,,,,,,,0.1077409464537264,31,False,False,KS_2024_01.pdf,,,,1,0.0,,https://www.kslottery.com/publications/sports-monthly-revenues/,KS/screenshots/KS_2024_01_KS_2024_01_p1.png,"Kansas Star | FanDuel | $1,528,379 | $164,669 | $16,467",,2026-03-28T01:12:45.045166
KS,2024-01-01,2024-01-31,monthly,Barstool/ESPN,ESPN Bet,ESPN Bet,PENN Entertainment,retail,,892932300,42284500,,,,,,,0.0473546538746554,31,False,False,KS_2024_01.pdf,,,,1,0.0,,https://www.kslottery.com/publications/sports-monthly-revenues/,KS/screenshots/KS_2024_01_KS_2024_01_p1.png,"Hollywood | Barstool/ESPN | $8,929,323 | $422,845 | $42,285",,2026-03-28T01:12:45.045166
KS,2024-01-01,2024-01-31,monthly,Caesar's,Caesars,Caesars,Caesars Entertainment,retail,,65943800,2684000,,,,,,,0.040701324461132,31,False,False,KS_2024_01.pdf,,,,1,0.0,,https://www.kslottery.com/publications/sports-monthly-revenues/,KS/screenshots/KS_2024_01_KS_2024_01_p1.png,"Kansas Crossing | Caesar's | $659,438 | $26,840 | $2,684",,2026-03-28T01:12:45.045166
KS,2024-01-01,2024-01-31,monthly,DraftKings,DraftKings,DraftKings,DraftKings Inc,online,,9674629000,587980300,,,,,,,0.0607754881349972,31,False,False,KS_2024_01.pdf,,,,1,0.0,,https://www.kslottery.com/publications/sports-monthly-revenues/,KS/screenshots/KS_2024_01_KS_2024_01_p1.png,"Boot Hill | DraftKings | $96,746,290 | $5,879,803 | $587,980",,2026-03-28T01:12:45.045166
KS,2024-01-01,2024-01-31,monthly,FanDuel,FanDuel,FanDuel,Flutter Entertainment,online,,7728138400,614571800,,,,,,,0.0795239122529172,31,False,False,KS_2024_01.pdf,,,,1,0.0,,https://www.kslottery.com/publications/sports-monthly-revenues/,KS/screenshots/KS_2024_01_KS_2024_01_p1.png,"Kansas Star | FanDuel | $77,281,384 | $6,145,718 | $614,572",,2026-03-28T01:12:45.045166
KS,2024-01-01,2024-01-31,monthly,Barstool/ESPN,ESPN Bet,ESPN Bet,PENN Entertainment,online,,2032299100,0,,,,,,,0.0,31,False,False,KS_2024_01.pdf,,,,1,0.0,,https://www.kslottery.com/publications/sports-monthly-revenues/,KS/screenshots/KS_2024_01_KS_2024_01_p1.png,"Hollywood | Barstool/ESPN | $20,322,991 | $0 | $0",,2026-03-28T01:12:45.045166
KS,2024-01-01,2024-01-31,monthly,BetMGM,BetMGM,BetMGM,Entain/MGM Resorts,online,,2122660600,116726500,,,,,,,0.0549906565373663,31,False,False,KS_2024_01.pdf,,,,1,0.0,,https://www.kslottery.com/publications/sports-monthly-revenues/,KS/screenshots/KS_2024_01_KS_2024_01_p1.png,"Kansas Crossing | BetMGM | $21,226,606 | $1,167,265 | $116,726",,2026-03-28T01:12:45.045166
KS,2024-01-01,2024-01-31,monthly,Caesar's,Caesars,Caesars,Caesars Entertainment,online,,1056185500,47184600,,,,,,,0.0446745387055588,31,False,False,KS_2024_01.pdf,,,,1,0.0,,https://www.kslottery.com/publications/sports-monthly-revenues/,KS/screenshots/KS_2024_01_KS_2024_01_p1.png,"Kansas Crossing | Caesar's | $10,561,855 | $471,846 | $47,185",,2026-03-28T01:12:45.045166
KS,2024-01-01,2024-01-31,monthly,PointsBet,Fanatics,Fanatics,Fanatics Inc,online,,195959900,0,,,,,,,0.0,31,False,False,KS_2024_01.pdf,,,,1,0.0,,https://www.kslottery.com/publications/sports-monthly-revenues/,KS/screenshots/KS_2024_01_KS_2024_01_p1.png,"Kansas Crossing | PointsBet | $1,959,599 | $0 | $0",,2026-03-28T01:12:45.045166
KS,2024-02-01,2024-02-29,monthly,DraftKings,DraftKings,DraftKings,DraftKings Inc,retail,,61230800,502500,,,,,,,0.0082066541675104,29,False,False,KS_2024_02.pdf,,,,1,0.0,,https://www.kslottery.com/publications/sports-monthly-revenues/,KS/screenshots/KS_2024_02_KS_2024_02_p1.png,"Boot Hill | DraftKings | $612,308 | $5,025 | $503",,2026-03-28T01:12:45.570222
KS,2024-02-01,2024-02-29,monthly,FanDuel,FanDuel,FanDuel,Flutter Entertainment,retail,,127508700,0,,,,,,,0.0,29,False,False,KS_2024_02.pdf,,,,1,0.0,,https://www.kslottery.com/publications/sports-monthly-revenues/,KS/screenshots/KS_2024_02_KS_2024_02_p1.png,"Kansas Star | FanDuel | $1,275,087 | $0 | $0",,2026-03-28T01:12:45.570222
KS,2024-02-01,2024-02-29,monthly,Barstool/ESPN,ESPN Bet,ESPN Bet,PENN Entertainment,retail,,651606400,0,,,,,,,0.0,29,False,False,KS_2024_02.pdf,,,,1,0.0,,https://www.kslottery.com/publications/sports-monthly-revenues/,KS/screenshots/KS_2024_02_KS_2024_02_p1.png,"Hollywood | Barstool/ESPN | $6,516,064 | $0 | $0",,2026-03-28T01:12:45.570222
KS,2024-02-01,2024-02-29,monthly,Caesar's,Caesars,Caesars,Caesars Entertainment,retail,,77479000,0,,,,,,,0.0,29,False,False,KS_2024_02.pdf,,,,1,0.0,,https://www.kslottery.com/publications/sports-monthly-revenues/,KS/screenshots/KS_2024_02_KS_2024_02_p1.png,"Kansas Crossing | Caesar's | $774,790 | $0 | $0",,2026-03-28T01:12:45.570222
KS,2024-02-01,2024-02-29,monthly,DraftKings,DraftKings,DraftKings,DraftKings Inc,online,,8765055800,196547800,,,,,,,0.0224240215333255,29,False,False,KS_2024_02.pdf,,,,1,0.0,,https://www.kslottery.com/publications/sports-monthly-revenues/,KS/screenshots/KS_2024_02_KS_2024_02_p1.png,"Boot Hill | DraftKings | $87,650,558 | $1,965,478 | $196,548",,2026-03-28T01:12:45.570222
KS,2024-02-01,2024-02-29,monthly,FanDuel,FanDuel,FanDuel,Flutter Entertainment,online,,5854268200,88593800,,,,,,,0.0151331980314806,29,False,False,KS_2024_02.pdf,,,,1,0.0,,https://www.kslottery.com/publications/sports-monthly-revenues/,KS/screenshots/KS_2024_02_KS_2024_02_p1.png,"Kansas Star | FanDuel | $58,542,682 | $885,938 | $88,594",,2026-03-28T01:12:45.570222
KS,2024-02-01,2024-02-29,monthly,Barstool/ESPN,ESPN Bet,ESPN Bet,PENN Entertainment,online,,1467585700,0,,,,,,,0.0,29,False,False,KS_2024_02.pdf,,,,1,0.0,,https://www.kslottery.com/publications/sports-monthly-revenues/,KS/screenshots/KS_2024_02_KS_2024_02_p1.png,"Hollywood | Barstool/ESPN | $14,675,857 | $0 | $0",,2026-03-28T01:12:45.570222
KS,2024-02-01,2024-02-29,monthly,BetMGM,BetMGM,BetMGM,Entain/MGM Resorts,online,,2018035300,0,,,,,,,0.0,29,False,False,KS_2024_02.pdf,,,,1,0.0,,https://www.kslottery.com/publications/sports-monthly-revenues/,KS/screenshots/KS_2024_02_KS_2024_02_p1.png,"Kansas Crossing | BetMGM | $20,180,353 | $0 | $0",,2026-03-28T01:12:45.570222
KS,2024-02-01,2024-02-29,monthly,Caesar's,Caesars,Caesars,Caesars Entertainment,online,,1123954800,19849600,,,,,,,0.0176604966676595,29,False,False,KS_2024_02.pdf,,,,1,0.0,,https://www.kslottery.com/publications/sports-monthly-revenues/,KS/screenshots/KS_2024_02_KS_2024_02_p1.png,"Kansas Crossing | Caesar's | $11,239,548 | $198,496 | $19,849",,2026-03-28T01:12:45.570222
KS,2024-02-01,2024-02-29,monthly,PointsBet,Fanatics,Fanatics,Fanatics Inc,online,,157939700,0,,,,,,,0.0,29,False,False,KS_2024_02.pdf,,,,1,0.0,,https://www.kslottery.com/publications/sports-monthly-revenues/,KS/screenshots/KS_2024_02_KS_2024_02_p1.png,"Kansas Crossing | PointsBet | $1,579,397 | $0 | $0",,2026-03-28T01:12:45.570222
KS,2024-03-01,2024-03-31,monthly,DraftKings,DraftKings,DraftKings,DraftKings Inc,retail,,51465000,0,,,,,,,0.0,31,False,False,KS_2024_03.pdf,,,,1,0.0,,https://www.kslottery.com/publications/sports-monthly-revenues/,KS/screenshots/KS_2024_03_KS_2024_03_p1.png,"Boot Hill | DraftKings | $514,650 | $0 | $0",,2026-03-28T01:12:46.134685
KS,2024-03-01,2024-03-31,monthly,FanDuel,FanDuel,FanDuel,Flutter Entertainment,retail,,133070200,0,,,,,,,0.0,31,False,False,KS_2024_03.pdf,,,,1,0.0,,https://www.kslottery.com/publications/sports-monthly-revenues/,KS/screenshots/KS_2024_03_KS_2024_03_p1.png,"Kansas Star | FanDuel | $1,330,702 | $0 | $0",,2026-03-28T01:12:46.134685
KS,2024-03-01,2024-03-31,monthly,Barstool/ESPN,ESPN Bet,ESPN Bet,PENN Entertainment,retail,,729158100,0,,,,,,,0.0,31,False,False,KS_2024_03.pdf,,,,1,0.0,,https://www.kslottery.com/publications/sports-monthly-revenues/,KS/screenshots/KS_2024_03_KS_2024_03_p1.png,"Hollywood | Barstool/ESPN | $7,291,581 | $0 | $0",,2026-03-28T01:12:46.134685
KS,2024-03-01,2024-03-31,monthly,Caesar's,Caesars,Caesars,Caesars Entertainment,retail,,57943300,0,,,,,,,0.0,31,False,False,KS_2024_03.pdf,,,,1,0.0,,https://www.kslottery.com/publications/sports-monthly-revenues/,KS/screenshots/KS_2024_03_KS_2024_03_p1.png,"Kansas Crossing | Caesar's | $579,433 | $0 | $0",,2026-03-28T01:12:46.134685
KS,2024-03-01,2024-03-31,monthly,DraftKings,DraftKings,DraftKings,DraftKings Inc,online,,9825330600,473599500,,,,,,,0.0482018895119926,31,False,False,KS_2024_03.pdf,,,,1,0.0,,https://www.kslottery.com/publications/sports-monthly-revenues/,KS/screenshots/KS_2024_03_KS_2024_03_p1.png,"Boot Hill | DraftKings | $98,253,306 | $4,735,995 | $473,600",,2026-03-28T01:12:46.134685
KS,2024-03-01,2024-03-31,monthly,FanDuel,FanDuel,FanDuel,Flutter Entertainment,online,,7020405400,215390900,,,,,,,0.0306806925993191,31,False,False,KS_2024_03.pdf,,,,1,0.0,,https://www.kslottery.com/publications/sports-monthly-revenues/,KS/screenshots/KS_2024_03_KS_2024_03_p1.png,"Kansas Star | FanDuel | $70,204,054 | $2,153,909 | $215,390",,2026-03-28T01:12:46.134685
KS,2024-03-01,2024-03-31,monthly,Barstool/ESPN,ESPN Bet,ESPN Bet,PENN Entertainment,online,,1786984500,0,,,,,,,0.0,31,False,False,KS_2024_03.pdf,,,,1,0.0,,https://www.kslottery.com/publications/sports-monthly-revenues/,KS/screenshots/KS_2024_03_KS_2024_03_p1.png,"Hollywood | Barstool/ESPN | $17,869,845 | $0 | $0",,2026-03-28T01:12:46.134685
KS,2024-03-01,2024-03-31,monthly,BetMGM,BetMGM,BetMGM,Entain/MGM Resorts,online,,4367551100,0,,,,,,,0.0,31,False,False,KS_2024_03.pdf,,,,1,0.0,,https://www.kslottery.com/publications/sports-monthly-revenues/,KS/screenshots/KS_2024_03_KS_2024_03_p1.png,"Kansas Crossing | BetMGM | $43,675,511 | $0 | $0",,2026-03-28T01:12:46.134685
KS,2024-03-01,2024-03-31,monthly,Caesar's,Caesars,Caesars,Caesars Entertainment,online,,1189139300,25707100,,,,,,,0.0216182410252524,31,False,False,KS_2024_03.pdf,,,,1,0.0,,https://www.kslottery.com/publications/sports-monthly-revenues/,KS/screenshots/KS_2024_03_KS_2024_03_p1.png,"Kansas Crossing | Caesar's | $11,891,393 | $257,071 | $25,707",,2026-03-28T01:12:46.134685
KS,2024-03-01,2024-03-31,monthly,PB/Fanatics,Fanatics,Fanatics,Fanatics Inc,online,,129129500,0,,,,,,,0.0,31,False,False,KS_2024_03.pdf,,,,1,0.0,,https://www.kslottery.com/publications/sports-monthly-revenues/,KS/screenshots/KS_2024_03_KS_2024_03_p1.png,"Kansas Crossing | PB/Fanatics | $1,291,295 | $0 | $0",,2026-03-28T01:12:46.134685
KS,2024-04-01,2024-04-30,monthly,DraftKings,DraftKings,DraftKings,DraftKings Inc,retail,,34691000,3417400,,,,,,,0.09850969992217,30,False,False,KS_2024_04.pdf,,,,1,0.0,,https://www.kslottery.com/publications/sports-monthly-revenues/,KS/screenshots/KS_2024_04_KS_2024_04_p1.png,"Boot Hill | DraftKings | $346,910 | $34,174 | $3,417",,2026-03-28T01:12:46.668463
KS,2024-04-01,2024-04-30,monthly,FanDuel,FanDuel,FanDuel,Flutter Entertainment,retail,,99823800,4581500,,,,,,,0.0458958685203328,30,False,False,KS_2024_04.pdf,,,,1,0.0,,https://www.kslottery.com/publications/sports-monthly-revenues/,KS/screenshots/KS_2024_04_KS_2024_04_p1.png,"Kansas Star | FanDuel | $998,238 | $45,815 | $4,582",,2026-03-28T01:12:46.668463
KS,2024-04-01,2024-04-30,monthly,Barstool/ESPN,ESPN Bet,ESPN Bet,PENN Entertainment,retail,,445296800,0,,,,,,,0.0,30,False,False,KS_2024_04.pdf,,,,1,0.0,,https://www.kslottery.com/publications/sports-monthly-revenues/,KS/screenshots/KS_2024_04_KS_2024_04_p1.png,"Hollywood | Barstool/ESPN | $4,452,968 | $0 | $0",,2026-03-28T01:12:46.668463
KS,2024-04-01,2024-04-30,monthly,Caesar's,Caesars,Caesars,Caesars Entertainment,retail,,37225100,0,,,,,,,0.0,30,False,False,KS_2024_04.pdf,,,,1,0.0,,https://www.kslottery.com/publications/sports-monthly-revenues/,KS/screenshots/KS_2024_04_KS_2024_04_p1.png,"Kansas Crossing | Caesar's | $372,251 | $0 | $0",,2026-03-28T01:12:46.668463
KS,2024-04-01,2024-04-30,monthly,DraftKings,DraftKings,DraftKings,DraftKings Inc,online,,8434007500,510532100,,,,,,,0.0605325641458108,30,False,False,KS_2024_04.pdf,,,,1,0.0,,https://www.kslottery.com/publications/sports-monthly-revenues/,KS/screenshots/KS_2024_04_KS_2024_04_p1.png,"Boot Hill | DraftKings | $84,340,075 | $5,105,321 | $510,532",,2026-03-28T01:12:46.668463
KS,2024-04-01,2024-04-30,monthly,FanDuel,FanDuel,FanDuel,Flutter Entertainment,online,,6074741600,494153400,,,,,,,0.08134558348951,30,False,False,KS_2024_04.pdf,,,,1,0.0,,https://www.kslottery.com/publications/sports-monthly-revenues/,KS/screenshots/KS_2024_04_KS_2024_04_p1.png,"Kansas Star | FanDuel | $60,747,416 | $4,941,534 | $494,154",,2026-03-28T01:12:46.668463
KS,2024-04-01,2024-04-30,monthly,Barstool/ESPN,ESPN Bet,ESPN Bet,PENN Entertainment,online,,1398620500,0,,,,,,,0.0,30,False,False,KS_2024_04.pdf,,,,1,0.0,,https://www.kslottery.com/publications/sports-monthly-revenues/,KS/screenshots/KS_2024_04_KS_2024_04_p1.png,"Hollywood | Barstool/ESPN | $13,986,205 | $0 | $0",,2026-03-28T01:12:46.668463
KS,2024-04-01,2024-04-30,monthly,BetMGM,BetMGM,BetMGM,Entain/MGM Resorts,online,,1374998300,0,,,,,,,0.0,30,False,False,KS_2024_04.pdf,,,,1,0.0,,https://www.kslottery.com/publications/sports-monthly-revenues/,KS/screenshots/KS_2024_04_KS_2024_04_p1.png,"Kansas Crossing | BetMGM | $13,749,983 | $0 | $0",,2026-03-28T01:12:46.668463
KS,2024-04-01,2024-04-30,monthly,Caesar's,Caesars,Caesars,Caesars Entertainment,online,,664547100,27710300,,,,,,,0.0416980226081793,30,False,False,KS_2024_04.pdf,,,,1,0.0,,https://www.kslottery.com/publications/sports-monthly-revenues/,KS/screenshots/KS_2024_04_KS_2024_04_p1.png,"Kansas Crossing | Caesar's | $6,645,471 | $277,103 | $27,711",,2026-03-28T01:12:46.668463
KS,2024-04-01,2024-04-30,monthly,PB/Fanatics,Fanatics,Fanatics,Fanatics Inc,online,,644640700,0,,,,,,,0.0,30,False,False,KS_2024_04.pdf,,,,1,0.0,,https://www.kslottery.com/publications/sports-monthly-revenues/,KS/screenshots/KS_2024_04_KS_2024_04_p1.png,"Kansas Crossing | PB/Fanatics | $6,446,407 | $0 | $0",,2026-03-28T01:12:46.668463
KS,2024-05-01,2024-05-31,monthly,DraftKings,DraftKings,DraftKings,DraftKings Inc,retail,,21144500,1224800,,,,,,,0.0579252287828986,31,False,False,KS_2024_05.pdf,,,,1,0.0,,https://www.kslottery.com/publications/sports-monthly-revenues/,KS/screenshots/KS_2024_05_KS_2024_05_p1.png,"Boot Hill | DraftKings | $211,445 | $12,248 | $1,225",,2026-03-28T01:12:47.169432
KS,2024-05-01,2024-05-31,monthly,FanDuel,FanDuel,FanDuel,Flutter Entertainment,retail,,74825200,14364000,,,,,,,0.1919674120483473,31,False,False,KS_2024_05.pdf,,,,1,0.0,,https://www.kslottery.com/publications/sports-monthly-revenues/,KS/screenshots/KS_2024_05_KS_2024_05_p1.png,"Kansas Star | FanDuel | $748,252 | $143,640 | $14,364",,2026-03-28T01:12:47.169432
KS,2024-05-01,2024-05-31,monthly,Barstool/ESPN,ESPN Bet,ESPN Bet,PENN Entertainment,retail,,654493500,0,,,,,,,0.0,31,False,False,KS_2024_05.pdf,,,,1,0.0,,https://www.kslottery.com/publications/sports-monthly-revenues/,KS/screenshots/KS_2024_05_KS_2024_05_p1.png,"Hollywood | Barstool/ESPN | $6,544,935 | $0 | $0",,2026-03-28T01:12:47.169432
KS,2024-05-01,2024-05-31,monthly,Caesar's,Caesars,Caesars,Caesars Entertainment,retail,,55197500,0,,,,,,,0.0,31,False,False,KS_2024_05.pdf,,,,1,0.0,,https://www.kslottery.com/publications/sports-monthly-revenues/,KS/screenshots/KS_2024_05_KS_2024_05_p1.png,"Kansas Crossing | Caesar's | $551,975 | $0 | $0",,2026-03-28T01:12:47.169432
KS,2024-05-01,2024-05-31,monthly,DraftKings,DraftKings,DraftKings,DraftKings Inc,online,,7495523100,443106500,,,,,,,0.0591161542814803,31,False,False,KS_2024_05.pdf,,,,1,0.0,,https://www.kslottery.com/publications/sports-monthly-revenues/,KS/screenshots/KS_2024_05_KS_2024_05_p1.png,"Boot Hill | DraftKings | $74,955,231 | $4,431,065 | $443,106",,2026-03-28T01:12:47.169432
KS,2024-05-01,2024-05-31,monthly,FanDuel,FanDuel,FanDuel,Flutter Entertainment,online,,5133799600,496696100,,,,,,,0.0967501925864032,31,False,False,KS_2024_05.pdf,,,,1,0.0,,https://www.kslottery.com/publications/sports-monthly-revenues/,KS/screenshots/KS_2024_05_KS_2024_05_p1.png,"Kansas Star | FanDuel | $51,337,996 | $4,966,961 | $496,696",,2026-03-28T01:12:47.169432
KS,2024-05-01,2024-05-31,monthly,Barstool/ESPN,ESPN Bet,ESPN Bet,PENN Entertainment,online,,1075921100,0,,,,,,,0.0,31,False,False,KS_2024_05.pdf,,,,1,0.0,,https://www.kslottery.com/publications/sports-monthly-revenues/,KS/screenshots/KS_2024_05_KS_2024_05_p1.png,"Hollywood | Barstool/ESPN | $10,759,211 | $0 | $0",,2026-03-28T01:12:47.169432
KS,2024-05-01,2024-05-31,monthly,BetMGM,BetMGM,BetMGM,Entain/MGM Resorts,online,,1353203100,0,,,,,,,0.0,31,False,False,KS_2024_05.pdf,,,,1,0.0,,https://www.kslottery.com/publications/sports-monthly-revenues/,KS/screenshots/KS_2024_05_KS_2024_05_p1.png,"Kansas Crossing | BetMGM | $13,532,031 | $0 | $0",,2026-03-28T01:12:47.169432
KS,2024-05-01,2024-05-31,monthly,Caesar's,Caesars,Caesars,Caesars Entertainment,online,,695088100,21373400,,,,,,,0.0307491956774975,31,False,False,KS_2024_05.pdf,,,,1,0.0,,https://www.kslottery.com/publications/sports-monthly-revenues/,KS/screenshots/KS_2024_05_KS_2024_05_p1.png,"Kansas Crossing | Caesar's | $6,950,881 | $213,734 | $21,373",,2026-03-28T01:12:47.169432
KS,2024-05-01,2024-05-31,monthly,PB/Fanatics,Fanatics,Fanatics,Fanatics Inc,online,,661292300,0,,,,,,,0.0,31,False,False,KS_2024_05.pdf,,,,1,0.0,,https://www.kslottery.com/publications/sports-monthly-revenues/,KS/screenshots/KS_2024_05_KS_2024_05_p1.png,"Kansas Crossing | PB/Fanatics | $6,612,923 | $0 | $0",,2026-03-28T01:12:47.169432
KS,2024-06-01,2024-06-30,monthly,DraftKings,DraftKings,DraftKings,DraftKings Inc,retail,,20084900,2044300,,,,,,,0.1017829314559694,30,False,False,KS_2024_06.pdf,,,,1,0.0,,https://www.kslottery.com/publications/sports-monthly-revenues/,KS/screenshots/KS_2024_06_KS_2024_06_p1.png,"Boot Hill | DraftKings | $200,849 | $20,443 | $2,045",,2026-03-28T01:12:47.709502
KS,2024-06-01,2024-06-30,monthly,FanDuel,FanDuel,FanDuel,Flutter Entertainment,retail,,53605500,6040700,,,,,,,0.1126880637248043,30,False,False,KS_2024_06.pdf,,,,1,0.0,,https://www.kslottery.com/publications/sports-monthly-revenues/,KS/screenshots/KS_2024_06_KS_2024_06_p1.png,"Kansas Star | FanDuel | $536,055 | $60,407 | $6,040",,2026-03-28T01:12:47.709502
KS,2024-06-01,2024-06-30,monthly,Barstool/ESPN,ESPN Bet,ESPN Bet,PENN Entertainment,retail,,358821200,0,,,,,,,0.0,30,False,False,KS_2024_06.pdf,,,,1,0.0,,https://www.kslottery.com/publications/sports-monthly-revenues/,KS/screenshots/KS_2024_06_KS_2024_06_p1.png,"Hollywood | Barstool/ESPN | $3,588,212 | $0 | $0",,2026-03-28T01:12:47.709502
KS,2024-06-01,2024-06-30,monthly,Caesar's,Caesars,Caesars,Caesars Entertainment,retail,,49831800,0,,,,,,,0.0,30,False,False,KS_2024_06.pdf,,,,1,0.0,,https://www.kslottery.com/publications/sports-monthly-revenues/,KS/screenshots/KS_2024_06_KS_2024_06_p1.png,"Kansas Crossing | Caesar's | $498,318 | $0 | $0",,2026-03-28T01:12:47.709502
KS,2024-06-01,2024-06-30,monthly,DraftKings,DraftKings,DraftKings,DraftKings Inc,online,,6623261600,471661800,,,,,,,0.0712129202325331,30,False,False,KS_2024_06.pdf,,,,1,0.0,,https://www.kslottery.com/publications/sports-monthly-revenues/,KS/screenshots/KS_2024_06_KS_2024_06_p1.png,"Boot Hill | DraftKings | $66,232,616 | $4,716,618 | $471,662",,2026-03-28T01:12:47.709502
KS,2024-06-01,2024-06-30,monthly,FanDuel,FanDuel,FanDuel,Flutter Entertainment,online,,3984502700,386085500,,,,,,,0.0968967846351315,30,False,False,KS_2024_06.pdf,,,,1,0.0,,https://www.kslottery.com/publications/sports-monthly-revenues/,KS/screenshots/KS_2024_06_KS_2024_06_p1.png,"Kansas Star | FanDuel | $39,845,027 | $3,860,855 | $386,085",,2026-03-28T01:12:47.709502
KS,2024-06-01,2024-06-30,monthly,Barstool/ESPN,ESPN Bet,ESPN Bet,PENN Entertainment,online,,759888800,0,,,,,,,0.0,30,False,False,KS_2024_06.pdf,,,,1,0.0,,https://www.kslottery.com/publications/sports-monthly-revenues/,KS/screenshots/KS_2024_06_KS_2024_06_p1.png,"Hollywood | Barstool/ESPN | $7,598,888 | $0 | $0",,2026-03-28T01:12:47.709502
KS,2024-06-01,2024-06-30,monthly,BetMGM,BetMGM,BetMGM,Entain/MGM Resorts,online,,1115008400,54883800,,,,,,,0.0492227681872172,30,False,False,KS_2024_06.pdf,,,,1,0.0,,https://www.kslottery.com/publications/sports-monthly-revenues/,KS/screenshots/KS_2024_06_KS_2024_06_p1.png,"Kansas Crossing | BetMGM | $11,150,084 | $548,838 | $54,884",,2026-03-28T01:12:47.709502
KS,2024-06-01,2024-06-30,monthly,Caesar's,Caesars,Caesars,Caesars Entertainment,online,,600819700,15668500,,,,,,,0.0260785390359204,30,False,False,KS_2024_06.pdf,,,,1,0.0,,https://www.kslottery.com/publications/sports-monthly-revenues/,KS/screenshots/KS_2024_06_KS_2024_06_p1.png,"Kansas Crossing | Caesar's | $6,008,197 | $156,685 | $15,669",,2026-03-28T01:12:47.709502
KS,2024-06-01,2024-06-30,monthly,PB/Fanatics,Fanatics,Fanatics,Fanatics Inc,online,,444408700,0,,,,,,,0.0,30,False,False,KS_2024_06.pdf,,,,1,0.0,,https://www.kslottery.com/publications/sports-monthly-revenues/,KS/screenshots/KS_2024_06_KS_2024_06_p1.png,"Kansas Crossing | PB/Fanatics | $4,444,087 | $0 | $0",,2026-03-28T01:12:47.709502
KS,2024-07-01,2024-07-31,monthly,DraftKings,DraftKings,DraftKings,DraftKings Inc,retail,,22342500,1553200,,,,,,,0.0695177352579165,31,False,False,KS_2024_07.pdf,,,,1,0.0,,https://www.kslottery.com/publications/sports-monthly-revenues/,KS/screenshots/KS_2024_07_KS_2024_07_p1.png,"Boot Hill | DraftKings | $223,425 | $15,532 | $1,553",,2026-03-28T01:12:48.197093
KS,2024-07-01,2024-07-31,monthly,FanDuel,FanDuel,FanDuel,Flutter Entertainment,retail,,44753200,3684000,,,,,,,0.0823181359098343,31,False,False,KS_2024_07.pdf,,,,1,0.0,,https://www.kslottery.com/publications/sports-monthly-revenues/,KS/screenshots/KS_2024_07_KS_2024_07_p1.png,"Kansas Star | FanDuel | $447,532 | $36,840 | $3,684",,2026-03-28T01:12:48.197093
KS,2024-07-01,2024-07-31,monthly,ESPNBet,ESPN Bet,ESPN Bet,PENN Entertainment,retail,,225857400,0,,,,,,,0.0,31,False,False,KS_2024_07.pdf,,,,1,0.0,,https://www.kslottery.com/publications/sports-monthly-revenues/,KS/screenshots/KS_2024_07_KS_2024_07_p1.png,"Hollywood | ESPNBet | $2,258,574 | $0 | $0",,2026-03-28T01:12:48.197093
KS,2024-07-01,2024-07-31,monthly,Caesar's,Caesars,Caesars,Caesars Entertainment,retail,,30487700,0,,,,,,,0.0,31,False,False,KS_2024_07.pdf,,,,1,0.0,,https://www.kslottery.com/publications/sports-monthly-revenues/,KS/screenshots/KS_2024_07_KS_2024_07_p1.png,"Kansas Crossing | Caesar's | $304,877 | $0 | $0",,2026-03-28T01:12:48.197093
KS,2024-07-01,2024-07-31,monthly,DraftKings,DraftKings,DraftKings,DraftKings Inc,online,,5699064800,457391400,,,,,,,0.0802572730880336,31,False,False,KS_2024_07.pdf,,,,1,0.0,,https://www.kslottery.com/publications/sports-monthly-revenues/,KS/screenshots/KS_2024_07_KS_2024_07_p1.png,"Boot Hill | DraftKings | $56,990,648 | $4,573,914 | $457,391",,2026-03-28T01:12:48.197093
KS,2024-07-01,2024-07-31,monthly,FanDuel,FanDuel,FanDuel,Flutter Entertainment,online,,3749987300,338730100,,,,,,,0.0903283325786196,31,False,False,KS_2024_07.pdf,,,,1,0.0,,https://www.kslottery.com/publications/sports-monthly-revenues/,KS/screenshots/KS_2024_07_KS_2024_07_p1.png,"Kansas Star | FanDuel | $37,499,873 | $3,387,301 | $338,730",,2026-03-28T01:12:48.197093
KS,2024-07-01,2024-07-31,monthly,ESPNBet,ESPN Bet,ESPN Bet,PENN Entertainment,online,,571121700,0,,,,,,,0.0,31,False,False,KS_2024_07.pdf,,,,1,0.0,,https://www.kslottery.com/publications/sports-monthly-revenues/,KS/screenshots/KS_2024_07_KS_2024_07_p1.png,"Hollywood | ESPNBet | $5,711,217 | $0 | $0",,2026-03-28T01:12:48.197093
KS,2024-07-01,2024-07-31,monthly,BetMGM,BetMGM,BetMGM,Entain/MGM Resorts,online,,850969000,96442600,,,,,,,0.1133326830942137,31,False,False,KS_2024_07.pdf,,,,1,0.0,,https://www.kslottery.com/publications/sports-monthly-revenues/,KS/screenshots/KS_2024_07_KS_2024_07_p1.png,"Kansas Crossing | BetMGM | $8,509,690 | $964,426 | $96,443",,2026-03-28T01:12:48.197093
KS,2024-07-01,2024-07-31,monthly,Caesar's,Caesars,Caesars,Caesars Entertainment,online,,503125600,22146200,,,,,,,0.0440172394328573,31,False,False,KS_2024_07.pdf,,,,1,0.0,,https://www.kslottery.com/publications/sports-monthly-revenues/,KS/screenshots/KS_2024_07_KS_2024_07_p1.png,"Kansas Crossing | Caesar's | $5,031,256 | $221,462 | $22,146",,2026-03-28T01:12:48.197093
KS,2024-07-01,2024-07-31,monthly,Fanatics,Fanatics,Fanatics,Fanatics Inc,online,,506370500,0,,,,,,,0.0,31,False,False,KS_2024_07.pdf,,,,1,0.0,,https://www.kslottery.com/publications/sports-monthly-revenues/,KS/screenshots/KS_2024_07_KS_2024_07_p1.png,"Kansas Crossing | Fanatics | $5,063,705 | $0 | $0",,2026-03-28T01:12:48.197093
KS,2024-08-01,2024-08-31,monthly,DraftKings,DraftKings,DraftKings,DraftKings Inc,retail,,21519300,829900,,,,,,,0.0385653808441724,31,False,False,KS_2024_08.pdf,,,,1,0.0,,https://www.kslottery.com/publications/sports-monthly-revenues/,KS/screenshots/KS_2024_08_KS_2024_08_p1.png,"Boot Hill | DraftKings | $215,193 | $8,299 | $830",,2026-03-28T01:12:48.689859
KS,2024-08-01,2024-08-31,monthly,FanDuel,FanDuel,FanDuel,Flutter Entertainment,retail,,77814200,11519000,,,,,,,0.1480321072503476,31,False,False,KS_2024_08.pdf,,,,1,0.0,,https://www.kslottery.com/publications/sports-monthly-revenues/,KS/screenshots/KS_2024_08_KS_2024_08_p1.png,"Kansas Star | FanDuel | $778,142 | $115,190 | $11,519",,2026-03-28T01:12:48.689859
KS,2024-08-01,2024-08-31,monthly,ESPNBet,ESPN Bet,ESPN Bet,PENN Entertainment,retail,,270480900,0,,,,,,,0.0,31,False,False,KS_2024_08.pdf,,,,1,0.0,,https://www.kslottery.com/publications/sports-monthly-revenues/,KS/screenshots/KS_2024_08_KS_2024_08_p1.png,"Hollywood | ESPNBet | $2,704,809 | $0 | $0",,2026-03-28T01:12:48.689859
KS,2024-08-01,2024-08-31,monthly,Caesar's,Caesars,Caesars,Caesars Entertainment,retail,,37827200,0,,,,,,,0.0,31,False,False,KS_2024_08.pdf,,,,1,0.0,,https://www.kslottery.com/publications/sports-monthly-revenues/,KS/screenshots/KS_2024_08_KS_2024_08_p1.png,"Kansas Crossing | Caesar's | $378,272 | $0 | $0",,2026-03-28T01:12:48.689859
KS,2024-08-01,2024-08-31,monthly,DraftKings,DraftKings,DraftKings,DraftKings Inc,online,,6767564200,302032500,,,,,,,0.0446294251630446,31,False,False,KS_2024_08.pdf,,,,1,0.0,,https://www.kslottery.com/publications/sports-monthly-revenues/,KS/screenshots/KS_2024_08_KS_2024_08_p1.png,"Boot Hill | DraftKings | $67,675,642 | $3,020,325 | $302,033",,2026-03-28T01:12:48.689859
KS,2024-08-01,2024-08-31,monthly,FanDuel,FanDuel,FanDuel,Flutter Entertainment,online,,4378967300,259110200,,,,,,,0.059171531150735,31,False,False,KS_2024_08.pdf,,,,1,0.0,,https://www.kslottery.com/publications/sports-monthly-revenues/,KS/screenshots/KS_2024_08_KS_2024_08_p1.png,"Kansas Star | FanDuel | $43,789,673 | $2,591,102 | $259,110",,2026-03-28T01:12:48.689859
KS,2024-08-01,2024-08-31,monthly,ESPNBet,ESPN Bet,ESPN Bet,PENN Entertainment,online,,769583600,0,,,,,,,0.0,31,False,False,KS_2024_08.pdf,,,,1,0.0,,https://www.kslottery.com/publications/sports-monthly-revenues/,KS/screenshots/KS_2024_08_KS_2024_08_p1.png,"Hollywood | ESPNBet | $7,695,836 | $0 | $0",,2026-03-28T01:12:48.689859
KS,2024-08-01,2024-08-31,monthly,BetMGM,BetMGM,BetMGM,Entain/MGM Resorts,online,,1045805500,52206200,,,,,,,0.0499196074222214,31,False,False,KS_2024_08.pdf,,,,1,0.0,,https://www.kslottery.com/publications/sports-monthly-revenues/,KS/screenshots/KS_2024_08_KS_2024_08_p1.png,"Kansas Crossing | BetMGM | $10,458,055 | $522,062 | $52,206",,2026-03-28T01:12:48.689859
KS,2024-08-01,2024-08-31,monthly,Caesar's,Caesars,Caesars,Caesars Entertainment,online,,612768800,31590200,,,,,,,0.0515532122392654,31,False,False,KS_2024_08.pdf,,,,1,0.0,,https://www.kslottery.com/publications/sports-monthly-revenues/,KS/screenshots/KS_2024_08_KS_2024_08_p1.png,"Kansas Crossing | Caesar's | $6,127,688 | $315,902 | $31,590",,2026-03-28T01:12:48.689859
KS,2024-08-01,2024-08-31,monthly,Fanatics,Fanatics,Fanatics,Fanatics Inc,online,,715202600,0,,,,,,,0.0,31,False,False,KS_2024_08.pdf,,,,1,0.0,,https://www.kslottery.com/publications/sports-monthly-revenues/,KS/screenshots/KS_2024_08_KS_2024_08_p1.png,"Kansas Crossing | Fanatics | $7,152,026 | $0 | $0",,2026-03-28T01:12:48.689859
KS,2024-09-01,2024-09-30,monthly,DraftKings,DraftKings,DraftKings,DraftKings Inc,retail,,34558400,4531000,,,,,,,0.1311113940460206,30,False,False,KS_2024_09.pdf,,,,1,0.0,,https://www.kslottery.com/publications/sports-monthly-revenues/,KS/screenshots/KS_2024_09_KS_2024_09_p1.png,"Boot Hill | DraftKings | $345,584 | $45,310 | $4,531",,2026-03-28T01:12:49.186065
KS,2024-09-01,2024-09-30,monthly,FanDuel,FanDuel,FanDuel,Flutter Entertainment,retail,,161722400,23999800,,,,,,,0.1484012109639728,30,False,False,KS_2024_09.pdf,,,,1,0.0,,https://www.kslottery.com/publications/sports-monthly-revenues/,KS/screenshots/KS_2024_09_KS_2024_09_p1.png,"Kansas Star | FanDuel | $1,617,224 | $239,998 | $24,000",,2026-03-28T01:12:49.186065
KS,2024-09-01,2024-09-30,monthly,ESPNBet,ESPN Bet,ESPN Bet,PENN Entertainment,retail,,625707700,44082200,,,,,,,0.0704517460788799,30,False,False,KS_2024_09.pdf,,,,1,0.0,,https://www.kslottery.com/publications/sports-monthly-revenues/,KS/screenshots/KS_2024_09_KS_2024_09_p1.png,"Hollywood | ESPNBet | $6,257,077 | $440,822 | $44,082",,2026-03-28T01:12:49.186065
KS,2024-09-01,2024-09-30,monthly,Caesar's,Caesars,Caesars,Caesars Entertainment,retail,,81994800,0,,,,,,,0.0,30,False,False,KS_2024_09.pdf,,,,1,0.0,,https://www.kslottery.com/publications/sports-monthly-revenues/,KS/screenshots/KS_2024_09_KS_2024_09_p1.png,"Kansas Crossing | Caesar's | $819,948 | $0 | $0",,2026-03-28T01:12:49.186065
KS,2024-09-01,2024-09-30,monthly,DraftKings,DraftKings,DraftKings,DraftKings Inc,online,,11927583200,933006600,,,,,,,0.0782226025470105,30,False,False,KS_2024_09.pdf,,,,1,0.0,,https://www.kslottery.com/publications/sports-monthly-revenues/,KS/screenshots/KS_2024_09_KS_2024_09_p1.png,"Boot Hill | DraftKings | $119,275,832 | $9,330,066 | $933,007",,2026-03-28T01:12:49.186065
KS,2024-09-01,2024-09-30,monthly,FanDuel,FanDuel,FanDuel,Flutter Entertainment,online,,6988039700,544918600,,,,,,,0.0779787498917614,30,False,False,KS_2024_09.pdf,,,,1,0.0,,https://www.kslottery.com/publications/sports-monthly-revenues/,KS/screenshots/KS_2024_09_KS_2024_09_p1.png,"Kansas Star | FanDuel | $69,880,397 | $5,449,186 | $544,919",,2026-03-28T01:12:49.186065
KS,2024-09-01,2024-09-30,monthly,ESPNBet,ESPN Bet,ESPN Bet,PENN Entertainment,online,,1000904200,0,,,,,,,0.0,30,False,False,KS_2024_09.pdf,,,,1,0.0,,https://www.kslottery.com/publications/sports-monthly-revenues/,KS/screenshots/KS_2024_09_KS_2024_09_p1.png,"Hollywood | ESPNBet | $10,009,042 | $0 | $0",,2026-03-28T01:12:49.186065
KS,2024-09-01,2024-09-30,monthly,BetMGM,BetMGM,BetMGM,Entain/MGM Resorts,online,,1956121900,190035400,,,,,,,0.0971490580418326,30,False,False,KS_2024_09.pdf,,,,1,0.0,,https://www.kslottery.com/publications/sports-monthly-revenues/,KS/screenshots/KS_2024_09_KS_2024_09_p1.png,"Kansas Crossing | BetMGM | $19,561,219 | $1,900,354 | $190,035",,2026-03-28T01:12:49.186065
KS,2024-09-01,2024-09-30,monthly,Caesar's,Caesars,Caesars,Caesars Entertainment,online,,965617300,85668900,,,,,,,0.0887193093992827,30,False,False,KS_2024_09.pdf,,,,1,0.0,,https://www.kslottery.com/publications/sports-monthly-revenues/,KS/screenshots/KS_2024_09_KS_2024_09_p1.png,"Kansas Crossing | Caesar's | $9,656,173 | $856,689 | $85,669",,2026-03-28T01:12:49.186065
KS,2024-09-01,2024-09-30,monthly,Fanatics,Fanatics,Fanatics,Fanatics Inc,online,,1144835000,5143800,,,,,,,0.0044930492166993,30,False,False,KS_2024_09.pdf,,,,1,0.0,,https://www.kslottery.com/publications/sports-monthly-revenues/,KS/screenshots/KS_2024_09_KS_2024_09_p1.png,"Kansas Crossing | Fanatics | $11,448,350 | $51,438 | $5,144",,2026-03-28T01:12:49.186065
KS,2024-10-01,2024-10-31,monthly,DraftKings,DraftKings,DraftKings,DraftKings Inc,retail,,44676900,3270000,,,,,,,0.073192186566212,31,False,False,KS_2024_10.pdf,,,,1,0.0,,https://www.kslottery.com/publications/sports-monthly-revenues/,KS/screenshots/KS_2024_10_KS_2024_10_p1.png,"Boot Hill | DraftKings | $446,769 | $32,700 | $3,270",,2026-03-28T01:12:49.725803
KS,2024-10-01,2024-10-31,monthly,FanDuel,FanDuel,FanDuel,Flutter Entertainment,retail,,149269100,6255900,,,,,,,0.0419102145052124,31,False,False,KS_2024_10.pdf,,,,1,0.0,,https://www.kslottery.com/publications/sports-monthly-revenues/,KS/screenshots/KS_2024_10_KS_2024_10_p1.png,"Kansas Star | FanDuel | $1,492,691 | $62,559 | $6,256",,2026-03-28T01:12:49.725803
KS,2024-10-01,2024-10-31,monthly,ESPNBet,ESPN Bet,ESPN Bet,PENN Entertainment,retail,,693997200,24281300,,,,,,,0.0349876051373117,31,False,False,KS_2024_10.pdf,,,,1,0.0,,https://www.kslottery.com/publications/sports-monthly-revenues/,KS/screenshots/KS_2024_10_KS_2024_10_p1.png,"Hollywood | ESPNBet | $6,939,972 | $242,813 | $24,281",,2026-03-28T01:12:49.725803
KS,2024-10-01,2024-10-31,monthly,Caesar's,Caesars,Caesars,Caesars Entertainment,retail,,72575700,0,,,,,,,0.0,31,False,False,KS_2024_10.pdf,,,,1,0.0,,https://www.kslottery.com/publications/sports-monthly-revenues/,KS/screenshots/KS_2024_10_KS_2024_10_p1.png,"Kansas Crossing | Caesar's | $725,757 | $0 | $0",,2026-03-28T01:12:49.725803
KS,2024-10-01,2024-10-31,monthly,DraftKings,DraftKings,DraftKings,DraftKings Inc,online,,12278903900,72259600,,,,,,,0.0058848575238055,31,False,False,KS_2024_10.pdf,,,,1,0.0,,https://www.kslottery.com/publications/sports-monthly-revenues/,KS/screenshots/KS_2024_10_KS_2024_10_p1.png,"Boot Hill | DraftKings | $122,789,039 | $722,596 | $72,259",,2026-03-28T01:12:49.725803
KS,2024-10-01,2024-10-31,monthly,FanDuel,FanDuel,FanDuel,Flutter Entertainment,online,,8497919200,282252200,,,,,,,0.0332142720302636,31,False,False,KS_2024_10.pdf,,,,1,0.0,,https://www.kslottery.com/publications/sports-monthly-revenues/,KS/screenshots/KS_2024_10_KS_2024_10_p1.png,"Kansas Star | FanDuel | $84,979,192 | $2,822,522 | $282,252",,2026-03-28T01:12:49.725803
KS,2024-10-01,2024-10-31,monthly,ESPNBet,ESPN Bet,ESPN Bet,PENN Entertainment,online,,1246073200,0,,,,,,,0.0,31,False,False,KS_2024_10.pdf,,,,1,0.0,,https://www.kslottery.com/publications/sports-monthly-revenues/,KS/screenshots/KS_2024_10_KS_2024_10_p1.png,"Hollywood | ESPNBet | $12,460,732 | $0 | $0",,2026-03-28T01:12:49.725803
KS,2024-10-01,2024-10-31,monthly,BetMGM,BetMGM,BetMGM,Entain/MGM Resorts,online,,2295542700,73406500,,,,,,,0.0319778412311825,31,False,False,KS_2024_10.pdf,,,,1,0.0,,https://www.kslottery.com/publications/sports-monthly-revenues/,KS/screenshots/KS_2024_10_KS_2024_10_p1.png,"Kansas Crossing | BetMGM | $22,955,427 | $734,065 | $73,407",,2026-03-28T01:12:49.725803
KS,2024-10-01,2024-10-31,monthly,Caesar's,Caesars,Caesars,Caesars Entertainment,online,,1196110900,36629900,,,,,,,0.0306241670400294,31,False,False,KS_2024_10.pdf,,,,1,0.0,,https://www.kslottery.com/publications/sports-monthly-revenues/,KS/screenshots/KS_2024_10_KS_2024_10_p1.png,"Kansas Crossing | Caesar's | $11,961,109 | $366,299 | $36,630",,2026-03-28T01:12:49.725803
KS,2024-10-01,2024-10-31,monthly,Fanatics,Fanatics,Fanatics,Fanatics Inc,online,,1116571500,0,,,,,,,0.0,31,False,False,KS_2024_10.pdf,,,,1,0.0,,https://www.kslottery.com/publications/sports-monthly-revenues/,KS/screenshots/KS_2024_10_KS_2024_10_p1.png,"Kansas Crossing | Fanatics | $11,165,715 | $0 | $0",,2026-03-28T01:12:49.725803
KS,2024-11-01,2024-11-30,monthly,DraftKings,DraftKings,DraftKings,DraftKings Inc,retail,,52694700,4377200,,,,,,,0.0830671775339834,30,False,False,KS_2024_11.pdf,,,,1,0.0,,https://www.kslottery.com/publications/sports-monthly-revenues/,KS/screenshots/KS_2024_11_KS_2024_11_p1.png,"Boot Hill | DraftKings | $526,947 | $43,772 | $4,377",,2026-03-28T01:12:50.224447
KS,2024-11-01,2024-11-30,monthly,FanDuel,FanDuel,FanDuel,Flutter Entertainment,retail,,153530500,26131300,,,,,,,0.1702026633144554,30,False,False,KS_2024_11.pdf,,,,1,0.0,,https://www.kslottery.com/publications/sports-monthly-revenues/,KS/screenshots/KS_2024_11_KS_2024_11_p1.png,"Kansas Star | FanDuel | $1,535,305 | $261,313 | $26,131",,2026-03-28T01:12:50.224447
KS,2024-11-01,2024-11-30,monthly,ESPNBet,ESPN Bet,ESPN Bet,PENN Entertainment,retail,,917349200,56808700,,,,,,,0.0619270175414117,30,False,False,KS_2024_11.pdf,,,,1,0.0,,https://www.kslottery.com/publications/sports-monthly-revenues/,KS/screenshots/KS_2024_11_KS_2024_11_p1.png,"Hollywood | ESPNBet | $9,173,492 | $568,087 | $56,809",,2026-03-28T01:12:50.224447
KS,2024-11-01,2024-11-30,monthly,Caesar's,Caesars,Caesars,Caesars Entertainment,retail,,71013600,0,,,,,,,0.0,30,False,False,KS_2024_11.pdf,,,,1,0.0,,https://www.kslottery.com/publications/sports-monthly-revenues/,KS/screenshots/KS_2024_11_KS_2024_11_p1.png,"Kansas Crossing | Caesar's | $710,136 | $0 | $0",,2026-03-28T01:12:50.224447
KS,2024-11-01,2024-11-30,monthly,DraftKings,DraftKings,DraftKings,DraftKings Inc,online,,12805298600,1171700200,,,,,,,0.0915012009169391,30,False,False,KS_2024_11.pdf,,,,1,0.0,,https://www.kslottery.com/publications/sports-monthly-revenues/,KS/screenshots/KS_2024_11_KS_2024_11_p1.png,"Boot Hill | DraftKings | $128,052,986 | $11,717,002 | $1,171,700",,2026-03-28T01:12:50.224447
KS,2024-11-01,2024-11-30,monthly,FanDuel,FanDuel,FanDuel,Flutter Entertainment,online,,8654188900,897073500,,,,,,,0.1036577211759267,30,False,False,KS_2024_11.pdf,,,,1,0.0,,https://www.kslottery.com/publications/sports-monthly-revenues/,KS/screenshots/KS_2024_11_KS_2024_11_p1.png,"Kansas Star | FanDuel | $86,541,889 | $8,970,735 | $897,074",,2026-03-28T01:12:50.224447
KS,2024-11-01,2024-11-30,monthly,ESPNBet,ESPN Bet,ESPN Bet,PENN Entertainment,online,,1234880800,78602300,,,,,,,0.0636517305961838,30,False,False,KS_2024_11.pdf,,,,1,0.0,,https://www.kslottery.com/publications/sports-monthly-revenues/,KS/screenshots/KS_2024_11_KS_2024_11_p1.png,"Hollywood | ESPNBet | $12,348,808 | $786,023 | $78,602",,2026-03-28T01:12:50.224447
KS,2024-11-01,2024-11-30,monthly,BetMGM,BetMGM,BetMGM,Entain/MGM Resorts,online,,2627865100,176319000,,,,,,,0.0670959099080086,30,False,False,KS_2024_11.pdf,,,,1,0.0,,https://www.kslottery.com/publications/sports-monthly-revenues/,KS/screenshots/KS_2024_11_KS_2024_11_p1.png,"Kansas Crossing | BetMGM | $26,278,651 | $1,763,190 | $176,319",,2026-03-28T01:12:50.224447
KS,2024-11-01,2024-11-30,monthly,Caesar's,Caesars,Caesars,Caesars Entertainment,online,,1324985400,74491700,,,,,,,0.0562207704326402,30,False,False,KS_2024_11.pdf,,,,1,0.0,,https://www.kslottery.com/publications/sports-monthly-revenues/,KS/screenshots/KS_2024_11_KS_2024_11_p1.png,"Kansas Crossing | Caesar's | $13,249,854 | $744,917 | $74,492",,2026-03-28T01:12:50.224447
KS,2024-11-01,2024-11-30,monthly,Fanatics,Fanatics,Fanatics,Fanatics Inc,online,,1255071200,67273800,,,,,,,0.0536015805318455,30,False,False,KS_2024_11.pdf,,,,1,0.0,,https://www.kslottery.com/publications/sports-monthly-revenues/,KS/screenshots/KS_2024_11_KS_2024_11_p1.png,"Kansas Crossing | Fanatics | $12,550,712 | $672,738 | $67,274",,2026-03-28T01:12:50.224447
KS,2024-12-01,2024-12-31,monthly,DraftKings,DraftKings,DraftKings,DraftKings Inc,retail,,47058800,1969900,,,,,,,0.0418603959301979,31,False,False,KS_2024_12.pdf,,,,1,0.0,,https://www.kslottery.com/publications/sports-monthly-revenues/,KS/screenshots/KS_2024_12_KS_2024_12_p1.png,"Boot Hill | DraftKings | $470,588 | $19,699 | $1,970",,2026-03-28T01:12:50.637085
KS,2024-12-01,2024-12-31,monthly,FanDuel,FanDuel,FanDuel,Flutter Entertainment,retail,,120362000,5533900,,,,,,,0.0459771356408168,31,False,False,KS_2024_12.pdf,,,,1,0.0,,https://www.kslottery.com/publications/sports-monthly-revenues/,KS/screenshots/KS_2024_12_KS_2024_12_p1.png,"Kansas Star | FanDuel | $1,203,620 | $55,339 | $5,534",,2026-03-28T01:12:50.637085
KS,2024-12-01,2024-12-31,monthly,ESPNBet,ESPN Bet,ESPN Bet,PENN Entertainment,retail,,612002800,0,,,,,,,0.0,31,False,False,KS_2024_12.pdf,,,,1,0.0,,https://www.kslottery.com/publications/sports-monthly-revenues/,KS/screenshots/KS_2024_12_KS_2024_12_p1.png,"Hollywood | ESPNBet | $6,120,028 | $0 | $0",,2026-03-28T01:12:50.637085
KS,2024-12-01,2024-12-31,monthly,Caesar's,Caesars,Caesars,Caesars Entertainment,retail,,64361700,0,,,,,,,0.0,31,False,False,KS_2024_12.pdf,,,,1,0.0,,https://www.kslottery.com/publications/sports-monthly-revenues/,KS/screenshots/KS_2024_12_KS_2024_12_p1.png,"KS Crossing | Caesar's | $643,617 | $0 | $0",,2026-03-28T01:12:50.637085
KS,2024-12-01,2024-12-31,monthly,DraftKings,DraftKings,DraftKings,DraftKings Inc,online,,11219990600,412856800,,,,,,,0.0367965370666175,31,False,False,KS_2024_12.pdf,,,,1,0.0,,https://www.kslottery.com/publications/sports-monthly-revenues/,KS/screenshots/KS_2024_12_KS_2024_12_p1.png,"Boot Hill | DraftKings | $112,199,906 | $4,128,568 | $412,857",,2026-03-28T01:12:50.637085
KS,2024-12-01,2024-12-31,monthly,FanDuel,FanDuel,FanDuel,Flutter Entertainment,online,,7911379400,403693000,,,,,,,0.0510268790800249,31,False,False,KS_2024_12.pdf,,,,1,0.0,,https://www.kslottery.com/publications/sports-monthly-revenues/,KS/screenshots/KS_2024_12_KS_2024_12_p1.png,"Kansas Star | FanDuel | $79,113,794 | $4,036,930 | $403,693",,2026-03-28T01:12:50.637085
KS,2024-12-01,2024-12-31,monthly,ESPNBet,ESPN Bet,ESPN Bet,PENN Entertainment,online,,1330481100,0,,,,,,,0.0,31,False,False,KS_2024_12.pdf,,,,1,0.0,,https://www.kslottery.com/publications/sports-monthly-revenues/,KS/screenshots/KS_2024_12_KS_2024_12_p1.png,"Hollywood | ESPNBet | $13,304,811 | $0 | $0",,2026-03-28T01:12:50.637085
KS,2024-12-01,2024-12-31,monthly,BetMGM,BetMGM,BetMGM,Entain/MGM Resorts,online,,2199087100,29290600,,,,,,,0.0133194360514415,31,False,False,KS_2024_12.pdf,,,,1,0.0,,https://www.kslottery.com/publications/sports-monthly-revenues/,KS/screenshots/KS_2024_12_KS_2024_12_p1.png,"KS Crossing | BetMGM | $21,990,871 | $292,906 | $29,291",,2026-03-28T01:12:50.637085
KS,2024-12-01,2024-12-31,monthly,Caesar's,Caesars,Caesars,Caesars Entertainment,online,,1221310700,25264800,,,,,,,0.0206866278990268,31,False,False,KS_2024_12.pdf,,,,1,0.0,,https://www.kslottery.com/publications/sports-monthly-revenues/,KS/screenshots/KS_2024_12_KS_2024_12_p1.png,"KS Crossing | Caesar's | $12,213,107 | $252,648 | $25,265",,2026-03-28T01:12:50.637085
KS,2024-12-01,2024-12-31,monthly,Fanatics,Fanatics,Fanatics,Fanatics Inc,online,,1401921400,0,,,,,,,0.0,31,False,False,KS_2024_12.pdf,,,,1,0.0,,https://www.kslottery.com/publications/sports-monthly-revenues/,KS/screenshots/KS_2024_12_KS_2024_12_p1.png,"KS Crossing | Fanatics | $14,019,214 | $0 | $0",,2026-03-28T01:12:50.637085
KS,2025-01-01,2025-01-31,monthly,DraftKings,DraftKings,DraftKings,DraftKings Inc,retail,,27120800,1515300,,,,,,,0.0558722456564703,31,False,False,KS_2025_01.pdf,,,,1,0.0,,https://www.kslottery.com/publications/sports-monthly-revenues/,KS/screenshots/KS_2025_01_KS_2025_01_p1.png,"Boot Hill | DraftKings | $271,208 | $15,153 | $1,515",,2026-03-28T01:12:51.060084
KS,2025-01-01,2025-01-31,monthly,FanDuel,FanDuel,FanDuel,Flutter Entertainment,retail,,149508700,6404700,,,,,,,0.0428383097438476,31,False,False,KS_2025_01.pdf,,,,1,0.0,,https://www.kslottery.com/publications/sports-monthly-revenues/,KS/screenshots/KS_2025_01_KS_2025_01_p1.png,"Kansas Star | FanDuel | $1,495,087 | $64,047 | $6,405",,2026-03-28T01:12:51.060084
KS,2025-01-01,2025-01-31,monthly,ESPNBet,ESPN Bet,ESPN Bet,PENN Entertainment,retail,,623028900,4918600,,,,,,,0.0078946578561604,31,False,False,KS_2025_01.pdf,,,,1,0.0,,https://www.kslottery.com/publications/sports-monthly-revenues/,KS/screenshots/KS_2025_01_KS_2025_01_p1.png,"Hollywood | ESPNBet | $6,230,289 | $49,186 | $4,919",,2026-03-28T01:12:51.060084
KS,2025-01-01,2025-01-31,monthly,Caesar's,Caesars,Caesars,Caesars Entertainment,retail,,63036700,0,,,,,,,0.0,31,False,False,KS_2025_01.pdf,,,,1,0.0,,https://www.kslottery.com/publications/sports-monthly-revenues/,KS/screenshots/KS_2025_01_KS_2025_01_p1.png,"KS Crossing | Caesar's | $630,367 | $0 | $0",,2026-03-28T01:12:51.060084
KS,2025-01-01,2025-01-31,monthly,DraftKings,DraftKings,DraftKings,DraftKings Inc,online,,12343494500,794100100,,,,,,,0.0643334916218417,31,False,False,KS_2025_01.pdf,,,,1,0.0,,https://www.kslottery.com/publications/sports-monthly-revenues/,KS/screenshots/KS_2025_01_KS_2025_01_p1.png,"Boot Hill | DraftKings | $123,434,945 | $7,941,001 | $794,100",,2026-03-28T01:12:51.060084
KS,2025-01-01,2025-01-31,monthly,FanDuel,FanDuel,FanDuel,Flutter Entertainment,online,,9653408800,569972100,,,,,,,0.0590436095485772,31,False,False,KS_2025_01.pdf,,,,1,0.0,,https://www.kslottery.com/publications/sports-monthly-revenues/,KS/screenshots/KS_2025_01_KS_2025_01_p1.png,"Kansas Star | FanDuel | $96,534,088 | $5,699,721 | $569,972",,2026-03-28T01:12:51.060084
KS,2025-01-01,2025-01-31,monthly,ESPNBet,ESPN Bet,ESPN Bet,PENN Entertainment,online,,1345049200,31504400,,,,,,,0.0234224889320033,31,False,False,KS_2025_01.pdf,,,,1,0.0,,https://www.kslottery.com/publications/sports-monthly-revenues/,KS/screenshots/KS_2025_01_KS_2025_01_p1.png,"Hollywood | ESPNBet | $13,450,492 | $315,044 | $31,504",,2026-03-28T01:12:51.060084
KS,2025-01-01,2025-01-31,monthly,BetMGM,BetMGM,BetMGM,Entain/MGM Resorts,online,,2561791700,106315100,,,,,,,0.0415002905973971,31,False,False,KS_2025_01.pdf,,,,1,0.0,,https://www.kslottery.com/publications/sports-monthly-revenues/,KS/screenshots/KS_2025_01_KS_2025_01_p1.png,"KS Crossing | BetMGM | $25,617,917 | $1,063,151 | $106,315",,2026-03-28T01:12:51.060084
KS,2025-01-01,2025-01-31,monthly,Caesar's,Caesars,Caesars,Caesars Entertainment,online,,1355872200,101106000,,,,,,,0.0745689748635601,31,False,False,KS_2025_01.pdf,,,,1,0.0,,https://www.kslottery.com/publications/sports-monthly-revenues/,KS/screenshots/KS_2025_01_KS_2025_01_p1.png,"KS Crossing | Caesar's | $13,558,722 | $1,011,060 | $101,106",,2026-03-28T01:12:51.060084
KS,2025-01-01,2025-01-31,monthly,Fanatics,Fanatics,Fanatics,Fanatics Inc,online,,2061451700,0,,,,,,,0.0,31,False,False,KS_2025_01.pdf,,,,1,0.0,,https://www.kslottery.com/publications/sports-monthly-revenues/,KS/screenshots/KS_2025_01_KS_2025_01_p1.png,"KS Crossing | Fanatics | $20,614,517 | $0 | $0",,2026-03-28T01:12:51.060084
KS,2025-02-01,2025-02-28,monthly,DraftKings,DraftKings,DraftKings,DraftKings Inc,retail,,32363900,396200,,,,,,,0.0122420351070173,28,False,False,KS_2025_02.pdf,,,,1,0.0,,https://www.kslottery.com/publications/sports-monthly-revenues/,KS/screenshots/KS_2025_02_KS_2025_02_p1.png,"Boot Hill | DraftKings | $323,639 | $3,962 | $396",,2026-03-28T01:12:51.477068
KS,2025-02-01,2025-02-28,monthly,FanDuel,FanDuel,FanDuel,Flutter Entertainment,retail,,90691300,23911300,,,,,,,0.2636559405367439,28,False,False,KS_2025_02.pdf,,,,1,0.0,,https://www.kslottery.com/publications/sports-monthly-revenues/,KS/screenshots/KS_2025_02_KS_2025_02_p1.png,"Kansas Star | FanDuel | $906,913 | $239,113 | $23,911",,2026-03-28T01:12:51.477068
KS,2025-02-01,2025-02-28,monthly,ESPNBet,ESPN Bet,ESPN Bet,PENN Entertainment,retail,,458878800,191472100,,,,,,,0.4172607233108176,28,False,False,KS_2025_02.pdf,,,,1,0.0,,https://www.kslottery.com/publications/sports-monthly-revenues/,KS/screenshots/KS_2025_02_KS_2025_02_p1.png,"Hollywood | ESPNBet | $4,588,788 | $1,914,721 | $191,472",,2026-03-28T01:12:51.477068
KS,2025-02-01,2025-02-28,monthly,Caesar's,Caesars,Caesars,Caesars Entertainment,retail,,78374300,0,,,,,,,0.0,28,False,False,KS_2025_02.pdf,,,,1,0.0,,https://www.kslottery.com/publications/sports-monthly-revenues/,KS/screenshots/KS_2025_02_KS_2025_02_p1.png,"KS Crossing | Caesar's | $783,743 | $0 | $0",,2026-03-28T01:12:51.477068
KS,2025-02-01,2025-02-28,monthly,DraftKings,DraftKings,DraftKings,DraftKings Inc,online,,8884394400,988601200,,,,,,,0.1112738984212587,28,False,False,KS_2025_02.pdf,,,,1,0.0,,https://www.kslottery.com/publications/sports-monthly-revenues/,KS/screenshots/KS_2025_02_KS_2025_02_p1.png,"Boot Hill | DraftKings | $88,843,944 | $9,886,012 | $988,601",,2026-03-28T01:12:51.477068
KS,2025-02-01,2025-02-28,monthly,FanDuel,FanDuel,FanDuel,Flutter Entertainment,online,,6719776900,774165300,,,,,,,0.1152069944464971,28,False,False,KS_2025_02.pdf,,,,1,0.0,,https://www.kslottery.com/publications/sports-monthly-revenues/,KS/screenshots/KS_2025_02_KS_2025_02_p1.png,"Kansas Star | FanDuel | $67,197,769 | $7,741,653 | $774,165",,2026-03-28T01:12:51.477068
KS,2025-02-01,2025-02-28,monthly,ESPNBet,ESPN Bet,ESPN Bet,PENN Entertainment,online,,810542100,99860200,,,,,,,0.1232017436231874,28,False,False,KS_2025_02.pdf,,,,1,0.0,,https://www.kslottery.com/publications/sports-monthly-revenues/,KS/screenshots/KS_2025_02_KS_2025_02_p1.png,"Hollywood | ESPNBet | $8,105,421 | $998,602 | $99,860",,2026-03-28T01:12:51.477068
KS,2025-02-01,2025-02-28,monthly,BetMGM,BetMGM,BetMGM,Entain/MGM Resorts,online,,1981406500,211027600,,,,,,,0.1065039405089263,28,False,False,KS_2025_02.pdf,,,,1,0.0,,https://www.kslottery.com/publications/sports-monthly-revenues/,KS/screenshots/KS_2025_02_KS_2025_02_p1.png,"KS Crossing | BetMGM | $19,814,065 | $2,110,276 | $211,028",,2026-03-28T01:12:51.477068
KS,2025-02-01,2025-02-28,monthly,Caesar's,Caesars,Caesars,Caesars Entertainment,online,,1052924300,41282800,,,,,,,0.0392077569109194,28,False,False,KS_2025_02.pdf,,,,1,0.0,,https://www.kslottery.com/publications/sports-monthly-revenues/,KS/screenshots/KS_2025_02_KS_2025_02_p1.png,"KS Crossing | Caesar's | $10,529,243 | $412,828 | $41,283",,2026-03-28T01:12:51.477068
KS,2025-02-01,2025-02-28,monthly,Fanatics,Fanatics,Fanatics,Fanatics Inc,online,,1509298700,63297700,,,,,,,0.041938484410011,28,False,False,KS_2025_02.pdf,,,,1,0.0,,https://www.kslottery.com/publications/sports-monthly-revenues/,KS/screenshots/KS_2025_02_KS_2025_02_p1.png,"KS Crossing | Fanatics | $15,092,987 | $632,977 | $63,298",,2026-03-28T01:12:51.477068
KS,2025-03-01,2025-03-31,monthly,DraftKings,DraftKings,DraftKings,DraftKings Inc,retail,,49452700,1646400,,,,,,,0.0332924188163639,31,False,False,KS_2025_03.pdf,,,,1,0.0,,https://www.kslottery.com/publications/sports-monthly-revenues/,KS/screenshots/KS_2025_03_KS_2025_03_p1.png,"Boot Hill | DraftKings | $494,527 | $16,464 | $1,646",,2026-03-28T01:12:51.990529
KS,2025-03-01,2025-03-31,monthly,FanDuel,FanDuel,FanDuel,Flutter Entertainment,retail,,107549600,0,,,,,,,0.0,31,False,False,KS_2025_03.pdf,,,,1,0.0,,https://www.kslottery.com/publications/sports-monthly-revenues/,KS/screenshots/KS_2025_03_KS_2025_03_p1.png,"Kansas Star | FanDuel | $1,075,496 | $0 | $0",,2026-03-28T01:12:51.990529
KS,2025-03-01,2025-03-31,monthly,ESPNBet,ESPN Bet,ESPN Bet,PENN Entertainment,retail,,424498500,13594500,,,,,,,0.0320248481443397,31,False,False,KS_2025_03.pdf,,,,1,0.0,,https://www.kslottery.com/publications/sports-monthly-revenues/,KS/screenshots/KS_2025_03_KS_2025_03_p1.png,"Hollywood | ESPNBet | $4,244,985 | $135,945 | $13,594",,2026-03-28T01:12:51.990529
KS,2025-03-01,2025-03-31,monthly,Caesar's,Caesars,Caesars,Caesars Entertainment,retail,,91377200,1216000,,,,,,,0.0133074771387173,31,False,False,KS_2025_03.pdf,,,,1,0.0,,https://www.kslottery.com/publications/sports-monthly-revenues/,KS/screenshots/KS_2025_03_KS_2025_03_p1.png,"KS Crossing | Caesar's | $913,772 | $12,160 | $1,216",,2026-03-28T01:12:51.990529
KS,2025-03-01,2025-03-31,monthly,DraftKings,DraftKings,DraftKings,DraftKings Inc,online,,10148385600,386446400,,,,,,,0.0380795936646317,31,False,False,KS_2025_03.pdf,,,,1,0.0,,https://www.kslottery.com/publications/sports-monthly-revenues/,KS/screenshots/KS_2025_03_KS_2025_03_p1.png,"Boot Hill | DraftKings | $101,483,856 | $3,864,464 | $386,446",,2026-03-28T01:12:51.990529
KS,2025-03-01,2025-03-31,monthly,FanDuel,FanDuel,FanDuel,Flutter Entertainment,online,,8544924400,230553200,,,,,,,0.0269813036613875,31,False,False,KS_2025_03.pdf,,,,1,0.0,,https://www.kslottery.com/publications/sports-monthly-revenues/,KS/screenshots/KS_2025_03_KS_2025_03_p1.png,"Kansas Star | FanDuel | $85,449,244 | $2,305,532 | $230,553",,2026-03-28T01:12:51.990529
KS,2025-03-01,2025-03-31,monthly,ESPNBet,ESPN Bet,ESPN Bet,PENN Entertainment,online,,1012806900,10355500,,,,,,,0.0102245551447171,31,False,False,KS_2025_03.pdf,,,,1,0.0,,https://www.kslottery.com/publications/sports-monthly-revenues/,KS/screenshots/KS_2025_03_KS_2025_03_p1.png,"Hollywood | ESPNBet | $10,128,069 | $103,555 | $10,356",,2026-03-28T01:12:51.990529
KS,2025-03-01,2025-03-31,monthly,BetMGM,BetMGM,BetMGM,Entain/MGM Resorts,online,,1993104700,96849000,,,,,,,0.0485920283063905,31,False,False,KS_2025_03.pdf,,,,1,0.0,,https://www.kslottery.com/publications/sports-monthly-revenues/,KS/screenshots/KS_2025_03_KS_2025_03_p1.png,"KS Crossing | BetMGM | $19,931,047 | $968,490 | $96,849",,2026-03-28T01:12:51.990529
KS,2025-03-01,2025-03-31,monthly,Caesar's,Caesars,Caesars,Caesars Entertainment,online,,966498600,59227900,,,,,,,0.0612808958026426,31,False,False,KS_2025_03.pdf,,,,1,0.0,,https://www.kslottery.com/publications/sports-monthly-revenues/,KS/screenshots/KS_2025_03_KS_2025_03_p1.png,"KS Crossing | Caesar's | $9,664,986 | $592,279 | $59,228",,2026-03-28T01:12:51.990529
KS,2025-03-01,2025-03-31,monthly,Fanatics,Fanatics,Fanatics,Fanatics Inc,online,,1502305100,3143000,,,,,,,0.0020921183053961,31,False,False,KS_2025_03.pdf,,,,1,0.0,,https://www.kslottery.com/publications/sports-monthly-revenues/,KS/screenshots/KS_2025_03_KS_2025_03_p1.png,"KS Crossing | Fanatics | $15,023,051 | $31,430 | $3,143",,2026-03-28T01:12:51.990529
KS,2025-07-01,2025-07-31,monthly,DraftKings,DraftKings,DraftKings,DraftKings Inc,retail,,9596000,1142000,,,,,,,0.1190079199666527,31,False,False,KS_2025_07.pdf,,,,1,0.0,,https://www.kslottery.com/publications/sports-monthly-revenues/,KS/screenshots/KS_2025_07_KS_2025_07_p1.png,"Boot Hill | DraftKings | $95,960 | $11,420 | $1,142",,2026-03-28T01:12:52.652016
KS,2025-07-01,2025-07-31,monthly,FanDuel,FanDuel,FanDuel,Flutter Entertainment,retail,,52178200,2319400,,,,,,,0.0444515142339137,31,False,False,KS_2025_07.pdf,,,,1,0.0,,https://www.kslottery.com/publications/sports-monthly-revenues/,KS/screenshots/KS_2025_07_KS_2025_07_p1.png,"Kansas Star | FanDuel | $521,782 | $23,194 | $2,319",,2026-03-28T01:12:52.652016
KS,2025-07-01,2025-07-31,monthly,ESPNBet,ESPN Bet,ESPN Bet,PENN Entertainment,retail,,182252700,22819600,,,,,,,0.1252085702982726,31,False,False,KS_2025_07.pdf,,,,1,0.0,,https://www.kslottery.com/publications/sports-monthly-revenues/,KS/screenshots/KS_2025_07_KS_2025_07_p1.png,"Hollywood | ESPNBet | $1,822,527 | $228,196 | $22,820",,2026-03-28T01:12:52.652016
KS,2025-07-01,2025-07-31,monthly,Caesar's,Caesars,Caesars,Caesars Entertainment,retail,,26631300,1572100,,,,,,,0.0590320412447007,31,False,False,KS_2025_07.pdf,,,,1,0.0,,https://www.kslottery.com/publications/sports-monthly-revenues/,KS/screenshots/KS_2025_07_KS_2025_07_p1.png,"KS Crossing | Caesar's | $266,313 | $15,721 | $1,572",,2026-03-28T01:12:52.652016
KS,2025-07-01,2025-07-31,monthly,DraftKings,DraftKings,DraftKings,DraftKings Inc,online,,5862732500,513565200,,,,,,,0.087598265825705,31,False,False,KS_2025_07.pdf,,,,1,0.0,,https://www.kslottery.com/publications/sports-monthly-revenues/,KS/screenshots/KS_2025_07_KS_2025_07_p1.png,"Boot Hill | DraftKings | $58,627,325 | $5,135,652 | $513,565",,2026-03-28T01:12:52.652016
KS,2025-07-01,2025-07-31,monthly,FanDuel,FanDuel,FanDuel,Flutter Entertainment,online,,3691644600,335262500,,,,,,,0.0908165699374203,31,False,False,KS_2025_07.pdf,,,,1,0.0,,https://www.kslottery.com/publications/sports-monthly-revenues/,KS/screenshots/KS_2025_07_KS_2025_07_p1.png,"Kansas Star | FanDuel | $36,916,446 | $3,352,625 | $335,263",,2026-03-28T01:12:52.652016
KS,2025-07-01,2025-07-31,monthly,BET365,bet365,bet365,bet365 Group,online,,5413100,0,,,,,,,0.0,31,False,False,KS_2025_07.pdf,,,,1,0.0,,https://www.kslottery.com/publications/sports-monthly-revenues/,KS/screenshots/KS_2025_07_KS_2025_07_p1.png,"Kansas Star | BET365 | $54,131 | $0 | $0",,2026-03-28T01:12:52.652016
KS,2025-07-01,2025-07-31,monthly,ESPNBet,ESPN Bet,ESPN Bet,PENN Entertainment,online,,451870500,38177800,,,,,,,0.0844883655826171,31,False,False,KS_2025_07.pdf,,,,1,0.0,,https://www.kslottery.com/publications/sports-monthly-revenues/,KS/screenshots/KS_2025_07_KS_2025_07_p1.png,"Hollywood | ESPNBet | $4,518,705 | $381,778 | $38,178",,2026-03-28T01:12:52.652016
KS,2025-07-01,2025-07-31,monthly,BetMGM,BetMGM,BetMGM,Entain/MGM Resorts,online,,5343222500,0,,,,,,,0.0,31,False,False,KS_2025_07.pdf,,,,1,0.0,,https://www.kslottery.com/publications/sports-monthly-revenues/,KS/screenshots/KS_2025_07_KS_2025_07_p1.png,"KS Crossing | BetMGM | $53,432,225 | $0 | $0",,2026-03-28T01:12:52.652016
KS,2025-07-01,2025-07-31,monthly,Caesar's,Caesars,Caesars,Caesars Entertainment,online,,699513600,49585300,,,,,,,0.0708853980823246,31,False,False,KS_2025_07.pdf,,,,1,0.0,,https://www.kslottery.com/publications/sports-monthly-revenues/,KS/screenshots/KS_2025_07_KS_2025_07_p1.png,"KS Crossing | Caesar's | $6,995,136 | $495,853 | $49,585",,2026-03-28T01:12:52.652016
KS,2025-07-01,2025-07-31,monthly,Fanatics,Fanatics,Fanatics,Fanatics Inc,online,,1062212300,84985400,,,,,,,0.0800079230865618,31,False,False,KS_2025_07.pdf,,,,1,0.0,,https://www.kslottery.com/publications/sports-monthly-revenues/,KS/screenshots/KS_2025_07_KS_2025_07_p1.png,"KS Crossing | Fanatics | $10,622,123 | $849,854 | $84,985",,2026-03-28T01:12:52.652016
KS,2025-08-01,2025-08-31,monthly,DraftKings,DraftKings,DraftKings,DraftKings Inc,retail,,23147600,3335100,,,,,,,0.1440797318080492,31,False,False,KS_2025_08.pdf,,,,1,0.0,,https://www.kslottery.com/publications/sports-monthly-revenues/,KS/screenshots/KS_2025_08_KS_2025_08_p1.png,"Boot Hill | DraftKings | $231,476 | $33,351 | $3,335",,2026-03-28T01:12:53.175050
KS,2025-08-01,2025-08-31,monthly,FanDuel,FanDuel,FanDuel,Flutter Entertainment,retail,,76088700,12314100,,,,,,,0.1618387487235292,31,False,False,KS_2025_08.pdf,,,,1,0.0,,https://www.kslottery.com/publications/sports-monthly-revenues/,KS/screenshots/KS_2025_08_KS_2025_08_p1.png,"Kansas Star | FanDuel | $760,887 | $123,141 | $12,314",,2026-03-28T01:12:53.175050
KS,2025-08-01,2025-08-31,monthly,ESPNBet,ESPN Bet,ESPN Bet,PENN Entertainment,retail,,185946100,36893600,,,,,,,0.1984101844566785,31,False,False,KS_2025_08.pdf,,,,1,0.0,,https://www.kslottery.com/publications/sports-monthly-revenues/,KS/screenshots/KS_2025_08_KS_2025_08_p1.png,"Hollywood | ESPNBet | $1,859,461 | $368,936 | $36,894",,2026-03-28T01:12:53.175050
KS,2025-08-01,2025-08-31,monthly,Caesar's,Caesars,Caesars,Caesars Entertainment,retail,,14278600,2429300,,,,,,,0.170135727592341,31,False,False,KS_2025_08.pdf,,,,1,0.0,,https://www.kslottery.com/publications/sports-monthly-revenues/,KS/screenshots/KS_2025_08_KS_2025_08_p1.png,"KS Crossing | Caesar's | $142,786 | $24,293 | $2,429",,2026-03-28T01:12:53.175050
KS,2025-08-01,2025-08-31,monthly,DraftKings,DraftKings,DraftKings,DraftKings Inc,online,,7620533100,541245300,,,,,,,0.0710245980035176,31,False,False,KS_2025_08.pdf,,,,1,0.0,,https://www.kslottery.com/publications/sports-monthly-revenues/,KS/screenshots/KS_2025_08_KS_2025_08_p1.png,"Boot Hill | DraftKings | $76,205,331 | $5,412,453 | $541,245",,2026-03-28T01:12:53.175050
KS,2025-08-01,2025-08-31,monthly,FanDuel,FanDuel,FanDuel,Flutter Entertainment,online,,5827180400,488694900,,,,,,,0.0838647281282041,31,False,False,KS_2025_08.pdf,,,,1,0.0,,https://www.kslottery.com/publications/sports-monthly-revenues/,KS/screenshots/KS_2025_08_KS_2025_08_p1.png,"Kansas Star | FanDuel | $58,271,804 | $4,886,949 | $488,695",,2026-03-28T01:12:53.175050
KS,2025-08-01,2025-08-31,monthly,BET365,bet365,bet365,bet365 Group,online,,547254800,0,,,,,,,0.0,31,False,False,KS_2025_08.pdf,,,,1,0.0,,https://www.kslottery.com/publications/sports-monthly-revenues/,KS/screenshots/KS_2025_08_KS_2025_08_p1.png,"Kansas Star | BET365 | $5,472,548 | $0 | $0",,2026-03-28T01:12:53.175050
KS,2025-08-01,2025-08-31,monthly,ESPNBet,ESPN Bet,ESPN Bet,PENN Entertainment,online,,507158900,54040800,,,,,,,0.1065559531736503,31,False,False,KS_2025_08.pdf,,,,1,0.0,,https://www.kslottery.com/publications/sports-monthly-revenues/,KS/screenshots/KS_2025_08_KS_2025_08_p1.png,"Hollywood | ESPNBet | $5,071,589 | $540,408 | $54,041",,2026-03-28T01:12:53.175050
KS,2025-08-01,2025-08-31,monthly,BetMGM,BetMGM,BetMGM,Entain/MGM Resorts,online,,1523453500,0,,,,,,,0.0,31,False,False,KS_2025_08.pdf,,,,1,0.0,,https://www.kslottery.com/publications/sports-monthly-revenues/,KS/screenshots/KS_2025_08_KS_2025_08_p1.png,"KS Crossing | BetMGM | $15,234,535 | $0 | $0",,2026-03-28T01:12:53.175050
KS,2025-08-01,2025-08-31,monthly,Caesar's,Caesars,Caesars,Caesars Entertainment,online,,781225100,477800,,,,,,,0.0006116034930265,31,False,False,KS_2025_08.pdf,,,,1,0.0,,https://www.kslottery.com/publications/sports-monthly-revenues/,KS/screenshots/KS_2025_08_KS_2025_08_p1.png,"KS Crossing | Caesar's | $7,812,251 | $4,778 | $478",,2026-03-28T01:12:53.175050
KS,2025-08-01,2025-08-31,monthly,Fanatics,Fanatics,Fanatics,Fanatics Inc,online,,1874025800,107792000,,,,,,,0.0575189519802769,31,False,False,KS_2025_08.pdf,,,,1,0.0,,https://www.kslottery.com/publications/sports-monthly-revenues/,KS/screenshots/KS_2025_08_KS_2025_08_p1.png,"KS Crossing | Fanatics | $18,740,258 | $1,077,920 | $107,792",,2026-03-28T01:12:53.175050
KS,2025-09-01,2025-09-30,monthly,DraftKings,DraftKings,DraftKings,DraftKings Inc,retail,,47646000,1911500,,,,,,,0.0401187927632959,30,False,False,KS_2025_09.pdf,,,,1,0.0,,https://www.kslottery.com/publications/sports-monthly-revenues/,KS/screenshots/KS_2025_09_KS_2025_09_p1.png,"Boot Hill | DraftKings | $476,460 | $19,115 | $1,912",,2026-03-28T01:12:53.637815
KS,2025-09-01,2025-09-30,monthly,FanDuel,FanDuel,FanDuel,Flutter Entertainment,retail,,121075500,14422700,,,,,,,0.119121539865621,30,False,False,KS_2025_09.pdf,,,,1,0.0,,https://www.kslottery.com/publications/sports-monthly-revenues/,KS/screenshots/KS_2025_09_KS_2025_09_p1.png,"Kansas Star | FanDuel | $1,210,755 | $144,227 | $14,423",,2026-03-28T01:12:53.637815
KS,2025-09-01,2025-09-30,monthly,ESPNBet,ESPN Bet,ESPN Bet,PENN Entertainment,retail,,410372200,42807800,,,,,,,0.1043145710162627,30,False,False,KS_2025_09.pdf,,,,1,0.0,,https://www.kslottery.com/publications/sports-monthly-revenues/,KS/screenshots/KS_2025_09_KS_2025_09_p1.png,"Hollywood | ESPNBet | $4,103,722 | $428,078 | $42,808",,2026-03-28T01:12:53.637815
KS,2025-09-01,2025-09-30,monthly,Caesar's,Caesars,Caesars,Caesars Entertainment,retail,,31879400,1627300,,,,,,,0.0510455027384455,30,False,False,KS_2025_09.pdf,,,,1,0.0,,https://www.kslottery.com/publications/sports-monthly-revenues/,KS/screenshots/KS_2025_09_KS_2025_09_p1.png,"KS Crossing | Caesar's | $318,794 | $16,273 | $1,627",,2026-03-28T01:12:53.637815
KS,2025-09-01,2025-09-30,monthly,DraftKings,DraftKings,DraftKings,DraftKings Inc,online,,11835812000,190631600,,,,,,,0.0161063389651677,30,False,False,KS_2025_09.pdf,,,,1,0.0,,https://www.kslottery.com/publications/sports-monthly-revenues/,KS/screenshots/KS_2025_09_KS_2025_09_p1.png,"Boot Hill | DraftKings | $118,358,120 | $1,906,316 | $190,632",,2026-03-28T01:12:53.637815
KS,2025-09-01,2025-09-30,monthly,FanDuel,FanDuel,FanDuel,Flutter Entertainment,online,,8900476900,420262800,,,,,,,0.0472180091833056,30,False,False,KS_2025_09.pdf,,,,1,0.0,,https://www.kslottery.com/publications/sports-monthly-revenues/,KS/screenshots/KS_2025_09_KS_2025_09_p1.png,"Kansas Star | FanDuel | $89,004,769 | $4,202,628 | $420,263",,2026-03-28T01:12:53.637815
KS,2025-09-01,2025-09-30,monthly,Bet 365,bet365,bet365,bet365 Group,online,,1183113900,0,,,,,,,0.0,30,False,False,KS_2025_09.pdf,,,,1,0.0,,https://www.kslottery.com/publications/sports-monthly-revenues/,KS/screenshots/KS_2025_09_KS_2025_09_p1.png,"Kansas Star | Bet 365 | $11,831,139 | $0 | $0",,2026-03-28T01:12:53.637815
KS,2025-09-01,2025-09-30,monthly,ESPNBet,ESPN Bet,ESPN Bet,PENN Entertainment,online,,808004500,31117900,,,,,,,0.0385120379898874,30,False,False,KS_2025_09.pdf,,,,1,0.0,,https://www.kslottery.com/publications/sports-monthly-revenues/,KS/screenshots/KS_2025_09_KS_2025_09_p1.png,"Hollywood | ESPNBet | $8,080,045 | $311,179 | $31,118",,2026-03-28T01:12:53.637815
KS,2025-09-01,2025-09-30,monthly,BetMGM,BetMGM,BetMGM,Entain/MGM Resorts,online,,2424082700,81597600,,,,,,,0.0336612278120709,30,False,False,KS_2025_09.pdf,,,,1,0.0,,https://www.kslottery.com/publications/sports-monthly-revenues/,KS/screenshots/KS_2025_09_KS_2025_09_p1.png,"KS Crossing | BetMGM | $24,240,827 | $815,976 | $81,598",,2026-03-28T01:12:53.637815
KS,2025-09-01,2025-09-30,monthly,Caesar's,Caesars,Caesars,Caesars Entertainment,online,,1067410900,37182400,,,,,,,0.0348341955286385,30,False,False,KS_2025_09.pdf,,,,1,0.0,,https://www.kslottery.com/publications/sports-monthly-revenues/,KS/screenshots/KS_2025_09_KS_2025_09_p1.png,"KS Crossing | Caesar's | $10,674,109 | $371,824 | $37,182",,2026-03-28T01:12:53.637815
KS,2025-09-01,2025-09-30,monthly,Fanatics,Fanatics,Fanatics,Fanatics Inc,online,,1544357000,0,,,,,,,0.0,30,False,False,KS_2025_09.pdf,,,,1,0.0,,https://www.kslottery.com/publications/sports-monthly-revenues/,KS/screenshots/KS_2025_09_KS_2025_09_p1.png,"KS Crossing | Fanatics | $15,443,570 | $0 | $0",,2026-03-28T01:12:53.637815
KS,2025-10-01,2025-10-31,monthly,Boot Hill DraftKings,DraftKings,DraftKings,DraftKings Inc,retail,,31709800,3922500,,,,,392300.0,,0.123699928728658,31,False,False,KS_2025_10.pdf,,,,1,,,https://www.kslottery.com/publications/sports-monthly-revenues/,KS/screenshots/KS_2025_10_KS_2025_10_p1.png,"Boot Hill DraftKings $317,098 $39,225 $3,923",,2026-03-28T01:12:54.091602
KS,2025-10-01,2025-10-31,monthly,Kansas Star FanDuel,FanDuel,FanDuel,Flutter Entertainment,retail,,164966100,10351800,,,,,1035200.0,,0.0627510743116313,31,False,False,KS_2025_10.pdf,,,,1,,,https://www.kslottery.com/publications/sports-monthly-revenues/,KS/screenshots/KS_2025_10_KS_2025_10_p1.png,"Kansas Star FanDuel $1,649,661 $103,518 $10,352",,2026-03-28T01:12:54.091602
KS,2025-10-01,2025-10-31,monthly,Hollywood ESPNBet,ESPN Bet,ESPN Bet,PENN Entertainment,retail,,402000400,43656400,,,,,4365600.0,,0.1085979018926349,31,False,False,KS_2025_10.pdf,,,,1,,,https://www.kslottery.com/publications/sports-monthly-revenues/,KS/screenshots/KS_2025_10_KS_2025_10_p1.png,"Hollywood ESPNBet $4,020,004 $436,564 $43,656",,2026-03-28T01:12:54.091602
KS,2025-10-01,2025-10-31,monthly,KS Crossing Caesar's,Caesars,Caesars,Caesars Entertainment,retail,,53652300,9592700,,,,,959300.0,,0.178793826173342,31,False,False,KS_2025_10.pdf,,,,1,,,https://www.kslottery.com/publications/sports-monthly-revenues/,KS/screenshots/KS_2025_10_KS_2025_10_p1.png,"KS Crossing Caesar's $536,523 $95,927 $9,593",,2026-03-28T01:12:54.091602
KS,2025-10-01,2025-10-31,monthly,Boot Hill DraftKings,DraftKings,DraftKings,DraftKings Inc,online,,12901112200,611069200,,,,,61106900.0,,0.04736562170198,31,False,False,KS_2025_10.pdf,,,,1,,,https://www.kslottery.com/publications/sports-monthly-revenues/,KS/screenshots/KS_2025_10_KS_2025_10_p1.png,"Boot Hill DraftKings $129,011,122 $6,110,692 $611,069",,2026-03-28T01:12:54.091602
KS,2025-10-01,2025-10-31,monthly,Kansas Star FanDuel,FanDuel,FanDuel,Flutter Entertainment,online,,10159162000,331776300,,,,,33177600.0,,0.0326578412668289,31,False,False,KS_2025_10.pdf,,,,1,,,https://www.kslottery.com/publications/sports-monthly-revenues/,KS/screenshots/KS_2025_10_KS_2025_10_p1.png,"Kansas Star FanDuel $101,591,620 $3,317,763 $331,776",,2026-03-28T01:12:54.091602
KS,2025-10-01,2025-10-31,monthly,Kansas Star Bet 365,bet365,bet365,bet365 Group,online,,1056840200,0,,,,,0.0,,0.0,31,False,False,KS_2025_10.pdf,,,,1,,,https://www.kslottery.com/publications/sports-monthly-revenues/,KS/screenshots/KS_2025_10_KS_2025_10_p1.png,"Kansas Star Bet 365 $10,568,402 $0 $0",,2026-03-28T01:12:54.091602
KS,2025-10-01,2025-10-31,monthly,Hollywood ESPNBet,ESPN Bet,ESPN Bet,PENN Entertainment,online,,986229700,29568000,,,,,2956800.0,,0.0299808452331135,31,False,False,KS_2025_10.pdf,,,,1,,,https://www.kslottery.com/publications/sports-monthly-revenues/,KS/screenshots/KS_2025_10_KS_2025_10_p1.png,"Hollywood ESPNBet $9,862,297 $295,680 $29,568",,2026-03-28T01:12:54.091602
KS,2025-10-01,2025-10-31,monthly,KS Crossing BetMGM,BetMGM,BetMGM,Entain/MGM Resorts,online,,2235069800,171972900,,,,,17197300.0,,0.0769429661659783,31,False,False,KS_2025_10.pdf,,,,1,,,https://www.kslottery.com/publications/sports-monthly-revenues/,KS/screenshots/KS_2025_10_KS_2025_10_p1.png,"KS Crossing BetMGM $22,350,698 $1,719,729 $171,973",,2026-03-28T01:12:54.091602
KS,2025-10-01,2025-10-31,monthly,KS Crossing Caesar's,Caesars,Caesars,Caesars Entertainment,online,,1049267600,4629900,,,,,463000.0,,0.004412506399702,31,False,False,KS_2025_10.pdf,,,,1,,,https://www.kslottery.com/publications/sports-monthly-revenues/,KS/screenshots/KS_2025_10_KS_2025_10_p1.png,"KS Crossing Caesar's $10,492,676 $46,299 $4,630",,2026-03-28T01:12:54.091602
KS,2025-10-01,2025-10-31,monthly,KS Crossing Fanatics,Fanatics,Fanatics,Fanatics Inc,online,,1564381100,52168900,,,,,5216900.0,,0.0333479482716839,31,False,False,KS_2025_10.pdf,,,,1,,,https://www.kslottery.com/publications/sports-monthly-revenues/,KS/screenshots/KS_2025_10_KS_2025_10_p1.png,"KS Crossing Fanatics $15,643,811 $521,689 $52,169",,2026-03-28T01:12:54.091602
KS,2025-11-01,2025-11-30,monthly,Boot Hill DraftKings,DraftKings,DraftKings,DraftKings Inc,retail,,22660200,3020400,,,,,302000.0,,0.1332909683056636,30,False,False,KS_2025_11.pdf,,,,1,,,https://www.kslottery.com/publications/sports-monthly-revenues/,KS/screenshots/KS_2025_11_KS_2025_11_p1.png,"Boot Hill DraftKings $226,602 $30,204 $3,020",,2026-03-28T01:12:54.537933
KS,2025-11-01,2025-11-30,monthly,Kansas Star FanDuel,FanDuel,FanDuel,Flutter Entertainment,retail,,199439900,11170800,,,,,1117100.0,,0.0560108584089743,30,False,False,KS_2025_11.pdf,,,,1,,,https://www.kslottery.com/publications/sports-monthly-revenues/,KS/screenshots/KS_2025_11_KS_2025_11_p1.png,"Kansas Star FanDuel $1,994,399 $111,708 $11,171",,2026-03-28T01:12:54.537933
KS,2025-11-01,2025-11-30,monthly,Hollywood ESPNBet,ESPN Bet,ESPN Bet,PENN Entertainment,retail,,531086400,103418300,,,,,10341800.0,,0.1947297087630186,30,False,False,KS_2025_11.pdf,,,,1,,,https://www.kslottery.com/publications/sports-monthly-revenues/,KS/screenshots/KS_2025_11_KS_2025_11_p1.png,"Hollywood ESPNBet $5,310,864 $1,034,183 $103,418",,2026-03-28T01:12:54.537933
KS,2025-11-01,2025-11-30,monthly,KS Crossing Caesar's,Caesars,Caesars,Caesars Entertainment,retail,,57369600,8759900,,,,,876000.0,,0.1526923666889781,30,False,False,KS_2025_11.pdf,,,,1,,,https://www.kslottery.com/publications/sports-monthly-revenues/,KS/screenshots/KS_2025_11_KS_2025_11_p1.png,"KS Crossing Caesar's $573,696 $87,599 $8,760",,2026-03-28T01:12:54.537933
KS,2025-11-01,2025-11-30,monthly,Boot Hill DraftKings,DraftKings,DraftKings,DraftKings Inc,online,,11945966400,1534834800,,,,,153483500.0,,0.1284814261657391,30,False,False,KS_2025_11.pdf,,,,1,,,https://www.kslottery.com/publications/sports-monthly-revenues/,KS/screenshots/KS_2025_11_KS_2025_11_p1.png,"Boot Hill DraftKings $119,459,664 $15,348,348 $1,534,835",,2026-03-28T01:12:54.537933
KS,2025-11-01,2025-11-30,monthly,Kansas Star FanDuel,FanDuel,FanDuel,Flutter Entertainment,online,,9331216400,834121100,,,,,83412100.0,,0.0893903928752525,30,False,False,KS_2025_11.pdf,,,,1,,,https://www.kslottery.com/publications/sports-monthly-revenues/,KS/screenshots/KS_2025_11_KS_2025_11_p1.png,"Kansas Star FanDuel $93,312,164 $8,341,211 $834,121",,2026-03-28T01:12:54.537933
KS,2025-11-01,2025-11-30,monthly,Kansas Star Bet 365,bet365,bet365,bet365 Group,online,,1250602000,0,,,,,0.0,,0.0,30,False,False,KS_2025_11.pdf,,,,1,,,https://www.kslottery.com/publications/sports-monthly-revenues/,KS/screenshots/KS_2025_11_KS_2025_11_p1.png,"Kansas Star Bet 365 $12,506,020 $0 $0",,2026-03-28T01:12:54.537933
KS,2025-11-01,2025-11-30,monthly,Hollywood ESPNBet,ESPN Bet,ESPN Bet,PENN Entertainment,online,,936431500,91539500,,,,,9153900.0,,0.0977535463085126,30,False,False,KS_2025_11.pdf,,,,1,,,https://www.kslottery.com/publications/sports-monthly-revenues/,KS/screenshots/KS_2025_11_KS_2025_11_p1.png,"Hollywood ESPNBet $9,364,315 $915,395 $91,539",,2026-03-28T01:12:54.537933
KS,2025-11-01,2025-11-30,monthly,KS Crossing BetMGM,BetMGM,BetMGM,Entain/MGM Resorts,online,,2621598900,214002900,,,,,21400300.0,,0.0816306796588906,30,False,False,KS_2025_11.pdf,,,,1,,,https://www.kslottery.com/publications/sports-monthly-revenues/,KS/screenshots/KS_2025_11_KS_2025_11_p1.png,"KS Crossing BetMGM $26,215,989 $2,140,029 $214,003",,2026-03-28T01:12:54.537933
KS,2025-11-01,2025-11-30,monthly,KS Crossing Caesar's,Caesars,Caesars,Caesars Entertainment,online,,1345993200,81360900,,,,,8136100.0,,0.0604467392554434,30,False,False,KS_2025_11.pdf,,,,1,,,https://www.kslottery.com/publications/sports-monthly-revenues/,KS/screenshots/KS_2025_11_KS_2025_11_p1.png,"KS Crossing Caesar's $13,459,932 $813,609 $81,361",,2026-03-28T01:12:54.537933
KS,2025-11-01,2025-11-30,monthly,KS Crossing Fanatics,Fanatics,Fanatics,Fanatics Inc,online,,1472403700,127585400,,,,,12758500.0,,0.0866510998308412,30,False,False,KS_2025_11.pdf,,,,1,,,https://www.kslottery.com/publications/sports-monthly-revenues/,KS/screenshots/KS_2025_11_KS_2025_11_p1.png,"KS Crossing Fanatics $14,724,037 $1,275,854 $127,585",,2026-03-28T01:12:54.537933
KS,2025-12-01,2025-12-31,monthly,Boot Hill DraftKings,DraftKings,DraftKings,DraftKings Inc,retail,,18960400,6681500,,,,,668200.0,,0.3523923545916753,31,False,False,KS_2025_12.pdf,,,,1,,,https://www.kslottery.com/publications/sports-monthly-revenues/,KS/screenshots/KS_2025_12_KS_2025_12_p1.png,"Boot Hill DraftKings $189,604 $66,815 $6,682",,2026-03-28T01:12:54.980849
KS,2025-12-01,2025-12-31,monthly,Kansas Star FanDuel,FanDuel,FanDuel,Flutter Entertainment,retail,,187635300,31243800,,,,,3124400.0,,0.1665134438988825,31,False,False,KS_2025_12.pdf,,,,1,,,https://www.kslottery.com/publications/sports-monthly-revenues/,KS/screenshots/KS_2025_12_KS_2025_12_p1.png,"Kansas Star FanDuel $1,876,353 $312,438 $31,244",,2026-03-28T01:12:54.980849
KS,2025-12-01,2025-12-31,monthly,Hollywood theScore,ESPN Bet,ESPN Bet,PENN Entertainment,retail,,250580100,50511800,,,,,5051200.0,,0.2015794550325425,31,False,False,KS_2025_12.pdf,,,,1,,,https://www.kslottery.com/publications/sports-monthly-revenues/,KS/screenshots/KS_2025_12_KS_2025_12_p1.png,"Hollywood theScore $2,505,801 $505,118 $50,512",,2026-03-28T01:12:54.980849
KS,2025-12-01,2025-12-31,monthly,KS Crossing Caesar's,Caesars,Caesars,Caesars Entertainment,retail,,39496300,1630400,,,,,163000.0,,0.0412798160840382,31,False,False,KS_2025_12.pdf,,,,1,,,https://www.kslottery.com/publications/sports-monthly-revenues/,KS/screenshots/KS_2025_12_KS_2025_12_p1.png,"KS Crossing Caesar's $394,963 $16,304 $1,630",,2026-03-28T01:12:54.980849
KS,2025-12-01,2025-12-31,monthly,Boot Hill DraftKings,DraftKings,DraftKings,DraftKings Inc,online,,9362628100,1029569700,,,,,102957000.0,,0.1099658866082697,31,False,False,KS_2025_12.pdf,,,,1,,,https://www.kslottery.com/publications/sports-monthly-revenues/,KS/screenshots/KS_2025_12_KS_2025_12_p1.png,"Boot Hill DraftKings $93,626,281 $10,295,697 $1,029,570",,2026-03-28T01:12:54.980849
KS,2025-12-01,2025-12-31,monthly,Kansas Star FanDuel,FanDuel,FanDuel,Flutter Entertainment,online,,8363526700,703015000,,,,,70301500.0,,0.0840572434592694,31,False,False,KS_2025_12.pdf,,,,1,,,https://www.kslottery.com/publications/sports-monthly-revenues/,KS/screenshots/KS_2025_12_KS_2025_12_p1.png,"Kansas Star FanDuel $83,635,267 $7,030,150 $703,015",,2026-03-28T01:12:54.980849
KS,2025-12-01,2025-12-31,monthly,Kansas Star Bet 365,bet365,bet365,bet365 Group,online,,1035790700,0,,,,,0.0,,0.0,31,False,False,KS_2025_12.pdf,,,,1,,,https://www.kslottery.com/publications/sports-monthly-revenues/,KS/screenshots/KS_2025_12_KS_2025_12_p1.png,"Kansas Star Bet 365 $10,357,907 $0 $0",,2026-03-28T01:12:54.980849
KS,2025-12-01,2025-12-31,monthly,Hollywood theScore,ESPN Bet,ESPN Bet,PENN Entertainment,online,,562063100,59164400,,,,,5916400.0,,0.1052629144307818,31,False,False,KS_2025_12.pdf,,,,1,,,https://www.kslottery.com/publications/sports-monthly-revenues/,KS/screenshots/KS_2025_12_KS_2025_12_p1.png,"Hollywood theScore $5,620,631 $591,644 $59,164",,2026-03-28T01:12:54.980849
KS,2025-12-01,2025-12-31,monthly,KS Crossing BetMGM,BetMGM,BetMGM,Entain/MGM Resorts,online,,1941822700,140558000,,,,,14055800.0,,0.0723845694048174,31,False,False,KS_2025_12.pdf,,,,1,,,https://www.kslottery.com/publications/sports-monthly-revenues/,KS/screenshots/KS_2025_12_KS_2025_12_p1.png,"KS Crossing BetMGM $19,418,227 $1,405,580 $140,558",,2026-03-28T01:12:54.980849
KS,2025-12-01,2025-12-31,monthly,KS Crossing Caesar's,Caesars,Caesars,Caesars Entertainment,online,,1015213600,83614800,,,,,8361500.0,,0.0823617808114469,31,False,False,KS_2025_12.pdf,,,,1,,,https://www.kslottery.com/publications/sports-monthly-revenues/,KS/screenshots/KS_2025_12_KS_2025_12_p1.png,"KS Crossing Caesar's $10,152,136 $836,148 $83,615",,2026-03-28T01:12:54.980849
KS,2025-12-01,2025-12-31,monthly,KS Crossing Fanatics,Fanatics,Fanatics,Fanatics Inc,online,,1296154200,102750300,,,,,10275000.0,,0.0792732068452966,31,False,False,KS_2025_12.pdf,,,,1,,,https://www.kslottery.com/publications/sports-monthly-revenues/,KS/screenshots/KS_2025_12_KS_2025_12_p1.png,"KS Crossing Fanatics $12,961,542 $1,027,503 $102,750",,2026-03-28T01:12:54.980849
KS,2026-01-01,2026-01-31,monthly,DraftKings,DraftKings,DraftKings,DraftKings Inc,retail,,21153800,5703000,,,,,,,0.2695969518478949,31,False,False,KS_2026_01.pdf,,,,1,0.0,,https://www.kslottery.com/publications/sports-monthly-revenues/,KS/screenshots/KS_2026_01_KS_2026_01_p1.png,"Boot Hill | DraftKings | $211,538 | $57,030 | $5,703",,2026-03-28T01:12:55.512408
KS,2026-01-01,2026-01-31,monthly,FanDuel,FanDuel,FanDuel,Flutter Entertainment,retail,,116427400,21653300,,,,,,,0.1859811350249168,31,False,False,KS_2026_01.pdf,,,,1,0.0,,https://www.kslottery.com/publications/sports-monthly-revenues/,KS/screenshots/KS_2026_01_KS_2026_01_p1.png,"Kansas Star | FanDuel | $1,164,274 | $216,533 | $21,653",,2026-03-28T01:12:55.512408
KS,2026-01-01,2026-01-31,monthly,theScore,ESPN Bet,ESPN Bet,PENN Entertainment,retail,,227062700,34856700,,,,,,,0.1535113429022027,31,False,False,KS_2026_01.pdf,,,,1,0.0,,https://www.kslottery.com/publications/sports-monthly-revenues/,KS/screenshots/KS_2026_01_KS_2026_01_p1.png,"Hollywood | theScore | $2,270,627 | $348,567 | $34,857",,2026-03-28T01:12:55.512408
KS,2026-01-01,2026-01-31,monthly,Caesar's,Caesars,Caesars,Caesars Entertainment,retail,,55454300,6622100,,,,,,,0.1194154465929603,31,False,False,KS_2026_01.pdf,,,,1,0.0,,https://www.kslottery.com/publications/sports-monthly-revenues/,KS/screenshots/KS_2026_01_KS_2026_01_p1.png,"KS Crossing | Caesar's | $554,543 | $66,221 | $6,622",,2026-03-28T01:12:55.512408
KS,2026-01-01,2026-01-31,monthly,DraftKings,DraftKings,DraftKings,DraftKings Inc,online,,9698100400,672837800,,,,,,,0.0693783083540772,31,False,False,KS_2026_01.pdf,,,,1,0.0,,https://www.kslottery.com/publications/sports-monthly-revenues/,KS/screenshots/KS_2026_01_KS_2026_01_p1.png,"Boot Hill | DraftKings | $96,981,004 | $6,728,378 | $672,838",,2026-03-28T01:12:55.512408
KS,2026-01-01,2026-01-31,monthly,FanDuel,FanDuel,FanDuel,Flutter Entertainment,online,,6264853000,459055000,,,,,,,0.0732746642259603,31,False,False,KS_2026_01.pdf,,,,1,0.0,,https://www.kslottery.com/publications/sports-monthly-revenues/,KS/screenshots/KS_2026_01_KS_2026_01_p1.png,"Kansas Star | FanDuel | $62,648,530 | $4,590,550 | $459,055",,2026-03-28T01:12:55.512408
KS,2026-01-01,2026-01-31,monthly,Bet 365,bet365,bet365,bet365 Group,online,,1023602600,0,,,,,,,0.0,31,False,False,KS_2026_01.pdf,,,,1,0.0,,https://www.kslottery.com/publications/sports-monthly-revenues/,KS/screenshots/KS_2026_01_KS_2026_01_p1.png,"Kansas Star | Bet 365 | $10,236,026 | $0 | $0",,2026-03-28T01:12:55.512408
KS,2026-01-01,2026-01-31,monthly,theScore,ESPN Bet,ESPN Bet,PENN Entertainment,online,,542453100,40481700,,,,,,,0.0746270967941744,31,False,False,KS_2026_01.pdf,,,,1,0.0,,https://www.kslottery.com/publications/sports-monthly-revenues/,KS/screenshots/KS_2026_01_KS_2026_01_p1.png,"Hollywood | theScore | $5,424,531 | $404,817 | $40,482",,2026-03-28T01:12:55.512408
KS,2026-01-01,2026-01-31,monthly,BetMGM,BetMGM,BetMGM,Entain/MGM Resorts,online,,2560927300,121919800,,,,,,,0.0476076771097719,31,False,False,KS_2026_01.pdf,,,,1,0.0,,https://www.kslottery.com/publications/sports-monthly-revenues/,KS/screenshots/KS_2026_01_KS_2026_01_p1.png,"KS Crossing | BetMGM | $25,609,273 | $1,219,198 | $121,920",,2026-03-28T01:12:55.512408
KS,2026-01-01,2026-01-31,monthly,Caesar's,Caesars,Caesars,Caesars Entertainment,online,,942768100,71679900,,,,,,,0.0760313167151073,31,False,False,KS_2026_01.pdf,,,,1,0.0,,https://www.kslottery.com/publications/sports-monthly-revenues/,KS/screenshots/KS_2026_01_KS_2026_01_p1.png,"KS Crossing | Caesar's | $9,427,681 | $716,799 | $71,680",,2026-03-28T01:12:55.512408
KS,2026-01-01,2026-01-31,monthly,Fanatics,Fanatics,Fanatics,Fanatics Inc,online,,1278235900,84941200,,,,,,,0.0664518967117102,31,False,False,KS_2026_01.pdf,,,,1,0.0,,https://www.kslottery.com/publications/sports-monthly-revenues/,KS/screenshots/KS_2026_01_KS_2026_01_p1.png,"KS Crossing | Fanatics | $12,782,359 | $849,412 | $84,941",,2026-03-28T01:12:55.512408
KS,2026-02-01,2026-02-28,monthly,DraftKings,DraftKings,DraftKings,DraftKings Inc,retail,,12252900,328200,,,,,,,0.026785495678574,28,False,False,KS_2026_02.pdf,,,,1,0.0,,https://www.kslottery.com/publications/sports-monthly-revenues/,KS/screenshots/KS_2026_02_KS_2026_02_p1.png,"Boot Hill | DraftKings | $122,529 | $3,282 | $328",,2026-03-28T01:12:55.993483
KS,2026-02-01,2026-02-28,monthly,FanDuel,FanDuel,FanDuel,Flutter Entertainment,retail,,99675100,25038100,,,,,,,0.2511971395062558,28,False,False,KS_2026_02.pdf,,,,1,0.0,,https://www.kslottery.com/publications/sports-monthly-revenues/,KS/screenshots/KS_2026_02_KS_2026_02_p1.png,"Kansas Star | FanDuel | $996,751 | $250,381 | $25,038",,2026-03-28T01:12:55.993483
KS,2026-02-01,2026-02-28,monthly,theScore,ESPN Bet,ESPN Bet,PENN Entertainment,retail,,156014000,21877800,,,,,,,0.1402297229735793,28,False,False,KS_2026_02.pdf,,,,1,0.0,,https://www.kslottery.com/publications/sports-monthly-revenues/,KS/screenshots/KS_2026_02_KS_2026_02_p1.png,"Hollywood | theScore | $1,560,140 | $218,778 | $21,878",,2026-03-28T01:12:55.993483
KS,2026-02-01,2026-02-28,monthly,Caesar's,Caesars,Caesars,Caesars Entertainment,retail,,62241200,4655400,,,,,,,0.0747961157561229,28,False,False,KS_2026_02.pdf,,,,1,0.0,,https://www.kslottery.com/publications/sports-monthly-revenues/,KS/screenshots/KS_2026_02_KS_2026_02_p1.png,"KS Crossing | Caesar's | $622,412 | $46,554 | $4,655",,2026-03-28T01:12:55.993483
KS,2026-02-01,2026-02-28,monthly,DraftKings,DraftKings,DraftKings,DraftKings Inc,online,,8239485300,659776300,,,,,,,0.0800749410888566,28,False,False,KS_2026_02.pdf,,,,1,0.0,,https://www.kslottery.com/publications/sports-monthly-revenues/,KS/screenshots/KS_2026_02_KS_2026_02_p1.png,"Boot Hill | DraftKings | $82,394,853 | $6,597,763 | $659,776",,2026-03-28T01:12:55.993483
KS,2026-02-01,2026-02-28,monthly,FanDuel,FanDuel,FanDuel,Flutter Entertainment,online,,5374796200,452153800,,,,,,,0.0841248269097161,28,False,False,KS_2026_02.pdf,,,,1,0.0,,https://www.kslottery.com/publications/sports-monthly-revenues/,KS/screenshots/KS_2026_02_KS_2026_02_p1.png,"Kansas Star | FanDuel | $53,747,962 | $4,521,538 | $452,154",,2026-03-28T01:12:55.993483
KS,2026-02-01,2026-02-28,monthly,Bet 365,bet365,bet365,bet365 Group,online,,938612000,0,,,,,,,0.0,28,False,False,KS_2026_02.pdf,,,,1,0.0,,https://www.kslottery.com/publications/sports-monthly-revenues/,KS/screenshots/KS_2026_02_KS_2026_02_p1.png,"Kansas Star | Bet 365 | $9,386,120 | $0 | $0",,2026-03-28T01:12:55.993483
KS,2026-02-01,2026-02-28,monthly,theScore,ESPN Bet,ESPN Bet,PENN Entertainment,online,,470054300,18057900,,,,,,,0.0384166254834813,28,False,False,KS_2026_02.pdf,,,,1,0.0,,https://www.kslottery.com/publications/sports-monthly-revenues/,KS/screenshots/KS_2026_02_KS_2026_02_p1.png,"Hollywood | theScore | $4,700,543 | $180,579 | $18,058",,2026-03-28T01:12:55.993483
KS,2026-02-01,2026-02-28,monthly,BetMGM,BetMGM,BetMGM,Entain/MGM Resorts,online,,1625134900,146432000,,,,,,,0.0901045199386217,28,False,False,KS_2026_02.pdf,,,,1,0.0,,https://www.kslottery.com/publications/sports-monthly-revenues/,KS/screenshots/KS_2026_02_KS_2026_02_p1.png,"KS Crossing | BetMGM | $16,251,349 | $1,464,320 | $146,432",,2026-03-28T01:12:55.993483
KS,2026-02-01,2026-02-28,monthly,Caesar's,Caesars,Caesars,Caesars Entertainment,online,,739786500,49629000,,,,,,,0.0670855713101009,28,False,False,KS_2026_02.pdf,,,,1,0.0,,https://www.kslottery.com/publications/sports-monthly-revenues/,KS/screenshots/KS_2026_02_KS_2026_02_p1.png,"KS Crossing | Caesar's | $7,397,865 | $496,290 | $49,629",,2026-03-28T01:12:55.993483
KS,2026-02-01,2026-02-28,monthly,Fanatics,Fanatics,Fanatics,Fanatics Inc,online,,1279776500,42647700,,,,,,,0.0333243343661959,28,False,False,KS_2026_02.pdf,,,,1,0.0,,https://www.kslottery.com/publications/sports-monthly-revenues/,KS/screenshots/KS_2026_02_KS_2026_02_p1.png,"KS Crossing | Fanatics | $12,797,765 | $426,477 | $42,648",,2026-03-28T01:12:55.993483
KS,2026-03-01,2026-03-31,monthly,DraftKings,DraftKings,DraftKings,DraftKings Inc,retail,,19855000,4407900,,,,,,,0.2220045328632586,31,False,False,KS_2026_03.pdf,,,,1,0.0,https://www.kslottery.gov/media/oy5plg12/sports-wagering-monthly-revenue-2026-03.pdf,https://www.kslottery.com/publications/sports-monthly-revenues/,KS/screenshots/KS_2026_03_KS_2026_03_p1.png,"Boot Hill | DraftKings | $198,550 | $44,079 | $4,408",,2026-04-29T14:49:43.624757
KS,2026-03-01,2026-03-31,monthly,FanDuel,FanDuel,FanDuel,Flutter Entertainment,retail,,136213000,15958000,,,,,,,0.1171547502808102,31,False,False,KS_2026_03.pdf,,,,1,0.0,https://www.kslottery.gov/media/oy5plg12/sports-wagering-monthly-revenue-2026-03.pdf,https://www.kslottery.com/publications/sports-monthly-revenues/,KS/screenshots/KS_2026_03_KS_2026_03_p1.png,"Kansas Star | FanDuel | $1,362,130 | $159,580 | $15,958",,2026-04-29T14:49:43.624757
KS,2026-03-01,2026-03-31,monthly,theScore,ESPN Bet,ESPN Bet,PENN Entertainment,retail,,158909100,10649600,,,,,,,0.0670169298045234,31,False,False,KS_2026_03.pdf,,,,1,0.0,https://www.kslottery.gov/media/oy5plg12/sports-wagering-monthly-revenue-2026-03.pdf,https://www.kslottery.com/publications/sports-monthly-revenues/,KS/screenshots/KS_2026_03_KS_2026_03_p1.png,"Hollywood | theScore | $1,589,091 | $106,496 | $10,650",,2026-04-29T14:49:43.624757
KS,2026-03-01,2026-03-31,monthly,Caesar's,Caesars,Caesars,Caesars Entertainment,retail,,98443100,11132600,,,,,,,0.1130866459914407,31,False,False,KS_2026_03.pdf,,,,1,0.0,https://www.kslottery.gov/media/oy5plg12/sports-wagering-monthly-revenue-2026-03.pdf,https://www.kslottery.com/publications/sports-monthly-revenues/,KS/screenshots/KS_2026_03_KS_2026_03_p1.png,"KS Crossing | Caesar's | $984,431 | $111,326 | $11,133",,2026-04-29T14:49:43.624757
KS,2026-03-01,2026-03-31,monthly,DraftKings,DraftKings,DraftKings,DraftKings Inc,online,,8205744200,590077900,,,,,,,0.0719103454382601,31,False,False,KS_2026_03.pdf,,,,1,0.0,https://www.kslottery.gov/media/oy5plg12/sports-wagering-monthly-revenue-2026-03.pdf,https://www.kslottery.com/publications/sports-monthly-revenues/,KS/screenshots/KS_2026_03_KS_2026_03_p1.png,"Boot Hill | DraftKings | $82,057,442 | $5,900,779 | $590,078",,2026-04-29T14:49:43.624757
KS,2026-03-01,2026-03-31,monthly,FanDuel,FanDuel,FanDuel,Flutter Entertainment,online,,6731761300,333132100,,,,,,,0.0494866180118418,31,False,False,KS_2026_03.pdf,,,,1,0.0,https://www.kslottery.gov/media/oy5plg12/sports-wagering-monthly-revenue-2026-03.pdf,https://www.kslottery.com/publications/sports-monthly-revenues/,KS/screenshots/KS_2026_03_KS_2026_03_p1.png,"Kansas Star | FanDuel | $67,317,613 | $3,331,321 | $333,132",,2026-04-29T14:49:43.624757
KS,2026-03-01,2026-03-31,monthly,Bet 365,bet365,bet365,bet365 Group,online,,2108144500,0,,,,,,,0.0,31,False,False,KS_2026_03.pdf,,,,1,0.0,https://www.kslottery.gov/media/oy5plg12/sports-wagering-monthly-revenue-2026-03.pdf,https://www.kslottery.com/publications/sports-monthly-revenues/,KS/screenshots/KS_2026_03_KS_2026_03_p1.png,"Kansas Star | Bet 365 | $21,081,445 | $0 | $0",,2026-04-29T14:49:43.624757
KS,2026-03-01,2026-03-31,monthly,theScore,ESPN Bet,ESPN Bet,PENN Entertainment,online,,667222000,44523200,,,,,,,0.0667292145642679,31,False,False,KS_2026_03.pdf,,,,1,0.0,https://www.kslottery.gov/media/oy5plg12/sports-wagering-monthly-revenue-2026-03.pdf,https://www.kslottery.com/publications/sports-monthly-revenues/,KS/screenshots/KS_2026_03_KS_2026_03_p1.png,"Hollywood | theScore | $6,672,220 | $445,232 | $44,523",,2026-04-29T14:49:43.624757
KS,2026-03-01,2026-03-31,monthly,BetMGM,BetMGM,BetMGM,Entain/MGM Resorts,online,,1744817000,182196400,,,,,,,0.1044214952055143,31,False,False,KS_2026_03.pdf,,,,1,0.0,https://www.kslottery.gov/media/oy5plg12/sports-wagering-monthly-revenue-2026-03.pdf,https://www.kslottery.com/publications/sports-monthly-revenues/,KS/screenshots/KS_2026_03_KS_2026_03_p1.png,"KS Crossing | BetMGM | $17,448,170 | $1,821,964 | $182,196",,2026-04-29T14:49:43.624757
KS,2026-03-01,2026-03-31,monthly,Caesar's,Caesars,Caesars,Caesars Entertainment,online,,915053200,46167100,,,,,,,0.0504529135573756,31,False,False,KS_2026_03.pdf,,,,1,0.0,https://www.kslottery.gov/media/oy5plg12/sports-wagering-monthly-revenue-2026-03.pdf,https://www.kslottery.com/publications/sports-monthly-revenues/,KS/screenshots/KS_2026_03_KS_2026_03_p1.png,"KS Crossing | Caesar's | $9,150,532 | $461,671 | $46,167",,2026-04-29T14:49:43.624757
KS,2026-03-01,2026-03-31,monthly,Fanatics,Fanatics,Fanatics,Fanatics Inc,online,,2436465800,100391800,,,,,,,0.0412038617574685,31,False,False,KS_2026_03.pdf,,,,1,0.0,https://www.kslottery.gov/media/oy5plg12/sports-wagering-monthly-revenue-2026-03.pdf,https://www.kslottery.com/publications/sports-monthly-revenues/,KS/screenshots/KS_2026_03_KS_2026_03_p1.png,"KS Crossing | Fanatics | $24,364,658 | $1,003,918 | $100,392",,2026-04-29T14:49:43.624757
KS,2026-04-01,2026-04-30,monthly,DraftKings,DraftKings,DraftKings,DraftKings Inc,retail,,14934600,920800,,,,,,,0.06165548457943299,30,False,False,KS_2026_04.pdf,,,,1,0.0,https://www.kslottery.gov/media/g5ijhovp/sports-wagering-monthly-revenue-2026-04.pdf,https://www.kslottery.com/publications/sports-monthly-revenues/,KS/screenshots/KS_2026_04_KS_2026_04_p1.png,"Boot Hill | DraftKings | $149,346 | $9,208 | $921",,2026-05-14T18:16:38.852630
KS,2026-04-01,2026-04-30,monthly,FanDuel,FanDuel,FanDuel,Flutter Entertainment,retail,,65234900,6123900,,,,,,,0.09387459779964405,30,False,False,KS_2026_04.pdf,,,,1,0.0,https://www.kslottery.gov/media/g5ijhovp/sports-wagering-monthly-revenue-2026-04.pdf,https://www.kslottery.com/publications/sports-monthly-revenues/,KS/screenshots/KS_2026_04_KS_2026_04_p1.png,"Kansas Star | FanDuel | $652,349 | $61,239 | $6,124",,2026-05-14T18:16:38.852630
KS,2026-04-01,2026-04-30,monthly,theScore,ESPN Bet,ESPN Bet,PENN Entertainment,retail,,118916200,21885600,,,,,,,0.1840422078741164,30,False,False,KS_2026_04.pdf,,,,1,0.0,https://www.kslottery.gov/media/g5ijhovp/sports-wagering-monthly-revenue-2026-04.pdf,https://www.kslottery.com/publications/sports-monthly-revenues/,KS/screenshots/KS_2026_04_KS_2026_04_p1.png,"Hollywood | theScore | $1,189,162 | $218,856 | $21,886",,2026-05-14T18:16:38.852630
KS,2026-04-01,2026-04-30,monthly,Caesar's,Caesars,Caesars,Caesars Entertainment,retail,,55347600,1508800,,,,,,,0.02726044128381357,30,False,False,KS_2026_04.pdf,,,,1,0.0,https://www.kslottery.gov/media/g5ijhovp/sports-wagering-monthly-revenue-2026-04.pdf,https://www.kslottery.com/publications/sports-monthly-revenues/,KS/screenshots/KS_2026_04_KS_2026_04_p1.png,"KS Crossing | Caesar's | $553,476 | $15,088 | $1,509",,2026-05-14T18:16:38.852630
KS,2026-04-01,2026-04-30,monthly,DraftKings,DraftKings,DraftKings,DraftKings Inc,online,,6953986200,660551800,,,,,,,0.09498894317621741,30,False,False,KS_2026_04.pdf,,,,1,0.0,https://www.kslottery.gov/media/g5ijhovp/sports-wagering-monthly-revenue-2026-04.pdf,https://www.kslottery.com/publications/sports-monthly-revenues/,KS/screenshots/KS_2026_04_KS_2026_04_p1.png,"Boot Hill | DraftKings | $69,539,862 | $6,605,518 | $660,552",,2026-05-14T18:16:38.852630
KS,2026-04-01,2026-04-30,monthly,FanDuel,FanDuel,FanDuel,Flutter Entertainment,online,,5330624200,420658400,,,,,,,0.07891353511658165,30,False,False,KS_2026_04.pdf,,,,1,0.0,https://www.kslottery.gov/media/g5ijhovp/sports-wagering-monthly-revenue-2026-04.pdf,https://www.kslottery.com/publications/sports-monthly-revenues/,KS/screenshots/KS_2026_04_KS_2026_04_p1.png,"Kansas Star | FanDuel | $53,306,242 | $4,206,584 | $420,658",,2026-05-14T18:16:38.852630
KS,2026-04-01,2026-04-30,monthly,Bet 365,bet365,bet365,bet365 Group,online,,1365341800,0,,,,,,,0.0,30,False,False,KS_2026_04.pdf,,,,1,0.0,https://www.kslottery.gov/media/g5ijhovp/sports-wagering-monthly-revenue-2026-04.pdf,https://www.kslottery.com/publications/sports-monthly-revenues/,KS/screenshots/KS_2026_04_KS_2026_04_p1.png,"Kansas Star | Bet 365 | $13,653,418 | $0 | $0",,2026-05-14T18:16:38.852630
KS,2026-04-01,2026-04-30,monthly,theScore,ESPN Bet,ESPN Bet,PENN Entertainment,online,,384624700,33717600,,,,,,,0.08766363678671703,30,False,False,KS_2026_04.pdf,,,,1,0.0,https://www.kslottery.gov/media/g5ijhovp/sports-wagering-monthly-revenue-2026-04.pdf,https://www.kslottery.com/publications/sports-monthly-revenues/,KS/screenshots/KS_2026_04_KS_2026_04_p1.png,"Hollywood | theScore | $3,846,247 | $337,176 | $33,718",,2026-05-14T18:16:38.852630
KS,2026-04-01,2026-04-30,monthly,BetMGM,BetMGM,BetMGM,Entain/MGM Resorts,online,,1254282700,117215200,,,,,,,0.09345197856910567,30,False,False,KS_2026_04.pdf,,,,1,0.0,https://www.kslottery.gov/media/g5ijhovp/sports-wagering-monthly-revenue-2026-04.pdf,https://www.kslottery.com/publications/sports-monthly-revenues/,KS/screenshots/KS_2026_04_KS_2026_04_p1.png,"KS Crossing | BetMGM | $12,542,827 | $1,172,152 | $117,215",,2026-05-14T18:16:38.852630
KS,2026-04-01,2026-04-30,monthly,Caesar's,Caesars,Caesars,Caesars Entertainment,online,,786161700,54389700,,,,,,,0.06918385874051101,30,False,False,KS_2026_04.pdf,,,,1,0.0,https://www.kslottery.gov/media/g5ijhovp/sports-wagering-monthly-revenue-2026-04.pdf,https://www.kslottery.com/publications/sports-monthly-revenues/,KS/screenshots/KS_2026_04_KS_2026_04_p1.png,"KS Crossing | Caesar's | $7,861,617 | $543,897 | $54,390",,2026-05-14T18:16:38.852630
KS,2026-04-01,2026-04-30,monthly,Fanatics,Fanatics,Fanatics,Fanatics Inc,online,,1695172800,128407500,,,,,,,0.07574891480089817,30,False,False,KS_2026_04.pdf,,,,1,0.0,https://www.kslottery.gov/media/g5ijhovp/sports-wagering-monthly-revenue-2026-04.pdf,https://www.kslottery.com/publications/sports-monthly-revenues/,KS/screenshots/KS_2026_04_KS_2026_04_p1.png,"KS Crossing | Fanatics | $16,951,728 | $1,284,075 | $128,407",,2026-05-14T18:16:38.852630
