state_code,period_start,period_end,period_type,operator_raw,operator_reported,operator_standard,parent_company,channel,sport_category,handle,gross_revenue,standard_ggr,promo_credits,net_revenue,payouts,tax_paid,federal_excise_tax,hold_pct,days_in_period,is_partial_period,data_is_revised,source_file,source_sheet,source_row,source_column,source_page,source_table_index,source_url,source_report_url,source_screenshot,source_raw_line,source_context,scrape_timestamp
MA,2025-07-01,2025-07-31,monthly,MGM Springfield,MGM Springfield,MGM Springfield,MGM Resorts,retail,,85727530,10195940.0,,,9981621.0,,1497243.0,,0.11893425600854242,31,False,False,MA_MGM_Springfield_cat1.pdf,,,,1,0,https://massgaming.com/wp-content/uploads/MGM-Springfield-Cat.-1-Sports-Wagering-Revenue-Report-April-2026.pdf,https://massgaming.com/regulations/revenue/,MA/screenshots/MA_2026_05_MA_MGM_Springfield_cat1_p1.png,"July 2025 FY26 | $872,695.20 | $857,275.30 | $101,959.40 | 11.89% | $2,143.19 | $99,816.21 | $14,972.43",,2026-05-30T06:20:33.463060
MA,2023-04-01,2023-04-30,monthly,BetMGM,BetMGM,BetMGM,Entain/MGM Resorts,online,,4296065896,471835444.0,,,461095279.0,,92219056.0,,0.1098296570449067,30,False,False,MA_BetMGM_cat3.pdf,,,,1,0,https://massgaming.com/wp-content/uploads/BetMGM-Cat.-3-Sports-Wagering-Revenue-Report-April-2026.pdf,https://massgaming.com/regulations/revenue/,MA/screenshots/MA_2026_05_MA_BetMGM_cat3_p1.png,"April 2023 | $42,635,423.02 | $42,960,658.96 | $4,718,354.44 | 10.98% | $107,401.65 | $4,610,952.79 | $922,190.56",,2026-05-28T01:03:27.731285
MA,2023-04-01,2023-04-30,monthly,MGM Springfield,MGM Springfield,MGM Springfield,MGM Resorts,retail,,165061800,0.0,,,0.0,,0.0,,0.0,30,False,False,MA_MGM_Springfield_cat1.pdf,,,,1,0,https://massgaming.com/wp-content/uploads/MGM-Springfield-Cat.-1-Sports-Wagering-Revenue-Report-April-2026.pdf,https://massgaming.com/regulations/revenue/,MA/screenshots/MA_2026_05_MA_MGM_Springfield_cat1_p1.png,"April 2023 | $1,591,608.60 | $1,650,618.00 | $0.00 | 0.00% | $4,126.55 | $0.00 | $0.00 | (228,406.75) + (4,126.55) | -$232,533.30",,2026-05-28T01:02:42.816977
MA,2024-02-01,2024-02-29,monthly,Caesars,Caesars,Caesars,Caesars Entertainment,online,,1834866183,68871909.0,,,64352609.0,,12870522.0,,0.0375351127172634,29,False,False,MA_Caesars_cat3.pdf,,,,1,0,https://massgaming.com/wp-content/uploads/Caesars-Cat.-3-Sports-Wagering-Revenue-Report-April-2026.pdf,https://massgaming.com/regulations/revenue/,MA/screenshots/MA_2026_05_MA_Caesars_cat3_p1.png,"February 2024 | $18,198,694.01 | $18,348,661.83 | $688,719.09 | 3.75% | $45,193.00 | $643,526.09 | $128,705.22",,2026-05-29T15:31:29.263564
MA,2024-11-01,2024-11-30,monthly,Fanatics,Fanatics,Fanatics,Fanatics Inc,online,,3738663688,178997990.0,,,169912097.0,,33982419.0,,0.0478775319038538,30,False,False,MA_Fanatics_cat3.pdf,,,,1,0,https://massgaming.com/wp-content/uploads/Fanatics-Cat.-3-Sports-Wagering-Revenue-Report-April-2026.pdf,https://massgaming.com/regulations/revenue/,MA/screenshots/MA_2026_05_MA_Fanatics_cat3_p1.png,"November 2024 | $37,377,623.45 | $37,386,636.88 | $1,789,979.90 | 4.79% | $90,858.93 | $1,699,120.97 | $339,824.19",,2026-05-28T01:04:10.526568
MA,2024-11-01,2024-11-30,monthly,BetMGM,BetMGM,BetMGM,Entain/MGM Resorts,online,,5854481217,515394616.0,,,500758413.0,,100151683.0,,0.0880342077968272,30,False,False,MA_BetMGM_cat3.pdf,,,,1,0,https://massgaming.com/wp-content/uploads/BetMGM-Cat.-3-Sports-Wagering-Revenue-Report-April-2026.pdf,https://massgaming.com/regulations/revenue/,MA/screenshots/MA_2026_05_MA_BetMGM_cat3_p1.png,"November 2024 | $58,856,768.20 | $58,544,812.17 | $5,153,946.16 | 8.80% | $146,362.03 | $5,007,584.13 | $1,001,516.83",,2026-05-29T15:31:11.554293
MA,2025-04-01,2025-04-30,monthly,FanDuel,FanDuel,FanDuel,Flutter Entertainment,online,,18587914221,1837214430.0,,,1792121953.0,,358424391.0,,0.0988391923997786,30,False,False,MA_FanDuel_cat3.pdf,,,,1,0,https://massgaming.com/wp-content/uploads/FanDuel-Cat.-3-Sports-Wagering-Revenue-Report-April-2026.pdf,https://massgaming.com/regulations/revenue/,MA/screenshots/MA_2026_05_MA_FanDuel_cat3_p1.png,"April 2025 | $185,086,380.42 | $185,879,142.21 | $18,372,144.30 | 9.88% | $450,924.77 | $17,921,219.53 | $3,584,243.91",,2026-05-29T06:24:45.052041
MA,2025-02-01,2025-02-28,monthly,Caesars,Caesars,Caesars,Caesars Entertainment,online,,2107308447,63984851.0,,,58765451.0,,11753090.0,,0.0303633058990912,28,False,False,MA_Caesars_cat3.pdf,,,,1,0,https://massgaming.com/wp-content/uploads/Caesars-Cat.-3-Sports-Wagering-Revenue-Report-April-2026.pdf,https://massgaming.com/regulations/revenue/,MA/screenshots/MA_2026_05_MA_Caesars_cat3_p1.png,"February 2025 | $20,865,083.43 | $21,073,084.47 | $639,848.51 | 3.04% | $52,194.00 | $587,654.51 | $117,530.90",,2026-05-29T15:31:29.263564
MA,2024-07-01,2024-07-31,monthly,MGM Springfield,MGM Springfield,MGM Springfield,MGM Resorts,retail,,72026375,4500000.0,,,0.0,,0.0,,0.062477113418522,31,False,False,MA_MGM_Springfield_cat1.pdf,,,,1,0,https://massgaming.com/wp-content/uploads/MGM-Springfield-Cat.-1-Sports-Wagering-Revenue-Report-April-2026.pdf,https://massgaming.com/regulations/revenue/,MA/screenshots/MA_2026_05_MA_MGM_Springfield_cat1_p1.png,"July 2024 | $746,756.35 | $720,263.75 | $45,000.00 | 6.25% | $1,800.66 | $0.00 | $0.00 | 45,000 + (1,800.66) | -$505,361.68",,2026-05-29T06:22:43.065167
MA,2025-12-01,2025-12-31,monthly,Caesars,Caesars,Caesars,Caesars Entertainment,online,,2547101361,165987935.0,,,159666035.0,,31933207.0,,0.0651673849896702,31,False,False,MA_Caesars_cat3.pdf,,,,1,0,https://massgaming.com/wp-content/uploads/Caesars-Cat.-3-Sports-Wagering-Revenue-Report-April-2026.pdf,https://massgaming.com/regulations/revenue/,MA/screenshots/MA_2026_05_MA_Caesars_cat3_p1.png,"December 2025 | $25,414,581.63 | $25,471,013.61 | $1,659,879.35 | 6.52% | $63,219.00 | $1,596,660.35 | $319,332.07",,2026-05-29T15:31:29.263564
MA,2024-10-01,2024-10-31,monthly,Fanatics,Fanatics,Fanatics,Fanatics Inc,online,,3523133395,208921471.0,,,200373475.0,,40074695.0,,0.0592999036870132,31,False,False,MA_Fanatics_cat3.pdf,,,,1,0,https://massgaming.com/wp-content/uploads/Fanatics-Cat.-3-Sports-Wagering-Revenue-Report-April-2026.pdf,https://massgaming.com/regulations/revenue/,MA/screenshots/MA_2026_05_MA_Fanatics_cat3_p1.png,"October 2024 | $35,419,928.52 | $35,231,333.95 | $2,089,214.71 | 5.93% | $85,479.96 | $2,003,734.75 | $400,746.95",,2026-05-28T01:04:10.526568
MA,2025-06-01,2025-06-30,monthly,Plainridge Park Casino,Plainridge Park,ESPN Bet,PENN Entertainment,retail,,232219641,24947669.0,,,24366488.0,,3654973.0,,0.1074313477213583,30,False,False,MA_Plainridge_Park_Casino_cat1.pdf,,,,1,0,https://massgaming.com/wp-content/uploads/Plainridge-Park-Casino-Cat.-1-Sports-Wagering-Revenue-Report-April-2026.pdf,https://massgaming.com/regulations/revenue/,MA/screenshots/MA_2026_05_MA_Plainridge_Park_Casino_cat1_p1.png,"June 2025 | $2,338,750.96 | $2,322,196.41 | $249,476.69 | 10.74% | $5,811.81 | $243,664.88 | $36,549.73",,2026-05-28T01:03:01.526750
MA,2026-04-01,2026-04-30,monthly,DraftKings,DraftKings,DraftKings,DraftKings Inc,online,,33510859161,4396128966.0,,,4314527966.0,,862905593.0,,0.1311852061112244,30,False,False,MA_DraftKings_cat3.pdf,,,,1,0,https://massgaming.com/wp-content/uploads/DraftKings-Cat.-3-Sports-Wagering-Revenue-Report-April-2026.pdf,https://massgaming.com/regulations/revenue/,MA/screenshots/MA_2026_05_MA_DraftKings_cat3_p1.png,"April 2026 | $334,870,750.43 | $335,108,591.61 | $43,961,289.66 | 13.12% | $816,010.00 | $43,145,279.66 | $8,629,055.93",,2026-05-29T06:24:09.466122
MA,2025-12-01,2025-12-31,monthly,Bally’s,Bally Bet,Bally Bet,Bally's Corporation,online,,461663087,40867877.0,,,39713719.0,,7942744.0,,0.088523163646393,31,False,False,MA_Bally’s_cat3.pdf,,,,1,0,https://massgaming.com/wp-content/uploads/Ballys-Cat.-3-Sports-Wagering-Revenue-Report-April-2026.pdf,https://massgaming.com/regulations/revenue/,MA/screenshots/MA_2026_05_MA_Bally’s_cat3_p1.png,"December 2025 | $4,668,503.23 | $4,616,630.87 | $408,678.77 | 8.85% | $11,541.58 | $397,137.19 | $79,427.44",,2026-05-28T01:03:13.715727
MA,2026-02-01,2026-02-28,monthly,Encore Boston Harbor,Encore Boston Harbor,Encore Boston Harbor,Wynn Resorts,retail,,435112800,31019600.0,,,29931800.0,,4489800.0,,0.0712909388094305,28,False,False,MA_Encore_Boston_Harbor_cat1.pdf,,,,1,0,https://massgaming.com/wp-content/uploads/Encore-Boston-Harbor-Cat.-1-Sports-Wagering-Revenue-Report-April-2026.pdf,https://massgaming.com/regulations/revenue/,MA/screenshots/MA_2026_05_MA_Encore_Boston_Harbor_cat1_p1.png,"February 2026 | $4,029,204.00 | $4,351,128.00 | $310,196.00 | 7.13% | $10,878.00 | $299,318.00 | $44,898.00",,2026-05-28T08:43:39.242573
MA,2024-12-01,2024-12-31,monthly,DraftKings,DraftKings,DraftKings,DraftKings Inc,online,,36457849991,3049340773.0,,,2960753262.0,,592150652.0,,0.0836401700526158,31,False,False,MA_DraftKings_cat3.pdf,,,,1,0,https://massgaming.com/wp-content/uploads/DraftKings-Cat.-3-Sports-Wagering-Revenue-Report-April-2026.pdf,https://massgaming.com/regulations/revenue/,MA/screenshots/MA_2026_05_MA_DraftKings_cat3_p1.png,"December 2024 | $362,644,492.37 | $364,578,499.91 | $30,493,407.73 | 8.36% | $885,875.11 | $29,607,532.62 | $5,921,506.52",,2026-05-29T04:08:37.444690
MA,2025-02-01,2025-02-28,monthly,Plainridge Park Casino,Plainridge Park,ESPN Bet,PENN Entertainment,retail,,330205583,10107085.0,,,9311860.0,,1396779.0,,0.0306084618805491,28,False,False,MA_Plainridge_Park_Casino_cat1.pdf,,,,1,0,https://massgaming.com/wp-content/uploads/Plainridge-Park-Casino-Cat.-1-Sports-Wagering-Revenue-Report-April-2026.pdf,https://massgaming.com/regulations/revenue/,MA/screenshots/MA_2026_05_MA_Plainridge_Park_Casino_cat1_p1.png,"February 2025 | $3,180,901.35 | $3,302,055.83 | $101,070.85 | 3.06% | $7,952.25 | $93,118.60 | $13,967.79",,2026-05-28T01:03:01.526750
MA,2024-11-01,2024-11-30,monthly,FanDuel,FanDuel,FanDuel,Flutter Entertainment,online,,22568033009,2505774352.0,,,2450520968.0,,490104194.0,,0.1110320226401969,30,False,False,MA_FanDuel_cat3.pdf,,,,1,0,https://massgaming.com/wp-content/uploads/FanDuel-Cat.-3-Sports-Wagering-Revenue-Report-April-2026.pdf,https://massgaming.com/regulations/revenue/,MA/screenshots/MA_2026_05_MA_FanDuel_cat3_p1.png,"November 2024 | $226,255,792.57 | $225,680,330.09 | $25,057,743.52 | 11.10% | $552,533.84 | $24,505,209.68 | $4,901,041.94",,2026-05-28T01:04:24.920493
MA,2023-11-01,2023-11-30,monthly,FanDuel,FanDuel,FanDuel,Flutter Entertainment,online,,18154497680,1256534030.0,,,1212198398.0,,242439680.0,,0.0692133735754235,30,False,False,MA_FanDuel_cat3.pdf,,,,1,0,https://massgaming.com/wp-content/uploads/FanDuel-Cat.-3-Sports-Wagering-Revenue-Report-April-2026.pdf,https://massgaming.com/regulations/revenue/,MA/screenshots/MA_2026_05_MA_FanDuel_cat3_p1.png,"November 2023 | $181,548,965.08 | $181,544,976.80 | $12,565,340.30 | 6.92% | $443,356.32 | $12,121,983.98 | $2,424,396.80",,2026-05-28T01:04:24.920493
MA,2025-11-01,2025-11-30,monthly,Encore Boston Harbor,Encore Boston Harbor,Encore Boston Harbor,Wynn Resorts,retail,,626478900,61756800.0,,,60190600.0,,9028600.0,,0.0985776216884559,30,False,False,MA_Encore_Boston_Harbor_cat1.pdf,,,,1,0,https://massgaming.com/wp-content/uploads/Encore-Boston-Harbor-Cat.-1-Sports-Wagering-Revenue-Report-April-2026.pdf,https://massgaming.com/regulations/revenue/,MA/screenshots/MA_2026_05_MA_Encore_Boston_Harbor_cat1_p1.png,"November 2025 | $6,133,909.00 | $6,264,789.00 | $617,568.00 | 9.86% | $15,662.00 | $601,906.00 | $90,286.00",,2026-05-29T15:30:02.957352
MA,2024-02-01,2024-02-29,monthly,Fanatics,Fanatics,Fanatics,Fanatics Inc,online,,1418485730,109709427.0,,,106298384.0,,21259677.0,,0.0773426370669234,29,False,False,MA_Fanatics_cat3.pdf,,,,1,0,https://massgaming.com/wp-content/uploads/Fanatics-Cat.-3-Sports-Wagering-Revenue-Report-April-2026.pdf,https://massgaming.com/regulations/revenue/,MA/screenshots/MA_2026_05_MA_Fanatics_cat3_p1.png,"February 2024 | $14,158,970.67 | $14,184,857.30 | $1,097,094.27 | 7.73% | $34,110.43 | $1,062,983.84 | $212,596.77",,2026-05-29T15:31:59.061439
MA,2025-01-01,2025-01-31,monthly,theScore Bet,theScore Bet,ESPN Bet,PENN Entertainment,online,,2844773308,240499044.0,,,233392895.0,,46678579.0,,0.0845406708941182,31,False,False,MA_theScore_Bet_cat3.pdf,,,,1,0,https://massgaming.com/wp-content/uploads/theScore-Bet-Cat.-3-Sports-Wagering-Revenue-Report-April-2026.pdf,https://massgaming.com/regulations/revenue/,MA/screenshots/MA_2026_05_MA_theScore_Bet_cat3_p1.png,"January 2025 | $28,424,597.67 | $28,447,733.08 | $2,404,990.44 | 8.45% | $71,061.49 | $2,333,928.95 | $466,785.79",,2026-05-29T15:32:19.166399
MA,2026-03-01,2026-03-31,monthly,Caesars,Caesars,Caesars,Caesars Entertainment,online,,2665389536,189204274.0,,,182603974.0,,36520795.0,,0.0709855994572344,31,False,False,MA_Caesars_cat3.pdf,,,,1,0,https://massgaming.com/wp-content/uploads/Caesars-Cat.-3-Sports-Wagering-Revenue-Report-April-2026.pdf,https://massgaming.com/regulations/revenue/,MA/screenshots/MA_2026_05_MA_Caesars_cat3_p1.png,"March 2026 | $26,760,575.80 | $26,653,895.36 | $1,892,042.74 | 7.10% | $66,003.00 | $1,826,039.74 | $365,207.95",,2026-05-29T00:22:47.763106
MA,2025-10-01,2025-10-31,monthly,DraftKings,DraftKings,DraftKings,DraftKings Inc,online,,44744664790,3959380230.0,,,3849005030.0,,769801006.0,,0.0884883203077405,31,False,False,MA_DraftKings_cat3.pdf,,,,1,0,https://massgaming.com/wp-content/uploads/DraftKings-Cat.-3-Sports-Wagering-Revenue-Report-April-2026.pdf,https://massgaming.com/regulations/revenue/,MA/screenshots/MA_2026_05_MA_DraftKings_cat3_p1.png,"October 2025 | $450,655,832.13 | $447,446,647.90 | $39,593,802.30 | 8.85% | $1,103,752.00 | $38,490,050.30 | $7,698,010.06",,2026-05-28T01:03:57.018904
MA,2025-09-01,2025-09-30,monthly,Bally’s,Bally Bet,Bally Bet,Bally's Corporation,online,,408989699,27131857.0,,,26110133.0,,5222027.0,,0.0663387294749445,30,False,False,MA_Bally’s_cat3.pdf,,,,1,0,https://massgaming.com/wp-content/uploads/Ballys-Cat.-3-Sports-Wagering-Revenue-Report-April-2026.pdf,https://massgaming.com/regulations/revenue/,MA/screenshots/MA_2026_05_MA_Bally’s_cat3_p1.png,"September 2025 | $4,131,690.51 | $4,089,896.99 | $271,318.57 | 6.63% | $10,217.24 | $261,101.33 | $52,220.27",,2026-05-28T01:03:13.715727
MA,2023-04-01,2023-04-30,monthly,Encore Boston Harbor,Encore Boston Harbor,Encore Boston Harbor,Wynn Resorts,retail,,798291600,25076600.0,,,23080800.0,,3462120.0,,0.0314128321029558,30,False,False,MA_Encore_Boston_Harbor_cat1.pdf,,,,1,0,https://massgaming.com/wp-content/uploads/Encore-Boston-Harbor-Cat.-1-Sports-Wagering-Revenue-Report-April-2026.pdf,https://massgaming.com/regulations/revenue/,MA/screenshots/MA_2026_05_MA_Encore_Boston_Harbor_cat1_p1.png,"April 2023 | $7,911,076.00 | $7,982,916.00 | $250,766.00 | 3.14% | $19,958.00 | $230,808.00 | $34,621.20",,2026-05-28T01:02:25.030900
MA,2024-12-01,2024-12-31,monthly,Encore Boston Harbor,Encore Boston Harbor,Encore Boston Harbor,Wynn Resorts,retail,,609447600,0.0,,,0.0,,0.0,,0.0,31,False,False,MA_Encore_Boston_Harbor_cat1.pdf,,,,1,0,https://massgaming.com/wp-content/uploads/Encore-Boston-Harbor-Cat.-1-Sports-Wagering-Revenue-Report-April-2026.pdf,https://massgaming.com/regulations/revenue/,MA/screenshots/MA_2026_05_MA_Encore_Boston_Harbor_cat1_p1.png,"December 2024 | $6,095,733.00 | $6,094,476.00 | $0.00 | 0.00% | $15,236.00 | $0.00 | $0.00 | (139,635) + (15,236) | -$154,871.00",,2026-05-28T01:02:25.030900
MA,2025-09-01,2025-09-30,monthly,BetMGM,BetMGM,BetMGM,Entain/MGM Resorts,online,,5135631180,424565391.0,,,411726313.0,,82345263.0,,0.0826705376845227,30,False,False,MA_BetMGM_cat3.pdf,,,,1,0,https://massgaming.com/wp-content/uploads/BetMGM-Cat.-3-Sports-Wagering-Revenue-Report-April-2026.pdf,https://massgaming.com/regulations/revenue/,MA/screenshots/MA_2026_05_MA_BetMGM_cat3_p1.png,"September 2025 | $51,497,301.74 | $51,356,311.80 | $4,245,653.91 | 8.27% | $128,390.78 | $4,117,263.13 | $823,452.63",,2026-05-28T08:44:46.746910
MA,2024-09-01,2024-09-30,monthly,Fanatics,Fanatics,Fanatics,Fanatics Inc,online,,3790860338,192674787.0,,,183586795.0,,36717359.0,,0.0508261370297942,30,False,False,MA_Fanatics_cat3.pdf,,,,1,0,https://massgaming.com/wp-content/uploads/Fanatics-Cat.-3-Sports-Wagering-Revenue-Report-April-2026.pdf,https://massgaming.com/regulations/revenue/,MA/screenshots/MA_2026_05_MA_Fanatics_cat3_p1.png,"September 2024 | $37,957,817.66 | $37,908,603.38 | $1,926,747.87 | 5.08% | $90,879.92 | $1,835,867.95 | $367,173.59",,2026-05-28T01:04:10.526568
MA,2025-10-01,2025-10-31,monthly,Bally’s,Bally Bet,Bally Bet,Bally's Corporation,online,,478232896,32640822.0,,,31445240.0,,6289048.0,,0.0682529835839649,31,False,False,MA_Bally’s_cat3.pdf,,,,1,0,https://massgaming.com/wp-content/uploads/Ballys-Cat.-3-Sports-Wagering-Revenue-Report-April-2026.pdf,https://massgaming.com/regulations/revenue/,MA/screenshots/MA_2026_05_MA_Bally’s_cat3_p1.png,"October 2025 | $4,828,971.46 | $4,782,328.96 | $326,408.22 | 6.83% | $11,955.82 | $314,452.40 | $62,890.48",,2026-05-28T01:03:13.715727
MA,2025-09-01,2025-09-30,monthly,theScore Bet,theScore Bet,ESPN Bet,PENN Entertainment,online,,2396513987,141315517.0,,,135302439.0,,27060488.0,,0.0589671154712939,30,False,False,MA_theScore_Bet_cat3.pdf,,,,1,0,https://massgaming.com/wp-content/uploads/theScore-Bet-Cat.-3-Sports-Wagering-Revenue-Report-April-2026.pdf,https://massgaming.com/regulations/revenue/,MA/screenshots/MA_2026_05_MA_theScore_Bet_cat3_p1.png,"September 2025 | $24,052,312.30 | $23,965,139.87 | $1,413,155.17 | 5.90% | $60,130.78 | $1,353,024.39 | $270,604.88",,2026-05-29T04:09:15.749483
MA,2023-12-01,2023-12-31,monthly,theScore Bet,theScore Bet,ESPN Bet,PENN Entertainment,online,,4998196225,420610773.0,,,408127586.0,,81625517.0,,0.0841525130398416,31,False,False,MA_theScore_Bet_cat3.pdf,,,,1,0,https://massgaming.com/wp-content/uploads/theScore-Bet-Cat.-3-Sports-Wagering-Revenue-Report-April-2026.pdf,https://massgaming.com/regulations/revenue/,MA/screenshots/MA_2026_05_MA_theScore_Bet_cat3_p1.png,"December 2023 | $49,932,748.58 | $49,981,962.25 | $4,206,107.73 | 8.42% | $124,831.87 | $4,081,275.86 | $816,255.17",,2026-05-28T01:04:40.124759
MA,2025-07-01,2025-07-31,monthly,Encore Boston Harbor,Encore Boston Harbor,Encore Boston Harbor,Wynn Resorts,retail,,350522700,23059200.0,,,22182900.0,,3327435.0,,0.0657851830994112,31,False,False,MA_Encore_Boston_Harbor_cat1.pdf,,,,1,0,https://massgaming.com/wp-content/uploads/Encore-Boston-Harbor-Cat.-1-Sports-Wagering-Revenue-Report-April-2026.pdf,https://massgaming.com/regulations/revenue/,MA/screenshots/MA_2026_05_MA_Encore_Boston_Harbor_cat1_p1.png,"July 2025 FY26 | $3,533,116.00 | $3,505,227.00 | $230,592.00 | 6.58% | $8,763.00 | $221,829.00 | $33,274.35",,2026-05-28T06:19:00.659447
MA,2024-08-01,2024-08-31,monthly,DraftKings,DraftKings,DraftKings,DraftKings Inc,online,,22937548820,1680523675.0,,,1623951892.0,,324790378.0,,0.0732651813926471,31,False,False,MA_DraftKings_cat3.pdf,,,,1,0,https://massgaming.com/wp-content/uploads/DraftKings-Cat.-3-Sports-Wagering-Revenue-Report-April-2026.pdf,https://massgaming.com/regulations/revenue/,MA/screenshots/MA_2026_05_MA_DraftKings_cat3_p1.png,"August 2024 | $232,299,169.66 | $229,375,488.20 | $16,805,236.75 | 7.33% | $565,744.83 | $16,239,518.92 | $3,247,903.78",,2026-05-29T04:08:37.444690
MA,2024-03-01,2024-03-31,monthly,DraftKings,DraftKings,DraftKings,DraftKings Inc,online,,32301437361,2346835612.0,,,2267324141.0,,453464828.0,,0.072654216150564,31,False,False,MA_DraftKings_cat3.pdf,,,,1,0,https://massgaming.com/wp-content/uploads/DraftKings-Cat.-3-Sports-Wagering-Revenue-Report-April-2026.pdf,https://massgaming.com/regulations/revenue/,MA/screenshots/MA_2026_05_MA_DraftKings_cat3_p1.png,"March 2024 | $325,108,854.83 | $323,014,373.61 | $23,468,356.12 | 7.27% | $795,114.71 | $22,673,241.41 | $4,534,648.28",,2026-05-28T14:28:05.163159
MA,2025-01-01,2025-01-31,monthly,Encore Boston Harbor,Encore Boston Harbor,Encore Boston Harbor,Wynn Resorts,retail,,623825300,53549800.0,,,36503100.0,,5475465.0,,0.0858410199137482,31,False,False,MA_Encore_Boston_Harbor_cat1.pdf,,,,1,0,https://massgaming.com/wp-content/uploads/Encore-Boston-Harbor-Cat.-1-Sports-Wagering-Revenue-Report-April-2026.pdf,https://massgaming.com/regulations/revenue/,MA/screenshots/MA_2026_05_MA_Encore_Boston_Harbor_cat1_p1.png,"January 2025 | $6,079,468.00 | $6,238,253.00 | $535,498.00 | 8.58% | $15,596.00 | $365,031.00 | $54,754.65",,2026-05-28T19:36:26.551434
MA,2024-11-01,2024-11-30,monthly,Plainridge Park Casino,Plainridge Park,ESPN Bet,PENN Entertainment,retail,,491447175,55032002.0,,,33632718.0,,5044907.0,,0.1119794858928632,30,False,False,MA_Plainridge_Park_Casino_cat1.pdf,,,,1,0,https://massgaming.com/wp-content/uploads/Plainridge-Park-Casino-Cat.-1-Sports-Wagering-Revenue-Report-April-2026.pdf,https://massgaming.com/regulations/revenue/,MA/screenshots/MA_2026_05_MA_Plainridge_Park_Casino_cat1_p1.png,"November 2024 | $4,953,722.65 | $4,914,471.75 | $550,320.02 | 11.20% | $12,440.14 | $336,327.18 | $50,449.07",,2026-05-28T01:03:01.526750
MA,2025-07-01,2025-07-31,monthly,Caesars,Caesars,Caesars,Caesars Entertainment,online,,1476888915,80209125.0,,,76512825.0,,15302565.0,,0.0543095179233571,31,False,False,MA_Caesars_cat3.pdf,,,,1,0,https://massgaming.com/wp-content/uploads/Caesars-Cat.-3-Sports-Wagering-Revenue-Report-April-2026.pdf,https://massgaming.com/regulations/revenue/,MA/screenshots/MA_2026_05_MA_Caesars_cat3_p1.png,"July 2025 FY26 | $14,848,532.43 | $14,768,889.15 | $802,091.25 | 5.43% | $36,922.00 | $765,128.25 | $153,025.65",,2026-05-28T01:03:42.619657
MA,2025-08-01,2025-08-31,monthly,Bally’s,Bally Bet,Bally Bet,Bally's Corporation,online,,416313592,34752657.0,,,33711873.0,,6742375.0,,0.083477113569715,31,False,False,MA_Bally’s_cat3.pdf,,,,1,0,https://massgaming.com/wp-content/uploads/Ballys-Cat.-3-Sports-Wagering-Revenue-Report-April-2026.pdf,https://massgaming.com/regulations/revenue/,MA/screenshots/MA_2026_05_MA_Bally’s_cat3_p1.png,"August 2025 | $4,233,559.55 | $4,163,135.92 | $347,526.57 | 8.35% | $10,407.84 | $337,118.73 | $67,423.75",,2026-05-28T01:03:13.715727
MA,2023-09-01,2023-09-30,monthly,FanDuel,FanDuel,FanDuel,Flutter Entertainment,online,,12192964330,1421375146.0,,,1391983871.0,,278396774.0,,0.1165733867114495,30,False,False,MA_FanDuel_cat3.pdf,,,,1,0,https://massgaming.com/wp-content/uploads/FanDuel-Cat.-3-Sports-Wagering-Revenue-Report-April-2026.pdf,https://massgaming.com/regulations/revenue/,MA/screenshots/MA_2026_05_MA_FanDuel_cat3_p1.png,"September 2023 | $123,860,553.12 | $121,929,643.30 | $14,213,751.46 | 11.66% | $293,912.75 | $13,919,838.71 | $2,783,967.74",,2026-05-28T01:04:24.920493
MA,2023-09-01,2023-09-30,monthly,Encore Boston Harbor,Encore Boston Harbor,Encore Boston Harbor,Wynn Resorts,retail,,623513600,24231300.0,,,16880200.0,,2532000.0,,0.0388625043623747,30,False,False,MA_Encore_Boston_Harbor_cat1.pdf,,,,1,0,https://massgaming.com/wp-content/uploads/Encore-Boston-Harbor-Cat.-1-Sports-Wagering-Revenue-Report-April-2026.pdf,https://massgaming.com/regulations/revenue/,MA/screenshots/MA_2026_05_MA_Encore_Boston_Harbor_cat1_p1.png,"September 2023 | $6,467,181.00 | $6,235,136.00 | $242,313.00 | 3.89% | $15,586.00 | $168,802.00 | $25,320.00",,2026-05-28T01:02:25.030900
MA,2023-08-01,2023-08-31,monthly,DraftKings,DraftKings,DraftKings,DraftKings Inc,online,,16192196935,1117783741.0,,,1077984475.0,,215596896.0,,0.0690322471673915,31,False,False,MA_DraftKings_cat3.pdf,,,,1,0,https://massgaming.com/wp-content/uploads/DraftKings-Cat.-3-Sports-Wagering-Revenue-Report-April-2026.pdf,https://massgaming.com/regulations/revenue/,MA/screenshots/MA_2026_05_MA_DraftKings_cat3_p1.png,"August 2023 | $164,425,031.50 | $161,921,969.35 | $11,177,837.41 | 6.90% | $397,992.66 | $10,779,844.75 | $2,155,968.96",,2026-05-29T06:24:09.466122
MA,2023-06-01,2023-06-30,monthly,Plainridge Park Casino,Plainridge Park,ESPN Bet,PENN Entertainment,retail,,308598130,4550962.0,,,3813854.0,,572078.0,,0.0147472118512189,30,False,False,MA_Plainridge_Park_Casino_cat1.pdf,,,,1,0,https://massgaming.com/wp-content/uploads/Plainridge-Park-Casino-Cat.-1-Sports-Wagering-Revenue-Report-April-2026.pdf,https://massgaming.com/regulations/revenue/,MA/screenshots/MA_2026_05_MA_Plainridge_Park_Casino_cat1_p1.png,"June 2023 | $2,948,432.62 | $3,085,981.30 | $45,509.62 | 1.47% | $7,371.08 | $38,138.54 | $5,720.78",,2026-05-28T01:03:01.526750
MA,2024-10-01,2024-10-31,monthly,DraftKings,DraftKings,DraftKings,DraftKings Inc,online,,38337291526,2540253690.0,,,2446549610.0,,489309922.0,,0.0662606456764746,31,False,False,MA_DraftKings_cat3.pdf,,,,1,0,https://massgaming.com/wp-content/uploads/DraftKings-Cat.-3-Sports-Wagering-Revenue-Report-April-2026.pdf,https://massgaming.com/regulations/revenue/,MA/screenshots/MA_2026_05_MA_DraftKings_cat3_p1.png,"October 2024 | $385,018,433.54 | $383,372,915.26 | $25,402,536.90 | 6.63% | $937,040.80 | $24,465,496.10 | $4,893,099.22",,2026-05-28T01:03:57.018904
MA,2024-12-01,2024-12-31,monthly,Caesars,Caesars,Caesars,Caesars Entertainment,online,,2444618681,106179982.0,,,100099162.0,,20019832.0,,0.0434341694372415,31,False,False,MA_Caesars_cat3.pdf,,,,1,0,https://massgaming.com/wp-content/uploads/Caesars-Cat.-3-Sports-Wagering-Revenue-Report-April-2026.pdf,https://massgaming.com/regulations/revenue/,MA/screenshots/MA_2026_05_MA_Caesars_cat3_p1.png,"December 2024 | $24,341,156.17 | $24,446,186.81 | $1,061,799.82 | 4.34% | $60,808.00 | $1,000,991.62 | $200,198.32",,2026-05-29T04:08:22.058715
MA,2025-06-01,2025-06-30,monthly,theScore Bet,theScore Bet,ESPN Bet,PENN Entertainment,online,,1519912923,151173680.0,,,147382546.0,,29477049.0,,0.0994620663541789,30,False,False,MA_theScore_Bet_cat3.pdf,,,,1,0,https://massgaming.com/wp-content/uploads/theScore-Bet-Cat.-3-Sports-Wagering-Revenue-Report-April-2026.pdf,https://massgaming.com/regulations/revenue/,MA/screenshots/MA_2026_05_MA_theScore_Bet_cat3_p1.png,"June 2025 | $15,153,735.47 | $15,199,129.23 | $1,511,736.80 | 9.95% | $37,884.34 | $1,473,825.46 | $294,770.49",,2026-05-29T15:32:19.166399
MA,2024-04-01,2024-04-30,monthly,Caesars,Caesars,Caesars,Caesars Entertainment,online,,1997201509,71275606.0,,,66367106.0,,13273421.0,,0.0356877389080722,30,False,False,MA_Caesars_cat3.pdf,,,,1,0,https://massgaming.com/wp-content/uploads/Caesars-Cat.-3-Sports-Wagering-Revenue-Report-April-2026.pdf,https://massgaming.com/regulations/revenue/,MA/screenshots/MA_2026_05_MA_Caesars_cat3_p1.png,"April 2024 | $20,036,695.29 | $19,972,015.09 | $712,756.06 | 3.57% | $49,085.00 | $663,671.06 | $132,734.21",,2026-05-29T15:31:29.263564
MA,2026-01-01,2026-01-31,monthly,Caesars,Caesars,Caesars,Caesars Entertainment,online,,3106171414,163050932.0,,,155352232.0,,31070446.0,,0.0524925737404909,31,False,False,MA_Caesars_cat3.pdf,,,,1,0,https://massgaming.com/wp-content/uploads/Caesars-Cat.-3-Sports-Wagering-Revenue-Report-April-2026.pdf,https://massgaming.com/regulations/revenue/,MA/screenshots/MA_2026_05_MA_Caesars_cat3_p1.png,"January 2026 | $31,064,589.16 | $31,061,714.14 | $1,630,509.32 | 5.25% | $76,987.00 | $1,553,522.32 | $310,704.46",,2026-05-29T15:31:29.263564
MA,2025-11-01,2025-11-30,monthly,BetMGM,BetMGM,BetMGM,Entain/MGM Resorts,online,,6206310698,679109714.0,,,663593937.0,,132718787.0,,0.1094224487051292,30,False,False,MA_BetMGM_cat3.pdf,,,,1,0,https://massgaming.com/wp-content/uploads/BetMGM-Cat.-3-Sports-Wagering-Revenue-Report-April-2026.pdf,https://massgaming.com/regulations/revenue/,MA/screenshots/MA_2026_05_MA_BetMGM_cat3_p1.png,"November 2025 | $61,634,117.34 | $62,063,106.98 | $6,791,097.14 | 10.94% | $155,157.77 | $6,635,939.37 | $1,327,187.87",,2026-05-28T08:44:46.746910
MA,2024-06-01,2024-06-30,monthly,theScore Bet,theScore Bet,ESPN Bet,PENN Entertainment,online,,2179132939,124625216.0,,,119205185.0,,23841037.0,,0.0571902768158744,30,False,False,MA_theScore_Bet_cat3.pdf,,,,1,0,https://massgaming.com/wp-content/uploads/theScore-Bet-Cat.-3-Sports-Wagering-Revenue-Report-April-2026.pdf,https://massgaming.com/regulations/revenue/,MA/screenshots/MA_2026_05_MA_theScore_Bet_cat3_p1.png,"June 2024 | $21,680,124.48 | $21,791,329.39 | $1,246,252.16 | 5.72% | $54,200.31 | $1,192,051.85 | $238,410.37",,2026-05-28T13:49:57.765534
MA,2023-06-01,2023-06-30,monthly,FanDuel,FanDuel,FanDuel,Flutter Entertainment,online,,9607300237,1121144414.0,,,1098474090.0,,219694818.0,,0.116697135130867,30,False,False,MA_FanDuel_cat3.pdf,,,,1,0,https://massgaming.com/wp-content/uploads/FanDuel-Cat.-3-Sports-Wagering-Revenue-Report-April-2026.pdf,https://massgaming.com/regulations/revenue/,MA/screenshots/MA_2026_05_MA_FanDuel_cat3_p1.png,"June 2023 | $95,248,866.05 | $96,073,002.37 | $11,211,444.14 | 11.67% | $226,703.24 | $10,984,740.90 | $2,196,948.18",,2026-05-29T04:09:01.168509
MA,2025-06-01,2025-06-30,monthly,FanDuel,FanDuel,FanDuel,Flutter Entertainment,online,,13895059442,1778156963.0,,,1744346856.0,,348869371.0,,0.1279704466484858,30,False,False,MA_FanDuel_cat3.pdf,,,,1,0,https://massgaming.com/wp-content/uploads/FanDuel-Cat.-3-Sports-Wagering-Revenue-Report-April-2026.pdf,https://massgaming.com/regulations/revenue/,MA/screenshots/MA_2026_05_MA_FanDuel_cat3_p1.png,"June 2025 | $138,841,355.75 | $138,950,594.42 | $17,781,569.63 | 12.80% | $338,101.07 | $17,443,468.56 | $3,488,693.71",,2026-05-28T01:04:24.920493
MA,2023-08-01,2023-08-31,monthly,Encore Boston Harbor,Encore Boston Harbor,Encore Boston Harbor,Wynn Resorts,retail,,395950900,0.0,,,0.0,,0.0,,0.0,31,False,False,MA_Encore_Boston_Harbor_cat1.pdf,,,,1,0,https://massgaming.com/wp-content/uploads/Encore-Boston-Harbor-Cat.-1-Sports-Wagering-Revenue-Report-April-2026.pdf,https://massgaming.com/regulations/revenue/,MA/screenshots/MA_2026_05_MA_Encore_Boston_Harbor_cat1_p1.png,"August 2023 | $4,184,392.00 | $3,959,509.00 | $0.00 | 0.00% | $9,898.00 | $0.00 | $0.00 | (48,027) + (9,898) | -$57,925.00",,2026-05-28T01:02:25.030900
MA,2025-11-01,2025-11-30,monthly,Fanatics,Fanatics,Fanatics,Fanatics Inc,online,,6578318700,509899480.0,,,493913208.0,,98782642.0,,0.0775121278329066,30,False,False,MA_Fanatics_cat3.pdf,,,,1,0,https://massgaming.com/wp-content/uploads/Fanatics-Cat.-3-Sports-Wagering-Revenue-Report-April-2026.pdf,https://massgaming.com/regulations/revenue/,MA/screenshots/MA_2026_05_MA_Fanatics_cat3_p1.png,"November 2025 | $65,565,069.64 | $65,783,187.00 | $5,098,994.80 | 7.75% | $159,862.72 | $4,939,132.08 | $987,826.42",,2026-05-28T01:04:10.526568
MA,2025-01-01,2025-01-31,monthly,BetMGM,BetMGM,BetMGM,Entain/MGM Resorts,online,,6317022928,561463254.0,,,545670697.0,,109134139.0,,0.08888099036515,31,False,False,MA_BetMGM_cat3.pdf,,,,1,0,https://massgaming.com/wp-content/uploads/BetMGM-Cat.-3-Sports-Wagering-Revenue-Report-April-2026.pdf,https://massgaming.com/regulations/revenue/,MA/screenshots/MA_2026_05_MA_BetMGM_cat3_p1.png,"January 2025 | $63,351,179.33 | $63,170,229.28 | $5,614,632.54 | 8.89% | $157,925.57 | $5,456,706.97 | $1,091,341.39",,2026-05-28T01:03:27.731285
MA,2025-09-01,2025-09-30,monthly,Fanatics,Fanatics,Fanatics,Fanatics Inc,online,,8315383538,331454523.0,,,311236498.0,,62247300.0,,0.0398604010849655,30,False,False,MA_Fanatics_cat3.pdf,,,,1,0,https://massgaming.com/wp-content/uploads/Fanatics-Cat.-3-Sports-Wagering-Revenue-Report-April-2026.pdf,https://massgaming.com/regulations/revenue/,MA/screenshots/MA_2026_05_MA_Fanatics_cat3_p1.png,"September 2025 | $83,247,430.86 | $83,153,835.38 | $3,314,545.23 | 3.99% | $202,180.25 | $3,112,364.98 | $622,473.00",,2026-05-28T01:04:10.526568
MA,2025-03-01,2025-03-31,monthly,theScore Bet,theScore Bet,ESPN Bet,PENN Entertainment,online,,2651425915,175304028.0,,,154896449.0,,30979290.0,,0.0661168871467411,31,False,False,MA_theScore_Bet_cat3.pdf,,,,1,0,https://massgaming.com/wp-content/uploads/theScore-Bet-Cat.-3-Sports-Wagering-Revenue-Report-April-2026.pdf,https://massgaming.com/regulations/revenue/,MA/screenshots/MA_2026_05_MA_theScore_Bet_cat3_p1.png,"March 2025 | $26,623,222.95 | $26,514,259.15 | $1,753,040.28 | 6.61% | $66,558.06 | $1,548,964.49 | $309,792.90",,2026-05-28T01:04:40.124759
MA,2023-04-01,2023-04-30,monthly,DraftKings,DraftKings,DraftKings,DraftKings Inc,online,,28383792564,2896124787.0,,,2828399947.0,,565679989.0,,0.1020344543622842,30,False,False,MA_DraftKings_cat3.pdf,,,,1,0,https://massgaming.com/wp-content/uploads/DraftKings-Cat.-3-Sports-Wagering-Revenue-Report-April-2026.pdf,https://massgaming.com/regulations/revenue/,MA/screenshots/MA_2026_05_MA_DraftKings_cat3_p1.png,"April 2023 | $282,836,350.17 | $283,837,925.64 | $28,961,247.87 | 10.20% | $677,248.40 | $28,283,999.47 | $5,656,799.89",,2026-05-28T01:03:57.018904
MA,2023-04-01,2023-04-30,monthly,FanDuel,FanDuel,FanDuel,Flutter Entertainment,online,,17262776490,2209945720.0,,,2171420064.0,,434284013.0,,0.1280179767883908,30,False,False,MA_FanDuel_cat3.pdf,,,,1,0,https://massgaming.com/wp-content/uploads/FanDuel-Cat.-3-Sports-Wagering-Revenue-Report-April-2026.pdf,https://massgaming.com/regulations/revenue/,MA/screenshots/MA_2026_05_MA_FanDuel_cat3_p1.png,"April 2023 | $170,043,056.10 | $172,627,764.90 | $22,099,457.20 | 12.80% | $385,256.56 | $21,714,200.64 | $4,342,840.13",,2026-05-29T04:09:01.168509
MA,2025-01-01,2025-01-31,monthly,Caesars,Caesars,Caesars,Caesars Entertainment,online,,2304592172,127755661.0,,,122030161.0,,24406032.0,,0.055435257722467,31,False,False,MA_Caesars_cat3.pdf,,,,1,0,https://massgaming.com/wp-content/uploads/Caesars-Cat.-3-Sports-Wagering-Revenue-Report-April-2026.pdf,https://massgaming.com/regulations/revenue/,MA/screenshots/MA_2026_05_MA_Caesars_cat3_p1.png,"January 2025 | $22,908,561.43 | $23,045,921.72 | $1,277,556.61 | 5.54% | $57,255.00 | $1,220,301.61 | $244,060.32",,2026-05-28T01:03:42.619657
MA,2023-07-01,2023-07-31,monthly,Encore Boston Harbor,Encore Boston Harbor,Encore Boston Harbor,Wynn Resorts,retail,,323615100,35792300.0,,,34983200.0,,5247500.0,,0.1106014521572077,31,False,False,MA_Encore_Boston_Harbor_cat1.pdf,,,,1,0,https://massgaming.com/wp-content/uploads/Encore-Boston-Harbor-Cat.-1-Sports-Wagering-Revenue-Report-April-2026.pdf,https://massgaming.com/regulations/revenue/,MA/screenshots/MA_2026_05_MA_Encore_Boston_Harbor_cat1_p1.png,"July 2023 | $3,301,287.00 | $3,236,151.00 | $357,923.00 | 11.06% | $8,091.00 | $349,832.00 | $52,475.00",,2026-05-28T01:02:25.030900
MA,2024-03-01,2024-03-31,monthly,BetMGM,BetMGM,BetMGM,Entain/MGM Resorts,online,,4548398224,306280108.0,,,294909112.0,,58981822.0,,0.0673380150365655,31,False,False,MA_BetMGM_cat3.pdf,,,,1,0,https://massgaming.com/wp-content/uploads/BetMGM-Cat.-3-Sports-Wagering-Revenue-Report-April-2026.pdf,https://massgaming.com/regulations/revenue/,MA/screenshots/MA_2026_05_MA_BetMGM_cat3_p1.png,"March 2024 | $45,687,033.05 | $45,483,982.24 | $3,062,801.08 | 6.73% | $113,709.96 | $2,949,091.12 | $589,818.22",,2026-05-28T01:03:27.731285
MA,2023-06-01,2023-06-30,monthly,Encore Boston Harbor,Encore Boston Harbor,Encore Boston Harbor,Wynn Resorts,retail,,453624400,9193200.0,,,8059200.0,,1208900.0,,0.02026610561513,30,False,False,MA_Encore_Boston_Harbor_cat1.pdf,,,,1,0,https://massgaming.com/wp-content/uploads/Encore-Boston-Harbor-Cat.-1-Sports-Wagering-Revenue-Report-April-2026.pdf,https://massgaming.com/regulations/revenue/,MA/screenshots/MA_2026_05_MA_Encore_Boston_Harbor_cat1_p1.png,"June 2023 | $4,499,420.00 | $4,536,244.00 | $91,932.00 | 2.03% | $11,340.00 | $80,592.00 | $12,089.00",,2026-05-28T01:02:25.030900
MA,2026-03-01,2026-03-31,monthly,FanDuel,FanDuel,FanDuel,Flutter Entertainment,online,,17295491620,1904076187.0,,,1862137045.0,,372427409.0,,0.1100908970288061,31,False,False,MA_FanDuel_cat3.pdf,,,,1,0,https://massgaming.com/wp-content/uploads/FanDuel-Cat.-3-Sports-Wagering-Revenue-Report-April-2026.pdf,https://massgaming.com/regulations/revenue/,MA/screenshots/MA_2026_05_MA_FanDuel_cat3_p1.png,"March 2026 | $173,241,998.80 | $172,954,916.20 | $19,040,761.87 | 11.01% | $419,391.42 | $18,621,370.45 | $3,724,274.09",,2026-05-29T06:24:45.052041
MA,2024-03-01,2024-03-31,monthly,theScore Bet,theScore Bet,ESPN Bet,PENN Entertainment,online,,3440173324,257971544.0,,,249334194.0,,49866839.0,,0.0749879496478532,31,False,False,MA_theScore_Bet_cat3.pdf,,,,1,0,https://massgaming.com/wp-content/uploads/theScore-Bet-Cat.-3-Sports-Wagering-Revenue-Report-April-2026.pdf,https://massgaming.com/regulations/revenue/,MA/screenshots/MA_2026_05_MA_theScore_Bet_cat3_p1.png,"March 2024 | $34,549,399.23 | $34,401,733.24 | $2,579,715.44 | 7.50% | $86,373.50 | $2,493,341.94 | $498,668.39",,2026-05-28T01:04:40.124759
MA,2024-12-01,2024-12-31,monthly,Bally’s,Bally Bet,Bally Bet,Bally's Corporation,online,,452582293,36021004.0,,,34889548.0,,6977910.0,,0.0795899542627488,31,False,False,MA_Bally’s_cat3.pdf,,,,1,0,https://massgaming.com/wp-content/uploads/Ballys-Cat.-3-Sports-Wagering-Revenue-Report-April-2026.pdf,https://massgaming.com/regulations/revenue/,MA/screenshots/MA_2026_05_MA_Bally’s_cat3_p1.png,"December 2024 | $4,575,022.08 | $4,525,822.93 | $360,210.04 | 7.96% | $11,314.56 | $348,895.48 | $69,779.10",,2026-05-28T01:03:13.715727
MA,2025-08-01,2025-08-31,monthly,theScore Bet,theScore Bet,ESPN Bet,PENN Entertainment,online,,1577316946,155152184.0,,,151167129.0,,30233429.0,,0.0983646212598289,31,False,False,MA_theScore_Bet_cat3.pdf,,,,1,0,https://massgaming.com/wp-content/uploads/theScore-Bet-Cat.-3-Sports-Wagering-Revenue-Report-April-2026.pdf,https://massgaming.com/regulations/revenue/,MA/screenshots/MA_2026_05_MA_theScore_Bet_cat3_p1.png,"August 2025 | $15,940,218.33 | $15,773,169.46 | $1,551,521.84 | 9.84% | $39,850.55 | $1,511,671.29 | $302,334.29",,2026-05-28T01:04:40.124759
MA,2025-06-01,2025-06-30,monthly,Bally’s,Bally Bet,Bally Bet,Bally's Corporation,online,,398304034,23723453.0,,,22727693.0,,4545539.0,,0.0595611667844669,30,False,False,MA_Bally’s_cat3.pdf,,,,1,0,https://massgaming.com/wp-content/uploads/Ballys-Cat.-3-Sports-Wagering-Revenue-Report-April-2026.pdf,https://massgaming.com/regulations/revenue/,MA/screenshots/MA_2026_05_MA_Bally’s_cat3_p1.png,"June 2025 | $4,041,629.04 | $3,983,040.34 | $237,234.53 | 5.96% | $9,957.60 | $227,276.93 | $45,455.39",,2026-05-28T01:03:13.715727
MA,2025-04-01,2025-04-30,monthly,Caesars,Caesars,Caesars,Caesars Entertainment,online,,2114806006,75230453.0,,,69959153.0,,13991831.0,,0.0355732170168614,30,False,False,MA_Caesars_cat3.pdf,,,,1,0,https://massgaming.com/wp-content/uploads/Caesars-Cat.-3-Sports-Wagering-Revenue-Report-April-2026.pdf,https://massgaming.com/regulations/revenue/,MA/screenshots/MA_2026_05_MA_Caesars_cat3_p1.png,"April 2025 | $21,038,825.15 | $21,148,060.06 | $752,304.53 | 3.56% | $52,713.00 | $699,591.53 | $139,918.31",,2026-05-29T15:31:29.263564
MA,2024-09-01,2024-09-30,monthly,DraftKings,DraftKings,DraftKings,DraftKings Inc,online,,35519694134,3964223722.0,,,3879352616.0,,775870523.0,,0.111606358631489,30,False,False,MA_DraftKings_cat3.pdf,,,,1,0,https://massgaming.com/wp-content/uploads/DraftKings-Cat.-3-Sports-Wagering-Revenue-Report-April-2026.pdf,https://massgaming.com/regulations/revenue/,MA/screenshots/MA_2026_05_MA_DraftKings_cat3_p1.png,"September 2024 | $355,318,129.49 | $355,196,941.34 | $39,642,237.22 | 11.16% | $848,711.06 | $38,793,526.16 | $7,758,705.23",,2026-05-29T15:31:46.366864
MA,2023-06-01,2023-06-30,monthly,Fanatics,Fanatics,Fanatics,Fanatics Inc,online,,189749425,22468599.0,,,22160805.0,,4432161.0,,0.1184119477568904,30,False,False,MA_Fanatics_cat3.pdf,,,,1,0,https://massgaming.com/wp-content/uploads/Fanatics-Cat.-3-Sports-Wagering-Revenue-Report-April-2026.pdf,https://massgaming.com/regulations/revenue/,MA/screenshots/MA_2026_05_MA_Fanatics_cat3_p1.png,"June 2023 | $1,900,858.57 | $1,897,494.25 | $224,685.99 | 11.84% | $3,077.94 | $221,608.05 | $44,321.61",,2026-05-28T01:04:10.526568
MA,2024-12-01,2024-12-31,monthly,FanDuel,FanDuel,FanDuel,Flutter Entertainment,online,,24149316522,1941717097.0,,,1883048196.0,,376609639.0,,0.0804046398261871,31,False,False,MA_FanDuel_cat3.pdf,,,,1,0,https://massgaming.com/wp-content/uploads/FanDuel-Cat.-3-Sports-Wagering-Revenue-Report-April-2026.pdf,https://massgaming.com/regulations/revenue/,MA/screenshots/MA_2026_05_MA_FanDuel_cat3_p1.png,"December 2024 | $240,182,271.32 | $241,493,165.22 | $19,417,170.97 | 8.04% | $586,689.01 | $18,830,481.96 | $3,766,096.39",,2026-05-28T01:04:24.920493
MA,2026-02-01,2026-02-28,monthly,BetMGM,BetMGM,BetMGM,Entain/MGM Resorts,online,,4783212565,516862208.0,,,504904177.0,,100980835.0,,0.1080575452117712,28,False,False,MA_BetMGM_cat3.pdf,,,,1,0,https://massgaming.com/wp-content/uploads/BetMGM-Cat.-3-Sports-Wagering-Revenue-Report-April-2026.pdf,https://massgaming.com/regulations/revenue/,MA/screenshots/MA_2026_05_MA_BetMGM_cat3_p1.png,"February 2026 | $47,211,392.29 | $47,832,125.65 | $5,168,622.08 | 10.81% | $119,580.31 | $5,049,041.77 | $1,009,808.35",,2026-05-28T13:48:56.457597
MA,2026-04-01,2026-04-30,monthly,BetMGM,BetMGM,BetMGM,Entain/MGM Resorts,online,,5001582126,562000866.0,,,549496911.0,,109899382.0,,0.1123646182032121,30,False,False,MA_BetMGM_cat3.pdf,,,,1,0,https://massgaming.com/wp-content/uploads/BetMGM-Cat.-3-Sports-Wagering-Revenue-Report-April-2026.pdf,https://massgaming.com/regulations/revenue/,MA/screenshots/MA_2026_05_MA_BetMGM_cat3_p1.png,"April 2026 | $49,995,059.16 | $50,015,821.26 | $5,620,008.66 | 11.24% | $125,039.55 | $5,494,969.11 | $1,098,993.82",,2026-05-28T01:03:27.731285
MA,2023-11-01,2023-11-30,monthly,BetMGM,BetMGM,BetMGM,Entain/MGM Resorts,online,,3893409043,308993144.0,,,299259621.0,,59851924.0,,0.079363134103657,30,False,False,MA_BetMGM_cat3.pdf,,,,1,0,https://massgaming.com/wp-content/uploads/BetMGM-Cat.-3-Sports-Wagering-Revenue-Report-April-2026.pdf,https://massgaming.com/regulations/revenue/,MA/screenshots/MA_2026_05_MA_BetMGM_cat3_p1.png,"November 2023 | $38,731,340.08 | $38,934,090.43 | $3,089,931.44 | 7.94% | $97,335.23 | $2,992,596.21 | $598,519.24",,2026-05-28T01:03:27.731285
MA,2023-03-01,2023-03-31,monthly,FanDuel,FanDuel,FanDuel,Flutter Entertainment,online,,18108519557,1634264248.0,,,1600299972.0,,320059994.0,,0.0902483630898618,31,False,False,MA_FanDuel_cat3.pdf,,,,1,0,https://massgaming.com/wp-content/uploads/FanDuel-Cat.-3-Sports-Wagering-Revenue-Report-April-2026.pdf,https://massgaming.com/regulations/revenue/,MA/screenshots/MA_2026_05_MA_FanDuel_cat3_p1.png,"March 2023 | $186,699,038.44 | $181,085,195.57 $16,342,642.48 | 9.02% | $339,642.76 | $16,002,999.72 | $3,200,599.94",,2026-05-28T01:04:24.920493
MA,2023-10-01,2023-10-31,monthly,Caesars,Caesars,Caesars,Caesars Entertainment,online,,1836924028,130980299.0,,,126487099.0,,25297420.0,,0.071304145954587,31,False,False,MA_Caesars_cat3.pdf,,,,1,0,https://massgaming.com/wp-content/uploads/Caesars-Cat.-3-Sports-Wagering-Revenue-Report-April-2026.pdf,https://massgaming.com/regulations/revenue/,MA/screenshots/MA_2026_05_MA_Caesars_cat3_p1.png,"October 2023 | $18,079,139.36 | $18,369,240.28 | $1,309,802.99 | 7.13% | $44,932.00 | $1,264,870.99 | $252,974.20",,2026-05-28T01:03:42.619657
MA,2024-09-01,2024-09-30,monthly,BetMGM,BetMGM,BetMGM,Entain/MGM Resorts,online,,4558705885,557253845.0,,,545857080.0,,109171416.0,,0.1222394817866167,30,False,False,MA_BetMGM_cat3.pdf,,,,1,0,https://massgaming.com/wp-content/uploads/BetMGM-Cat.-3-Sports-Wagering-Revenue-Report-April-2026.pdf,https://massgaming.com/regulations/revenue/,MA/screenshots/MA_2026_05_MA_BetMGM_cat3_p1.png,"September 2024 | $45,101,881.92 | $45,587,058.85 | $5,572,538.45 | 12.22% | $113,967.65 | $5,458,570.80 | $1,091,714.16",,2026-05-28T01:03:27.731285
MA,2024-03-01,2024-03-31,monthly,Plainridge Park Casino,Plainridge Park,ESPN Bet,PENN Entertainment,retail,,468047957,45629670.0,,,44441772.0,,6666266.0,,0.0974893049260762,31,False,False,MA_Plainridge_Park_Casino_cat1.pdf,,,,1,0,https://massgaming.com/wp-content/uploads/Plainridge-Park-Casino-Cat.-1-Sports-Wagering-Revenue-Report-April-2026.pdf,https://massgaming.com/regulations/revenue/,MA/screenshots/MA_2026_05_MA_Plainridge_Park_Casino_cat1_p1.png,"March 2024 | $4,751,392.86 | $4,680,479.57 | $456,296.70 | 9.75% | $11,878.48 | $444,417.72 | $66,662.66",,2026-05-28T01:03:01.526750
MA,2024-06-01,2024-06-30,monthly,DraftKings,DraftKings,DraftKings,DraftKings Inc,online,,26366141783,1998352281.0,,,1934884851.0,,386976970.0,,0.0757923664921073,30,False,False,MA_DraftKings_cat3.pdf,,,,1,0,https://massgaming.com/wp-content/uploads/DraftKings-Cat.-3-Sports-Wagering-Revenue-Report-April-2026.pdf,https://massgaming.com/regulations/revenue/,MA/screenshots/MA_2026_05_MA_DraftKings_cat3_p1.png,"June 2024 | $261,029,467.20 | $263,661,417.83 | $19,983,522.81 | 7.58% | $634,674.30 | $19,348,848.51 | $3,869,769.70",,2026-05-28T01:03:57.018904
MA,2023-11-01,2023-11-30,monthly,MGM Springfield,MGM Springfield,MGM Springfield,MGM Resorts,retail,,293497865,7517295.0,,,6783550.0,,1017533.0,,0.0256127757522188,30,False,False,MA_MGM_Springfield_cat1.pdf,,,,1,0,https://massgaming.com/wp-content/uploads/MGM-Springfield-Cat.-1-Sports-Wagering-Revenue-Report-April-2026.pdf,https://massgaming.com/regulations/revenue/,MA/screenshots/MA_2026_05_MA_MGM_Springfield_cat1_p1.png,"November 2023 | $2,896,284.75 | $2,934,978.65 | $75,172.95 | 2.56% | $7,337.45 | $67,835.50 | $10,175.33",,2026-05-29T06:22:43.065167
MA,2026-03-01,2026-03-31,monthly,Encore Boston Harbor,Encore Boston Harbor,Encore Boston Harbor,Wynn Resorts,retail,,426997100,29488600.0,,,,,,,0.0690604221902209,31,False,False,MA_Encore_Boston_Harbor_cat1.pdf,,,,1,0,https://massgaming.com/wp-content/uploads/Encore-Boston-Harbor-Cat.-1-Sports-Wagering-Revenue-Report-April-2026.pdf,https://massgaming.com/regulations/revenue/,MA/screenshots/MA_2026_05_MA_Encore_Boston_Harbor_cat1_p1.png,"March 2026 | $4,310,484.00 | $4,269,971.00 | $294,886.00 | 6.91% | $ 10,675.00 | $ 2 84,211.00 | $ 4 2,632.00",,2026-05-28T01:02:25.030900
MA,2026-03-01,2026-03-31,monthly,MGM Springfield,MGM Springfield,MGM Springfield,MGM Resorts,retail,,118008930,4635675.0,,,4340653.0,,651098.0,,0.03928240854315,31,False,False,MA_MGM_Springfield_cat1.pdf,,,,1,0,https://massgaming.com/wp-content/uploads/MGM-Springfield-Cat.-1-Sports-Wagering-Revenue-Report-April-2026.pdf,https://massgaming.com/regulations/revenue/,MA/screenshots/MA_2026_05_MA_MGM_Springfield_cat1_p1.png,"March 2026 | $1,248,543.95 | $1,180,089.30 | $46,356.75 | 3.93% | $2,950.22 | $43,406.53 | $6,510.98",,2026-05-28T01:02:42.816977
MA,2023-05-01,2023-05-31,monthly,theScore Bet,theScore Bet,ESPN Bet,PENN Entertainment,online,,1602515486,183023138.0,,,178497028.0,,35699406.0,,0.1142099028676718,31,False,False,MA_theScore_Bet_cat3.pdf,,,,1,0,https://massgaming.com/wp-content/uploads/theScore-Bet-Cat.-3-Sports-Wagering-Revenue-Report-April-2026.pdf,https://massgaming.com/regulations/revenue/,MA/screenshots/MA_2026_05_MA_theScore_Bet_cat3_p1.png,"May 2023 | $18,104,439.13 | $16,025,154.86 | $1,830,231.38 | 11.42% | $45,261.10 | $1,784,970.28 | $356,994.06",,2026-05-28T01:04:40.124759
MA,2025-01-01,2025-01-31,monthly,Bally’s,Bally Bet,Bally Bet,Bally's Corporation,online,,474309648,50585410.0,,,49399636.0,,9879927.0,,0.1066506030676399,31,False,False,MA_Bally’s_cat3.pdf,,,,1,0,https://massgaming.com/wp-content/uploads/Ballys-Cat.-3-Sports-Wagering-Revenue-Report-April-2026.pdf,https://massgaming.com/regulations/revenue/,MA/screenshots/MA_2026_05_MA_Bally’s_cat3_p1.png,"January 2025 | $4,791,411.93 | $4,743,096.48 | $505,854.10 | 10.67% | $11,857.74 | $493,996.36 | $98,799.27",,2026-05-28T01:03:13.715727
MA,2025-10-01,2025-10-31,monthly,BetMGM,BetMGM,BetMGM,Entain/MGM Resorts,online,,5496333708,370107205.0,,,356366371.0,,71273274.0,,0.0673371059077623,31,False,False,MA_BetMGM_cat3.pdf,,,,1,0,https://massgaming.com/wp-content/uploads/BetMGM-Cat.-3-Sports-Wagering-Revenue-Report-April-2026.pdf,https://massgaming.com/regulations/revenue/,MA/screenshots/MA_2026_05_MA_BetMGM_cat3_p1.png,"October 2025 | $55,435,179.68 | $54,963,337.08 | $3,701,072.05 | 6.73% | $137,408.34 | $3,563,663.71 | $712,732.74",,2026-05-28T08:44:46.746910
MA,2023-11-01,2023-11-30,monthly,Caesars,Caesars,Caesars,Caesars Entertainment,online,,2738780435,40673864.0,,,33889164.0,,6777833.0,,0.0148510860820429,30,False,False,MA_Caesars_cat3.pdf,,,,1,0,https://massgaming.com/wp-content/uploads/Caesars-Cat.-3-Sports-Wagering-Revenue-Report-April-2026.pdf,https://massgaming.com/regulations/revenue/,MA/screenshots/MA_2026_05_MA_Caesars_cat3_p1.png,"November 2023 | $27,323,960.24 | $27,387,804.35 | $406,738.64 | 1.49% | $67,847.00 | $338,891.64 | $67,778.33",,2026-05-28T12:19:54.149735
MA,2025-12-01,2025-12-31,monthly,BetMGM,BetMGM,BetMGM,Entain/MGM Resorts,online,,5044459323,563429858.0,,,550818710.0,,110163742.0,,0.1116928142191701,31,False,False,MA_BetMGM_cat3.pdf,,,,1,0,https://massgaming.com/wp-content/uploads/BetMGM-Cat.-3-Sports-Wagering-Revenue-Report-April-2026.pdf,https://massgaming.com/regulations/revenue/,MA/screenshots/MA_2026_05_MA_BetMGM_cat3_p1.png,"December 2025 | $50,392,447.32 | $50,444,593.23 | $5,634,298.58 | 11.17% | $126,111.48 | $5,508,187.10 | $1,101,637.42",,2026-05-28T13:48:56.457597
MA,2025-12-01,2025-12-31,monthly,MGM Springfield,MGM Springfield,MGM Springfield,MGM Resorts,retail,,117573605,25480315.0,,,21658386.0,,3248758.0,,0.2167179870005687,31,False,False,MA_MGM_Springfield_cat1.pdf,,,,1,0,https://massgaming.com/wp-content/uploads/MGM-Springfield-Cat.-1-Sports-Wagering-Revenue-Report-April-2026.pdf,https://massgaming.com/regulations/revenue/,MA/screenshots/MA_2026_05_MA_MGM_Springfield_cat1_p1.png,"December 2025 | $1,190,433.95 | $1,175,736.05 | $254,803.15 | 21.67% | $2,939.34 | $216,583.86 | $32,487.58",,2026-05-28T01:02:42.816977
MA,2024-01-01,2024-01-31,monthly,DraftKings,DraftKings,DraftKings,DraftKings Inc,online,,31141440186,3692164276.0,,,3616292506.0,,723258501.0,,0.1185611280001062,31,False,False,MA_DraftKings_cat3.pdf,,,,1,0,https://massgaming.com/wp-content/uploads/DraftKings-Cat.-3-Sports-Wagering-Revenue-Report-April-2026.pdf,https://massgaming.com/regulations/revenue/,MA/screenshots/MA_2026_05_MA_DraftKings_cat3_p1.png,"January 2024 | $311,266,380.53 | $311,414,401.86 | $36,921,642.76 | 11.86% | $758,717.70 | $36,162,925.06 | $7,232,585.01",,2026-05-28T13:49:25.346760
MA,2023-11-01,2023-11-30,monthly,DraftKings,DraftKings,DraftKings,DraftKings Inc,online,,31999456800,2719010887.0,,,2641234118.0,,528246824.0,,0.0849705325935407,30,False,False,MA_DraftKings_cat3.pdf,,,,1,0,https://massgaming.com/wp-content/uploads/DraftKings-Cat.-3-Sports-Wagering-Revenue-Report-April-2026.pdf,https://massgaming.com/regulations/revenue/,MA/screenshots/MA_2026_05_MA_DraftKings_cat3_p1.png,"November 2023 | $320,097,695.38 | $319,994,568.00 | $27,190,108.87 | 8.50% | $777,767.69 | $26,412,341.18 | $5,282,468.24",,2026-05-29T06:24:09.466122
MA,2025-09-01,2025-09-30,monthly,Plainridge Park Casino,Plainridge Park,ESPN Bet,PENN Entertainment,retail,,482103561,17771679.0,,,16542473.0,,2481371.0,,0.0368627830981733,30,False,False,MA_Plainridge_Park_Casino_cat1.pdf,,,,1,0,https://massgaming.com/wp-content/uploads/Plainridge-Park-Casino-Cat.-1-Sports-Wagering-Revenue-Report-April-2026.pdf,https://massgaming.com/regulations/revenue/,MA/screenshots/MA_2026_05_MA_Plainridge_Park_Casino_cat1_p1.png,"September 2025 | $4,831,658.11 | $4,821,035.61 | $177,716.79 | 3.69% | $12,292.06 | $165,424.73 | $24,813.71",,2026-05-28T01:03:01.526750
MA,2024-03-01,2024-03-31,monthly,FanDuel,FanDuel,FanDuel,Flutter Entertainment,online,,19044055288,1566022859.0,,,1519309728.0,,303861946.0,,0.0822315854116837,31,False,False,MA_FanDuel_cat3.pdf,,,,1,0,https://massgaming.com/wp-content/uploads/FanDuel-Cat.-3-Sports-Wagering-Revenue-Report-April-2026.pdf,https://massgaming.com/regulations/revenue/,MA/screenshots/MA_2026_05_MA_FanDuel_cat3_p1.png,"March 2024 | $191,259,022.72 | $190,440,552.88 | $15,660,228.59 | 8.22% | $467,131.31 | $15,193,097.28 | $3,038,619.46",,2026-05-28T01:04:24.920493
MA,2024-09-01,2024-09-30,monthly,Encore Boston Harbor,Encore Boston Harbor,Encore Boston Harbor,Wynn Resorts,retail,,543982600,75692500.0,,,74332600.0,,11149900.0,,0.1391450755961679,30,False,False,MA_Encore_Boston_Harbor_cat1.pdf,,,,1,0,https://massgaming.com/wp-content/uploads/Encore-Boston-Harbor-Cat.-1-Sports-Wagering-Revenue-Report-April-2026.pdf,https://massgaming.com/regulations/revenue/,MA/screenshots/MA_2026_05_MA_Encore_Boston_Harbor_cat1_p1.png,"September 2024 | $5,418,785.00 | $5,439,826.00 | $756,925.00 | 13.91% | $13,600.00 | $743,326.00 | $111,499.00",,2026-05-28T01:02:25.030900
MA,2023-02-01,2023-02-28,monthly,Encore Boston Harbor,Encore Boston Harbor,Encore Boston Harbor,Wynn Resorts,retail,,1690061483,90078378.0,,,85853278.0,,11764540.0,,0.0532988763462636,28,False,False,MA_Encore_Boston_Harbor_cat1.pdf,,,,1,0,https://massgaming.com/wp-content/uploads/Encore-Boston-Harbor-Cat.-1-Sports-Wagering-Revenue-Report-April-2026.pdf,https://massgaming.com/regulations/revenue/,MA/screenshots/MA_2026_05_MA_Encore_Boston_Harbor_cat1_p1.png,"February 2023 | $17,272,656.25 | $16,900,614.83 | $900,783.78 | 5.30% | $42,251.00 | $858,532.78 | $117,645.40",,2026-05-28T10:39:26.951481
MA,2024-09-01,2024-09-30,monthly,FanDuel,FanDuel,FanDuel,Flutter Entertainment,online,,18240613554,2249572807.0,,,2205668223.0,,441133645.0,,0.1233276940131594,30,False,False,MA_FanDuel_cat3.pdf,,,,1,0,https://massgaming.com/wp-content/uploads/FanDuel-Cat.-3-Sports-Wagering-Revenue-Report-April-2026.pdf,https://massgaming.com/regulations/revenue/,MA/screenshots/MA_2026_05_MA_FanDuel_cat3_p1.png,"September 2024 | $182,728,116.79 | $182,406,135.54 | $22,495,728.07 | 12.33% | $439,045.84 | $22,056,682.23 | $4,411,336.45",,2026-05-28T01:04:24.920493
MA,2024-07-01,2024-07-31,monthly,Bally’s,Bally Bet,Bally Bet,Bally's Corporation,online,,241611696,11766441.0,,,11162412.0,,2232432.0,,0.0486997988706639,31,False,False,MA_Bally’s_cat3.pdf,,,,1,0,https://massgaming.com/wp-content/uploads/Ballys-Cat.-3-Sports-Wagering-Revenue-Report-April-2026.pdf,https://massgaming.com/regulations/revenue/,MA/screenshots/MA_2026_05_MA_Bally’s_cat3_p1.png,"July 2024 | $2,442,197.84 | $2,416,116.96 | $117,664.41 | 4.87% | $6,040.29 | $111,624.12 | $22,324.32",,2026-05-28T01:03:13.715727
MA,2024-02-01,2024-02-29,monthly,theScore Bet,theScore Bet,ESPN Bet,PENN Entertainment,online,,3062094089,223206420.0,,,215576242.0,,43115248.0,,0.0728933904421249,29,False,False,MA_theScore_Bet_cat3.pdf,,,,1,0,https://massgaming.com/wp-content/uploads/theScore-Bet-Cat.-3-Sports-Wagering-Revenue-Report-April-2026.pdf,https://massgaming.com/regulations/revenue/,MA/screenshots/MA_2026_05_MA_theScore_Bet_cat3_p1.png,"February 2024 | $30,520,711.93 | $30,620,940.89 | $2,232,064.20 | 7.29% | $76,301.78 | $2,155,762.42 | $431,152.48",,2026-05-28T01:04:40.124759
MA,2026-02-01,2026-02-28,monthly,MGM Springfield,MGM Springfield,MGM Springfield,MGM Resorts,retail,,101140920,13142970.0,,,12890118.0,,1933518.0,,0.1299471074615497,28,False,False,MA_MGM_Springfield_cat1.pdf,,,,1,0,https://massgaming.com/wp-content/uploads/MGM-Springfield-Cat.-1-Sports-Wagering-Revenue-Report-April-2026.pdf,https://massgaming.com/regulations/revenue/,MA/screenshots/MA_2026_05_MA_MGM_Springfield_cat1_p1.png,"February 2026 | $960,269.85 | $1,011,409.20 | $131,429.70 | 12.99% | $2,528.52 | $128,901.18 | $19,335.18",,2026-05-28T01:02:42.816977
MA,2024-07-01,2024-07-31,monthly,DraftKings,DraftKings,DraftKings,DraftKings Inc,online,,20207308092,2080967540.0,,,2031330482.0,,406266096.0,,0.1029809379124499,31,False,False,MA_DraftKings_cat3.pdf,,,,1,0,https://massgaming.com/wp-content/uploads/DraftKings-Cat.-3-Sports-Wagering-Revenue-Report-April-2026.pdf,https://massgaming.com/regulations/revenue/,MA/screenshots/MA_2026_05_MA_DraftKings_cat3_p1.png,"July 2024 | $203,095,513.53 | $202,073,080.92 | $20,809,675.40 | 10.30% | $496,370.58 | $20,313,304.82 | $4,062,660.96",,2026-05-28T19:38:11.251951
MA,2025-02-01,2025-02-28,monthly,BetMGM,BetMGM,BetMGM,Entain/MGM Resorts,online,,5455388508,484100260.0,,,470461789.0,,94092358.0,,0.0887379990059545,28,False,False,MA_BetMGM_cat3.pdf,,,,1,0,https://massgaming.com/wp-content/uploads/BetMGM-Cat.-3-Sports-Wagering-Revenue-Report-April-2026.pdf,https://massgaming.com/regulations/revenue/,MA/screenshots/MA_2026_05_MA_BetMGM_cat3_p1.png,"February 2025 | $54,169,142.38 | $54,553,885.08 | $4,841,002.60 | 8.87% | $136,384.71 | $4,704,617.89 | $940,923.58",,2026-05-28T08:44:46.746910
MA,2024-12-01,2024-12-31,monthly,Plainridge Park Casino,Plainridge Park,ESPN Bet,PENN Entertainment,retail,,429024473,7494632.0,,,6403741.0,,960561.0,,0.0174690081141361,31,False,False,MA_Plainridge_Park_Casino_cat1.pdf,,,,1,0,https://massgaming.com/wp-content/uploads/Plainridge-Park-Casino-Cat.-1-Sports-Wagering-Revenue-Report-April-2026.pdf,https://massgaming.com/regulations/revenue/,MA/screenshots/MA_2026_05_MA_Plainridge_Park_Casino_cat1_p1.png,"December 2024 | $4,365,191.05 | $4,290,244.73 | $74,946.32 | 1.75% | $10,908.91 | $64,037.41 | $9,605.61",,2026-05-28T01:03:01.526750
MA,2023-08-01,2023-08-31,monthly,FanDuel,FanDuel,FanDuel,Flutter Entertainment,online,,7942128292,762492689.0,,,742865554.0,,148573110.0,,0.0960060906807623,31,False,False,MA_FanDuel_cat3.pdf,,,,1,0,https://massgaming.com/wp-content/uploads/FanDuel-Cat.-3-Sports-Wagering-Revenue-Report-April-2026.pdf,https://massgaming.com/regulations/revenue/,MA/screenshots/MA_2026_05_MA_FanDuel_cat3_p1.png,"August 2023 | $81,017,136.97 | $79,421,282.92 | $7,624,926.89 | 9.60% | $196,271.35 | $7,428,655.54 | $1,485,731.10",,2026-05-28T01:04:24.920493
MA,2023-06-01,2023-06-30,monthly,Caesars,Caesars,Caesars,Caesars Entertainment,online,,1268780589,68702352.0,,,65530552.0,,13106110.0,,0.0541483315520679,30,False,False,MA_Caesars_cat3.pdf,,,,1,0,https://massgaming.com/wp-content/uploads/Caesars-Cat.-3-Sports-Wagering-Revenue-Report-April-2026.pdf,https://massgaming.com/regulations/revenue/,MA/screenshots/MA_2026_05_MA_Caesars_cat3_p1.png,"June 2023 | $12,639,101.78 | $12,687,805.89 | $687,023.52 | 5.41% | $31,718.00 | $655,305.52 | $131,061.10",,2026-05-28T10:40:51.662473
MA,2024-03-01,2024-03-31,monthly,MGM Springfield,MGM Springfield,MGM Springfield,MGM Resorts,retail,,229634820,3584850.0,,,3010763.0,,451614.0,,0.0156110906873792,31,False,False,MA_MGM_Springfield_cat1.pdf,,,,1,0,https://massgaming.com/wp-content/uploads/MGM-Springfield-Cat.-1-Sports-Wagering-Revenue-Report-April-2026.pdf,https://massgaming.com/regulations/revenue/,MA/screenshots/MA_2026_05_MA_MGM_Springfield_cat1_p1.png,"March 2024 | $2,432,935.90 | $2,296,348.20 | $35,848.50 | 1.56% | $5,740.98 | $30,107.63 | $4,516.14",,2026-05-28T14:24:58.758906
MA,2023-05-01,2023-05-31,monthly,DraftKings,DraftKings,DraftKings,DraftKings Inc,online,,22109742558,3062527326.0,,,3009216056.0,,601843211.0,,0.1385148342621421,31,False,False,MA_DraftKings_cat3.pdf,,,,1,0,https://massgaming.com/wp-content/uploads/DraftKings-Cat.-3-Sports-Wagering-Revenue-Report-April-2026.pdf,https://massgaming.com/regulations/revenue/,MA/screenshots/MA_2026_05_MA_DraftKings_cat3_p1.png,"May 2023 | $221,471,063.27 | $221,097,425.58 | $30,625,273.26 | 13.85% | $533,112.70 | $30,092,160.56 | $6,018,432.11",,2026-05-28T01:03:57.018904
MA,2023-12-01,2023-12-31,monthly,Caesars,Caesars,Caesars,Caesars Entertainment,online,,2420655135,107208388.0,,,101216288.0,,20243258.0,,0.0442889969950221,31,False,False,MA_Caesars_cat3.pdf,,,,1,0,https://massgaming.com/wp-content/uploads/Caesars-Cat.-3-Sports-Wagering-Revenue-Report-April-2026.pdf,https://massgaming.com/regulations/revenue/,MA/screenshots/MA_2026_05_MA_Caesars_cat3_p1.png,"December 2023 | $23,864,739.50 | $24,206,551.35 | $1,072,083.88 | 4.43% | $59,921.00 | $1,012,162.88 | $202,432.58",,2026-05-29T00:22:47.763106
MA,2026-03-01,2026-03-31,monthly,BetMGM,BetMGM,BetMGM,Entain/MGM Resorts,online,,5232082098,516322822.0,,,503242617.0,,100648523.0,,0.0986840061621678,31,False,False,MA_BetMGM_cat3.pdf,,,,1,0,https://massgaming.com/wp-content/uploads/BetMGM-Cat.-3-Sports-Wagering-Revenue-Report-April-2026.pdf,https://massgaming.com/regulations/revenue/,MA/screenshots/MA_2026_05_MA_BetMGM_cat3_p1.png,"March 2026 | $52,650,491.52 | $52,320,820.98 | $5,163,228.22 | 9.87% | $130,802.05 | $5,032,426.17 | $1,006,485.23",,2026-05-28T01:03:27.731285
MA,2023-09-01,2023-09-30,monthly,BetMGM,BetMGM,BetMGM,Entain/MGM Resorts,online,,3353302496,368726687.0,,,360343431.0,,72068686.0,,0.1099592677486856,30,False,False,MA_BetMGM_cat3.pdf,,,,1,0,https://massgaming.com/wp-content/uploads/BetMGM-Cat.-3-Sports-Wagering-Revenue-Report-April-2026.pdf,https://massgaming.com/regulations/revenue/,MA/screenshots/MA_2026_05_MA_BetMGM_cat3_p1.png,"September 2023 | $34,549,162.60 | $33,533,024.96 | $3,687,266.87 | 11.00% | $83,832.56 | $3,603,434.31 | $720,686.86",,2026-05-28T01:03:27.731285
MA,2024-10-01,2024-10-31,monthly,Bally’s,Bally Bet,Bally Bet,Bally's Corporation,online,,509496971,36563253.0,,,35289511.0,,7057902.0,,0.0717634354689814,31,False,False,MA_Bally’s_cat3.pdf,,,,1,0,https://massgaming.com/wp-content/uploads/Ballys-Cat.-3-Sports-Wagering-Revenue-Report-April-2026.pdf,https://massgaming.com/regulations/revenue/,MA/screenshots/MA_2026_05_MA_Bally’s_cat3_p1.png,"October 2024 | $5,152,390.52 | $5,094,969.71 | $365,632.53 | 7.18% | $12,737.42 | $352,895.11 | $70,579.02",,2026-05-28T01:03:13.715727
MA,2024-08-01,2024-08-31,monthly,Bally’s,Bally Bet,Bally Bet,Bally's Corporation,online,,243403889,22845675.0,,,22237165.0,,4447433.0,,0.0938591207143777,31,False,False,MA_Bally’s_cat3.pdf,,,,1,0,https://massgaming.com/wp-content/uploads/Ballys-Cat.-3-Sports-Wagering-Revenue-Report-April-2026.pdf,https://massgaming.com/regulations/revenue/,MA/screenshots/MA_2026_05_MA_Bally’s_cat3_p1.png,"August 2024 | $2,470,250.06 | $2,434,038.89 | $228,456.75 | 9.39% | $6,085.10 | $222,371.65 | $44,474.33",,2026-05-28T01:03:13.715727
MA,2026-01-01,2026-01-31,monthly,Plainridge Park Casino,Plainridge Park,ESPN Bet,PENN Entertainment,retail,,466000661,7538243.0,,,6348484.0,,952273.0,,0.016176464178878,31,False,False,MA_Plainridge_Park_Casino_cat1.pdf,,,,1,0,https://massgaming.com/wp-content/uploads/Plainridge-Park-Casino-Cat.-1-Sports-Wagering-Revenue-Report-April-2026.pdf,https://massgaming.com/regulations/revenue/,MA/screenshots/MA_2026_05_MA_Plainridge_Park_Casino_cat1_p1.png,"January 2026 | $4,706,613.35 | $4,660,006.61 | $75,382.43 | 1.62% | $11,897.59 | $63,484.84 | $9,522.73",,2026-05-28T01:03:01.526750
MA,2023-10-01,2023-10-31,monthly,BetMGM,BetMGM,BetMGM,Entain/MGM Resorts,online,,3502085043,436296620.0,,,427541407.0,,85508281.0,,0.1245819603587507,31,False,False,MA_BetMGM_cat3.pdf,,,,1,0,https://massgaming.com/wp-content/uploads/BetMGM-Cat.-3-Sports-Wagering-Revenue-Report-April-2026.pdf,https://massgaming.com/regulations/revenue/,MA/screenshots/MA_2026_05_MA_BetMGM_cat3_p1.png,"October 2023 | $34,605,089.02 | $35,020,850.43 | $4,362,966.20 | 12.46% | $87,552.13 | $4,275,414.07 | $855,082.81",,2026-05-28T01:03:27.731285
MA,2025-02-01,2025-02-28,monthly,Bally’s,Bally Bet,Bally Bet,Bally's Corporation,online,,375767768,28655077.0,,,27715658.0,,5543132.0,,0.0762574106675376,28,False,False,MA_Bally’s_cat3.pdf,,,,1,0,https://massgaming.com/wp-content/uploads/Ballys-Cat.-3-Sports-Wagering-Revenue-Report-April-2026.pdf,https://massgaming.com/regulations/revenue/,MA/screenshots/MA_2026_05_MA_Bally’s_cat3_p1.png,"February 2025 | $3,794,250.04 | $3,757,677.68 | $286,550.77 | 7.63% | $9,394.19 | $277,156.58 | $55,431.32",,2026-05-28T01:03:13.715727
MA,2025-07-01,2025-07-31,monthly,BetMGM,BetMGM,BetMGM,Entain/MGM Resorts,online,,3795601989,451097475.0,,,441608470.0,,88321694.0,,0.1188474124282054,31,False,False,MA_BetMGM_cat3.pdf,,,,1,0,https://massgaming.com/wp-content/uploads/BetMGM-Cat.-3-Sports-Wagering-Revenue-Report-April-2026.pdf,https://massgaming.com/regulations/revenue/,MA/screenshots/MA_2026_05_MA_BetMGM_cat3_p1.png,"July 2025 FY26 | $38,073,492.39 | $37,956,019.89 | $4,510,974.75 | 11.88% | $94,890.05 | $4,416,084.70 | $883,216.94",,2026-05-28T01:03:27.731285
MA,2024-12-01,2024-12-31,monthly,theScore Bet,theScore Bet,ESPN Bet,PENN Entertainment,online,,2979795998,122325621.0,,,114938100.0,,22987620.0,,0.0410516763839213,31,False,False,MA_theScore_Bet_cat3.pdf,,,,1,0,https://massgaming.com/wp-content/uploads/theScore-Bet-Cat.-3-Sports-Wagering-Revenue-Report-April-2026.pdf,https://massgaming.com/regulations/revenue/,MA/screenshots/MA_2026_05_MA_theScore_Bet_cat3_p1.png,"December 2024 | $29,550,084.00 | $29,797,959.98 | $1,223,256.21 | 4.11% | $73,875.21 | $1,149,381.00 | $229,876.20",,2026-05-29T10:10:56.753531
MA,2024-12-01,2024-12-31,monthly,Fanatics,Fanatics,Fanatics,Fanatics Inc,online,,4692774505,258311981.0,,,246930549.0,,49386110.0,,0.0550446182156796,31,False,False,MA_Fanatics_cat3.pdf,,,,1,0,https://massgaming.com/wp-content/uploads/Fanatics-Cat.-3-Sports-Wagering-Revenue-Report-April-2026.pdf,https://massgaming.com/regulations/revenue/,MA/screenshots/MA_2026_05_MA_Fanatics_cat3_p1.png,"December 2024 | $46,868,038.19 | $46,927,745.05 | $2,583,119.81 | 5.50% | $113,814.32 | $2,469,305.49 | $493,861.10",,2026-05-29T00:23:18.462959
MA,2024-12-01,2024-12-31,monthly,BetMGM,BetMGM,BetMGM,Entain/MGM Resorts,online,,6505098788,420491583.0,,,404228836.0,,80845767.0,,0.0646403070427898,31,False,False,MA_BetMGM_cat3.pdf,,,,1,0,https://massgaming.com/wp-content/uploads/BetMGM-Cat.-3-Sports-Wagering-Revenue-Report-April-2026.pdf,https://massgaming.com/regulations/revenue/,MA/screenshots/MA_2026_05_MA_BetMGM_cat3_p1.png,"December 2024 | $64,453,329.10 | $65,050,987.88 | $4,204,915.83 | 6.46% | $162,627.47 | $4,042,288.36 | $808,457.67",,2026-05-28T08:44:46.746910
MA,2024-01-01,2024-01-31,monthly,Caesars,Caesars,Caesars,Caesars Entertainment,online,,2253476688,108850779.0,,,103284579.0,,20656916.0,,0.0483034857114971,31,False,False,MA_Caesars_cat3.pdf,,,,1,0,https://massgaming.com/wp-content/uploads/Caesars-Cat.-3-Sports-Wagering-Revenue-Report-April-2026.pdf,https://massgaming.com/regulations/revenue/,MA/screenshots/MA_2026_05_MA_Caesars_cat3_p1.png,"January 2024 | $22,520,526.02 | $22,534,766.88 | $1,088,507.79 | 4.83% | $55,662.00 | $1,032,845.79 | $206,569.16",,2026-05-28T10:40:51.662473
MA,2025-01-01,2025-01-31,monthly,MGM Springfield,MGM Springfield,MGM Springfield,MGM Resorts,retail,,111166570,0.0,,,0.0,,0.0,,0.0,31,False,False,MA_MGM_Springfield_cat1.pdf,,,,1,0,https://massgaming.com/wp-content/uploads/MGM-Springfield-Cat.-1-Sports-Wagering-Revenue-Report-April-2026.pdf,https://massgaming.com/regulations/revenue/,MA/screenshots/MA_2026_05_MA_MGM_Springfield_cat1_p1.png,"January 2025 | $1,068,008.90 | $1,111,665.70 | $0.00 | 0.00% | $2,779.16 | $0.00 | $0.00 | (6,245.05) + (2,779.16) | -$39,472.68",,2026-05-28T10:39:46.648440
MA,2024-04-01,2024-04-30,monthly,Fanatics,Fanatics,Fanatics,Fanatics Inc,online,,2277915332,122929071.0,,,117363471.0,,23472694.0,,0.0539656014747786,30,False,False,MA_Fanatics_cat3.pdf,,,,1,0,https://massgaming.com/wp-content/uploads/Fanatics-Cat.-3-Sports-Wagering-Revenue-Report-April-2026.pdf,https://massgaming.com/regulations/revenue/,MA/screenshots/MA_2026_05_MA_Fanatics_cat3_p1.png,"April 2024 | $22,764,385.45 | $22,779,153.32 | $1,229,290.71 | 5.40% | $55,656.00 | $1,173,634.71 | $234,726.94",,2026-05-28T01:04:10.526568
MA,2025-04-01,2025-04-30,monthly,Bally’s,Bally Bet,Bally Bet,Bally's Corporation,online,,439250524,18422012.0,,,17323886.0,,3464777.0,,0.0419396471795671,30,False,False,MA_Bally’s_cat3.pdf,,,,1,0,https://massgaming.com/wp-content/uploads/Ballys-Cat.-3-Sports-Wagering-Revenue-Report-April-2026.pdf,https://massgaming.com/regulations/revenue/,MA/screenshots/MA_2026_05_MA_Bally’s_cat3_p1.png,"April 2025 | $4,454,164.47 | $4,392,505.24 | $184,220.12 | 4.19% | $10,981.26 | $173,238.86 | $34,647.77",,2026-05-28T01:03:13.715727
MA,2024-06-01,2024-06-30,monthly,Fanatics,Fanatics,Fanatics,Fanatics Inc,online,,2015892322,174067303.0,,,169145954.0,,33829191.0,,0.08634752020252,30,False,False,MA_Fanatics_cat3.pdf,,,,1,0,https://massgaming.com/wp-content/uploads/Fanatics-Cat.-3-Sports-Wagering-Revenue-Report-April-2026.pdf,https://massgaming.com/regulations/revenue/,MA/screenshots/MA_2026_05_MA_Fanatics_cat3_p1.png,"June 2024 | $20,090,959.18 | $20,158,923.22 | $1,740,673.03 | 8.63% | $49,213.49 | $1,691,459.54 | $338,291.91",,2026-05-29T10:10:19.059904
MA,2023-06-01,2023-06-30,monthly,DraftKings,DraftKings,DraftKings,DraftKings Inc,online,,16422630732,1543637044.0,,,1504392394.0,,300878479.0,,0.093994504850686,30,False,False,MA_DraftKings_cat3.pdf,,,,1,0,https://massgaming.com/wp-content/uploads/DraftKings-Cat.-3-Sports-Wagering-Revenue-Report-April-2026.pdf,https://massgaming.com/regulations/revenue/,MA/screenshots/MA_2026_05_MA_DraftKings_cat3_p1.png,"June 2023 | $161,823,248.19 | $164,226,307.32 | $15,436,370.44 | 9.40% | $392,446.50 | $15,043,923.94 | $3,008,784.79",,2026-05-28T01:03:57.018904
MA,2023-09-01,2023-09-30,monthly,DraftKings,DraftKings,DraftKings,DraftKings Inc,online,,29014216848,2822884182.0,,,2752812000.0,,550562401.0,,0.0972931372502162,30,False,False,MA_DraftKings_cat3.pdf,,,,1,0,https://massgaming.com/wp-content/uploads/DraftKings-Cat.-3-Sports-Wagering-Revenue-Report-April-2026.pdf,https://massgaming.com/regulations/revenue/,MA/screenshots/MA_2026_05_MA_DraftKings_cat3_p1.png,"September 2023 | $293,790,523.82 | $290,142,168.48 | $28,228,841.82 | 9.73% | $700,721.82 | $27,528,120.00 | $5,505,624.01",,2026-05-29T04:08:37.444690
MA,2023-03-01,2023-03-31,monthly,DraftKings,DraftKings,DraftKings,DraftKings Inc,online,,25763428850,1611977077.0,,,1555682741.0,,311136548.0,,0.062568421555425,31,False,False,MA_DraftKings_cat3.pdf,,,,1,0,https://massgaming.com/wp-content/uploads/DraftKings-Cat.-3-Sports-Wagering-Revenue-Report-April-2026.pdf,https://massgaming.com/regulations/revenue/,MA/screenshots/MA_2026_05_MA_DraftKings_cat3_p1.png,"March 2023 | $264,379,443.30 | $257,634,288.50 $16,119,770.77 | 6.26% | $562,943.36 | $15,556,827.41 | $3,111,365.48",,2026-05-29T04:08:37.444690
MA,2025-03-01,2025-03-31,monthly,FanDuel,FanDuel,FanDuel,Flutter Entertainment,online,,20836673167,1431674828.0,,,1380853675.0,,276170735.0,,0.0687093768052862,31,False,False,MA_FanDuel_cat3.pdf,,,,1,0,https://massgaming.com/wp-content/uploads/FanDuel-Cat.-3-Sports-Wagering-Revenue-Report-April-2026.pdf,https://massgaming.com/regulations/revenue/,MA/screenshots/MA_2026_05_MA_FanDuel_cat3_p1.png,"March 2025 | $208,790,245.18 | $208,366,731.67 | $14,316,748.28 | 6.87% | $508,211.53 | $13,808,536.75 | $2,761,707.35",,2026-05-28T01:04:24.920493
MA,2024-08-01,2024-08-31,monthly,Fanatics,Fanatics,Fanatics,Fanatics Inc,online,,2585971202,161566520.0,,,155172831.0,,31034566.0,,0.0624780816874696,31,False,False,MA_Fanatics_cat3.pdf,,,,1,0,https://massgaming.com/wp-content/uploads/Fanatics-Cat.-3-Sports-Wagering-Revenue-Report-April-2026.pdf,https://massgaming.com/regulations/revenue/,MA/screenshots/MA_2026_05_MA_Fanatics_cat3_p1.png,"August 2024 | $25,959,630.84 | $25,859,712.02 | $1,615,665.20 | 6.25% | $63,936.89 | $1,551,728.31 | $310,345.66",,2026-05-28T01:04:10.526568
MA,2025-04-01,2025-04-30,monthly,Plainridge Park Casino,Plainridge Park,ESPN Bet,PENN Entertainment,retail,,313020078,12205539.0,,,11430142.0,,1714521.0,,0.038992830996611,30,False,False,MA_Plainridge_Park_Casino_cat1.pdf,,,,1,0,https://massgaming.com/wp-content/uploads/Plainridge-Park-Casino-Cat.-1-Sports-Wagering-Revenue-Report-April-2026.pdf,https://massgaming.com/regulations/revenue/,MA/screenshots/MA_2026_05_MA_Plainridge_Park_Casino_cat1_p1.png,"April 2025 | $3,101,588.66 | $3,130,200.78 | $122,055.39 | 3.90% | $7,753.97 | $114,301.42 | $17,145.21",,2026-05-28T01:03:01.526750
MA,2025-06-01,2025-06-30,monthly,Encore Boston Harbor,Encore Boston Harbor,Encore Boston Harbor,Wynn Resorts,retail,,387754700,18108700.0,,,17139300.0,,2570900.0,,0.046701432632538,30,False,False,MA_Encore_Boston_Harbor_cat1.pdf,,,,1,0,https://massgaming.com/wp-content/uploads/Encore-Boston-Harbor-Cat.-1-Sports-Wagering-Revenue-Report-April-2026.pdf,https://massgaming.com/regulations/revenue/,MA/screenshots/MA_2026_05_MA_Encore_Boston_Harbor_cat1_p1.png,"June 2025 | $3,838,702.00 | $3,877,547.00 | $181,087.00 | 4.67% | $9,694.00 | $171,393.00 | $25,709.00",,2026-05-28T06:19:00.659447
MA,2025-11-01,2025-11-30,monthly,Plainridge Park Casino,Plainridge Park,ESPN Bet,PENN Entertainment,retail,,487822483,47407918.0,,,46224599.0,,6933690.0,,0.0971827245608931,30,False,False,MA_Plainridge_Park_Casino_cat1.pdf,,,,1,0,https://massgaming.com/wp-content/uploads/Plainridge-Park-Casino-Cat.-1-Sports-Wagering-Revenue-Report-April-2026.pdf,https://massgaming.com/regulations/revenue/,MA/screenshots/MA_2026_05_MA_Plainridge_Park_Casino_cat1_p1.png,"November 2025 | $4,886,123.69 | $4,878,224.83 | $474,079.18 | 9.72% | $11,833.19 | $462,245.99 | $69,336.90",,2026-05-28T01:03:01.526750
MA,2023-09-01,2023-09-30,monthly,MGM Springfield,MGM Springfield,MGM Springfield,MGM Resorts,retail,,158146230,28931995.0,,,19737412.0,,2960612.0,,0.1829445760420593,30,False,False,MA_MGM_Springfield_cat1.pdf,,,,1,0,https://massgaming.com/wp-content/uploads/MGM-Springfield-Cat.-1-Sports-Wagering-Revenue-Report-April-2026.pdf,https://massgaming.com/regulations/revenue/,MA/screenshots/MA_2026_05_MA_MGM_Springfield_cat1_p1.png,"September 2023 | $1,604,047.95 | $1,581,462.30 | $289,319.95 | 18.29% | $3,953.66 | $197,374.12 | $29,606.12",,2026-05-28T14:24:58.758906
MA,2023-10-01,2023-10-31,monthly,Plainridge Park Casino,Plainridge Park,ESPN Bet,PENN Entertainment,retail,,584280275,36894465.0,,,35460678.0,,5319102.0,,0.0631451489612583,31,False,False,MA_Plainridge_Park_Casino_cat1.pdf,,,,1,0,https://massgaming.com/wp-content/uploads/Plainridge-Park-Casino-Cat.-1-Sports-Wagering-Revenue-Report-April-2026.pdf,https://massgaming.com/regulations/revenue/,MA/screenshots/MA_2026_05_MA_Plainridge_Park_Casino_cat1_p1.png,"October 2023 | $5,735,149.38 | $5,842,802.75 | $368,944.65 | 6.31% | $14,337.87 | $354,606.78 | $53,191.02",,2026-05-28T01:03:01.526750
MA,2024-09-01,2024-09-30,monthly,MGM Springfield,MGM Springfield,MGM Springfield,MGM Resorts,retail,,138661545,23245665.0,,,0.0,,0.0,,0.1676431991292178,30,False,False,MA_MGM_Springfield_cat1.pdf,,,,1,0,https://massgaming.com/wp-content/uploads/MGM-Springfield-Cat.-1-Sports-Wagering-Revenue-Report-April-2026.pdf,https://massgaming.com/regulations/revenue/,MA/screenshots/MA_2026_05_MA_MGM_Springfield_cat1_p1.png,"September 2024 | $1,352,557.10 | $1,386,615.45 | $232,456.65 | 16.76% | $3,466.54 | $0.00 | $0.00 | 232,4456.65 + (3,466.54) | -$210,031.34",,2026-05-28T10:39:46.648440
MA,2024-09-01,2024-09-30,monthly,Bally’s,Bally Bet,Bally Bet,Bally's Corporation,online,,467669815,49336273.0,,,48167098.0,,9633420.0,,0.1054938151182581,30,False,False,MA_Bally’s_cat3.pdf,,,,1,0,https://massgaming.com/wp-content/uploads/Ballys-Cat.-3-Sports-Wagering-Revenue-Report-April-2026.pdf,https://massgaming.com/regulations/revenue/,MA/screenshots/MA_2026_05_MA_Bally’s_cat3_p1.png,"September 2024 | $4,743,030.46 | $4,676,698.15 | $493,362.73 | 10.55% | $11,691.75 | $481,670.98 | $96,334.20",,2026-05-28T01:03:13.715727
MA,2026-03-01,2026-03-31,monthly,Fanatics,Fanatics,Fanatics,Fanatics Inc,online,,7030851196,476778421.0,,,459551586.0,,91910317.0,,0.0678123327757596,31,False,False,MA_Fanatics_cat3.pdf,,,,1,0,https://massgaming.com/wp-content/uploads/Fanatics-Cat.-3-Sports-Wagering-Revenue-Report-April-2026.pdf,https://massgaming.com/regulations/revenue/,MA/screenshots/MA_2026_05_MA_Fanatics_cat3_p1.png,"March 2026 | $70,388,836.38 | $70,308,511.96 | $4,767,784.21 | 6.78% | $172,268.35 | $4,595,515.86 | $919,103.17",,2026-05-28T14:28:18.847440
MA,2023-04-01,2023-04-30,monthly,Plainridge Park Casino,Plainridge Park,ESPN Bet,PENN Entertainment,retail,,339242235,37458672.0,,,36616684.0,,5492503.0,,0.110418657040153,30,False,False,MA_Plainridge_Park_Casino_cat1.pdf,,,,1,0,https://massgaming.com/wp-content/uploads/Plainridge-Park-Casino-Cat.-1-Sports-Wagering-Revenue-Report-April-2026.pdf,https://massgaming.com/regulations/revenue/,MA/screenshots/MA_2026_05_MA_Plainridge_Park_Casino_cat1_p1.png,"April 2023 | $3,367,951.64 | $3,392,422.35 | $374,586.72 | 11.04% | $8,419.88 | $366,166.84 | $54,925.03",,2026-05-28T01:03:01.526750
MA,2024-12-01,2024-12-31,monthly,MGM Springfield,MGM Springfield,MGM Springfield,MGM Resorts,retail,,113590725,0.0,,,0.0,,0.0,,0.0,31,False,False,MA_MGM_Springfield_cat1.pdf,,,,1,0,https://massgaming.com/wp-content/uploads/MGM-Springfield-Cat.-1-Sports-Wagering-Revenue-Report-April-2026.pdf,https://massgaming.com/regulations/revenue/,MA/screenshots/MA_2026_05_MA_MGM_Springfield_cat1_p1.png,"December 2024 | $1,142,717.65 | $1,135,907.25 | $0.00 | 0.00% | $2,839.77 | $0.00 | $0.00 | (27,608.70) + (2,839.77) | -$30,448.47",,2026-05-28T10:39:46.648440
MA,2024-09-01,2024-09-30,monthly,Caesars,Caesars,Caesars,Caesars Entertainment,online,,1952147134,144738081.0,,,139908481.0,,27981696.0,,0.0741430184636892,30,False,False,MA_Caesars_cat3.pdf,,,,1,0,https://massgaming.com/wp-content/uploads/Caesars-Cat.-3-Sports-Wagering-Revenue-Report-April-2026.pdf,https://massgaming.com/regulations/revenue/,MA/screenshots/MA_2026_05_MA_Caesars_cat3_p1.png,"September 2024 | $19,380,088.30 | $19,521,471.34 | $1,447,380.81 | 7.41% | $48,296.00 | $1,399,084.81 | $279,816.96",,2026-05-28T12:19:54.149735
MA,2026-02-01,2026-02-28,monthly,DraftKings,DraftKings,DraftKings,DraftKings Inc,online,,31465584243,4325004525.0,,,4249615425.0,,849923085.0,,0.1374519059172455,28,False,False,MA_DraftKings_cat3.pdf,,,,1,0,https://massgaming.com/wp-content/uploads/DraftKings-Cat.-3-Sports-Wagering-Revenue-Report-April-2026.pdf,https://massgaming.com/regulations/revenue/,MA/screenshots/MA_2026_05_MA_DraftKings_cat3_p1.png,"February 2026 | $308,831,769.70 | $314,655,842.43 | $43,250,045.25 | 13.75% | $753,891.00 | $42,496,154.25 | $8,499,230.85",,2026-05-29T10:10:00.761944
MA,2025-04-01,2025-04-30,monthly,theScore Bet,theScore Bet,ESPN Bet,PENN Entertainment,online,,2171247875,187839057.0,,,180687815.0,,36137563.0,,0.0865120280198316,30,False,False,MA_theScore_Bet_cat3.pdf,,,,1,0,https://massgaming.com/wp-content/uploads/theScore-Bet-Cat.-3-Sports-Wagering-Revenue-Report-April-2026.pdf,https://massgaming.com/regulations/revenue/,MA/screenshots/MA_2026_05_MA_theScore_Bet_cat3_p1.png,"April 2025 | $21,580,900.71 | $21,712,478.75 | $1,878,390.57 | 8.65% | $53,952.25 | $1,806,878.15 | $361,375.63",,2026-05-29T10:10:56.753531
MA,2025-04-01,2025-04-30,monthly,Encore Boston Harbor,Encore Boston Harbor,Encore Boston Harbor,Wynn Resorts,retail,,495587500,38491600.0,,,37252700.0,,5587900.0,,0.0776686256211062,30,False,False,MA_Encore_Boston_Harbor_cat1.pdf,,,,1,0,https://massgaming.com/wp-content/uploads/Encore-Boston-Harbor-Cat.-1-Sports-Wagering-Revenue-Report-April-2026.pdf,https://massgaming.com/regulations/revenue/,MA/screenshots/MA_2026_05_MA_Encore_Boston_Harbor_cat1_p1.png,"April 2025 | $4,914,066.00 | $4,955,875.00 | $384,916.00 | 7.77% | $12,390.00 | $372,527.00 | $55,879.00",,2026-05-28T06:19:00.659447
MA,2023-12-01,2023-12-31,monthly,MGM Springfield,MGM Springfield,MGM Springfield,MGM Resorts,retail,,191986815,26438735.0,,,25958768.0,,3893815.0,,0.1377112016780944,31,False,False,MA_MGM_Springfield_cat1.pdf,,,,1,0,https://massgaming.com/wp-content/uploads/MGM-Springfield-Cat.-1-Sports-Wagering-Revenue-Report-April-2026.pdf,https://massgaming.com/regulations/revenue/,MA/screenshots/MA_2026_05_MA_MGM_Springfield_cat1_p1.png,"December 2023 | $1,940,579.00 | $1,919,868.15 | $264,387.35 | 13.77% | $4,799.67 | $259,587.68 | $38,938.15",,2026-05-28T14:24:58.758906
MA,2024-02-01,2024-02-29,monthly,Plainridge Park Casino,Plainridge Park,ESPN Bet,PENN Entertainment,retail,,559594882,27138420.0,,,25764336.0,,3864650.0,,0.0484965479008794,29,False,False,MA_Plainridge_Park_Casino_cat1.pdf,,,,1,0,https://massgaming.com/wp-content/uploads/Plainridge-Park-Casino-Cat.-1-Sports-Wagering-Revenue-Report-April-2026.pdf,https://massgaming.com/regulations/revenue/,MA/screenshots/MA_2026_05_MA_Plainridge_Park_Casino_cat1_p1.png,"February 2024 | $5,496,337.46 | $5,595,948.82 | $271,384.20 | 4.85% | $13,740.84 | $257,643.36 | $38,646.50",,2026-05-28T01:03:01.526750
MA,2023-02-01,2023-02-28,monthly,Plainridge Park Casino,Plainridge Park,ESPN Bet,PENN Entertainment,retail,,576833466,31940293.0,,,30462699.0,,4569405.0,,0.0553717751875374,28,False,False,MA_Plainridge_Park_Casino_cat1.pdf,,,,1,0,https://massgaming.com/wp-content/uploads/Plainridge-Park-Casino-Cat.-1-Sports-Wagering-Revenue-Report-April-2026.pdf,https://massgaming.com/regulations/revenue/,MA/screenshots/MA_2026_05_MA_Plainridge_Park_Casino_cat1_p1.png,"February 2023 | $5,910,375.09 | $5,768,334.66 | $319,402.93 | 5.54% | $14,775.94 | $304,626.99 | $45,694.05",,2026-05-28T01:03:01.526750
MA,2023-10-01,2023-10-31,monthly,Encore Boston Harbor,Encore Boston Harbor,Encore Boston Harbor,Wynn Resorts,retail,,829277200,48198100.0,,,46124700.0,,6918700.0,,0.058120613951523,31,False,False,MA_Encore_Boston_Harbor_cat1.pdf,,,,1,0,https://massgaming.com/wp-content/uploads/Encore-Boston-Harbor-Cat.-1-Sports-Wagering-Revenue-Report-April-2026.pdf,https://massgaming.com/regulations/revenue/,MA/screenshots/MA_2026_05_MA_Encore_Boston_Harbor_cat1_p1.png,"October 2023 | $7,963,124.00 | $8,292,772.00 | $481,981.00 | 5.81% | $20,734.00 | $461,247.00 | $69,187.00",,2026-05-28T01:02:25.030900
MA,2025-11-01,2025-11-30,monthly,FanDuel,FanDuel,FanDuel,Flutter Entertainment,online,,23540679884,3169167027.0,,,3112846230.0,,622569246.0,,0.1346251273377198,30,False,False,MA_FanDuel_cat3.pdf,,,,1,0,https://massgaming.com/wp-content/uploads/FanDuel-Cat.-3-Sports-Wagering-Revenue-Report-April-2026.pdf,https://massgaming.com/regulations/revenue/,MA/screenshots/MA_2026_05_MA_FanDuel_cat3_p1.png,"November 2025 | $233,490,714.24 | $235,406,798.84 | $31,691,670.27 | 13.46% | $563,207.97 | $31,128,462.30 | $6,225,692.46",,2026-05-28T14:28:32.066218
MA,2023-10-01,2023-10-31,monthly,MGM Springfield,MGM Springfield,MGM Springfield,MGM Resorts,retail,,190296050,16823260.0,,,16347520.0,,2452128.0,,0.0884057236080307,31,False,False,MA_MGM_Springfield_cat1.pdf,,,,1,0,https://massgaming.com/wp-content/uploads/MGM-Springfield-Cat.-1-Sports-Wagering-Revenue-Report-April-2026.pdf,https://massgaming.com/regulations/revenue/,MA/screenshots/MA_2026_05_MA_MGM_Springfield_cat1_p1.png,"October 2023 | $1,913,767.00 | $1,902,960.50 | $168,232.60 | 8.84% | $4,757.40 | $163,475.20 | $24,521.28",,2026-05-29T10:07:21.848333
MA,2024-01-01,2024-01-31,monthly,FanDuel,FanDuel,FanDuel,Flutter Entertainment,online,,19403154295,2558698766.0,,,2512226110.0,,502445222.0,,0.1318702478523995,31,False,False,MA_FanDuel_cat3.pdf,,,,1,0,https://massgaming.com/wp-content/uploads/FanDuel-Cat.-3-Sports-Wagering-Revenue-Report-April-2026.pdf,https://massgaming.com/regulations/revenue/,MA/screenshots/MA_2026_05_MA_FanDuel_cat3_p1.png,"January 2024 | $193,509,521.26 | $194,031,542.95 | $25,586,987.66 | 13.19% | $464,726.56 | $25,122,261.10 | $5,024,452.22",,2026-05-28T01:04:24.920493
MA,2024-11-01,2024-11-30,monthly,Encore Boston Harbor,Encore Boston Harbor,Encore Boston Harbor,Wynn Resorts,retail,,731478100,57483200.0,,,54568900.0,,8185335.0,,0.0785849911296045,30,False,False,MA_Encore_Boston_Harbor_cat1.pdf,,,,1,0,https://massgaming.com/wp-content/uploads/Encore-Boston-Harbor-Cat.-1-Sports-Wagering-Revenue-Report-April-2026.pdf,https://massgaming.com/regulations/revenue/,MA/screenshots/MA_2026_05_MA_Encore_Boston_Harbor_cat1_p1.png,"November 2024 | $7,288,758.00 | $7,314,781.00 | $574,832.00 | 7.86% | $18,287.00 | $545,689.00 | $81,853.35",,2026-05-28T05:56:56.654043
MA,2024-08-01,2024-08-31,monthly,Caesars,Caesars,Caesars,Caesars Entertainment,online,,1599831469,71393911.0,,,67427911.0,,13485582.0,,0.0446258949041838,31,False,False,MA_Caesars_cat3.pdf,,,,1,0,https://massgaming.com/wp-content/uploads/Caesars-Cat.-3-Sports-Wagering-Revenue-Report-April-2026.pdf,https://massgaming.com/regulations/revenue/,MA/screenshots/MA_2026_05_MA_Caesars_cat3_p1.png,"August 2024 | $16,209,710.62 | $15,998,314.69 | $713,939.11 | 4.46% | $39,660.00 | $674,279.11 | $134,855.82",,2026-05-28T10:50:15.962180
MA,2024-02-01,2024-02-29,monthly,MGM Springfield,MGM Springfield,MGM Springfield,MGM Resorts,retail,,158640680,24664145.0,,,24267543.0,,3640131.0,,0.1554717554160761,29,False,False,MA_MGM_Springfield_cat1.pdf,,,,1,0,https://massgaming.com/wp-content/uploads/MGM-Springfield-Cat.-1-Sports-Wagering-Revenue-Report-April-2026.pdf,https://massgaming.com/regulations/revenue/,MA/screenshots/MA_2026_05_MA_MGM_Springfield_cat1_p1.png,"February 2024 | $1,495,769.35 | $1,586,406.80 | $246,641.45 | 15.55% | $3,966.02 | $242,675.43 | $36,401.31",,2026-05-28T14:24:58.758906
MA,2026-02-01,2026-02-28,monthly,FanDuel,FanDuel,FanDuel,Flutter Entertainment,online,,14683130672,1970323096.0,,,1935080543.0,,387016109.0,,0.1341895771422444,28,False,False,MA_FanDuel_cat3.pdf,,,,1,0,https://massgaming.com/wp-content/uploads/FanDuel-Cat.-3-Sports-Wagering-Revenue-Report-April-2026.pdf,https://massgaming.com/regulations/revenue/,MA/screenshots/MA_2026_05_MA_FanDuel_cat3_p1.png,"February 2026 | $145,320,124.98 | $146,831,306.72 | $19,703,230.96 | 13.42% | $352,425.53 | $19,350,805.43 | $3,870,161.09",,2026-05-28T01:04:24.920493
MA,2025-02-01,2025-02-28,monthly,Encore Boston Harbor,Encore Boston Harbor,Encore Boston Harbor,Wynn Resorts,retail,,496933000,0.0,,,0.0,,0.0,,0.0,28,False,False,MA_Encore_Boston_Harbor_cat1.pdf,,,,1,0,https://massgaming.com/wp-content/uploads/Encore-Boston-Harbor-Cat.-1-Sports-Wagering-Revenue-Report-April-2026.pdf,https://massgaming.com/regulations/revenue/,MA/screenshots/MA_2026_05_MA_Encore_Boston_Harbor_cat1_p1.png,"February 2025 | $4,873,927.00 | $4,969,330.00 | $0.00 | 0.00% | $12,423.00 | $0.00 | $0.00 | (43,634) + (12,423) | -$56,057.00",,2026-05-29T10:06:58.249954
MA,2024-11-01,2024-11-30,monthly,MGM Springfield,MGM Springfield,MGM Springfield,MGM Resorts,retail,,153403205,404275.0,,,20767.0,,3115.0,,0.0026353751865875,30,False,False,MA_MGM_Springfield_cat1.pdf,,,,1,0,https://massgaming.com/wp-content/uploads/MGM-Springfield-Cat.-1-Sports-Wagering-Revenue-Report-April-2026.pdf,https://massgaming.com/regulations/revenue/,MA/screenshots/MA_2026_05_MA_MGM_Springfield_cat1_p1.png,"November 2024 | $1,677,744.65 | $1,534,032.05 | $4,042.75 | 0.26% | $3,835.08 | $207.67 | $31.15",,2026-05-29T10:07:21.848333
MA,2023-07-01,2023-07-31,monthly,MGM Springfield,MGM Springfield,MGM Springfield,MGM Resorts,retail,,60704605,7431267.0,,,0.0,,0.0,,0.122416857831461,31,False,False,MA_MGM_Springfield_cat1.pdf,,,,1,0,https://massgaming.com/wp-content/uploads/MGM-Springfield-Cat.-1-Sports-Wagering-Revenue-Report-April-2026.pdf,https://massgaming.com/regulations/revenue/,MA/screenshots/MA_2026_05_MA_MGM_Springfield_cat1_p1.png,"July 2023 | $634,641.50 | $607,046.05 | $74,312.67 | 12.24% | $1,517.62 | $0.00 | $0.00 | 74,312.67 + (1517.62) | -$152,926.34",,2026-05-29T10:07:21.848333
MA,2025-08-01,2025-08-31,monthly,Encore Boston Harbor,Encore Boston Harbor,Encore Boston Harbor,Wynn Resorts,retail,,389128300,39718200.0,,,38745400.0,,5811800.0,,0.1020696772761066,31,False,False,MA_Encore_Boston_Harbor_cat1.pdf,,,,1,0,https://massgaming.com/wp-content/uploads/Encore-Boston-Harbor-Cat.-1-Sports-Wagering-Revenue-Report-April-2026.pdf,https://massgaming.com/regulations/revenue/,MA/screenshots/MA_2026_05_MA_Encore_Boston_Harbor_cat1_p1.png,"August 2025 | $4,009,552.00 | $3,891,283.00 | $397,182.00 | 10.21% | $9,728.00 | $387,454.00 | $58,118.00",,2026-05-29T10:06:58.249954
MA,2025-05-01,2025-05-31,monthly,BetMGM,BetMGM,BetMGM,Entain/MGM Resorts,online,,4921036105,502455340.0,,,490152750.0,,98030550.0,,0.1021035670698457,31,False,False,MA_BetMGM_cat3.pdf,,,,1,0,https://massgaming.com/wp-content/uploads/BetMGM-Cat.-3-Sports-Wagering-Revenue-Report-April-2026.pdf,https://massgaming.com/regulations/revenue/,MA/screenshots/MA_2026_05_MA_BetMGM_cat3_p1.png,"May 2025 | $49,056,629.03 | $49,210,361.05 | $5,024,553.40 | 10.21% | $123,025.90 | $4,901,527.50 | $980,305.50",,2026-05-28T08:44:46.746910
MA,2026-02-01,2026-02-28,monthly,Fanatics,Fanatics,Fanatics,Fanatics Inc,online,,5559295216,457885262.0,,,444211694.0,,88842339.0,,0.0823639048133615,28,False,False,MA_Fanatics_cat3.pdf,,,,1,0,https://massgaming.com/wp-content/uploads/Fanatics-Cat.-3-Sports-Wagering-Revenue-Report-April-2026.pdf,https://massgaming.com/regulations/revenue/,MA/screenshots/MA_2026_05_MA_Fanatics_cat3_p1.png,"February 2026 | $55,903,129.12 | $55,592,952.16 | $4,578,852.62 | 8.24% | $136,735.68 | $4,442,116.94 | $888,423.39",,2026-05-29T10:10:19.059904
MA,2024-03-01,2024-03-31,monthly,Fanatics,Fanatics,Fanatics,Fanatics Inc,online,,2371518137,95265052.0,,,89493175.0,,17898635.0,,0.0401704926956668,31,False,False,MA_Fanatics_cat3.pdf,,,,1,0,https://massgaming.com/wp-content/uploads/Fanatics-Cat.-3-Sports-Wagering-Revenue-Report-April-2026.pdf,https://massgaming.com/regulations/revenue/,MA/screenshots/MA_2026_05_MA_Fanatics_cat3_p1.png,"March 2024 | $23,856,196.03 | $23,715,181.37 | $952,650.52 | 4.02% | $57,718.77 | $894,931.75 | $178,986.35",,2026-05-29T10:10:19.059904
MA,2026-01-01,2026-01-31,monthly,theScore Bet,theScore Bet,ESPN Bet,PENN Entertainment,online,,2273739212,190650109.0,,,184964217.0,,36992843.0,,0.0838487140450476,31,False,False,MA_theScore_Bet_cat3.pdf,,,,1,0,https://massgaming.com/wp-content/uploads/theScore-Bet-Cat.-3-Sports-Wagering-Revenue-Report-April-2026.pdf,https://massgaming.com/regulations/revenue/,MA/screenshots/MA_2026_05_MA_theScore_Bet_cat3_p1.png,"January 2026 | $22,743,568.74 | $22,737,392.12 | $1,906,501.09 | 8.38% | $56,858.92 | $1,849,642.17 | $369,928.43",,2026-05-29T10:10:56.753531
MA,2025-06-01,2025-06-30,monthly,Caesars,Caesars,Caesars,Caesars Entertainment,online,,1759043352,127275776.0,,,122889276.0,,24577855.0,,0.0723551104384606,30,False,False,MA_Caesars_cat3.pdf,,,,1,0,https://massgaming.com/wp-content/uploads/Caesars-Cat.-3-Sports-Wagering-Revenue-Report-April-2026.pdf,https://massgaming.com/regulations/revenue/,MA/screenshots/MA_2026_05_MA_Caesars_cat3_p1.png,"June 2025 | $17,737,448.18 | $17,590,433.52 | $1,272,757.76 | 7.24% | $43,722.00 | $1,228,892.76 | $245,778.55",,2026-05-28T01:03:42.619657
MA,2025-09-01,2025-09-30,monthly,FanDuel,FanDuel,FanDuel,Flutter Entertainment,online,,19262754973,1641032521.0,,,1594975349.0,,318995070.0,,0.0851919947743811,30,False,False,MA_FanDuel_cat3.pdf,,,,1,0,https://massgaming.com/wp-content/uploads/FanDuel-Cat.-3-Sports-Wagering-Revenue-Report-April-2026.pdf,https://massgaming.com/regulations/revenue/,MA/screenshots/MA_2026_05_MA_FanDuel_cat3_p1.png,"September 2025 | $192,996,513.78 | $192,627,549.73 | $16,410,325.21 | 8.52% | $460,571.72 | $15,949,753.49 | $3,189,950.70",,2026-05-29T04:09:01.168509
MA,2025-08-01,2025-08-31,monthly,Caesars,Caesars,Caesars,Caesars Entertainment,online,,1658852386,116555212.0,,,112436712.0,,22487342.0,,0.070262558009185,31,False,False,MA_Caesars_cat3.pdf,,,,1,0,https://massgaming.com/wp-content/uploads/Caesars-Cat.-3-Sports-Wagering-Revenue-Report-April-2026.pdf,https://massgaming.com/regulations/revenue/,MA/screenshots/MA_2026_05_MA_Caesars_cat3_p1.png,"August 2025 | $16,850,310.99 | $16,588,523.86 | $1,165,552.12 | 7.03% | $41,185.00 | $1,124,367.12 | $224,873.42",,2026-05-28T15:40:26.847460
MA,2023-06-01,2023-06-30,monthly,theScore Bet,theScore Bet,ESPN Bet,PENN Entertainment,online,,1644680780,106264060.0,,,102228337.0,,20445667.0,,0.0646107507865447,30,False,False,MA_theScore_Bet_cat3.pdf,,,,1,0,https://massgaming.com/wp-content/uploads/theScore-Bet-Cat.-3-Sports-Wagering-Revenue-Report-April-2026.pdf,https://massgaming.com/regulations/revenue/,MA/screenshots/MA_2026_05_MA_theScore_Bet_cat3_p1.png,"June 2023 | $16,142,893.07 | $16,446,807.80 | $1,062,640.60 | 6.46% | $40,357.23 | $1,022,283.37 | $204,456.67",,2026-05-28T01:04:40.124759
MA,2026-03-01,2026-03-31,monthly,DraftKings,DraftKings,DraftKings,DraftKings Inc,online,,34447642681,3345702981.0,,,3260941881.0,,652188376.0,,0.0971242941638314,31,False,False,MA_DraftKings_cat3.pdf,,,,1,0,https://massgaming.com/wp-content/uploads/DraftKings-Cat.-3-Sports-Wagering-Revenue-Report-April-2026.pdf,https://massgaming.com/regulations/revenue/,MA/screenshots/MA_2026_05_MA_DraftKings_cat3_p1.png,"March 2026 | $345,806,918.73 | $344,476,426.81 | $33,457,029.81 | 9.71% | $847,611.00 | $32,609,418.81 | $6,521,883.76",,2026-05-28T01:03:57.018904
MA,2025-01-01,2025-01-31,monthly,Plainridge Park Casino,Plainridge Park,ESPN Bet,PENN Entertainment,retail,,372834967,42327681.0,,,41392242.0,,6208836.0,,0.1135292682995584,31,False,False,MA_Plainridge_Park_Casino_cat1.pdf,,,,1,0,https://massgaming.com/wp-content/uploads/Plainridge-Park-Casino-Cat.-1-Sports-Wagering-Revenue-Report-April-2026.pdf,https://massgaming.com/regulations/revenue/,MA/screenshots/MA_2026_05_MA_Plainridge_Park_Casino_cat1_p1.png,"January 2025 | $3,773,574.78 | $3,728,349.67 | $423,276.81 | 11.35% | $9,354.39 | $413,922.42 | $62,088.36",,2026-05-28T01:03:01.526750
MA,2024-06-01,2024-06-30,monthly,MGM Springfield,MGM Springfield,MGM Springfield,MGM Resorts,retail,,103313545,2285615.0,,,0.0,,0.0,,0.0221230914107148,30,False,False,MA_MGM_Springfield_cat1.pdf,,,,1,0,https://massgaming.com/wp-content/uploads/MGM-Springfield-Cat.-1-Sports-Wagering-Revenue-Report-April-2026.pdf,https://massgaming.com/regulations/revenue/,MA/screenshots/MA_2026_05_MA_MGM_Springfield_cat1_p1.png,"June 2024 | $993,352.90 | $1,033,135.45 | $22,856.15 | 2.21% | $2,582.84 | $0.00 | $0.00 | 22,856.15 + (2,582.84) | -$548,561.02",,2026-05-28T14:24:58.758906
MA,2023-09-01,2023-09-30,monthly,theScore Bet,theScore Bet,ESPN Bet,PENN Entertainment,online,,1295307581,97473788.0,,,94210341.0,,18842068.0,,0.0752514610659103,30,False,False,MA_theScore_Bet_cat3.pdf,,,,1,0,https://massgaming.com/wp-content/uploads/theScore-Bet-Cat.-3-Sports-Wagering-Revenue-Report-April-2026.pdf,https://massgaming.com/regulations/revenue/,MA/screenshots/MA_2026_05_MA_theScore_Bet_cat3_p1.png,"September 2023 | $13,053,788.04 | $12,953,075.81 | $974,737.88 | 7.53% | $32,634.47 | $942,103.41 | $188,420.68",,2026-05-29T00:24:10.951815
MA,2025-11-01,2025-11-30,monthly,MGM Springfield,MGM Springfield,MGM Springfield,MGM Resorts,retail,,173233700,16685490.0,,,0.0,,0.0,,0.0963178065237883,30,False,False,MA_MGM_Springfield_cat1.pdf,,,,1,0,https://massgaming.com/wp-content/uploads/MGM-Springfield-Cat.-1-Sports-Wagering-Revenue-Report-April-2026.pdf,https://massgaming.com/regulations/revenue/,MA/screenshots/MA_2026_05_MA_MGM_Springfield_cat1_p1.png,"November 2025 | $1,681,841.50 | $1,732,337.00 | $166,854.90 | 9.63% | $4,330.84 | $0.00 | $0.00 | (30,949.11) + (4330.84) | -$35,279.95",,2026-05-28T01:02:42.816977
MA,2023-08-01,2023-08-31,monthly,Plainridge Park Casino,Plainridge Park,ESPN Bet,PENN Entertainment,retail,,280538607,15802407.0,,,15077313.0,,2261597.0,,0.0563288139517995,31,False,False,MA_Plainridge_Park_Casino_cat1.pdf,,,,1,0,https://massgaming.com/wp-content/uploads/Plainridge-Park-Casino-Cat.-1-Sports-Wagering-Revenue-Report-April-2026.pdf,https://massgaming.com/regulations/revenue/,MA/screenshots/MA_2026_05_MA_Plainridge_Park_Casino_cat1_p1.png,"August 2023 | $2,900,377.86 | $2,805,386.07 | $158,024.07 | 5.63% | $7,250.94 | $150,773.13 | $22,615.97",,2026-05-28T01:03:01.526750
MA,2025-02-01,2025-02-28,monthly,theScore Bet,theScore Bet,ESPN Bet,PENN Entertainment,online,,2197219952,159944588.0,,,154481036.0,,30896207.0,,0.0727940722795694,28,False,False,MA_theScore_Bet_cat3.pdf,,,,1,0,https://massgaming.com/wp-content/uploads/theScore-Bet-Cat.-3-Sports-Wagering-Revenue-Report-April-2026.pdf,https://massgaming.com/regulations/revenue/,MA/screenshots/MA_2026_05_MA_theScore_Bet_cat3_p1.png,"February 2025 | $21,854,207.61 | $21,972,199.52 | $1,599,445.88 | 7.28% | $54,635.52 | $1,544,810.36 | $308,962.07",,2026-05-29T00:24:10.951815
MA,2025-10-01,2025-10-31,monthly,Caesars,Caesars,Caesars,Caesars Entertainment,online,,2500116971,148757866.0,,,142539987.0,,28507997.0,,0.0595003624732404,31,False,False,MA_Caesars_cat3.pdf,,,,1,0,https://massgaming.com/wp-content/uploads/Caesars-Cat.-3-Sports-Wagering-Revenue-Report-April-2026.pdf,https://massgaming.com/regulations/revenue/,MA/screenshots/MA_2026_05_MA_Caesars_cat3_p1.png,"October 2025 | $25,317,519.58 | $25,001,169.71 | $1,487,578.66 | 5.95% | $62,158.00 | $1,425,399.87 | $285,079.97 | -20.79",,2026-05-28T01:03:42.619657
MA,2024-07-01,2024-07-31,monthly,theScore Bet,theScore Bet,ESPN Bet,PENN Entertainment,online,,1905513785,153429210.0,,,148664084.0,,29732817.0,,0.0805185515884368,31,False,False,MA_theScore_Bet_cat3.pdf,,,,1,0,https://massgaming.com/wp-content/uploads/theScore-Bet-Cat.-3-Sports-Wagering-Revenue-Report-April-2026.pdf,https://massgaming.com/regulations/revenue/,MA/screenshots/MA_2026_05_MA_theScore_Bet_cat3_p1.png,"July 2024 | $19,060,503.45 | $19,055,137.85 | $1,534,292.10 | 8.05% | $47,651.26 | $1,486,640.84 | $297,328.17",,2026-05-28T01:04:40.124759
MA,2023-08-01,2023-08-31,monthly,MGM Springfield,MGM Springfield,MGM Springfield,MGM Resorts,retail,,91265120,6721580.0,,,0.0,,0.0,,0.0736489471552768,31,False,False,MA_MGM_Springfield_cat1.pdf,,,,1,0,https://massgaming.com/wp-content/uploads/MGM-Springfield-Cat.-1-Sports-Wagering-Revenue-Report-April-2026.pdf,https://massgaming.com/regulations/revenue/,MA/screenshots/MA_2026_05_MA_MGM_Springfield_cat1_p1.png,"August 2023 | $1,014,037.90 | $912,651.20 | $67,215.80 | 7.36% | $2,281.63 | $0.00 | $0.00 | 67,215.80 + (2,281.63) | -$87,992.17",,2026-05-29T00:21:07.864258
MA,2026-04-01,2026-04-30,monthly,Caesars,Caesars,Caesars,Caesars Entertainment,online,,2400978253,140285429.0,,,134326329.0,,26865266.0,,0.0584284463321209,30,False,False,MA_Caesars_cat3.pdf,,,,1,0,https://massgaming.com/wp-content/uploads/Caesars-Cat.-3-Sports-Wagering-Revenue-Report-April-2026.pdf,https://massgaming.com/regulations/revenue/,MA/screenshots/MA_2026_05_MA_Caesars_cat3_p1.png,"April 2026 | $24,021,184.75 | $24,009,782.53 | $1,402,854.29 | 5.84% | $59,591.00 | $1,343,263.29 | $268,652.66",,2026-05-28T01:03:42.619657
MA,2024-06-01,2024-06-30,monthly,Encore Boston Harbor,Encore Boston Harbor,Encore Boston Harbor,Wynn Resorts,retail,,465632809,15820563.0,,,14656481.0,,2198500.0,,0.0339764782339467,30,False,False,MA_Encore_Boston_Harbor_cat1.pdf,,,,1,0,https://massgaming.com/wp-content/uploads/Encore-Boston-Harbor-Cat.-1-Sports-Wagering-Revenue-Report-April-2026.pdf,https://massgaming.com/regulations/revenue/,MA/screenshots/MA_2026_05_MA_Encore_Boston_Harbor_cat1_p1.png,"June 2024 | $4,615,291.49 | $4,656,328.09 | $158,205.63 | 3.40% | $11,640.82 | $146,564.81 | $21,985.00",,2026-05-28T01:02:25.030900
MA,2023-08-01,2023-08-31,monthly,theScore Bet,theScore Bet,ESPN Bet,PENN Entertainment,online,,1646299614,52393311.0,,,48209014.0,,9641803.0,,0.0318248941774944,31,False,False,MA_theScore_Bet_cat3.pdf,,,,1,0,https://massgaming.com/wp-content/uploads/theScore-Bet-Cat.-3-Sports-Wagering-Revenue-Report-April-2026.pdf,https://massgaming.com/regulations/revenue/,MA/screenshots/MA_2026_05_MA_theScore_Bet_cat3_p1.png,"August 2023 | $16,737,187.11 | $16,462,996.14 | $523,933.11 | 3.18% | $41,842.97 | $482,090.14 | $96,418.03",,2026-05-28T01:04:40.124759
MA,2024-01-01,2024-01-31,monthly,MGM Springfield,MGM Springfield,MGM Springfield,MGM Resorts,retail,,188227265,19348750.0,,,18878182.0,,2831727.0,,0.1027946190473521,31,False,False,MA_MGM_Springfield_cat1.pdf,,,,1,0,https://massgaming.com/wp-content/uploads/MGM-Springfield-Cat.-1-Sports-Wagering-Revenue-Report-April-2026.pdf,https://massgaming.com/regulations/revenue/,MA/screenshots/MA_2026_05_MA_MGM_Springfield_cat1_p1.png,"January 2024 | $1,847,101.40 | $1,882,272.65 | $193,487.50 | 10.28% | $4,705.68 | $188,781.82 | $28,317.27",,2026-05-29T04:07:04.663400
MA,2023-07-01,2023-07-31,monthly,FanDuel,FanDuel,FanDuel,Flutter Entertainment,online,,8673007234,1010319077.0,,,989387650.0,,197877530.0,,0.1164900535352188,31,False,False,MA_FanDuel_cat3.pdf,,,,1,0,https://massgaming.com/wp-content/uploads/FanDuel-Cat.-3-Sports-Wagering-Revenue-Report-April-2026.pdf,https://massgaming.com/regulations/revenue/,MA/screenshots/MA_2026_05_MA_FanDuel_cat3_p1.png,"July 2023 | $87,078,116.68 | $86,730,072.34 | $10,103,190.77 | 11.65% | $209,314.27 | $9,893,876.50 | $1,978,775.30",,2026-05-29T00:23:41.667729
MA,2025-02-01,2025-02-28,monthly,DraftKings,DraftKings,DraftKings,DraftKings Inc,online,,31701533056,3678104399.0,,,3602822479.0,,720564500.0,,0.1160229189075088,28,False,False,MA_DraftKings_cat3.pdf,,,,1,0,https://massgaming.com/wp-content/uploads/DraftKings-Cat.-3-Sports-Wagering-Revenue-Report-April-2026.pdf,https://massgaming.com/regulations/revenue/,MA/screenshots/MA_2026_05_MA_DraftKings_cat3_p1.png,"February 2025 | $313,690,746.07 | $317,015,330.56 | $36,781,043.99 | 11.60% | $752,819.00 | $36,028,224.79 | $7,205,645.00",,2026-05-29T10:10:00.761944
MA,2023-08-01,2023-08-31,monthly,Fanatics,Fanatics,Fanatics,Fanatics Inc,online,,440119124,55371897.0,,,54531998.0,,10906400.0,,0.1258111587989073,31,False,False,MA_Fanatics_cat3.pdf,,,,1,0,https://massgaming.com/wp-content/uploads/Fanatics-Cat.-3-Sports-Wagering-Revenue-Report-April-2026.pdf,https://massgaming.com/regulations/revenue/,MA/screenshots/MA_2026_05_MA_Fanatics_cat3_p1.png,"August 2023 | $4,543,571.13 | $4,401,191.24 | $553,718.97 | 12.58% | $8,398.99 | $545,319.98 | $109,064.00",,2026-05-28T01:04:10.526568
MA,2024-11-01,2024-11-30,monthly,Bally’s,Bally Bet,Bally Bet,Bally's Corporation,online,,568812007,55557313.0,,,54135283.0,,10827057.0,,0.0976725391100965,30,False,False,MA_Bally’s_cat3.pdf,,,,1,0,https://massgaming.com/wp-content/uploads/Ballys-Cat.-3-Sports-Wagering-Revenue-Report-April-2026.pdf,https://massgaming.com/regulations/revenue/,MA/screenshots/MA_2026_05_MA_Bally’s_cat3_p1.png,"November 2024 | $5,751,492.18 | $5,688,120.07 | $555,573.13 | 9.77% | $14,220.30 | $541,352.83 | $108,270.57",,2026-05-28T01:03:13.715727
MA,2023-05-01,2023-05-31,monthly,BetMGM,BetMGM,BetMGM,Entain/MGM Resorts,online,,3495015263,547863270.0,,,539125732.0,,107825146.0,,0.1567556158623848,31,False,False,MA_BetMGM_cat3.pdf,,,,1,0,https://massgaming.com/wp-content/uploads/BetMGM-Cat.-3-Sports-Wagering-Revenue-Report-April-2026.pdf,https://massgaming.com/regulations/revenue/,MA/screenshots/MA_2026_05_MA_BetMGM_cat3_p1.png,"May 2023 | $34,991,777.20 | $34,950,152.63 | $5,478,632.70 | 15.68% | $87,375.38 | $5,391,257.32 | $1,078,251.46",,2026-05-28T01:03:27.731285
MA,2024-11-01,2024-11-30,monthly,DraftKings,DraftKings,DraftKings,DraftKings Inc,online,,38418432321,4512770219.0,,,4418910219.0,,883782044.0,,0.1174636742408998,30,False,False,MA_DraftKings_cat3.pdf,,,,1,0,https://massgaming.com/wp-content/uploads/DraftKings-Cat.-3-Sports-Wagering-Revenue-Report-April-2026.pdf,https://massgaming.com/regulations/revenue/,MA/screenshots/MA_2026_05_MA_DraftKings_cat3_p1.png,"November 2024 | $384,461,582.37 | $384,184,323.21 | $45,127,702.19 | 11.75% | $938,600.00 | $44,189,102.19 | $8,837,820.44",,2026-05-28T18:20:55.362144
MA,2023-06-01,2023-06-30,monthly,MGM Springfield,MGM Springfield,MGM Springfield,MGM Resorts,retail,,89497560,3742945.0,,,0.0,,0.0,,0.0418217546936475,30,False,False,MA_MGM_Springfield_cat1.pdf,,,,1,0,https://massgaming.com/wp-content/uploads/MGM-Springfield-Cat.-1-Sports-Wagering-Revenue-Report-April-2026.pdf,https://massgaming.com/regulations/revenue/,MA/screenshots/MA_2026_05_MA_MGM_Springfield_cat1_p1.png,"June 2023 | $831,652.00 | $894,975.60 | $37,429.45 | 4.18% | $2,237.44 | $0.00 | $0.00 | 37,429.45 + (2,237.44) | -$225,721.39",,2026-05-29T00:21:07.864258
MA,2024-05-01,2024-05-31,monthly,Encore Boston Harbor,Encore Boston Harbor,Encore Boston Harbor,Wynn Resorts,retail,,549987100,55463200.0,,,54088200.0,,8113200.0,,0.1008445470811951,31,False,False,MA_Encore_Boston_Harbor_cat1.pdf,,,,1,0,https://massgaming.com/wp-content/uploads/Encore-Boston-Harbor-Cat.-1-Sports-Wagering-Revenue-Report-April-2026.pdf,https://massgaming.com/regulations/revenue/,MA/screenshots/MA_2026_05_MA_Encore_Boston_Harbor_cat1_p1.png,"May 2024 | $5,391,395.00 | $5,499,871.00 | $554,632.00 | 10.08% | $13,750.00 | $540,882.00 | $81,132.00",,2026-05-28T01:02:25.030900
MA,2025-10-01,2025-10-31,monthly,theScore Bet,theScore Bet,ESPN Bet,PENN Entertainment,online,,2771222240,219726068.0,,,212737567.0,,42547513.0,,0.0792885048439853,31,False,False,MA_theScore_Bet_cat3.pdf,,,,1,0,https://massgaming.com/wp-content/uploads/theScore-Bet-Cat.-3-Sports-Wagering-Revenue-Report-April-2026.pdf,https://massgaming.com/regulations/revenue/,MA/screenshots/MA_2026_05_MA_theScore_Bet_cat3_p1.png,"October 2025 | $27,954,004.48 | $27,712,222.40 | $2,197,260.68 | 7.93% | $69,885.01 | $2,127,375.67 | $425,475.13",,2026-05-28T01:04:40.124759
MA,2023-03-01,2023-03-31,monthly,Encore Boston Harbor,Encore Boston Harbor,Encore Boston Harbor,Wynn Resorts,retail,,1344290800,70180700.0,,,66819800.0,,10023000.0,,0.0522064868702515,31,False,False,MA_Encore_Boston_Harbor_cat1.pdf,,,,1,0,https://massgaming.com/wp-content/uploads/Encore-Boston-Harbor-Cat.-1-Sports-Wagering-Revenue-Report-April-2026.pdf,https://massgaming.com/regulations/revenue/,MA/screenshots/MA_2026_05_MA_Encore_Boston_Harbor_cat1_p1.png,"March 2023 | $13,695,425.00 | $13,442,908.00 | $701,807.00 | 5.20% | $33,609.00 | $668,198.00 | $100,230.00",,2026-05-28T01:02:25.030900
MA,2025-08-01,2025-08-31,monthly,FanDuel,FanDuel,FanDuel,Flutter Entertainment,online,,12929971619,1410551387.0,,,1378705246.0,,275741049.0,,0.1090916073572241,31,False,False,MA_FanDuel_cat3.pdf,,,,1,0,https://massgaming.com/wp-content/uploads/FanDuel-Cat.-3-Sports-Wagering-Revenue-Report-April-2026.pdf,https://massgaming.com/regulations/revenue/,MA/screenshots/MA_2026_05_MA_FanDuel_cat3_p1.png,"August 2025 | $131,003,370.06 | $129,299,716.19 | $14,105,513.87 | 10.91% | $318,461.41 | $13,787,052.46 | $2,757,410.49",,2026-05-29T00:23:41.667729
MA,2024-07-01,2024-07-31,monthly,BetMGM,BetMGM,BetMGM,Entain/MGM Resorts,online,,2754253310,282897264.0,,,276011631.0,,55202326.0,,0.1027128706618491,31,False,False,MA_BetMGM_cat3.pdf,,,,1,0,https://massgaming.com/wp-content/uploads/BetMGM-Cat.-3-Sports-Wagering-Revenue-Report-April-2026.pdf,https://massgaming.com/regulations/revenue/,MA/screenshots/MA_2026_05_MA_BetMGM_cat3_p1.png,"July 2024 | $28,014,810.10 | $27,542,533.10 | $2,828,972.64 | 10.27% | $68,856.33 | $2,760,116.31 | $552,023.26",,2026-05-28T06:20:19.255129
MA,2024-07-01,2024-07-31,monthly,Fanatics,Fanatics,Fanatics,Fanatics Inc,online,,2095266251,228452184.0,,,223309161.0,,44661832.0,,0.1090325317324075,31,False,False,MA_Fanatics_cat3.pdf,,,,1,0,https://massgaming.com/wp-content/uploads/Fanatics-Cat.-3-Sports-Wagering-Revenue-Report-April-2026.pdf,https://massgaming.com/regulations/revenue/,MA/screenshots/MA_2026_05_MA_Fanatics_cat3_p1.png,"July 2024 | $21,028,542.41 | $20,952,662.51 | $2,284,521.84 | 10.90% | $51,430.23 | $2,233,091.61 | $446,618.32",,2026-05-28T14:28:18.847440
MA,2024-06-01,2024-06-30,monthly,Caesars,Caesars,Caesars,Caesars Entertainment,online,,1963068669,3205020.0,,,0.0,,0.0,,0.0016326581186956,30,False,False,MA_Caesars_cat3.pdf,,,,1,0,https://massgaming.com/wp-content/uploads/Caesars-Cat.-3-Sports-Wagering-Revenue-Report-April-2026.pdf,https://massgaming.com/regulations/revenue/,MA/screenshots/MA_2026_05_MA_Caesars_cat3_p1.png,"June 2024 | $19,544,366.76 | $19,630,686.69 | $32,050.20 | 0.16% | $48,638.00 | $0.00 | $0.00 | $32,050,20 + ($48,638) | -$16,587.80",,2026-05-28T10:50:15.962180
MA,2025-05-01,2025-05-31,monthly,Encore Boston Harbor,Encore Boston Harbor,Encore Boston Harbor,Wynn Resorts,retail,,499142500,55839700.0,,,54591800.0,,8188800.0,,0.1118712592095443,31,False,False,MA_Encore_Boston_Harbor_cat1.pdf,,,,1,0,https://massgaming.com/wp-content/uploads/Encore-Boston-Harbor-Cat.-1-Sports-Wagering-Revenue-Report-April-2026.pdf,https://massgaming.com/regulations/revenue/,MA/screenshots/MA_2026_05_MA_Encore_Boston_Harbor_cat1_p1.png,"May 2025 | $4,909,934.00 | $4,991,425.00 | $558,397.00 | 11.19% | $12,479.00 | $545,918.00 | $81,888.00",,2026-05-28T06:19:00.659447
MA,2023-05-01,2023-05-31,monthly,Caesars,Caesars,Caesars,Caesars Entertainment,online,,2007044898,158216808.0,,,153268008.0,,30653602.0,,0.0788307267852659,31,False,False,MA_Caesars_cat3.pdf,,,,1,0,https://massgaming.com/wp-content/uploads/Caesars-Cat.-3-Sports-Wagering-Revenue-Report-April-2026.pdf,https://massgaming.com/regulations/revenue/,MA/screenshots/MA_2026_05_MA_Caesars_cat3_p1.png,"May 2023 | $20,194,923.11 | $20,070,448.98 | $1,582,168.08 | 7.88% | $49,488.00 | $1,532,680.08 | $306,536.02",,2026-05-28T06:00:11.262750
MA,2024-06-01,2024-06-30,monthly,Plainridge Park Casino,Plainridge Park,ESPN Bet,PENN Entertainment,retail,,295170021,0.0,,,0.0,,0.0,,0.0,30,False,False,MA_Plainridge_Park_Casino_cat1.pdf,,,,1,0,https://massgaming.com/wp-content/uploads/Plainridge-Park-Casino-Cat.-1-Sports-Wagering-Revenue-Report-April-2026.pdf,https://massgaming.com/regulations/revenue/,MA/screenshots/MA_2026_05_MA_Plainridge_Park_Casino_cat1_p1.png,"June 2024 | $2,871,185.08 | $2,951,700.21 | $0.00 | 0.00% | $7,177.96 | $0.00 | $0.00 | (179,791.20) + (7,177.96) | -$186,969.16",,2026-05-28T01:03:01.526750
MA,2023-07-01,2023-07-31,monthly,DraftKings,DraftKings,DraftKings,DraftKings Inc,online,,14486621171,1473900662.0,,,1438324317.0,,287664863.0,,0.1017421967898576,31,False,False,MA_DraftKings_cat3.pdf,,,,1,0,https://massgaming.com/wp-content/uploads/DraftKings-Cat.-3-Sports-Wagering-Revenue-Report-April-2026.pdf,https://massgaming.com/regulations/revenue/,MA/screenshots/MA_2026_05_MA_DraftKings_cat3_p1.png,"July 2023 | $145,290,375.27 | $144,866,211.71 | $14,739,006.62 | 10.17% | $355,763.45 | $14,383,243.17 | $2,876,648.63",,2026-05-28T01:03:57.018904
MA,2023-03-01,2023-03-31,monthly,BetMGM,BetMGM,BetMGM,Entain/MGM Resorts,online,,4527118254,742764100.0,,,731446304.0,,146289261.0,,0.1640699576035417,31,False,False,MA_BetMGM_cat3.pdf,,,,1,0,https://massgaming.com/wp-content/uploads/BetMGM-Cat.-3-Sports-Wagering-Revenue-Report-April-2026.pdf,https://massgaming.com/regulations/revenue/,MA/screenshots/MA_2026_05_MA_BetMGM_cat3_p1.png,"March 2023 | $46,946,940.67 | $45,271,182.54 | $7,427,641.00 | 16.41% | $113,177.96 | $7,314,463.04 | $1,462,892.61",,2026-05-28T01:03:27.731285
MA,2025-11-01,2025-11-30,monthly,Caesars,Caesars,Caesars,Caesars Entertainment,online,,2894349136,189190727.0,,,181989027.0,,36397805.0,,0.0653655513244204,30,False,False,MA_Caesars_cat3.pdf,,,,1,0,https://massgaming.com/wp-content/uploads/Caesars-Cat.-3-Sports-Wagering-Revenue-Report-April-2026.pdf,https://massgaming.com/regulations/revenue/,MA/screenshots/MA_2026_05_MA_Caesars_cat3_p1.png,"November 2025 | $28,580,282.59 | $28,943,491.36 | $1,891,907.27 | 6.54% | $72,013.00 | $1,819,890.27 | $363,978.05 | -4",,2026-05-28T01:03:42.619657
MA,2026-02-01,2026-02-28,monthly,Caesars,Caesars,Caesars,Caesars Entertainment,online,,2364780677,190961164.0,,,185138664.0,,37027733.0,,0.080752166937636,28,False,False,MA_Caesars_cat3.pdf,,,,1,0,https://massgaming.com/wp-content/uploads/Caesars-Cat.-3-Sports-Wagering-Revenue-Report-April-2026.pdf,https://massgaming.com/regulations/revenue/,MA/screenshots/MA_2026_05_MA_Caesars_cat3_p1.png,"February 2026 | $23,387,035.49 | $23,647,806.77 | $1,909,611.64 | 8.08% | $58,225.00 | $1,851,386.64 | $370,277.33",,2026-05-28T01:03:42.619657
MA,2024-08-01,2024-08-31,monthly,Encore Boston Harbor,Encore Boston Harbor,Encore Boston Harbor,Wynn Resorts,retail,,411344400,19443800.0,,,18415400.0,,2762300.0,,0.0472689065415744,31,False,False,MA_Encore_Boston_Harbor_cat1.pdf,,,,1,0,https://massgaming.com/wp-content/uploads/Encore-Boston-Harbor-Cat.-1-Sports-Wagering-Revenue-Report-April-2026.pdf,https://massgaming.com/regulations/revenue/,MA/screenshots/MA_2026_05_MA_Encore_Boston_Harbor_cat1_p1.png,"August 2024 | $4,275,295.00 | $4,113,444.00 | $194,438.00 | 4.73% | $10,284.00 | $184,154.00 | $27,623.00",,2026-05-28T01:02:25.030900
MA,2023-12-01,2023-12-31,monthly,Encore Boston Harbor,Encore Boston Harbor,Encore Boston Harbor,Wynn Resorts,retail,,637954800,51536000.0,,,49941100.0,,7491200.0,,0.0807831526622262,31,False,False,MA_Encore_Boston_Harbor_cat1.pdf,,,,1,0,https://massgaming.com/wp-content/uploads/Encore-Boston-Harbor-Cat.-1-Sports-Wagering-Revenue-Report-April-2026.pdf,https://massgaming.com/regulations/revenue/,MA/screenshots/MA_2026_05_MA_Encore_Boston_Harbor_cat1_p1.png,"December 2023 | $6,443,260.00 | $6,379,548.00 | $515,360.00 | 8.08% | $15,949.00 | $499,411.00 | $74,912.00",,2026-05-28T01:02:25.030900
MA,2023-09-01,2023-09-30,monthly,Caesars,Caesars,Caesars,Caesars Entertainment,online,,1813741840,164043039.0,,,159508939.0,,31901788.0,,0.0904445359213856,30,False,False,MA_Caesars_cat3.pdf,,,,1,0,https://massgaming.com/wp-content/uploads/Caesars-Cat.-3-Sports-Wagering-Revenue-Report-April-2026.pdf,https://massgaming.com/regulations/revenue/,MA/screenshots/MA_2026_05_MA_Caesars_cat3_p1.png,"September 2023 | $18,534,036.28 | $18,137,418.40 | $1,640,430.39 | 9.04% | $45,341.00 | $1,595,089.39 | $319,017.88",,2026-05-28T01:03:42.619657
MA,2024-04-01,2024-04-30,monthly,BetMGM,BetMGM,BetMGM,Entain/MGM Resorts,online,,4042343086,250069913.0,,,239964055.0,,47992811.0,,0.0618626147459073,30,False,False,MA_BetMGM_cat3.pdf,,,,1,0,https://massgaming.com/wp-content/uploads/BetMGM-Cat.-3-Sports-Wagering-Revenue-Report-April-2026.pdf,https://massgaming.com/regulations/revenue/,MA/screenshots/MA_2026_05_MA_BetMGM_cat3_p1.png,"April 2024 | $40,646,273.76 | $40,423,430.86 | $2,500,699.13 | 6.19% | $101,058.58 | $2,399,640.55 | $479,928.11",,2026-05-28T01:03:27.731285
MA,2023-10-01,2023-10-31,monthly,DraftKings,DraftKings,DraftKings,DraftKings Inc,online,,30476423352,3425368759.0,,,3352234407.0,,670446881.0,,0.1123940535750305,31,False,False,MA_DraftKings_cat3.pdf,,,,1,0,https://massgaming.com/wp-content/uploads/DraftKings-Cat.-3-Sports-Wagering-Revenue-Report-April-2026.pdf,https://massgaming.com/regulations/revenue/,MA/screenshots/MA_2026_05_MA_DraftKings_cat3_p1.png,"October 2023 | $302,499,694.37 | $304,764,233.52 | $34,253,687.59 | 11.24% | $731,343.52 | $33,522,344.07 | $6,704,468.81",,2026-05-28T01:03:57.018904
MA,2023-05-01,2023-05-31,monthly,Plainridge Park Casino,Plainridge Park,ESPN Bet,PENN Entertainment,retail,,276099521,23302166.0,,,22607945.0,,3391192.0,,0.0843977052752655,31,False,False,MA_Plainridge_Park_Casino_cat1.pdf,,,,1,0,https://massgaming.com/wp-content/uploads/Plainridge-Park-Casino-Cat.-1-Sports-Wagering-Revenue-Report-April-2026.pdf,https://massgaming.com/regulations/revenue/,MA/screenshots/MA_2026_05_MA_Plainridge_Park_Casino_cat1_p1.png,"May 2023 | $2,776,882.30 | $2,760,995.21 | $233,021.66 | 8.44% | $6,942.21 | $226,079.45 | $33,911.92",,2026-05-28T01:03:01.526750
MA,2023-03-01,2023-03-31,monthly,Caesars,Caesars,Caesars,Caesars Entertainment,online,,1639840460,185513990.0,,,181414190.0,,36282838.0,,0.1131292918580628,31,False,False,MA_Caesars_cat3.pdf,,,,1,0,https://massgaming.com/wp-content/uploads/Caesars-Cat.-3-Sports-Wagering-Revenue-Report-April-2026.pdf,https://massgaming.com/regulations/revenue/,MA/screenshots/MA_2026_05_MA_Caesars_cat3_p1.png,"March 2023 | $16,831,530.25 | $16,398,404.60 $1,855,139.90 | 11.31% | $40,998.00 | $1,814,141.90 | $362,828.38",,2026-05-29T00:22:47.763106
MA,2025-01-01,2025-01-31,monthly,Fanatics,Fanatics,Fanatics,Fanatics Inc,online,,3775530041,360186014.0,,,351121815.0,,70224363.0,,0.0954001186823029,31,False,False,MA_Fanatics_cat3.pdf,,,,1,0,https://massgaming.com/wp-content/uploads/Fanatics-Cat.-3-Sports-Wagering-Revenue-Report-April-2026.pdf,https://massgaming.com/regulations/revenue/,MA/screenshots/MA_2026_05_MA_Fanatics_cat3_p1.png,"January 2025 | $37,713,853.74 | $37,755,300.41 | $3,601,860.14 | 9.54% | $90,641.99 | $3,511,218.15 | $702,243.63",,2026-05-28T01:04:10.526568
MA,2024-01-01,2024-01-31,monthly,Plainridge Park Casino,Plainridge Park,ESPN Bet,PENN Entertainment,retail,,575035997,33888725.0,,,32447562.0,,4867134.0,,0.0589332236186946,31,False,False,MA_Plainridge_Park_Casino_cat1.pdf,,,,1,0,https://massgaming.com/wp-content/uploads/Plainridge-Park-Casino-Cat.-1-Sports-Wagering-Revenue-Report-April-2026.pdf,https://massgaming.com/regulations/revenue/,MA/screenshots/MA_2026_05_MA_Plainridge_Park_Casino_cat1_p1.png,"January 2024 | $5,764,652.74 | $5,750,359.97 | $338,887.25 | 5.89% | $14,411.63 | $324,475.62 | $48,671.34",,2026-05-28T01:03:01.526750
MA,2025-12-01,2025-12-31,monthly,FanDuel,FanDuel,FanDuel,Flutter Entertainment,online,,20222482283,2608108159.0,,,2558999467.0,,511799893.0,,0.1289707229063814,31,False,False,MA_FanDuel_cat3.pdf,,,,1,0,https://massgaming.com/wp-content/uploads/FanDuel-Cat.-3-Sports-Wagering-Revenue-Report-April-2026.pdf,https://massgaming.com/regulations/revenue/,MA/screenshots/MA_2026_05_MA_FanDuel_cat3_p1.png,"December 2025 | $201,466,438.90 | $202,224,822.83 | $26,081,081.59 | 12.90% | $491,086.92 | $25,589,994.67 | $5,117,998.93",,2026-05-28T01:04:24.920493
MA,2025-08-01,2025-08-31,monthly,MGM Springfield,MGM Springfield,MGM Springfield,MGM Resorts,retail,,117928135,0.0,,,0.0,,0.0,,0.0,31,False,False,MA_MGM_Springfield_cat1.pdf,,,,1,0,https://massgaming.com/wp-content/uploads/MGM-Springfield-Cat.-1-Sports-Wagering-Revenue-Report-April-2026.pdf,https://massgaming.com/regulations/revenue/,MA/screenshots/MA_2026_05_MA_MGM_Springfield_cat1_p1.png,"August 2025 | $1,227,866.30 | $1,179,281.35 | $0.00 | 0.00% | $2,948.20 | $0.00 | $0.00 | (173,462.45) + (2,948.20) | -$176,410.65",,2026-05-28T01:02:42.816977
MA,2024-04-01,2024-04-30,monthly,Plainridge Park Casino,Plainridge Park,ESPN Bet,PENN Entertainment,retail,,464189005,14940514.0,,,13779488.0,,2066923.0,,0.0321862729169985,30,False,False,MA_Plainridge_Park_Casino_cat1.pdf,,,,1,0,https://massgaming.com/wp-content/uploads/Plainridge-Park-Casino-Cat.-1-Sports-Wagering-Revenue-Report-April-2026.pdf,https://massgaming.com/regulations/revenue/,MA/screenshots/MA_2026_05_MA_Plainridge_Park_Casino_cat1_p1.png,"April 2024 | $4,644,103.18 | $4,641,890.05 | $149,405.14 | 3.22% | $11,610.26 | $137,794.88 | $20,669.23",,2026-05-28T01:03:01.526750
MA,2024-07-01,2024-07-31,monthly,FanDuel,FanDuel,FanDuel,Flutter Entertainment,online,,11993912240,1315477066.0,,,1286235583.0,,257247117.0,,0.1096787303156055,31,False,False,MA_FanDuel_cat3.pdf,,,,1,0,https://massgaming.com/wp-content/uploads/FanDuel-Cat.-3-Sports-Wagering-Revenue-Report-April-2026.pdf,https://massgaming.com/regulations/revenue/,MA/screenshots/MA_2026_05_MA_FanDuel_cat3_p1.png,"July 2024 | $120,580,441.60 | $119,939,122.40 | $13,154,770.66 | 10.97% | $292,414.83 | $12,862,355.83 | $2,572,471.17",,2026-05-28T01:04:24.920493
MA,2023-12-01,2023-12-31,monthly,Plainridge Park Casino,Plainridge Park,ESPN Bet,PENN Entertainment,retail,,723777152,55228216.0,,,53441123.0,,8016168.0,,0.0763055532319428,31,False,False,MA_Plainridge_Park_Casino_cat1.pdf,,,,1,0,https://massgaming.com/wp-content/uploads/Plainridge-Park-Casino-Cat.-1-Sports-Wagering-Revenue-Report-April-2026.pdf,https://massgaming.com/regulations/revenue/,MA/screenshots/MA_2026_05_MA_Plainridge_Park_Casino_cat1_p1.png,"December 2023 | $7,148,371.36 | $7,237,771.52 | $552,282.16 | 7.63% | $17,870.93 | $534,411.23 | $80,161.68",,2026-05-28T01:03:01.526750
MA,2024-03-01,2024-03-31,monthly,Caesars,Caesars,Caesars,Caesars Entertainment,online,,2519547219,135269641.0,,,129036641.0,,25807328.0,,0.0536880753731966,31,False,False,MA_Caesars_cat3.pdf,,,,1,0,https://massgaming.com/wp-content/uploads/Caesars-Cat.-3-Sports-Wagering-Revenue-Report-April-2026.pdf,https://massgaming.com/regulations/revenue/,MA/screenshots/MA_2026_05_MA_Caesars_cat3_p1.png,"March 2024 | $25,270,791.46 | $25,195,472.19 | $1,352,696.41 | 5.37% | $62,330.00 | $1,290,366.41 | $258,073.28",,2026-05-28T13:49:10.749169
MA,2023-03-01,2023-03-31,monthly,MGM Springfield,MGM Springfield,MGM Springfield,MGM Resorts,retail,,166004605,17677425.0,,,17262413.0,,2589362.0,,0.1064875579806957,31,False,False,MA_MGM_Springfield_cat1.pdf,,,,1,0,https://massgaming.com/wp-content/uploads/MGM-Springfield-Cat.-1-Sports-Wagering-Revenue-Report-April-2026.pdf,https://massgaming.com/regulations/revenue/,MA/screenshots/MA_2026_05_MA_MGM_Springfield_cat1_p1.png,"March 2023 | $1,789,549.38 | $1,660,046.05 | $176,774.25 | 10.65% | $4,150.12 | $172,624.13 | $25,893.62",,2026-05-28T15:39:23.045661
MA,2025-03-01,2025-03-31,monthly,Caesars,Caesars,Caesars,Caesars Entertainment,online,,2624985369,176652614.0,,,170129714.0,,34025943.0,,0.0672966089968328,31,False,False,MA_Caesars_cat3.pdf,,,,1,0,https://massgaming.com/wp-content/uploads/Caesars-Cat.-3-Sports-Wagering-Revenue-Report-April-2026.pdf,https://massgaming.com/regulations/revenue/,MA/screenshots/MA_2026_05_MA_Caesars_cat3_p1.png,"March 2025 | $26,369,659.03 | $26,249,853.69 | $1,766,526.14 | 6.73% | $65,229.00 | $1,701,297.14 | $340,259.43",,2026-05-28T01:03:42.619657
MA,2025-11-01,2025-11-30,monthly,theScore Bet,theScore Bet,ESPN Bet,PENN Entertainment,online,,2786179847,215594913.0,,,208696997.0,,41739399.0,,0.0773801135745563,30,False,False,MA_theScore_Bet_cat3.pdf,,,,1,0,https://massgaming.com/wp-content/uploads/theScore-Bet-Cat.-3-Sports-Wagering-Revenue-Report-April-2026.pdf,https://massgaming.com/regulations/revenue/,MA/screenshots/MA_2026_05_MA_theScore_Bet_cat3_p1.png,"November 2025 | $27,591,663.83 | $27,861,798.47 | $2,155,949.13 | 7.74% | $68,979.16 | $2,086,969.97 | $417,393.99",,2026-05-28T01:04:40.124759
MA,2025-12-01,2025-12-31,monthly,DraftKings,DraftKings,DraftKings,DraftKings Inc,online,,44753943430,5454420508.0,,,5344092009.0,,1068818402.0,,0.1218757519442125,31,False,False,MA_DraftKings_cat3.pdf,,,,1,0,https://massgaming.com/wp-content/uploads/DraftKings-Cat.-3-Sports-Wagering-Revenue-Report-April-2026.pdf,https://massgaming.com/regulations/revenue/,MA/screenshots/MA_2026_05_MA_DraftKings_cat3_p1.png,"December 2025 | $447,565,148.45 | $447,539,434.30 | $54,544,205.08 | 12.19% | $1,103,284.99 | $53,440,920.09 | $10,688,184.02",,2026-05-28T01:03:57.018904
MA,2024-07-01,2024-07-31,monthly,Caesars,Caesars,Caesars,Caesars Entertainment,online,,1323128039,96404453.0,,,91472273.0,,18294455.0,,0.0728610158340088,31,False,False,MA_Caesars_cat3.pdf,,,,1,0,https://massgaming.com/wp-content/uploads/Caesars-Cat.-3-Sports-Wagering-Revenue-Report-April-2026.pdf,https://massgaming.com/regulations/revenue/,MA/screenshots/MA_2026_05_MA_Caesars_cat3_p1.png,"July 2024 | $13,321,479.15 | $13,231,280.39 | $964,044.53 | 7.29% | $32,734.00 | $914,722.73 | $182,944.55",,2026-05-28T13:49:10.749169
MA,2024-04-01,2024-04-30,monthly,FanDuel,FanDuel,FanDuel,Flutter Entertainment,online,,17631992362,2007076415.0,,,1964344218.0,,392868844.0,,0.1138315156786023,30,False,False,MA_FanDuel_cat3.pdf,,,,1,0,https://massgaming.com/wp-content/uploads/FanDuel-Cat.-3-Sports-Wagering-Revenue-Report-April-2026.pdf,https://massgaming.com/regulations/revenue/,MA/screenshots/MA_2026_05_MA_FanDuel_cat3_p1.png,"April 2024 | $175,577,701.61 | $176,319,923.62 | $20,070,764.15 | 11.38% | $427,321.97 | $19,643,442.18 | $3,928,688.44",,2026-05-28T15:41:20.449575
MA,2025-05-01,2025-05-31,monthly,Fanatics,Fanatics,Fanatics,Fanatics Inc,online,,4632478477,589842836.0,,,578789976.0,,115757995.0,,0.127327701343576,31,False,False,MA_Fanatics_cat3.pdf,,,,1,0,https://massgaming.com/wp-content/uploads/Fanatics-Cat.-3-Sports-Wagering-Revenue-Report-April-2026.pdf,https://massgaming.com/regulations/revenue/,MA/screenshots/MA_2026_05_MA_Fanatics_cat3_p1.png,"May 2025 | $46,296,921.51 | $46,324,784.77 | $5,898,428.36 | 12.73% | $110,528.60 | $5,787,899.76 | $1,157,579.95",,2026-05-28T01:04:10.526568
MA,2025-03-01,2025-03-31,monthly,Bally’s,Bally Bet,Bally Bet,Bally's Corporation,online,,514585324,19245029.0,,,17958566.0,,3591713.0,,0.0373991019611744,31,False,False,MA_Bally’s_cat3.pdf,,,,1,0,https://massgaming.com/wp-content/uploads/Ballys-Cat.-3-Sports-Wagering-Revenue-Report-April-2026.pdf,https://massgaming.com/regulations/revenue/,MA/screenshots/MA_2026_05_MA_Bally’s_cat3_p1.png,"March 2025 | $5,203,619.82 | $5,145,853.24 | $192,450.29 | 3.74% | $12,864.63 | $179,585.66 | $35,917.13",,2026-05-28T01:03:13.715727
MA,2026-04-01,2026-04-30,monthly,Bally’s,Bally Bet,Bally Bet,Bally's Corporation,online,,463742759,48915328.0,,,47755971.0,,9551194.0,,0.1054794431841468,30,False,False,MA_Bally’s_cat3.pdf,,,,1,0,https://massgaming.com/wp-content/uploads/Ballys-Cat.-3-Sports-Wagering-Revenue-Report-April-2026.pdf,https://massgaming.com/regulations/revenue/,MA/screenshots/MA_2026_05_MA_Bally’s_cat3_p1.png,"April 2026 | $4,681,883.74 | $4,637,427.59 | $489,153.28 | 10.55% | $11,593.57 | $477,559.71 | $95,511.94",,2026-05-28T01:03:13.715727
MA,2023-05-01,2023-05-31,monthly,MGM Springfield,MGM Springfield,MGM Springfield,MGM Resorts,retail,,193679990,0.0,,,0.0,,0.0,,0.0,31,False,False,MA_MGM_Springfield_cat1.pdf,,,,1,0,https://massgaming.com/wp-content/uploads/MGM-Springfield-Cat.-1-Sports-Wagering-Revenue-Report-April-2026.pdf,https://massgaming.com/regulations/revenue/,MA/screenshots/MA_2026_05_MA_MGM_Springfield_cat1_p1.png,"May 2023 | $1,956,465.60 | $1,936,799.90 | $0.00 | 0.00% | $4,842.00 | $0.00 | $0.00 | (23,538.10) + (4,842) | -$260,913.40",,2026-05-28T15:39:23.045661
MA,2023-12-01,2023-12-31,monthly,FanDuel,FanDuel,FanDuel,Flutter Entertainment,online,,18735408341,1979951103.0,,,1934280612.0,,386856122.0,,0.1056796343566814,31,False,False,MA_FanDuel_cat3.pdf,,,,1,0,https://massgaming.com/wp-content/uploads/FanDuel-Cat.-3-Sports-Wagering-Revenue-Report-April-2026.pdf,https://massgaming.com/regulations/revenue/,MA/screenshots/MA_2026_05_MA_FanDuel_cat3_p1.png,"December 2023 | $186,240,408.49 | $187,354,083.41 | $19,799,511.03 | 10.57% | $456,704.90 | $19,342,806.12 | $3,868,561.22",,2026-05-28T01:04:24.920493
MA,2023-05-01,2023-05-31,monthly,FanDuel,FanDuel,FanDuel,Flutter Entertainment,online,,13533012629,2002599182.0,,,1970790650.0,,394158130.0,,0.1479788157227175,31,False,False,MA_FanDuel_cat3.pdf,,,,1,0,https://massgaming.com/wp-content/uploads/FanDuel-Cat.-3-Sports-Wagering-Revenue-Report-April-2026.pdf,https://massgaming.com/regulations/revenue/,MA/screenshots/MA_2026_05_MA_FanDuel_cat3_p1.png,"May 2023 | $135,281,413.99 | $135,330,126.29 | $20,025,991.82 | 14.80% | $318,085.32 | $19,707,906.50 | $3,941,581.30",,2026-05-28T14:28:32.066218
MA,2024-08-01,2024-08-31,monthly,FanDuel,FanDuel,FanDuel,Flutter Entertainment,online,,11824735545,1095869751.0,,,1066797231.0,,213359446.0,,0.0926760473271962,31,False,False,MA_FanDuel_cat3.pdf,,,,1,0,https://massgaming.com/wp-content/uploads/FanDuel-Cat.-3-Sports-Wagering-Revenue-Report-April-2026.pdf,https://massgaming.com/regulations/revenue/,MA/screenshots/MA_2026_05_MA_FanDuel_cat3_p1.png,"August 2024 | $119,523,551.33 | $118,247,355.45 | $10,958,697.51 | 9.27% | $290,725.20 | $10,667,972.31 | $2,133,594.46",,2026-05-28T14:28:32.066218
MA,2024-05-01,2024-05-31,monthly,FanDuel,FanDuel,FanDuel,Flutter Entertainment,online,,17243971366,2027452614.0,,,1985670135.0,,397134027.0,,0.1175745755410807,31,False,False,MA_FanDuel_cat3.pdf,,,,1,0,https://massgaming.com/wp-content/uploads/FanDuel-Cat.-3-Sports-Wagering-Revenue-Report-April-2026.pdf,https://massgaming.com/regulations/revenue/,MA/screenshots/MA_2026_05_MA_FanDuel_cat3_p1.png,"May 2024 | $172,166,265.47 | $172,439,713.66 | $20,274,526.14 | 11.76% | $417,824.79 | $19,856,701.35 | $3,971,340.27",,2026-05-28T10:50:58.658070
MA,2025-06-01,2025-06-30,monthly,MGM Springfield,MGM Springfield,MGM Springfield,MGM Resorts,retail,,103735740,17441705.0,,,5936887.0,,890533.0,,0.1681359288515221,30,False,False,MA_MGM_Springfield_cat1.pdf,,,,1,0,https://massgaming.com/wp-content/uploads/MGM-Springfield-Cat.-1-Sports-Wagering-Revenue-Report-April-2026.pdf,https://massgaming.com/regulations/revenue/,MA/screenshots/MA_2026_05_MA_MGM_Springfield_cat1_p1.png,"June 2025 | $953,082.05 | $1,037,357.40 | $174,417.05 | 16.81% | $2,593.39 | $59,368.87 | $8,905.33",,2026-05-28T01:02:42.816977
MA,2024-10-01,2024-10-31,monthly,Plainridge Park Casino,Plainridge Park,ESPN Bet,PENN Entertainment,retail,,464276473,0.0,,,0.0,,0.0,,0.0,31,False,False,MA_Plainridge_Park_Casino_cat1.pdf,,,,1,0,https://massgaming.com/wp-content/uploads/Plainridge-Park-Casino-Cat.-1-Sports-Wagering-Revenue-Report-April-2026.pdf,https://massgaming.com/regulations/revenue/,MA/screenshots/MA_2026_05_MA_Plainridge_Park_Casino_cat1_p1.png,"October 2024 | $4,689,552.95 | $4,642,764.73 | $0.00 | 0.00% | $11,723.88 | $0.00 | $0.00 | (189,828.82) + (11,723.88) | -$201,552.70",,2026-05-28T01:03:01.526750
MA,2024-05-01,2024-05-31,monthly,Plainridge Park Casino,Plainridge Park,ESPN Bet,PENN Entertainment,retail,,357523642,14248648.0,,,13357281.0,,2003592.0,,0.0398537224567655,31,False,False,MA_Plainridge_Park_Casino_cat1.pdf,,,,1,0,https://massgaming.com/wp-content/uploads/Plainridge-Park-Casino-Cat.-1-Sports-Wagering-Revenue-Report-April-2026.pdf,https://massgaming.com/regulations/revenue/,MA/screenshots/MA_2026_05_MA_Plainridge_Park_Casino_cat1_p1.png,"May 2024 | $3,565,469.99 | $3,575,236.42 | $142,486.48 | 3.99% | $8,913.67 | $133,572.81 | $20,035.92",,2026-05-28T01:03:01.526750
MA,2025-06-01,2025-06-30,monthly,DraftKings,DraftKings,DraftKings,DraftKings Inc,online,,26614297274,3206255720.0,,,3142366620.0,,628473324.0,,0.1204711770891749,30,False,False,MA_DraftKings_cat3.pdf,,,,1,0,https://massgaming.com/wp-content/uploads/DraftKings-Cat.-3-Sports-Wagering-Revenue-Report-April-2026.pdf,https://massgaming.com/regulations/revenue/,MA/screenshots/MA_2026_05_MA_DraftKings_cat3_p1.png,"June 2025 | $263,607,159.46 | $266,142,972.74 | $32,062,557.20 | 12.05% | $638,891.46 | $31,423,666.20 | $6,284,733.24",,2026-05-28T01:03:57.018904
MA,2023-09-01,2023-09-30,monthly,Plainridge Park Casino,Plainridge Park,ESPN Bet,PENN Entertainment,retail,,461303851,28269860.0,,,27092410.0,,4063862.0,,0.0612825146348062,30,False,False,MA_Plainridge_Park_Casino_cat1.pdf,,,,1,0,https://massgaming.com/wp-content/uploads/Plainridge-Park-Casino-Cat.-1-Sports-Wagering-Revenue-Report-April-2026.pdf,https://massgaming.com/regulations/revenue/,MA/screenshots/MA_2026_05_MA_Plainridge_Park_Casino_cat1_p1.png,"September 2023 | $4,709,799.34 | $4,613,038.51 | $282,698.60 | 6.13% | $11,774.50 | $270,924.10 | $40,638.62",,2026-05-28T01:03:01.526750
MA,2025-03-01,2025-03-31,monthly,Plainridge Park Casino,Plainridge Park,ESPN Bet,PENN Entertainment,retail,,332832697,7681611.0,,,6831661.0,,1024749.0,,0.0230794963032132,31,False,False,MA_Plainridge_Park_Casino_cat1.pdf,,,,1,0,https://massgaming.com/wp-content/uploads/Plainridge-Park-Casino-Cat.-1-Sports-Wagering-Revenue-Report-April-2026.pdf,https://massgaming.com/regulations/revenue/,MA/screenshots/MA_2026_05_MA_Plainridge_Park_Casino_cat1_p1.png,"March 2025 | $3,399,798.59 | $3,328,326.97 | $76,816.11 | 2.31% | $8,499.50 | $68,316.61 | $10,247.49",,2026-05-28T01:03:01.526750
MA,2024-06-01,2024-06-30,monthly,FanDuel,FanDuel,FanDuel,Flutter Entertainment,online,,14144351375,1684815372.0,,,1650787297.0,,330157459.0,,0.1191157747238869,30,False,False,MA_FanDuel_cat3.pdf,,,,1,0,https://massgaming.com/wp-content/uploads/FanDuel-Cat.-3-Sports-Wagering-Revenue-Report-April-2026.pdf,https://massgaming.com/regulations/revenue/,MA/screenshots/MA_2026_05_MA_FanDuel_cat3_p1.png,"June 2024 | $140,913,744.60 | $141,443,513.75 | $16,848,153.72 | 11.91% | $340,280.75 | $16,507,872.97 | $3,301,574.59",,2026-05-28T01:04:24.920493
MA,2023-06-01,2023-06-30,monthly,BetMGM,BetMGM,BetMGM,Entain/MGM Resorts,online,,2498587914,360218861.0,,,353972391.0,,70794478.0,,0.1441689759970559,30,False,False,MA_BetMGM_cat3.pdf,,,,1,0,https://massgaming.com/wp-content/uploads/BetMGM-Cat.-3-Sports-Wagering-Revenue-Report-April-2026.pdf,https://massgaming.com/regulations/revenue/,MA/screenshots/MA_2026_05_MA_BetMGM_cat3_p1.png,"June 2023 | $24,320,908.62 | $24,985,879.14 | $3,602,188.61 | 14.42% | $62,464.70 | $3,539,723.91 | $707,944.78",,2026-05-28T01:03:27.731285
MA,2025-05-01,2025-05-31,monthly,Caesars,Caesars,Caesars,Caesars Entertainment,online,,2065374160,175561018.0,,,170415718.0,,34083144.0,,0.0850020405019495,31,False,False,MA_Caesars_cat3.pdf,,,,1,0,https://massgaming.com/wp-content/uploads/Caesars-Cat.-3-Sports-Wagering-Revenue-Report-April-2026.pdf,https://massgaming.com/regulations/revenue/,MA/screenshots/MA_2026_05_MA_Caesars_cat3_p1.png,"May 2025 | $20,631,882.93 | $20,653,741.60 | $1,755,610.18 | 8.50% | $51,453.00 | $1,704,157.18 | $340,831.44",,2026-05-28T01:03:42.619657
MA,2025-05-01,2025-05-31,monthly,Bally’s,Bally Bet,Bally Bet,Bally's Corporation,online,,486830023,22334356.0,,,21117281.0,,4223456.0,,0.0458771130473191,31,False,False,MA_Bally’s_cat3.pdf,,,,1,0,https://massgaming.com/wp-content/uploads/Ballys-Cat.-3-Sports-Wagering-Revenue-Report-April-2026.pdf,https://massgaming.com/regulations/revenue/,MA/screenshots/MA_2026_05_MA_Bally’s_cat3_p1.png,"May 2025 | $4,940,866.18 | $4,868,300.23 | $223,343.56 | 4.59% | $12,170.75 | $211,172.81 | $42,234.56",,2026-05-28T01:03:13.715727
MA,2023-05-01,2023-05-31,monthly,Encore Boston Harbor,Encore Boston Harbor,Encore Boston Harbor,Wynn Resorts,retail,,670790700,137890200.0,,,136212900.0,,20432000.0,,0.2055636728416181,31,False,False,MA_Encore_Boston_Harbor_cat1.pdf,,,,1,0,https://massgaming.com/wp-content/uploads/Encore-Boston-Harbor-Cat.-1-Sports-Wagering-Revenue-Report-April-2026.pdf,https://massgaming.com/regulations/revenue/,MA/screenshots/MA_2026_05_MA_Encore_Boston_Harbor_cat1_p1.png,"May 2023 | $6,366,070.00 | $6,707,907.00 | $1,378,902.00 | 20.56% | $16,773.00 | $1,362,129.00 | $204,320.00",,2026-05-28T01:02:25.030900
MA,2026-03-01,2026-03-31,monthly,Plainridge Park Casino,Plainridge Park,ESPN Bet,PENN Entertainment,retail,,289366309,36532340.0,,,35788235.0,,5368235.0,,0.1262494591241442,31,False,False,MA_Plainridge_Park_Casino_cat1.pdf,,,,1,0,https://massgaming.com/wp-content/uploads/Plainridge-Park-Casino-Cat.-1-Sports-Wagering-Revenue-Report-April-2026.pdf,https://massgaming.com/regulations/revenue/,MA/screenshots/MA_2026_05_MA_Plainridge_Park_Casino_cat1_p1.png,"March 2026 | $2,902,408.37 | $2,893,663.09 | $365,323.40 | 12.62% | $7,441.05 | $357,882.35 | $53,682.35",,2026-05-28T01:03:01.526750
MA,2026-02-01,2026-02-28,monthly,Plainridge Park Casino,Plainridge Park,ESPN Bet,PENN Entertainment,retail,,344670533,53167372.0,,,52355556.0,,7853333.0,,0.1542556351923475,28,False,False,MA_Plainridge_Park_Casino_cat1.pdf,,,,1,0,https://massgaming.com/wp-content/uploads/Plainridge-Park-Casino-Cat.-1-Sports-Wagering-Revenue-Report-April-2026.pdf,https://massgaming.com/regulations/revenue/,MA/screenshots/MA_2026_05_MA_Plainridge_Park_Casino_cat1_p1.png,"February 2026 | $3,458,523.13 | $3,446,705.33 | $531,673.72 | 15.43% | $8,118.16 | $523,555.56 | $78,533.33",,2026-05-28T01:03:01.526750
MA,2023-09-01,2023-09-30,monthly,Fanatics,Fanatics,Fanatics,Fanatics Inc,online,,889519378,57720052.0,,,56500526.0,,11300150.0,,0.0648890326928886,30,False,False,MA_Fanatics_cat3.pdf,,,,1,0,https://massgaming.com/wp-content/uploads/Fanatics-Cat.-3-Sports-Wagering-Revenue-Report-April-2026.pdf,https://massgaming.com/regulations/revenue/,MA/screenshots/MA_2026_05_MA_Fanatics_cat3_p1.png,"September 2023 | $8,970,125.78 | $8,895,193.78 | $577,200.52 | 6.49% | $21,474.83 | $565,005.26 | $113,001.50",,2026-05-28T01:04:10.526568
MA,2025-08-01,2025-08-31,monthly,BetMGM,BetMGM,BetMGM,Entain/MGM Resorts,online,,4622483170,478616071.0,,,467059863.0,,93411973.0,,0.1035409007232794,31,False,False,MA_BetMGM_cat3.pdf,,,,1,0,https://massgaming.com/wp-content/uploads/BetMGM-Cat.-3-Sports-Wagering-Revenue-Report-April-2026.pdf,https://massgaming.com/regulations/revenue/,MA/screenshots/MA_2026_05_MA_BetMGM_cat3_p1.png,"August 2025 | $46,472,542.51 | $46,224,831.70 | $4,786,160.71 | 10.35% | $115,562.08 | $4,670,598.63 | $934,119.73",,2026-05-28T08:44:46.746910
MA,2025-10-01,2025-10-31,monthly,Fanatics,Fanatics,Fanatics,Fanatics Inc,online,,8241736936,767146031.0,,,746919807.0,,149383961.0,,0.0930806257172681,31,False,False,MA_Fanatics_cat3.pdf,,,,1,0,https://massgaming.com/wp-content/uploads/Fanatics-Cat.-3-Sports-Wagering-Revenue-Report-April-2026.pdf,https://massgaming.com/regulations/revenue/,MA/screenshots/MA_2026_05_MA_Fanatics_cat3_p1.png,"October 2025 | $82,707,103.23 | $82,417,369.36 | $7,671,460.31 | 9.31% | $202,262.24 | $7,469,198.07 | $1,493,839.61",,2026-05-28T12:20:27.966783
MA,2024-05-01,2024-05-31,monthly,BetMGM,BetMGM,BetMGM,Entain/MGM Resorts,online,,3929785205,312978100.0,,,303153637.0,,60630727.0,,0.0796425462648155,31,False,False,MA_BetMGM_cat3.pdf,,,,1,0,https://massgaming.com/wp-content/uploads/BetMGM-Cat.-3-Sports-Wagering-Revenue-Report-April-2026.pdf,https://massgaming.com/regulations/revenue/,MA/screenshots/MA_2026_05_MA_BetMGM_cat3_p1.png,"May 2024 | $39,164,666.27 | $39,297,852.05 | $3,129,781.00 | 7.96% | $98,244.63 | $3,031,536.37 | $606,307.27",,2026-05-28T10:49:59.967180
MA,2024-09-01,2024-09-30,monthly,theScore Bet,theScore Bet,ESPN Bet,PENN Entertainment,online,,2237252936,222627075.0,,,217039081.0,,43407816.0,,0.099509121842091,30,False,False,MA_theScore_Bet_cat3.pdf,,,,1,0,https://massgaming.com/wp-content/uploads/theScore-Bet-Cat.-3-Sports-Wagering-Revenue-Report-April-2026.pdf,https://massgaming.com/regulations/revenue/,MA/screenshots/MA_2026_05_MA_theScore_Bet_cat3_p1.png,"September 2024 | $22,351,976.50 | $22,372,529.36 | $2,226,270.75 | 9.95% | $55,879.94 | $2,170,390.81 | $434,078.16",,2026-05-28T13:49:57.765534
MA,2026-01-01,2026-01-31,monthly,FanDuel,FanDuel,FanDuel,Flutter Entertainment,online,,19965666610,2368071357.0,,,2320052174.0,,464010435.0,,0.1186071771735349,31,False,False,MA_FanDuel_cat3.pdf,,,,1,0,https://massgaming.com/wp-content/uploads/FanDuel-Cat.-3-Sports-Wagering-Revenue-Report-April-2026.pdf,https://massgaming.com/regulations/revenue/,MA/screenshots/MA_2026_05_MA_FanDuel_cat3_p1.png,"January 2026 | $199,574,526.09 | $199,656,666.10 | $23,680,713.57 | 11.86% | $480,191.83 | $23,200,521.74 | $4,640,104.35",,2026-05-28T01:04:24.920493
MA,2024-02-01,2024-02-29,monthly,DraftKings,DraftKings,DraftKings,DraftKings Inc,online,,26977697836,3146554340.0,,,3082150393.0,,616430079.0,,0.116635391171189,29,False,False,MA_DraftKings_cat3.pdf,,,,1,0,https://massgaming.com/wp-content/uploads/DraftKings-Cat.-3-Sports-Wagering-Revenue-Report-April-2026.pdf,https://massgaming.com/regulations/revenue/,MA/screenshots/MA_2026_05_MA_DraftKings_cat3_p1.png,"February 2024 | $267,669,003.48 | $269,776,978.36 | $31,465,543.40 | 11.66% | $644,039.47 | $30,821,503.93 | $6,164,300.79",,2026-05-28T01:03:57.018904
MA,2024-10-01,2024-10-31,monthly,theScore Bet,theScore Bet,ESPN Bet,PENN Entertainment,online,,2501330894,158996684.0,,,152707165.0,,30541433.0,,0.0635648343773264,31,False,False,MA_theScore_Bet_cat3.pdf,,,,1,0,https://massgaming.com/wp-content/uploads/theScore-Bet-Cat.-3-Sports-Wagering-Revenue-Report-April-2026.pdf,https://massgaming.com/regulations/revenue/,MA/screenshots/MA_2026_05_MA_theScore_Bet_cat3_p1.png,"October 2024 | $25,158,077.83 | $25,013,308.94 | $1,589,966.84 | 6.36% | $62,895.19 | $1,527,071.65 | $305,414.33",,2026-05-28T01:04:40.124759
MA,2024-01-01,2024-01-31,monthly,Encore Boston Harbor,Encore Boston Harbor,Encore Boston Harbor,Wynn Resorts,retail,,612988700,70978000.0,,,69445600.0,,10416800.0,,0.1157900626879418,31,False,False,MA_Encore_Boston_Harbor_cat1.pdf,,,,1,0,https://massgaming.com/wp-content/uploads/Encore-Boston-Harbor-Cat.-1-Sports-Wagering-Revenue-Report-April-2026.pdf,https://massgaming.com/regulations/revenue/,MA/screenshots/MA_2026_05_MA_Encore_Boston_Harbor_cat1_p1.png,"January 2024 | $5,712,626.00 | $6,129,887.00 | $709,780.00 | 11.58% | $15,325.00 | $694,456.00 | $104,168.00",,2026-05-28T01:02:25.030900
MA,2023-12-01,2023-12-31,monthly,Fanatics,Fanatics,Fanatics,Fanatics Inc,online,,1365862020,94795196.0,,,91459397.0,,18291879.0,,0.0694032007713341,31,False,False,MA_Fanatics_cat3.pdf,,,,1,0,https://massgaming.com/wp-content/uploads/Fanatics-Cat.-3-Sports-Wagering-Revenue-Report-April-2026.pdf,https://massgaming.com/regulations/revenue/,MA/screenshots/MA_2026_05_MA_Fanatics_cat3_p1.png,"December 2023 | $13,614,850.33 | $13,658,620.20 | $947,951.96 | 6.94% | $33,357.99 | $914,593.97 | $182,918.79",,2026-05-28T01:04:10.526568
MA,2024-08-01,2024-08-31,monthly,MGM Springfield,MGM Springfield,MGM Springfield,MGM Resorts,retail,,78122935,6829330.0,,,0.0,,0.0,,0.0874177346255616,31,False,False,MA_MGM_Springfield_cat1.pdf,,,,1,0,https://massgaming.com/wp-content/uploads/MGM-Springfield-Cat.-1-Sports-Wagering-Revenue-Report-April-2026.pdf,https://massgaming.com/regulations/revenue/,MA/screenshots/MA_2026_05_MA_MGM_Springfield_cat1_p1.png,"August 2024 | $851,293.90 | $781,229.35 | $68,293.30 | 8.74% | $1,953.07 | $0.00 | $0.00 | 68,293.30 + (1,953.07) | -$439,021.45",,2026-05-28T10:39:46.648440
MA,2026-01-01,2026-01-31,monthly,MGM Springfield,MGM Springfield,MGM Springfield,MGM Resorts,retail,,131539635,3325645.0,,,2996796.0,,449519.0,,0.0252824557404313,31,False,False,MA_MGM_Springfield_cat1.pdf,,,,1,0,https://massgaming.com/wp-content/uploads/MGM-Springfield-Cat.-1-Sports-Wagering-Revenue-Report-April-2026.pdf,https://massgaming.com/regulations/revenue/,MA/screenshots/MA_2026_05_MA_MGM_Springfield_cat1_p1.png,"January 2026 | $1,347,658.25 | $1,315,396.35 | $33,256.45 | 2.53% | $3,288.49 | $29,967.96 | $4,495.19",,2026-05-28T01:02:42.816977
MA,2023-01-01,2023-01-31,monthly,Encore Boston Harbor,Encore Boston Harbor,Encore Boston Harbor,Wynn Resorts,retail,,37088175,0.0,,,0.0,,0.0,,0.0,31,False,False,MA_Encore_Boston_Harbor_cat1.pdf,,,,1,0,https://massgaming.com/wp-content/uploads/Encore-Boston-Harbor-Cat.-1-Sports-Wagering-Revenue-Report-April-2026.pdf,https://massgaming.com/regulations/revenue/,MA/screenshots/MA_2026_05_MA_Encore_Boston_Harbor_cat1_p1.png,"January 2023 | $510,100.83 | $370,881.75 | $0.00 | 0.00% | $927.00 | $0.00 | $0.00 | (73,302.95) + (927) | -$11,134.52",,2026-05-28T06:19:00.659447
MA,2025-09-01,2025-09-30,monthly,MGM Springfield,MGM Springfield,MGM Springfield,MGM Resorts,retail,,98696735,0.0,,,0.0,,0.0,,0.0,30,False,False,MA_MGM_Springfield_cat1.pdf,,,,1,0,https://massgaming.com/wp-content/uploads/MGM-Springfield-Cat.-1-Sports-Wagering-Revenue-Report-April-2026.pdf,https://massgaming.com/regulations/revenue/,MA/screenshots/MA_2026_05_MA_MGM_Springfield_cat1_p1.png,"September 2025 | $988,805.25 | $986,967.35 | $0.00 | 0.00% | $2,467.42 | $0.00 | $0.00 | (181,022.45) + (2,467.42) | -$183,489.87",,2026-05-28T01:02:42.816977
MA,2025-07-01,2025-07-31,monthly,Bally’s,Bally Bet,Bally Bet,Bally's Corporation,online,,372499979,32399407.0,,,31468157.0,,6293631.0,,0.0869782787289767,31,False,False,MA_Bally’s_cat3.pdf,,,,1,0,https://massgaming.com/wp-content/uploads/Ballys-Cat.-3-Sports-Wagering-Revenue-Report-April-2026.pdf,https://massgaming.com/regulations/revenue/,MA/screenshots/MA_2026_05_MA_Bally’s_cat3_p1.png,"July 2025 FY26 | $3,785,531.79 | $3,724,999.79 | $323,994.07 | 8.70% | $9,312.50 | $314,681.57 | $62,936.31",,2026-05-28T01:03:13.715727
MA,2023-07-01,2023-07-31,monthly,BetMGM,BetMGM,BetMGM,Entain/MGM Resorts,online,,2246178066,253355389.0,,,247834825.0,,49566965.0,,0.1127939911955315,31,False,False,MA_BetMGM_cat3.pdf,,,,1,0,https://massgaming.com/wp-content/uploads/BetMGM-Cat.-3-Sports-Wagering-Revenue-Report-April-2026.pdf,https://massgaming.com/regulations/revenue/,MA/screenshots/MA_2026_05_MA_BetMGM_cat3_p1.png,"July 2023 | $22,552,512.75 | $22,461,780.66 | $2,533,553.89 | 11.28% | $56,154.45 | $2,478,348.25 | $495,669.65",,2026-05-28T01:03:27.731285
MA,2025-10-01,2025-10-31,monthly,MGM Springfield,MGM Springfield,MGM Springfield,MGM Resorts,retail,,129037450,0.0,,,0.0,,0.0,,0.0,31,False,False,MA_MGM_Springfield_cat1.pdf,,,,1,0,https://massgaming.com/wp-content/uploads/MGM-Springfield-Cat.-1-Sports-Wagering-Revenue-Report-April-2026.pdf,https://massgaming.com/regulations/revenue/,MA/screenshots/MA_2026_05_MA_MGM_Springfield_cat1_p1.png,"October 2025 | $1,340,725.15 | $1,290,374.50 | $0.00 | 0.00% | $3,225.94 | $0.00 | $0.00 | (183,489.87) + (11,088.20) +(3,255.94) | -$197,804.01",,2026-05-28T01:02:42.816977
MA,2023-11-01,2023-11-30,monthly,theScore Bet,theScore Bet,ESPN Bet,PENN Entertainment,online,,3908361996,580862760.0,,,570943417.0,,114188683.0,,0.1486205117628515,30,False,False,MA_theScore_Bet_cat3.pdf,,,,1,0,https://massgaming.com/wp-content/uploads/theScore-Bet-Cat.-3-Sports-Wagering-Revenue-Report-April-2026.pdf,https://massgaming.com/regulations/revenue/,MA/screenshots/MA_2026_05_MA_theScore_Bet_cat3_p1.png,"November 2023 | $39,677,371.68 | $39,083,619.96 | $5,808,627.60 | 14.86% | $99,193.43 | $5,709,434.17 | $1,141,886.83",,2026-05-28T01:04:40.124759
MA,2025-04-01,2025-04-30,monthly,DraftKings,DraftKings,DraftKings,DraftKings Inc,online,,34297386370,3860817663.0,,,3778644091.0,,755728819.0,,0.1125688593687437,30,False,False,MA_DraftKings_cat3.pdf,,,,1,0,https://massgaming.com/wp-content/uploads/DraftKings-Cat.-3-Sports-Wagering-Revenue-Report-April-2026.pdf,https://massgaming.com/regulations/revenue/,MA/screenshots/MA_2026_05_MA_DraftKings_cat3_p1.png,"April 2025 | $342,126,859.41 | $342,973,863.70 | $38,608,176.63 | 11.26% | $821,735.72 | $37,786,440.91 | $7,557,288.19",,2026-05-28T01:03:57.018904
MA,2026-04-01,2026-04-30,monthly,MGM Springfield,MGM Springfield,MGM Springfield,MGM Resorts,retail,,177021390,18783165.0,,,18340612.0,,2751095.0,,0.106106753539784,30,False,False,MA_MGM_Springfield_cat1.pdf,,,,1,0,https://massgaming.com/wp-content/uploads/MGM-Springfield-Cat.-1-Sports-Wagering-Revenue-Report-April-2026.pdf,https://massgaming.com/regulations/revenue/,MA/screenshots/MA_2026_05_MA_MGM_Springfield_cat1_p1.png,"April 2026 | $1,691,031.70 | $1,770,213.90 | $187,831.65 | 10.61% | $4,425.53 | $183,406.12 | $27,510.95",,2026-05-28T01:02:42.816977
MA,2025-07-01,2025-07-31,monthly,FanDuel,FanDuel,FanDuel,Flutter Entertainment,online,,12156500888,1255132966.0,,,1225347185.0,,245069437.0,,0.1032478817353581,31,False,False,MA_FanDuel_cat3.pdf,,,,1,0,https://massgaming.com/wp-content/uploads/FanDuel-Cat.-3-Sports-Wagering-Revenue-Report-April-2026.pdf,https://massgaming.com/regulations/revenue/,MA/screenshots/MA_2026_05_MA_FanDuel_cat3_p1.png,"July 2025 FY26 | $122,153,015.58 | $121,565,008.88 | $12,551,329.66 | 10.32% | $297,857.81 | $12,253,471.85 | $2,450,694.37",,2026-05-28T18:21:28.553930
MA,2025-04-01,2025-04-30,monthly,Fanatics,Fanatics,Fanatics,Fanatics Inc,online,,4933634008,325469389.0,,,313612118.0,,62722424.0,,0.0659695041164877,30,False,False,MA_Fanatics_cat3.pdf,,,,1,0,https://massgaming.com/wp-content/uploads/Fanatics-Cat.-3-Sports-Wagering-Revenue-Report-April-2026.pdf,https://massgaming.com/regulations/revenue/,MA/screenshots/MA_2026_05_MA_Fanatics_cat3_p1.png,"April 2025 | $49,313,703.65 | $49,336,340.08 | $3,254,693.89 | 6.60% | $118,572.71 | $3,136,121.18 | $627,224.24",,2026-05-28T01:04:10.526568
MA,2025-12-01,2025-12-31,monthly,Encore Boston Harbor,Encore Boston Harbor,Encore Boston Harbor,Wynn Resorts,retail,,573885900,66903500.0,,,65468800.0,,9820300.0,,0.1165797939973782,31,False,False,MA_Encore_Boston_Harbor_cat1.pdf,,,,1,0,https://massgaming.com/wp-content/uploads/Encore-Boston-Harbor-Cat.-1-Sports-Wagering-Revenue-Report-April-2026.pdf,https://massgaming.com/regulations/revenue/,MA/screenshots/MA_2026_05_MA_Encore_Boston_Harbor_cat1_p1.png,"December 2025 | $5,733,138.00 | $5,738,859.00 | $669,035.00 | 11.66% | $14,347.00 | $654,688.00 | $98,203.00",,2026-05-28T18:18:58.264862
MA,2025-08-01,2025-08-31,monthly,DraftKings,DraftKings,DraftKings,DraftKings Inc,online,,27586970534,2936007348.0,,,2868960811.0,,573792162.0,,0.1064273202590864,31,False,False,MA_DraftKings_cat3.pdf,,,,1,0,https://massgaming.com/wp-content/uploads/DraftKings-Cat.-3-Sports-Wagering-Revenue-Report-April-2026.pdf,https://massgaming.com/regulations/revenue/,MA/screenshots/MA_2026_05_MA_DraftKings_cat3_p1.png,"August 2025 | $278,805,091.21 | $275,869,705.34 | $29,360,073.48 | 10.64% | $670,465.00 | $28,689,608.11 | $5,737,921.62",,2026-05-28T01:03:57.018904
MA,2023-11-01,2023-11-30,monthly,Fanatics,Fanatics,Fanatics,Fanatics Inc,online,,1582183171,72965863.0,,,69029846.0,,13805936.0,,0.0461172033285392,30,False,False,MA_Fanatics_cat3.pdf,,,,1,0,https://massgaming.com/wp-content/uploads/Fanatics-Cat.-3-Sports-Wagering-Revenue-Report-April-2026.pdf,https://massgaming.com/regulations/revenue/,MA/screenshots/MA_2026_05_MA_Fanatics_cat3_p1.png,"November 2023 | $15,888,437.34 | $15,821,831.71 | $729,658.63 | 4.61% | $39,360.17 | $690,298.46 | $138,059.36",,2026-05-28T18:21:13.842814
MA,2025-10-01,2025-10-31,monthly,FanDuel,FanDuel,FanDuel,Flutter Entertainment,online,,23725581404,1788655864.0,,,1731180883.0,,346236177.0,,0.0753893375063273,31,False,False,MA_FanDuel_cat3.pdf,,,,1,0,https://massgaming.com/wp-content/uploads/FanDuel-Cat.-3-Sports-Wagering-Revenue-Report-April-2026.pdf,https://massgaming.com/regulations/revenue/,MA/screenshots/MA_2026_05_MA_FanDuel_cat3_p1.png,"October 2025 | $238,837,634.88 | $237,255,814.04 | $17,886,558.64 | 7.54% | $574,749.81 | $17,311,808.83 | $3,462,361.77",,2026-05-28T18:21:28.553930
MA,2025-02-01,2025-02-28,monthly,Fanatics,Fanatics,Fanatics,Fanatics Inc,online,,3304807758,312570516.0,,,304584821.0,,60916964.0,,0.0945805441310029,28,False,False,MA_Fanatics_cat3.pdf,,,,1,0,https://massgaming.com/wp-content/uploads/Fanatics-Cat.-3-Sports-Wagering-Revenue-Report-April-2026.pdf,https://massgaming.com/regulations/revenue/,MA/screenshots/MA_2026_05_MA_Fanatics_cat3_p1.png,"February 2025 | $32,911,894.01 | $33,048,077.58 | $3,125,705.16 | 9.46% | $79,856.95 | $3,045,848.21 | $609,169.64",,2026-05-28T14:28:18.847440
MA,2023-04-01,2023-04-30,monthly,Caesars,Caesars,Caesars,Caesars Entertainment,online,,1941924203,168174975.0,,,163320175.0,,32664035.0,,0.0866022343921525,30,False,False,MA_Caesars_cat3.pdf,,,,1,0,https://massgaming.com/wp-content/uploads/Caesars-Cat.-3-Sports-Wagering-Revenue-Report-April-2026.pdf,https://massgaming.com/regulations/revenue/,MA/screenshots/MA_2026_05_MA_Caesars_cat3_p1.png,"April 2023 | $19,371,435.73 | $19,419,242.03 | $1,681,749.75 | 8.66% | $48,548.00 | $1,633,201.75 | $326,640.35",,2026-05-28T18:20:36.048655
MA,2024-01-01,2024-01-31,monthly,Fanatics,Fanatics,Fanatics,Fanatics Inc,online,,1551622788,109871559.0,,,106021677.0,,21204335.0,,0.0708107407610463,31,False,False,MA_Fanatics_cat3.pdf,,,,1,0,https://massgaming.com/wp-content/uploads/Fanatics-Cat.-3-Sports-Wagering-Revenue-Report-April-2026.pdf,https://massgaming.com/regulations/revenue/,MA/screenshots/MA_2026_05_MA_Fanatics_cat3_p1.png,"January 2024 | $15,507,930.25 | $15,516,227.88 | $1,098,715.59 | 7.08% | $38,498.82 | $1,060,216.77 | $212,043.35",,2026-05-28T01:04:10.526568
MA,2025-03-01,2025-03-31,monthly,DraftKings,DraftKings,DraftKings,DraftKings Inc,online,,37515650605,2935474520.0,,,2843533068.0,,568706614.0,,0.0782466643297068,31,False,False,MA_DraftKings_cat3.pdf,,,,1,0,https://massgaming.com/wp-content/uploads/DraftKings-Cat.-3-Sports-Wagering-Revenue-Report-April-2026.pdf,https://massgaming.com/regulations/revenue/,MA/screenshots/MA_2026_05_MA_DraftKings_cat3_p1.png,"March 2025 | $376,606,404.01 | $375,156,506.05 | $29,354,745.20 | 7.82% | $919,450.00 | $28,435,330.68 | $5,687,066.14",,2026-05-28T01:03:57.018904
MA,2024-04-01,2024-04-30,monthly,MGM Springfield,MGM Springfield,MGM Springfield,MGM Resorts,retail,,194462650,0.0,,,282561.0,,0.0,,0.0,30,False,False,MA_MGM_Springfield_cat1.pdf,,,,1,0,https://massgaming.com/wp-content/uploads/MGM-Springfield-Cat.-1-Sports-Wagering-Revenue-Report-April-2026.pdf,https://massgaming.com/regulations/revenue/,MA/screenshots/MA_2026_05_MA_MGM_Springfield_cat1_p1.png,"April 2024 | $1,827,647.45 | $1,944,626.50 | $0.00 | 0.00% | $4,861.57 | $2,825.61 | $0.00 | (537,771.95) + (4,861.57) | -$542,633.52",,2026-05-28T10:49:10.859967
MA,2023-10-01,2023-10-31,monthly,Fanatics,Fanatics,Fanatics,Fanatics Inc,online,,1486850647,128985414.0,,,125337974.0,,25067595.0,,0.0867507535207065,31,False,False,MA_Fanatics_cat3.pdf,,,,1,0,https://massgaming.com/wp-content/uploads/Fanatics-Cat.-3-Sports-Wagering-Revenue-Report-April-2026.pdf,https://massgaming.com/regulations/revenue/,MA/screenshots/MA_2026_05_MA_Fanatics_cat3_p1.png,"October 2023 | $14,808,428.33 | $14,868,506.47 | $1,289,854.14 | 8.68% | $36,474.40 | $1,253,379.74 | $250,675.95",,2026-05-28T01:04:10.526568
MA,2024-02-01,2024-02-29,monthly,BetMGM,BetMGM,BetMGM,Entain/MGM Resorts,online,,3471403403,339206327.0,,,330527818.0,,66105564.0,,0.0977144651949285,29,False,False,MA_BetMGM_cat3.pdf,,,,1,0,https://massgaming.com/wp-content/uploads/BetMGM-Cat.-3-Sports-Wagering-Revenue-Report-April-2026.pdf,https://massgaming.com/regulations/revenue/,MA/screenshots/MA_2026_05_MA_BetMGM_cat3_p1.png,"February 2024 | $34,392,539.66 | $34,714,034.03 | $3,392,063.27 | 9.77% | $86,785.09 | $3,305,278.18 | $661,055.64",,2026-05-28T01:03:27.731285
MA,2023-07-01,2023-07-31,monthly,Caesars,Caesars,Caesars,Caesars Entertainment,online,,1134371320,80605845.0,,,77769845.0,,15553969.0,,0.0710577247316161,31,False,False,MA_Caesars_cat3.pdf,,,,1,0,https://massgaming.com/wp-content/uploads/Caesars-Cat.-3-Sports-Wagering-Revenue-Report-April-2026.pdf,https://massgaming.com/regulations/revenue/,MA/screenshots/MA_2026_05_MA_Caesars_cat3_p1.png,"July 2023 | $11,484,379.06 | $11,343,713.20 | $806,058.45 | 7.11% | $28,360.00 | $777,698.45 | $155,539.69",,2026-05-28T01:03:42.619657
MA,2024-08-01,2024-08-31,monthly,BetMGM,BetMGM,BetMGM,Entain/MGM Resorts,online,,3111852424,235261471.0,,,227481840.0,,45496368.0,,0.0756017442169037,31,False,False,MA_BetMGM_cat3.pdf,,,,1,0,https://massgaming.com/wp-content/uploads/BetMGM-Cat.-3-Sports-Wagering-Revenue-Report-April-2026.pdf,https://massgaming.com/regulations/revenue/,MA/screenshots/MA_2026_05_MA_BetMGM_cat3_p1.png,"August 2024 | $31,764,403.93 | $31,118,524.24 | $2,352,614.71 | 7.56% | $77,796.31 | $2,274,818.40 | $454,963.68",,2026-05-28T01:03:27.731285
MA,2024-08-01,2024-08-31,monthly,theScore Bet,theScore Bet,ESPN Bet,PENN Entertainment,online,,1667991553,135917429.0,,,131696833.0,,26339367.0,,0.0814856818402604,31,False,False,MA_theScore_Bet_cat3.pdf,,,,1,0,https://massgaming.com/wp-content/uploads/theScore-Bet-Cat.-3-Sports-Wagering-Revenue-Report-April-2026.pdf,https://massgaming.com/regulations/revenue/,MA/screenshots/MA_2026_05_MA_theScore_Bet_cat3_p1.png,"August 2024 | $16,882,384.57 | $16,679,915.53 | $1,359,174.29 | 8.15% | $42,205.96 | $1,316,968.33 | $263,393.67",,2026-05-28T01:04:40.124759
MA,2025-10-01,2025-10-31,monthly,Encore Boston Harbor,Encore Boston Harbor,Encore Boston Harbor,Wynn Resorts,retail,,595858900,30746900.0,,,29257300.0,,4388600.0,,0.0516009746602761,31,False,False,MA_Encore_Boston_Harbor_cat1.pdf,,,,1,0,https://massgaming.com/wp-content/uploads/Encore-Boston-Harbor-Cat.-1-Sports-Wagering-Revenue-Report-April-2026.pdf,https://massgaming.com/regulations/revenue/,MA/screenshots/MA_2026_05_MA_Encore_Boston_Harbor_cat1_p1.png,"October 2025 | $6,117,407.00 | $5,958,589.00 | $307,469.00 | 5.16% | $14,896.00 | $292,573.00 | $43,886.00",,2026-05-28T06:19:00.659447
MA,2023-01-01,2023-01-31,monthly,Plainridge Park Casino,Plainridge Park,ESPN Bet,PENN Entertainment,retail,,8283049,5375854.0,,,5355426.0,,803314.0,,0.6490187369409501,31,False,False,MA_Plainridge_Park_Casino_cat1.pdf,,,,1,0,https://massgaming.com/wp-content/uploads/Plainridge-Park-Casino-Cat.-1-Sports-Wagering-Revenue-Report-April-2026.pdf,https://massgaming.com/regulations/revenue/,MA/screenshots/MA_2026_05_MA_Plainridge_Park_Casino_cat1_p1.png,"January 2023 | $82,830.49 | $82,830.49 | $53,758.54 | 64.90% | $204.28 | $53,554.26 | $8,033.14",,2026-05-28T01:03:01.526750
MA,2025-07-01,2025-07-31,monthly,theScore Bet,theScore Bet,ESPN Bet,PENN Entertainment,online,,1394172343,101580942.0,,,98073993.0,,19614799.0,,0.0728611082482217,31,False,False,MA_theScore_Bet_cat3.pdf,,,,1,0,https://massgaming.com/wp-content/uploads/theScore-Bet-Cat.-3-Sports-Wagering-Revenue-Report-April-2026.pdf,https://massgaming.com/regulations/revenue/,MA/screenshots/MA_2026_05_MA_theScore_Bet_cat3_p1.png,"July 2025 FY26 | $14,027,796.55 | $13,941,723.43 | $1,015,809.42 | 7.29% | $35,069.49 | $980,739.93 | $196,147.99",,2026-05-28T01:04:40.124759
MA,2024-02-01,2024-02-29,monthly,Encore Boston Harbor,Encore Boston Harbor,Encore Boston Harbor,Wynn Resorts,retail,,503262000,23548700.0,,,22290500.0,,3343575.0,,0.0467921281559108,29,False,False,MA_Encore_Boston_Harbor_cat1.pdf,,,,1,0,https://massgaming.com/wp-content/uploads/Encore-Boston-Harbor-Cat.-1-Sports-Wagering-Revenue-Report-April-2026.pdf,https://massgaming.com/regulations/revenue/,MA/screenshots/MA_2026_05_MA_Encore_Boston_Harbor_cat1_p1.png,"February 2024 | $4,953,699.00 | $5,032,620.00 | $235,487.00 | 4.68% | $12,582.00 | $222,905.00 | $33,435.75",,2026-05-28T01:02:25.030900
MA,2025-09-01,2025-09-30,monthly,Caesars,Caesars,Caesars,Caesars Entertainment,online,,2457644717,113657174.0,,,107544274.0,,21508855.0,,0.0462463810223713,30,False,False,MA_Caesars_cat3.pdf,,,,1,0,https://massgaming.com/wp-content/uploads/Caesars-Cat.-3-Sports-Wagering-Revenue-Report-April-2026.pdf,https://massgaming.com/regulations/revenue/,MA/screenshots/MA_2026_05_MA_Caesars_cat3_p1.png,"September 2025 | $24,473,232.07 | $24,576,447.17 | $1,136,571.74 | 4.62% | $61,129.00 | $1,075,442.74 | $215,088.55",,2026-05-28T01:03:42.619657
MA,2025-09-01,2025-09-30,monthly,DraftKings,DraftKings,DraftKings,DraftKings Inc,online,,40958578303,2707359282.0,,,2608343058.0,,521668612.0,,0.0660999330096792,30,False,False,MA_DraftKings_cat3.pdf,,,,1,0,https://massgaming.com/wp-content/uploads/DraftKings-Cat.-3-Sports-Wagering-Revenue-Report-April-2026.pdf,https://massgaming.com/regulations/revenue/,MA/screenshots/MA_2026_05_MA_DraftKings_cat3_p1.png,"September 2025 | $410,606,031.95 | $409,585,783.03 | $27,073,592.82 | 6.61% | $990,162.44 | $26,083,430.58 | $5,216,686.12",,2026-05-28T01:03:57.018904
MA,2024-11-01,2024-11-30,monthly,Caesars,Caesars,Caesars,Caesars Entertainment,online,,2334515448,142947067.0,,,137150067.0,,27430013.0,,0.0612320073197476,30,False,False,MA_Caesars_cat3.pdf,,,,1,0,https://massgaming.com/wp-content/uploads/Caesars-Cat.-3-Sports-Wagering-Revenue-Report-April-2026.pdf,https://massgaming.com/regulations/revenue/,MA/screenshots/MA_2026_05_MA_Caesars_cat3_p1.png,"November 2024 | $23,294,164.89 | $23,345,154.48 | $1,429,470.67 | 6.12% | $57,970.00 | $1,371,500.67 | $274,300.13",,2026-05-28T10:50:15.962180
MA,2026-03-01,2026-03-31,monthly,theScore Bet,theScore Bet,ESPN Bet,PENN Entertainment,online,,1927361334,168077426.0,,,163253101.0,,32650620.0,,0.0872059758774843,31,False,False,MA_theScore_Bet_cat3.pdf,,,,2,0,https://massgaming.com/wp-content/uploads/theScore-Bet-Cat.-3-Sports-Wagering-Revenue-Report-April-2026.pdf,https://massgaming.com/regulations/revenue/,MA/screenshots/MA_2026_05_MA_theScore_Bet_cat3_p1.png,"March 2026 | $19,297,298.19 | $19,273,613.34 | $1,680,774.26 | 8.72% | $48,243.25 | $1,632,531.01 | $326,506.20",,2026-05-28T01:04:40.124759
MA,2024-10-01,2024-10-31,monthly,BetMGM,BetMGM,BetMGM,Entain/MGM Resorts,online,,4965840070,370540144.0,,,358125544.0,,71625109.0,,0.0746178166789008,31,False,False,MA_BetMGM_cat3.pdf,,,,1,0,https://massgaming.com/wp-content/uploads/BetMGM-Cat.-3-Sports-Wagering-Revenue-Report-April-2026.pdf,https://massgaming.com/regulations/revenue/,MA/screenshots/MA_2026_05_MA_BetMGM_cat3_p1.png,"October 2024 | $49,947,074.56 | $49,658,400.70 | $3,705,401.44 | 7.46% | $124,146.00 | $3,581,255.44 | $716,251.09",,2026-05-28T01:03:27.731285
MA,2023-02-01,2023-02-28,monthly,MGM Springfield,MGM Springfield,MGM Springfield,MGM Resorts,retail,,176656000,26655660.0,,,26214020.0,,3932103.0,,0.150890204691604,28,False,False,MA_MGM_Springfield_cat1.pdf,,,,1,0,https://massgaming.com/wp-content/uploads/MGM-Springfield-Cat.-1-Sports-Wagering-Revenue-Report-April-2026.pdf,https://massgaming.com/regulations/revenue/,MA/screenshots/MA_2026_05_MA_MGM_Springfield_cat1_p1.png,"February 2023 | $1,796,209.15 | $1,766,560.00 | $266,556.60 | 15.08% | $4,416.40 | $262,140.20 | $39,321.03",,2026-05-28T01:02:42.816977
MA,2026-04-01,2026-04-30,monthly,Fanatics,Fanatics,Fanatics,Fanatics Inc,online,,7080154811,663410769.0,,,645949373.0,,129189875.0,,0.0937000371756419,30,False,False,MA_Fanatics_cat3.pdf,,,,1,0,https://massgaming.com/wp-content/uploads/Fanatics-Cat.-3-Sports-Wagering-Revenue-Report-April-2026.pdf,https://massgaming.com/regulations/revenue/,MA/screenshots/MA_2026_05_MA_Fanatics_cat3_p1.png,"April 2026 | $71,260,479.55 | $70,801,548.11 | $6,634,107.69 | 9.37% | $174,613.96 | $6,459,493.73 | $1,291,898.75",,2026-05-28T15:41:00.664330
MA,2025-03-01,2025-03-31,monthly,Fanatics,Fanatics,Fanatics,Fanatics Inc,online,,4833986049,225783997.0,,,209849422.0,,41969884.0,,0.0467076228005886,31,False,False,MA_Fanatics_cat3.pdf,,,,1,0,https://massgaming.com/wp-content/uploads/Fanatics-Cat.-3-Sports-Wagering-Revenue-Report-April-2026.pdf,https://massgaming.com/regulations/revenue/,MA/screenshots/MA_2026_05_MA_Fanatics_cat3_p1.png,"March 2025 | $48,398,452.52 | $48,339,860.49 | $2,257,839.97 | 4.67% | $116,895.84 | $2,098,494.22 | $419,698.84",,2026-05-28T01:04:10.526568
MA,2024-05-01,2024-05-31,monthly,MGM Springfield,MGM Springfield,MGM Springfield,MGM Resorts,retail,,113024565,0.0,,,0.0,,0.0,,0.0,31,False,False,MA_MGM_Springfield_cat1.pdf,,,,1,0,https://massgaming.com/wp-content/uploads/MGM-Springfield-Cat.-1-Sports-Wagering-Revenue-Report-April-2026.pdf,https://massgaming.com/regulations/revenue/,MA/screenshots/MA_2026_05_MA_MGM_Springfield_cat1_p1.png,"May 2024 | $1,155,609.00 | $1,130,245.65 | $0.00 | 0.00% | $2,825.61 | $0.00 | $0.00 | (23,375.20) + (2,825.61) | -$568,834.33",,2026-05-28T08:43:56.655572
MA,2024-07-01,2024-07-31,monthly,Encore Boston Harbor,Encore Boston Harbor,Encore Boston Harbor,Wynn Resorts,retail,,348665200,12522800.0,,,11651100.0,,1747700.0,,0.0359164034724429,31,False,False,MA_Encore_Boston_Harbor_cat1.pdf,,,,1,0,https://massgaming.com/wp-content/uploads/Encore-Boston-Harbor-Cat.-1-Sports-Wagering-Revenue-Report-April-2026.pdf,https://massgaming.com/regulations/revenue/,MA/screenshots/MA_2026_05_MA_Encore_Boston_Harbor_cat1_p1.png,"July 2024 | $3,573,299.00 | $3,486,652.00 | $125,228.00 | 3.59% | $8,717.00 | $116,511.00 | $17,477.00",,2026-05-28T01:02:25.030900
MA,2026-03-01,2026-03-31,monthly,Bally’s,Bally Bet,Bally Bet,Bally's Corporation,online,,471852499,44466005.0,,,43286374.0,,8657275.0,,0.0942370870012071,31,False,False,MA_Bally’s_cat3.pdf,,,,1,0,https://massgaming.com/wp-content/uploads/Ballys-Cat.-3-Sports-Wagering-Revenue-Report-April-2026.pdf,https://massgaming.com/regulations/revenue/,MA/screenshots/MA_2026_05_MA_Bally’s_cat3_p1.png,"March 2026 | $4,761,854.36 | $4,718,524.99 | $444,660.05 | 9.42% | $11,796.31 | $432,863.74 | $86,572.75",,2026-05-28T01:03:13.715727
MA,2024-01-01,2024-01-31,monthly,BetMGM,BetMGM,BetMGM,Entain/MGM Resorts,online,,3680821915,396482331.0,,,387276286.0,,77455257.0,,0.1077157059362922,31,False,False,MA_BetMGM_cat3.pdf,,,,1,0,https://massgaming.com/wp-content/uploads/BetMGM-Cat.-3-Sports-Wagering-Revenue-Report-April-2026.pdf,https://massgaming.com/regulations/revenue/,MA/screenshots/MA_2026_05_MA_BetMGM_cat3_p1.png,"January 2024 | $36,871,514.84 | $36,808,219.15 | $3,964,823.31 | 10.77% | $92,020.45 | $3,872,762.86 | $774,552.57",,2026-05-28T01:03:27.731285
MA,2023-10-01,2023-10-31,monthly,FanDuel,FanDuel,FanDuel,Flutter Entertainment,online,,15556293867,1590785926.0,,,1553630518.0,,310726104.0,,0.1022599559766981,31,False,False,MA_FanDuel_cat3.pdf,,,,1,0,https://massgaming.com/wp-content/uploads/FanDuel-Cat.-3-Sports-Wagering-Revenue-Report-April-2026.pdf,https://massgaming.com/regulations/revenue/,MA/screenshots/MA_2026_05_MA_FanDuel_cat3_p1.png,"October 2023 | $154,266,540.82 | $155,562,938.67 | $15,907,859.26 | 10.23% | $371,554.08 | $15,536,305.18 | $3,107,261.04",,2026-05-28T01:04:24.920493
MA,2023-04-01,2023-04-30,monthly,theScore Bet,theScore Bet,ESPN Bet,PENN Entertainment,online,,2458010785,196076333.0,,,189993660.0,,37998732.0,,0.0797703306252987,30,False,False,MA_theScore_Bet_cat3.pdf,,,,1,0,https://massgaming.com/wp-content/uploads/theScore-Bet-Cat.-3-Sports-Wagering-Revenue-Report-April-2026.pdf,https://massgaming.com/regulations/revenue/,MA/screenshots/MA_2026_05_MA_theScore_Bet_cat3_p1.png,"April 2023 | $24,330,690.44 | $24,580,107.85 | $1,960,763.33 | 7.98% | $60,826.73 | $1,899,936.60 | $379,987.32",,2026-05-28T01:04:40.124759
MA,2023-12-01,2023-12-31,monthly,BetMGM,BetMGM,BetMGM,Entain/MGM Resorts,online,,3915093792,317781824.0,,,307994090.0,,61598818.0,,0.0811683808570172,31,False,False,MA_BetMGM_cat3.pdf,,,,1,0,https://massgaming.com/wp-content/uploads/BetMGM-Cat.-3-Sports-Wagering-Revenue-Report-April-2026.pdf,https://massgaming.com/regulations/revenue/,MA/screenshots/MA_2026_05_MA_BetMGM_cat3_p1.png,"December 2023 | $38,770,749.92 | $39,150,937.92 | $3,177,818.24 | 8.12% | $97,877.34 | $3,079,940.90 | $615,988.18",,2026-05-28T01:03:27.731285
MA,2026-01-01,2026-01-31,monthly,Encore Boston Harbor,Encore Boston Harbor,Encore Boston Harbor,Wynn Resorts,retail,,585426500,22389900.0,,,20926300.0,,3138900.0,,0.0382454501120123,31,False,False,MA_Encore_Boston_Harbor_cat1.pdf,,,,1,0,https://massgaming.com/wp-content/uploads/Encore-Boston-Harbor-Cat.-1-Sports-Wagering-Revenue-Report-April-2026.pdf,https://massgaming.com/regulations/revenue/,MA/screenshots/MA_2026_05_MA_Encore_Boston_Harbor_cat1_p1.png,"January 2026 | $6,001,289.00 | $5,854,265.00 | $223,899.00 | 3.82% | $14,636.00 | $209,263.00 | $31,389.00",,2026-05-28T01:02:25.030900
MA,2026-01-01,2026-01-31,monthly,DraftKings,DraftKings,DraftKings,DraftKings Inc,online,,41827198524,4582236273.0,,,4478751373.0,,895750275.0,,0.1095515940511952,31,False,False,MA_DraftKings_cat3.pdf,,,,1,0,https://massgaming.com/wp-content/uploads/DraftKings-Cat.-3-Sports-Wagering-Revenue-Report-April-2026.pdf,https://massgaming.com/regulations/revenue/,MA/screenshots/MA_2026_05_MA_DraftKings_cat3_p1.png,"January 2026 | $424,064,962.60 | $418,271,985.24 | $45,822,362.73 | 10.96% | $1,034,849.00 | $44,787,513.73 | $8,957,502.75",,2026-05-28T03:23:47.558843
MA,2025-01-01,2025-01-31,monthly,DraftKings,DraftKings,DraftKings,DraftKings Inc,online,,37714069325,5268617628.0,,,5177686266.0,,1035537253.0,,0.139698996218038,31,False,False,MA_DraftKings_cat3.pdf,,,,1,0,https://massgaming.com/wp-content/uploads/DraftKings-Cat.-3-Sports-Wagering-Revenue-Report-April-2026.pdf,https://massgaming.com/regulations/revenue/,MA/screenshots/MA_2026_05_MA_DraftKings_cat3_p1.png,"January 2025 | $377,761,381.28 | $377,140,693.25 | $52,686,176.28 | 13.97% | $909,313.62 | $51,776,862.66 | $10,355,372.53",,2026-05-28T01:03:57.018904
MA,2025-12-01,2025-12-31,monthly,Fanatics,Fanatics,Fanatics,Fanatics Inc,online,,7919745076,1035533866.0,,,826668650.0,,165333730.0,,0.1307534341147018,31,False,False,MA_Fanatics_cat3.pdf,,,,1,0,https://massgaming.com/wp-content/uploads/Fanatics-Cat.-3-Sports-Wagering-Revenue-Report-April-2026.pdf,https://massgaming.com/regulations/revenue/,MA/screenshots/MA_2026_05_MA_Fanatics_cat3_p1.png,"December 2025 | $79,252,026.85 | $79,197,450.76 | $10,355,338.66 | 13.08% | $194,262.16 | $8,266,686.50 | $1,653,337.30",,2026-05-28T01:04:10.526568
MA,2026-04-01,2026-04-30,monthly,FanDuel,FanDuel,FanDuel,Flutter Entertainment,online,,16768668718,2247618954.0,,,2207200520.0,,441440104.0,,0.134036815432303,30,False,False,MA_FanDuel_cat3.pdf,,,,1,0,https://massgaming.com/wp-content/uploads/FanDuel-Cat.-3-Sports-Wagering-Revenue-Report-April-2026.pdf,https://massgaming.com/regulations/revenue/,MA/screenshots/MA_2026_05_MA_FanDuel_cat3_p1.png,"April 2026 | $168,844,081.40 | $167,686,687.18 | $22,476,189.54 | 13.40% | $404,184.34 | $22,072,005.20 | $4,414,401.04",,2026-05-28T19:38:44.046999
MA,2024-03-01,2024-03-31,monthly,Encore Boston Harbor,Encore Boston Harbor,Encore Boston Harbor,Wynn Resorts,retail,,570514000,27155900.0,,,25729600.0,,3859400.0,,0.0475990072110412,31,False,False,MA_Encore_Boston_Harbor_cat1.pdf,,,,1,0,https://massgaming.com/wp-content/uploads/Encore-Boston-Harbor-Cat.-1-Sports-Wagering-Revenue-Report-April-2026.pdf,https://massgaming.com/regulations/revenue/,MA/screenshots/MA_2026_05_MA_Encore_Boston_Harbor_cat1_p1.png,"March 2024 | $5,824,785.00 | $5,705,140.00 | $271,559.00 | 4.76% | $14,236.00 | $257,296.00 | $38,594.00",,2026-05-28T01:02:25.030900
MA,2024-11-01,2024-11-30,monthly,theScore Bet,theScore Bet,ESPN Bet,PENN Entertainment,online,,2922213760,234603976.0,,,227285082.0,,45457016.0,,0.080282961914463,30,False,False,MA_theScore_Bet_cat3.pdf,,,,1,0,https://massgaming.com/wp-content/uploads/theScore-Bet-Cat.-3-Sports-Wagering-Revenue-Report-April-2026.pdf,https://massgaming.com/regulations/revenue/,MA/screenshots/MA_2026_05_MA_theScore_Bet_cat3_p1.png,"November 2024 | $29,275,575.88 | $29,222,137.60 | $2,346,039.76 | 8.03% | $73,188.94 | $2,272,850.82 | $454,570.16",,2026-05-28T01:04:40.124759
MA,2024-05-01,2024-05-31,monthly,DraftKings,DraftKings,DraftKings,DraftKings Inc,online,,29952630425,2905818896.0,,,2832821218.0,,566564244.0,,0.0970138133035105,31,False,False,MA_DraftKings_cat3.pdf,,,,1,0,https://massgaming.com/wp-content/uploads/DraftKings-Cat.-3-Sports-Wagering-Revenue-Report-April-2026.pdf,https://massgaming.com/regulations/revenue/,MA/screenshots/MA_2026_05_MA_DraftKings_cat3_p1.png,"May 2024 | $300,154,574.12 | $299,526,304.25 | $29,058,188.96 | 9.70% | $729,976.78 | $28,328,212.18 | $5,665,642.44",,2026-05-28T19:38:11.251951
MA,2025-05-01,2025-05-31,monthly,DraftKings,DraftKings,DraftKings,DraftKings Inc,online,,33083000338,4242552348.0,,,4162237448.0,,832447490.0,,0.1282396489029108,31,False,False,MA_DraftKings_cat3.pdf,,,,1,0,https://massgaming.com/wp-content/uploads/DraftKings-Cat.-3-Sports-Wagering-Revenue-Report-April-2026.pdf,https://massgaming.com/regulations/revenue/,MA/screenshots/MA_2026_05_MA_DraftKings_cat3_p1.png,"May 2025 | $331,077,021.00 | $330,830,003.38 | $42,425,523.48 | 12.82% | $803,149.00 | $41,622,374.48 | $8,324,474.90",,2026-05-28T01:03:57.018904
MA,2024-09-01,2024-09-30,monthly,Plainridge Park Casino,Plainridge Park,ESPN Bet,PENN Entertainment,retail,,426829971,57807416.0,,,56599246.0,,8489887.0,,0.1354342945144309,30,False,False,MA_Plainridge_Park_Casino_cat1.pdf,,,,1,0,https://massgaming.com/wp-content/uploads/Plainridge-Park-Casino-Cat.-1-Sports-Wagering-Revenue-Report-April-2026.pdf,https://massgaming.com/regulations/revenue/,MA/screenshots/MA_2026_05_MA_Plainridge_Park_Casino_cat1_p1.png,"September 2024 | $4,832,679.26 | $4,268,299.71 | $578,074.16 | 13.54% | $12,081.70 | $565,992.46 | $84,898.87",,2026-05-28T01:03:01.526750
MA,2024-08-01,2024-08-31,monthly,Plainridge Park Casino,Plainridge Park,ESPN Bet,PENN Entertainment,retail,,273319070,20408659.0,,,19698021.0,,2954703.0,,0.0746697220944005,31,False,False,MA_Plainridge_Park_Casino_cat1.pdf,,,,1,0,https://massgaming.com/wp-content/uploads/Plainridge-Park-Casino-Cat.-1-Sports-Wagering-Revenue-Report-April-2026.pdf,https://massgaming.com/regulations/revenue/,MA/screenshots/MA_2026_05_MA_Plainridge_Park_Casino_cat1_p1.png,"August 2024 | $2,842,551.30 | $2,733,190.70 | $204,086.59 | 7.47% | $7,106.38 | $196,980.21 | $29,547.03",,2026-05-28T01:03:01.526750
MA,2024-05-01,2024-05-31,monthly,theScore Bet,theScore Bet,ESPN Bet,PENN Entertainment,online,,2588244774,252124865.0,,,245682241.0,,49136448.0,,0.0974115228716772,31,False,False,MA_theScore_Bet_cat3.pdf,,,,1,0,https://massgaming.com/wp-content/uploads/theScore-Bet-Cat.-3-Sports-Wagering-Revenue-Report-April-2026.pdf,https://massgaming.com/regulations/revenue/,MA/screenshots/MA_2026_05_MA_theScore_Bet_cat3_p1.png,"May 2024 | $25,770,494.49 | $25,882,447.74 | $2,521,248.65 | 9.74% | $64,426.24 | $2,456,822.41 | $491,364.48",,2026-05-28T01:04:40.124759
MA,2024-05-01,2024-05-31,monthly,Fanatics,Fanatics,Fanatics,Fanatics Inc,online,,1984058309,176295998.0,,,171411272.0,,34282254.0,,0.0888562585082775,31,False,False,MA_Fanatics_cat3.pdf,,,,1,0,https://massgaming.com/wp-content/uploads/Fanatics-Cat.-3-Sports-Wagering-Revenue-Report-April-2026.pdf,https://massgaming.com/regulations/revenue/,MA/screenshots/MA_2026_05_MA_Fanatics_cat3_p1.png,"May 2024 | $19,870,080.03 | $19,840,583.09 | $1,762,959.98 | 8.89% | $48,847.26 | $1,714,112.72 | $342,822.54",,2026-05-28T01:04:10.526568
MA,2023-03-01,2023-03-31,monthly,Plainridge Park Casino,Plainridge Park,ESPN Bet,PENN Entertainment,retail,,488581180,62709666.0,,,61448230.0,,9217234.0,,0.1283505557868602,31,False,False,MA_Plainridge_Park_Casino_cat1.pdf,,,,1,0,https://massgaming.com/wp-content/uploads/Plainridge-Park-Casino-Cat.-1-Sports-Wagering-Revenue-Report-April-2026.pdf,https://massgaming.com/regulations/revenue/,MA/screenshots/MA_2026_05_MA_Plainridge_Park_Casino_cat1_p1.png,"March 2023 | $5,045,745.17 | $4,885,811.80 | $627,096.66 | 12.84% | $12,614.36 | $614,482.30 | $92,172.34",,2026-05-28T01:03:01.526750
MA,2024-10-01,2024-10-31,monthly,Caesars,Caesars,Caesars,Caesars Entertainment,online,,2115220778,126847511.0,,,121606911.0,,24321382.0,,0.0599689225443113,31,False,False,MA_Caesars_cat3.pdf,,,,1,0,https://massgaming.com/wp-content/uploads/Caesars-Cat.-3-Sports-Wagering-Revenue-Report-April-2026.pdf,https://massgaming.com/regulations/revenue/,MA/screenshots/MA_2026_05_MA_Caesars_cat3_p1.png,"October 2024 | $21,317,027.60 | $21,152,207.78 | $1,268,475.11 | 6.00% | $52,406.00 | $1,216,069.11 | $243,213.82",,2026-05-28T10:50:15.962180
MA,2025-11-01,2025-11-30,monthly,DraftKings,DraftKings,DraftKings,DraftKings Inc,online,,47581131341,4807559827.0,,,4691225527.0,,938245105.0,,0.1010392080117984,30,False,False,MA_DraftKings_cat3.pdf,,,,1,0,https://massgaming.com/wp-content/uploads/DraftKings-Cat.-3-Sports-Wagering-Revenue-Report-April-2026.pdf,https://massgaming.com/regulations/revenue/,MA/screenshots/MA_2026_05_MA_DraftKings_cat3_p1.png,"November 2025 | $472,609,299.42 | $475,811,313.41 | $48,075,598.27 | 10.10% | $1,163,343.00 | $46,912,255.27 | $9,382,451.05",,2026-05-28T01:03:57.018904
MA,2023-10-01,2023-10-31,monthly,theScore Bet,theScore Bet,ESPN Bet,PENN Entertainment,online,,1389360959,147957582.0,,,144537232.0,,28907446.0,,0.1064932629937243,31,False,False,MA_theScore_Bet_cat3.pdf,,,,1,0,https://massgaming.com/wp-content/uploads/theScore-Bet-Cat.-3-Sports-Wagering-Revenue-Report-April-2026.pdf,https://massgaming.com/regulations/revenue/,MA/screenshots/MA_2026_05_MA_theScore_Bet_cat3_p1.png,"October 2023 | $13,681,400.68 | $13,893,609.59 | $1,479,575.82 | 10.65% | $34,203.50 | $1,445,372.32 | $289,074.46",,2026-05-28T01:04:40.124759
MA,2023-01-01,2023-01-31,monthly,MGM Springfield,MGM Springfield,MGM Springfield,MGM Resorts,retail,,3503466,1131705.0,,,1122946.0,,168442.0,,0.3230243992663265,31,False,False,MA_MGM_Springfield_cat1.pdf,,,,1,0,https://massgaming.com/wp-content/uploads/MGM-Springfield-Cat.-1-Sports-Wagering-Revenue-Report-April-2026.pdf,https://massgaming.com/regulations/revenue/,MA/screenshots/MA_2026_05_MA_MGM_Springfield_cat1_p1.png,"January 2023 | $49,698.80 | $35,034.66 $11,317.05 | 32.00% | $124.24 | $11,229.46 | $1,684.42",,2026-05-28T19:36:44.363447
MA,2025-06-01,2025-06-30,monthly,Fanatics,Fanatics,Fanatics,Fanatics Inc,online,,3784516333,470886530.0,,,461764794.0,,92352959.0,,0.1244244940612335,30,False,False,MA_Fanatics_cat3.pdf,,,,1,0,https://massgaming.com/wp-content/uploads/Fanatics-Cat.-3-Sports-Wagering-Revenue-Report-April-2026.pdf,https://massgaming.com/regulations/revenue/,MA/screenshots/MA_2026_05_MA_Fanatics_cat3_p1.png,"June 2025 | $37,856,784.94 | $37,845,163.33 | $4,708,865.30 | 12.44% | $91,217.36 | $4,617,647.94 | $923,529.59",,2026-05-28T01:04:10.526568
MA,2026-01-01,2026-01-31,monthly,Fanatics,Fanatics,Fanatics,Fanatics Inc,online,,6248382065,580589737.0,,,565173176.0,,113034635.0,,0.0929184116720621,31,False,False,MA_Fanatics_cat3.pdf,,,,1,0,https://massgaming.com/wp-content/uploads/Fanatics-Cat.-3-Sports-Wagering-Revenue-Report-April-2026.pdf,https://massgaming.com/regulations/revenue/,MA/screenshots/MA_2026_05_MA_Fanatics_cat3_p1.png,"January 2026 | $62,775,932.53 | $62,483,820.65 | $5,805,897.37 | 9.29% | $154,165.61 | $5,651,731.76 | $1,130,346.35",,2026-05-28T01:04:10.526568
MA,2025-08-01,2025-08-31,monthly,Fanatics,Fanatics,Fanatics,Fanatics Inc,online,,4952541807,512060478.0,,,500066297.0,,100013259.0,,0.1033934690417445,31,False,False,MA_Fanatics_cat3.pdf,,,,1,0,https://massgaming.com/wp-content/uploads/Fanatics-Cat.-3-Sports-Wagering-Revenue-Report-April-2026.pdf,https://massgaming.com/regulations/revenue/,MA/screenshots/MA_2026_05_MA_Fanatics_cat3_p1.png,"August 2025 | $49,632,694.01 | $49,525,418.07 | $5,120,604.78 | 10.34% | $119,941.81 | $5,000,662.97 | $1,000,132.59",,2026-05-28T19:38:28.948565
MA,2023-08-01,2023-08-31,monthly,Caesars,Caesars,Caesars,Caesars Entertainment,online,,1461745736,59407857.0,,,55753557.0,,11150711.0,,0.0406417173225809,31,False,False,MA_Caesars_cat3.pdf,,,,1,0,https://massgaming.com/wp-content/uploads/Caesars-Cat.-3-Sports-Wagering-Revenue-Report-April-2026.pdf,https://massgaming.com/regulations/revenue/,MA/screenshots/MA_2026_05_MA_Caesars_cat3_p1.png,"August 2023 | $15,010,197.01 | $14,617,457.36 | $594,078.57 | 4.06% | $36,543.00 | $557,535.57 | $111,507.11",,2026-05-28T19:37:56.163816
MA,2025-05-01,2025-05-31,monthly,FanDuel,FanDuel,FanDuel,Flutter Entertainment,online,,17187755745,2346942229.0,,,2305159542.0,,461031908.0,,0.136547334266298,31,False,False,MA_FanDuel_cat3.pdf,,,,1,0,https://massgaming.com/wp-content/uploads/FanDuel-Cat.-3-Sports-Wagering-Revenue-Report-April-2026.pdf,https://massgaming.com/regulations/revenue/,MA/screenshots/MA_2026_05_MA_FanDuel_cat3_p1.png,"May 2025 | $171,461,023.92 | $171,877,557.45 | $23,469,422.29 | 13.65% | $417,826.87 | $23,051,595.42 | $4,610,319.08",,2026-05-28T01:04:24.920493
MA,2023-07-01,2023-07-31,monthly,Plainridge Park Casino,Plainridge Park,ESPN Bet,PENN Entertainment,retail,,296217290,16088797.0,,,15343891.0,,2301584.0,,0.054314172545431,31,False,False,MA_Plainridge_Park_Casino_cat1.pdf,,,,1,0,https://massgaming.com/wp-content/uploads/Plainridge-Park-Casino-Cat.-1-Sports-Wagering-Revenue-Report-April-2026.pdf,https://massgaming.com/regulations/revenue/,MA/screenshots/MA_2026_05_MA_Plainridge_Park_Casino_cat1_p1.png,"July 2023 | $2,979,623.12 | $2,962,172.90 | $160,887.97 | 5.43% | $7,449.06 | $153,438.91 | $23,015.84",,2026-05-28T01:03:01.526750
MA,2025-04-01,2025-04-30,monthly,MGM Springfield,MGM Springfield,MGM Springfield,MGM Resorts,retail,,162853830,,,,0.0,,0.0,,,30,False,False,MA_MGM_Springfield_cat1.pdf,,,,1,0,https://massgaming.com/wp-content/uploads/MGM-Springfield-Cat.-1-Sports-Wagering-Revenue-Report-April-2026.pdf,https://massgaming.com/regulations/revenue/,MA/screenshots/MA_2026_05_MA_MGM_Springfield_cat1_p1.png,"April 2025 | $1,512,871.30 | $1,628,538.30 | $ - | 0.00% | $4,071.35 | $0.00 | $0.00 | (164,261.35) + (4,071.35) | -$261,706.60",,2026-05-28T01:02:42.816977
MA,2023-11-01,2023-11-30,monthly,Encore Boston Harbor,Encore Boston Harbor,Encore Boston Harbor,Wynn Resorts,retail,,700959000,30616100.0,,,28864000.0,,4329600.0,,0.0436774476110585,30,False,False,MA_Encore_Boston_Harbor_cat1.pdf,,,,1,0,https://massgaming.com/wp-content/uploads/Encore-Boston-Harbor-Cat.-1-Sports-Wagering-Revenue-Report-April-2026.pdf,https://massgaming.com/regulations/revenue/,MA/screenshots/MA_2026_05_MA_Encore_Boston_Harbor_cat1_p1.png,"November 2023 | $6,990,548.00 | $7,009,590.00 | $306,161.00 | 4.37% | $17,521.00 | $288,640.00 | $43,296.00",,2026-05-28T01:02:25.030900
MA,2024-02-01,2024-02-29,monthly,FanDuel,FanDuel,FanDuel,Flutter Entertainment,online,,15885233454,1441997468.0,,,1403565209.0,,280713042.0,,0.0907759695301737,29,False,False,MA_FanDuel_cat3.pdf,,,,1,0,https://massgaming.com/wp-content/uploads/FanDuel-Cat.-3-Sports-Wagering-Revenue-Report-April-2026.pdf,https://massgaming.com/regulations/revenue/,MA/screenshots/MA_2026_05_MA_FanDuel_cat3_p1.png,"February 2024 | $158,365,133.12 | $158,852,334.54 | $14,419,974.68 | 9.08% | $384,322.59 | $14,035,652.09 | $2,807,130.42",,2026-05-28T01:04:24.920493
MA,2025-06-01,2025-06-30,monthly,BetMGM,BetMGM,BetMGM,Entain/MGM Resorts,online,,4577810420,527550451.0,,,516105925.0,,103221185.0,,0.1152407816398827,30,False,False,MA_BetMGM_cat3.pdf,,,,1,0,https://massgaming.com/wp-content/uploads/BetMGM-Cat.-3-Sports-Wagering-Revenue-Report-April-2026.pdf,https://massgaming.com/regulations/revenue/,MA/screenshots/MA_2026_05_MA_BetMGM_cat3_p1.png,"June 2025 | $45,391,658.98 | $45,778,104.20 | $5,275,504.51 | 11.52% | $114,445.26 | $5,161,059.25 | $1,032,211.85",,2026-05-28T01:03:27.731285
MA,2024-04-01,2024-04-30,monthly,Encore Boston Harbor,Encore Boston Harbor,Encore Boston Harbor,Wynn Resorts,retail,,515176900,16112600.0,,,14824600.0,,2223700.0,,0.0312758588360619,30,False,False,MA_Encore_Boston_Harbor_cat1.pdf,,,,1,0,https://massgaming.com/wp-content/uploads/Encore-Boston-Harbor-Cat.-1-Sports-Wagering-Revenue-Report-April-2026.pdf,https://massgaming.com/regulations/revenue/,MA/screenshots/MA_2026_05_MA_Encore_Boston_Harbor_cat1_p1.png,"April 2024 | $5,166,507.00 | $5,151,769.00 | $161,126.00 | 3.13% | $12,879.00 | $148,246.00 | $22,237.00",,2026-05-28T01:02:25.030900
MA,2025-03-01,2025-03-31,monthly,Encore Boston Harbor,Encore Boston Harbor,Encore Boston Harbor,Wynn Resorts,retail,,564811100,26739600.0,,,19721900.0,,2958285.0,,0.0473425539972567,31,False,False,MA_Encore_Boston_Harbor_cat1.pdf,,,,1,0,https://massgaming.com/wp-content/uploads/Encore-Boston-Harbor-Cat.-1-Sports-Wagering-Revenue-Report-April-2026.pdf,https://massgaming.com/regulations/revenue/,MA/screenshots/MA_2026_05_MA_Encore_Boston_Harbor_cat1_p1.png,"March 2025 | $5,744,421.00 | $5,648,111.00 | $267,396.00 | 4.73% | $14,120.00 | $197,219.00 | $29,582.85",,2026-05-28T06:19:00.659447
MA,2026-01-01,2026-01-31,monthly,Bally’s,Bally Bet,Bally Bet,Bally's Corporation,online,,582857353,53990395.0,,,52533252.0,,10506650.0,,0.0926305462599182,31,False,False,MA_Bally’s_cat3.pdf,,,,1,0,https://massgaming.com/wp-content/uploads/Ballys-Cat.-3-Sports-Wagering-Revenue-Report-April-2026.pdf,https://massgaming.com/regulations/revenue/,MA/screenshots/MA_2026_05_MA_Bally’s_cat3_p1.png,"January 2026 | $5,950,470.15 | $5,828,573.53 | $539,903.95 | 9.26% | $14,571.43 | $525,332.52 | $105,066.50",,2026-05-28T01:03:13.715727
MA,2025-05-01,2025-05-31,monthly,MGM Springfield,MGM Springfield,MGM Springfield,MGM Resorts,retail,,146921690,15292485.0,,,0.0,,0.0,,0.1040859589894453,31,False,False,MA_MGM_Springfield_cat1.pdf,,,,1,0,https://massgaming.com/wp-content/uploads/MGM-Springfield-Cat.-1-Sports-Wagering-Revenue-Report-April-2026.pdf,https://massgaming.com/regulations/revenue/,MA/screenshots/MA_2026_05_MA_MGM_Springfield_cat1_p1.png,"May 2025 | $1,450,190.75 | $1,469,216.90 | $152,924.85 | 10.41% | $3,673.04 | $0.00 | $0.00 | 152924.85 + (3,673.04) | -$112,454.79",,2026-05-28T01:02:42.816977
MA,2024-04-01,2024-04-30,monthly,DraftKings,DraftKings,DraftKings,DraftKings Inc,online,,30411915411,2447710876.0,,,2373731855.0,,474747631.0,,0.0804852585876476,30,False,False,MA_DraftKings_cat3.pdf,,,,1,0,https://massgaming.com/wp-content/uploads/DraftKings-Cat.-3-Sports-Wagering-Revenue-Report-April-2026.pdf,https://massgaming.com/regulations/revenue/,MA/screenshots/MA_2026_05_MA_DraftKings_cat3_p1.png,"April 2024 | $303,263,935.94 | $304,119,154.11 | $24,477,108.76 | 8.05% | $739,727.21 | $23,737,318.55 | $4,747,476.31",,2026-05-28T01:03:57.018904
MA,2024-07-01,2024-07-31,monthly,Plainridge Park Casino,Plainridge Park,ESPN Bet,PENN Entertainment,retail,,237121388,36814410.0,,,17513774.0,,2627066.0,,0.1552555436289872,31,False,False,MA_Plainridge_Park_Casino_cat1.pdf,,,,1,0,https://massgaming.com/wp-content/uploads/Plainridge-Park-Casino-Cat.-1-Sports-Wagering-Revenue-Report-April-2026.pdf,https://massgaming.com/regulations/revenue/,MA/screenshots/MA_2026_05_MA_Plainridge_Park_Casino_cat1_p1.png,"July 2024 | $2,414,880.81 | $2,371,213.88 | $368,144.10 | 15.53% | $6,037.20 | $175,137.74 | $26,270.66",,2026-05-28T01:03:01.526750
MA,2026-04-01,2026-04-30,monthly,Plainridge Park Casino,Plainridge Park,ESPN Bet,PENN Entertainment,retail,,221837126,31954587.0,,,31392938.0,,4708941.0,,0.1440452622885134,30,False,False,MA_Plainridge_Park_Casino_cat1.pdf,,,,1,0,https://massgaming.com/wp-content/uploads/Plainridge-Park-Casino-Cat.-1-Sports-Wagering-Revenue-Report-April-2026.pdf,https://massgaming.com/regulations/revenue/,MA/screenshots/MA_2026_05_MA_Plainridge_Park_Casino_cat1_p1.png,"April 2026 | $2,237,910.31 | $2,218,371.26 | $319,545.87 | 14.40% | $5,616.49 | $313,929.38 | $47,089.41",,2026-05-28T01:03:01.526750
MA,2024-04-01,2024-04-30,monthly,theScore Bet,theScore Bet,ESPN Bet,PENN Entertainment,online,,2790178858,183012374.0,,,176061167.0,,35212233.0,,0.0655916281048675,30,False,False,MA_theScore_Bet_cat3.pdf,,,,1,0,https://massgaming.com/wp-content/uploads/theScore-Bet-Cat.-3-Sports-Wagering-Revenue-Report-April-2026.pdf,https://massgaming.com/regulations/revenue/,MA/screenshots/MA_2026_05_MA_theScore_Bet_cat3_p1.png,"April 2024 | $27,804,827.79 | $27,901,788.58 | $1,830,123.74 | 6.56% | $69,512.07 | $1,760,611.67 | $352,122.33",,2026-05-28T01:04:40.124759
MA,2024-10-01,2024-10-31,monthly,Encore Boston Harbor,Encore Boston Harbor,Encore Boston Harbor,Wynn Resorts,retail,,686577300,630800.0,,,0.0,,0.0,,0.0009187603493444,31,False,False,MA_Encore_Boston_Harbor_cat1.pdf,,,,1,0,https://massgaming.com/wp-content/uploads/Encore-Boston-Harbor-Cat.-1-Sports-Wagering-Revenue-Report-April-2026.pdf,https://massgaming.com/regulations/revenue/,MA/screenshots/MA_2026_05_MA_Encore_Boston_Harbor_cat1_p1.png,"October 2024 | $6,938,267.00 | $6,865,773.00 | $6,308.00 | 0.09% | $17,164.00 | $0.00 | $0.00 | 6,308 + (17,164) | -$10,856.00",,2026-05-28T01:02:25.030900
MA,2025-03-01,2025-03-31,monthly,BetMGM,BetMGM,BetMGM,Entain/MGM Resorts,online,,7205587238,426119483.0,,,408105515.0,,81621103.0,,0.0591373706160658,31,False,False,MA_BetMGM_cat3.pdf,,,,1,0,https://massgaming.com/wp-content/uploads/BetMGM-Cat.-3-Sports-Wagering-Revenue-Report-April-2026.pdf,https://massgaming.com/regulations/revenue/,MA/screenshots/MA_2026_05_MA_BetMGM_cat3_p1.png,"March 2025 | $72,245,004.04 | $72,055,872.38 | $4,261,194.83 | 5.91% | $180,139.68 | $4,081,055.15 | $816,211.03",,2026-05-28T08:44:46.746910
MA,2023-12-01,2023-12-31,monthly,DraftKings,DraftKings,DraftKings,DraftKings Inc,online,,31585873909,3071642913.0,,,2994822772.0,,598964554.0,,0.0972473619647032,31,False,False,MA_DraftKings_cat3.pdf,,,,1,0,https://massgaming.com/wp-content/uploads/DraftKings-Cat.-3-Sports-Wagering-Revenue-Report-April-2026.pdf,https://massgaming.com/regulations/revenue/,MA/screenshots/MA_2026_05_MA_DraftKings_cat3_p1.png,"December 2023 | $314,757,017.09 | $315,858,739.09 | $30,716,429.13 | 9.72% | $768,201.41 | $29,948,227.72 | $5,989,645.54",,2026-05-28T01:03:57.018904
MA,2024-10-01,2024-10-31,monthly,MGM Springfield,MGM Springfield,MGM Springfield,MGM Resorts,retail,,156192030,21922180.0,,,528566.0,,79285.0,,0.140354024465909,31,False,False,MA_MGM_Springfield_cat1.pdf,,,,1,0,https://massgaming.com/wp-content/uploads/MGM-Springfield-Cat.-1-Sports-Wagering-Revenue-Report-April-2026.pdf,https://massgaming.com/regulations/revenue/,MA/screenshots/MA_2026_05_MA_MGM_Springfield_cat1_p1.png,"October 2024 | $1,563,209.20 | $1,561,920.30 | $219,221.80 | 14.04% | $3,904.80 | $5,285.66 | $792.85",,2026-05-28T10:39:46.648440
MA,2025-01-01,2025-01-31,monthly,FanDuel,FanDuel,FanDuel,Flutter Entertainment,online,,21726250568,2932215588.0,,,2880291401.0,,576058280.0,,0.1349618784346886,31,False,False,MA_FanDuel_cat3.pdf,,,,1,0,https://massgaming.com/wp-content/uploads/FanDuel-Cat.-3-Sports-Wagering-Revenue-Report-April-2026.pdf,https://massgaming.com/regulations/revenue/,MA/screenshots/MA_2026_05_MA_FanDuel_cat3_p1.png,"January 2025 | $216,477,413.18 | $217,262,505.68 | $29,322,155.88 | 13.50% | $519,241.87 | $28,802,914.01 | $5,760,582.80",,2026-05-28T15:41:20.449575
MA,2025-02-01,2025-02-28,monthly,FanDuel,FanDuel,FanDuel,Flutter Entertainment,online,,16716756026,1957907486.0,,,1917667352.0,,383533470.0,,0.1171224538394181,28,False,False,MA_FanDuel_cat3.pdf,,,,1,0,https://massgaming.com/wp-content/uploads/FanDuel-Cat.-3-Sports-Wagering-Revenue-Report-April-2026.pdf,https://massgaming.com/regulations/revenue/,MA/screenshots/MA_2026_05_MA_FanDuel_cat3_p1.png,"February 2025 | $166,291,561.10 | $167,167,560.26 | $19,579,074.86 | 11.71% | $402,401.34 | $19,176,673.52 | $3,835,334.70",,2026-05-28T15:41:20.449575
MA,2026-04-01,2026-04-30,monthly,Encore Boston Harbor,Encore Boston Harbor,Encore Boston Harbor,Wynn Resorts,retail,,373572300,35665000.0,,,,,,,0.0954701405859053,30,False,False,MA_Encore_Boston_Harbor_cat1.pdf,,,,2,0,https://massgaming.com/wp-content/uploads/Encore-Boston-Harbor-Cat.-1-Sports-Wagering-Revenue-Report-April-2026.pdf,https://massgaming.com/regulations/revenue/,MA/screenshots/MA_2026_05_MA_Encore_Boston_Harbor_cat1_p1.png,"April 2026 | $3,742,940.00 | $3,735,723.00 | $356,650.00 | 9.55% | $ 9 ,339.00 | $ 3 47,311.00 | $ 5 2,097.00",,2026-05-28T12:18:17.355395
MA,2025-04-01,2025-04-30,monthly,BetMGM,BetMGM,BetMGM,Entain/MGM Resorts,online,,5509819682,406878082.0,,,393103533.0,,78620707.0,,0.0738459887043541,30,False,False,MA_BetMGM_cat3.pdf,,,,1,0,https://massgaming.com/wp-content/uploads/BetMGM-Cat.-3-Sports-Wagering-Revenue-Report-April-2026.pdf,https://massgaming.com/regulations/revenue/,MA/screenshots/MA_2026_05_MA_BetMGM_cat3_p1.png,"April 2025 | $54,933,278.13 | $55,098,196.82 | $4,068,780.82 | 7.38% | $137,745.49 | $3,931,035.33 | $786,207.07",,2026-05-28T08:44:46.746910
MA,2023-07-01,2023-07-31,monthly,Fanatics,Fanatics,Fanatics,Fanatics Inc,online,,235390147,22623010.0,,,22147869.0,,4429574.0,,0.0961085682146245,31,False,False,MA_Fanatics_cat3.pdf,,,,1,0,https://massgaming.com/wp-content/uploads/Fanatics-Cat.-3-Sports-Wagering-Revenue-Report-April-2026.pdf,https://massgaming.com/regulations/revenue/,MA/screenshots/MA_2026_05_MA_Fanatics_cat3_p1.png,"July 2023 | $2,360,213.90 | $2,353,901.47 | $226,230.10 | 9.61% | $4,751.41 | $221,478.69 | $44,295.74",,2026-05-28T01:04:10.526568
MA,2026-01-01,2026-01-31,monthly,BetMGM,BetMGM,BetMGM,Entain/MGM Resorts,online,,5705064403,467295770.0,,,453033109.0,,90606622.0,,0.0819089386185146,31,False,False,MA_BetMGM_cat3.pdf,,,,1,0,https://massgaming.com/wp-content/uploads/BetMGM-Cat.-3-Sports-Wagering-Revenue-Report-April-2026.pdf,https://massgaming.com/regulations/revenue/,MA/screenshots/MA_2026_05_MA_BetMGM_cat3_p1.png,"January 2026 | $57,311,204.60 | $57,050,644.03 | $4,672,957.70 | 8.19% | $142,626.61 | $4,530,331.09 | $906,066.22",,2026-05-28T01:03:27.731285
MA,2023-08-01,2023-08-31,monthly,BetMGM,BetMGM,BetMGM,Entain/MGM Resorts,online,,2123658510,245614577.0,,,240305431.0,,48061086.0,,0.1156563429776664,31,False,False,MA_BetMGM_cat3.pdf,,,,1,0,https://massgaming.com/wp-content/uploads/BetMGM-Cat.-3-Sports-Wagering-Revenue-Report-April-2026.pdf,https://massgaming.com/regulations/revenue/,MA/screenshots/MA_2026_05_MA_BetMGM_cat3_p1.png,"August 2023 | $21,514,452.98 | $21,236,585.10 | $2,456,145.77 | 11.57% | $53,091.46 | $2,403,054.31 | $480,610.86",,2026-05-28T01:03:27.731285
MA,2025-05-01,2025-05-31,monthly,Plainridge Park Casino,Plainridge Park,ESPN Bet,PENN Entertainment,retail,,362418746,29282290.0,,,28368698.0,,4255305.0,,0.0807968415629361,31,False,False,MA_Plainridge_Park_Casino_cat1.pdf,,,,1,0,https://massgaming.com/wp-content/uploads/Plainridge-Park-Casino-Cat.-1-Sports-Wagering-Revenue-Report-April-2026.pdf,https://massgaming.com/regulations/revenue/,MA/screenshots/MA_2026_05_MA_Plainridge_Park_Casino_cat1_p1.png,"May 2025 | $3,664,956.07 | $3,624,187.46 | $292,822.90 | 8.08% | $9,135.92 | $283,686.98 | $42,553.05",,2026-05-28T01:03:01.526750
MA,2024-01-01,2024-01-31,monthly,theScore Bet,theScore Bet,ESPN Bet,PENN Entertainment,online,,4540548797,204891282.0,,,193607620.0,,38721524.0,,0.0451247836242558,31,False,False,MA_theScore_Bet_cat3.pdf,,,,1,0,https://massgaming.com/wp-content/uploads/theScore-Bet-Cat.-3-Sports-Wagering-Revenue-Report-April-2026.pdf,https://massgaming.com/regulations/revenue/,MA/screenshots/MA_2026_05_MA_theScore_Bet_cat3_p1.png,"January 2024 | $45,134,647.59 | $45,405,487.97 | $2,048,912.82 | 4.51% | $112,836.62 | $1,936,076.20 | $387,215.24",,2026-05-28T01:04:40.124759
MA,2026-02-01,2026-02-28,monthly,Bally’s,Bally Bet,Bally Bet,Bally's Corporation,online,,424897636,35041450.0,,,33979206.0,,6795841.0,,0.0824703341018353,28,False,False,MA_Bally’s_cat3.pdf,,,,1,0,https://massgaming.com/wp-content/uploads/Ballys-Cat.-3-Sports-Wagering-Revenue-Report-April-2026.pdf,https://massgaming.com/regulations/revenue/,MA/screenshots/MA_2026_05_MA_Bally’s_cat3_p1.png,"February 2026 | $4,289,808.15 | $4,248,976.36 | $350,414.50 | 8.25% | $10,622.44 | $339,792.06 | $67,958.41",,2026-05-28T01:03:13.715727
MA,2023-07-01,2023-07-31,monthly,theScore Bet,theScore Bet,ESPN Bet,PENN Entertainment,online,,1168865248,39180247.0,,,36249319.0,,7249864.0,,0.0335199006618083,31,False,False,MA_theScore_Bet_cat3.pdf,,,,1,0,https://massgaming.com/wp-content/uploads/theScore-Bet-Cat.-3-Sports-Wagering-Revenue-Report-April-2026.pdf,https://massgaming.com/regulations/revenue/,MA/screenshots/MA_2026_05_MA_theScore_Bet_cat3_p1.png,"July 2023 | $11,723,712.51 | $11,688,652.48 | $391,802.47 | 3.35% | $29,309.28 | $362,493.19 | $72,498.64",,2026-05-28T01:04:40.124759
MA,2023-11-01,2023-11-30,monthly,Plainridge Park Casino,Plainridge Park,ESPN Bet,PENN Entertainment,retail,,772313803,3317591.0,,,1371399.0,,205710.0,,0.0042956515694955,30,False,False,MA_Plainridge_Park_Casino_cat1.pdf,,,,1,0,https://massgaming.com/wp-content/uploads/Plainridge-Park-Casino-Cat.-1-Sports-Wagering-Revenue-Report-April-2026.pdf,https://massgaming.com/regulations/revenue/,MA/screenshots/MA_2026_05_MA_Plainridge_Park_Casino_cat1_p1.png,"November 2023 | $7,784,766.92 | $7,723,138.03 | $33,175.91 | 0.43% | $19,461.92 | $13,713.99 | $2,057.10",,2026-05-28T01:03:01.526750
MA,2025-07-01,2025-07-31,monthly,Plainridge Park Casino,Plainridge Park,ESPN Bet,PENN Entertainment,retail,,195326569,25075972.0,,,24576243.0,,3686436.0,,0.1283797290270326,31,False,False,MA_Plainridge_Park_Casino_cat1.pdf,,,,1,0,https://massgaming.com/wp-content/uploads/Plainridge-Park-Casino-Cat.-1-Sports-Wagering-Revenue-Report-April-2026.pdf,https://massgaming.com/regulations/revenue/,MA/screenshots/MA_2026_05_MA_Plainridge_Park_Casino_cat1_p1.png,"July 2025 FY26 | $1,964,278.23 | $1,953,265.69 | $250,759.72 | 12.84% | $4,997.29 | $245,762.43 | $36,864.36",,2026-05-28T01:03:01.526750
MA,2025-12-01,2025-12-31,monthly,theScore Bet,theScore Bet,ESPN Bet,PENN Entertainment,online,,2409207757,240470421.0,,,234465181.0,,46893036.0,,0.0998130693798857,31,False,False,MA_theScore_Bet_cat3.pdf,,,,1,0,https://massgaming.com/wp-content/uploads/theScore-Bet-Cat.-3-Sports-Wagering-Revenue-Report-April-2026.pdf,https://massgaming.com/regulations/revenue/,MA/screenshots/MA_2026_05_MA_theScore_Bet_cat3_p1.png,"December 2025 | $24,020,958.62 | $24,092,077.57 | $2,404,704.21 | 9.98% | $60,052.40 | $2,344,651.81 | $468,930.36",,2026-05-28T01:04:40.124759
MA,2025-09-01,2025-09-30,monthly,Encore Boston Harbor,Encore Boston Harbor,Encore Boston Harbor,Wynn Resorts,retail,,510129800,23424500.0,,,22149200.0,,3322400.0,,0.045918705396156,30,False,False,MA_Encore_Boston_Harbor_cat1.pdf,,,,1,0,https://massgaming.com/wp-content/uploads/Encore-Boston-Harbor-Cat.-1-Sports-Wagering-Revenue-Report-April-2026.pdf,https://massgaming.com/regulations/revenue/,MA/screenshots/MA_2026_05_MA_Encore_Boston_Harbor_cat1_p1.png,"September 2025 | $5,111,922.00 | $5,101,298.00 | $234,245.00 | 4.59% | $12,753.00 | $221,492.00 | $33,224.00",,2026-05-28T06:19:00.659447
MA,2023-03-01,2023-03-31,monthly,theScore Bet,theScore Bet,ESPN Bet,PENN Entertainment,online,,2950572212,296919570.0,,,289357649.0,,57871530.0,,0.1006311822474385,31,False,False,MA_theScore_Bet_cat3.pdf,,,,1,0,https://massgaming.com/wp-content/uploads/theScore-Bet-Cat.-3-Sports-Wagering-Revenue-Report-April-2026.pdf,https://massgaming.com/regulations/revenue/,MA/screenshots/MA_2026_05_MA_theScore_Bet_cat3_p1.png,"March 2023 | $30,247,684.14 | $29,505,722.12 | $2,969,195.70 | 10.06% | $75,619.21 | $2,893,576.49 | $578,715.30",,2026-05-28T01:04:40.124759
MA,2025-07-01,2025-07-31,monthly,DraftKings,DraftKings,DraftKings,DraftKings Inc,online,,23593107617,2489457174.0,,,2431954974.0,,486390995.0,,0.1055162895203437,31,False,False,MA_DraftKings_cat3.pdf,,,,1,0,https://massgaming.com/wp-content/uploads/DraftKings-Cat.-3-Sports-Wagering-Revenue-Report-April-2026.pdf,https://massgaming.com/regulations/revenue/,MA/screenshots/MA_2026_05_MA_DraftKings_cat3_p1.png,"July 2025 FY26 | $236,976,434.65 | $235,931,076.17 | $24,894,571.74 | 10.55% | $575,022.00 | $24,319,549.74 | $4,863,909.95",,2026-05-28T01:03:57.018904
MA,2025-07-01,2025-07-31,monthly,Fanatics,Fanatics,Fanatics,Fanatics Inc,online,,5529334974,454565647.0,,,441015993.0,,88203199.0,,0.0822098225442038,31,False,False,MA_Fanatics_cat3.pdf,,,,1,0,https://massgaming.com/wp-content/uploads/Fanatics-Cat.-3-Sports-Wagering-Revenue-Report-April-2026.pdf,https://massgaming.com/regulations/revenue/,MA/screenshots/MA_2026_05_MA_Fanatics_cat3_p1.png,"July 2025 FY26 | $55,307,820.90 | $55,293,349.74 | $4,545,656.47 | 8.22% | $135,496.54 | $4,410,159.93 | $882,031.99",,2026-05-28T18:21:13.842814
MA,2025-12-01,2025-12-31,monthly,Plainridge Park Casino,Plainridge Park,ESPN Bet,PENN Entertainment,retail,,476677036,46296475.0,,,45089558.0,,6763434.0,,0.0971233592213575,31,False,False,MA_Plainridge_Park_Casino_cat1.pdf,,,,1,0,https://massgaming.com/wp-content/uploads/Plainridge-Park-Casino-Cat.-1-Sports-Wagering-Revenue-Report-April-2026.pdf,https://massgaming.com/regulations/revenue/,MA/screenshots/MA_2026_05_MA_Plainridge_Park_Casino_cat1_p1.png,"December 2025 | $4,819,855.04 | $4,766,770.36 | $462,964.75 | 9.71% | $12,069.17 | $450,895.58 | $67,634.34",,2026-05-28T01:03:01.526750
MA,2024-10-01,2024-10-31,monthly,FanDuel,FanDuel,FanDuel,Flutter Entertainment,online,,21547645446,1567488684.0,,,1514894067.0,,302978813.0,,0.0727452420696378,31,False,False,MA_FanDuel_cat3.pdf,,,,1,0,https://massgaming.com/wp-content/uploads/FanDuel-Cat.-3-Sports-Wagering-Revenue-Report-April-2026.pdf,https://massgaming.com/regulations/revenue/,MA/screenshots/MA_2026_05_MA_FanDuel_cat3_p1.png,"October 2024 | $216,461,382.10 | $215,476,454.46 | $15,674,886.84 | 7.27% | $525,946.17 | $15,148,940.67 | $3,029,788.13",,2026-05-28T01:04:24.920493
MA,2025-11-01,2025-11-30,monthly,Bally’s,Bally Bet,Bally Bet,Bally's Corporation,online,,592290463,37172258.0,,,35691532.0,,7138306.0,,0.0627601832582605,30,False,False,MA_Bally’s_cat3.pdf,,,,1,0,https://massgaming.com/wp-content/uploads/Ballys-Cat.-3-Sports-Wagering-Revenue-Report-April-2026.pdf,https://massgaming.com/regulations/revenue/,MA/screenshots/MA_2026_05_MA_Bally’s_cat3_p1.png,"November 2025 | $5,994,194.63 | $5,922,904.63 | $371,722.58 | 6.28% | $14,807.26 | $356,915.32 | $71,383.06",,2026-05-28T01:03:13.715727
MA,2025-03-01,2025-03-31,monthly,MGM Springfield,MGM Springfield,MGM Springfield,MGM Resorts,retail,,164919955,0.0,,,0.0,,0.0,,0.0,31,False,False,MA_MGM_Springfield_cat1.pdf,,,,1,0,https://massgaming.com/wp-content/uploads/MGM-Springfield-Cat.-1-Sports-Wagering-Revenue-Report-April-2026.pdf,https://massgaming.com/regulations/revenue/,MA/screenshots/MA_2026_05_MA_MGM_Springfield_cat1_p1.png,"March 2025 | $1,711,900.00 | $1,649,199.55 | $0.00 | 0.00% | $4,123.00 | $0.00 | $0.00 | (89,250.90) + (4,123) | -$93,373.90",,2026-05-28T01:02:42.816977
MA,2025-10-01,2025-10-31,monthly,Plainridge Park Casino,Plainridge Park,ESPN Bet,PENN Entertainment,retail,,535634031,32000201.0,,,30632845.0,,4594927.0,,0.0597426585093134,31,False,False,MA_Plainridge_Park_Casino_cat1.pdf,,,,1,0,https://massgaming.com/wp-content/uploads/Plainridge-Park-Casino-Cat.-1-Sports-Wagering-Revenue-Report-April-2026.pdf,https://massgaming.com/regulations/revenue/,MA/screenshots/MA_2026_05_MA_Plainridge_Park_Casino_cat1_p1.png,"October 2025 | $5,398,273.78 | $5,356,340.31 | $320,002.01 | 5.97% | $13,673.56 | $306,328.45 | $45,949.27",,2026-05-28T01:03:01.526750
MA,2025-02-01,2025-02-28,monthly,MGM Springfield,MGM Springfield,MGM Springfield,MGM Resorts,retail,,131157925,15502400.0,,,11227237.0,,1684086.0,,0.1181964414273861,28,False,False,MA_MGM_Springfield_cat1.pdf,,,,1,0,https://massgaming.com/wp-content/uploads/MGM-Springfield-Cat.-1-Sports-Wagering-Revenue-Report-April-2026.pdf,https://massgaming.com/regulations/revenue/,MA/screenshots/MA_2026_05_MA_MGM_Springfield_cat1_p1.png,"February 2025 | $1,257,276.00 | $1,311,579.25 | $155,024.00 | 11.82% | $3,278.95 | $112,272.37 | $16,840.86",,2026-05-28T01:02:42.816977
MA,2024-06-01,2024-06-30,monthly,BetMGM,BetMGM,BetMGM,Entain/MGM Resorts,online,,3402949459,239569962.0,,,231062588.0,,46212518.0,,0.070400681786911,30,False,False,MA_BetMGM_cat3.pdf,,,,1,0,https://massgaming.com/wp-content/uploads/BetMGM-Cat.-3-Sports-Wagering-Revenue-Report-April-2026.pdf,https://massgaming.com/regulations/revenue/,MA/screenshots/MA_2026_05_MA_BetMGM_cat3_p1.png,"June 2024 | $33,626,598.51 | $34,029,494.59 | $2,395,699.62 | 7.04% | $85,073.74 | $2,310,625.88 | $462,125.18",,2026-05-28T06:20:19.255129
MA,2025-05-01,2025-05-31,monthly,theScore Bet,theScore Bet,ESPN Bet,PENN Entertainment,online,,2193888417,267842765.0,,,262374481.0,,52474896.0,,0.1220858649530852,31,False,False,MA_theScore_Bet_cat3.pdf,,,,1,0,https://massgaming.com/wp-content/uploads/theScore-Bet-Cat.-3-Sports-Wagering-Revenue-Report-April-2026.pdf,https://massgaming.com/regulations/revenue/,MA/screenshots/MA_2026_05_MA_theScore_Bet_cat3_p1.png,"May 2025 | $21,873,135.77 | $21,938,884.17 | $2,678,427.65 | 12.21% | $54,682.84 | $2,623,744.81 | $524,748.96",,2026-05-28T01:04:40.124759
MA,2026-04-01,2026-04-30,monthly,theScore Bet,theScore Bet,ESPN Bet,PENN Entertainment,online,,1839834817,198070210.0,,,193483227.0,,38696645.0,,0.10765651794924153,30,False,False,MA_theScore_Bet_cat3.pdf,,,,2,0,https://massgaming.com/wp-content/uploads/theScore-Bet-Cat.-3-Sports-Wagering-Revenue-Report-April-2026.pdf,https://massgaming.com/regulations/revenue/,MA/screenshots/MA_2026_05_MA_theScore_Bet_cat3_p1.png,"April 2026 | $18,347,933.46 | $18,398,348.17 | $1,980,702.10 | 10.77% | $45,869.83 | $1,934,832.27 | $386,966.45",,2026-05-30T06:24:07.649973
