state_code,period_start,period_end,period_type,operator_raw,operator_reported,operator_standard,parent_company,channel,sport_category,handle,gross_revenue,standard_ggr,promo_credits,net_revenue,payouts,tax_paid,federal_excise_tax,hold_pct,days_in_period,is_partial_period,data_is_revised,source_file,source_sheet,source_row,source_column,source_page,source_table_index,source_url,source_report_url,source_screenshot,source_raw_line,source_context,scrape_timestamp
MO,2026-03-01,2026-03-31,monthly,ALL,TOTAL,TOTAL,,online,football,30802126,4994465,4994465.0,,,25807661.0,,,0.16214676220725804,31,False,False,SW_Monthly_Financials_0326.xlsx,SPORT DETAIL MOBILE,,,,,https://www.mgc.dps.mo.gov/SportsWagering/sw_financials/FY26_SWFinReport/03_Mar/SW Monthly Financials 0326.xlsx,https://www.mgc.dps.mo.gov/SportsWagering/sw_financials/rb_SWFin_main.html,MO/screenshots/MO_2026_10_SW_Monthly_Financials_0326.png,,,2026-10-06T01:46:48.661049
MO,2026-03-01,2026-03-31,monthly,ALL,TOTAL,TOTAL,,online,other,2490530666,84539420,84539420.0,,,2405991246.0,,,0.03394434011759324,31,False,False,SW_Monthly_Financials_0326.xlsx,SPORT DETAIL MOBILE,,,,,https://www.mgc.dps.mo.gov/SportsWagering/sw_financials/FY26_SWFinReport/03_Mar/SW Monthly Financials 0326.xlsx,https://www.mgc.dps.mo.gov/SportsWagering/sw_financials/rb_SWFin_main.html,MO/screenshots/MO_2026_10_SW_Monthly_Financials_0326.png,,,2026-10-06T01:46:48.661049
MO,2026-05-01,2026-05-31,monthly,ALL,TOTAL,TOTAL,,retail,basketball,80125076,-4496975,-4496975.0,,,84622051.0,,,-0.0561244397446811,31,False,False,SW_Monthly_Financials_0526_.xlsx,SPORT DETAIL RETAIL,,,,,https://www.mgc.dps.mo.gov/SportsWagering/sw_financials/FY26_SWFinReport/05_May/SW Monthly Financials 0526 .xlsx,https://www.mgc.dps.mo.gov/SportsWagering/sw_financials/rb_SWFin_main.html,MO/screenshots/MO_2026_07_SW_Monthly_Financials_0526_.png,,,2026-07-14T17:55:01.508451
MO,2026-05-01,2026-05-31,monthly,ALL,TOTAL,TOTAL,,retail,combat_sports,2584935,-218505,-218505.0,,,2803440.0,,,-0.0845301719385593,31,False,False,SW_Monthly_Financials_0526_.xlsx,SPORT DETAIL RETAIL,,,,,https://www.mgc.dps.mo.gov/SportsWagering/sw_financials/FY26_SWFinReport/05_May/SW Monthly Financials 0526 .xlsx,https://www.mgc.dps.mo.gov/SportsWagering/sw_financials/rb_SWFin_main.html,MO/screenshots/MO_2026_07_SW_Monthly_Financials_0526_.png,,,2026-07-14T17:55:01.508451
MO,2026-05-01,2026-05-31,monthly,ALL,TOTAL,TOTAL,,retail,baseball,108766952,12189481,12189481.0,,,96577471.0,,,0.1120697121309421,31,False,False,SW_Monthly_Financials_0526_.xlsx,SPORT DETAIL RETAIL,,,,,https://www.mgc.dps.mo.gov/SportsWagering/sw_financials/FY26_SWFinReport/05_May/SW Monthly Financials 0526 .xlsx,https://www.mgc.dps.mo.gov/SportsWagering/sw_financials/rb_SWFin_main.html,MO/screenshots/MO_2026_07_SW_Monthly_Financials_0526_.png,,,2026-07-14T17:55:01.508451
MO,2026-05-01,2026-05-31,monthly,ALL,TOTAL,TOTAL,,retail,hockey,35027977,4584822,4584822.0,,,30443155.0,,,0.130890288068877,31,False,False,SW_Monthly_Financials_0526_.xlsx,SPORT DETAIL RETAIL,,,,,https://www.mgc.dps.mo.gov/SportsWagering/sw_financials/FY26_SWFinReport/05_May/SW Monthly Financials 0526 .xlsx,https://www.mgc.dps.mo.gov/SportsWagering/sw_financials/rb_SWFin_main.html,MO/screenshots/MO_2026_07_SW_Monthly_Financials_0526_.png,,,2026-07-14T17:55:01.508451
MO,2026-05-01,2026-05-31,monthly,ALL,TOTAL,TOTAL,,retail,tennis,2075110,509074,509074.0,,,1566036.0,,,0.2453238623494658,31,False,False,SW_Monthly_Financials_0526_.xlsx,SPORT DETAIL RETAIL,,,,,https://www.mgc.dps.mo.gov/SportsWagering/sw_financials/FY26_SWFinReport/05_May/SW Monthly Financials 0526 .xlsx,https://www.mgc.dps.mo.gov/SportsWagering/sw_financials/rb_SWFin_main.html,MO/screenshots/MO_2026_07_SW_Monthly_Financials_0526_.png,,,2026-07-14T17:55:01.508451
MO,2026-05-01,2026-05-31,monthly,ALL,TOTAL,TOTAL,,retail,football,1089566,266353,266353.0,,,823213.0,,,0.2444578850661639,31,False,False,SW_Monthly_Financials_0526_.xlsx,SPORT DETAIL RETAIL,,,,,https://www.mgc.dps.mo.gov/SportsWagering/sw_financials/FY26_SWFinReport/05_May/SW Monthly Financials 0526 .xlsx,https://www.mgc.dps.mo.gov/SportsWagering/sw_financials/rb_SWFin_main.html,MO/screenshots/MO_2026_07_SW_Monthly_Financials_0526_.png,,,2026-07-14T17:55:01.508451
MO,2026-05-01,2026-05-31,monthly,ALL,TOTAL,TOTAL,,retail,soccer,13161417,-534794,-534794.0,,,13696211.0,,,-0.0406334667460198,31,False,False,SW_Monthly_Financials_0526_.xlsx,SPORT DETAIL RETAIL,,,,,https://www.mgc.dps.mo.gov/SportsWagering/sw_financials/FY26_SWFinReport/05_May/SW Monthly Financials 0526 .xlsx,https://www.mgc.dps.mo.gov/SportsWagering/sw_financials/rb_SWFin_main.html,MO/screenshots/MO_2026_07_SW_Monthly_Financials_0526_.png,,,2026-07-14T17:55:01.508451
MO,2026-05-01,2026-05-31,monthly,ALL,TOTAL,TOTAL,,retail,motorsports,502237,333464,333464.0,,,168773.0,,,0.6639574543492415,31,False,False,SW_Monthly_Financials_0526_.xlsx,SPORT DETAIL RETAIL,,,,,https://www.mgc.dps.mo.gov/SportsWagering/sw_financials/FY26_SWFinReport/05_May/SW Monthly Financials 0526 .xlsx,https://www.mgc.dps.mo.gov/SportsWagering/sw_financials/rb_SWFin_main.html,MO/screenshots/MO_2026_07_SW_Monthly_Financials_0526_.png,,,2026-07-14T17:55:01.508451
MO,2026-05-01,2026-05-31,monthly,ALL,TOTAL,TOTAL,,online,other,2159593504,145815911,145815911.0,,,2013777593.0,,,0.06752007298129,31,False,False,SW_Monthly_Financials_0526_.xlsx,SPORT DETAIL MOBILE,,,,,https://www.mgc.dps.mo.gov/SportsWagering/sw_financials/FY26_SWFinReport/05_May/SW Monthly Financials 0526 .xlsx,https://www.mgc.dps.mo.gov/SportsWagering/sw_financials/rb_SWFin_main.html,MO/screenshots/MO_2026_07_SW_Monthly_Financials_0526_.png,,,2026-07-14T17:55:01.508451
MO,2026-05-01,2026-05-31,monthly,ALL,TOTAL,TOTAL,,retail,parlay,119996608,31554892,31554892.0,,,88441716.0,,,0.262964866473559,31,False,False,SW_Monthly_Financials_0526_.xlsx,SPORT DETAIL RETAIL,,,,,https://www.mgc.dps.mo.gov/SportsWagering/sw_financials/FY26_SWFinReport/05_May/SW Monthly Financials 0526 .xlsx,https://www.mgc.dps.mo.gov/SportsWagering/sw_financials/rb_SWFin_main.html,MO/screenshots/MO_2026_07_SW_Monthly_Financials_0526_.png,,,2026-07-14T17:55:01.508451
MO,2026-05-01,2026-05-31,monthly,ALL,TOTAL,TOTAL,,retail,other,13141353,2357357,2357357.0,,,10783996.0,,,0.1793846493584032,31,False,False,SW_Monthly_Financials_0526_.xlsx,SPORT DETAIL RETAIL,,,,,https://www.mgc.dps.mo.gov/SportsWagering/sw_financials/FY26_SWFinReport/05_May/SW Monthly Financials 0526 .xlsx,https://www.mgc.dps.mo.gov/SportsWagering/sw_financials/rb_SWFin_main.html,MO/screenshots/MO_2026_07_SW_Monthly_Financials_0526_.png,,,2026-07-14T17:55:01.508451
MO,2026-05-01,2026-05-31,monthly,ALL,TOTAL,TOTAL,,online,baseball,4699812964,247232781,247232781.0,,,4452580183.0,,,0.0526048127646298,31,False,False,SW_Monthly_Financials_0526_.xlsx,SPORT DETAIL MOBILE,,,,,https://www.mgc.dps.mo.gov/SportsWagering/sw_financials/FY26_SWFinReport/05_May/SW Monthly Financials 0526 .xlsx,https://www.mgc.dps.mo.gov/SportsWagering/sw_financials/rb_SWFin_main.html,MO/screenshots/MO_2026_07_SW_Monthly_Financials_0526_.png,,,2026-07-14T17:55:01.508451
MO,2026-05-01,2026-05-31,monthly,ALL,TOTAL,TOTAL,,online,basketball,5054979676,192791722,192791722.0,,,4862187954.0,,,0.0381389707490487,31,False,False,SW_Monthly_Financials_0526_.xlsx,SPORT DETAIL MOBILE,,,,,https://www.mgc.dps.mo.gov/SportsWagering/sw_financials/FY26_SWFinReport/05_May/SW Monthly Financials 0526 .xlsx,https://www.mgc.dps.mo.gov/SportsWagering/sw_financials/rb_SWFin_main.html,MO/screenshots/MO_2026_07_SW_Monthly_Financials_0526_.png,,,2026-07-14T17:55:01.508451
MO,2026-05-01,2026-05-31,monthly,ALL,TOTAL,TOTAL,,online,combat_sports,190396840,-13614553,-13614553.0,,,204011393.0,,,-0.0715061920145313,31,False,False,SW_Monthly_Financials_0526_.xlsx,SPORT DETAIL MOBILE,,,,,https://www.mgc.dps.mo.gov/SportsWagering/sw_financials/FY26_SWFinReport/05_May/SW Monthly Financials 0526 .xlsx,https://www.mgc.dps.mo.gov/SportsWagering/sw_financials/rb_SWFin_main.html,MO/screenshots/MO_2026_07_SW_Monthly_Financials_0526_.png,,,2026-07-14T17:55:01.508451
MO,2026-05-01,2026-05-31,monthly,ALL,TOTAL,TOTAL,,online,football,59896086,18300229,18300229.0,,,41595857.0,,,0.3055329692160519,31,False,False,SW_Monthly_Financials_0526_.xlsx,SPORT DETAIL MOBILE,,,,,https://www.mgc.dps.mo.gov/SportsWagering/sw_financials/FY26_SWFinReport/05_May/SW Monthly Financials 0526 .xlsx,https://www.mgc.dps.mo.gov/SportsWagering/sw_financials/rb_SWFin_main.html,MO/screenshots/MO_2026_07_SW_Monthly_Financials_0526_.png,,,2026-07-14T17:55:01.508451
MO,2026-05-01,2026-05-31,monthly,ALL,TOTAL,TOTAL,,online,hockey,891731164,80965175,80965175.0,,,810765989.0,,,0.0907954978682342,31,False,False,SW_Monthly_Financials_0526_.xlsx,SPORT DETAIL MOBILE,,,,,https://www.mgc.dps.mo.gov/SportsWagering/sw_financials/FY26_SWFinReport/05_May/SW Monthly Financials 0526 .xlsx,https://www.mgc.dps.mo.gov/SportsWagering/sw_financials/rb_SWFin_main.html,MO/screenshots/MO_2026_07_SW_Monthly_Financials_0526_.png,,,2026-07-14T17:55:01.508451
MO,2026-05-01,2026-05-31,monthly,ALL,TOTAL,TOTAL,,online,soccer,839048524,94072030,94072030.0,,,744976494.0,,,0.1121175084743966,31,False,False,SW_Monthly_Financials_0526_.xlsx,SPORT DETAIL MOBILE,,,,,https://www.mgc.dps.mo.gov/SportsWagering/sw_financials/FY26_SWFinReport/05_May/SW Monthly Financials 0526 .xlsx,https://www.mgc.dps.mo.gov/SportsWagering/sw_financials/rb_SWFin_main.html,MO/screenshots/MO_2026_07_SW_Monthly_Financials_0526_.png,,,2026-07-14T17:55:01.508451
MO,2026-05-01,2026-05-31,monthly,ALL,TOTAL,TOTAL,,online,tennis,1405468328,122316346,122316346.0,,,1283151982.0,,,0.0870288882098522,31,False,False,SW_Monthly_Financials_0526_.xlsx,SPORT DETAIL MOBILE,,,,,https://www.mgc.dps.mo.gov/SportsWagering/sw_financials/FY26_SWFinReport/05_May/SW Monthly Financials 0526 .xlsx,https://www.mgc.dps.mo.gov/SportsWagering/sw_financials/rb_SWFin_main.html,MO/screenshots/MO_2026_07_SW_Monthly_Financials_0526_.png,,,2026-07-14T17:55:01.508451
MO,2026-05-01,2026-05-31,monthly,ALL,TOTAL,TOTAL,,online,motorsports,33341604,7129738,7129738.0,,,26211866.0,,,0.2138390822469129,31,False,False,SW_Monthly_Financials_0526_.xlsx,SPORT DETAIL MOBILE,,,,,https://www.mgc.dps.mo.gov/SportsWagering/sw_financials/FY26_SWFinReport/05_May/SW Monthly Financials 0526 .xlsx,https://www.mgc.dps.mo.gov/SportsWagering/sw_financials/rb_SWFin_main.html,MO/screenshots/MO_2026_07_SW_Monthly_Financials_0526_.png,,,2026-07-14T17:55:01.508451
MO,2026-05-01,2026-05-31,monthly,ALL,TOTAL,TOTAL,,online,parlay,9565740695,2018327074,2018327074.0,,,7547413621.0,,,0.2109953780217957,31,False,False,SW_Monthly_Financials_0526_.xlsx,SPORT DETAIL MOBILE,,,,,https://www.mgc.dps.mo.gov/SportsWagering/sw_financials/FY26_SWFinReport/05_May/SW Monthly Financials 0526 .xlsx,https://www.mgc.dps.mo.gov/SportsWagering/sw_financials/rb_SWFin_main.html,MO/screenshots/MO_2026_07_SW_Monthly_Financials_0526_.png,,,2026-07-14T17:55:01.508451
MO,2026-08-01,2026-08-31,monthly,ARGOSY CASINO - RETAIL,Argosy Casino,ESPN Bet,PENN Entertainment,retail,,47986436,8478866,8623337.0,0.0,8478866.0,39327599.0,847887.0,144471.0,0.176692972155715,31,False,False,SW_Monthly_Financials_0826.xlsx,MONTHLY STATS RETAIL,10.0,,,,https://www.mgc.dps.mo.gov/SportsWagering/sw_financials/FY27_SWFinReport/08_Aug/SW Monthly Financials 0826.xlsx,https://www.mgc.dps.mo.gov/SportsWagering/sw_financials/rb_SWFin_main.html,MO/screenshots/MO_2026_10_SW_Monthly_Financials_0826.png,2026-08-01 00:00:00 | 5366 | 479864.36 | 395075.7 | 84788.65999999997 | 8478.87,"{""headers"": [""LICENSEE"", ""MO/YR"", ""WAGERS"", ""HANDLE"", """", ""DEDUCTIONS"", """", ""TAXABLE AGR"", ""WAGERING TAX""], ""rows"": [["""", """", """", """", """", """", """", """", """"], [""ARGOSY CASINO - RETAIL"", ""2026-07-01 00:00:00"", ""5333"", ""580336.77"", """", ""445408.46"", """", ""134928.31"", ""13492.831""], ["""", ""2026-08-01 00:00:00"", ""5366"", ""479864.36"", """", ""395075.7"", """", ""84788.65999999997"", ""8478.87""], ["""", """", """", """", """", """", """", """", """"], [""TOTALS:"", """", ""10699"", ""1060201.13"", """", ""840484.16"", """", ""219716.96999999997"", ""21971.701""]], ""highlight"": 2}",2026-10-06T01:46:12.955669
MO,2026-08-01,2026-08-31,monthly,CAESAR'S SPORTSBOOK-HARRAH'S - RETAIL,Caesars (Harrah's KC),Caesars,Caesars Entertainment,retail,,30483445,5378528,,,5378528.0,,537853.0,,0.1764409501616369,31,False,False,SW_Monthly_Financials_0826.xlsx,MONTHLY STATS RETAIL,15.0,,,,https://www.mgc.dps.mo.gov/SportsWagering/sw_financials/FY27_SWFinReport/08_Aug/SW Monthly Financials 0826.xlsx,https://www.mgc.dps.mo.gov/SportsWagering/sw_financials/rb_SWFin_main.html,MO/screenshots/MO_2026_10_SW_Monthly_Financials_0826.png,2026-08-01 00:00:00 | 4468 | 304834.45 | 251049.17 | 53785.28 | 5378.53,"{""headers"": [""LICENSEE"", ""MO/YR"", ""WAGERS"", ""HANDLE"", """", ""DEDUCTIONS"", """", ""TAXABLE AGR"", ""WAGERING TAX""], ""rows"": [["""", """", """", """", """", """", """", """", """"], [""CAESAR'S SPORTSBOOK-HARRAH'S - RETAIL"", ""2026-07-01 00:00:00"", ""4408"", ""291026.3"", """", ""259507.86"", """", ""31518.440000000002"", ""3151.8440000000005""], ["""", ""2026-08-01 00:00:00"", ""4468"", ""304834.45"", """", ""251049.17"", """", ""53785.28"", ""5378.53""], ["""", """", """", """", """", """", """", """", """"], [""TOTALS:"", """", ""8876"", ""595860.75"", """", ""510557.03"", """", ""85303.72"", ""8530.374""]], ""highlight"": 2}",2026-10-06T01:46:12.955669
MO,2026-01-01,2026-01-31,monthly,ALL,TOTAL,TOTAL,,retail,baseball,78272,78272,78272.0,,,,,,1.0,31,False,False,SW_Monthly_Financials_0126.xlsx,SPORT DETAIL RETAIL,,,,,https://www.mgc.dps.mo.gov/SportsWagering/sw_financials/FY26_SWFinReport/01_Jan/SW Monthly Financials 0126.xlsx,https://www.mgc.dps.mo.gov/SportsWagering/sw_financials/rb_SWFin_main.html,MO/screenshots/MO_2026_05_SW_Monthly_Financials_0126.png,,,2026-05-03T12:24:44.162851
MO,2026-02-01,2026-02-28,monthly,ALL,TOTAL,TOTAL,,online,hockey,1106896859,-7057374,-7057374.0,,,1113954233.0,,,-0.0063758189777282,28,False,False,SW_Monthly_Financials_0226.xlsx,SPORT DETAIL MOBILE,,,,,https://www.mgc.dps.mo.gov/SportsWagering/sw_financials/FY26_SWFinReport/02_Feb/SW Monthly Financials 0226.xlsx,https://www.mgc.dps.mo.gov/SportsWagering/sw_financials/rb_SWFin_main.html,MO/screenshots/MO_2026_04_SW_Monthly_Financials_0226.png,,,2026-04-26T04:28:17.267412
MO,2026-03-01,2026-03-31,monthly,ALL,TOTAL,TOTAL,,online,basketball,14120443429,1123739107,1123739107.0,,,12996704322.0,,,0.0795824233601694,31,False,False,SW_Monthly_Financials_0326.xlsx,SPORT DETAIL MOBILE,,,,,https://www.mgc.dps.mo.gov/SportsWagering/sw_financials/FY26_SWFinReport/03_Mar/SW Monthly Financials 0326.xlsx,https://www.mgc.dps.mo.gov/SportsWagering/sw_financials/rb_SWFin_main.html,MO/screenshots/MO_2026_05_SW_Monthly_Financials_0326.png,,,2026-05-03T12:24:29.351903
MO,2026-03-01,2026-03-31,monthly,ALL,TOTAL,TOTAL,,online,hockey,1137783709,58865867,58865867.0,,,1078917842.0,,,0.0517373087119847,31,False,False,SW_Monthly_Financials_0326.xlsx,SPORT DETAIL MOBILE,,,,,https://www.mgc.dps.mo.gov/SportsWagering/sw_financials/FY26_SWFinReport/03_Mar/SW Monthly Financials 0326.xlsx,https://www.mgc.dps.mo.gov/SportsWagering/sw_financials/rb_SWFin_main.html,MO/screenshots/MO_2026_05_SW_Monthly_Financials_0326.png,,,2026-05-03T12:24:29.351903
MO,2026-01-01,2026-01-31,monthly,ALL,TOTAL,TOTAL,,retail,other,5243672,910416,910416.0,,,4333256.0,,,0.1736218436240863,31,False,False,SW_Monthly_Financials_0126.xlsx,SPORT DETAIL RETAIL,,,,,https://www.mgc.dps.mo.gov/SportsWagering/sw_financials/FY26_SWFinReport/01_Jan/SW Monthly Financials 0126.xlsx,https://www.mgc.dps.mo.gov/SportsWagering/sw_financials/rb_SWFin_main.html,MO/screenshots/MO_2026_04_SW_Monthly_Financials_0126.png,,,2026-04-26T04:28:25.567159
MO,2026-02-01,2026-02-28,monthly,ALL,TOTAL,TOTAL,,online,combat_sports,108742739,-10044276,-10044276.0,,,118787015.0,,,-0.0923673257853106,28,False,False,SW_Monthly_Financials_0226.xlsx,SPORT DETAIL MOBILE,,,,,https://www.mgc.dps.mo.gov/SportsWagering/sw_financials/FY26_SWFinReport/02_Feb/SW Monthly Financials 0226.xlsx,https://www.mgc.dps.mo.gov/SportsWagering/sw_financials/rb_SWFin_main.html,MO/screenshots/MO_2026_04_SW_Monthly_Financials_0226.png,,,2026-04-26T04:28:17.267412
MO,2025-12-01,2025-12-31,monthly,ALL,TOTAL,TOTAL,,online,combat_sports,351755745,185584277,185584277.0,,,166171468.0,,,0.5275941605445563,31,False,False,SW_Monthly_Financials_1225.xls,SPORT DETAIL MOBILE,,,,,https://www.mgc.dps.mo.gov/SportsWagering/sw_financials/FY26_SWFinReport/12_Dec/SW Monthly Financials 1225.xls,https://www.mgc.dps.mo.gov/SportsWagering/sw_financials/rb_SWFin_main.html,,,,2026-04-26T04:28:29.950880
MO,2026-01-01,2026-01-31,monthly,ALL,TOTAL,TOTAL,,online,other,2050376424,10073137,10073137.0,,,2040303287.0,,,0.004912823266056,31,False,False,SW_Monthly_Financials_0126.xlsx,SPORT DETAIL MOBILE,,,,,https://www.mgc.dps.mo.gov/SportsWagering/sw_financials/FY26_SWFinReport/01_Jan/SW Monthly Financials 0126.xlsx,https://www.mgc.dps.mo.gov/SportsWagering/sw_financials/rb_SWFin_main.html,MO/screenshots/MO_2026_04_SW_Monthly_Financials_0126.png,,,2026-04-26T04:28:25.567159
MO,2026-02-01,2026-02-28,monthly,ALL,TOTAL,TOTAL,,online,football,1121184835,38002605,38002605.0,,,1083182230.0,,,0.0338950401518764,28,False,False,SW_Monthly_Financials_0226.xlsx,SPORT DETAIL MOBILE,,,,,https://www.mgc.dps.mo.gov/SportsWagering/sw_financials/FY26_SWFinReport/02_Feb/SW Monthly Financials 0226.xlsx,https://www.mgc.dps.mo.gov/SportsWagering/sw_financials/rb_SWFin_main.html,MO/screenshots/MO_2026_04_SW_Monthly_Financials_0226.png,,,2026-04-26T04:28:17.267412
MO,2026-04-01,2026-04-30,monthly,ALL,TOTAL,TOTAL,,retail,motorsports,572908,182948,182948.0,,,389960.0,,,0.3193322488078365,30,False,False,SW_Monthly_Financials_0426_.xlsx,SPORT DETAIL RETAIL,,,,,https://www.mgc.dps.mo.gov/SportsWagering/sw_financials/FY26_SWFinReport/04_Apr/SW Monthly Financials 0426 .xlsx,https://www.mgc.dps.mo.gov/SportsWagering/sw_financials/rb_SWFin_main.html,MO/screenshots/MO_2026_05_SW_Monthly_Financials_0426_.png,,,2026-05-30T13:22:08.249193
MO,2026-02-01,2026-02-28,monthly,ALL,TOTAL,TOTAL,,online,parlay,9020132798,2092710767,2092710767.0,,,6927422031.0,,,0.2320044298531845,28,False,False,SW_Monthly_Financials_0226.xlsx,SPORT DETAIL MOBILE,,,,,https://www.mgc.dps.mo.gov/SportsWagering/sw_financials/FY26_SWFinReport/02_Feb/SW Monthly Financials 0226.xlsx,https://www.mgc.dps.mo.gov/SportsWagering/sw_financials/rb_SWFin_main.html,MO/screenshots/MO_2026_04_SW_Monthly_Financials_0226.png,,,2026-04-26T04:28:17.267412
MO,2026-01-01,2026-01-31,monthly,ALL,TOTAL,TOTAL,,online,soccer,1005064869,81530159,81530159.0,,,923534710.0,,,0.081119300370253,31,False,False,SW_Monthly_Financials_0126.xlsx,SPORT DETAIL MOBILE,,,,,https://www.mgc.dps.mo.gov/SportsWagering/sw_financials/FY26_SWFinReport/01_Jan/SW Monthly Financials 0126.xlsx,https://www.mgc.dps.mo.gov/SportsWagering/sw_financials/rb_SWFin_main.html,MO/screenshots/MO_2026_04_SW_Monthly_Financials_0126.png,,,2026-04-26T04:28:25.567159
MO,2026-01-01,2026-01-31,monthly,ALL,TOTAL,TOTAL,,online,tennis,1330537630,78765845,78765845.0,,,1251771785.0,,,0.0591985098534943,31,False,False,SW_Monthly_Financials_0126.xlsx,SPORT DETAIL MOBILE,,,,,https://www.mgc.dps.mo.gov/SportsWagering/sw_financials/FY26_SWFinReport/01_Jan/SW Monthly Financials 0126.xlsx,https://www.mgc.dps.mo.gov/SportsWagering/sw_financials/rb_SWFin_main.html,MO/screenshots/MO_2026_04_SW_Monthly_Financials_0126.png,,,2026-04-26T04:28:25.567159
MO,2026-04-01,2026-04-30,monthly,ALL,TOTAL,TOTAL,,retail,football,1418725,-1149667,-1149667.0,,,2568392.0,,,-0.8103522529031348,30,False,False,SW_Monthly_Financials_0426_.xlsx,SPORT DETAIL RETAIL,,,,,https://www.mgc.dps.mo.gov/SportsWagering/sw_financials/FY26_SWFinReport/04_Apr/SW Monthly Financials 0426 .xlsx,https://www.mgc.dps.mo.gov/SportsWagering/sw_financials/rb_SWFin_main.html,MO/screenshots/MO_2026_05_SW_Monthly_Financials_0426_.png,,,2026-05-30T13:22:08.249193
MO,2026-01-01,2026-01-31,monthly,ALL,TOTAL,TOTAL,,online,motorsports,3774426,1135836,1135836.0,,,2638590.0,,,0.3009294658313608,31,False,False,SW_Monthly_Financials_0126.xlsx,SPORT DETAIL MOBILE,,,,,https://www.mgc.dps.mo.gov/SportsWagering/sw_financials/FY26_SWFinReport/01_Jan/SW Monthly Financials 0126.xlsx,https://www.mgc.dps.mo.gov/SportsWagering/sw_financials/rb_SWFin_main.html,MO/screenshots/MO_2026_04_SW_Monthly_Financials_0126.png,,,2026-04-26T04:28:25.567159
MO,2026-02-01,2026-02-28,monthly,ALL,TOTAL,TOTAL,,retail,soccer,6625163,205183,205183.0,,,6419980.0,,,0.0309702568827363,28,False,False,SW_Monthly_Financials_0226.xlsx,SPORT DETAIL RETAIL,,,,,https://www.mgc.dps.mo.gov/SportsWagering/sw_financials/FY26_SWFinReport/02_Feb/SW Monthly Financials 0226.xlsx,https://www.mgc.dps.mo.gov/SportsWagering/sw_financials/rb_SWFin_main.html,MO/screenshots/MO_2026_04_SW_Monthly_Financials_0226.png,,,2026-04-26T04:28:17.267412
MO,2026-03-01,2026-03-31,monthly,ALL,TOTAL,TOTAL,,retail,basketball,271525751,17792887,17792887.0,,,253732864.0,,,0.0655292801307821,31,False,False,SW_Monthly_Financials_0326.xlsx,SPORT DETAIL RETAIL,,,,,https://www.mgc.dps.mo.gov/SportsWagering/sw_financials/FY26_SWFinReport/03_Mar/SW Monthly Financials 0326.xlsx,https://www.mgc.dps.mo.gov/SportsWagering/sw_financials/rb_SWFin_main.html,MO/screenshots/MO_2026_05_SW_Monthly_Financials_0326.png,,,2026-05-03T12:24:29.351903
MO,2025-12-01,2025-12-31,monthly,ALL,TOTAL,TOTAL,,online,tennis,606683614,72287180,72287180.0,,,534396434.0,,,0.1191513637947043,31,False,False,SW_Monthly_Financials_1225.xls,SPORT DETAIL MOBILE,,,,,https://www.mgc.dps.mo.gov/SportsWagering/sw_financials/FY26_SWFinReport/12_Dec/SW Monthly Financials 1225.xls,https://www.mgc.dps.mo.gov/SportsWagering/sw_financials/rb_SWFin_main.html,,,,2026-04-26T04:28:29.950880
MO,2025-12-01,2025-12-31,monthly,ALL,TOTAL,TOTAL,,online,motorsports,12051477,7563807,7563807.0,,,4487670.0,,,0.6276248961019467,31,False,False,SW_Monthly_Financials_1225.xls,SPORT DETAIL MOBILE,,,,,https://www.mgc.dps.mo.gov/SportsWagering/sw_financials/FY26_SWFinReport/12_Dec/SW Monthly Financials 1225.xls,https://www.mgc.dps.mo.gov/SportsWagering/sw_financials/rb_SWFin_main.html,,,,2026-04-26T04:28:29.950880
MO,2026-02-01,2026-02-28,monthly,ALL,TOTAL,TOTAL,,retail,hockey,14462692,203887,203887.0,,,14258805.0,,,0.0140974446527658,28,False,False,SW_Monthly_Financials_0226.xlsx,SPORT DETAIL RETAIL,,,,,https://www.mgc.dps.mo.gov/SportsWagering/sw_financials/FY26_SWFinReport/02_Feb/SW Monthly Financials 0226.xlsx,https://www.mgc.dps.mo.gov/SportsWagering/sw_financials/rb_SWFin_main.html,MO/screenshots/MO_2026_04_SW_Monthly_Financials_0226.png,,,2026-04-26T04:28:17.267412
MO,2025-12-01,2025-12-31,monthly,ALL,TOTAL,TOTAL,,online,football,14979842704,984288608,984288608.0,,,13995554096.0,,,0.0657075396217057,31,False,False,SW_Monthly_Financials_1225.xls,SPORT DETAIL MOBILE,,,,,https://www.mgc.dps.mo.gov/SportsWagering/sw_financials/FY26_SWFinReport/12_Dec/SW Monthly Financials 1225.xls,https://www.mgc.dps.mo.gov/SportsWagering/sw_financials/rb_SWFin_main.html,,,,2026-04-26T04:28:29.950880
MO,2025-12-01,2025-12-31,monthly,ALL,TOTAL,TOTAL,,retail,basketball,67912126,1979715,1979715.0,,,65932411.0,,,0.029151126854724,31,False,False,SW_Monthly_Financials_1225.xls,SPORT DETAIL RETAIL,,,,,https://www.mgc.dps.mo.gov/SportsWagering/sw_financials/FY26_SWFinReport/12_Dec/SW Monthly Financials 1225.xls,https://www.mgc.dps.mo.gov/SportsWagering/sw_financials/rb_SWFin_main.html,,,,2026-04-26T04:28:29.950880
MO,2025-12-01,2025-12-31,monthly,ALL,TOTAL,TOTAL,,retail,parlay,127965075,52202239,52202239.0,,,75762836.0,,,0.4079412996085064,31,False,False,SW_Monthly_Financials_1225.xls,SPORT DETAIL RETAIL,,,,,https://www.mgc.dps.mo.gov/SportsWagering/sw_financials/FY26_SWFinReport/12_Dec/SW Monthly Financials 1225.xls,https://www.mgc.dps.mo.gov/SportsWagering/sw_financials/rb_SWFin_main.html,,,,2026-04-26T04:28:29.950880
MO,2026-02-01,2026-02-28,monthly,ALL,TOTAL,TOTAL,,online,baseball,107520584,22673633,22673633.0,,,84846951.0,,,0.2108771377209037,28,False,False,SW_Monthly_Financials_0226.xlsx,SPORT DETAIL MOBILE,,,,,https://www.mgc.dps.mo.gov/SportsWagering/sw_financials/FY26_SWFinReport/02_Feb/SW Monthly Financials 0226.xlsx,https://www.mgc.dps.mo.gov/SportsWagering/sw_financials/rb_SWFin_main.html,MO/screenshots/MO_2026_04_SW_Monthly_Financials_0226.png,,,2026-04-26T04:28:17.267412
MO,2026-01-01,2026-01-31,monthly,ALL,TOTAL,TOTAL,,retail,combat_sports,1092225,551678,551678.0,,,540547.0,,,0.5050955618118977,31,False,False,SW_Monthly_Financials_0126.xlsx,SPORT DETAIL RETAIL,,,,,https://www.mgc.dps.mo.gov/SportsWagering/sw_financials/FY26_SWFinReport/01_Jan/SW Monthly Financials 0126.xlsx,https://www.mgc.dps.mo.gov/SportsWagering/sw_financials/rb_SWFin_main.html,MO/screenshots/MO_2026_04_SW_Monthly_Financials_0126.png,,,2026-04-26T04:28:25.567159
MO,2026-04-01,2026-04-30,monthly,ALL,TOTAL,TOTAL,,retail,tennis,1838786,-1414527,-1414527.0,,,3253313.0,,,-0.7692722263493413,30,False,False,SW_Monthly_Financials_0426_.xlsx,SPORT DETAIL RETAIL,,,,,https://www.mgc.dps.mo.gov/SportsWagering/sw_financials/FY26_SWFinReport/04_Apr/SW Monthly Financials 0426 .xlsx,https://www.mgc.dps.mo.gov/SportsWagering/sw_financials/rb_SWFin_main.html,MO/screenshots/MO_2026_05_SW_Monthly_Financials_0426_.png,,,2026-05-30T13:22:08.249193
MO,2026-04-01,2026-04-30,monthly,ALL,TOTAL,TOTAL,,online,hockey,1335992378,74661488,74661488.0,,,1261330890.0,,,0.055884666132429,30,False,False,SW_Monthly_Financials_0426_.xlsx,SPORT DETAIL MOBILE,,,,,https://www.mgc.dps.mo.gov/SportsWagering/sw_financials/FY26_SWFinReport/04_Apr/SW Monthly Financials 0426 .xlsx,https://www.mgc.dps.mo.gov/SportsWagering/sw_financials/rb_SWFin_main.html,MO/screenshots/MO_2026_05_SW_Monthly_Financials_0426_.png,,,2026-05-30T13:22:08.249193
MO,2026-01-01,2026-01-31,monthly,ALL,TOTAL,TOTAL,,retail,hockey,14936461,2779598,2779598.0,,,12156863.0,,,0.1860948185785106,31,False,False,SW_Monthly_Financials_0126.xlsx,SPORT DETAIL RETAIL,,,,,https://www.mgc.dps.mo.gov/SportsWagering/sw_financials/FY26_SWFinReport/01_Jan/SW Monthly Financials 0126.xlsx,https://www.mgc.dps.mo.gov/SportsWagering/sw_financials/rb_SWFin_main.html,MO/screenshots/MO_2026_04_SW_Monthly_Financials_0126.png,,,2026-04-26T04:28:25.567159
MO,2026-02-01,2026-02-28,monthly,ALL,TOTAL,TOTAL,,retail,baseball,2285369,1580748,1580748.0,,,704621.0,,,0.6916817371724217,28,False,False,SW_Monthly_Financials_0226.xlsx,SPORT DETAIL RETAIL,,,,,https://www.mgc.dps.mo.gov/SportsWagering/sw_financials/FY26_SWFinReport/02_Feb/SW Monthly Financials 0226.xlsx,https://www.mgc.dps.mo.gov/SportsWagering/sw_financials/rb_SWFin_main.html,MO/screenshots/MO_2026_04_SW_Monthly_Financials_0226.png,,,2026-04-26T04:28:17.267412
MO,2026-01-01,2026-01-31,monthly,ALL,TOTAL,TOTAL,,retail,motorsports,26800,26800,26800.0,,,,,,1.0,31,False,False,SW_Monthly_Financials_0126.xlsx,SPORT DETAIL RETAIL,,,,,https://www.mgc.dps.mo.gov/SportsWagering/sw_financials/FY26_SWFinReport/01_Jan/SW Monthly Financials 0126.xlsx,https://www.mgc.dps.mo.gov/SportsWagering/sw_financials/rb_SWFin_main.html,MO/screenshots/MO_2026_05_SW_Monthly_Financials_0126.png,,,2026-05-03T12:24:44.162851
MO,2026-03-01,2026-03-31,monthly,ALL,TOTAL,TOTAL,,retail,hockey,16853807,4368910,4368910.0,,,12484897.0,,,0.2592239248972057,31,False,False,SW_Monthly_Financials_0326.xlsx,SPORT DETAIL RETAIL,,,,,https://www.mgc.dps.mo.gov/SportsWagering/sw_financials/FY26_SWFinReport/03_Mar/SW Monthly Financials 0326.xlsx,https://www.mgc.dps.mo.gov/SportsWagering/sw_financials/rb_SWFin_main.html,MO/screenshots/MO_2026_05_SW_Monthly_Financials_0326.png,,,2026-05-03T12:24:29.351903
MO,2026-03-01,2026-03-31,monthly,ALL,TOTAL,TOTAL,,retail,soccer,7866682,-401386,-401386.0,,,8268068.0,,,-0.0510235446151249,31,False,False,SW_Monthly_Financials_0326.xlsx,SPORT DETAIL RETAIL,,,,,https://www.mgc.dps.mo.gov/SportsWagering/sw_financials/FY26_SWFinReport/03_Mar/SW Monthly Financials 0326.xlsx,https://www.mgc.dps.mo.gov/SportsWagering/sw_financials/rb_SWFin_main.html,MO/screenshots/MO_2026_05_SW_Monthly_Financials_0326.png,,,2026-05-03T12:24:29.351903
MO,2026-03-01,2026-03-31,monthly,ALL,TOTAL,TOTAL,,retail,tennis,3469591,-10595,-10595.0,,,3480186.0,,,-0.0030536740497655,31,False,False,SW_Monthly_Financials_0326.xlsx,SPORT DETAIL RETAIL,,,,,https://www.mgc.dps.mo.gov/SportsWagering/sw_financials/FY26_SWFinReport/03_Mar/SW Monthly Financials 0326.xlsx,https://www.mgc.dps.mo.gov/SportsWagering/sw_financials/rb_SWFin_main.html,MO/screenshots/MO_2026_05_SW_Monthly_Financials_0326.png,,,2026-05-03T12:24:29.351903
MO,2025-12-01,2025-12-31,monthly,ALL,TOTAL,TOTAL,,retail,motorsports,24000,22750,22750.0,,,1250.0,,,0.9479166666666666,31,False,False,SW_Monthly_Financials_1225.xls,SPORT DETAIL RETAIL,,,,,https://www.mgc.dps.mo.gov/SportsWagering/sw_financials/FY26_SWFinReport/12_Dec/SW Monthly Financials 1225.xls,https://www.mgc.dps.mo.gov/SportsWagering/sw_financials/rb_SWFin_main.html,,,,2026-04-26T04:28:29.950880
MO,2026-03-01,2026-03-31,monthly,ALL,TOTAL,TOTAL,,retail,other,13033885,-171905,-171905.0,,,13205790.0,,,-0.0131890836845652,31,False,False,SW_Monthly_Financials_0326.xlsx,SPORT DETAIL RETAIL,,,,,https://www.mgc.dps.mo.gov/SportsWagering/sw_financials/FY26_SWFinReport/03_Mar/SW Monthly Financials 0326.xlsx,https://www.mgc.dps.mo.gov/SportsWagering/sw_financials/rb_SWFin_main.html,MO/screenshots/MO_2026_05_SW_Monthly_Financials_0326.png,,,2026-05-03T12:24:29.351903
MO,2026-01-01,2026-01-31,monthly,ALL,TOTAL,TOTAL,,retail,basketball,123537125,14763670,14763670.0,,,108773455.0,,,0.1195079616754882,31,False,False,SW_Monthly_Financials_0126.xlsx,SPORT DETAIL RETAIL,,,,,https://www.mgc.dps.mo.gov/SportsWagering/sw_financials/FY26_SWFinReport/01_Jan/SW Monthly Financials 0126.xlsx,https://www.mgc.dps.mo.gov/SportsWagering/sw_financials/rb_SWFin_main.html,MO/screenshots/MO_2026_04_SW_Monthly_Financials_0126.png,,,2026-04-26T04:28:25.567159
MO,2026-02-01,2026-02-28,monthly,ALL,TOTAL,TOTAL,,retail,tennis,2418199,-15545,-15545.0,,,2433744.0,,,-0.0064283377836149,28,False,False,SW_Monthly_Financials_0226.xlsx,SPORT DETAIL RETAIL,,,,,https://www.mgc.dps.mo.gov/SportsWagering/sw_financials/FY26_SWFinReport/02_Feb/SW Monthly Financials 0226.xlsx,https://www.mgc.dps.mo.gov/SportsWagering/sw_financials/rb_SWFin_main.html,MO/screenshots/MO_2026_04_SW_Monthly_Financials_0226.png,,,2026-04-26T04:28:17.267412
MO,2025-12-01,2025-12-31,monthly,ALL,TOTAL,TOTAL,,online,basketball,9824232648,1127759036,1127759036.0,,,8696473612.0,,,0.1147936003153984,31,False,False,SW_Monthly_Financials_1225.xls,SPORT DETAIL MOBILE,,,,,https://www.mgc.dps.mo.gov/SportsWagering/sw_financials/FY26_SWFinReport/12_Dec/SW Monthly Financials 1225.xls,https://www.mgc.dps.mo.gov/SportsWagering/sw_financials/rb_SWFin_main.html,,,,2026-04-26T04:28:29.950880
MO,2025-12-01,2025-12-31,monthly,ALL,TOTAL,TOTAL,,retail,football,190743194,29694710,29694710.0,,,161048484.0,,,0.1556790015794744,31,False,False,SW_Monthly_Financials_1225.xls,SPORT DETAIL RETAIL,,,,,https://www.mgc.dps.mo.gov/SportsWagering/sw_financials/FY26_SWFinReport/12_Dec/SW Monthly Financials 1225.xls,https://www.mgc.dps.mo.gov/SportsWagering/sw_financials/rb_SWFin_main.html,,,,2026-04-26T04:28:29.950880
MO,2026-02-01,2026-02-28,monthly,ALL,TOTAL,TOTAL,,retail,other,9381953,-131278,-131278.0,,,9513231.0,,,-0.0139926090015586,28,False,False,SW_Monthly_Financials_0226.xlsx,SPORT DETAIL RETAIL,,,,,https://www.mgc.dps.mo.gov/SportsWagering/sw_financials/FY26_SWFinReport/02_Feb/SW Monthly Financials 0226.xlsx,https://www.mgc.dps.mo.gov/SportsWagering/sw_financials/rb_SWFin_main.html,MO/screenshots/MO_2026_04_SW_Monthly_Financials_0226.png,,,2026-04-26T04:28:17.267412
MO,2026-04-01,2026-04-30,monthly,ALL,TOTAL,TOTAL,,online,football,53555961,3038952,3038952.0,,,50517009.0,,,0.0567434874336397,30,False,False,SW_Monthly_Financials_0426_.xlsx,SPORT DETAIL MOBILE,,,,,https://www.mgc.dps.mo.gov/SportsWagering/sw_financials/FY26_SWFinReport/04_Apr/SW Monthly Financials 0426 .xlsx,https://www.mgc.dps.mo.gov/SportsWagering/sw_financials/rb_SWFin_main.html,MO/screenshots/MO_2026_05_SW_Monthly_Financials_0426_.png,,,2026-05-30T13:22:08.249193
MO,2025-12-01,2025-12-31,monthly,ALL,TOTAL,TOTAL,,retail,baseball,52705,52705,52705.0,,,,,,1.0,31,False,False,SW_Monthly_Financials_1225.xls,SPORT DETAIL RETAIL,,,,,https://www.mgc.dps.mo.gov/SportsWagering/sw_financials/FY26_SWFinReport/12_Dec/SW Monthly Financials 1225.xls,https://www.mgc.dps.mo.gov/SportsWagering/sw_financials/rb_SWFin_main.html,,,,2026-04-26T04:28:29.950880
MO,2026-02-01,2026-02-28,monthly,ALL,TOTAL,TOTAL,,retail,combat_sports,540966,-602372,-602372.0,,,1143338.0,,,-1.11351175489772,28,False,False,SW_Monthly_Financials_0226.xlsx,SPORT DETAIL RETAIL,,,,,https://www.mgc.dps.mo.gov/SportsWagering/sw_financials/FY26_SWFinReport/02_Feb/SW Monthly Financials 0226.xlsx,https://www.mgc.dps.mo.gov/SportsWagering/sw_financials/rb_SWFin_main.html,MO/screenshots/MO_2026_04_SW_Monthly_Financials_0226.png,,,2026-04-26T04:28:17.267412
MO,2026-01-01,2026-01-31,monthly,ALL,TOTAL,TOTAL,,online,baseball,6014211,5565685,5565685.0,,,448526.0,,,0.9254223039397852,31,False,False,SW_Monthly_Financials_0126.xlsx,SPORT DETAIL MOBILE,,,,,https://www.mgc.dps.mo.gov/SportsWagering/sw_financials/FY26_SWFinReport/01_Jan/SW Monthly Financials 0126.xlsx,https://www.mgc.dps.mo.gov/SportsWagering/sw_financials/rb_SWFin_main.html,MO/screenshots/MO_2026_04_SW_Monthly_Financials_0126.png,,,2026-04-26T04:28:25.567159
MO,2026-03-01,2026-03-31,monthly,ALL,TOTAL,TOTAL,,retail,combat_sports,2945760,-1212983,-1212983.0,,,4158743.0,,,-0.4117725137146271,31,False,False,SW_Monthly_Financials_0326.xlsx,SPORT DETAIL RETAIL,,,,,https://www.mgc.dps.mo.gov/SportsWagering/sw_financials/FY26_SWFinReport/03_Mar/SW Monthly Financials 0326.xlsx,https://www.mgc.dps.mo.gov/SportsWagering/sw_financials/rb_SWFin_main.html,MO/screenshots/MO_2026_05_SW_Monthly_Financials_0326.png,,,2026-05-03T12:24:29.351903
MO,2026-03-01,2026-03-31,monthly,ALL,TOTAL,TOTAL,,online,parlay,10695731097,1871706632,1871706632.0,,,8824024465.0,,,0.1749956702375387,31,False,False,SW_Monthly_Financials_0326.xlsx,SPORT DETAIL MOBILE,,,,,https://www.mgc.dps.mo.gov/SportsWagering/sw_financials/FY26_SWFinReport/03_Mar/SW Monthly Financials 0326.xlsx,https://www.mgc.dps.mo.gov/SportsWagering/sw_financials/rb_SWFin_main.html,MO/screenshots/MO_2026_05_SW_Monthly_Financials_0326.png,,,2026-05-03T12:24:29.351903
MO,2026-04-01,2026-04-30,monthly,ALL,TOTAL,TOTAL,,online,soccer,792010562,68555428,68555428.0,,,723455134.0,,,0.0865587295034078,30,False,False,SW_Monthly_Financials_0426_.xlsx,SPORT DETAIL MOBILE,,,,,https://www.mgc.dps.mo.gov/SportsWagering/sw_financials/FY26_SWFinReport/04_Apr/SW Monthly Financials 0426 .xlsx,https://www.mgc.dps.mo.gov/SportsWagering/sw_financials/rb_SWFin_main.html,MO/screenshots/MO_2026_05_SW_Monthly_Financials_0426_.png,,,2026-05-30T13:22:08.249193
MO,2026-04-01,2026-04-30,monthly,ALL,TOTAL,TOTAL,,retail,parlay,139637076,32639351,32639351.0,,,106997725.0,,,0.2337441597531016,30,False,False,SW_Monthly_Financials_0426_.xlsx,SPORT DETAIL RETAIL,,,,,https://www.mgc.dps.mo.gov/SportsWagering/sw_financials/FY26_SWFinReport/04_Apr/SW Monthly Financials 0426 .xlsx,https://www.mgc.dps.mo.gov/SportsWagering/sw_financials/rb_SWFin_main.html,MO/screenshots/MO_2026_05_SW_Monthly_Financials_0426_.png,,,2026-05-30T13:22:08.249193
MO,2026-04-01,2026-04-30,monthly,ALL,TOTAL,TOTAL,,retail,other,12202469,2685640,2685640.0,,,9516829.0,,,0.2200898850880096,30,False,False,SW_Monthly_Financials_0426_.xlsx,SPORT DETAIL RETAIL,,,,,https://www.mgc.dps.mo.gov/SportsWagering/sw_financials/FY26_SWFinReport/04_Apr/SW Monthly Financials 0426 .xlsx,https://www.mgc.dps.mo.gov/SportsWagering/sw_financials/rb_SWFin_main.html,MO/screenshots/MO_2026_05_SW_Monthly_Financials_0426_.png,,,2026-05-30T13:22:08.249193
MO,2026-04-01,2026-04-30,monthly,ALL,TOTAL,TOTAL,,online,baseball,4177457924,223659063,223659063.0,,,3953798861.0,,,0.0535395130409457,30,False,False,SW_Monthly_Financials_0426_.xlsx,SPORT DETAIL MOBILE,,,,,https://www.mgc.dps.mo.gov/SportsWagering/sw_financials/FY26_SWFinReport/04_Apr/SW Monthly Financials 0426 .xlsx,https://www.mgc.dps.mo.gov/SportsWagering/sw_financials/rb_SWFin_main.html,MO/screenshots/MO_2026_05_SW_Monthly_Financials_0426_.png,,,2026-05-30T13:22:08.249193
MO,2026-04-01,2026-04-30,monthly,ALL,TOTAL,TOTAL,,online,basketball,6673860908,427497955,427497955.0,,,6246362953.0,,,0.0640555685671476,30,False,False,SW_Monthly_Financials_0426_.xlsx,SPORT DETAIL MOBILE,,,,,https://www.mgc.dps.mo.gov/SportsWagering/sw_financials/FY26_SWFinReport/04_Apr/SW Monthly Financials 0426 .xlsx,https://www.mgc.dps.mo.gov/SportsWagering/sw_financials/rb_SWFin_main.html,MO/screenshots/MO_2026_05_SW_Monthly_Financials_0426_.png,,,2026-05-30T13:22:08.249193
MO,2026-04-01,2026-04-30,monthly,ALL,TOTAL,TOTAL,,online,combat_sports,142446625,14724842,14724842.0,,,127721783.0,,,0.1033709433270181,30,False,False,SW_Monthly_Financials_0426_.xlsx,SPORT DETAIL MOBILE,,,,,https://www.mgc.dps.mo.gov/SportsWagering/sw_financials/FY26_SWFinReport/04_Apr/SW Monthly Financials 0426 .xlsx,https://www.mgc.dps.mo.gov/SportsWagering/sw_financials/rb_SWFin_main.html,MO/screenshots/MO_2026_05_SW_Monthly_Financials_0426_.png,,,2026-05-30T13:22:08.249193
MO,2026-02-01,2026-02-28,monthly,ALL,TOTAL,TOTAL,,online,soccer,747844288,62446787,62446787.0,,,685397501.0,,,0.0835023921450343,28,False,False,SW_Monthly_Financials_0226.xlsx,SPORT DETAIL MOBILE,,,,,https://www.mgc.dps.mo.gov/SportsWagering/sw_financials/FY26_SWFinReport/02_Feb/SW Monthly Financials 0226.xlsx,https://www.mgc.dps.mo.gov/SportsWagering/sw_financials/rb_SWFin_main.html,MO/screenshots/MO_2026_04_SW_Monthly_Financials_0226.png,,,2026-04-26T04:28:17.267412
MO,2026-02-01,2026-02-28,monthly,ALL,TOTAL,TOTAL,,online,tennis,1601080976,115057088,115057088.0,,,1486023888.0,,,0.071862129226873,28,False,False,SW_Monthly_Financials_0226.xlsx,SPORT DETAIL MOBILE,,,,,https://www.mgc.dps.mo.gov/SportsWagering/sw_financials/FY26_SWFinReport/02_Feb/SW Monthly Financials 0226.xlsx,https://www.mgc.dps.mo.gov/SportsWagering/sw_financials/rb_SWFin_main.html,MO/screenshots/MO_2026_04_SW_Monthly_Financials_0226.png,,,2026-04-26T04:28:17.267412
MO,2026-02-01,2026-02-28,monthly,ALL,TOTAL,TOTAL,,online,motorsports,43082973,16305646,16305646.0,,,26777327.0,,,0.378470770807762,28,False,False,SW_Monthly_Financials_0226.xlsx,SPORT DETAIL MOBILE,,,,,https://www.mgc.dps.mo.gov/SportsWagering/sw_financials/FY26_SWFinReport/02_Feb/SW Monthly Financials 0226.xlsx,https://www.mgc.dps.mo.gov/SportsWagering/sw_financials/rb_SWFin_main.html,MO/screenshots/MO_2026_04_SW_Monthly_Financials_0226.png,,,2026-04-26T04:28:17.267412
MO,2026-04-01,2026-04-30,monthly,ALL,TOTAL,TOTAL,,retail,baseball,64566667,9853497,9853497.0,,,54713170.0,,,0.1526096584790415,30,False,False,SW_Monthly_Financials_0426_.xlsx,SPORT DETAIL RETAIL,,,,,https://www.mgc.dps.mo.gov/SportsWagering/sw_financials/FY26_SWFinReport/04_Apr/SW Monthly Financials 0426 .xlsx,https://www.mgc.dps.mo.gov/SportsWagering/sw_financials/rb_SWFin_main.html,MO/screenshots/MO_2026_05_SW_Monthly_Financials_0426_.png,,,2026-05-30T13:22:08.249193
MO,2025-12-01,2025-12-31,monthly,ALL,TOTAL,TOTAL,,retail,other,15947845,5055279,5055279.0,,,10892566.0,,,0.3169882200385068,31,False,False,SW_Monthly_Financials_1225.xls,SPORT DETAIL RETAIL,,,,,https://www.mgc.dps.mo.gov/SportsWagering/sw_financials/FY26_SWFinReport/12_Dec/SW Monthly Financials 1225.xls,https://www.mgc.dps.mo.gov/SportsWagering/sw_financials/rb_SWFin_main.html,,,,2026-04-26T04:28:29.950880
MO,2026-01-01,2026-01-31,monthly,ALL,TOTAL,TOTAL,,retail,football,162048451,10071142,10071142.0,,,151977309.0,,,0.0621489556848648,31,False,False,SW_Monthly_Financials_0126.xlsx,SPORT DETAIL RETAIL,,,,,https://www.mgc.dps.mo.gov/SportsWagering/sw_financials/FY26_SWFinReport/01_Jan/SW Monthly Financials 0126.xlsx,https://www.mgc.dps.mo.gov/SportsWagering/sw_financials/rb_SWFin_main.html,MO/screenshots/MO_2026_04_SW_Monthly_Financials_0126.png,,,2026-04-26T04:28:25.567159
MO,2026-01-01,2026-01-31,monthly,ALL,TOTAL,TOTAL,,online,basketball,10738816257,605629817,605629817.0,,,10133186440.0,,,0.0563963292141464,31,False,False,SW_Monthly_Financials_0126.xlsx,SPORT DETAIL MOBILE,,,,,https://www.mgc.dps.mo.gov/SportsWagering/sw_financials/FY26_SWFinReport/01_Jan/SW Monthly Financials 0126.xlsx,https://www.mgc.dps.mo.gov/SportsWagering/sw_financials/rb_SWFin_main.html,MO/screenshots/MO_2026_04_SW_Monthly_Financials_0126.png,,,2026-04-26T04:28:25.567159
MO,2026-01-01,2026-01-31,monthly,ALL,TOTAL,TOTAL,,retail,parlay,161022453,-3641753,-3641753.0,,,164664206.0,,,-0.0226164297720641,31,False,False,SW_Monthly_Financials_0126.xlsx,SPORT DETAIL RETAIL,,,,,https://www.mgc.dps.mo.gov/SportsWagering/sw_financials/FY26_SWFinReport/01_Jan/SW Monthly Financials 0126.xlsx,https://www.mgc.dps.mo.gov/SportsWagering/sw_financials/rb_SWFin_main.html,MO/screenshots/MO_2026_04_SW_Monthly_Financials_0126.png,,,2026-04-26T04:28:25.567159
MO,2026-03-01,2026-03-31,monthly,ALL,TOTAL,TOTAL,,online,combat_sports,138818218,5815394,5815394.0,,,133002824.0,,,0.0418921528008665,31,False,False,SW_Monthly_Financials_0326.xlsx,SPORT DETAIL MOBILE,,,,,https://www.mgc.dps.mo.gov/SportsWagering/sw_financials/FY26_SWFinReport/03_Mar/SW Monthly Financials 0326.xlsx,https://www.mgc.dps.mo.gov/SportsWagering/sw_financials/rb_SWFin_main.html,MO/screenshots/MO_2026_05_SW_Monthly_Financials_0326.png,,,2026-05-03T12:24:29.351903
MO,2025-12-01,2025-12-31,monthly,ALL,TOTAL,TOTAL,,retail,hockey,10145861,3359993,3359993.0,,,6785868.0,,,0.3311688382089997,31,False,False,SW_Monthly_Financials_1225.xls,SPORT DETAIL RETAIL,,,,,https://www.mgc.dps.mo.gov/SportsWagering/sw_financials/FY26_SWFinReport/12_Dec/SW Monthly Financials 1225.xls,https://www.mgc.dps.mo.gov/SportsWagering/sw_financials/rb_SWFin_main.html,,,,2026-04-26T04:28:29.950880
MO,2026-04-01,2026-04-30,monthly,ALL,TOTAL,TOTAL,,retail,hockey,32108758,3474504,3474504.0,,,28634254.0,,,0.1082104764064682,30,False,False,SW_Monthly_Financials_0426_.xlsx,SPORT DETAIL RETAIL,,,,,https://www.mgc.dps.mo.gov/SportsWagering/sw_financials/FY26_SWFinReport/04_Apr/SW Monthly Financials 0426 .xlsx,https://www.mgc.dps.mo.gov/SportsWagering/sw_financials/rb_SWFin_main.html,MO/screenshots/MO_2026_05_SW_Monthly_Financials_0426_.png,,,2026-05-30T13:22:08.249193
MO,2026-01-01,2026-01-31,monthly,ALL,TOTAL,TOTAL,,online,parlay,14174580563,3561084123,3561084123.0,,,10613496440.0,,,0.2512302997025196,31,False,False,SW_Monthly_Financials_0126.xlsx,SPORT DETAIL MOBILE,,,,,https://www.mgc.dps.mo.gov/SportsWagering/sw_financials/FY26_SWFinReport/01_Jan/SW Monthly Financials 0126.xlsx,https://www.mgc.dps.mo.gov/SportsWagering/sw_financials/rb_SWFin_main.html,MO/screenshots/MO_2026_04_SW_Monthly_Financials_0126.png,,,2026-04-26T04:28:25.567159
MO,2026-03-01,2026-03-31,monthly,ALL,TOTAL,TOTAL,,retail,parlay,189135489,26891936,26891936.0,,,162243553.0,,,0.1421834481840687,31,False,False,SW_Monthly_Financials_0326.xlsx,SPORT DETAIL RETAIL,,,,,https://www.mgc.dps.mo.gov/SportsWagering/sw_financials/FY26_SWFinReport/03_Mar/SW Monthly Financials 0326.xlsx,https://www.mgc.dps.mo.gov/SportsWagering/sw_financials/rb_SWFin_main.html,MO/screenshots/MO_2026_05_SW_Monthly_Financials_0326.png,,,2026-05-03T12:24:29.351903
MO,2026-02-01,2026-02-28,monthly,ALL,TOTAL,TOTAL,,online,basketball,10785808357,572004430,572004430.0,,,10213803927.0,,,0.0530330607653313,28,False,False,SW_Monthly_Financials_0226.xlsx,SPORT DETAIL MOBILE,,,,,https://www.mgc.dps.mo.gov/SportsWagering/sw_financials/FY26_SWFinReport/02_Feb/SW Monthly Financials 0226.xlsx,https://www.mgc.dps.mo.gov/SportsWagering/sw_financials/rb_SWFin_main.html,MO/screenshots/MO_2026_04_SW_Monthly_Financials_0226.png,,,2026-04-26T04:28:17.267412
MO,2026-04-01,2026-04-30,monthly,ALL,TOTAL,TOTAL,,retail,combat_sports,1414215,113738,113738.0,,,1300477.0,,,0.0804248293222742,30,False,False,SW_Monthly_Financials_0426_.xlsx,SPORT DETAIL RETAIL,,,,,https://www.mgc.dps.mo.gov/SportsWagering/sw_financials/FY26_SWFinReport/04_Apr/SW Monthly Financials 0426 .xlsx,https://www.mgc.dps.mo.gov/SportsWagering/sw_financials/rb_SWFin_main.html,MO/screenshots/MO_2026_05_SW_Monthly_Financials_0426_.png,,,2026-05-30T13:22:08.249193
MO,2026-04-01,2026-04-30,monthly,ALL,TOTAL,TOTAL,,retail,basketball,91175244,-3668788,-3668788.0,,,94844032.0,,,-0.0402388613295073,30,False,False,SW_Monthly_Financials_0426_.xlsx,SPORT DETAIL RETAIL,,,,,https://www.mgc.dps.mo.gov/SportsWagering/sw_financials/FY26_SWFinReport/04_Apr/SW Monthly Financials 0426 .xlsx,https://www.mgc.dps.mo.gov/SportsWagering/sw_financials/rb_SWFin_main.html,MO/screenshots/MO_2026_05_SW_Monthly_Financials_0426_.png,,,2026-05-30T13:22:08.249193
MO,2025-12-01,2025-12-31,monthly,ALL,TOTAL,TOTAL,,online,soccer,1221687267,130835055,130835055.0,,,1090852212.0,,,0.1070937371077634,31,False,False,SW_Monthly_Financials_1225.xls,SPORT DETAIL MOBILE,,,,,https://www.mgc.dps.mo.gov/SportsWagering/sw_financials/FY26_SWFinReport/12_Dec/SW Monthly Financials 1225.xls,https://www.mgc.dps.mo.gov/SportsWagering/sw_financials/rb_SWFin_main.html,,,,2026-04-26T04:28:29.950880
MO,2026-03-01,2026-03-31,monthly,ALL,TOTAL,TOTAL,,online,tennis,1682824927,161026677,161026677.0,,,1521798250.0,,,0.0956883122043271,31,False,False,SW_Monthly_Financials_0326.xlsx,SPORT DETAIL MOBILE,,,,,https://www.mgc.dps.mo.gov/SportsWagering/sw_financials/FY26_SWFinReport/03_Mar/SW Monthly Financials 0326.xlsx,https://www.mgc.dps.mo.gov/SportsWagering/sw_financials/rb_SWFin_main.html,MO/screenshots/MO_2026_05_SW_Monthly_Financials_0326.png,,,2026-05-03T12:24:29.351903
MO,2026-04-01,2026-04-30,monthly,ALL,TOTAL,TOTAL,,online,tennis,1539361080,118223918,118223918.0,,,1421137162.0,,,0.0768006412114823,30,False,False,SW_Monthly_Financials_0426_.xlsx,SPORT DETAIL MOBILE,,,,,https://www.mgc.dps.mo.gov/SportsWagering/sw_financials/FY26_SWFinReport/04_Apr/SW Monthly Financials 0426 .xlsx,https://www.mgc.dps.mo.gov/SportsWagering/sw_financials/rb_SWFin_main.html,MO/screenshots/MO_2026_05_SW_Monthly_Financials_0426_.png,,,2026-05-30T13:22:08.249193
MO,2025-12-01,2025-12-31,monthly,ALL,TOTAL,TOTAL,,online,hockey,1755642515,117618092,117618092.0,,,1638024423.0,,,0.066994328854015,31,False,False,SW_Monthly_Financials_1225.xls,SPORT DETAIL MOBILE,,,,,https://www.mgc.dps.mo.gov/SportsWagering/sw_financials/FY26_SWFinReport/12_Dec/SW Monthly Financials 1225.xls,https://www.mgc.dps.mo.gov/SportsWagering/sw_financials/rb_SWFin_main.html,,,,2026-04-26T04:28:29.950880
MO,2025-12-01,2025-12-31,monthly,ALL,TOTAL,TOTAL,,retail,soccer,1506854,701743,701743.0,,,805111.0,,,0.4657007248213828,31,False,False,SW_Monthly_Financials_1225.xls,SPORT DETAIL RETAIL,,,,,https://www.mgc.dps.mo.gov/SportsWagering/sw_financials/FY26_SWFinReport/12_Dec/SW Monthly Financials 1225.xls,https://www.mgc.dps.mo.gov/SportsWagering/sw_financials/rb_SWFin_main.html,,,,2026-04-26T04:28:29.950880
MO,2025-12-01,2025-12-31,monthly,ALL,TOTAL,TOTAL,,retail,tennis,55970,-1456,-1456.0,,,57426.0,,,-0.0260139360371627,31,False,False,SW_Monthly_Financials_1225.xls,SPORT DETAIL RETAIL,,,,,https://www.mgc.dps.mo.gov/SportsWagering/sw_financials/FY26_SWFinReport/12_Dec/SW Monthly Financials 1225.xls,https://www.mgc.dps.mo.gov/SportsWagering/sw_financials/rb_SWFin_main.html,,,,2026-04-26T04:28:29.950880
MO,2026-04-01,2026-04-30,monthly,ALL,TOTAL,TOTAL,,retail,soccer,5566146,173867,173867.0,,,5392279.0,,,0.0312365144572204,30,False,False,SW_Monthly_Financials_0426_.xlsx,SPORT DETAIL RETAIL,,,,,https://www.mgc.dps.mo.gov/SportsWagering/sw_financials/FY26_SWFinReport/04_Apr/SW Monthly Financials 0426 .xlsx,https://www.mgc.dps.mo.gov/SportsWagering/sw_financials/rb_SWFin_main.html,MO/screenshots/MO_2026_05_SW_Monthly_Financials_0426_.png,,,2026-05-30T13:22:08.249193
MO,2026-03-01,2026-03-31,monthly,ALL,TOTAL,TOTAL,,retail,motorsports,608219,75770,75770.0,,,532449.0,,,0.1245768382770022,31,False,False,SW_Monthly_Financials_0326.xlsx,SPORT DETAIL RETAIL,,,,,https://www.mgc.dps.mo.gov/SportsWagering/sw_financials/FY26_SWFinReport/03_Mar/SW Monthly Financials 0326.xlsx,https://www.mgc.dps.mo.gov/SportsWagering/sw_financials/rb_SWFin_main.html,MO/screenshots/MO_2026_05_SW_Monthly_Financials_0326.png,,,2026-05-03T12:24:29.351903
MO,2026-03-01,2026-03-31,monthly,ALL,TOTAL,TOTAL,,online,soccer,769089273,60903277,60903277.0,,,708185996.0,,,0.0791888264966088,31,False,False,SW_Monthly_Financials_0326.xlsx,SPORT DETAIL MOBILE,,,,,https://www.mgc.dps.mo.gov/SportsWagering/sw_financials/FY26_SWFinReport/03_Mar/SW Monthly Financials 0326.xlsx,https://www.mgc.dps.mo.gov/SportsWagering/sw_financials/rb_SWFin_main.html,MO/screenshots/MO_2026_05_SW_Monthly_Financials_0326.png,,,2026-05-03T12:24:29.351903
MO,2026-04-01,2026-04-30,monthly,ALL,TOTAL,TOTAL,,online,other,2745312688,248492336,248492336.0,,,2496820352.0,,,0.0905151304207282,30,False,False,SW_Monthly_Financials_0426_.xlsx,SPORT DETAIL MOBILE,,,,,https://www.mgc.dps.mo.gov/SportsWagering/sw_financials/FY26_SWFinReport/04_Apr/SW Monthly Financials 0426 .xlsx,https://www.mgc.dps.mo.gov/SportsWagering/sw_financials/rb_SWFin_main.html,MO/screenshots/MO_2026_05_SW_Monthly_Financials_0426_.png,,,2026-05-30T13:22:08.249193
MO,2026-01-01,2026-01-31,monthly,ALL,TOTAL,TOTAL,,retail,soccer,2215409,454809,454809.0,,,1760600.0,,,0.2052934695128529,31,False,False,SW_Monthly_Financials_0126.xlsx,SPORT DETAIL RETAIL,,,,,https://www.mgc.dps.mo.gov/SportsWagering/sw_financials/FY26_SWFinReport/01_Jan/SW Monthly Financials 0126.xlsx,https://www.mgc.dps.mo.gov/SportsWagering/sw_financials/rb_SWFin_main.html,MO/screenshots/MO_2026_04_SW_Monthly_Financials_0126.png,,,2026-04-26T04:28:25.567159
MO,2026-03-01,2026-03-31,monthly,ALL,TOTAL,TOTAL,,retail,football,509796,-1674023,-1674023.0,,,2183819.0,,,-3.2837115238252164,31,False,False,SW_Monthly_Financials_0326.xlsx,SPORT DETAIL RETAIL,,,,,https://www.mgc.dps.mo.gov/SportsWagering/sw_financials/FY26_SWFinReport/03_Mar/SW Monthly Financials 0326.xlsx,https://www.mgc.dps.mo.gov/SportsWagering/sw_financials/rb_SWFin_main.html,MO/screenshots/MO_2026_05_SW_Monthly_Financials_0326.png,,,2026-05-03T12:24:29.351903
MO,2026-02-01,2026-02-28,monthly,ALL,TOTAL,TOTAL,,retail,motorsports,527131,-39619,-39619.0,,,566750.0,,,-0.07515968516365,28,False,False,SW_Monthly_Financials_0226.xlsx,SPORT DETAIL RETAIL,,,,,https://www.mgc.dps.mo.gov/SportsWagering/sw_financials/FY26_SWFinReport/02_Feb/SW Monthly Financials 0226.xlsx,https://www.mgc.dps.mo.gov/SportsWagering/sw_financials/rb_SWFin_main.html,MO/screenshots/MO_2026_04_SW_Monthly_Financials_0226.png,,,2026-04-26T04:28:17.267412
MO,2026-01-01,2026-01-31,monthly,ALL,TOTAL,TOTAL,,online,hockey,1378294762,121803089,121803089.0,,,1256491673.0,,,0.0883723078387495,31,False,False,SW_Monthly_Financials_0126.xlsx,SPORT DETAIL MOBILE,,,,,https://www.mgc.dps.mo.gov/SportsWagering/sw_financials/FY26_SWFinReport/01_Jan/SW Monthly Financials 0126.xlsx,https://www.mgc.dps.mo.gov/SportsWagering/sw_financials/rb_SWFin_main.html,MO/screenshots/MO_2026_04_SW_Monthly_Financials_0126.png,,,2026-04-26T04:28:25.567159
MO,2026-03-01,2026-03-31,monthly,ALL,TOTAL,TOTAL,,online,motorsports,46765026,7194495,7194495.0,,,39570531.0,,,0.1538434940675538,31,False,False,SW_Monthly_Financials_0326.xlsx,SPORT DETAIL MOBILE,,,,,https://www.mgc.dps.mo.gov/SportsWagering/sw_financials/FY26_SWFinReport/03_Mar/SW Monthly Financials 0326.xlsx,https://www.mgc.dps.mo.gov/SportsWagering/sw_financials/rb_SWFin_main.html,MO/screenshots/MO_2026_05_SW_Monthly_Financials_0326.png,,,2026-05-03T12:24:29.351903
MO,2026-02-01,2026-02-28,monthly,ALL,TOTAL,TOTAL,,retail,basketball,168799969,16244991,16244991.0,,,152554978.0,,,0.0962381160152938,28,False,False,SW_Monthly_Financials_0226.xlsx,SPORT DETAIL RETAIL,,,,,https://www.mgc.dps.mo.gov/SportsWagering/sw_financials/FY26_SWFinReport/02_Feb/SW Monthly Financials 0226.xlsx,https://www.mgc.dps.mo.gov/SportsWagering/sw_financials/rb_SWFin_main.html,MO/screenshots/MO_2026_04_SW_Monthly_Financials_0226.png,,,2026-04-26T04:28:17.267412
MO,2025-12-01,2025-12-31,monthly,ALL,TOTAL,TOTAL,,retail,combat_sports,542047,20657,20657.0,,,521390.0,,,0.0381092414495422,31,False,False,SW_Monthly_Financials_1225.xls,SPORT DETAIL RETAIL,,,,,https://www.mgc.dps.mo.gov/SportsWagering/sw_financials/FY26_SWFinReport/12_Dec/SW Monthly Financials 1225.xls,https://www.mgc.dps.mo.gov/SportsWagering/sw_financials/rb_SWFin_main.html,,,,2026-04-26T04:28:29.950880
MO,2026-03-01,2026-03-31,monthly,ALL,TOTAL,TOTAL,,retail,baseball,22460029,9154343,9154343.0,,,13305686.0,,,0.407583756904321,31,False,False,SW_Monthly_Financials_0326.xlsx,SPORT DETAIL RETAIL,,,,,https://www.mgc.dps.mo.gov/SportsWagering/sw_financials/FY26_SWFinReport/03_Mar/SW Monthly Financials 0326.xlsx,https://www.mgc.dps.mo.gov/SportsWagering/sw_financials/rb_SWFin_main.html,MO/screenshots/MO_2026_05_SW_Monthly_Financials_0326.png,,,2026-05-03T12:24:29.351903
MO,2025-12-01,2025-12-31,monthly,ALL,TOTAL,TOTAL,,online,parlay,21347033163,7423733310,7423733310.0,,,13923299853.0,,,0.3477641718788011,31,False,False,SW_Monthly_Financials_1225.xls,SPORT DETAIL MOBILE,,,,,https://www.mgc.dps.mo.gov/SportsWagering/sw_financials/FY26_SWFinReport/12_Dec/SW Monthly Financials 1225.xls,https://www.mgc.dps.mo.gov/SportsWagering/sw_financials/rb_SWFin_main.html,,,,2026-04-26T04:28:29.950880
MO,2026-01-01,2026-01-31,monthly,ALL,TOTAL,TOTAL,,retail,tennis,1899610,1338312,1338312.0,,,561298.0,,,0.7045193487084191,31,False,False,SW_Monthly_Financials_0126.xlsx,SPORT DETAIL RETAIL,,,,,https://www.mgc.dps.mo.gov/SportsWagering/sw_financials/FY26_SWFinReport/01_Jan/SW Monthly Financials 0126.xlsx,https://www.mgc.dps.mo.gov/SportsWagering/sw_financials/rb_SWFin_main.html,MO/screenshots/MO_2026_04_SW_Monthly_Financials_0126.png,,,2026-04-26T04:28:25.567159
MO,2026-01-01,2026-01-31,monthly,ALL,TOTAL,TOTAL,,online,football,7040374220,796436566,796436566.0,,,6243937654.0,,,0.1131241807768564,31,False,False,SW_Monthly_Financials_0126.xlsx,SPORT DETAIL MOBILE,,,,,https://www.mgc.dps.mo.gov/SportsWagering/sw_financials/FY26_SWFinReport/01_Jan/SW Monthly Financials 0126.xlsx,https://www.mgc.dps.mo.gov/SportsWagering/sw_financials/rb_SWFin_main.html,MO/screenshots/MO_2026_04_SW_Monthly_Financials_0126.png,,,2026-04-26T04:28:25.567159
MO,2026-02-01,2026-02-28,monthly,ALL,TOTAL,TOTAL,,retail,parlay,117300113,27128428,27128428.0,,,90171685.0,,,0.2312736731975697,28,False,False,SW_Monthly_Financials_0226.xlsx,SPORT DETAIL RETAIL,,,,,https://www.mgc.dps.mo.gov/SportsWagering/sw_financials/FY26_SWFinReport/02_Feb/SW Monthly Financials 0226.xlsx,https://www.mgc.dps.mo.gov/SportsWagering/sw_financials/rb_SWFin_main.html,MO/screenshots/MO_2026_04_SW_Monthly_Financials_0226.png,,,2026-04-26T04:28:17.267412
MO,2025-12-01,2025-12-31,monthly,ALL,TOTAL,TOTAL,,online,baseball,300481121,16220711,16220711.0,,,284260410.0,,,0.0539824630113783,31,False,False,SW_Monthly_Financials_1225.xls,SPORT DETAIL MOBILE,,,,,https://www.mgc.dps.mo.gov/SportsWagering/sw_financials/FY26_SWFinReport/12_Dec/SW Monthly Financials 1225.xls,https://www.mgc.dps.mo.gov/SportsWagering/sw_financials/rb_SWFin_main.html,,,,2026-04-26T04:28:29.950880
MO,2026-03-01,2026-03-31,monthly,ALL,TOTAL,TOTAL,,online,baseball,1244500468,97489712,97489712.0,,,1147010756.0,,,0.0783364205211371,31,False,False,SW_Monthly_Financials_0326.xlsx,SPORT DETAIL MOBILE,,,,,https://www.mgc.dps.mo.gov/SportsWagering/sw_financials/FY26_SWFinReport/03_Mar/SW Monthly Financials 0326.xlsx,https://www.mgc.dps.mo.gov/SportsWagering/sw_financials/rb_SWFin_main.html,MO/screenshots/MO_2026_05_SW_Monthly_Financials_0326.png,,,2026-05-03T12:24:29.351903
MO,2026-04-01,2026-04-30,monthly,ALL,TOTAL,TOTAL,,online,motorsports,22960348,3897848,3897848.0,,,19062500.0,,,0.1697643258717159,30,False,False,SW_Monthly_Financials_0426_.xlsx,SPORT DETAIL MOBILE,,,,,https://www.mgc.dps.mo.gov/SportsWagering/sw_financials/FY26_SWFinReport/04_Apr/SW Monthly Financials 0426 .xlsx,https://www.mgc.dps.mo.gov/SportsWagering/sw_financials/rb_SWFin_main.html,MO/screenshots/MO_2026_05_SW_Monthly_Financials_0426_.png,,,2026-05-30T13:22:08.249193
MO,2026-02-01,2026-02-28,monthly,ALL,TOTAL,TOTAL,,retail,football,48972560,-5416348,-5416348.0,,,54388908.0,,,-0.1105996500897645,28,False,False,SW_Monthly_Financials_0226.xlsx,SPORT DETAIL RETAIL,,,,,https://www.mgc.dps.mo.gov/SportsWagering/sw_financials/FY26_SWFinReport/02_Feb/SW Monthly Financials 0226.xlsx,https://www.mgc.dps.mo.gov/SportsWagering/sw_financials/rb_SWFin_main.html,MO/screenshots/MO_2026_04_SW_Monthly_Financials_0226.png,,,2026-04-26T04:28:17.267412
MO,2026-04-01,2026-04-30,monthly,ALL,TOTAL,TOTAL,,online,parlay,9203106168,2008968984,2008968984.0,,,7194137184.0,,,0.2182924924831748,30,False,False,SW_Monthly_Financials_0426_.xlsx,SPORT DETAIL MOBILE,,,,,https://www.mgc.dps.mo.gov/SportsWagering/sw_financials/FY26_SWFinReport/04_Apr/SW Monthly Financials 0426 .xlsx,https://www.mgc.dps.mo.gov/SportsWagering/sw_financials/rb_SWFin_main.html,MO/screenshots/MO_2026_05_SW_Monthly_Financials_0426_.png,,,2026-05-30T13:22:08.249193
MO,2026-02-01,2026-02-28,monthly,ALL,TOTAL,TOTAL,,online,other,2640139007,132999621,132999621.0,,,2507139386.0,,,0.0503759918123129,28,False,False,SW_Monthly_Financials_0226.xlsx,SPORT DETAIL MOBILE,,,,,https://www.mgc.dps.mo.gov/SportsWagering/sw_financials/FY26_SWFinReport/02_Feb/SW Monthly Financials 0226.xlsx,https://www.mgc.dps.mo.gov/SportsWagering/sw_financials/rb_SWFin_main.html,MO/screenshots/MO_2026_04_SW_Monthly_Financials_0226.png,,,2026-04-26T04:28:17.267412
MO,2026-01-01,2026-01-31,monthly,ALL,TOTAL,TOTAL,,online,combat_sports,228966785,54446617,54446617.0,,,174520168.0,,,0.2377926431556437,31,False,False,SW_Monthly_Financials_0126.xlsx,SPORT DETAIL MOBILE,,,,,https://www.mgc.dps.mo.gov/SportsWagering/sw_financials/FY26_SWFinReport/01_Jan/SW Monthly Financials 0126.xlsx,https://www.mgc.dps.mo.gov/SportsWagering/sw_financials/rb_SWFin_main.html,MO/screenshots/MO_2026_04_SW_Monthly_Financials_0126.png,,,2026-04-26T04:28:25.567159
MO,2026-08-01,2026-08-31,monthly,CAESAR'S SPORTSBOOK- HORSESHOE - RETAIL,Caesars (Horseshoe),Caesars,Caesars Entertainment,retail,,13518155,4692904,4736315.0,0.0,4692904.0,8754640.0,469290.0,43411.0,0.34715565844599355,31,False,False,SW_Monthly_Financials_0826.xlsx,MONTHLY STATS RETAIL,20.0,,,,https://www.mgc.dps.mo.gov/SportsWagering/sw_financials/FY27_SWFinReport/08_Aug/SW Monthly Financials 0826.xlsx,https://www.mgc.dps.mo.gov/SportsWagering/sw_financials/rb_SWFin_main.html,MO/screenshots/MO_2026_10_SW_Monthly_Financials_0826.png,2026-08-01 00:00:00 | 3263 | 135181.55 | 88252.51 | 46929.03999999999 | 4692.9,"{""headers"": [""LICENSEE"", ""MO/YR"", ""WAGERS"", ""HANDLE"", """", ""DEDUCTIONS"", """", ""TAXABLE AGR"", ""WAGERING TAX""], ""rows"": [["""", """", """", """", """", """", """", """", """"], [""CAESAR'S SPORTSBOOK- HORSESHOE - RETAIL"", ""2026-07-01 00:00:00"", ""3282"", ""175771"", """", ""133345.35"", """", ""42425.649999999994"", ""4242.565""], ["""", ""2026-08-01 00:00:00"", ""3263"", ""135181.55"", """", ""88252.51"", """", ""46929.03999999999"", ""4692.9""], ["""", """", """", """", """", """", """", """", """"], [""TOTALS:"", """", ""6545"", ""310952.55"", """", ""221597.86"", """", ""89354.68999999999"", ""8935.465""]], ""highlight"": 2}",2026-10-06T01:46:12.955669
MO,2026-08-01,2026-08-31,monthly,CENTURY CASINO CAPE GIRARDEAU - RETAIL,Century Casino,Century Casino,Century Casinos,retail,,19079500,522779,575565.0,0.0,522779.0,18492035.0,52278.0,52786.0,0.027400036688592467,31,False,False,SW_Monthly_Financials_0826.xlsx,MONTHLY STATS RETAIL,25.0,,,,https://www.mgc.dps.mo.gov/SportsWagering/sw_financials/FY27_SWFinReport/08_Aug/SW Monthly Financials 0826.xlsx,https://www.mgc.dps.mo.gov/SportsWagering/sw_financials/rb_SWFin_main.html,MO/screenshots/MO_2026_10_SW_Monthly_Financials_0826.png,2026-08-01 00:00:00 | 975 | 190795 | 185567.21 | 5227.790000000008 | 522.78,"{""headers"": [""LICENSEE"", ""MO/YR"", ""WAGERS"", ""HANDLE"", """", ""DEDUCTIONS"", """", ""TAXABLE AGR"", ""WAGERING TAX""], ""rows"": [["""", """", """", """", """", """", """", """", """"], [""CENTURY CASINO CAPE GIRARDEAU - RETAIL"", ""2026-07-01 00:00:00"", ""1008"", ""211962.7"", """", ""169715.18"", """", ""42247.52000000002"", ""4224.752000000002""], ["""", ""2026-08-01 00:00:00"", ""975"", ""190795"", """", ""185567.21"", """", ""5227.790000000008"", ""522.78""], ["""", """", """", """", """", """", """", """", """"], [""TOTALS:"", """", ""1983"", ""402757.7"", """", ""355282.39"", """", ""47475.31000000003"", ""4747.532000000002""]], ""highlight"": 2}",2026-10-06T01:46:12.955669
MO,2026-01-01,2026-01-31,monthly,CAESARS SPORTSBOOK - MOBILE,Caesars,Caesars,Caesars Entertainment,online,,1405335006,58854810,,,58854810.0,,5885481.0,,0.04187955878756499,31,False,False,SW_Monthly_Financials_0626_.xlsx,MONTHLY STATS MOBILE,30.0,,,,https://www.mgc.dps.mo.gov/SportsWagering/sw_financials/FY26_SWFinReport/06_Jun/SW Monthly Financials 0626 .xlsx,https://www.mgc.dps.mo.gov/SportsWagering/sw_financials/rb_SWFin_main.html,MO/screenshots/MO_2026_10_SW_Monthly_Financials_0626_.png,2026-01-01 00:00:00 | 272114 | 14053350.06 | 13464801.96 | 588548.0999999996 | 58854.80999999997,"{""headers"": [""LICENSEE"", ""MO/YR"", ""WAGERS"", ""HANDLE"", """", ""DEDUCTIONS"", """", ""TAXABLE AGR"", ""WAGERING TAX""], ""rows"": [["""", """", """", """", """", """", """", """", """"], [""CAESARS SPORTSBOOK - MOBILE"", ""2025-12-01 00:00:00"", ""367483"", ""14512633.71"", """", ""14524881.51"", """", ""-12247.799999998882"", ""0""], ["""", ""2026-01-01 00:00:00"", ""272114"", ""14053350.06"", """", ""13464801.96"", """", ""588548.0999999996"", ""58854.80999999997""], ["""", ""2026-02-01 00:00:00"", ""172379"", ""11904258.05"", """", ""11564580.05"", """", ""339678"", ""33967.8""], ["""", ""2026-03-01 00:00:00"", ""193589"", ""12618776.71"", """", ""11794211.89"", """", ""824564.8200000003"", ""82456.48200000003""]], ""highlight"": 2}",2026-10-06T01:46:30.419524
MO,2026-04-01,2026-04-30,monthly,BET365 - MOBILE,bet365,bet365,bet365 Group,online,,2218201478,111361163,,,111361163.0,,11136116.0,,0.05020335803779498,30,False,False,SW_Monthly_Financials_0626_.xlsx,MONTHLY STATS MOBILE,13.0,,,,https://www.mgc.dps.mo.gov/SportsWagering/sw_financials/FY26_SWFinReport/06_Jun/SW Monthly Financials 0626 .xlsx,https://www.mgc.dps.mo.gov/SportsWagering/sw_financials/rb_SWFin_main.html,MO/screenshots/MO_2026_10_SW_Monthly_Financials_0626_.png,2026-04-01 00:00:00 | 988073 | 22182014.78 | 21068403.15 | 1113611.6300000027 | 111361.16300000028,"{""headers"": [""LICENSEE"", ""MO/YR"", ""WAGERS"", ""HANDLE"", """", ""DEDUCTIONS"", """", ""TAXABLE AGR"", ""WAGERING TAX""], ""rows"": [["""", ""2026-02-01 00:00:00"", ""1067845"", ""20448884.43"", """", ""20781393.33"", """", ""-332508.8999999985"", ""0""], ["""", ""2026-03-01 00:00:00"", ""1195670"", ""27196267.15"", """", ""26389194.59"", """", ""807072.5599999987"", ""80707.25599999988""], ["""", ""2026-04-01 00:00:00"", ""988073"", ""22182014.78"", """", ""21068403.15"", """", ""1113611.6300000027"", ""111361.16300000028""], ["""", ""2026-05-01 00:00:00"", ""872641"", ""18485678.09"", """", ""17120509.48"", """", ""1365168.6099999994"", ""136516.86099999995""], ["""", ""2026-06-01 00:00:00"", ""994669"", ""21786931.14"", """", ""21219646.64"", """", ""567284.5"", ""56728.450000000004""]], ""highlight"": 2}",2026-10-06T01:46:30.419524
MO,2026-05-01,2026-05-31,monthly,BET365 - MOBILE,bet365,bet365,bet365 Group,online,,1848567809,136516861,,,136516861.0,,13651686.0,,0.07385006940797594,31,False,False,SW_Monthly_Financials_0626_.xlsx,MONTHLY STATS MOBILE,14.0,,,,https://www.mgc.dps.mo.gov/SportsWagering/sw_financials/FY26_SWFinReport/06_Jun/SW Monthly Financials 0626 .xlsx,https://www.mgc.dps.mo.gov/SportsWagering/sw_financials/rb_SWFin_main.html,MO/screenshots/MO_2026_10_SW_Monthly_Financials_0626_.png,2026-05-01 00:00:00 | 872641 | 18485678.09 | 17120509.48 | 1365168.6099999994 | 136516.86099999995,"{""headers"": [""LICENSEE"", ""MO/YR"", ""WAGERS"", ""HANDLE"", """", ""DEDUCTIONS"", """", ""TAXABLE AGR"", ""WAGERING TAX""], ""rows"": [["""", ""2026-03-01 00:00:00"", ""1195670"", ""27196267.15"", """", ""26389194.59"", """", ""807072.5599999987"", ""80707.25599999988""], ["""", ""2026-04-01 00:00:00"", ""988073"", ""22182014.78"", """", ""21068403.15"", """", ""1113611.6300000027"", ""111361.16300000028""], ["""", ""2026-05-01 00:00:00"", ""872641"", ""18485678.09"", """", ""17120509.48"", """", ""1365168.6099999994"", ""136516.86099999995""], ["""", ""2026-06-01 00:00:00"", ""994669"", ""21786931.14"", """", ""21219646.64"", """", ""567284.5"", ""56728.450000000004""], ["""", """", """", """", """", """", """", """", """"]], ""highlight"": 2}",2026-10-06T01:46:30.419524
MO,2026-06-01,2026-06-30,monthly,BET365 - MOBILE,bet365,bet365,bet365 Group,online,,2178693114,56728450,186898343.0,125746756.0,56728450.0,1981920658.0,5672845.0,4423137.0,0.026037834165569405,30,False,False,SW_Monthly_Financials_0626_.xlsx,MONTHLY STATS MOBILE,15.0,,,,https://www.mgc.dps.mo.gov/SportsWagering/sw_financials/FY26_SWFinReport/06_Jun/SW Monthly Financials 0626 .xlsx,https://www.mgc.dps.mo.gov/SportsWagering/sw_financials/rb_SWFin_main.html,MO/screenshots/MO_2026_10_SW_Monthly_Financials_0626_.png,2026-06-01 00:00:00 | 994669 | 21786931.14 | 21219646.64 | 567284.5 | 56728.450000000004,"{""headers"": [""LICENSEE"", ""MO/YR"", ""WAGERS"", ""HANDLE"", """", ""DEDUCTIONS"", """", ""TAXABLE AGR"", ""WAGERING TAX""], ""rows"": [["""", ""2026-04-01 00:00:00"", ""988073"", ""22182014.78"", """", ""21068403.15"", """", ""1113611.6300000027"", ""111361.16300000028""], ["""", ""2026-05-01 00:00:00"", ""872641"", ""18485678.09"", """", ""17120509.48"", """", ""1365168.6099999994"", ""136516.86099999995""], ["""", ""2026-06-01 00:00:00"", ""994669"", ""21786931.14"", """", ""21219646.64"", """", ""567284.5"", ""56728.450000000004""], ["""", """", """", """", """", """", """", """", """"], [""TOTALS:"", """", ""9941138"", ""201922835.64000005"", """", ""195821122.10999995"", """", ""6101713.530000012"", ""768759.0200000006""]], ""highlight"": 2}",2026-10-06T01:46:30.419524
MO,2025-12-01,2025-12-31,monthly,BETMGM - MOBILE,BetMGM,BetMGM,Entain/MGM Resorts,online,,2805557431,14523902,,,14523902.0,,1452390.0,,0.0051768328958509925,31,False,False,SW_Monthly_Financials_0626_.xlsx,MONTHLY STATS MOBILE,19.0,,,,https://www.mgc.dps.mo.gov/SportsWagering/sw_financials/FY26_SWFinReport/06_Jun/SW Monthly Financials 0626 .xlsx,https://www.mgc.dps.mo.gov/SportsWagering/sw_financials/rb_SWFin_main.html,MO/screenshots/MO_2026_10_SW_Monthly_Financials_0626_.png,BETMGM - MOBILE | 2025-12-01 00:00:00 | 508835 | 28055574.31 | 27910335.29 | 145239.01999999955 | 14523.901999999956,"{""headers"": [""LICENSEE"", ""MO/YR"", ""WAGERS"", ""HANDLE"", """", ""DEDUCTIONS"", """", ""TAXABLE AGR"", ""WAGERING TAX""], ""rows"": [[""TOTALS:"", """", ""9941138"", ""201922835.64000005"", """", ""195821122.10999995"", """", ""6101713.530000012"", ""768759.0200000006""], ["""", """", """", """", """", """", """", """", """"], [""BETMGM - MOBILE"", ""2025-12-01 00:00:00"", ""508835"", ""28055574.31"", """", ""27910335.29"", """", ""145239.01999999955"", ""14523.901999999956""], ["""", ""2026-01-01 00:00:00"", ""579522"", ""32955677.1"", """", ""32840250.34"", """", ""115426.76000000164"", ""11542.676000000165""], ["""", ""2026-02-01 00:00:00"", ""406603"", ""19217396.63"", """", ""18775370.6"", """", ""442026.02999999747"", ""44202.60299999975""]], ""highlight"": 2}",2026-10-06T01:46:30.419524
MO,2026-01-01,2026-01-31,monthly,BETMGM - MOBILE,BetMGM,BetMGM,Entain/MGM Resorts,online,,3295567710,11542676,,,11542676.0,,1154268.0,,0.003502484857153792,31,False,False,SW_Monthly_Financials_0626_.xlsx,MONTHLY STATS MOBILE,20.0,,,,https://www.mgc.dps.mo.gov/SportsWagering/sw_financials/FY26_SWFinReport/06_Jun/SW Monthly Financials 0626 .xlsx,https://www.mgc.dps.mo.gov/SportsWagering/sw_financials/rb_SWFin_main.html,MO/screenshots/MO_2026_10_SW_Monthly_Financials_0626_.png,2026-01-01 00:00:00 | 579522 | 32955677.1 | 32840250.34 | 115426.76000000164 | 11542.676000000165,"{""headers"": [""LICENSEE"", ""MO/YR"", ""WAGERS"", ""HANDLE"", """", ""DEDUCTIONS"", """", ""TAXABLE AGR"", ""WAGERING TAX""], ""rows"": [["""", """", """", """", """", """", """", """", """"], [""BETMGM - MOBILE"", ""2025-12-01 00:00:00"", ""508835"", ""28055574.31"", """", ""27910335.29"", """", ""145239.01999999955"", ""14523.901999999956""], ["""", ""2026-01-01 00:00:00"", ""579522"", ""32955677.1"", """", ""32840250.34"", """", ""115426.76000000164"", ""11542.676000000165""], ["""", ""2026-02-01 00:00:00"", ""406603"", ""19217396.63"", """", ""18775370.6"", """", ""442026.02999999747"", ""44202.60299999975""], ["""", ""2026-03-01 00:00:00"", ""414932"", ""23849790.15"", """", ""21808547.71"", """", ""2041242.4399999976"", ""204124.24399999977""]], ""highlight"": 2}",2026-10-06T01:46:30.419524
MO,2026-02-01,2026-02-28,monthly,BETMGM - MOBILE,BetMGM,BetMGM,Entain/MGM Resorts,online,,1921739663,44202603,,,44202603.0,,4420260.0,,0.023001348127974813,28,False,False,SW_Monthly_Financials_0626_.xlsx,MONTHLY STATS MOBILE,21.0,,,,https://www.mgc.dps.mo.gov/SportsWagering/sw_financials/FY26_SWFinReport/06_Jun/SW Monthly Financials 0626 .xlsx,https://www.mgc.dps.mo.gov/SportsWagering/sw_financials/rb_SWFin_main.html,MO/screenshots/MO_2026_10_SW_Monthly_Financials_0626_.png,2026-02-01 00:00:00 | 406603 | 19217396.63 | 18775370.6 | 442026.02999999747 | 44202.60299999975,"{""headers"": [""LICENSEE"", ""MO/YR"", ""WAGERS"", ""HANDLE"", """", ""DEDUCTIONS"", """", ""TAXABLE AGR"", ""WAGERING TAX""], ""rows"": [[""BETMGM - MOBILE"", ""2025-12-01 00:00:00"", ""508835"", ""28055574.31"", """", ""27910335.29"", """", ""145239.01999999955"", ""14523.901999999956""], ["""", ""2026-01-01 00:00:00"", ""579522"", ""32955677.1"", """", ""32840250.34"", """", ""115426.76000000164"", ""11542.676000000165""], ["""", ""2026-02-01 00:00:00"", ""406603"", ""19217396.63"", """", ""18775370.6"", """", ""442026.02999999747"", ""44202.60299999975""], ["""", ""2026-03-01 00:00:00"", ""414932"", ""23849790.15"", """", ""21808547.71"", """", ""2041242.4399999976"", ""204124.24399999977""], ["""", ""2026-04-01 00:00:00"", ""314814"", ""18072907.19"", """", ""17238273.54"", """", ""834633.6500000022"", ""83463.36500000022""]], ""highlight"": 2}",2026-10-06T01:46:30.419524
MO,2026-03-01,2026-03-31,monthly,BETMGM - MOBILE,BetMGM,BetMGM,Entain/MGM Resorts,online,,2384979015,204124244,,,204124244.0,,20412424.0,,0.08558743817710279,31,False,False,SW_Monthly_Financials_0626_.xlsx,MONTHLY STATS MOBILE,22.0,,,,https://www.mgc.dps.mo.gov/SportsWagering/sw_financials/FY26_SWFinReport/06_Jun/SW Monthly Financials 0626 .xlsx,https://www.mgc.dps.mo.gov/SportsWagering/sw_financials/rb_SWFin_main.html,MO/screenshots/MO_2026_10_SW_Monthly_Financials_0626_.png,2026-03-01 00:00:00 | 414932 | 23849790.15 | 21808547.71 | 2041242.4399999976 | 204124.24399999977,"{""headers"": [""LICENSEE"", ""MO/YR"", ""WAGERS"", ""HANDLE"", """", ""DEDUCTIONS"", """", ""TAXABLE AGR"", ""WAGERING TAX""], ""rows"": [["""", ""2026-01-01 00:00:00"", ""579522"", ""32955677.1"", """", ""32840250.34"", """", ""115426.76000000164"", ""11542.676000000165""], ["""", ""2026-02-01 00:00:00"", ""406603"", ""19217396.63"", """", ""18775370.6"", """", ""442026.02999999747"", ""44202.60299999975""], ["""", ""2026-03-01 00:00:00"", ""414932"", ""23849790.15"", """", ""21808547.71"", """", ""2041242.4399999976"", ""204124.24399999977""], ["""", ""2026-04-01 00:00:00"", ""314814"", ""18072907.19"", """", ""17238273.54"", """", ""834633.6500000022"", ""83463.36500000022""], ["""", ""2026-05-01 00:00:00"", ""261586"", ""16382540.44"", """", ""15864330.9"", """", ""518209.5399999991"", ""51820.95399999991""]], ""highlight"": 2}",2026-10-06T01:46:30.419524
MO,2026-04-01,2026-04-30,monthly,BETMGM - MOBILE,BetMGM,BetMGM,Entain/MGM Resorts,online,,1807290719,83463365,,,83463365.0,,8346337.0,,0.04618148265940384,30,False,False,SW_Monthly_Financials_0626_.xlsx,MONTHLY STATS MOBILE,23.0,,,,https://www.mgc.dps.mo.gov/SportsWagering/sw_financials/FY26_SWFinReport/06_Jun/SW Monthly Financials 0626 .xlsx,https://www.mgc.dps.mo.gov/SportsWagering/sw_financials/rb_SWFin_main.html,MO/screenshots/MO_2026_10_SW_Monthly_Financials_0626_.png,2026-04-01 00:00:00 | 314814 | 18072907.19 | 17238273.54 | 834633.6500000022 | 83463.36500000022,"{""headers"": [""LICENSEE"", ""MO/YR"", ""WAGERS"", ""HANDLE"", """", ""DEDUCTIONS"", """", ""TAXABLE AGR"", ""WAGERING TAX""], ""rows"": [["""", ""2026-02-01 00:00:00"", ""406603"", ""19217396.63"", """", ""18775370.6"", """", ""442026.02999999747"", ""44202.60299999975""], ["""", ""2026-03-01 00:00:00"", ""414932"", ""23849790.15"", """", ""21808547.71"", """", ""2041242.4399999976"", ""204124.24399999977""], ["""", ""2026-04-01 00:00:00"", ""314814"", ""18072907.19"", """", ""17238273.54"", """", ""834633.6500000022"", ""83463.36500000022""], ["""", ""2026-05-01 00:00:00"", ""261586"", ""16382540.44"", """", ""15864330.9"", """", ""518209.5399999991"", ""51820.95399999991""], ["""", ""2026-06-01 00:00:00"", ""254467"", ""16170756.92"", """", ""15490811.77"", """", ""679945.1500000004"", ""67994.51""]], ""highlight"": 2}",2026-10-06T01:46:30.419524
MO,2026-05-01,2026-05-31,monthly,BETMGM - MOBILE,BetMGM,BetMGM,Entain/MGM Resorts,online,,1638254044,51820954,,,51820954.0,,5182095.0,,0.031631818147979496,31,False,False,SW_Monthly_Financials_0626_.xlsx,MONTHLY STATS MOBILE,24.0,,,,https://www.mgc.dps.mo.gov/SportsWagering/sw_financials/FY26_SWFinReport/06_Jun/SW Monthly Financials 0626 .xlsx,https://www.mgc.dps.mo.gov/SportsWagering/sw_financials/rb_SWFin_main.html,MO/screenshots/MO_2026_10_SW_Monthly_Financials_0626_.png,2026-05-01 00:00:00 | 261586 | 16382540.44 | 15864330.9 | 518209.5399999991 | 51820.95399999991,"{""headers"": [""LICENSEE"", ""MO/YR"", ""WAGERS"", ""HANDLE"", """", ""DEDUCTIONS"", """", ""TAXABLE AGR"", ""WAGERING TAX""], ""rows"": [["""", ""2026-03-01 00:00:00"", ""414932"", ""23849790.15"", """", ""21808547.71"", """", ""2041242.4399999976"", ""204124.24399999977""], ["""", ""2026-04-01 00:00:00"", ""314814"", ""18072907.19"", """", ""17238273.54"", """", ""834633.6500000022"", ""83463.36500000022""], ["""", ""2026-05-01 00:00:00"", ""261586"", ""16382540.44"", """", ""15864330.9"", """", ""518209.5399999991"", ""51820.95399999991""], ["""", ""2026-06-01 00:00:00"", ""254467"", ""16170756.92"", """", ""15490811.77"", """", ""679945.1500000004"", ""67994.51""], ["""", """", """", """", """", """", """", """", """"]], ""highlight"": 2}",2026-10-06T01:46:30.419524
MO,2026-06-01,2026-06-30,monthly,BETMGM - MOBILE,BetMGM,BetMGM,Entain/MGM Resorts,online,,1617075692,67994515,122659864.0,50697168.0,67994515.0,1480822484.0,6799451.0,3968181.0,0.04204782456157284,30,False,False,SW_Monthly_Financials_0626_.xlsx,MONTHLY STATS MOBILE,25.0,,,,https://www.mgc.dps.mo.gov/SportsWagering/sw_financials/FY26_SWFinReport/06_Jun/SW Monthly Financials 0626 .xlsx,https://www.mgc.dps.mo.gov/SportsWagering/sw_financials/rb_SWFin_main.html,MO/screenshots/MO_2026_10_SW_Monthly_Financials_0626_.png,2026-06-01 00:00:00 | 254467 | 16170756.92 | 15490811.77 | 679945.1500000004 | 67994.51,"{""headers"": [""LICENSEE"", ""MO/YR"", ""WAGERS"", ""HANDLE"", """", ""DEDUCTIONS"", """", ""TAXABLE AGR"", ""WAGERING TAX""], ""rows"": [["""", ""2026-04-01 00:00:00"", ""314814"", ""18072907.19"", """", ""17238273.54"", """", ""834633.6500000022"", ""83463.36500000022""], ["""", ""2026-05-01 00:00:00"", ""261586"", ""16382540.44"", """", ""15864330.9"", """", ""518209.5399999991"", ""51820.95399999991""], ["""", ""2026-06-01 00:00:00"", ""254467"", ""16170756.92"", """", ""15490811.77"", """", ""679945.1500000004"", ""67994.51""], ["""", """", """", """", """", """", """", """", """"], [""TOTALS:"", """", ""2740759"", ""154704642.73999998"", """", ""149927920.15"", """", ""4776722.589999998"", ""477672.2539999998""]], ""highlight"": 2}",2026-10-06T01:46:30.419524
MO,2025-12-01,2025-12-31,monthly,CAESARS SPORTSBOOK - MOBILE,Caesars,Caesars,Caesars Entertainment,online,,1451263371,-1224780,,,-1224780.0,,0.0,,-0.0008439405448206548,31,False,False,SW_Monthly_Financials_0626_.xlsx,MONTHLY STATS MOBILE,29.0,,,,https://www.mgc.dps.mo.gov/SportsWagering/sw_financials/FY26_SWFinReport/06_Jun/SW Monthly Financials 0626 .xlsx,https://www.mgc.dps.mo.gov/SportsWagering/sw_financials/rb_SWFin_main.html,MO/screenshots/MO_2026_10_SW_Monthly_Financials_0626_.png,CAESARS SPORTSBOOK - MOBILE | 2025-12-01 00:00:00 | 367483 | 14512633.71 | 14524881.51 | -12247.799999998882 | 0,"{""headers"": [""LICENSEE"", ""MO/YR"", ""WAGERS"", ""HANDLE"", """", ""DEDUCTIONS"", """", ""TAXABLE AGR"", ""WAGERING TAX""], ""rows"": [[""TOTALS:"", """", ""2740759"", ""154704642.73999998"", """", ""149927920.15"", """", ""4776722.589999998"", ""477672.2539999998""], ["""", """", """", """", """", """", """", """", """"], [""CAESARS SPORTSBOOK - MOBILE"", ""2025-12-01 00:00:00"", ""367483"", ""14512633.71"", """", ""14524881.51"", """", ""-12247.799999998882"", ""0""], ["""", ""2026-01-01 00:00:00"", ""272114"", ""14053350.06"", """", ""13464801.96"", """", ""588548.0999999996"", ""58854.80999999997""], ["""", ""2026-02-01 00:00:00"", ""172379"", ""11904258.05"", """", ""11564580.05"", """", ""339678"", ""33967.8""]], ""highlight"": 2}",2026-10-06T01:46:30.419524
MO,2026-02-01,2026-02-28,monthly,CAESARS SPORTSBOOK - MOBILE,Caesars,Caesars,Caesars Entertainment,online,,1190425805,33967800,,,33967800.0,,3396780.0,,0.02853415967406721,28,False,False,SW_Monthly_Financials_0626_.xlsx,MONTHLY STATS MOBILE,31.0,,,,https://www.mgc.dps.mo.gov/SportsWagering/sw_financials/FY26_SWFinReport/06_Jun/SW Monthly Financials 0626 .xlsx,https://www.mgc.dps.mo.gov/SportsWagering/sw_financials/rb_SWFin_main.html,MO/screenshots/MO_2026_10_SW_Monthly_Financials_0626_.png,2026-02-01 00:00:00 | 172379 | 11904258.05 | 11564580.05 | 339678 | 33967.8,"{""headers"": [""LICENSEE"", ""MO/YR"", ""WAGERS"", ""HANDLE"", """", ""DEDUCTIONS"", """", ""TAXABLE AGR"", ""WAGERING TAX""], ""rows"": [[""CAESARS SPORTSBOOK - MOBILE"", ""2025-12-01 00:00:00"", ""367483"", ""14512633.71"", """", ""14524881.51"", """", ""-12247.799999998882"", ""0""], ["""", ""2026-01-01 00:00:00"", ""272114"", ""14053350.06"", """", ""13464801.96"", """", ""588548.0999999996"", ""58854.80999999997""], ["""", ""2026-02-01 00:00:00"", ""172379"", ""11904258.05"", """", ""11564580.05"", """", ""339678"", ""33967.8""], ["""", ""2026-03-01 00:00:00"", ""193589"", ""12618776.71"", """", ""11794211.89"", """", ""824564.8200000003"", ""82456.48200000003""], ["""", ""2026-04-01 00:00:00"", ""144472"", ""9084563.84"", """", ""8373449.15"", """", ""711114.6899999995"", ""71111.46899999995""]], ""highlight"": 2}",2026-10-06T01:46:30.419524
MO,2026-02-01,2026-02-28,monthly,BET365 - MOBILE,bet365,bet365,bet365 Group,online,,2044888443,-33250890,,,-33250890.0,,0.0,,-0.016260490939651713,28,False,False,SW_Monthly_Financials_0626_.xlsx,MONTHLY STATS MOBILE,11.0,,,,https://www.mgc.dps.mo.gov/SportsWagering/sw_financials/FY26_SWFinReport/06_Jun/SW Monthly Financials 0626 .xlsx,https://www.mgc.dps.mo.gov/SportsWagering/sw_financials/rb_SWFin_main.html,MO/screenshots/MO_2026_10_SW_Monthly_Financials_0626_.png,2026-02-01 00:00:00 | 1067845 | 20448884.43 | 20781393.33 | -332508.8999999985 | 0,"{""headers"": [""LICENSEE"", ""MO/YR"", ""WAGERS"", ""HANDLE"", """", ""DEDUCTIONS"", """", ""TAXABLE AGR"", ""WAGERING TAX""], ""rows"": [[""BET365 - MOBILE"", ""2025-12-01 00:00:00"", ""2888070"", ""57790274.27"", """", ""53955821.37"", """", ""3834452.900000006"", ""383445.2900000006""], ["""", ""2026-01-01 00:00:00"", ""1934170"", ""34032785.78"", """", ""35286153.55"", """", ""-1253367.7699999958"", ""0""], ["""", ""2026-02-01 00:00:00"", ""1067845"", ""20448884.43"", """", ""20781393.33"", """", ""-332508.8999999985"", ""0""], ["""", ""2026-03-01 00:00:00"", ""1195670"", ""27196267.15"", """", ""26389194.59"", """", ""807072.5599999987"", ""80707.25599999988""], ["""", ""2026-04-01 00:00:00"", ""988073"", ""22182014.78"", """", ""21068403.15"", """", ""1113611.6300000027"", ""111361.16300000028""]], ""highlight"": 2}",2026-10-06T01:46:30.419524
MO,2026-03-01,2026-03-31,monthly,CAESARS SPORTSBOOK - MOBILE,Caesars,Caesars,Caesars Entertainment,online,,1261877671,82456482,,,82456482.0,,8245648.0,,0.06534427535646599,31,False,False,SW_Monthly_Financials_0626_.xlsx,MONTHLY STATS MOBILE,32.0,,,,https://www.mgc.dps.mo.gov/SportsWagering/sw_financials/FY26_SWFinReport/06_Jun/SW Monthly Financials 0626 .xlsx,https://www.mgc.dps.mo.gov/SportsWagering/sw_financials/rb_SWFin_main.html,MO/screenshots/MO_2026_10_SW_Monthly_Financials_0626_.png,2026-03-01 00:00:00 | 193589 | 12618776.71 | 11794211.89 | 824564.8200000003 | 82456.48200000003,"{""headers"": [""LICENSEE"", ""MO/YR"", ""WAGERS"", ""HANDLE"", """", ""DEDUCTIONS"", """", ""TAXABLE AGR"", ""WAGERING TAX""], ""rows"": [["""", ""2026-01-01 00:00:00"", ""272114"", ""14053350.06"", """", ""13464801.96"", """", ""588548.0999999996"", ""58854.80999999997""], ["""", ""2026-02-01 00:00:00"", ""172379"", ""11904258.05"", """", ""11564580.05"", """", ""339678"", ""33967.8""], ["""", ""2026-03-01 00:00:00"", ""193589"", ""12618776.71"", """", ""11794211.89"", """", ""824564.8200000003"", ""82456.48200000003""], ["""", ""2026-04-01 00:00:00"", ""144472"", ""9084563.84"", """", ""8373449.15"", """", ""711114.6899999995"", ""71111.46899999995""], ["""", ""2026-05-01 00:00:00"", ""131124"", ""12316779.54"", """", ""11703345.79"", """", ""613433.75"", ""61343.375""]], ""highlight"": 2}",2026-10-06T01:46:30.419524
MO,2026-04-01,2026-04-30,monthly,CAESARS SPORTSBOOK - MOBILE,Caesars,Caesars,Caesars Entertainment,online,,908456384,71111469,,,71111469.0,,7111147.0,,0.078277251668254,30,False,False,SW_Monthly_Financials_0626_.xlsx,MONTHLY STATS MOBILE,33.0,,,,https://www.mgc.dps.mo.gov/SportsWagering/sw_financials/FY26_SWFinReport/06_Jun/SW Monthly Financials 0626 .xlsx,https://www.mgc.dps.mo.gov/SportsWagering/sw_financials/rb_SWFin_main.html,MO/screenshots/MO_2026_10_SW_Monthly_Financials_0626_.png,2026-04-01 00:00:00 | 144472 | 9084563.84 | 8373449.15 | 711114.6899999995 | 71111.46899999995,"{""headers"": [""LICENSEE"", ""MO/YR"", ""WAGERS"", ""HANDLE"", """", ""DEDUCTIONS"", """", ""TAXABLE AGR"", ""WAGERING TAX""], ""rows"": [["""", ""2026-02-01 00:00:00"", ""172379"", ""11904258.05"", """", ""11564580.05"", """", ""339678"", ""33967.8""], ["""", ""2026-03-01 00:00:00"", ""193589"", ""12618776.71"", """", ""11794211.89"", """", ""824564.8200000003"", ""82456.48200000003""], ["""", ""2026-04-01 00:00:00"", ""144472"", ""9084563.84"", """", ""8373449.15"", """", ""711114.6899999995"", ""71111.46899999995""], ["""", ""2026-05-01 00:00:00"", ""131124"", ""12316779.54"", """", ""11703345.79"", """", ""613433.75"", ""61343.375""], ["""", ""2026-06-01 00:00:00"", ""129865"", ""9284982.45"", """", ""8372175.78"", """", ""912806.669999999"", ""91280.6669999999""]], ""highlight"": 2}",2026-10-06T01:46:30.419524
MO,2026-05-01,2026-05-31,monthly,CAESARS SPORTSBOOK - MOBILE,Caesars,Caesars,Caesars Entertainment,online,,1231677954,61343375,,,61343375.0,,6134338.0,,0.049804719489198554,31,False,False,SW_Monthly_Financials_0626_.xlsx,MONTHLY STATS MOBILE,34.0,,,,https://www.mgc.dps.mo.gov/SportsWagering/sw_financials/FY26_SWFinReport/06_Jun/SW Monthly Financials 0626 .xlsx,https://www.mgc.dps.mo.gov/SportsWagering/sw_financials/rb_SWFin_main.html,MO/screenshots/MO_2026_10_SW_Monthly_Financials_0626_.png,2026-05-01 00:00:00 | 131124 | 12316779.54 | 11703345.79 | 613433.75 | 61343.375,"{""headers"": [""LICENSEE"", ""MO/YR"", ""WAGERS"", ""HANDLE"", """", ""DEDUCTIONS"", """", ""TAXABLE AGR"", ""WAGERING TAX""], ""rows"": [["""", ""2026-03-01 00:00:00"", ""193589"", ""12618776.71"", """", ""11794211.89"", """", ""824564.8200000003"", ""82456.48200000003""], ["""", ""2026-04-01 00:00:00"", ""144472"", ""9084563.84"", """", ""8373449.15"", """", ""711114.6899999995"", ""71111.46899999995""], ["""", ""2026-05-01 00:00:00"", ""131124"", ""12316779.54"", """", ""11703345.79"", """", ""613433.75"", ""61343.375""], ["""", ""2026-06-01 00:00:00"", ""129865"", ""9284982.45"", """", ""8372175.78"", """", ""912806.669999999"", ""91280.6669999999""], ["""", """", """", """", """", """", """", """", """"]], ""highlight"": 2}",2026-10-06T01:46:30.419524
MO,2026-06-01,2026-06-30,monthly,CAESARS SPORTSBOOK - MOBILE,Caesars,Caesars,Caesars Entertainment,online,,928498245,91280667,109412527.0,15110092.0,91280667.0,812755000.0,9128067.0,3021768.0,0.09831000488320794,30,False,False,SW_Monthly_Financials_0626_.xlsx,MONTHLY STATS MOBILE,35.0,,,,https://www.mgc.dps.mo.gov/SportsWagering/sw_financials/FY26_SWFinReport/06_Jun/SW Monthly Financials 0626 .xlsx,https://www.mgc.dps.mo.gov/SportsWagering/sw_financials/rb_SWFin_main.html,MO/screenshots/MO_2026_10_SW_Monthly_Financials_0626_.png,2026-06-01 00:00:00 | 129865 | 9284982.45 | 8372175.78 | 912806.669999999 | 91280.6669999999,"{""headers"": [""LICENSEE"", ""MO/YR"", ""WAGERS"", ""HANDLE"", """", ""DEDUCTIONS"", """", ""TAXABLE AGR"", ""WAGERING TAX""], ""rows"": [["""", ""2026-04-01 00:00:00"", ""144472"", ""9084563.84"", """", ""8373449.15"", """", ""711114.6899999995"", ""71111.46899999995""], ["""", ""2026-05-01 00:00:00"", ""131124"", ""12316779.54"", """", ""11703345.79"", """", ""613433.75"", ""61343.375""], ["""", ""2026-06-01 00:00:00"", ""129865"", ""9284982.45"", """", ""8372175.78"", """", ""912806.669999999"", ""91280.6669999999""], ["""", """", """", """", """", """", """", """", """"], [""TOTALS:"", """", ""1411026"", ""83775344.36"", """", ""79797446.13"", """", ""3977898.2299999995"", ""399014.6029999999""]], ""highlight"": 2}",2026-10-06T01:46:30.419524
MO,2025-12-01,2025-12-31,monthly,CIRCA SPORTS - MOBILE,Circa Sports,Circa Sports,Circa Resort & Casino,online,,142540663,11739350,,,11739350.0,,1173935.0,,0.082357902320126,31,False,False,SW_Monthly_Financials_0626_.xlsx,MONTHLY STATS MOBILE,39.0,,,,https://www.mgc.dps.mo.gov/SportsWagering/sw_financials/FY26_SWFinReport/06_Jun/SW Monthly Financials 0626 .xlsx,https://www.mgc.dps.mo.gov/SportsWagering/sw_financials/rb_SWFin_main.html,MO/screenshots/MO_2026_10_SW_Monthly_Financials_0626_.png,CIRCA SPORTS - MOBILE | 2025-12-01 00:00:00 | 8186 | 1425406.63 | 1308013.13 | 117393.5 | 11739.35,"{""headers"": [""LICENSEE"", ""MO/YR"", ""WAGERS"", ""HANDLE"", """", ""DEDUCTIONS"", """", ""TAXABLE AGR"", ""WAGERING TAX""], ""rows"": [[""TOTALS:"", """", ""1411026"", ""83775344.36"", """", ""79797446.13"", """", ""3977898.2299999995"", ""399014.6029999999""], ["""", """", """", """", """", """", """", """", """"], [""CIRCA SPORTS - MOBILE"", ""2025-12-01 00:00:00"", ""8186"", ""1425406.63"", """", ""1308013.13"", """", ""117393.5"", ""11739.35""], ["""", ""2026-01-01 00:00:00"", ""9011"", ""1524090.46"", """", ""1430923.97"", """", ""93166.48999999999"", ""9316.649""], ["""", ""2026-02-01 00:00:00"", ""6302"", ""1361055.01"", """", ""1304227.6"", """", ""56827.409999999916"", ""5682.740999999992""]], ""highlight"": 2}",2026-10-06T01:46:30.419524
MO,2026-01-01,2026-01-31,monthly,CIRCA SPORTS - MOBILE,Circa Sports,Circa Sports,Circa Resort & Casino,online,,152409046,9316649,,,9316649.0,,931665.0,,0.06112923900855596,31,False,False,SW_Monthly_Financials_0626_.xlsx,MONTHLY STATS MOBILE,40.0,,,,https://www.mgc.dps.mo.gov/SportsWagering/sw_financials/FY26_SWFinReport/06_Jun/SW Monthly Financials 0626 .xlsx,https://www.mgc.dps.mo.gov/SportsWagering/sw_financials/rb_SWFin_main.html,MO/screenshots/MO_2026_10_SW_Monthly_Financials_0626_.png,2026-01-01 00:00:00 | 9011 | 1524090.46 | 1430923.97 | 93166.48999999999 | 9316.649,"{""headers"": [""LICENSEE"", ""MO/YR"", ""WAGERS"", ""HANDLE"", """", ""DEDUCTIONS"", """", ""TAXABLE AGR"", ""WAGERING TAX""], ""rows"": [["""", """", """", """", """", """", """", """", """"], [""CIRCA SPORTS - MOBILE"", ""2025-12-01 00:00:00"", ""8186"", ""1425406.63"", """", ""1308013.13"", """", ""117393.5"", ""11739.35""], ["""", ""2026-01-01 00:00:00"", ""9011"", ""1524090.46"", """", ""1430923.97"", """", ""93166.48999999999"", ""9316.649""], ["""", ""2026-02-01 00:00:00"", ""6302"", ""1361055.01"", """", ""1304227.6"", """", ""56827.409999999916"", ""5682.740999999992""], ["""", ""2026-03-01 00:00:00"", ""11631"", ""1886835.82"", """", ""1758874.93"", """", ""127960.89000000013"", ""12796.089000000014""]], ""highlight"": 2}",2026-10-06T01:46:30.419524
MO,2026-02-01,2026-02-28,monthly,CIRCA SPORTS - MOBILE,Circa Sports,Circa Sports,Circa Resort & Casino,online,,136105501,5682741,,,5682741.0,,568274.0,,0.04175247112164849,28,False,False,SW_Monthly_Financials_0626_.xlsx,MONTHLY STATS MOBILE,41.0,,,,https://www.mgc.dps.mo.gov/SportsWagering/sw_financials/FY26_SWFinReport/06_Jun/SW Monthly Financials 0626 .xlsx,https://www.mgc.dps.mo.gov/SportsWagering/sw_financials/rb_SWFin_main.html,MO/screenshots/MO_2026_10_SW_Monthly_Financials_0626_.png,2026-02-01 00:00:00 | 6302 | 1361055.01 | 1304227.6 | 56827.409999999916 | 5682.740999999992,"{""headers"": [""LICENSEE"", ""MO/YR"", ""WAGERS"", ""HANDLE"", """", ""DEDUCTIONS"", """", ""TAXABLE AGR"", ""WAGERING TAX""], ""rows"": [[""CIRCA SPORTS - MOBILE"", ""2025-12-01 00:00:00"", ""8186"", ""1425406.63"", """", ""1308013.13"", """", ""117393.5"", ""11739.35""], ["""", ""2026-01-01 00:00:00"", ""9011"", ""1524090.46"", """", ""1430923.97"", """", ""93166.48999999999"", ""9316.649""], ["""", ""2026-02-01 00:00:00"", ""6302"", ""1361055.01"", """", ""1304227.6"", """", ""56827.409999999916"", ""5682.740999999992""], ["""", ""2026-03-01 00:00:00"", ""11631"", ""1886835.82"", """", ""1758874.93"", """", ""127960.89000000013"", ""12796.089000000014""], ["""", ""2026-04-01 00:00:00"", ""9508"", ""1594704.61"", """", ""1487330.1"", """", ""107374.51000000001"", ""10737.451000000001""]], ""highlight"": 2}",2026-10-06T01:46:30.419524
MO,2026-03-01,2026-03-31,monthly,CIRCA SPORTS - MOBILE,Circa Sports,Circa Sports,Circa Resort & Casino,online,,188683582,12796089,,,12796089.0,,1279609.0,,0.06781771293699523,31,False,False,SW_Monthly_Financials_0626_.xlsx,MONTHLY STATS MOBILE,42.0,,,,https://www.mgc.dps.mo.gov/SportsWagering/sw_financials/FY26_SWFinReport/06_Jun/SW Monthly Financials 0626 .xlsx,https://www.mgc.dps.mo.gov/SportsWagering/sw_financials/rb_SWFin_main.html,MO/screenshots/MO_2026_10_SW_Monthly_Financials_0626_.png,2026-03-01 00:00:00 | 11631 | 1886835.82 | 1758874.93 | 127960.89000000013 | 12796.089000000014,"{""headers"": [""LICENSEE"", ""MO/YR"", ""WAGERS"", ""HANDLE"", """", ""DEDUCTIONS"", """", ""TAXABLE AGR"", ""WAGERING TAX""], ""rows"": [["""", ""2026-01-01 00:00:00"", ""9011"", ""1524090.46"", """", ""1430923.97"", """", ""93166.48999999999"", ""9316.649""], ["""", ""2026-02-01 00:00:00"", ""6302"", ""1361055.01"", """", ""1304227.6"", """", ""56827.409999999916"", ""5682.740999999992""], ["""", ""2026-03-01 00:00:00"", ""11631"", ""1886835.82"", """", ""1758874.93"", """", ""127960.89000000013"", ""12796.089000000014""], ["""", ""2026-04-01 00:00:00"", ""9508"", ""1594704.61"", """", ""1487330.1"", """", ""107374.51000000001"", ""10737.451000000001""], ["""", ""2026-05-01 00:00:00"", ""8638"", ""1735967.22"", """", ""1803878.02"", """", ""-67910.80000000005"", ""0""]], ""highlight"": 2}",2026-10-06T01:46:30.419524
MO,2026-04-01,2026-04-30,monthly,CIRCA SPORTS - MOBILE,Circa Sports,Circa Sports,Circa Resort & Casino,online,,159470461,10737451,,,10737451.0,,1073745.0,,0.06733191170746035,30,False,False,SW_Monthly_Financials_0626_.xlsx,MONTHLY STATS MOBILE,43.0,,,,https://www.mgc.dps.mo.gov/SportsWagering/sw_financials/FY26_SWFinReport/06_Jun/SW Monthly Financials 0626 .xlsx,https://www.mgc.dps.mo.gov/SportsWagering/sw_financials/rb_SWFin_main.html,MO/screenshots/MO_2026_10_SW_Monthly_Financials_0626_.png,2026-04-01 00:00:00 | 9508 | 1594704.61 | 1487330.1 | 107374.51000000001 | 10737.451000000001,"{""headers"": [""LICENSEE"", ""MO/YR"", ""WAGERS"", ""HANDLE"", """", ""DEDUCTIONS"", """", ""TAXABLE AGR"", ""WAGERING TAX""], ""rows"": [["""", ""2026-02-01 00:00:00"", ""6302"", ""1361055.01"", """", ""1304227.6"", """", ""56827.409999999916"", ""5682.740999999992""], ["""", ""2026-03-01 00:00:00"", ""11631"", ""1886835.82"", """", ""1758874.93"", """", ""127960.89000000013"", ""12796.089000000014""], ["""", ""2026-04-01 00:00:00"", ""9508"", ""1594704.61"", """", ""1487330.1"", """", ""107374.51000000001"", ""10737.451000000001""], ["""", ""2026-05-01 00:00:00"", ""8638"", ""1735967.22"", """", ""1803878.02"", """", ""-67910.80000000005"", ""0""], ["""", ""2026-06-01 00:00:00"", ""15297"", ""2188735.06"", """", ""2254140.19"", """", ""-65405.12999999989"", ""0""]], ""highlight"": 2}",2026-10-06T01:46:30.419524
MO,2026-05-01,2026-05-31,monthly,CIRCA SPORTS - MOBILE,Circa Sports,Circa Sports,Circa Resort & Casino,online,,173596722,-6791080,,,-6791080.0,,0.0,,-0.03911986310432751,31,False,False,SW_Monthly_Financials_0626_.xlsx,MONTHLY STATS MOBILE,44.0,,,,https://www.mgc.dps.mo.gov/SportsWagering/sw_financials/FY26_SWFinReport/06_Jun/SW Monthly Financials 0626 .xlsx,https://www.mgc.dps.mo.gov/SportsWagering/sw_financials/rb_SWFin_main.html,MO/screenshots/MO_2026_10_SW_Monthly_Financials_0626_.png,2026-05-01 00:00:00 | 8638 | 1735967.22 | 1803878.02 | -67910.80000000005 | 0,"{""headers"": [""LICENSEE"", ""MO/YR"", ""WAGERS"", ""HANDLE"", """", ""DEDUCTIONS"", """", ""TAXABLE AGR"", ""WAGERING TAX""], ""rows"": [["""", ""2026-03-01 00:00:00"", ""11631"", ""1886835.82"", """", ""1758874.93"", """", ""127960.89000000013"", ""12796.089000000014""], ["""", ""2026-04-01 00:00:00"", ""9508"", ""1594704.61"", """", ""1487330.1"", """", ""107374.51000000001"", ""10737.451000000001""], ["""", ""2026-05-01 00:00:00"", ""8638"", ""1735967.22"", """", ""1803878.02"", """", ""-67910.80000000005"", ""0""], ["""", ""2026-06-01 00:00:00"", ""15297"", ""2188735.06"", """", ""2254140.19"", """", ""-65405.12999999989"", ""0""], ["""", """", """", """", """", """", """", """", """"]], ""highlight"": 2}",2026-10-06T01:46:30.419524
MO,2026-06-01,2026-06-30,monthly,CIRCA SPORTS - MOBILE,Circa Sports,Circa Sports,Circa Resort & Casino,online,,218873506,-6540513,680821.0,0.0,-6540513.0,215572539.0,0.0,430254.0,-0.02988261630898351,30,False,False,SW_Monthly_Financials_0626_.xlsx,MONTHLY STATS MOBILE,45.0,,,,https://www.mgc.dps.mo.gov/SportsWagering/sw_financials/FY26_SWFinReport/06_Jun/SW Monthly Financials 0626 .xlsx,https://www.mgc.dps.mo.gov/SportsWagering/sw_financials/rb_SWFin_main.html,MO/screenshots/MO_2026_10_SW_Monthly_Financials_0626_.png,2026-06-01 00:00:00 | 15297 | 2188735.06 | 2254140.19 | -65405.12999999989 | 0,"{""headers"": [""LICENSEE"", ""MO/YR"", ""WAGERS"", ""HANDLE"", """", ""DEDUCTIONS"", """", ""TAXABLE AGR"", ""WAGERING TAX""], ""rows"": [["""", ""2026-04-01 00:00:00"", ""9508"", ""1594704.61"", """", ""1487330.1"", """", ""107374.51000000001"", ""10737.451000000001""], ["""", ""2026-05-01 00:00:00"", ""8638"", ""1735967.22"", """", ""1803878.02"", """", ""-67910.80000000005"", ""0""], ["""", ""2026-06-01 00:00:00"", ""15297"", ""2188735.06"", """", ""2254140.19"", """", ""-65405.12999999989"", ""0""], ["""", """", """", """", """", """", """", """", """"], [""TOTALS:"", """", ""68573"", ""11716794.81"", """", ""11347387.94"", """", ""369406.8700000001"", ""50272.280000000006""]], ""highlight"": 2}",2026-10-06T01:46:30.419524
MO,2026-03-01,2026-03-31,monthly,BET365 - MOBILE,bet365,bet365,bet365 Group,online,,2719626715,80707256,,,80707256.0,,8070726.0,,0.02967585792375922,31,False,False,SW_Monthly_Financials_0626_.xlsx,MONTHLY STATS MOBILE,12.0,,,,https://www.mgc.dps.mo.gov/SportsWagering/sw_financials/FY26_SWFinReport/06_Jun/SW Monthly Financials 0626 .xlsx,https://www.mgc.dps.mo.gov/SportsWagering/sw_financials/rb_SWFin_main.html,MO/screenshots/MO_2026_10_SW_Monthly_Financials_0626_.png,2026-03-01 00:00:00 | 1195670 | 27196267.15 | 26389194.59 | 807072.5599999987 | 80707.25599999988,"{""headers"": [""LICENSEE"", ""MO/YR"", ""WAGERS"", ""HANDLE"", """", ""DEDUCTIONS"", """", ""TAXABLE AGR"", ""WAGERING TAX""], ""rows"": [["""", ""2026-01-01 00:00:00"", ""1934170"", ""34032785.78"", """", ""35286153.55"", """", ""-1253367.7699999958"", ""0""], ["""", ""2026-02-01 00:00:00"", ""1067845"", ""20448884.43"", """", ""20781393.33"", """", ""-332508.8999999985"", ""0""], ["""", ""2026-03-01 00:00:00"", ""1195670"", ""27196267.15"", """", ""26389194.59"", """", ""807072.5599999987"", ""80707.25599999988""], ["""", ""2026-04-01 00:00:00"", ""988073"", ""22182014.78"", """", ""21068403.15"", """", ""1113611.6300000027"", ""111361.16300000028""], ["""", ""2026-05-01 00:00:00"", ""872641"", ""18485678.09"", """", ""17120509.48"", """", ""1365168.6099999994"", ""136516.86099999995""]], ""highlight"": 2}",2026-10-06T01:46:30.419524
MO,2026-01-01,2026-01-31,monthly,BET365 - MOBILE,bet365,bet365,bet365 Group,online,,3403278578,-125336777,,,-125336777.0,,0.0,,-0.036828244919537706,31,False,False,SW_Monthly_Financials_0626_.xlsx,MONTHLY STATS MOBILE,10.0,,,,https://www.mgc.dps.mo.gov/SportsWagering/sw_financials/FY26_SWFinReport/06_Jun/SW Monthly Financials 0626 .xlsx,https://www.mgc.dps.mo.gov/SportsWagering/sw_financials/rb_SWFin_main.html,MO/screenshots/MO_2026_10_SW_Monthly_Financials_0626_.png,2026-01-01 00:00:00 | 1934170 | 34032785.78 | 35286153.55 | -1253367.7699999958 | 0,"{""headers"": [""LICENSEE"", ""MO/YR"", ""WAGERS"", ""HANDLE"", """", ""DEDUCTIONS"", """", ""TAXABLE AGR"", ""WAGERING TAX""], ""rows"": [["""", """", """", """", """", """", """", """", """"], [""BET365 - MOBILE"", ""2025-12-01 00:00:00"", ""2888070"", ""57790274.27"", """", ""53955821.37"", """", ""3834452.900000006"", ""383445.2900000006""], ["""", ""2026-01-01 00:00:00"", ""1934170"", ""34032785.78"", """", ""35286153.55"", """", ""-1253367.7699999958"", ""0""], ["""", ""2026-02-01 00:00:00"", ""1067845"", ""20448884.43"", """", ""20781393.33"", """", ""-332508.8999999985"", ""0""], ["""", ""2026-03-01 00:00:00"", ""1195670"", ""27196267.15"", """", ""26389194.59"", """", ""807072.5599999987"", ""80707.25599999988""]], ""highlight"": 2}",2026-10-06T01:46:30.419524
MO,2026-01-01,2026-01-31,monthly,DRAFTKINGS -  MOBILE,DraftKings,DraftKings,DraftKings Inc,online,,14439217129,-371777587,,,-371777587.0,,0.0,,-0.025747766217415955,31,False,False,SW_Monthly_Financials_0626_.xlsx,MONTHLY STATS MOBILE,50.0,,,,https://www.mgc.dps.mo.gov/SportsWagering/sw_financials/FY26_SWFinReport/06_Jun/SW Monthly Financials 0626 .xlsx,https://www.mgc.dps.mo.gov/SportsWagering/sw_financials/rb_SWFin_main.html,MO/screenshots/MO_2026_10_SW_Monthly_Financials_0626_.png,2026-01-01 00:00:00 | 6053909 | 144392171.29 | 148109947.16 | -3717775.870000005 | 0,"{""headers"": [""LICENSEE"", ""MO/YR"", ""WAGERS"", ""HANDLE"", """", ""DEDUCTIONS"", """", ""TAXABLE AGR"", ""WAGERING TAX""], ""rows"": [["""", """", """", """", """", """", """", """", """"], [""DRAFTKINGS -  MOBILE"", ""2025-12-01 00:00:00"", ""12046037"", ""195325842.6"", """", ""212240980.97"", """", ""-16915138.370000005"", ""0""], ["""", ""2026-01-01 00:00:00"", ""6053909"", ""144392171.29"", """", ""148109947.16"", """", ""-3717775.870000005"", ""0""], ["""", ""2026-02-01 00:00:00"", ""3805050"", ""104914982.56"", """", ""100103567.16000001"", """", ""4811415.399999991"", ""481141.5399999991""], ["""", ""2026-03-01 00:00:00"", ""3986199"", ""118565365.39"", """", ""108739041.97"", """", ""9826323.420000002"", ""982632.3420000002""]], ""highlight"": 2}",2026-10-06T01:46:30.419524
MO,2026-01-01,2026-01-31,monthly,HOLLYWOOD CASINO - RETAIL,Hollywood Casino,Caesars,PENN Entertainment,retail,,89634026,13694065,,,13694065.0,,1369407.0,,0.1527775289263477,31,False,False,SW_Monthly_Financials_0626_.xlsx,MONTHLY STATS RETAIL,70.0,,,,https://www.mgc.dps.mo.gov/SportsWagering/sw_financials/FY26_SWFinReport/06_Jun/SW Monthly Financials 0626 .xlsx,https://www.mgc.dps.mo.gov/SportsWagering/sw_financials/rb_SWFin_main.html,MO/screenshots/MO_2026_10_SW_Monthly_Financials_0626_.png,2026-01-01 00:00:00 | 9908 | 896340.26 | 759399.61 | 136940.65000000002 | 13694.065000000002,"{""headers"": [""LICENSEE"", ""MO/YR"", ""WAGERS"", ""HANDLE"", """", ""DEDUCTIONS"", """", ""TAXABLE AGR"", ""WAGERING TAX""], ""rows"": [["""", """", """", """", """", """", """", """", """"], [""HOLLYWOOD CASINO - RETAIL"", ""2025-12-01 00:00:00"", ""8354"", ""633078.27"", """", ""474107.91"", """", ""158970.36000000004"", ""15897.036000000006""], ["""", ""2026-01-01 00:00:00"", ""9908"", ""896340.26"", """", ""759399.61"", """", ""136940.65000000002"", ""13694.065000000002""], ["""", ""2026-02-01 00:00:00"", ""8937"", ""1004486.11"", """", ""922847.83"", """", ""81638.28000000003"", ""8163.828000000003""], ["""", ""2026-03-01 00:00:00"", ""11700"", ""1567864.61"", """", ""1421524.21"", """", ""146340.40000000014"", ""14634.040000000015""]], ""highlight"": 2}",2026-10-06T01:46:30.419524
MO,2026-04-01,2026-04-30,monthly,FANATICS-AMERISTAR KC - RETAIL,Fanatics (Ameristar KC),Fanatics,Fanatics Inc,retail,,23937364,2942640,,,2942640.0,,294264.0,,0.12293082897515366,30,False,False,SW_Monthly_Financials_0626_.xlsx,MONTHLY STATS RETAIL,53.0,,,,https://www.mgc.dps.mo.gov/SportsWagering/sw_financials/FY26_SWFinReport/06_Jun/SW Monthly Financials 0626 .xlsx,https://www.mgc.dps.mo.gov/SportsWagering/sw_financials/rb_SWFin_main.html,MO/screenshots/MO_2026_10_SW_Monthly_Financials_0626_.png,2026-04-01 00:00:00 | 4605 | 239373.64 | 209947.24 | 29426.400000000023 | 2942.6400000000026,"{""headers"": [""LICENSEE"", ""MO/YR"", ""WAGERS"", ""HANDLE"", """", ""DEDUCTIONS"", """", ""TAXABLE AGR"", ""WAGERING TAX""], ""rows"": [["""", ""2026-02-01 00:00:00"", ""4612"", ""270887.78"", """", ""199958.35"", """", ""70929.43000000002"", ""7092.943000000003""], ["""", ""2026-03-01 00:00:00"", ""7443"", ""360071.97"", """", ""306046.14"", """", ""54025.82999999996"", ""5402.582999999996""], ["""", ""2026-04-01 00:00:00"", ""4605"", ""239373.64"", """", ""209947.24"", """", ""29426.400000000023"", ""2942.6400000000026""], ["""", ""2026-05-01 00:00:00"", ""5872"", ""315336.84"", """", ""259597.3"", """", ""55739.54000000004"", ""5573.954000000004""], ["""", ""2026-06-01 00:00:00"", ""5849"", ""356723.01"", """", ""252415.22"", """", ""104307.79000000001"", ""10430.779000000002""]], ""highlight"": 2}",2026-10-06T01:46:30.419524
MO,2026-05-01,2026-05-31,monthly,FANATICS-AMERISTAR KC - RETAIL,Fanatics (Ameristar KC),Fanatics,Fanatics Inc,retail,,31533684,5573954,,,5573954.0,,557395.0,,0.17676190323972296,31,False,False,SW_Monthly_Financials_0626_.xlsx,MONTHLY STATS RETAIL,54.0,,,,https://www.mgc.dps.mo.gov/SportsWagering/sw_financials/FY26_SWFinReport/06_Jun/SW Monthly Financials 0626 .xlsx,https://www.mgc.dps.mo.gov/SportsWagering/sw_financials/rb_SWFin_main.html,MO/screenshots/MO_2026_10_SW_Monthly_Financials_0626_.png,2026-05-01 00:00:00 | 5872 | 315336.84 | 259597.3 | 55739.54000000004 | 5573.954000000004,"{""headers"": [""LICENSEE"", ""MO/YR"", ""WAGERS"", ""HANDLE"", """", ""DEDUCTIONS"", """", ""TAXABLE AGR"", ""WAGERING TAX""], ""rows"": [["""", ""2026-03-01 00:00:00"", ""7443"", ""360071.97"", """", ""306046.14"", """", ""54025.82999999996"", ""5402.582999999996""], ["""", ""2026-04-01 00:00:00"", ""4605"", ""239373.64"", """", ""209947.24"", """", ""29426.400000000023"", ""2942.6400000000026""], ["""", ""2026-05-01 00:00:00"", ""5872"", ""315336.84"", """", ""259597.3"", """", ""55739.54000000004"", ""5573.954000000004""], ["""", ""2026-06-01 00:00:00"", ""5849"", ""356723.01"", """", ""252415.22"", """", ""104307.79000000001"", ""10430.779000000002""], ["""", """", """", """", """", """", """", """", """"]], ""highlight"": 2}",2026-10-06T01:46:30.419524
MO,2026-06-01,2026-06-30,monthly,FANATICS-AMERISTAR KC - RETAIL,Fanatics (Ameristar KC),Fanatics,Fanatics Inc,retail,,35672301,10430779,,,10430779.0,,1043078.0,,0.29240555578402416,30,False,False,SW_Monthly_Financials_0626_.xlsx,MONTHLY STATS RETAIL,55.0,,,,https://www.mgc.dps.mo.gov/SportsWagering/sw_financials/FY26_SWFinReport/06_Jun/SW Monthly Financials 0626 .xlsx,https://www.mgc.dps.mo.gov/SportsWagering/sw_financials/rb_SWFin_main.html,MO/screenshots/MO_2026_10_SW_Monthly_Financials_0626_.png,2026-06-01 00:00:00 | 5849 | 356723.01 | 252415.22 | 104307.79000000001 | 10430.779000000002,"{""headers"": [""LICENSEE"", ""MO/YR"", ""WAGERS"", ""HANDLE"", """", ""DEDUCTIONS"", """", ""TAXABLE AGR"", ""WAGERING TAX""], ""rows"": [["""", ""2026-04-01 00:00:00"", ""4605"", ""239373.64"", """", ""209947.24"", """", ""29426.400000000023"", ""2942.6400000000026""], ["""", ""2026-05-01 00:00:00"", ""5872"", ""315336.84"", """", ""259597.3"", """", ""55739.54000000004"", ""5573.954000000004""], ["""", ""2026-06-01 00:00:00"", ""5849"", ""356723.01"", """", ""252415.22"", """", ""104307.79000000001"", ""10430.779000000002""], ["""", """", """", """", """", """", """", """", """"], [""TOTALS:"", """", ""40975"", ""2152532.52"", """", ""1658633.6400000001"", """", ""493898.88"", ""49389.888000000006""]], ""highlight"": 2}",2026-10-06T01:46:30.419524
MO,2025-12-01,2025-12-31,monthly,FANATICS - AMERISTAR SC - RETAIL,Fanatics (Ameristar SC),Fanatics,Fanatics Inc,retail,,82714670,13609369,,,13609369.0,,1360937.0,,0.16453392125000318,31,False,False,SW_Monthly_Financials_0626_.xlsx,MONTHLY STATS RETAIL,59.0,,,,https://www.mgc.dps.mo.gov/SportsWagering/sw_financials/FY26_SWFinReport/06_Jun/SW Monthly Financials 0626 .xlsx,https://www.mgc.dps.mo.gov/SportsWagering/sw_financials/rb_SWFin_main.html,MO/screenshots/MO_2026_10_SW_Monthly_Financials_0626_.png,FANATICS - AMERISTAR SC - RETAIL | 2025-12-01 00:00:00 | 8463 | 827146.7 | 691053.01 | 136093.68999999994 | 13609.368999999995,"{""headers"": [""LICENSEE"", ""MO/YR"", ""WAGERS"", ""HANDLE"", """", ""DEDUCTIONS"", """", ""TAXABLE AGR"", ""WAGERING TAX""], ""rows"": [[""TOTALS:"", """", ""40975"", ""2152532.52"", """", ""1658633.6400000001"", """", ""493898.88"", ""49389.888000000006""], ["""", """", """", """", """", """", """", """", """"], [""FANATICS - AMERISTAR SC - RETAIL"", ""2025-12-01 00:00:00"", ""8463"", ""827146.7"", """", ""691053.01"", """", ""136093.68999999994"", ""13609.368999999995""], ["""", ""2026-01-01 00:00:00"", ""7602"", ""552354.89"", """", ""506664.5"", """", ""45690.390000000014"", ""4569.039000000002""], ["""", ""2026-02-01 00:00:00"", ""5249"", ""426010.36"", """", ""446576.39"", """", ""-20566.030000000028"", ""0""]], ""highlight"": 2}",2026-10-06T01:46:30.419524
MO,2026-01-01,2026-01-31,monthly,FANATICS - AMERISTAR SC - RETAIL,Fanatics (Ameristar SC),Fanatics,Fanatics Inc,retail,,55235489,4569039,,,4569039.0,,456904.0,,0.0827192640586562,31,False,False,SW_Monthly_Financials_0626_.xlsx,MONTHLY STATS RETAIL,60.0,,,,https://www.mgc.dps.mo.gov/SportsWagering/sw_financials/FY26_SWFinReport/06_Jun/SW Monthly Financials 0626 .xlsx,https://www.mgc.dps.mo.gov/SportsWagering/sw_financials/rb_SWFin_main.html,MO/screenshots/MO_2026_10_SW_Monthly_Financials_0626_.png,2026-01-01 00:00:00 | 7602 | 552354.89 | 506664.5 | 45690.390000000014 | 4569.039000000002,"{""headers"": [""LICENSEE"", ""MO/YR"", ""WAGERS"", ""HANDLE"", """", ""DEDUCTIONS"", """", ""TAXABLE AGR"", ""WAGERING TAX""], ""rows"": [["""", """", """", """", """", """", """", """", """"], [""FANATICS - AMERISTAR SC - RETAIL"", ""2025-12-01 00:00:00"", ""8463"", ""827146.7"", """", ""691053.01"", """", ""136093.68999999994"", ""13609.368999999995""], ["""", ""2026-01-01 00:00:00"", ""7602"", ""552354.89"", """", ""506664.5"", """", ""45690.390000000014"", ""4569.039000000002""], ["""", ""2026-02-01 00:00:00"", ""5249"", ""426010.36"", """", ""446576.39"", """", ""-20566.030000000028"", ""0""], ["""", ""2026-03-01 00:00:00"", ""6001"", ""645838.97"", """", ""591208.67"", """", ""54630.29999999993"", ""5463.029999999993""]], ""highlight"": 2}",2026-10-06T01:46:30.419524
MO,2026-02-01,2026-02-28,monthly,FANATICS - AMERISTAR SC - RETAIL,Fanatics (Ameristar SC),Fanatics,Fanatics Inc,retail,,42601036,-2056603,,,-2056603.0,,0.0,,-0.04827589169427711,28,False,False,SW_Monthly_Financials_0626_.xlsx,MONTHLY STATS RETAIL,61.0,,,,https://www.mgc.dps.mo.gov/SportsWagering/sw_financials/FY26_SWFinReport/06_Jun/SW Monthly Financials 0626 .xlsx,https://www.mgc.dps.mo.gov/SportsWagering/sw_financials/rb_SWFin_main.html,MO/screenshots/MO_2026_10_SW_Monthly_Financials_0626_.png,2026-02-01 00:00:00 | 5249 | 426010.36 | 446576.39 | -20566.030000000028 | 0,"{""headers"": [""LICENSEE"", ""MO/YR"", ""WAGERS"", ""HANDLE"", """", ""DEDUCTIONS"", """", ""TAXABLE AGR"", ""WAGERING TAX""], ""rows"": [[""FANATICS - AMERISTAR SC - RETAIL"", ""2025-12-01 00:00:00"", ""8463"", ""827146.7"", """", ""691053.01"", """", ""136093.68999999994"", ""13609.368999999995""], ["""", ""2026-01-01 00:00:00"", ""7602"", ""552354.89"", """", ""506664.5"", """", ""45690.390000000014"", ""4569.039000000002""], ["""", ""2026-02-01 00:00:00"", ""5249"", ""426010.36"", """", ""446576.39"", """", ""-20566.030000000028"", ""0""], ["""", ""2026-03-01 00:00:00"", ""6001"", ""645838.97"", """", ""591208.67"", """", ""54630.29999999993"", ""5463.029999999993""], ["""", ""2026-04-01 00:00:00"", ""6204"", ""486967.18"", """", ""436905.18"", """", ""50062"", ""5006.200000000001""]], ""highlight"": 2}",2026-10-06T01:46:30.419524
MO,2026-03-01,2026-03-31,monthly,FANATICS - AMERISTAR SC - RETAIL,Fanatics (Ameristar SC),Fanatics,Fanatics Inc,retail,,64583897,5463030,,,5463030.0,,546303.0,,0.0845881133496791,31,False,False,SW_Monthly_Financials_0626_.xlsx,MONTHLY STATS RETAIL,62.0,,,,https://www.mgc.dps.mo.gov/SportsWagering/sw_financials/FY26_SWFinReport/06_Jun/SW Monthly Financials 0626 .xlsx,https://www.mgc.dps.mo.gov/SportsWagering/sw_financials/rb_SWFin_main.html,MO/screenshots/MO_2026_10_SW_Monthly_Financials_0626_.png,2026-03-01 00:00:00 | 6001 | 645838.97 | 591208.67 | 54630.29999999993 | 5463.029999999993,"{""headers"": [""LICENSEE"", ""MO/YR"", ""WAGERS"", ""HANDLE"", """", ""DEDUCTIONS"", """", ""TAXABLE AGR"", ""WAGERING TAX""], ""rows"": [["""", ""2026-01-01 00:00:00"", ""7602"", ""552354.89"", """", ""506664.5"", """", ""45690.390000000014"", ""4569.039000000002""], ["""", ""2026-02-01 00:00:00"", ""5249"", ""426010.36"", """", ""446576.39"", """", ""-20566.030000000028"", ""0""], ["""", ""2026-03-01 00:00:00"", ""6001"", ""645838.97"", """", ""591208.67"", """", ""54630.29999999993"", ""5463.029999999993""], ["""", ""2026-04-01 00:00:00"", ""6204"", ""486967.18"", """", ""436905.18"", """", ""50062"", ""5006.200000000001""], ["""", ""2026-05-01 00:00:00"", ""5890"", ""655828.51"", """", ""526634.44"", """", ""129194.07000000007"", ""12919.407000000007""]], ""highlight"": 2}",2026-10-06T01:46:30.419524
MO,2026-04-01,2026-04-30,monthly,FANATICS - AMERISTAR SC - RETAIL,Fanatics (Ameristar SC),Fanatics,Fanatics Inc,retail,,48696718,5006200,,,5006200.0,,500620.0,,0.10280364274241233,30,False,False,SW_Monthly_Financials_0626_.xlsx,MONTHLY STATS RETAIL,63.0,,,,https://www.mgc.dps.mo.gov/SportsWagering/sw_financials/FY26_SWFinReport/06_Jun/SW Monthly Financials 0626 .xlsx,https://www.mgc.dps.mo.gov/SportsWagering/sw_financials/rb_SWFin_main.html,MO/screenshots/MO_2026_10_SW_Monthly_Financials_0626_.png,2026-04-01 00:00:00 | 6204 | 486967.18 | 436905.18 | 50062 | 5006.200000000001,"{""headers"": [""LICENSEE"", ""MO/YR"", ""WAGERS"", ""HANDLE"", """", ""DEDUCTIONS"", """", ""TAXABLE AGR"", ""WAGERING TAX""], ""rows"": [["""", ""2026-02-01 00:00:00"", ""5249"", ""426010.36"", """", ""446576.39"", """", ""-20566.030000000028"", ""0""], ["""", ""2026-03-01 00:00:00"", ""6001"", ""645838.97"", """", ""591208.67"", """", ""54630.29999999993"", ""5463.029999999993""], ["""", ""2026-04-01 00:00:00"", ""6204"", ""486967.18"", """", ""436905.18"", """", ""50062"", ""5006.200000000001""], ["""", ""2026-05-01 00:00:00"", ""5890"", ""655828.51"", """", ""526634.44"", """", ""129194.07000000007"", ""12919.407000000007""], ["""", ""2026-06-01 00:00:00"", ""5284"", ""413084.83"", """", ""414665.79"", """", ""-1580.9599999999627"", ""0""]], ""highlight"": 2}",2026-10-06T01:46:30.419524
MO,2026-05-01,2026-05-31,monthly,FANATICS - AMERISTAR SC - RETAIL,Fanatics (Ameristar SC),Fanatics,Fanatics Inc,retail,,65582851,12919407,,,12919407.0,,1291941.0,,0.19699367750877436,31,False,False,SW_Monthly_Financials_0626_.xlsx,MONTHLY STATS RETAIL,64.0,,,,https://www.mgc.dps.mo.gov/SportsWagering/sw_financials/FY26_SWFinReport/06_Jun/SW Monthly Financials 0626 .xlsx,https://www.mgc.dps.mo.gov/SportsWagering/sw_financials/rb_SWFin_main.html,MO/screenshots/MO_2026_10_SW_Monthly_Financials_0626_.png,2026-05-01 00:00:00 | 5890 | 655828.51 | 526634.44 | 129194.07000000007 | 12919.407000000007,"{""headers"": [""LICENSEE"", ""MO/YR"", ""WAGERS"", ""HANDLE"", """", ""DEDUCTIONS"", """", ""TAXABLE AGR"", ""WAGERING TAX""], ""rows"": [["""", ""2026-03-01 00:00:00"", ""6001"", ""645838.97"", """", ""591208.67"", """", ""54630.29999999993"", ""5463.029999999993""], ["""", ""2026-04-01 00:00:00"", ""6204"", ""486967.18"", """", ""436905.18"", """", ""50062"", ""5006.200000000001""], ["""", ""2026-05-01 00:00:00"", ""5890"", ""655828.51"", """", ""526634.44"", """", ""129194.07000000007"", ""12919.407000000007""], ["""", ""2026-06-01 00:00:00"", ""5284"", ""413084.83"", """", ""414665.79"", """", ""-1580.9599999999627"", ""0""], ["""", """", """", """", """", """", """", """", """"]], ""highlight"": 2}",2026-10-06T01:46:30.419524
MO,2026-06-01,2026-06-30,monthly,FANATICS - AMERISTAR SC - RETAIL,Fanatics (Ameristar SC),Fanatics,Fanatics Inc,retail,,41308483,-158096,,,-158096.0,,0.0,,-0.00382720420887884,30,False,False,SW_Monthly_Financials_0626_.xlsx,MONTHLY STATS RETAIL,65.0,,,,https://www.mgc.dps.mo.gov/SportsWagering/sw_financials/FY26_SWFinReport/06_Jun/SW Monthly Financials 0626 .xlsx,https://www.mgc.dps.mo.gov/SportsWagering/sw_financials/rb_SWFin_main.html,MO/screenshots/MO_2026_10_SW_Monthly_Financials_0626_.png,2026-06-01 00:00:00 | 5284 | 413084.83 | 414665.79 | -1580.9599999999627 | 0,"{""headers"": [""LICENSEE"", ""MO/YR"", ""WAGERS"", ""HANDLE"", """", ""DEDUCTIONS"", """", ""TAXABLE AGR"", ""WAGERING TAX""], ""rows"": [["""", ""2026-04-01 00:00:00"", ""6204"", ""486967.18"", """", ""436905.18"", """", ""50062"", ""5006.200000000001""], ["""", ""2026-05-01 00:00:00"", ""5890"", ""655828.51"", """", ""526634.44"", """", ""129194.07000000007"", ""12919.407000000007""], ["""", ""2026-06-01 00:00:00"", ""5284"", ""413084.83"", """", ""414665.79"", """", ""-1580.9599999999627"", ""0""], ["""", """", """", """", """", """", """", """", """"], [""TOTALS:"", """", ""44693"", ""4007231.4400000004"", """", ""3613707.98"", """", ""393523.45999999996"", ""41567.045""]], ""highlight"": 2}",2026-10-06T01:46:30.419524
MO,2025-12-01,2025-12-31,monthly,HOLLYWOOD CASINO - RETAIL,Hollywood Casino,Caesars,PENN Entertainment,retail,,63307827,15897036,,,15897036.0,,1589704.0,,0.2511069602815462,31,False,False,SW_Monthly_Financials_0626_.xlsx,MONTHLY STATS RETAIL,69.0,,,,https://www.mgc.dps.mo.gov/SportsWagering/sw_financials/FY26_SWFinReport/06_Jun/SW Monthly Financials 0626 .xlsx,https://www.mgc.dps.mo.gov/SportsWagering/sw_financials/rb_SWFin_main.html,MO/screenshots/MO_2026_10_SW_Monthly_Financials_0626_.png,HOLLYWOOD CASINO - RETAIL | 2025-12-01 00:00:00 | 8354 | 633078.27 | 474107.91 | 158970.36000000004 | 15897.036000000006,"{""headers"": [""LICENSEE"", ""MO/YR"", ""WAGERS"", ""HANDLE"", """", ""DEDUCTIONS"", """", ""TAXABLE AGR"", ""WAGERING TAX""], ""rows"": [[""TOTALS:"", """", ""44693"", ""4007231.4400000004"", """", ""3613707.98"", """", ""393523.45999999996"", ""41567.045""], ["""", """", """", """", """", """", """", """", """"], [""HOLLYWOOD CASINO - RETAIL"", ""2025-12-01 00:00:00"", ""8354"", ""633078.27"", """", ""474107.91"", """", ""158970.36000000004"", ""15897.036000000006""], ["""", ""2026-01-01 00:00:00"", ""9908"", ""896340.26"", """", ""759399.61"", """", ""136940.65000000002"", ""13694.065000000002""], ["""", ""2026-02-01 00:00:00"", ""8937"", ""1004486.11"", """", ""922847.83"", """", ""81638.28000000003"", ""8163.828000000003""]], ""highlight"": 2}",2026-10-06T01:46:30.419524
MO,2026-02-01,2026-02-28,monthly,HOLLYWOOD CASINO - RETAIL,Hollywood Casino,Caesars,PENN Entertainment,retail,,100448611,8163828,,,8163828.0,,816383.0,,0.0812736773433333,28,False,False,SW_Monthly_Financials_0626_.xlsx,MONTHLY STATS RETAIL,71.0,,,,https://www.mgc.dps.mo.gov/SportsWagering/sw_financials/FY26_SWFinReport/06_Jun/SW Monthly Financials 0626 .xlsx,https://www.mgc.dps.mo.gov/SportsWagering/sw_financials/rb_SWFin_main.html,MO/screenshots/MO_2026_10_SW_Monthly_Financials_0626_.png,2026-02-01 00:00:00 | 8937 | 1004486.11 | 922847.83 | 81638.28000000003 | 8163.828000000003,"{""headers"": [""LICENSEE"", ""MO/YR"", ""WAGERS"", ""HANDLE"", """", ""DEDUCTIONS"", """", ""TAXABLE AGR"", ""WAGERING TAX""], ""rows"": [[""HOLLYWOOD CASINO - RETAIL"", ""2025-12-01 00:00:00"", ""8354"", ""633078.27"", """", ""474107.91"", """", ""158970.36000000004"", ""15897.036000000006""], ["""", ""2026-01-01 00:00:00"", ""9908"", ""896340.26"", """", ""759399.61"", """", ""136940.65000000002"", ""13694.065000000002""], ["""", ""2026-02-01 00:00:00"", ""8937"", ""1004486.11"", """", ""922847.83"", """", ""81638.28000000003"", ""8163.828000000003""], ["""", ""2026-03-01 00:00:00"", ""11700"", ""1567864.61"", """", ""1421524.21"", """", ""146340.40000000014"", ""14634.040000000015""], ["""", ""2026-04-01 00:00:00"", ""8171"", ""594294.95"", """", ""529499.87"", """", ""64795.07999999996"", ""6479.507999999996""]], ""highlight"": 2}",2026-10-06T01:46:30.419524
MO,2025-12-01,2025-12-31,monthly,BET365 - MOBILE,bet365,bet365,bet365 Group,online,,5779027427,383445290,,,383445290.0,,38344529.0,,0.06635118016718837,31,False,False,SW_Monthly_Financials_0626_.xlsx,MONTHLY STATS MOBILE,9.0,,,,https://www.mgc.dps.mo.gov/SportsWagering/sw_financials/FY26_SWFinReport/06_Jun/SW Monthly Financials 0626 .xlsx,https://www.mgc.dps.mo.gov/SportsWagering/sw_financials/rb_SWFin_main.html,MO/screenshots/MO_2026_10_SW_Monthly_Financials_0626_.png,BET365 - MOBILE | 2025-12-01 00:00:00 | 2888070 | 57790274.27 | 53955821.37 | 3834452.900000006 | 383445.2900000006,"{""headers"": [""LICENSEE"", ""MO/YR"", ""WAGERS"", ""HANDLE"", """", ""DEDUCTIONS"", """", ""TAXABLE AGR"", ""WAGERING TAX""], ""rows"": [["""", """", """", """", """", """", """", """", """"], [""BET365 - MOBILE"", ""2025-12-01 00:00:00"", ""2888070"", ""57790274.27"", """", ""53955821.37"", """", ""3834452.900000006"", ""383445.2900000006""], ["""", ""2026-01-01 00:00:00"", ""1934170"", ""34032785.78"", """", ""35286153.55"", """", ""-1253367.7699999958"", ""0""], ["""", ""2026-02-01 00:00:00"", ""1067845"", ""20448884.43"", """", ""20781393.33"", """", ""-332508.8999999985"", ""0""]], ""highlight"": 1}",2026-10-06T01:46:30.419524
MO,2026-03-01,2026-03-31,monthly,HOLLYWOOD CASINO - RETAIL,Hollywood Casino,Caesars,PENN Entertainment,retail,,156786461,14634040,,,14634040.0,,1463404.0,,0.09333739601406017,31,False,False,SW_Monthly_Financials_0626_.xlsx,MONTHLY STATS RETAIL,72.0,,,,https://www.mgc.dps.mo.gov/SportsWagering/sw_financials/FY26_SWFinReport/06_Jun/SW Monthly Financials 0626 .xlsx,https://www.mgc.dps.mo.gov/SportsWagering/sw_financials/rb_SWFin_main.html,MO/screenshots/MO_2026_10_SW_Monthly_Financials_0626_.png,2026-03-01 00:00:00 | 11700 | 1567864.61 | 1421524.21 | 146340.40000000014 | 14634.040000000015,"{""headers"": [""LICENSEE"", ""MO/YR"", ""WAGERS"", ""HANDLE"", """", ""DEDUCTIONS"", """", ""TAXABLE AGR"", ""WAGERING TAX""], ""rows"": [["""", ""2026-01-01 00:00:00"", ""9908"", ""896340.26"", """", ""759399.61"", """", ""136940.65000000002"", ""13694.065000000002""], ["""", ""2026-02-01 00:00:00"", ""8937"", ""1004486.11"", """", ""922847.83"", """", ""81638.28000000003"", ""8163.828000000003""], ["""", ""2026-03-01 00:00:00"", ""11700"", ""1567864.61"", """", ""1421524.21"", """", ""146340.40000000014"", ""14634.040000000015""], ["""", ""2026-04-01 00:00:00"", ""8171"", ""594294.95"", """", ""529499.87"", """", ""64795.07999999996"", ""6479.507999999996""], ["""", ""2026-05-01 00:00:00"", ""9152"", ""811377.35"", """", ""722111.47"", """", ""89265.88"", ""8926.588000000002""]], ""highlight"": 2}",2026-10-06T01:46:30.419524
MO,2026-04-01,2026-04-30,monthly,HOLLYWOOD CASINO - RETAIL,Hollywood Casino,Caesars,PENN Entertainment,retail,,59429495,6479508,,,6479508.0,,647951.0,,0.10902848829524801,30,False,False,SW_Monthly_Financials_0626_.xlsx,MONTHLY STATS RETAIL,73.0,,,,https://www.mgc.dps.mo.gov/SportsWagering/sw_financials/FY26_SWFinReport/06_Jun/SW Monthly Financials 0626 .xlsx,https://www.mgc.dps.mo.gov/SportsWagering/sw_financials/rb_SWFin_main.html,MO/screenshots/MO_2026_10_SW_Monthly_Financials_0626_.png,2026-04-01 00:00:00 | 8171 | 594294.95 | 529499.87 | 64795.07999999996 | 6479.507999999996,"{""headers"": [""LICENSEE"", ""MO/YR"", ""WAGERS"", ""HANDLE"", """", ""DEDUCTIONS"", """", ""TAXABLE AGR"", ""WAGERING TAX""], ""rows"": [["""", ""2026-02-01 00:00:00"", ""8937"", ""1004486.11"", """", ""922847.83"", """", ""81638.28000000003"", ""8163.828000000003""], ["""", ""2026-03-01 00:00:00"", ""11700"", ""1567864.61"", """", ""1421524.21"", """", ""146340.40000000014"", ""14634.040000000015""], ["""", ""2026-04-01 00:00:00"", ""8171"", ""594294.95"", """", ""529499.87"", """", ""64795.07999999996"", ""6479.507999999996""], ["""", ""2026-05-01 00:00:00"", ""9152"", ""811377.35"", """", ""722111.47"", """", ""89265.88"", ""8926.588000000002""], ["""", ""2026-06-01 00:00:00"", ""6639"", ""690639.54"", """", ""646158.24"", """", ""44481.30000000005"", ""4448.130000000005""]], ""highlight"": 2}",2026-10-06T01:46:30.419524
MO,2026-05-01,2026-05-31,monthly,HOLLYWOOD CASINO - RETAIL,Hollywood Casino,Caesars,PENN Entertainment,retail,,81137735,8926588,,,8926588.0,,892659.0,,0.11001771247373371,31,False,False,SW_Monthly_Financials_0626_.xlsx,MONTHLY STATS RETAIL,74.0,,,,https://www.mgc.dps.mo.gov/SportsWagering/sw_financials/FY26_SWFinReport/06_Jun/SW Monthly Financials 0626 .xlsx,https://www.mgc.dps.mo.gov/SportsWagering/sw_financials/rb_SWFin_main.html,MO/screenshots/MO_2026_10_SW_Monthly_Financials_0626_.png,2026-05-01 00:00:00 | 9152 | 811377.35 | 722111.47 | 89265.88 | 8926.588000000002,"{""headers"": [""LICENSEE"", ""MO/YR"", ""WAGERS"", ""HANDLE"", """", ""DEDUCTIONS"", """", ""TAXABLE AGR"", ""WAGERING TAX""], ""rows"": [["""", ""2026-03-01 00:00:00"", ""11700"", ""1567864.61"", """", ""1421524.21"", """", ""146340.40000000014"", ""14634.040000000015""], ["""", ""2026-04-01 00:00:00"", ""8171"", ""594294.95"", """", ""529499.87"", """", ""64795.07999999996"", ""6479.507999999996""], ["""", ""2026-05-01 00:00:00"", ""9152"", ""811377.35"", """", ""722111.47"", """", ""89265.88"", ""8926.588000000002""], ["""", ""2026-06-01 00:00:00"", ""6639"", ""690639.54"", """", ""646158.24"", """", ""44481.30000000005"", ""4448.130000000005""], ["""", """", """", """", """", """", """", """", """"]], ""highlight"": 2}",2026-10-06T01:46:30.419524
MO,2026-06-01,2026-06-30,monthly,HOLLYWOOD CASINO - RETAIL,Hollywood Casino,Caesars,PENN Entertainment,retail,,69063954,4448130,4650130.0,0.0,4448130.0,63707411.0,444813.0,202000.0,0.06440595625324319,30,False,False,SW_Monthly_Financials_0626_.xlsx,MONTHLY STATS RETAIL,75.0,,,,https://www.mgc.dps.mo.gov/SportsWagering/sw_financials/FY26_SWFinReport/06_Jun/SW Monthly Financials 0626 .xlsx,https://www.mgc.dps.mo.gov/SportsWagering/sw_financials/rb_SWFin_main.html,MO/screenshots/MO_2026_10_SW_Monthly_Financials_0626_.png,2026-06-01 00:00:00 | 6639 | 690639.54 | 646158.24 | 44481.30000000005 | 4448.130000000005,"{""headers"": [""LICENSEE"", ""MO/YR"", ""WAGERS"", ""HANDLE"", """", ""DEDUCTIONS"", """", ""TAXABLE AGR"", ""WAGERING TAX""], ""rows"": [["""", ""2026-04-01 00:00:00"", ""8171"", ""594294.95"", """", ""529499.87"", """", ""64795.07999999996"", ""6479.507999999996""], ["""", ""2026-05-01 00:00:00"", ""9152"", ""811377.35"", """", ""722111.47"", """", ""89265.88"", ""8926.588000000002""], ["""", ""2026-06-01 00:00:00"", ""6639"", ""690639.54"", """", ""646158.24"", """", ""44481.30000000005"", ""4448.130000000005""], ["""", """", """", """", """", """", """", """", """"], [""TOTALS:"", """", ""62861"", ""6198081.09"", """", ""5475649.140000001"", """", ""722431.9500000003"", ""72243.19500000002""]], ""highlight"": 2}",2026-10-06T01:46:30.419524
MO,2025-12-01,2025-12-31,monthly,RIVER CITY CASINO - RETAIL,River City Casino,ESPN Bet,PENN Entertainment,retail,,38868697,8845660,,,8845660.0,,884566.0,,0.22757799161623554,31,False,False,SW_Monthly_Financials_0626_.xlsx,MONTHLY STATS RETAIL,79.0,,,,https://www.mgc.dps.mo.gov/SportsWagering/sw_financials/FY26_SWFinReport/06_Jun/SW Monthly Financials 0626 .xlsx,https://www.mgc.dps.mo.gov/SportsWagering/sw_financials/rb_SWFin_main.html,MO/screenshots/MO_2026_10_SW_Monthly_Financials_0626_.png,RIVER CITY CASINO - RETAIL | 2025-12-01 00:00:00 | 6329 | 388686.97 | 300230.37 | 88456.59999999998 | 8845.659999999998,"{""headers"": [""LICENSEE"", ""MO/YR"", ""WAGERS"", ""HANDLE"", """", ""DEDUCTIONS"", """", ""TAXABLE AGR"", ""WAGERING TAX""], ""rows"": [[""TOTALS:"", """", ""62861"", ""6198081.09"", """", ""5475649.140000001"", """", ""722431.9500000003"", ""72243.19500000002""], ["""", """", """", """", """", """", """", """", """"], [""RIVER CITY CASINO - RETAIL"", ""2025-12-01 00:00:00"", ""6329"", ""388686.97"", """", ""300230.37"", """", ""88456.59999999998"", ""8845.659999999998""], ["""", ""2026-01-01 00:00:00"", ""6706"", ""561529.35"", """", ""543140.76"", """", ""18388.589999999967"", ""1838.8589999999967""], ["""", ""2026-02-01 00:00:00"", ""7639"", ""434528.25"", """", ""391209.34"", """", ""43318.909999999974"", ""4331.890999999998""]], ""highlight"": 2}",2026-10-06T01:46:30.419524
MO,2026-01-01,2026-01-31,monthly,RIVER CITY CASINO - RETAIL,River City Casino,ESPN Bet,PENN Entertainment,retail,,56152935,1838859,,,1838859.0,,183886.0,,0.03274733546875155,31,False,False,SW_Monthly_Financials_0626_.xlsx,MONTHLY STATS RETAIL,80.0,,,,https://www.mgc.dps.mo.gov/SportsWagering/sw_financials/FY26_SWFinReport/06_Jun/SW Monthly Financials 0626 .xlsx,https://www.mgc.dps.mo.gov/SportsWagering/sw_financials/rb_SWFin_main.html,MO/screenshots/MO_2026_10_SW_Monthly_Financials_0626_.png,2026-01-01 00:00:00 | 6706 | 561529.35 | 543140.76 | 18388.589999999967 | 1838.8589999999967,"{""headers"": [""LICENSEE"", ""MO/YR"", ""WAGERS"", ""HANDLE"", """", ""DEDUCTIONS"", """", ""TAXABLE AGR"", ""WAGERING TAX""], ""rows"": [["""", """", """", """", """", """", """", """", """"], [""RIVER CITY CASINO - RETAIL"", ""2025-12-01 00:00:00"", ""6329"", ""388686.97"", """", ""300230.37"", """", ""88456.59999999998"", ""8845.659999999998""], ["""", ""2026-01-01 00:00:00"", ""6706"", ""561529.35"", """", ""543140.76"", """", ""18388.589999999967"", ""1838.8589999999967""], ["""", ""2026-02-01 00:00:00"", ""7639"", ""434528.25"", """", ""391209.34"", """", ""43318.909999999974"", ""4331.890999999998""], ["""", ""2026-03-01 00:00:00"", ""8667"", ""678077.93"", """", ""623221.1"", """", ""54856.830000000075"", ""5485.683000000008""]], ""highlight"": 2}",2026-10-06T01:46:30.419524
MO,2026-02-01,2026-02-28,monthly,RIVER CITY CASINO - RETAIL,River City Casino,ESPN Bet,PENN Entertainment,retail,,43452825,4331891,,,4331891.0,,433189.0,,0.09969181520418983,28,False,False,SW_Monthly_Financials_0626_.xlsx,MONTHLY STATS RETAIL,81.0,,,,https://www.mgc.dps.mo.gov/SportsWagering/sw_financials/FY26_SWFinReport/06_Jun/SW Monthly Financials 0626 .xlsx,https://www.mgc.dps.mo.gov/SportsWagering/sw_financials/rb_SWFin_main.html,MO/screenshots/MO_2026_10_SW_Monthly_Financials_0626_.png,2026-02-01 00:00:00 | 7639 | 434528.25 | 391209.34 | 43318.909999999974 | 4331.890999999998,"{""headers"": [""LICENSEE"", ""MO/YR"", ""WAGERS"", ""HANDLE"", """", ""DEDUCTIONS"", """", ""TAXABLE AGR"", ""WAGERING TAX""], ""rows"": [[""RIVER CITY CASINO - RETAIL"", ""2025-12-01 00:00:00"", ""6329"", ""388686.97"", """", ""300230.37"", """", ""88456.59999999998"", ""8845.659999999998""], ["""", ""2026-01-01 00:00:00"", ""6706"", ""561529.35"", """", ""543140.76"", """", ""18388.589999999967"", ""1838.8589999999967""], ["""", ""2026-02-01 00:00:00"", ""7639"", ""434528.25"", """", ""391209.34"", """", ""43318.909999999974"", ""4331.890999999998""], ["""", ""2026-03-01 00:00:00"", ""8667"", ""678077.93"", """", ""623221.1"", """", ""54856.830000000075"", ""5485.683000000008""], ["""", ""2026-04-01 00:00:00"", ""10677"", ""778061.49"", """", ""706462.16"", """", ""71599.32999999996"", ""7159.932999999996""]], ""highlight"": 2}",2026-10-06T01:46:30.419524
MO,2026-03-01,2026-03-31,monthly,RIVER CITY CASINO - RETAIL,River City Casino,ESPN Bet,PENN Entertainment,retail,,67807793,5485683,,,5485683.0,,548568.0,,0.08090047997875406,31,False,False,SW_Monthly_Financials_0626_.xlsx,MONTHLY STATS RETAIL,82.0,,,,https://www.mgc.dps.mo.gov/SportsWagering/sw_financials/FY26_SWFinReport/06_Jun/SW Monthly Financials 0626 .xlsx,https://www.mgc.dps.mo.gov/SportsWagering/sw_financials/rb_SWFin_main.html,MO/screenshots/MO_2026_10_SW_Monthly_Financials_0626_.png,2026-03-01 00:00:00 | 8667 | 678077.93 | 623221.1 | 54856.830000000075 | 5485.683000000008,"{""headers"": [""LICENSEE"", ""MO/YR"", ""WAGERS"", ""HANDLE"", """", ""DEDUCTIONS"", """", ""TAXABLE AGR"", ""WAGERING TAX""], ""rows"": [["""", ""2026-01-01 00:00:00"", ""6706"", ""561529.35"", """", ""543140.76"", """", ""18388.589999999967"", ""1838.8589999999967""], ["""", ""2026-02-01 00:00:00"", ""7639"", ""434528.25"", """", ""391209.34"", """", ""43318.909999999974"", ""4331.890999999998""], ["""", ""2026-03-01 00:00:00"", ""8667"", ""678077.93"", """", ""623221.1"", """", ""54856.830000000075"", ""5485.683000000008""], ["""", ""2026-04-01 00:00:00"", ""10677"", ""778061.49"", """", ""706462.16"", """", ""71599.32999999996"", ""7159.932999999996""], ["""", ""2026-05-01 00:00:00"", ""6823"", ""678507.94"", """", ""669359.86"", """", ""9148.079999999958"", ""914.8079999999959""]], ""highlight"": 2}",2026-10-06T01:46:30.419524
MO,2026-04-01,2026-04-30,monthly,RIVER CITY CASINO - RETAIL,River City Casino,ESPN Bet,PENN Entertainment,retail,,77806149,7159933,,,7159933.0,,715993.0,,0.09202271404024892,30,False,False,SW_Monthly_Financials_0626_.xlsx,MONTHLY STATS RETAIL,83.0,,,,https://www.mgc.dps.mo.gov/SportsWagering/sw_financials/FY26_SWFinReport/06_Jun/SW Monthly Financials 0626 .xlsx,https://www.mgc.dps.mo.gov/SportsWagering/sw_financials/rb_SWFin_main.html,MO/screenshots/MO_2026_10_SW_Monthly_Financials_0626_.png,2026-04-01 00:00:00 | 10677 | 778061.49 | 706462.16 | 71599.32999999996 | 7159.932999999996,"{""headers"": [""LICENSEE"", ""MO/YR"", ""WAGERS"", ""HANDLE"", """", ""DEDUCTIONS"", """", ""TAXABLE AGR"", ""WAGERING TAX""], ""rows"": [["""", ""2026-02-01 00:00:00"", ""7639"", ""434528.25"", """", ""391209.34"", """", ""43318.909999999974"", ""4331.890999999998""], ["""", ""2026-03-01 00:00:00"", ""8667"", ""678077.93"", """", ""623221.1"", """", ""54856.830000000075"", ""5485.683000000008""], ["""", ""2026-04-01 00:00:00"", ""10677"", ""778061.49"", """", ""706462.16"", """", ""71599.32999999996"", ""7159.932999999996""], ["""", ""2026-05-01 00:00:00"", ""6823"", ""678507.94"", """", ""669359.86"", """", ""9148.079999999958"", ""914.8079999999959""], ["""", ""2026-06-01 00:00:00"", ""6946"", ""1279384.31"", """", ""1226678.36"", """", ""52705.94999999995"", ""5270.594999999996""]], ""highlight"": 2}",2026-10-06T01:46:30.419524
MO,2026-05-01,2026-05-31,monthly,RIVER CITY CASINO - RETAIL,River City Casino,ESPN Bet,PENN Entertainment,retail,,67850794,914808,,,914808.0,,91481.0,,0.013482642517049984,31,False,False,SW_Monthly_Financials_0626_.xlsx,MONTHLY STATS RETAIL,84.0,,,,https://www.mgc.dps.mo.gov/SportsWagering/sw_financials/FY26_SWFinReport/06_Jun/SW Monthly Financials 0626 .xlsx,https://www.mgc.dps.mo.gov/SportsWagering/sw_financials/rb_SWFin_main.html,MO/screenshots/MO_2026_10_SW_Monthly_Financials_0626_.png,2026-05-01 00:00:00 | 6823 | 678507.94 | 669359.86 | 9148.079999999958 | 914.8079999999959,"{""headers"": [""LICENSEE"", ""MO/YR"", ""WAGERS"", ""HANDLE"", """", ""DEDUCTIONS"", """", ""TAXABLE AGR"", ""WAGERING TAX""], ""rows"": [["""", ""2026-03-01 00:00:00"", ""8667"", ""678077.93"", """", ""623221.1"", """", ""54856.830000000075"", ""5485.683000000008""], ["""", ""2026-04-01 00:00:00"", ""10677"", ""778061.49"", """", ""706462.16"", """", ""71599.32999999996"", ""7159.932999999996""], ["""", ""2026-05-01 00:00:00"", ""6823"", ""678507.94"", """", ""669359.86"", """", ""9148.079999999958"", ""914.8079999999959""], ["""", ""2026-06-01 00:00:00"", ""6946"", ""1279384.31"", """", ""1226678.36"", """", ""52705.94999999995"", ""5270.594999999996""], ["""", """", """", """", """", """", """", """", """"]], ""highlight"": 2}",2026-10-06T01:46:30.419524
MO,2026-06-01,2026-06-30,monthly,RIVER CITY CASINO - RETAIL,River City Casino,ESPN Bet,PENN Entertainment,retail,,127938431,5270595,5439551.0,0.0,5270595.0,121580741.0,527059.0,168956.0,0.04119633919850088,30,False,False,SW_Monthly_Financials_0626_.xlsx,MONTHLY STATS RETAIL,85.0,,,,https://www.mgc.dps.mo.gov/SportsWagering/sw_financials/FY26_SWFinReport/06_Jun/SW Monthly Financials 0626 .xlsx,https://www.mgc.dps.mo.gov/SportsWagering/sw_financials/rb_SWFin_main.html,MO/screenshots/MO_2026_10_SW_Monthly_Financials_0626_.png,2026-06-01 00:00:00 | 6946 | 1279384.31 | 1226678.36 | 52705.94999999995 | 5270.594999999996,"{""headers"": [""LICENSEE"", ""MO/YR"", ""WAGERS"", ""HANDLE"", """", ""DEDUCTIONS"", """", ""TAXABLE AGR"", ""WAGERING TAX""], ""rows"": [["""", ""2026-04-01 00:00:00"", ""10677"", ""778061.49"", """", ""706462.16"", """", ""71599.32999999996"", ""7159.932999999996""], ["""", ""2026-05-01 00:00:00"", ""6823"", ""678507.94"", """", ""669359.86"", """", ""9148.079999999958"", ""914.8079999999959""], ["""", ""2026-06-01 00:00:00"", ""6946"", ""1279384.31"", """", ""1226678.36"", """", ""52705.94999999995"", ""5270.594999999996""], ["""", """", """", """", """", """", """", """", """"], [""TOTALS:"", """", ""53787"", ""4798776.24"", """", ""4460301.95"", """", ""338474.28999999986"", ""33847.42899999999""]], ""highlight"": 2}",2026-10-06T01:46:30.419524
MO,2025-12-01,2025-12-31,monthly,DRAFTKINGS -  MOBILE,DraftKings,DraftKings,DraftKings Inc,online,,19532584260,-1691513837,,,-1691513837.0,,0.0,,-0.08659959248014015,31,False,False,SW_Monthly_Financials_0626_.xlsx,MONTHLY STATS MOBILE,49.0,,,,https://www.mgc.dps.mo.gov/SportsWagering/sw_financials/FY26_SWFinReport/06_Jun/SW Monthly Financials 0626 .xlsx,https://www.mgc.dps.mo.gov/SportsWagering/sw_financials/rb_SWFin_main.html,MO/screenshots/MO_2026_10_SW_Monthly_Financials_0626_.png,DRAFTKINGS -  MOBILE | 2025-12-01 00:00:00 | 12046037 | 195325842.6 | 212240980.97 | -16915138.370000005 | 0,"{""headers"": [""LICENSEE"", ""MO/YR"", ""WAGERS"", ""HANDLE"", """", ""DEDUCTIONS"", """", ""TAXABLE AGR"", ""WAGERING TAX""], ""rows"": [[""TOTALS:"", """", ""68573"", ""11716794.81"", """", ""11347387.94"", """", ""369406.8700000001"", ""50272.280000000006""], ["""", """", """", """", """", """", """", """", """"], [""DRAFTKINGS -  MOBILE"", ""2025-12-01 00:00:00"", ""12046037"", ""195325842.6"", """", ""212240980.97"", """", ""-16915138.370000005"", ""0""], ["""", ""2026-01-01 00:00:00"", ""6053909"", ""144392171.29"", """", ""148109947.16"", """", ""-3717775.870000005"", ""0""], ["""", ""2026-02-01 00:00:00"", ""3805050"", ""104914982.56"", """", ""100103567.16000001"", """", ""4811415.399999991"", ""481141.5399999991""]], ""highlight"": 2}",2026-10-06T01:46:30.419524
MO,2026-02-01,2026-02-28,monthly,DRAFTKINGS -  MOBILE,DraftKings,DraftKings,DraftKings Inc,online,,10491498256,481141540,,,481141540.0,,48114154.0,,0.04586013629891605,28,False,False,SW_Monthly_Financials_0626_.xlsx,MONTHLY STATS MOBILE,51.0,,,,https://www.mgc.dps.mo.gov/SportsWagering/sw_financials/FY26_SWFinReport/06_Jun/SW Monthly Financials 0626 .xlsx,https://www.mgc.dps.mo.gov/SportsWagering/sw_financials/rb_SWFin_main.html,MO/screenshots/MO_2026_10_SW_Monthly_Financials_0626_.png,2026-02-01 00:00:00 | 3805050 | 104914982.56 | 100103567.16000001 | 4811415.399999991 | 481141.5399999991,"{""headers"": [""LICENSEE"", ""MO/YR"", ""WAGERS"", ""HANDLE"", """", ""DEDUCTIONS"", """", ""TAXABLE AGR"", ""WAGERING TAX""], ""rows"": [[""DRAFTKINGS -  MOBILE"", ""2025-12-01 00:00:00"", ""12046037"", ""195325842.6"", """", ""212240980.97"", """", ""-16915138.370000005"", ""0""], ["""", ""2026-01-01 00:00:00"", ""6053909"", ""144392171.29"", """", ""148109947.16"", """", ""-3717775.870000005"", ""0""], ["""", ""2026-02-01 00:00:00"", ""3805050"", ""104914982.56"", """", ""100103567.16000001"", """", ""4811415.399999991"", ""481141.5399999991""], ["""", ""2026-03-01 00:00:00"", ""3986199"", ""118565365.39"", """", ""108739041.97"", """", ""9826323.420000002"", ""982632.3420000002""], ["""", ""2026-04-01 00:00:00"", ""3553436"", ""102547817.76"", """", ""92828228.02"", """", ""9719589.74000001"", ""971958.974000001""]], ""highlight"": 2}",2026-10-06T01:46:30.419524
MO,2026-06-01,2026-06-30,monthly,ALL,TOTAL,TOTAL,,online,soccer,3966216483,82530930,82530930.0,,,3883685553.0,,,0.020808478395908072,30,False,False,SW_Monthly_Financials_0626_.xlsx,SPORT DETAIL MOBILE,,,,,https://www.mgc.dps.mo.gov/SportsWagering/sw_financials/FY26_SWFinReport/06_Jun/SW Monthly Financials 0626 .xlsx,https://www.mgc.dps.mo.gov/SportsWagering/sw_financials/rb_SWFin_main.html,MO/screenshots/MO_2026_10_SW_Monthly_Financials_0626_.png,,,2026-10-06T01:46:30.419524
MO,2026-06-01,2026-06-30,monthly,ALL,TOTAL,TOTAL,,retail,hockey,30229274,-6411407,-6411407.0,,,36640681.0,,,-0.2120926556158775,30,False,False,SW_Monthly_Financials_0626_.xlsx,SPORT DETAIL RETAIL,,,,,https://www.mgc.dps.mo.gov/SportsWagering/sw_financials/FY26_SWFinReport/06_Jun/SW Monthly Financials 0626 .xlsx,https://www.mgc.dps.mo.gov/SportsWagering/sw_financials/rb_SWFin_main.html,MO/screenshots/MO_2026_10_SW_Monthly_Financials_0626_.png,,,2026-10-06T01:46:30.419524
MO,2026-06-01,2026-06-30,monthly,ALL,TOTAL,TOTAL,,retail,soccer,91407316,8739712,8739712.0,,,82667604.0,,,0.0956128281898136,30,False,False,SW_Monthly_Financials_0626_.xlsx,SPORT DETAIL RETAIL,,,,,https://www.mgc.dps.mo.gov/SportsWagering/sw_financials/FY26_SWFinReport/06_Jun/SW Monthly Financials 0626 .xlsx,https://www.mgc.dps.mo.gov/SportsWagering/sw_financials/rb_SWFin_main.html,MO/screenshots/MO_2026_10_SW_Monthly_Financials_0626_.png,,,2026-10-06T01:46:30.419524
MO,2026-06-01,2026-06-30,monthly,ALL,TOTAL,TOTAL,,retail,tennis,4765100,1002145,1002145.0,,,3762955.0,,,0.21030933243793415,30,False,False,SW_Monthly_Financials_0626_.xlsx,SPORT DETAIL RETAIL,,,,,https://www.mgc.dps.mo.gov/SportsWagering/sw_financials/FY26_SWFinReport/06_Jun/SW Monthly Financials 0626 .xlsx,https://www.mgc.dps.mo.gov/SportsWagering/sw_financials/rb_SWFin_main.html,MO/screenshots/MO_2026_10_SW_Monthly_Financials_0626_.png,,,2026-10-06T01:46:30.419524
MO,2026-06-01,2026-06-30,monthly,ALL,TOTAL,TOTAL,,retail,motorsports,724350,-37719,-37719.0,,,762069.0,,,-0.05207289293849658,30,False,False,SW_Monthly_Financials_0626_.xlsx,SPORT DETAIL RETAIL,,,,,https://www.mgc.dps.mo.gov/SportsWagering/sw_financials/FY26_SWFinReport/06_Jun/SW Monthly Financials 0626 .xlsx,https://www.mgc.dps.mo.gov/SportsWagering/sw_financials/rb_SWFin_main.html,MO/screenshots/MO_2026_10_SW_Monthly_Financials_0626_.png,,,2026-10-06T01:46:30.419524
MO,2026-06-01,2026-06-30,monthly,ALL,TOTAL,TOTAL,,retail,parlay,118717008,24518086,24518086.0,,,94198922.0,,,0.2065254710597154,30,False,False,SW_Monthly_Financials_0626_.xlsx,SPORT DETAIL RETAIL,,,,,https://www.mgc.dps.mo.gov/SportsWagering/sw_financials/FY26_SWFinReport/06_Jun/SW Monthly Financials 0626 .xlsx,https://www.mgc.dps.mo.gov/SportsWagering/sw_financials/rb_SWFin_main.html,MO/screenshots/MO_2026_10_SW_Monthly_Financials_0626_.png,,,2026-10-06T01:46:30.419524
MO,2026-06-01,2026-06-30,monthly,ALL,TOTAL,TOTAL,,retail,other,10984250,1660826,1660826.0,,,9323424.0,,,0.151200673691877,30,False,False,SW_Monthly_Financials_0626_.xlsx,SPORT DETAIL RETAIL,,,,,https://www.mgc.dps.mo.gov/SportsWagering/sw_financials/FY26_SWFinReport/06_Jun/SW Monthly Financials 0626 .xlsx,https://www.mgc.dps.mo.gov/SportsWagering/sw_financials/rb_SWFin_main.html,MO/screenshots/MO_2026_10_SW_Monthly_Financials_0626_.png,,,2026-10-06T01:46:30.419524
MO,2026-06-01,2026-06-30,monthly,ALL,TOTAL,TOTAL,,online,baseball,3645085151,275663158,275663158.0,,,3369421993.0,,,0.07562598583585188,30,False,False,SW_Monthly_Financials_0626_.xlsx,SPORT DETAIL MOBILE,,,,,https://www.mgc.dps.mo.gov/SportsWagering/sw_financials/FY26_SWFinReport/06_Jun/SW Monthly Financials 0626 .xlsx,https://www.mgc.dps.mo.gov/SportsWagering/sw_financials/rb_SWFin_main.html,MO/screenshots/MO_2026_10_SW_Monthly_Financials_0626_.png,,,2026-10-06T01:46:30.419524
MO,2026-06-01,2026-06-30,monthly,ALL,TOTAL,TOTAL,,online,basketball,2319988248,38159215,38159215.0,,,2281829033.0,,,0.016448020817733038,30,False,False,SW_Monthly_Financials_0626_.xlsx,SPORT DETAIL MOBILE,,,,,https://www.mgc.dps.mo.gov/SportsWagering/sw_financials/FY26_SWFinReport/06_Jun/SW Monthly Financials 0626 .xlsx,https://www.mgc.dps.mo.gov/SportsWagering/sw_financials/rb_SWFin_main.html,MO/screenshots/MO_2026_10_SW_Monthly_Financials_0626_.png,,,2026-10-06T01:46:30.419524
MO,2026-06-01,2026-06-30,monthly,ALL,TOTAL,TOTAL,,online,combat_sports,232026157,-41541108,-41541108.0,,,273567265.0,,,-0.17903631442725657,30,False,False,SW_Monthly_Financials_0626_.xlsx,SPORT DETAIL MOBILE,,,,,https://www.mgc.dps.mo.gov/SportsWagering/sw_financials/FY26_SWFinReport/06_Jun/SW Monthly Financials 0626 .xlsx,https://www.mgc.dps.mo.gov/SportsWagering/sw_financials/rb_SWFin_main.html,MO/screenshots/MO_2026_10_SW_Monthly_Financials_0626_.png,,,2026-10-06T01:46:30.419524
MO,2026-06-01,2026-06-30,monthly,ALL,TOTAL,TOTAL,,online,football,76114562,8230407,8230407.0,,,67884155.0,,,0.10813183159353923,30,False,False,SW_Monthly_Financials_0626_.xlsx,SPORT DETAIL MOBILE,,,,,https://www.mgc.dps.mo.gov/SportsWagering/sw_financials/FY26_SWFinReport/06_Jun/SW Monthly Financials 0626 .xlsx,https://www.mgc.dps.mo.gov/SportsWagering/sw_financials/rb_SWFin_main.html,MO/screenshots/MO_2026_10_SW_Monthly_Financials_0626_.png,,,2026-10-06T01:46:30.419524
MO,2026-06-01,2026-06-30,monthly,ALL,TOTAL,TOTAL,,online,hockey,308882364,3769870,3769870.0,,,305112494.0,,,0.012204872920488267,30,False,False,SW_Monthly_Financials_0626_.xlsx,SPORT DETAIL MOBILE,,,,,https://www.mgc.dps.mo.gov/SportsWagering/sw_financials/FY26_SWFinReport/06_Jun/SW Monthly Financials 0626 .xlsx,https://www.mgc.dps.mo.gov/SportsWagering/sw_financials/rb_SWFin_main.html,MO/screenshots/MO_2026_10_SW_Monthly_Financials_0626_.png,,,2026-10-06T01:46:30.419524
MO,2026-06-01,2026-06-30,monthly,ALL,TOTAL,TOTAL,,online,tennis,925666076,82285378,82285378.0,,,843380698.0,,,0.0888931550301299,30,False,False,SW_Monthly_Financials_0626_.xlsx,SPORT DETAIL MOBILE,,,,,https://www.mgc.dps.mo.gov/SportsWagering/sw_financials/FY26_SWFinReport/06_Jun/SW Monthly Financials 0626 .xlsx,https://www.mgc.dps.mo.gov/SportsWagering/sw_financials/rb_SWFin_main.html,MO/screenshots/MO_2026_10_SW_Monthly_Financials_0626_.png,,,2026-10-06T01:46:30.419524
MO,2026-06-01,2026-06-30,monthly,ALL,TOTAL,TOTAL,,retail,combat_sports,13410824,2287418,2287418.0,,,11123406.0,,,0.17056505998438276,30,False,False,SW_Monthly_Financials_0626_.xlsx,SPORT DETAIL RETAIL,,,,,https://www.mgc.dps.mo.gov/SportsWagering/sw_financials/FY26_SWFinReport/06_Jun/SW Monthly Financials 0626 .xlsx,https://www.mgc.dps.mo.gov/SportsWagering/sw_financials/rb_SWFin_main.html,MO/screenshots/MO_2026_10_SW_Monthly_Financials_0626_.png,,,2026-10-06T01:46:30.419524
MO,2026-06-01,2026-06-30,monthly,ALL,TOTAL,TOTAL,,online,motorsports,160472210,-2749484,-2749484.0,,,163221694.0,,,-0.017133708073192238,30,False,False,SW_Monthly_Financials_0626_.xlsx,SPORT DETAIL MOBILE,,,,,https://www.mgc.dps.mo.gov/SportsWagering/sw_financials/FY26_SWFinReport/06_Jun/SW Monthly Financials 0626 .xlsx,https://www.mgc.dps.mo.gov/SportsWagering/sw_financials/rb_SWFin_main.html,MO/screenshots/MO_2026_10_SW_Monthly_Financials_0626_.png,,,2026-10-06T01:46:30.419524
MO,2026-06-01,2026-06-30,monthly,ALL,TOTAL,TOTAL,,online,parlay,11005748599,1686976971,1686976971.0,,,9318771628.0,,,0.15328143795264243,30,False,False,SW_Monthly_Financials_0626_.xlsx,SPORT DETAIL MOBILE,,,,,https://www.mgc.dps.mo.gov/SportsWagering/sw_financials/FY26_SWFinReport/06_Jun/SW Monthly Financials 0626 .xlsx,https://www.mgc.dps.mo.gov/SportsWagering/sw_financials/rb_SWFin_main.html,MO/screenshots/MO_2026_10_SW_Monthly_Financials_0626_.png,,,2026-10-06T01:46:30.419524
MO,2026-06-01,2026-06-30,monthly,ALL,TOTAL,TOTAL,,online,other,2597896175,204143440,204143440.0,,,2393752735.0,,,0.07858029199338576,30,False,False,SW_Monthly_Financials_0626_.xlsx,SPORT DETAIL MOBILE,,,,,https://www.mgc.dps.mo.gov/SportsWagering/sw_financials/FY26_SWFinReport/06_Jun/SW Monthly Financials 0626 .xlsx,https://www.mgc.dps.mo.gov/SportsWagering/sw_financials/rb_SWFin_main.html,MO/screenshots/MO_2026_10_SW_Monthly_Financials_0626_.png,,,2026-10-06T01:46:30.419524
MO,2026-06-01,2026-06-30,monthly,ALL,TOTAL,TOTAL,,retail,football,1675040,999379,999379.0,,,675661.0,,,0.596629931225523,30,False,False,SW_Monthly_Financials_0626_.xlsx,SPORT DETAIL RETAIL,,,,,https://www.mgc.dps.mo.gov/SportsWagering/sw_financials/FY26_SWFinReport/06_Jun/SW Monthly Financials 0626 .xlsx,https://www.mgc.dps.mo.gov/SportsWagering/sw_financials/rb_SWFin_main.html,MO/screenshots/MO_2026_10_SW_Monthly_Financials_0626_.png,,,2026-10-06T01:46:30.419524
MO,2026-06-01,2026-06-30,monthly,ALL,TOTAL,TOTAL,,retail,basketball,50451973,5498274,5498274.0,,,44953699.0,,,0.10898035642728977,30,False,False,SW_Monthly_Financials_0626_.xlsx,SPORT DETAIL RETAIL,,,,,https://www.mgc.dps.mo.gov/SportsWagering/sw_financials/FY26_SWFinReport/06_Jun/SW Monthly Financials 0626 .xlsx,https://www.mgc.dps.mo.gov/SportsWagering/sw_financials/rb_SWFin_main.html,MO/screenshots/MO_2026_10_SW_Monthly_Financials_0626_.png,,,2026-10-06T01:46:30.419524
MO,2026-03-01,2026-03-31,monthly,DRAFTKINGS -  MOBILE,DraftKings,DraftKings,DraftKings Inc,online,,11856536539,982632342,,,982632342.0,,98263234.0,,0.08287684508606734,31,False,False,SW_Monthly_Financials_0626_.xlsx,MONTHLY STATS MOBILE,52.0,,,,https://www.mgc.dps.mo.gov/SportsWagering/sw_financials/FY26_SWFinReport/06_Jun/SW Monthly Financials 0626 .xlsx,https://www.mgc.dps.mo.gov/SportsWagering/sw_financials/rb_SWFin_main.html,MO/screenshots/MO_2026_10_SW_Monthly_Financials_0626_.png,2026-03-01 00:00:00 | 3986199 | 118565365.39 | 108739041.97 | 9826323.420000002 | 982632.3420000002,"{""headers"": [""LICENSEE"", ""MO/YR"", ""WAGERS"", ""HANDLE"", """", ""DEDUCTIONS"", """", ""TAXABLE AGR"", ""WAGERING TAX""], ""rows"": [["""", ""2026-01-01 00:00:00"", ""6053909"", ""144392171.29"", """", ""148109947.16"", """", ""-3717775.870000005"", ""0""], ["""", ""2026-02-01 00:00:00"", ""3805050"", ""104914982.56"", """", ""100103567.16000001"", """", ""4811415.399999991"", ""481141.5399999991""], ["""", ""2026-03-01 00:00:00"", ""3986199"", ""118565365.39"", """", ""108739041.97"", """", ""9826323.420000002"", ""982632.3420000002""], ["""", ""2026-04-01 00:00:00"", ""3553436"", ""102547817.76"", """", ""92828228.02"", """", ""9719589.74000001"", ""971958.974000001""], ["""", ""2026-05-01 00:00:00"", ""3211380"", ""94675013.88"", """", ""85657215.67"", """", ""9017798.209999993"", ""901779.8209999994""]], ""highlight"": 2}",2026-10-06T01:46:30.419524
MO,2026-01-01,2026-01-31,monthly,FANDUEL - MOBILE,FanDuel,FanDuel,Flutter Entertainment,online,,12569727180,-90431902,,,-90431902.0,,0.0,,-0.007194420428144885,31,False,False,SW_Monthly_Financials_0626_.xlsx,MONTHLY STATS MOBILE,70.0,,,,https://www.mgc.dps.mo.gov/SportsWagering/sw_financials/FY26_SWFinReport/06_Jun/SW Monthly Financials 0626 .xlsx,https://www.mgc.dps.mo.gov/SportsWagering/sw_financials/rb_SWFin_main.html,MO/screenshots/MO_2026_10_SW_Monthly_Financials_0626_.png,2026-01-01 00:00:00 | 6463816 | 125697271.8 | 126601590.82 | -904319.0199999958 | 0,"{""headers"": [""LICENSEE"", ""MO/YR"", ""WAGERS"", ""HANDLE"", """", ""DEDUCTIONS"", """", ""TAXABLE AGR"", ""WAGERING TAX""], ""rows"": [["""", """", """", """", """", """", """", """", """"], [""FANDUEL - MOBILE"", ""2025-12-01 00:00:00"", ""9029790"", ""212699569.63"", """", ""219885399.09"", """", ""-7185829.460000008"", ""0""], ["""", ""2026-01-01 00:00:00"", ""6463816"", ""125697271.8"", """", ""126601590.82"", """", ""-904319.0199999958"", ""0""], ["""", ""2026-02-01 00:00:00"", ""4044236"", ""92529457.48"", """", ""86591285.47999999"", """", ""5938172.000000015"", ""593817.2000000015""], ["""", ""2026-03-01 00:00:00"", ""4809075"", ""107383968.83"", """", ""99988884.24"", """", ""7395084.590000004"", ""739508.4590000004""]], ""highlight"": 2}",2026-10-06T01:46:30.419524
MO,2026-04-01,2026-04-30,monthly,DRAFTKINGS -  MOBILE,DraftKings,DraftKings,DraftKings Inc,online,,10254781776,971958974,,,971958974.0,,97195897.0,,0.09478104900045217,30,False,False,SW_Monthly_Financials_0626_.xlsx,MONTHLY STATS MOBILE,53.0,,,,https://www.mgc.dps.mo.gov/SportsWagering/sw_financials/FY26_SWFinReport/06_Jun/SW Monthly Financials 0626 .xlsx,https://www.mgc.dps.mo.gov/SportsWagering/sw_financials/rb_SWFin_main.html,MO/screenshots/MO_2026_10_SW_Monthly_Financials_0626_.png,2026-04-01 00:00:00 | 3553436 | 102547817.76 | 92828228.02 | 9719589.74000001 | 971958.974000001,"{""headers"": [""LICENSEE"", ""MO/YR"", ""WAGERS"", ""HANDLE"", """", ""DEDUCTIONS"", """", ""TAXABLE AGR"", ""WAGERING TAX""], ""rows"": [["""", ""2026-02-01 00:00:00"", ""3805050"", ""104914982.56"", """", ""100103567.16000001"", """", ""4811415.399999991"", ""481141.5399999991""], ["""", ""2026-03-01 00:00:00"", ""3986199"", ""118565365.39"", """", ""108739041.97"", """", ""9826323.420000002"", ""982632.3420000002""], ["""", ""2026-04-01 00:00:00"", ""3553436"", ""102547817.76"", """", ""92828228.02"", """", ""9719589.74000001"", ""971958.974000001""], ["""", ""2026-05-01 00:00:00"", ""3211380"", ""94675013.88"", """", ""85657215.67"", """", ""9017798.209999993"", ""901779.8209999994""], ["""", ""2026-06-01 00:00:00"", ""3362858"", ""103414467.81"", """", ""97650027.36"", """", ""5764440.450000003"", ""576444.0450000003""]], ""highlight"": 2}",2026-10-06T01:46:30.419524
MO,2026-05-01,2026-05-31,monthly,DRAFTKINGS -  MOBILE,DraftKings,DraftKings,DraftKings Inc,online,,9467501388,901779821,,,901779821.0,,90177982.0,,0.09525003314422541,31,False,False,SW_Monthly_Financials_0626_.xlsx,MONTHLY STATS MOBILE,54.0,,,,https://www.mgc.dps.mo.gov/SportsWagering/sw_financials/FY26_SWFinReport/06_Jun/SW Monthly Financials 0626 .xlsx,https://www.mgc.dps.mo.gov/SportsWagering/sw_financials/rb_SWFin_main.html,MO/screenshots/MO_2026_10_SW_Monthly_Financials_0626_.png,2026-05-01 00:00:00 | 3211380 | 94675013.88 | 85657215.67 | 9017798.209999993 | 901779.8209999994,"{""headers"": [""LICENSEE"", ""MO/YR"", ""WAGERS"", ""HANDLE"", """", ""DEDUCTIONS"", """", ""TAXABLE AGR"", ""WAGERING TAX""], ""rows"": [["""", ""2026-03-01 00:00:00"", ""3986199"", ""118565365.39"", """", ""108739041.97"", """", ""9826323.420000002"", ""982632.3420000002""], ["""", ""2026-04-01 00:00:00"", ""3553436"", ""102547817.76"", """", ""92828228.02"", """", ""9719589.74000001"", ""971958.974000001""], ["""", ""2026-05-01 00:00:00"", ""3211380"", ""94675013.88"", """", ""85657215.67"", """", ""9017798.209999993"", ""901779.8209999994""], ["""", ""2026-06-01 00:00:00"", ""3362858"", ""103414467.81"", """", ""97650027.36"", """", ""5764440.450000003"", ""576444.0450000003""], ["""", """", """", """", """", """", """", """", """"]], ""highlight"": 2}",2026-10-06T01:46:30.419524
MO,2026-06-01,2026-06-30,monthly,DRAFTKINGS -  MOBILE,DraftKings,DraftKings,DraftKings Inc,online,,10341446781,576444045,937336611.0,337854966.0,576444045.0,9365790315.0,57644405.0,23037600.0,0.05574114117756537,30,False,False,SW_Monthly_Financials_0626_.xlsx,MONTHLY STATS MOBILE,55.0,,,,https://www.mgc.dps.mo.gov/SportsWagering/sw_financials/FY26_SWFinReport/06_Jun/SW Monthly Financials 0626 .xlsx,https://www.mgc.dps.mo.gov/SportsWagering/sw_financials/rb_SWFin_main.html,MO/screenshots/MO_2026_10_SW_Monthly_Financials_0626_.png,2026-06-01 00:00:00 | 3362858 | 103414467.81 | 97650027.36 | 5764440.450000003 | 576444.0450000003,"{""headers"": [""LICENSEE"", ""MO/YR"", ""WAGERS"", ""HANDLE"", """", ""DEDUCTIONS"", """", ""TAXABLE AGR"", ""WAGERING TAX""], ""rows"": [["""", ""2026-04-01 00:00:00"", ""3553436"", ""102547817.76"", """", ""92828228.02"", """", ""9719589.74000001"", ""971958.974000001""], ["""", ""2026-05-01 00:00:00"", ""3211380"", ""94675013.88"", """", ""85657215.67"", """", ""9017798.209999993"", ""901779.8209999994""], ["""", ""2026-06-01 00:00:00"", ""3362858"", ""103414467.81"", """", ""97650027.36"", """", ""5764440.450000003"", ""576444.0450000003""], ["""", """", """", """", """", """", """", """", """"], [""TOTALS:"", """", ""36018869"", ""863835661.29"", """", ""845329008.31"", """", ""18506652.97999999"", ""3913956.722""]], ""highlight"": 2}",2026-10-06T01:46:30.419524
MO,2025-12-01,2025-12-31,monthly,FANATICS - MOBILE,Fanatics,Fanatics,Fanatics Inc,online,,2281836705,-163668833,,,-163668833.0,,0.0,,-0.07172679475326435,31,False,False,SW_Monthly_Financials_0626_.xlsx,MONTHLY STATS MOBILE,59.0,,,,https://www.mgc.dps.mo.gov/SportsWagering/sw_financials/FY26_SWFinReport/06_Jun/SW Monthly Financials 0626 .xlsx,https://www.mgc.dps.mo.gov/SportsWagering/sw_financials/rb_SWFin_main.html,MO/screenshots/MO_2026_10_SW_Monthly_Financials_0626_.png,FANATICS - MOBILE | 2025-12-01 00:00:00 | 531280 | 22818367.05 | 24455055.38 | -1636688.3299999982 | 0,"{""headers"": [""LICENSEE"", ""MO/YR"", ""WAGERS"", ""HANDLE"", """", ""DEDUCTIONS"", """", ""TAXABLE AGR"", ""WAGERING TAX""], ""rows"": [[""TOTALS:"", """", ""36018869"", ""863835661.29"", """", ""845329008.31"", """", ""18506652.97999999"", ""3913956.722""], ["""", """", """", """", """", """", """", """", """"], [""FANATICS - MOBILE"", ""2025-12-01 00:00:00"", ""531280"", ""22818367.05"", """", ""24455055.38"", """", ""-1636688.3299999982"", ""0""], ["""", ""2026-01-01 00:00:00"", ""644108"", ""21034033.41"", """", ""22786872.840000004"", """", ""-1752839.4300000034"", ""0""], ["""", ""2026-02-01 00:00:00"", ""528350"", ""17767806.21"", """", ""18893235.4"", """", ""-1125429.1899999976"", ""0""]], ""highlight"": 2}",2026-10-06T01:46:30.419524
MO,2026-01-01,2026-01-31,monthly,FANATICS - MOBILE,Fanatics,Fanatics,Fanatics Inc,online,,2103403341,-175283943,,,-175283943.0,,0.0,,-0.08333349081620575,31,False,False,SW_Monthly_Financials_0626_.xlsx,MONTHLY STATS MOBILE,60.0,,,,https://www.mgc.dps.mo.gov/SportsWagering/sw_financials/FY26_SWFinReport/06_Jun/SW Monthly Financials 0626 .xlsx,https://www.mgc.dps.mo.gov/SportsWagering/sw_financials/rb_SWFin_main.html,MO/screenshots/MO_2026_10_SW_Monthly_Financials_0626_.png,2026-01-01 00:00:00 | 644108 | 21034033.41 | 22786872.840000004 | -1752839.4300000034 | 0,"{""headers"": [""LICENSEE"", ""MO/YR"", ""WAGERS"", ""HANDLE"", """", ""DEDUCTIONS"", """", ""TAXABLE AGR"", ""WAGERING TAX""], ""rows"": [["""", """", """", """", """", """", """", """", """"], [""FANATICS - MOBILE"", ""2025-12-01 00:00:00"", ""531280"", ""22818367.05"", """", ""24455055.38"", """", ""-1636688.3299999982"", ""0""], ["""", ""2026-01-01 00:00:00"", ""644108"", ""21034033.41"", """", ""22786872.840000004"", """", ""-1752839.4300000034"", ""0""], ["""", ""2026-02-01 00:00:00"", ""528350"", ""17767806.21"", """", ""18893235.4"", """", ""-1125429.1899999976"", ""0""], ["""", ""2026-03-01 00:00:00"", ""591525"", ""26467728.26"", """", ""27182511.060000002"", """", ""-714782.8000000007"", ""0""]], ""highlight"": 2}",2026-10-06T01:46:30.419524
MO,2026-02-01,2026-02-28,monthly,FANATICS - MOBILE,Fanatics,Fanatics,Fanatics Inc,online,,1776780621,-112542919,,,-112542919.0,,0.0,,-0.06334091990302049,28,False,False,SW_Monthly_Financials_0626_.xlsx,MONTHLY STATS MOBILE,61.0,,,,https://www.mgc.dps.mo.gov/SportsWagering/sw_financials/FY26_SWFinReport/06_Jun/SW Monthly Financials 0626 .xlsx,https://www.mgc.dps.mo.gov/SportsWagering/sw_financials/rb_SWFin_main.html,MO/screenshots/MO_2026_10_SW_Monthly_Financials_0626_.png,2026-02-01 00:00:00 | 528350 | 17767806.21 | 18893235.4 | -1125429.1899999976 | 0,"{""headers"": [""LICENSEE"", ""MO/YR"", ""WAGERS"", ""HANDLE"", """", ""DEDUCTIONS"", """", ""TAXABLE AGR"", ""WAGERING TAX""], ""rows"": [[""FANATICS - MOBILE"", ""2025-12-01 00:00:00"", ""531280"", ""22818367.05"", """", ""24455055.38"", """", ""-1636688.3299999982"", ""0""], ["""", ""2026-01-01 00:00:00"", ""644108"", ""21034033.41"", """", ""22786872.840000004"", """", ""-1752839.4300000034"", ""0""], ["""", ""2026-02-01 00:00:00"", ""528350"", ""17767806.21"", """", ""18893235.4"", """", ""-1125429.1899999976"", ""0""], ["""", ""2026-03-01 00:00:00"", ""591525"", ""26467728.26"", """", ""27182511.060000002"", """", ""-714782.8000000007"", ""0""], ["""", ""2026-04-01 00:00:00"", ""487423"", ""22900471.73"", """", ""22188260.42"", """", ""712211.3099999987"", ""71221.13099999986""]], ""highlight"": 2}",2026-10-06T01:46:30.419524
MO,2026-03-01,2026-03-31,monthly,FANATICS - MOBILE,Fanatics,Fanatics,Fanatics Inc,online,,2646772826,-71478280,,,-71478280.0,,0.0,,-0.027005823581778,31,False,False,SW_Monthly_Financials_0626_.xlsx,MONTHLY STATS MOBILE,62.0,,,,https://www.mgc.dps.mo.gov/SportsWagering/sw_financials/FY26_SWFinReport/06_Jun/SW Monthly Financials 0626 .xlsx,https://www.mgc.dps.mo.gov/SportsWagering/sw_financials/rb_SWFin_main.html,MO/screenshots/MO_2026_10_SW_Monthly_Financials_0626_.png,2026-03-01 00:00:00 | 591525 | 26467728.26 | 27182511.060000002 | -714782.8000000007 | 0,"{""headers"": [""LICENSEE"", ""MO/YR"", ""WAGERS"", ""HANDLE"", """", ""DEDUCTIONS"", """", ""TAXABLE AGR"", ""WAGERING TAX""], ""rows"": [["""", ""2026-01-01 00:00:00"", ""644108"", ""21034033.41"", """", ""22786872.840000004"", """", ""-1752839.4300000034"", ""0""], ["""", ""2026-02-01 00:00:00"", ""528350"", ""17767806.21"", """", ""18893235.4"", """", ""-1125429.1899999976"", ""0""], ["""", ""2026-03-01 00:00:00"", ""591525"", ""26467728.26"", """", ""27182511.060000002"", """", ""-714782.8000000007"", ""0""], ["""", ""2026-04-01 00:00:00"", ""487423"", ""22900471.73"", """", ""22188260.42"", """", ""712211.3099999987"", ""71221.13099999986""], ["""", ""2026-05-01 00:00:00"", ""507487"", ""22116772.72"", """", ""20928834.47"", """", ""1187938.25"", ""118793.82500000001""]], ""highlight"": 2}",2026-10-06T01:46:30.419524
MO,2026-04-01,2026-04-30,monthly,FANATICS - MOBILE,Fanatics,Fanatics,Fanatics Inc,online,,2290047173,71221131,,,71221131.0,,7122113.0,,0.031100289915294246,30,False,False,SW_Monthly_Financials_0626_.xlsx,MONTHLY STATS MOBILE,63.0,,,,https://www.mgc.dps.mo.gov/SportsWagering/sw_financials/FY26_SWFinReport/06_Jun/SW Monthly Financials 0626 .xlsx,https://www.mgc.dps.mo.gov/SportsWagering/sw_financials/rb_SWFin_main.html,MO/screenshots/MO_2026_10_SW_Monthly_Financials_0626_.png,2026-04-01 00:00:00 | 487423 | 22900471.73 | 22188260.42 | 712211.3099999987 | 71221.13099999986,"{""headers"": [""LICENSEE"", ""MO/YR"", ""WAGERS"", ""HANDLE"", """", ""DEDUCTIONS"", """", ""TAXABLE AGR"", ""WAGERING TAX""], ""rows"": [["""", ""2026-02-01 00:00:00"", ""528350"", ""17767806.21"", """", ""18893235.4"", """", ""-1125429.1899999976"", ""0""], ["""", ""2026-03-01 00:00:00"", ""591525"", ""26467728.26"", """", ""27182511.060000002"", """", ""-714782.8000000007"", ""0""], ["""", ""2026-04-01 00:00:00"", ""487423"", ""22900471.73"", """", ""22188260.42"", """", ""712211.3099999987"", ""71221.13099999986""], ["""", ""2026-05-01 00:00:00"", ""507487"", ""22116772.72"", """", ""20928834.47"", """", ""1187938.25"", ""118793.82500000001""], ["""", ""2026-06-01 00:00:00"", ""477370"", ""19391322.01"", """", ""18602952.1"", """", ""788369.9100000001"", ""78836.99100000002""]], ""highlight"": 2}",2026-10-06T01:46:30.419524
MO,2026-05-01,2026-05-31,monthly,FANATICS - MOBILE,Fanatics,Fanatics,Fanatics Inc,online,,2211677272,118793825,,,118793825.0,,11879383.0,,0.05371209737692688,31,False,False,SW_Monthly_Financials_0626_.xlsx,MONTHLY STATS MOBILE,64.0,,,,https://www.mgc.dps.mo.gov/SportsWagering/sw_financials/FY26_SWFinReport/06_Jun/SW Monthly Financials 0626 .xlsx,https://www.mgc.dps.mo.gov/SportsWagering/sw_financials/rb_SWFin_main.html,MO/screenshots/MO_2026_10_SW_Monthly_Financials_0626_.png,2026-05-01 00:00:00 | 507487 | 22116772.72 | 20928834.47 | 1187938.25 | 118793.82500000001,"{""headers"": [""LICENSEE"", ""MO/YR"", ""WAGERS"", ""HANDLE"", """", ""DEDUCTIONS"", """", ""TAXABLE AGR"", ""WAGERING TAX""], ""rows"": [["""", ""2026-03-01 00:00:00"", ""591525"", ""26467728.26"", """", ""27182511.060000002"", """", ""-714782.8000000007"", ""0""], ["""", ""2026-04-01 00:00:00"", ""487423"", ""22900471.73"", """", ""22188260.42"", """", ""712211.3099999987"", ""71221.13099999986""], ["""", ""2026-05-01 00:00:00"", ""507487"", ""22116772.72"", """", ""20928834.47"", """", ""1187938.25"", ""118793.82500000001""], ["""", ""2026-06-01 00:00:00"", ""477370"", ""19391322.01"", """", ""18602952.1"", """", ""788369.9100000001"", ""78836.99100000002""], ["""", """", """", """", """", """", """", """", """"]], ""highlight"": 2}",2026-10-06T01:46:30.419524
MO,2026-06-01,2026-06-30,monthly,FANATICS - MOBILE,Fanatics,Fanatics,Fanatics Inc,online,,1939132201,78836991,130468780.0,46252256.0,78836991.0,1797616549.0,7883699.0,5379533.0,0.040655810346166284,30,False,False,SW_Monthly_Financials_0626_.xlsx,MONTHLY STATS MOBILE,65.0,,,,https://www.mgc.dps.mo.gov/SportsWagering/sw_financials/FY26_SWFinReport/06_Jun/SW Monthly Financials 0626 .xlsx,https://www.mgc.dps.mo.gov/SportsWagering/sw_financials/rb_SWFin_main.html,MO/screenshots/MO_2026_10_SW_Monthly_Financials_0626_.png,2026-06-01 00:00:00 | 477370 | 19391322.01 | 18602952.1 | 788369.9100000001 | 78836.99100000002,"{""headers"": [""LICENSEE"", ""MO/YR"", ""WAGERS"", ""HANDLE"", """", ""DEDUCTIONS"", """", ""TAXABLE AGR"", ""WAGERING TAX""], ""rows"": [["""", ""2026-04-01 00:00:00"", ""487423"", ""22900471.73"", """", ""22188260.42"", """", ""712211.3099999987"", ""71221.13099999986""], ["""", ""2026-05-01 00:00:00"", ""507487"", ""22116772.72"", """", ""20928834.47"", """", ""1187938.25"", ""118793.82500000001""], ["""", ""2026-06-01 00:00:00"", ""477370"", ""19391322.01"", """", ""18602952.1"", """", ""788369.9100000001"", ""78836.99100000002""], ["""", """", """", """", """", """", """", """", """"], [""TOTALS:"", """", ""3767543"", ""152496501.39000002"", """", ""155037721.67"", """", ""-2541220.280000001"", ""268851.9469999999""]], ""highlight"": 2}",2026-10-06T01:46:30.419524
MO,2025-12-01,2025-12-31,monthly,FANDUEL - MOBILE,FanDuel,FanDuel,Flutter Entertainment,online,,21269956963,-718582946,,,-718582946.0,,0.0,,-0.03378393981943667,31,False,False,SW_Monthly_Financials_0626_.xlsx,MONTHLY STATS MOBILE,69.0,,,,https://www.mgc.dps.mo.gov/SportsWagering/sw_financials/FY26_SWFinReport/06_Jun/SW Monthly Financials 0626 .xlsx,https://www.mgc.dps.mo.gov/SportsWagering/sw_financials/rb_SWFin_main.html,MO/screenshots/MO_2026_10_SW_Monthly_Financials_0626_.png,FANDUEL - MOBILE | 2025-12-01 00:00:00 | 9029790 | 212699569.63 | 219885399.09 | -7185829.460000008 | 0,"{""headers"": [""LICENSEE"", ""MO/YR"", ""WAGERS"", ""HANDLE"", """", ""DEDUCTIONS"", """", ""TAXABLE AGR"", ""WAGERING TAX""], ""rows"": [[""TOTALS:"", """", ""3767543"", ""152496501.39000002"", """", ""155037721.67"", """", ""-2541220.280000001"", ""268851.9469999999""], ["""", """", """", """", """", """", """", """", """"], [""FANDUEL - MOBILE"", ""2025-12-01 00:00:00"", ""9029790"", ""212699569.63"", """", ""219885399.09"", """", ""-7185829.460000008"", ""0""], ["""", ""2026-01-01 00:00:00"", ""6463816"", ""125697271.8"", """", ""126601590.82"", """", ""-904319.0199999958"", ""0""], ["""", ""2026-02-01 00:00:00"", ""4044236"", ""92529457.48"", """", ""86591285.47999999"", """", ""5938172.000000015"", ""593817.2000000015""]], ""highlight"": 2}",2026-10-06T01:46:30.419524
MO,2026-02-01,2026-02-28,monthly,FANDUEL - MOBILE,FanDuel,FanDuel,Flutter Entertainment,online,,9252945748,593817200,,,593817200.0,,59381720.0,,0.06417601660837059,28,False,False,SW_Monthly_Financials_0626_.xlsx,MONTHLY STATS MOBILE,71.0,,,,https://www.mgc.dps.mo.gov/SportsWagering/sw_financials/FY26_SWFinReport/06_Jun/SW Monthly Financials 0626 .xlsx,https://www.mgc.dps.mo.gov/SportsWagering/sw_financials/rb_SWFin_main.html,MO/screenshots/MO_2026_10_SW_Monthly_Financials_0626_.png,2026-02-01 00:00:00 | 4044236 | 92529457.48 | 86591285.47999999 | 5938172.000000015 | 593817.2000000015,"{""headers"": [""LICENSEE"", ""MO/YR"", ""WAGERS"", ""HANDLE"", """", ""DEDUCTIONS"", """", ""TAXABLE AGR"", ""WAGERING TAX""], ""rows"": [[""FANDUEL - MOBILE"", ""2025-12-01 00:00:00"", ""9029790"", ""212699569.63"", """", ""219885399.09"", """", ""-7185829.460000008"", ""0""], ["""", ""2026-01-01 00:00:00"", ""6463816"", ""125697271.8"", """", ""126601590.82"", """", ""-904319.0199999958"", ""0""], ["""", ""2026-02-01 00:00:00"", ""4044236"", ""92529457.48"", """", ""86591285.47999999"", """", ""5938172.000000015"", ""593817.2000000015""], ["""", ""2026-03-01 00:00:00"", ""4809075"", ""107383968.83"", """", ""99988884.24"", """", ""7395084.590000004"", ""739508.4590000004""], ["""", ""2026-04-01 00:00:00"", ""4384191"", ""88496276.72"", """", ""81743244.3"", """", ""6753032.420000002"", ""675303.2420000002""]], ""highlight"": 2}",2026-10-06T01:46:30.419524
MO,2026-06-01,2026-06-30,monthly,ALL,TOTAL,TOTAL,,retail,baseball,175643229,815251,815251.0,,,174827978.0,,,0.004641516810192552,30,False,False,SW_Monthly_Financials_0626_.xlsx,SPORT DETAIL RETAIL,,,,,https://www.mgc.dps.mo.gov/SportsWagering/sw_financials/FY26_SWFinReport/06_Jun/SW Monthly Financials 0626 .xlsx,https://www.mgc.dps.mo.gov/SportsWagering/sw_financials/rb_SWFin_main.html,MO/screenshots/MO_2026_10_SW_Monthly_Financials_0626_.png,,,2026-10-06T01:46:30.419524
MO,2026-03-01,2026-03-31,monthly,FANDUEL - MOBILE,FanDuel,FanDuel,Flutter Entertainment,online,,10738396883,739508459,,,739508459.0,,73950846.0,,0.06886581554558846,31,False,False,SW_Monthly_Financials_0626_.xlsx,MONTHLY STATS MOBILE,72.0,,,,https://www.mgc.dps.mo.gov/SportsWagering/sw_financials/FY26_SWFinReport/06_Jun/SW Monthly Financials 0626 .xlsx,https://www.mgc.dps.mo.gov/SportsWagering/sw_financials/rb_SWFin_main.html,MO/screenshots/MO_2026_10_SW_Monthly_Financials_0626_.png,2026-03-01 00:00:00 | 4809075 | 107383968.83 | 99988884.24 | 7395084.590000004 | 739508.4590000004,"{""headers"": [""LICENSEE"", ""MO/YR"", ""WAGERS"", ""HANDLE"", """", ""DEDUCTIONS"", """", ""TAXABLE AGR"", ""WAGERING TAX""], ""rows"": [["""", ""2026-01-01 00:00:00"", ""6463816"", ""125697271.8"", """", ""126601590.82"", """", ""-904319.0199999958"", ""0""], ["""", ""2026-02-01 00:00:00"", ""4044236"", ""92529457.48"", """", ""86591285.47999999"", """", ""5938172.000000015"", ""593817.2000000015""], ["""", ""2026-03-01 00:00:00"", ""4809075"", ""107383968.83"", """", ""99988884.24"", """", ""7395084.590000004"", ""739508.4590000004""], ["""", ""2026-04-01 00:00:00"", ""4384191"", ""88496276.72"", """", ""81743244.3"", """", ""6753032.420000002"", ""675303.2420000002""], ["""", ""2026-05-01 00:00:00"", ""3191828"", ""82585784.57"", """", ""74724714.56"", """", ""7861070.00999999"", ""786107.0009999991""]], ""highlight"": 2}",2026-10-06T01:46:30.419524
MO,2026-04-01,2026-04-30,monthly,FANDUEL - MOBILE,FanDuel,FanDuel,Flutter Entertainment,online,,8849627672,675303242,,,675303242.0,,67530324.0,,0.07630866145212442,30,False,False,SW_Monthly_Financials_0626_.xlsx,MONTHLY STATS MOBILE,73.0,,,,https://www.mgc.dps.mo.gov/SportsWagering/sw_financials/FY26_SWFinReport/06_Jun/SW Monthly Financials 0626 .xlsx,https://www.mgc.dps.mo.gov/SportsWagering/sw_financials/rb_SWFin_main.html,MO/screenshots/MO_2026_10_SW_Monthly_Financials_0626_.png,2026-04-01 00:00:00 | 4384191 | 88496276.72 | 81743244.3 | 6753032.420000002 | 675303.2420000002,"{""headers"": [""LICENSEE"", ""MO/YR"", ""WAGERS"", ""HANDLE"", """", ""DEDUCTIONS"", """", ""TAXABLE AGR"", ""WAGERING TAX""], ""rows"": [["""", ""2026-02-01 00:00:00"", ""4044236"", ""92529457.48"", """", ""86591285.47999999"", """", ""5938172.000000015"", ""593817.2000000015""], ["""", ""2026-03-01 00:00:00"", ""4809075"", ""107383968.83"", """", ""99988884.24"", """", ""7395084.590000004"", ""739508.4590000004""], ["""", ""2026-04-01 00:00:00"", ""4384191"", ""88496276.72"", """", ""81743244.3"", """", ""6753032.420000002"", ""675303.2420000002""], ["""", ""2026-05-01 00:00:00"", ""3191828"", ""82585784.57"", """", ""74724714.56"", """", ""7861070.00999999"", ""786107.0009999991""], ["""", ""2026-06-01 00:00:00"", ""1926576"", ""76280154.77"", """", ""71848556.4"", """", ""4431598.36999999"", ""443159.836999999""]], ""highlight"": 2}",2026-10-06T01:46:30.419524
MO,2026-05-01,2026-05-31,monthly,FANDUEL - MOBILE,FanDuel,FanDuel,Flutter Entertainment,online,,8258578457,786107001,,,786107001.0,,78610700.0,,0.09518672070417797,31,False,False,SW_Monthly_Financials_0626_.xlsx,MONTHLY STATS MOBILE,74.0,,,,https://www.mgc.dps.mo.gov/SportsWagering/sw_financials/FY26_SWFinReport/06_Jun/SW Monthly Financials 0626 .xlsx,https://www.mgc.dps.mo.gov/SportsWagering/sw_financials/rb_SWFin_main.html,MO/screenshots/MO_2026_10_SW_Monthly_Financials_0626_.png,2026-05-01 00:00:00 | 3191828 | 82585784.57 | 74724714.56 | 7861070.00999999 | 786107.0009999991,"{""headers"": [""LICENSEE"", ""MO/YR"", ""WAGERS"", ""HANDLE"", """", ""DEDUCTIONS"", """", ""TAXABLE AGR"", ""WAGERING TAX""], ""rows"": [["""", ""2026-03-01 00:00:00"", ""4809075"", ""107383968.83"", """", ""99988884.24"", """", ""7395084.590000004"", ""739508.4590000004""], ["""", ""2026-04-01 00:00:00"", ""4384191"", ""88496276.72"", """", ""81743244.3"", """", ""6753032.420000002"", ""675303.2420000002""], ["""", ""2026-05-01 00:00:00"", ""3191828"", ""82585784.57"", """", ""74724714.56"", """", ""7861070.00999999"", ""786107.0009999991""], ["""", ""2026-06-01 00:00:00"", ""1926576"", ""76280154.77"", """", ""71848556.4"", """", ""4431598.36999999"", ""443159.836999999""], ["""", """", """", """", """", """", """", """", """"]], ""highlight"": 2}",2026-10-06T01:46:30.419524
MO,2026-06-01,2026-06-30,monthly,FANDUEL - MOBILE,FanDuel,FanDuel,Flutter Entertainment,online,,7628015477,443159837,789423787.0,326536010.0,443159837.0,6808727393.0,44315984.0,19727940.0,0.0580963473836958,30,False,False,SW_Monthly_Financials_0626_.xlsx,MONTHLY STATS MOBILE,75.0,,,,https://www.mgc.dps.mo.gov/SportsWagering/sw_financials/FY26_SWFinReport/06_Jun/SW Monthly Financials 0626 .xlsx,https://www.mgc.dps.mo.gov/SportsWagering/sw_financials/rb_SWFin_main.html,MO/screenshots/MO_2026_10_SW_Monthly_Financials_0626_.png,2026-06-01 00:00:00 | 1926576 | 76280154.77 | 71848556.4 | 4431598.36999999 | 443159.836999999,"{""headers"": [""LICENSEE"", ""MO/YR"", ""WAGERS"", ""HANDLE"", """", ""DEDUCTIONS"", """", ""TAXABLE AGR"", ""WAGERING TAX""], ""rows"": [["""", ""2026-04-01 00:00:00"", ""4384191"", ""88496276.72"", """", ""81743244.3"", """", ""6753032.420000002"", ""675303.2420000002""], ["""", ""2026-05-01 00:00:00"", ""3191828"", ""82585784.57"", """", ""74724714.56"", """", ""7861070.00999999"", ""786107.0009999991""], ["""", ""2026-06-01 00:00:00"", ""1926576"", ""76280154.77"", """", ""71848556.4"", """", ""4431598.36999999"", ""443159.836999999""], ["""", """", """", """", """", """", """", """", """"], [""TOTALS:"", """", ""33849512"", ""785672483.8"", """", ""761383674.89"", """", ""24288808.909999996"", ""3237895.739""]], ""highlight"": 2}",2026-10-06T01:46:30.419524
MO,2025-12-01,2025-12-31,monthly,PENN SPORTS INTERACTIVE- MOBILE,ESPN Bet,ESPN Bet,PENN Entertainment,online,,625385156,22758980,,,22758980.0,,2275898.0,,0.03639194148061935,31,False,False,SW_Monthly_Financials_0626_.xlsx,MONTHLY STATS MOBILE,79.0,,,,https://www.mgc.dps.mo.gov/SportsWagering/sw_financials/FY26_SWFinReport/06_Jun/SW Monthly Financials 0626 .xlsx,https://www.mgc.dps.mo.gov/SportsWagering/sw_financials/rb_SWFin_main.html,MO/screenshots/MO_2026_10_SW_Monthly_Financials_0626_.png,PENN SPORTS INTERACTIVE- MOBILE | 2025-12-01 00:00:00 | 264479 | 6253851.56 | 6026261.76 | 227589.7999999998 | 22758.97999999998,"{""headers"": [""LICENSEE"", ""MO/YR"", ""WAGERS"", ""HANDLE"", """", ""DEDUCTIONS"", """", ""TAXABLE AGR"", ""WAGERING TAX""], ""rows"": [[""TOTALS:"", """", ""33849512"", ""785672483.8"", """", ""761383674.89"", """", ""24288808.909999996"", ""3237895.739""], ["""", """", """", """", """", """", """", """", """"], [""PENN SPORTS INTERACTIVE- MOBILE"", ""2025-12-01 00:00:00"", ""264479"", ""6253851.56"", """", ""6026261.76"", """", ""227589.7999999998"", ""22758.97999999998""], ["""", ""2026-01-01 00:00:00"", ""265726"", ""6722817.56"", """", ""6577175.43"", """", ""145642.1299999999"", ""14564.212999999989""], ["""", ""2026-02-01 00:00:00"", ""164600"", ""5141463.54"", """", ""4875544.9"", """", ""265918.63999999966"", ""26591.86399999997""]], ""highlight"": 2}",2026-10-06T01:46:30.419524
MO,2026-01-01,2026-01-31,monthly,PENN SPORTS INTERACTIVE- MOBILE,ESPN Bet,ESPN Bet,PENN Entertainment,online,,672281756,14564213,,,14564213.0,,1456421.0,,0.021663852796862153,31,False,False,SW_Monthly_Financials_0626_.xlsx,MONTHLY STATS MOBILE,80.0,,,,https://www.mgc.dps.mo.gov/SportsWagering/sw_financials/FY26_SWFinReport/06_Jun/SW Monthly Financials 0626 .xlsx,https://www.mgc.dps.mo.gov/SportsWagering/sw_financials/rb_SWFin_main.html,MO/screenshots/MO_2026_10_SW_Monthly_Financials_0626_.png,2026-01-01 00:00:00 | 265726 | 6722817.56 | 6577175.43 | 145642.1299999999 | 14564.212999999989,"{""headers"": [""LICENSEE"", ""MO/YR"", ""WAGERS"", ""HANDLE"", """", ""DEDUCTIONS"", """", ""TAXABLE AGR"", ""WAGERING TAX""], ""rows"": [["""", """", """", """", """", """", """", """", """"], [""PENN SPORTS INTERACTIVE- MOBILE"", ""2025-12-01 00:00:00"", ""264479"", ""6253851.56"", """", ""6026261.76"", """", ""227589.7999999998"", ""22758.97999999998""], ["""", ""2026-01-01 00:00:00"", ""265726"", ""6722817.56"", """", ""6577175.43"", """", ""145642.1299999999"", ""14564.212999999989""], ["""", ""2026-02-01 00:00:00"", ""164600"", ""5141463.54"", """", ""4875544.9"", """", ""265918.63999999966"", ""26591.86399999997""], ["""", ""2026-03-01 00:00:00"", ""172949"", ""6091437.27"", """", ""5782012.33"", """", ""309424.9399999995"", ""30942.493999999948""]], ""highlight"": 2}",2026-10-06T01:46:30.419524
MO,2026-02-01,2026-02-28,monthly,PENN SPORTS INTERACTIVE- MOBILE,ESPN Bet,ESPN Bet,PENN Entertainment,online,,514146354,26591864,,,26591864.0,,2659186.0,,0.05172041733471089,28,False,False,SW_Monthly_Financials_0626_.xlsx,MONTHLY STATS MOBILE,81.0,,,,https://www.mgc.dps.mo.gov/SportsWagering/sw_financials/FY26_SWFinReport/06_Jun/SW Monthly Financials 0626 .xlsx,https://www.mgc.dps.mo.gov/SportsWagering/sw_financials/rb_SWFin_main.html,MO/screenshots/MO_2026_10_SW_Monthly_Financials_0626_.png,2026-02-01 00:00:00 | 164600 | 5141463.54 | 4875544.9 | 265918.63999999966 | 26591.86399999997,"{""headers"": [""LICENSEE"", ""MO/YR"", ""WAGERS"", ""HANDLE"", """", ""DEDUCTIONS"", """", ""TAXABLE AGR"", ""WAGERING TAX""], ""rows"": [[""PENN SPORTS INTERACTIVE- MOBILE"", ""2025-12-01 00:00:00"", ""264479"", ""6253851.56"", """", ""6026261.76"", """", ""227589.7999999998"", ""22758.97999999998""], ["""", ""2026-01-01 00:00:00"", ""265726"", ""6722817.56"", """", ""6577175.43"", """", ""145642.1299999999"", ""14564.212999999989""], ["""", ""2026-02-01 00:00:00"", ""164600"", ""5141463.54"", """", ""4875544.9"", """", ""265918.63999999966"", ""26591.86399999997""], ["""", ""2026-03-01 00:00:00"", ""172949"", ""6091437.27"", """", ""5782012.33"", """", ""309424.9399999995"", ""30942.493999999948""], ["""", ""2026-04-01 00:00:00"", ""146323"", ""5006047.66"", """", ""4762287.79"", """", ""243759.8700000001"", ""24375.987000000012""]], ""highlight"": 2}",2026-10-06T01:46:30.419524
MO,2026-03-01,2026-03-31,monthly,PENN SPORTS INTERACTIVE- MOBILE,ESPN Bet,ESPN Bet,PENN Entertainment,online,,609143727,30942494,,,30942494.0,,3094249.0,,0.050796704666713245,31,False,False,SW_Monthly_Financials_0626_.xlsx,MONTHLY STATS MOBILE,82.0,,,,https://www.mgc.dps.mo.gov/SportsWagering/sw_financials/FY26_SWFinReport/06_Jun/SW Monthly Financials 0626 .xlsx,https://www.mgc.dps.mo.gov/SportsWagering/sw_financials/rb_SWFin_main.html,MO/screenshots/MO_2026_10_SW_Monthly_Financials_0626_.png,2026-03-01 00:00:00 | 172949 | 6091437.27 | 5782012.33 | 309424.9399999995 | 30942.493999999948,"{""headers"": [""LICENSEE"", ""MO/YR"", ""WAGERS"", ""HANDLE"", """", ""DEDUCTIONS"", """", ""TAXABLE AGR"", ""WAGERING TAX""], ""rows"": [["""", ""2026-01-01 00:00:00"", ""265726"", ""6722817.56"", """", ""6577175.43"", """", ""145642.1299999999"", ""14564.212999999989""], ["""", ""2026-02-01 00:00:00"", ""164600"", ""5141463.54"", """", ""4875544.9"", """", ""265918.63999999966"", ""26591.86399999997""], ["""", ""2026-03-01 00:00:00"", ""172949"", ""6091437.27"", """", ""5782012.33"", """", ""309424.9399999995"", ""30942.493999999948""], ["""", ""2026-04-01 00:00:00"", ""146323"", ""5006047.66"", """", ""4762287.79"", """", ""243759.8700000001"", ""24375.987000000012""], ["""", ""2026-05-01 00:00:00"", ""134889"", ""4294890.43"", """", ""3981012.5"", """", ""313877.9299999997"", ""31387.792999999972""]], ""highlight"": 2}",2026-10-06T01:46:30.419524
MO,2026-04-01,2026-04-30,monthly,PENN SPORTS INTERACTIVE- MOBILE,ESPN Bet,ESPN Bet,PENN Entertainment,online,,500604766,24375987,,,24375987.0,,2437599.0,,0.048693078163782405,30,False,False,SW_Monthly_Financials_0626_.xlsx,MONTHLY STATS MOBILE,83.0,,,,https://www.mgc.dps.mo.gov/SportsWagering/sw_financials/FY26_SWFinReport/06_Jun/SW Monthly Financials 0626 .xlsx,https://www.mgc.dps.mo.gov/SportsWagering/sw_financials/rb_SWFin_main.html,MO/screenshots/MO_2026_10_SW_Monthly_Financials_0626_.png,2026-04-01 00:00:00 | 146323 | 5006047.66 | 4762287.79 | 243759.8700000001 | 24375.987000000012,"{""headers"": [""LICENSEE"", ""MO/YR"", ""WAGERS"", ""HANDLE"", """", ""DEDUCTIONS"", """", ""TAXABLE AGR"", ""WAGERING TAX""], ""rows"": [["""", ""2026-02-01 00:00:00"", ""164600"", ""5141463.54"", """", ""4875544.9"", """", ""265918.63999999966"", ""26591.86399999997""], ["""", ""2026-03-01 00:00:00"", ""172949"", ""6091437.27"", """", ""5782012.33"", """", ""309424.9399999995"", ""30942.493999999948""], ["""", ""2026-04-01 00:00:00"", ""146323"", ""5006047.66"", """", ""4762287.79"", """", ""243759.8700000001"", ""24375.987000000012""], ["""", ""2026-05-01 00:00:00"", ""134889"", ""4294890.43"", """", ""3981012.5"", """", ""313877.9299999997"", ""31387.792999999972""], ["""", ""2026-06-01 00:00:00"", ""143455"", ""4797598.37"", """", ""4571650.72"", """", ""225947.65000000037"", ""22594.76""]], ""highlight"": 2}",2026-10-06T01:46:30.419524
MO,2026-05-01,2026-05-31,monthly,PENN SPORTS INTERACTIVE- MOBILE,ESPN Bet,ESPN Bet,PENN Entertainment,online,,429489043,31387793,,,31387793.0,,3138779.0,,0.07308170839645844,31,False,False,SW_Monthly_Financials_0626_.xlsx,MONTHLY STATS MOBILE,84.0,,,,https://www.mgc.dps.mo.gov/SportsWagering/sw_financials/FY26_SWFinReport/06_Jun/SW Monthly Financials 0626 .xlsx,https://www.mgc.dps.mo.gov/SportsWagering/sw_financials/rb_SWFin_main.html,MO/screenshots/MO_2026_10_SW_Monthly_Financials_0626_.png,2026-05-01 00:00:00 | 134889 | 4294890.43 | 3981012.5 | 313877.9299999997 | 31387.792999999972,"{""headers"": [""LICENSEE"", ""MO/YR"", ""WAGERS"", ""HANDLE"", """", ""DEDUCTIONS"", """", ""TAXABLE AGR"", ""WAGERING TAX""], ""rows"": [["""", ""2026-03-01 00:00:00"", ""172949"", ""6091437.27"", """", ""5782012.33"", """", ""309424.9399999995"", ""30942.493999999948""], ["""", ""2026-04-01 00:00:00"", ""146323"", ""5006047.66"", """", ""4762287.79"", """", ""243759.8700000001"", ""24375.987000000012""], ["""", ""2026-05-01 00:00:00"", ""134889"", ""4294890.43"", """", ""3981012.5"", """", ""313877.9299999997"", ""31387.792999999972""], ["""", ""2026-06-01 00:00:00"", ""143455"", ""4797598.37"", """", ""4571650.72"", """", ""225947.65000000037"", ""22594.76""], ["""", """", """", """", """", """", """", """", """"]], ""highlight"": 2}",2026-10-06T01:46:30.419524
MO,2026-06-01,2026-06-30,monthly,PENN SPORTS INTERACTIVE- MOBILE,ESPN Bet,ESPN Bet,PENN Entertainment,online,,479759837,22594765,34767803.0,11122552.0,22594765.0,444469340.0,2259476.0,1050486.0,0.04709599107188291,30,False,False,SW_Monthly_Financials_0626_.xlsx,MONTHLY STATS MOBILE,85.0,,,,https://www.mgc.dps.mo.gov/SportsWagering/sw_financials/FY26_SWFinReport/06_Jun/SW Monthly Financials 0626 .xlsx,https://www.mgc.dps.mo.gov/SportsWagering/sw_financials/rb_SWFin_main.html,MO/screenshots/MO_2026_10_SW_Monthly_Financials_0626_.png,2026-06-01 00:00:00 | 143455 | 4797598.37 | 4571650.72 | 225947.65000000037 | 22594.76,"{""headers"": [""LICENSEE"", ""MO/YR"", ""WAGERS"", ""HANDLE"", """", ""DEDUCTIONS"", """", ""TAXABLE AGR"", ""WAGERING TAX""], ""rows"": [["""", ""2026-04-01 00:00:00"", ""146323"", ""5006047.66"", """", ""4762287.79"", """", ""243759.8700000001"", ""24375.987000000012""], ["""", ""2026-05-01 00:00:00"", ""134889"", ""4294890.43"", """", ""3981012.5"", """", ""313877.9299999997"", ""31387.792999999972""], ["""", ""2026-06-01 00:00:00"", ""143455"", ""4797598.37"", """", ""4571650.72"", """", ""225947.65000000037"", ""22594.76""], ["""", """", """", """", """", """", """", """", """"], [""TOTALS:"", """", ""1292421"", ""38308106.39"", """", ""36575945.43"", """", ""1732160.959999999"", ""173216.09099999987""]], ""highlight"": 2}",2026-10-06T01:46:30.419524
MO,2026-03-01,2026-03-31,monthly,FANATICS-AMERISTAR KC - RETAIL,Fanatics (Ameristar KC),Fanatics,Fanatics Inc,retail,,36007197,5402583,,,5402583.0,,540258.0,,0.15004175415264898,31,False,False,SW_Monthly_Financials_0626_.xlsx,MONTHLY STATS RETAIL,52.0,,,,https://www.mgc.dps.mo.gov/SportsWagering/sw_financials/FY26_SWFinReport/06_Jun/SW Monthly Financials 0626 .xlsx,https://www.mgc.dps.mo.gov/SportsWagering/sw_financials/rb_SWFin_main.html,MO/screenshots/MO_2026_10_SW_Monthly_Financials_0626_.png,2026-03-01 00:00:00 | 7443 | 360071.97 | 306046.14 | 54025.82999999996 | 5402.582999999996,"{""headers"": [""LICENSEE"", ""MO/YR"", ""WAGERS"", ""HANDLE"", """", ""DEDUCTIONS"", """", ""TAXABLE AGR"", ""WAGERING TAX""], ""rows"": [["""", ""2026-01-01 00:00:00"", ""6240"", ""277097.3"", """", ""207039.03"", """", ""70058.26999999999"", ""7005.826999999999""], ["""", ""2026-02-01 00:00:00"", ""4612"", ""270887.78"", """", ""199958.35"", """", ""70929.43000000002"", ""7092.943000000003""], ["""", ""2026-03-01 00:00:00"", ""7443"", ""360071.97"", """", ""306046.14"", """", ""54025.82999999996"", ""5402.582999999996""], ["""", ""2026-04-01 00:00:00"", ""4605"", ""239373.64"", """", ""209947.24"", """", ""29426.400000000023"", ""2942.6400000000026""], ["""", ""2026-05-01 00:00:00"", ""5872"", ""315336.84"", """", ""259597.3"", """", ""55739.54000000004"", ""5573.954000000004""]], ""highlight"": 2}",2026-10-06T01:46:30.419524
MO,2026-02-01,2026-02-28,monthly,FANATICS-AMERISTAR KC - RETAIL,Fanatics (Ameristar KC),Fanatics,Fanatics Inc,retail,,27088778,7092943,,,7092943.0,,709294.0,,0.26184064116882644,28,False,False,SW_Monthly_Financials_0626_.xlsx,MONTHLY STATS RETAIL,51.0,,,,https://www.mgc.dps.mo.gov/SportsWagering/sw_financials/FY26_SWFinReport/06_Jun/SW Monthly Financials 0626 .xlsx,https://www.mgc.dps.mo.gov/SportsWagering/sw_financials/rb_SWFin_main.html,MO/screenshots/MO_2026_10_SW_Monthly_Financials_0626_.png,2026-02-01 00:00:00 | 4612 | 270887.78 | 199958.35 | 70929.43000000002 | 7092.943000000003,"{""headers"": [""LICENSEE"", ""MO/YR"", ""WAGERS"", ""HANDLE"", """", ""DEDUCTIONS"", """", ""TAXABLE AGR"", ""WAGERING TAX""], ""rows"": [[""FANATICS-AMERISTAR KC - RETAIL"", ""2025-12-01 00:00:00"", ""6354"", ""333041.98"", """", ""223630.36"", """", ""109411.62"", ""10941.162""], ["""", ""2026-01-01 00:00:00"", ""6240"", ""277097.3"", """", ""207039.03"", """", ""70058.26999999999"", ""7005.826999999999""], ["""", ""2026-02-01 00:00:00"", ""4612"", ""270887.78"", """", ""199958.35"", """", ""70929.43000000002"", ""7092.943000000003""], ["""", ""2026-03-01 00:00:00"", ""7443"", ""360071.97"", """", ""306046.14"", """", ""54025.82999999996"", ""5402.582999999996""], ["""", ""2026-04-01 00:00:00"", ""4605"", ""239373.64"", """", ""209947.24"", """", ""29426.400000000023"", ""2942.6400000000026""]], ""highlight"": 2}",2026-10-06T01:46:30.419524
MO,2026-01-01,2026-01-31,monthly,FANATICS-AMERISTAR KC - RETAIL,Fanatics (Ameristar KC),Fanatics,Fanatics Inc,retail,,27709730,7005827,,,7005827.0,,700583.0,,0.2528291325826704,31,False,False,SW_Monthly_Financials_0626_.xlsx,MONTHLY STATS RETAIL,50.0,,,,https://www.mgc.dps.mo.gov/SportsWagering/sw_financials/FY26_SWFinReport/06_Jun/SW Monthly Financials 0626 .xlsx,https://www.mgc.dps.mo.gov/SportsWagering/sw_financials/rb_SWFin_main.html,MO/screenshots/MO_2026_10_SW_Monthly_Financials_0626_.png,2026-01-01 00:00:00 | 6240 | 277097.3 | 207039.03 | 70058.26999999999 | 7005.826999999999,"{""headers"": [""LICENSEE"", ""MO/YR"", ""WAGERS"", ""HANDLE"", """", ""DEDUCTIONS"", """", ""TAXABLE AGR"", ""WAGERING TAX""], ""rows"": [["""", """", """", """", """", """", """", """", """"], [""FANATICS-AMERISTAR KC - RETAIL"", ""2025-12-01 00:00:00"", ""6354"", ""333041.98"", """", ""223630.36"", """", ""109411.62"", ""10941.162""], ["""", ""2026-01-01 00:00:00"", ""6240"", ""277097.3"", """", ""207039.03"", """", ""70058.26999999999"", ""7005.826999999999""], ["""", ""2026-02-01 00:00:00"", ""4612"", ""270887.78"", """", ""199958.35"", """", ""70929.43000000002"", ""7092.943000000003""], ["""", ""2026-03-01 00:00:00"", ""7443"", ""360071.97"", """", ""306046.14"", """", ""54025.82999999996"", ""5402.582999999996""]], ""highlight"": 2}",2026-10-06T01:46:30.419524
MO,2026-08-01,2026-08-31,monthly,ALL,TOTAL,TOTAL,,online,tennis,1336879502,103973436,103973436.0,,,1232906066.0,,,0.07777322925847359,31,False,False,SW_Monthly_Financials_0826.xlsx,SPORT DETAIL MOBILE,,,,,https://www.mgc.dps.mo.gov/SportsWagering/sw_financials/FY27_SWFinReport/08_Aug/SW Monthly Financials 0826.xlsx,https://www.mgc.dps.mo.gov/SportsWagering/sw_financials/rb_SWFin_main.html,MO/screenshots/MO_2026_10_SW_Monthly_Financials_0826.png,,,2026-10-06T01:46:12.955669
MO,2026-08-01,2026-08-31,monthly,ALL,TOTAL,TOTAL,,retail,soccer,8388596,-2846658,-2846658.0,,,11235254.0,,,-0.33934856321606144,31,False,False,SW_Monthly_Financials_0826.xlsx,SPORT DETAIL RETAIL,,,,,https://www.mgc.dps.mo.gov/SportsWagering/sw_financials/FY27_SWFinReport/08_Aug/SW Monthly Financials 0826.xlsx,https://www.mgc.dps.mo.gov/SportsWagering/sw_financials/rb_SWFin_main.html,MO/screenshots/MO_2026_10_SW_Monthly_Financials_0826.png,,,2026-10-06T01:46:12.955669
MO,2026-08-01,2026-08-31,monthly,ALL,TOTAL,TOTAL,,retail,tennis,5352815,-688108,-688108.0,,,6040923.0,,,-0.12855067847478382,31,False,False,SW_Monthly_Financials_0826.xlsx,SPORT DETAIL RETAIL,,,,,https://www.mgc.dps.mo.gov/SportsWagering/sw_financials/FY27_SWFinReport/08_Aug/SW Monthly Financials 0826.xlsx,https://www.mgc.dps.mo.gov/SportsWagering/sw_financials/rb_SWFin_main.html,MO/screenshots/MO_2026_10_SW_Monthly_Financials_0826.png,,,2026-10-06T01:46:12.955669
MO,2026-08-01,2026-08-31,monthly,ALL,TOTAL,TOTAL,,retail,motorsports,435926,340113,340113.0,,,95813.0,,,0.7802081087156995,31,False,False,SW_Monthly_Financials_0826.xlsx,SPORT DETAIL RETAIL,,,,,https://www.mgc.dps.mo.gov/SportsWagering/sw_financials/FY27_SWFinReport/08_Aug/SW Monthly Financials 0826.xlsx,https://www.mgc.dps.mo.gov/SportsWagering/sw_financials/rb_SWFin_main.html,MO/screenshots/MO_2026_10_SW_Monthly_Financials_0826.png,,,2026-10-06T01:46:12.955669
MO,2026-08-01,2026-08-31,monthly,ALL,TOTAL,TOTAL,,retail,parlay,110454710,21645523,21645523.0,,,88809187.0,,,0.1959674060074034,31,False,False,SW_Monthly_Financials_0826.xlsx,SPORT DETAIL RETAIL,,,,,https://www.mgc.dps.mo.gov/SportsWagering/sw_financials/FY27_SWFinReport/08_Aug/SW Monthly Financials 0826.xlsx,https://www.mgc.dps.mo.gov/SportsWagering/sw_financials/rb_SWFin_main.html,MO/screenshots/MO_2026_10_SW_Monthly_Financials_0826.png,,,2026-10-06T01:46:12.955669
MO,2026-08-01,2026-08-31,monthly,ALL,TOTAL,TOTAL,,retail,other,24552724,4593154,4593154.0,,,19959570.0,,,0.1870730921750271,31,False,False,SW_Monthly_Financials_0826.xlsx,SPORT DETAIL RETAIL,,,,,https://www.mgc.dps.mo.gov/SportsWagering/sw_financials/FY27_SWFinReport/08_Aug/SW Monthly Financials 0826.xlsx,https://www.mgc.dps.mo.gov/SportsWagering/sw_financials/rb_SWFin_main.html,MO/screenshots/MO_2026_10_SW_Monthly_Financials_0826.png,,,2026-10-06T01:46:12.955669
MO,2026-08-01,2026-08-31,monthly,ALL,TOTAL,TOTAL,,online,baseball,5417536440,306997667,306997667.0,,,5110538773.0,,,0.05666739308540766,31,False,False,SW_Monthly_Financials_0826.xlsx,SPORT DETAIL MOBILE,,,,,https://www.mgc.dps.mo.gov/SportsWagering/sw_financials/FY27_SWFinReport/08_Aug/SW Monthly Financials 0826.xlsx,https://www.mgc.dps.mo.gov/SportsWagering/sw_financials/rb_SWFin_main.html,MO/screenshots/MO_2026_10_SW_Monthly_Financials_0826.png,,,2026-10-06T01:46:12.955669
MO,2026-08-01,2026-08-31,monthly,ALL,TOTAL,TOTAL,,online,basketball,2086925925,108366282,108366282.0,,,1978559643.0,,,0.05192627141281979,31,False,False,SW_Monthly_Financials_0826.xlsx,SPORT DETAIL MOBILE,,,,,https://www.mgc.dps.mo.gov/SportsWagering/sw_financials/FY27_SWFinReport/08_Aug/SW Monthly Financials 0826.xlsx,https://www.mgc.dps.mo.gov/SportsWagering/sw_financials/rb_SWFin_main.html,MO/screenshots/MO_2026_10_SW_Monthly_Financials_0826.png,,,2026-10-06T01:46:12.955669
MO,2026-08-01,2026-08-31,monthly,ALL,TOTAL,TOTAL,,online,combat_sports,212784987,17145540,17145540.0,,,195639447.0,,,0.08057683129684333,31,False,False,SW_Monthly_Financials_0826.xlsx,SPORT DETAIL MOBILE,,,,,https://www.mgc.dps.mo.gov/SportsWagering/sw_financials/FY27_SWFinReport/08_Aug/SW Monthly Financials 0826.xlsx,https://www.mgc.dps.mo.gov/SportsWagering/sw_financials/rb_SWFin_main.html,MO/screenshots/MO_2026_10_SW_Monthly_Financials_0826.png,,,2026-10-06T01:46:12.955669
MO,2026-08-01,2026-08-31,monthly,ALL,TOTAL,TOTAL,,online,football,853362031,204413044,204413044.0,,,648948987.0,,,0.2395384802396956,31,False,False,SW_Monthly_Financials_0826.xlsx,SPORT DETAIL MOBILE,,,,,https://www.mgc.dps.mo.gov/SportsWagering/sw_financials/FY27_SWFinReport/08_Aug/SW Monthly Financials 0826.xlsx,https://www.mgc.dps.mo.gov/SportsWagering/sw_financials/rb_SWFin_main.html,MO/screenshots/MO_2026_10_SW_Monthly_Financials_0826.png,,,2026-10-06T01:46:12.955669
MO,2026-08-01,2026-08-31,monthly,ALL,TOTAL,TOTAL,,online,hockey,3639283,1388784,1388784.0,,,2250499.0,,,0.38160923456625934,31,False,False,SW_Monthly_Financials_0826.xlsx,SPORT DETAIL MOBILE,,,,,https://www.mgc.dps.mo.gov/SportsWagering/sw_financials/FY27_SWFinReport/08_Aug/SW Monthly Financials 0826.xlsx,https://www.mgc.dps.mo.gov/SportsWagering/sw_financials/rb_SWFin_main.html,MO/screenshots/MO_2026_10_SW_Monthly_Financials_0826.png,,,2026-10-06T01:46:12.955669
MO,2026-08-01,2026-08-31,monthly,ALL,TOTAL,TOTAL,,online,soccer,947195464,72793818,72793818.0,,,874401646.0,,,0.07685194953594077,31,False,False,SW_Monthly_Financials_0826.xlsx,SPORT DETAIL MOBILE,,,,,https://www.mgc.dps.mo.gov/SportsWagering/sw_financials/FY27_SWFinReport/08_Aug/SW Monthly Financials 0826.xlsx,https://www.mgc.dps.mo.gov/SportsWagering/sw_financials/rb_SWFin_main.html,MO/screenshots/MO_2026_10_SW_Monthly_Financials_0826.png,,,2026-10-06T01:46:12.955669
MO,2026-08-01,2026-08-31,monthly,ALL,TOTAL,TOTAL,,online,motorsports,18415834,4912739,4912739.0,,,13503095.0,,,0.2667671200772118,31,False,False,SW_Monthly_Financials_0826.xlsx,SPORT DETAIL MOBILE,,,,,https://www.mgc.dps.mo.gov/SportsWagering/sw_financials/FY27_SWFinReport/08_Aug/SW Monthly Financials 0826.xlsx,https://www.mgc.dps.mo.gov/SportsWagering/sw_financials/rb_SWFin_main.html,MO/screenshots/MO_2026_10_SW_Monthly_Financials_0826.png,,,2026-10-06T01:46:12.955669
MO,2026-08-01,2026-08-31,monthly,ALL,TOTAL,TOTAL,,retail,football,25941962,11410771,11410771.0,,,14531191.0,,,0.43985767152075855,31,False,False,SW_Monthly_Financials_0826.xlsx,SPORT DETAIL RETAIL,,,,,https://www.mgc.dps.mo.gov/SportsWagering/sw_financials/FY27_SWFinReport/08_Aug/SW Monthly Financials 0826.xlsx,https://www.mgc.dps.mo.gov/SportsWagering/sw_financials/rb_SWFin_main.html,MO/screenshots/MO_2026_10_SW_Monthly_Financials_0826.png,,,2026-10-06T01:46:12.955669
MO,2026-08-01,2026-08-31,monthly,ALL,TOTAL,TOTAL,,online,parlay,6994512427,1227495026,1227495026.0,,,5767017401.0,,,0.17549400888354444,31,False,False,SW_Monthly_Financials_0826.xlsx,SPORT DETAIL MOBILE,,,,,https://www.mgc.dps.mo.gov/SportsWagering/sw_financials/FY27_SWFinReport/08_Aug/SW Monthly Financials 0826.xlsx,https://www.mgc.dps.mo.gov/SportsWagering/sw_financials/rb_SWFin_main.html,MO/screenshots/MO_2026_10_SW_Monthly_Financials_0826.png,,,2026-10-06T01:46:12.955669
MO,2026-08-01,2026-08-31,monthly,ALL,TOTAL,TOTAL,,online,other,2498660345,173849012,173849012.0,,,2324811333.0,,,0.06957688841057746,31,False,False,SW_Monthly_Financials_0826.xlsx,SPORT DETAIL MOBILE,,,,,https://www.mgc.dps.mo.gov/SportsWagering/sw_financials/FY27_SWFinReport/08_Aug/SW Monthly Financials 0826.xlsx,https://www.mgc.dps.mo.gov/SportsWagering/sw_financials/rb_SWFin_main.html,MO/screenshots/MO_2026_10_SW_Monthly_Financials_0826.png,,,2026-10-06T01:46:12.955669
MO,2026-07-01,2026-07-31,monthly,ARGOSY CASINO - RETAIL,Argosy Casino,ESPN Bet,PENN Entertainment,retail,,58033677,13492831,13860908.0,0.0,13492831.0,43927589.0,1349283.0,368077.0,0.2325000189114331,31,False,False,SW_Monthly_Financials_0726.xlsx,MONTHLY STATS RETAIL,9.0,,,,https://www.mgc.dps.mo.gov/SportsWagering/sw_financials/FY27_SWFinReport/07_Jul/SW Monthly Financials 0726.xlsx,https://www.mgc.dps.mo.gov/SportsWagering/sw_financials/rb_SWFin_main.html,MO/screenshots/MO_2026_10_SW_Monthly_Financials_0726.png,ARGOSY CASINO - RETAIL | 2026-07-01 00:00:00 | 5333 | 580336.77 | 445408.46 | 134928.31 | 13492.831,"{""headers"": [""LICENSEE"", ""MO/YR"", ""WAGERS"", ""HANDLE"", """", ""DEDUCTIONS"", """", ""TAXABLE AGR"", ""WAGERING TAX""], ""rows"": [["""", """", """", """", """", """", """", """", """"], [""ARGOSY CASINO - RETAIL"", ""2026-07-01 00:00:00"", ""5333"", ""580336.77"", """", ""445408.46"", """", ""134928.31"", ""13492.831""], ["""", """", """", """", """", """", """", """", """"], [""TOTALS:"", """", ""5333"", ""580336.77"", """", ""445408.46"", """", ""134928.31"", ""13492.831""]], ""highlight"": 1}",2026-10-06T01:46:21.907804
MO,2026-07-01,2026-07-31,monthly,CAESAR'S SPORTSBOOK-HARRAH'S - RETAIL,Caesars (Harrah's KC),Caesars,Caesars Entertainment,retail,,29102630,3151844,,,3151844.0,,315184.0,,0.10830100234927222,31,False,False,SW_Monthly_Financials_0726.xlsx,MONTHLY STATS RETAIL,13.0,,,,https://www.mgc.dps.mo.gov/SportsWagering/sw_financials/FY27_SWFinReport/07_Jul/SW Monthly Financials 0726.xlsx,https://www.mgc.dps.mo.gov/SportsWagering/sw_financials/rb_SWFin_main.html,MO/screenshots/MO_2026_10_SW_Monthly_Financials_0726.png,CAESAR'S SPORTSBOOK-HARRAH'S - RETAIL | 2026-07-01 00:00:00 | 4408 | 291026.3 | 259507.86 | 31518.440000000002 | 3151.8440000000005,"{""headers"": [""LICENSEE"", ""MO/YR"", ""WAGERS"", ""HANDLE"", """", ""DEDUCTIONS"", """", ""TAXABLE AGR"", ""WAGERING TAX""], ""rows"": [[""TOTALS:"", """", ""5333"", ""580336.77"", """", ""445408.46"", """", ""134928.31"", ""13492.831""], ["""", """", """", """", """", """", """", """", """"], [""CAESAR'S SPORTSBOOK-HARRAH'S - RETAIL"", ""2026-07-01 00:00:00"", ""4408"", ""291026.3"", """", ""259507.86"", """", ""31518.440000000002"", ""3151.8440000000005""], ["""", """", """", """", """", """", """", """", """"], [""TOTALS:"", """", ""4408"", ""291026.3"", """", ""259507.86"", """", ""31518.440000000002"", ""3151.8440000000005""]], ""highlight"": 2}",2026-10-06T01:46:21.907804
MO,2026-07-01,2026-07-31,monthly,CAESAR'S SPORTSBOOK- HORSESHOE - RETAIL,Caesars (Horseshoe),Caesars,Caesars Entertainment,retail,,17577100,4242565,4279585.0,0.0,4242565.0,13236115.0,424256.0,37020.0,0.24136888337666623,31,False,False,SW_Monthly_Financials_0726.xlsx,MONTHLY STATS RETAIL,17.0,,,,https://www.mgc.dps.mo.gov/SportsWagering/sw_financials/FY27_SWFinReport/07_Jul/SW Monthly Financials 0726.xlsx,https://www.mgc.dps.mo.gov/SportsWagering/sw_financials/rb_SWFin_main.html,MO/screenshots/MO_2026_10_SW_Monthly_Financials_0726.png,CAESAR'S SPORTSBOOK- HORSESHOE - RETAIL | 2026-07-01 00:00:00 | 3282 | 175771 | 133345.35 | 42425.649999999994 | 4242.565,"{""headers"": [""LICENSEE"", ""MO/YR"", ""WAGERS"", ""HANDLE"", """", ""DEDUCTIONS"", """", ""TAXABLE AGR"", ""WAGERING TAX""], ""rows"": [[""TOTALS:"", """", ""4408"", ""291026.3"", """", ""259507.86"", """", ""31518.440000000002"", ""3151.8440000000005""], ["""", """", """", """", """", """", """", """", """"], [""CAESAR'S SPORTSBOOK- HORSESHOE - RETAIL"", ""2026-07-01 00:00:00"", ""3282"", ""175771"", """", ""133345.35"", """", ""42425.649999999994"", ""4242.565""], ["""", """", """", """", """", """", """", """", """"], [""TOTALS:"", """", ""3282"", ""175771"", """", ""133345.35"", """", ""42425.649999999994"", ""4242.565""]], ""highlight"": 2}",2026-10-06T01:46:21.907804
MO,2026-07-01,2026-07-31,monthly,CENTURY CASINO CAPE GIRARDEAU - RETAIL,Century Casino,Century Casino,Century Casinos,retail,,21196270,4224752,4297315.0,0.0,4224752.0,16816955.0,422475.0,72563.0,0.1993158230198049,31,False,False,SW_Monthly_Financials_0726.xlsx,MONTHLY STATS RETAIL,21.0,,,,https://www.mgc.dps.mo.gov/SportsWagering/sw_financials/FY27_SWFinReport/07_Jul/SW Monthly Financials 0726.xlsx,https://www.mgc.dps.mo.gov/SportsWagering/sw_financials/rb_SWFin_main.html,MO/screenshots/MO_2026_10_SW_Monthly_Financials_0726.png,CENTURY CASINO CAPE GIRARDEAU - RETAIL | 2026-07-01 00:00:00 | 1008 | 211962.7 | 169715.18 | 42247.52000000002 | 4224.752000000002,"{""headers"": [""LICENSEE"", ""MO/YR"", ""WAGERS"", ""HANDLE"", """", ""DEDUCTIONS"", """", ""TAXABLE AGR"", ""WAGERING TAX""], ""rows"": [[""TOTALS:"", """", ""3282"", ""175771"", """", ""133345.35"", """", ""42425.649999999994"", ""4242.565""], ["""", """", """", """", """", """", """", """", """"], [""CENTURY CASINO CAPE GIRARDEAU - RETAIL"", ""2026-07-01 00:00:00"", ""1008"", ""211962.7"", """", ""169715.18"", """", ""42247.52000000002"", ""4224.752000000002""], ["""", """", """", """", """", """", """", """", """"], [""TOTALS:"", """", ""1008"", ""211962.7"", """", ""169715.18"", """", ""42247.52000000002"", ""4224.752000000002""]], ""highlight"": 2}",2026-10-06T01:46:21.907804
MO,2026-07-01,2026-07-31,monthly,FANATICS-AMERISTAR KC - RETAIL,Fanatics (Ameristar KC),Fanatics,Fanatics Inc,retail,,28913794,4370664,,,4370664.0,,437066.0,,0.151161898711736,31,False,False,SW_Monthly_Financials_0726.xlsx,MONTHLY STATS RETAIL,25.0,,,,https://www.mgc.dps.mo.gov/SportsWagering/sw_financials/FY27_SWFinReport/07_Jul/SW Monthly Financials 0726.xlsx,https://www.mgc.dps.mo.gov/SportsWagering/sw_financials/rb_SWFin_main.html,MO/screenshots/MO_2026_10_SW_Monthly_Financials_0726.png,FANATICS-AMERISTAR KC - RETAIL | 2026-07-01 00:00:00 | 5316 | 289137.94 | 245431.3 | 43706.640000000014 | 4370.664000000002,"{""headers"": [""LICENSEE"", ""MO/YR"", ""WAGERS"", ""HANDLE"", """", ""DEDUCTIONS"", """", ""TAXABLE AGR"", ""WAGERING TAX""], ""rows"": [[""TOTALS:"", """", ""1008"", ""211962.7"", """", ""169715.18"", """", ""42247.52000000002"", ""4224.752000000002""], ["""", """", """", """", """", """", """", """", """"], [""FANATICS-AMERISTAR KC - RETAIL"", ""2026-07-01 00:00:00"", ""5316"", ""289137.94"", """", ""245431.3"", """", ""43706.640000000014"", ""4370.664000000002""], ["""", """", """", """", """", """", """", """", """"], [""TOTALS:"", """", ""5316"", ""289137.94"", """", ""245431.3"", """", ""43706.640000000014"", ""4370.664000000002""]], ""highlight"": 2}",2026-10-06T01:46:21.907804
MO,2026-08-01,2026-08-31,monthly,ALL,TOTAL,TOTAL,,retail,hockey,103288,92368,92368.0,,,10920.0,,,0.8942761985903493,31,False,False,SW_Monthly_Financials_0826.xlsx,SPORT DETAIL RETAIL,,,,,https://www.mgc.dps.mo.gov/SportsWagering/sw_financials/FY27_SWFinReport/08_Aug/SW Monthly Financials 0826.xlsx,https://www.mgc.dps.mo.gov/SportsWagering/sw_financials/rb_SWFin_main.html,MO/screenshots/MO_2026_10_SW_Monthly_Financials_0826.png,,,2026-10-06T01:46:12.955669
MO,2026-08-01,2026-08-31,monthly,ALL,TOTAL,TOTAL,,retail,combat_sports,1958512,117566,117566.0,,,1840946.0,,,0.060028225509979,31,False,False,SW_Monthly_Financials_0826.xlsx,SPORT DETAIL RETAIL,,,,,https://www.mgc.dps.mo.gov/SportsWagering/sw_financials/FY27_SWFinReport/08_Aug/SW Monthly Financials 0826.xlsx,https://www.mgc.dps.mo.gov/SportsWagering/sw_financials/rb_SWFin_main.html,MO/screenshots/MO_2026_10_SW_Monthly_Financials_0826.png,,,2026-10-06T01:46:12.955669
MO,2025-12-01,2025-12-31,monthly,FANATICS-AMERISTAR KC - RETAIL,Fanatics (Ameristar KC),Fanatics,Fanatics Inc,retail,,33304198,10941162,,,10941162.0,,1094116.0,,0.3285220079462655,31,False,False,SW_Monthly_Financials_0626_.xlsx,MONTHLY STATS RETAIL,49.0,,,,https://www.mgc.dps.mo.gov/SportsWagering/sw_financials/FY26_SWFinReport/06_Jun/SW Monthly Financials 0626 .xlsx,https://www.mgc.dps.mo.gov/SportsWagering/sw_financials/rb_SWFin_main.html,MO/screenshots/MO_2026_10_SW_Monthly_Financials_0626_.png,FANATICS-AMERISTAR KC - RETAIL | 2025-12-01 00:00:00 | 6354 | 333041.98 | 223630.36 | 109411.62 | 10941.162,"{""headers"": [""LICENSEE"", ""MO/YR"", ""WAGERS"", ""HANDLE"", """", ""DEDUCTIONS"", """", ""TAXABLE AGR"", ""WAGERING TAX""], ""rows"": [[""TOTALS:"", """", ""10299"", ""4023487.1499999994"", """", ""4203886.08"", """", ""-180398.93000000005"", ""26192.793999999998""], ["""", """", """", """", """", """", """", """", """"], [""FANATICS-AMERISTAR KC - RETAIL"", ""2025-12-01 00:00:00"", ""6354"", ""333041.98"", """", ""223630.36"", """", ""109411.62"", ""10941.162""], ["""", ""2026-01-01 00:00:00"", ""6240"", ""277097.3"", """", ""207039.03"", """", ""70058.26999999999"", ""7005.826999999999""], ["""", ""2026-02-01 00:00:00"", ""4612"", ""270887.78"", """", ""199958.35"", """", ""70929.43000000002"", ""7092.943000000003""]], ""highlight"": 2}",2026-10-06T01:46:30.419524
MO,2026-08-01,2026-08-31,monthly,FANATICS-AMERISTAR KC - RETAIL,Fanatics (Ameristar KC),Fanatics,Fanatics Inc,retail,,18569866,4230655,,,4230655.0,,423066.0,,0.22782366873298923,31,False,False,SW_Monthly_Financials_0826.xlsx,MONTHLY STATS RETAIL,30.0,,,,https://www.mgc.dps.mo.gov/SportsWagering/sw_financials/FY27_SWFinReport/08_Aug/SW Monthly Financials 0826.xlsx,https://www.mgc.dps.mo.gov/SportsWagering/sw_financials/rb_SWFin_main.html,MO/screenshots/MO_2026_10_SW_Monthly_Financials_0826.png,2026-08-01 00:00:00 | 5312 | 185698.66 | 143392.11 | 42306.55000000002 | 4230.655000000002,"{""headers"": [""LICENSEE"", ""MO/YR"", ""WAGERS"", ""HANDLE"", """", ""DEDUCTIONS"", """", ""TAXABLE AGR"", ""WAGERING TAX""], ""rows"": [["""", """", """", """", """", """", """", """", """"], [""FANATICS-AMERISTAR KC - RETAIL"", ""2026-07-01 00:00:00"", ""5316"", ""289137.94"", """", ""245431.3"", """", ""43706.640000000014"", ""4370.664000000002""], ["""", ""2026-08-01 00:00:00"", ""5312"", ""185698.66"", """", ""143392.11"", """", ""42306.55000000002"", ""4230.655000000002""], ["""", """", """", """", """", """", """", """", """"], [""TOTALS:"", """", ""10628"", ""474836.6"", """", ""388823.41"", """", ""86013.19000000003"", ""8601.319000000003""]], ""highlight"": 2}",2026-10-06T01:46:12.955669
MO,2026-07-01,2026-07-31,monthly,FANATICS - AMERISTAR SC - RETAIL,Fanatics (Ameristar SC),Fanatics,Fanatics Inc,retail,,43039464,9885133,,,9885133.0,,988513.0,,0.22967602477577323,31,False,False,SW_Monthly_Financials_0826.xlsx,MONTHLY STATS RETAIL,34.0,,,,https://www.mgc.dps.mo.gov/SportsWagering/sw_financials/FY27_SWFinReport/08_Aug/SW Monthly Financials 0826.xlsx,https://www.mgc.dps.mo.gov/SportsWagering/sw_financials/rb_SWFin_main.html,MO/screenshots/MO_2026_10_SW_Monthly_Financials_0826.png,FANATICS - AMERISTAR SC - RETAIL | 2026-07-01 00:00:00 | 4464 | 430394.64 | 331543.31 | 98851.33000000002 | 9885.133000000002,"{""headers"": [""LICENSEE"", ""MO/YR"", ""WAGERS"", ""HANDLE"", """", ""DEDUCTIONS"", """", ""TAXABLE AGR"", ""WAGERING TAX""], ""rows"": [[""TOTALS:"", """", ""10628"", ""474836.6"", """", ""388823.41"", """", ""86013.19000000003"", ""8601.319000000003""], ["""", """", """", """", """", """", """", """", """"], [""FANATICS - AMERISTAR SC - RETAIL"", ""2026-07-01 00:00:00"", ""4464"", ""430394.64"", """", ""331543.31"", """", ""98851.33000000002"", ""9885.133000000002""], ["""", ""2026-08-01 00:00:00"", ""5190"", ""441756.91"", """", ""386707.98"", """", ""55048.92999999999"", ""5504.89""], ["""", """", """", """", """", """", """", """", """"]], ""highlight"": 2}",2026-10-06T01:46:12.955669
MO,2026-08-01,2026-08-31,monthly,FANATICS - AMERISTAR SC - RETAIL,Fanatics (Ameristar SC),Fanatics,Fanatics Inc,retail,,44175691,5504893,,,5504893.0,,550489.0,,0.12461362517226952,31,False,False,SW_Monthly_Financials_0826.xlsx,MONTHLY STATS RETAIL,35.0,,,,https://www.mgc.dps.mo.gov/SportsWagering/sw_financials/FY27_SWFinReport/08_Aug/SW Monthly Financials 0826.xlsx,https://www.mgc.dps.mo.gov/SportsWagering/sw_financials/rb_SWFin_main.html,MO/screenshots/MO_2026_10_SW_Monthly_Financials_0826.png,2026-08-01 00:00:00 | 5190 | 441756.91 | 386707.98 | 55048.92999999999 | 5504.89,"{""headers"": [""LICENSEE"", ""MO/YR"", ""WAGERS"", ""HANDLE"", """", ""DEDUCTIONS"", """", ""TAXABLE AGR"", ""WAGERING TAX""], ""rows"": [["""", """", """", """", """", """", """", """", """"], [""FANATICS - AMERISTAR SC - RETAIL"", ""2026-07-01 00:00:00"", ""4464"", ""430394.64"", """", ""331543.31"", """", ""98851.33000000002"", ""9885.133000000002""], ["""", ""2026-08-01 00:00:00"", ""5190"", ""441756.91"", """", ""386707.98"", """", ""55048.92999999999"", ""5504.89""], ["""", """", """", """", """", """", """", """", """"], [""TOTALS:"", """", ""9654"", ""872151.55"", """", ""718251.29"", """", ""153900.26"", ""15390.023000000001""]], ""highlight"": 2}",2026-10-06T01:46:12.955669
MO,2026-07-01,2026-07-31,monthly,HOLLYWOOD CASINO - RETAIL,Hollywood Casino,Caesars,PENN Entertainment,retail,,58836388,4794640,,,4794640.0,,479464.0,,0.08149106637885385,31,False,False,SW_Monthly_Financials_0826.xlsx,MONTHLY STATS RETAIL,39.0,,,,https://www.mgc.dps.mo.gov/SportsWagering/sw_financials/FY27_SWFinReport/08_Aug/SW Monthly Financials 0826.xlsx,https://www.mgc.dps.mo.gov/SportsWagering/sw_financials/rb_SWFin_main.html,MO/screenshots/MO_2026_10_SW_Monthly_Financials_0826.png,HOLLYWOOD CASINO - RETAIL | 2026-07-01 00:00:00 | 6608 | 588363.88 | 540417.48 | 47946.40000000002 | 4794.640000000002,"{""headers"": [""LICENSEE"", ""MO/YR"", ""WAGERS"", ""HANDLE"", """", ""DEDUCTIONS"", """", ""TAXABLE AGR"", ""WAGERING TAX""], ""rows"": [[""TOTALS:"", """", ""9654"", ""872151.55"", """", ""718251.29"", """", ""153900.26"", ""15390.023000000001""], ["""", """", """", """", """", """", """", """", """"], [""HOLLYWOOD CASINO - RETAIL"", ""2026-07-01 00:00:00"", ""6608"", ""588363.88"", """", ""540417.48"", """", ""47946.40000000002"", ""4794.640000000002""], ["""", ""2026-08-01 00:00:00"", ""7997"", ""1025267.66"", """", ""925772.87"", """", ""99494.79000000004"", ""9949.48""], ["""", """", """", """", """", """", """", """", """"]], ""highlight"": 2}",2026-10-06T01:46:12.955669
MO,2026-08-01,2026-08-31,monthly,HOLLYWOOD CASINO - RETAIL,Hollywood Casino,Caesars,PENN Entertainment,retail,,102526766,9949479,10096379.0,0.0,9949479.0,92339395.0,994948.0,146900.0,0.09704274686670601,31,False,False,SW_Monthly_Financials_0826.xlsx,MONTHLY STATS RETAIL,40.0,,,,https://www.mgc.dps.mo.gov/SportsWagering/sw_financials/FY27_SWFinReport/08_Aug/SW Monthly Financials 0826.xlsx,https://www.mgc.dps.mo.gov/SportsWagering/sw_financials/rb_SWFin_main.html,MO/screenshots/MO_2026_10_SW_Monthly_Financials_0826.png,2026-08-01 00:00:00 | 7997 | 1025267.66 | 925772.87 | 99494.79000000004 | 9949.48,"{""headers"": [""LICENSEE"", ""MO/YR"", ""WAGERS"", ""HANDLE"", """", ""DEDUCTIONS"", """", ""TAXABLE AGR"", ""WAGERING TAX""], ""rows"": [["""", """", """", """", """", """", """", """", """"], [""HOLLYWOOD CASINO - RETAIL"", ""2026-07-01 00:00:00"", ""6608"", ""588363.88"", """", ""540417.48"", """", ""47946.40000000002"", ""4794.640000000002""], ["""", ""2026-08-01 00:00:00"", ""7997"", ""1025267.66"", """", ""925772.87"", """", ""99494.79000000004"", ""9949.48""], ["""", """", """", """", """", """", """", """", """"], [""TOTALS:"", """", ""14605"", ""1613631.54"", """", ""1466190.35"", """", ""147441.19000000006"", ""14744.120000000003""]], ""highlight"": 2}",2026-10-06T01:46:12.955669
MO,2026-07-01,2026-07-31,monthly,RIVER CITY CASINO - RETAIL,River City Casino,ESPN Bet,PENN Entertainment,retail,,69957771,14265116,,,14265116.0,,1426512.0,,0.20391038473767267,31,False,False,SW_Monthly_Financials_0826.xlsx,MONTHLY STATS RETAIL,44.0,,,,https://www.mgc.dps.mo.gov/SportsWagering/sw_financials/FY27_SWFinReport/08_Aug/SW Monthly Financials 0826.xlsx,https://www.mgc.dps.mo.gov/SportsWagering/sw_financials/rb_SWFin_main.html,MO/screenshots/MO_2026_10_SW_Monthly_Financials_0826.png,RIVER CITY CASINO - RETAIL | 2026-07-01 00:00:00 | 6750 | 699577.71 | 556926.55 | 142651.15999999992 | 14265.115999999993,"{""headers"": [""LICENSEE"", ""MO/YR"", ""WAGERS"", ""HANDLE"", """", ""DEDUCTIONS"", """", ""TAXABLE AGR"", ""WAGERING TAX""], ""rows"": [[""TOTALS:"", """", ""14605"", ""1613631.54"", """", ""1466190.35"", """", ""147441.19000000006"", ""14744.120000000003""], ["""", """", """", """", """", """", """", """", """"], [""RIVER CITY CASINO - RETAIL"", ""2026-07-01 00:00:00"", ""6750"", ""699577.71"", """", ""556926.55"", """", ""142651.15999999992"", ""14265.115999999993""], ["""", ""2026-08-01 00:00:00"", ""6490"", ""484867.86"", """", ""398965.7"", """", ""85902.15999999997"", ""8590.22""], ["""", """", """", """", """", """", """", """", """"]], ""highlight"": 2}",2026-10-06T01:46:12.955669
MO,2026-08-01,2026-08-31,monthly,RIVER CITY CASINO - RETAIL,River City Casino,ESPN Bet,PENN Entertainment,retail,,48486786,8590216,8762758.0,0.0,8590216.0,39693117.0,859022.0,172542.0,0.17716612522017855,31,False,False,SW_Monthly_Financials_0826.xlsx,MONTHLY STATS RETAIL,45.0,,,,https://www.mgc.dps.mo.gov/SportsWagering/sw_financials/FY27_SWFinReport/08_Aug/SW Monthly Financials 0826.xlsx,https://www.mgc.dps.mo.gov/SportsWagering/sw_financials/rb_SWFin_main.html,MO/screenshots/MO_2026_10_SW_Monthly_Financials_0826.png,2026-08-01 00:00:00 | 6490 | 484867.86 | 398965.7 | 85902.15999999997 | 8590.22,"{""headers"": [""LICENSEE"", ""MO/YR"", ""WAGERS"", ""HANDLE"", """", ""DEDUCTIONS"", """", ""TAXABLE AGR"", ""WAGERING TAX""], ""rows"": [["""", """", """", """", """", """", """", """", """"], [""RIVER CITY CASINO - RETAIL"", ""2026-07-01 00:00:00"", ""6750"", ""699577.71"", """", ""556926.55"", """", ""142651.15999999992"", ""14265.115999999993""], ["""", ""2026-08-01 00:00:00"", ""6490"", ""484867.86"", """", ""398965.7"", """", ""85902.15999999997"", ""8590.22""], ["""", """", """", """", """", """", """", """", """"], [""TOTALS:"", """", ""13240"", ""1184445.5699999998"", """", ""955892.25"", """", ""228553.3199999999"", ""22855.335999999992""]], ""highlight"": 2}",2026-10-06T01:46:12.955669
MO,2026-07-01,2026-07-31,monthly,BET365 - MOBILE,bet365,bet365,bet365 Group,online,,2131958518,159763973,,,159763973.0,,15976397.0,,0.07493765551774212,31,False,False,SW_Monthly_Financials_0826.xlsx,MONTHLY STATS MOBILE,9.0,,,,https://www.mgc.dps.mo.gov/SportsWagering/sw_financials/FY27_SWFinReport/08_Aug/SW Monthly Financials 0826.xlsx,https://www.mgc.dps.mo.gov/SportsWagering/sw_financials/rb_SWFin_main.html,MO/screenshots/MO_2026_10_SW_Monthly_Financials_0826.png,BET365 - MOBILE | 2026-07-01 00:00:00 | 874579 | 21319585.18 | 19721945.45 | 1597639.7300000004 | 159763.97300000006,"{""headers"": [""LICENSEE"", ""MO/YR"", ""WAGERS"", ""HANDLE"", """", ""DEDUCTIONS"", """", ""TAXABLE AGR"", ""WAGERING TAX""], ""rows"": [["""", """", """", """", """", """", """", """", """"], [""BET365 - MOBILE"", ""2026-07-01 00:00:00"", ""874579"", ""21319585.18"", """", ""19721945.45"", """", ""1597639.7300000004"", ""159763.97300000006""], ["""", ""2026-08-01 00:00:00"", ""727765"", ""17026730.57"", """", ""15934732.08"", """", ""1091998.4900000002"", ""109199.84900000003""], ["""", """", """", """", """", """", """", """", """"]], ""highlight"": 1}",2026-10-06T01:46:12.955669
MO,2026-08-01,2026-08-31,monthly,BET365 - MOBILE,bet365,bet365,bet365 Group,online,,1702673057,109199849,144886251.0,30473481.0,109199849.0,1553609000.0,10919985.0,5212921.0,0.06413436129212209,31,False,False,SW_Monthly_Financials_0826.xlsx,MONTHLY STATS MOBILE,10.0,,,,https://www.mgc.dps.mo.gov/SportsWagering/sw_financials/FY27_SWFinReport/08_Aug/SW Monthly Financials 0826.xlsx,https://www.mgc.dps.mo.gov/SportsWagering/sw_financials/rb_SWFin_main.html,MO/screenshots/MO_2026_10_SW_Monthly_Financials_0826.png,2026-08-01 00:00:00 | 727765 | 17026730.57 | 15934732.08 | 1091998.4900000002 | 109199.84900000003,"{""headers"": [""LICENSEE"", ""MO/YR"", ""WAGERS"", ""HANDLE"", """", ""DEDUCTIONS"", """", ""TAXABLE AGR"", ""WAGERING TAX""], ""rows"": [["""", """", """", """", """", """", """", """", """"], [""BET365 - MOBILE"", ""2026-07-01 00:00:00"", ""874579"", ""21319585.18"", """", ""19721945.45"", """", ""1597639.7300000004"", ""159763.97300000006""], ["""", ""2026-08-01 00:00:00"", ""727765"", ""17026730.57"", """", ""15934732.08"", """", ""1091998.4900000002"", ""109199.84900000003""], ["""", """", """", """", """", """", """", """", """"], [""TOTALS:"", """", ""1602344"", ""38346315.75"", """", ""35656677.53"", """", ""2689638.2200000007"", ""268963.8220000001""]], ""highlight"": 2}",2026-10-06T01:46:12.955669
MO,2026-08-01,2026-08-31,monthly,BETMGM - MOBILE,BetMGM,BetMGM,Entain/MGM Resorts,online,,1475013000,94410844,145822992.0,47378923.0,94410844.0,1322918400.0,9441084.0,4033225.0,0.06400678773678604,31,False,False,SW_Monthly_Financials_0826.xlsx,MONTHLY STATS MOBILE,15.0,,,,https://www.mgc.dps.mo.gov/SportsWagering/sw_financials/FY27_SWFinReport/08_Aug/SW Monthly Financials 0826.xlsx,https://www.mgc.dps.mo.gov/SportsWagering/sw_financials/rb_SWFin_main.html,MO/screenshots/MO_2026_10_SW_Monthly_Financials_0826.png,2026-08-01 00:00:00 | 186395 | 14750130 | 13806021.56 | 944108.4399999995 | 94410.84399999995,"{""headers"": [""LICENSEE"", ""MO/YR"", ""WAGERS"", ""HANDLE"", """", ""DEDUCTIONS"", """", ""TAXABLE AGR"", ""WAGERING TAX""], ""rows"": [["""", """", """", """", """", """", """", """", """"], [""BETMGM - MOBILE"", ""2026-07-01 00:00:00"", ""224086"", ""16733873.33"", """", ""15693614.18"", """", ""1040259.1500000004"", ""104025.91500000004""], ["""", ""2026-08-01 00:00:00"", ""186395"", ""14750130"", """", ""13806021.56"", """", ""944108.4399999995"", ""94410.84399999995""], ["""", """", """", """", """", """", """", """", """"], [""TOTALS:"", """", ""410481"", ""31484003.33"", """", ""29499635.740000002"", """", ""1984367.5899999999"", ""198436.759""]], ""highlight"": 2}",2026-10-06T01:46:12.955669
MO,2026-08-01,2026-08-31,monthly,CAESARS SPORTSBOOK - MOBILE,Caesars,Caesars,Caesars Entertainment,online,,798794881,57189200,69379253.0,10249957.0,57189200.0,722976465.0,5718920.0,1940096.0,0.07159434963880296,31,False,False,SW_Monthly_Financials_0826.xlsx,MONTHLY STATS MOBILE,20.0,,,,https://www.mgc.dps.mo.gov/SportsWagering/sw_financials/FY27_SWFinReport/08_Aug/SW Monthly Financials 0826.xlsx,https://www.mgc.dps.mo.gov/SportsWagering/sw_financials/rb_SWFin_main.html,MO/screenshots/MO_2026_10_SW_Monthly_Financials_0826.png,2026-08-01 00:00:00 | 116157 | 7987948.81 | 7416056.81 | 571892 | 57189.200000000004,"{""headers"": [""LICENSEE"", ""MO/YR"", ""WAGERS"", ""HANDLE"", """", ""DEDUCTIONS"", """", ""TAXABLE AGR"", ""WAGERING TAX""], ""rows"": [["""", """", """", """", """", """", """", """", """"], [""CAESARS SPORTSBOOK - MOBILE"", ""2026-07-01 00:00:00"", ""113504"", ""7919253.55"", """", ""7644590.41"", """", ""274663.13999999966"", ""27466.31399999997""], ["""", ""2026-08-01 00:00:00"", ""116157"", ""7987948.81"", """", ""7416056.81"", """", ""571892"", ""57189.200000000004""], ["""", """", """", """", """", """", """", """", """"], [""TOTALS:"", """", ""229661"", ""15907202.36"", """", ""15060647.219999999"", """", ""846555.1399999997"", ""84655.51399999997""]], ""highlight"": 2}",2026-10-06T01:46:12.955669
MO,2026-08-01,2026-08-31,monthly,ALL,TOTAL,TOTAL,,retail,basketball,20490728,3510139,3510139.0,,,16980589.0,,,0.171303772125617,31,False,False,SW_Monthly_Financials_0826.xlsx,SPORT DETAIL RETAIL,,,,,https://www.mgc.dps.mo.gov/SportsWagering/sw_financials/FY27_SWFinReport/08_Aug/SW Monthly Financials 0826.xlsx,https://www.mgc.dps.mo.gov/SportsWagering/sw_financials/rb_SWFin_main.html,MO/screenshots/MO_2026_10_SW_Monthly_Financials_0826.png,,,2026-10-06T01:46:12.955669
MO,2026-08-01,2026-08-31,monthly,CIRCA SPORTS - MOBILE,Circa Sports,Circa Sports,Circa Resort & Casino,online,,140897370,-6667616,5226986.0,0.0,-6667616.0,134603523.0,0.0,379647.0,-0.04732250147749387,31,False,False,SW_Monthly_Financials_0826.xlsx,MONTHLY STATS MOBILE,25.0,,,,https://www.mgc.dps.mo.gov/SportsWagering/sw_financials/FY27_SWFinReport/08_Aug/SW Monthly Financials 0826.xlsx,https://www.mgc.dps.mo.gov/SportsWagering/sw_financials/rb_SWFin_main.html,MO/screenshots/MO_2026_10_SW_Monthly_Financials_0826.png,2026-08-01 00:00:00 | 9898 | 1408973.7 | 1475649.86 | -66676.16000000015 | 0,"{""headers"": [""LICENSEE"", ""MO/YR"", ""WAGERS"", ""HANDLE"", """", ""DEDUCTIONS"", """", ""TAXABLE AGR"", ""WAGERING TAX""], ""rows"": [["""", """", """", """", """", """", """", """", """"], [""CIRCA SPORTS - MOBILE"", ""2026-07-01 00:00:00"", ""11596"", ""1530842.53"", """", ""1645992.0799999998"", """", ""-115149.54999999981"", ""0""], ["""", ""2026-08-01 00:00:00"", ""9898"", ""1408973.7"", """", ""1475649.86"", """", ""-66676.16000000015"", ""0""], ["""", """", """", """", """", """", """", """", """"], [""TOTALS:"", """", ""21494"", ""2939816.23"", """", ""3121641.94"", """", ""-181825.70999999996"", ""0""]], ""highlight"": 2}",2026-10-06T01:46:12.955669
MO,2026-08-01,2026-08-31,monthly,DRAFTKINGS -  MOBILE,DraftKings,DraftKings,DraftKings Inc,online,,8352980410,680639935,941594342.0,234574107.0,680639935.0,7390155309.0,68063994.0,26380300.0,0.08148467990959887,31,False,False,SW_Monthly_Financials_0826.xlsx,MONTHLY STATS MOBILE,30.0,,,,https://www.mgc.dps.mo.gov/SportsWagering/sw_financials/FY27_SWFinReport/08_Aug/SW Monthly Financials 0826.xlsx,https://www.mgc.dps.mo.gov/SportsWagering/sw_financials/rb_SWFin_main.html,MO/screenshots/MO_2026_10_SW_Monthly_Financials_0826.png,2026-08-01 00:00:00 | 2541100 | 83529804.1 | 76723404.75 | 6806399.349999994 | 680639.94,"{""headers"": [""LICENSEE"", ""MO/YR"", ""WAGERS"", ""HANDLE"", """", ""DEDUCTIONS"", """", ""TAXABLE AGR"", ""WAGERING TAX""], ""rows"": [["""", """", """", """", """", """", """", """", """"], [""DRAFTKINGS -  MOBILE"", ""2026-07-01 00:00:00"", ""2921715"", ""108833008.22"", """", ""97594431.48"", """", ""11238576.739999995"", ""1123857.6739999994""], ["""", ""2026-08-01 00:00:00"", ""2541100"", ""83529804.1"", """", ""76723404.75"", """", ""6806399.349999994"", ""680639.94""], ["""", """", """", """", """", """", """", """", """"], [""TOTALS:"", """", ""5462815"", ""192362812.32"", """", ""174317836.23000002"", """", ""18044976.08999999"", ""1804497.6139999994""]], ""highlight"": 2}",2026-10-06T01:46:12.955669
MO,2026-08-01,2026-08-31,monthly,FANATICS - MOBILE,Fanatics,Fanatics,Fanatics Inc,online,,1507665223,112495017,158650734.0,42080937.0,112495017.0,1344538207.0,11249502.0,4074780.0,0.0746153823036084,31,False,False,SW_Monthly_Financials_0826.xlsx,MONTHLY STATS MOBILE,35.0,,,,https://www.mgc.dps.mo.gov/SportsWagering/sw_financials/FY27_SWFinReport/08_Aug/SW Monthly Financials 0826.xlsx,https://www.mgc.dps.mo.gov/SportsWagering/sw_financials/rb_SWFin_main.html,MO/screenshots/MO_2026_10_SW_Monthly_Financials_0826.png,2026-08-01 00:00:00 | 357514 | 15076652.23 | 13951702.06 | 1124950.17 | 112495.01699999999,"{""headers"": [""LICENSEE"", ""MO/YR"", ""WAGERS"", ""HANDLE"", """", ""DEDUCTIONS"", """", ""TAXABLE AGR"", ""WAGERING TAX""], ""rows"": [["""", """", """", """", """", """", """", """", """"], [""FANATICS - MOBILE"", ""2026-07-01 00:00:00"", ""409244"", ""16801858.78"", """", ""15547124.28"", """", ""1254734.5000000019"", ""125473.45000000019""], ["""", ""2026-08-01 00:00:00"", ""357514"", ""15076652.23"", """", ""13951702.06"", """", ""1124950.17"", ""112495.01699999999""], ["""", """", """", """", """", """", """", """", """"], [""TOTALS:"", """", ""766758"", ""31878511.01"", """", ""29498826.34"", """", ""2379684.670000002"", ""237968.46700000018""]], ""highlight"": 2}",2026-10-06T01:46:12.955669
MO,2026-08-01,2026-08-31,monthly,FANDUEL - MOBILE,FanDuel,FanDuel,Flutter Entertainment,online,,5984462432,537221030,684450295.0,131039966.0,537221030.0,5275877026.0,53722103.0,16189299.0,0.0897693044453554,31,False,False,SW_Monthly_Financials_0826.xlsx,MONTHLY STATS MOBILE,40.0,,,,https://www.mgc.dps.mo.gov/SportsWagering/sw_financials/FY27_SWFinReport/08_Aug/SW Monthly Financials 0826.xlsx,https://www.mgc.dps.mo.gov/SportsWagering/sw_financials/rb_SWFin_main.html,MO/screenshots/MO_2026_10_SW_Monthly_Financials_0826.png,2026-08-01 00:00:00 | 616948 | 59844624.32 | 54472414.02 | 5372210.299999997 | 537221.0299999997,"{""headers"": [""LICENSEE"", ""MO/YR"", ""WAGERS"", ""HANDLE"", """", ""DEDUCTIONS"", """", ""TAXABLE AGR"", ""WAGERING TAX""], ""rows"": [["""", """", """", """", """", """", """", """", """"], [""FANDUEL - MOBILE"", ""2026-07-01 00:00:00"", ""1004569"", ""66785155.33"", """", ""61187595.8"", """", ""5597559.530000001"", ""559755.9530000001""], ["""", ""2026-08-01 00:00:00"", ""616948"", ""59844624.32"", """", ""54472414.02"", """", ""5372210.299999997"", ""537221.0299999997""], ["""", """", """", """", """", """", """", """", """"], [""TOTALS:"", """", ""1621517"", ""126629779.65"", """", ""115660009.82"", """", ""10969769.829999998"", ""1096976.9829999998""]], ""highlight"": 2}",2026-10-06T01:46:12.955669
MO,2026-08-01,2026-08-31,monthly,PENN SPORTS INTERACTIVE- MOBILE,ESPN Bet,ESPN Bet,PENN Entertainment,online,,463794374,41035089,53196492.0,11278074.0,41035089.0,410362771.0,4103509.0,883329.0,0.08847690118811144,31,False,False,SW_Monthly_Financials_0826.xlsx,MONTHLY STATS MOBILE,45.0,,,,https://www.mgc.dps.mo.gov/SportsWagering/sw_financials/FY27_SWFinReport/08_Aug/SW Monthly Financials 0826.xlsx,https://www.mgc.dps.mo.gov/SportsWagering/sw_financials/rb_SWFin_main.html,MO/screenshots/MO_2026_10_SW_Monthly_Financials_0826.png,2026-08-01 00:00:00 | 122395 | 4637943.74 | 4227592.85 | 410350.8900000006 | 41035.089000000065,"{""headers"": [""LICENSEE"", ""MO/YR"", ""WAGERS"", ""HANDLE"", """", ""DEDUCTIONS"", """", ""TAXABLE AGR"", ""WAGERING TAX""], ""rows"": [["""", """", """", """", """", """", """", """", """"], [""PENN SPORTS INTERACTIVE- MOBILE"", ""2026-07-01 00:00:00"", ""130921"", ""3614001.62"", """", ""3291911.68"", """", ""322089.93999999994"", ""32208.993999999995""], ["""", ""2026-08-01 00:00:00"", ""122395"", ""4637943.74"", """", ""4227592.85"", """", ""410350.8900000006"", ""41035.089000000065""], ["""", """", """", """", """", """", """", """", """"], [""TOTALS:"", """", ""253316"", ""8251945.36"", """", ""7519504.529999999"", """", ""732440.8300000005"", ""73244.08300000006""]], ""highlight"": 2}",2026-10-06T01:46:12.955669
MO,2026-08-01,2026-08-31,monthly,ALL,TOTAL,TOTAL,,retail,baseball,126304676,10384407,10384407.0,,,115920269.0,,,0.08221712234945285,31,False,False,SW_Monthly_Financials_0826.xlsx,SPORT DETAIL RETAIL,,,,,https://www.mgc.dps.mo.gov/SportsWagering/sw_financials/FY27_SWFinReport/08_Aug/SW Monthly Financials 0826.xlsx,https://www.mgc.dps.mo.gov/SportsWagering/sw_financials/rb_SWFin_main.html,MO/screenshots/MO_2026_10_SW_Monthly_Financials_0826.png,,,2026-10-06T01:46:12.955669
MO,2026-07-01,2026-07-31,monthly,BETMGM - MOBILE,BetMGM,BetMGM,Entain/MGM Resorts,online,,1673387333,104025915,162155413.0,54247065.0,104025915.0,1504077429.0,10402592.0,3882433.0,0.06216487536899504,31,False,False,SW_Monthly_Financials_0726.xlsx,MONTHLY STATS MOBILE,13.0,,,,https://www.mgc.dps.mo.gov/SportsWagering/sw_financials/FY27_SWFinReport/07_Jul/SW Monthly Financials 0726.xlsx,https://www.mgc.dps.mo.gov/SportsWagering/sw_financials/rb_SWFin_main.html,MO/screenshots/MO_2026_10_SW_Monthly_Financials_0726.png,BETMGM - MOBILE | 2026-07-01 00:00:00 | 224086 | 16733873.33 | 15693614.18 | 1040259.1500000004 | 104025.91500000004,"{""headers"": [""LICENSEE"", ""MO/YR"", ""WAGERS"", ""HANDLE"", """", ""DEDUCTIONS"", """", ""TAXABLE AGR"", ""WAGERING TAX""], ""rows"": [[""TOTALS:"", """", ""874579"", ""21319585.18"", """", ""19721945.45"", """", ""1597639.7300000004"", ""159763.97300000006""], ["""", """", """", """", """", """", """", """", """"], [""BETMGM - MOBILE"", ""2026-07-01 00:00:00"", ""224086"", ""16733873.33"", """", ""15693614.18"", """", ""1040259.1500000004"", ""104025.91500000004""], ["""", """", """", """", """", """", """", """", """"], [""TOTALS:"", """", ""224086"", ""16733873.33"", """", ""15693614.18"", """", ""1040259.1500000004"", ""104025.91500000004""]], ""highlight"": 2}",2026-10-06T01:46:21.907804
MO,2026-07-01,2026-07-31,monthly,CAESARS SPORTSBOOK - MOBILE,Caesars,Caesars,Caesars Entertainment,online,,791925355,27466314,43939744.0,14211513.0,27466314.0,741940262.0,2746631.0,2261917.0,0.03468295821895992,31,False,False,SW_Monthly_Financials_0726.xlsx,MONTHLY STATS MOBILE,17.0,,,,https://www.mgc.dps.mo.gov/SportsWagering/sw_financials/FY27_SWFinReport/07_Jul/SW Monthly Financials 0726.xlsx,https://www.mgc.dps.mo.gov/SportsWagering/sw_financials/rb_SWFin_main.html,MO/screenshots/MO_2026_10_SW_Monthly_Financials_0726.png,CAESARS SPORTSBOOK - MOBILE | 2026-07-01 00:00:00 | 113504 | 7919253.55 | 7644590.41 | 274663.13999999966 | 27466.31399999997,"{""headers"": [""LICENSEE"", ""MO/YR"", ""WAGERS"", ""HANDLE"", """", ""DEDUCTIONS"", """", ""TAXABLE AGR"", ""WAGERING TAX""], ""rows"": [[""TOTALS:"", """", ""224086"", ""16733873.33"", """", ""15693614.18"", """", ""1040259.1500000004"", ""104025.91500000004""], ["""", """", """", """", """", """", """", """", """"], [""CAESARS SPORTSBOOK - MOBILE"", ""2026-07-01 00:00:00"", ""113504"", ""7919253.55"", """", ""7644590.41"", """", ""274663.13999999966"", ""27466.31399999997""], ["""", """", """", """", """", """", """", """", """"], [""TOTALS:"", """", ""113504"", ""7919253.55"", """", ""7644590.41"", """", ""274663.13999999966"", ""27466.31399999997""]], ""highlight"": 2}",2026-10-06T01:46:21.907804
MO,2026-07-01,2026-07-31,monthly,CIRCA SPORTS - MOBILE,Circa Sports,Circa Sports,Circa Resort & Casino,online,,153084253,-11514955,-4433809.0,0.0,-11514955.0,156292348.0,0.0,540633.0,-0.07521972230546796,31,False,False,SW_Monthly_Financials_0726.xlsx,MONTHLY STATS MOBILE,21.0,,,,https://www.mgc.dps.mo.gov/SportsWagering/sw_financials/FY27_SWFinReport/07_Jul/SW Monthly Financials 0726.xlsx,https://www.mgc.dps.mo.gov/SportsWagering/sw_financials/rb_SWFin_main.html,MO/screenshots/MO_2026_10_SW_Monthly_Financials_0726.png,CIRCA SPORTS - MOBILE | 2026-07-01 00:00:00 | 11596 | 1530842.53 | 1645992.0799999998 | -115149.54999999981 | 0,"{""headers"": [""LICENSEE"", ""MO/YR"", ""WAGERS"", ""HANDLE"", """", ""DEDUCTIONS"", """", ""TAXABLE AGR"", ""WAGERING TAX""], ""rows"": [[""TOTALS:"", """", ""113504"", ""7919253.55"", """", ""7644590.41"", """", ""274663.13999999966"", ""27466.31399999997""], ["""", """", """", """", """", """", """", """", """"], [""CIRCA SPORTS - MOBILE"", ""2026-07-01 00:00:00"", ""11596"", ""1530842.53"", """", ""1645992.0799999998"", """", ""-115149.54999999981"", ""0""], ["""", """", """", """", """", """", """", """", """"], [""TOTALS:"", """", ""11596"", ""1530842.53"", """", ""1645992.0799999998"", """", ""-115149.54999999981"", ""0""]], ""highlight"": 2}",2026-10-06T01:46:21.907804
MO,2026-01-01,2026-01-31,monthly,CAESAR'S SPORTSBOOK- HORSESHOE - RETAIL,Caesars (Horseshoe),Caesars,Caesars Entertainment,retail,,42218351,537326,,,537326.0,,53733.0,,0.012727309032036803,31,False,False,SW_Monthly_Financials_0626_.xlsx,MONTHLY STATS RETAIL,30.0,,,,https://www.mgc.dps.mo.gov/SportsWagering/sw_financials/FY26_SWFinReport/06_Jun/SW Monthly Financials 0626 .xlsx,https://www.mgc.dps.mo.gov/SportsWagering/sw_financials/rb_SWFin_main.html,MO/screenshots/MO_2026_10_SW_Monthly_Financials_0626_.png,2026-01-01 00:00:00 | 3652 | 422183.51 | 416810.25 | 5373.260000000009 | 537.3260000000009,"{""headers"": [""LICENSEE"", ""MO/YR"", ""WAGERS"", ""HANDLE"", """", ""DEDUCTIONS"", """", ""TAXABLE AGR"", ""WAGERING TAX""], ""rows"": [["""", """", """", """", """", """", """", """", """"], [""CAESAR'S SPORTSBOOK- HORSESHOE - RETAIL"", ""2025-12-01 00:00:00"", ""3636"", ""456331.19"", """", ""412801.75"", """", ""43529.44"", ""4352.944""], ["""", ""2026-01-01 00:00:00"", ""3652"", ""422183.51"", """", ""416810.25"", """", ""5373.260000000009"", ""537.3260000000009""], ["""", ""2026-02-01 00:00:00"", ""2792"", ""163965.3"", """", ""150836.8"", """", ""13128.5"", ""1312.8500000000001""], ["""", ""2026-03-01 00:00:00"", ""5034"", ""226955.35"", """", ""193776.51"", """", ""33178.84"", ""3317.884""]], ""highlight"": 2}",2026-10-06T01:46:30.419524
MO,2026-04-01,2026-04-30,monthly,ARGOSY CASINO - RETAIL,Argosy Casino,ESPN Bet,PENN Entertainment,retail,,44988578,1160173,,,1160173.0,,116017.0,,0.025788167832288454,30,False,False,SW_Monthly_Financials_0626_.xlsx,MONTHLY STATS RETAIL,13.0,,,,https://www.mgc.dps.mo.gov/SportsWagering/sw_financials/FY26_SWFinReport/06_Jun/SW Monthly Financials 0626 .xlsx,https://www.mgc.dps.mo.gov/SportsWagering/sw_financials/rb_SWFin_main.html,MO/screenshots/MO_2026_10_SW_Monthly_Financials_0626_.png,2026-04-01 00:00:00 | 5779 | 449885.78 | 438284.05 | 11601.73000000004 | 1160.173000000004,"{""headers"": [""LICENSEE"", ""MO/YR"", ""WAGERS"", ""HANDLE"", """", ""DEDUCTIONS"", """", ""TAXABLE AGR"", ""WAGERING TAX""], ""rows"": [["""", ""2026-02-01 00:00:00"", ""6040"", ""539087.5"", """", ""478632.41"", """", ""60455.090000000026"", ""6045.509000000003""], ["""", ""2026-03-01 00:00:00"", ""9787"", ""725931.68"", """", ""695985.8"", """", ""29945.880000000005"", ""2994.5880000000006""], ["""", ""2026-04-01 00:00:00"", ""5779"", ""449885.78"", """", ""438284.05"", """", ""11601.73000000004"", ""1160.173000000004""], ["""", ""2026-05-01 00:00:00"", ""5373"", ""375178.71"", """", ""306878.87"", """", ""68299.84000000003"", ""6829.984000000003""], ["""", ""2026-06-01 00:00:00"", ""5258"", ""1473324.09"", """", ""1403587.68"", """", ""69736.41000000015"", ""6973.641000000015""]], ""highlight"": 2}",2026-10-06T01:46:30.419524
MO,2026-05-01,2026-05-31,monthly,ARGOSY CASINO - RETAIL,Argosy Casino,ESPN Bet,PENN Entertainment,retail,,37517871,6829984,,,6829984.0,,682998.0,,0.1820461507530638,31,False,False,SW_Monthly_Financials_0626_.xlsx,MONTHLY STATS RETAIL,14.0,,,,https://www.mgc.dps.mo.gov/SportsWagering/sw_financials/FY26_SWFinReport/06_Jun/SW Monthly Financials 0626 .xlsx,https://www.mgc.dps.mo.gov/SportsWagering/sw_financials/rb_SWFin_main.html,MO/screenshots/MO_2026_10_SW_Monthly_Financials_0626_.png,2026-05-01 00:00:00 | 5373 | 375178.71 | 306878.87 | 68299.84000000003 | 6829.984000000003,"{""headers"": [""LICENSEE"", ""MO/YR"", ""WAGERS"", ""HANDLE"", """", ""DEDUCTIONS"", """", ""TAXABLE AGR"", ""WAGERING TAX""], ""rows"": [["""", ""2026-03-01 00:00:00"", ""9787"", ""725931.68"", """", ""695985.8"", """", ""29945.880000000005"", ""2994.5880000000006""], ["""", ""2026-04-01 00:00:00"", ""5779"", ""449885.78"", """", ""438284.05"", """", ""11601.73000000004"", ""1160.173000000004""], ["""", ""2026-05-01 00:00:00"", ""5373"", ""375178.71"", """", ""306878.87"", """", ""68299.84000000003"", ""6829.984000000003""], ["""", ""2026-06-01 00:00:00"", ""5258"", ""1473324.09"", """", ""1403587.68"", """", ""69736.41000000015"", ""6973.641000000015""], ["""", """", """", """", """", """", """", """", """"]], ""highlight"": 2}",2026-10-06T01:46:30.419524
MO,2026-06-01,2026-06-30,monthly,ARGOSY CASINO - RETAIL,Argosy Casino,ESPN Bet,PENN Entertainment,retail,,147332409,6973641,7072149.0,0.0,6973641.0,140158660.0,697364.0,98508.0,0.047332701931182025,30,False,False,SW_Monthly_Financials_0626_.xlsx,MONTHLY STATS RETAIL,15.0,,,,https://www.mgc.dps.mo.gov/SportsWagering/sw_financials/FY26_SWFinReport/06_Jun/SW Monthly Financials 0626 .xlsx,https://www.mgc.dps.mo.gov/SportsWagering/sw_financials/rb_SWFin_main.html,MO/screenshots/MO_2026_10_SW_Monthly_Financials_0626_.png,2026-06-01 00:00:00 | 5258 | 1473324.09 | 1403587.68 | 69736.41000000015 | 6973.641000000015,"{""headers"": [""LICENSEE"", ""MO/YR"", ""WAGERS"", ""HANDLE"", """", ""DEDUCTIONS"", """", ""TAXABLE AGR"", ""WAGERING TAX""], ""rows"": [["""", ""2026-04-01 00:00:00"", ""5779"", ""449885.78"", """", ""438284.05"", """", ""11601.73000000004"", ""1160.173000000004""], ["""", ""2026-05-01 00:00:00"", ""5373"", ""375178.71"", """", ""306878.87"", """", ""68299.84000000003"", ""6829.984000000003""], ["""", ""2026-06-01 00:00:00"", ""5258"", ""1473324.09"", """", ""1403587.68"", """", ""69736.41000000015"", ""6973.641000000015""], ["""", """", """", """", """", """", """", """", """"], [""TOTALS:"", """", ""48444"", ""4576057.43"", """", ""4178412.09"", """", ""397645.34000000026"", ""39764.53400000003""]], ""highlight"": 2}",2026-10-06T01:46:30.419524
MO,2025-12-01,2025-12-31,monthly,CAESAR'S SPORTSBOOK-HARRAH'S - RETAIL,Caesars (Harrah's KC),Caesars,Caesars Entertainment,retail,,39899468,9782968,,,9782968.0,,978297.0,,0.24519043712562785,31,False,False,SW_Monthly_Financials_0626_.xlsx,MONTHLY STATS RETAIL,19.0,,,,https://www.mgc.dps.mo.gov/SportsWagering/sw_financials/FY26_SWFinReport/06_Jun/SW Monthly Financials 0626 .xlsx,https://www.mgc.dps.mo.gov/SportsWagering/sw_financials/rb_SWFin_main.html,MO/screenshots/MO_2026_10_SW_Monthly_Financials_0626_.png,CAESAR'S SPORTSBOOK-HARRAH'S - RETAIL | 2025-12-01 00:00:00 | 5260 | 398994.68 | 301165 | 97829.68 | 9782.967999999999,"{""headers"": [""LICENSEE"", ""MO/YR"", ""WAGERS"", ""HANDLE"", """", ""DEDUCTIONS"", """", ""TAXABLE AGR"", ""WAGERING TAX""], ""rows"": [[""TOTALS:"", """", ""48444"", ""4576057.43"", """", ""4178412.09"", """", ""397645.34000000026"", ""39764.53400000003""], ["""", """", """", """", """", """", """", """", """"], [""CAESAR'S SPORTSBOOK-HARRAH'S - RETAIL"", ""2025-12-01 00:00:00"", ""5260"", ""398994.68"", """", ""301165"", """", ""97829.68"", ""9782.967999999999""], ["""", ""2026-01-01 00:00:00"", ""5285"", ""496255.1"", """", ""386114.75"", """", ""110140.34999999998"", ""11014.034999999998""], ["""", ""2026-02-01 00:00:00"", ""4271"", ""379892.06"", """", ""357131.99"", """", ""22760.070000000007"", ""2276.007000000001""]], ""highlight"": 2}",2026-10-06T01:46:30.419524
MO,2026-01-01,2026-01-31,monthly,CAESAR'S SPORTSBOOK-HARRAH'S - RETAIL,Caesars (Harrah's KC),Caesars,Caesars Entertainment,retail,,49625510,11014035,,,11014035.0,,1101403.0,,0.22194300874691264,31,False,False,SW_Monthly_Financials_0626_.xlsx,MONTHLY STATS RETAIL,20.0,,,,https://www.mgc.dps.mo.gov/SportsWagering/sw_financials/FY26_SWFinReport/06_Jun/SW Monthly Financials 0626 .xlsx,https://www.mgc.dps.mo.gov/SportsWagering/sw_financials/rb_SWFin_main.html,MO/screenshots/MO_2026_10_SW_Monthly_Financials_0626_.png,2026-01-01 00:00:00 | 5285 | 496255.1 | 386114.75 | 110140.34999999998 | 11014.034999999998,"{""headers"": [""LICENSEE"", ""MO/YR"", ""WAGERS"", ""HANDLE"", """", ""DEDUCTIONS"", """", ""TAXABLE AGR"", ""WAGERING TAX""], ""rows"": [["""", """", """", """", """", """", """", """", """"], [""CAESAR'S SPORTSBOOK-HARRAH'S - RETAIL"", ""2025-12-01 00:00:00"", ""5260"", ""398994.68"", """", ""301165"", """", ""97829.68"", ""9782.967999999999""], ["""", ""2026-01-01 00:00:00"", ""5285"", ""496255.1"", """", ""386114.75"", """", ""110140.34999999998"", ""11014.034999999998""], ["""", ""2026-02-01 00:00:00"", ""4271"", ""379892.06"", """", ""357131.99"", """", ""22760.070000000007"", ""2276.007000000001""], ["""", ""2026-03-01 00:00:00"", ""4935"", ""400489.66"", """", ""315296.02"", """", ""85193.63999999996"", ""8519.363999999996""]], ""highlight"": 2}",2026-10-06T01:46:30.419524
MO,2026-02-01,2026-02-28,monthly,CAESAR'S SPORTSBOOK-HARRAH'S - RETAIL,Caesars (Harrah's KC),Caesars,Caesars Entertainment,retail,,37989206,2276007,,,2276007.0,,227601.0,,0.059911939196623375,28,False,False,SW_Monthly_Financials_0626_.xlsx,MONTHLY STATS RETAIL,21.0,,,,https://www.mgc.dps.mo.gov/SportsWagering/sw_financials/FY26_SWFinReport/06_Jun/SW Monthly Financials 0626 .xlsx,https://www.mgc.dps.mo.gov/SportsWagering/sw_financials/rb_SWFin_main.html,MO/screenshots/MO_2026_10_SW_Monthly_Financials_0626_.png,2026-02-01 00:00:00 | 4271 | 379892.06 | 357131.99 | 22760.070000000007 | 2276.007000000001,"{""headers"": [""LICENSEE"", ""MO/YR"", ""WAGERS"", ""HANDLE"", """", ""DEDUCTIONS"", """", ""TAXABLE AGR"", ""WAGERING TAX""], ""rows"": [[""CAESAR'S SPORTSBOOK-HARRAH'S - RETAIL"", ""2025-12-01 00:00:00"", ""5260"", ""398994.68"", """", ""301165"", """", ""97829.68"", ""9782.967999999999""], ["""", ""2026-01-01 00:00:00"", ""5285"", ""496255.1"", """", ""386114.75"", """", ""110140.34999999998"", ""11014.034999999998""], ["""", ""2026-02-01 00:00:00"", ""4271"", ""379892.06"", """", ""357131.99"", """", ""22760.070000000007"", ""2276.007000000001""], ["""", ""2026-03-01 00:00:00"", ""4935"", ""400489.66"", """", ""315296.02"", """", ""85193.63999999996"", ""8519.363999999996""], ["""", ""2026-04-01 00:00:00"", ""3824"", ""279041.14"", """", ""220653.87"", """", ""58387.27000000002"", ""5838.727000000003""]], ""highlight"": 2}",2026-10-06T01:46:30.419524
MO,2026-03-01,2026-03-31,monthly,CAESAR'S SPORTSBOOK-HARRAH'S - RETAIL,Caesars (Harrah's KC),Caesars,Caesars Entertainment,retail,,40048966,8519364,,,8519364.0,,851936.0,,0.21272369428963533,31,False,False,SW_Monthly_Financials_0626_.xlsx,MONTHLY STATS RETAIL,22.0,,,,https://www.mgc.dps.mo.gov/SportsWagering/sw_financials/FY26_SWFinReport/06_Jun/SW Monthly Financials 0626 .xlsx,https://www.mgc.dps.mo.gov/SportsWagering/sw_financials/rb_SWFin_main.html,MO/screenshots/MO_2026_10_SW_Monthly_Financials_0626_.png,2026-03-01 00:00:00 | 4935 | 400489.66 | 315296.02 | 85193.63999999996 | 8519.363999999996,"{""headers"": [""LICENSEE"", ""MO/YR"", ""WAGERS"", ""HANDLE"", """", ""DEDUCTIONS"", """", ""TAXABLE AGR"", ""WAGERING TAX""], ""rows"": [["""", ""2026-01-01 00:00:00"", ""5285"", ""496255.1"", """", ""386114.75"", """", ""110140.34999999998"", ""11014.034999999998""], ["""", ""2026-02-01 00:00:00"", ""4271"", ""379892.06"", """", ""357131.99"", """", ""22760.070000000007"", ""2276.007000000001""], ["""", ""2026-03-01 00:00:00"", ""4935"", ""400489.66"", """", ""315296.02"", """", ""85193.63999999996"", ""8519.363999999996""], ["""", ""2026-04-01 00:00:00"", ""3824"", ""279041.14"", """", ""220653.87"", """", ""58387.27000000002"", ""5838.727000000003""], ["""", ""2026-05-01 00:00:00"", ""4838"", ""416269.27"", """", ""393113.09"", """", ""23156.179999999993"", ""2315.6179999999995""]], ""highlight"": 2}",2026-10-06T01:46:30.419524
MO,2026-04-01,2026-04-30,monthly,CAESAR'S SPORTSBOOK-HARRAH'S - RETAIL,Caesars (Harrah's KC),Caesars,Caesars Entertainment,retail,,27904114,5838727,,,5838727.0,,583873.0,,0.20924251527928822,30,False,False,SW_Monthly_Financials_0626_.xlsx,MONTHLY STATS RETAIL,23.0,,,,https://www.mgc.dps.mo.gov/SportsWagering/sw_financials/FY26_SWFinReport/06_Jun/SW Monthly Financials 0626 .xlsx,https://www.mgc.dps.mo.gov/SportsWagering/sw_financials/rb_SWFin_main.html,MO/screenshots/MO_2026_10_SW_Monthly_Financials_0626_.png,2026-04-01 00:00:00 | 3824 | 279041.14 | 220653.87 | 58387.27000000002 | 5838.727000000003,"{""headers"": [""LICENSEE"", ""MO/YR"", ""WAGERS"", ""HANDLE"", """", ""DEDUCTIONS"", """", ""TAXABLE AGR"", ""WAGERING TAX""], ""rows"": [["""", ""2026-02-01 00:00:00"", ""4271"", ""379892.06"", """", ""357131.99"", """", ""22760.070000000007"", ""2276.007000000001""], ["""", ""2026-03-01 00:00:00"", ""4935"", ""400489.66"", """", ""315296.02"", """", ""85193.63999999996"", ""8519.363999999996""], ["""", ""2026-04-01 00:00:00"", ""3824"", ""279041.14"", """", ""220653.87"", """", ""58387.27000000002"", ""5838.727000000003""], ["""", ""2026-05-01 00:00:00"", ""4838"", ""416269.27"", """", ""393113.09"", """", ""23156.179999999993"", ""2315.6179999999995""], ["""", ""2026-06-01 00:00:00"", ""5018"", ""326709"", """", ""298001.74"", """", ""28707.26000000001"", ""2870.726000000001""]], ""highlight"": 2}",2026-10-06T01:46:30.419524
MO,2026-05-01,2026-05-31,monthly,CAESAR'S SPORTSBOOK-HARRAH'S - RETAIL,Caesars (Harrah's KC),Caesars,Caesars Entertainment,retail,,41626927,2315618,,,2315618.0,,231562.0,,0.05562788720868105,31,False,False,SW_Monthly_Financials_0626_.xlsx,MONTHLY STATS RETAIL,24.0,,,,https://www.mgc.dps.mo.gov/SportsWagering/sw_financials/FY26_SWFinReport/06_Jun/SW Monthly Financials 0626 .xlsx,https://www.mgc.dps.mo.gov/SportsWagering/sw_financials/rb_SWFin_main.html,MO/screenshots/MO_2026_10_SW_Monthly_Financials_0626_.png,2026-05-01 00:00:00 | 4838 | 416269.27 | 393113.09 | 23156.179999999993 | 2315.6179999999995,"{""headers"": [""LICENSEE"", ""MO/YR"", ""WAGERS"", ""HANDLE"", """", ""DEDUCTIONS"", """", ""TAXABLE AGR"", ""WAGERING TAX""], ""rows"": [["""", ""2026-03-01 00:00:00"", ""4935"", ""400489.66"", """", ""315296.02"", """", ""85193.63999999996"", ""8519.363999999996""], ["""", ""2026-04-01 00:00:00"", ""3824"", ""279041.14"", """", ""220653.87"", """", ""58387.27000000002"", ""5838.727000000003""], ["""", ""2026-05-01 00:00:00"", ""4838"", ""416269.27"", """", ""393113.09"", """", ""23156.179999999993"", ""2315.6179999999995""], ["""", ""2026-06-01 00:00:00"", ""5018"", ""326709"", """", ""298001.74"", """", ""28707.26000000001"", ""2870.726000000001""], ["""", """", """", """", """", """", """", """", """"]], ""highlight"": 2}",2026-10-06T01:46:30.419524
MO,2026-06-01,2026-06-30,monthly,CAESAR'S SPORTSBOOK-HARRAH'S - RETAIL,Caesars (Harrah's KC),Caesars,Caesars Entertainment,retail,,32670900,2870726,,,2870726.0,,287073.0,,0.08786798037397195,30,False,False,SW_Monthly_Financials_0626_.xlsx,MONTHLY STATS RETAIL,25.0,,,,https://www.mgc.dps.mo.gov/SportsWagering/sw_financials/FY26_SWFinReport/06_Jun/SW Monthly Financials 0626 .xlsx,https://www.mgc.dps.mo.gov/SportsWagering/sw_financials/rb_SWFin_main.html,MO/screenshots/MO_2026_10_SW_Monthly_Financials_0626_.png,2026-06-01 00:00:00 | 5018 | 326709 | 298001.74 | 28707.26000000001 | 2870.726000000001,"{""headers"": [""LICENSEE"", ""MO/YR"", ""WAGERS"", ""HANDLE"", """", ""DEDUCTIONS"", """", ""TAXABLE AGR"", ""WAGERING TAX""], ""rows"": [["""", ""2026-04-01 00:00:00"", ""3824"", ""279041.14"", """", ""220653.87"", """", ""58387.27000000002"", ""5838.727000000003""], ["""", ""2026-05-01 00:00:00"", ""4838"", ""416269.27"", """", ""393113.09"", """", ""23156.179999999993"", ""2315.6179999999995""], ["""", ""2026-06-01 00:00:00"", ""5018"", ""326709"", """", ""298001.74"", """", ""28707.26000000001"", ""2870.726000000001""], ["""", """", """", """", """", """", """", """", """"], [""TOTALS:"", """", ""33431"", ""2697650.91"", """", ""2271476.46"", """", ""426174.44999999995"", ""42617.445""]], ""highlight"": 2}",2026-10-06T01:46:30.419524
MO,2025-12-01,2025-12-31,monthly,CAESAR'S SPORTSBOOK- HORSESHOE - RETAIL,Caesars (Horseshoe),Caesars,Caesars Entertainment,retail,,45633119,4352944,,,4352944.0,,435294.0,,0.09539001706195012,31,False,False,SW_Monthly_Financials_0626_.xlsx,MONTHLY STATS RETAIL,29.0,,,,https://www.mgc.dps.mo.gov/SportsWagering/sw_financials/FY26_SWFinReport/06_Jun/SW Monthly Financials 0626 .xlsx,https://www.mgc.dps.mo.gov/SportsWagering/sw_financials/rb_SWFin_main.html,MO/screenshots/MO_2026_10_SW_Monthly_Financials_0626_.png,CAESAR'S SPORTSBOOK- HORSESHOE - RETAIL | 2025-12-01 00:00:00 | 3636 | 456331.19 | 412801.75 | 43529.44 | 4352.944,"{""headers"": [""LICENSEE"", ""MO/YR"", ""WAGERS"", ""HANDLE"", """", ""DEDUCTIONS"", """", ""TAXABLE AGR"", ""WAGERING TAX""], ""rows"": [[""TOTALS:"", """", ""33431"", ""2697650.91"", """", ""2271476.46"", """", ""426174.44999999995"", ""42617.445""], ["""", """", """", """", """", """", """", """", """"], [""CAESAR'S SPORTSBOOK- HORSESHOE - RETAIL"", ""2025-12-01 00:00:00"", ""3636"", ""456331.19"", """", ""412801.75"", """", ""43529.44"", ""4352.944""], ["""", ""2026-01-01 00:00:00"", ""3652"", ""422183.51"", """", ""416810.25"", """", ""5373.260000000009"", ""537.3260000000009""], ["""", ""2026-02-01 00:00:00"", ""2792"", ""163965.3"", """", ""150836.8"", """", ""13128.5"", ""1312.8500000000001""]], ""highlight"": 2}",2026-10-06T01:46:30.419524
MO,2026-02-01,2026-02-28,monthly,CAESAR'S SPORTSBOOK- HORSESHOE - RETAIL,Caesars (Horseshoe),Caesars,Caesars Entertainment,retail,,16396530,1312850,,,1312850.0,,131285.0,,0.08006877064842378,28,False,False,SW_Monthly_Financials_0626_.xlsx,MONTHLY STATS RETAIL,31.0,,,,https://www.mgc.dps.mo.gov/SportsWagering/sw_financials/FY26_SWFinReport/06_Jun/SW Monthly Financials 0626 .xlsx,https://www.mgc.dps.mo.gov/SportsWagering/sw_financials/rb_SWFin_main.html,MO/screenshots/MO_2026_10_SW_Monthly_Financials_0626_.png,2026-02-01 00:00:00 | 2792 | 163965.3 | 150836.8 | 13128.5 | 1312.8500000000001,"{""headers"": [""LICENSEE"", ""MO/YR"", ""WAGERS"", ""HANDLE"", """", ""DEDUCTIONS"", """", ""TAXABLE AGR"", ""WAGERING TAX""], ""rows"": [[""CAESAR'S SPORTSBOOK- HORSESHOE - RETAIL"", ""2025-12-01 00:00:00"", ""3636"", ""456331.19"", """", ""412801.75"", """", ""43529.44"", ""4352.944""], ["""", ""2026-01-01 00:00:00"", ""3652"", ""422183.51"", """", ""416810.25"", """", ""5373.260000000009"", ""537.3260000000009""], ["""", ""2026-02-01 00:00:00"", ""2792"", ""163965.3"", """", ""150836.8"", """", ""13128.5"", ""1312.8500000000001""], ["""", ""2026-03-01 00:00:00"", ""5034"", ""226955.35"", """", ""193776.51"", """", ""33178.84"", ""3317.884""], ["""", ""2026-04-01 00:00:00"", ""3565"", ""134986.58"", """", ""115827.89"", """", ""19158.689999999988"", ""1915.8689999999988""]], ""highlight"": 2}",2026-10-06T01:46:30.419524
MO,2026-07-01,2026-07-31,monthly,DRAFTKINGS -  MOBILE,DraftKings,DraftKings,DraftKings Inc,online,,10883300822,1123857674,1396687140.0,247811166.0,1123857674.0,9455164622.0,112385767.0,25018300.0,0.1032644132861037,31,False,False,SW_Monthly_Financials_0726.xlsx,MONTHLY STATS MOBILE,25.0,,,,https://www.mgc.dps.mo.gov/SportsWagering/sw_financials/FY27_SWFinReport/07_Jul/SW Monthly Financials 0726.xlsx,https://www.mgc.dps.mo.gov/SportsWagering/sw_financials/rb_SWFin_main.html,MO/screenshots/MO_2026_10_SW_Monthly_Financials_0726.png,DRAFTKINGS -  MOBILE | 2026-07-01 00:00:00 | 2921715 | 108833008.22 | 97594431.48 | 11238576.739999995 | 1123857.6739999994,"{""headers"": [""LICENSEE"", ""MO/YR"", ""WAGERS"", ""HANDLE"", """", ""DEDUCTIONS"", """", ""TAXABLE AGR"", ""WAGERING TAX""], ""rows"": [[""TOTALS:"", """", ""11596"", ""1530842.53"", """", ""1645992.0799999998"", """", ""-115149.54999999981"", ""0""], ["""", """", """", """", """", """", """", """", """"], [""DRAFTKINGS -  MOBILE"", ""2026-07-01 00:00:00"", ""2921715"", ""108833008.22"", """", ""97594431.48"", """", ""11238576.739999995"", ""1123857.6739999994""], ["""", """", """", """", """", """", """", """", """"], [""TOTALS:"", """", ""2921715"", ""108833008.22"", """", ""97594431.48"", """", ""11238576.739999995"", ""1123857.6739999994""]], ""highlight"": 2}",2026-10-06T01:46:21.907804
MO,2026-03-01,2026-03-31,monthly,CAESAR'S SPORTSBOOK- HORSESHOE - RETAIL,Caesars (Horseshoe),Caesars,Caesars Entertainment,retail,,22695535,3317884,,,3317884.0,,331788.0,,0.14619104594802457,31,False,False,SW_Monthly_Financials_0626_.xlsx,MONTHLY STATS RETAIL,32.0,,,,https://www.mgc.dps.mo.gov/SportsWagering/sw_financials/FY26_SWFinReport/06_Jun/SW Monthly Financials 0626 .xlsx,https://www.mgc.dps.mo.gov/SportsWagering/sw_financials/rb_SWFin_main.html,MO/screenshots/MO_2026_10_SW_Monthly_Financials_0626_.png,2026-03-01 00:00:00 | 5034 | 226955.35 | 193776.51 | 33178.84 | 3317.884,"{""headers"": [""LICENSEE"", ""MO/YR"", ""WAGERS"", ""HANDLE"", """", ""DEDUCTIONS"", """", ""TAXABLE AGR"", ""WAGERING TAX""], ""rows"": [["""", ""2026-01-01 00:00:00"", ""3652"", ""422183.51"", """", ""416810.25"", """", ""5373.260000000009"", ""537.3260000000009""], ["""", ""2026-02-01 00:00:00"", ""2792"", ""163965.3"", """", ""150836.8"", """", ""13128.5"", ""1312.8500000000001""], ["""", ""2026-03-01 00:00:00"", ""5034"", ""226955.35"", """", ""193776.51"", """", ""33178.84"", ""3317.884""], ["""", ""2026-04-01 00:00:00"", ""3565"", ""134986.58"", """", ""115827.89"", """", ""19158.689999999988"", ""1915.8689999999988""], ["""", ""2026-05-01 00:00:00"", ""3289"", ""161529"", """", ""131189.17"", """", ""30339.829999999987"", ""3033.982999999999""]], ""highlight"": 2}",2026-10-06T01:46:30.419524
MO,2026-04-01,2026-04-30,monthly,CAESAR'S SPORTSBOOK- HORSESHOE - RETAIL,Caesars (Horseshoe),Caesars,Caesars Entertainment,retail,,13498658,1915869,,,1915869.0,,191587.0,,0.14193033114847417,30,False,False,SW_Monthly_Financials_0626_.xlsx,MONTHLY STATS RETAIL,33.0,,,,https://www.mgc.dps.mo.gov/SportsWagering/sw_financials/FY26_SWFinReport/06_Jun/SW Monthly Financials 0626 .xlsx,https://www.mgc.dps.mo.gov/SportsWagering/sw_financials/rb_SWFin_main.html,MO/screenshots/MO_2026_10_SW_Monthly_Financials_0626_.png,2026-04-01 00:00:00 | 3565 | 134986.58 | 115827.89 | 19158.689999999988 | 1915.8689999999988,"{""headers"": [""LICENSEE"", ""MO/YR"", ""WAGERS"", ""HANDLE"", """", ""DEDUCTIONS"", """", ""TAXABLE AGR"", ""WAGERING TAX""], ""rows"": [["""", ""2026-02-01 00:00:00"", ""2792"", ""163965.3"", """", ""150836.8"", """", ""13128.5"", ""1312.8500000000001""], ["""", ""2026-03-01 00:00:00"", ""5034"", ""226955.35"", """", ""193776.51"", """", ""33178.84"", ""3317.884""], ["""", ""2026-04-01 00:00:00"", ""3565"", ""134986.58"", """", ""115827.89"", """", ""19158.689999999988"", ""1915.8689999999988""], ["""", ""2026-05-01 00:00:00"", ""3289"", ""161529"", """", ""131189.17"", """", ""30339.829999999987"", ""3033.982999999999""], ["""", ""2026-06-01 00:00:00"", ""3227"", ""155418.5"", """", ""127519.55"", """", ""27898.949999999997"", ""2789.895""]], ""highlight"": 2}",2026-10-06T01:46:30.419524
MO,2026-05-01,2026-05-31,monthly,CAESAR'S SPORTSBOOK- HORSESHOE - RETAIL,Caesars (Horseshoe),Caesars,Caesars Entertainment,retail,,16152900,3033983,,,3033983.0,,303398.0,,0.18782899665075622,31,False,False,SW_Monthly_Financials_0626_.xlsx,MONTHLY STATS RETAIL,34.0,,,,https://www.mgc.dps.mo.gov/SportsWagering/sw_financials/FY26_SWFinReport/06_Jun/SW Monthly Financials 0626 .xlsx,https://www.mgc.dps.mo.gov/SportsWagering/sw_financials/rb_SWFin_main.html,MO/screenshots/MO_2026_10_SW_Monthly_Financials_0626_.png,2026-05-01 00:00:00 | 3289 | 161529 | 131189.17 | 30339.829999999987 | 3033.982999999999,"{""headers"": [""LICENSEE"", ""MO/YR"", ""WAGERS"", ""HANDLE"", """", ""DEDUCTIONS"", """", ""TAXABLE AGR"", ""WAGERING TAX""], ""rows"": [["""", ""2026-03-01 00:00:00"", ""5034"", ""226955.35"", """", ""193776.51"", """", ""33178.84"", ""3317.884""], ["""", ""2026-04-01 00:00:00"", ""3565"", ""134986.58"", """", ""115827.89"", """", ""19158.689999999988"", ""1915.8689999999988""], ["""", ""2026-05-01 00:00:00"", ""3289"", ""161529"", """", ""131189.17"", """", ""30339.829999999987"", ""3033.982999999999""], ["""", ""2026-06-01 00:00:00"", ""3227"", ""155418.5"", """", ""127519.55"", """", ""27898.949999999997"", ""2789.895""], ["""", """", """", """", """", """", """", """", """"]], ""highlight"": 2}",2026-10-06T01:46:30.419524
MO,2026-06-01,2026-06-30,monthly,CAESAR'S SPORTSBOOK- HORSESHOE - RETAIL,Caesars (Horseshoe),Caesars,Caesars Entertainment,retail,,15541850,2789895,2829545.0,0.0,2789895.0,12122805.0,278990.0,39650.0,0.17950855271412347,30,False,False,SW_Monthly_Financials_0626_.xlsx,MONTHLY STATS RETAIL,35.0,,,,https://www.mgc.dps.mo.gov/SportsWagering/sw_financials/FY26_SWFinReport/06_Jun/SW Monthly Financials 0626 .xlsx,https://www.mgc.dps.mo.gov/SportsWagering/sw_financials/rb_SWFin_main.html,MO/screenshots/MO_2026_10_SW_Monthly_Financials_0626_.png,2026-06-01 00:00:00 | 3227 | 155418.5 | 127519.55 | 27898.949999999997 | 2789.895,"{""headers"": [""LICENSEE"", ""MO/YR"", ""WAGERS"", ""HANDLE"", """", ""DEDUCTIONS"", """", ""TAXABLE AGR"", ""WAGERING TAX""], ""rows"": [["""", ""2026-04-01 00:00:00"", ""3565"", ""134986.58"", """", ""115827.89"", """", ""19158.689999999988"", ""1915.8689999999988""], ["""", ""2026-05-01 00:00:00"", ""3289"", ""161529"", """", ""131189.17"", """", ""30339.829999999987"", ""3033.982999999999""], ["""", ""2026-06-01 00:00:00"", ""3227"", ""155418.5"", """", ""127519.55"", """", ""27898.949999999997"", ""2789.895""], ["""", """", """", """", """", """", """", """", """"], [""TOTALS:"", """", ""25195"", ""1721369.4300000002"", """", ""1548761.92"", """", ""172607.51"", ""17260.750999999997""]], ""highlight"": 2}",2026-10-06T01:46:30.419524
MO,2025-12-01,2025-12-31,monthly,CENTURY CASINO CAPE GIRARDEAU - RETAIL,Century Casino,Century Casino,Century Casinos,retail,,64344520,14601715,,,14601715.0,,1460171.0,,0.22693020322476568,31,False,False,SW_Monthly_Financials_0626_.xlsx,MONTHLY STATS RETAIL,39.0,,,,https://www.mgc.dps.mo.gov/SportsWagering/sw_financials/FY26_SWFinReport/06_Jun/SW Monthly Financials 0626 .xlsx,https://www.mgc.dps.mo.gov/SportsWagering/sw_financials/rb_SWFin_main.html,MO/screenshots/MO_2026_10_SW_Monthly_Financials_0626_.png,CENTURY CASINO CAPE GIRARDEAU - RETAIL | 2025-12-01 00:00:00 | 1989 | 643445.2 | 497428.05 | 146017.14999999997 | 14601.714999999997,"{""headers"": [""LICENSEE"", ""MO/YR"", ""WAGERS"", ""HANDLE"", """", ""DEDUCTIONS"", """", ""TAXABLE AGR"", ""WAGERING TAX""], ""rows"": [[""TOTALS:"", """", ""25195"", ""1721369.4300000002"", """", ""1548761.92"", """", ""172607.51"", ""17260.750999999997""], ["""", """", """", """", """", """", """", """", """"], [""CENTURY CASINO CAPE GIRARDEAU - RETAIL"", ""2025-12-01 00:00:00"", ""1989"", ""643445.2"", """", ""497428.05"", """", ""146017.14999999997"", ""14601.714999999997""], ["""", ""2026-01-01 00:00:00"", ""1956"", ""985146.75"", """", ""1213631.04"", """", ""-228484.29000000004"", ""0""], ["""", ""2026-02-01 00:00:00"", ""1463"", ""501256.6"", """", ""635574.61"", """", ""-134318.01"", ""0""]], ""highlight"": 2}",2026-10-06T01:46:30.419524
MO,2026-01-01,2026-01-31,monthly,CENTURY CASINO CAPE GIRARDEAU - RETAIL,Century Casino,Century Casino,Century Casinos,retail,,98514675,-22848429,,,-22848429.0,,0.0,,-0.23192919227516104,31,False,False,SW_Monthly_Financials_0626_.xlsx,MONTHLY STATS RETAIL,40.0,,,,https://www.mgc.dps.mo.gov/SportsWagering/sw_financials/FY26_SWFinReport/06_Jun/SW Monthly Financials 0626 .xlsx,https://www.mgc.dps.mo.gov/SportsWagering/sw_financials/rb_SWFin_main.html,MO/screenshots/MO_2026_10_SW_Monthly_Financials_0626_.png,2026-01-01 00:00:00 | 1956 | 985146.75 | 1213631.04 | -228484.29000000004 | 0,"{""headers"": [""LICENSEE"", ""MO/YR"", ""WAGERS"", ""HANDLE"", """", ""DEDUCTIONS"", """", ""TAXABLE AGR"", ""WAGERING TAX""], ""rows"": [["""", """", """", """", """", """", """", """", """"], [""CENTURY CASINO CAPE GIRARDEAU - RETAIL"", ""2025-12-01 00:00:00"", ""1989"", ""643445.2"", """", ""497428.05"", """", ""146017.14999999997"", ""14601.714999999997""], ["""", ""2026-01-01 00:00:00"", ""1956"", ""985146.75"", """", ""1213631.04"", """", ""-228484.29000000004"", ""0""], ["""", ""2026-02-01 00:00:00"", ""1463"", ""501256.6"", """", ""635574.61"", """", ""-134318.01"", ""0""], ["""", ""2026-03-01 00:00:00"", ""1873"", ""690187.9"", """", ""769712.47"", """", ""-79524.56999999995"", ""0""]], ""highlight"": 2}",2026-10-06T01:46:30.419524
MO,2026-02-01,2026-02-28,monthly,CENTURY CASINO CAPE GIRARDEAU - RETAIL,Century Casino,Century Casino,Century Casinos,retail,,50125660,-13431801,,,-13431801.0,,0.0,,-0.2679625764528587,28,False,False,SW_Monthly_Financials_0626_.xlsx,MONTHLY STATS RETAIL,41.0,,,,https://www.mgc.dps.mo.gov/SportsWagering/sw_financials/FY26_SWFinReport/06_Jun/SW Monthly Financials 0626 .xlsx,https://www.mgc.dps.mo.gov/SportsWagering/sw_financials/rb_SWFin_main.html,MO/screenshots/MO_2026_10_SW_Monthly_Financials_0626_.png,2026-02-01 00:00:00 | 1463 | 501256.6 | 635574.61 | -134318.01 | 0,"{""headers"": [""LICENSEE"", ""MO/YR"", ""WAGERS"", ""HANDLE"", """", ""DEDUCTIONS"", """", ""TAXABLE AGR"", ""WAGERING TAX""], ""rows"": [[""CENTURY CASINO CAPE GIRARDEAU - RETAIL"", ""2025-12-01 00:00:00"", ""1989"", ""643445.2"", """", ""497428.05"", """", ""146017.14999999997"", ""14601.714999999997""], ["""", ""2026-01-01 00:00:00"", ""1956"", ""985146.75"", """", ""1213631.04"", """", ""-228484.29000000004"", ""0""], ["""", ""2026-02-01 00:00:00"", ""1463"", ""501256.6"", """", ""635574.61"", """", ""-134318.01"", ""0""], ["""", ""2026-03-01 00:00:00"", ""1873"", ""690187.9"", """", ""769712.47"", """", ""-79524.56999999995"", ""0""], ["""", ""2026-04-01 00:00:00"", ""1168"", ""550447.85"", """", ""519415.94"", """", ""31031.909999999974"", ""3103.1909999999975""]], ""highlight"": 2}",2026-10-06T01:46:30.419524
MO,2026-03-01,2026-03-31,monthly,CENTURY CASINO CAPE GIRARDEAU - RETAIL,Century Casino,Century Casino,Century Casinos,retail,,69018790,-7952457,,,-7952457.0,,0.0,,-0.11522162298122005,31,False,False,SW_Monthly_Financials_0626_.xlsx,MONTHLY STATS RETAIL,42.0,,,,https://www.mgc.dps.mo.gov/SportsWagering/sw_financials/FY26_SWFinReport/06_Jun/SW Monthly Financials 0626 .xlsx,https://www.mgc.dps.mo.gov/SportsWagering/sw_financials/rb_SWFin_main.html,MO/screenshots/MO_2026_10_SW_Monthly_Financials_0626_.png,2026-03-01 00:00:00 | 1873 | 690187.9 | 769712.47 | -79524.56999999995 | 0,"{""headers"": [""LICENSEE"", ""MO/YR"", ""WAGERS"", ""HANDLE"", """", ""DEDUCTIONS"", """", ""TAXABLE AGR"", ""WAGERING TAX""], ""rows"": [["""", ""2026-01-01 00:00:00"", ""1956"", ""985146.75"", """", ""1213631.04"", """", ""-228484.29000000004"", ""0""], ["""", ""2026-02-01 00:00:00"", ""1463"", ""501256.6"", """", ""635574.61"", """", ""-134318.01"", ""0""], ["""", ""2026-03-01 00:00:00"", ""1873"", ""690187.9"", """", ""769712.47"", """", ""-79524.56999999995"", ""0""], ["""", ""2026-04-01 00:00:00"", ""1168"", ""550447.85"", """", ""519415.94"", """", ""31031.909999999974"", ""3103.1909999999975""], ["""", ""2026-05-01 00:00:00"", ""920"", ""357359.3"", """", ""313909.42"", """", ""43449.880000000005"", ""4344.988""]], ""highlight"": 2}",2026-10-06T01:46:30.419524
MO,2026-04-01,2026-04-30,monthly,CENTURY CASINO CAPE GIRARDEAU - RETAIL,Century Casino,Century Casino,Century Casinos,retail,,55044785,3103191,,,3103191.0,,310319.0,,0.05637574931031159,30,False,False,SW_Monthly_Financials_0626_.xlsx,MONTHLY STATS RETAIL,43.0,,,,https://www.mgc.dps.mo.gov/SportsWagering/sw_financials/FY26_SWFinReport/06_Jun/SW Monthly Financials 0626 .xlsx,https://www.mgc.dps.mo.gov/SportsWagering/sw_financials/rb_SWFin_main.html,MO/screenshots/MO_2026_10_SW_Monthly_Financials_0626_.png,2026-04-01 00:00:00 | 1168 | 550447.85 | 519415.94 | 31031.909999999974 | 3103.1909999999975,"{""headers"": [""LICENSEE"", ""MO/YR"", ""WAGERS"", ""HANDLE"", """", ""DEDUCTIONS"", """", ""TAXABLE AGR"", ""WAGERING TAX""], ""rows"": [["""", ""2026-02-01 00:00:00"", ""1463"", ""501256.6"", """", ""635574.61"", """", ""-134318.01"", ""0""], ["""", ""2026-03-01 00:00:00"", ""1873"", ""690187.9"", """", ""769712.47"", """", ""-79524.56999999995"", ""0""], ["""", ""2026-04-01 00:00:00"", ""1168"", ""550447.85"", """", ""519415.94"", """", ""31031.909999999974"", ""3103.1909999999975""], ["""", ""2026-05-01 00:00:00"", ""920"", ""357359.3"", """", ""313909.42"", """", ""43449.880000000005"", ""4344.988""], ["""", ""2026-06-01 00:00:00"", ""930"", ""295643.55"", """", ""254214.55"", """", ""41429"", ""4142.900000000001""]], ""highlight"": 2}",2026-10-06T01:46:30.419524
MO,2026-05-01,2026-05-31,monthly,CENTURY CASINO CAPE GIRARDEAU - RETAIL,Century Casino,Century Casino,Century Casinos,retail,,35735930,4344988,,,4344988.0,,434499.0,,0.12158597803387235,31,False,False,SW_Monthly_Financials_0626_.xlsx,MONTHLY STATS RETAIL,44.0,,,,https://www.mgc.dps.mo.gov/SportsWagering/sw_financials/FY26_SWFinReport/06_Jun/SW Monthly Financials 0626 .xlsx,https://www.mgc.dps.mo.gov/SportsWagering/sw_financials/rb_SWFin_main.html,MO/screenshots/MO_2026_10_SW_Monthly_Financials_0626_.png,2026-05-01 00:00:00 | 920 | 357359.3 | 313909.42 | 43449.880000000005 | 4344.988,"{""headers"": [""LICENSEE"", ""MO/YR"", ""WAGERS"", ""HANDLE"", """", ""DEDUCTIONS"", """", ""TAXABLE AGR"", ""WAGERING TAX""], ""rows"": [["""", ""2026-03-01 00:00:00"", ""1873"", ""690187.9"", """", ""769712.47"", """", ""-79524.56999999995"", ""0""], ["""", ""2026-04-01 00:00:00"", ""1168"", ""550447.85"", """", ""519415.94"", """", ""31031.909999999974"", ""3103.1909999999975""], ["""", ""2026-05-01 00:00:00"", ""920"", ""357359.3"", """", ""313909.42"", """", ""43449.880000000005"", ""4344.988""], ["""", ""2026-06-01 00:00:00"", ""930"", ""295643.55"", """", ""254214.55"", """", ""41429"", ""4142.900000000001""], ["""", """", """", """", """", """", """", """", """"]], ""highlight"": 2}",2026-10-06T01:46:30.419524
MO,2026-06-01,2026-06-30,monthly,CENTURY CASINO CAPE GIRARDEAU - RETAIL,Century Casino,Century Casino,Century Casinos,retail,,29564355,4142900,4231615.0,0.0,4142900.0,24804740.0,414290.0,88715.0,0.1401315875147623,30,False,False,SW_Monthly_Financials_0626_.xlsx,MONTHLY STATS RETAIL,45.0,,,,https://www.mgc.dps.mo.gov/SportsWagering/sw_financials/FY26_SWFinReport/06_Jun/SW Monthly Financials 0626 .xlsx,https://www.mgc.dps.mo.gov/SportsWagering/sw_financials/rb_SWFin_main.html,MO/screenshots/MO_2026_10_SW_Monthly_Financials_0626_.png,2026-06-01 00:00:00 | 930 | 295643.55 | 254214.55 | 41429 | 4142.900000000001,"{""headers"": [""LICENSEE"", ""MO/YR"", ""WAGERS"", ""HANDLE"", """", ""DEDUCTIONS"", """", ""TAXABLE AGR"", ""WAGERING TAX""], ""rows"": [["""", ""2026-04-01 00:00:00"", ""1168"", ""550447.85"", """", ""519415.94"", """", ""31031.909999999974"", ""3103.1909999999975""], ["""", ""2026-05-01 00:00:00"", ""920"", ""357359.3"", """", ""313909.42"", """", ""43449.880000000005"", ""4344.988""], ["""", ""2026-06-01 00:00:00"", ""930"", ""295643.55"", """", ""254214.55"", """", ""41429"", ""4142.900000000001""], ["""", """", """", """", """", """", """", """", """"], [""TOTALS:"", """", ""10299"", ""4023487.1499999994"", """", ""4203886.08"", """", ""-180398.93000000005"", ""26192.793999999998""]], ""highlight"": 2}",2026-10-06T01:46:30.419524
MO,2026-03-01,2026-03-31,monthly,ARGOSY CASINO - RETAIL,Argosy Casino,ESPN Bet,PENN Entertainment,retail,,72593168,2994588,,,2994588.0,,299459.0,,0.04125165056854937,31,False,False,SW_Monthly_Financials_0626_.xlsx,MONTHLY STATS RETAIL,12.0,,,,https://www.mgc.dps.mo.gov/SportsWagering/sw_financials/FY26_SWFinReport/06_Jun/SW Monthly Financials 0626 .xlsx,https://www.mgc.dps.mo.gov/SportsWagering/sw_financials/rb_SWFin_main.html,MO/screenshots/MO_2026_10_SW_Monthly_Financials_0626_.png,2026-03-01 00:00:00 | 9787 | 725931.68 | 695985.8 | 29945.880000000005 | 2994.5880000000006,"{""headers"": [""LICENSEE"", ""MO/YR"", ""WAGERS"", ""HANDLE"", """", ""DEDUCTIONS"", """", ""TAXABLE AGR"", ""WAGERING TAX""], ""rows"": [["""", ""2026-01-01 00:00:00"", ""7955"", ""535763.01"", """", ""486409.81"", """", ""49353.20000000001"", ""4935.3200000000015""], ["""", ""2026-02-01 00:00:00"", ""6040"", ""539087.5"", """", ""478632.41"", """", ""60455.090000000026"", ""6045.509000000003""], ["""", ""2026-03-01 00:00:00"", ""9787"", ""725931.68"", """", ""695985.8"", """", ""29945.880000000005"", ""2994.5880000000006""], ["""", ""2026-04-01 00:00:00"", ""5779"", ""449885.78"", """", ""438284.05"", """", ""11601.73000000004"", ""1160.173000000004""], ["""", ""2026-05-01 00:00:00"", ""5373"", ""375178.71"", """", ""306878.87"", """", ""68299.84000000003"", ""6829.984000000003""]], ""highlight"": 2}",2026-10-06T01:46:30.419524
MO,2026-02-01,2026-02-28,monthly,ARGOSY CASINO - RETAIL,Argosy Casino,ESPN Bet,PENN Entertainment,retail,,53908750,6045509,,,6045509.0,,604551.0,,0.11214337190159297,28,False,False,SW_Monthly_Financials_0626_.xlsx,MONTHLY STATS RETAIL,11.0,,,,https://www.mgc.dps.mo.gov/SportsWagering/sw_financials/FY26_SWFinReport/06_Jun/SW Monthly Financials 0626 .xlsx,https://www.mgc.dps.mo.gov/SportsWagering/sw_financials/rb_SWFin_main.html,MO/screenshots/MO_2026_10_SW_Monthly_Financials_0626_.png,2026-02-01 00:00:00 | 6040 | 539087.5 | 478632.41 | 60455.090000000026 | 6045.509000000003,"{""headers"": [""LICENSEE"", ""MO/YR"", ""WAGERS"", ""HANDLE"", """", ""DEDUCTIONS"", """", ""TAXABLE AGR"", ""WAGERING TAX""], ""rows"": [[""ARGOSY CASINO - RETAIL"", ""2025-12-01 00:00:00"", ""8252"", ""476886.66"", """", ""368633.47"", """", ""108253.19"", ""10825.319000000001""], ["""", ""2026-01-01 00:00:00"", ""7955"", ""535763.01"", """", ""486409.81"", """", ""49353.20000000001"", ""4935.3200000000015""], ["""", ""2026-02-01 00:00:00"", ""6040"", ""539087.5"", """", ""478632.41"", """", ""60455.090000000026"", ""6045.509000000003""], ["""", ""2026-03-01 00:00:00"", ""9787"", ""725931.68"", """", ""695985.8"", """", ""29945.880000000005"", ""2994.5880000000006""], ["""", ""2026-04-01 00:00:00"", ""5779"", ""449885.78"", """", ""438284.05"", """", ""11601.73000000004"", ""1160.173000000004""]], ""highlight"": 2}",2026-10-06T01:46:30.419524
MO,2026-01-01,2026-01-31,monthly,ARGOSY CASINO - RETAIL,Argosy Casino,ESPN Bet,PENN Entertainment,retail,,53576301,4935320,,,4935320.0,,493532.0,,0.092117595053828,31,False,False,SW_Monthly_Financials_0626_.xlsx,MONTHLY STATS RETAIL,10.0,,,,https://www.mgc.dps.mo.gov/SportsWagering/sw_financials/FY26_SWFinReport/06_Jun/SW Monthly Financials 0626 .xlsx,https://www.mgc.dps.mo.gov/SportsWagering/sw_financials/rb_SWFin_main.html,MO/screenshots/MO_2026_10_SW_Monthly_Financials_0626_.png,2026-01-01 00:00:00 | 7955 | 535763.01 | 486409.81 | 49353.20000000001 | 4935.3200000000015,"{""headers"": [""LICENSEE"", ""MO/YR"", ""WAGERS"", ""HANDLE"", """", ""DEDUCTIONS"", """", ""TAXABLE AGR"", ""WAGERING TAX""], ""rows"": [["""", """", """", """", """", """", """", """", """"], [""ARGOSY CASINO - RETAIL"", ""2025-12-01 00:00:00"", ""8252"", ""476886.66"", """", ""368633.47"", """", ""108253.19"", ""10825.319000000001""], ["""", ""2026-01-01 00:00:00"", ""7955"", ""535763.01"", """", ""486409.81"", """", ""49353.20000000001"", ""4935.3200000000015""], ["""", ""2026-02-01 00:00:00"", ""6040"", ""539087.5"", """", ""478632.41"", """", ""60455.090000000026"", ""6045.509000000003""], ["""", ""2026-03-01 00:00:00"", ""9787"", ""725931.68"", """", ""695985.8"", """", ""29945.880000000005"", ""2994.5880000000006""]], ""highlight"": 2}",2026-10-06T01:46:30.419524
MO,2025-12-01,2025-12-31,monthly,ARGOSY CASINO - RETAIL,Argosy Casino,ESPN Bet,PENN Entertainment,retail,,47688666,10825319,,,10825319.0,,1082532.0,,0.22699982842883465,31,False,False,SW_Monthly_Financials_0626_.xlsx,MONTHLY STATS RETAIL,9.0,,,,https://www.mgc.dps.mo.gov/SportsWagering/sw_financials/FY26_SWFinReport/06_Jun/SW Monthly Financials 0626 .xlsx,https://www.mgc.dps.mo.gov/SportsWagering/sw_financials/rb_SWFin_main.html,MO/screenshots/MO_2026_10_SW_Monthly_Financials_0626_.png,ARGOSY CASINO - RETAIL | 2025-12-01 00:00:00 | 8252 | 476886.66 | 368633.47 | 108253.19 | 10825.319000000001,"{""headers"": [""LICENSEE"", ""MO/YR"", ""WAGERS"", ""HANDLE"", """", ""DEDUCTIONS"", """", ""TAXABLE AGR"", ""WAGERING TAX""], ""rows"": [["""", """", """", """", """", """", """", """", """"], [""ARGOSY CASINO - RETAIL"", ""2025-12-01 00:00:00"", ""8252"", ""476886.66"", """", ""368633.47"", """", ""108253.19"", ""10825.319000000001""], ["""", ""2026-01-01 00:00:00"", ""7955"", ""535763.01"", """", ""486409.81"", """", ""49353.20000000001"", ""4935.3200000000015""], ["""", ""2026-02-01 00:00:00"", ""6040"", ""539087.5"", """", ""478632.41"", """", ""60455.090000000026"", ""6045.509000000003""]], ""highlight"": 1}",2026-10-06T01:46:30.419524
MO,2026-07-01,2026-07-31,monthly,FANATICS - MOBILE,Fanatics,Fanatics,Fanatics Inc,online,,1680185878,125473450,174367788.0,44189755.0,125473450.0,1499733772.0,12547345.0,4704583.0,0.07467831484773377,31,False,False,SW_Monthly_Financials_0726.xlsx,MONTHLY STATS MOBILE,29.0,,,,https://www.mgc.dps.mo.gov/SportsWagering/sw_financials/FY27_SWFinReport/07_Jul/SW Monthly Financials 0726.xlsx,https://www.mgc.dps.mo.gov/SportsWagering/sw_financials/rb_SWFin_main.html,MO/screenshots/MO_2026_10_SW_Monthly_Financials_0726.png,FANATICS - MOBILE | 2026-07-01 00:00:00 | 409244 | 16801858.78 | 15547124.28 | 1254734.5000000019 | 125473.45000000019,"{""headers"": [""LICENSEE"", ""MO/YR"", ""WAGERS"", ""HANDLE"", """", ""DEDUCTIONS"", """", ""TAXABLE AGR"", ""WAGERING TAX""], ""rows"": [[""TOTALS:"", """", ""2921715"", ""108833008.22"", """", ""97594431.48"", """", ""11238576.739999995"", ""1123857.6739999994""], ["""", """", """", """", """", """", """", """", """"], [""FANATICS - MOBILE"", ""2026-07-01 00:00:00"", ""409244"", ""16801858.78"", """", ""15547124.28"", """", ""1254734.5000000019"", ""125473.45000000019""], ["""", """", """", """", """", """", """", """", """"], [""TOTALS:"", """", ""409244"", ""16801858.78"", """", ""15547124.28"", """", ""1254734.5000000019"", ""125473.45000000019""]], ""highlight"": 2}",2026-10-06T01:46:21.907804
MO,2026-07-01,2026-07-31,monthly,FANDUEL - MOBILE,FanDuel,FanDuel,Flutter Entertainment,online,,6678515533,559755953,755118418.0,177190264.0,559755953.0,5900059750.0,55975595.0,18172201.0,0.08381442705854675,31,False,False,SW_Monthly_Financials_0726.xlsx,MONTHLY STATS MOBILE,33.0,,,,https://www.mgc.dps.mo.gov/SportsWagering/sw_financials/FY27_SWFinReport/07_Jul/SW Monthly Financials 0726.xlsx,https://www.mgc.dps.mo.gov/SportsWagering/sw_financials/rb_SWFin_main.html,MO/screenshots/MO_2026_10_SW_Monthly_Financials_0726.png,FANDUEL - MOBILE | 2026-07-01 00:00:00 | 1004569 | 66785155.33 | 61187595.8 | 5597559.530000001 | 559755.9530000001,"{""headers"": [""LICENSEE"", ""MO/YR"", ""WAGERS"", ""HANDLE"", """", ""DEDUCTIONS"", """", ""TAXABLE AGR"", ""WAGERING TAX""], ""rows"": [[""TOTALS:"", """", ""409244"", ""16801858.78"", """", ""15547124.28"", """", ""1254734.5000000019"", ""125473.45000000019""], ["""", """", """", """", """", """", """", """", """"], [""FANDUEL - MOBILE"", ""2026-07-01 00:00:00"", ""1004569"", ""66785155.33"", """", ""61187595.8"", """", ""5597559.530000001"", ""559755.9530000001""], ["""", """", """", """", """", """", """", """", """"], [""TOTALS:"", """", ""1004569"", ""66785155.33"", """", ""61187595.8"", """", ""5597559.530000001"", ""559755.9530000001""]], ""highlight"": 2}",2026-10-06T01:46:21.907804
MO,2026-07-01,2026-07-31,monthly,PENN SPORTS INTERACTIVE- MOBILE,ESPN Bet,ESPN Bet,PENN Entertainment,online,,361400162,32208994,42221174.0,8859849.0,32208994.0,318893516.0,3220899.0,1152331.0,0.08912279900970271,31,False,False,SW_Monthly_Financials_0726.xlsx,MONTHLY STATS MOBILE,37.0,,,,https://www.mgc.dps.mo.gov/SportsWagering/sw_financials/FY27_SWFinReport/07_Jul/SW Monthly Financials 0726.xlsx,https://www.mgc.dps.mo.gov/SportsWagering/sw_financials/rb_SWFin_main.html,MO/screenshots/MO_2026_10_SW_Monthly_Financials_0726.png,PENN SPORTS INTERACTIVE- MOBILE | 2026-07-01 00:00:00 | 130921 | 3614001.62 | 3291911.68 | 322089.93999999994 | 32208.993999999995,"{""headers"": [""LICENSEE"", ""MO/YR"", ""WAGERS"", ""HANDLE"", """", ""DEDUCTIONS"", """", ""TAXABLE AGR"", ""WAGERING TAX""], ""rows"": [[""TOTALS:"", """", ""1004569"", ""66785155.33"", """", ""61187595.8"", """", ""5597559.530000001"", ""559755.9530000001""], ["""", """", """", """", """", """", """", """", """"], [""PENN SPORTS INTERACTIVE- MOBILE"", ""2026-07-01 00:00:00"", ""130921"", ""3614001.62"", """", ""3291911.68"", """", ""322089.93999999994"", ""32208.993999999995""], ["""", """", """", """", """", """", """", """", """"], [""TOTALS:"", """", ""130921"", ""3614001.62"", """", ""3291911.68"", """", ""322089.93999999994"", ""32208.993999999995""]], ""highlight"": 2}",2026-10-06T01:46:21.907804
MO,2026-07-01,2026-07-31,monthly,ALL,TOTAL,TOTAL,,retail,baseball,101501752,11272965,11272965.0,,,90228787.0,,,0.11106177753463803,31,False,False,SW_Monthly_Financials_0726.xlsx,SPORT DETAIL RETAIL,,,,,https://www.mgc.dps.mo.gov/SportsWagering/sw_financials/FY27_SWFinReport/07_Jul/SW Monthly Financials 0726.xlsx,https://www.mgc.dps.mo.gov/SportsWagering/sw_financials/rb_SWFin_main.html,MO/screenshots/MO_2026_10_SW_Monthly_Financials_0726.png,,,2026-10-06T01:46:21.907804
MO,2026-07-01,2026-07-31,monthly,ALL,TOTAL,TOTAL,,retail,basketball,16841629,2916612,2916612.0,,,13925017.0,,,0.17317873466990633,31,False,False,SW_Monthly_Financials_0726.xlsx,SPORT DETAIL RETAIL,,,,,https://www.mgc.dps.mo.gov/SportsWagering/sw_financials/FY27_SWFinReport/07_Jul/SW Monthly Financials 0726.xlsx,https://www.mgc.dps.mo.gov/SportsWagering/sw_financials/rb_SWFin_main.html,MO/screenshots/MO_2026_10_SW_Monthly_Financials_0726.png,,,2026-10-06T01:46:21.907804
MO,2026-07-01,2026-07-31,monthly,ALL,TOTAL,TOTAL,,retail,combat_sports,6419353,892233,892233.0,,,5527120.0,,,0.1389911101632828,31,False,False,SW_Monthly_Financials_0726.xlsx,SPORT DETAIL RETAIL,,,,,https://www.mgc.dps.mo.gov/SportsWagering/sw_financials/FY27_SWFinReport/07_Jul/SW Monthly Financials 0726.xlsx,https://www.mgc.dps.mo.gov/SportsWagering/sw_financials/rb_SWFin_main.html,MO/screenshots/MO_2026_10_SW_Monthly_Financials_0726.png,,,2026-10-06T01:46:21.907804
MO,2026-07-01,2026-07-31,monthly,ALL,TOTAL,TOTAL,,retail,football,3019528,2180313,2180313.0,,,839215.0,,,0.7220708004694774,31,False,False,SW_Monthly_Financials_0726.xlsx,SPORT DETAIL RETAIL,,,,,https://www.mgc.dps.mo.gov/SportsWagering/sw_financials/FY27_SWFinReport/07_Jul/SW Monthly Financials 0726.xlsx,https://www.mgc.dps.mo.gov/SportsWagering/sw_financials/rb_SWFin_main.html,MO/screenshots/MO_2026_10_SW_Monthly_Financials_0726.png,,,2026-10-06T01:46:21.907804
MO,2026-07-01,2026-07-31,monthly,ALL,TOTAL,TOTAL,,retail,hockey,32480,-157231,-157231.0,,,189711.0,,,-4.840855911330049,31,False,False,SW_Monthly_Financials_0726.xlsx,SPORT DETAIL RETAIL,,,,,https://www.mgc.dps.mo.gov/SportsWagering/sw_financials/FY27_SWFinReport/07_Jul/SW Monthly Financials 0726.xlsx,https://www.mgc.dps.mo.gov/SportsWagering/sw_financials/rb_SWFin_main.html,MO/screenshots/MO_2026_10_SW_Monthly_Financials_0726.png,,,2026-10-06T01:46:21.907804
MO,2026-07-01,2026-07-31,monthly,ALL,TOTAL,TOTAL,,retail,soccer,60021500,8242532,8242532.0,,,51778968.0,,,0.13732632473363712,31,False,False,SW_Monthly_Financials_0726.xlsx,SPORT DETAIL RETAIL,,,,,https://www.mgc.dps.mo.gov/SportsWagering/sw_financials/FY27_SWFinReport/07_Jul/SW Monthly Financials 0726.xlsx,https://www.mgc.dps.mo.gov/SportsWagering/sw_financials/rb_SWFin_main.html,MO/screenshots/MO_2026_10_SW_Monthly_Financials_0726.png,,,2026-10-06T01:46:21.907804
MO,2026-07-01,2026-07-31,monthly,ALL,TOTAL,TOTAL,,retail,tennis,11152238,5479658,5479658.0,,,5672580.0,,,0.49135052533850154,31,False,False,SW_Monthly_Financials_0726.xlsx,SPORT DETAIL RETAIL,,,,,https://www.mgc.dps.mo.gov/SportsWagering/sw_financials/FY27_SWFinReport/07_Jul/SW Monthly Financials 0726.xlsx,https://www.mgc.dps.mo.gov/SportsWagering/sw_financials/rb_SWFin_main.html,MO/screenshots/MO_2026_10_SW_Monthly_Financials_0726.png,,,2026-10-06T01:46:21.907804
MO,2026-07-01,2026-07-31,monthly,ALL,TOTAL,TOTAL,,retail,motorsports,287386,-42035,-42035.0,,,329421.0,,,-0.14626669357588748,31,False,False,SW_Monthly_Financials_0726.xlsx,SPORT DETAIL RETAIL,,,,,https://www.mgc.dps.mo.gov/SportsWagering/sw_financials/FY27_SWFinReport/07_Jul/SW Monthly Financials 0726.xlsx,https://www.mgc.dps.mo.gov/SportsWagering/sw_financials/rb_SWFin_main.html,MO/screenshots/MO_2026_10_SW_Monthly_Financials_0726.png,,,2026-10-06T01:46:21.907804
MO,2026-07-01,2026-07-31,monthly,ALL,TOTAL,TOTAL,,retail,parlay,110882969,29105025,29105025.0,,,81777944.0,,,0.2624841782510351,31,False,False,SW_Monthly_Financials_0726.xlsx,SPORT DETAIL RETAIL,,,,,https://www.mgc.dps.mo.gov/SportsWagering/sw_financials/FY27_SWFinReport/07_Jul/SW Monthly Financials 0726.xlsx,https://www.mgc.dps.mo.gov/SportsWagering/sw_financials/rb_SWFin_main.html,MO/screenshots/MO_2026_10_SW_Monthly_Financials_0726.png,,,2026-10-06T01:46:21.907804
MO,2026-07-01,2026-07-31,monthly,ALL,TOTAL,TOTAL,,retail,other,15676471,1272782,1272782.0,,,14403689.0,,,0.08119059449030333,31,False,False,SW_Monthly_Financials_0726.xlsx,SPORT DETAIL RETAIL,,,,,https://www.mgc.dps.mo.gov/SportsWagering/sw_financials/FY27_SWFinReport/07_Jul/SW Monthly Financials 0726.xlsx,https://www.mgc.dps.mo.gov/SportsWagering/sw_financials/rb_SWFin_main.html,MO/screenshots/MO_2026_10_SW_Monthly_Financials_0726.png,,,2026-10-06T01:46:21.907804
MO,2026-07-01,2026-07-31,monthly,ALL,TOTAL,TOTAL,,online,baseball,5016131226,295346334,295346334.0,,,4720784892.0,,,0.05887930771610161,31,False,False,SW_Monthly_Financials_0726.xlsx,SPORT DETAIL MOBILE,,,,,https://www.mgc.dps.mo.gov/SportsWagering/sw_financials/FY27_SWFinReport/07_Jul/SW Monthly Financials 0726.xlsx,https://www.mgc.dps.mo.gov/SportsWagering/sw_financials/rb_SWFin_main.html,MO/screenshots/MO_2026_10_SW_Monthly_Financials_0726.png,,,2026-10-06T01:46:21.907804
MO,2026-07-01,2026-07-31,monthly,ALL,TOTAL,TOTAL,,online,basketball,2308678430,113878983,113878983.0,,,2194799447.0,,,0.049326481124528025,31,False,False,SW_Monthly_Financials_0726.xlsx,SPORT DETAIL MOBILE,,,,,https://www.mgc.dps.mo.gov/SportsWagering/sw_financials/FY27_SWFinReport/07_Jul/SW Monthly Financials 0726.xlsx,https://www.mgc.dps.mo.gov/SportsWagering/sw_financials/rb_SWFin_main.html,MO/screenshots/MO_2026_10_SW_Monthly_Financials_0726.png,,,2026-10-06T01:46:21.907804
MO,2026-07-01,2026-07-31,monthly,ALL,TOTAL,TOTAL,,online,combat_sports,252576022,46172592,46172592.0,,,206403430.0,,,0.18280671155712477,31,False,False,SW_Monthly_Financials_0726.xlsx,SPORT DETAIL MOBILE,,,,,https://www.mgc.dps.mo.gov/SportsWagering/sw_financials/FY27_SWFinReport/07_Jul/SW Monthly Financials 0726.xlsx,https://www.mgc.dps.mo.gov/SportsWagering/sw_financials/rb_SWFin_main.html,MO/screenshots/MO_2026_10_SW_Monthly_Financials_0726.png,,,2026-10-06T01:46:21.907804
MO,2026-07-01,2026-07-31,monthly,ALL,TOTAL,TOTAL,,online,football,60413657,30788291,30788291.0,,,29625366.0,,,0.5096246863519618,31,False,False,SW_Monthly_Financials_0726.xlsx,SPORT DETAIL MOBILE,,,,,https://www.mgc.dps.mo.gov/SportsWagering/sw_financials/FY27_SWFinReport/07_Jul/SW Monthly Financials 0726.xlsx,https://www.mgc.dps.mo.gov/SportsWagering/sw_financials/rb_SWFin_main.html,MO/screenshots/MO_2026_10_SW_Monthly_Financials_0726.png,,,2026-10-06T01:46:21.907804
MO,2026-07-01,2026-07-31,monthly,ALL,TOTAL,TOTAL,,online,hockey,2851741,1840020,1840020.0,,,1011721.0,,,0.6452268982351483,31,False,False,SW_Monthly_Financials_0726.xlsx,SPORT DETAIL MOBILE,,,,,https://www.mgc.dps.mo.gov/SportsWagering/sw_financials/FY27_SWFinReport/07_Jul/SW Monthly Financials 0726.xlsx,https://www.mgc.dps.mo.gov/SportsWagering/sw_financials/rb_SWFin_main.html,MO/screenshots/MO_2026_10_SW_Monthly_Financials_0726.png,,,2026-10-06T01:46:21.907804
MO,2026-07-01,2026-07-31,monthly,ALL,TOTAL,TOTAL,,online,soccer,3688405009,594862142,594862142.0,,,3093542867.0,,,0.1612789649044748,31,False,False,SW_Monthly_Financials_0726.xlsx,SPORT DETAIL MOBILE,,,,,https://www.mgc.dps.mo.gov/SportsWagering/sw_financials/FY27_SWFinReport/07_Jul/SW Monthly Financials 0726.xlsx,https://www.mgc.dps.mo.gov/SportsWagering/sw_financials/rb_SWFin_main.html,MO/screenshots/MO_2026_10_SW_Monthly_Financials_0726.png,,,2026-10-06T01:46:21.907804
MO,2026-07-01,2026-07-31,monthly,ALL,TOTAL,TOTAL,,online,tennis,2012845137,14488150,14488150.0,,,1998356987.0,,,0.0071978463388363495,31,False,False,SW_Monthly_Financials_0726.xlsx,SPORT DETAIL MOBILE,,,,,https://www.mgc.dps.mo.gov/SportsWagering/sw_financials/FY27_SWFinReport/07_Jul/SW Monthly Financials 0726.xlsx,https://www.mgc.dps.mo.gov/SportsWagering/sw_financials/rb_SWFin_main.html,MO/screenshots/MO_2026_10_SW_Monthly_Financials_0726.png,,,2026-10-06T01:46:21.907804
MO,2026-07-01,2026-07-31,monthly,ALL,TOTAL,TOTAL,,online,motorsports,28237844,4121947,4121947.0,,,24115897.0,,,0.14597244038886256,31,False,False,SW_Monthly_Financials_0726.xlsx,SPORT DETAIL MOBILE,,,,,https://www.mgc.dps.mo.gov/SportsWagering/sw_financials/FY27_SWFinReport/07_Jul/SW Monthly Financials 0726.xlsx,https://www.mgc.dps.mo.gov/SportsWagering/sw_financials/rb_SWFin_main.html,MO/screenshots/MO_2026_10_SW_Monthly_Financials_0726.png,,,2026-10-06T01:46:21.907804
MO,2026-07-01,2026-07-31,monthly,ALL,TOTAL,TOTAL,,online,parlay,7956545044,1483087437,1483087437.0,,,6473457607.0,,,0.18639842152573377,31,False,False,SW_Monthly_Financials_0726.xlsx,SPORT DETAIL MOBILE,,,,,https://www.mgc.dps.mo.gov/SportsWagering/sw_financials/FY27_SWFinReport/07_Jul/SW Monthly Financials 0726.xlsx,https://www.mgc.dps.mo.gov/SportsWagering/sw_financials/rb_SWFin_main.html,MO/screenshots/MO_2026_10_SW_Monthly_Financials_0726.png,,,2026-10-06T01:46:21.907804
MO,2026-07-01,2026-07-31,monthly,ALL,TOTAL,TOTAL,,online,other,2956572417,206319120,206319120.0,,,2750253297.0,,,0.06978321207817721,31,False,False,SW_Monthly_Financials_0726.xlsx,SPORT DETAIL MOBILE,,,,,https://www.mgc.dps.mo.gov/SportsWagering/sw_financials/FY27_SWFinReport/07_Jul/SW Monthly Financials 0726.xlsx,https://www.mgc.dps.mo.gov/SportsWagering/sw_financials/rb_SWFin_main.html,MO/screenshots/MO_2026_10_SW_Monthly_Financials_0726.png,,,2026-10-06T01:46:21.907804
MO,2025-12-01,2025-12-31,monthly,ALL,TOTAL,TOTAL,,online,other,3401521968,276742610,276742610.0,,,3124779358.0,,,0.08135846618174773,31,False,False,SW_Monthly_Financials_1225.xls,SPORT DETAIL MOBILE,,,,,https://www.mgc.dps.mo.gov/SportsWagering/sw_financials/FY26_SWFinReport/12_Dec/SW Monthly Financials 1225.xls,https://www.mgc.dps.mo.gov/SportsWagering/sw_financials/rb_SWFin_main.html,,,,2026-10-06T01:46:49.608877
