state_code,period_start,period_end,period_type,operator_raw,operator_reported,operator_standard,parent_company,channel,sport_category,handle,gross_revenue,standard_ggr,promo_credits,net_revenue,payouts,tax_paid,federal_excise_tax,hold_pct,days_in_period,is_partial_period,data_is_revised,source_file,source_sheet,source_row,source_column,source_page,source_table_index,source_url,source_report_url,source_screenshot,source_raw_line,source_context,scrape_timestamp
NV,2010-01-01,2010-01-31,monthly,ALL,TOTAL,TOTAL,,combined,,29390804598,1534200000,1534200000,,,27856604598,103558500,,0.05219999999946922,31,False,False,NV_2010_01_gri.pdf,,,,4,,https://www.gaming.nv.gov/uploadedFiles/gamingnvgov/content/about/gaming-revenue/2010Jan-gri.pdf,https://www.gaming.nv.gov/about-us/gaming-revenue-information-gri/,NV/screenshots/NV_2010_01_NV_2010_01_gri_p1.png,"SPORTS POOL (2) | 185 185 15,342 93.23 5.22 | 185 182 63,474 36.73 6.93 | 196 187 143,782 14.78 5.47 |",,2026-04-08T18:37:31.792504
NV,2010-01-01,2010-01-31,monthly,ALL,TOTAL,TOTAL,,combined,football,16766129032,415800000,415800000,,,16350329032,28066500,,0.02480000000038172,31,False,False,NV_2010_01_gri.pdf,,,,4,,https://www.gaming.nv.gov/uploadedFiles/gamingnvgov/content/about/gaming-revenue/2010Jan-gri.pdf,https://www.gaming.nv.gov/about-us/gaming-revenue-information-gri/,NV/screenshots/NV_2010_01_NV_2010_01_gri_p1.png,"FOOTBALL | 184 184 4,158 325.86 2.48 | 184 184 30,633 18.43 5.21 | 184 184 54,664 97.79 4.81 |",,2026-04-08T18:37:31.792504
NV,2010-01-01,2010-01-31,monthly,ALL,TOTAL,TOTAL,,combined,basketball,11113953488,955800000,955800000,,,10158153488,64516500,,0.08600000000287926,31,False,False,NV_2010_01_gri.pdf,,,,4,,https://www.gaming.nv.gov/uploadedFiles/gamingnvgov/content/about/gaming-revenue/2010Jan-gri.pdf,https://www.gaming.nv.gov/about-us/gaming-revenue-information-gri/,NV/screenshots/NV_2010_01_NV_2010_01_gri_p1.png,"BASKETBALL | 179 179 9,558 15.96 8.60 | 179 179 19,404 28.18 7.73 | 179 179 39,564 -6.98 4.85 |",,2026-04-08T18:37:31.792504
NV,2010-01-01,2010-01-31,monthly,ALL,TOTAL,TOTAL,,combined,baseball,185754986,-32600000,-32600000,,,218354986,,,-0.17549999976851227,31,False,False,NV_2010_01_gri.pdf,,,,4,,https://www.gaming.nv.gov/uploadedFiles/gamingnvgov/content/about/gaming-revenue/2010Jan-gri.pdf,https://www.gaming.nv.gov/about-us/gaming-revenue-information-gri/,NV/screenshots/NV_2010_01_NV_2010_01_gri_p1.png,"BASEBALL | 14 14 -326 22.72 -17.55 | 14 14 -1,400 74.91 -13.77 | 14 14 21,498 -9.38 4.39 |",,2026-04-08T18:37:31.792504
NV,2010-01-01,2010-01-31,monthly,ALL,TOTAL,TOTAL,,combined,parlay,478662680,176100000,176100000,,,302562680,11886750,,0.3679000000584963,31,False,False,NV_2010_01_gri.pdf,,,,4,,https://www.gaming.nv.gov/uploadedFiles/gamingnvgov/content/about/gaming-revenue/2010Jan-gri.pdf,https://www.gaming.nv.gov/about-us/gaming-revenue-information-gri/,NV/screenshots/NV_2010_01_NV_2010_01_gri_p1.png,"SPORTS PARLAY CARDS | 177 177 1,761 272.12 36.79 | 177 177 12,707 56.94 44.47 | 177 177 20,497 2.03 34.11 |",,2026-04-08T18:37:31.792504
NV,2010-01-01,2010-01-31,monthly,ALL,TOTAL,TOTAL,,combined,other,896713615,19100000,19100000,,,877613615,1289250,,0.02130000000055759,31,False,False,NV_2010_01_gri.pdf,,,,4,,https://www.gaming.nv.gov/uploadedFiles/gamingnvgov/content/about/gaming-revenue/2010Jan-gri.pdf,https://www.gaming.nv.gov/about-us/gaming-revenue-information-gri/,NV/screenshots/NV_2010_01_NV_2010_01_gri_p1.png,"OTHER | 191 -87.16 2.13 | 2,131 -26.68 5.45 | 7,558 -33.03 6.01 |",,2026-04-08T18:37:31.792504
NV,2010-02-01,2010-02-28,monthly,ALL,TOTAL,TOTAL,,combined,,22120582121,1064000000,1064000000,,,21056582121,71820000,,0.04809999999909134,28,False,False,NV_2010_02_gri.pdf,,,,4,,https://www.gaming.nv.gov/uploadedFiles/gamingnvgov/content/about/gaming-revenue/2010Feb-gri.pdf,https://www.gaming.nv.gov/about-us/gaming-revenue-information-gri/,NV/screenshots/NV_2010_02_NV_2010_02_gri_p1.png,"SPORTS POOL (2) | 185 185 10,640 19.02 4.81 | 185 184 43,461 54.40 5.63 | 195 187 145,482 3.21 5.58 |",,2026-04-08T18:37:33.194322
NV,2010-02-01,2010-02-28,monthly,ALL,TOTAL,TOTAL,,combined,football,7987593052,321900000,321900000,,,7665693052,21728250,,0.040300000000550854,28,False,False,NV_2010_02_gri.pdf,,,,4,,https://www.gaming.nv.gov/uploadedFiles/gamingnvgov/content/about/gaming-revenue/2010Feb-gri.pdf,https://www.gaming.nv.gov/about-us/gaming-revenue-information-gri/,NV/screenshots/NV_2010_02_NV_2010_02_gri_p1.png,"FOOTBALL | 184 184 3,219 305.06 4.03 | 184 184 19,037 689.18 4.60 | 184 184 57,088 29.17 5.02 |",,2026-04-08T18:37:33.194322
NV,2010-02-01,2010-02-28,monthly,ALL,TOTAL,TOTAL,,combined,basketball,12990171990,528700000,528700000,,,12461471990,35687250,,0.04070000000053887,28,False,False,NV_2010_02_gri.pdf,,,,4,,https://www.gaming.nv.gov/uploadedFiles/gamingnvgov/content/about/gaming-revenue/2010Feb-gri.pdf,https://www.gaming.nv.gov/about-us/gaming-revenue-information-gri/,NV/screenshots/NV_2010_02_NV_2010_02_gri_p1.png,"BASKETBALL | 180 180 5,287 -26.46 4.07 | 180 180 19,122 -4.40 6.07 | 180 180 37,661 -12.05 4.76 |",,2026-04-08T18:37:33.194322
NV,2010-02-01,2010-02-28,monthly,ALL,TOTAL,TOTAL,,combined,baseball,8999743,-7000000,-7000000,,,15999743,,,-0.7777999882885545,28,False,False,NV_2010_02_gri.pdf,,,,4,,https://www.gaming.nv.gov/uploadedFiles/gamingnvgov/content/about/gaming-revenue/2010Feb-gri.pdf,https://www.gaming.nv.gov/about-us/gaming-revenue-information-gri/,NV/screenshots/NV_2010_02_NV_2010_02_gri_p1.png,"BASEBALL | 18 18 -70 27.08 -77.78 | 18 18 -1,434 8.11 -68.46 | 18 18 21,524 -9.32 4.39 |",,2026-04-08T18:37:33.194322
NV,2010-02-01,2010-02-28,monthly,ALL,TOTAL,TOTAL,,combined,parlay,209947644,40100000,40100000,,,169847644,2706750,,0.19099999998094763,28,False,False,NV_2010_02_gri.pdf,,,,4,,https://www.gaming.nv.gov/uploadedFiles/gamingnvgov/content/about/gaming-revenue/2010Feb-gri.pdf,https://www.gaming.nv.gov/about-us/gaming-revenue-information-gri/,NV/screenshots/NV_2010_02_NV_2010_02_gri_p1.png,"SPORTS PARLAY CARDS | 178 178 401 -54.73 19.10 | 178 178 5,094 -2.16 33.26 | 178 178 20,013 -0.73 33.32 |",,2026-04-08T18:37:33.194322
NV,2010-02-01,2010-02-28,monthly,ALL,TOTAL,TOTAL,,combined,other,921779141,180300000,180300000,,,741479141,12170250,,0.19560000002213113,28,False,False,NV_2010_02_gri.pdf,,,,4,,https://www.gaming.nv.gov/uploadedFiles/gamingnvgov/content/about/gaming-revenue/2010Feb-gri.pdf,https://www.gaming.nv.gov/about-us/gaming-revenue-information-gri/,NV/screenshots/NV_2010_02_NV_2010_02_gri_p1.png,"OTHER | 1,803 985.19 19.56 | 1,642 -21.31 6.30 | 9,196 -8.46 7.27 |",,2026-04-08T18:37:33.194322
NV,2010-03-01,2010-03-31,monthly,ALL,TOTAL,TOTAL,,combined,,28131416838,1370000000,1370000000,,,26761416838,92475000,,0.0486999999996232,31,False,False,NV_2010_03_gri.pdf,,,,4,,https://www.gaming.nv.gov/uploadedFiles/gamingnvgov/content/about/gaming-revenue/2010Mar-gri.pdf,https://www.gaming.nv.gov/about-us/gaming-revenue-information-gri/,NV/screenshots/NV_2010_03_NV_2010_03_gri_p1.png,"SPORTS POOL (2) | 183 183 13,700 123.45 4.87 | 185 184 39,681 72.45 4.98 | 193 185 153,051 13.93 5.76 |",,2026-04-08T18:37:35.085131
NV,2010-03-01,2010-03-31,monthly,ALL,TOTAL,TOTAL,,combined,football,3675381264,-843500000,-843500000,,,4518881264,,,-0.2294999999760569,31,False,False,NV_2010_03_gri.pdf,,,,4,,https://www.gaming.nv.gov/uploadedFiles/gamingnvgov/content/about/gaming-revenue/2010Mar-gri.pdf,https://www.gaming.nv.gov/about-us/gaming-revenue-information-gri/,NV/screenshots/NV_2010_03_NV_2010_03_gri_p1.png,"FOOTBALL | 26 26 -8,435 -22.95 | 26 26 -1,054 86.67 -0.43 | 26 26 55,518 21.49 4.88 |",,2026-04-08T18:37:35.085131
NV,2010-03-01,2010-03-31,monthly,ALL,TOTAL,TOTAL,,combined,basketball,26406084656,1996300000,1996300000,,,24409784656,134750250,,0.07560000000024236,31,False,False,NV_2010_03_gri.pdf,,,,4,,https://www.gaming.nv.gov/uploadedFiles/gamingnvgov/content/about/gaming-revenue/2010Mar-gri.pdf,https://www.gaming.nv.gov/about-us/gaming-revenue-information-gri/,NV/screenshots/NV_2010_03_NV_2010_03_gri_p1.png,"BASKETBALL | 181 181 19,963 74.37 7.56 | 181 181 34,805 29.47 6.89 | 181 181 46,172 23.38 5.52 |",,2026-04-08T18:37:35.085131
NV,2010-03-01,2010-03-31,monthly,ALL,TOTAL,TOTAL,,combined,baseball,137931034,4000000,4000000,,,133931034,270000,,0.0290000001015,31,False,False,NV_2010_03_gri.pdf,,,,4,,https://www.gaming.nv.gov/uploadedFiles/gamingnvgov/content/about/gaming-revenue/2010Mar-gri.pdf,https://www.gaming.nv.gov/about-us/gaming-revenue-information-gri/,NV/screenshots/NV_2010_03_NV_2010_03_gri_p1.png,"BASEBALL | 166 166 40 -63.52 2.90 | 166 166 -357 12.90 -10.76 | 166 166 21,455 -2.61 4.39 |",,2026-04-08T18:37:35.085131
NV,2010-03-01,2010-03-31,monthly,ALL,TOTAL,TOTAL,,combined,parlay,134692963,60100000,60100000,,,74592963,4056750,,0.44619999932735904,31,False,False,NV_2010_03_gri.pdf,,,,4,,https://www.gaming.nv.gov/uploadedFiles/gamingnvgov/content/about/gaming-revenue/2010Mar-gri.pdf,https://www.gaming.nv.gov/about-us/gaming-revenue-information-gri/,NV/screenshots/NV_2010_03_NV_2010_03_gri_p1.png,"SPORTS PARLAY CARDS | 109 109 601 -7.94 44.62 | 109 109 2,762 37.36 33.43 | 109 109 19,961 -2.45 33.26 |",,2026-04-08T18:37:35.085131
NV,2010-03-01,2010-03-31,monthly,ALL,TOTAL,TOTAL,,combined,other,1426840634,153100000,153100000,,,1273740634,10334250,,0.10729999998023605,31,False,False,NV_2010_03_gri.pdf,,,,4,,https://www.gaming.nv.gov/uploadedFiles/gamingnvgov/content/about/gaming-revenue/2010Mar-gri.pdf,https://www.gaming.nv.gov/about-us/gaming-revenue-information-gri/,NV/screenshots/NV_2010_03_NV_2010_03_gri_p1.png,"OTHER | 1,531 96.06 10.73 | 3,525 44.85 10.87 | 9,946 13.99 7.54 |",,2026-04-08T18:37:35.085131
NV,2010-04-01,2010-04-30,monthly,ALL,TOTAL,TOTAL,,combined,,16750000000,33500000,33500000,,,16716500000,2261250,,0.002,30,False,False,NV_2010_04_gri.pdf,,,,4,,https://www.gaming.nv.gov/uploadedFiles/gamingnvgov/content/about/gaming-revenue/2010Apr-gri.pdf,https://www.gaming.nv.gov/about-us/gaming-revenue-information-gri/,NV/screenshots/NV_2010_04_NV_2010_04_gri_p1.png,"SPORTS POOL (2) | 181 181 335 -92.39 0.20 | 185 184 24,674 26.70 3.67 | 193 186 148,982 14.68 5.55 |",,2026-04-08T18:37:36.997111
NV,2010-04-01,2010-04-30,monthly,ALL,TOTAL,TOTAL,,combined,football,66028285,-283400000,-283400000,,,349428285,,,-4.292099968975418,30,False,False,NV_2010_04_gri.pdf,,,,4,,https://www.gaming.nv.gov/uploadedFiles/gamingnvgov/content/about/gaming-revenue/2010Apr-gri.pdf,https://www.gaming.nv.gov/about-us/gaming-revenue-information-gri/,NV/screenshots/NV_2010_04_NV_2010_04_gri_p1.png,"FOOTBALL | 95 95 -2,834 -12.25 -429.21 | 95 95 -8,043 6.37 -9.94 | 95 95 55,212 19.69 4.85 |",,2026-04-08T18:37:36.997111
NV,2010-04-01,2010-04-30,monthly,ALL,TOTAL,TOTAL,,combined,basketball,8281081081,-306400000,-306400000,,,8587481081,,,-0.03700000000036227,30,False,False,NV_2010_04_gri.pdf,,,,4,,https://www.gaming.nv.gov/uploadedFiles/gamingnvgov/content/about/gaming-revenue/2010Apr-gri.pdf,https://www.gaming.nv.gov/about-us/gaming-revenue-information-gri/,NV/screenshots/NV_2010_04_NV_2010_04_gri_p1.png,"BASKETBALL | 179 179 -3,064 -1221.86 -3.70 | 179 179 22,183 20.51 4.65 | 179 179 43,340 27.06 5.12 |",,2026-04-08T18:37:36.997111
NV,2010-04-01,2010-04-30,monthly,ALL,TOTAL,TOTAL,,combined,baseball,7069730586,446100000,446100000,,,6623630586,30111750,,0.06310000000330988,30,False,False,NV_2010_04_gri.pdf,,,,4,,https://www.gaming.nv.gov/uploadedFiles/gamingnvgov/content/about/gaming-revenue/2010Apr-gri.pdf,https://www.gaming.nv.gov/about-us/gaming-revenue-information-gri/,NV/screenshots/NV_2010_04_NV_2010_04_gri_p1.png,"BASEBALL | 178 178 4,461 -14.55 6.31 | 178 178 4,429 -15.35 6.14 | 178 178 20,695 2.69 4.12 |",,2026-04-08T18:37:36.997111
NV,2010-04-01,2010-04-30,monthly,ALL,TOTAL,TOTAL,,combined,parlay,24775962,4700000,4700000,,,20075962,317250,,0.18970000034711063,30,False,False,NV_2010_04_gri.pdf,,,,4,,https://www.gaming.nv.gov/uploadedFiles/gamingnvgov/content/about/gaming-revenue/2010Apr-gri.pdf,https://www.gaming.nv.gov/about-us/gaming-revenue-information-gri/,NV/screenshots/NV_2010_04_NV_2010_04_gri_p1.png,"SPORTS PARLAY CARDS | 88 88 47 -44.25 18.97 | 88 88 1,048 -35.35 28.41 | 88 88 19,924 -2.79 33.19 |",,2026-04-08T18:37:36.997111
NV,2010-04-01,2010-04-30,monthly,ALL,TOTAL,TOTAL,,combined,other,1478149100,172500000,172500000,,,1305649100,11643750,,0.11670000002029565,30,False,False,NV_2010_04_gri.pdf,,,,4,,https://www.gaming.nv.gov/uploadedFiles/gamingnvgov/content/about/gaming-revenue/2010Apr-gri.pdf,https://www.gaming.nv.gov/about-us/gaming-revenue-information-gri/,NV/screenshots/NV_2010_04_NV_2010_04_gri_p1.png,"OTHER | 1,725 -7.07 11.67 | 5,057 80.38 13.21 | 9,812 8.68 7.26 |",,2026-04-08T18:37:36.997111
NV,2010-05-01,2010-05-31,monthly,ALL,TOTAL,TOTAL,,combined,,16927927928,375800000,375800000,,,16552127928,25366500,,0.022199999999905483,31,False,False,NV_2010_05_gri.pdf,,,,4,,https://www.gaming.nv.gov/uploadedFiles/gamingnvgov/content/about/gaming-revenue/2010May-gri.pdf,https://www.gaming.nv.gov/about-us/gaming-revenue-information-gri/,NV/screenshots/NV_2010_05_NV_2010_05_gri_p1.png,"SPORTS POOL (2) | 179 179 3,758 -32.61 2.22 | 183 181 17,793 10.43 2.87 | 190 183 147,162 13.91 5.52 |",,2026-04-08T18:37:38.894810
NV,2010-05-01,2010-05-31,monthly,ALL,TOTAL,TOTAL,,combined,football,300481142,-193600000,-193600000,,,494081142,,,-0.6443000006968823,31,False,False,NV_2010_05_gri.pdf,,,,4,,https://www.gaming.nv.gov/uploadedFiles/gamingnvgov/content/about/gaming-revenue/2010May-gri.pdf,https://www.gaming.nv.gov/about-us/gaming-revenue-information-gri/,NV/screenshots/NV_2010_05_NV_2010_05_gri_p1.png,"FOOTBALL | 68 68 -1,936 -64.43 | 68 68 -13,201 -24.99 | 68 68 54,453 17.97 4.78 |",,2026-04-08T18:37:38.894810
NV,2010-05-01,2010-05-31,monthly,ALL,TOTAL,TOTAL,,combined,basketball,5623762376,-56800000,-56800000,,,5680562376,,,-0.01010000000042676,31,False,False,NV_2010_05_gri.pdf,,,,4,,https://www.gaming.nv.gov/uploadedFiles/gamingnvgov/content/about/gaming-revenue/2010May-gri.pdf,https://www.gaming.nv.gov/about-us/gaming-revenue-information-gri/,NV/screenshots/NV_2010_05_NV_2010_05_gri_p1.png,"BASKETBALL | 177 177 -568 -122.61 -1.01 | 177 177 16,331 18.96 4.05 | 177 177 40,260 16.00 4.92 |",,2026-04-08T18:37:38.894810
NV,2010-05-01,2010-05-31,monthly,ALL,TOTAL,TOTAL,,combined,baseball,9348643006,447800000,447800000,,,8900843006,30226500,,0.04790000000134779,31,False,False,NV_2010_05_gri.pdf,,,,4,,https://www.gaming.nv.gov/uploadedFiles/gamingnvgov/content/about/gaming-revenue/2010May-gri.pdf,https://www.gaming.nv.gov/about-us/gaming-revenue-information-gri/,NV/screenshots/NV_2010_05_NV_2010_05_gri_p1.png,"BASEBALL | 177 177 4,478 25.06 4.79 | 177 177 8,978 0.76 5.42 | 177 177 21,592 13.15 4.20 |",,2026-04-08T18:37:38.894810
NV,2010-05-01,2010-05-31,monthly,ALL,TOTAL,TOTAL,,combined,parlay,18825911,9300000,9300000,,,9525911,627750,,0.4939999981939785,31,False,False,NV_2010_05_gri.pdf,,,,4,,https://www.gaming.nv.gov/uploadedFiles/gamingnvgov/content/about/gaming-revenue/2010May-gri.pdf,https://www.gaming.nv.gov/about-us/gaming-revenue-information-gri/,NV/screenshots/NV_2010_05_NV_2010_05_gri_p1.png,"SPORTS PARLAY CARDS | 105 105 93 3.01 49.40 | 105 105 740 -10.44 41.57 | 105 105 19,926 -2.81 33.19 |",,2026-04-08T18:37:38.894810
NV,2010-05-01,2010-05-31,monthly,ALL,TOTAL,TOTAL,,combined,other,1908577878,169100000,169100000,,,1739477878,11414250,,0.08860000000482034,31,False,False,NV_2010_05_gri.pdf,,,,4,,https://www.gaming.nv.gov/uploadedFiles/gamingnvgov/content/about/gaming-revenue/2010May-gri.pdf,https://www.gaming.nv.gov/about-us/gaming-revenue-information-gri/,NV/screenshots/NV_2010_05_NV_2010_05_gri_p1.png,"OTHER | 1,691 195.48 8.86 | 4,945 54.06 10.27 | 10,931 24.95 8.15 |",,2026-04-08T18:37:38.894810
NV,2010-06-01,2010-06-30,monthly,ALL,TOTAL,TOTAL,,combined,,14283870968,885600000,885600000,,,13398270968,59778000,,0.061999999998879854,30,False,False,NV_2010_06_gri.pdf,,,,4,,https://www.gaming.nv.gov/uploadedFiles/gamingnvgov/content/about/gaming-revenue/2010Jun-gri.pdf,https://www.gaming.nv.gov/about-us/gaming-revenue-information-gri/,NV/screenshots/NV_2010_06_NV_2010_06_gri_p1.png,"SPORTS POOL (2) | 182 182 8,856 74.00 6.20 | 182 181 12,949 -14.08 2.69 | 188 183 150,929 19.00 5.58 |",,2026-04-08T18:37:40.853868
NV,2010-06-01,2010-06-30,monthly,ALL,TOTAL,TOTAL,,combined,football,48858773,-27400000,-27400000,,,76258773,,,-0.5608000020794628,30,False,False,NV_2010_06_gri.pdf,,,,4,,https://www.gaming.nv.gov/uploadedFiles/gamingnvgov/content/about/gaming-revenue/2010Jun-gri.pdf,https://www.gaming.nv.gov/about-us/gaming-revenue-information-gri/,NV/screenshots/NV_2010_06_NV_2010_06_gri_p1.png,"FOOTBALL | 86 86 -274 -56.70 -56.08 | 86 86 -5,043 -30.10 -391.51 | 86 86 54,354 17.55 4.77 |",,2026-04-08T18:37:40.853868
NV,2010-06-01,2010-06-30,monthly,ALL,TOTAL,TOTAL,,combined,basketball,2649532710,56700000,56700000,,,2592832710,3827250,,0.02140000000226455,30,False,False,NV_2010_06_gri.pdf,,,,4,,https://www.gaming.nv.gov/uploadedFiles/gamingnvgov/content/about/gaming-revenue/2010Jun-gri.pdf,https://www.gaming.nv.gov/about-us/gaming-revenue-information-gri/,NV/screenshots/NV_2010_06_NV_2010_06_gri_p1.png,"BASKETBALL | 181 181 567 158.17 2.14 | 181 181 -3,065 -334.90 -1.85 | 181 181 41,802 23.45 5.06 |",,2026-04-08T18:37:40.853868
NV,2010-06-01,2010-06-30,monthly,ALL,TOTAL,TOTAL,,combined,baseball,9156378601,445000000,445000000,,,8711378601,30037500,,0.04859999999906076,30,False,False,NV_2010_06_gri.pdf,,,,4,,https://www.gaming.nv.gov/uploadedFiles/gamingnvgov/content/about/gaming-revenue/2010Jun-gri.pdf,https://www.gaming.nv.gov/about-us/gaming-revenue-information-gri/,NV/screenshots/NV_2010_06_NV_2010_06_gri_p1.png,"BASEBALL | 177 177 4,450 -8.21 4.86 | 177 177 13,389 -1.91 5.23 | 177 177 21,194 14.83 4.01 |",,2026-04-08T18:37:40.853868
NV,2010-06-01,2010-06-30,monthly,ALL,TOTAL,TOTAL,,combined,parlay,17914013,9000000,9000000,,,8914013,607500,,0.5023999926761246,30,False,False,NV_2010_06_gri.pdf,,,,4,,https://www.gaming.nv.gov/uploadedFiles/gamingnvgov/content/about/gaming-revenue/2010Jun-gri.pdf,https://www.gaming.nv.gov/about-us/gaming-revenue-information-gri/,NV/screenshots/NV_2010_06_NV_2010_06_gri_p1.png,"SPORTS PARLAY CARDS | 102 102 90 25.17 50.24 | 102 102 230 -6.61 37.43 | 102 102 19,945 -2.70 33.22 |",,2026-04-08T18:37:40.853868
NV,2010-06-01,2010-06-30,monthly,ALL,TOTAL,TOTAL,,combined,other,2418520746,402200000,402200000,,,2016320746,27148500,,0.16629999997527414,30,False,False,NV_2010_06_gri.pdf,,,,4,,https://www.gaming.nv.gov/uploadedFiles/gamingnvgov/content/about/gaming-revenue/2010Jun-gri.pdf,https://www.gaming.nv.gov/about-us/gaming-revenue-information-gri/,NV/screenshots/NV_2010_06_NV_2010_06_gri_p1.png,"OTHER | 4,022 205.08 16.63 | 7,438 98.51 12.81 | 13,634 75.36 9.14 |",,2026-04-08T18:37:40.853868
NV,2010-07-01,2010-07-31,monthly,ALL,TOTAL,TOTAL,,combined,,10910204082,267300000,267300000,,,10642904082,18042750,,0.024499999999175084,31,False,False,NV_2010_07_gri.pdf,,,,4,,https://www.gaming.nv.gov/uploadedFiles/gamingnvgov/content/about/gaming-revenue/2010Jul-gri.pdf,https://www.gaming.nv.gov/about-us/gaming-revenue-information-gri/,NV/screenshots/NV_2010_07_NV_2010_07_gri_p1.png,"SPORTS POOL (2) | 179 179 2,673 520.42 2.45 | 182 180 15,261 52.15 3.63 | 185 180 154,197 20.32 5.72 |",,2026-04-08T18:37:42.713576
NV,2010-07-01,2010-07-31,monthly,ALL,TOTAL,TOTAL,,combined,football,100456621,-2200000,-2200000,,,102656621,,,-0.021900000000995453,31,False,False,NV_2010_07_gri.pdf,,,,4,,https://www.gaming.nv.gov/uploadedFiles/gamingnvgov/content/about/gaming-revenue/2010Jul-gri.pdf,https://www.gaming.nv.gov/about-us/gaming-revenue-information-gri/,NV/screenshots/NV_2010_07_NV_2010_07_gri_p1.png,"FOOTBALL | 166 166 -22 -144.49 -2.19 | 166 166 -2,247 -72.38 -139.44 | 166 166 54,252 16.83 4.76 |",,2026-04-08T18:37:42.713576
NV,2010-07-01,2010-07-31,monthly,ALL,TOTAL,TOTAL,,combined,basketball,135318851,-193100000,-193100000,,,328418851,,,-1.4269999972139875,31,False,False,NV_2010_07_gri.pdf,,,,4,,https://www.gaming.nv.gov/uploadedFiles/gamingnvgov/content/about/gaming-revenue/2010Jul-gri.pdf,https://www.gaming.nv.gov/about-us/gaming-revenue-information-gri/,NV/screenshots/NV_2010_07_NV_2010_07_gri_p1.png,"BASKETBALL | 166 166 -1,931 -29.81 -142.70 | 166 166 -1,942 -4080.43 -2.31 | 166 166 41,247 18.92 5.00 |",,2026-04-08T18:37:42.713576
NV,2010-07-01,2010-07-31,monthly,ALL,TOTAL,TOTAL,,combined,baseball,9037572254,312700000,312700000,,,8724872254,21107250,,0.03460000000128353,31,False,False,NV_2010_07_gri.pdf,,,,4,,https://www.gaming.nv.gov/uploadedFiles/gamingnvgov/content/about/gaming-revenue/2010Jul-gri.pdf,https://www.gaming.nv.gov/about-us/gaming-revenue-information-gri/,NV/screenshots/NV_2010_07_NV_2010_07_gri_p1.png,"BASEBALL | 177 177 3,127 192.46 3.46 | 177 177 12,044 26.80 4.37 | 177 177 23,238 27.64 4.53 |",,2026-04-08T18:37:42.713576
NV,2010-07-01,2010-07-31,monthly,ALL,TOTAL,TOTAL,,combined,parlay,15937804,8200000,8200000,,,7737804,553500,,0.5144999900864636,31,False,False,NV_2010_07_gri.pdf,,,,4,,https://www.gaming.nv.gov/uploadedFiles/gamingnvgov/content/about/gaming-revenue/2010Jul-gri.pdf,https://www.gaming.nv.gov/about-us/gaming-revenue-information-gri/,NV/screenshots/NV_2010_07_NV_2010_07_gri_p1.png,"SPORTS PARLAY CARDS | 102 102 82 -13.71 51.45 | 102 102 265 3.02 50.31 | 102 102 19,932 -2.91 33.20 |",,2026-04-08T18:37:42.713576
NV,2010-07-01,2010-07-31,monthly,ALL,TOTAL,TOTAL,,combined,other,1626865672,141700000,141700000,,,1485165672,9564750,,0.08709999998082202,31,False,False,NV_2010_07_gri.pdf,,,,4,,https://www.gaming.nv.gov/uploadedFiles/gamingnvgov/content/about/gaming-revenue/2010Jul-gri.pdf,https://www.gaming.nv.gov/about-us/gaming-revenue-information-gri/,NV/screenshots/NV_2010_07_NV_2010_07_gri_p1.png,"OTHER | 1,417 492.06 8.71 | 7,142 367.01 11.98 | 15,528 87.24 9.69 |",,2026-04-08T18:37:42.713576
NV,2010-08-01,2010-08-31,monthly,ALL,TOTAL,TOTAL,,combined,,10739285714,601400000,601400000,,,10137885714,40594500,,0.05600000000148986,31,False,False,NV_2010_08_gri.pdf,,,,4,,https://www.gaming.nv.gov/uploadedFiles/gamingnvgov/content/about/gaming-revenue/2010Aug-gri.pdf,https://www.gaming.nv.gov/about-us/gaming-revenue-information-gri/,NV/screenshots/NV_2010_08_NV_2010_08_gri_p1.png,"SPORTS POOL (2) | 183 183 6,014 24.47 5.60 | 185 181 17,535 88.84 4.88 | 187 180 155,379 24.21 5.74 |",,2026-04-08T18:37:44.584631
NV,2010-08-01,2010-08-31,monthly,ALL,TOTAL,TOTAL,,combined,football,1339715874,216900000,216900000,,,1122815874,14640750,,0.16189999999955215,31,False,False,NV_2010_08_gri.pdf,,,,4,,https://www.gaming.nv.gov/uploadedFiles/gamingnvgov/content/about/gaming-revenue/2010Aug-gri.pdf,https://www.gaming.nv.gov/about-us/gaming-revenue-information-gri/,NV/screenshots/NV_2010_08_NV_2010_08_gri_p1.png,"FOOTBALL | 179 179 2,169 -0.16 16.19 | 179 179 1,865 -8.84 12.54 | 179 179 54,249 29.43 4.77 |",,2026-04-08T18:37:44.584631
NV,2010-08-01,2010-08-31,monthly,ALL,TOTAL,TOTAL,,combined,basketball,138439306,-47900000,-47900000,,,186339306,,,-0.3460000008956994,31,False,False,NV_2010_08_gri.pdf,,,,4,,https://www.gaming.nv.gov/uploadedFiles/gamingnvgov/content/about/gaming-revenue/2010Aug-gri.pdf,https://www.gaming.nv.gov/about-us/gaming-revenue-information-gri/,NV/screenshots/NV_2010_08_NV_2010_08_gri_p1.png,"BASKETBALL | 171 171 -479 -33.42 -34.60 | 171 171 -1,843 34.68 -6.32 | 171 171 41,127 17.17 4.99 |",,2026-04-08T18:37:44.584631
NV,2010-08-01,2010-08-31,monthly,ALL,TOTAL,TOTAL,,combined,baseball,8664605873,560600000,560600000,,,8104005873,37840500,,0.06470000000195046,31,False,False,NV_2010_08_gri.pdf,,,,4,,https://www.gaming.nv.gov/uploadedFiles/gamingnvgov/content/about/gaming-revenue/2010Aug-gri.pdf,https://www.gaming.nv.gov/about-us/gaming-revenue-information-gri/,NV/screenshots/NV_2010_08_NV_2010_08_gri_p1.png,"BASEBALL | 179 179 5,606 78.37 6.47 | 179 179 13,183 45.50 4.91 | 179 179 25,701 31.15 4.92 |",,2026-04-08T18:37:44.584631
NV,2010-08-01,2010-08-31,monthly,ALL,TOTAL,TOTAL,,combined,parlay,29179540,17000000,17000000,,,12179540,1147500,,0.5825999998629177,31,False,False,NV_2010_08_gri.pdf,,,,4,,https://www.gaming.nv.gov/uploadedFiles/gamingnvgov/content/about/gaming-revenue/2010Aug-gri.pdf,https://www.gaming.nv.gov/about-us/gaming-revenue-information-gri/,NV/screenshots/NV_2010_08_NV_2010_08_gri_p1.png,"SPORTS PARLAY CARDS | 135 135 170 45.30 58.26 | 135 135 342 20.37 54.25 | 135 135 19,984 -0.94 33.29 |",,2026-04-08T18:37:44.584631
NV,2010-08-01,2010-08-31,monthly,ALL,TOTAL,TOTAL,,combined,other,569858713,-145200000,-145200000,,,715058713,,,-0.254799999872951,31,False,False,NV_2010_08_gri.pdf,,,,4,,https://www.gaming.nv.gov/uploadedFiles/gamingnvgov/content/about/gaming-revenue/2010Aug-gri.pdf,https://www.gaming.nv.gov/about-us/gaming-revenue-information-gri/,NV/screenshots/NV_2010_08_NV_2010_08_gri_p1.png,"OTHER | -1,452 -501.41 -25.48 | 3,987 457.20 8.64 | 14,318 72.31 8.89 |",,2026-04-08T18:37:44.584631
NV,2010-09-01,2010-09-30,monthly,ALL,TOTAL,TOTAL,,combined,,29571780148,3604800000,3604800000,,,25966980148,243324000,,0.12189999999860678,30,False,False,NV_2010_09_gri.pdf,,,,4,,https://www.gaming.nv.gov/uploadedFiles/gamingnvgov/content/about/gaming-revenue/2010Sep-gri.pdf,https://www.gaming.nv.gov/about-us/gaming-revenue-information-gri/,NV/screenshots/NV_2010_09_NV_2010_09_gri_p1.png,"SPORTS POOL (2) | 180 181 36,048 23.31 12.19 | 184 178 44,736 33.82 8.73 | 187 179 162,194 26.45 5.93 |",,2026-04-08T18:37:46.471948
NV,2010-09-01,2010-09-30,monthly,ALL,TOTAL,TOTAL,,combined,football,22725794531,3074800000,3074800000,,,19650994531,207549000,,0.13529999999805067,30,False,False,NV_2010_09_gri.pdf,,,,4,,https://www.gaming.nv.gov/uploadedFiles/gamingnvgov/content/about/gaming-revenue/2010Sep-gri.pdf,https://www.gaming.nv.gov/about-us/gaming-revenue-information-gri/,NV/screenshots/NV_2010_09_NV_2010_09_gri_p1.png,"FOOTBALL | 177 177 30,748 27.97 13.53 | 177 177 32,895 25.32 13.62 | 177 177 60,969 31.75 5.22 |",,2026-04-08T18:37:46.471948
NV,2010-09-01,2010-09-30,monthly,ALL,TOTAL,TOTAL,,combined,basketball,62461633,-40700000,-40700000,,,103161633,,,-0.6515999989945828,30,False,False,NV_2010_09_gri.pdf,,,,4,,https://www.gaming.nv.gov/uploadedFiles/gamingnvgov/content/about/gaming-revenue/2010Sep-gri.pdf,https://www.gaming.nv.gov/about-us/gaming-revenue-information-gri/,NV/screenshots/NV_2010_09_NV_2010_09_gri_p1.png,"BASKETBALL | 166 166 -407 -1.40 -65.16 | 166 166 -2,817 -25.31 -83.80 | 166 166 41,121 17.31 5.01 |",,2026-04-08T18:37:46.471948
NV,2010-09-01,2010-09-30,monthly,ALL,TOTAL,TOTAL,,combined,baseball,5218750000,100200000,100200000,,,5118550000,6763500,,0.0192,30,False,False,NV_2010_09_gri.pdf,,,,4,,https://www.gaming.nv.gov/uploadedFiles/gamingnvgov/content/about/gaming-revenue/2010Sep-gri.pdf,https://www.gaming.nv.gov/about-us/gaming-revenue-information-gri/,NV/screenshots/NV_2010_09_NV_2010_09_gri_p1.png,"BASEBALL | 177 177 1,002 8.13 1.92 | 177 177 9,735 89.44 4.25 | 177 177 25,776 36.55 4.88 |",,2026-04-08T18:37:46.471948
NV,2010-09-01,2010-09-30,monthly,ALL,TOTAL,TOTAL,,combined,parlay,1120811099,525100000,525100000,,,595711099,35444250,,0.468500000105727,30,False,False,NV_2010_09_gri.pdf,,,,4,,https://www.gaming.nv.gov/uploadedFiles/gamingnvgov/content/about/gaming-revenue/2010Sep-gri.pdf,https://www.gaming.nv.gov/about-us/gaming-revenue-information-gri/,NV/screenshots/NV_2010_09_NV_2010_09_gri_p1.png,"SPORTS PARLAY CARDS | 174 174 5,251 27.92 46.85 | 174 174 5,503 27.47 47.19 | 174 174 21,130 7.61 35.12 |",,2026-04-08T18:37:46.471948
NV,2010-09-01,2010-09-30,monthly,ALL,TOTAL,TOTAL,,combined,other,456448911,-54500000,-54500000,,,510948911,,,-0.11940000005827596,30,False,False,NV_2010_09_gri.pdf,,,,4,,https://www.gaming.nv.gov/uploadedFiles/gamingnvgov/content/about/gaming-revenue/2010Sep-gri.pdf,https://www.gaming.nv.gov/about-us/gaming-revenue-information-gri/,NV/screenshots/NV_2010_09_NV_2010_09_gri_p1.png,"OTHER | -545 -194.59 -11.94 | -580 -2107.94 -2.19 | 13,196 56.50 8.42 |",,2026-04-08T18:37:46.471948
NV,2010-10-01,2010-10-31,monthly,ALL,TOTAL,TOTAL,,combined,,35294757666,3568300000,3568300000,,,31726457666,240860250,,0.10109999999907635,31,False,False,NV_2010_10_gri.pdf,,,,4,,https://www.gaming.nv.gov/uploadedFiles/gamingnvgov/content/about/gaming-revenue/2010Oct-gri.pdf,https://www.gaming.nv.gov/about-us/gaming-revenue-information-gri/,NV/screenshots/NV_2010_10_NV_2010_10_gri_p1.png,"SPORTS POOL (2) | 181 182 35,683 113.19 10.11 | 185 180 77,746 53.03 10.28 | 188 179 181,139 42.93 6.55 |",,2026-04-08T18:37:48.224731
NV,2010-10-01,2010-10-31,monthly,ALL,TOTAL,TOTAL,,combined,football,28205596107,2318500000,2318500000,,,25887096107,156498750,,0.08220000000016309,31,False,False,NV_2010_10_gri.pdf,,,,4,,https://www.gaming.nv.gov/uploadedFiles/gamingnvgov/content/about/gaming-revenue/2010Oct-gri.pdf,https://www.gaming.nv.gov/about-us/gaming-revenue-information-gri/,NV/screenshots/NV_2010_10_NV_2010_10_gri_p1.png,"FOOTBALL | 178 178 23,185 200.11 8.22 | 178 178 56,101 65.37 10.74 | 178 178 76,429 53.18 6.41 |",,2026-04-08T18:37:48.224731
NV,2010-10-01,2010-10-31,monthly,ALL,TOTAL,TOTAL,,combined,basketball,983243968,146700000,146700000,,,836543968,9902250,,0.14919999997396374,31,False,False,NV_2010_10_gri.pdf,,,,4,,https://www.gaming.nv.gov/uploadedFiles/gamingnvgov/content/about/gaming-revenue/2010Oct-gri.pdf,https://www.gaming.nv.gov/about-us/gaming-revenue-information-gri/,NV/screenshots/NV_2010_10_NV_2010_10_gri_p1.png,"BASKETBALL | 176 176 1,467 -40.46 14.92 | 176 176 582 -65.87 4.91 | 176 176 40,124 13.67 4.88 |",,2026-04-08T18:37:48.224731
NV,2010-10-01,2010-10-31,monthly,ALL,TOTAL,TOTAL,,combined,baseball,3502352941,297700000,297700000,,,3204652941,20094750,,0.08500000000428283,31,False,False,NV_2010_10_gri.pdf,,,,4,,https://www.gaming.nv.gov/uploadedFiles/gamingnvgov/content/about/gaming-revenue/2010Oct-gri.pdf,https://www.gaming.nv.gov/about-us/gaming-revenue-information-gri/,NV/screenshots/NV_2010_10_NV_2010_10_gri_p1.png,"BASEBALL | 179 179 2,977 -27.35 8.50 | 179 179 9,585 17.36 5.51 | 179 179 24,656 42.37 4.64 |",,2026-04-08T18:37:48.224731
NV,2010-10-01,2010-10-31,monthly,ALL,TOTAL,TOTAL,,combined,parlay,1562500000,725000000,725000000,,,837500000,48937500,,0.464,31,False,False,NV_2010_10_gri.pdf,,,,4,,https://www.gaming.nv.gov/uploadedFiles/gamingnvgov/content/about/gaming-revenue/2010Oct-gri.pdf,https://www.gaming.nv.gov/about-us/gaming-revenue-information-gri/,NV/screenshots/NV_2010_10_NV_2010_10_gri_p1.png,"SPORTS PARLAY CARDS | 176 176 7,250 329.14 46.40 | 176 176 12,671 114.35 46.71 | 176 176 26,691 68.01 44.52 |",,2026-04-08T18:37:48.224731
NV,2010-10-01,2010-10-31,monthly,ALL,TOTAL,TOTAL,,combined,other,1044155844,80400000,80400000,,,963755844,5427000,,0.07700000001149254,31,False,False,NV_2010_10_gri.pdf,,,,4,,https://www.gaming.nv.gov/uploadedFiles/gamingnvgov/content/about/gaming-revenue/2010Oct-gri.pdf,https://www.gaming.nv.gov/about-us/gaming-revenue-information-gri/,NV/screenshots/NV_2010_10_NV_2010_10_gri_p1.png,"OTHER | 804 5.74 7.70 | -1,193 -208.96 -5.76 | 13,240 58.87 8.37 |",,2026-04-08T18:37:48.224731
NV,2010-11-01,2010-11-30,monthly,ALL,TOTAL,TOTAL,,combined,,34000000000,646000000,646000000,,,33354000000,43605000,,0.019,30,False,False,NV_2010_11_gri.pdf,,,,4,,https://www.gaming.nv.gov/uploadedFiles/gamingnvgov/content/about/gaming-revenue/2010Nov-gri.pdf,https://www.gaming.nv.gov/about-us/gaming-revenue-information-gri/,NV/screenshots/NV_2010_11_NV_2010_11_gri_p1.png,"SPORTS POOL (2) | 180 181 6,460 -78.93 1.90 | 182 179 78,191 2.05 7.90 | 189 181 156,947 20.57 5.73 |",,2026-04-08T18:37:50.144811
NV,2010-11-01,2010-11-30,monthly,ALL,TOTAL,TOTAL,,combined,football,23186915888,-248100000,-248100000,,,23435015888,,,-0.010699999999930996,30,False,False,NV_2010_11_gri.pdf,,,,4,,https://www.gaming.nv.gov/uploadedFiles/gamingnvgov/content/about/gaming-revenue/2010Nov-gri.pdf,https://www.gaming.nv.gov/about-us/gaming-revenue-information-gri/,NV/screenshots/NV_2010_11_NV_2010_11_gri_p1.png,"FOOTBALL | 177 177 -2,481 -116.75 -1.07 | 177 177 51,451 10.49 6.94 | 177 177 59,133 46.14 5.05 |",,2026-04-08T18:37:50.144811
NV,2010-11-01,2010-11-30,monthly,ALL,TOTAL,TOTAL,,combined,basketball,7039643211,710300000,710300000,,,6329343211,47945250,,0.10090000000143473,30,False,False,NV_2010_11_gri.pdf,,,,4,,https://www.gaming.nv.gov/uploadedFiles/gamingnvgov/content/about/gaming-revenue/2010Nov-gri.pdf,https://www.gaming.nv.gov/about-us/gaming-revenue-information-gri/,NV/screenshots/NV_2010_11_NV_2010_11_gri_p1.png,"BASKETBALL | 177 177 7,103 27.54 10.09 | 177 177 8,163 6.96 10.10 | 177 177 41,658 8.08 5.04 |",,2026-04-08T18:37:50.144811
NV,2010-11-01,2010-11-30,monthly,ALL,TOTAL,TOTAL,,combined,baseball,573478261,-131900000,-131900000,,,705378261,,,-0.22999999994768763,30,False,False,NV_2010_11_gri.pdf,,,,4,,https://www.gaming.nv.gov/uploadedFiles/gamingnvgov/content/about/gaming-revenue/2010Nov-gri.pdf,https://www.gaming.nv.gov/about-us/gaming-revenue-information-gri/,NV/screenshots/NV_2010_11_NV_2010_11_gri_p1.png,"BASEBALL | 177 177 -1,319 -3569.91 -23.00 | 177 177 2,660 -46.68 2.86 | 177 177 23,372 9.23 4.42 |",,2026-04-08T18:37:50.144811
NV,2010-11-01,2010-11-30,monthly,ALL,TOTAL,TOTAL,,combined,parlay,1233236152,126900000,126900000,,,1106336152,8565750,,0.10289999996691632,30,False,False,NV_2010_11_gri.pdf,,,,4,,https://www.gaming.nv.gov/uploadedFiles/gamingnvgov/content/about/gaming-revenue/2010Nov-gri.pdf,https://www.gaming.nv.gov/about-us/gaming-revenue-information-gri/,NV/screenshots/NV_2010_11_NV_2010_11_gri_p1.png,"SPORTS PARLAY CARDS | 176 176 1,269 -84.17 10.29 | 176 176 13,770 -0.27 35.16 | 176 176 19,947 -0.88 35.06 |",,2026-04-08T18:37:50.144811
NV,2010-11-01,2010-11-30,monthly,ALL,TOTAL,TOTAL,,combined,other,1981112277,188800000,188800000,,,1792312277,12744000,,0.09530000000095906,30,False,False,NV_2010_11_gri.pdf,,,,4,,https://www.gaming.nv.gov/uploadedFiles/gamingnvgov/content/about/gaming-revenue/2010Nov-gri.pdf,https://www.gaming.nv.gov/about-us/gaming-revenue-information-gri/,NV/screenshots/NV_2010_11_NV_2010_11_gri_p1.png,"OTHER | 1,888 -17.60 9.53 | 2,147 -40.83 6.16 | 12,836 33.15 8.24 |",,2026-04-08T18:37:50.144811
NV,2010-12-01,2010-12-31,monthly,ALL,TOTAL,TOTAL,,combined,,27820574163,1162900000,1162900000,,,26657674163,78495750,,0.04179999999951834,31,False,False,NV_2010_12_gri.pdf,,,,4,,https://www.gaming.nv.gov/uploadedFiles/gamingnvgov/content/about/gaming-revenue/2010Dec-gri.pdf,https://www.gaming.nv.gov/about-us/gaming-revenue-information-gri/,NV/screenshots/NV_2010_12_NV_2010_12_gri_p1.png,"SPORTS POOL (2) | 184 185 11,629 -33.47 4.18 | 186 183 53,772 -17.11 5.54 | 192 183 151,096 10.79 5.47 |",,2026-04-08T18:37:52.083573
NV,2010-12-01,2010-12-31,monthly,ALL,TOTAL,TOTAL,,combined,football,18127530364,895500000,895500000,,,17232030364,60446250,,0.04940000000101503,31,False,False,NV_2010_12_gri.pdf,,,,4,,https://www.gaming.nv.gov/uploadedFiles/gamingnvgov/content/about/gaming-revenue/2010Dec-gri.pdf,https://www.gaming.nv.gov/about-us/gaming-revenue-information-gri/,NV/screenshots/NV_2010_12_NV_2010_12_gri_p1.png,"FOOTBALL | 181 181 8,955 -23.20 4.94 | 181 181 29,659 -13.28 4.27 | 181 181 56,428 15.95 4.76 |",,2026-04-08T18:37:52.083573
NV,2010-12-01,2010-12-31,monthly,ALL,TOTAL,TOTAL,,combined,basketball,7795275591,198000000,198000000,,,7597275591,13365000,,0.025399999998537575,31,False,False,NV_2010_12_gri.pdf,,,,4,,https://www.gaming.nv.gov/uploadedFiles/gamingnvgov/content/about/gaming-revenue/2010Dec-gri.pdf,https://www.gaming.nv.gov/about-us/gaming-revenue-information-gri/,NV/screenshots/NV_2010_12_NV_2010_12_gri_p1.png,"BASKETBALL | 180 180 1,980 -53.70 2.54 | 180 180 10,550 -14.29 6.67 | 180 180 39,362 2.91 4.74 |",,2026-04-08T18:37:52.083573
NV,2010-12-01,2010-12-31,monthly,ALL,TOTAL,TOTAL,,combined,baseball,248329621,-178400000,-178400000,,,426729621,,,-0.7184000011017614,31,False,False,NV_2010_12_gri.pdf,,,,4,,https://www.gaming.nv.gov/uploadedFiles/gamingnvgov/content/about/gaming-revenue/2010Dec-gri.pdf,https://www.gaming.nv.gov/about-us/gaming-revenue-information-gri/,NV/screenshots/NV_2010_12_NV_2010_12_gri_p1.png,"BASEBALL | 15 15 -1,784 -71.84 | 15 15 -126 -104.16 -0.31 | 15 15 22,627 5.72 4.28 |",,2026-04-08T18:37:52.083573
NV,2010-12-01,2010-12-31,monthly,ALL,TOTAL,TOTAL,,combined,parlay,820438560,198300000,198300000,,,622138560,13385250,,0.24170000005850528,31,False,False,NV_2010_12_gri.pdf,,,,4,,https://www.gaming.nv.gov/uploadedFiles/gamingnvgov/content/about/gaming-revenue/2010Dec-gri.pdf,https://www.gaming.nv.gov/about-us/gaming-revenue-information-gri/,NV/screenshots/NV_2010_12_NV_2010_12_gri_p1.png,"SPORTS PARLAY CARDS | 180 180 1,983 -32.39 24.17 | 180 180 10,502 -16.89 29.04 | 180 180 18,997 -1.11 33.50 |",,2026-04-08T18:37:52.083573
NV,2010-12-01,2010-12-31,monthly,ALL,TOTAL,TOTAL,,combined,other,1064377682,49600000,49600000,,,1014777682,3348000,,0.0466000000176629,31,False,False,NV_2010_12_gri.pdf,,,,4,,https://www.gaming.nv.gov/uploadedFiles/gamingnvgov/content/about/gaming-revenue/2010Dec-gri.pdf,https://www.gaming.nv.gov/about-us/gaming-revenue-information-gri/,NV/screenshots/NV_2010_12_NV_2010_12_gri_p1.png,"OTHER | 496 240.86 4.66 | 3,188 18.06 7.79 | 13,684 54.54 8.63 |",,2026-04-08T18:37:52.083573
NV,2011-01-01,2011-01-31,monthly,ALL,TOTAL,TOTAL,,combined,,29196597353,1544500000,1544500000,,,27652097353,104253750,,0.05290000000090079,31,False,False,NV_2011_01_gri.pdf,,,,4,,https://www.gaming.nv.gov/uploadedFiles/gamingnvgov/content/about/gaming-revenue/2011Jan-gri.pdf,https://www.gaming.nv.gov/about-us/gaming-revenue-information-gri/,NV/screenshots/NV_2011_01_NV_2011_01_gri_p1.png,"SPORTS POOL (2) | 184 185 15,445 0.66 5.29 | 185 183 33,531 -47.17 3.68 | 193 182 151,195 5.15 5.48 |",,2026-04-08T18:37:53.981594
NV,2011-01-01,2011-01-31,monthly,ALL,TOTAL,TOTAL,,combined,football,17689873418,559000000,559000000,,,17130873418,37732500,,0.03159999999950254,31,False,False,NV_2011_01_gri.pdf,,,,4,,https://www.gaming.nv.gov/uploadedFiles/gamingnvgov/content/about/gaming-revenue/2011Jan-gri.pdf,https://www.gaming.nv.gov/about-us/gaming-revenue-information-gri/,NV/screenshots/NV_2011_01_NV_2011_01_gri_p1.png,"FOOTBALL | 184 184 5,590 34.44 3.16 | 184 184 12,064 -60.62 2.04 | 184 184 57,860 5.85 4.84 |",,2026-04-08T18:37:53.981594
NV,2011-01-01,2011-01-31,monthly,ALL,TOTAL,TOTAL,,combined,basketball,10035595106,902200000,902200000,,,9133395106,60898500,,0.08989999999707043,31,False,False,NV_2011_01_gri.pdf,,,,4,,https://www.gaming.nv.gov/uploadedFiles/gamingnvgov/content/about/gaming-revenue/2011Jan-gri.pdf,https://www.gaming.nv.gov/about-us/gaming-revenue-information-gri/,NV/screenshots/NV_2011_01_NV_2011_01_gri_p1.png,"BASKETBALL | 180 180 9,022 -5.90 8.99 | 180 180 18,105 -6.83 7.28 | 180 180 38,796 -2.01 4.73 |",,2026-04-08T18:37:53.981594
NV,2011-01-01,2011-01-31,monthly,ALL,TOTAL,TOTAL,,combined,baseball,1841184,-61400000,-61400000,,,63241184,,,-33.34810643585867,31,False,False,NV_2011_01_gri.pdf,,,,4,,https://www.gaming.nv.gov/uploadedFiles/gamingnvgov/content/about/gaming-revenue/2011Jan-gri.pdf,https://www.gaming.nv.gov/about-us/gaming-revenue-information-gri/,NV/screenshots/NV_2011_01_NV_2011_01_gri_p1.png,"BASEBALL | 18 18 -614 -88.07 -3334.81 | 18 18 -3,716 -165.43 -64.48 | 18 18 22,339 3.91 4.24 |",,2026-04-08T18:37:53.981594
NV,2011-01-01,2011-01-31,monthly,ALL,TOTAL,TOTAL,,combined,parlay,487414188,106500000,106500000,,,380914188,7188750,,0.21849999983997184,31,False,False,NV_2011_01_gri.pdf,,,,4,,https://www.gaming.nv.gov/uploadedFiles/gamingnvgov/content/about/gaming-revenue/2011Jan-gri.pdf,https://www.gaming.nv.gov/about-us/gaming-revenue-information-gri/,NV/screenshots/NV_2011_01_NV_2011_01_gri_p1.png,"SPORTS PARLAY CARDS | 180 180 1,065 -39.53 21.85 | 180 180 4,316 -66.03 16.99 | 180 180 18,301 -10.71 32.25 |",,2026-04-08T18:37:53.981594
NV,2011-01-01,2011-01-31,monthly,ALL,TOTAL,TOTAL,,combined,other,950248756,38200000,38200000,,,912048756,2578500,,0.04020000000926073,31,False,False,NV_2011_01_gri.pdf,,,,4,,https://www.gaming.nv.gov/uploadedFiles/gamingnvgov/content/about/gaming-revenue/2011Jan-gri.pdf,https://www.gaming.nv.gov/about-us/gaming-revenue-information-gri/,NV/screenshots/NV_2011_01_NV_2011_01_gri_p1.png,"OTHER | 382 132.87 4.02 | 2,763 31.33 6.89 | 13,899 84.54 8.73 |",,2026-04-08T18:37:53.981594
NV,2011-02-01,2011-02-28,monthly,ALL,TOTAL,TOTAL,,combined,,21836633663,441100000,441100000,,,21395533663,29774250,,0.02020000000033888,28,False,False,NV_2011_02_gri.pdf,,,,4,,https://www.gaming.nv.gov/uploadedFiles/gamingnvgov/content/about/gaming-revenue/2011Feb-gri.pdf,https://www.gaming.nv.gov/about-us/gaming-revenue-information-gri/,NV/screenshots/NV_2011_02_NV_2011_02_gri_p1.png,"SPORTS POOL (2) | 184 185 4,411 -58.54 2.02 | 185 184 31,486 -27.56 4.00 | 192 182 144,966 -0.36 5.26 |",,2026-04-08T18:37:55.863499
NV,2011-02-01,2011-02-28,monthly,ALL,TOTAL,TOTAL,,combined,football,8441947566,-450800000,-450800000,,,8892747566,,,-0.05339999999710967,28,False,False,NV_2011_02_gri.pdf,,,,4,,https://www.gaming.nv.gov/uploadedFiles/gamingnvgov/content/about/gaming-revenue/2011Feb-gri.pdf,https://www.gaming.nv.gov/about-us/gaming-revenue-information-gri/,NV/screenshots/NV_2011_02_NV_2011_02_gri_p1.png,"FOOTBALL | 183 183 -4,508 -239.89 -5.34 | 183 183 10,037 -47.29 2.27 | 183 183 50,130 -12.19 4.18 |",,2026-04-08T18:37:55.863499
NV,2011-02-01,2011-02-28,monthly,ALL,TOTAL,TOTAL,,combined,basketball,11430693069,692700000,692700000,,,10737993069,46757250,,0.0606000000016272,28,False,False,NV_2011_02_gri.pdf,,,,4,,https://www.gaming.nv.gov/uploadedFiles/gamingnvgov/content/about/gaming-revenue/2011Feb-gri.pdf,https://www.gaming.nv.gov/about-us/gaming-revenue-information-gri/,NV/screenshots/NV_2011_02_NV_2011_02_gri_p1.png,"BASKETBALL | 181 181 6,927 30.52 6.06 | 181 181 17,929 -6.48 6.12 | 181 181 40,416 7.18 5.02 |",,2026-04-08T18:37:55.863499
NV,2011-02-01,2011-02-28,monthly,ALL,TOTAL,TOTAL,,combined,baseball,130182421,-15700000,-15700000,,,145882421,,,-0.12060000021047389,28,False,False,NV_2011_02_gri.pdf,,,,4,,https://www.gaming.nv.gov/uploadedFiles/gamingnvgov/content/about/gaming-revenue/2011Feb-gri.pdf,https://www.gaming.nv.gov/about-us/gaming-revenue-information-gri/,NV/screenshots/NV_2011_02_NV_2011_02_gri_p1.png,"BASEBALL | 138 138 -157 -124.01 -12.06 | 138 138 -2,554 -78.09 -191.68 | 138 138 22,252 3.38 4.21 |",,2026-04-08T18:37:55.863499
NV,2011-02-01,2011-02-28,monthly,ALL,TOTAL,TOTAL,,combined,parlay,219680197,89300000,89300000,,,130380197,6027750,,0.4064999996335582,28,False,False,NV_2011_02_gri.pdf,,,,4,,https://www.gaming.nv.gov/uploadedFiles/gamingnvgov/content/about/gaming-revenue/2011Feb-gri.pdf,https://www.gaming.nv.gov/about-us/gaming-revenue-information-gri/,NV/screenshots/NV_2011_02_NV_2011_02_gri_p1.png,"SPORTS PARLAY CARDS | 176 176 893 122.75 40.65 | 176 176 3,940 -22.65 25.80 | 176 176 18,793 -6.10 33.06 |",,2026-04-08T18:37:55.863499
NV,2011-02-01,2011-02-28,monthly,ALL,TOTAL,TOTAL,,combined,other,1595177665,125700000,125700000,,,1469477665,8484750,,0.07879999999874622,28,False,False,NV_2011_02_gri.pdf,,,,4,,https://www.gaming.nv.gov/uploadedFiles/gamingnvgov/content/about/gaming-revenue/2011Feb-gri.pdf,https://www.gaming.nv.gov/about-us/gaming-revenue-information-gri/,NV/screenshots/NV_2011_02_NV_2011_02_gri_p1.png,"OTHER | 1,257 -29.38 7.88 | 2,134 34.05 5.92 | 13,376 46.26 8.07 |",,2026-04-08T18:37:55.863499
NV,2011-03-01,2011-03-31,monthly,ALL,TOTAL,TOTAL,,combined,,27660000000,1106400000,1106400000,,,26553600000,74682000,,0.04,31,False,False,NV_2011_03_gri.pdf,,,,4,,https://www.gaming.nv.gov/uploadedFiles/gamingnvgov/content/about/gaming-revenue/2011Mar-gri.pdf,https://www.gaming.nv.gov/about-us/gaming-revenue-information-gri/,NV/screenshots/NV_2011_03_NV_2011_03_gri_p1.png,"SPORTS POOL (2) | 184 185 11,064 -19.22 4.00 | 185 184 30,920 -22.08 3.93 | 192 182 142,333 -7.00 5.17 |",,2026-04-08T18:37:57.712879
NV,2011-03-01,2011-03-31,monthly,ALL,TOTAL,TOTAL,,combined,football,12450097,-936200000,-936200000,,,948650097,,,-75.19620128260848,31,False,False,NV_2011_03_gri.pdf,,,,4,,https://www.gaming.nv.gov/uploadedFiles/gamingnvgov/content/about/gaming-revenue/2011Mar-gri.pdf,https://www.gaming.nv.gov/about-us/gaming-revenue-information-gri/,NV/screenshots/NV_2011_03_NV_2011_03_gri_p1.png,"FOOTBALL | 75 75 -9,362 -11.03 -7519.62 | 75 75 -8,280 -687.14 -3.16 | 75 75 49,200 -11.38 4.10 |",,2026-04-08T18:37:57.712879
NV,2011-03-01,2011-03-31,monthly,ALL,TOTAL,TOTAL,,combined,basketball,25653005464,1877800000,1877800000,,,23775205464,126751500,,0.07320000000137215,31,False,False,NV_2011_03_gri.pdf,,,,4,,https://www.gaming.nv.gov/uploadedFiles/gamingnvgov/content/about/gaming-revenue/2011Mar-gri.pdf,https://www.gaming.nv.gov/about-us/gaming-revenue-information-gri/,NV/screenshots/NV_2011_03_NV_2011_03_gri_p1.png,"BASKETBALL | 182 182 18,778 -5.57 7.32 | 182 182 34,727 -0.15 7.37 | 182 182 39,309 -14.82 4.93 |",,2026-04-08T18:37:57.712879
NV,2011-03-01,2011-03-31,monthly,ALL,TOTAL,TOTAL,,combined,baseball,312471025,67400000,67400000,,,245071025,4549500,,0.21569999970397255,31,False,False,NV_2011_03_gri.pdf,,,,4,,https://www.gaming.nv.gov/uploadedFiles/gamingnvgov/content/about/gaming-revenue/2011Mar-gri.pdf,https://www.gaming.nv.gov/about-us/gaming-revenue-information-gri/,NV/screenshots/NV_2011_03_NV_2011_03_gri_p1.png,"BASEBALL | 181 181 674 1721.18 21.57 | 181 181 -97 72.94 -2.19 | 181 181 22,889 6.70 4.32 |",,2026-04-08T18:37:57.712879
NV,2011-03-01,2011-03-31,monthly,ALL,TOTAL,TOTAL,,combined,parlay,138604430,58200000,58200000,,,80404430,3928500,,0.4198999988672801,31,False,False,NV_2011_03_gri.pdf,,,,4,,https://www.gaming.nv.gov/uploadedFiles/gamingnvgov/content/about/gaming-revenue/2011Mar-gri.pdf,https://www.gaming.nv.gov/about-us/gaming-revenue-information-gri/,NV/screenshots/NV_2011_03_NV_2011_03_gri_p1.png,"SPORTS PARLAY CARDS | 122 122 582 -3.13 41.99 | 122 122 2,540 -8.06 30.03 | 122 122 18,774 -5.95 33.00 |",,2026-04-08T18:37:57.712879
NV,2011-03-01,2011-03-31,monthly,ALL,TOTAL,TOTAL,,combined,other,1513513514,39200000,39200000,,,1474313514,2646000,,0.025899999991675,31,False,False,NV_2011_03_gri.pdf,,,,4,,https://www.gaming.nv.gov/uploadedFiles/gamingnvgov/content/about/gaming-revenue/2011Mar-gri.pdf,https://www.gaming.nv.gov/about-us/gaming-revenue-information-gri/,NV/screenshots/NV_2011_03_NV_2011_03_gri_p1.png,"OTHER | 392 -75.59 2.59 | 2,031 -42.80 5.00 | 12,162 21.98 7.30 |",,2026-04-08T18:37:57.712879
NV,2011-04-01,2011-04-30,monthly,ALL,TOTAL,TOTAL,,combined,,15943457189,986900000,986900000,,,14956557189,66615750,,0.06190000000005645,30,False,False,NV_2011_04_gri.pdf,,,,4,,https://www.gaming.nv.gov/uploadedFiles/gamingnvgov/content/about/gaming-revenue/2011Apr-gri.pdf,https://www.gaming.nv.gov/about-us/gaming-revenue-information-gri/,NV/screenshots/NV_2011_04_NV_2011_04_gri_p1.png,"SPORTS POOL (2) | 184 185 9,869 2985.99 6.19 | 186 184 25,349 2.81 3.88 | 192 182 151,887 1.96 5.54 |",,2026-04-08T18:37:59.606940
NV,2011-04-01,2011-04-30,monthly,ALL,TOTAL,TOTAL,,combined,football,9889586,-394100000,-394100000,,,403989586,,,-39.84999978765542,30,False,False,NV_2011_04_gri.pdf,,,,4,,https://www.gaming.nv.gov/uploadedFiles/gamingnvgov/content/about/gaming-revenue/2011Apr-gri.pdf,https://www.gaming.nv.gov/about-us/gaming-revenue-information-gri/,NV/screenshots/NV_2011_04_NV_2011_04_gri_p1.png,"FOOTBALL | 88 88 -3,941 -38.32 -3985.00 | 88 88 -17,806 -120.95 -21.05 | 88 88 48,113 -12.83 4.01 |",,2026-04-08T18:37:59.606940
NV,2011-04-01,2011-04-30,monthly,ALL,TOTAL,TOTAL,,combined,basketball,7812043796,428100000,428100000,,,7383943796,28896750,,0.054799999997337444,30,False,False,NV_2011_04_gri.pdf,,,,4,,https://www.gaming.nv.gov/uploadedFiles/gamingnvgov/content/about/gaming-revenue/2011Apr-gri.pdf,https://www.gaming.nv.gov/about-us/gaming-revenue-information-gri/,NV/screenshots/NV_2011_04_NV_2011_04_gri_p1.png,"BASKETBALL | 183 183 4,281 236.32 5.48 | 183 183 29,985 35.97 6.68 | 183 183 46,729 8.08 5.89 |",,2026-04-08T18:37:59.606940
NV,2011-04-01,2011-04-30,monthly,ALL,TOTAL,TOTAL,,combined,baseball,6504456328,729800000,729800000,,,5774656328,49261500,,0.11219999999975401,30,False,False,NV_2011_04_gri.pdf,,,,4,,https://www.gaming.nv.gov/uploadedFiles/gamingnvgov/content/about/gaming-revenue/2011Apr-gri.pdf,https://www.gaming.nv.gov/about-us/gaming-revenue-information-gri/,NV/screenshots/NV_2011_04_NV_2011_04_gri_p1.png,"BASEBALL | 182 182 7,298 63.62 11.22 | 182 182 7,815 76.51 11.25 | 182 182 25,727 24.33 4.91 |",,2026-04-08T18:37:59.606940
NV,2011-04-01,2011-04-30,monthly,ALL,TOTAL,TOTAL,,combined,parlay,25883838,12300000,12300000,,,13583838,830250,,0.4752000070468684,30,False,False,NV_2011_04_gri.pdf,,,,4,,https://www.gaming.nv.gov/uploadedFiles/gamingnvgov/content/about/gaming-revenue/2011Apr-gri.pdf,https://www.gaming.nv.gov/about-us/gaming-revenue-information-gri/,NV/screenshots/NV_2011_04_NV_2011_04_gri_p1.png,"SPORTS PARLAY CARDS | 100 100 123 163.57 47.52 | 100 100 1,598 52.42 41.60 | 100 100 18,851 -5.39 33.13 |",,2026-04-08T18:37:59.606940
NV,2011-04-01,2011-04-30,monthly,ALL,TOTAL,TOTAL,,combined,other,1598180440,210800000,210800000,,,1387380440,14229000,,0.1318999999774744,30,False,False,NV_2011_04_gri.pdf,,,,4,,https://www.gaming.nv.gov/uploadedFiles/gamingnvgov/content/about/gaming-revenue/2011Apr-gri.pdf,https://www.gaming.nv.gov/about-us/gaming-revenue-information-gri/,NV/screenshots/NV_2011_04_NV_2011_04_gri_p1.png,"OTHER | 2,108 16.98 13.19 | 3,757 -27.58 7.98 | 12,468 25.74 7.45 |",,2026-04-08T18:37:59.606940
NV,2011-05-01,2011-05-31,monthly,ALL,TOTAL,TOTAL,,combined,,14686609687,1031000000,1031000000,,,13655609687,69592500,,0.07019999999813435,31,False,False,NV_2011_05_gri.pdf,,,,4,,https://www.gaming.nv.gov/uploadedFiles/gamingnvgov/content/about/gaming-revenue/2011May-gri.pdf,https://www.gaming.nv.gov/about-us/gaming-revenue-information-gri/,NV/screenshots/NV_2011_05_NV_2011_05_gri_p1.png,"SPORTS POOL (2) | 182 183 10,310 175.63 7.02 | 185 184 31,248 75.97 5.36 | 192 182 158,457 7.70 5.83 |",,2026-04-08T18:38:01.685924
NV,2011-05-01,2011-05-31,monthly,ALL,TOTAL,TOTAL,,combined,football,10381331,-142000000,-142000000,,,152381331,,,-13.678400197431332,31,False,False,NV_2011_05_gri.pdf,,,,4,,https://www.gaming.nv.gov/uploadedFiles/gamingnvgov/content/about/gaming-revenue/2011May-gri.pdf,https://www.gaming.nv.gov/about-us/gaming-revenue-information-gri/,NV/screenshots/NV_2011_05_NV_2011_05_gri_p1.png,"FOOTBALL | 91 91 -1,420 26.90 -1367.84 | 91 91 -14,719 -11.30 | 91 91 48,635 -10.65 4.06 |",,2026-04-08T18:38:01.685924
NV,2011-05-01,2011-05-31,monthly,ALL,TOTAL,TOTAL,,combined,basketball,5351753454,503600000,503600000,,,4848153454,33993000,,0.09409999999600131,31,False,False,NV_2011_05_gri.pdf,,,,4,,https://www.gaming.nv.gov/uploadedFiles/gamingnvgov/content/about/gaming-revenue/2011May-gri.pdf,https://www.gaming.nv.gov/about-us/gaming-revenue-information-gri/,NV/screenshots/NV_2011_05_NV_2011_05_gri_p1.png,"BASKETBALL | 179 179 5,036 971.04 9.41 | 179 179 28,095 73.78 7.24 | 179 179 52,344 30.37 6.62 |",,2026-04-08T18:38:01.685924
NV,2011-05-01,2011-05-31,monthly,ALL,TOTAL,TOTAL,,combined,baseball,7224464061,572900000,572900000,,,6651564061,38670750,,0.07929999999483699,31,False,False,NV_2011_05_gri.pdf,,,,4,,https://www.gaming.nv.gov/uploadedFiles/gamingnvgov/content/about/gaming-revenue/2011May-gri.pdf,https://www.gaming.nv.gov/about-us/gaming-revenue-information-gri/,NV/screenshots/NV_2011_05_NV_2011_05_gri_p1.png,"BASEBALL | 180 180 5,729 28.27 7.93 | 180 180 13,701 52.85 9.76 | 180 180 26,989 25.08 5.36 |",,2026-04-08T18:38:01.685924
NV,2011-05-01,2011-05-31,monthly,ALL,TOTAL,TOTAL,,combined,parlay,16927454,11900000,11900000,,,5027454,803250,,0.702999990429748,31,False,False,NV_2011_05_gri.pdf,,,,4,,https://www.gaming.nv.gov/uploadedFiles/gamingnvgov/content/about/gaming-revenue/2011May-gri.pdf,https://www.gaming.nv.gov/about-us/gaming-revenue-information-gri/,NV/screenshots/NV_2011_05_NV_2011_05_gri_p1.png,"SPORTS PARLAY CARDS | 106 106 119 29.04 70.30 | 106 106 825 11.42 45.43 | 106 106 18,877 -5.27 33.18 |",,2026-04-08T18:38:01.685924
NV,2011-05-01,2011-05-31,monthly,ALL,TOTAL,TOTAL,,combined,other,2088888889,84600000,84600000,,,2004288889,5710500,,0.040499999997845745,31,False,False,NV_2011_05_gri.pdf,,,,4,,https://www.gaming.nv.gov/uploadedFiles/gamingnvgov/content/about/gaming-revenue/2011May-gri.pdf,https://www.gaming.nv.gov/about-us/gaming-revenue-information-gri/,NV/screenshots/NV_2011_05_NV_2011_05_gri_p1.png,"OTHER | 846 -50.31 4.05 | 3,346 -34.53 6.43 | 11,611 5.11 6.86 |",,2026-04-08T18:38:01.685924
NV,2011-06-01,2011-06-30,monthly,ALL,TOTAL,TOTAL,,combined,,13081818182,431700000,431700000,,,12650118182,29139750,,0.03299999999954135,30,False,False,NV_2011_06_gri.pdf,,,,4,,https://www.gaming.nv.gov/uploadedFiles/gamingnvgov/content/about/gaming-revenue/2011Jun-gri.pdf,https://www.gaming.nv.gov/about-us/gaming-revenue-information-gri/,NV/screenshots/NV_2011_06_NV_2011_06_gri_p1.png,"SPORTS POOL (2) | 182 183 4,317 -51.21 3.30 | 185 183 24,496 89.78 5.60 | 191 182 153,926 2.01 5.69 |",,2026-04-08T18:38:03.585808
NV,2011-06-01,2011-06-30,monthly,ALL,TOTAL,TOTAL,,combined,football,11312013,-37600000,-37600000,,,48912013,,,-3.323899999054103,30,False,False,NV_2011_06_gri.pdf,,,,4,,https://www.gaming.nv.gov/uploadedFiles/gamingnvgov/content/about/gaming-revenue/2011Jun-gri.pdf,https://www.gaming.nv.gov/about-us/gaming-revenue-information-gri/,NV/screenshots/NV_2011_06_NV_2011_06_gri_p1.png,"FOOTBALL | 127 127 -376 -33.22 -332.39 | 127 127 -5,737 -13.06 | 127 127 48,542 -10.64 4.05 |",,2026-04-08T18:38:03.585808
NV,2011-06-01,2011-06-30,monthly,ALL,TOTAL,TOTAL,,combined,basketball,2380952381,-70000000,-70000000,,,2450952381,,,-0.029399999999412,30,False,False,NV_2011_06_gri.pdf,,,,4,,https://www.gaming.nv.gov/uploadedFiles/gamingnvgov/content/about/gaming-revenue/2011Jun-gri.pdf,https://www.gaming.nv.gov/about-us/gaming-revenue-information-gri/,NV/screenshots/NV_2011_06_NV_2011_06_gri_p1.png,"BASKETBALL | 180 180 -700 -223.45 -2.94 | 180 180 8,617 373.42 5.54 | 180 180 51,077 22.51 6.48 |",,2026-04-08T18:38:03.585808
NV,2011-06-01,2011-06-30,monthly,ALL,TOTAL,TOTAL,,combined,baseball,9037122970,389500000,389500000,,,8647622970,26291250,,0.04309999999922542,30,False,False,NV_2011_06_gri.pdf,,,,4,,https://www.gaming.nv.gov/uploadedFiles/gamingnvgov/content/about/gaming-revenue/2011Jun-gri.pdf,https://www.gaming.nv.gov/about-us/gaming-revenue-information-gri/,NV/screenshots/NV_2011_06_NV_2011_06_gri_p1.png,"BASEBALL | 179 179 3,895 -12.48 4.31 | 179 179 16,922 26.50 7.43 | 179 179 26,434 24.80 5.27 |",,2026-04-08T18:38:03.585808
NV,2011-06-01,2011-06-30,monthly,ALL,TOTAL,TOTAL,,combined,parlay,14275766,8200000,8200000,,,6075766,553500,,0.5744000006724683,30,False,False,NV_2011_06_gri.pdf,,,,4,,https://www.gaming.nv.gov/uploadedFiles/gamingnvgov/content/about/gaming-revenue/2011Jun-gri.pdf,https://www.gaming.nv.gov/about-us/gaming-revenue-information-gri/,NV/screenshots/NV_2011_06_NV_2011_06_gri_p1.png,"SPORTS PARLAY CARDS | 104 104 82 -9.31 57.44 | 104 104 325 41.34 56.76 | 104 104 18,869 -5.39 33.19 |",,2026-04-08T18:38:03.585808
NV,2011-06-01,2011-06-30,monthly,ALL,TOTAL,TOTAL,,combined,other,1626436782,141500000,141500000,,,1484936782,9551250,,0.08699999997909541,30,False,False,NV_2011_06_gri.pdf,,,,4,,https://www.gaming.nv.gov/uploadedFiles/gamingnvgov/content/about/gaming-revenue/2011Jun-gri.pdf,https://www.gaming.nv.gov/about-us/gaming-revenue-information-gri/,NV/screenshots/NV_2011_06_NV_2011_06_gri_p1.png,"OTHER | 1,415 -64.81 8.70 | 4,369 -41.95 8.22 | 9,004 -34.51 5.58 |",,2026-04-08T18:38:03.585808
NV,2011-07-01,2011-07-31,monthly,ALL,TOTAL,TOTAL,,combined,,12189655172,-70700000,-70700000,,,12260355172,,,-0.005800000000196888,31,False,False,NV_2011_07_gri.pdf,,,,4,,https://www.gaming.nv.gov/uploadedFiles/gamingnvgov/content/about/gaming-revenue/2011Jul-gri.pdf,https://www.gaming.nv.gov/about-us/gaming-revenue-information-gri/,NV/screenshots/NV_2011_07_NV_2011_07_gri_p1.png,"SPORTS POOL (2) | 180 181 -707 -126.45 -0.58 | 184 183 13,920 -8.79 3.48 | 191 183 150,546 -2.37 5.53 |",,2026-04-08T18:38:05.502248
NV,2011-07-01,2011-07-31,monthly,ALL,TOTAL,TOTAL,,combined,football,63636364,-10500000,-10500000,,,74136364,,,-0.16499999905714285,31,False,False,NV_2011_07_gri.pdf,,,,4,,https://www.gaming.nv.gov/uploadedFiles/gamingnvgov/content/about/gaming-revenue/2011Jul-gri.pdf,https://www.gaming.nv.gov/about-us/gaming-revenue-information-gri/,NV/screenshots/NV_2011_07_NV_2011_07_gri_p1.png,"FOOTBALL | 168 168 -105 -385.58 -16.50 | 168 168 -1,901 15.40 -223.01 | 168 168 48,458 -10.68 4.04 |",,2026-04-08T18:38:05.502248
NV,2011-07-01,2011-07-31,monthly,ALL,TOTAL,TOTAL,,combined,basketball,176712974,-150100000,-150100000,,,326812974,,,-0.8493999993458319,31,False,False,NV_2011_07_gri.pdf,,,,4,,https://www.gaming.nv.gov/uploadedFiles/gamingnvgov/content/about/gaming-revenue/2011Jul-gri.pdf,https://www.gaming.nv.gov/about-us/gaming-revenue-information-gri/,NV/screenshots/NV_2011_07_NV_2011_07_gri_p1.png,"BASKETBALL | 172 172 -1,501 22.29 -84.94 | 172 172 2,835 245.98 3.59 | 172 172 51,507 24.88 6.53 |",,2026-04-08T18:38:05.502248
NV,2011-07-01,2011-07-31,monthly,ALL,TOTAL,TOTAL,,combined,baseball,10615384615,13800000,13800000,,,10601584615,931500,,0.0013000000000471014,31,False,False,NV_2011_07_gri.pdf,,,,4,,https://www.gaming.nv.gov/uploadedFiles/gamingnvgov/content/about/gaming-revenue/2011Jul-gri.pdf,https://www.gaming.nv.gov/about-us/gaming-revenue-information-gri/,NV/screenshots/NV_2011_07_NV_2011_07_gri_p1.png,"BASEBALL | 177 177 138 -95.59 0.13 | 177 177 9,762 -18.94 3.61 | 177 177 23,445 0.89 4.52 |",,2026-04-08T18:38:05.502248
NV,2011-07-01,2011-07-31,monthly,ALL,TOTAL,TOTAL,,combined,parlay,16289766,8500000,8500000,,,7789766,573750,,0.5218000062124895,31,False,False,NV_2011_07_gri.pdf,,,,4,,https://www.gaming.nv.gov/uploadedFiles/gamingnvgov/content/about/gaming-revenue/2011Jul-gri.pdf,https://www.gaming.nv.gov/about-us/gaming-revenue-information-gri/,NV/screenshots/NV_2011_07_NV_2011_07_gri_p1.png,"SPORTS PARLAY CARDS | 108 108 85 2.84 52.18 | 108 108 286 7.84 60.24 | 108 108 18,871 -5.32 33.19 |",,2026-04-08T18:38:05.502248
NV,2011-07-01,2011-07-31,monthly,ALL,TOTAL,TOTAL,,combined,other,1207513417,67500000,67500000,,,1140013417,4556250,,0.05589999999147007,31,False,False,NV_2011_07_gri.pdf,,,,4,,https://www.gaming.nv.gov/uploadedFiles/gamingnvgov/content/about/gaming-revenue/2011Jul-gri.pdf,https://www.gaming.nv.gov/about-us/gaming-revenue-information-gri/,NV/screenshots/NV_2011_07_NV_2011_07_gri_p1.png,"OTHER | 675 -52.35 5.59 | 2,937 -58.88 5.96 | 8,263 -46.79 5.26 |",,2026-04-08T18:38:05.502248
NV,2011-08-01,2011-08-31,monthly,ALL,TOTAL,TOTAL,,combined,,12527027027,92700000,92700000,,,12434327027,6257250,,0.007400000000015966,31,False,False,NV_2011_08_gri.pdf,,,,4,,https://www.gaming.nv.gov/uploadedFiles/gamingnvgov/content/about/gaming-revenue/2011Aug-gri.pdf,https://www.gaming.nv.gov/about-us/gaming-revenue-information-gri/,NV/screenshots/NV_2011_08_NV_2011_08_gri_p1.png,"SPORTS POOL (2) | 181 182 927 -84.59 0.74 | 184 181 4,537 -74.13 1.20 | 188 180 145,458 -6.38 5.31 |",,2026-04-08T18:38:07.282405
NV,2011-08-01,2011-08-31,monthly,ALL,TOTAL,TOTAL,,combined,football,1498113208,79400000,79400000,,,1418713208,5359500,,0.05299999998397985,31,False,False,NV_2011_08_gri.pdf,,,,4,,https://www.gaming.nv.gov/uploadedFiles/gamingnvgov/content/about/gaming-revenue/2011Aug-gri.pdf,https://www.gaming.nv.gov/about-us/gaming-revenue-information-gri/,NV/screenshots/NV_2011_08_NV_2011_08_gri_p1.png,"FOOTBALL | 178 178 794 -63.38 5.30 | 178 178 314 -83.17 1.99 | 178 178 47,084 -13.21 3.92 |",,2026-04-08T18:38:07.282405
NV,2011-08-01,2011-08-31,monthly,ALL,TOTAL,TOTAL,,combined,basketball,146888432,-78600000,-78600000,,,225488432,,,-0.5351000002505303,31,False,False,NV_2011_08_gri.pdf,,,,4,,https://www.gaming.nv.gov/uploadedFiles/gamingnvgov/content/about/gaming-revenue/2011Aug-gri.pdf,https://www.gaming.nv.gov/about-us/gaming-revenue-information-gri/,NV/screenshots/NV_2011_08_NV_2011_08_gri_p1.png,"BASKETBALL | 170 170 -786 -64.19 -53.51 | 170 170 -2,986 -62.06 -11.05 | 170 170 51,200 24.49 6.49 |",,2026-04-08T18:38:07.282405
NV,2011-08-01,2011-08-31,monthly,ALL,TOTAL,TOTAL,,combined,baseball,10377142857,181600000,181600000,,,10195542857,12258000,,0.017500000000240913,31,False,False,NV_2011_08_gri.pdf,,,,4,,https://www.gaming.nv.gov/uploadedFiles/gamingnvgov/content/about/gaming-revenue/2011Aug-gri.pdf,https://www.gaming.nv.gov/about-us/gaming-revenue-information-gri/,NV/screenshots/NV_2011_08_NV_2011_08_gri_p1.png,"BASEBALL | 178 178 1,816 -67.61 1.75 | 178 178 5,849 -55.63 1.94 | 178 178 19,655 -23.52 3.67 |",,2026-04-08T18:38:07.282405
NV,2011-08-01,2011-08-31,monthly,ALL,TOTAL,TOTAL,,combined,parlay,31416716,15900000,15900000,,,15516716,1073250,,0.5061000010312982,31,False,False,NV_2011_08_gri.pdf,,,,4,,https://www.gaming.nv.gov/uploadedFiles/gamingnvgov/content/about/gaming-revenue/2011Aug-gri.pdf,https://www.gaming.nv.gov/about-us/gaming-revenue-information-gri/,NV/screenshots/NV_2011_08_NV_2011_08_gri_p1.png,"SPORTS PARLAY CARDS | 137 137 159 -6.27 50.61 | 137 137 326 -4.88 52.60 | 137 137 18,861 -5.62 33.16 |",,2026-04-08T18:38:07.282405
NV,2011-08-01,2011-08-31,monthly,ALL,TOTAL,TOTAL,,combined,other,505499761,-105700000,-105700000,,,611199761,,,-0.20909999995034617,31,False,False,NV_2011_08_gri.pdf,,,,4,,https://www.gaming.nv.gov/uploadedFiles/gamingnvgov/content/about/gaming-revenue/2011Aug-gri.pdf,https://www.gaming.nv.gov/about-us/gaming-revenue-information-gri/,NV/screenshots/NV_2011_08_NV_2011_08_gri_p1.png,"OTHER | -1,057 27.21 -20.91 | 1,034 -74.07 3.09 | 8,658 -39.53 5.53 |",,2026-04-08T18:38:07.282405
NV,2011-09-01,2011-09-30,monthly,ALL,TOTAL,TOTAL,,combined,,34544673540,2010500000,2010500000,,,32534173540,135708750,,0.058199999999189456,30,False,False,NV_2011_09_gri.pdf,,,,4,,https://www.gaming.nv.gov/uploadedFiles/gamingnvgov/content/about/gaming-revenue/2011Sep-gri.pdf,https://www.gaming.nv.gov/about-us/gaming-revenue-information-gri/,NV/screenshots/NV_2011_09_NV_2011_09_gri_p1.png,"SPORTS POOL (2) | 186 187 20,105 -44.23 5.82 | 187 183 20,325 -54.57 3.43 | 190 181 129,515 -20.15 4.65 |",,2026-04-08T18:38:09.136160
NV,2011-09-01,2011-09-30,monthly,ALL,TOTAL,TOTAL,,combined,football,24750528541,1170700000,1170700000,,,23579828541,79022250,,0.047300000000432316,30,False,False,NV_2011_09_gri.pdf,,,,4,,https://www.gaming.nv.gov/uploadedFiles/gamingnvgov/content/about/gaming-revenue/2011Sep-gri.pdf,https://www.gaming.nv.gov/about-us/gaming-revenue-information-gri/,NV/screenshots/NV_2011_09_NV_2011_09_gri_p1.png,"FOOTBALL | 184 184 11,707 -61.93 4.73 | 184 184 12,396 -62.32 4.71 | 184 184 28,043 -54.01 2.30 |",,2026-04-08T18:38:09.136160
NV,2011-09-01,2011-09-30,monthly,ALL,TOTAL,TOTAL,,combined,basketball,113935970,-48400000,-48400000,,,162335970,,,-0.4247999995084959,30,False,False,NV_2011_09_gri.pdf,,,,4,,https://www.gaming.nv.gov/uploadedFiles/gamingnvgov/content/about/gaming-revenue/2011Sep-gri.pdf,https://www.gaming.nv.gov/about-us/gaming-revenue-information-gri/,NV/screenshots/NV_2011_09_NV_2011_09_gri_p1.png,"BASKETBALL | 172 172 -484 -18.99 -42.48 | 172 172 -2,771 1.63 -63.33 | 172 172 51,123 24.32 6.48 |",,2026-04-08T18:38:09.136160
NV,2011-09-01,2011-09-30,monthly,ALL,TOTAL,TOTAL,,combined,baseball,7257001647,440500000,440500000,,,6816501647,29733750,,0.06070000000373432,30,False,False,NV_2011_09_gri.pdf,,,,4,,https://www.gaming.nv.gov/uploadedFiles/gamingnvgov/content/about/gaming-revenue/2011Sep-gri.pdf,https://www.gaming.nv.gov/about-us/gaming-revenue-information-gri/,NV/screenshots/NV_2011_09_NV_2011_09_gri_p1.png,"BASEBALL | 183 183 4,405 339.72 6.07 | 183 183 6,359 -34.67 2.24 | 183 183 23,059 -10.54 4.14 |",,2026-04-08T18:38:09.136160
NV,2011-09-01,2011-09-30,monthly,ALL,TOTAL,TOTAL,,combined,parlay,1088104420,366800000,366800000,,,721304420,24759000,,0.33710000001654256,30,False,False,NV_2011_09_gri.pdf,,,,4,,https://www.gaming.nv.gov/uploadedFiles/gamingnvgov/content/about/gaming-revenue/2011Sep-gri.pdf,https://www.gaming.nv.gov/about-us/gaming-revenue-information-gri/,NV/screenshots/NV_2011_09_NV_2011_09_gri_p1.png,"SPORTS PARLAY CARDS | 182 182 3,668 -30.15 33.71 | 182 182 3,911 -28.92 34.44 | 182 182 17,277 -18.23 30.55 |",,2026-04-08T18:38:09.136160
NV,2011-09-01,2011-09-30,monthly,ALL,TOTAL,TOTAL,,combined,other,1317073171,81000000,81000000,,,1236073171,5467500,,0.06149999998747222,30,False,False,NV_2011_09_gri.pdf,,,,4,,https://www.gaming.nv.gov/uploadedFiles/gamingnvgov/content/about/gaming-revenue/2011Sep-gri.pdf,https://www.gaming.nv.gov/about-us/gaming-revenue-information-gri/,NV/screenshots/NV_2011_09_NV_2011_09_gri_p1.png,"OTHER | 810 248.56 6.15 | 428 173.80 1.41 | 10,013 -24.12 6.07 |",,2026-04-08T18:38:09.136160
NV,2011-10-01,2011-10-31,monthly,ALL,TOTAL,TOTAL,,combined,,39333333333,3327600000,3327600000,,,36005733333,224613000,,0.08460000000071695,31,False,False,NV_2011_10_gri.pdf,,,,4,,https://www.gaming.nv.gov/uploadedFiles/gamingnvgov/content/about/gaming-revenue/2011Oct-gri.pdf,https://www.gaming.nv.gov/about-us/gaming-revenue-information-gri/,NV/screenshots/NV_2011_10_NV_2011_10_gri_p1.png,"SPORTS POOL (2) | 186 186 33,276 -6.75 8.46 | 187 183 54,308 -30.15 6.28 | 191 182 127,108 -29.83 4.49 |",,2026-04-08T18:38:10.977536
NV,2011-10-01,2011-10-31,monthly,ALL,TOTAL,TOTAL,,combined,football,31909855769,2654900000,2654900000,,,29254955769,179205750,,0.0832000000006017,31,False,False,NV_2011_10_gri.pdf,,,,4,,https://www.gaming.nv.gov/uploadedFiles/gamingnvgov/content/about/gaming-revenue/2011Oct-gri.pdf,https://www.gaming.nv.gov/about-us/gaming-revenue-information-gri/,NV/screenshots/NV_2011_10_NV_2011_10_gri_p1.png,"FOOTBALL | 183 183 26,549 14.51 8.32 | 183 183 39,050 -30.39 6.72 | 183 183 31,407 -58.91 2.50 |",,2026-04-08T18:38:10.977536
NV,2011-10-01,2011-10-31,monthly,ALL,TOTAL,TOTAL,,combined,basketball,35882353,-6100000,-6100000,,,41982353,,,-0.16999999972131147,31,False,False,NV_2011_10_gri.pdf,,,,4,,https://www.gaming.nv.gov/uploadedFiles/gamingnvgov/content/about/gaming-revenue/2011Oct-gri.pdf,https://www.gaming.nv.gov/about-us/gaming-revenue-information-gri/,NV/screenshots/NV_2011_10_NV_2011_10_gri_p1.png,"BASKETBALL | 167 167 -61 -104.15 -17.00 | 167 167 -1,331 -328.83 -44.86 | 167 167 49,594 23.60 6.36 |",,2026-04-08T18:38:10.977536
NV,2011-10-01,2011-10-31,monthly,ALL,TOTAL,TOTAL,,combined,baseball,4154855643,158300000,158300000,,,3996555643,10685250,,0.03810000000040916,31,False,False,NV_2011_10_gri.pdf,,,,4,,https://www.gaming.nv.gov/uploadedFiles/gamingnvgov/content/about/gaming-revenue/2011Oct-gri.pdf,https://www.gaming.nv.gov/about-us/gaming-revenue-information-gri/,NV/screenshots/NV_2011_10_NV_2011_10_gri_p1.png,"BASEBALL | 185 185 1,583 -46.81 3.81 | 185 185 7,805 -18.57 3.58 | 185 185 21,665 -12.13 3.85 |",,2026-04-08T18:38:10.977536
NV,2011-10-01,2011-10-31,monthly,ALL,TOTAL,TOTAL,,combined,parlay,1831069610,431400000,431400000,,,1399669610,29119500,,0.23559999993664904,31,False,False,NV_2011_10_gri.pdf,,,,4,,https://www.gaming.nv.gov/uploadedFiles/gamingnvgov/content/about/gaming-revenue/2011Oct-gri.pdf,https://www.gaming.nv.gov/about-us/gaming-revenue-information-gri/,NV/screenshots/NV_2011_10_NV_2011_10_gri_p1.png,"SPORTS PARLAY CARDS | 179 179 4,314 -40.49 23.56 | 179 179 8,141 -35.75 27.59 | 179 179 14,342 -46.27 24.21 |",,2026-04-08T18:38:10.977536
NV,2011-10-01,2011-10-31,monthly,ALL,TOTAL,TOTAL,,combined,other,1408227848,89000000,89000000,,,1319227848,6007500,,0.06320000000454472,31,False,False,NV_2011_10_gri.pdf,,,,4,,https://www.gaming.nv.gov/uploadedFiles/gamingnvgov/content/about/gaming-revenue/2011Oct-gri.pdf,https://www.gaming.nv.gov/about-us/gaming-revenue-information-gri/,NV/screenshots/NV_2011_10_NV_2011_10_gri_p1.png,"OTHER | 890 10.70 6.32 | 643 153.88 1.99 | 10,099 -23.72 5.99 |",,2026-04-08T18:38:10.977536
NV,2011-11-01,2011-11-30,monthly,ALL,TOTAL,TOTAL,,combined,,34719191919,1718600000,1718600000,,,33000591919,116005500,,0.049500000000273624,30,False,False,NV_2011_11_gri.pdf,,,,4,,https://www.gaming.nv.gov/uploadedFiles/gamingnvgov/content/about/gaming-revenue/2011Nov-gri.pdf,https://www.gaming.nv.gov/about-us/gaming-revenue-information-gri/,NV/screenshots/NV_2011_11_NV_2011_11_gri_p1.png,"SPORTS POOL (2) | 185 186 17,186 166.16 4.95 | 187 186 70,567 -9.75 6.50 | 191 183 137,837 -12.17 4.86 |",,2026-04-08T18:38:12.816484
NV,2011-11-01,2011-11-30,monthly,ALL,TOTAL,TOTAL,,combined,football,27229551451,1032000000,1032000000,,,26197551451,69660000,,0.037900000000260746,30,False,False,NV_2011_11_gri.pdf,,,,4,,https://www.gaming.nv.gov/uploadedFiles/gamingnvgov/content/about/gaming-revenue/2011Nov-gri.pdf,https://www.gaming.nv.gov/about-us/gaming-revenue-information-gri/,NV/screenshots/NV_2011_11_NV_2011_11_gri_p1.png,"FOOTBALL | 183 183 10,320 515.94 3.79 | 183 183 48,575 -5.59 5.79 | 183 183 44,208 -25.24 3.41 |",,2026-04-08T18:38:12.816484
NV,2011-11-01,2011-11-30,monthly,ALL,TOTAL,TOTAL,,combined,basketball,3789156627,377400000,377400000,,,3411756627,25474500,,0.09959999998701557,30,False,False,NV_2011_11_gri.pdf,,,,4,,https://www.gaming.nv.gov/uploadedFiles/gamingnvgov/content/about/gaming-revenue/2011Nov-gri.pdf,https://www.gaming.nv.gov/about-us/gaming-revenue-information-gri/,NV/screenshots/NV_2011_11_NV_2011_11_gri_p1.png,"BASKETBALL | 181 181 3,774 -46.87 9.96 | 181 181 3,228 -60.45 8.19 | 181 181 46,265 11.06 6.19 |",,2026-04-08T18:38:12.816484
NV,2011-11-01,2011-11-30,monthly,ALL,TOTAL,TOTAL,,combined,baseball,202150309,-379800000,-379800000,,,581950309,,,-1.8787999972832097,30,False,False,NV_2011_11_gri.pdf,,,,4,,https://www.gaming.nv.gov/uploadedFiles/gamingnvgov/content/about/gaming-revenue/2011Nov-gri.pdf,https://www.gaming.nv.gov/about-us/gaming-revenue-information-gri/,NV/screenshots/NV_2011_11_NV_2011_11_gri_p1.png,"BASEBALL | 27 27 -3,798 -187.88 | 27 27 2,191 -17.62 1.92 | 27 27 19,187 -17.91 3.44 |",,2026-04-08T18:38:12.816484
NV,2011-11-01,2011-11-30,monthly,ALL,TOTAL,TOTAL,,combined,parlay,1332905297,415200000,415200000,,,917705297,28026000,,0.31149999998837125,30,False,False,NV_2011_11_gri.pdf,,,,4,,https://www.gaming.nv.gov/uploadedFiles/gamingnvgov/content/about/gaming-revenue/2011Nov-gri.pdf,https://www.gaming.nv.gov/about-us/gaming-revenue-information-gri/,NV/screenshots/NV_2011_11_NV_2011_11_gri_p1.png,"SPORTS PARLAY CARDS | 182 182 4,152 227.28 31.15 | 182 182 12,135 -11.88 28.54 | 182 182 17,225 -13.64 28.60 |",,2026-04-08T18:38:12.816484
NV,2011-11-01,2011-11-30,monthly,ALL,TOTAL,TOTAL,,combined,other,2412334802,273800000,273800000,,,2138534802,18481500,,0.11349999998880753,30,False,False,NV_2011_11_gri.pdf,,,,4,,https://www.gaming.nv.gov/uploadedFiles/gamingnvgov/content/about/gaming-revenue/2011Nov-gri.pdf,https://www.gaming.nv.gov/about-us/gaming-revenue-information-gri/,NV/screenshots/NV_2011_11_NV_2011_11_gri_p1.png,"OTHER | 2,738 45.20 11.35 | 4,437 106.97 8.64 | 10,951 -14.67 6.34 |",,2026-04-08T18:38:12.816484
NV,2011-12-01,2011-12-31,monthly,ALL,TOTAL,TOTAL,,combined,,32132743363,1452400000,1452400000,,,30680343363,98037000,,0.04519999999976348,31,False,False,NV_2011_12_gri.pdf,,,,4,,https://www.gaming.nv.gov/uploadedFiles/gamingnvgov/content/about/gaming-revenue/2011Dec-gri.pdf,https://www.gaming.nv.gov/about-us/gaming-revenue-information-gri/,NV/screenshots/NV_2011_12_NV_2011_12_gri_p1.png,"SPORTS POOL (2) | 185 186 14,524 24.89 4.52 | 186 186 64,985 20.86 6.12 | 190 183 140,731 -6.86 4.89 |",,2026-04-08T18:38:14.579641
NV,2011-12-01,2011-12-31,monthly,ALL,TOTAL,TOTAL,,combined,football,22565000000,902600000,902600000,,,21662400000,60925500,,0.04,31,False,False,NV_2011_12_gri.pdf,,,,4,,https://www.gaming.nv.gov/uploadedFiles/gamingnvgov/content/about/gaming-revenue/2011Dec-gri.pdf,https://www.gaming.nv.gov/about-us/gaming-revenue-information-gri/,NV/screenshots/NV_2011_12_NV_2011_12_gri_p1.png,"FOOTBALL | 183 183 9,026 0.80 4.00 | 183 183 45,895 54.75 5.62 | 183 183 44,279 -21.53 3.30 |",,2026-04-08T18:38:14.579641
NV,2011-12-01,2011-12-31,monthly,ALL,TOTAL,TOTAL,,combined,basketball,6775784753,453300000,453300000,,,6322484753,30597750,,0.0669000000035863,31,False,False,NV_2011_12_gri.pdf,,,,4,,https://www.gaming.nv.gov/uploadedFiles/gamingnvgov/content/about/gaming-revenue/2011Dec-gri.pdf,https://www.gaming.nv.gov/about-us/gaming-revenue-information-gri/,NV/screenshots/NV_2011_12_NV_2011_12_gri_p1.png,"BASKETBALL | 181 181 4,533 128.97 6.69 | 181 181 8,246 -21.84 7.78 | 181 181 48,818 24.02 6.62 |",,2026-04-08T18:38:14.579641
NV,2011-12-01,2011-12-31,monthly,ALL,TOTAL,TOTAL,,combined,baseball,641868,-132800000,-132800000,,,133441868,,,-206.89612194407573,31,False,False,NV_2011_12_gri.pdf,,,,4,,https://www.gaming.nv.gov/uploadedFiles/gamingnvgov/content/about/gaming-revenue/2011Dec-gri.pdf,https://www.gaming.nv.gov/about-us/gaming-revenue-information-gri/,NV/screenshots/NV_2011_12_NV_2011_12_gri_p1.png,"BASEBALL | 16 16 -1,328 25.51-20689.61 | 16 16 -3,543 -2717.04 -8.51 | 16 16 19,642 -13.19 3.52 |",,2026-04-08T18:38:14.579641
NV,2011-12-01,2011-12-31,monthly,ALL,TOTAL,TOTAL,,combined,parlay,1060756076,235700000,235700000,,,825056076,15909750,,0.2221999999177945,31,False,False,NV_2011_12_gri.pdf,,,,4,,https://www.gaming.nv.gov/uploadedFiles/gamingnvgov/content/about/gaming-revenue/2011Dec-gri.pdf,https://www.gaming.nv.gov/about-us/gaming-revenue-information-gri/,NV/screenshots/NV_2011_12_NV_2011_12_gri_p1.png,"SPORTS PARLAY CARDS | 180 180 2,357 18.90 22.22 | 180 180 10,824 3.07 25.62 | 180 180 17,600 -7.35 28.10 |",,2026-04-08T18:38:14.579641
NV,2011-12-01,2011-12-31,monthly,ALL,TOTAL,TOTAL,,combined,other,1729729730,-6400000,-6400000,,,1736129730,,,-0.003699999999421875,31,False,False,NV_2011_12_gri.pdf,,,,4,,https://www.gaming.nv.gov/uploadedFiles/gamingnvgov/content/about/gaming-revenue/2011Dec-gri.pdf,https://www.gaming.nv.gov/about-us/gaming-revenue-information-gri/,NV/screenshots/NV_2011_12_NV_2011_12_gri_p1.png,"OTHER | -64 -113.00 -0.37 | 3,563 11.88 6.43 | 10,391 -24.04 5.79 |",,2026-04-08T18:38:14.579641
NV,2012-01-01,2012-01-31,monthly,ALL,TOTAL,TOTAL,,combined,,34548344371,2608400000,2608400000,,,31939944371,176067000,,0.07549999999969607,31,False,False,NV_2012_01_gri.pdf,,,,4,,https://www.gaming.nv.gov/uploadedFiles/gamingnvgov/content/about/gaming-revenue/2012Jan-gri.pdf,https://www.gaming.nv.gov/about-us/gaming-revenue-information-gri/,NV/screenshots/NV_2012_01_NV_2012_01_gri_p1.png,"SPORTS POOL (2) | 186 187 26,084 68.88 7.55 | 186 185 57,793 72.36 5.70 | 190 184 151,370 0.12 5.16 |",,2026-04-08T18:38:16.428245
NV,2012-01-01,2012-01-31,monthly,ALL,TOTAL,TOTAL,,combined,football,20463446475,1567500000,1567500000,,,18895946475,105806250,,0.07660000000073301,31,False,False,NV_2012_01_gri.pdf,,,,4,,https://www.gaming.nv.gov/uploadedFiles/gamingnvgov/content/about/gaming-revenue/2012Jan-gri.pdf,https://www.gaming.nv.gov/about-us/gaming-revenue-information-gri/,NV/screenshots/NV_2012_01_NV_2012_01_gri_p1.png,"FOOTBALL | 186 186 15,675 180.40 7.66 | 186 186 35,046 190.50 4.99 | 186 186 54,389 -6.00 3.97 |",,2026-04-08T18:38:16.428245
NV,2012-01-01,2012-01-31,monthly,ALL,TOTAL,TOTAL,,combined,basketball,12420995671,1147700000,1147700000,,,11273295671,77469750,,0.0923999999999678,31,False,False,NV_2012_01_gri.pdf,,,,4,,https://www.gaming.nv.gov/uploadedFiles/gamingnvgov/content/about/gaming-revenue/2012Jan-gri.pdf,https://www.gaming.nv.gov/about-us/gaming-revenue-information-gri/,NV/screenshots/NV_2012_01_NV_2012_01_gri_p1.png,"BASKETBALL | 181 181 11,477 27.20 9.24 | 181 181 19,803 9.38 8.61 | 181 181 51,293 32.21 6.74 |",,2026-04-08T18:38:16.428245
NV,2012-01-01,2012-01-31,monthly,ALL,TOTAL,TOTAL,,combined,baseball,1366759,-55500000,-55500000,,,56866759,,,-40.60701264816987,31,False,False,NV_2012_01_gri.pdf,,,,4,,https://www.gaming.nv.gov/uploadedFiles/gamingnvgov/content/about/gaming-revenue/2012Jan-gri.pdf,https://www.gaming.nv.gov/about-us/gaming-revenue-information-gri/,NV/screenshots/NV_2012_01_NV_2012_01_gri_p1.png,"BASEBALL | 15 15 -555 9.64 -4060.70 | 15 15 -5,681 -52.85 | 15 15 19,701 -11.81 3.53 |",,2026-04-08T18:38:16.428245
NV,2012-01-01,2012-01-31,monthly,ALL,TOTAL,TOTAL,,combined,parlay,515653775,-28000000,-28000000,,,543653775,,,-0.0543000000339375,31,False,False,NV_2012_01_gri.pdf,,,,4,,https://www.gaming.nv.gov/uploadedFiles/gamingnvgov/content/about/gaming-revenue/2012Jan-gri.pdf,https://www.gaming.nv.gov/about-us/gaming-revenue-information-gri/,NV/screenshots/NV_2012_01_NV_2012_01_gri_p1.png,"SPORTS PARLAY CARDS | 181 181 -280 -126.34 -5.43 | 181 181 6,240 44.57 21.43 | 181 181 16,266 -11.12 25.84 |",,2026-04-08T18:38:16.428245
NV,2012-01-01,2012-01-31,monthly,ALL,TOTAL,TOTAL,,combined,other,1120772947,-23200000,-23200000,,,1143972947,,,-0.0206999999974125,31,False,False,NV_2012_01_gri.pdf,,,,4,,https://www.gaming.nv.gov/uploadedFiles/gamingnvgov/content/about/gaming-revenue/2012Jan-gri.pdf,https://www.gaming.nv.gov/about-us/gaming-revenue-information-gri/,NV/screenshots/NV_2012_01_NV_2012_01_gri_p1.png,"OTHER | -232 -160.80 -2.07 | 2,386 -13.65 4.56 | 9,722 -30.05 5.37 |",,2026-04-08T18:38:16.428245
NV,2012-02-01,2012-02-29,monthly,ALL,TOTAL,TOTAL,,combined,,26524249423,1148500000,1148500000,,,25375749423,77523750,,0.04329999999940055,29,False,False,NV_2012_02_gri.pdf,,,,4,,https://www.gaming.nv.gov/uploadedFiles/gamingnvgov/content/about/gaming-revenue/2012Feb-gri.pdf,https://www.gaming.nv.gov/about-us/gaming-revenue-information-gri/,NV/screenshots/NV_2012_02_NV_2012_02_gri_p1.png,"SPORTS POOL (2) | 186 187 11,485 160.35 4.33 | 187 185 52,093 65.45 5.59 | 191 185 158,444 9.30 5.32 |",,2026-04-08T18:38:18.247988
NV,2012-02-01,2012-02-29,monthly,ALL,TOTAL,TOTAL,,combined,football,9044198895,163700000,163700000,,,8880498895,11049750,,0.018100000000055284,29,False,False,NV_2012_02_gri.pdf,,,,4,,https://www.gaming.nv.gov/uploadedFiles/gamingnvgov/content/about/gaming-revenue/2012Feb-gri.pdf,https://www.gaming.nv.gov/about-us/gaming-revenue-information-gri/,NV/screenshots/NV_2012_02_NV_2012_02_gri_p1.png,"FOOTBALL | 185 185 1,637 136.32 1.81 | 185 185 26,364 162.66 5.06 | 185 185 60,535 20.76 4.40 |",,2026-04-08T18:38:18.247988
NV,2012-02-01,2012-02-29,monthly,ALL,TOTAL,TOTAL,,combined,basketball,15643564356,790000000,790000000,,,14853564356,53325000,,0.05050000000140633,29,False,False,NV_2012_02_gri.pdf,,,,4,,https://www.gaming.nv.gov/uploadedFiles/gamingnvgov/content/about/gaming-revenue/2012Feb-gri.pdf,https://www.gaming.nv.gov/about-us/gaming-revenue-information-gri/,NV/screenshots/NV_2012_02_NV_2012_02_gri_p1.png,"BASKETBALL | 183 183 7,900 14.05 5.05 | 183 183 23,929 33.47 6.87 | 183 183 52,266 29.32 6.51 |",,2026-04-08T18:38:18.247988
NV,2012-02-01,2012-02-29,monthly,ALL,TOTAL,TOTAL,,combined,baseball,7289700,-13900000,-13900000,,,21189700,,,-1.9068000054871943,29,False,False,NV_2012_02_gri.pdf,,,,4,,https://www.gaming.nv.gov/uploadedFiles/gamingnvgov/content/about/gaming-revenue/2012Feb-gri.pdf,https://www.gaming.nv.gov/about-us/gaming-revenue-information-gri/,NV/screenshots/NV_2012_02_NV_2012_02_gri_p1.png,"BASEBALL | 16 16 -139 11.61 -190.68 | 16 16 -2,022 20.84 | 16 16 19,719 -11.38 3.55 |",,2026-04-08T18:38:18.247988
NV,2012-02-01,2012-02-29,monthly,ALL,TOTAL,TOTAL,,combined,parlay,227726809,111700000,111700000,,,116026809,7539750,,0.4905000008145725,29,False,False,NV_2012_02_gri.pdf,,,,4,,https://www.gaming.nv.gov/uploadedFiles/gamingnvgov/content/about/gaming-revenue/2012Feb-gri.pdf,https://www.gaming.nv.gov/about-us/gaming-revenue-information-gri/,NV/screenshots/NV_2012_02_NV_2012_02_gri_p1.png,"SPORTS PARLAY CARDS | 173 173 1,117 25.10 49.05 | 173 173 3,205 -18.67 17.74 | 173 173 16,490 -12.26 26.17 |",,2026-04-08T18:38:18.247988
NV,2012-02-01,2012-02-29,monthly,ALL,TOTAL,TOTAL,,combined,other,1627516779,97000000,97000000,,,1530516779,6547500,,0.059599999982550105,29,False,False,NV_2012_02_gri.pdf,,,,4,,https://www.gaming.nv.gov/uploadedFiles/gamingnvgov/content/about/gaming-revenue/2012Feb-gri.pdf,https://www.gaming.nv.gov/about-us/gaming-revenue-information-gri/,NV/screenshots/NV_2012_02_NV_2012_02_gri_p1.png,"OTHER | 970 -22.84 5.96 | 617 -71.08 1.39 | 9,434 -29.47 5.20 |",,2026-04-08T18:38:18.247988
NV,2012-03-01,2012-03-31,monthly,ALL,TOTAL,TOTAL,,combined,,31342612420,1463700000,1463700000,,,29878912420,98799750,,0.04669999999955332,31,False,False,NV_2012_03_gri.pdf,,,,4,,https://www.gaming.nv.gov/uploadedFiles/gamingnvgov/content/about/gaming-revenue/2012Mar-gri.pdf,https://www.gaming.nv.gov/about-us/gaming-revenue-information-gri/,NV/screenshots/NV_2012_03_NV_2012_03_gri_p1.png,"SPORTS POOL (2) | 182 183 14,637 32.24 4.67 | 186 184 52,208 68.82 5.65 | 190 183 162,014 13.82 5.37 |",,2026-04-08T18:38:20.085407
NV,2012-03-01,2012-03-31,monthly,ALL,TOTAL,TOTAL,,combined,football,24786589,-864700000,-864700000,,,889486589,,,-34.8858005431889,31,False,False,NV_2012_03_gri.pdf,,,,4,,https://www.gaming.nv.gov/uploadedFiles/gamingnvgov/content/about/gaming-revenue/2012Mar-gri.pdf,https://www.gaming.nv.gov/about-us/gaming-revenue-information-gri/,NV/screenshots/NV_2012_03_NV_2012_03_gri_p1.png,"FOOTBALL | 88 88 -8,647 7.60 -3488.58 | 88 88 8,667 204.74 2.93 | 88 88 61,272 24.53 4.45 |",,2026-04-08T18:38:20.085407
NV,2012-03-01,2012-03-31,monthly,ALL,TOTAL,TOTAL,,combined,basketball,28866035183,2133200000,2133200000,,,26732835183,143991000,,0.07389999999917897,31,False,False,NV_2012_03_gri.pdf,,,,4,,https://www.gaming.nv.gov/uploadedFiles/gamingnvgov/content/about/gaming-revenue/2012Mar-gri.pdf,https://www.gaming.nv.gov/about-us/gaming-revenue-information-gri/,NV/screenshots/NV_2012_03_NV_2012_03_gri_p1.png,"BASKETBALL | 179 179 21,332 13.60 7.39 | 179 179 40,709 17.22 7.15 | 179 179 54,840 39.51 6.57 |",,2026-04-08T18:38:20.085407
NV,2012-03-01,2012-03-31,monthly,ALL,TOTAL,TOTAL,,combined,baseball,373134328,-10000000,-10000000,,,383134328,,,-0.026800000025728,31,False,False,NV_2012_03_gri.pdf,,,,4,,https://www.gaming.nv.gov/uploadedFiles/gamingnvgov/content/about/gaming-revenue/2012Mar-gri.pdf,https://www.gaming.nv.gov/about-us/gaming-revenue-information-gri/,NV/screenshots/NV_2012_03_NV_2012_03_gri_p1.png,"BASEBALL | 179 179 -100 -114.84 -2.68 | 179 179 -794 -715.65 -20.81 | 179 179 18,945 -17.23 3.40 |",,2026-04-08T18:38:20.085407
NV,2012-03-01,2012-03-31,monthly,ALL,TOTAL,TOTAL,,combined,parlay,128543689,33100000,33100000,,,95443689,2234250,,0.2575000006418051,31,False,False,NV_2012_03_gri.pdf,,,,4,,https://www.gaming.nv.gov/uploadedFiles/gamingnvgov/content/about/gaming-revenue/2012Mar-gri.pdf,https://www.gaming.nv.gov/about-us/gaming-revenue-information-gri/,NV/screenshots/NV_2012_03_NV_2012_03_gri_p1.png,"SPORTS PARLAY CARDS | 121 121 331 -43.23 25.75 | 121 121 1,167 -54.05 13.38 | 121 121 16,249 -13.45 25.82 |",,2026-04-08T18:38:20.085407
NV,2012-03-01,2012-03-31,monthly,ALL,TOTAL,TOTAL,,combined,other,1940248027,172100000,172100000,,,1768148027,11616750,,0.08870000000262852,31,False,False,NV_2012_03_gri.pdf,,,,4,,https://www.gaming.nv.gov/uploadedFiles/gamingnvgov/content/about/gaming-revenue/2012Mar-gri.pdf,https://www.gaming.nv.gov/about-us/gaming-revenue-information-gri/,NV/screenshots/NV_2012_03_NV_2012_03_gri_p1.png,"OTHER | 1,721 338.97 8.87 | 2,458 21.05 5.24 | 10,707 -11.96 5.78 |",,2026-04-08T18:38:20.085407
NV,2012-04-01,2012-04-30,monthly,ALL,TOTAL,TOTAL,,combined,,16105960265,486400000,486400000,,,15619560265,32832000,,0.030199999999813733,30,False,False,NV_2012_04_gri.pdf,,,,4,,https://www.gaming.nv.gov/uploadedFiles/gamingnvgov/content/about/gaming-revenue/2012Apr-gri.pdf,https://www.gaming.nv.gov/about-us/gaming-revenue-information-gri/,NV/screenshots/NV_2012_04_NV_2012_04_gri_p1.png,"SPORTS POOL (2) | 184 185 4,864 -50.71 3.02 | 186 184 30,988 22.25 4.19 | 190 183 157,009 3.37 5.20 |",,2026-04-08T18:38:22.106536
NV,2012-04-01,2012-04-30,monthly,ALL,TOTAL,TOTAL,,combined,football,8861694,-337300000,-337300000,,,346161694,,,-38.062699975873684,30,False,False,NV_2012_04_gri.pdf,,,,4,,https://www.gaming.nv.gov/uploadedFiles/gamingnvgov/content/about/gaming-revenue/2012Apr-gri.pdf,https://www.gaming.nv.gov/about-us/gaming-revenue-information-gri/,NV/screenshots/NV_2012_04_NV_2012_04_gri_p1.png,"FOOTBALL | 91 91 -3,373 14.41 -3806.27 | 91 91 -10,380 41.71 -11.41 | 91 91 61,840 28.53 4.49 |",,2026-04-08T18:38:22.106536
NV,2012-04-01,2012-04-30,monthly,ALL,TOTAL,TOTAL,,combined,basketball,6988571429,-122300000,-122300000,,,7110871429,,,-0.01749999999892682,30,False,False,NV_2012_04_gri.pdf,,,,4,,https://www.gaming.nv.gov/uploadedFiles/gamingnvgov/content/about/gaming-revenue/2012Apr-gri.pdf,https://www.gaming.nv.gov/about-us/gaming-revenue-information-gri/,NV/screenshots/NV_2012_04_NV_2012_04_gri_p1.png,"BASKETBALL | 184 184 -1,223 -128.58 -1.75 | 184 184 28,009 -6.59 5.44 | 184 184 49,336 5.58 5.97 |",,2026-04-08T18:38:22.106536
NV,2012-04-01,2012-04-30,monthly,ALL,TOTAL,TOTAL,,combined,baseball,7097251586,671400000,671400000,,,6425851586,45319500,,0.09459999999498397,30,False,False,NV_2012_04_gri.pdf,,,,4,,https://www.gaming.nv.gov/uploadedFiles/gamingnvgov/content/about/gaming-revenue/2012Apr-gri.pdf,https://www.gaming.nv.gov/about-us/gaming-revenue-information-gri/,NV/screenshots/NV_2012_04_NV_2012_04_gri_p1.png,"BASEBALL | 179 179 6,714 -8.00 9.46 | 179 179 6,476 -17.14 8.66 | 179 179 18,362 -28.63 3.26 |",,2026-04-08T18:38:22.106536
NV,2012-04-01,2012-04-30,monthly,ALL,TOTAL,TOTAL,,combined,parlay,23871907,8200000,8200000,,,15671907,553500,,0.3434999977169817,30,False,False,NV_2012_04_gri.pdf,,,,4,,https://www.gaming.nv.gov/uploadedFiles/gamingnvgov/content/about/gaming-revenue/2012Apr-gri.pdf,https://www.gaming.nv.gov/about-us/gaming-revenue-information-gri/,NV/screenshots/NV_2012_04_NV_2012_04_gri_p1.png,"SPORTS PARLAY CARDS | 80 80 82 -33.87 34.35 | 80 80 1,529 -4.34 40.26 | 80 80 16,207 -14.02 25.76 |",,2026-04-08T18:38:22.106536
NV,2012-04-01,2012-04-30,monthly,ALL,TOTAL,TOTAL,,combined,other,1995505618,266400000,266400000,,,1729105618,17982000,,0.13349999999849663,30,False,False,NV_2012_04_gri.pdf,,,,4,,https://www.gaming.nv.gov/uploadedFiles/gamingnvgov/content/about/gaming-revenue/2012Apr-gri.pdf,https://www.gaming.nv.gov/about-us/gaming-revenue-information-gri/,NV/screenshots/NV_2012_04_NV_2012_04_gri_p1.png,"OTHER | 2,664 26.40 13.35 | 5,355 42.54 9.63 | 11,264 -9.66 5.95 |",,2026-04-08T18:38:22.106536
NV,2012-05-01,2012-05-31,monthly,ALL,TOTAL,TOTAL,,combined,,18304597701,955500000,955500000,,,17349097701,64496250,,0.05220000000042612,31,False,False,NV_2012_05_gri.pdf,,,,4,,https://www.gaming.nv.gov/uploadedFiles/gamingnvgov/content/about/gaming-revenue/2012May-gri.pdf,https://www.gaming.nv.gov/about-us/gaming-revenue-information-gri/,NV/screenshots/NV_2012_05_NV_2012_05_gri_p1.png,"SPORTS POOL (2) | 181 182 9,555 -7.33 5.22 | 184 183 29,056 -7.02 4.42 | 189 183 156,250 -1.39 5.12 |",,2026-04-08T18:38:23.874603
NV,2012-05-01,2012-05-31,monthly,ALL,TOTAL,TOTAL,,combined,football,14435010,-223900000,-223900000,,,238335010,,,-15.510900234914974,31,False,False,NV_2012_05_gri.pdf,,,,4,,https://www.gaming.nv.gov/uploadedFiles/gamingnvgov/content/about/gaming-revenue/2012May-gri.pdf,https://www.gaming.nv.gov/about-us/gaming-revenue-information-gri/,NV/screenshots/NV_2012_05_NV_2012_05_gri_p1.png,"FOOTBALL | 94 94 -2,239 -57.62 -1551.09 | 94 94 -14,258 3.13 | 94 94 61,020 25.46 4.43 |",,2026-04-08T18:38:23.874603
NV,2012-05-01,2012-05-31,monthly,ALL,TOTAL,TOTAL,,combined,basketball,7510166359,406300000,406300000,,,7103866359,27425250,,0.05409999999708395,31,False,False,NV_2012_05_gri.pdf,,,,4,,https://www.gaming.nv.gov/uploadedFiles/gamingnvgov/content/about/gaming-revenue/2012May-gri.pdf,https://www.gaming.nv.gov/about-us/gaming-revenue-information-gri/,NV/screenshots/NV_2012_05_NV_2012_05_gri_p1.png,"BASKETBALL | 178 178 4,063 -19.33 5.41 | 178 178 24,172 -13.96 5.58 | 178 178 48,362 -7.61 5.70 |",,2026-04-08T18:38:23.874603
NV,2012-05-01,2012-05-31,monthly,ALL,TOTAL,TOTAL,,combined,baseball,8688783570,550000000,550000000,,,8138783570,37125000,,0.06330000000218673,31,False,False,NV_2012_05_gri.pdf,,,,4,,https://www.gaming.nv.gov/uploadedFiles/gamingnvgov/content/about/gaming-revenue/2012May-gri.pdf,https://www.gaming.nv.gov/about-us/gaming-revenue-information-gri/,NV/screenshots/NV_2012_05_NV_2012_05_gri_p1.png,"BASEBALL | 179 179 5,500 -4.00 6.33 | 179 179 12,115 -11.58 7.50 | 179 179 18,133 -32.82 3.14 |",,2026-04-08T18:38:23.874603
NV,2012-05-01,2012-05-31,monthly,ALL,TOTAL,TOTAL,,combined,parlay,18893387,9800000,9800000,,,9093387,661500,,0.5187000086326501,31,False,False,NV_2012_05_gri.pdf,,,,4,,https://www.gaming.nv.gov/uploadedFiles/gamingnvgov/content/about/gaming-revenue/2012May-gri.pdf,https://www.gaming.nv.gov/about-us/gaming-revenue-information-gri/,NV/screenshots/NV_2012_05_NV_2012_05_gri_p1.png,"SPORTS PARLAY CARDS | 81 81 98 -17.93 51.87 | 81 81 510 -38.17 29.83 | 81 81 16,185 -14.26 25.72 |",,2026-04-08T18:38:23.874603
NV,2012-05-01,2012-05-31,monthly,ALL,TOTAL,TOTAL,,combined,other,2093228656,213300000,213300000,,,1879928656,14397750,,0.10189999997783329,31,False,False,NV_2012_05_gri.pdf,,,,4,,https://www.gaming.nv.gov/uploadedFiles/gamingnvgov/content/about/gaming-revenue/2012May-gri.pdf,https://www.gaming.nv.gov/about-us/gaming-revenue-information-gri/,NV/screenshots/NV_2012_05_NV_2012_05_gri_p1.png,"OTHER | 2,133 152.02 10.19 | 6,518 94.79 10.81 | 12,549 8.08 6.63 |",,2026-04-08T18:38:23.874603
NV,2012-06-01,2012-06-30,monthly,ALL,TOTAL,TOTAL,,combined,,18525274725,842900000,842900000,,,17682374725,56895750,,0.04550000000067475,30,False,False,NV_2012_06_gri.pdf,,,,4,,https://www.gaming.nv.gov/uploadedFiles/gamingnvgov/content/about/gaming-revenue/2012Jun-gri.pdf,https://www.gaming.nv.gov/about-us/gaming-revenue-information-gri/,NV/screenshots/NV_2012_06_NV_2012_06_gri_p1.png,"SPORTS POOL (2) | 184 185 8,429 95.25 4.55 | 186 184 22,848 -6.73 4.32 | 190 183 160,362 4.18 5.16 |",,2026-04-08T18:38:25.713530
NV,2012-06-01,2012-06-30,monthly,ALL,TOTAL,TOTAL,,combined,football,112146051,-30100000,-30100000,,,142246051,,,-0.2683999992117422,30,False,False,NV_2012_06_gri.pdf,,,,4,,https://www.gaming.nv.gov/uploadedFiles/gamingnvgov/content/about/gaming-revenue/2012Jun-gri.pdf,https://www.gaming.nv.gov/about-us/gaming-revenue-information-gri/,NV/screenshots/NV_2012_06_NV_2012_06_gri_p1.png,"FOOTBALL | 141 141 -301 19.90 -26.84 | 141 141 -5,913 -3.07 -436.73 | 141 141 61,095 25.86 4.44 |",,2026-04-08T18:38:25.713530
NV,2012-06-01,2012-06-30,monthly,ALL,TOTAL,TOTAL,,combined,basketball,4519867550,136500000,136500000,,,4383367550,9213750,,0.030199999997787545,30,False,False,NV_2012_06_gri.pdf,,,,4,,https://www.gaming.nv.gov/uploadedFiles/gamingnvgov/content/about/gaming-revenue/2012Jun-gri.pdf,https://www.gaming.nv.gov/about-us/gaming-revenue-information-gri/,NV/screenshots/NV_2012_06_NV_2012_06_gri_p1.png,"BASKETBALL | 182 182 1,365 295.08 3.02 | 182 182 4,205 -51.20 2.21 | 182 182 50,428 -1.27 5.80 |",,2026-04-08T18:38:25.713530
NV,2012-06-01,2012-06-30,monthly,ALL,TOTAL,TOTAL,,combined,baseball,11180371353,421500000,421500000,,,10758871353,28451250,,0.037699999999275514,30,False,False,NV_2012_06_gri.pdf,,,,4,,https://www.gaming.nv.gov/uploadedFiles/gamingnvgov/content/about/gaming-revenue/2012Jun-gri.pdf,https://www.gaming.nv.gov/about-us/gaming-revenue-information-gri/,NV/screenshots/NV_2012_06_NV_2012_06_gri_p1.png,"BASEBALL | 179 179 4,215 8.23 3.77 | 179 179 16,430 -2.91 6.09 | 179 179 18,453 -30.19 3.08 |",,2026-04-08T18:38:25.713530
NV,2012-06-01,2012-06-30,monthly,ALL,TOTAL,TOTAL,,combined,parlay,16653605,8500000,8500000,,,8153605,573750,,0.5104000004803765,30,False,False,NV_2012_06_gri.pdf,,,,4,,https://www.gaming.nv.gov/uploadedFiles/gamingnvgov/content/about/gaming-revenue/2012Jun-gri.pdf,https://www.gaming.nv.gov/about-us/gaming-revenue-information-gri/,NV/screenshots/NV_2012_06_NV_2012_06_gri_p1.png,"SPORTS PARLAY CARDS | 78 78 85 3.57 51.04 | 78 78 264 -18.56 44.62 | 78 78 16,188 -14.21 25.71 |",,2026-04-08T18:38:25.713530
NV,2012-06-01,2012-06-30,monthly,ALL,TOTAL,TOTAL,,combined,other,2687719298,306400000,306400000,,,2381319298,20682000,,0.11400000001041775,30,False,False,NV_2012_06_gri.pdf,,,,4,,https://www.gaming.nv.gov/uploadedFiles/gamingnvgov/content/about/gaming-revenue/2012Jun-gri.pdf,https://www.gaming.nv.gov/about-us/gaming-revenue-information-gri/,NV/screenshots/NV_2012_06_NV_2012_06_gri_p1.png,"OTHER | 3,064 116.49 11.40 | 7,861 79.92 11.60 | 14,198 57.68 7.10 |",,2026-04-08T18:38:25.713530
NV,2012-07-01,2012-07-31,monthly,ALL,TOTAL,TOTAL,,combined,,14463104326,568400000,568400000,,,13894704326,38367000,,0.03929999999918413,31,False,False,NV_2012_07_gri.pdf,,,,4,,https://www.gaming.nv.gov/uploadedFiles/gamingnvgov/content/about/gaming-revenue/2012Jul-gri.pdf,https://www.gaming.nv.gov/about-us/gaming-revenue-information-gri/,NV/screenshots/NV_2012_07_NV_2012_07_gri_p1.png,"SPORTS POOL (2) | 182 183 5,684 903.79 3.93 | 185 183 23,667 70.02 4.61 | 189 182 166,752 10.77 5.33 |",,2026-04-08T18:38:27.550381
NV,2012-07-01,2012-07-31,monthly,ALL,TOTAL,TOTAL,,combined,football,103783784,-19200000,-19200000,,,122983784,,,-0.18499999961458333,31,False,False,NV_2012_07_gri.pdf,,,,4,,https://www.gaming.nv.gov/uploadedFiles/gamingnvgov/content/about/gaming-revenue/2012Jul-gri.pdf,https://www.gaming.nv.gov/about-us/gaming-revenue-information-gri/,NV/screenshots/NV_2012_07_NV_2012_07_gri_p1.png,"FOOTBALL | 162 162 -192 -82.93 -18.50 | 162 162 -2,732 -43.70 -118.66 | 162 162 61,008 25.90 4.43 |",,2026-04-08T18:38:27.550381
NV,2012-07-01,2012-07-31,monthly,ALL,TOTAL,TOTAL,,combined,basketball,252040326,-157500000,-157500000,,,409540326,,,-0.6249000011212491,31,False,False,NV_2012_07_gri.pdf,,,,4,,https://www.gaming.nv.gov/uploadedFiles/gamingnvgov/content/about/gaming-revenue/2012Jul-gri.pdf,https://www.gaming.nv.gov/about-us/gaming-revenue-information-gri/,NV/screenshots/NV_2012_07_NV_2012_07_gri_p1.png,"BASKETBALL | 171 171 -1,575 -4.96 -62.49 | 171 171 3,853 35.88 3.14 | 171 171 50,353 -2.24 5.78 |",,2026-04-08T18:38:27.550381
NV,2012-07-01,2012-07-31,monthly,ALL,TOTAL,TOTAL,,combined,baseball,13153429603,728700000,728700000,,,12424729603,49187250,,0.05539999999952864,31,False,False,NV_2012_07_gri.pdf,,,,4,,https://www.gaming.nv.gov/uploadedFiles/gamingnvgov/content/about/gaming-revenue/2012Jul-gri.pdf,https://www.gaming.nv.gov/about-us/gaming-revenue-information-gri/,NV/screenshots/NV_2012_07_NV_2012_07_gri_p1.png,"BASEBALL | 178 178 7,287 5180.19 5.54 | 178 178 17,002 74.17 5.15 | 178 178 25,602 9.20 4.11 |",,2026-04-08T18:38:27.550381
NV,2012-07-01,2012-07-31,monthly,ALL,TOTAL,TOTAL,,combined,parlay,14159292,8000000,8000000,,,6159292,540000,,0.5650000014125,31,False,False,NV_2012_07_gri.pdf,,,,4,,https://www.gaming.nv.gov/uploadedFiles/gamingnvgov/content/about/gaming-revenue/2012Jul-gri.pdf,https://www.gaming.nv.gov/about-us/gaming-revenue-information-gri/,NV/screenshots/NV_2012_07_NV_2012_07_gri_p1.png,"SPORTS PARLAY CARDS | 122 122 80 -5.16 56.50 | 122 122 263 -7.99 52.92 | 122 122 16,183 -14.24 25.71 |",,2026-04-08T18:38:27.550381
NV,2012-07-01,2012-07-31,monthly,ALL,TOTAL,TOTAL,,combined,other,943181818,8300000,8300000,,,934881818,560250,,0.008800000001696385,31,False,False,NV_2012_07_gri.pdf,,,,4,,https://www.gaming.nv.gov/uploadedFiles/gamingnvgov/content/about/gaming-revenue/2012Jul-gri.pdf,https://www.gaming.nv.gov/about-us/gaming-revenue-information-gri/,NV/screenshots/NV_2012_07_NV_2012_07_gri_p1.png,"OTHER | 83 -87.65 0.88 | 5,281 79.81 9.22 | 13,606 64.67 6.90 |",,2026-04-08T18:38:27.550381
NV,2012-08-01,2012-08-31,monthly,ALL,TOTAL,TOTAL,,combined,,17550122249,717800000,717800000,,,16832322249,48451500,,0.040900000000905976,31,False,False,NV_2012_08_gri.pdf,,,,4,,https://www.gaming.nv.gov/uploadedFiles/gamingnvgov/content/about/gaming-revenue/2012Aug-gri.pdf,https://www.gaming.nv.gov/about-us/gaming-revenue-information-gri/,NV/screenshots/NV_2012_08_NV_2012_08_gri_p1.png,"SPORTS POOL (2) | 179 180 7,178 674.46 4.09 | 185 182 21,290 369.30 4.21 | 189 183 173,004 18.94 5.44 |",,2026-04-08T18:38:29.411603
NV,2012-08-01,2012-08-31,monthly,ALL,TOTAL,TOTAL,,combined,football,2505009276,675100000,675100000,,,1829909276,45569250,,0.2695000000471056,31,False,False,NV_2012_08_gri.pdf,,,,4,,https://www.gaming.nv.gov/uploadedFiles/gamingnvgov/content/about/gaming-revenue/2012Aug-gri.pdf,https://www.gaming.nv.gov/about-us/gaming-revenue-information-gri/,NV/screenshots/NV_2012_08_NV_2012_08_gri_p1.png,"FOOTBALL | 178 178 6,751 749.84 26.95 | 178 178 6,258 1893.60 23.00 | 178 178 66,964 42.22 4.83 |",,2026-04-08T18:38:29.411603
NV,2012-08-01,2012-08-31,monthly,ALL,TOTAL,TOTAL,,combined,basketball,78678868,-74800000,-74800000,,,153478868,,,-0.9507000024453834,31,False,False,NV_2012_08_gri.pdf,,,,4,,https://www.gaming.nv.gov/uploadedFiles/gamingnvgov/content/about/gaming-revenue/2012Aug-gri.pdf,https://www.gaming.nv.gov/about-us/gaming-revenue-information-gri/,NV/screenshots/NV_2012_08_NV_2012_08_gri_p1.png,"BASKETBALL | 164 164 -748 4.77 -95.07 | 164 164 -958 67.92 -1.98 | 164 164 50,391 -1.58 5.79 |",,2026-04-08T18:38:29.411603
NV,2012-08-01,2012-08-31,monthly,ALL,TOTAL,TOTAL,,combined,baseball,14533333333,152600000,152600000,,,14380733333,10300500,,0.010500000000240825,31,False,False,NV_2012_08_gri.pdf,,,,4,,https://www.gaming.nv.gov/uploadedFiles/gamingnvgov/content/about/gaming-revenue/2012Aug-gri.pdf,https://www.gaming.nv.gov/about-us/gaming-revenue-information-gri/,NV/screenshots/NV_2012_08_NV_2012_08_gri_p1.png,"BASEBALL | 178 178 1,526 -15.96 1.05 | 178 178 13,028 122.74 3.35 | 178 178 25,312 28.78 3.81 |",,2026-04-08T18:38:29.411603
NV,2012-08-01,2012-08-31,monthly,ALL,TOTAL,TOTAL,,combined,parlay,38478814,25700000,25700000,,,12778814,1734750,,0.6679000033628895,31,False,False,NV_2012_08_gri.pdf,,,,4,,https://www.gaming.nv.gov/uploadedFiles/gamingnvgov/content/about/gaming-revenue/2012Aug-gri.pdf,https://www.gaming.nv.gov/about-us/gaming-revenue-information-gri/,NV/screenshots/NV_2012_08_NV_2012_08_gri_p1.png,"SPORTS PARLAY CARDS | 162 162 257 61.88 66.79 | 162 162 422 29.76 60.91 | 162 162 16,282 -13.67 25.84 |",,2026-04-08T18:38:29.411603
NV,2012-08-01,2012-08-31,monthly,ALL,TOTAL,TOTAL,,combined,other,417009602,-60800000,-60800000,,,477809602,,,-0.14580000006810395,31,False,False,NV_2012_08_gri.pdf,,,,4,,https://www.gaming.nv.gov/uploadedFiles/gamingnvgov/content/about/gaming-revenue/2012Aug-gri.pdf,https://www.gaming.nv.gov/about-us/gaming-revenue-information-gri/,NV/screenshots/NV_2012_08_NV_2012_08_gri_p1.png,"OTHER | -608 42.47 -14.58 | 2,540 145.69 6.27 | 14,055 62.34 7.16 |",,2026-04-08T18:38:29.411603
NV,2012-09-01,2012-09-30,monthly,ALL,TOTAL,TOTAL,,combined,,42054373522,5336700000,5336700000,,,36717673522,360227250,,0.12690000000138393,30,False,False,NV_2012_09_gri.pdf,,,,4,,https://www.gaming.nv.gov/uploadedFiles/gamingnvgov/content/about/gaming-revenue/2012Sep-gri.pdf,https://www.gaming.nv.gov/about-us/gaming-revenue-information-gri/,NV/screenshots/NV_2012_09_NV_2012_09_gri_p1.png,"SPORTS POOL (2) | 182 183 53,367 165.43 12.69 | 183 181 66,228 225.84 8.94 | 188 183 206,265 59.26 6.33 |",,2026-04-08T18:38:31.193938
NV,2012-09-01,2012-09-30,monthly,ALL,TOTAL,TOTAL,,combined,football,31272465852,4350000000,4350000000,,,26922465852,293625000,,0.1390999999995779,30,False,False,NV_2012_09_gri.pdf,,,,4,,https://www.gaming.nv.gov/uploadedFiles/gamingnvgov/content/about/gaming-revenue/2012Sep-gri.pdf,https://www.gaming.nv.gov/about-us/gaming-revenue-information-gri/,NV/screenshots/NV_2012_09_NV_2012_09_gri_p1.png,"FOOTBALL | 181 181 43,500 271.58 13.91 | 181 181 50,058 303.82 14.77 | 181 181 98,757 252.17 6.80 |",,2026-04-08T18:38:31.193938
NV,2012-09-01,2012-09-30,monthly,ALL,TOTAL,TOTAL,,combined,basketball,148505531,-63100000,-63100000,,,211605531,,,-0.42489999917915516,30,False,False,NV_2012_09_gri.pdf,,,,4,,https://www.gaming.nv.gov/uploadedFiles/gamingnvgov/content/about/gaming-revenue/2012Sep-gri.pdf,https://www.gaming.nv.gov/about-us/gaming-revenue-information-gri/,NV/screenshots/NV_2012_09_NV_2012_09_gri_p1.png,"BASKETBALL | 167 167 -631 -30.15 -42.49 | 167 167 -2,954 -6.60 -61.65 | 167 167 50,244 -1.72 5.77 |",,2026-04-08T18:38:31.193938
NV,2012-09-01,2012-09-30,monthly,ALL,TOTAL,TOTAL,,combined,baseball,8315352697,200400000,200400000,,,8114952697,13527000,,0.024100000000276598,30,False,False,NV_2012_09_gri.pdf,,,,4,,https://www.gaming.nv.gov/uploadedFiles/gamingnvgov/content/about/gaming-revenue/2012Sep-gri.pdf,https://www.gaming.nv.gov/about-us/gaming-revenue-information-gri/,NV/screenshots/NV_2012_09_NV_2012_09_gri_p1.png,"BASEBALL | 180 180 2,004 -54.52 2.41 | 180 180 10,817 70.09 3.01 | 180 180 22,910 -0.64 3.39 |",,2026-04-08T18:38:31.193938
NV,2012-09-01,2012-09-30,monthly,ALL,TOTAL,TOTAL,,combined,parlay,1221891638,780300000,780300000,,,441591638,52670250,,0.6385999999780668,30,False,False,NV_2012_09_gri.pdf,,,,4,,https://www.gaming.nv.gov/uploadedFiles/gamingnvgov/content/about/gaming-revenue/2012Sep-gri.pdf,https://www.gaming.nv.gov/about-us/gaming-revenue-information-gri/,NV/screenshots/NV_2012_09_NV_2012_09_gri_p1.png,"SPORTS PARLAY CARDS | 173 173 7,803 112.74 63.86 | 173 173 8,141 108.12 63.87 | 173 173 20,417 18.17 31.73 |",,2026-04-08T18:38:31.193938
NV,2012-09-01,2012-09-30,monthly,ALL,TOTAL,TOTAL,,combined,other,1081377152,69100000,69100000,,,1012277152,4664250,,0.06389999998816324,30,False,False,NV_2012_09_gri.pdf,,,,4,,https://www.gaming.nv.gov/uploadedFiles/gamingnvgov/content/about/gaming-revenue/2012Sep-gri.pdf,https://www.gaming.nv.gov/about-us/gaming-revenue-information-gri/,NV/screenshots/NV_2012_09_NV_2012_09_gri_p1.png,"OTHER | 691 -14.73 6.39 | 166 -61.22 0.68 | 13,936 39.18 7.18 |",,2026-04-08T18:38:31.193938
NV,2012-10-01,2012-10-31,monthly,ALL,TOTAL,TOTAL,,combined,,39698224852,670900000,670900000,,,39027324852,45285750,,0.016900000000030228,31,False,False,NV_2012_10_gri.pdf,,,,4,,https://www.gaming.nv.gov/uploadedFiles/gamingnvgov/content/about/gaming-revenue/2012Oct-gri.pdf,https://www.gaming.nv.gov/about-us/gaming-revenue-information-gri/,NV/screenshots/NV_2012_10_NV_2012_10_gri_p1.png,"SPORTS POOL (2) | 182 183 6,709 -79.84 1.69 | 183 182 67,254 23.84 6.77 | 189 183 179,698 41.37 5.51 |",,2026-04-08T18:38:32.999656
NV,2012-10-01,2012-10-31,monthly,ALL,TOTAL,TOTAL,,combined,football,31489898990,-623500000,-623500000,,,32113398990,,,-0.019799999999936486,31,False,False,NV_2012_10_gri.pdf,,,,4,,https://www.gaming.nv.gov/uploadedFiles/gamingnvgov/content/about/gaming-revenue/2012Oct-gri.pdf,https://www.gaming.nv.gov/about-us/gaming-revenue-information-gri/,NV/screenshots/NV_2012_10_NV_2012_10_gri_p1.png,"FOOTBALL | 181 181 -6,235 -123.48 -1.98 | 181 181 44,016 12.72 6.75 | 181 181 65,973 110.06 4.56 |",,2026-04-08T18:38:32.999656
NV,2012-10-01,2012-10-31,monthly,ALL,TOTAL,TOTAL,,combined,basketball,761182714,200800000,200800000,,,560382714,13554000,,0.26380000006148324,31,False,False,NV_2012_10_gri.pdf,,,,4,,https://www.gaming.nv.gov/uploadedFiles/gamingnvgov/content/about/gaming-revenue/2012Oct-gri.pdf,https://www.gaming.nv.gov/about-us/gaming-revenue-information-gri/,NV/screenshots/NV_2012_10_NV_2012_10_gri_p1.png,"BASKETBALL | 180 180 2,008 3393.97 26.38 | 180 180 629 147.24 6.36 | 180 180 52,313 5.48 5.96 |",,2026-04-08T18:38:32.999656
NV,2012-10-01,2012-10-31,monthly,ALL,TOTAL,TOTAL,,combined,baseball,5881114130,865700000,865700000,,,5015414130,58434750,,0.1472000000108823,31,False,False,NV_2012_10_gri.pdf,,,,4,,https://www.gaming.nv.gov/uploadedFiles/gamingnvgov/content/about/gaming-revenue/2012Oct-gri.pdf,https://www.gaming.nv.gov/about-us/gaming-revenue-information-gri/,NV/screenshots/NV_2012_10_NV_2012_10_gri_p1.png,"BASEBALL | 181 181 8,657 446.76 14.72 | 181 181 12,187 56.15 4.24 | 181 181 29,984 38.40 4.33 |",,2026-04-08T18:38:32.999656
NV,2012-10-01,2012-10-31,monthly,ALL,TOTAL,TOTAL,,combined,parlay,1214934410,240800000,240800000,,,974134410,16254000,,0.19819999994896845,31,False,False,NV_2012_10_gri.pdf,,,,4,,https://www.gaming.nv.gov/uploadedFiles/gamingnvgov/content/about/gaming-revenue/2012Oct-gri.pdf,https://www.gaming.nv.gov/about-us/gaming-revenue-information-gri/,NV/screenshots/NV_2012_10_NV_2012_10_gri_p1.png,"SPORTS PARLAY CARDS | 172 172 2,408 -44.19 19.82 | 172 172 10,468 28.58 42.30 | 172 172 18,510 29.07 31.82 |",,2026-04-08T18:38:32.999656
NV,2012-10-01,2012-10-31,monthly,ALL,TOTAL,TOTAL,,combined,other,462093863,-12800000,-12800000,,,474893863,,,-0.027699999988963282,31,False,False,NV_2012_10_gri.pdf,,,,4,,https://www.gaming.nv.gov/uploadedFiles/gamingnvgov/content/about/gaming-revenue/2012Oct-gri.pdf,https://www.gaming.nv.gov/about-us/gaming-revenue-information-gri/,NV/screenshots/NV_2012_10_NV_2012_10_gri_p1.png,"OTHER | -128 -114.39 -2.77 | -45 -107.05 -0.23 | 12,918 27.92 7.00 |",,2026-04-08T18:38:32.999656
NV,2012-11-01,2012-11-30,monthly,ALL,TOTAL,TOTAL,,combined,,44672131148,-817500000,-817500000,,,45489631148,,,-0.018299999999811963,30,False,False,NV_2012_11_gri.pdf,,,,4,,https://www.gaming.nv.gov/uploadedFiles/gamingnvgov/content/about/gaming-revenue/2012Nov-gri.pdf,https://www.gaming.nv.gov/about-us/gaming-revenue-information-gri/,NV/screenshots/NV_2012_11_NV_2012_11_gri_p1.png,"SPORTS POOL (2) | 182 183 -8,175 -147.57 -1.83 | 185 183 51,901 -26.45 4.10 | 189 183 154,337 11.97 4.59 |",,2026-04-08T18:38:34.829312
NV,2012-11-01,2012-11-30,monthly,ALL,TOTAL,TOTAL,,combined,football,33700636943,-529100000,-529100000,,,34229736943,,,-0.01569999999984867,30,False,False,NV_2012_11_gri.pdf,,,,4,,https://www.gaming.nv.gov/uploadedFiles/gamingnvgov/content/about/gaming-revenue/2012Nov-gri.pdf,https://www.gaming.nv.gov/about-us/gaming-revenue-information-gri/,NV/screenshots/NV_2012_11_NV_2012_11_gri_p1.png,"FOOTBALL | 181 181 -5,291 -151.27 -1.57 | 181 181 31,974 -34.18 3.32 | 181 181 50,363 13.92 3.33 |",,2026-04-08T18:38:34.829312
NV,2012-11-01,2012-11-30,monthly,ALL,TOTAL,TOTAL,,combined,basketball,9347305389,156100000,156100000,,,9191205389,10536750,,0.016700000000395836,30,False,False,NV_2012_11_gri.pdf,,,,4,,https://www.gaming.nv.gov/uploadedFiles/gamingnvgov/content/about/gaming-revenue/2012Nov-gri.pdf,https://www.gaming.nv.gov/about-us/gaming-revenue-information-gri/,NV/screenshots/NV_2012_11_NV_2012_11_gri_p1.png,"BASKETBALL | 181 181 1,561 -58.63 1.67 | 181 181 2,938 -8.98 2.86 | 181 181 50,101 8.29 5.37 |",,2026-04-08T18:38:34.829312
NV,2012-11-01,2012-11-30,monthly,ALL,TOTAL,TOTAL,,combined,baseball,397438,-370600000,-370600000,,,370997438,,,-932.4724862745887,30,False,False,NV_2012_11_gri.pdf,,,,4,,https://www.gaming.nv.gov/uploadedFiles/gamingnvgov/content/about/gaming-revenue/2012Nov-gri.pdf,https://www.gaming.nv.gov/about-us/gaming-revenue-information-gri/,NV/screenshots/NV_2012_11_NV_2012_11_gri_p1.png,"BASEBALL | 20 20 -3,706 2.42-93247.22 | 20 20 6,955 217.43 4.90 | 20 20 30,076 56.75 4.34 |",,2026-04-08T18:38:34.829312
NV,2012-11-01,2012-11-30,monthly,ALL,TOTAL,TOTAL,,combined,parlay,1318611987,-125400000,-125400000,,,1444011987,,,-0.09510000002752894,30,False,False,NV_2012_11_gri.pdf,,,,4,,https://www.gaming.nv.gov/uploadedFiles/gamingnvgov/content/about/gaming-revenue/2012Nov-gri.pdf,https://www.gaming.nv.gov/about-us/gaming-revenue-information-gri/,NV/screenshots/NV_2012_11_NV_2012_11_gri_p1.png,"SPORTS PARLAY CARDS | 173 173 -1,254 -130.21 -9.51 | 173 173 8,957 -26.19 23.85 | 173 173 13,104 -23.93 22.58 |",,2026-04-08T18:38:34.829312
NV,2012-11-01,2012-11-30,monthly,ALL,TOTAL,TOTAL,,combined,other,496618357,51400000,51400000,,,445218357,3469500,,0.10350000010168775,30,False,False,NV_2012_11_gri.pdf,,,,4,,https://www.gaming.nv.gov/uploadedFiles/gamingnvgov/content/about/gaming-revenue/2012Nov-gri.pdf,https://www.gaming.nv.gov/about-us/gaming-revenue-information-gri/,NV/screenshots/NV_2012_11_NV_2012_11_gri_p1.png,"OTHER | 514 -81.23 10.35 | 1,076 -75.74 5.28 | 10,694 -2.35 6.46 |",,2026-04-08T18:38:34.829312
NV,2012-12-01,2012-12-31,monthly,ALL,TOTAL,TOTAL,,combined,,41205722071,3024500000,3024500000,,,38181222071,204153750,,0.07339999999972334,31,False,False,NV_2012_12_gri.pdf,,,,4,,https://www.gaming.nv.gov/uploadedFiles/gamingnvgov/content/about/gaming-revenue/2012Dec-gri.pdf,https://www.gaming.nv.gov/about-us/gaming-revenue-information-gri/,NV/screenshots/NV_2012_12_NV_2012_12_gri_p1.png,"SPORTS POOL (2) | 183 184 30,245 108.30 7.34 | 184 182 28,779 -55.71 2.29 | 189 182 170,062 20.84 4.93 |",,2026-04-08T18:38:36.705301
NV,2012-12-01,2012-12-31,monthly,ALL,TOTAL,TOTAL,,combined,football,28124223602,2716800000,2716800000,,,25407423602,183384000,,0.09660000000166405,31,False,False,NV_2012_12_gri.pdf,,,,4,,https://www.gaming.nv.gov/uploadedFiles/gamingnvgov/content/about/gaming-revenue/2012Dec-gri.pdf,https://www.gaming.nv.gov/about-us/gaming-revenue-information-gri/,NV/screenshots/NV_2012_12_NV_2012_12_gri_p1.png,"FOOTBALL | 182 182 27,168 199.38 9.66 | 182 182 15,643 -65.95 1.68 | 182 182 68,456 54.43 4.37 |",,2026-04-08T18:38:36.705301
NV,2012-12-01,2012-12-31,monthly,ALL,TOTAL,TOTAL,,combined,basketball,10990654206,235200000,235200000,,,10755454206,15876000,,0.021399999999235714,31,False,False,NV_2012_12_gri.pdf,,,,4,,https://www.gaming.nv.gov/uploadedFiles/gamingnvgov/content/about/gaming-revenue/2012Dec-gri.pdf,https://www.gaming.nv.gov/about-us/gaming-revenue-information-gri/,NV/screenshots/NV_2012_12_NV_2012_12_gri_p1.png,"BASKETBALL | 181 181 2,352 -48.56 2.14 | 181 181 5,921 -28.54 2.81 | 181 181 47,880 -2.00 4.91 |",,2026-04-08T18:38:36.705301
NV,2012-12-01,2012-12-31,monthly,ALL,TOTAL,TOTAL,,combined,baseball,95588777,-129800000,-129800000,,,225388777,,,-1.3578999969839556,31,False,False,NV_2012_12_gri.pdf,,,,4,,https://www.gaming.nv.gov/uploadedFiles/gamingnvgov/content/about/gaming-revenue/2012Dec-gri.pdf,https://www.gaming.nv.gov/about-us/gaming-revenue-information-gri/,NV/screenshots/NV_2012_12_NV_2012_12_gri_p1.png,"BASEBALL | 27 27 -1,298 2.26 -135.79 | 27 27 3,653 203.10 6.11 | 27 27 30,106 53.28 4.34 |",,2026-04-08T18:38:36.705301
NV,2012-12-01,2012-12-31,monthly,ALL,TOTAL,TOTAL,,combined,parlay,1078758046,284900000,284900000,,,793858046,19230750,,0.2641000000476474,31,False,False,NV_2012_12_gri.pdf,,,,4,,https://www.gaming.nv.gov/uploadedFiles/gamingnvgov/content/about/gaming-revenue/2012Dec-gri.pdf,https://www.gaming.nv.gov/about-us/gaming-revenue-information-gri/,NV/screenshots/NV_2012_12_NV_2012_12_gri_p1.png,"SPORTS PARLAY CARDS | 171 171 2,849 19.81 26.41 | 171 171 4,003 -63.09 11.08 | 171 171 13,575 -22.96 23.33 |",,2026-04-08T18:38:36.705301
NV,2012-12-01,2012-12-31,monthly,ALL,TOTAL,TOTAL,,combined,other,901746725,-82600000,-82600000,,,984346725,,,-0.09159999998891041,31,False,False,NV_2012_12_gri.pdf,,,,4,,https://www.gaming.nv.gov/uploadedFiles/gamingnvgov/content/about/gaming-revenue/2012Dec-gri.pdf,https://www.gaming.nv.gov/about-us/gaming-revenue-information-gri/,NV/screenshots/NV_2012_12_NV_2012_12_gri_p1.png,"OTHER | -826 -366.82 -9.16 | -440 -112.75 -2.37 | 10,045 -2.27 6.37 |",,2026-04-08T18:38:36.705301
NV,2013-01-01,2013-01-31,monthly,ALL,TOTAL,TOTAL,,combined,,34317991632,820200000,820200000,,,33497791632,55363500,,0.02389999999986013,31,False,False,NV_2013_01_gri.pdf,,,,4,,https://www.gaming.nv.gov/uploadedFiles/gamingnvgov/content/about/gaming-revenue/2013Jan-gri.pdf,https://www.gaming.nv.gov/about-us/gaming-revenue-information-gri/,NV/screenshots/NV_2013_01_NV_2013_01_gri_p1.png,"SPORTS POOL (2) | 183 184 8,202 -68.55 2.39 | 183 182 30,271 -47.62 2.52 | 189 183 152,181 0.54 4.41 |",,2026-04-08T18:38:38.477802
NV,2013-01-01,2013-01-31,monthly,ALL,TOTAL,TOTAL,,combined,football,17712538226,-579200000,-579200000,,,18291738226,,,-0.03270000000055328,31,False,False,NV_2013_01_gri.pdf,,,,4,,https://www.gaming.nv.gov/uploadedFiles/gamingnvgov/content/about/gaming-revenue/2013Jan-gri.pdf,https://www.gaming.nv.gov/about-us/gaming-revenue-information-gri/,NV/screenshots/NV_2013_01_NV_2013_01_gri_p1.png,"FOOTBALL | 182 182 -5,792 -136.95 -3.27 | 182 182 16,085 -54.13 2.03 | 182 182 46,990 -13.64 3.05 |",,2026-04-08T18:38:38.477802
NV,2013-01-01,2013-01-31,monthly,ALL,TOTAL,TOTAL,,combined,basketball,15364537445,1395100000,1395100000,,,13969437445,94169250,,0.09079999999960948,31,False,False,NV_2013_01_gri.pdf,,,,4,,https://www.gaming.nv.gov/uploadedFiles/gamingnvgov/content/about/gaming-revenue/2013Jan-gri.pdf,https://www.gaming.nv.gov/about-us/gaming-revenue-information-gri/,NV/screenshots/NV_2013_01_NV_2013_01_gri_p1.png,"BASKETBALL | 181 181 13,951 21.56 9.08 | 181 181 17,864 -9.88 5.00 | 181 181 50,354 -1.87 5.01 |",,2026-04-08T18:38:38.477802
NV,2013-01-01,2013-01-31,monthly,ALL,TOTAL,TOTAL,,combined,baseball,97142857,-71400000,-71400000,,,168542857,,,-0.7350000010808824,31,False,False,NV_2013_01_gri.pdf,,,,4,,https://www.gaming.nv.gov/uploadedFiles/gamingnvgov/content/about/gaming-revenue/2013Jan-gri.pdf,https://www.gaming.nv.gov/about-us/gaming-revenue-information-gri/,NV/screenshots/NV_2013_01_NV_2013_01_gri_p1.png,"BASEBALL | 20 20 -714 -28.80 -73.50 | 20 20 -5,719 -0.66 -295.95 | 20 20 29,946 52.00 4.31 |",,2026-04-08T18:38:38.477802
NV,2013-01-01,2013-01-31,monthly,ALL,TOTAL,TOTAL,,combined,parlay,360915493,20500000,20500000,,,340415493,1383750,,0.056799999993350246,31,False,False,NV_2013_01_gri.pdf,,,,4,,https://www.gaming.nv.gov/uploadedFiles/gamingnvgov/content/about/gaming-revenue/2013Jan-gri.pdf,https://www.gaming.nv.gov/about-us/gaming-revenue-information-gri/,NV/screenshots/NV_2013_01_NV_2013_01_gri_p1.png,"SPORTS PARLAY CARDS | 172 172 205 173.22 5.68 | 172 172 1,800 -71.20 6.52 | 172 172 14,061 -13.61 24.83 |",,2026-04-08T18:38:38.477802
NV,2013-01-01,2013-01-31,monthly,ALL,TOTAL,TOTAL,,combined,other,875000000,55300000,55300000,,,819700000,3732750,,0.0632,31,False,False,NV_2013_01_gri.pdf,,,,4,,https://www.gaming.nv.gov/uploadedFiles/gamingnvgov/content/about/gaming-revenue/2013Jan-gri.pdf,https://www.gaming.nv.gov/about-us/gaming-revenue-information-gri/,NV/screenshots/NV_2013_01_NV_2013_01_gri_p1.png,"OTHER | 553 337.39 6.32 | 241 -89.66 1.06 | 10,831 12.07 6.98 |",,2026-04-08T18:38:38.477802
NV,2013-02-01,2013-02-28,monthly,ALL,TOTAL,TOTAL,,combined,,26728464419,1427300000,1427300000,,,25301164419,96342750,,0.0534000000009503,28,False,False,NV_2013_02_gri.pdf,,,,4,,https://www.gaming.nv.gov/uploadedFiles/gamingnvgov/content/about/gaming-revenue/2013Feb-gri.pdf,https://www.gaming.nv.gov/about-us/gaming-revenue-information-gri/,NV/screenshots/NV_2013_02_NV_2013_02_gri_p1.png,"SPORTS POOL (2) | 183 184 14,273 24.24 5.34 | 183 183 52,720 1.21 5.15 | 188 183 154,967 -2.19 4.49 |",,2026-04-08T18:38:40.303814
NV,2013-02-01,2013-02-28,monthly,ALL,TOTAL,TOTAL,,combined,football,9552742616,226400000,226400000,,,9326342616,15282000,,0.023700000000083744,28,False,False,NV_2013_02_gri.pdf,,,,4,,https://www.gaming.nv.gov/uploadedFiles/gamingnvgov/content/about/gaming-revenue/2013Feb-gri.pdf,https://www.gaming.nv.gov/about-us/gaming-revenue-information-gri/,NV/screenshots/NV_2013_02_NV_2013_02_gri_p1.png,"FOOTBALL | 182 182 2,264 38.03 2.37 | 182 182 23,640 -10.42 4.27 | 182 182 47,614 -21.38 3.08 |",,2026-04-08T18:38:40.303814
NV,2013-02-01,2013-02-28,monthly,ALL,TOTAL,TOTAL,,combined,basketball,15133738602,995800000,995800000,,,14137938602,67216500,,0.0657999999992335,28,False,False,NV_2013_02_gri.pdf,,,,4,,https://www.gaming.nv.gov/uploadedFiles/gamingnvgov/content/about/gaming-revenue/2013Feb-gri.pdf,https://www.gaming.nv.gov/about-us/gaming-revenue-information-gri/,NV/screenshots/NV_2013_02_NV_2013_02_gri_p1.png,"BASKETBALL | 182 182 9,958 26.06 6.58 | 182 182 26,260 9.65 6.33 | 182 182 52,412 0.24 5.24 |",,2026-04-08T18:38:40.303814
NV,2013-02-01,2013-02-28,monthly,ALL,TOTAL,TOTAL,,combined,baseball,42821421,-41100000,-41100000,,,83921421,,,-0.9598000029004176,28,False,False,NV_2013_02_gri.pdf,,,,4,,https://www.gaming.nv.gov/uploadedFiles/gamingnvgov/content/about/gaming-revenue/2013Feb-gri.pdf,https://www.gaming.nv.gov/about-us/gaming-revenue-information-gri/,NV/screenshots/NV_2013_02_NV_2013_02_gri_p1.png,"BASEBALL | 169 169 -411 -196.05 -95.98 | 169 169 -2,424 -19.89 -102.86 | 169 169 29,674 50.48 4.27 |",,2026-04-08T18:38:40.303814
NV,2013-02-01,2013-02-28,monthly,ALL,TOTAL,TOTAL,,combined,parlay,210118883,76000000,76000000,,,134118883,5130000,,0.36170000008994907,28,False,False,NV_2013_02_gri.pdf,,,,4,,https://www.gaming.nv.gov/uploadedFiles/gamingnvgov/content/about/gaming-revenue/2013Feb-gri.pdf,https://www.gaming.nv.gov/about-us/gaming-revenue-information-gri/,NV/screenshots/NV_2013_02_NV_2013_02_gri_p1.png,"SPORTS PARLAY CARDS | 175 175 760 -31.97 36.17 | 175 175 3,814 18.66 23.12 | 175 175 13,703 -16.95 24.27 |",,2026-04-08T18:38:40.303814
NV,2013-02-01,2013-02-28,monthly,ALL,TOTAL,TOTAL,,combined,other,1804025424,170300000,170300000,,,1633725424,11495250,,0.09439999998580952,28,False,False,NV_2013_02_gri.pdf,,,,4,,https://www.gaming.nv.gov/uploadedFiles/gamingnvgov/content/about/gaming-revenue/2013Feb-gri.pdf,https://www.gaming.nv.gov/about-us/gaming-revenue-information-gri/,NV/screenshots/NV_2013_02_NV_2013_02_gri_p1.png,"OTHER | 1,703 75.49 9.44 | 1,430 155.03 3.99 | 11,563 23.31 7.37 |",,2026-04-08T18:38:40.303814
NV,2013-03-01,2013-03-31,monthly,ALL,TOTAL,TOTAL,,combined,,34894056848,1350400000,1350400000,,,33543656848,91152000,,0.03869999999949562,31,False,False,NV_2013_03_gri.pdf,,,,4,,https://www.gaming.nv.gov/uploadedFiles/gamingnvgov/content/about/gaming-revenue/2013Mar-gri.pdf,https://www.gaming.nv.gov/about-us/gaming-revenue-information-gri/,NV/screenshots/NV_2013_03_NV_2013_03_gri_p1.png,"SPORTS POOL (2) | 183 184 13,504 -7.74 3.87 | 183 184 35,979 -31.08 3.75 | 188 183 153,834 -5.05 4.41 |",,2026-04-08T18:38:42.136277
NV,2013-03-01,2013-03-31,monthly,ALL,TOTAL,TOTAL,,combined,football,10635920,-932700000,-932700000,,,943335920,,,-87.69340122904272,31,False,False,NV_2013_03_gri.pdf,,,,4,,https://www.gaming.nv.gov/uploadedFiles/gamingnvgov/content/about/gaming-revenue/2013Mar-gri.pdf,https://www.gaming.nv.gov/about-us/gaming-revenue-information-gri/,NV/screenshots/NV_2013_03_NV_2013_03_gri_p1.png,"FOOTBALL | 76 76 -9,327 -7.87 -8769.34 | 76 76 -12,855 -248.31 -4.72 | 76 76 46,933 -23.40 3.04 |",,2026-04-08T18:38:42.136277
NV,2013-03-01,2013-03-31,monthly,ALL,TOTAL,TOTAL,,combined,basketball,32428355958,2150000000,2150000000,,,30278355958,145125000,,0.06629999999952511,31,False,False,NV_2013_03_gri.pdf,,,,4,,https://www.gaming.nv.gov/uploadedFiles/gamingnvgov/content/about/gaming-revenue/2013Mar-gri.pdf,https://www.gaming.nv.gov/about-us/gaming-revenue-information-gri/,NV/screenshots/NV_2013_03_NV_2013_03_gri_p1.png,"BASKETBALL | 181 181 21,500 0.79 6.63 | 181 181 45,409 11.55 7.22 | 181 181 52,580 -4.12 5.08 |",,2026-04-08T18:38:42.136277
NV,2013-03-01,2013-03-31,monthly,ALL,TOTAL,TOTAL,,combined,baseball,339849624,22600000,22600000,,,317249624,1525500,,0.06650000001176991,31,False,False,NV_2013_03_gri.pdf,,,,4,,https://www.gaming.nv.gov/uploadedFiles/gamingnvgov/content/about/gaming-revenue/2013Mar-gri.pdf,https://www.gaming.nv.gov/about-us/gaming-revenue-information-gri/,NV/screenshots/NV_2013_03_NV_2013_03_gri_p1.png,"BASEBALL | 179 179 226 326.21 6.65 | 179 179 -900 -13.36 -23.42 | 179 179 30,000 58.35 4.33 |",,2026-04-08T18:38:42.136277
NV,2013-03-01,2013-03-31,monthly,ALL,TOTAL,TOTAL,,combined,parlay,130278064,50600000,50600000,,,79678064,3415500,,0.3883999995578688,31,False,False,NV_2013_03_gri.pdf,,,,4,,https://www.gaming.nv.gov/uploadedFiles/gamingnvgov/content/about/gaming-revenue/2013Mar-gri.pdf,https://www.gaming.nv.gov/about-us/gaming-revenue-information-gri/,NV/screenshots/NV_2013_03_NV_2013_03_gri_p1.png,"SPORTS PARLAY CARDS | 161 161 506 53.19 38.84 | 161 161 1,472 26.10 20.97 | 161 161 13,879 -14.58 24.57 |",,2026-04-08T18:38:42.136277
NV,2013-03-01,2013-03-31,monthly,ALL,TOTAL,TOTAL,,combined,other,1993333333,59800000,59800000,,,1933533333,4036500,,0.030000000005016722,31,False,False,NV_2013_03_gri.pdf,,,,4,,https://www.gaming.nv.gov/uploadedFiles/gamingnvgov/content/about/gaming-revenue/2013Mar-gri.pdf,https://www.gaming.nv.gov/about-us/gaming-revenue-information-gri/,NV/screenshots/NV_2013_03_NV_2013_03_gri_p1.png,"OTHER | 598 -65.25 3.00 | 2,853 16.08 6.11 | 10,441 -2.48 6.63 |",,2026-04-08T18:38:42.136277
NV,2013-04-01,2013-04-30,monthly,ALL,TOTAL,TOTAL,,combined,,19113333333,573400000,573400000,,,18539933333,38704500,,0.030000000000523195,30,False,False,NV_2013_04_gri.pdf,,,,4,,https://www.gaming.nv.gov/uploadedFiles/gamingnvgov/content/about/gaming-revenue/2013Apr-gri.pdf,https://www.gaming.nv.gov/about-us/gaming-revenue-information-gri/,NV/screenshots/NV_2013_04_NV_2013_04_gri_p1.png,"SPORTS POOL (2) | 182 183 5,734 17.88 3.00 | 183 183 33,510 8.14 4.15 | 188 183 154,703 -1.47 4.40 |",,2026-04-08T18:38:43.969308
NV,2013-04-01,2013-04-30,monthly,ALL,TOTAL,TOTAL,,combined,football,14825410,-346200000,-346200000,,,361025410,,,-23.35179937688064,30,False,False,NV_2013_04_gri.pdf,,,,4,,https://www.gaming.nv.gov/uploadedFiles/gamingnvgov/content/about/gaming-revenue/2013Apr-gri.pdf,https://www.gaming.nv.gov/about-us/gaming-revenue-information-gri/,NV/screenshots/NV_2013_04_NV_2013_04_gri_p1.png,"FOOTBALL | 57 57 -3,462 -2.64 -2335.18 | 57 57 -10,525 -1.40 -10.98 | 57 57 46,844 -24.25 3.03 |",,2026-04-08T18:38:43.969308
NV,2013-04-01,2013-04-30,monthly,ALL,TOTAL,TOTAL,,combined,basketball,8638297872,81200000,81200000,,,8557097872,5481000,,0.009400000000370444,30,False,False,NV_2013_04_gri.pdf,,,,4,,https://www.gaming.nv.gov/uploadedFiles/gamingnvgov/content/about/gaming-revenue/2013Apr-gri.pdf,https://www.gaming.nv.gov/about-us/gaming-revenue-information-gri/,NV/screenshots/NV_2013_04_NV_2013_04_gri_p1.png,"BASKETBALL | 181 181 812 166.42 0.94 | 181 181 32,271 15.22 5.74 | 181 181 54,616 10.70 5.19 |",,2026-04-08T18:38:43.969308
NV,2013-04-01,2013-04-30,monthly,ALL,TOTAL,TOTAL,,combined,baseball,8245501285,641500000,641500000,,,7604001285,43301250,,0.07780000000327451,30,False,False,NV_2013_04_gri.pdf,,,,4,,https://www.gaming.nv.gov/uploadedFiles/gamingnvgov/content/about/gaming-revenue/2013Apr-gri.pdf,https://www.gaming.nv.gov/about-us/gaming-revenue-information-gri/,NV/screenshots/NV_2013_04_NV_2013_04_gri_p1.png,"BASEBALL | 179 179 6,415 -4.46 7.78 | 179 179 6,230 -3.79 7.22 | 179 179 29,701 61.75 4.21 |",,2026-04-08T18:38:43.969308
NV,2013-04-01,2013-04-30,monthly,ALL,TOTAL,TOTAL,,combined,parlay,19566526,6500000,6500000,,,13066526,438750,,0.3322000032095631,30,False,False,NV_2013_04_gri.pdf,,,,4,,https://www.gaming.nv.gov/uploadedFiles/gamingnvgov/content/about/gaming-revenue/2013Apr-gri.pdf,https://www.gaming.nv.gov/about-us/gaming-revenue-information-gri/,NV/screenshots/NV_2013_04_NV_2013_04_gri_p1.png,"SPORTS PARLAY CARDS | 107 107 65 -20.36 33.22 | 107 107 1,331 -12.94 36.98 | 107 107 13,863 -14.46 24.56 |",,2026-04-08T18:38:43.969308
NV,2013-04-01,2013-04-30,monthly,ALL,TOTAL,TOTAL,,combined,other,2135802469,190300000,190300000,,,1945502469,12845250,,0.08910000000566531,30,False,False,NV_2013_04_gri.pdf,,,,4,,https://www.gaming.nv.gov/uploadedFiles/gamingnvgov/content/about/gaming-revenue/2013Apr-gri.pdf,https://www.gaming.nv.gov/about-us/gaming-revenue-information-gri/,NV/screenshots/NV_2013_04_NV_2013_04_gri_p1.png,"OTHER | 1,903 -28.57 8.91 | 4,203 -21.50 7.08 | 9,679 -14.06 6.09 |",,2026-04-08T18:38:43.969308
NV,2013-05-01,2013-05-31,monthly,ALL,TOTAL,TOTAL,,combined,,20328571429,569200000,569200000,,,19759371429,38421000,,0.0279999999994097,31,False,False,NV_2013_05_gri.pdf,,,,4,,https://www.gaming.nv.gov/uploadedFiles/gamingnvgov/content/about/gaming-revenue/2013May-gri.pdf,https://www.gaming.nv.gov/about-us/gaming-revenue-information-gri/,NV/screenshots/NV_2013_05_NV_2013_05_gri_p1.png,"SPORTS POOL (2) | 180 181 5,692 -40.43 2.80 | 183 181 24,929 -14.20 3.35 | 188 183 150,840 -3.46 4.27 |",,2026-04-08T18:38:45.847042
NV,2013-05-01,2013-05-31,monthly,ALL,TOTAL,TOTAL,,combined,football,242428949,-156100000,-156100000,,,398528949,,,-0.6438999989229834,31,False,False,NV_2013_05_gri.pdf,,,,4,,https://www.gaming.nv.gov/uploadedFiles/gamingnvgov/content/about/gaming-revenue/2013May-gri.pdf,https://www.gaming.nv.gov/about-us/gaming-revenue-information-gri/,NV/screenshots/NV_2013_05_NV_2013_05_gri_p1.png,"FOOTBALL | 66 66 -1,561 30.30 -64.39 | 66 66 -14,349 -0.64 -535.80 | 66 66 47,523 -22.12 3.07 |",,2026-04-08T18:38:45.847042
NV,2013-05-01,2013-05-31,monthly,ALL,TOTAL,TOTAL,,combined,basketball,7161290323,177600000,177600000,,,6983690323,11988000,,0.024799999998547748,31,False,False,NV_2013_05_gri.pdf,,,,4,,https://www.gaming.nv.gov/uploadedFiles/gamingnvgov/content/about/gaming-revenue/2013May-gri.pdf,https://www.gaming.nv.gov/about-us/gaming-revenue-information-gri/,NV/screenshots/NV_2013_05_NV_2013_05_gri_p1.png,"BASKETBALL | 180 180 1,776 -56.29 2.48 | 180 180 24,088 -0.34 4.99 | 180 180 52,329 8.20 4.99 |",,2026-04-08T18:38:45.847042
NV,2013-05-01,2013-05-31,monthly,ALL,TOTAL,TOTAL,,combined,baseball,10665829146,424500000,424500000,,,10241329146,28653750,,0.03979999999898742,31,False,False,NV_2013_05_gri.pdf,,,,4,,https://www.gaming.nv.gov/uploadedFiles/gamingnvgov/content/about/gaming-revenue/2013May-gri.pdf,https://www.gaming.nv.gov/about-us/gaming-revenue-information-gri/,NV/screenshots/NV_2013_05_NV_2013_05_gri_p1.png,"BASEBALL | 178 178 4,245 -22.82 3.98 | 178 178 10,887 -10.14 5.65 | 178 178 28,446 56.88 3.93 |",,2026-04-08T18:38:45.847042
NV,2013-05-01,2013-05-31,monthly,ALL,TOTAL,TOTAL,,combined,parlay,13876587,4700000,4700000,,,9176587,317250,,0.33869999878212126,31,False,False,NV_2013_05_gri.pdf,,,,4,,https://www.gaming.nv.gov/uploadedFiles/gamingnvgov/content/about/gaming-revenue/2013May-gri.pdf,https://www.gaming.nv.gov/about-us/gaming-revenue-information-gri/,NV/screenshots/NV_2013_05_NV_2013_05_gri_p1.png,"SPORTS PARLAY CARDS | 103 103 47 -51.62 33.87 | 103 103 619 21.29 37.74 | 103 103 13,812 -14.66 24.49 |",,2026-04-08T18:38:45.847042
NV,2013-05-01,2013-05-31,monthly,ALL,TOTAL,TOTAL,,combined,other,2250950570,118400000,118400000,,,2132550570,7992000,,0.05260000000799662,31,False,False,NV_2013_05_gri.pdf,,,,4,,https://www.gaming.nv.gov/uploadedFiles/gamingnvgov/content/about/gaming-revenue/2013May-gri.pdf,https://www.gaming.nv.gov/about-us/gaming-revenue-information-gri/,NV/screenshots/NV_2013_05_NV_2013_05_gri_p1.png,"OTHER | 1,184 -44.49 5.26 | 3,685 -43.47 5.78 | 8,730 -30.43 5.44 |",,2026-04-08T18:38:45.847042
NV,2013-06-01,2013-06-30,monthly,ALL,TOTAL,TOTAL,,combined,,17848101266,1269000000,1269000000,,,16579101266,85657500,,0.07109999999929405,30,False,False,NV_2013_06_gri.pdf,,,,4,,https://www.gaming.nv.gov/uploadedFiles/gamingnvgov/content/about/gaming-revenue/2013Jun-gri.pdf,https://www.gaming.nv.gov/about-us/gaming-revenue-information-gri/,NV/screenshots/NV_2013_06_NV_2013_06_gri_p1.png,"SPORTS POOL (2) | 181 182 12,690 50.55 7.11 | 182 179 24,115 5.55 4.21 | 185 181 155,101 -3.28 4.39 |",,2026-04-08T18:38:47.617912
NV,2013-06-01,2013-06-30,monthly,ALL,TOTAL,TOTAL,,combined,football,31209550,-21700000,-21700000,,,52909550,,,-0.6952999963152304,30,False,False,NV_2013_06_gri.pdf,,,,4,,https://www.gaming.nv.gov/uploadedFiles/gamingnvgov/content/about/gaming-revenue/2013Jun-gri.pdf,https://www.gaming.nv.gov/about-us/gaming-revenue-information-gri/,NV/screenshots/NV_2013_06_NV_2013_06_gri_p1.png,"FOOTBALL | 145 145 -217 27.82 -69.53 | 145 145 -5,239 11.39 -181.67 | 145 145 47,607 -22.08 3.08 |",,2026-04-08T18:38:47.617912
NV,2013-06-01,2013-06-30,monthly,ALL,TOTAL,TOTAL,,combined,basketball,4315856777,337500000,337500000,,,3978356777,22781250,,0.07820000000894377,30,False,False,NV_2013_06_gri.pdf,,,,4,,https://www.gaming.nv.gov/uploadedFiles/gamingnvgov/content/about/gaming-revenue/2013Jun-gri.pdf,https://www.gaming.nv.gov/about-us/gaming-revenue-information-gri/,NV/screenshots/NV_2013_06_NV_2013_06_gri_p1.png,"BASKETBALL | 180 180 3,375 147.22 7.82 | 180 180 5,963 41.83 2.96 | 180 180 54,339 7.76 5.19 |",,2026-04-08T18:38:47.617912
NV,2013-06-01,2013-06-30,monthly,ALL,TOTAL,TOTAL,,combined,baseball,11697278912,687800000,687800000,,,11009478912,46426500,,0.05879999999781146,30,False,False,NV_2013_06_gri.pdf,,,,4,,https://www.gaming.nv.gov/uploadedFiles/gamingnvgov/content/about/gaming-revenue/2013Jun-gri.pdf,https://www.gaming.nv.gov/about-us/gaming-revenue-information-gri/,NV/screenshots/NV_2013_06_NV_2013_06_gri_p1.png,"BASEBALL | 180 180 6,878 63.17 5.88 | 180 180 17,539 6.75 5.73 | 180 180 31,108 68.58 4.26 |",,2026-04-08T18:38:47.617912
NV,2013-06-01,2013-06-30,monthly,ALL,TOTAL,TOTAL,,combined,parlay,10097493,2900000,2900000,,,7197493,195750,,0.28720000102995863,30,False,False,NV_2013_06_gri.pdf,,,,4,,https://www.gaming.nv.gov/uploadedFiles/gamingnvgov/content/about/gaming-revenue/2013Jun-gri.pdf,https://www.gaming.nv.gov/about-us/gaming-revenue-information-gri/,NV/screenshots/NV_2013_06_NV_2013_06_gri_p1.png,"SPORTS PARLAY CARDS | 94 94 29 -65.69 28.72 | 94 94 141 -46.50 32.38 | 94 94 13,756 -15.02 24.42 |",,2026-04-08T18:38:47.617912
NV,2013-06-01,2013-06-30,monthly,ALL,TOTAL,TOTAL,,combined,other,1776574137,262400000,262400000,,,1514174137,17712000,,0.14769999998035546,30,False,False,NV_2013_06_gri.pdf,,,,4,,https://www.gaming.nv.gov/uploadedFiles/gamingnvgov/content/about/gaming-revenue/2013Jun-gri.pdf,https://www.gaming.nv.gov/about-us/gaming-revenue-information-gri/,NV/screenshots/NV_2013_06_NV_2013_06_gri_p1.png,"OTHER | 2,624 -14.35 14.77 | 5,711 -27.35 9.27 | 8,290 -41.61 5.48 |",,2026-04-08T18:38:47.617912
NV,2013-07-01,2013-07-31,monthly,ALL,TOTAL,TOTAL,,combined,,14421052632,-54800000,-54800000,,,14475852632,,,-0.003799999999889051,31,False,False,NV_2013_07_gri.pdf,,,,4,,https://www.gaming.nv.gov/uploadedFiles/gamingnvgov/content/about/gaming-revenue/2013Jul-gri.pdf,https://www.gaming.nv.gov/about-us/gaming-revenue-information-gri/,NV/screenshots/NV_2013_07_NV_2013_07_gri_p1.png,"SPORTS POOL (2) | 180 181 -548 -109.65 -0.38 | 181 179 17,980 -24.03 3.41 | 185 182 149,016 -10.64 4.22 |",,2026-04-08T18:38:49.431288
NV,2013-07-01,2013-07-31,monthly,ALL,TOTAL,TOTAL,,combined,football,93718843,-9400000,-9400000,,,103118843,,,-0.10030000050256703,31,False,False,NV_2013_07_gri.pdf,,,,4,,https://www.gaming.nv.gov/uploadedFiles/gamingnvgov/content/about/gaming-revenue/2013Jul-gri.pdf,https://www.gaming.nv.gov/about-us/gaming-revenue-information-gri/,NV/screenshots/NV_2013_07_NV_2013_07_gri_p1.png,"FOOTBALL | 166 166 -94 51.07 -10.03 | 166 166 -1,872 31.49 -50.97 | 166 166 47,705 -21.81 3.09 |",,2026-04-08T18:38:49.431288
NV,2013-07-01,2013-07-31,monthly,ALL,TOTAL,TOTAL,,combined,basketball,335456731,-279100000,-279100000,,,614556731,,,-0.831999999427646,31,False,False,NV_2013_07_gri.pdf,,,,4,,https://www.gaming.nv.gov/uploadedFiles/gamingnvgov/content/about/gaming-revenue/2013Jul-gri.pdf,https://www.gaming.nv.gov/about-us/gaming-revenue-information-gri/,NV/screenshots/NV_2013_07_NV_2013_07_gri_p1.png,"BASKETBALL | 173 173 -2,791 -77.21 -83.20 | 173 173 2,360 -38.75 2.00 | 173 173 53,123 5.50 5.07 |",,2026-04-08T18:38:49.431288
NV,2013-07-01,2013-07-31,monthly,ALL,TOTAL,TOTAL,,combined,baseball,13008163265,318700000,318700000,,,12689463265,21512250,,0.02450000000057656,31,False,False,NV_2013_07_gri.pdf,,,,4,,https://www.gaming.nv.gov/uploadedFiles/gamingnvgov/content/about/gaming-revenue/2013Jul-gri.pdf,https://www.gaming.nv.gov/about-us/gaming-revenue-information-gri/,NV/screenshots/NV_2013_07_NV_2013_07_gri_p1.png,"BASEBALL | 179 179 3,187 -56.26 2.45 | 179 179 14,309 -15.84 4.04 | 179 179 27,008 5.49 3.71 |",,2026-04-08T18:38:49.431288
NV,2013-07-01,2013-07-31,monthly,ALL,TOTAL,TOTAL,,combined,parlay,10587346,4200000,4200000,,,6387346,283500,,0.3966999850576339,31,False,False,NV_2013_07_gri.pdf,,,,4,,https://www.gaming.nv.gov/uploadedFiles/gamingnvgov/content/about/gaming-revenue/2013Jul-gri.pdf,https://www.gaming.nv.gov/about-us/gaming-revenue-information-gri/,NV/screenshots/NV_2013_07_NV_2013_07_gri_p1.png,"SPORTS PARLAY CARDS | 91 91 42 -47.58 39.67 | 91 91 127 -51.66 37.18 | 91 91 13,727 -15.18 24.39 |",,2026-04-08T18:38:49.431288
NV,2013-07-01,2013-07-31,monthly,ALL,TOTAL,TOTAL,,combined,other,835360150,-89300000,-89300000,,,924660150,,,-0.1068999999581019,31,False,False,NV_2013_07_gri.pdf,,,,4,,https://www.gaming.nv.gov/uploadedFiles/gamingnvgov/content/about/gaming-revenue/2013Jul-gri.pdf,https://www.gaming.nv.gov/about-us/gaming-revenue-information-gri/,NV/screenshots/NV_2013_07_NV_2013_07_gri_p1.png,"OTHER | -893 -1170.72 -10.69 | 3,055 -42.14 6.02 | 7,454 -45.22 4.89 |",,2026-04-08T18:38:49.431288
NV,2013-08-01,2013-08-31,monthly,ALL,TOTAL,TOTAL,,combined,,17948427673,1426900000,1426900000,,,16521527673,96315750,,0.07949999999980499,31,False,False,NV_2013_08_gri.pdf,,,,4,,https://www.gaming.nv.gov/uploadedFiles/gamingnvgov/content/about/gaming-revenue/2013Aug-gri.pdf,https://www.gaming.nv.gov/about-us/gaming-revenue-information-gri/,NV/screenshots/NV_2013_08_NV_2013_08_gri_p1.png,"SPORTS POOL (2) | 179 180 14,269 98.79 7.95 | 182 178 26,497 24.46 5.28 | 186 182 156,107 -9.77 4.42 |",,2026-04-08T18:38:51.284234
NV,2013-08-01,2013-08-31,monthly,ALL,TOTAL,TOTAL,,combined,football,4724838870,953000000,953000000,,,3771838870,64327500,,0.20169999998327987,31,False,False,NV_2013_08_gri.pdf,,,,4,,https://www.gaming.nv.gov/uploadedFiles/gamingnvgov/content/about/gaming-revenue/2013Aug-gri.pdf,https://www.gaming.nv.gov/about-us/gaming-revenue-information-gri/,NV/screenshots/NV_2013_08_NV_2013_08_gri_p1.png,"FOOTBALL | 178 178 9,530 41.17 20.17 | 178 178 9,219 47.31 19.01 | 178 178 50,484 -24.61 3.22 |",,2026-04-08T18:38:51.284234
NV,2013-08-01,2013-08-31,monthly,ALL,TOTAL,TOTAL,,combined,basketball,245474294,-67800000,-67800000,,,313274294,,,-0.2761999999885935,31,False,False,NV_2013_08_gri.pdf,,,,4,,https://www.gaming.nv.gov/uploadedFiles/gamingnvgov/content/about/gaming-revenue/2013Aug-gri.pdf,https://www.gaming.nv.gov/about-us/gaming-revenue-information-gri/,NV/screenshots/NV_2013_08_NV_2013_08_gri_p1.png,"BASKETBALL | 169 169 -678 9.38 -27.62 | 169 169 -94 90.18 -0.19 | 169 169 53,193 5.56 5.07 |",,2026-04-08T18:38:51.284234
NV,2013-08-01,2013-08-31,monthly,ALL,TOTAL,TOTAL,,combined,baseball,12213615023,520300000,520300000,,,11693315023,35120250,,0.04260000000165389,31,False,False,NV_2013_08_gri.pdf,,,,4,,https://www.gaming.nv.gov/uploadedFiles/gamingnvgov/content/about/gaming-revenue/2013Aug-gri.pdf,https://www.gaming.nv.gov/about-us/gaming-revenue-information-gri/,NV/screenshots/NV_2013_08_NV_2013_08_gri_p1.png,"BASEBALL | 178 178 5,203 240.93 4.26 | 178 178 15,268 17.19 4.13 | 178 178 30,685 21.23 4.35 |",,2026-04-08T18:38:51.284234
NV,2013-08-01,2013-08-31,monthly,ALL,TOTAL,TOTAL,,combined,parlay,93924365,60600000,60600000,,,33324365,4090500,,0.6451999968272344,31,False,False,NV_2013_08_gri.pdf,,,,4,,https://www.gaming.nv.gov/uploadedFiles/gamingnvgov/content/about/gaming-revenue/2013Aug-gri.pdf,https://www.gaming.nv.gov/about-us/gaming-revenue-information-gri/,NV/screenshots/NV_2013_08_NV_2013_08_gri_p1.png,"SPORTS PARLAY CARDS | 164 164 606 135.51 64.52 | 164 164 686 62.30 60.08 | 164 164 14,075 -13.55 24.76 |",,2026-04-08T18:38:51.284234
NV,2013-08-01,2013-08-31,monthly,ALL,TOTAL,TOTAL,,combined,other,678200692,-39200000,-39200000,,,717400692,,,-0.05780000000353878,31,False,False,NV_2013_08_gri.pdf,,,,4,,https://www.gaming.nv.gov/uploadedFiles/gamingnvgov/content/about/gaming-revenue/2013Aug-gri.pdf,https://www.gaming.nv.gov/about-us/gaming-revenue-information-gri/,NV/screenshots/NV_2013_08_NV_2013_08_gri_p1.png,"OTHER | -392 35.48 -5.78 | 1,419 -44.13 4.20 | 7,670 -45.43 4.95 |",,2026-04-08T18:38:51.284234
NV,2013-09-01,2013-09-30,monthly,ALL,TOTAL,TOTAL,,combined,,44001111111,3960100000,3960100000,,,40041011111,267306750,,0.09000000000022727,30,False,False,NV_2013_09_gri.pdf,,,,4,,https://www.gaming.nv.gov/uploadedFiles/gamingnvgov/content/about/gaming-revenue/2013Sep-gri.pdf,https://www.gaming.nv.gov/about-us/gaming-revenue-information-gri/,NV/screenshots/NV_2013_09_NV_2013_09_gri_p1.png,"SPORTS POOL (2) | 179 180 39,601 -25.80 9.00 | 181 178 53,321 -19.49 6.99 | 185 181 142,341 -30.99 4.01 |",,2026-04-08T18:38:53.120880
NV,2013-09-01,2013-09-30,monthly,ALL,TOTAL,TOTAL,,combined,football,33703256936,2794000000,2794000000,,,30909256936,188595000,,0.08290000000016616,30,False,False,NV_2013_09_gri.pdf,,,,4,,https://www.gaming.nv.gov/uploadedFiles/gamingnvgov/content/about/gaming-revenue/2013Sep-gri.pdf,https://www.gaming.nv.gov/about-us/gaming-revenue-information-gri/,NV/screenshots/NV_2013_09_NV_2013_09_gri_p1.png,"FOOTBALL | 178 178 27,940 -35.77 8.29 | 178 178 37,377 -25.33 9.70 | 178 178 34,925 -64.64 2.19 |",,2026-04-08T18:38:53.120880
NV,2013-09-01,2013-09-30,monthly,ALL,TOTAL,TOTAL,,combined,basketball,140341656,-53400000,-53400000,,,193741656,,,-0.3804999992304494,30,False,False,NV_2013_09_gri.pdf,,,,4,,https://www.gaming.nv.gov/uploadedFiles/gamingnvgov/content/about/gaming-revenue/2013Sep-gri.pdf,https://www.gaming.nv.gov/about-us/gaming-revenue-information-gri/,NV/screenshots/NV_2013_09_NV_2013_09_gri_p1.png,"BASKETBALL | 165 165 -534 15.32 -38.05 | 165 165 -4,003 -35.53 -55.50 | 165 165 53,290 6.06 5.08 |",,2026-04-08T18:38:53.120880
NV,2013-09-01,2013-09-30,monthly,ALL,TOTAL,TOTAL,,combined,baseball,6713475177,473300000,473300000,,,6240175177,31947750,,0.07050000000320251,30,False,False,NV_2013_09_gri.pdf,,,,4,,https://www.gaming.nv.gov/uploadedFiles/gamingnvgov/content/about/gaming-revenue/2013Sep-gri.pdf,https://www.gaming.nv.gov/about-us/gaming-revenue-information-gri/,NV/screenshots/NV_2013_09_NV_2013_09_gri_p1.png,"BASEBALL | 178 178 4,733 136.23 7.05 | 178 178 13,124 21.33 4.11 | 178 178 33,415 45.85 4.85 |",,2026-04-08T18:38:53.120880
NV,2013-09-01,2013-09-30,monthly,ALL,TOTAL,TOTAL,,combined,parlay,1284793814,498500000,498500000,,,786293814,33648750,,0.3880000001307603,30,False,False,NV_2013_09_gri.pdf,,,,4,,https://www.gaming.nv.gov/uploadedFiles/gamingnvgov/content/about/gaming-revenue/2013Sep-gri.pdf,https://www.gaming.nv.gov/about-us/gaming-revenue-information-gri/,NV/screenshots/NV_2013_09_NV_2013_09_gri_p1.png,"SPORTS PARLAY CARDS | 169 169 4,985 -36.12 38.80 | 169 169 5,633 -30.81 40.54 | 169 169 11,257 -44.87 19.59 |",,2026-04-08T18:38:53.120880
NV,2013-09-01,2013-09-30,monthly,ALL,TOTAL,TOTAL,,combined,other,2168126095,247600000,247600000,,,1920526095,16713000,,0.11419999997739984,30,False,False,NV_2013_09_gri.pdf,,,,4,,https://www.gaming.nv.gov/uploadedFiles/gamingnvgov/content/about/gaming-revenue/2013Sep-gri.pdf,https://www.gaming.nv.gov/about-us/gaming-revenue-information-gri/,NV/screenshots/NV_2013_09_NV_2013_09_gri_p1.png,"OTHER | 2,476 258.49 11.42 | 1,191 616.87 3.23 | 9,455 -32.15 5.70 |",,2026-04-08T18:38:53.120880
NV,2013-10-01,2013-10-31,monthly,ALL,TOTAL,TOTAL,,combined,,43727272727,3030300000,3030300000,,,40696972727,204545250,,0.06930000000043222,31,False,False,NV_2013_10_gri.pdf,,,,4,,https://www.gaming.nv.gov/uploadedFiles/gamingnvgov/content/about/gaming-revenue/2013Oct-gri.pdf,https://www.gaming.nv.gov/about-us/gaming-revenue-information-gri/,NV/screenshots/NV_2013_10_NV_2013_10_gri_p1.png,"SPORTS POOL (2) | 180 181 30,303 351.64 6.93 | 180 180 84,172 25.16 7.97 | 185 180 165,934 -7.66 4.62 |",,2026-04-08T18:38:54.889242
NV,2013-10-01,2013-10-31,monthly,ALL,TOTAL,TOTAL,,combined,football,34267045455,1809300000,1809300000,,,32457745455,122127750,,0.052799999999299616,31,False,False,NV_2013_10_gri.pdf,,,,4,,https://www.gaming.nv.gov/uploadedFiles/gamingnvgov/content/about/gaming-revenue/2013Oct-gri.pdf,https://www.gaming.nv.gov/about-us/gaming-revenue-information-gri/,NV/screenshots/NV_2013_10_NV_2013_10_gri_p1.png,"FOOTBALL | 179 179 18,093 390.20 5.28 | 179 179 55,564 26.24 7.64 | 184 184 59,252 -10.19 3.66 |",,2026-04-08T18:38:54.889242
NV,2013-10-01,2013-10-31,monthly,ALL,TOTAL,TOTAL,,combined,basketball,912197687,173500000,173500000,,,738697687,11711250,,0.1901999999261125,31,False,False,NV_2013_10_gri.pdf,,,,4,,https://www.gaming.nv.gov/uploadedFiles/gamingnvgov/content/about/gaming-revenue/2013Oct-gri.pdf,https://www.gaming.nv.gov/about-us/gaming-revenue-information-gri/,NV/screenshots/NV_2013_10_NV_2013_10_gri_p1.png,"BASKETBALL | 179 179 1,735 -13.57 19.02 | 179 179 523 -16.82 4.03 | 184 184 53,017 1.35 5.05 |",,2026-04-08T18:38:54.889242
NV,2013-10-01,2013-10-31,monthly,ALL,TOTAL,TOTAL,,combined,baseball,5131742739,494700000,494700000,,,4637042739,33392250,,0.09639999999228333,31,False,False,NV_2013_10_gri.pdf,,,,4,,https://www.gaming.nv.gov/uploadedFiles/gamingnvgov/content/about/gaming-revenue/2013Oct-gri.pdf,https://www.gaming.nv.gov/about-us/gaming-revenue-information-gri/,NV/screenshots/NV_2013_10_NV_2013_10_gri_p1.png,"BASEBALL | 180 180 4,947 -42.85 9.64 | 180 180 14,884 22.14 6.19 | 184 184 29,705 -0.93 4.36 |",,2026-04-08T18:38:54.889242
NV,2013-10-01,2013-10-31,monthly,ALL,TOTAL,TOTAL,,combined,parlay,1337240757,444900000,444900000,,,892340757,30030750,,0.3327000001092548,31,False,False,NV_2013_10_gri.pdf,,,,4,,https://www.gaming.nv.gov/uploadedFiles/gamingnvgov/content/about/gaming-revenue/2013Oct-gri.pdf,https://www.gaming.nv.gov/about-us/gaming-revenue-information-gri/,NV/screenshots/NV_2013_10_NV_2013_10_gri_p1.png,"SPORTS PARLAY CARDS | 169 169 4,449 84.80 33.27 | 170 170 10,040 -4.09 36.96 | 184 184 13,298 -28.16 22.66 |",,2026-04-08T18:38:54.889242
NV,2013-10-01,2013-10-31,monthly,ALL,TOTAL,TOTAL,,combined,other,2047528517,107700000,107700000,,,1939828517,7269750,,0.052600000002832686,31,False,False,NV_2013_10_gri.pdf,,,,4,,https://www.gaming.nv.gov/uploadedFiles/gamingnvgov/content/about/gaming-revenue/2013Oct-gri.pdf,https://www.gaming.nv.gov/about-us/gaming-revenue-information-gri/,NV/screenshots/NV_2013_10_NV_2013_10_gri_p1.png,"OTHER | 1,077 941.53 5.26 | 3,161 7075.15 6.46 | 10,660 -17.48 5.87 |",,2026-04-08T18:38:54.889242
NV,2013-11-01,2013-11-30,monthly,ALL,TOTAL,TOTAL,,combined,,49033653846,3059700000,3059700000,,,45973953846,206529750,,0.062400000000195785,30,False,False,NV_2013_11_gri.pdf,,,,4,,https://www.gaming.nv.gov/uploadedFiles/gamingnvgov/content/about/gaming-revenue/2013Nov-gri.pdf,https://www.gaming.nv.gov/about-us/gaming-revenue-information-gri/,NV/screenshots/NV_2013_11_NV_2013_11_gri_p1.png,"SPORTS POOL (2) | 181 182 30,597 474.26 6.24 | 181 181 100,500 93.64 7.35 | 186 180 204,696 32.63 5.63 |",,2026-04-08T18:38:56.701005
NV,2013-11-01,2013-11-30,monthly,ALL,TOTAL,TOTAL,,combined,football,35559941520,2432300000,2432300000,,,33127641520,164180250,,0.0684000000008999,30,False,False,NV_2013_11_gri.pdf,,,,4,,https://www.gaming.nv.gov/uploadedFiles/gamingnvgov/content/about/gaming-revenue/2013Nov-gri.pdf,https://www.gaming.nv.gov/about-us/gaming-revenue-information-gri/,NV/screenshots/NV_2013_11_NV_2013_11_gri_p1.png,"FOOTBALL | 180 180 24,323 559.74 6.84 | 180 180 70,357 120.04 6.79 | 185 185 88,866 76.45 5.42 |",,2026-04-08T18:38:56.701005
NV,2013-11-01,2013-11-30,monthly,ALL,TOTAL,TOTAL,,combined,basketball,10104938272,327400000,327400000,,,9777538272,22099500,,0.03239999999873329,30,False,False,NV_2013_11_gri.pdf,,,,4,,https://www.gaming.nv.gov/uploadedFiles/gamingnvgov/content/about/gaming-revenue/2013Nov-gri.pdf,https://www.gaming.nv.gov/about-us/gaming-revenue-information-gri/,NV/screenshots/NV_2013_11_NV_2013_11_gri_p1.png,"BASKETBALL | 179 179 3,274 109.67 3.24 | 180 180 4,475 52.29 4.01 | 185 185 54,729 9.24 5.17 |",,2026-04-08T18:38:56.701005
NV,2013-11-01,2013-11-30,monthly,ALL,TOTAL,TOTAL,,combined,baseball,157282609,-434100000,-434100000,,,591382609,,,-2.759999994659295,30,False,False,NV_2013_11_gri.pdf,,,,4,,https://www.gaming.nv.gov/uploadedFiles/gamingnvgov/content/about/gaming-revenue/2013Nov-gri.pdf,https://www.gaming.nv.gov/about-us/gaming-revenue-information-gri/,NV/screenshots/NV_2013_11_NV_2013_11_gri_p1.png,"BASEBALL | 40 40 -4,341 -17.13 -276.00 | 180 180 5,340 -23.22 4.51 | 184 184 29,060 -3.38 4.26 |",,2026-04-08T18:38:56.701005
NV,2013-11-01,2013-11-30,monthly,ALL,TOTAL,TOTAL,,combined,parlay,1344128554,543700000,543700000,,,800428554,36699750,,0.4044999999308102,30,False,False,NV_2013_11_gri.pdf,,,,4,,https://www.gaming.nv.gov/uploadedFiles/gamingnvgov/content/about/gaming-revenue/2013Nov-gri.pdf,https://www.gaming.nv.gov/about-us/gaming-revenue-information-gri/,NV/screenshots/NV_2013_11_NV_2013_11_gri_p1.png,"SPORTS PARLAY CARDS | 169 169 5,437 533.46 40.45 | 171 171 14,871 66.03 37.49 | 185 185 19,989 52.55 33.91 |",,2026-04-08T18:38:56.701005
NV,2013-11-01,2013-11-30,monthly,ALL,TOTAL,TOTAL,,combined,other,2060606061,190400000,190400000,,,1870206061,12852000,,0.09239999998233529,30,False,False,NV_2013_11_gri.pdf,,,,4,,https://www.gaming.nv.gov/uploadedFiles/gamingnvgov/content/about/gaming-revenue/2013Nov-gri.pdf,https://www.gaming.nv.gov/about-us/gaming-revenue-information-gri/,NV/screenshots/NV_2013_11_NV_2013_11_gri_p1.png,"OTHER | 1,904 270.56 9.24 | 5,457 406.97 8.70 | 12,051 12.68 6.11 |",,2026-04-08T18:38:56.701005
NV,2013-12-01,2013-12-31,monthly,ALL,TOTAL,TOTAL,,combined,,39646648045,2838700000,2838700000,,,36807948045,191612250,,0.0715999999994451,31,False,False,NV_2013_12_gri.pdf,,,,4,,https://www.gaming.nv.gov/uploadedFiles/gamingnvgov/content/about/gaming-revenue/2013Dec-gri.pdf,https://www.gaming.nv.gov/about-us/gaming-revenue-information-gri/,NV/screenshots/NV_2013_12_NV_2013_12_gri_p1.png,"SPORTS POOL (2) | 181 182 28,387 -6.14 7.16 | 181 181 89,286 210.25 6.74 | 186 180 202,838 19.27 5.60 |",,2026-04-08T18:38:58.564272
NV,2013-12-01,2013-12-31,monthly,ALL,TOTAL,TOTAL,,combined,football,26441217151,1911700000,1911700000,,,24529517151,129039750,,0.07229999999934572,31,False,False,NV_2013_12_gri.pdf,,,,4,,https://www.gaming.nv.gov/uploadedFiles/gamingnvgov/content/about/gaming-revenue/2013Dec-gri.pdf,https://www.gaming.nv.gov/about-us/gaming-revenue-information-gri/,NV/screenshots/NV_2013_12_NV_2013_12_gri_p1.png,"FOOTBALL | 180 180 19,117 -29.63 7.23 | 180 180 61,533 293.37 6.39 | 185 185 80,815 18.05 4.98 |",,2026-04-08T18:38:58.564272
NV,2013-12-01,2013-12-31,monthly,ALL,TOTAL,TOTAL,,combined,basketball,10572981366,680900000,680900000,,,9892081366,45960750,,0.06440000000279959,31,False,False,NV_2013_12_gri.pdf,,,,4,,https://www.gaming.nv.gov/uploadedFiles/gamingnvgov/content/about/gaming-revenue/2013Dec-gri.pdf,https://www.gaming.nv.gov/about-us/gaming-revenue-information-gri/,NV/screenshots/NV_2013_12_NV_2013_12_gri_p1.png,"BASKETBALL | 179 179 6,809 189.50 6.44 | 180 180 11,817 99.59 5.48 | 185 185 59,186 23.61 5.62 |",,2026-04-08T18:38:58.564272
NV,2013-12-01,2013-12-31,monthly,ALL,TOTAL,TOTAL,,combined,baseball,13920937,-127900000,-127900000,,,141820937,,,-9.187599943883088,31,False,False,NV_2013_12_gri.pdf,,,,4,,https://www.gaming.nv.gov/uploadedFiles/gamingnvgov/content/about/gaming-revenue/2013Dec-gri.pdf,https://www.gaming.nv.gov/about-us/gaming-revenue-information-gri/,NV/screenshots/NV_2013_12_NV_2013_12_gri_p1.png,"BASEBALL | 18 18 -1,279 1.50 -918.76 | 180 180 -672 -118.40 -1.31 | 184 184 29,079 -3.41 4.27 |",,2026-04-08T18:38:58.564272
NV,2013-12-01,2013-12-31,monthly,ALL,TOTAL,TOTAL,,combined,parlay,950571621,282700000,282700000,,,667871621,19082250,,0.2973999999101593,31,False,False,NV_2013_12_gri.pdf,,,,4,,https://www.gaming.nv.gov/uploadedFiles/gamingnvgov/content/about/gaming-revenue/2013Dec-gri.pdf,https://www.gaming.nv.gov/about-us/gaming-revenue-information-gri/,NV/screenshots/NV_2013_12_NV_2013_12_gri_p1.png,"SPORTS PARLAY CARDS | 169 169 2,827 -0.78 29.74 | 170 170 12,713 217.62 35.00 | 183 183 19,967 47.09 34.63 |",,2026-04-08T18:38:58.564272
NV,2013-12-01,2013-12-31,monthly,ALL,TOTAL,TOTAL,,combined,other,1645045045,91300000,91300000,,,1553745045,6162750,,0.055500000001519716,31,False,False,NV_2013_12_gri.pdf,,,,4,,https://www.gaming.nv.gov/uploadedFiles/gamingnvgov/content/about/gaming-revenue/2013Dec-gri.pdf,https://www.gaming.nv.gov/about-us/gaming-revenue-information-gri/,NV/screenshots/NV_2013_12_NV_2013_12_gri_p1.png,"OTHER | 913 210.55 5.55 | 3,894 985.08 6.77 | 13,789 37.27 6.73 |",,2026-04-08T18:38:58.564272
NV,2014-01-01,2014-01-31,monthly,ALL,TOTAL,TOTAL,,combined,,34344473008,1336000000,1336000000,,,33008473008,90180000,,0.03889999999967389,31,False,False,NV_2014_01_gri.pdf,,,,4,,https://www.gaming.nv.gov/uploadedFiles/gamingnvgov/content/about/gaming-revenue/2014Jan-gri.pdf,https://www.gaming.nv.gov/about-us/gaming-revenue-information-gri/,NV/screenshots/NV_2014_01_NV_2014_01_gri_p1.png,"SPORTS POOL (2) | 181 182 13,360 62.88 3.89 | 181 182 72,349 139.00 5.88 | 186 180 208,071 36.73 5.75 |",,2026-04-08T18:39:00.577209
NV,2014-01-01,2014-01-31,monthly,ALL,TOTAL,TOTAL,,combined,football,17833333333,246100000,246100000,,,17587233333,16611750,,0.013800000000257944,31,False,False,NV_2014_01_gri.pdf,,,,4,,https://www.gaming.nv.gov/uploadedFiles/gamingnvgov/content/about/gaming-revenue/2014Jan-gri.pdf,https://www.gaming.nv.gov/about-us/gaming-revenue-information-gri/,NV/screenshots/NV_2014_01_NV_2014_01_gri_p1.png,"FOOTBALL | 181 181 2,461 142.49 1.38 | 181 181 45,901 185.36 5.75 | 185 185 89,068 89.55 5.48 |",,2026-04-08T18:39:00.577209
NV,2014-01-01,2014-01-31,monthly,ALL,TOTAL,TOTAL,,combined,basketball,14564343164,1086500000,1086500000,,,13477843164,73338750,,0.07459999999763807,31,False,False,NV_2014_01_gri.pdf,,,,4,,https://www.gaming.nv.gov/uploadedFiles/gamingnvgov/content/about/gaming-revenue/2014Jan-gri.pdf,https://www.gaming.nv.gov/about-us/gaming-revenue-information-gri/,NV/screenshots/NV_2014_01_NV_2014_01_gri_p1.png,"BASKETBALL | 180 180 10,865 -22.12 7.46 | 180 180 20,947 17.26 5.95 | 185 185 56,100 11.41 5.36 |",,2026-04-08T18:39:00.577209
NV,2014-01-01,2014-01-31,monthly,ALL,TOTAL,TOTAL,,combined,baseball,12206785,-91900000,-91900000,,,104106785,,,-7.528599872939517,31,False,False,NV_2014_01_gri.pdf,,,,4,,https://www.gaming.nv.gov/uploadedFiles/gamingnvgov/content/about/gaming-revenue/2014Jan-gri.pdf,https://www.gaming.nv.gov/about-us/gaming-revenue-information-gri/,NV/screenshots/NV_2014_01_NV_2014_01_gri_p1.png,"BASEBALL | 18 18 -919 -28.63 -752.86 | 48 48 -6,539 -14.34 0.00 | 184 184 28,875 -3.58 4.24 |",,2026-04-08T18:39:00.577209
NV,2014-01-01,2014-01-31,monthly,ALL,TOTAL,TOTAL,,combined,parlay,366508689,23200000,23200000,,,343308689,1566000,,0.06329999996262026,31,False,False,NV_2014_01_gri.pdf,,,,4,,https://www.gaming.nv.gov/uploadedFiles/gamingnvgov/content/about/gaming-revenue/2014Jan-gri.pdf,https://www.gaming.nv.gov/about-us/gaming-revenue-information-gri/,NV/screenshots/NV_2014_01_NV_2014_01_gri_p1.png,"SPORTS PARLAY CARDS | 166 166 232 13.06 6.33 | 170 170 8,496 371.92 31.92 | 183 183 19,994 42.20 34.64 |",,2026-04-08T18:39:00.577209
NV,2014-01-01,2014-01-31,monthly,ALL,TOTAL,TOTAL,,combined,other,1547210300,72100000,72100000,,,1475110300,4866750,,0.04660000001292649,31,False,False,NV_2014_01_gri.pdf,,,,4,,https://www.gaming.nv.gov/uploadedFiles/gamingnvgov/content/about/gaming-revenue/2014Jan-gri.pdf,https://www.gaming.nv.gov/about-us/gaming-revenue-information-gri/,NV/screenshots/NV_2014_01_NV_2014_01_gri_p1.png,"OTHER | 721 30.40 4.66 | 3,543 1372.01 6.73 | 14,033 29.57 6.62 |",,2026-04-08T18:39:00.577209
NV,2014-02-01,2014-02-28,monthly,ALL,TOTAL,TOTAL,,combined,,28314232902,3063600000,3063600000,,,25250632902,206793000,,0.10820000000012714,28,False,False,NV_2014_02_gri.pdf,,,,4,,https://www.gaming.nv.gov/uploadedFiles/gamingnvgov/content/about/gaming-revenue/2014Feb-gri.pdf,https://www.gaming.nv.gov/about-us/gaming-revenue-information-gri/,NV/screenshots/NV_2014_02_NV_2014_02_gri_p1.png,"SPORTS POOL (2) | 181 182 30,636 114.64 10.82 | 181 181 72,390 37.31 7.08 | 186 180 224,434 44.83 6.17 |",,2026-04-08T18:39:02.448224
NV,2014-02-01,2014-02-28,monthly,ALL,TOTAL,TOTAL,,combined,football,11334143378,1865600000,1865600000,,,9468543378,125928000,,0.1645999999983413,28,False,False,NV_2014_02_gri.pdf,,,,4,,https://www.gaming.nv.gov/uploadedFiles/gamingnvgov/content/about/gaming-revenue/2014Feb-gri.pdf,https://www.gaming.nv.gov/about-us/gaming-revenue-information-gri/,NV/screenshots/NV_2014_02_NV_2014_02_gri_p1.png,"FOOTBALL | 181 181 18,656 724.12 16.46 | 181 181 40,234 70.20 7.23 | 185 185 105,461 121.49 6.42 |",,2026-04-08T18:39:02.448224
NV,2014-02-01,2014-02-28,monthly,ALL,TOTAL,TOTAL,,combined,basketball,15298387097,948500000,948500000,,,14349887097,64023750,,0.06199999999908487,28,False,False,NV_2014_02_gri.pdf,,,,4,,https://www.gaming.nv.gov/uploadedFiles/gamingnvgov/content/about/gaming-revenue/2014Feb-gri.pdf,https://www.gaming.nv.gov/about-us/gaming-revenue-information-gri/,NV/screenshots/NV_2014_02_NV_2014_02_gri_p1.png,"BASKETBALL | 179 179 9,485 -4.75 6.20 | 180 180 27,158 3.42 6.72 | 185 185 55,628 6.13 5.31 |",,2026-04-08T18:39:02.448224
NV,2014-02-01,2014-02-28,monthly,ALL,TOTAL,TOTAL,,combined,baseball,65252855,-8000000,-8000000,,,73252855,,,-0.12259999964752501,28,False,False,NV_2014_02_gri.pdf,,,,4,,https://www.gaming.nv.gov/uploadedFiles/gamingnvgov/content/about/gaming-revenue/2014Feb-gri.pdf,https://www.gaming.nv.gov/about-us/gaming-revenue-information-gri/,NV/screenshots/NV_2014_02_NV_2014_02_gri_p1.png,"BASEBALL | 147 147 -80 80.55 -12.26 | 147 147 -2,278 6.03 -309.89 | 184 184 29,206 -1.58 4.29 |",,2026-04-08T18:39:02.448224
NV,2014-02-01,2014-02-28,monthly,ALL,TOTAL,TOTAL,,combined,parlay,206967213,111100000,111100000,,,95867213,7499250,,0.5368000002976316,28,False,False,NV_2014_02_gri.pdf,,,,4,,https://www.gaming.nv.gov/uploadedFiles/gamingnvgov/content/about/gaming-revenue/2014Feb-gri.pdf,https://www.gaming.nv.gov/about-us/gaming-revenue-information-gri/,NV/screenshots/NV_2014_02_NV_2014_02_gri_p1.png,"SPORTS PARLAY CARDS | 172 172 1,111 46.17 53.68 | 177 177 4,170 9.32 27.36 | 181 181 20,345 48.47 35.27 |",,2026-04-08T18:39:02.448224
NV,2014-02-01,2014-02-28,monthly,ALL,TOTAL,TOTAL,,combined,other,1385052034,146400000,146400000,,,1238652034,9882000,,0.10570000000447637,28,False,False,NV_2014_02_gri.pdf,,,,4,,https://www.gaming.nv.gov/uploadedFiles/gamingnvgov/content/about/gaming-revenue/2014Feb-gri.pdf,https://www.gaming.nv.gov/about-us/gaming-revenue-information-gri/,NV/screenshots/NV_2014_02_NV_2014_02_gri_p1.png,"OTHER | 1,464 -14.03 10.57 | 3,106 117.23 6.78 | 13,794 19.30 6.64 |",,2026-04-08T18:39:02.448224
NV,2014-03-01,2014-03-31,monthly,ALL,TOTAL,TOTAL,,combined,,37302325581,1283200000,1283200000,,,36019125581,86616000,,0.03440000000036459,31,False,False,NV_2014_03_gri.pdf,,,,4,,https://www.gaming.nv.gov/uploadedFiles/gamingnvgov/content/about/gaming-revenue/2014Mar-gri.pdf,https://www.gaming.nv.gov/about-us/gaming-revenue-information-gri/,NV/screenshots/NV_2014_03_NV_2014_03_gri_p1.png,"SPORTS POOL (2) | 181 182 12,832 -4.97 3.44 | 181 182 56,828 57.95 5.69 | 185 180 223,762 45.46 6.11 |",,2026-04-08T18:39:04.283245
NV,2014-03-01,2014-03-31,monthly,ALL,TOTAL,TOTAL,,combined,football,149352509,-990700000,-990700000,,,1140052509,,,-6.633300013727925,31,False,False,NV_2014_03_gri.pdf,,,,4,,https://www.gaming.nv.gov/uploadedFiles/gamingnvgov/content/about/gaming-revenue/2014Mar-gri.pdf,https://www.gaming.nv.gov/about-us/gaming-revenue-information-gri/,NV/screenshots/NV_2014_03_NV_2014_03_gri_p1.png,"FOOTBALL | 23 23 -9,907 -6.22 -663.33 | 181 181 11,210 187.20 3.84 | 184 184 104,880 123.47 6.38 |",,2026-04-08T18:39:04.283245
NV,2014-03-01,2014-03-31,monthly,ALL,TOTAL,TOTAL,,combined,basketball,34353982301,1941000000,1941000000,,,32412982301,131017500,,0.05649999999981079,31,False,False,NV_2014_03_gri.pdf,,,,4,,https://www.gaming.nv.gov/uploadedFiles/gamingnvgov/content/about/gaming-revenue/2014Mar-gri.pdf,https://www.gaming.nv.gov/about-us/gaming-revenue-information-gri/,NV/screenshots/NV_2014_03_NV_2014_03_gri_p1.png,"BASKETBALL | 180 180 19,410 -9.72 5.65 | 180 180 39,759 -12.44 6.19 | 185 185 53,537 1.82 5.02 |",,2026-04-08T18:39:04.283245
NV,2014-03-01,2014-03-31,monthly,ALL,TOTAL,TOTAL,,combined,baseball,561443067,99600000,99600000,,,461843067,6723000,,0.17739999984717952,31,False,False,NV_2014_03_gri.pdf,,,,4,,https://www.gaming.nv.gov/uploadedFiles/gamingnvgov/content/about/gaming-revenue/2014Mar-gri.pdf,https://www.gaming.nv.gov/about-us/gaming-revenue-information-gri/,NV/screenshots/NV_2014_03_NV_2014_03_gri_p1.png,"BASEBALL | 180 180 996 340.40 17.74 | 180 180 -3 99.71 -0.04 | 185 185 29,976 -0.08 4.39 |",,2026-04-08T18:39:04.283245
NV,2014-03-01,2014-03-31,monthly,ALL,TOTAL,TOTAL,,combined,parlay,129683763,48800000,48800000,,,80883763,3294000,,0.376299999869683,31,False,False,NV_2014_03_gri.pdf,,,,4,,https://www.gaming.nv.gov/uploadedFiles/gamingnvgov/content/about/gaming-revenue/2014Mar-gri.pdf,https://www.gaming.nv.gov/about-us/gaming-revenue-information-gri/,NV/screenshots/NV_2014_03_NV_2014_03_gri_p1.png,"SPORTS PARLAY CARDS | 163 163 488 -3.55 37.63 | 176 176 1,831 24.44 26.04 | 179 179 20,327 46.46 35.24 |",,2026-04-08T18:39:04.283245
NV,2014-03-01,2014-03-31,monthly,ALL,TOTAL,TOTAL,,combined,other,2199046484,184500000,184500000,,,2014546484,12453750,,0.08389999999654396,31,False,False,NV_2014_03_gri.pdf,,,,4,,https://www.gaming.nv.gov/uploadedFiles/gamingnvgov/content/about/gaming-revenue/2014Mar-gri.pdf,https://www.gaming.nv.gov/about-us/gaming-revenue-information-gri/,NV/screenshots/NV_2014_03_NV_2014_03_gri_p1.png,"OTHER | 1,845 208.58 8.39 | 4,030 41.22 7.86 | 15,042 44.07 7.17 |",,2026-04-08T18:39:04.283245
NV,2014-04-01,2014-04-30,monthly,ALL,TOTAL,TOTAL,,combined,,20691964286,927000000,927000000,,,19764964286,62572500,,0.044799999999381404,30,False,False,NV_2014_04_gri.pdf,,,,4,,https://www.gaming.nv.gov/uploadedFiles/gamingnvgov/content/about/gaming-revenue/2014Apr-gri.pdf,https://www.gaming.nv.gov/about-us/gaming-revenue-information-gri/,NV/screenshots/NV_2014_04_NV_2014_04_gri_p1.png,"SPORTS POOL (2) | 181 182 9,270 61.83 4.48 | 181 181 52,738 57.40 6.12 | 184 179 227,302 46.93 6.18 |",,2026-04-08T18:39:06.146726
NV,2014-04-01,2014-04-30,monthly,ALL,TOTAL,TOTAL,,combined,football,49517204,-364100000,-364100000,,,413617204,,,-7.352999979562659,30,False,False,NV_2014_04_gri.pdf,,,,4,,https://www.gaming.nv.gov/uploadedFiles/gamingnvgov/content/about/gaming-revenue/2014Apr-gri.pdf,https://www.gaming.nv.gov/about-us/gaming-revenue-information-gri/,NV/screenshots/NV_2014_04_NV_2014_04_gri_p1.png,"FOOTBALL | 26 26 -3,641 -5.17 -735.30 | 181 181 5,108 148.53 4.49 | 183 183 104,701 123.51 6.37 |",,2026-04-08T18:39:06.146726
NV,2014-04-01,2014-04-30,monthly,ALL,TOTAL,TOTAL,,combined,basketball,9583804143,508900000,508900000,,,9074904143,34350750,,0.053100000000699095,30,False,False,NV_2014_04_gri.pdf,,,,4,,https://www.gaming.nv.gov/uploadedFiles/gamingnvgov/content/about/gaming-revenue/2014Apr-gri.pdf,https://www.gaming.nv.gov/about-us/gaming-revenue-information-gri/,NV/screenshots/NV_2014_04_NV_2014_04_gri_p1.png,"BASKETBALL | 181 181 5,089 526.39 5.31 | 181 181 33,984 5.31 5.74 | 184 184 57,813 5.85 5.37 |",,2026-04-08T18:39:06.146726
NV,2014-04-01,2014-04-30,monthly,ALL,TOTAL,TOTAL,,combined,baseball,8128623188,448700000,448700000,,,7679923188,30287250,,0.0552000000027557,30,False,False,NV_2014_04_gri.pdf,,,,4,,https://www.gaming.nv.gov/uploadedFiles/gamingnvgov/content/about/gaming-revenue/2014Apr-gri.pdf,https://www.gaming.nv.gov/about-us/gaming-revenue-information-gri/,NV/screenshots/NV_2014_04_NV_2014_04_gri_p1.png,"BASEBALL | 180 180 4,487 -30.01 5.52 | 180 180 5,403 -13.21 6.17 | 184 184 28,053 -5.53 4.11 |",,2026-04-08T18:39:06.146726
NV,2014-04-01,2014-04-30,monthly,ALL,TOTAL,TOTAL,,combined,parlay,21092757,-8300000,-8300000,,,29392757,,,-0.39350000571286153,30,False,False,NV_2014_04_gri.pdf,,,,4,,https://www.gaming.nv.gov/uploadedFiles/gamingnvgov/content/about/gaming-revenue/2014Apr-gri.pdf,https://www.gaming.nv.gov/about-us/gaming-revenue-information-gri/,NV/screenshots/NV_2014_04_NV_2014_04_gri_p1.png,"SPORTS PARLAY CARDS | 110 110 -83 -228.28 -39.35 | 176 176 1,516 13.87 42.36 | 178 178 20,178 45.56 34.97 |",,2026-04-08T18:39:06.146726
NV,2014-04-01,2014-04-30,monthly,ALL,TOTAL,TOTAL,,combined,other,2944875108,341900000,341900000,,,2602975108,23078250,,0.11609999998682456,30,False,False,NV_2014_04_gri.pdf,,,,4,,https://www.gaming.nv.gov/uploadedFiles/gamingnvgov/content/about/gaming-revenue/2014Apr-gri.pdf,https://www.gaming.nv.gov/about-us/gaming-revenue-information-gri/,NV/screenshots/NV_2014_04_NV_2014_04_gri_p1.png,"OTHER | 3,419 79.67 11.61 | 6,728 60.05 10.30 | 16,556 71.04 7.60 |",,2026-04-08T18:39:06.146726
NV,2014-05-01,2014-05-31,monthly,ALL,TOTAL,TOTAL,,combined,,22639763780,1150100000,1150100000,,,21489663780,77631750,,0.050799999998939915,31,False,False,NV_2014_05_gri.pdf,,,,4,,https://www.gaming.nv.gov/uploadedFiles/gamingnvgov/content/about/gaming-revenue/2014May-gri.pdf,https://www.gaming.nv.gov/about-us/gaming-revenue-information-gri/,NV/screenshots/NV_2014_05_NV_2014_05_gri_p1.png,"SPORTS POOL (2) | 181 182 11,501 100.15 5.08 | 181 180 33,616 34.58 4.17 | 184 179 233,219 54.56 6.31 |",,2026-04-08T18:39:07.994074
NV,2014-05-01,2014-05-31,monthly,ALL,TOTAL,TOTAL,,combined,football,119969628,-158000000,-158000000,,,277969628,,,-1.3169999993665062,31,False,False,NV_2014_05_gri.pdf,,,,4,,https://www.gaming.nv.gov/uploadedFiles/gamingnvgov/content/about/gaming-revenue/2014May-gri.pdf,https://www.gaming.nv.gov/about-us/gaming-revenue-information-gri/,NV/screenshots/NV_2014_05_NV_2014_05_gri_p1.png,"FOOTBALL | 56 56 -1,580 -1.22 -131.70 | 71 71 -15,127 -5.42 0.00 | 183 183 104,682 120.28 6.38 |",,2026-04-08T18:39:07.994074
NV,2014-05-01,2014-05-31,monthly,ALL,TOTAL,TOTAL,,combined,basketball,9176282051,286300000,286300000,,,8889982051,19325250,,0.031200000000958995,31,False,False,NV_2014_05_gri.pdf,,,,4,,https://www.gaming.nv.gov/uploadedFiles/gamingnvgov/content/about/gaming-revenue/2014May-gri.pdf,https://www.gaming.nv.gov/about-us/gaming-revenue-information-gri/,NV/screenshots/NV_2014_05_NV_2014_05_gri_p1.png,"BASKETBALL | 181 181 2,863 61.24 3.12 | 181 181 27,362 13.59 5.15 | 184 184 58,901 12.56 5.37 |",,2026-04-08T18:39:07.994074
NV,2014-05-01,2014-05-31,monthly,ALL,TOTAL,TOTAL,,combined,baseball,10703225806,829500000,829500000,,,9873725806,55991250,,0.07750000000327004,31,False,False,NV_2014_05_gri.pdf,,,,4,,https://www.gaming.nv.gov/uploadedFiles/gamingnvgov/content/about/gaming-revenue/2014May-gri.pdf,https://www.gaming.nv.gov/about-us/gaming-revenue-information-gri/,NV/screenshots/NV_2014_05_NV_2014_05_gri_p1.png,"BASEBALL | 181 181 8,295 95.65 7.75 | 181 181 13,778 26.68 7.11 | 184 184 32,108 12.92 4.71 |",,2026-04-08T18:39:07.994074
NV,2014-05-01,2014-05-31,monthly,ALL,TOTAL,TOTAL,,combined,parlay,14248480,8200000,8200000,,,6048480,553500,,0.5754999831560981,31,False,False,NV_2014_05_gri.pdf,,,,4,,https://www.gaming.nv.gov/uploadedFiles/gamingnvgov/content/about/gaming-revenue/2014May-gri.pdf,https://www.gaming.nv.gov/about-us/gaming-revenue-information-gri/,NV/screenshots/NV_2014_05_NV_2014_05_gri_p1.png,"SPORTS PARLAY CARDS | 105 105 82 72.31 57.55 | 167 167 499 -19.36 29.89 | 178 178 20,375 47.51 35.10 |",,2026-04-08T18:39:07.994074
NV,2014-05-01,2014-05-31,monthly,ALL,TOTAL,TOTAL,,combined,other,2703377386,184100000,184100000,,,2519277386,12426750,,0.06810000000495676,31,False,False,NV_2014_05_gri.pdf,,,,4,,https://www.gaming.nv.gov/uploadedFiles/gamingnvgov/content/about/gaming-revenue/2014May-gri.pdf,https://www.gaming.nv.gov/about-us/gaming-revenue-information-gri/,NV/screenshots/NV_2014_05_NV_2014_05_gri_p1.png,"OTHER | 1,841 47.97 6.81 | 7,105 89.72 9.05 | 17,153 95.13 7.75 |",,2026-04-08T18:39:07.994074
NV,2014-06-01,2014-06-30,monthly,ALL,TOTAL,TOTAL,,combined,,22034267913,707300000,707300000,,,21326967913,47742750,,0.0320999999996687,30,False,False,NV_2014_06_gri.pdf,,,,4,,https://www.gaming.nv.gov/uploadedFiles/gamingnvgov/content/about/gaming-revenue/2014Jun-gri.pdf,https://www.gaming.nv.gov/about-us/gaming-revenue-information-gri/,NV/screenshots/NV_2014_06_NV_2014_06_gri_p1.png,"SPORTS POOL (2) | 181 182 7,073 -44.76 3.21 | 181 180 27,846 14.70 4.26 | 183 179 227,489 46.52 6.08 |",,2026-04-08T18:39:09.872936
NV,2014-06-01,2014-06-30,monthly,ALL,TOTAL,TOTAL,,combined,football,35346960,-54300000,-54300000,,,89646960,,,-1.5362000013579669,30,False,False,NV_2014_06_gri.pdf,,,,4,,https://www.gaming.nv.gov/uploadedFiles/gamingnvgov/content/about/gaming-revenue/2014Jun-gri.pdf,https://www.gaming.nv.gov/about-us/gaming-revenue-information-gri/,NV/screenshots/NV_2014_06_NV_2014_06_gri_p1.png,"FOOTBALL | 135 135 -543 -150.29 -153.62 | 138 138 -5,764 -10.01 -975.55 | 183 183 104,356 119.21 6.36 |",,2026-04-08T18:39:09.872936
NV,2014-06-01,2014-06-30,monthly,ALL,TOTAL,TOTAL,,combined,basketball,3100427350,-290200000,-290200000,,,3390627350,,,-0.09360000001290145,30,False,False,NV_2014_06_gri.pdf,,,,4,,https://www.gaming.nv.gov/uploadedFiles/gamingnvgov/content/about/gaming-revenue/2014Jun-gri.pdf,https://www.gaming.nv.gov/about-us/gaming-revenue-information-gri/,NV/screenshots/NV_2014_06_NV_2014_06_gri_p1.png,"BASKETBALL | 181 181 -2,902 -185.97 -9.36 | 181 181 5,050 -15.31 2.31 | 183 183 52,624 -3.16 4.86 |",,2026-04-08T18:39:09.872936
NV,2014-06-01,2014-06-30,monthly,ALL,TOTAL,TOTAL,,combined,baseball,13534328358,453400000,453400000,,,13080928358,30604500,,0.033500000000517206,30,False,False,NV_2014_06_gri.pdf,,,,4,,https://www.gaming.nv.gov/uploadedFiles/gamingnvgov/content/about/gaming-revenue/2014Jun-gri.pdf,https://www.gaming.nv.gov/about-us/gaming-revenue-information-gri/,NV/screenshots/NV_2014_06_NV_2014_06_gri_p1.png,"BASEBALL | 181 181 4,534 -34.07 3.35 | 181 181 17,315 -1.21 5.35 | 183 183 29,765 -4.28 4.25 |",,2026-04-08T18:39:09.872936
NV,2014-06-01,2014-06-30,monthly,ALL,TOTAL,TOTAL,,combined,parlay,14725569,7700000,7700000,,,7025569,519750,,0.5228999979559363,30,False,False,NV_2014_06_gri.pdf,,,,4,,https://www.gaming.nv.gov/uploadedFiles/gamingnvgov/content/about/gaming-revenue/2014Jun-gri.pdf,https://www.gaming.nv.gov/about-us/gaming-revenue-information-gri/,NV/screenshots/NV_2014_06_NV_2014_06_gri_p1.png,"SPORTS PARLAY CARDS | 118 118 77 103.17 52.29 | 125 125 77 -48.58 15.35 | 178 178 20,414 48.30 35.14 |",,2026-04-08T18:39:09.872936
NV,2014-06-01,2014-06-30,monthly,ALL,TOTAL,TOTAL,,combined,other,5336946703,590800000,590800000,,,4746146703,39879000,,0.11069999999585906,30,False,False,NV_2014_06_gri.pdf,,,,4,,https://www.gaming.nv.gov/uploadedFiles/gamingnvgov/content/about/gaming-revenue/2014Jun-gri.pdf,https://www.gaming.nv.gov/about-us/gaming-revenue-information-gri/,NV/screenshots/NV_2014_06_NV_2014_06_gri_p1.png,"OTHER | 5,908 116.32 11.07 | 11,167 89.99 10.17 | 20,330 140.38 7.95 |",,2026-04-08T18:39:09.872936
NV,2014-07-01,2014-07-31,monthly,ALL,TOTAL,TOTAL,,combined,,17608695652,40500000,40500000,,,17568195652,2733750,,0.002300000000022716,31,False,False,NV_2014_07_gri.pdf,,,,4,,https://www.gaming.nv.gov/uploadedFiles/gamingnvgov/content/about/gaming-revenue/2014Jul-gri.pdf,https://www.gaming.nv.gov/about-us/gaming-revenue-information-gri/,NV/screenshots/NV_2014_07_NV_2014_07_gri_p1.png,"SPORTS POOL (2) | 184 185 405 174.16 0.23 | 184 183 18,980 5.14 3.05 | 184 182 228,522 53.29 6.06 |",,2026-04-08T18:39:11.653778
NV,2014-07-01,2014-07-31,monthly,ALL,TOTAL,TOTAL,,combined,football,102108768,9200000,9200000,,,92908768,621000,,0.09010000003133913,31,False,False,NV_2014_07_gri.pdf,,,,4,,https://www.gaming.nv.gov/uploadedFiles/gamingnvgov/content/about/gaming-revenue/2014Jul-gri.pdf,https://www.gaming.nv.gov/about-us/gaming-revenue-information-gri/,NV/screenshots/NV_2014_07_NV_2014_07_gri_p1.png,"FOOTBALL | 161 161 92 197.88 9.01 | 167 167 -2,031 -8.53 -134.28 | 183 183 104,542 119.14 6.37 |",,2026-04-08T18:39:11.653778
NV,2014-07-01,2014-07-31,monthly,ALL,TOTAL,TOTAL,,combined,basketball,556989838,-202800000,-202800000,,,759789838,,,-0.3640999999716332,31,False,False,NV_2014_07_gri.pdf,,,,4,,https://www.gaming.nv.gov/uploadedFiles/gamingnvgov/content/about/gaming-revenue/2014Jul-gri.pdf,https://www.gaming.nv.gov/about-us/gaming-revenue-information-gri/,NV/screenshots/NV_2014_07_NV_2014_07_gri_p1.png,"BASKETBALL | 181 181 -2,028 27.35 -36.41 | 184 184 -2,066 -187.56 -1.61 | 184 184 53,388 0.50 4.92 |",,2026-04-08T18:39:11.653778
NV,2014-07-01,2014-07-31,monthly,ALL,TOTAL,TOTAL,,combined,baseball,13455357143,150700000,150700000,,,13304657143,10172250,,0.011199999999881088,31,False,False,NV_2014_07_gri.pdf,,,,4,,https://www.gaming.nv.gov/uploadedFiles/gamingnvgov/content/about/gaming-revenue/2014Jul-gri.pdf,https://www.gaming.nv.gov/about-us/gaming-revenue-information-gri/,NV/screenshots/NV_2014_07_NV_2014_07_gri_p1.png,"BASEBALL | 183 183 1,507 -52.72 1.12 | 184 184 14,336 0.22 3.80 | 184 184 28,084 4.03 3.98 |",,2026-04-08T18:39:11.653778
NV,2014-07-01,2014-07-31,monthly,ALL,TOTAL,TOTAL,,combined,parlay,10138741,1900000,1900000,,,8238741,128250,,0.18739999374675811,31,False,False,NV_2014_07_gri.pdf,,,,4,,https://www.gaming.nv.gov/uploadedFiles/gamingnvgov/content/about/gaming-revenue/2014Jul-gri.pdf,https://www.gaming.nv.gov/about-us/gaming-revenue-information-gri/,NV/screenshots/NV_2014_07_NV_2014_07_gri_p1.png,"SPORTS PARLAY CARDS | 100 100 19 -57.55 18.74 | 127 127 177 37.16 45.62 | 178 178 20,389 48.51 35.10 |",,2026-04-08T18:39:11.653778
NV,2014-07-01,2014-07-31,monthly,ALL,TOTAL,TOTAL,,combined,other,3385892116,81600000,81600000,,,3304292116,5508000,,0.02410000000129951,31,False,False,NV_2014_07_gri.pdf,,,,4,,https://www.gaming.nv.gov/uploadedFiles/gamingnvgov/content/about/gaming-revenue/2014Jul-gri.pdf,https://www.gaming.nv.gov/about-us/gaming-revenue-information-gri/,NV/screenshots/NV_2014_07_NV_2014_07_gri_p1.png,"OTHER | 816 191.35 2.41 | 8,564 173.57 7.49 | 22,120 193.77 7.81 |",,2026-04-08T18:39:11.653778
NV,2014-08-01,2014-08-31,monthly,ALL,TOTAL,TOTAL,,combined,,18702302632,1137100000,1137100000,,,17565202632,76754250,,0.060799999998631185,31,False,False,NV_2014_08_gri.pdf,,,,4,,https://www.gaming.nv.gov/uploadedFiles/gamingnvgov/content/about/gaming-revenue/2014Aug-gri.pdf,https://www.gaming.nv.gov/about-us/gaming-revenue-information-gri/,NV/screenshots/NV_2014_08_NV_2014_08_gri_p1.png,"SPORTS POOL (2) | 186 187 11,371 -20.28 6.08 | 188 183 18,850 -29.06 3.23 | 188 181 225,648 44.49 5.97 |",,2026-04-08T18:39:13.500425
NV,2014-08-01,2014-08-31,monthly,ALL,TOTAL,TOTAL,,combined,football,5768124281,1002500000,1002500000,,,4765624281,67668750,,0.17379999999344675,31,False,False,NV_2014_08_gri.pdf,,,,4,,https://www.gaming.nv.gov/uploadedFiles/gamingnvgov/content/about/gaming-revenue/2014Aug-gri.pdf,https://www.gaming.nv.gov/about-us/gaming-revenue-information-gri/,NV/screenshots/NV_2014_08_NV_2014_08_gri_p1.png,"FOOTBALL | 186 186 10,025 5.20 17.38 | 188 188 9,574 3.85 16.21 | 188 188 105,037 108.06 6.36 |",,2026-04-08T18:39:13.500425
NV,2014-08-01,2014-08-31,monthly,ALL,TOTAL,TOTAL,,combined,basketball,338139870,-93800000,-93800000,,,431939870,,,-0.2774000001833561,31,False,False,NV_2014_08_gri.pdf,,,,4,,https://www.gaming.nv.gov/uploadedFiles/gamingnvgov/content/about/gaming-revenue/2014Aug-gri.pdf,https://www.gaming.nv.gov/about-us/gaming-revenue-information-gri/,NV/screenshots/NV_2014_08_NV_2014_08_gri_p1.png,"BASKETBALL | 177 177 -938 -38.36 -27.74 | 186 186 -5,867 -6137.06 -14.69 | 186 186 53,127 -0.12 4.89 |",,2026-04-08T18:39:13.500425
NV,2014-08-01,2014-08-31,monthly,ALL,TOTAL,TOTAL,,combined,baseball,11822695035,333400000,333400000,,,11489295035,22504500,,0.02820000000109958,31,False,False,NV_2014_08_gri.pdf,,,,4,,https://www.gaming.nv.gov/uploadedFiles/gamingnvgov/content/about/gaming-revenue/2014Aug-gri.pdf,https://www.gaming.nv.gov/about-us/gaming-revenue-information-gri/,NV/screenshots/NV_2014_08_NV_2014_08_gri_p1.png,"BASEBALL | 186 186 3,334 -35.93 2.82 | 188 188 9,374 -38.60 2.41 | 188 188 26,215 -14.54 3.73 |",,2026-04-08T18:39:13.500425
NV,2014-08-01,2014-08-31,monthly,ALL,TOTAL,TOTAL,,combined,parlay,90386317,61300000,61300000,,,29086317,4137750,,0.6781999979045501,31,False,False,NV_2014_08_gri.pdf,,,,4,,https://www.gaming.nv.gov/uploadedFiles/gamingnvgov/content/about/gaming-revenue/2014Aug-gri.pdf,https://www.gaming.nv.gov/about-us/gaming-revenue-information-gri/,NV/screenshots/NV_2014_08_NV_2014_08_gri_p1.png,"SPORTS PARLAY CARDS | 170 170 613 -0.04 67.82 | 173 173 708 1.92 61.60 | 183 183 20,408 44.90 35.14 |",,2026-04-08T18:39:13.500425
NV,2014-08-01,2014-08-31,monthly,ALL,TOTAL,TOTAL,,combined,other,678367347,-166200000,-166200000,,,844567347,,,-0.2449999999778881,31,False,False,NV_2014_08_gri.pdf,,,,4,,https://www.gaming.nv.gov/uploadedFiles/gamingnvgov/content/about/gaming-revenue/2014Aug-gri.pdf,https://www.gaming.nv.gov/about-us/gaming-revenue-information-gri/,NV/screenshots/NV_2014_08_NV_2014_08_gri_p1.png,"OTHER | -1,662 -311.63 -24.50 | 5,061 241.36 5.38 | 20,861 169.75 7.37 |",,2026-04-08T18:39:13.500425
NV,2014-09-01,2014-09-30,monthly,ALL,TOTAL,TOTAL,,combined,,45093117409,4455200000,4455200000,,,40637917409,300726000,,0.09879999999979598,30,False,False,NV_2014_09_gri.pdf,,,,4,,https://www.gaming.nv.gov/uploadedFiles/gamingnvgov/content/about/gaming-revenue/2014Sep-gri.pdf,https://www.gaming.nv.gov/about-us/gaming-revenue-information-gri/,NV/screenshots/NV_2014_09_NV_2014_09_gri_p1.png,"SPORTS POOL (2) | 186 187 44,552 12.16 9.88 | 188 184 56,328 5.41 6.92 | 188 181 230,422 61.67 6.08 |",,2026-04-08T18:39:15.357108
NV,2014-09-01,2014-09-30,monthly,ALL,TOTAL,TOTAL,,combined,football,33916287534,3727400000,3727400000,,,30188887534,251599500,,0.10990000000039508,30,False,False,NV_2014_09_gri.pdf,,,,4,,https://www.gaming.nv.gov/uploadedFiles/gamingnvgov/content/about/gaming-revenue/2014Sep-gri.pdf,https://www.gaming.nv.gov/about-us/gaming-revenue-information-gri/,NV/screenshots/NV_2014_09_NV_2014_09_gri_p1.png,"FOOTBALL | 186 186 37,274 33.41 10.99 | 188 188 47,392 26.79 11.91 | 188 188 114,371 227.48 6.92 |",,2026-04-08T18:39:15.357108
NV,2014-09-01,2014-09-30,monthly,ALL,TOTAL,TOTAL,,combined,basketball,133069592,-74000000,-74000000,,,207069592,,,-0.556099999164347,30,False,False,NV_2014_09_gri.pdf,,,,4,,https://www.gaming.nv.gov/uploadedFiles/gamingnvgov/content/about/gaming-revenue/2014Sep-gri.pdf,https://www.gaming.nv.gov/about-us/gaming-revenue-information-gri/,NV/screenshots/NV_2014_09_NV_2014_09_gri_p1.png,"BASKETBALL | 175 175 -740 -38.51 -55.61 | 184 184 -3,706 7.44 -36.04 | 186 186 52,870 -0.79 4.87 |",,2026-04-08T18:39:15.357108
NV,2014-09-01,2014-09-30,monthly,ALL,TOTAL,TOTAL,,combined,baseball,8569892473,159400000,159400000,,,8410492473,10759500,,0.018600000000256713,30,False,False,NV_2014_09_gri.pdf,,,,4,,https://www.gaming.nv.gov/uploadedFiles/gamingnvgov/content/about/gaming-revenue/2014Sep-gri.pdf,https://www.gaming.nv.gov/about-us/gaming-revenue-information-gri/,NV/screenshots/NV_2014_09_NV_2014_09_gri_p1.png,"BASEBALL | 186 186 1,594 -66.31 1.86 | 188 188 6,435 -50.97 1.90 | 188 188 23,074 -30.92 3.20 |",,2026-04-08T18:39:15.357108
NV,2014-09-01,2014-09-30,monthly,ALL,TOTAL,TOTAL,,combined,parlay,1242783709,628600000,628600000,,,614183709,42430500,,0.5057999999901833,30,False,False,NV_2014_09_gri.pdf,,,,4,,https://www.gaming.nv.gov/uploadedFiles/gamingnvgov/content/about/gaming-revenue/2014Sep-gri.pdf,https://www.gaming.nv.gov/about-us/gaming-revenue-information-gri/,NV/screenshots/NV_2014_09_NV_2014_09_gri_p1.png,"SPORTS PARLAY CARDS | 183 183 6,286 26.10 50.58 | 184 184 6,917 22.61 51.50 | 186 186 21,709 92.70 37.65 |",,2026-04-08T18:39:15.357108
NV,2014-09-01,2014-09-30,monthly,ALL,TOTAL,TOTAL,,combined,other,1234234234,13700000,13700000,,,1220534234,924750,,0.011100000002106569,30,False,False,NV_2014_09_gri.pdf,,,,4,,https://www.gaming.nv.gov/uploadedFiles/gamingnvgov/content/about/gaming-revenue/2014Sep-gri.pdf,https://www.gaming.nv.gov/about-us/gaming-revenue-information-gri/,NV/screenshots/NV_2014_09_NV_2014_09_gri_p1.png,"OTHER | 137 -94.72 1.11 | -710 -154.61 -1.34 | 18,398 90.86 6.73 |",,2026-04-08T18:39:15.357108
NV,2014-10-01,2014-10-31,monthly,ALL,TOTAL,TOTAL,,combined,,47334476844,2759600000,2759600000,,,44574876844,186273000,,0.05829999999989014,31,False,False,NV_2014_10_gri.pdf,,,,4,,https://www.gaming.nv.gov/uploadedFiles/gamingnvgov/content/about/gaming-revenue/2014Oct-gri.pdf,https://www.gaming.nv.gov/about-us/gaming-revenue-information-gri/,NV/screenshots/NV_2014_10_NV_2014_10_gri_p1.png,"SPORTS POOL (2) | 187 188 27,596 -9.06 5.83 | 187 187 83,519 -0.96 7.51 | 189 181 227,674 37.02 5.95 |",,2026-04-08T18:39:17.229832
NV,2014-10-01,2014-10-31,monthly,ALL,TOTAL,TOTAL,,combined,football,37988814318,1698100000,1698100000,,,36290714318,114621750,,0.04469999999961568,31,False,False,NV_2014_10_gri.pdf,,,,4,,https://www.gaming.nv.gov/uploadedFiles/gamingnvgov/content/about/gaming-revenue/2014Oct-gri.pdf,https://www.gaming.nv.gov/about-us/gaming-revenue-information-gri/,NV/screenshots/NV_2014_10_NV_2014_10_gri_p1.png,"FOOTBALL | 186 186 16,981 -6.15 4.47 | 187 187 64,280 15.69 8.27 | 189 189 113,258 91.15 6.70 |",,2026-04-08T18:39:17.229832
NV,2014-10-01,2014-10-31,monthly,ALL,TOTAL,TOTAL,,combined,basketball,1340239044,168200000,168200000,,,1172039044,11353500,,0.12549999998358502,31,False,False,NV_2014_10_gri.pdf,,,,4,,https://www.gaming.nv.gov/uploadedFiles/gamingnvgov/content/about/gaming-revenue/2014Oct-gri.pdf,https://www.gaming.nv.gov/about-us/gaming-revenue-information-gri/,NV/screenshots/NV_2014_10_NV_2014_10_gri_p1.png,"BASKETBALL | 186 186 1,682 -3.05 12.55 | 187 187 4 -99.18 0.02 | 189 189 52,817 -0.38 4.85 |",,2026-04-08T18:39:17.229832
NV,2014-10-01,2014-10-31,monthly,ALL,TOTAL,TOTAL,,combined,baseball,4992052980,376900000,376900000,,,4615152980,25440750,,0.07550000000200319,31,False,False,NV_2014_10_gri.pdf,,,,4,,https://www.gaming.nv.gov/uploadedFiles/gamingnvgov/content/about/gaming-revenue/2014Oct-gri.pdf,https://www.gaming.nv.gov/about-us/gaming-revenue-information-gri/,NV/screenshots/NV_2014_10_NV_2014_10_gri_p1.png,"BASEBALL | 187 187 3,769 -23.81 7.55 | 187 187 8,698 -41.57 3.42 | 189 189 21,896 -26.26 3.04 |",,2026-04-08T18:39:17.229832
NV,2014-10-01,2014-10-31,monthly,ALL,TOTAL,TOTAL,,combined,parlay,1322974150,455500000,455500000,,,867474150,30746250,,0.3443000001171603,31,False,False,NV_2014_10_gri.pdf,,,,4,,https://www.gaming.nv.gov/uploadedFiles/gamingnvgov/content/about/gaming-revenue/2014Oct-gri.pdf,https://www.gaming.nv.gov/about-us/gaming-revenue-information-gri/,NV/screenshots/NV_2014_10_NV_2014_10_gri_p1.png,"SPORTS PARLAY CARDS | 183 183 4,555 1.48 34.43 | 184 184 11,453 13.56 43.12 | 187 187 21,775 63.15 37.95 |",,2026-04-08T18:39:17.229832
NV,2014-10-01,2014-10-31,monthly,ALL,TOTAL,TOTAL,,combined,other,1701117318,60900000,60900000,,,1640217318,4110750,,0.03580000000917044,31,False,False,NV_2014_10_gri.pdf,,,,4,,https://www.gaming.nv.gov/uploadedFiles/gamingnvgov/content/about/gaming-revenue/2014Oct-gri.pdf,https://www.gaming.nv.gov/about-us/gaming-revenue-information-gri/,NV/screenshots/NV_2014_10_NV_2014_10_gri_p1.png,"OTHER | 609 -43.59 3.58 | -916 -127.99 -2.53 | 17,927 65.26 6.65 |",,2026-04-08T18:39:17.229832
NV,2014-11-01,2014-11-30,monthly,ALL,TOTAL,TOTAL,,combined,,53543801653,3239400000,3239400000,,,50304401653,218659500,,0.0604999999998786,30,False,False,NV_2014_11_gri.pdf,,,,4,,https://www.gaming.nv.gov/uploadedFiles/gamingnvgov/content/about/gaming-revenue/2014Nov-gri.pdf,https://www.gaming.nv.gov/about-us/gaming-revenue-information-gri/,NV/screenshots/NV_2014_11_NV_2014_11_gri_p1.png,"SPORTS POOL (2) | 187 188 32,394 5.66 6.05 | 188 188 104,542 3.79 7.16 | 190 183 229,410 11.91 5.92 |",,2026-04-08T18:39:19.011469
NV,2014-11-01,2014-11-30,monthly,ALL,TOTAL,TOTAL,,combined,football,40071839080,2789000000,2789000000,,,37282839080,188257500,,0.06960000000079856,30,False,False,NV_2014_11_gri.pdf,,,,4,,https://www.gaming.nv.gov/uploadedFiles/gamingnvgov/content/about/gaming-revenue/2014Nov-gri.pdf,https://www.gaming.nv.gov/about-us/gaming-revenue-information-gri/,NV/screenshots/NV_2014_11_NV_2014_11_gri_p1.png,"FOOTBALL | 187 187 27,890 14.66 6.96 | 188 188 82,144 16.75 7.33 | 190 190 116,825 31.46 6.73 |",,2026-04-08T18:39:19.011469
NV,2014-11-01,2014-11-30,monthly,ALL,TOTAL,TOTAL,,combined,basketball,9974921630,318200000,318200000,,,9656721630,21478500,,0.03190000000030076,30,False,False,NV_2014_11_gri.pdf,,,,4,,https://www.gaming.nv.gov/uploadedFiles/gamingnvgov/content/about/gaming-revenue/2014Nov-gri.pdf,https://www.gaming.nv.gov/about-us/gaming-revenue-information-gri/,NV/screenshots/NV_2014_11_NV_2014_11_gri_p1.png,"BASKETBALL | 186 186 3,182 -2.81 3.19 | 187 187 4,124 -7.84 3.60 | 190 190 52,725 -3.66 4.84 |",,2026-04-08T18:39:19.011469
NV,2014-11-01,2014-11-30,monthly,ALL,TOTAL,TOTAL,,combined,baseball,65023975,-469200000,-469200000,,,534223975,,,-7.215800018377837,30,False,False,NV_2014_11_gri.pdf,,,,4,,https://www.gaming.nv.gov/uploadedFiles/gamingnvgov/content/about/gaming-revenue/2014Nov-gri.pdf,https://www.gaming.nv.gov/about-us/gaming-revenue-information-gri/,NV/screenshots/NV_2014_11_NV_2014_11_gri_p1.png,"BASEBALL | 53 53 -4,692 -8.10 -721.58 | 187 187 672 -87.42 0.49 | 189 189 21,544 -25.86 2.99 |",,2026-04-08T18:39:19.011469
NV,2014-11-01,2014-11-30,monthly,ALL,TOTAL,TOTAL,,combined,parlay,1468723464,518900000,518900000,,,949823464,35025750,,0.35330000011492974,30,False,False,NV_2014_11_gri.pdf,,,,4,,https://www.gaming.nv.gov/uploadedFiles/gamingnvgov/content/about/gaming-revenue/2014Nov-gri.pdf,https://www.gaming.nv.gov/about-us/gaming-revenue-information-gri/,NV/screenshots/NV_2014_11_NV_2014_11_gri_p1.png,"SPORTS PARLAY CARDS | 182 182 5,189 -5.45 35.33 | 184 184 16,029 7.14 39.73 | 187 187 21,476 6.91 36.70 |",,2026-04-08T18:39:19.011469
NV,2014-11-01,2014-11-30,monthly,ALL,TOTAL,TOTAL,,combined,other,1950471698,82700000,82700000,,,1867771698,5582250,,0.04240000000246094,30,False,False,NV_2014_11_gri.pdf,,,,4,,https://www.gaming.nv.gov/uploadedFiles/gamingnvgov/content/about/gaming-revenue/2014Nov-gri.pdf,https://www.gaming.nv.gov/about-us/gaming-revenue-information-gri/,NV/screenshots/NV_2014_11_NV_2014_11_gri_p1.png,"OTHER | 827 -56.83 4.24 | 1,573 -71.87 3.22 | 16,839 37.48 6.29 |",,2026-04-08T18:39:19.011469
NV,2014-12-01,2014-12-31,monthly,ALL,TOTAL,TOTAL,,combined,,42706557377,2605100000,2605100000,,,40101457377,175844250,,0.06100000000007025,31,False,False,NV_2014_12_gri.pdf,,,,4,,https://www.gaming.nv.gov/uploadedFiles/gamingnvgov/content/about/gaming-revenue/2014Dec-gri.pdf,https://www.gaming.nv.gov/about-us/gaming-revenue-information-gri/,NV/screenshots/NV_2014_12_NV_2014_12_gri_p1.png,"SPORTS POOL (2) | 187 188 26,051 -8.32 6.10 | 188 188 86,041 -3.78 5.99 | 190 183 227,045 11.75 5.82 |",,2026-04-08T18:39:20.889482
NV,2014-12-01,2014-12-31,monthly,ALL,TOTAL,TOTAL,,combined,football,27724913495,1602500000,1602500000,,,26122413495,108168750,,0.057799999999603245,31,False,False,NV_2014_12_gri.pdf,,,,4,,https://www.gaming.nv.gov/uploadedFiles/gamingnvgov/content/about/gaming-revenue/2014Dec-gri.pdf,https://www.gaming.nv.gov/about-us/gaming-revenue-information-gri/,NV/screenshots/NV_2014_12_NV_2014_12_gri_p1.png,"FOOTBALL | 187 187 16,025 -16.18 5.78 | 188 188 60,895 -1.04 5.75 | 190 190 113,732 40.73 6.50 |",,2026-04-08T18:39:20.889482
NV,2014-12-01,2014-12-31,monthly,ALL,TOTAL,TOTAL,,combined,basketball,12552036199,832200000,832200000,,,11719836199,56173500,,0.06630000000050192,31,False,False,NV_2014_12_gri.pdf,,,,4,,https://www.gaming.nv.gov/uploadedFiles/gamingnvgov/content/about/gaming-revenue/2014Dec-gri.pdf,https://www.gaming.nv.gov/about-us/gaming-revenue-information-gri/,NV/screenshots/NV_2014_12_NV_2014_12_gri_p1.png,"BASKETBALL | 186 186 8,322 22.23 6.63 | 188 188 13,186 11.58 5.53 | 190 190 54,239 -8.36 4.89 |",,2026-04-08T18:39:20.889482
NV,2014-12-01,2014-12-31,monthly,ALL,TOTAL,TOTAL,,combined,baseball,20153323,-153000000,-153000000,,,173153323,,,-7.591800121498574,31,False,False,NV_2014_12_gri.pdf,,,,4,,https://www.gaming.nv.gov/uploadedFiles/gamingnvgov/content/about/gaming-revenue/2014Dec-gri.pdf,https://www.gaming.nv.gov/about-us/gaming-revenue-information-gri/,NV/screenshots/NV_2014_12_NV_2014_12_gri_p1.png,"BASEBALL | 25 25 -1,530 -19.60 -759.18 | 187 187 -2,453 -264.88 -4.85 | 189 189 21,294 -26.77 2.95 |",,2026-04-08T18:39:20.889482
NV,2014-12-01,2014-12-31,monthly,ALL,TOTAL,TOTAL,,combined,parlay,882627543,264700000,264700000,,,617927543,17867250,,0.2998999998349247,31,False,False,NV_2014_12_gri.pdf,,,,4,,https://www.gaming.nv.gov/uploadedFiles/gamingnvgov/content/about/gaming-revenue/2014Dec-gri.pdf,https://www.gaming.nv.gov/about-us/gaming-revenue-information-gri/,NV/screenshots/NV_2014_12_NV_2014_12_gri_p1.png,"SPORTS PARLAY CARDS | 184 184 2,647 -6.87 29.99 | 186 186 12,390 -3.34 33.72 | 188 188 21,281 5.97 36.83 |",,2026-04-08T18:39:20.889482
NV,2014-12-01,2014-12-31,monthly,ALL,TOTAL,TOTAL,,combined,other,1569518717,58700000,58700000,,,1510818717,3962250,,0.03739999998993322,31,False,False,NV_2014_12_gri.pdf,,,,4,,https://www.gaming.nv.gov/uploadedFiles/gamingnvgov/content/about/gaming-revenue/2014Dec-gri.pdf,https://www.gaming.nv.gov/about-us/gaming-revenue-information-gri/,NV/screenshots/NV_2014_12_NV_2014_12_gri_p1.png,"OTHER | 587 -36.63 3.74 | 2,023 -48.41 3.88 | 16,500 17.85 6.18 |",,2026-04-08T18:39:20.889482
NV,2015-01-01,2015-01-31,monthly,ALL,TOTAL,TOTAL,,combined,,38746183206,2030300000,2030300000,,,36715883206,137045250,,0.05240000000014453,31,False,False,NV_2015_01_gri.pdf,,,,4,,https://www.gaming.nv.gov/uploadedFiles/gamingnvgov/content/about/gaming-revenue/2015Jan-gri.pdf,https://www.gaming.nv.gov/about-us/gaming-revenue-information-gri/,NV/screenshots/NV_2015_01_NV_2015_01_gri_p1.png,"SPORTS POOL (2) | 188 189 20,303 51.72 5.24 | 189 188 78,749 8.69 5.83 | 192 183 233,967 12.30 5.93 |",,2026-04-08T18:39:22.754473
NV,2015-01-01,2015-01-31,monthly,ALL,TOTAL,TOTAL,,combined,football,18425196850,468000000,468000000,,,17957196850,31590000,,0.025400000000542735,31,False,False,NV_2015_01_gri.pdf,,,,4,,https://www.gaming.nv.gov/uploadedFiles/gamingnvgov/content/about/gaming-revenue/2015Jan-gri.pdf,https://www.gaming.nv.gov/about-us/gaming-revenue-information-gri/,NV/screenshots/NV_2015_01_NV_2015_01_gri_p1.png,"FOOTBALL | 187 187 4,680 90.16 2.54 | 188 188 48,594 5.87 5.63 | 191 191 115,951 30.18 6.61 |",,2026-04-08T18:39:22.754473
NV,2015-01-01,2015-01-31,monthly,ALL,TOTAL,TOTAL,,combined,basketball,17722433460,1398300000,1398300000,,,16324133460,94385250,,0.07890000000033856,31,False,False,NV_2015_01_gri.pdf,,,,4,,https://www.gaming.nv.gov/uploadedFiles/gamingnvgov/content/about/gaming-revenue/2015Jan-gri.pdf,https://www.gaming.nv.gov/about-us/gaming-revenue-information-gri/,NV/screenshots/NV_2015_01_NV_2015_01_gri_p1.png,"BASKETBALL | 186 186 13,983 28.71 7.89 | 189 189 25,487 21.68 6.33 | 192 192 57,358 2.24 5.03 |",,2026-04-08T18:39:22.754473
NV,2015-01-01,2015-01-31,monthly,ALL,TOTAL,TOTAL,,combined,baseball,179547511,-99200000,-99200000,,,278747511,,,-0.5525000009607485,31,False,False,NV_2015_01_gri.pdf,,,,4,,https://www.gaming.nv.gov/uploadedFiles/gamingnvgov/content/about/gaming-revenue/2015Jan-gri.pdf,https://www.gaming.nv.gov/about-us/gaming-revenue-information-gri/,NV/screenshots/NV_2015_01_NV_2015_01_gri_p1.png,"BASEBALL | 19 19 -992 -7.93 -55.25 | 61 61 -7,214 -10.33 0.00 | 189 189 21,221 -26.51 2.94 |",,2026-04-08T18:39:22.754473
NV,2015-01-01,2015-01-31,monthly,ALL,TOTAL,TOTAL,,combined,parlay,310767247,96400000,96400000,,,214367247,6507000,,0.31019999993757386,31,False,False,NV_2015_01_gri.pdf,,,,4,,https://www.gaming.nv.gov/uploadedFiles/gamingnvgov/content/about/gaming-revenue/2015Jan-gri.pdf,https://www.gaming.nv.gov/about-us/gaming-revenue-information-gri/,NV/screenshots/NV_2015_01_NV_2015_01_gri_p1.png,"SPORTS PARLAY CARDS | 179 179 964 268.38 31.02 | 185 185 8,800 2.42 33.06 | 188 188 21,983 9.16 38.45 |",,2026-04-08T18:39:22.754473
NV,2015-01-01,2015-01-31,monthly,ALL,TOTAL,TOTAL,,combined,other,2289835165,166700000,166700000,,,2123135165,11252250,,0.07279999999475945,31,False,False,NV_2015_01_gri.pdf,,,,4,,https://www.gaming.nv.gov/uploadedFiles/gamingnvgov/content/about/gaming-revenue/2015Jan-gri.pdf,https://www.gaming.nv.gov/about-us/gaming-revenue-information-gri/,NV/screenshots/NV_2015_01_NV_2015_01_gri_p1.png,"OTHER | 1,667 133.75 7.28 | 3,081 -13.31 5.30 | 17,454 23.25 6.37 |",,2026-04-08T18:39:22.754473
NV,2015-02-01,2015-02-28,monthly,ALL,TOTAL,TOTAL,,combined,,29089211618,1402100000,1402100000,,,27687111618,94641750,,0.04820000000042628,28,False,False,NV_2015_02_gri.pdf,,,,4,,https://www.gaming.nv.gov/uploadedFiles/gamingnvgov/content/about/gaming-revenue/2015Feb-gri.pdf,https://www.gaming.nv.gov/about-us/gaming-revenue-information-gri/,NV/screenshots/NV_2015_02_NV_2015_02_gri_p1.png,"SPORTS POOL (2) | 188 189 14,021 -54.27 4.82 | 189 188 60,375 -16.68 5.46 | 192 184 217,326 -3.30 5.50 |",,2026-04-08T18:39:24.607251
NV,2015-02-01,2015-02-28,monthly,ALL,TOTAL,TOTAL,,combined,football,10993421053,334200000,334200000,,,10659221053,22558500,,0.030399999998981207,28,False,False,NV_2015_02_gri.pdf,,,,4,,https://www.gaming.nv.gov/uploadedFiles/gamingnvgov/content/about/gaming-revenue/2015Feb-gri.pdf,https://www.gaming.nv.gov/about-us/gaming-revenue-information-gri/,NV/screenshots/NV_2015_02_NV_2015_02_gri_p1.png,"FOOTBALL | 187 187 3,342 -82.09 3.04 | 189 189 24,046 -40.23 4.21 | 192 192 100,637 -4.57 5.75 |",,2026-04-08T18:39:24.607251
NV,2015-02-01,2015-02-28,monthly,ALL,TOTAL,TOTAL,,combined,basketball,15372631579,730200000,730200000,,,14642431579,49288500,,0.047499999999837374,28,False,False,NV_2015_02_gri.pdf,,,,4,,https://www.gaming.nv.gov/uploadedFiles/gamingnvgov/content/about/gaming-revenue/2015Feb-gri.pdf,https://www.gaming.nv.gov/about-us/gaming-revenue-information-gri/,NV/screenshots/NV_2015_02_NV_2015_02_gri_p1.png,"BASKETBALL | 187 187 7,302 -23.02 4.75 | 188 188 29,607 9.02 6.48 | 192 192 55,174 -0.82 4.84 |",,2026-04-08T18:39:24.607251
NV,2015-02-01,2015-02-28,monthly,ALL,TOTAL,TOTAL,,combined,baseball,21500387,-13900000,-13900000,,,35400387,,,-0.6464999909071404,28,False,False,NV_2015_02_gri.pdf,,,,4,,https://www.gaming.nv.gov/uploadedFiles/gamingnvgov/content/about/gaming-revenue/2015Feb-gri.pdf,https://www.gaming.nv.gov/about-us/gaming-revenue-information-gri/,NV/screenshots/NV_2015_02_NV_2015_02_gri_p1.png,"BASEBALL | 23 23 -139 -73.99 -64.65 | 34 34 -2,661 -16.81 0.00 | 189 189 21,161 -27.54 2.94 |",,2026-04-08T18:39:24.607251
NV,2015-02-01,2015-02-28,monthly,ALL,TOTAL,TOTAL,,combined,parlay,190810988,116700000,116700000,,,74110988,7877250,,0.6115999986332024,28,False,False,NV_2015_02_gri.pdf,,,,4,,https://www.gaming.nv.gov/uploadedFiles/gamingnvgov/content/about/gaming-revenue/2015Feb-gri.pdf,https://www.gaming.nv.gov/about-us/gaming-revenue-information-gri/,NV/screenshots/NV_2015_02_NV_2015_02_gri_p1.png,"SPORTS PARLAY CARDS | 180 180 1,167 2.70 61.16 | 185 185 4,778 12.69 34.52 | 189 189 22,014 7.31 38.63 |",,2026-04-08T18:39:24.607251
NV,2015-02-01,2015-02-28,monthly,ALL,TOTAL,TOTAL,,combined,other,2464847849,234900000,234900000,,,2229947849,15855750,,0.09529999999606467,28,False,False,NV_2015_02_gri.pdf,,,,4,,https://www.gaming.nv.gov/uploadedFiles/gamingnvgov/content/about/gaming-revenue/2015Feb-gri.pdf,https://www.gaming.nv.gov/about-us/gaming-revenue-information-gri/,NV/screenshots/NV_2015_02_NV_2015_02_gri_p1.png,"OTHER | 2,349 60.49 9.53 | 4,604 48.33 7.28 | 18,339 31.72 6.44 |",,2026-04-08T18:39:24.607251
NV,2015-03-01,2015-03-31,monthly,ALL,TOTAL,TOTAL,,combined,,40907079646,1849000000,1849000000,,,39058079646,124807500,,0.04520000000001956,31,False,False,NV_2015_03_gri.pdf,,,,4,,https://www.gaming.nv.gov/uploadedFiles/gamingnvgov/content/about/gaming-revenue/2015Mar-gri.pdf,https://www.gaming.nv.gov/about-us/gaming-revenue-information-gri/,NV/screenshots/NV_2015_03_NV_2015_03_gri_p1.png,"SPORTS POOL (2) | 188 189 18,490 43.98 4.52 | 189 188 52,782 -7.21 4.85 | 193 185 222,942 -0.50 5.59 |",,2026-04-08T18:39:26.386121
NV,2015-03-01,2015-03-31,monthly,ALL,TOTAL,TOTAL,,combined,football,124160212,-1160600000,-1160600000,,,1284760212,,,-9.34760001859533,31,False,False,NV_2015_03_gri.pdf,,,,4,,https://www.gaming.nv.gov/uploadedFiles/gamingnvgov/content/about/gaming-revenue/2015Mar-gri.pdf,https://www.gaming.nv.gov/about-us/gaming-revenue-information-gri/,NV/screenshots/NV_2015_03_NV_2015_03_gri_p1.png,"FOOTBALL | 84 84 -11,606 -17.15 -934.76 | 189 189 -4,760 -142.46 -1.65 | 193 193 97,763 -6.79 5.60 |",,2026-04-08T18:39:26.386121
NV,2015-03-01,2015-03-31,monthly,ALL,TOTAL,TOTAL,,combined,basketball,37528225806,2792100000,2792100000,,,34736125806,188466750,,0.07440000000089532,31,False,False,NV_2015_03_gri.pdf,,,,4,,https://www.gaming.nv.gov/uploadedFiles/gamingnvgov/content/about/gaming-revenue/2015Mar-gri.pdf,https://www.gaming.nv.gov/about-us/gaming-revenue-information-gri/,NV/screenshots/NV_2015_03_NV_2015_03_gri_p1.png,"BASKETBALL | 186 186 27,921 43.85 7.44 | 188 188 49,632 24.83 7.00 | 193 193 64,111 19.75 5.45 |",,2026-04-08T18:39:26.386121
NV,2015-03-01,2015-03-31,monthly,ALL,TOTAL,TOTAL,,combined,baseball,232668566,24500000,24500000,,,208168566,1653750,,0.1053000000008596,31,False,False,NV_2015_03_gri.pdf,,,,4,,https://www.gaming.nv.gov/uploadedFiles/gamingnvgov/content/about/gaming-revenue/2015Mar-gri.pdf,https://www.gaming.nv.gov/about-us/gaming-revenue-information-gri/,NV/screenshots/NV_2015_03_NV_2015_03_gri_p1.png,"BASEBALL | 181 181 245 -75.46 10.53 | 181 181 -911 -5075.28 -35.68 | 191 191 20,385 -32.00 2.84 |",,2026-04-08T18:39:26.386121
NV,2015-03-01,2015-03-31,monthly,ALL,TOTAL,TOTAL,,combined,parlay,119196661,45700000,45700000,,,73496661,3084750,,0.38340000144802716,31,False,False,NV_2015_03_gri.pdf,,,,4,,https://www.gaming.nv.gov/uploadedFiles/gamingnvgov/content/about/gaming-revenue/2015Mar-gri.pdf,https://www.gaming.nv.gov/about-us/gaming-revenue-information-gri/,NV/screenshots/NV_2015_03_NV_2015_03_gri_p1.png,"SPORTS PARLAY CARDS | 169 169 457 -8.26 38.34 | 185 185 2,588 36.49 41.69 | 188 188 21,973 7.15 38.64 |",,2026-04-08T18:39:26.386121
NV,2015-03-01,2015-03-31,monthly,ALL,TOTAL,TOTAL,,combined,other,3020491803,147400000,147400000,,,2873091803,9949500,,0.048800000004502575,31,False,False,NV_2015_03_gri.pdf,,,,4,,https://www.gaming.nv.gov/uploadedFiles/gamingnvgov/content/about/gaming-revenue/2015Mar-gri.pdf,https://www.gaming.nv.gov/about-us/gaming-revenue-information-gri/,NV/screenshots/NV_2015_03_NV_2015_03_gri_p1.png,"OTHER | 1,474 -20.13 4.88 | 6,233 54.95 7.66 | 18,710 23.34 6.31 |",,2026-04-08T18:39:26.386121
NV,2015-04-01,2015-04-30,monthly,ALL,TOTAL,TOTAL,,combined,,24915360502,794800000,794800000,,,24120560502,53649000,,0.03189999999944612,30,False,False,NV_2015_04_gri.pdf,,,,4,,https://www.gaming.nv.gov/uploadedFiles/gamingnvgov/content/about/gaming-revenue/2015Apr-gri.pdf,https://www.gaming.nv.gov/about-us/gaming-revenue-information-gri/,NV/screenshots/NV_2015_04_NV_2015_04_gri_p1.png,"SPORTS POOL (2) | 188 189 7,948 -14.28 3.19 | 191 188 40,460 -23.34 4.26 | 195 185 221,618 -2.63 5.49 |",,2026-04-08T18:39:28.204865
NV,2015-04-01,2015-04-30,monthly,ALL,TOTAL,TOTAL,,combined,football,60116413,-465800000,-465800000,,,525916413,,,-7.748299952626914,30,False,False,NV_2015_04_gri.pdf,,,,4,,https://www.gaming.nv.gov/uploadedFiles/gamingnvgov/content/about/gaming-revenue/2015Apr-gri.pdf,https://www.gaming.nv.gov/about-us/gaming-revenue-information-gri/,NV/screenshots/NV_2015_04_NV_2015_04_gri_p1.png,"FOOTBALL | 95 95 -4,658 -27.94 -774.83 | 188 188 -12,922 -352.98 -11.66 | 193 193 96,746 -7.60 5.54 |",,2026-04-08T18:39:28.204865
NV,2015-04-01,2015-04-30,monthly,ALL,TOTAL,TOTAL,,combined,basketball,12309941520,210500000,210500000,,,12099441520,14208750,,0.01710000000064988,30,False,False,NV_2015_04_gri.pdf,,,,4,,https://www.gaming.nv.gov/uploadedFiles/gamingnvgov/content/about/gaming-revenue/2015Apr-gri.pdf,https://www.gaming.nv.gov/about-us/gaming-revenue-information-gri/,NV/screenshots/NV_2015_04_NV_2015_04_gri_p1.png,"BASKETBALL | 188 188 2,105 -58.63 1.71 | 190 190 37,329 9.85 5.72 | 195 195 61,128 5.73 5.08 |",,2026-04-08T18:39:28.204865
NV,2015-04-01,2015-04-30,monthly,ALL,TOTAL,TOTAL,,combined,baseball,9378491620,671500000,671500000,,,8706991620,45326250,,0.07160000000085301,30,False,False,NV_2015_04_gri.pdf,,,,4,,https://www.gaming.nv.gov/uploadedFiles/gamingnvgov/content/about/gaming-revenue/2015Apr-gri.pdf,https://www.gaming.nv.gov/about-us/gaming-revenue-information-gri/,NV/screenshots/NV_2015_04_NV_2015_04_gri_p1.png,"BASEBALL | 188 188 6,715 49.66 7.16 | 189 189 6,820 26.23 7.08 | 195 195 22,613 -19.39 3.10 |",,2026-04-08T18:39:28.204865
NV,2015-04-01,2015-04-30,monthly,ALL,TOTAL,TOTAL,,combined,parlay,18598884,3000000,3000000,,,15598884,202500,,0.16130000058068,30,False,False,NV_2015_04_gri.pdf,,,,4,,https://www.gaming.nv.gov/uploadedFiles/gamingnvgov/content/about/gaming-revenue/2015Apr-gri.pdf,https://www.gaming.nv.gov/about-us/gaming-revenue-information-gri/,NV/screenshots/NV_2015_04_NV_2015_04_gri_p1.png,"SPORTS PARLAY CARDS | 109 109 30 136.87 16.13 | 184 184 1,654 6.48 50.34 | 188 188 22,084 8.47 38.84 |",,2026-04-08T18:39:28.204865
NV,2015-04-01,2015-04-30,monthly,ALL,TOTAL,TOTAL,,combined,other,3134390651,375500000,375500000,,,2758890651,25346250,,0.11980000000325422,30,False,False,NV_2015_04_gri.pdf,,,,4,,https://www.gaming.nv.gov/uploadedFiles/gamingnvgov/content/about/gaming-revenue/2015Apr-gri.pdf,https://www.gaming.nv.gov/about-us/gaming-revenue-information-gri/,NV/screenshots/NV_2015_04_NV_2015_04_gri_p1.png,"OTHER | 3,755 9.85 11.98 | 7,579 12.65 8.79 | 19,047 14.15 6.38 |",,2026-04-08T18:39:28.204865
NV,2015-05-01,2015-05-31,monthly,ALL,TOTAL,TOTAL,,combined,,31587579618,1983700000,1983700000,,,29603879618,133899750,,0.06279999999967076,31,False,False,NV_2015_05_gri.pdf,,,,4,,https://www.gaming.nv.gov/uploadedFiles/gamingnvgov/content/about/gaming-revenue/2015May-gri.pdf,https://www.gaming.nv.gov/about-us/gaming-revenue-information-gri/,NV/screenshots/NV_2015_05_NV_2015_05_gri_p1.png,"SPORTS POOL (2) | 189 190 19,837 73.33 6.28 | 191 189 46,275 37.89 4.75 | 196 186 230,010 -1.42 5.58 |",,2026-04-08T18:39:30.035256
NV,2015-05-01,2015-05-31,monthly,ALL,TOTAL,TOTAL,,combined,football,141751695,-207000000,-207000000,,,348751695,,,-1.460299998529118,31,False,False,NV_2015_05_gri.pdf,,,,4,,https://www.gaming.nv.gov/uploadedFiles/gamingnvgov/content/about/gaming-revenue/2015May-gri.pdf,https://www.gaming.nv.gov/about-us/gaming-revenue-information-gri/,NV/screenshots/NV_2015_05_NV_2015_05_gri_p1.png,"FOOTBALL | 111 111 -2,070 -31.07 -146.03 | 130 130 -18,334 -21.20 -813.39 | 194 194 96,255 -8.05 5.51 |",,2026-04-08T18:39:30.035256
NV,2015-05-01,2015-05-31,monthly,ALL,TOTAL,TOTAL,,combined,basketball,8699059561,277500000,277500000,,,8421559561,18731250,,0.031900000000471315,31,False,False,NV_2015_05_gri.pdf,,,,4,,https://www.gaming.nv.gov/uploadedFiles/gamingnvgov/content/about/gaming-revenue/2015May-gri.pdf,https://www.gaming.nv.gov/about-us/gaming-revenue-information-gri/,NV/screenshots/NV_2015_05_NV_2015_05_gri_p1.png,"BASKETBALL | 189 189 2,775 -1.31 3.19 | 190 190 32,801 20.10 5.60 | 196 196 61,091 3.81 5.09 |",,2026-04-08T18:39:30.035256
NV,2015-05-01,2015-05-31,monthly,ALL,TOTAL,TOTAL,,combined,baseball,14610354223,1072400000,1072400000,,,13537954223,72387000,,0.07340000000217654,31,False,False,NV_2015_05_gri.pdf,,,,4,,https://www.gaming.nv.gov/uploadedFiles/gamingnvgov/content/about/gaming-revenue/2015May-gri.pdf,https://www.gaming.nv.gov/about-us/gaming-revenue-information-gri/,NV/screenshots/NV_2015_05_NV_2015_05_gri_p1.png,"BASEBALL | 188 188 10,724 29.30 7.34 | 190 190 17,683 28.36 7.30 | 196 196 25,043 -22.00 3.26 |",,2026-04-08T18:39:30.035256
NV,2015-05-01,2015-05-31,monthly,ALL,TOTAL,TOTAL,,combined,parlay,69347688,21900000,21900000,,,47447688,1478250,,0.3158000018688438,31,False,False,NV_2015_05_gri.pdf,,,,4,,https://www.gaming.nv.gov/uploadedFiles/gamingnvgov/content/about/gaming-revenue/2015May-gri.pdf,https://www.gaming.nv.gov/about-us/gaming-revenue-information-gri/,NV/screenshots/NV_2015_05_NV_2015_05_gri_p1.png,"SPORTS PARLAY CARDS | 114 114 219 168.04 31.58 | 169 169 706 41.55 34.09 | 188 188 22,221 8.96 38.71 |",,2026-04-08T18:39:30.035256
NV,2015-05-01,2015-05-31,monthly,ALL,TOTAL,TOTAL,,combined,other,8116947473,819000000,819000000,,,7297947473,55282500,,0.10089999999683379,31,False,False,NV_2015_05_gri.pdf,,,,4,,https://www.gaming.nv.gov/uploadedFiles/gamingnvgov/content/about/gaming-revenue/2015May-gri.pdf,https://www.gaming.nv.gov/about-us/gaming-revenue-information-gri/,NV/screenshots/NV_2015_05_NV_2015_05_gri_p1.png,"OTHER | 8,190 345.68 10.09 | 13,419 88.96 9.41 | 25,399 46.99 7.21 |",,2026-04-08T18:39:30.035256
NV,2015-06-01,2015-06-30,monthly,ALL,TOTAL,TOTAL,,combined,,24196110211,1492900000,1492900000,,,22703210211,100770750,,0.06169999999922715,30,False,False,NV_2015_06_gri.pdf,,,,4,,https://www.gaming.nv.gov/uploadedFiles/gamingnvgov/content/about/gaming-revenue/2015Jun-gri.pdf,https://www.gaming.nv.gov/about-us/gaming-revenue-information-gri/,NV/screenshots/NV_2015_06_NV_2015_06_gri_p1.png,"SPORTS POOL (2) | 188 189 14,929 111.07 6.17 | 189 189 42,714 53.70 5.29 | 196 187 237,866 4.54 5.74 |",,2026-04-08T18:39:31.859302
NV,2015-06-01,2015-06-30,monthly,ALL,TOTAL,TOTAL,,combined,football,51968504,-33000000,-33000000,,,84968504,,,-0.634999999230303,30,False,False,NV_2015_06_gri.pdf,,,,4,,https://www.gaming.nv.gov/uploadedFiles/gamingnvgov/content/about/gaming-revenue/2015Jun-gri.pdf,https://www.gaming.nv.gov/about-us/gaming-revenue-information-gri/,NV/screenshots/NV_2015_06_NV_2015_06_gri_p1.png,"FOOTBALL | 138 138 -330 39.36 -63.50 | 149 149 -7,058 -22.45 -278.09 | 194 194 96,469 -7.56 5.52 |",,2026-04-08T18:39:31.859302
NV,2015-06-01,2015-06-30,monthly,ALL,TOTAL,TOTAL,,combined,basketball,4700105597,445100000,445100000,,,4255005597,30044250,,0.09469999999236188,30,False,False,NV_2015_06_gri.pdf,,,,4,,https://www.gaming.nv.gov/uploadedFiles/gamingnvgov/content/about/gaming-revenue/2015Jun-gri.pdf,https://www.gaming.nv.gov/about-us/gaming-revenue-information-gri/,NV/screenshots/NV_2015_06_NV_2015_06_gri_p1.png,"BASKETBALL | 187 187 4,451 253.40 9.47 | 189 189 9,331 86.66 3.63 | 196 196 68,443 30.19 5.63 |",,2026-04-08T18:39:31.859302
NV,2015-06-01,2015-06-30,monthly,ALL,TOTAL,TOTAL,,combined,baseball,16487179487,964500000,964500000,,,15522679487,65103750,,0.058500000000636855,30,False,False,NV_2015_06_gri.pdf,,,,4,,https://www.gaming.nv.gov/uploadedFiles/gamingnvgov/content/about/gaming-revenue/2015Jun-gri.pdf,https://www.gaming.nv.gov/about-us/gaming-revenue-information-gri/,NV/screenshots/NV_2015_06_NV_2015_06_gri_p1.png,"BASEBALL | 186 186 9,645 112.73 5.85 | 189 189 27,083 56.42 6.69 | 196 196 30,154 1.31 3.78 |",,2026-04-08T18:39:31.859302
NV,2015-06-01,2015-06-30,monthly,ALL,TOTAL,TOTAL,,combined,parlay,11595065,7800000,7800000,,,3795065,526500,,0.672699980552071,30,False,False,NV_2015_06_gri.pdf,,,,4,,https://www.gaming.nv.gov/uploadedFiles/gamingnvgov/content/about/gaming-revenue/2015Jun-gri.pdf,https://www.gaming.nv.gov/about-us/gaming-revenue-information-gri/,NV/screenshots/NV_2015_06_NV_2015_06_gri_p1.png,"SPORTS PARLAY CARDS | 103 103 78 2.14 67.27 | 128 128 327 324.17 32.87 | 188 188 22,223 8.76 38.73 |",,2026-04-08T18:39:31.859302
NV,2015-06-01,2015-06-30,monthly,ALL,TOTAL,TOTAL,,combined,other,2940379404,108500000,108500000,,,2831879404,7323750,,0.0368999999974153,30,False,False,NV_2015_06_gri.pdf,,,,4,,https://www.gaming.nv.gov/uploadedFiles/gamingnvgov/content/about/gaming-revenue/2015Jun-gri.pdf,https://www.gaming.nv.gov/about-us/gaming-revenue-information-gri/,NV/screenshots/NV_2015_06_NV_2015_06_gri_p1.png,"OTHER | 1,085 -81.64 3.69 | 13,030 16.71 9.19 | 20,576 0.82 6.26 |",,2026-04-08T18:39:31.859302
NV,2015-07-01,2015-07-31,monthly,ALL,TOTAL,TOTAL,,combined,,17875000000,100100000,100100000,,,17774900000,6756750,,0.0056,31,False,False,NV_2015_07_gri.pdf,,,,4,,https://www.gaming.nv.gov/uploadedFiles/gamingnvgov/content/about/gaming-revenue/2015Jul-gri.pdf,https://www.gaming.nv.gov/about-us/gaming-revenue-information-gri/,NV/screenshots/NV_2015_07_NV_2015_07_gri_p1.png,"SPORTS POOL (2) | 188 189 1,001 146.83 0.56 | 191 189 35,767 89.01 4.86 | 195 189 238,461 4.37 5.75 |",,2026-04-08T18:39:33.794804
NV,2015-07-01,2015-07-31,monthly,ALL,TOTAL,TOTAL,,combined,football,123946037,14700000,14700000,,,109246037,992250,,0.11860000009520272,31,False,False,NV_2015_07_gri.pdf,,,,4,,https://www.gaming.nv.gov/uploadedFiles/gamingnvgov/content/about/gaming-revenue/2015Jul-gri.pdf,https://www.gaming.nv.gov/about-us/gaming-revenue-information-gri/,NV/screenshots/NV_2015_07_NV_2015_07_gri_p1.png,"FOOTBALL | 164 164 147 60.17 11.86 | 167 167 -2,253 -10.91 -70.89 | 192 192 96,524 -7.67 5.52 |",,2026-04-08T18:39:33.794804
NV,2015-07-01,2015-07-31,monthly,ALL,TOTAL,TOTAL,,combined,basketball,515255461,-285400000,-285400000,,,800655461,,,-0.5539000002951934,31,False,False,NV_2015_07_gri.pdf,,,,4,,https://www.gaming.nv.gov/uploadedFiles/gamingnvgov/content/about/gaming-revenue/2015Jul-gri.pdf,https://www.gaming.nv.gov/about-us/gaming-revenue-information-gri/,NV/screenshots/NV_2015_07_NV_2015_07_gri_p1.png,"BASKETBALL | 181 181 -2,854 -40.74 -55.39 | 190 190 4,372 306.45 3.14 | 194 194 67,617 26.78 5.57 |",,2026-04-08T18:39:33.794804
NV,2015-07-01,2015-07-31,monthly,ALL,TOTAL,TOTAL,,combined,baseball,15286549708,522800000,522800000,,,14763749708,35289000,,0.03419999999911033,31,False,False,NV_2015_07_gri.pdf,,,,4,,https://www.gaming.nv.gov/uploadedFiles/gamingnvgov/content/about/gaming-revenue/2015Jul-gri.pdf,https://www.gaming.nv.gov/about-us/gaming-revenue-information-gri/,NV/screenshots/NV_2015_07_NV_2015_07_gri_p1.png,"BASEBALL | 184 184 5,228 246.97 3.42 | 189 189 25,597 78.57 5.52 | 194 194 33,876 20.63 4.16 |",,2026-04-08T18:39:33.794804
NV,2015-07-01,2015-07-31,monthly,ALL,TOTAL,TOTAL,,combined,parlay,10785824,14700000,14700000,,,-3914176,992250,,1.3629000436128014,31,False,False,NV_2015_07_gri.pdf,,,,4,,https://www.gaming.nv.gov/uploadedFiles/gamingnvgov/content/about/gaming-revenue/2015Jul-gri.pdf,https://www.gaming.nv.gov/about-us/gaming-revenue-information-gri/,NV/screenshots/NV_2015_07_NV_2015_07_gri_p1.png,"SPORTS PARLAY CARDS | 99 99 147 690.81 136.29 | 126 126 445 151.28 48.44 | 189 189 22,352 9.52 38.95 |",,2026-04-08T18:39:33.794804
NV,2015-07-01,2015-07-31,monthly,ALL,TOTAL,TOTAL,,combined,other,2152258065,-166800000,-166800000,,,2319058065,,,-0.07749999998257644,31,False,False,NV_2015_07_gri.pdf,,,,4,,https://www.gaming.nv.gov/uploadedFiles/gamingnvgov/content/about/gaming-revenue/2015Jul-gri.pdf,https://www.gaming.nv.gov/about-us/gaming-revenue-information-gri/,NV/screenshots/NV_2015_07_NV_2015_07_gri_p1.png,"OTHER | -1,668 -304.53 -7.75 | 7,606 -11.16 5.92 | 18,092 -18.20 5.79 |",,2026-04-08T18:39:33.794804
NV,2015-08-01,2015-08-31,monthly,ALL,TOTAL,TOTAL,,combined,,18521400778,476000000,476000000,,,18045400778,32130000,,0.025700000000291556,31,False,False,NV_2015_08_gri.pdf,,,,4,,https://www.gaming.nv.gov/uploadedFiles/gamingnvgov/content/about/gaming-revenue/2015Aug-gri.pdf,https://www.gaming.nv.gov/about-us/gaming-revenue-information-gri/,NV/screenshots/NV_2015_08_NV_2015_08_gri_p1.png,"SPORTS POOL (2) | 190 191 4,760 -58.14 2.57 | 191 192 20,681 9.72 3.42 | 196 197 231,910 2.80 5.59 |",,2026-04-08T18:39:35.596505
NV,2015-08-01,2015-08-31,monthly,ALL,TOTAL,TOTAL,,combined,football,1638921454,139800000,139800000,,,1499121454,9436500,,0.08529999998401387,31,False,False,NV_2015_08_gri.pdf,,,,4,,https://www.gaming.nv.gov/uploadedFiles/gamingnvgov/content/about/gaming-revenue/2015Aug-gri.pdf,https://www.gaming.nv.gov/about-us/gaming-revenue-information-gri/,NV/screenshots/NV_2015_08_NV_2015_08_gri_p1.png,"FOOTBALL | 186 186 1,398 -86.06 8.53 | 187 187 1,215 -87.31 6.70 | 194 194 87,896 -16.32 5.15 |",,2026-04-08T18:39:35.596505
NV,2015-08-01,2015-08-31,monthly,ALL,TOTAL,TOTAL,,combined,basketball,729542302,-52600000,-52600000,,,782142302,,,-0.07210000003536464,31,False,False,NV_2015_08_gri.pdf,,,,4,,https://www.gaming.nv.gov/uploadedFiles/gamingnvgov/content/about/gaming-revenue/2015Aug-gri.pdf,https://www.gaming.nv.gov/about-us/gaming-revenue-information-gri/,NV/screenshots/NV_2015_08_NV_2015_08_gri_p1.png,"BASKETBALL | 176 176 -526 43.99 -7.21 | 188 188 1,072 118.26 1.80 | 194 194 68,030 28.18 5.58 |",,2026-04-08T18:39:35.596505
NV,2015-08-01,2015-08-31,monthly,ALL,TOTAL,TOTAL,,combined,baseball,15041666667,361000000,361000000,,,14680666667,24367500,,0.023999999999468145,31,False,False,NV_2015_08_gri.pdf,,,,4,,https://www.gaming.nv.gov/uploadedFiles/gamingnvgov/content/about/gaming-revenue/2015Aug-gri.pdf,https://www.gaming.nv.gov/about-us/gaming-revenue-information-gri/,NV/screenshots/NV_2015_08_NV_2015_08_gri_p1.png,"BASEBALL | 187 187 3,610 8.28 2.40 | 188 188 18,483 97.16 3.95 | 195 195 34,152 30.29 4.03 |",,2026-04-08T18:39:35.596505
NV,2015-08-01,2015-08-31,monthly,ALL,TOTAL,TOTAL,,combined,parlay,20699500,2900000,2900000,,,17799500,195750,,0.1401000024155173,31,False,False,NV_2015_08_gri.pdf,,,,4,,https://www.gaming.nv.gov/uploadedFiles/gamingnvgov/content/about/gaming-revenue/2015Aug-gri.pdf,https://www.gaming.nv.gov/about-us/gaming-revenue-information-gri/,NV/screenshots/NV_2015_08_NV_2015_08_gri_p1.png,"SPORTS PARLAY CARDS | 129 129 29 -95.31 14.01 | 138 138 254 -64.07 60.42 | 189 189 21,837 7.00 38.45 |",,2026-04-08T18:39:35.596505
NV,2015-08-01,2015-08-31,monthly,ALL,TOTAL,TOTAL,,combined,other,1077922078,24900000,24900000,,,1053022078,1680750,,0.02309999999833012,31,False,False,NV_2015_08_gri.pdf,,,,4,,https://www.gaming.nv.gov/uploadedFiles/gamingnvgov/content/about/gaming-revenue/2015Aug-gri.pdf,https://www.gaming.nv.gov/about-us/gaming-revenue-information-gri/,NV/screenshots/NV_2015_08_NV_2015_08_gri_p1.png,"OTHER | 249 114.99 2.31 | -343 -106.78 -0.58 | 19,995 -4.14 6.32 |",,2026-04-08T18:39:35.596505
NV,2015-09-01,2015-09-30,monthly,ALL,TOTAL,TOTAL,,combined,,45736503856,3558300000,3558300000,,,42178203856,240185250,,0.07780000000006997,30,False,False,NV_2015_09_gri.pdf,,,,4,,https://www.gaming.nv.gov/uploadedFiles/gamingnvgov/content/about/gaming-revenue/2015Sep-gri.pdf,https://www.gaming.nv.gov/about-us/gaming-revenue-information-gri/,NV/screenshots/NV_2015_09_NV_2015_09_gri_p1.png,"SPORTS POOL (2) | 190 191 35,583 -20.13 7.78 | 190 191 41,336 -26.62 5.04 | 196 197 222,942 -3.25 5.37 |",,2026-04-08T18:39:37.435589
NV,2015-09-01,2015-09-30,monthly,ALL,TOTAL,TOTAL,,combined,football,31415911380,3119600000,3119600000,,,28296311380,210573000,,0.09929999999891774,30,False,False,NV_2015_09_gri.pdf,,,,4,,https://www.gaming.nv.gov/uploadedFiles/gamingnvgov/content/about/gaming-revenue/2015Sep-gri.pdf,https://www.gaming.nv.gov/about-us/gaming-revenue-information-gri/,NV/screenshots/NV_2015_09_NV_2015_09_gri_p1.png,"FOOTBALL | 188 188 31,196 -16.31 9.93 | 188 188 32,741 -30.91 9.87 | 195 195 81,818 -28.46 4.87 |",,2026-04-08T18:39:37.435589
NV,2015-09-01,2015-09-30,monthly,ALL,TOTAL,TOTAL,,combined,basketball,253423215,-120300000,-120300000,,,373723215,,,-0.47469999936667207,30,False,False,NV_2015_09_gri.pdf,,,,4,,https://www.gaming.nv.gov/uploadedFiles/gamingnvgov/content/about/gaming-revenue/2015Sep-gri.pdf,https://www.gaming.nv.gov/about-us/gaming-revenue-information-gri/,NV/screenshots/NV_2015_09_NV_2015_09_gri_p1.png,"BASKETBALL | 174 174 -1,203 -62.71 -47.47 | 183 183 -4,583 -23.67 -30.59 | 195 195 67,566 27.80 5.54 |",,2026-04-08T18:39:37.435589
NV,2015-09-01,2015-09-30,monthly,ALL,TOTAL,TOTAL,,combined,baseball,11866449511,364300000,364300000,,,11502149511,24590250,,0.030700000001036537,30,False,False,NV_2015_09_gri.pdf,,,,4,,https://www.gaming.nv.gov/uploadedFiles/gamingnvgov/content/about/gaming-revenue/2015Sep-gri.pdf,https://www.gaming.nv.gov/about-us/gaming-revenue-information-gri/,NV/screenshots/NV_2015_09_NV_2015_09_gri_p1.png,"BASEBALL | 189 189 3,643 128.48 3.07 | 189 189 12,481 93.96 2.96 | 195 195 36,201 56.89 4.11 |",,2026-04-08T18:39:37.435589
NV,2015-09-01,2015-09-30,monthly,ALL,TOTAL,TOTAL,,combined,parlay,1022716288,211600000,211600000,,,811116288,14283000,,0.20690000001251568,30,False,False,NV_2015_09_gri.pdf,,,,4,,https://www.gaming.nv.gov/uploadedFiles/gamingnvgov/content/about/gaming-revenue/2015Sep-gri.pdf,https://www.gaming.nv.gov/about-us/gaming-revenue-information-gri/,NV/screenshots/NV_2015_09_NV_2015_09_gri_p1.png,"SPORTS PARLAY CARDS | 187 187 2,116 -66.34 20.69 | 187 187 2,292 -66.86 21.76 | 194 194 17,667 -18.62 32.36 |",,2026-04-08T18:39:37.435589
NV,2015-09-01,2015-09-30,monthly,ALL,TOTAL,TOTAL,,combined,other,1208633094,-16800000,-16800000,,,1225433094,,,-0.013899999994539286,30,False,False,NV_2015_09_gri.pdf,,,,4,,https://www.gaming.nv.gov/uploadedFiles/gamingnvgov/content/about/gaming-revenue/2015Sep-gri.pdf,https://www.gaming.nv.gov/about-us/gaming-revenue-information-gri/,NV/screenshots/NV_2015_09_NV_2015_09_gri_p1.png,"OTHER | -168 -222.86 -1.39 | -1,596 -124.84 -3.86 | 19,690 7.02 6.22 |",,2026-04-08T18:39:37.435589
NV,2015-10-01,2015-10-31,monthly,ALL,TOTAL,TOTAL,,combined,,50460960961,3360700000,3360700000,,,47100260961,226847250,,0.06659999999994848,31,False,False,NV_2015_10_gri.pdf,,,,4,,https://www.gaming.nv.gov/uploadedFiles/gamingnvgov/content/about/gaming-revenue/2015Oct-gri.pdf,https://www.gaming.nv.gov/about-us/gaming-revenue-information-gri/,NV/screenshots/NV_2015_10_NV_2015_10_gri_p1.png,"SPORTS POOL (2) | 188 189 33,607 21.78 6.66 | 190 191 73,951 -11.46 6.44 | 195 196 228,953 0.56 5.47 |",,2026-04-08T18:39:39.546881
NV,2015-10-01,2015-10-31,monthly,ALL,TOTAL,TOTAL,,combined,football,39782094595,2355100000,2355100000,,,37426994595,158969250,,0.059199999999396714,31,False,False,NV_2015_10_gri.pdf,,,,4,,https://www.gaming.nv.gov/uploadedFiles/gamingnvgov/content/about/gaming-revenue/2015Oct-gri.pdf,https://www.gaming.nv.gov/about-us/gaming-revenue-information-gri/,NV/screenshots/NV_2015_10_NV_2015_10_gri_p1.png,"FOOTBALL | 187 187 23,551 38.69 5.92 | 188 188 56,144 -12.66 7.71 | 194 194 88,388 -21.96 5.20 |",,2026-04-08T18:39:39.546881
NV,2015-10-01,2015-10-31,monthly,ALL,TOTAL,TOTAL,,combined,basketball,1598000000,159800000,159800000,,,1438200000,10786500,,0.1,31,False,False,NV_2015_10_gri.pdf,,,,4,,https://www.gaming.nv.gov/uploadedFiles/gamingnvgov/content/about/gaming-revenue/2015Oct-gri.pdf,https://www.gaming.nv.gov/about-us/gaming-revenue-information-gri/,NV/screenshots/NV_2015_10_NV_2015_10_gri_p1.png,"BASKETBALL | 186 186 1,598 -5.02 10.00 | 186 186 -131 -3147.63 -0.51 | 194 194 67,482 27.76 5.52 |",,2026-04-08T18:39:39.546881
NV,2015-10-01,2015-10-31,monthly,ALL,TOTAL,TOTAL,,combined,baseball,5935251799,247500000,247500000,,,5687751799,16706250,,0.041699999996916724,31,False,False,NV_2015_10_gri.pdf,,,,4,,https://www.gaming.nv.gov/uploadedFiles/gamingnvgov/content/about/gaming-revenue/2015Oct-gri.pdf,https://www.gaming.nv.gov/about-us/gaming-revenue-information-gri/,NV/screenshots/NV_2015_10_NV_2015_10_gri_p1.png,"BASEBALL | 187 187 2,475 -34.34 4.17 | 189 189 9,728 11.85 2.96 | 191 191 34,906 59.42 3.93 |",,2026-04-08T18:39:39.546881
NV,2015-10-01,2015-10-31,monthly,ALL,TOTAL,TOTAL,,combined,parlay,1412158394,506400000,506400000,,,905758394,34182000,,0.35859999993740077,31,False,False,NV_2015_10_gri.pdf,,,,4,,https://www.gaming.nv.gov/uploadedFiles/gamingnvgov/content/about/gaming-revenue/2015Oct-gri.pdf,https://www.gaming.nv.gov/about-us/gaming-revenue-information-gri/,NV/screenshots/NV_2015_10_NV_2015_10_gri_p1.png,"SPORTS PARLAY CARDS | 186 186 5,064 11.17 35.86 | 187 187 7,209 -37.06 29.36 | 193 193 18,176 -16.53 32.76 |",,2026-04-08T18:39:39.546881
NV,2015-10-01,2015-10-31,monthly,ALL,TOTAL,TOTAL,,combined,other,1769230769,92000000,92000000,,,1677230769,6210000,,0.05200000000678261,31,False,False,NV_2015_10_gri.pdf,,,,4,,https://www.gaming.nv.gov/uploadedFiles/gamingnvgov/content/about/gaming-revenue/2015Oct-gri.pdf,https://www.gaming.nv.gov/about-us/gaming-revenue-information-gri/,NV/screenshots/NV_2015_10_NV_2015_10_gri_p1.png,"OTHER | 920 51.02 5.20 | 1,001 209.28 2.47 | 20,001 11.57 6.31 |",,2026-04-08T18:39:39.546881
NV,2015-11-01,2015-11-30,monthly,ALL,TOTAL,TOTAL,,combined,,55701822917,4277900000,4277900000,,,51423922917,288758250,,0.07679999999954042,30,False,False,NV_2015_11_gri.pdf,,,,4,,https://www.gaming.nv.gov/uploadedFiles/gamingnvgov/content/about/gaming-revenue/2015Nov-gri.pdf,https://www.gaming.nv.gov/about-us/gaming-revenue-information-gri/,NV/screenshots/NV_2015_11_NV_2015_11_gri_p1.png,"SPORTS POOL (2) | 190 191 42,779 32.06 7.68 | 192 193 111,970 7.10 7.37 | 197 198 239,338 4.33 5.69 |",,2026-04-08T18:39:41.420925
NV,2015-11-01,2015-11-30,monthly,ALL,TOTAL,TOTAL,,combined,football,39506793478,2907700000,2907700000,,,36599093478,196269750,,0.073600000000486,30,False,False,NV_2015_11_gri.pdf,,,,4,,https://www.gaming.nv.gov/uploadedFiles/gamingnvgov/content/about/gaming-revenue/2015Nov-gri.pdf,https://www.gaming.nv.gov/about-us/gaming-revenue-information-gri/,NV/screenshots/NV_2015_11_NV_2015_11_gri_p1.png,"FOOTBALL | 189 189 29,077 4.26 7.36 | 190 190 83,823 2.04 7.57 | 196 196 89,576 -23.32 5.29 |",,2026-04-08T18:39:41.420925
NV,2015-11-01,2015-11-30,monthly,ALL,TOTAL,TOTAL,,combined,basketball,11225274725,817200000,817200000,,,10408074725,55161000,,0.07280000000178169,30,False,False,NV_2015_11_gri.pdf,,,,4,,https://www.gaming.nv.gov/uploadedFiles/gamingnvgov/content/about/gaming-revenue/2015Nov-gri.pdf,https://www.gaming.nv.gov/about-us/gaming-revenue-information-gri/,NV/screenshots/NV_2015_11_NV_2015_11_gri_p1.png,"BASKETBALL | 189 189 8,172 156.85 7.28 | 189 189 8,566 107.71 6.55 | 195 195 72,472 37.45 5.87 |",,2026-04-08T18:39:41.420925
NV,2015-11-01,2015-11-30,monthly,ALL,TOTAL,TOTAL,,combined,baseball,885375494,-22400000,-22400000,,,907775494,,,-0.025300000002033037,30,False,False,NV_2015_11_gri.pdf,,,,4,,https://www.gaming.nv.gov/uploadedFiles/gamingnvgov/content/about/gaming-revenue/2015Nov-gri.pdf,https://www.gaming.nv.gov/about-us/gaming-revenue-information-gri/,NV/screenshots/NV_2015_11_NV_2015_11_gri_p1.png,"BASEBALL | 186 186 -224 95.23 -2.53 | 189 189 5,894 777.59 3.16 | 191 191 39,375 82.76 4.39 |",,2026-04-08T18:39:41.420925
NV,2015-11-01,2015-11-30,monthly,ALL,TOTAL,TOTAL,,combined,parlay,1356593261,511300000,511300000,,,845293261,34512750,,0.3768999999477367,30,False,False,NV_2015_11_gri.pdf,,,,4,,https://www.gaming.nv.gov/uploadedFiles/gamingnvgov/content/about/gaming-revenue/2015Nov-gri.pdf,https://www.gaming.nv.gov/about-us/gaming-revenue-information-gri/,NV/screenshots/NV_2015_11_NV_2015_11_gri_p1.png,"SPORTS PARLAY CARDS | 187 187 5,113 -1.45 37.69 | 189 189 12,293 -23.31 32.42 | 194 194 18,101 -15.72 33.30 |",,2026-04-08T18:39:41.420925
NV,2015-11-01,2015-11-30,monthly,ALL,TOTAL,TOTAL,,combined,other,2746781116,64000000,64000000,,,2682781116,4320000,,0.023299999998980626,30,False,False,NV_2015_11_gri.pdf,,,,4,,https://www.gaming.nv.gov/uploadedFiles/gamingnvgov/content/about/gaming-revenue/2015Nov-gri.pdf,https://www.gaming.nv.gov/about-us/gaming-revenue-information-gri/,NV/screenshots/NV_2015_11_NV_2015_11_gri_p1.png,"OTHER | 640 -22.52 2.33 | 1,392 -11.48 2.43 | 19,814 17.67 6.10 |",,2026-04-08T18:39:41.420925
NV,2015-12-01,2015-12-31,monthly,ALL,TOTAL,TOTAL,,combined,,45908188586,1850100000,1850100000,,,44058088586,124881750,,0.04029999999965583,31,False,False,NV_2015_12_gri.pdf,,,,4,,https://www.gaming.nv.gov/uploadedFiles/gamingnvgov/content/about/gaming-revenue/2015Dec-gri.pdf,https://www.gaming.nv.gov/about-us/gaming-revenue-information-gri/,NV/screenshots/NV_2015_12_NV_2015_12_gri_p1.png,"SPORTS POOL (2) | 189 190 18,501 -28.98 4.03 | 190 191 94,887 10.28 6.24 | 196 197 231,787 2.09 5.47 |",,2026-04-08T18:39:43.174275
NV,2015-12-01,2015-12-31,monthly,ALL,TOTAL,TOTAL,,combined,football,28465189873,899500000,899500000,,,27565689873,60716250,,0.03160000000046372,31,False,False,NV_2015_12_gri.pdf,,,,4,,https://www.gaming.nv.gov/uploadedFiles/gamingnvgov/content/about/gaming-revenue/2015Dec-gri.pdf,https://www.gaming.nv.gov/about-us/gaming-revenue-information-gri/,NV/screenshots/NV_2015_12_NV_2015_12_gri_p1.png,"FOOTBALL | 188 188 8,995 -43.87 3.16 | 189 189 61,622 1.20 5.72 | 195 195 82,546 -27.42 4.86 |",,2026-04-08T18:39:43.174275
NV,2015-12-01,2015-12-31,monthly,ALL,TOTAL,TOTAL,,combined,basketball,14121600000,882600000,882600000,,,13239000000,59575500,,0.0625,31,False,False,NV_2015_12_gri.pdf,,,,4,,https://www.gaming.nv.gov/uploadedFiles/gamingnvgov/content/about/gaming-revenue/2015Dec-gri.pdf,https://www.gaming.nv.gov/about-us/gaming-revenue-information-gri/,NV/screenshots/NV_2015_12_NV_2015_12_gri_p1.png,"BASKETBALL | 186 186 8,826 6.06 6.25 | 189 189 18,596 41.03 6.90 | 194 194 72,976 34.55 5.83 |",,2026-04-08T18:39:43.174275
NV,2015-12-01,2015-12-31,monthly,ALL,TOTAL,TOTAL,,combined,baseball,39432875,-151300000,-151300000,,,190732875,,,-3.836900048500141,31,False,False,NV_2015_12_gri.pdf,,,,4,,https://www.gaming.nv.gov/uploadedFiles/gamingnvgov/content/about/gaming-revenue/2015Dec-gri.pdf,https://www.gaming.nv.gov/about-us/gaming-revenue-information-gri/,NV/screenshots/NV_2015_12_NV_2015_12_gri_p1.png,"BASEBALL | 19 19 -1,513 1.11 -383.69 | 187 187 739 130.11 1.08 | 191 191 39,392 84.99 4.39 |",,2026-04-08T18:39:43.174275
NV,2015-12-01,2015-12-31,monthly,ALL,TOTAL,TOTAL,,combined,parlay,854838710,53000000,53000000,,,801838710,3577500,,0.06199999997660377,31,False,False,NV_2015_12_gri.pdf,,,,4,,https://www.gaming.nv.gov/uploadedFiles/gamingnvgov/content/about/gaming-revenue/2015Dec-gri.pdf,https://www.gaming.nv.gov/about-us/gaming-revenue-information-gri/,NV/screenshots/NV_2015_12_NV_2015_12_gri_p1.png,"SPORTS PARLAY CARDS | 185 185 530 -79.99 6.20 | 188 188 10,707 -13.59 29.56 | 193 193 15,983 -24.89 29.56 |",,2026-04-08T18:39:43.174275
NV,2015-12-01,2015-12-31,monthly,ALL,TOTAL,TOTAL,,combined,other,2358865248,166300000,166300000,,,2192565248,11225250,,0.07050000000678293,31,False,False,NV_2015_12_gri.pdf,,,,4,,https://www.gaming.nv.gov/uploadedFiles/gamingnvgov/content/about/gaming-revenue/2015Dec-gri.pdf,https://www.gaming.nv.gov/about-us/gaming-revenue-information-gri/,NV/screenshots/NV_2015_12_NV_2015_12_gri_p1.png,"OTHER | 1,663 183.13 7.05 | 3,223 59.32 4.69 | 20,890 26.61 6.27 |",,2026-04-08T18:39:43.174275
NV,2016-01-01,2016-01-31,monthly,ALL,TOTAL,TOTAL,,combined,,44815068493,1962900000,1962900000,,,42852168493,132495750,,0.04380000000014727,31,False,False,NV_2016_01_gri.pdf,,,,4,,https://www.gaming.nv.gov/uploadedFiles/gamingnvgov/content/about/gaming-revenue/2016Jan-gri.pdf,https://www.gaming.nv.gov/about-us/gaming-revenue-information-gri/,NV/screenshots/NV_2016_01_NV_2016_01_gri_p1.png,"SPORTS POOL (2) | 190 191 19,629 -3.31 4.38 | 191 192 80,908 2.75 5.53 | 197 198 231,115 -1.22 5.38 |",,2026-04-08T18:39:45.005107
NV,2016-01-01,2016-01-31,monthly,ALL,TOTAL,TOTAL,,combined,football,23481375358,819500000,819500000,,,22661875358,55316250,,0.034900000000247004,31,False,False,NV_2016_01_gri.pdf,,,,4,,https://www.gaming.nv.gov/uploadedFiles/gamingnvgov/content/about/gaming-revenue/2016Jan-gri.pdf,https://www.gaming.nv.gov/about-us/gaming-revenue-information-gri/,NV/screenshots/NV_2016_01_NV_2016_01_gri_p1.png,"FOOTBALL | 188 188 8,195 133.80 3.49 | 190 190 46,266 -2.43 5.06 | 195 195 87,236 -24.00 4.97 |",,2026-04-08T18:39:45.005107
NV,2016-01-01,2016-01-31,monthly,ALL,TOTAL,TOTAL,,combined,basketball,18761029412,1020600000,1020600000,,,17740429412,68890500,,0.05439999999931774,31,False,False,NV_2016_01_gri.pdf,,,,4,,https://www.gaming.nv.gov/uploadedFiles/gamingnvgov/content/about/gaming-revenue/2016Jan-gri.pdf,https://www.gaming.nv.gov/about-us/gaming-revenue-information-gri/,NV/screenshots/NV_2016_01_NV_2016_01_gri_p1.png,"BASKETBALL | 188 188 10,206 -29.17 5.44 | 190 190 27,204 4.99 6.17 | 195 195 68,774 19.02 5.46 |",,2026-04-08T18:39:45.005107
NV,2016-01-01,2016-01-31,monthly,ALL,TOTAL,TOTAL,,combined,baseball,17203705,-111800000,-111800000,,,129003705,,,-6.498600156187287,31,False,False,NV_2016_01_gri.pdf,,,,4,,https://www.gaming.nv.gov/uploadedFiles/gamingnvgov/content/about/gaming-revenue/2016Jan-gri.pdf,https://www.gaming.nv.gov/about-us/gaming-revenue-information-gri/,NV/screenshots/NV_2016_01_NV_2016_01_gri_p1.png,"BASEBALL | 22 22 -1,118 -10.02 -649.86 | 186 186 -2,855 60.56 -30.85 | 191 191 39,290 85.36 4.38 |",,2026-04-08T18:39:45.005107
NV,2016-01-01,2016-01-31,monthly,ALL,TOTAL,TOTAL,,combined,parlay,483754513,40200000,40200000,,,443554513,2713500,,0.08309999993736493,31,False,False,NV_2016_01_gri.pdf,,,,4,,https://www.gaming.nv.gov/uploadedFiles/gamingnvgov/content/about/gaming-revenue/2016Jan-gri.pdf,https://www.gaming.nv.gov/about-us/gaming-revenue-information-gri/,NV/screenshots/NV_2016_01_NV_2016_01_gri_p1.png,"SPORTS PARLAY CARDS | 186 186 402 -59.59 8.31 | 189 189 6,045 -31.54 22.44 | 194 194 15,389 -30.09 27.61 |",,2026-04-08T18:39:45.005107
NV,2016-01-01,2016-01-31,monthly,ALL,TOTAL,TOTAL,,combined,other,2116430903,194500000,194500000,,,1921930903,13128750,,0.09190000000675666,31,False,False,NV_2016_01_gri.pdf,,,,4,,https://www.gaming.nv.gov/uploadedFiles/gamingnvgov/content/about/gaming-revenue/2016Jan-gri.pdf,https://www.gaming.nv.gov/about-us/gaming-revenue-information-gri/,NV/screenshots/NV_2016_01_NV_2016_01_gri_p1.png,"OTHER | 1,945 -19.29 9.19 | 4,248 11.10 5.88 | 20,426 12.26 6.23 |",,2026-04-08T18:39:45.005107
NV,2016-02-01,2016-02-29,monthly,ALL,TOTAL,TOTAL,,combined,,36266839378,2799800000,2799800000,,,33467039378,188986500,,0.07720000000050735,29,False,False,NV_2016_02_gri.pdf,,,,4,,https://www.gaming.nv.gov/uploadedFiles/gamingnvgov/content/about/gaming-revenue/2016Feb-gri.pdf,https://www.gaming.nv.gov/about-us/gaming-revenue-information-gri/,NV/screenshots/NV_2016_02_NV_2016_02_gri_p1.png,"SPORTS POOL (2) | 190 191 27,998 99.13 7.72 | 191 192 66,114 9.44 5.20 | 197 198 245,039 12.73 5.61 |",,2026-04-08T18:39:46.860287
NV,2016-02-01,2016-02-29,monthly,ALL,TOTAL,TOTAL,,combined,football,12929789368,1289100000,1289100000,,,11640689368,87014250,,0.09970000000080434,29,False,False,NV_2016_02_gri.pdf,,,,4,,https://www.gaming.nv.gov/uploadedFiles/gamingnvgov/content/about/gaming-revenue/2016Feb-gri.pdf,https://www.gaming.nv.gov/about-us/gaming-revenue-information-gri/,NV/screenshots/NV_2016_02_NV_2016_02_gri_p1.png,"FOOTBALL | 188 188 12,891 285.78 9.97 | 190 190 30,073 31.49 4.63 | 195 195 96,774 -2.70 5.44 |",,2026-04-08T18:39:46.860287
NV,2016-02-01,2016-02-29,monthly,ALL,TOTAL,TOTAL,,combined,basketball,20485451761,1337700000,1337700000,,,19147751761,90294750,,0.06530000000032705,29,False,False,NV_2016_02_gri.pdf,,,,4,,https://www.gaming.nv.gov/uploadedFiles/gamingnvgov/content/about/gaming-revenue/2016Feb-gri.pdf,https://www.gaming.nv.gov/about-us/gaming-revenue-information-gri/,NV/screenshots/NV_2016_02_NV_2016_02_gri_p1.png,"BASKETBALL | 188 188 13,377 83.16 6.53 | 189 189 32,405 7.90 6.07 | 195 195 74,850 34.62 5.71 |",,2026-04-08T18:39:46.860287
NV,2016-02-01,2016-02-29,monthly,ALL,TOTAL,TOTAL,,combined,baseball,24724536,-27600000,-27600000,,,52324536,,,-1.1163000187344263,29,False,False,NV_2016_02_gri.pdf,,,,4,,https://www.gaming.nv.gov/uploadedFiles/gamingnvgov/content/about/gaming-revenue/2016Feb-gri.pdf,https://www.gaming.nv.gov/about-us/gaming-revenue-information-gri/,NV/screenshots/NV_2016_02_NV_2016_02_gri_p1.png,"BASEBALL | 18 18 -276 -98.64 -111.63 | 36 36 -2,907 -8.27 -436.75 | 192 192 39,148 85.21 4.36 |",,2026-04-08T18:39:46.860287
NV,2016-02-01,2016-02-29,monthly,ALL,TOTAL,TOTAL,,combined,parlay,218041237,84600000,84600000,,,133441237,5710500,,0.3880000002017967,29,False,False,NV_2016_02_gri.pdf,,,,4,,https://www.gaming.nv.gov/uploadedFiles/gamingnvgov/content/about/gaming-revenue/2016Feb-gri.pdf,https://www.gaming.nv.gov/about-us/gaming-revenue-information-gri/,NV/screenshots/NV_2016_02_NV_2016_02_gri_p1.png,"SPORTS PARLAY CARDS | 178 178 846 -29.83 38.80 | 188 188 1,777 -63.33 11.43 | 194 194 15,030 -31.94 26.86 |",,2026-04-08T18:39:46.860287
NV,2016-02-01,2016-02-29,monthly,ALL,TOTAL,TOTAL,,combined,other,2595078300,116000000,116000000,,,2479078300,7830000,,0.04469999999614655,29,False,False,NV_2016_02_gri.pdf,,,,4,,https://www.gaming.nv.gov/uploadedFiles/gamingnvgov/content/about/gaming-revenue/2016Feb-gri.pdf,https://www.gaming.nv.gov/about-us/gaming-revenue-information-gri/,NV/screenshots/NV_2016_02_NV_2016_02_gri_p1.png,"OTHER | 1,160 -50.61 4.47 | 4,767 -10.84 6.74 | 19,236 0.81 5.85 |",,2026-04-08T18:39:46.860287
NV,2016-03-01,2016-03-31,monthly,ALL,TOTAL,TOTAL,,combined,,45800947867,966400000,966400000,,,44834547867,65232000,,0.02110000000013755,31,False,False,NV_2016_03_gri.pdf,,,,4,,https://www.gaming.nv.gov/uploadedFiles/gamingnvgov/content/about/gaming-revenue/2016Mar-gri.pdf,https://www.gaming.nv.gov/about-us/gaming-revenue-information-gri/,NV/screenshots/NV_2016_03_NV_2016_03_gri_p1.png,"SPORTS POOL (2) | 190 191 9,664 -47.73 2.11 | 191 192 57,284 8.39 4.51 | 196 197 236,213 5.92 5.34 |",,2026-04-08T18:39:48.719023
NV,2016-03-01,2016-03-31,monthly,ALL,TOTAL,TOTAL,,combined,football,63575609756,-1303300000,-1303300000,,,64878909756,,,-0.02050000000003146,31,False,False,NV_2016_03_gri.pdf,,,,4,,https://www.gaming.nv.gov/uploadedFiles/gamingnvgov/content/about/gaming-revenue/2016Mar-gri.pdf,https://www.gaming.nv.gov/about-us/gaming-revenue-information-gri/,NV/screenshots/NV_2016_03_NV_2016_03_gri_p1.png,"FOOTBALL | 38 38 -13,033 -12.30 -2.05 | 189 189 8,051 269.16 2.21 | 195 195 95,347 -2.47 5.37 |",,2026-04-08T18:39:48.719023
NV,2016-03-01,2016-03-31,monthly,ALL,TOTAL,TOTAL,,combined,basketball,42223529412,2153400000,2153400000,,,40070129412,145354500,,0.0509999999997158,31,False,False,NV_2016_03_gri.pdf,,,,4,,https://www.gaming.nv.gov/uploadedFiles/gamingnvgov/content/about/gaming-revenue/2016Mar-gri.pdf,https://www.gaming.nv.gov/about-us/gaming-revenue-information-gri/,NV/screenshots/NV_2016_03_NV_2016_03_gri_p1.png,"BASKETBALL | 189 189 21,534 -22.87 5.10 | 189 189 45,113 -9.11 5.54 | 195 195 68,465 6.79 5.04 |",,2026-04-08T18:39:48.719023
NV,2016-03-01,2016-03-31,monthly,ALL,TOTAL,TOTAL,,combined,baseball,355329949,21000000,21000000,,,334329949,1417500,,0.05910000003968143,31,False,False,NV_2016_03_gri.pdf,,,,4,,https://www.gaming.nv.gov/uploadedFiles/gamingnvgov/content/about/gaming-revenue/2016Mar-gri.pdf,https://www.gaming.nv.gov/about-us/gaming-revenue-information-gri/,NV/screenshots/NV_2016_03_NV_2016_03_gri_p1.png,"BASEBALL | 183 183 210 -14.28 5.91 | 183 183 -1,185 -30.10 -31.04 | 194 194 39,112 91.87 4.35 |",,2026-04-08T18:39:48.719023
NV,2016-03-01,2016-03-31,monthly,ALL,TOTAL,TOTAL,,combined,parlay,133720930,6900000,6900000,,,126820930,465750,,0.05160000008973913,31,False,False,NV_2016_03_gri.pdf,,,,4,,https://www.gaming.nv.gov/uploadedFiles/gamingnvgov/content/about/gaming-revenue/2016Mar-gri.pdf,https://www.gaming.nv.gov/about-us/gaming-revenue-information-gri/,NV/screenshots/NV_2016_03_NV_2016_03_gri_p1.png,"SPORTS PARLAY CARDS | 175 175 69 -84.99 5.16 | 188 188 1,316 -50.46 15.77 | 194 194 14,641 -33.57 26.10 |",,2026-04-08T18:39:48.719023
NV,2016-03-01,2016-03-31,monthly,ALL,TOTAL,TOTAL,,combined,other,3194945848,88500000,88500000,,,3106445848,5973750,,0.02770000000325514,31,False,False,NV_2016_03_gri.pdf,,,,4,,https://www.gaming.nv.gov/uploadedFiles/gamingnvgov/content/about/gaming-revenue/2016Mar-gri.pdf,https://www.gaming.nv.gov/about-us/gaming-revenue-information-gri/,NV/screenshots/NV_2016_03_NV_2016_03_gri_p1.png,"OTHER | 885 -39.97 2.77 | 3,989 -36.00 5.04 | 18,647 -0.33 5.64 |",,2026-04-08T18:39:48.719023
NV,2016-04-01,2016-04-30,monthly,ALL,TOTAL,TOTAL,,combined,,29231601732,1350500000,1350500000,,,27881101732,91158750,,0.04619999999937054,30,False,False,NV_2016_04_gri.pdf,,,,4,,https://www.gaming.nv.gov/uploadedFiles/gamingnvgov/content/about/gaming-revenue/2016Apr-gri.pdf,https://www.gaming.nv.gov/about-us/gaming-revenue-information-gri/,NV/screenshots/NV_2016_04_NV_2016_04_gri_p1.png,"SPORTS POOL (2) | 190 191 13,505 69.92 4.62 | 190 191 51,167 26.34 4.59 | 196 197 241,770 9.06 5.42 |",,2026-04-08T18:39:50.521041
NV,2016-04-01,2016-04-30,monthly,ALL,TOTAL,TOTAL,,combined,football,153654027,-473700000,-473700000,,,627354027,,,-3.0829000010523644,30,False,False,NV_2016_04_gri.pdf,,,,4,,https://www.gaming.nv.gov/uploadedFiles/gamingnvgov/content/about/gaming-revenue/2016Apr-gri.pdf,https://www.gaming.nv.gov/about-us/gaming-revenue-information-gri/,NV/screenshots/NV_2016_04_NV_2016_04_gri_p1.png,"FOOTBALL | 91 91 -4,737 -1.70 -308.29 | 189 189 -4,879 62.25 -3.76 | 194 194 95,268 -1.53 5.36 |",,2026-04-08T18:39:50.521041
NV,2016-04-01,2016-04-30,monthly,ALL,TOTAL,TOTAL,,combined,basketball,13039267016,498100000,498100000,,,12541167016,33621750,,0.03819999999914105,30,False,False,NV_2016_04_gri.pdf,,,,4,,https://www.gaming.nv.gov/uploadedFiles/gamingnvgov/content/about/gaming-revenue/2016Apr-gri.pdf,https://www.gaming.nv.gov/about-us/gaming-revenue-information-gri/,NV/screenshots/NV_2016_04_NV_2016_04_gri_p1.png,"BASKETBALL | 189 189 4,981 136.59 3.82 | 189 189 39,893 6.87 5.27 | 195 195 71,340 16.71 5.23 |",,2026-04-08T18:39:50.521041
NV,2016-04-01,2016-04-30,monthly,ALL,TOTAL,TOTAL,,combined,baseball,12424572317,798900000,798900000,,,11625672317,53925750,,0.06430000000136021,30,False,False,NV_2016_04_gri.pdf,,,,4,,https://www.gaming.nv.gov/uploadedFiles/gamingnvgov/content/about/gaming-revenue/2016Apr-gri.pdf,https://www.gaming.nv.gov/about-us/gaming-revenue-information-gri/,NV/screenshots/NV_2016_04_NV_2016_04_gri_p1.png,"BASEBALL | 188 188 7,989 18.98 6.43 | 188 188 7,922 16.16 6.19 | 195 195 40,387 78.60 4.34 |",,2026-04-08T18:39:50.521041
NV,2016-04-01,2016-04-30,monthly,ALL,TOTAL,TOTAL,,combined,parlay,18548387,2300000,2300000,,,16248387,155250,,0.12400000064695653,30,False,False,NV_2016_04_gri.pdf,,,,4,,https://www.gaming.nv.gov/uploadedFiles/gamingnvgov/content/about/gaming-revenue/2016Apr-gri.pdf,https://www.gaming.nv.gov/about-us/gaming-revenue-information-gri/,NV/screenshots/NV_2016_04_NV_2016_04_gri_p1.png,"SPORTS PARLAY CARDS | 115 115 23 -18.09 12.40 | 182 182 938 -44.55 25.36 | 193 193 14,636 -33.93 26.09 |",,2026-04-08T18:39:50.521041
NV,2016-04-01,2016-04-30,monthly,ALL,TOTAL,TOTAL,,combined,other,3708833922,524800000,524800000,,,3184033922,35424000,,0.14150000000997617,30,False,False,NV_2016_04_gri.pdf,,,,4,,https://www.gaming.nv.gov/uploadedFiles/gamingnvgov/content/about/gaming-revenue/2016Apr-gri.pdf,https://www.gaming.nv.gov/about-us/gaming-revenue-information-gri/,NV/screenshots/NV_2016_04_NV_2016_04_gri_p1.png,"OTHER | 5,248 39.69 14.15 | 7,293 -3.79 7.68 | 20,138 5.72 5.99 |",,2026-04-08T18:39:50.521041
NV,2016-05-01,2016-05-31,monthly,ALL,TOTAL,TOTAL,,combined,,31322751323,592000000,592000000,,,30730751323,39960000,,0.01889999999984995,31,False,False,NV_2016_05_gri.pdf,,,,4,,https://www.gaming.nv.gov/uploadedFiles/gamingnvgov/content/about/gaming-revenue/2016May-gri.pdf,https://www.gaming.nv.gov/about-us/gaming-revenue-information-gri/,NV/screenshots/NV_2016_05_NV_2016_05_gri_p1.png,"SPORTS POOL (2) | 190 191 5,920 -70.15 1.89 | 191 192 29,089 -37.14 2.73 | 196 197 227,853 -0.97 5.11 |",,2026-04-08T18:39:52.357584
NV,2016-05-01,2016-05-31,monthly,ALL,TOTAL,TOTAL,,combined,football,39369689,-238600000,-238600000,,,277969689,,,-6.060499995313654,31,False,False,NV_2016_05_gri.pdf,,,,4,,https://www.gaming.nv.gov/uploadedFiles/gamingnvgov/content/about/gaming-revenue/2016May-gri.pdf,https://www.gaming.nv.gov/about-us/gaming-revenue-information-gri/,NV/screenshots/NV_2016_05_NV_2016_05_gri_p1.png,"FOOTBALL | 90 90 -2,386 -15.24 -606.05 | 109 109 -20,156 -9.94 0.00 | 193 193 94,952 -1.35 5.35 |",,2026-04-08T18:39:52.357584
NV,2016-05-01,2016-05-31,monthly,ALL,TOTAL,TOTAL,,combined,basketball,9968152866,469500000,469500000,,,9498652866,31691250,,0.047100000001143644,31,False,False,NV_2016_05_gri.pdf,,,,4,,https://www.gaming.nv.gov/uploadedFiles/gamingnvgov/content/about/gaming-revenue/2016May-gri.pdf,https://www.gaming.nv.gov/about-us/gaming-revenue-information-gri/,NV/screenshots/NV_2016_05_NV_2016_05_gri_p1.png,"BASKETBALL | 190 190 4,695 69.20 4.71 | 190 190 31,210 -4.85 4.78 | 194 194 73,260 19.92 5.32 |",,2026-04-08T18:39:52.357584
NV,2016-05-01,2016-05-31,monthly,ALL,TOTAL,TOTAL,,combined,baseball,18519230769,288900000,288900000,,,18230330769,19500750,,0.015600000000194392,31,False,False,NV_2016_05_gri.pdf,,,,4,,https://www.gaming.nv.gov/uploadedFiles/gamingnvgov/content/about/gaming-revenue/2016May-gri.pdf,https://www.gaming.nv.gov/about-us/gaming-revenue-information-gri/,NV/screenshots/NV_2016_05_NV_2016_05_gri_p1.png,"BASEBALL | 189 189 2,889 -73.06 1.56 | 189 189 11,088 -37.30 3.54 | 195 195 32,552 29.98 3.36 |",,2026-04-08T18:39:52.357584
NV,2016-05-01,2016-05-31,monthly,ALL,TOTAL,TOTAL,,combined,parlay,15873016,6300000,6300000,,,9573016,425250,,0.39689999682480004,31,False,False,NV_2016_05_gri.pdf,,,,4,,https://www.gaming.nv.gov/uploadedFiles/gamingnvgov/content/about/gaming-revenue/2016May-gri.pdf,https://www.gaming.nv.gov/about-us/gaming-revenue-information-gri/,NV/screenshots/NV_2016_05_NV_2016_05_gri_p1.png,"SPORTS PARLAY CARDS | 117 117 63 -71.21 39.69 | 175 175 155 -77.99 9.26 | 191 191 14,480 -35.04 26.06 |",,2026-04-08T18:39:52.357584
NV,2016-05-01,2016-05-31,monthly,ALL,TOTAL,TOTAL,,combined,other,2750000000,66000000,66000000,,,2684000000,4455000,,0.024,31,False,False,NV_2016_05_gri.pdf,,,,4,,https://www.gaming.nv.gov/uploadedFiles/gamingnvgov/content/about/gaming-revenue/2016May-gri.pdf,https://www.gaming.nv.gov/about-us/gaming-revenue-information-gri/,NV/screenshots/NV_2016_05_NV_2016_05_gri_p1.png,"OTHER | 660 -91.94 2.40 | 6,792 -49.39 7.04 | 12,608 -50.36 4.45 |",,2026-04-08T18:39:52.357584
NV,2016-06-01,2016-06-30,monthly,ALL,TOTAL,TOTAL,,combined,,30038167939,787000000,787000000,,,29251167939,53122500,,0.026199999999940077,30,False,False,NV_2016_06_gri.pdf,,,,4,,https://www.gaming.nv.gov/uploadedFiles/gamingnvgov/content/about/gaming-revenue/2016Jun-gri.pdf,https://www.gaming.nv.gov/about-us/gaming-revenue-information-gri/,NV/screenshots/NV_2016_06_NV_2016_06_gri_p1.png,"SPORTS POOL (2) | 190 191 7,870 -47.29 2.62 | 191 192 27,295 -36.10 3.01 | 195 196 220,794 -7.20 4.89 |",,2026-04-08T18:39:54.208936
NV,2016-06-01,2016-06-30,monthly,ALL,TOTAL,TOTAL,,combined,football,78466853,-47700000,-47700000,,,126166853,,,-0.6079000007812216,30,False,False,NV_2016_06_gri.pdf,,,,4,,https://www.gaming.nv.gov/uploadedFiles/gamingnvgov/content/about/gaming-revenue/2016Jun-gri.pdf,https://www.gaming.nv.gov/about-us/gaming-revenue-information-gri/,NV/screenshots/NV_2016_06_NV_2016_06_gri_p1.png,"FOOTBALL | 160 160 -477 -44.77 -60.79 | 163 163 -7,600 -7.68 -549.25 | 192 192 94,805 -1.73 5.34 |",,2026-04-08T18:39:54.208936
NV,2016-06-01,2016-06-30,monthly,ALL,TOTAL,TOTAL,,combined,basketball,6473170732,132700000,132700000,,,6340470732,8957250,,0.020499999999073096,30,False,False,NV_2016_06_gri.pdf,,,,4,,https://www.gaming.nv.gov/uploadedFiles/gamingnvgov/content/about/gaming-revenue/2016Jun-gri.pdf,https://www.gaming.nv.gov/about-us/gaming-revenue-information-gri/,NV/screenshots/NV_2016_06_NV_2016_06_gri_p1.png,"BASKETBALL | 189 189 1,327 -70.19 2.05 | 190 190 11,003 17.91 3.73 | 193 193 70,136 2.47 5.03 |",,2026-04-08T18:39:54.208936
NV,2016-06-01,2016-06-30,monthly,ALL,TOTAL,TOTAL,,combined,baseball,20236714976,418900000,418900000,,,19817814976,28275750,,0.020699999999841873,30,False,False,NV_2016_06_gri.pdf,,,,4,,https://www.gaming.nv.gov/uploadedFiles/gamingnvgov/content/about/gaming-revenue/2016Jun-gri.pdf,https://www.gaming.nv.gov/about-us/gaming-revenue-information-gri/,NV/screenshots/NV_2016_06_NV_2016_06_gri_p1.png,"BASEBALL | 189 189 4,189 -56.56 2.07 | 189 189 15,068 -44.37 2.94 | 194 194 27,097 -10.14 2.69 |",,2026-04-08T18:39:54.208936
NV,2016-06-01,2016-06-30,monthly,ALL,TOTAL,TOTAL,,combined,parlay,20877458,6900000,6900000,,,13977458,465750,,0.33050000627471027,30,False,False,NV_2016_06_gri.pdf,,,,4,,https://www.gaming.nv.gov/uploadedFiles/gamingnvgov/content/about/gaming-revenue/2016Jun-gri.pdf,https://www.gaming.nv.gov/about-us/gaming-revenue-information-gri/,NV/screenshots/NV_2016_06_NV_2016_06_gri_p1.png,"SPORTS PARLAY CARDS | 105 105 69 -11.66 33.05 | 126 126 156 -52.28 27.94 | 191 191 14,471 -35.08 26.00 |",,2026-04-08T18:39:54.208936
NV,2016-06-01,2016-06-30,monthly,ALL,TOTAL,TOTAL,,combined,other,3177215190,276100000,276100000,,,2901115190,18636750,,0.08689999999653784,30,False,False,NV_2016_06_gri.pdf,,,,4,,https://www.gaming.nv.gov/uploadedFiles/gamingnvgov/content/about/gaming-revenue/2016Jun-gri.pdf,https://www.gaming.nv.gov/about-us/gaming-revenue-information-gri/,NV/screenshots/NV_2016_06_NV_2016_06_gri_p1.png,"OTHER | 2,761 154.58 8.69 | 8,669 -33.48 9.00 | 14,285 -30.58 5.00 |",,2026-04-08T18:39:54.208936
NV,2016-07-01,2016-07-31,monthly,ALL,TOTAL,TOTAL,,combined,,22165338645,1112700000,1112700000,,,21052638645,75107250,,0.050200000000947424,31,False,False,NV_2016_07_gri.pdf,,,,4,,https://www.gaming.nv.gov/uploadedFiles/gamingnvgov/content/about/gaming-revenue/2016Jul-gri.pdf,https://www.gaming.nv.gov/about-us/gaming-revenue-information-gri/,NV/screenshots/NV_2016_07_NV_2016_07_gri_p1.png,"SPORTS POOL (2) | 189 190 11,127 1021.46 5.02 | 190 191 24,918 -30.32 2.98 | 195 196 230,929 -3.18 5.06 |",,2026-04-08T18:39:56.069271
NV,2016-07-01,2016-07-31,monthly,ALL,TOTAL,TOTAL,,combined,football,210031348,13400000,13400000,,,196631348,904500,,0.06379999998857314,31,False,False,NV_2016_07_gri.pdf,,,,4,,https://www.gaming.nv.gov/uploadedFiles/gamingnvgov/content/about/gaming-revenue/2016Jul-gri.pdf,https://www.gaming.nv.gov/about-us/gaming-revenue-information-gri/,NV/screenshots/NV_2016_07_NV_2016_07_gri_p1.png,"FOOTBALL | 168 168 134 -8.93 6.38 | 174 174 -2,729 -21.14 -83.24 | 192 192 94,792 -1.79 5.33 |",,2026-04-08T18:39:56.069271
NV,2016-07-01,2016-07-31,monthly,ALL,TOTAL,TOTAL,,combined,basketball,704521106,-328800000,-328800000,,,1033321106,,,-0.46669999975841747,31,False,False,NV_2016_07_gri.pdf,,,,4,,https://www.gaming.nv.gov/uploadedFiles/gamingnvgov/content/about/gaming-revenue/2016Jul-gri.pdf,https://www.gaming.nv.gov/about-us/gaming-revenue-information-gri/,NV/screenshots/NV_2016_07_NV_2016_07_gri_p1.png,"BASKETBALL | 181 181 -3,288 -15.22 -46.67 | 190 190 2,733 -37.48 1.59 | 192 192 69,702 3.08 4.99 |",,2026-04-08T18:39:56.069271
NV,2016-07-01,2016-07-31,monthly,ALL,TOTAL,TOTAL,,combined,baseball,18572100313,1184900000,1184900000,,,17387200313,79980750,,0.06380000000164764,31,False,False,NV_2016_07_gri.pdf,,,,4,,https://www.gaming.nv.gov/uploadedFiles/gamingnvgov/content/about/gaming-revenue/2016Jul-gri.pdf,https://www.gaming.nv.gov/about-us/gaming-revenue-information-gri/,NV/screenshots/NV_2016_07_NV_2016_07_gri_p1.png,"BASEBALL | 188 188 11,849 126.63 6.38 | 189 189 18,927 -26.05 3.30 | 194 194 33,718 -0.47 3.24 |",,2026-04-08T18:39:56.069271
NV,2016-07-01,2016-07-31,monthly,ALL,TOTAL,TOTAL,,combined,parlay,24108746,9400000,9400000,,,14708746,634500,,0.3898999972872915,31,False,False,NV_2016_07_gri.pdf,,,,4,,https://www.gaming.nv.gov/uploadedFiles/gamingnvgov/content/about/gaming-revenue/2016Jul-gri.pdf,https://www.gaming.nv.gov/about-us/gaming-revenue-information-gri/,NV/screenshots/NV_2016_07_NV_2016_07_gri_p1.png,"SPORTS PARLAY CARDS | 108 108 94 -36.17 38.99 | 125 125 226 -49.14 37.13 | 191 191 14,417 -35.69 25.84 |",,2026-04-08T18:39:56.069271
NV,2016-07-01,2016-07-31,monthly,ALL,TOTAL,TOTAL,,combined,other,2625140292,233900000,233900000,,,2391240292,15788250,,0.08909999999344798,31,False,False,NV_2016_07_gri.pdf,,,,4,,https://www.gaming.nv.gov/uploadedFiles/gamingnvgov/content/about/gaming-revenue/2016Jul-gri.pdf,https://www.gaming.nv.gov/about-us/gaming-revenue-information-gri/,NV/screenshots/NV_2016_07_NV_2016_07_gri_p1.png,"OTHER | 2,339 239.46 8.91 | 5,760 -24.19 6.74 | 18,301 1.19 6.24 |",,2026-04-08T18:39:56.069271
NV,2016-08-01,2016-08-31,monthly,ALL,TOTAL,TOTAL,,combined,,18825242718,193900000,193900000,,,18631342718,13088250,,0.010300000000244353,31,False,False,NV_2016_08_gri.pdf,,,,4,,https://www.gaming.nv.gov/uploadedFiles/gamingnvgov/content/about/gaming-revenue/2016Aug-gri.pdf,https://www.gaming.nv.gov/about-us/gaming-revenue-information-gri/,NV/screenshots/NV_2016_08_NV_2016_08_gri_p1.png,"SPORTS POOL (2) | 189 190 1,939 -59.26 1.03 | 190 191 20,936 1.23 2.95 | 195 196 228,108 -1.64 5.00 |",,2026-04-08T18:39:57.843867
NV,2016-08-01,2016-08-31,monthly,ALL,TOTAL,TOTAL,,combined,football,1847517730,312600000,312600000,,,1534917730,21100500,,0.1692000000454664,31,False,False,NV_2016_08_gri.pdf,,,,4,,https://www.gaming.nv.gov/uploadedFiles/gamingnvgov/content/about/gaming-revenue/2016Aug-gri.pdf,https://www.gaming.nv.gov/about-us/gaming-revenue-information-gri/,NV/screenshots/NV_2016_08_NV_2016_08_gri_p1.png,"FOOTBALL | 188 188 3,126 123.65 16.92 | 188 188 2,782 128.98 13.03 | 193 193 96,520 9.81 5.42 |",,2026-04-08T18:39:57.843867
NV,2016-08-01,2016-08-31,monthly,ALL,TOTAL,TOTAL,,combined,basketball,192699193,-109800000,-109800000,,,302499193,,,-0.5697999991105308,31,False,False,NV_2016_08_gri.pdf,,,,4,,https://www.gaming.nv.gov/uploadedFiles/gamingnvgov/content/about/gaming-revenue/2016Aug-gri.pdf,https://www.gaming.nv.gov/about-us/gaming-revenue-information-gri/,NV/screenshots/NV_2016_08_NV_2016_08_gri_p1.png,"BASKETBALL | 177 177 -1,098 -108.84 -56.98 | 189 189 -3,059 -385.46 -4.15 | 192 192 69,130 1.62 4.97 |",,2026-04-08T18:39:57.843867
NV,2016-08-01,2016-08-31,monthly,ALL,TOTAL,TOTAL,,combined,baseball,14954545455,98700000,98700000,,,14855845455,6662250,,0.006599999999799392,31,False,False,NV_2016_08_gri.pdf,,,,4,,https://www.gaming.nv.gov/uploadedFiles/gamingnvgov/content/about/gaming-revenue/2016Aug-gri.pdf,https://www.gaming.nv.gov/about-us/gaming-revenue-information-gri/,NV/screenshots/NV_2016_08_NV_2016_08_gri_p1.png,"BASEBALL | 188 188 987 -72.67 0.66 | 189 189 17,025 -7.89 3.16 | 194 194 31,094 -8.95 2.99 |",,2026-04-08T18:39:57.843867
NV,2016-08-01,2016-08-31,monthly,ALL,TOTAL,TOTAL,,combined,parlay,31240702,10500000,10500000,,,20740702,708750,,0.3361000018501505,31,False,False,NV_2016_08_gri.pdf,,,,4,,https://www.gaming.nv.gov/uploadedFiles/gamingnvgov/content/about/gaming-revenue/2016Aug-gri.pdf,https://www.gaming.nv.gov/about-us/gaming-revenue-information-gri/,NV/screenshots/NV_2016_08_NV_2016_08_gri_p1.png,"SPORTS PARLAY CARDS | 125 125 105 264.88 33.61 | 137 137 268 5.39 35.16 | 191 191 14,494 -33.62 25.92 |",,2026-04-08T18:39:57.843867
NV,2016-08-01,2016-08-31,monthly,ALL,TOTAL,TOTAL,,combined,other,1777108434,-118000000,-118000000,,,1895108434,,,-0.06639999999009627,31,False,False,NV_2016_08_gri.pdf,,,,4,,https://www.gaming.nv.gov/uploadedFiles/gamingnvgov/content/about/gaming-revenue/2016Aug-gri.pdf,https://www.gaming.nv.gov/about-us/gaming-revenue-information-gri/,NV/screenshots/NV_2016_08_NV_2016_08_gri_p1.png,"OTHER | -1,180 -573.49 -6.64 | 3,920 1242.88 5.17 | 16,871 -15.63 5.62 |",,2026-04-08T18:39:57.843867
NV,2016-09-01,2016-09-30,monthly,ALL,TOTAL,TOTAL,,combined,,44040816327,4100200000,4100200000,,,39940616327,276763500,,0.09309999999900774,30,False,False,NV_2016_09_gri.pdf,,,,4,,https://www.gaming.nv.gov/uploadedFiles/gamingnvgov/content/about/gaming-revenue/2016Sep-gri.pdf,https://www.gaming.nv.gov/about-us/gaming-revenue-information-gri/,NV/screenshots/NV_2016_09_NV_2016_09_gri_p1.png,"SPORTS POOL (2) | 191 192 41,002 15.18 9.31 | 191 192 54,069 30.76 6.35 | 193 194 233,512 4.73 5.13 |",,2026-04-08T18:39:59.697081
NV,2016-09-01,2016-09-30,monthly,ALL,TOTAL,TOTAL,,combined,football,30921273032,3692000000,3692000000,,,27229273032,249210000,,0.11939999999932732,30,False,False,NV_2016_09_gri.pdf,,,,4,,https://www.gaming.nv.gov/uploadedFiles/gamingnvgov/content/about/gaming-revenue/2016Sep-gri.pdf,https://www.gaming.nv.gov/about-us/gaming-revenue-information-gri/,NV/screenshots/NV_2016_09_NV_2016_09_gri_p1.png,"FOOTBALL | 190 190 36,920 18.28 11.94 | 190 190 40,180 22.65 12.19 | 192 192 102,226 24.92 5.76 |",,2026-04-08T18:39:59.697081
NV,2016-09-01,2016-09-30,monthly,ALL,TOTAL,TOTAL,,combined,basketball,221919467,-73300000,-73300000,,,295219467,,,-0.33030000022485634,30,False,False,NV_2016_09_gri.pdf,,,,4,,https://www.gaming.nv.gov/uploadedFiles/gamingnvgov/content/about/gaming-revenue/2016Sep-gri.pdf,https://www.gaming.nv.gov/about-us/gaming-revenue-information-gri/,NV/screenshots/NV_2016_09_NV_2016_09_gri_p1.png,"BASKETBALL | 176 176 -733 39.08 -33.03 | 185 185 -5,119 -11.70 -45.74 | 192 192 69,600 3.01 5.00 |",,2026-04-08T18:39:59.697081
NV,2016-09-01,2016-09-30,monthly,ALL,TOTAL,TOTAL,,combined,baseball,10574468085,49700000,49700000,,,10524768085,3354750,,0.0047000000000472835,30,False,False,NV_2016_09_gri.pdf,,,,4,,https://www.gaming.nv.gov/uploadedFiles/gamingnvgov/content/about/gaming-revenue/2016Sep-gri.pdf,https://www.gaming.nv.gov/about-us/gaming-revenue-information-gri/,NV/screenshots/NV_2016_09_NV_2016_09_gri_p1.png,"BASEBALL | 190 190 497 -86.36 0.47 | 190 190 13,333 6.84 3.01 | 192 192 27,950 -22.79 2.72 |",,2026-04-08T18:39:59.697081
NV,2016-09-01,2016-09-30,monthly,ALL,TOTAL,TOTAL,,combined,parlay,1050758765,401600000,401600000,,,649158765,27108000,,0.38220000001617876,30,False,False,NV_2016_09_gri.pdf,,,,4,,https://www.gaming.nv.gov/uploadedFiles/gamingnvgov/content/about/gaming-revenue/2016Sep-gri.pdf,https://www.gaming.nv.gov/about-us/gaming-revenue-information-gri/,NV/screenshots/NV_2016_09_NV_2016_09_gri_p1.png,"SPORTS PARLAY CARDS | 187 187 4,016 89.79 38.22 | 187 187 4,215 83.88 38.10 | 191 191 16,393 -7.20 29.18 |",,2026-04-08T18:39:59.697081
NV,2016-09-01,2016-09-30,monthly,ALL,TOTAL,TOTAL,,combined,other,1247933884,30200000,30200000,,,1217733884,2038500,,0.024200000005769537,30,False,False,NV_2016_09_gri.pdf,,,,4,,https://www.gaming.nv.gov/uploadedFiles/gamingnvgov/content/about/gaming-revenue/2016Sep-gri.pdf,https://www.gaming.nv.gov/about-us/gaming-revenue-information-gri/,NV/screenshots/NV_2016_09_NV_2016_09_gri_p1.png,"OTHER | 302 278.35 2.42 | 1,460 191.43 2.59 | 17,342 -11.93 5.77 |",,2026-04-08T18:39:59.697081
NV,2016-10-01,2016-10-31,monthly,ALL,TOTAL,TOTAL,,combined,,51727383863,4231300000,4231300000,,,47496083863,285612750,,0.08180000000012759,31,False,False,NV_2016_10_gri.pdf,,,,4,,https://www.gaming.nv.gov/uploadedFiles/gamingnvgov/content/about/gaming-revenue/2016Oct-gri.pdf,https://www.gaming.nv.gov/about-us/gaming-revenue-information-gri/,NV/screenshots/NV_2016_10_NV_2016_10_gri_p1.png,"SPORTS POOL (2) | 191 192 42,313 25.93 8.18 | 191 192 85,254 15.27 7.43 | 193 194 242,225 5.79 5.31 |",,2026-04-08T18:40:01.850918
NV,2016-10-01,2016-10-31,monthly,ALL,TOTAL,TOTAL,,combined,football,40049267643,3007700000,3007700000,,,37041567643,203019750,,0.07510000000026718,31,False,False,NV_2016_10_gri.pdf,,,,4,,https://www.gaming.nv.gov/uploadedFiles/gamingnvgov/content/about/gaming-revenue/2016Oct-gri.pdf,https://www.gaming.nv.gov/about-us/gaming-revenue-information-gri/,NV/screenshots/NV_2016_10_NV_2016_10_gri_p1.png,"FOOTBALL | 190 190 30,077 27.74 7.51 | 190 190 70,123 24.87 9.63 | 192 192 108,757 23.03 6.12 |",,2026-04-08T18:40:01.850918
NV,2016-10-01,2016-10-31,monthly,ALL,TOTAL,TOTAL,,combined,basketball,1855980472,228100000,228100000,,,1627880472,15396750,,0.12289999999525857,31,False,False,NV_2016_10_gri.pdf,,,,4,,https://www.gaming.nv.gov/uploadedFiles/gamingnvgov/content/about/gaming-revenue/2016Oct-gri.pdf,https://www.gaming.nv.gov/about-us/gaming-revenue-information-gri/,NV/screenshots/NV_2016_10_NV_2016_10_gri_p1.png,"BASKETBALL | 189 189 2,281 42.68 12.29 | 189 189 450 445.94 1.98 | 192 192 70,282 4.15 5.04 |",,2026-04-08T18:40:01.850918
NV,2016-10-01,2016-10-31,monthly,ALL,TOTAL,TOTAL,,combined,baseball,6644216691,453800000,453800000,,,6190416691,30631500,,0.06830000000070738,31,False,False,NV_2016_10_gri.pdf,,,,4,,https://www.gaming.nv.gov/uploadedFiles/gamingnvgov/content/about/gaming-revenue/2016Oct-gri.pdf,https://www.gaming.nv.gov/about-us/gaming-revenue-information-gri/,NV/screenshots/NV_2016_10_NV_2016_10_gri_p1.png,"BASEBALL | 190 190 4,538 83.59 6.83 | 190 190 6,021 -38.07 1.86 | 192 192 30,016 -14.00 2.90 |",,2026-04-08T18:40:01.850918
NV,2016-10-01,2016-10-31,monthly,ALL,TOTAL,TOTAL,,combined,parlay,1534719498,391200000,391200000,,,1143519498,26406000,,0.2548999999738063,31,False,False,NV_2016_10_gri.pdf,,,,4,,https://www.gaming.nv.gov/uploadedFiles/gamingnvgov/content/about/gaming-revenue/2016Oct-gri.pdf,https://www.gaming.nv.gov/about-us/gaming-revenue-information-gri/,NV/screenshots/NV_2016_10_NV_2016_10_gri_p1.png,"SPORTS PARLAY CARDS | 187 187 3,912 -22.74 25.49 | 187 187 8,033 11.44 30.70 | 191 191 15,242 -16.14 26.55 |",,2026-04-08T18:40:01.850918
NV,2016-10-01,2016-10-31,monthly,ALL,TOTAL,TOTAL,,combined,other,1651265127,150100000,150100000,,,1501165127,10131750,,0.09089999997317208,31,False,False,NV_2016_10_gri.pdf,,,,4,,https://www.gaming.nv.gov/uploadedFiles/gamingnvgov/content/about/gaming-revenue/2016Oct-gri.pdf,https://www.gaming.nv.gov/about-us/gaming-revenue-information-gri/,NV/screenshots/NV_2016_10_NV_2016_10_gri_p1.png,"OTHER | 1,501 63.23 9.09 | 622 -37.77 1.33 | 17,923 -10.39 5.98 |",,2026-04-08T18:40:01.850918
NV,2016-11-01,2016-11-30,monthly,ALL,TOTAL,TOTAL,,combined,,50062663185,1917400000,1917400000,,,48145263185,129424500,,0.03830000000028964,30,False,False,NV_2016_11_gri.pdf,,,,4,,https://www.gaming.nv.gov/uploadedFiles/gamingnvgov/content/about/gaming-revenue/2016Nov-gri.pdf,https://www.gaming.nv.gov/about-us/gaming-revenue-information-gri/,NV/screenshots/NV_2016_11_NV_2016_11_gri_p1.png,"SPORTS POOL (2) | 190 191 19,174 -55.17 3.83 | 191 192 102,489 -8.47 7.03 | 192 193 218,629 -8.65 4.85 |",,2026-04-08T18:40:03.874070
NV,2016-11-01,2016-11-30,monthly,ALL,TOTAL,TOTAL,,combined,football,31652380952,664700000,664700000,,,30987680952,44867250,,0.021000000000252747,30,False,False,NV_2016_11_gri.pdf,,,,4,,https://www.gaming.nv.gov/uploadedFiles/gamingnvgov/content/about/gaming-revenue/2016Nov-gri.pdf,https://www.gaming.nv.gov/about-us/gaming-revenue-information-gri/,NV/screenshots/NV_2016_11_NV_2016_11_gri_p1.png,"FOOTBALL | 190 190 6,647 -77.13 2.10 | 190 190 73,644 -12.14 7.17 | 191 191 86,343 -3.61 5.08 |",,2026-04-08T18:40:03.874070
NV,2016-11-01,2016-11-30,monthly,ALL,TOTAL,TOTAL,,combined,basketball,12031304348,691800000,691800000,,,11339504348,46696500,,0.057499999999168834,30,False,False,NV_2016_11_gri.pdf,,,,4,,https://www.gaming.nv.gov/uploadedFiles/gamingnvgov/content/about/gaming-revenue/2016Nov-gri.pdf,https://www.gaming.nv.gov/about-us/gaming-revenue-information-gri/,NV/screenshots/NV_2016_11_NV_2016_11_gri_p1.png,"BASKETBALL | 190 190 6,918 -15.40 5.75 | 190 190 8,466 -1.25 6.00 | 190 190 69,022 -4.77 4.93 |",,2026-04-08T18:40:03.874070
NV,2016-11-01,2016-11-30,monthly,ALL,TOTAL,TOTAL,,combined,baseball,1857142857,289900000,289900000,,,1567242857,19568250,,0.1561000000120077,30,False,False,NV_2016_11_gri.pdf,,,,4,,https://www.gaming.nv.gov/uploadedFiles/gamingnvgov/content/about/gaming-revenue/2016Nov-gri.pdf,https://www.gaming.nv.gov/about-us/gaming-revenue-information-gri/,NV/screenshots/NV_2016_11_NV_2016_11_gri_p1.png,"BASEBALL | 190 190 2,899 1396.77 15.61 | 190 190 7,933 34.71 4.15 | 190 190 33,139 -15.83 3.17 |",,2026-04-08T18:40:03.874070
NV,2016-11-01,2016-11-30,monthly,ALL,TOTAL,TOTAL,,combined,parlay,1306483301,66500000,66500000,,,1239983301,4488750,,0.05089999998400286,30,False,False,NV_2016_11_gri.pdf,,,,4,,https://www.gaming.nv.gov/uploadedFiles/gamingnvgov/content/about/gaming-revenue/2016Nov-gri.pdf,https://www.gaming.nv.gov/about-us/gaming-revenue-information-gri/,NV/screenshots/NV_2016_11_NV_2016_11_gri_p1.png,"SPORTS PARLAY CARDS | 185 185 665 -87.00 5.09 | 188 188 8,593 -30.10 22.07 | 189 189 10,793 -40.37 18.96 |",,2026-04-08T18:40:03.874070
NV,2016-11-01,2016-11-30,monthly,ALL,TOTAL,TOTAL,,combined,other,3186228482,203600000,203600000,,,2982628482,13743000,,0.06390000000006277,30,False,False,NV_2016_11_gri.pdf,,,,4,,https://www.gaming.nv.gov/uploadedFiles/gamingnvgov/content/about/gaming-revenue/2016Nov-gri.pdf,https://www.gaming.nv.gov/about-us/gaming-revenue-information-gri/,NV/screenshots/NV_2016_11_NV_2016_11_gri_p1.png,"OTHER | 2,036 217.21 6.39 | 3,839 175.71 6.31 | 19,317 -2.52 6.36 |",,2026-04-08T18:40:03.874070
NV,2016-12-01,2016-12-31,monthly,ALL,TOTAL,TOTAL,,combined,,46213592233,1904000000,1904000000,,,44309592233,128520000,,0.04120000000000865,31,False,False,NV_2016_12_gri.pdf,,,,4,,https://www.gaming.nv.gov/uploadedFiles/gamingnvgov/content/about/gaming-revenue/2016Dec-gri.pdf,https://www.gaming.nv.gov/about-us/gaming-revenue-information-gri/,NV/screenshots/NV_2016_12_NV_2016_12_gri_p1.png,"SPORTS POOL (2) | 191 192 19,040 2.95 4.12 | 191 192 80,526 -15.11 5.44 | 192 193 219,174 -5.44 4.86 |",,2026-04-08T18:40:05.697664
NV,2016-12-01,2016-12-31,monthly,ALL,TOTAL,TOTAL,,combined,football,28056565657,1388800000,1388800000,,,26667765657,93744000,,0.04949999999923369,31,False,False,NV_2016_12_gri.pdf,,,,4,,https://www.gaming.nv.gov/uploadedFiles/gamingnvgov/content/about/gaming-revenue/2016Dec-gri.pdf,https://www.gaming.nv.gov/about-us/gaming-revenue-information-gri/,NV/screenshots/NV_2016_12_NV_2016_12_gri_p1.png,"FOOTBALL | 190 190 13,888 54.51 4.95 | 190 190 50,611 -17.83 5.07 | 190 190 91,243 10.55 5.39 |",,2026-04-08T18:40:05.697664
NV,2016-12-01,2016-12-31,monthly,ALL,TOTAL,TOTAL,,combined,basketball,14178414097,643700000,643700000,,,13534714097,43449750,,0.04539999999973199,31,False,False,NV_2016_12_gri.pdf,,,,4,,https://www.gaming.nv.gov/uploadedFiles/gamingnvgov/content/about/gaming-revenue/2016Dec-gri.pdf,https://www.gaming.nv.gov/about-us/gaming-revenue-information-gri/,NV/screenshots/NV_2016_12_NV_2016_12_gri_p1.png,"BASKETBALL | 190 190 6,437 -27.08 4.54 | 190 190 15,635 -15.95 5.57 | 190 190 66,632 -8.70 4.75 |",,2026-04-08T18:40:05.697664
NV,2016-12-01,2016-12-31,monthly,ALL,TOTAL,TOTAL,,combined,baseball,61260765,-244700000,-244700000,,,305960765,,,-3.99440000463592,31,False,False,NV_2016_12_gri.pdf,,,,4,,https://www.gaming.nv.gov/uploadedFiles/gamingnvgov/content/about/gaming-revenue/2016Dec-gri.pdf,https://www.gaming.nv.gov/about-us/gaming-revenue-information-gri/,NV/screenshots/NV_2016_12_NV_2016_12_gri_p1.png,"BASEBALL | 7 7 -2,447 -61.77 -399.44 | 190 190 4,989 578.53 5.83 | 190 190 32,204 -18.24 3.08 |",,2026-04-08T18:40:05.697664
NV,2016-12-01,2016-12-31,monthly,ALL,TOTAL,TOTAL,,combined,parlay,1193548387,14800000,14800000,,,1178748387,999000,,0.012400000001005405,31,False,False,NV_2016_12_gri.pdf,,,,4,,https://www.gaming.nv.gov/uploadedFiles/gamingnvgov/content/about/gaming-revenue/2016Dec-gri.pdf,https://www.gaming.nv.gov/about-us/gaming-revenue-information-gri/,NV/screenshots/NV_2016_12_NV_2016_12_gri_p1.png,"SPORTS PARLAY CARDS | 187 187 148 -72.11 1.24 | 188 188 4,725 -55.87 11.73 | 189 189 10,412 -34.85 17.28 |",,2026-04-08T18:40:05.697664
NV,2016-12-01,2016-12-31,monthly,ALL,TOTAL,TOTAL,,combined,other,2715846995,99400000,99400000,,,2616446995,6709500,,0.036599999993740445,31,False,False,NV_2016_12_gri.pdf,,,,4,,https://www.gaming.nv.gov/uploadedFiles/gamingnvgov/content/about/gaming-revenue/2016Dec-gri.pdf,https://www.gaming.nv.gov/about-us/gaming-revenue-information-gri/,NV/screenshots/NV_2016_12_NV_2016_12_gri_p1.png,"OTHER | 994 -40.22 3.66 | 4,531 40.54 6.00 | 18,648 -10.73 6.07 |",,2026-04-08T18:40:05.697664
NV,2017-01-01,2017-01-31,monthly,ALL,TOTAL,TOTAL,,combined,,45451428571,795400000,795400000,,,44656028571,53689500,,0.017500000000165012,31,False,False,NV_2017_01_gri.pdf,,,,4,,https://www.gaming.nv.gov/uploadedFiles/gamingnvgov/content/about/gaming-revenue/2017Jan-gri.pdf,https://www.gaming.nv.gov/about-us/gaming-revenue-information-gri/,NV/screenshots/NV_2017_01_NV_2017_01_gri_p1.png,"SPORTS POOL (2) | 189 190 7,954 -59.46 1.75 | 192 193 46,167 -42.92 3.26 | 192 193 207,506 -10.21 4.60 |",,2026-04-08T18:40:07.699703
NV,2017-01-01,2017-01-31,monthly,ALL,TOTAL,TOTAL,,combined,football,22010666667,-825400000,-825400000,,,22836066667,,,-0.03749999999943209,31,False,False,NV_2017_01_gri.pdf,,,,4,,https://www.gaming.nv.gov/uploadedFiles/gamingnvgov/content/about/gaming-revenue/2017Jan-gri.pdf,https://www.gaming.nv.gov/about-us/gaming-revenue-information-gri/,NV/screenshots/NV_2017_01_NV_2017_01_gri_p1.png,"FOOTBALL | 189 189 -8,254 -200.74 -3.75 | 191 191 12,281 -73.44 1.50 | 191 191 74,796 -14.25 4.46 |",,2026-04-08T18:40:07.699703
NV,2017-01-01,2017-01-31,monthly,ALL,TOTAL,TOTAL,,combined,basketball,20348264278,1817100000,1817100000,,,18531164278,122654250,,0.08929999999875174,31,False,False,NV_2017_01_gri.pdf,,,,4,,https://www.gaming.nv.gov/uploadedFiles/gamingnvgov/content/about/gaming-revenue/2017Jan-gri.pdf,https://www.gaming.nv.gov/about-us/gaming-revenue-information-gri/,NV/screenshots/NV_2017_01_NV_2017_01_gri_p1.png,"BASKETBALL | 189 189 18,171 78.13 8.93 | 191 191 31,526 15.88 6.77 | 191 191 74,602 8.47 5.26 |",,2026-04-08T18:40:07.699703
NV,2017-01-01,2017-01-31,monthly,ALL,TOTAL,TOTAL,,combined,baseball,20857858,-170100000,-170100000,,,190957858,,,-8.15519982924421,31,False,False,NV_2017_01_gri.pdf,,,,4,,https://www.gaming.nv.gov/uploadedFiles/gamingnvgov/content/about/gaming-revenue/2017Jan-gri.pdf,https://www.gaming.nv.gov/about-us/gaming-revenue-information-gri/,NV/screenshots/NV_2017_01_NV_2017_01_gri_p1.png,"BASEBALL | 5 5 -1,701 -52.09 -815.52 | 190 190 -1,249 56.24 -6.48 | 190 190 31,621 -19.51 3.03 |",,2026-04-08T18:40:07.699703
NV,2017-01-01,2017-01-31,monthly,ALL,TOTAL,TOTAL,,combined,parlay,532741398,-48000000,-48000000,,,580741398,,,-0.09010000007545875,31,False,False,NV_2017_01_gri.pdf,,,,4,,https://www.gaming.nv.gov/uploadedFiles/gamingnvgov/content/about/gaming-revenue/2017Jan-gri.pdf,https://www.gaming.nv.gov/about-us/gaming-revenue-information-gri/,NV/screenshots/NV_2017_01_NV_2017_01_gri_p1.png,"SPORTS PARLAY CARDS | 182 182 -480 -219.40 -9.01 | 188 188 333 -94.50 1.10 | 190 190 9,530 -38.08 15.69 |",,2026-04-08T18:40:07.699703
NV,2017-01-01,2017-01-31,monthly,ALL,TOTAL,TOTAL,,combined,other,2481481481,20100000,20100000,,,2461381481,1356750,,0.008100000001571642,31,False,False,NV_2017_01_gri.pdf,,,,4,,https://www.gaming.nv.gov/uploadedFiles/gamingnvgov/content/about/gaming-revenue/2017Jan-gri.pdf,https://www.gaming.nv.gov/about-us/gaming-revenue-information-gri/,NV/screenshots/NV_2017_01_NV_2017_01_gri_p1.png,"OTHER | 201 -89.69 0.81 | 3,230 -23.97 3.86 | 16,905 -17.24 5.44 |",,2026-04-08T18:40:07.699703
NV,2017-02-01,2017-02-28,monthly,ALL,TOTAL,TOTAL,,combined,,38066055046,2074600000,2074600000,,,35991455046,140035500,,0.05449999999981611,28,False,False,NV_2017_02_gri.pdf,,,,4,,https://www.gaming.nv.gov/uploadedFiles/gamingnvgov/content/about/gaming-revenue/2017Feb-gri.pdf,https://www.gaming.nv.gov/about-us/gaming-revenue-information-gri/,NV/screenshots/NV_2017_02_NV_2017_02_gri_p1.png,"SPORTS POOL (2) | 190 191 20,746 -25.90 5.45 | 193 194 47,729 -27.81 3.68 | 193 194 200,243 -18.28 4.42 |",,2026-04-08T18:40:10.192578
NV,2017-02-01,2017-02-28,monthly,ALL,TOTAL,TOTAL,,combined,football,13451612903,708900000,708900000,,,12742712903,47850750,,0.05270000000088465,28,False,False,NV_2017_02_gri.pdf,,,,4,,https://www.gaming.nv.gov/uploadedFiles/gamingnvgov/content/about/gaming-revenue/2017Feb-gri.pdf,https://www.gaming.nv.gov/about-us/gaming-revenue-information-gri/,NV/screenshots/NV_2017_02_NV_2017_02_gri_p1.png,"FOOTBALL | 190 190 7,089 -45.01 5.27 | 192 192 12,561 -58.23 1.98 | 192 192 68,832 -28.87 4.09 |",,2026-04-08T18:40:10.192578
NV,2017-02-01,2017-02-28,monthly,ALL,TOTAL,TOTAL,,combined,basketball,21287292818,1155900000,1155900000,,,20131392818,78023250,,0.05429999999918261,28,False,False,NV_2017_02_gri.pdf,,,,4,,https://www.gaming.nv.gov/uploadedFiles/gamingnvgov/content/about/gaming-revenue/2017Feb-gri.pdf,https://www.gaming.nv.gov/about-us/gaming-revenue-information-gri/,NV/screenshots/NV_2017_02_NV_2017_02_gri_p1.png,"BASKETBALL | 190 190 11,559 -13.60 5.43 | 192 192 36,301 12.02 6.49 | 192 192 72,918 -2.58 5.11 |",,2026-04-08T18:40:10.192578
NV,2017-02-01,2017-02-28,monthly,ALL,TOTAL,TOTAL,,combined,baseball,45979134,-49800000,-49800000,,,95779134,,,-1.0830999992300856,28,False,False,NV_2017_02_gri.pdf,,,,4,,https://www.gaming.nv.gov/uploadedFiles/gamingnvgov/content/about/gaming-revenue/2017Feb-gri.pdf,https://www.gaming.nv.gov/about-us/gaming-revenue-information-gri/,NV/screenshots/NV_2017_02_NV_2017_02_gri_p1.png,"BASEBALL | 157 157 -498 -79.98 -108.31 | 157 157 -4,646 -59.79 -398.53 | 192 192 31,400 -19.79 3.01 |",,2026-04-08T18:40:10.192578
NV,2017-02-01,2017-02-28,monthly,ALL,TOTAL,TOTAL,,combined,parlay,253236056,107600000,107600000,,,145636056,7263000,,0.4248999992323368,28,False,False,NV_2017_02_gri.pdf,,,,4,,https://www.gaming.nv.gov/uploadedFiles/gamingnvgov/content/about/gaming-revenue/2017Feb-gri.pdf,https://www.gaming.nv.gov/about-us/gaming-revenue-information-gri/,NV/screenshots/NV_2017_02_NV_2017_02_gri_p1.png,"SPORTS PARLAY CARDS | 176 176 1,076 27.22 42.49 | 189 189 751 -57.72 3.80 | 191 191 9,768 -35.01 15.98 |",,2026-04-08T18:40:10.192578
NV,2017-02-01,2017-02-28,monthly,ALL,TOTAL,TOTAL,,combined,other,3007984032,150700000,150700000,,,2857284032,10172250,,0.05009999999893616,28,False,False,NV_2017_02_gri.pdf,,,,4,,https://www.gaming.nv.gov/uploadedFiles/gamingnvgov/content/about/gaming-revenue/2017Feb-gri.pdf,https://www.gaming.nv.gov/about-us/gaming-revenue-information-gri/,NV/screenshots/NV_2017_02_NV_2017_02_gri_p1.png,"OTHER | 1,507 29.88 5.01 | 2,712 -43.12 3.31 | 17,262 -10.27 5.48 |",,2026-04-08T18:40:10.192578
NV,2017-03-01,2017-03-31,monthly,ALL,TOTAL,TOTAL,,combined,,47493957704,3144100000,3144100000,,,44349857704,212226750,,0.06619999999989894,31,False,False,NV_2017_03_gri.pdf,,,,4,,https://www.gaming.nv.gov/uploadedFiles/gamingnvgov/content/about/gaming-revenue/2017Mar-gri.pdf,https://www.gaming.nv.gov/about-us/gaming-revenue-information-gri/,NV/screenshots/NV_2017_03_NV_2017_03_gri_p1.png,"SPORTS POOL (2) | 190 191 31,441 225.34 6.62 | 190 191 60,130 4.97 4.59 | 193 194 222,020 -6.01 4.88 |",,2026-04-08T18:40:12.303984
NV,2017-03-01,2017-03-31,monthly,ALL,TOTAL,TOTAL,,combined,football,151286071,-1302800000,-1302800000,,,1454086071,,,-8.611499997246938,31,False,False,NV_2017_03_gri.pdf,,,,4,,https://www.gaming.nv.gov/uploadedFiles/gamingnvgov/content/about/gaming-revenue/2017Mar-gri.pdf,https://www.gaming.nv.gov/about-us/gaming-revenue-information-gri/,NV/screenshots/NV_2017_03_NV_2017_03_gri_p1.png,"FOOTBALL | 39 39 -13,028 0.04 -861.15 | 190 190 -14,354 -278.28 -4.03 | 192 192 68,837 -27.80 4.08 |",,2026-04-08T18:40:12.303984
NV,2017-03-01,2017-03-31,monthly,ALL,TOTAL,TOTAL,,combined,basketball,42950052029,4127500000,4127500000,,,38822552029,278606250,,0.09610000000030501,31,False,False,NV_2017_03_gri.pdf,,,,4,,https://www.gaming.nv.gov/uploadedFiles/gamingnvgov/content/about/gaming-revenue/2017Mar-gri.pdf,https://www.gaming.nv.gov/about-us/gaming-revenue-information-gri/,NV/screenshots/NV_2017_03_NV_2017_03_gri_p1.png,"BASKETBALL | 190 190 41,275 91.67 9.61 | 190 190 71,140 57.69 8.40 | 192 192 92,659 35.34 6.46 |",,2026-04-08T18:40:12.303984
NV,2017-03-01,2017-03-31,monthly,ALL,TOTAL,TOTAL,,combined,baseball,486702128,36600000,36600000,,,450102128,2470500,,0.07519999994740109,31,False,False,NV_2017_03_gri.pdf,,,,4,,https://www.gaming.nv.gov/uploadedFiles/gamingnvgov/content/about/gaming-revenue/2017Mar-gri.pdf,https://www.gaming.nv.gov/about-us/gaming-revenue-information-gri/,NV/screenshots/NV_2017_03_NV_2017_03_gri_p1.png,"BASEBALL | 185 185 366 74.77 7.52 | 186 186 -1,833 -54.61 -33.79 | 192 192 31,557 -19.32 3.02 |",,2026-04-08T18:40:12.303984
NV,2017-03-01,2017-03-31,monthly,ALL,TOTAL,TOTAL,,combined,parlay,231166595,53700000,53700000,,,177466595,3624750,,0.23229999991997113,31,False,False,NV_2017_03_gri.pdf,,,,4,,https://www.gaming.nv.gov/uploadedFiles/gamingnvgov/content/about/gaming-revenue/2017Mar-gri.pdf,https://www.gaming.nv.gov/about-us/gaming-revenue-information-gri/,NV/screenshots/NV_2017_03_NV_2017_03_gri_p1.png,"SPORTS PARLAY CARDS | 167 167 537 683.14 23.23 | 185 185 1,141 -13.32 11.17 | 191 191 10,236 -30.09 16.48 |",,2026-04-08T18:40:12.303984
NV,2017-03-01,2017-03-31,monthly,ALL,TOTAL,TOTAL,,combined,other,3659163987,227600000,227600000,,,3431563987,15363000,,0.062200000002350264,31,False,False,NV_2017_03_gri.pdf,,,,4,,https://www.gaming.nv.gov/uploadedFiles/gamingnvgov/content/about/gaming-revenue/2017Mar-gri.pdf,https://www.gaming.nv.gov/about-us/gaming-revenue-information-gri/,NV/screenshots/NV_2017_03_NV_2017_03_gri_p1.png,"OTHER | 2,276 157.30 6.22 | 3,994 0.12 4.37 | 18,653 0.03 5.83 |",,2026-04-08T18:40:12.303984
NV,2017-04-01,2017-04-30,monthly,ALL,TOTAL,TOTAL,,combined,,28763809524,1510100000,1510100000,,,27253709524,101931750,,0.05249999999965234,30,False,False,NV_2017_04_gri.pdf,,,,4,,https://www.gaming.nv.gov/uploadedFiles/gamingnvgov/content/about/gaming-revenue/2017Apr-gri.pdf,https://www.gaming.nv.gov/about-us/gaming-revenue-information-gri/,NV/screenshots/NV_2017_04_NV_2017_04_gri_p1.png,"SPORTS POOL (2) | 190 191 15,101 11.82 5.25 | 190 191 67,288 31.51 5.89 | 193 194 223,617 -7.51 4.92 |",,2026-04-08T18:40:14.323359
NV,2017-04-01,2017-04-30,monthly,ALL,TOTAL,TOTAL,,combined,football,488525265,-474700000,-474700000,,,963225265,,,-0.9716999999989765,30,False,False,NV_2017_04_gri.pdf,,,,4,,https://www.gaming.nv.gov/uploadedFiles/gamingnvgov/content/about/gaming-revenue/2017Apr-gri.pdf,https://www.gaming.nv.gov/about-us/gaming-revenue-information-gri/,NV/screenshots/NV_2017_04_NV_2017_04_gri_p1.png,"FOOTBALL | 79 79 -4,747 -0.21 -97.17 | 190 190 -10,685 -119.01 -7.84 | 192 192 68,828 -27.75 4.08 |",,2026-04-08T18:40:14.323359
NV,2017-04-01,2017-04-30,monthly,ALL,TOTAL,TOTAL,,combined,basketball,12759075908,386600000,386600000,,,12372475908,26095500,,0.030299999999028143,30,False,False,NV_2017_04_gri.pdf,,,,4,,https://www.gaming.nv.gov/uploadedFiles/gamingnvgov/content/about/gaming-revenue/2017Apr-gri.pdf,https://www.gaming.nv.gov/about-us/gaming-revenue-information-gri/,NV/screenshots/NV_2017_04_NV_2017_04_gri_p1.png,"BASKETBALL | 190 190 3,866 -22.39 3.03 | 190 190 56,700 42.13 7.36 | 192 192 91,543 28.32 6.40 |",,2026-04-08T18:40:14.323359
NV,2017-04-01,2017-04-30,monthly,ALL,TOTAL,TOTAL,,combined,baseball,11952941176,1016000000,1016000000,,,10936941176,68580000,,0.08500000000334645,30,False,False,NV_2017_04_gri.pdf,,,,4,,https://www.gaming.nv.gov/uploadedFiles/gamingnvgov/content/about/gaming-revenue/2017Apr-gri.pdf,https://www.gaming.nv.gov/about-us/gaming-revenue-information-gri/,NV/screenshots/NV_2017_04_NV_2017_04_gri_p1.png,"BASEBALL | 190 190 10,160 27.17 8.50 | 190 190 10,028 26.58 8.03 | 192 192 33,727 -16.49 3.24 |",,2026-04-08T18:40:14.323359
NV,2017-04-01,2017-04-30,monthly,ALL,TOTAL,TOTAL,,combined,parlay,69960332,19400000,19400000,,,50560332,1309500,,0.2772999990909134,30,False,False,NV_2017_04_gri.pdf,,,,4,,https://www.gaming.nv.gov/uploadedFiles/gamingnvgov/content/about/gaming-revenue/2017Apr-gri.pdf,https://www.gaming.nv.gov/about-us/gaming-revenue-information-gri/,NV/screenshots/NV_2017_04_NV_2017_04_gri_p1.png,"SPORTS PARLAY CARDS | 118 118 194 726.56 27.73 | 179 179 1,807 92.69 32.59 | 191 191 10,407 -28.90 16.62 |",,2026-04-08T18:40:14.323359
NV,2017-04-01,2017-04-30,monthly,ALL,TOTAL,TOTAL,,combined,other,3932120364,561900000,561900000,,,3370220364,37928250,,0.14289999999603267,30,False,False,NV_2017_04_gri.pdf,,,,4,,https://www.gaming.nv.gov/uploadedFiles/gamingnvgov/content/about/gaming-revenue/2017Apr-gri.pdf,https://www.gaming.nv.gov/about-us/gaming-revenue-information-gri/,NV/screenshots/NV_2017_04_NV_2017_04_gri_p1.png,"OTHER | 5,619 7.08 14.29 | 9,402 28.93 8.87 | 19,025 -5.53 5.91 |",,2026-04-08T18:40:14.323359
NV,2017-05-01,2017-05-31,monthly,ALL,TOTAL,TOTAL,,combined,,31221052632,296600000,296600000,,,30924452632,20020500,,0.009499999999871882,31,False,False,NV_2017_05_gri.pdf,,,,4,,https://www.gaming.nv.gov/uploadedFiles/gamingnvgov/content/about/gaming-revenue/2017May-gri.pdf,https://www.gaming.nv.gov/about-us/gaming-revenue-information-gri/,NV/screenshots/NV_2017_05_NV_2017_05_gri_p1.png,"SPORTS POOL (2) | 190 191 2,966 -49.91 0.95 | 190 191 49,508 70.19 4.61 | 193 194 220,662 -3.16 4.86 |",,2026-04-08T18:40:16.199656
NV,2017-05-01,2017-05-31,monthly,ALL,TOTAL,TOTAL,,combined,football,44175295,-163400000,-163400000,,,207575295,,,-3.6989000299828216,31,False,False,NV_2017_05_gri.pdf,,,,4,,https://www.gaming.nv.gov/uploadedFiles/gamingnvgov/content/about/gaming-revenue/2017May-gri.pdf,https://www.gaming.nv.gov/about-us/gaming-revenue-information-gri/,NV/screenshots/NV_2017_05_NV_2017_05_gri_p1.png,"FOOTBALL | 51 51 -1,634 31.50 -369.89 | 103 103 -19,408 3.71 -813.00 | 192 192 69,579 -26.72 4.13 |",,2026-04-08T18:40:16.199656
NV,2017-05-01,2017-05-31,monthly,ALL,TOTAL,TOTAL,,combined,basketball,9622270742,-440700000,-440700000,,,10062970742,,,-0.04580000000170438,31,False,False,NV_2017_05_gri.pdf,,,,4,,https://www.gaming.nv.gov/uploadedFiles/gamingnvgov/content/about/gaming-revenue/2017May-gri.pdf,https://www.gaming.nv.gov/about-us/gaming-revenue-information-gri/,NV/screenshots/NV_2017_05_NV_2017_05_gri_p1.png,"BASKETBALL | 190 190 -4,407 -193.87 -4.58 | 190 190 40,734 30.51 6.23 | 192 192 82,442 12.53 5.78 |",,2026-04-08T18:40:16.199656
NV,2017-05-01,2017-05-31,monthly,ALL,TOTAL,TOTAL,,combined,baseball,17356955381,661300000,661300000,,,16695655381,44637750,,0.03809999999907242,31,False,False,NV_2017_05_gri.pdf,,,,4,,https://www.gaming.nv.gov/uploadedFiles/gamingnvgov/content/about/gaming-revenue/2017May-gri.pdf,https://www.gaming.nv.gov/about-us/gaming-revenue-information-gri/,NV/screenshots/NV_2017_05_NV_2017_05_gri_p1.png,"BASEBALL | 190 190 6,613 128.93 3.81 | 190 190 17,139 54.58 5.76 | 192 192 37,452 15.05 3.64 |",,2026-04-08T18:40:16.199656
NV,2017-05-01,2017-05-31,monthly,ALL,TOTAL,TOTAL,,combined,parlay,65517241,-5700000,-5700000,,,71217241,,,-0.08700000050368421,31,False,False,NV_2017_05_gri.pdf,,,,4,,https://www.gaming.nv.gov/uploadedFiles/gamingnvgov/content/about/gaming-revenue/2017May-gri.pdf,https://www.gaming.nv.gov/about-us/gaming-revenue-information-gri/,NV/screenshots/NV_2017_05_NV_2017_05_gri_p1.png,"SPORTS PARLAY CARDS | 115 115 -57 -189.44 -8.70 | 170 170 675 334.46 18.42 | 191 191 10,287 -28.96 16.30 |",,2026-04-08T18:40:16.199656
NV,2017-05-01,2017-05-31,monthly,ALL,TOTAL,TOTAL,,combined,other,4013157895,244000000,244000000,,,3769157895,16470000,,0.06079999999601311,31,False,False,NV_2017_05_gri.pdf,,,,4,,https://www.gaming.nv.gov/uploadedFiles/gamingnvgov/content/about/gaming-revenue/2017May-gri.pdf,https://www.gaming.nv.gov/about-us/gaming-revenue-information-gri/,NV/screenshots/NV_2017_05_NV_2017_05_gri_p1.png,"OTHER | 2,440 269.86 6.08 | 10,335 52.17 8.91 | 20,805 65.01 6.22 |",,2026-04-08T18:40:16.199656
NV,2017-06-01,2017-06-30,monthly,ALL,TOTAL,TOTAL,,combined,,29434137291,1586500000,1586500000,,,27847637291,107088750,,0.05390000000051301,30,False,False,NV_2017_06_gri.pdf,,,,4,,https://www.gaming.nv.gov/uploadedFiles/gamingnvgov/content/about/gaming-revenue/2017Jun-gri.pdf,https://www.gaming.nv.gov/about-us/gaming-revenue-information-gri/,NV/screenshots/NV_2017_06_NV_2017_06_gri_p1.png,"SPORTS POOL (2) | 190 191 15,865 101.60 5.39 | 190 191 33,932 24.32 3.80 | 193 194 228,657 3.56 5.04 |",,2026-04-08T18:40:18.085478
NV,2017-06-01,2017-06-30,monthly,ALL,TOTAL,TOTAL,,combined,football,115942029,-2400000,-2400000,,,118342029,,,-0.0206999999974125,30,False,False,NV_2017_06_gri.pdf,,,,4,,https://www.gaming.nv.gov/uploadedFiles/gamingnvgov/content/about/gaming-revenue/2017Jun-gri.pdf,https://www.gaming.nv.gov/about-us/gaming-revenue-information-gri/,NV/screenshots/NV_2017_06_NV_2017_06_gri_p1.png,"FOOTBALL | 156 156 -24 94.87 -2.07 | 159 159 -6,405 15.72 -311.83 | 192 192 70,032 -26.13 4.15 |",,2026-04-08T18:40:18.085478
NV,2017-06-01,2017-06-30,monthly,ALL,TOTAL,TOTAL,,combined,basketball,6000000000,600000,600000,,,5999400000,40500,,0.0001,30,False,False,NV_2017_06_gri.pdf,,,,4,,https://www.gaming.nv.gov/uploadedFiles/gamingnvgov/content/about/gaming-revenue/2017Jun-gri.pdf,https://www.gaming.nv.gov/about-us/gaming-revenue-information-gri/,NV/screenshots/NV_2017_06_NV_2017_06_gri_p1.png,"BASKETBALL | 190 190 6 -99.59 0.01 | 190 190 -536 -104.87 -0.19 | 192 192 81,120 15.66 5.72 |",,2026-04-08T18:40:18.085478
NV,2017-06-01,2017-06-30,monthly,ALL,TOTAL,TOTAL,,combined,baseball,20709318498,1489000000,1489000000,,,19220318498,100507500,,0.07189999999970062,30,False,False,NV_2017_06_gri.pdf,,,,4,,https://www.gaming.nv.gov/uploadedFiles/gamingnvgov/content/about/gaming-revenue/2017Jun-gri.pdf,https://www.gaming.nv.gov/about-us/gaming-revenue-information-gri/,NV/screenshots/NV_2017_06_NV_2017_06_gri_p1.png,"BASEBALL | 189 189 14,890 255.41 7.19 | 190 190 31,663 110.14 6.33 | 192 192 48,152 77.70 4.66 |",,2026-04-08T18:40:18.085478
NV,2017-06-01,2017-06-30,monthly,ALL,TOTAL,TOTAL,,combined,parlay,51970932,23600000,23600000,,,28370932,1593000,,0.45409999574377463,30,False,False,NV_2017_06_gri.pdf,,,,4,,https://www.gaming.nv.gov/uploadedFiles/gamingnvgov/content/about/gaming-revenue/2017Jun-gri.pdf,https://www.gaming.nv.gov/about-us/gaming-revenue-information-gri/,NV/screenshots/NV_2017_06_NV_2017_06_gri_p1.png,"SPORTS PARLAY CARDS | 104 104 236 240.74 45.41 | 126 126 373 139.32 19.96 | 191 191 10,453 -27.76 16.48 |",,2026-04-08T18:40:18.085478
NV,2017-06-01,2017-06-30,monthly,ALL,TOTAL,TOTAL,,combined,other,2869731801,74900000,74900000,,,2794831801,5055750,,0.026099999997874365,30,False,False,NV_2017_06_gri.pdf,,,,4,,https://www.gaming.nv.gov/uploadedFiles/gamingnvgov/content/about/gaming-revenue/2017Jun-gri.pdf,https://www.gaming.nv.gov/about-us/gaming-revenue-information-gri/,NV/screenshots/NV_2017_06_NV_2017_06_gri_p1.png,"OTHER | 749 -72.86 2.61 | 8,808 1.61 8.15 | 18,793 31.56 5.67 |",,2026-04-08T18:40:18.085478
NV,2017-07-01,2017-07-31,monthly,ALL,TOTAL,TOTAL,,combined,,21833333333,52400000,52400000,,,21780933333,3537000,,0.002400000000036641,31,False,False,NV_2017_07_gri.pdf,,,,4,,https://www.gaming.nv.gov/uploadedFiles/gamingnvgov/content/about/gaming-revenue/2017Jul-gri.pdf,https://www.gaming.nv.gov/about-us/gaming-revenue-information-gri/,NV/screenshots/NV_2017_07_NV_2017_07_gri_p1.png,"SPORTS POOL (2) | 189 190 524 -95.29 0.24 | 190 191 19,355 -22.32 2.35 | 193 194 218,054 -5.58 4.81 |",,2026-04-08T18:40:19.941373
NV,2017-07-01,2017-07-31,monthly,ALL,TOTAL,TOTAL,,combined,football,212686567,62700000,62700000,,,149986567,4232250,,0.2948000002275649,31,False,False,NV_2017_07_gri.pdf,,,,4,,https://www.gaming.nv.gov/uploadedFiles/gamingnvgov/content/about/gaming-revenue/2017Jul-gri.pdf,https://www.gaming.nv.gov/about-us/gaming-revenue-information-gri/,NV/screenshots/NV_2017_07_NV_2017_07_gri_p1.png,"FOOTBALL | 172 172 627 368.23 29.48 | 173 173 -1,031 62.21 -27.50 | 192 192 70,525 -25.60 4.18 |",,2026-04-08T18:40:19.941373
NV,2017-07-01,2017-07-31,monthly,ALL,TOTAL,TOTAL,,combined,basketball,1188798555,-394800000,-394800000,,,1583598555,,,-0.3320999999028431,31,False,False,NV_2017_07_gri.pdf,,,,4,,https://www.gaming.nv.gov/uploadedFiles/gamingnvgov/content/about/gaming-revenue/2017Jul-gri.pdf,https://www.gaming.nv.gov/about-us/gaming-revenue-information-gri/,NV/screenshots/NV_2017_07_NV_2017_07_gri_p1.png,"BASKETBALL | 181 181 -3,948 -20.08 -33.21 | 190 190 -8,350 -405.51 -5.07 | 192 192 80,460 15.43 5.65 |",,2026-04-08T18:40:19.941373
NV,2017-07-01,2017-07-31,monthly,ALL,TOTAL,TOTAL,,combined,baseball,18031914894,169500000,169500000,,,17862414894,11441250,,0.009399999999800355,31,False,False,NV_2017_07_gri.pdf,,,,4,,https://www.gaming.nv.gov/uploadedFiles/gamingnvgov/content/about/gaming-revenue/2017Jul-gri.pdf,https://www.gaming.nv.gov/about-us/gaming-revenue-information-gri/,NV/screenshots/NV_2017_07_NV_2017_07_gri_p1.png,"BASEBALL | 187 187 1,695 -85.69 0.94 | 190 190 23,198 22.57 4.14 | 192 192 37,998 12.70 3.70 |",,2026-04-08T18:40:19.941373
NV,2017-07-01,2017-07-31,monthly,ALL,TOTAL,TOTAL,,combined,parlay,46692607,3600000,3600000,,,43092607,243000,,0.077100000006425,31,False,False,NV_2017_07_gri.pdf,,,,4,,https://www.gaming.nv.gov/uploadedFiles/gamingnvgov/content/about/gaming-revenue/2017Jul-gri.pdf,https://www.gaming.nv.gov/about-us/gaming-revenue-information-gri/,NV/screenshots/NV_2017_07_NV_2017_07_gri_p1.png,"SPORTS PARLAY CARDS | 102 102 36 -61.76 7.71 | 119 119 215 -5.06 13.15 | 191 191 10,395 -27.90 16.33 |",,2026-04-08T18:40:19.941373
NV,2017-07-01,2017-07-31,monthly,ALL,TOTAL,TOTAL,,combined,other,2334811530,210600000,210600000,,,2124211530,14215500,,0.0901999999974302,31,False,False,NV_2017_07_gri.pdf,,,,4,,https://www.gaming.nv.gov/uploadedFiles/gamingnvgov/content/about/gaming-revenue/2017Jul-gri.pdf,https://www.gaming.nv.gov/about-us/gaming-revenue-information-gri/,NV/screenshots/NV_2017_07_NV_2017_07_gri_p1.png,"OTHER | 2,106 -9.97 9.02 | 5,295 -8.07 5.75 | 18,560 1.42 5.65 |",,2026-04-08T18:40:19.941373
NV,2017-08-01,2017-08-31,monthly,ALL,TOTAL,TOTAL,,combined,,30101950355,3395500000,3395500000,,,26706450355,229196250,,0.1127999999985383,31,False,False,NV_2017_08_gri.pdf,,,,4,,https://www.gaming.nv.gov/uploadedFiles/gamingnvgov/content/about/gaming-revenue/2017Aug-gri.pdf,https://www.gaming.nv.gov/about-us/gaming-revenue-information-gri/,NV/screenshots/NV_2017_08_NV_2017_08_gri_p1.png,"SPORTS POOL (2) | 190 191 33,955 1650.94 11.28 | 191 192 50,344 140.46 6.20 | 194 195 250,070 9.63 5.39 |",,2026-04-08T18:40:21.808468
NV,2017-08-01,2017-08-31,monthly,ALL,TOTAL,TOTAL,,combined,football,3226608187,662100000,662100000,,,2564508187,44691750,,0.20520000000855387,31,False,False,NV_2017_08_gri.pdf,,,,4,,https://www.gaming.nv.gov/uploadedFiles/gamingnvgov/content/about/gaming-revenue/2017Aug-gri.pdf,https://www.gaming.nv.gov/about-us/gaming-revenue-information-gri/,NV/screenshots/NV_2017_08_NV_2017_08_gri_p1.png,"FOOTBALL | 189 189 6,621 111.83 20.52 | 190 190 7,224 159.62 20.31 | 193 193 74,021 -23.31 4.35 |",,2026-04-08T18:40:21.808468
NV,2017-08-01,2017-08-31,monthly,ALL,TOTAL,TOTAL,,combined,basketball,429636835,-132500000,-132500000,,,562136835,,,-0.30840000020016906,31,False,False,NV_2017_08_gri.pdf,,,,4,,https://www.gaming.nv.gov/uploadedFiles/gamingnvgov/content/about/gaming-revenue/2017Aug-gri.pdf,https://www.gaming.nv.gov/about-us/gaming-revenue-information-gri/,NV/screenshots/NV_2017_08_NV_2017_08_gri_p1.png,"BASKETBALL | 178 178 -1,325 -20.75 -30.84 | 191 191 -5,268 -72.22 -7.25 | 193 193 80,232 16.06 5.63 |",,2026-04-08T18:40:21.808468
NV,2017-08-01,2017-08-31,monthly,ALL,TOTAL,TOTAL,,combined,baseball,18951541850,860400000,860400000,,,18091141850,58077000,,0.045400000000527664,31,False,False,NV_2017_08_gri.pdf,,,,4,,https://www.gaming.nv.gov/uploadedFiles/gamingnvgov/content/about/gaming-revenue/2017Aug-gri.pdf,https://www.gaming.nv.gov/about-us/gaming-revenue-information-gri/,NV/screenshots/NV_2017_08_NV_2017_08_gri_p1.png,"BASEBALL | 189 189 8,604 772.02 4.54 | 190 190 25,189 47.95 4.37 | 193 193 45,615 46.70 4.28 |",,2026-04-08T18:40:21.808468
NV,2017-08-01,2017-08-31,monthly,ALL,TOTAL,TOTAL,,combined,parlay,55055933,25100000,25100000,,,29955933,1694250,,0.45590000263913427,31,False,False,NV_2017_08_gri.pdf,,,,4,,https://www.gaming.nv.gov/uploadedFiles/gamingnvgov/content/about/gaming-revenue/2017Aug-gri.pdf,https://www.gaming.nv.gov/about-us/gaming-revenue-information-gri/,NV/screenshots/NV_2017_08_NV_2017_08_gri_p1.png,"SPORTS PARLAY CARDS | 142 142 251 139.42 45.59 | 144 144 523 94.93 34.01 | 191 191 10,541 -27.27 16.50 |",,2026-04-08T18:40:21.808468
NV,2017-08-01,2017-08-31,monthly,ALL,TOTAL,TOTAL,,combined,other,7434096883,1979700000,1979700000,,,5454396883,133629750,,0.26630000000768084,31,False,False,NV_2017_08_gri.pdf,,,,4,,https://www.gaming.nv.gov/uploadedFiles/gamingnvgov/content/about/gaming-revenue/2017Aug-gri.pdf,https://www.gaming.nv.gov/about-us/gaming-revenue-information-gri/,NV/screenshots/NV_2017_08_NV_2017_08_gri_p1.png,"OTHER | 19,797 1777.24 26.63 | 22,652 477.92 17.93 | 39,537 134.35 10.26 |",,2026-04-08T18:40:21.808468
NV,2017-09-01,2017-09-30,monthly,ALL,TOTAL,TOTAL,,combined,,55820351759,4443300000,4443300000,,,51377051759,299922750,,0.0795999999997062,30,False,False,NV_2017_09_gri.pdf,,,,4,,https://www.gaming.nv.gov/uploadedFiles/gamingnvgov/content/about/gaming-revenue/2017Sep-gri.pdf,https://www.gaming.nv.gov/about-us/gaming-revenue-information-gri/,NV/screenshots/NV_2017_09_NV_2017_09_gri_p1.png,"Sports Pool (2) 190 190 44,433 8.37 7.96 191 190 78,920 45.96 7.33 194 191 253,509 8.56 5.33",,2026-04-08T18:40:22.833448
NV,2017-09-01,2017-09-30,monthly,ALL,TOTAL,TOTAL,,combined,football,36649864986,4071800000,4071800000,,,32578064986,274846500,,0.1111000000015116,30,False,False,NV_2017_09_gri.pdf,,,,4,,https://www.gaming.nv.gov/uploadedFiles/gamingnvgov/content/about/gaming-revenue/2017Sep-gri.pdf,https://www.gaming.nv.gov/about-us/gaming-revenue-information-gri/,NV/screenshots/NV_2017_09_NV_2017_09_gri_p1.png,"(2) Sports - Football 188 188 40,718 10.29 11.11 189 189 47,967 19.38 11.96 193 192 77,819 (23.88) 4.43",,2026-04-08T18:40:22.833448
NV,2017-09-01,2017-09-30,monthly,ALL,TOTAL,TOTAL,,combined,basketball,239474701,-62000000,-62000000,,,301474701,,,-0.2588999996287708,30,False,False,NV_2017_09_gri.pdf,,,,4,,https://www.gaming.nv.gov/uploadedFiles/gamingnvgov/content/about/gaming-revenue/2017Sep-gri.pdf,https://www.gaming.nv.gov/about-us/gaming-revenue-information-gri/,NV/screenshots/NV_2017_09_NV_2017_09_gri_p1.png,"Sports - Basketball 173 173 (620) (15.41) (25.89) 185 185 (5,897) 15.20 (31.74) 193 192 80,342 15.43 5.63",,2026-04-08T18:40:22.833448
NV,2017-09-01,2017-09-30,monthly,ALL,TOTAL,TOTAL,,combined,baseball,14297297297,370300000,370300000,,,13926997297,24995250,,0.02590000000053856,30,False,False,NV_2017_09_gri.pdf,,,,4,,https://www.gaming.nv.gov/uploadedFiles/gamingnvgov/content/about/gaming-revenue/2017Sep-gri.pdf,https://www.gaming.nv.gov/about-us/gaming-revenue-information-gri/,NV/screenshots/NV_2017_09_NV_2017_09_gri_p1.png,"Sports - Baseball 189 189 3,703 645.43 2.59 190 190 14,006 5.05 2.74 193 192 48,826 74.69 4.43",,2026-04-08T18:40:22.833448
NV,2017-09-01,2017-09-30,monthly,ALL,TOTAL,TOTAL,,combined,parlay,1226590573,580300000,580300000,,,646290573,39170250,,0.47309999992964236,30,False,False,NV_2017_09_gri.pdf,,,,4,,https://www.gaming.nv.gov/uploadedFiles/gamingnvgov/content/about/gaming-revenue/2017Sep-gri.pdf,https://www.gaming.nv.gov/about-us/gaming-revenue-information-gri/,NV/screenshots/NV_2017_09_NV_2017_09_gri_p1.png,"Sports Parlay Cards 182 182 5,803 44.50 47.31 183 183 6,090 44.49 45.85 192 191 12,328 (24.80) 18.78",,2026-04-08T18:40:22.833448
NV,2017-09-01,2017-09-30,monthly,ALL,TOTAL,TOTAL,,combined,other,3414313854,-520000000,-520000000,,,3934313854,,,-0.15230000001048527,30,False,False,NV_2017_09_gri.pdf,,,,4,,https://www.gaming.nv.gov/uploadedFiles/gamingnvgov/content/about/gaming-revenue/2017Sep-gri.pdf,https://www.gaming.nv.gov/about-us/gaming-revenue-information-gri/,NV/screenshots/NV_2017_09_NV_2017_09_gri_p1.png,"Other (5,200) (1,824.19) (15.23) 16,710 1,044.65 12.68 34,043 96.31 8.37",,2026-04-08T18:40:22.833448
NV,2017-10-01,2017-10-31,monthly,ALL,TOTAL,TOTAL,,combined,,56475763016,3145700000,3145700000,,,53330063016,212334750,,0.05570000000015582,31,False,False,NV_2017_10_gri.pdf,,,,4,,https://www.gaming.nv.gov/uploadedFiles/gamingnvgov/content/about/gaming-revenue/2017Oct-gri.pdf,https://www.gaming.nv.gov/about-us/gaming-revenue-information-gri/,NV/screenshots/NV_2017_10_NV_2017_10_gri_p1.png,"SPORTS POOL (2) | 188 189 31,457 -25.66 5.57 | 190 191 109,853 28.85 7.71 | 194 195 242,653 0.17 5.05 |",,2026-04-08T18:40:24.634898
NV,2017-10-01,2017-10-31,monthly,ALL,TOTAL,TOTAL,,combined,football,37776978417,1575300000,1575300000,,,36201678417,106332750,,0.04170000000029383,31,False,False,NV_2017_10_gri.pdf,,,,4,,https://www.gaming.nv.gov/uploadedFiles/gamingnvgov/content/about/gaming-revenue/2017Oct-gri.pdf,https://www.gaming.nv.gov/about-us/gaming-revenue-information-gri/,NV/screenshots/NV_2017_10_NV_2017_10_gri_p1.png,"FOOTBALL | 187 187 15,753 -47.62 4.17 | 189 189 63,092 -10.03 8.13 | 193 193 63,495 -41.62 3.66 |",,2026-04-08T18:40:24.634898
NV,2017-10-01,2017-10-31,monthly,ALL,TOTAL,TOTAL,,combined,basketball,4108354012,496700000,496700000,,,3611654012,33527250,,0.12089999998763495,31,False,False,NV_2017_10_gri.pdf,,,,4,,https://www.gaming.nv.gov/uploadedFiles/gamingnvgov/content/about/gaming-revenue/2017Oct-gri.pdf,https://www.gaming.nv.gov/about-us/gaming-revenue-information-gri/,NV/screenshots/NV_2017_10_NV_2017_10_gri_p1.png,"BASKETBALL | 187 187 4,967 117.82 12.09 | 189 189 3,019 570.66 6.32 | 193 193 83,029 18.12 5.73 |",,2026-04-08T18:40:24.634898
NV,2017-10-01,2017-10-31,monthly,ALL,TOTAL,TOTAL,,combined,baseball,10151857835,628400000,628400000,,,9523457835,42417000,,0.06190000000132981,31,False,False,NV_2017_10_gri.pdf,,,,4,,https://www.gaming.nv.gov/uploadedFiles/gamingnvgov/content/about/gaming-revenue/2017Oct-gri.pdf,https://www.gaming.nv.gov/about-us/gaming-revenue-information-gri/,NV/screenshots/NV_2017_10_NV_2017_10_gri_p1.png,"BASEBALL | 188 188 6,284 38.48 6.19 | 190 190 18,595 208.82 4.29 | 193 193 50,572 68.62 4.44 |",,2026-04-08T18:40:24.634898
NV,2017-10-01,2017-10-31,monthly,ALL,TOTAL,TOTAL,,combined,parlay,1419055893,490000000,490000000,,,929055893,33075000,,0.34530000010366046,31,False,False,NV_2017_10_gri.pdf,,,,4,,https://www.gaming.nv.gov/uploadedFiles/gamingnvgov/content/about/gaming-revenue/2017Oct-gri.pdf,https://www.gaming.nv.gov/about-us/gaming-revenue-information-gri/,NV/screenshots/NV_2017_10_NV_2017_10_gri_p1.png,"SPORTS PARLAY CARDS | 180 180 4,900 25.26 34.53 | 184 184 10,954 36.37 40.56 | 191 191 13,316 -12.63 20.65 |",,2026-04-08T18:40:24.634898
NV,2017-10-01,2017-10-31,monthly,ALL,TOTAL,TOTAL,,combined,other,3074324324,-45500000,-45500000,,,3119824324,,,-0.01480000000156132,31,False,False,NV_2017_10_gri.pdf,,,,4,,https://www.gaming.nv.gov/uploadedFiles/gamingnvgov/content/about/gaming-revenue/2017Oct-gri.pdf,https://www.gaming.nv.gov/about-us/gaming-revenue-information-gri/,NV/screenshots/NV_2017_10_NV_2017_10_gri_p1.png,"OTHER | -455 -130.29 -1.48 | 14,150 2174.43 10.16 | 32,088 78.81 7.62 |",,2026-04-08T18:40:24.634898
NV,2017-11-01,2017-11-30,monthly,ALL,TOTAL,TOTAL,,combined,,52790322581,981900000,981900000,,,51808422581,66278250,,0.018599999999874977,30,False,False,NV_2017_11_gri.pdf,,,,4,,https://www.gaming.nv.gov/uploadedFiles/gamingnvgov/content/about/gaming-revenue/2017Nov-gri.pdf,https://www.gaming.nv.gov/about-us/gaming-revenue-information-gri/,NV/screenshots/NV_2017_11_NV_2017_11_gri_p1.png,"SPORTS POOL (2) | 189 190 9,819 -48.79 1.86 | 189 190 85,709 -16.37 5.19 | 194 195 233,299 6.71 4.82 |",,2026-04-08T18:40:26.518454
NV,2017-11-01,2017-11-30,monthly,ALL,TOTAL,TOTAL,,combined,football,32918429003,1089600000,1089600000,,,31828829003,73548000,,0.033100000000021265,30,False,False,NV_2017_11_gri.pdf,,,,4,,https://www.gaming.nv.gov/uploadedFiles/gamingnvgov/content/about/gaming-revenue/2017Nov-gri.pdf,https://www.gaming.nv.gov/about-us/gaming-revenue-information-gri/,NV/screenshots/NV_2017_11_NV_2017_11_gri_p1.png,"FOOTBALL | 188 188 10,896 63.93 3.31 | 188 188 67,367 -8.52 6.28 | 193 193 67,744 -21.54 3.88 |",,2026-04-08T18:40:26.518454
NV,2017-11-01,2017-11-30,monthly,ALL,TOTAL,TOTAL,,combined,basketball,13593495935,668800000,668800000,,,12924695935,45144000,,0.04919999999985287,30,False,False,NV_2017_11_gri.pdf,,,,4,,https://www.gaming.nv.gov/uploadedFiles/gamingnvgov/content/about/gaming-revenue/2017Nov-gri.pdf,https://www.gaming.nv.gov/about-us/gaming-revenue-information-gri/,NV/screenshots/NV_2017_11_NV_2017_11_gri_p1.png,"BASKETBALL | 188 188 6,688 -3.33 4.92 | 188 188 11,035 30.35 6.15 | 193 193 82,799 19.94 5.65 |",,2026-04-08T18:40:26.518454
NV,2017-11-01,2017-11-30,monthly,ALL,TOTAL,TOTAL,,combined,baseball,1937743191,-1145400000,-1145400000,,,3083143191,,,-0.5910999998967356,30,False,False,NV_2017_11_gri.pdf,,,,4,,https://www.gaming.nv.gov/uploadedFiles/gamingnvgov/content/about/gaming-revenue/2017Nov-gri.pdf,https://www.gaming.nv.gov/about-us/gaming-revenue-information-gri/,NV/screenshots/NV_2017_11_NV_2017_11_gri_p1.png,"BASEBALL | 186 186 -11,454 -495.11 -59.11 | 189 189 -1,467 -118.49 -0.56 | 191 191 36,219 9.38 3.18 |",,2026-04-08T18:40:26.518454
NV,2017-11-01,2017-11-30,monthly,ALL,TOTAL,TOTAL,,combined,parlay,1233597285,218100000,218100000,,,1015497285,14721750,,0.17680000000972765,30,False,False,NV_2017_11_gri.pdf,,,,4,,https://www.gaming.nv.gov/uploadedFiles/gamingnvgov/content/about/gaming-revenue/2017Nov-gri.pdf,https://www.gaming.nv.gov/about-us/gaming-revenue-information-gri/,NV/screenshots/NV_2017_11_NV_2017_11_gri_p1.png,"SPORTS PARLAY CARDS | 182 182 2,181 228.07 17.68 | 184 184 12,884 49.94 33.21 | 191 191 14,833 37.42 23.27 |",,2026-04-08T18:40:26.518454
NV,2017-11-01,2017-11-30,monthly,ALL,TOTAL,TOTAL,,combined,other,3170886076,150300000,150300000,,,3020586076,10145250,,0.04739999999924312,30,False,False,NV_2017_11_gri.pdf,,,,4,,https://www.gaming.nv.gov/uploadedFiles/gamingnvgov/content/about/gaming-revenue/2017Nov-gri.pdf,https://www.gaming.nv.gov/about-us/gaming-revenue-information-gri/,NV/screenshots/NV_2017_11_NV_2017_11_gri_p1.png,"OTHER | 1,503 -26.20 4.74 | -4,152 -208.16 -4.30 | 31,554 63.16 7.50 |",,2026-04-08T18:40:26.518454
NV,2017-12-01,2017-12-31,monthly,ALL,TOTAL,TOTAL,,combined,,49523672884,3451800000,3451800000,,,46071872884,232996500,,0.06969999999970115,31,False,False,NV_2017_12_gri.pdf,,,,4,,https://www.gaming.nv.gov/uploadedFiles/gamingnvgov/content/about/gaming-revenue/2017Dec-gri.pdf,https://www.gaming.nv.gov/about-us/gaming-revenue-information-gri/,NV/screenshots/NV_2017_12_NV_2017_12_gri_p1.png,"SPORTS POOL (2) | 189 190 34,518 81.30 6.97 | 189 190 75,795 -5.88 4.77 | 191 192 248,777 13.51 5.11 |",,2026-04-08T18:40:28.449264
NV,2017-12-01,2017-12-31,monthly,ALL,TOTAL,TOTAL,,combined,football,29164556962,2304000000,2304000000,,,26860556962,155520000,,0.07900000000006857,31,False,False,NV_2017_12_gri.pdf,,,,4,,https://www.gaming.nv.gov/uploadedFiles/gamingnvgov/content/about/gaming-revenue/2017Dec-gri.pdf,https://www.gaming.nv.gov/about-us/gaming-revenue-information-gri/,NV/screenshots/NV_2017_12_NV_2017_12_gri_p1.png,"FOOTBALL | 188 188 23,040 65.90 7.90 | 188 188 49,688 -1.82 4.98 | 191 191 76,896 -15.72 4.38 |",,2026-04-08T18:40:28.449264
NV,2017-12-01,2017-12-31,monthly,ALL,TOTAL,TOTAL,,combined,basketball,15880918221,1106900000,1106900000,,,14774018221,74715750,,0.06969999999976702,31,False,False,NV_2017_12_gri.pdf,,,,4,,https://www.gaming.nv.gov/uploadedFiles/gamingnvgov/content/about/gaming-revenue/2017Dec-gri.pdf,https://www.gaming.nv.gov/about-us/gaming-revenue-information-gri/,NV/screenshots/NV_2017_12_NV_2017_12_gri_p1.png,"BASKETBALL | 188 188 11,069 71.97 6.97 | 188 188 22,724 45.34 6.77 | 191 191 87,431 31.21 5.90 |",,2026-04-08T18:40:28.449264
NV,2017-12-01,2017-12-31,monthly,ALL,TOTAL,TOTAL,,combined,baseball,81191333,-185100000,-185100000,,,266291333,,,-2.279799988011036,31,False,False,NV_2017_12_gri.pdf,,,,4,,https://www.gaming.nv.gov/uploadedFiles/gamingnvgov/content/about/gaming-revenue/2017Dec-gri.pdf,https://www.gaming.nv.gov/about-us/gaming-revenue-information-gri/,NV/screenshots/NV_2017_12_NV_2017_12_gri_p1.png,"BASEBALL | 5 5 -1,851 24.34 -227.98 | 188 188 -7,021 -240.73 -5.81 | 191 191 36,815 14.32 3.23 |",,2026-04-08T18:40:28.449264
NV,2017-12-01,2017-12-31,monthly,ALL,TOTAL,TOTAL,,combined,parlay,1100896861,49100000,49100000,,,1051796861,3314250,,0.04459999999945499,31,False,False,NV_2017_12_gri.pdf,,,,4,,https://www.gaming.nv.gov/uploadedFiles/gamingnvgov/content/about/gaming-revenue/2017Dec-gri.pdf,https://www.gaming.nv.gov/about-us/gaming-revenue-information-gri/,NV/screenshots/NV_2017_12_NV_2017_12_gri_p1.png,"SPORTS PARLAY CARDS | 181 181 491 232.73 4.46 | 182 182 7,573 60.28 20.16 | 188 188 15,177 45.77 24.12 |",,2026-04-08T18:40:28.449264
NV,2017-12-01,2017-12-31,monthly,ALL,TOTAL,TOTAL,,combined,other,3387715931,176500000,176500000,,,3211215931,11913750,,0.05209999999849456,31,False,False,NV_2017_12_gri.pdf,,,,4,,https://www.gaming.nv.gov/uploadedFiles/gamingnvgov/content/about/gaming-revenue/2017Dec-gri.pdf,https://www.gaming.nv.gov/about-us/gaming-revenue-information-gri/,NV/screenshots/NV_2017_12_NV_2017_12_gri_p1.png,"OTHER | 1,765 77.59 5.21 | 2,813 -37.92 2.92 | 32,325 73.34 7.56 |",,2026-04-08T18:40:28.449264
NV,2018-02-01,2018-02-28,monthly,ALL,TOTAL,TOTAL,,combined,,41119230769,1069100000,1069100000,,,40050130769,72164250,,0.026000000000145917,28,False,False,NV_2018_02_gri.pdf,,,,4,,https://www.gaming.nv.gov/uploadedFiles/gamingnvgov/content/about/gaming-revenue/2018Feb-gri.pdf,https://www.gaming.nv.gov/about-us/gaming-revenue-information-gri/,NV/screenshots/NV_2018_02_NV_2018_02_gri_p1.png,"SPORTS POOL (2) | 190 191 10,691 -48.47 2.60 | 190 191 70,305 47.30 5.30 | 192 193 255,875 27.78 5.26 |",,2026-04-08T18:40:31.671904
NV,2018-02-01,2018-02-28,monthly,ALL,TOTAL,TOTAL,,combined,football,14941860465,-257000000,-257000000,,,15198860465,,,-0.01720000000013385,28,False,False,NV_2018_02_gri.pdf,,,,4,,https://www.gaming.nv.gov/uploadedFiles/gamingnvgov/content/about/gaming-revenue/2018Feb-gri.pdf,https://www.gaming.nv.gov/about-us/gaming-revenue-information-gri/,NV/screenshots/NV_2018_02_NV_2018_02_gri_p1.png,"FOOTBALL | 189 189 -2,570 -136.25 -1.72 | 190 190 28,283 125.16 4.56 | 192 192 83,466 21.26 4.82 |",,2026-04-08T18:40:31.671904
NV,2018-02-01,2018-02-28,monthly,ALL,TOTAL,TOTAL,,combined,basketball,21352293578,1163700000,1163700000,,,20188593578,78549750,,0.05449999999995317,28,False,False,NV_2018_02_gri.pdf,,,,4,,https://www.gaming.nv.gov/uploadedFiles/gamingnvgov/content/about/gaming-revenue/2018Feb-gri.pdf,https://www.gaming.nv.gov/about-us/gaming-revenue-information-gri/,NV/screenshots/NV_2018_02_NV_2018_02_gri_p1.png,"BASKETBALL | 189 189 11,637 0.68 5.45 | 189 189 37,675 3.78 6.56 | 192 192 84,173 15.43 5.69 |",,2026-04-08T18:40:31.671904
NV,2018-02-01,2018-02-28,monthly,ALL,TOTAL,TOTAL,,combined,baseball,86146682,-22200000,-22200000,,,108346682,,,-0.25770000056415404,28,False,False,NV_2018_02_gri.pdf,,,,4,,https://www.gaming.nv.gov/uploadedFiles/gamingnvgov/content/about/gaming-revenue/2018Feb-gri.pdf,https://www.gaming.nv.gov/about-us/gaming-revenue-information-gri/,NV/screenshots/NV_2018_02_NV_2018_02_gri_p1.png,"BASEBALL | 159 159 -222 55.37 -25.77 | 159 159 -3,061 34.11 -342.94 | 192 192 37,804 20.40 3.32 |",,2026-04-08T18:40:31.671904
NV,2018-02-01,2018-02-28,monthly,ALL,TOTAL,TOTAL,,combined,parlay,380831213,44900000,44900000,,,335931213,3030750,,0.11789999996665189,28,False,False,NV_2018_02_gri.pdf,,,,4,,https://www.gaming.nv.gov/uploadedFiles/gamingnvgov/content/about/gaming-revenue/2018Feb-gri.pdf,https://www.gaming.nv.gov/about-us/gaming-revenue-information-gri/,NV/screenshots/NV_2018_02_NV_2018_02_gri_p1.png,"SPORTS PARLAY CARDS | 177 177 449 -58.28 11.79 | 183 183 1,377 83.28 7.26 | 188 188 15,458 58.26 24.55 |",,2026-04-08T18:40:31.671904
NV,2018-02-01,2018-02-28,monthly,ALL,TOTAL,TOTAL,,combined,other,4408227848,139300000,139300000,,,4268927848,9402750,,0.031600000000725915,28,False,False,NV_2018_02_gri.pdf,,,,4,,https://www.gaming.nv.gov/uploadedFiles/gamingnvgov/content/about/gaming-revenue/2018Feb-gri.pdf,https://www.gaming.nv.gov/about-us/gaming-revenue-information-gri/,NV/screenshots/NV_2018_02_NV_2018_02_gri_p1.png,"OTHER | 1,393 -7.57 3.16 | 6,006 121.50 5.42 | 34,849 101.88 7.75 |",,2026-04-08T18:40:31.671904
NV,2018-03-01,2018-03-31,monthly,ALL,TOTAL,TOTAL,,combined,,52157251908,3416300000,3416300000,,,48740951908,230600250,,0.06550000000049849,31,False,False,NV_2018_03_gri.pdf,,,,4,,https://www.gaming.nv.gov/uploadedFiles/gamingnvgov/content/about/gaming-revenue/2018Mar-gri.pdf,https://www.gaming.nv.gov/about-us/gaming-revenue-information-gri/,NV/screenshots/NV_2018_03_NV_2018_03_gri_p1.png,"SPORTS POOL (2) | 190 191 34,163 8.66 6.55 | 190 191 69,943 16.32 5.17 | 192 193 258,597 16.47 5.27 |",,2026-04-08T18:40:33.475499
NV,2018-03-01,2018-03-31,monthly,ALL,TOTAL,TOTAL,,combined,football,121576905,-1105900000,-1105900000,,,1227476905,,,-9.096299992173678,31,False,False,NV_2018_03_gri.pdf,,,,4,,https://www.gaming.nv.gov/uploadedFiles/gamingnvgov/content/about/gaming-revenue/2018Mar-gri.pdf,https://www.gaming.nv.gov/about-us/gaming-revenue-information-gri/,NV/screenshots/NV_2018_03_NV_2018_03_gri_p1.png,"FOOTBALL | 37 37 -11,059 15.11 -909.63 | 190 190 -5,816 59.48 -1.77 | 192 192 85,434 24.11 4.94 |",,2026-04-08T18:40:33.475499
NV,2018-03-01,2018-03-31,monthly,ALL,TOTAL,TOTAL,,combined,basketball,43656716418,3802500000,3802500000,,,39854216418,256668750,,0.08709999999982133,31,False,False,NV_2018_03_gri.pdf,,,,4,,https://www.gaming.nv.gov/uploadedFiles/gamingnvgov/content/about/gaming-revenue/2018Mar-gri.pdf,https://www.gaming.nv.gov/about-us/gaming-revenue-information-gri/,NV/screenshots/NV_2018_03_NV_2018_03_gri_p1.png,"BASKETBALL | 189 189 38,025 -7.88 8.71 | 189 189 64,631 -9.15 7.58 | 192 192 80,922 -12.67 5.44 |",,2026-04-08T18:40:33.475499
NV,2018-03-01,2018-03-31,monthly,ALL,TOTAL,TOTAL,,combined,baseball,1623547637,209600000,209600000,,,1413947637,14148000,,0.1291000000389887,31,False,False,NV_2018_03_gri.pdf,,,,4,,https://www.gaming.nv.gov/uploadedFiles/gamingnvgov/content/about/gaming-revenue/2018Mar-gri.pdf,https://www.gaming.nv.gov/about-us/gaming-revenue-information-gri/,NV/screenshots/NV_2018_03_NV_2018_03_gri_p1.png,"BASEBALL | 187 187 2,096 472.21 12.91 | 187 187 887 148.37 5.18 | 192 192 39,534 25.28 3.44 |",,2026-04-08T18:40:33.475499
NV,2018-03-01,2018-03-31,monthly,ALL,TOTAL,TOTAL,,combined,parlay,1552557390,385500000,385500000,,,1167057390,26021250,,0.2483000000405782,31,False,False,NV_2018_03_gri.pdf,,,,4,,https://www.gaming.nv.gov/uploadedFiles/gamingnvgov/content/about/gaming-revenue/2018Mar-gri.pdf,https://www.gaming.nv.gov/about-us/gaming-revenue-information-gri/,NV/screenshots/NV_2018_03_NV_2018_03_gri_p1.png,"SPORTS PARLAY CARDS | 155 155 3,855 617.61 24.83 | 182 182 4,734 314.96 20.19 | 188 188 18,776 83.43 24.65 |",,2026-04-08T18:40:33.475499
NV,2018-03-01,2018-03-31,monthly,ALL,TOTAL,TOTAL,,combined,other,5293617021,124400000,124400000,,,5169217021,8397000,,0.023500000001227893,31,False,False,NV_2018_03_gri.pdf,,,,4,,https://www.gaming.nv.gov/uploadedFiles/gamingnvgov/content/about/gaming-revenue/2018Mar-gri.pdf,https://www.gaming.nv.gov/about-us/gaming-revenue-information-gri/,NV/screenshots/NV_2018_03_NV_2018_03_gri_p1.png,"OTHER | 1,244 -45.33 2.35 | 5,486 37.34 4.22 | 33,817 81.29 7.25 |",,2026-04-08T18:40:33.475499
NV,2018-04-01,2018-04-30,monthly,ALL,TOTAL,TOTAL,,combined,,31574468085,1632400000,1632400000,,,29942068085,110187000,,0.05170000000017419,30,False,False,NV_2018_04_gri.pdf,,,,4,,https://www.gaming.nv.gov/uploadedFiles/gamingnvgov/content/about/gaming-revenue/2018Apr-gri.pdf,https://www.gaming.nv.gov/about-us/gaming-revenue-information-gri/,NV/screenshots/NV_2018_04_NV_2018_04_gri_p1.png,"SPORTS POOL (2) | 189 190 16,324 8.10 5.17 | 190 191 61,179 -9.08 4.90 | 192 193 259,820 16.19 5.26 |",,2026-04-08T18:40:35.650389
NV,2018-04-01,2018-04-30,monthly,ALL,TOTAL,TOTAL,,combined,football,69289219,-391200000,-391200000,,,460489219,,,-5.64589997759969,30,False,False,NV_2018_04_gri.pdf,,,,4,,https://www.gaming.nv.gov/uploadedFiles/gamingnvgov/content/about/gaming-revenue/2018Apr-gri.pdf,https://www.gaming.nv.gov/about-us/gaming-revenue-information-gri/,NV/screenshots/NV_2018_04_NV_2018_04_gri_p1.png,"FOOTBALL | 110 110 -3,912 17.57 -564.59 | 189 189 -17,542 -64.17 -11.68 | 192 192 86,268 25.34 4.99 |",,2026-04-08T18:40:35.650389
NV,2018-04-01,2018-04-30,monthly,ALL,TOTAL,TOTAL,,combined,basketball,12278409091,864400000,864400000,,,11414009091,58347000,,0.07039999999947875,30,False,False,NV_2018_04_gri.pdf,,,,4,,https://www.gaming.nv.gov/uploadedFiles/gamingnvgov/content/about/gaming-revenue/2018Apr-gri.pdf,https://www.gaming.nv.gov/about-us/gaming-revenue-information-gri/,NV/screenshots/NV_2018_04_NV_2018_04_gri_p1.png,"BASKETBALL | 189 189 8,644 123.59 7.04 | 189 189 58,306 2.83 7.54 | 192 192 85,700 -6.38 5.78 |",,2026-04-08T18:40:35.650389
NV,2018-04-01,2018-04-30,monthly,ALL,TOTAL,TOTAL,,combined,baseball,12510476190,656800000,656800000,,,11853676190,44334000,,0.05250000000199832,30,False,False,NV_2018_04_gri.pdf,,,,4,,https://www.gaming.nv.gov/uploadedFiles/gamingnvgov/content/about/gaming-revenue/2018Apr-gri.pdf,https://www.gaming.nv.gov/about-us/gaming-revenue-information-gri/,NV/screenshots/NV_2018_04_NV_2018_04_gri_p1.png,"BASEBALL | 189 189 6,568 -35.35 5.25 | 189 189 8,442 -15.82 5.94 | 192 192 35,943 6.57 3.11 |",,2026-04-08T18:40:35.650389
NV,2018-04-01,2018-04-30,monthly,ALL,TOTAL,TOTAL,,combined,parlay,698423578,101900000,101900000,,,596523578,6878250,,0.14589999995675976,30,False,False,NV_2018_04_gri.pdf,,,,4,,https://www.gaming.nv.gov/uploadedFiles/gamingnvgov/content/about/gaming-revenue/2018Apr-gri.pdf,https://www.gaming.nv.gov/about-us/gaming-revenue-information-gri/,NV/screenshots/NV_2018_04_NV_2018_04_gri_p1.png,"SPORTS PARLAY CARDS | 105 105 1,019 425.64 14.59 | 180 180 5,323 194.60 20.23 | 188 188 19,601 88.36 23.77 |",,2026-04-08T18:40:35.650389
NV,2018-04-01,2018-04-30,monthly,ALL,TOTAL,TOTAL,,combined,other,6034638554,400700000,400700000,,,5633938554,27047250,,0.06640000000238623,30,False,False,NV_2018_04_gri.pdf,,,,4,,https://www.gaming.nv.gov/uploadedFiles/gamingnvgov/content/about/gaming-revenue/2018Apr-gri.pdf,https://www.gaming.nv.gov/about-us/gaming-revenue-information-gri/,NV/screenshots/NV_2018_04_NV_2018_04_gri_p1.png,"OTHER | 4,007 -28.82 6.64 | 6,643 -29.35 4.22 | 32,204 69.27 6.61 |",,2026-04-08T18:40:35.650389
NV,2018-05-01,2018-05-31,monthly,ALL,TOTAL,TOTAL,,combined,,31550077042,2047600000,2047600000,,,29502477042,138213000,,0.06489999999918225,31,False,False,NV_2018_05_gri.pdf,,,,4,,https://www.gaming.nv.gov/uploadedFiles/gamingnvgov/content/about/gaming-revenue/2018May-gri.pdf,https://www.gaming.nv.gov/about-us/gaming-revenue-information-gri/,NV/screenshots/NV_2018_05_NV_2018_05_gri_p1.png,"Sports Pool (2) 191 190 20,476 590.48 6.49 191 190 70,964 43.34 6.16 193 190 277,331 25.68 5.61",,2026-04-08T18:40:36.924283
NV,2018-05-01,2018-05-31,monthly,ALL,TOTAL,TOTAL,,combined,football,83774250,38000000,38000000,,,45774250,2565000,,0.4536000023873684,31,False,False,NV_2018_05_gri.pdf,,,,4,,https://www.gaming.nv.gov/uploadedFiles/gamingnvgov/content/about/gaming-revenue/2018May-gri.pdf,https://www.gaming.nv.gov/about-us/gaming-revenue-information-gri/,NV/screenshots/NV_2018_05_NV_2018_05_gri_p1.png,"(2) Sports - Football 65 65 380 (123.24) 45.36 126 126 (14,592) (24.82) (912.16) 192 192 88,282 26.88 5.10",,2026-04-08T18:40:36.924283
NV,2018-05-01,2018-05-31,monthly,ALL,TOTAL,TOTAL,,combined,basketball,10915492958,930000000,930000000,,,9985492958,62775000,,0.08519999999802116,31,False,False,NV_2018_05_gri.pdf,,,,4,,https://www.gaming.nv.gov/uploadedFiles/gamingnvgov/content/about/gaming-revenue/2018May-gri.pdf,https://www.gaming.nv.gov/about-us/gaming-revenue-information-gri/,NV/screenshots/NV_2018_05_NV_2018_05_gri_p1.png,"Sports - Basketball 188 188 9,300 (311.02) 8.52 189 189 55,968 37.40 8.37 192 192 99,407 20.58 6.65",,2026-04-08T18:40:36.924283
NV,2018-05-01,2018-05-31,monthly,ALL,TOTAL,TOTAL,,combined,baseball,14801369863,1080500000,1080500000,,,13720869863,72933750,,0.07300000000006757,31,False,False,NV_2018_05_gri.pdf,,,,4,,https://www.gaming.nv.gov/uploadedFiles/gamingnvgov/content/about/gaming-revenue/2018May-gri.pdf,https://www.gaming.nv.gov/about-us/gaming-revenue-information-gri/,NV/screenshots/NV_2018_05_NV_2018_05_gri_p1.png,"Sports - Baseball 188 188 10,805 63.37 7.30 189 189 19,469 13.59 6.73 192 192 40,134 7.16 3.55",,2026-04-08T18:40:36.924283
NV,2018-05-01,2018-05-31,monthly,ALL,TOTAL,TOTAL,,combined,parlay,598039216,6100000,6100000,,,591939216,411750,,0.01019999999464918,31,False,False,NV_2018_05_gri.pdf,,,,4,,https://www.gaming.nv.gov/uploadedFiles/gamingnvgov/content/about/gaming-revenue/2018May-gri.pdf,https://www.gaming.nv.gov/about-us/gaming-revenue-information-gri/,NV/screenshots/NV_2018_05_NV_2018_05_gri_p1.png,"Sports Parlay Cards 112 112 61 (208.34) 1.02 157 157 4,935 631.67 17.32 188 188 19,719 91.69 22.46",,2026-04-08T18:40:36.924283
NV,2018-05-01,2018-05-31,monthly,ALL,TOTAL,TOTAL,,combined,other,5307692308,-6900000,-6900000,,,5314592308,,,-0.0012999999999246377,31,False,False,NV_2018_05_gri.pdf,,,,4,,https://www.gaming.nv.gov/uploadedFiles/gamingnvgov/content/about/gaming-revenue/2018May-gri.pdf,https://www.gaming.nv.gov/about-us/gaming-revenue-information-gri/,NV/screenshots/NV_2018_05_NV_2018_05_gri_p1.png,"Other (69) (102.81) (0.13) 5,184 (49.84) 3.14 29,698 42.74 5.95",,2026-04-08T18:40:36.924283
NV,2018-06-01,2018-06-30,monthly,ALL,TOTAL,TOTAL,,combined,,28654829545,2017300000,2017300000,,,26637529545,136167750,,0.07040000000111674,30,False,False,NV_2018_06_gri.pdf,,,,4,,https://www.gaming.nv.gov/uploadedFiles/gamingnvgov/content/about/gaming-revenue/2018Jun-gri.pdf,https://www.gaming.nv.gov/about-us/gaming-revenue-information-gri/,NV/screenshots/NV_2018_06_NV_2018_06_gri_p1.png,"Sports Pool (2) 189 189 20,173 27.15 7.04 191 190 56,974 67.91 6.21 192 190 281,639 23.17 5.71",,2026-04-08T18:40:37.979277
NV,2018-06-01,2018-06-30,monthly,ALL,TOTAL,TOTAL,,combined,football,115131579,-28000000,-28000000,,,143131579,,,-0.24319999988882285,30,False,False,NV_2018_06_gri.pdf,,,,4,,https://www.gaming.nv.gov/uploadedFiles/gamingnvgov/content/about/gaming-revenue/2018Jun-gri.pdf,https://www.gaming.nv.gov/about-us/gaming-revenue-information-gri/,NV/screenshots/NV_2018_06_NV_2018_06_gri_p1.png,"(2) Sports - Football 166 166 (280) 1,042.69 (24.32) 173 173 (3,812) (40.48) (142.26) 191 191 88,027 25.70 5.09",,2026-04-08T18:40:37.979277
NV,2018-06-01,2018-06-30,monthly,ALL,TOTAL,TOTAL,,combined,basketball,3200000000,-60800000,-60800000,,,3260800000,,,-0.019,30,False,False,NV_2018_06_gri.pdf,,,,4,,https://www.gaming.nv.gov/uploadedFiles/gamingnvgov/content/about/gaming-revenue/2018Jun-gri.pdf,https://www.gaming.nv.gov/about-us/gaming-revenue-information-gri/,NV/screenshots/NV_2018_06_NV_2018_06_gri_p1.png,"Sports - Basketball 188 188 (608) (11,136.97) (1.90) 189 189 17,336 (3,335.23) 6.57 190 190 98,794 21.79 6.72",,2026-04-08T18:40:37.979277
NV,2018-06-01,2018-06-30,monthly,ALL,TOTAL,TOTAL,,combined,baseball,18281889764,1160900000,1160900000,,,17120989764,78360750,,0.06349999999923421,30,False,False,NV_2018_06_gri.pdf,,,,4,,https://www.gaming.nv.gov/uploadedFiles/gamingnvgov/content/about/gaming-revenue/2018Jun-gri.pdf,https://www.gaming.nv.gov/about-us/gaming-revenue-information-gri/,NV/screenshots/NV_2018_06_NV_2018_06_gri_p1.png,"Sports - Baseball 188 188 11,609 (22.03) 6.35 189 189 28,982 (8.47) 6.36 191 191 36,853 (23.47) 3.33",,2026-04-08T18:40:37.979277
NV,2018-06-01,2018-06-30,monthly,ALL,TOTAL,TOTAL,,combined,parlay,642229859,168200000,168200000,,,474029859,11353500,,0.2618999998877349,30,False,False,NV_2018_06_gri.pdf,,,,4,,https://www.gaming.nv.gov/uploadedFiles/gamingnvgov/content/about/gaming-revenue/2018Jun-gri.pdf,https://www.gaming.nv.gov/about-us/gaming-revenue-information-gri/,NV/screenshots/NV_2018_06_NV_2018_06_gri_p1.png,"Sports Parlay Cards 109 109 1,682 614.16 26.19 123 123 2,762 640.87 14.25 187 187 21,166 102.48 22.59",,2026-04-08T18:40:37.979277
NV,2018-06-01,2018-06-30,monthly,ALL,TOTAL,TOTAL,,combined,other,6388980263,776900000,776900000,,,5612080263,52440750,,0.12160000000300518,30,False,False,NV_2018_06_gri.pdf,,,,4,,https://www.gaming.nv.gov/uploadedFiles/gamingnvgov/content/about/gaming-revenue/2018Jun-gri.pdf,https://www.gaming.nv.gov/about-us/gaming-revenue-information-gri/,NV/screenshots/NV_2018_06_NV_2018_06_gri_p1.png,"Other 7,769 924.14 12.16 11,707 32.47 6.65 36,717 95.38 6.88",,2026-04-08T18:40:37.979277
NV,2018-07-01,2018-07-31,monthly,ALL,TOTAL,TOTAL,,combined,,24463855422,406100000,406100000,,,24057755422,27411750,,0.01659999999978744,31,False,False,NV_2018_07_gri.pdf,,,,4,,https://www.gaming.nv.gov/uploadedFiles/gamingnvgov/content/about/gaming-revenue/2018Jul-gri.pdf,https://www.gaming.nv.gov/about-us/gaming-revenue-information-gri/,NV/screenshots/NV_2018_07_NV_2018_07_gri_p1.png,"Sports Pool (2) 190 191 4,061 674.44 1.66 191 190 44,711 131.00 5.28 192 190 285,176 30.78 5.75",,2026-04-08T18:40:39.092515
NV,2018-07-01,2018-07-31,monthly,ALL,TOTAL,TOTAL,,combined,football,198292220,41800000,41800000,,,156492220,2821500,,0.2108000001210335,31,False,False,NV_2018_07_gri.pdf,,,,4,,https://www.gaming.nv.gov/uploadedFiles/gamingnvgov/content/about/gaming-revenue/2018Jul-gri.pdf,https://www.gaming.nv.gov/about-us/gaming-revenue-information-gri/,NV/screenshots/NV_2018_07_NV_2018_07_gri_p1.png,"(2) Sports - Football 163 163 418 (33.36) 21.08 175 175 518 (150.26) 13.06 191 191 87,818 24.52 5.08",,2026-04-08T18:40:39.092515
NV,2018-07-01,2018-07-31,monthly,ALL,TOTAL,TOTAL,,combined,basketball,1203119057,-316300000,-316300000,,,1519419057,,,-0.26289999992910096,31,False,False,NV_2018_07_gri.pdf,,,,4,,https://www.gaming.nv.gov/uploadedFiles/gamingnvgov/content/about/gaming-revenue/2018Jul-gri.pdf,https://www.gaming.nv.gov/about-us/gaming-revenue-information-gri/,NV/screenshots/NV_2018_07_NV_2018_07_gri_p1.png,"Sports - Basketball 182 182 (3,163) (19.88) (26.29) 188 188 5,529 (166.21) 3.61 190 190 99,579 23.76 6.77",,2026-04-08T18:40:39.092515
NV,2018-07-01,2018-07-31,monthly,ALL,TOTAL,TOTAL,,combined,baseball,17334862385,377900000,377900000,,,16956962385,25508250,,0.02180000000040381,31,False,False,NV_2018_07_gri.pdf,,,,4,,https://www.gaming.nv.gov/uploadedFiles/gamingnvgov/content/about/gaming-revenue/2018Jul-gri.pdf,https://www.gaming.nv.gov/about-us/gaming-revenue-information-gri/,NV/screenshots/NV_2018_07_NV_2018_07_gri_p1.png,"Sports - Baseball 188 188 3,779 122.97 2.18 188 188 26,193 12.91 5.19 191 191 38,937 2.47 3.54",,2026-04-08T18:40:39.092515
NV,2018-07-01,2018-07-31,monthly,ALL,TOTAL,TOTAL,,combined,parlay,532338308,10700000,10700000,,,521638308,722250,,0.02010000001728224,31,False,False,NV_2018_07_gri.pdf,,,,4,,https://www.gaming.nv.gov/uploadedFiles/gamingnvgov/content/about/gaming-revenue/2018Jul-gri.pdf,https://www.gaming.nv.gov/about-us/gaming-revenue-information-gri/,NV/screenshots/NV_2018_07_NV_2018_07_gri_p1.png,"Sports Parlay Cards 110 110 107 196.71 2.01 122 122 1,850 760.56 10.44 187 187 21,237 104.29 21.55",,2026-04-08T18:40:39.092515
NV,2018-07-01,2018-07-31,monthly,ALL,TOTAL,TOTAL,,combined,other,5242369838,292000000,292000000,,,4950369838,19710000,,0.05570000000446363,31,False,False,NV_2018_07_gri.pdf,,,,4,,https://www.gaming.nv.gov/uploadedFiles/gamingnvgov/content/about/gaming-revenue/2018Jul-gri.pdf,https://www.gaming.nv.gov/about-us/gaming-revenue-information-gri/,NV/screenshots/NV_2018_07_NV_2018_07_gri_p1.png,"Other 2,920 38.66 5.57 10,623 100.62 6.32 37,531 102.22 6.66",,2026-04-08T18:40:39.092515
NV,2018-08-01,2018-08-31,monthly,ALL,TOTAL,TOTAL,,combined,,24762278978,1260400000,1260400000,,,23501878978,85077000,,0.050900000000799604,31,False,False,NV_2018_08_gri.pdf,,,,4,,https://www.gaming.nv.gov/uploadedFiles/gamingnvgov/content/about/gaming-revenue/2018Aug-gri.pdf,https://www.gaming.nv.gov/about-us/gaming-revenue-information-gri/,NV/screenshots/NV_2018_08_NV_2018_08_gri_p1.png,"Sports Pool (2) 190 191 12,604 (62.89) 5.09 190 190 36,833 (26.85) 4.73 191 190 263,799 5.49 5.37",,2026-04-08T18:40:39.964932
NV,2018-08-01,2018-08-31,monthly,ALL,TOTAL,TOTAL,,combined,football,3899029126,602400000,602400000,,,3296629126,40662000,,0.15450000000846364,31,False,False,NV_2018_08_gri.pdf,,,,4,,https://www.gaming.nv.gov/uploadedFiles/gamingnvgov/content/about/gaming-revenue/2018Aug-gri.pdf,https://www.gaming.nv.gov/about-us/gaming-revenue-information-gri/,NV/screenshots/NV_2018_08_NV_2018_08_gri_p1.png,"(2) Sports - Football 188 188 6,024 (9.02) 15.45 188 188 6,158 (14.75) 14.62 190 190 87,208 17.82 5.02",,2026-04-08T18:40:39.964932
NV,2018-08-01,2018-08-31,monthly,ALL,TOTAL,TOTAL,,combined,basketball,591984231,-90100000,-90100000,,,682084231,,,-0.15220000007061,31,False,False,NV_2018_08_gri.pdf,,,,4,,https://www.gaming.nv.gov/uploadedFiles/gamingnvgov/content/about/gaming-revenue/2018Aug-gri.pdf,https://www.gaming.nv.gov/about-us/gaming-revenue-information-gri/,NV/screenshots/NV_2018_08_NV_2018_08_gri_p1.png,"Sports - Basketball 181 181 (901) (32.20) (15.22) 188 188 (4,671) (11.38) (9.34) 189 189 100,006 24.65 6.79",,2026-04-08T18:40:39.964932
NV,2018-08-01,2018-08-31,monthly,ALL,TOTAL,TOTAL,,combined,baseball,17546610169,828200000,828200000,,,16718410169,55903500,,0.04720000000132219,31,False,False,NV_2018_08_gri.pdf,,,,4,,https://www.gaming.nv.gov/uploadedFiles/gamingnvgov/content/about/gaming-revenue/2018Aug-gri.pdf,https://www.gaming.nv.gov/about-us/gaming-revenue-information-gri/,NV/screenshots/NV_2018_08_NV_2018_08_gri_p1.png,"Sports - Baseball 189 189 8,282 (3.78) 4.72 189 189 23,669 (6.05) 4.45 190 190 38,607 (15.37) 3.56",,2026-04-08T18:40:39.964932
NV,2018-08-01,2018-08-31,monthly,ALL,TOTAL,TOTAL,,combined,parlay,412313433,44200000,44200000,,,368113433,2983500,,0.10719999995731402,31,False,False,NV_2018_08_gri.pdf,,,,4,,https://www.gaming.nv.gov/uploadedFiles/gamingnvgov/content/about/gaming-revenue/2018Aug-gri.pdf,https://www.gaming.nv.gov/about-us/gaming-revenue-information-gri/,NV/screenshots/NV_2018_08_NV_2018_08_gri_p1.png,"Sports Parlay Cards 160 160 442 76.02 10.72 160 160 2,231 326.81 14.07 186 186 21,427 103.27 20.98",,2026-04-08T18:40:39.964932
NV,2018-08-01,2018-08-31,monthly,ALL,TOTAL,TOTAL,,combined,other,2312267658,-124400000,-124400000,,,2436667658,,,-0.05379999999982701,31,False,False,NV_2018_08_gri.pdf,,,,4,,https://www.gaming.nv.gov/uploadedFiles/gamingnvgov/content/about/gaming-revenue/2018Aug-gri.pdf,https://www.gaming.nv.gov/about-us/gaming-revenue-information-gri/,NV/screenshots/NV_2018_08_NV_2018_08_gri_p1.png,"Other (1,244) (106.28) (5.38) 9,445 (58.32) 6.77 16,483 (58.32) 3.22",,2026-04-08T18:40:39.964932
NV,2018-09-01,2018-09-30,monthly,ALL,TOTAL,TOTAL,,combined,,57103448276,5630400000,5630400000,,,51473048276,380052000,,0.09859999999976184,30,False,False,NV_2018_09_gri.pdf,,,,4,,https://www.gaming.nv.gov/uploadedFiles/gamingnvgov/content/about/gaming-revenue/2018Sep-gri.pdf,https://www.gaming.nv.gov/about-us/gaming-revenue-information-gri/,NV/screenshots/NV_2018_09_NV_2018_09_gri_p1.png,"Sports Pool (2) 191 190 56,304 26.72 9.86 191 190 72,983 (7.52) 6.86 191 190 275,688 8.75 5.60",,2026-04-08T18:40:40.940593
NV,2018-09-01,2018-09-30,monthly,ALL,TOTAL,TOTAL,,combined,football,38896491228,4434200000,4434200000,,,34462291228,299308500,,0.11400000000020567,30,False,False,NV_2018_09_gri.pdf,,,,4,,https://www.gaming.nv.gov/uploadedFiles/gamingnvgov/content/about/gaming-revenue/2018Sep-gri.pdf,https://www.gaming.nv.gov/about-us/gaming-revenue-information-gri/,NV/screenshots/NV_2018_09_NV_2018_09_gri_p1.png,"(2) Sports - Football 190 190 44,342 8.90 11.40 190 190 50,795 5.90 11.81 190 190 90,845 16.74 5.16",,2026-04-08T18:40:40.940593
NV,2018-09-01,2018-09-30,monthly,ALL,TOTAL,TOTAL,,combined,basketball,197208961,-53700000,-53700000,,,250908961,,,-0.2722999995928177,30,False,False,NV_2018_09_gri.pdf,,,,4,,https://www.gaming.nv.gov/uploadedFiles/gamingnvgov/content/about/gaming-revenue/2018Sep-gri.pdf,https://www.gaming.nv.gov/about-us/gaming-revenue-information-gri/,NV/screenshots/NV_2018_09_NV_2018_09_gri_p1.png,"Sports - Basketball 172 172 (537) (13.34) (27.23) 185 185 (4,583) (22.28) (23.00) 189 189 100,108 24.60 6.80",,2026-04-08T18:40:40.940593
NV,2018-09-01,2018-09-30,monthly,ALL,TOTAL,TOTAL,,combined,baseball,13114197531,424900000,424900000,,,12689297531,28680750,,0.03239999999966449,30,False,False,NV_2018_09_gri.pdf,,,,4,,https://www.gaming.nv.gov/uploadedFiles/gamingnvgov/content/about/gaming-revenue/2018Sep-gri.pdf,https://www.gaming.nv.gov/about-us/gaming-revenue-information-gri/,NV/screenshots/NV_2018_09_NV_2018_09_gri_p1.png,"Sports - Baseball 190 190 4,249 14.73 3.24 190 190 16,311 16.46 3.40 190 190 39,154 (19.81) 3.65",,2026-04-08T18:40:40.940593
NV,2018-09-01,2018-09-30,monthly,ALL,TOTAL,TOTAL,,combined,parlay,1121312016,680300000,680300000,,,441012016,45920250,,0.6066999999043977,30,False,False,NV_2018_09_gri.pdf,,,,4,,https://www.gaming.nv.gov/uploadedFiles/gamingnvgov/content/about/gaming-revenue/2018Sep-gri.pdf,https://www.gaming.nv.gov/about-us/gaming-revenue-information-gri/,NV/screenshots/NV_2018_09_NV_2018_09_gri_p1.png,"Sports Parlay Cards 185 185 6,803 17.24 60.67 185 185 7,353 20.74 35.60 187 187 22,429 81.93 22.19",,2026-04-08T18:40:40.940593
NV,2018-09-01,2018-09-30,monthly,ALL,TOTAL,TOTAL,,combined,other,3807894737,144700000,144700000,,,3663194737,9767250,,0.03799999999842433,30,False,False,NV_2018_09_gri.pdf,,,,4,,https://www.gaming.nv.gov/uploadedFiles/gamingnvgov/content/about/gaming-revenue/2018Sep-gri.pdf,https://www.gaming.nv.gov/about-us/gaming-revenue-information-gri/,NV/screenshots/NV_2018_09_NV_2018_09_gri_p1.png,"Other 1,447 (127.97) 3.80 3,106 (81.41) 2.73 23,114 (32.11) 4.48",,2026-04-08T18:40:40.940593
NV,2018-10-01,2018-10-31,monthly,ALL,TOTAL,TOTAL,,combined,,52856887299,2954700000,2954700000,,,49902187299,199442250,,0.05589999999973324,31,False,False,NV_2018_10_gri.pdf,,,,4,,https://www.gaming.nv.gov/uploadedFiles/gamingnvgov/content/about/gaming-revenue/2018Oct-gri.pdf,https://www.gaming.nv.gov/about-us/gaming-revenue-information-gri/,NV/screenshots/NV_2018_10_NV_2018_10_gri_p1.png,"Sports Pool (2) 191 191 29,547 (6.07) 5.59 191 190 98,472 (10.36) 7.31 191 190 273,778 12.83 5.60",,2026-04-08T18:40:41.919733
NV,2018-10-01,2018-10-31,monthly,ALL,TOTAL,TOTAL,,combined,football,34039156627,1130100000,1130100000,,,32909056627,76281750,,0.033199999999518205,31,False,False,NV_2018_10_gri.pdf,,,,4,,https://www.gaming.nv.gov/uploadedFiles/gamingnvgov/content/about/gaming-revenue/2018Oct-gri.pdf,https://www.gaming.nv.gov/about-us/gaming-revenue-information-gri/,NV/screenshots/NV_2018_10_NV_2018_10_gri_p1.png,"(2) Sports - Football 190 190 11,301 (28.26) 3.32 190 190 61,680 (2.24) 8.02 190 190 86,393 36.06 5.01",,2026-04-08T18:40:41.919733
NV,2018-10-01,2018-10-31,monthly,ALL,TOTAL,TOTAL,,combined,basketball,5160442600,373100000,373100000,,,4787342600,25184250,,0.07230000000387564,31,False,False,NV_2018_10_gri.pdf,,,,4,,https://www.gaming.nv.gov/uploadedFiles/gamingnvgov/content/about/gaming-revenue/2018Oct-gri.pdf,https://www.gaming.nv.gov/about-us/gaming-revenue-information-gri/,NV/screenshots/NV_2018_10_NV_2018_10_gri_p1.png,"Sports - Basketball 189 189 3,731 (24.88) 7.23 189 189 2,312 (23.42) 3.89 190 190 98,871 19.08 6.67",,2026-04-08T18:40:41.919733
NV,2018-10-01,2018-10-31,monthly,ALL,TOTAL,TOTAL,,combined,baseball,7432188065,822000000,822000000,,,6610188065,55485000,,0.11060000000148004,31,False,False,NV_2018_10_gri.pdf,,,,4,,https://www.gaming.nv.gov/uploadedFiles/gamingnvgov/content/about/gaming-revenue/2018Oct-gri.pdf,https://www.gaming.nv.gov/about-us/gaming-revenue-information-gri/,NV/screenshots/NV_2018_10_NV_2018_10_gri_p1.png,"Sports - Baseball 190 190 8,220 30.82 11.06 190 190 20,753 11.61 5.45 190 190 41,090 (18.75) 3.93",,2026-04-08T18:40:41.919733
NV,2018-10-01,2018-10-31,monthly,ALL,TOTAL,TOTAL,,combined,parlay,1069322709,268400000,268400000,,,800922709,18117000,,0.25100000003834205,31,False,False,NV_2018_10_gri.pdf,,,,4,,https://www.gaming.nv.gov/uploadedFiles/gamingnvgov/content/about/gaming-revenue/2018Oct-gri.pdf,https://www.gaming.nv.gov/about-us/gaming-revenue-information-gri/,NV/screenshots/NV_2018_10_NV_2018_10_gri_p1.png,"Sports Parlay Cards 184 184 2,684 (45.23) 25.10 185 185 9,930 (9.35) 38.15 187 187 20,212 51.78 20.72",,2026-04-08T18:40:41.919733
NV,2018-10-01,2018-10-31,monthly,ALL,TOTAL,TOTAL,,combined,other,5107496464,361100000,361100000,,,4746396464,24374250,,0.07069999999906021,31,False,False,NV_2018_10_gri.pdf,,,,4,,https://www.gaming.nv.gov/uploadedFiles/gamingnvgov/content/about/gaming-revenue/2018Oct-gri.pdf,https://www.gaming.nv.gov/about-us/gaming-revenue-information-gri/,NV/screenshots/NV_2018_10_NV_2018_10_gri_p1.png,"Other 3,611 (907.13) 7.07 3,798 (73.24) 3.38 27,167 (15.34) 5.07",,2026-04-08T18:40:41.919733
NV,2018-11-01,2018-11-30,monthly,ALL,TOTAL,TOTAL,,combined,,58107066381,2713600000,2713600000,,,55393466381,183168000,,0.04670000000012563,30,False,False,NV_2018_11_gri.pdf,,,,4,,https://www.gaming.nv.gov/uploadedFiles/gamingnvgov/content/about/gaming-revenue/2018Nov-gri.pdf,https://www.gaming.nv.gov/about-us/gaming-revenue-information-gri/,NV/screenshots/NV_2018_11_NV_2018_11_gri_p1.png,"Sports Pool (2) 191 192 27,136 176.35 4.67 191 191 113,005 31.85 6.72 191 190 291,182 24.81 5.90",,2026-04-08T18:40:42.859699
NV,2018-11-01,2018-11-30,monthly,ALL,TOTAL,TOTAL,,combined,football,37493902439,1844700000,1844700000,,,35649202439,124517250,,0.049200000000032,30,False,False,NV_2018_11_gri.pdf,,,,4,,https://www.gaming.nv.gov/uploadedFiles/gamingnvgov/content/about/gaming-revenue/2018Nov-gri.pdf,https://www.gaming.nv.gov/about-us/gaming-revenue-information-gri/,NV/screenshots/NV_2018_11_NV_2018_11_gri_p1.png,"(2) Sports - Football 190 190 18,447 69.31 4.92 190 190 74,091 9.98 6.70 190 190 93,944 38.68 5.31",,2026-04-08T18:40:42.859699
NV,2018-11-01,2018-11-30,monthly,ALL,TOTAL,TOTAL,,combined,basketball,15214992928,1075700000,1075700000,,,14139292928,72609750,,0.07069999999936905,30,False,False,NV_2018_11_gri.pdf,,,,4,,https://www.gaming.nv.gov/uploadedFiles/gamingnvgov/content/about/gaming-revenue/2018Nov-gri.pdf,https://www.gaming.nv.gov/about-us/gaming-revenue-information-gri/,NV/screenshots/NV_2018_11_NV_2018_11_gri_p1.png,"Sports - Basketball 189 189 10,757 60.85 7.07 189 189 13,951 26.43 6.78 190 190 102,941 24.33 6.87",,2026-04-08T18:40:42.859699
NV,2018-11-01,2018-11-30,monthly,ALL,TOTAL,TOTAL,,combined,baseball,12933958,-589200000,-589200000,,,602133958,,,-45.55450079550282,30,False,False,NV_2018_11_gri.pdf,,,,4,,https://www.gaming.nv.gov/uploadedFiles/gamingnvgov/content/about/gaming-revenue/2018Nov-gri.pdf,https://www.gaming.nv.gov/about-us/gaming-revenue-information-gri/,NV/screenshots/NV_2018_11_NV_2018_11_gri_p1.png,"Sports - Baseball 74 74 (5,892) (48.56) (4,555.45) 190 190 6,578 (548.49) 3.20 190 190 46,652 28.81 4.54",,2026-04-08T18:40:42.859699
NV,2018-11-01,2018-11-30,monthly,ALL,TOTAL,TOTAL,,combined,parlay,1117231638,237300000,237300000,,,879931638,16017750,,0.21240000007948218,30,False,False,NV_2018_11_gri.pdf,,,,4,,https://www.gaming.nv.gov/uploadedFiles/gamingnvgov/content/about/gaming-revenue/2018Nov-gri.pdf,https://www.gaming.nv.gov/about-us/gaming-revenue-information-gri/,NV/screenshots/NV_2018_11_NV_2018_11_gri_p1.png,"Sports Parlay Cards 181 181 2,373 8.78 21.24 186 186 11,860 (7.95) 35.86 187 187 20,404 37.56 21.17",,2026-04-08T18:40:42.859699
NV,2018-11-01,2018-11-30,monthly,ALL,TOTAL,TOTAL,,combined,other,4230320700,145100000,145100000,,,4085220700,9794250,,0.03429999999763611,30,False,False,NV_2018_11_gri.pdf,,,,4,,https://www.gaming.nv.gov/uploadedFiles/gamingnvgov/content/about/gaming-revenue/2018Nov-gri.pdf,https://www.gaming.nv.gov/about-us/gaming-revenue-information-gri/,NV/screenshots/NV_2018_11_NV_2018_11_gri_p1.png,"Other 1,451 (3.85) 3.43 6,526 (258.76) 4.96 27,195 (13.81) 4.97",,2026-04-08T18:40:42.859699
NV,2018-12-01,2018-12-31,monthly,ALL,TOTAL,TOTAL,,combined,,56185987261,4410600000,4410600000,,,51775387261,297715500,,0.07850000000020468,31,False,False,NV_2018_12_gri.pdf,,,,4,,https://www.gaming.nv.gov/uploadedFiles/gamingnvgov/content/about/gaming-revenue/2018Dec-gri.pdf,https://www.gaming.nv.gov/about-us/gaming-revenue-information-gri/,NV/screenshots/NV_2018_12_NV_2018_12_gri_p1.png,"Sports Pool (2) 192 193 44,106 27.75 7.85 192 192 100,899 33.11 6.03 192 190 301,048 20.98 6.01",,2026-04-08T18:40:43.826659
NV,2018-12-01,2018-12-31,monthly,ALL,TOTAL,TOTAL,,combined,football,33495753715,3155300000,3155300000,,,30340453715,212982750,,0.09420000000140316,31,False,False,NV_2018_12_gri.pdf,,,,4,,https://www.gaming.nv.gov/uploadedFiles/gamingnvgov/content/about/gaming-revenue/2018Dec-gri.pdf,https://www.gaming.nv.gov/about-us/gaming-revenue-information-gri/,NV/screenshots/NV_2018_12_NV_2018_12_gri_p1.png,"(2) Sports - Football 191 191 31,553 36.95 9.42 191 191 61,301 23.37 5.83 191 191 102,458 33.24 5.65",,2026-04-08T18:40:43.826659
NV,2018-12-01,2018-12-31,monthly,ALL,TOTAL,TOTAL,,combined,basketball,16914660832,773000000,773000000,,,16141660832,52177500,,0.0456999999986757,31,False,False,NV_2018_12_gri.pdf,,,,4,,https://www.gaming.nv.gov/uploadedFiles/gamingnvgov/content/about/gaming-revenue/2018Dec-gri.pdf,https://www.gaming.nv.gov/about-us/gaming-revenue-information-gri/,NV/screenshots/NV_2018_12_NV_2018_12_gri_p1.png,"Sports - Basketball 191 191 7,730 (30.16) 4.57 191 191 22,219 (2.22) 5.96 191 191 99,602 13.92 6.60",,2026-04-08T18:40:43.826659
NV,2018-12-01,2018-12-31,monthly,ALL,TOTAL,TOTAL,,combined,baseball,1272884,-137100000,-137100000,,,138372884,,,-107.70816508024298,31,False,False,NV_2018_12_gri.pdf,,,,4,,https://www.gaming.nv.gov/uploadedFiles/gamingnvgov/content/about/gaming-revenue/2018Dec-gri.pdf,https://www.gaming.nv.gov/about-us/gaming-revenue-information-gri/,NV/screenshots/NV_2018_12_NV_2018_12_gri_p1.png,"Sports - Baseball 8 8 (1,371) (25.94) (10,770.82) 190 190 958 (113.64) 1.29 190 190 47,133 28.03 4.59",,2026-04-08T18:40:43.826659
NV,2018-12-01,2018-12-31,monthly,ALL,TOTAL,TOTAL,,combined,parlay,968841285,298500000,298500000,,,670341285,20148750,,0.3081000000944427,31,False,False,NV_2018_12_gri.pdf,,,,4,,https://www.gaming.nv.gov/uploadedFiles/gamingnvgov/content/about/gaming-revenue/2018Dec-gri.pdf,https://www.gaming.nv.gov/about-us/gaming-revenue-information-gri/,NV/screenshots/NV_2018_12_NV_2018_12_gri_p1.png,"Sports Parlay Cards 186 186 2,985 498.80 30.81 188 188 8,059 6.31 25.46 188 188 22,907 50.87 24.08",,2026-04-08T18:40:43.826659
NV,2018-12-01,2018-12-31,monthly,ALL,TOTAL,TOTAL,,combined,other,4832831325,320900000,320900000,,,4511931325,21660750,,0.06640000000413836,31,False,False,NV_2018_12_gri.pdf,,,,4,,https://www.gaming.nv.gov/uploadedFiles/gamingnvgov/content/about/gaming-revenue/2018Dec-gri.pdf,https://www.gaming.nv.gov/about-us/gaming-revenue-information-gri/,NV/screenshots/NV_2018_12_NV_2018_12_gri_p1.png,"Other 3,209 81.31 6.64 8,363 195.38 5.81 28,907 (10.74) 5.10",,2026-04-08T18:40:43.826659
NV,2019-01-01,2019-01-31,monthly,ALL,TOTAL,TOTAL,,combined,,49748299320,1462600000,1462600000,,,48285699320,98725500,,0.02939999999983919,31,False,False,NV_2019_01_gri.pdf,,,,4,,https://www.gaming.nv.gov/uploadedFiles/gamingnvgov/content/about/gaming-revenue/2019Jan-gri.pdf,https://www.gaming.nv.gov/about-us/gaming-revenue-information-gri/,NV/screenshots/NV_2019_01_NV_2019_01_gri_p1.png,"Sports Pool (2) 197 195 14,626 (41.70) 2.94 197 193 85,910 23.73 5.24 197 191 290,589 9.25 5.71",,2026-04-08T18:40:44.782564
NV,2019-01-01,2019-01-31,monthly,ALL,TOTAL,TOTAL,,combined,football,18825665860,777500000,777500000,,,18048165860,52481250,,0.04129999999904386,31,False,False,NV_2019_01_gri.pdf,,,,4,,https://www.gaming.nv.gov/uploadedFiles/gamingnvgov/content/about/gaming-revenue/2019Jan-gri.pdf,https://www.gaming.nv.gov/about-us/gaming-revenue-information-gri/,NV/screenshots/NV_2019_01_NV_2019_01_gri_p1.png,"(2) Sports - Football 196 196 7,775 5.52 4.13 196 196 57,775 40.13 6.43 196 196 102,664 10.72 5.63",,2026-04-08T18:40:44.782564
NV,2019-01-01,2019-01-31,monthly,ALL,TOTAL,TOTAL,,combined,basketball,25671052632,585300000,585300000,,,25085752632,39507750,,0.02279999999962604,31,False,False,NV_2019_01_gri.pdf,,,,4,,https://www.gaming.nv.gov/uploadedFiles/gamingnvgov/content/about/gaming-revenue/2019Jan-gri.pdf,https://www.gaming.nv.gov/about-us/gaming-revenue-information-gri/,NV/screenshots/NV_2019_01_NV_2019_01_gri_p1.png,"Sports - Basketball 195 195 5,853 (62.00) 2.28 196 196 24,340 (26.72) 4.21 196 196 93,738 10.77 5.92",,2026-04-08T18:40:44.782564
NV,2019-01-01,2019-01-31,monthly,ALL,TOTAL,TOTAL,,combined,baseball,1557518,-109800000,-109800000,,,111357518,,,-70.49677756533151,31,False,False,NV_2019_01_gri.pdf,,,,4,,https://www.gaming.nv.gov/uploadedFiles/gamingnvgov/content/about/gaming-revenue/2019Jan-gri.pdf,https://www.gaming.nv.gov/about-us/gaming-revenue-information-gri/,NV/screenshots/NV_2019_01_NV_2019_01_gri_p1.png,"Sports - Baseball 7 7 (1,098) 11.22 (7,049.68) 77 77 (8,361) (42.82) (5,303.88) 190 190 49,808 33.84 4.75",,2026-04-08T18:40:44.782564
NV,2019-01-01,2019-01-31,monthly,ALL,TOTAL,TOTAL,,combined,parlay,272727273,-1500000,-1500000,,,274227273,,,-0.0054999999945,31,False,False,NV_2019_01_gri.pdf,,,,4,,https://www.gaming.nv.gov/uploadedFiles/gamingnvgov/content/about/gaming-revenue/2019Jan-gri.pdf,https://www.gaming.nv.gov/about-us/gaming-revenue-information-gri/,NV/screenshots/NV_2019_01_NV_2019_01_gri_p1.png,"Sports Parlay Cards 178 178 (15) (103.50) (0.55) 186 186 5,360 73.18 22.65 188 188 16,278 2.21 32.32",,2026-04-08T18:40:44.782564
NV,2019-01-01,2019-01-31,monthly,ALL,TOTAL,TOTAL,,combined,other,4897911833,211100000,211100000,,,4686811833,14249250,,0.04309999999953041,31,False,False,NV_2019_01_gri.pdf,,,,4,,https://www.gaming.nv.gov/uploadedFiles/gamingnvgov/content/about/gaming-revenue/2019Jan-gri.pdf,https://www.gaming.nv.gov/about-us/gaming-revenue-information-gri/,NV/screenshots/NV_2019_01_NV_2019_01_gri_p1.png,"Other 2,111 (26.59) 4.31 6,796 4.29 4.83 28,060 (20.65) 4.81",,2026-04-08T18:40:44.782564
NV,2019-02-01,2019-02-28,monthly,ALL,TOTAL,TOTAL,,combined,,45859154930,3581600000,3581600000,,,42277554930,241758000,,0.07809999999928041,28,False,False,NV_2019_02_gri.pdf,,,,4,,https://www.gaming.nv.gov/uploadedFiles/gamingnvgov/content/about/gaming-revenue/2019Feb-gri.pdf,https://www.gaming.nv.gov/about-us/gaming-revenue-information-gri/,NV/screenshots/NV_2019_02_NV_2019_02_gri_p1.png,"Sports Pool (2) 197 193 35,816 235.10 7.81 197 193 94,749 34.77 6.25 197 191 315,919 23.44 6.15",,2026-04-08T18:40:45.744638
NV,2019-02-01,2019-02-28,monthly,ALL,TOTAL,TOTAL,,combined,football,14286640726,1101500000,1101500000,,,13185140726,74351250,,0.07710000000177789,28,False,False,NV_2019_02_gri.pdf,,,,4,,https://www.gaming.nv.gov/uploadedFiles/gamingnvgov/content/about/gaming-revenue/2019Feb-gri.pdf,https://www.gaming.nv.gov/about-us/gaming-revenue-information-gri/,NV/screenshots/NV_2019_02_NV_2019_02_gri_p1.png,"(2) Sports - Football 195 195 11,015 (538.02) 7.71 196 196 50,468 81.18 7.58 196 196 116,320 39.94 6.41",,2026-04-08T18:40:45.744638
NV,2019-02-01,2019-02-28,monthly,ALL,TOTAL,TOTAL,,combined,basketball,25773022049,1987100000,1987100000,,,23785922049,134129250,,0.07710000000085748,28,False,False,NV_2019_02_gri.pdf,,,,4,,https://www.gaming.nv.gov/uploadedFiles/gamingnvgov/content/about/gaming-revenue/2019Feb-gri.pdf,https://www.gaming.nv.gov/about-us/gaming-revenue-information-gri/,NV/screenshots/NV_2019_02_NV_2019_02_gri_p1.png,"Sports - Basketball 193 193 19,871 68.22 7.71 196 196 33,484 (12.69) 4.90 196 196 101,826 19.97 6.26",,2026-04-08T18:40:45.744638
NV,2019-02-01,2019-02-28,monthly,ALL,TOTAL,TOTAL,,combined,baseball,118983957,-26700000,-26700000,,,145683957,,,-0.2244000004135011,28,False,False,NV_2019_02_gri.pdf,,,,4,,https://www.gaming.nv.gov/uploadedFiles/gamingnvgov/content/about/gaming-revenue/2019Feb-gri.pdf,https://www.gaming.nv.gov/about-us/gaming-revenue-information-gri/,NV/screenshots/NV_2019_02_NV_2019_02_gri_p1.png,"Sports - Baseball 166 166 (267) 19.92 (22.44) 168 168 (2,727) (10.93) (223.59) 196 196 49,773 32.77 4.74",,2026-04-08T18:40:45.744638
NV,2019-02-01,2019-02-28,monthly,ALL,TOTAL,TOTAL,,combined,parlay,183499289,51600000,51600000,,,131899289,3483000,,0.28119999963596587,28,False,False,NV_2019_02_gri.pdf,,,,4,,https://www.gaming.nv.gov/uploadedFiles/gamingnvgov/content/about/gaming-revenue/2019Feb-gri.pdf,https://www.gaming.nv.gov/about-us/gaming-revenue-information-gri/,NV/screenshots/NV_2019_02_NV_2019_02_gri_p1.png,"Sports Parlay Cards 175 175 516 378.08 28.12 191 191 3,508 261.55 24.65 193 193 16,709 11.70 33.22",,2026-04-08T18:40:45.744638
NV,2019-02-01,2019-02-28,monthly,ALL,TOTAL,TOTAL,,combined,other,5487690504,468100000,468100000,,,5019590504,31596750,,0.0853000000016036,28,False,False,NV_2019_02_gri.pdf,,,,4,,https://www.gaming.nv.gov/uploadedFiles/gamingnvgov/content/about/gaming-revenue/2019Feb-gri.pdf,https://www.gaming.nv.gov/about-us/gaming-revenue-information-gri/,NV/screenshots/NV_2019_02_NV_2019_02_gri_p1.png,"Other 4,681 210.98 8.53 10,015 61.88 6.58 31,254 (11.61) 5.26",,2026-04-08T18:40:45.744638
NV,2019-03-01,2019-03-31,monthly,ALL,TOTAL,TOTAL,,combined,,59675229358,3252300000,3252300000,,,56422929358,219530250,,0.05449999999981567,31,False,False,NV_2019_03_gri.pdf,,,,4,,https://www.gaming.nv.gov/uploadedFiles/gamingnvgov/content/about/gaming-revenue/2019Mar-gri.pdf,https://www.gaming.nv.gov/about-us/gaming-revenue-information-gri/,NV/screenshots/NV_2019_03_NV_2019_03_gri_p1.png,"Sports Pool (2) 197 192 32,523 (4.79) 5.45 197 192 83,166 18.92 5.36 197 191 314,282 21.51 6.03",,2026-04-08T18:40:46.599577
NV,2019-03-01,2019-03-31,monthly,ALL,TOTAL,TOTAL,,combined,football,141071738,-1220200000,-1220200000,,,1361271738,,,-8.649500015375157,31,False,False,NV_2019_03_gri.pdf,,,,4,,https://www.gaming.nv.gov/uploadedFiles/gamingnvgov/content/about/gaming-revenue/2019Mar-gri.pdf,https://www.gaming.nv.gov/about-us/gaming-revenue-information-gri/,NV/screenshots/NV_2019_03_NV_2019_03_gri_p1.png,"(2) Sports - Football 146 146 (12,202) 10.31 (864.95) 196 196 6,713 (208.13) 2.02 196 196 115,179 35.36 6.34",,2026-04-08T18:40:46.599577
NV,2019-03-01,2019-03-31,monthly,ALL,TOTAL,TOTAL,,combined,basketball,49546478873,3517800000,3517800000,,,46028678873,237451500,,0.07100000000034311,31,False,False,NV_2019_03_gri.pdf,,,,4,,https://www.gaming.nv.gov/uploadedFiles/gamingnvgov/content/about/gaming-revenue/2019Mar-gri.pdf,https://www.gaming.nv.gov/about-us/gaming-revenue-information-gri/,NV/screenshots/NV_2019_03_NV_2019_03_gri_p1.png,"Sports - Basketball 189 189 35,178 (14.28) 7.10 195 195 60,932 (10.73) 6.04 196 196 95,964 13.38 5.74",,2026-04-08T18:40:46.599577
NV,2019-03-01,2019-03-31,monthly,ALL,TOTAL,TOTAL,,combined,baseball,3153846154,348500000,348500000,,,2805346154,23523750,,0.11049999999460976,31,False,False,NV_2019_03_gri.pdf,,,,4,,https://www.gaming.nv.gov/uploadedFiles/gamingnvgov/content/about/gaming-revenue/2019Mar-gri.pdf,https://www.gaming.nv.gov/about-us/gaming-revenue-information-gri/,NV/screenshots/NV_2019_03_NV_2019_03_gri_p1.png,"Sports - Baseball 188 188 3,485 63.39 11.05 189 189 2,129 130.79 6.50 196 196 51,126 30.24 4.80",,2026-04-08T18:40:46.599577
NV,2019-03-01,2019-03-31,monthly,ALL,TOTAL,TOTAL,,combined,parlay,105040038,22300000,22300000,,,82740038,1505250,,0.2122999993583399,31,False,False,NV_2019_03_gri.pdf,,,,4,,https://www.gaming.nv.gov/uploadedFiles/gamingnvgov/content/about/gaming-revenue/2019Mar-gri.pdf,https://www.gaming.nv.gov/about-us/gaming-revenue-information-gri/,NV/screenshots/NV_2019_03_NV_2019_03_gri_p1.png,"Sports Parlay Cards 157 157 223 (65.25) 21.23 184 184 746 (36.64) 13.34 193 193 16,291 8.15 32.69",,2026-04-08T18:40:46.599577
NV,2019-03-01,2019-03-31,monthly,ALL,TOTAL,TOTAL,,combined,other,6758101852,583900000,583900000,,,6174201852,39413250,,0.08639999999810598,31,False,False,NV_2019_03_gri.pdf,,,,4,,https://www.gaming.nv.gov/uploadedFiles/gamingnvgov/content/about/gaming-revenue/2019Mar-gri.pdf,https://www.gaming.nv.gov/about-us/gaming-revenue-information-gri/,NV/screenshots/NV_2019_03_NV_2019_03_gri_p1.png,"Other 5,839 314.85 8.64 12,646 118.43 7.38 35,687 3.48 5.88",,2026-04-08T18:40:46.599577
NV,2019-04-01,2019-04-30,monthly,ALL,TOTAL,TOTAL,,combined,,32812121212,2165600000,2165600000,,,30646521212,146178000,,0.06600000000024381,30,False,False,NV_2019_04_gri.pdf,,,,4,,https://www.gaming.nv.gov/uploadedFiles/gamingnvgov/content/about/gaming-revenue/2019Apr-gri.pdf,https://www.gaming.nv.gov/about-us/gaming-revenue-information-gri/,NV/screenshots/NV_2019_04_NV_2019_04_gri_p1.png,"Sports Pool (2) 197 192 21,656 32.68 6.60 197 192 89,995 47.12 6.51 197 191 319,616 22.99 6.12",,2026-04-08T18:40:47.576331
NV,2019-04-01,2019-04-30,monthly,ALL,TOTAL,TOTAL,,combined,football,43429058,-479700000,-479700000,,,523129058,,,-11.04559992989026,30,False,False,NV_2019_04_gri.pdf,,,,4,,https://www.gaming.nv.gov/uploadedFiles/gamingnvgov/content/about/gaming-revenue/2019Apr-gri.pdf,https://www.gaming.nv.gov/about-us/gaming-revenue-information-gri/,NV/screenshots/NV_2019_04_NV_2019_04_gri_p1.png,"(2) Sports - Football 99 99 (4,797) 22.55 (1,104.56) 195 195 (6,326) (63.83) (4.37) 196 196 113,955 32.63 6.27",,2026-04-08T18:40:47.576331
NV,2019-04-01,2019-04-30,monthly,ALL,TOTAL,TOTAL,,combined,basketball,12990049751,783300000,783300000,,,12206749751,52872750,,0.060300000001131636,30,False,False,NV_2019_04_gri.pdf,,,,4,,https://www.gaming.nv.gov/uploadedFiles/gamingnvgov/content/about/gaming-revenue/2019Apr-gri.pdf,https://www.gaming.nv.gov/about-us/gaming-revenue-information-gri/,NV/screenshots/NV_2019_04_NV_2019_04_gri_p1.png,"Sports - Basketball 193 193 7,833 (14.58) 6.03 194 194 64,237 3.57 7.25 196 196 95,982 6.71 5.71",,2026-04-08T18:40:47.576331
NV,2019-04-01,2019-04-30,monthly,ALL,TOTAL,TOTAL,,combined,baseball,13570460705,1001500000,1001500000,,,12568960705,67601250,,0.073799999997863,30,False,False,NV_2019_04_gri.pdf,,,,4,,https://www.gaming.nv.gov/uploadedFiles/gamingnvgov/content/about/gaming-revenue/2019Apr-gri.pdf,https://www.gaming.nv.gov/about-us/gaming-revenue-information-gri/,NV/screenshots/NV_2019_04_NV_2019_04_gri_p1.png,"Sports - Baseball 189 189 10,015 41.88 7.38 189 189 12,182 35.82 7.39 196 196 53,031 46.68 4.97",,2026-04-08T18:40:47.576331
NV,2019-04-01,2019-04-30,monthly,ALL,TOTAL,TOTAL,,combined,parlay,17310253,1300000,1300000,,,16010253,87750,,0.07509999998266922,30,False,False,NV_2019_04_gri.pdf,,,,4,,https://www.gaming.nv.gov/uploadedFiles/gamingnvgov/content/about/gaming-revenue/2019Apr-gri.pdf,https://www.gaming.nv.gov/about-us/gaming-revenue-information-gri/,NV/screenshots/NV_2019_04_NV_2019_04_gri_p1.png,"Sports Parlay Cards 38 38 13 (92.17) 7.51 176 176 810 (11.18) 26.53 193 193 16,199 7.76 32.86",,2026-04-08T18:40:47.576331
NV,2019-04-01,2019-04-30,monthly,ALL,TOTAL,TOTAL,,combined,other,6181294964,859200000,859200000,,,5322094964,57996000,,0.1390000000006471,30,False,False,NV_2019_04_gri.pdf,,,,4,,https://www.gaming.nv.gov/uploadedFiles/gamingnvgov/content/about/gaming-revenue/2019Apr-gri.pdf,https://www.gaming.nv.gov/about-us/gaming-revenue-information-gri/,NV/screenshots/NV_2019_04_NV_2019_04_gri_p1.png,"Other 8,592 123.52 13.90 19,092 182.55 10.36 40,322 23.26 6.63",,2026-04-08T18:40:47.576331
NV,2019-05-01,2019-05-31,monthly,ALL,TOTAL,TOTAL,,combined,,31738028169,1126700000,1126700000,,,30611328169,76052250,,0.035500000000015755,31,False,False,NV_2019_05_gri.pdf,,,,4,,https://www.gaming.nv.gov/uploadedFiles/gamingnvgov/content/about/gaming-revenue/2019May-gri.pdf,https://www.gaming.nv.gov/about-us/gaming-revenue-information-gri/,NV/screenshots/NV_2019_05_NV_2019_05_gri_p1.png,"Sports Pool (2) 197 191 11,267 (45.14) 3.55 197 191 65,446 (7.85) 5.27 197 191 310,347 11.86 5.94",,2026-04-08T18:40:48.497912
NV,2019-05-01,2019-05-31,monthly,ALL,TOTAL,TOTAL,,combined,football,30364322,-241700000,-241700000,,,272064322,,,-7.95999989724783,31,False,False,NV_2019_05_gri.pdf,,,,4,,https://www.gaming.nv.gov/uploadedFiles/gamingnvgov/content/about/gaming-revenue/2019May-gri.pdf,https://www.gaming.nv.gov/about-us/gaming-revenue-information-gri/,NV/screenshots/NV_2019_05_NV_2019_05_gri_p1.png,"(2) Sports - Football 75 75 (2,417) (739.93) (796.00) 164 164 (19,758) 35.34 (919.53) 196 196 111,161 26.42 6.12",,2026-04-08T18:40:48.497912
NV,2019-05-01,2019-05-31,monthly,ALL,TOTAL,TOTAL,,combined,basketball,8784046693,451500000,451500000,,,8332546693,30476250,,0.051399999997700375,31,False,False,NV_2019_05_gri.pdf,,,,4,,https://www.gaming.nv.gov/uploadedFiles/gamingnvgov/content/about/gaming-revenue/2019May-gri.pdf,https://www.gaming.nv.gov/about-us/gaming-revenue-information-gri/,NV/screenshots/NV_2019_05_NV_2019_05_gri_p1.png,"Sports - Basketball 192 192 4,515 (50.29) 5.14 194 194 48,881 (17.56) 6.82 196 196 91,415 (11.62) 5.52",,2026-04-08T18:40:48.497912
NV,2019-05-01,2019-05-31,monthly,ALL,TOTAL,TOTAL,,combined,baseball,18282352941,777000000,777000000,,,17505352941,52447500,,0.04250000000041023,31,False,False,NV_2019_05_gri.pdf,,,,4,,https://www.gaming.nv.gov/uploadedFiles/gamingnvgov/content/about/gaming-revenue/2019May-gri.pdf,https://www.gaming.nv.gov/about-us/gaming-revenue-information-gri/,NV/screenshots/NV_2019_05_NV_2019_05_gri_p1.png,"Sports - Baseball 188 188 7,770 (29.02) 4.25 189 189 20,219 0.40 5.84 196 196 49,854 23.13 4.54",,2026-04-08T18:40:48.497912
NV,2019-05-01,2019-05-31,monthly,ALL,TOTAL,TOTAL,,combined,parlay,14519056,7200000,7200000,,,7319056,486000,,0.4959000089262002,31,False,False,NV_2019_05_gri.pdf,,,,4,,https://www.gaming.nv.gov/uploadedFiles/gamingnvgov/content/about/gaming-revenue/2019May-gri.pdf,https://www.gaming.nv.gov/about-us/gaming-revenue-information-gri/,NV/screenshots/NV_2019_05_NV_2019_05_gri_p1.png,"Sports Parlay Cards 38 38 72 (62.98) 49.59 157 157 366 (63.31) 26.84 193 193 16,077 5.20 32.62",,2026-04-08T18:40:48.497912
NV,2019-05-01,2019-05-31,monthly,ALL,TOTAL,TOTAL,,combined,other,4639860140,132700000,132700000,,,4507160140,8957250,,0.028599999999137905,31,False,False,NV_2019_05_gri.pdf,,,,4,,https://www.gaming.nv.gov/uploadedFiles/gamingnvgov/content/about/gaming-revenue/2019May-gri.pdf,https://www.gaming.nv.gov/about-us/gaming-revenue-information-gri/,NV/screenshots/NV_2019_05_NV_2019_05_gri_p1.png,"Other 1,327 (2,199.09) 2.86 15,738 203.33 8.96 41,713 38.08 6.93",,2026-04-08T18:40:48.497912
NV,2019-06-01,2019-06-30,monthly,ALL,TOTAL,TOTAL,,combined,,32207766990,1658700000,1658700000,,,30549066990,111962250,,0.05150000000046573,30,False,False,NV_2019_06_gri.pdf,,,,4,,https://www.gaming.nv.gov/uploadedFiles/gamingnvgov/content/about/gaming-revenue/2019Jun-gri.pdf,https://www.gaming.nv.gov/about-us/gaming-revenue-information-gri/,NV/screenshots/NV_2019_06_NV_2019_06_gri_p1.png,"Sports Pool (2) 195 191 16,587 (18.14) 5.15 198 191 49,510 (13.32) 5.12 198 191 306,671 8.81 5.83",,2026-04-08T18:40:49.475322
NV,2019-06-01,2019-06-30,monthly,ALL,TOTAL,TOTAL,,combined,football,105184941,-63700000,-63700000,,,168884941,,,-0.6055999974368954,30,False,False,NV_2019_06_gri.pdf,,,,4,,https://www.gaming.nv.gov/uploadedFiles/gamingnvgov/content/about/gaming-revenue/2019Jun-gri.pdf,https://www.gaming.nv.gov/about-us/gaming-revenue-information-gri/,NV/screenshots/NV_2019_06_NV_2019_06_gri_p1.png,"(2) Sports - Football 163 163 (637) 127.23 (60.56) 173 173 (7,851) 105.68 (438.59) 196 196 110,804 26.38 6.10",,2026-04-08T18:40:49.475322
NV,2019-06-01,2019-06-30,monthly,ALL,TOTAL,TOTAL,,combined,basketball,5141304348,94600000,94600000,,,5046704348,6385500,,0.01839999999937759,30,False,False,NV_2019_06_gri.pdf,,,,4,,https://www.gaming.nv.gov/uploadedFiles/gamingnvgov/content/about/gaming-revenue/2019Jun-gri.pdf,https://www.gaming.nv.gov/about-us/gaming-revenue-information-gri/,NV/screenshots/NV_2019_06_NV_2019_06_gri_p1.png,"Sports - Basketball 190 190 946 (275.91) 1.84 195 195 13,294 (24.95) 4.94 196 196 92,899 (9.71) 5.54",,2026-04-08T18:40:49.475322
NV,2019-06-01,2019-06-30,monthly,ALL,TOTAL,TOTAL,,combined,baseball,20874100719,1160600000,1160600000,,,19713500719,78340500,,0.055600000001130585,30,False,False,NV_2019_06_gri.pdf,,,,4,,https://www.gaming.nv.gov/uploadedFiles/gamingnvgov/content/about/gaming-revenue/2019Jun-gri.pdf,https://www.gaming.nv.gov/about-us/gaming-revenue-information-gri/,NV/screenshots/NV_2019_06_NV_2019_06_gri_p1.png,"Sports - Baseball 188 188 11,606 (8.31) 5.56 191 191 29,391 (4.15) 5.57 196 196 48,802 27.57 4.36",,2026-04-08T18:40:49.475322
NV,2019-06-01,2019-06-30,monthly,ALL,TOTAL,TOTAL,,combined,parlay,11989509,6400000,6400000,,,5589509,432000,,0.5338000079903189,30,False,False,NV_2019_06_gri.pdf,,,,4,,https://www.gaming.nv.gov/uploadedFiles/gamingnvgov/content/about/gaming-revenue/2019Jun-gri.pdf,https://www.gaming.nv.gov/about-us/gaming-revenue-information-gri/,NV/screenshots/NV_2019_06_NV_2019_06_gri_p1.png,"Sports Parlay Cards 38 38 64 (35.77) 53.38 39 39 148 (67.48) 34.17 193 193 16,042 5.91 32.56",,2026-04-08T18:40:49.475322
NV,2019-06-01,2019-06-30,monthly,ALL,TOTAL,TOTAL,,combined,other,6072463768,460900000,460900000,,,5611563768,31110750,,0.07590000000144917,30,False,False,NV_2019_06_gri.pdf,,,,4,,https://www.gaming.nv.gov/uploadedFiles/gamingnvgov/content/about/gaming-revenue/2019Jun-gri.pdf,https://www.gaming.nv.gov/about-us/gaming-revenue-information-gri/,NV/screenshots/NV_2019_06_NV_2019_06_gri_p1.png,"Other 4,609 (44.63) 7.59 14,528 20.02 8.60 37,998 0.57 6.35",,2026-04-08T18:40:49.475322
NV,2019-07-01,2019-07-31,monthly,ALL,TOTAL,TOTAL,,combined,,23565995526,1053400000,1053400000,,,22512595526,71104500,,0.04469999999948231,31,False,False,NV_2019_07_gri.pdf,,,,4,,https://www.gaming.nv.gov/uploadedFiles/gamingnvgov/content/about/gaming-revenue/2019Jul-gri.pdf,https://www.gaming.nv.gov/about-us/gaming-revenue-information-gri/,NV/screenshots/NV_2019_07_NV_2019_07_gri_p1.png,"Sports Pool (2) 196 191 10,534 154.77 4.47 201 191 38,393 (14.56) 4.39 201 191 313,075 9.68 5.96",,2026-04-08T18:40:50.449286
NV,2019-07-01,2019-07-31,monthly,ALL,TOTAL,TOTAL,,combined,football,225806452,-18200000,-18200000,,,244006452,,,-0.08059999986182857,31,False,False,NV_2019_07_gri.pdf,,,,4,,https://www.gaming.nv.gov/uploadedFiles/gamingnvgov/content/about/gaming-revenue/2019Jul-gri.pdf,https://www.gaming.nv.gov/about-us/gaming-revenue-information-gri/,NV/screenshots/NV_2019_07_NV_2019_07_gri_p1.png,"(2) Sports - Football 174 174 (182) (146.83) (8.06) 183 183 (3,236) (765.07) (89.42) 200 200 110,232 26.07 6.07",,2026-04-08T18:40:50.449286
NV,2019-07-01,2019-07-31,monthly,ALL,TOTAL,TOTAL,,combined,basketball,1610469592,-209200000,-209200000,,,1819669592,,,-0.12989999999950325,31,False,False,NV_2019_07_gri.pdf,,,,4,,https://www.gaming.nv.gov/uploadedFiles/gamingnvgov/content/about/gaming-revenue/2019Jul-gri.pdf,https://www.gaming.nv.gov/about-us/gaming-revenue-information-gri/,NV/screenshots/NV_2019_07_NV_2019_07_gri_p1.png,"Sports - Basketball 184 184 (2,092) (37.40) (12.99) 198 198 3,287 (36.82) 2.10 200 200 94,066 (9.11) 5.60",,2026-04-08T18:40:50.449286
NV,2019-07-01,2019-07-31,monthly,ALL,TOTAL,TOTAL,,combined,baseball,17481707317,860100000,860100000,,,16621607317,58056750,,0.049200000000205926,31,False,False,NV_2019_07_gri.pdf,,,,4,,https://www.gaming.nv.gov/uploadedFiles/gamingnvgov/content/about/gaming-revenue/2019Jul-gri.pdf,https://www.gaming.nv.gov/about-us/gaming-revenue-information-gri/,NV/screenshots/NV_2019_07_NV_2019_07_gri_p1.png,"Sports - Baseball 190 190 8,601 102.03 4.92 195 195 28,226 1.31 4.94 200 200 53,395 30.81 4.76",,2026-04-08T18:40:50.449286
NV,2019-07-01,2019-07-31,monthly,ALL,TOTAL,TOTAL,,combined,parlay,11418376,6400000,6400000,,,5018376,432000,,0.5605000220696884,31,False,False,NV_2019_07_gri.pdf,,,,4,,https://www.gaming.nv.gov/uploadedFiles/gamingnvgov/content/about/gaming-revenue/2019Jul-gri.pdf,https://www.gaming.nv.gov/about-us/gaming-revenue-information-gri/,NV/screenshots/NV_2019_07_NV_2019_07_gri_p1.png,"Sports Parlay Cards 41 41 64 4.73 56.05 42 42 199 (43.71) 52.73 195 195 16,044 5.76 32.57",,2026-04-08T18:40:50.449286
NV,2019-07-01,2019-07-31,monthly,ALL,TOTAL,TOTAL,,combined,other,4266735324,414300000,414300000,,,3852435324,27965250,,0.0971000000092811,31,False,False,NV_2019_07_gri.pdf,,,,4,,https://www.gaming.nv.gov/uploadedFiles/gamingnvgov/content/about/gaming-revenue/2019Jul-gri.pdf,https://www.gaming.nv.gov/about-us/gaming-revenue-information-gri/,NV/screenshots/NV_2019_07_NV_2019_07_gri_p1.png,"Other 4,143 49.67 9.71 9,916 (10.09) 6.91 39,211 2.03 6.75",,2026-04-08T18:40:50.449286
NV,2019-08-01,2019-08-31,monthly,ALL,TOTAL,TOTAL,,combined,,28775729647,1873300000,1873300000,,,26902429647,126447750,,0.0650999999993154,31,False,False,NV_2019_08_gri.pdf,,,,4,,https://www.gaming.nv.gov/uploadedFiles/gamingnvgov/content/about/gaming-revenue/2019Aug-gri.pdf,https://www.gaming.nv.gov/about-us/gaming-revenue-information-gri/,NV/screenshots/NV_2019_08_NV_2019_08_gri_p1.png,"Sports Pool (2) 195 191 18,733 48.72 6.51 198 191 45,850 23.98 5.42 201 191 319,166 21.21 6.03",,2026-04-08T18:40:51.441426
NV,2019-08-01,2019-08-31,monthly,ALL,TOTAL,TOTAL,,combined,football,7232000000,1265600000,1265600000,,,5966400000,85428000,,0.175,31,False,False,NV_2019_08_gri.pdf,,,,4,,https://www.gaming.nv.gov/uploadedFiles/gamingnvgov/content/about/gaming-revenue/2019Aug-gri.pdf,https://www.gaming.nv.gov/about-us/gaming-revenue-information-gri/,NV/screenshots/NV_2019_08_NV_2019_08_gri_p1.png,"(2) Sports - Football 189 189 12,656 102.48 17.50 191 191 11,836 86.13 15.65 200 200 116,638 33.96 6.31",,2026-04-08T18:40:51.441426
NV,2019-08-01,2019-08-31,monthly,ALL,TOTAL,TOTAL,,combined,basketball,560723514,-86800000,-86800000,,,647523514,,,-0.15480000005849584,31,False,False,NV_2019_08_gri.pdf,,,,4,,https://www.gaming.nv.gov/uploadedFiles/gamingnvgov/content/about/gaming-revenue/2019Aug-gri.pdf,https://www.gaming.nv.gov/about-us/gaming-revenue-information-gri/,NV/screenshots/NV_2019_08_NV_2019_08_gri_p1.png,"Sports - Basketball 182 182 (868) (15.04) (15.48) 195 195 (2,096) (57.23) (2.83) 200 200 94,220 (9.23) 5.61",,2026-04-08T18:40:51.441426
NV,2019-08-01,2019-08-31,monthly,ALL,TOTAL,TOTAL,,combined,baseball,17893048128,669200000,669200000,,,17223848128,45171000,,0.03740000000071536,31,False,False,NV_2019_08_gri.pdf,,,,4,,https://www.gaming.nv.gov/uploadedFiles/gamingnvgov/content/about/gaming-revenue/2019Aug-gri.pdf,https://www.gaming.nv.gov/about-us/gaming-revenue-information-gri/,NV/screenshots/NV_2019_08_NV_2019_08_gri_p1.png,"Sports - Baseball 189 189 6,692 (24.55) 3.74 193 193 27,148 5.29 4.78 200 200 51,218 24.68 4.57",,2026-04-08T18:40:51.441426
NV,2019-08-01,2019-08-31,monthly,ALL,TOTAL,TOTAL,,combined,parlay,71861350,51000000,51000000,,,20861350,3442500,,0.7096999986780098,31,False,False,NV_2019_08_gri.pdf,,,,4,,https://www.gaming.nv.gov/uploadedFiles/gamingnvgov/content/about/gaming-revenue/2019Aug-gri.pdf,https://www.gaming.nv.gov/about-us/gaming-revenue-information-gri/,NV/screenshots/NV_2019_08_NV_2019_08_gri_p1.png,"Sports Parlay Cards 166 166 510 207.86 70.97 166 166 638 95.69 66.98 195 195 16,389 8.64 32.96",,2026-04-08T18:40:51.441426
NV,2019-08-01,2019-08-31,monthly,ALL,TOTAL,TOTAL,,combined,other,3023529412,-25700000,-25700000,,,3049229412,,,-0.008499999999338521,31,False,False,NV_2019_08_gri.pdf,,,,4,,https://www.gaming.nv.gov/uploadedFiles/gamingnvgov/content/about/gaming-revenue/2019Aug-gri.pdf,https://www.gaming.nv.gov/about-us/gaming-revenue-information-gri/,NV/screenshots/NV_2019_08_NV_2019_08_gri_p1.png,"Other (257) (84.60) (0.85) 8,324 (11.57) 6.53 40,576 150.36 6.89",,2026-04-08T18:40:51.441426
NV,2019-09-01,2019-09-30,monthly,ALL,TOTAL,TOTAL,,combined,,54635886674,5206800000,5206800000,,,49429086674,351459000,,0.09529999999941065,30,False,False,NV_2019_09_gri.pdf,,,,4,,https://www.gaming.nv.gov/uploadedFiles/gamingnvgov/content/about/gaming-revenue/2019Sep-gri.pdf,https://www.gaming.nv.gov/about-us/gaming-revenue-information-gri/,NV/screenshots/NV_2019_09_NV_2019_09_gri_p1.png,"Sports Pool (2) 195 191 52,068 (7.62) 9.53 196 191 81,335 11.27 7.60 201 191 314,868 14.33 5.98",,2026-04-08T18:40:52.291558
NV,2019-09-01,2019-09-30,monthly,ALL,TOTAL,TOTAL,,combined,football,37746859903,3906800000,3906800000,,,33840059903,263709000,,0.10350000000104645,30,False,False,NV_2019_09_gri.pdf,,,,4,,https://www.gaming.nv.gov/uploadedFiles/gamingnvgov/content/about/gaming-revenue/2019Sep-gri.pdf,https://www.gaming.nv.gov/about-us/gaming-revenue-information-gri/,NV/screenshots/NV_2019_09_NV_2019_09_gri_p1.png,"(2) Sports - Football 188 188 39,068 (11.90) 10.35 189 189 51,541 1.10 11.40 200 200 111,363 22.79 6.06",,2026-04-08T18:40:52.291558
NV,2019-09-01,2019-09-30,monthly,ALL,TOTAL,TOTAL,,combined,basketball,398427261,-91200000,-91200000,,,489627261,,,-0.22889999989232665,30,False,False,NV_2019_09_gri.pdf,,,,4,,https://www.gaming.nv.gov/uploadedFiles/gamingnvgov/content/about/gaming-revenue/2019Sep-gri.pdf,https://www.gaming.nv.gov/about-us/gaming-revenue-information-gri/,NV/screenshots/NV_2019_09_NV_2019_09_gri_p1.png,"Sports - Basketball 177 177 (912) 69.71 (22.89) 187 187 (3,872) (20.99) (15.07) 200 200 93,845 (9.67) 5.58",,2026-04-08T18:40:52.291558
NV,2019-09-01,2019-09-30,monthly,ALL,TOTAL,TOTAL,,combined,baseball,12242765273,761500000,761500000,,,11481265273,51401250,,0.06220000000158461,30,False,False,NV_2019_09_gri.pdf,,,,4,,https://www.gaming.nv.gov/uploadedFiles/gamingnvgov/content/about/gaming-revenue/2019Sep-gri.pdf,https://www.gaming.nv.gov/about-us/gaming-revenue-information-gri/,NV/screenshots/NV_2019_09_NV_2019_09_gri_p1.png,"Sports - Baseball 189 189 7,615 79.22 6.22 190 190 22,908 31.84 4.81 200 200 54,584 31.13 4.91",,2026-04-08T18:40:52.291558
NV,2019-09-01,2019-09-30,monthly,ALL,TOTAL,TOTAL,,combined,parlay,1171669186,542600000,542600000,,,629069186,36625500,,0.4630999999687625,30,False,False,NV_2019_09_gri.pdf,,,,4,,https://www.gaming.nv.gov/uploadedFiles/gamingnvgov/content/about/gaming-revenue/2019Sep-gri.pdf,https://www.gaming.nv.gov/about-us/gaming-revenue-information-gri/,NV/screenshots/NV_2019_09_NV_2019_09_gri_p1.png,"Sports Parlay Cards 180 180 5,426 (20.25) 46.31 180 180 6,000 (14.65) 47.81 195 195 15,012 (6.68) 29.89",,2026-04-08T18:40:52.291558
NV,2019-09-01,2019-09-30,monthly,ALL,TOTAL,TOTAL,,combined,other,3059649123,87200000,87200000,,,2972449123,5886000,,0.028499999998202408,30,False,False,NV_2019_09_gri.pdf,,,,4,,https://www.gaming.nv.gov/uploadedFiles/gamingnvgov/content/about/gaming-revenue/2019Sep-gri.pdf,https://www.gaming.nv.gov/about-us/gaming-revenue-information-gri/,NV/screenshots/NV_2019_09_NV_2019_09_gri_p1.png,"Other 872 (42.15) 2.85 4,759 82.41 4.60 39,939 73.12 6.88",,2026-04-08T18:40:52.291558
NV,2019-10-01,2019-10-31,monthly,ALL,TOTAL,TOTAL,,combined,,54355278093,4788700000,4788700000,,,49566578093,323237250,,0.08810000000012326,31,False,False,NV_2019_10_gri.pdf,,,,4,,https://www.gaming.nv.gov/uploadedFiles/gamingnvgov/content/about/gaming-revenue/2019Oct-gri.pdf,https://www.gaming.nv.gov/about-us/gaming-revenue-information-gri/,NV/screenshots/NV_2019_10_NV_2019_10_gri_p1.png,"Sports Pool (2) 194 191 47,887 61.68 8.81 195 191 118,689 20.40 8.61 201 191 333,142 21.77 6.31",,2026-04-08T18:40:53.288281
NV,2019-10-01,2019-10-31,monthly,ALL,TOTAL,TOTAL,,combined,football,35566576087,2617700000,2617700000,,,32948876087,176694750,,0.07359999999991003,31,False,False,NV_2019_10_gri.pdf,,,,4,,https://www.gaming.nv.gov/uploadedFiles/gamingnvgov/content/about/gaming-revenue/2019Oct-gri.pdf,https://www.gaming.nv.gov/about-us/gaming-revenue-information-gri/,NV/screenshots/NV_2019_10_NV_2019_10_gri_p1.png,"(2) Sports - Football 189 189 26,177 131.63 7.36 189 189 77,901 25.86 9.67 200 200 126,239 46.59 6.82",,2026-04-08T18:40:53.288281
NV,2019-10-01,2019-10-31,monthly,ALL,TOTAL,TOTAL,,combined,basketball,3611224490,353900000,353900000,,,3257324490,23888250,,0.09799999999446171,31,False,False,NV_2019_10_gri.pdf,,,,4,,https://www.gaming.nv.gov/uploadedFiles/gamingnvgov/content/about/gaming-revenue/2019Oct-gri.pdf,https://www.gaming.nv.gov/about-us/gaming-revenue-information-gri/,NV/screenshots/NV_2019_10_NV_2019_10_gri_p1.png,"Sports - Basketball 188 188 3,539 (5.16) 9.80 188 188 1,759 (19.03) 3.85 200 200 93,653 (8.73) 5.62",,2026-04-08T18:40:53.288281
NV,2019-10-01,2019-10-31,monthly,ALL,TOTAL,TOTAL,,combined,baseball,8298626175,1147700000,1147700000,,,7150926175,77469750,,0.13829999999969875,31,False,False,NV_2019_10_gri.pdf,,,,4,,https://www.gaming.nv.gov/uploadedFiles/gamingnvgov/content/about/gaming-revenue/2019Oct-gri.pdf,https://www.gaming.nv.gov/about-us/gaming-revenue-information-gri/,NV/screenshots/NV_2019_10_NV_2019_10_gri_p1.png,"Sports - Baseball 190 190 11,477 39.62 13.83 191 191 25,784 20.83 6.71 197 197 57,841 32.82 5.16",,2026-04-08T18:40:53.288281
NV,2019-10-01,2019-10-31,monthly,ALL,TOTAL,TOTAL,,combined,parlay,1073994766,451400000,451400000,,,622594766,30469500,,0.42029999986052075,31,False,False,NV_2019_10_gri.pdf,,,,4,,https://www.gaming.nv.gov/uploadedFiles/gamingnvgov/content/about/gaming-revenue/2019Oct-gri.pdf,https://www.gaming.nv.gov/about-us/gaming-revenue-information-gri/,NV/screenshots/NV_2019_10_NV_2019_10_gri_p1.png,"Sports Parlay Cards 177 177 4,514 68.20 42.03 182 182 10,450 8.26 45.09 195 195 16,842 20.19 33.50",,2026-04-08T18:40:53.288281
NV,2019-10-01,2019-10-31,monthly,ALL,TOTAL,TOTAL,,combined,other,5841823056,217900000,217900000,,,5623923056,14708250,,0.03730000000191721,31,False,False,NV_2019_10_gri.pdf,,,,4,,https://www.gaming.nv.gov/uploadedFiles/gamingnvgov/content/about/gaming-revenue/2019Oct-gri.pdf,https://www.gaming.nv.gov/about-us/gaming-revenue-information-gri/,NV/screenshots/NV_2019_10_NV_2019_10_gri_p1.png,"Other 2,179 (40.79) 3.73 2,795 (20.72) 2.34 38,453 41.20 6.55",,2026-04-08T18:40:53.288281
NV,2019-11-01,2019-11-30,monthly,ALL,TOTAL,TOTAL,,combined,,61411881188,3101300000,3101300000,,,58310581188,209337750,,0.0505000000000977,30,False,False,NV_2019_11_gri.pdf,,,,4,,https://www.gaming.nv.gov/uploadedFiles/gamingnvgov/content/about/gaming-revenue/2019Nov-gri.pdf,https://www.gaming.nv.gov/about-us/gaming-revenue-information-gri/,NV/screenshots/NV_2019_11_NV_2019_11_gri_p1.png,"Sports Pool (2) 192 191 31,013 14.30 5.05 195 191 130,970 15.78 7.69 201 191 336,917 15.80 6.35",,2026-04-08T18:40:54.221369
NV,2019-11-01,2019-11-30,monthly,ALL,TOTAL,TOTAL,,combined,football,38456410256,2249700000,2249700000,,,36206710256,151854750,,0.05850000000062408,30,False,False,NV_2019_11_gri.pdf,,,,4,,https://www.gaming.nv.gov/uploadedFiles/gamingnvgov/content/about/gaming-revenue/2019Nov-gri.pdf,https://www.gaming.nv.gov/about-us/gaming-revenue-information-gri/,NV/screenshots/NV_2019_11_NV_2019_11_gri_p1.png,"(2) Sports - Football 189 189 22,497 21.95 5.85 189 189 87,743 18.43 7.85 200 200 130,290 39.04 7.00",,2026-04-08T18:40:54.221369
NV,2019-11-01,2019-11-30,monthly,ALL,TOTAL,TOTAL,,combined,basketball,16664621677,814900000,814900000,,,15849721677,55005750,,0.04889999999968196,30,False,False,NV_2019_11_gri.pdf,,,,4,,https://www.gaming.nv.gov/uploadedFiles/gamingnvgov/content/about/gaming-revenue/2019Nov-gri.pdf,https://www.gaming.nv.gov/about-us/gaming-revenue-information-gri/,NV/screenshots/NV_2019_11_NV_2019_11_gri_p1.png,"Sports - Basketball 189 189 8,149 (24.24) 4.89 189 189 10,776 (22.76) 5.21 200 200 91,045 (14.66) 5.42",,2026-04-08T18:40:54.221369
NV,2019-11-01,2019-11-30,monthly,ALL,TOTAL,TOTAL,,combined,baseball,24028461,-618000000,-618000000,,,642028461,,,-25.719499888070235,30,False,False,NV_2019_11_gri.pdf,,,,4,,https://www.gaming.nv.gov/uploadedFiles/gamingnvgov/content/about/gaming-revenue/2019Nov-gri.pdf,https://www.gaming.nv.gov/about-us/gaming-revenue-information-gri/,NV/screenshots/NV_2019_11_NV_2019_11_gri_p1.png,"Sports - Baseball 104 104 (6,180) 4.90 (2,571.95) 191 191 12,912 96.30 6.28 197 197 57,552 16.41 5.13",,2026-04-08T18:40:54.221369
NV,2019-11-01,2019-11-30,monthly,ALL,TOTAL,TOTAL,,combined,parlay,1124038462,233800000,233800000,,,890238462,15781500,,0.20799999991459367,30,False,False,NV_2019_11_gri.pdf,,,,4,,https://www.gaming.nv.gov/uploadedFiles/gamingnvgov/content/about/gaming-revenue/2019Nov-gri.pdf,https://www.gaming.nv.gov/about-us/gaming-revenue-information-gri/,NV/screenshots/NV_2019_11_NV_2019_11_gri_p1.png,"Sports Parlay Cards 178 178 2,338 (2.16) 20.80 182 182 12,278 3.38 36.44 195 195 16,790 18.48 33.42",,2026-04-08T18:40:54.221369
NV,2019-11-01,2019-11-30,monthly,ALL,TOTAL,TOTAL,,combined,other,5137973138,420800000,420800000,,,4717173138,28404000,,0.08189999999957182,30,False,False,NV_2019_11_gri.pdf,,,,4,,https://www.gaming.nv.gov/uploadedFiles/gamingnvgov/content/about/gaming-revenue/2019Nov-gri.pdf,https://www.gaming.nv.gov/about-us/gaming-revenue-information-gri/,NV/screenshots/NV_2019_11_NV_2019_11_gri_p1.png,"Other 4,208 194.19 8.19 7,260 9.66 5.17 41,239 53.03 6.93",,2026-04-08T18:40:54.221369
NV,2019-12-01,2019-12-31,monthly,ALL,TOTAL,TOTAL,,combined,,57117924528,3632700000,3632700000,,,53485224528,245207250,,0.06360000000033615,31,False,False,NV_2019_12_gri.pdf,,,,4,,https://www.gaming.nv.gov/uploadedFiles/gamingnvgov/content/about/gaming-revenue/2019Dec-gri.pdf,https://www.gaming.nv.gov/about-us/gaming-revenue-information-gri/,NV/screenshots/NV_2019_12_NV_2019_12_gri_p1.png,"Sports Pool (2) 192 191 36,327 (17.64) 6.36 195 191 115,227 14.25 6.66 202 191 329,137 9.52 6.19",,2026-04-08T18:40:55.207320
NV,2019-12-01,2019-12-31,monthly,ALL,TOTAL,TOTAL,,combined,football,34146974063,2369800000,2369800000,,,31777174063,159961500,,0.06940000000081413,31,False,False,NV_2019_12_gri.pdf,,,,4,,https://www.gaming.nv.gov/uploadedFiles/gamingnvgov/content/about/gaming-revenue/2019Dec-gri.pdf,https://www.gaming.nv.gov/about-us/gaming-revenue-information-gri/,NV/screenshots/NV_2019_12_NV_2019_12_gri_p1.png,"(2) Sports - Football 190 189 23,698 (24.89) 6.94 190 189 72,374 18.06 6.69 201 200 122,436 19.73 6.55",,2026-04-08T18:40:55.207320
NV,2019-12-01,2019-12-31,monthly,ALL,TOTAL,TOTAL,,combined,basketball,17166153846,1115800000,1115800000,,,16050353846,75316500,,0.06500000000058254,31,False,False,NV_2019_12_gri.pdf,,,,4,,https://www.gaming.nv.gov/uploadedFiles/gamingnvgov/content/about/gaming-revenue/2019Dec-gri.pdf,https://www.gaming.nv.gov/about-us/gaming-revenue-information-gri/,NV/screenshots/NV_2019_12_NV_2019_12_gri_p1.png,"Sports - Basketball 189 188 11,158 44.34 6.50 190 189 22,846 2.82 6.10 201 200 94,472 (8.53) 5.61",,2026-04-08T18:40:55.207320
NV,2019-12-01,2019-12-31,monthly,ALL,TOTAL,TOTAL,,combined,baseball,2726723,-172300000,-172300000,,,175026723,,,-63.189403544107705,31,False,False,NV_2019_12_gri.pdf,,,,4,,https://www.gaming.nv.gov/uploadedFiles/gamingnvgov/content/about/gaming-revenue/2019Dec-gri.pdf,https://www.gaming.nv.gov/about-us/gaming-revenue-information-gri/,NV/screenshots/NV_2019_12_NV_2019_12_gri_p1.png,"Sports - Baseball 17 16 (1,723) 25.67 (6,318.94) 190 189 3,574 273.24 4.29 196 195 57,200 14.59 5.10",,2026-04-08T18:40:55.207320
NV,2019-12-01,2019-12-31,monthly,ALL,TOTAL,TOTAL,,combined,parlay,951342282,113400000,113400000,,,837942282,7654500,,0.1191999999848635,31,False,False,NV_2019_12_gri.pdf,,,,4,,https://www.gaming.nv.gov/uploadedFiles/gamingnvgov/content/about/gaming-revenue/2019Dec-gri.pdf,https://www.gaming.nv.gov/about-us/gaming-revenue-information-gri/,NV/screenshots/NV_2019_12_NV_2019_12_gri_p1.png,"Sports Parlay Cards 176 175 1,134 (62.02) 11.92 180 179 7,986 (0.90) 25.36 194 193 14,939 (10.66) 29.84",,2026-04-08T18:40:55.207320
NV,2019-12-01,2019-12-31,monthly,ALL,TOTAL,TOTAL,,combined,other,4847058824,206000000,206000000,,,4641058824,13905000,,0.04249999999587379,31,False,False,NV_2019_12_gri.pdf,,,,4,,https://www.gaming.nv.gov/uploadedFiles/gamingnvgov/content/about/gaming-revenue/2019Dec-gri.pdf,https://www.gaming.nv.gov/about-us/gaming-revenue-information-gri/,NV/screenshots/NV_2019_12_NV_2019_12_gri_p1.png,"Other 191 2,060 (35.81) 4.25 191 8,448 1.53 5.34 191 40,090 41.40 6.74",,2026-04-08T18:40:55.207320
NV,2020-01-01,2020-01-31,monthly,ALL,TOTAL,TOTAL,,online,,24582056893,1123400000,1123400000,,,23458656893,75829500,,0.04569999999958913,31,False,False,NV_2020_01_gri.pdf,,,,4,,https://www.gaming.nv.gov/uploadedFiles/gamingnvgov/content/about/gaming-revenue/2020Jan-gri.pdf,https://www.gaming.nv.gov/about-us/gaming-revenue-information-gri/,NV/screenshots/NV_2020_01_NV_2020_01_gri_p1.png,"*** Sports - Mobile 50 11,234 4.57 50 11,234 4.57 50 11,234 4.57",,2026-04-08T18:40:56.196216
NV,2020-01-01,2020-01-31,monthly,ALL,TOTAL,TOTAL,,combined,,50254364090,2015200000,2015200000,,,48239164090,136026000,,0.04009999999982091,31,False,False,NV_2020_01_gri.pdf,,,,4,,https://www.gaming.nv.gov/uploadedFiles/gamingnvgov/content/about/gaming-revenue/2020Jan-gri.pdf,https://www.gaming.nv.gov/about-us/gaming-revenue-information-gri/,NV/screenshots/NV_2020_01_NV_2020_01_gri_p1.png,"Sports Pool (2) 192 191 20,152 36.01 4.01 193 191 87,492 1.67 5.19 202 191 334,473 15.23 6.28",,2026-04-08T18:40:56.196216
NV,2020-01-01,2020-01-31,monthly,ALL,TOTAL,TOTAL,,combined,football,21920454545,578700000,578700000,,,21341754545,39062250,,0.026400000000547433,31,False,False,NV_2020_01_gri.pdf,,,,4,,https://www.gaming.nv.gov/uploadedFiles/gamingnvgov/content/about/gaming-revenue/2020Jan-gri.pdf,https://www.gaming.nv.gov/about-us/gaming-revenue-information-gri/,NV/screenshots/NV_2020_01_NV_2020_01_gri_p1.png,"(2) Sports - Football 191 191 5,787 (26.75) 2.64 192 191 51,982 (10.22) 5.50 200 199 120,323 17.06 6.34",,2026-04-08T18:40:56.196216
NV,2020-01-01,2020-01-31,monthly,ALL,TOTAL,TOTAL,,combined,basketball,22511669659,1253900000,1253900000,,,21257769659,84638250,,0.05569999999972015,31,False,False,NV_2020_01_gri.pdf,,,,4,,https://www.gaming.nv.gov/uploadedFiles/gamingnvgov/content/about/gaming-revenue/2020Jan-gri.pdf,https://www.gaming.nv.gov/about-us/gaming-revenue-information-gri/,NV/screenshots/NV_2020_01_NV_2020_01_gri_p1.png,"Sports - Basketball 188 188 12,539 113.14 5.57 190 189 31,846 30.68 5.65 200 199 101,129 7.86 6.12",,2026-04-08T18:40:56.196216
NV,2020-01-01,2020-01-31,monthly,ALL,TOTAL,TOTAL,,combined,baseball,4651729,-191000000,-191000000,,,195651729,,,-41.060001560710006,31,False,False,NV_2020_01_gri.pdf,,,,4,,https://www.gaming.nv.gov/uploadedFiles/gamingnvgov/content/about/gaming-revenue/2020Jan-gri.pdf,https://www.gaming.nv.gov/about-us/gaming-revenue-information-gri/,NV/screenshots/NV_2020_01_NV_2020_01_gri_p1.png,"Sports - Baseball 9 9 (1,910) 75.47 (4,106.00) 107 106 (9,814) 17.51 (3,124.51) 195 194 56,378 13.17 5.03",,2026-04-08T18:40:56.196216
NV,2020-01-01,2020-01-31,monthly,ALL,TOTAL,TOTAL,,combined,parlay,265834933,27700000,27700000,,,238134933,1869750,,0.10419999993003178,31,False,False,NV_2020_01_gri.pdf,,,,4,,https://www.gaming.nv.gov/uploadedFiles/gamingnvgov/content/about/gaming-revenue/2020Jan-gri.pdf,https://www.gaming.nv.gov/about-us/gaming-revenue-information-gri/,NV/screenshots/NV_2020_01_NV_2020_01_gri_p1.png,"Sports Parlay Cards 172 172 277 3,439.71 10.42 181 180 3,749 (30.35) 16.09 190 189 15,208 (6.70) 30.47",,2026-04-08T18:40:56.196216
NV,2020-01-01,2020-01-31,monthly,ALL,TOTAL,TOTAL,,combined,hockey,2403765690,114900000,114900000,,,2288865690,7755750,,0.04780000000748825,31,False,False,NV_2020_01_gri.pdf,,,,4,,https://www.gaming.nv.gov/uploadedFiles/gamingnvgov/content/about/gaming-revenue/2020Jan-gri.pdf,https://www.gaming.nv.gov/about-us/gaming-revenue-information-gri/,NV/screenshots/NV_2020_01_NV_2020_01_gri_p1.png,"Sports - Hockey 188 188 1,149 4.78 188 188 1,149 4.78 188 188 1,149 4.78",,2026-04-08T18:40:56.196216
NV,2020-01-01,2020-01-31,monthly,ALL,TOTAL,TOTAL,,combined,other,3121621622,231000000,231000000,,,2890621622,15592500,,0.0739999999910303,31,False,False,NV_2020_01_gri.pdf,,,,4,,https://www.gaming.nv.gov/uploadedFiles/gamingnvgov/content/about/gaming-revenue/2020Jan-gri.pdf,https://www.gaming.nv.gov/about-us/gaming-revenue-information-gri/,NV/screenshots/NV_2020_01_NV_2020_01_gri_p1.png,"Other 191 2,310 9.27 7.40 191 8,579 27.01 6.55 191 40,286 46.03 6.98",,2026-04-08T18:40:56.196216
NV,2020-02-01,2020-02-29,monthly,ALL,TOTAL,TOTAL,,online,,21872246696,993000000,993000000,,,20879246696,67027500,,0.04540000000007315,29,False,False,NV_2020_02_gri.pdf,,,,4,,https://www.gaming.nv.gov/uploadedFiles/gamingnvgov/content/about/gaming-revenue/2020Feb-gri.pdf,https://www.gaming.nv.gov/about-us/gaming-revenue-information-gri/,NV/screenshots/NV_2020_02_NV_2020_02_gri_p1.png,"*** Sports - Mobile 49 9,930 4.54 51 21,164 4.55 51 21,164 4.55",,2026-04-08T18:40:57.196496
NV,2020-02-01,2020-02-29,monthly,ALL,TOTAL,TOTAL,,combined,,49178294574,3806400000,3806400000,,,45371894574,256932000,,0.07739999999943878,29,False,False,NV_2020_02_gri.pdf,,,,4,,https://www.gaming.nv.gov/uploadedFiles/gamingnvgov/content/about/gaming-revenue/2020Feb-gri.pdf,https://www.gaming.nv.gov/about-us/gaming-revenue-information-gri/,NV/screenshots/NV_2020_02_NV_2020_02_gri_p1.png,"Sports Pool (2) 192 191 38,064 6.28 7.74 193 191 94,543 (0.21) 6.04 202 191 336,722 6.77 6.29",,2026-04-08T18:40:57.196496
NV,2020-02-01,2020-02-29,monthly,ALL,TOTAL,TOTAL,,combined,football,15201604814,1515600000,1515600000,,,13686004814,102303000,,0.09970000000290759,29,False,False,NV_2020_02_gri.pdf,,,,4,,https://www.gaming.nv.gov/uploadedFiles/gamingnvgov/content/about/gaming-revenue/2020Feb-gri.pdf,https://www.gaming.nv.gov/about-us/gaming-revenue-information-gri/,NV/screenshots/NV_2020_02_NV_2020_02_gri_p1.png,"(2) Sports - Football 191 191 15,156 37.59 9.97 192 191 44,642 (11.55) 6.27 194 193 124,463 7.00 6.52",,2026-04-08T18:40:57.196496
NV,2020-02-01,2020-02-29,monthly,ALL,TOTAL,TOTAL,,combined,basketball,26067460317,1313800000,1313800000,,,24753660317,88681500,,0.05040000000089,29,False,False,NV_2020_02_gri.pdf,,,,4,,https://www.gaming.nv.gov/uploadedFiles/gamingnvgov/content/about/gaming-revenue/2020Feb-gri.pdf,https://www.gaming.nv.gov/about-us/gaming-revenue-information-gri/,NV/screenshots/NV_2020_02_NV_2020_02_gri_p1.png,"Sports - Basketball 189 189 13,138 (33.88) 5.04 190 189 36,835 10.01 5.60 200 199 94,396 (7.29) 5.70",,2026-04-08T18:40:57.196496
NV,2020-02-01,2020-02-29,monthly,ALL,TOTAL,TOTAL,,combined,baseball,129994037,-21800000,-21800000,,,151794037,,,-0.16769999996230597,29,False,False,NV_2020_02_gri.pdf,,,,4,,https://www.gaming.nv.gov/uploadedFiles/gamingnvgov/content/about/gaming-revenue/2020Feb-gri.pdf,https://www.gaming.nv.gov/about-us/gaming-revenue-information-gri/,NV/screenshots/NV_2020_02_NV_2020_02_gri_p1.png,"Sports - Baseball 174 174 (218) (18.35) (16.77) 174 173 (3,852) 41.24 (280.10) 196 195 56,429 13.37 5.03",,2026-04-08T18:40:57.196496
NV,2020-02-01,2020-02-29,monthly,ALL,TOTAL,TOTAL,,combined,parlay,193089929,78800000,78800000,,,114289929,5319000,,0.40809999987104456,29,False,False,NV_2020_02_gri.pdf,,,,4,,https://www.gaming.nv.gov/uploadedFiles/gamingnvgov/content/about/gaming-revenue/2020Feb-gri.pdf,https://www.gaming.nv.gov/about-us/gaming-revenue-information-gri/,NV/screenshots/NV_2020_02_NV_2020_02_gri_p1.png,"Sports Parlay Cards 171 171 788 52.82 40.81 179 178 2,199 (37.33) 15.71 188 187 15,481 (7.35) 30.96",,2026-04-08T18:40:57.196496
NV,2020-02-01,2020-02-29,monthly,ALL,TOTAL,TOTAL,,combined,hockey,3323210412,306400000,306400000,,,3016810412,20682000,,0.09220000000409243,29,False,False,NV_2020_02_gri.pdf,,,,4,,https://www.gaming.nv.gov/uploadedFiles/gamingnvgov/content/about/gaming-revenue/2020Feb-gri.pdf,https://www.gaming.nv.gov/about-us/gaming-revenue-information-gri/,NV/screenshots/NV_2020_02_NV_2020_02_gri_p1.png,"Sports - Hockey 187 187 3,064 9.22 188 188 4,213 7.35 188 188 4,213 7.35",,2026-04-08T18:40:57.196496
NV,2020-02-01,2020-02-29,monthly,ALL,TOTAL,TOTAL,,combined,other,4255201110,613600000,613600000,,,3641601110,41418000,,0.1441999999854296,29,False,False,NV_2020_02_gri.pdf,,,,4,,https://www.gaming.nv.gov/uploadedFiles/gamingnvgov/content/about/gaming-revenue/2020Feb-gri.pdf,https://www.gaming.nv.gov/about-us/gaming-revenue-information-gri/,NV/screenshots/NV_2020_02_NV_2020_02_gri_p1.png,"Other 191 6,136 31.07 14.42 191 10,506 5.01 8.60 191 41,740 35.70 7.39",,2026-04-08T18:40:57.196496
NV,2020-03-01,2020-03-31,monthly,ALL,TOTAL,TOTAL,,online,,8892773893,381500000,381500000,,,8511273893,25751250,,0.04289999999890923,31,False,False,NV_2020_03_gri.pdf,,,,4,,https://www.gaming.nv.gov/uploadedFiles/gamingnvgov/content/about/gaming-revenue/2020Mar-gri.pdf,https://www.gaming.nv.gov/about-us/gaming-revenue-information-gri/,NV/screenshots/NV_2020_03_NV_2020_03_gri_p1.png,"*** Sports - Mobile 44 3,815 4.29 51 24,979 4.51 51 24,979 4.51",,2026-04-08T18:40:58.216597
NV,2020-03-01,2020-03-31,monthly,ALL,TOTAL,TOTAL,,combined,,14116504854,145400000,145400000,,,13971104854,9814500,,0.01030000000026919,31,False,False,NV_2020_03_gri.pdf,,,,4,,https://www.gaming.nv.gov/uploadedFiles/gamingnvgov/content/about/gaming-revenue/2020Mar-gri.pdf,https://www.gaming.nv.gov/about-us/gaming-revenue-information-gri/,NV/screenshots/NV_2020_03_NV_2020_03_gri_p1.png,"Sports Pool (2) 191 190 1,454 (95.53) 1.03 192 190 59,668 (28.25) 5.26 202 191 305,649 (2.58) 6.24",,2026-04-08T18:40:58.216597
NV,2020-03-01,2020-03-31,monthly,ALL,TOTAL,TOTAL,,combined,football,175109156,-533400000,-533400000,,,708509156,,,-3.0460999994768976,31,False,False,NV_2020_03_gri.pdf,,,,4,,https://www.gaming.nv.gov/uploadedFiles/gamingnvgov/content/about/gaming-revenue/2020Mar-gri.pdf,https://www.gaming.nv.gov/about-us/gaming-revenue-information-gri/,NV/screenshots/NV_2020_03_NV_2020_03_gri_p1.png,"(2) Sports - Football 172 172 (5,334) (57.48) (304.61) 191 191 15,607 144.94 4.19 194 193 131,671 14.66 6.90",,2026-04-08T18:40:58.216597
NV,2020-03-01,2020-03-31,monthly,ALL,TOTAL,TOTAL,,combined,basketball,10469750890,588400000,588400000,,,9881350890,39717000,,0.056199999998280764,31,False,False,NV_2020_03_gri.pdf,,,,4,,https://www.gaming.nv.gov/uploadedFiles/gamingnvgov/content/about/gaming-revenue/2020Mar-gri.pdf,https://www.gaming.nv.gov/about-us/gaming-revenue-information-gri/,NV/screenshots/NV_2020_03_NV_2020_03_gri_p1.png,"Sports - Basketball 187 187 5,884 (83.89) 5.62 189 189 31,561 (49.33) 5.35 200 199 63,747 (34.49) 5.05",,2026-04-08T18:40:58.216597
NV,2020-03-01,2020-03-31,monthly,ALL,TOTAL,TOTAL,,combined,baseball,203252033,2500000,2500000,,,200752033,168750,,0.012299999970972,31,False,False,NV_2020_03_gri.pdf,,,,4,,https://www.gaming.nv.gov/uploadedFiles/gamingnvgov/content/about/gaming-revenue/2020Mar-gri.pdf,https://www.gaming.nv.gov/about-us/gaming-revenue-information-gri/,NV/screenshots/NV_2020_03_NV_2020_03_gri_p1.png,"Sports - Baseball 178 178 25 (98.98) 1.23 182 182 (2,104) (295.19) (62.31) 196 195 54,020 7.88 4.93",,2026-04-08T18:40:58.216597
NV,2020-03-01,2020-03-31,monthly,ALL,TOTAL,TOTAL,,combined,parlay,7429655,-4700000,-4700000,,,12129655,,,-0.6326000332451507,31,False,False,NV_2020_03_gri.pdf,,,,4,,https://www.gaming.nv.gov/uploadedFiles/gamingnvgov/content/about/gaming-revenue/2020Mar-gri.pdf,https://www.gaming.nv.gov/about-us/gaming-revenue-information-gri/,NV/screenshots/NV_2020_03_NV_2020_03_gri_p1.png,"Sports Parlay Cards 38 38 (47) (116.85) (63.26) 174 174 1,017 26.38 21.81 185 184 15,152 (7.33) 30.90",,2026-04-08T18:40:58.216597
NV,2020-03-01,2020-03-31,monthly,ALL,TOTAL,TOTAL,,combined,hockey,1133056133,54500000,54500000,,,1078556133,3678750,,0.04810000000238294,31,False,False,NV_2020_03_gri.pdf,,,,4,,https://www.gaming.nv.gov/uploadedFiles/gamingnvgov/content/about/gaming-revenue/2020Mar-gri.pdf,https://www.gaming.nv.gov/about-us/gaming-revenue-information-gri/,NV/screenshots/NV_2020_03_NV_2020_03_gri_p1.png,"Sports - Hockey 184 184 545 4.81 188 188 4,758 6.93 188 188 4,758 6.93",,2026-04-08T18:40:58.216597
NV,2020-03-01,2020-03-31,monthly,ALL,TOTAL,TOTAL,,combined,other,20336080,19000000,19000000,,,1336080,1282500,,0.9343000224232005,31,False,False,NV_2020_03_gri.pdf,,,,4,,https://www.gaming.nv.gov/uploadedFiles/gamingnvgov/content/about/gaming-revenue/2020Mar-gri.pdf,https://www.gaming.nv.gov/about-us/gaming-revenue-information-gri/,NV/screenshots/NV_2020_03_NV_2020_03_gri_p1.png,"Other 190 382 (93.43) 1.80 190 8,828 (30.02) 9.30 191 36,302 3.21 7.00",,2026-04-08T18:40:58.216597
NV,2020-06-01,2020-06-30,monthly,ALL,TOTAL,TOTAL,,online,,6174731183,229700000,229700000,,,5945031183,15504750,,0.037199999998769176,30,False,False,NV_2020_06_gri.pdf,,,,4,,https://www.gaming.nv.gov/uploadedFiles/gamingnvgov/content/about/gaming-revenue/2020Jun-gri.pdf,https://www.gaming.nv.gov/about-us/gaming-revenue-information-gri/,NV/screenshots/NV_2020_06_NV_2020_06_gri_p1.png,"*** Sports - Mobile 40 2,297 3.72 43 4,950 4.25 53 29,929 4.47",,2026-04-08T18:40:59.573787
NV,2020-06-01,2020-06-30,monthly,ALL,TOTAL,TOTAL,,combined,,7790322581,-48300000,-48300000,,,7838622581,,,-0.006199999999717598,30,False,False,NV_2020_06_gri.pdf,,,,4,,https://www.gaming.nv.gov/uploadedFiles/gamingnvgov/content/about/gaming-revenue/2020Jun-gri.pdf,https://www.gaming.nv.gov/about-us/gaming-revenue-information-gri/,NV/screenshots/NV_2020_06_NV_2020_06_gri_p1.png,"Sports Pool (2) 185 160 (483) (102.91) (0.62) 186 53 2,186 (95.58) 1.63 197 156 258,419 (15.70) 6.35",,2026-04-08T18:40:59.573787
NV,2020-06-01,2020-06-30,monthly,ALL,TOTAL,TOTAL,,combined,football,98954219,-526100000,-526100000,,,625054219,,,-5.31659999256828,30,False,False,NV_2020_06_gri.pdf,,,,4,,https://www.gaming.nv.gov/uploadedFiles/gamingnvgov/content/about/gaming-revenue/2020Jun-gri.pdf,https://www.gaming.nv.gov/about-us/gaming-revenue-information-gri/,NV/screenshots/NV_2020_06_NV_2020_06_gri_p1.png,"(2) Sports - Football 108 108 (5,261) 725.70 (531.66) 116 116 (6,114) (22.13) (271.48) 192 191 133,409 20.40 6.99",,2026-04-08T18:40:59.573787
NV,2020-06-01,2020-06-30,monthly,ALL,TOTAL,TOTAL,,combined,basketball,564885496,29600000,29600000,,,535285496,1998000,,0.052400000016994595,30,False,False,NV_2020_06_gri.pdf,,,,4,,https://www.gaming.nv.gov/uploadedFiles/gamingnvgov/content/about/gaming-revenue/2020Jun-gri.pdf,https://www.gaming.nv.gov/about-us/gaming-revenue-information-gri/,NV/screenshots/NV_2020_06_NV_2020_06_gri_p1.png,"Sports - Basketball 125 125 296 (65.70) 5.24 125 125 56 (99.58) 0.95 190 189 50,591 (45.49) 5.07",,2026-04-08T18:40:59.573787
NV,2020-06-01,2020-06-30,monthly,ALL,TOTAL,TOTAL,,combined,baseball,966573816,138800000,138800000,,,827773816,9369000,,0.14360000002317463,30,False,False,NV_2020_06_gri.pdf,,,,4,,https://www.gaming.nv.gov/uploadedFiles/gamingnvgov/content/about/gaming-revenue/2020Jun-gri.pdf,https://www.gaming.nv.gov/about-us/gaming-revenue-information-gri/,NV/screenshots/NV_2020_06_NV_2020_06_gri_p1.png,"Sports - Baseball 150 150 1,388 (88.29) 14.36 150 150 1,523 (94.86) 11.16 193 192 25,902 (47.19) 4.49",,2026-04-08T18:40:59.573787
NV,2020-06-01,2020-06-30,monthly,ALL,TOTAL,TOTAL,,combined,parlay,4859523032,1487500000,1487500000,,,3372023032,100406250,,0.3060999999804096,30,False,False,NV_2020_06_gri.pdf,,,,4,,https://www.gaming.nv.gov/uploadedFiles/gamingnvgov/content/about/gaming-revenue/2020Jun-gri.pdf,https://www.gaming.nv.gov/about-us/gaming-revenue-information-gri/,NV/screenshots/NV_2020_06_NV_2020_06_gri_p1.png,"Sports Parlay Cards 185 184 14,875 (7.27) 30.61",,2026-04-08T18:40:59.573787
NV,2020-06-01,2020-06-30,monthly,ALL,TOTAL,TOTAL,,combined,hockey,21291288,-18500000,-18500000,,,39791288,,,-0.8688999932742444,30,False,False,NV_2020_06_gri.pdf,,,,4,,https://www.gaming.nv.gov/uploadedFiles/gamingnvgov/content/about/gaming-revenue/2020Jun-gri.pdf,https://www.gaming.nv.gov/about-us/gaming-revenue-information-gri/,NV/screenshots/NV_2020_06_NV_2020_06_gri_p1.png,"Sports - Hockey 36 36 (185) (86.89) 104 104 140 15.72 188 188 4,899 7.05",,2026-04-08T18:40:59.573787
NV,2020-06-01,2020-06-30,monthly,ALL,TOTAL,TOTAL,,combined,other,6163533835,327900000,327900000,,,5835633835,22133250,,0.053199999996430616,30,False,False,NV_2020_06_gri.pdf,,,,4,,https://www.gaming.nv.gov/uploadedFiles/gamingnvgov/content/about/gaming-revenue/2020Jun-gri.pdf,https://www.gaming.nv.gov/about-us/gaming-revenue-information-gri/,NV/screenshots/NV_2020_06_NV_2020_06_gri_p1.png,"Other 160 3,279 (27.13) 5.32 53 6,581 (54.35) 5.89 156 28,744 (24.00) 6.14",,2026-04-08T18:40:59.573787
NV,2020-07-01,2020-07-31,monthly,ALL,TOTAL,TOTAL,,online,,11289883268,580300000,580300000,,,10709583268,39170250,,0.051400000002196654,31,False,False,NV_2020_07_gri.pdf,,,,4,,https://www.gaming.nv.gov/uploadedFiles/gamingnvgov/content/about/gaming-revenue/2020Jul-gri.pdf,https://www.gaming.nv.gov/about-us/gaming-revenue-information-gri/,NV/screenshots/NV_2020_07_NV_2020_07_gri_p1.png,"*** Sports - Mobile 45 5,803 5.14 46 10,356 4.79 54 35,732 4.56",,2026-04-08T18:41:00.834148
NV,2020-07-01,2020-07-31,monthly,ALL,TOTAL,TOTAL,,combined,,16350649351,629500000,629500000,,,15721149351,42491250,,0.03849999999917435,31,False,False,NV_2020_07_gri.pdf,,,,4,,https://www.gaming.nv.gov/uploadedFiles/gamingnvgov/content/about/gaming-revenue/2020Jul-gri.pdf,https://www.gaming.nv.gov/about-us/gaming-revenue-information-gri/,NV/screenshots/NV_2020_07_NV_2020_07_gri_p1.png,"Sports Pool (2) 183 166 6,295 (40.24) 3.85 186 108 8,266 (78.47) 2.91 196 154 254,180 (18.77) 6.36",,2026-04-08T18:41:00.834148
NV,2020-07-01,2020-07-31,monthly,ALL,TOTAL,TOTAL,,combined,football,113690114,-336500000,-336500000,,,450190114,,,-2.9598000051262154,31,False,False,NV_2020_07_gri.pdf,,,,4,,https://www.gaming.nv.gov/uploadedFiles/gamingnvgov/content/about/gaming-revenue/2020Jul-gri.pdf,https://www.gaming.nv.gov/about-us/gaming-revenue-information-gri/,NV/screenshots/NV_2020_07_NV_2020_07_gri_p1.png,"(2) Sports - Football 106 106 (3,365) 1,745.64 (295.98) 130 130 (9,010) 178.41 (404.77) 192 191 130,226 18.14 6.83",,2026-04-08T18:41:00.834148
NV,2020-07-01,2020-07-31,monthly,ALL,TOTAL,TOTAL,,combined,basketball,1625000000,-2600000,-2600000,,,1627600000,,,-0.0016,31,False,False,NV_2020_07_gri.pdf,,,,4,,https://www.gaming.nv.gov/uploadedFiles/gamingnvgov/content/about/gaming-revenue/2020Jul-gri.pdf,https://www.gaming.nv.gov/about-us/gaming-revenue-information-gri/,NV/screenshots/NV_2020_07_NV_2020_07_gri_p1.png,"Sports - Basketball 164 164 (26) (98.75) (0.16) 172 172 118 (96.42) 0.54 190 189 52,656 (44.02) 5.28",,2026-04-08T18:41:00.834148
NV,2020-07-01,2020-07-31,monthly,ALL,TOTAL,TOTAL,,combined,baseball,6536731634,436000000,436000000,,,6100731634,29430000,,0.06670000000186638,31,False,False,NV_2020_07_gri.pdf,,,,4,,https://www.gaming.nv.gov/uploadedFiles/gamingnvgov/content/about/gaming-revenue/2020Jul-gri.pdf,https://www.gaming.nv.gov/about-us/gaming-revenue-information-gri/,NV/screenshots/NV_2020_07_NV_2020_07_gri_p1.png,"Sports - Baseball 170 170 4,360 (49.31) 6.67 177 177 5,889 (79.14) 7.48 192 191 21,661 (59.43) 4.64",,2026-04-08T18:41:00.834148
NV,2020-07-01,2020-07-31,monthly,ALL,TOTAL,TOTAL,,combined,parlay,1308901,-2000000,-2000000,,,3308901,,,-1.5279994438082025,31,False,False,NV_2020_07_gri.pdf,,,,4,,https://www.gaming.nv.gov/uploadedFiles/gamingnvgov/content/about/gaming-revenue/2020Jul-gri.pdf,https://www.gaming.nv.gov/about-us/gaming-revenue-information-gri/,NV/screenshots/NV_2020_07_NV_2020_07_gri_p1.png,"Sports Parlay Cards 9 9 (20) (131.45) (152.80) 9 9 (140) (170.19) (1,066.92) 185 184 14,791 (7.81) 30.50",,2026-04-08T18:41:00.834148
NV,2020-07-01,2020-07-31,monthly,ALL,TOTAL,TOTAL,,combined,hockey,44599018,-10900000,-10900000,,,55499018,,,-0.2444000000179376,31,False,False,NV_2020_07_gri.pdf,,,,4,,https://www.gaming.nv.gov/uploadedFiles/gamingnvgov/content/about/gaming-revenue/2020Jul-gri.pdf,https://www.gaming.nv.gov/about-us/gaming-revenue-information-gri/,NV/screenshots/NV_2020_07_NV_2020_07_gri_p1.png,"Sports - Hockey 117 117 (109) (24.44) 143 143 93 7.09 188 188 4,790 6.85",,2026-04-08T18:41:00.834148
NV,2020-07-01,2020-07-31,monthly,ALL,TOTAL,TOTAL,,combined,other,8033873343,545500000,545500000,,,7488373343,36821250,,0.06790000000128207,31,False,False,NV_2020_07_gri.pdf,,,,4,,https://www.gaming.nv.gov/uploadedFiles/gamingnvgov/content/about/gaming-revenue/2020Jul-gri.pdf,https://www.gaming.nv.gov/about-us/gaming-revenue-information-gri/,NV/screenshots/NV_2020_07_NV_2020_07_gri_p1.png,"Other 166 5,455 31.67 6.79 108 11,316 14.17 6.29 154 30,056 (23.31) 5.94",,2026-04-08T18:41:00.834148
NV,2020-08-01,2020-08-31,monthly,ALL,TOTAL,TOTAL,,online,,30519444444,1098700000,1098700000,,,29420744444,74162250,,0.03600000000052426,31,False,False,NV_2020_08_gri.pdf,,,,4,,https://www.gaming.nv.gov/uploadedFiles/gamingnvgov/content/about/gaming-revenue/2020Aug-gri.pdf,https://www.gaming.nv.gov/about-us/gaming-revenue-information-gri/,NV/screenshots/NV_2020_08_NV_2020_08_gri_p1.png,"*** Sports - Mobile 50 10,987 3.60 51 19,087 3.97 60 46,719 4.29",,2026-04-08T18:41:01.864313
NV,2020-08-01,2020-08-31,monthly,ALL,TOTAL,TOTAL,,combined,,47446927374,1698600000,1698600000,,,45748327374,114655500,,0.03580000000022762,31,False,False,NV_2020_08_gri.pdf,,,,4,,https://www.gaming.nv.gov/uploadedFiles/gamingnvgov/content/about/gaming-revenue/2020Aug-gri.pdf,https://www.gaming.nv.gov/about-us/gaming-revenue-information-gri/,NV/screenshots/NV_2020_08_NV_2020_08_gri_p1.png,"Sports Pool (2) 190 176 16,986 (9.32) 3.58 193 167 22,798 (50.28) 3.18 203 153 252,433 (20.88) 6.03",,2026-04-08T18:41:01.864313
NV,2020-08-01,2020-08-31,monthly,ALL,TOTAL,TOTAL,,combined,football,217887848,-339600000,-339600000,,,557487848,,,-1.5586000004919962,31,False,False,NV_2020_08_gri.pdf,,,,4,,https://www.gaming.nv.gov/uploadedFiles/gamingnvgov/content/about/gaming-revenue/2020Aug-gri.pdf,https://www.gaming.nv.gov/about-us/gaming-revenue-information-gri/,NV/screenshots/NV_2020_08_NV_2020_08_gri_p1.png,"(2) Sports - Football 139 139 (3,396) (126.83) (155.86) 156 156 (12,022) (201.57) (279.25) 199 198 114,174 (2.11) 6.21",,2026-04-08T18:41:01.864313
NV,2020-08-01,2020-08-31,monthly,ALL,TOTAL,TOTAL,,combined,basketball,19387179487,756100000,756100000,,,18631079487,51036750,,0.039000000000361065,31,False,False,NV_2020_08_gri.pdf,,,,4,,https://www.gaming.nv.gov/uploadedFiles/gamingnvgov/content/about/gaming-revenue/2020Aug-gri.pdf,https://www.gaming.nv.gov/about-us/gaming-revenue-information-gri/,NV/screenshots/NV_2020_08_NV_2020_08_gri_p1.png,"Sports - Basketball 181 181 7,561 (970.65) 3.90 183 183 7,831 (473.61) 3.63 197 196 61,085 (35.17) 5.15",,2026-04-08T18:41:01.864313
NV,2020-08-01,2020-08-31,monthly,ALL,TOTAL,TOTAL,,combined,baseball,17519455253,900500000,900500000,,,16618955253,60783750,,0.05139999999976027,31,False,False,NV_2020_08_gri.pdf,,,,4,,https://www.gaming.nv.gov/uploadedFiles/gamingnvgov/content/about/gaming-revenue/2020Aug-gri.pdf,https://www.gaming.nv.gov/about-us/gaming-revenue-information-gri/,NV/screenshots/NV_2020_08_NV_2020_08_gri_p1.png,"Sports - Baseball 179 179 9,005 34.57 5.14 189 189 14,753 (45.66) 5.89 199 198 23,974 (53.19) 5.17",,2026-04-08T18:41:01.864313
NV,2020-08-01,2020-08-31,monthly,ALL,TOTAL,TOTAL,,combined,parlay,9115162,4100000,4100000,,,5015162,276750,,0.44980001452524926,31,False,False,NV_2020_08_gri.pdf,,,,4,,https://www.gaming.nv.gov/uploadedFiles/gamingnvgov/content/about/gaming-revenue/2020Aug-gri.pdf,https://www.gaming.nv.gov/about-us/gaming-revenue-information-gri/,NV/screenshots/NV_2020_08_NV_2020_08_gri_p1.png,"Sports Parlay Cards 13 13 41 (91.93) 44.98 13 13 (95) (114.92) (90.93) 185 184 14,322 (12.61) 29.92",,2026-04-08T18:41:01.864313
NV,2020-08-01,2020-08-31,monthly,ALL,TOTAL,TOTAL,,combined,hockey,5242307692,136300000,136300000,,,5106007692,9200250,,0.026000000001526045,31,False,False,NV_2020_08_gri.pdf,,,,4,,https://www.gaming.nv.gov/uploadedFiles/gamingnvgov/content/about/gaming-revenue/2020Aug-gri.pdf,https://www.gaming.nv.gov/about-us/gaming-revenue-information-gri/,NV/screenshots/NV_2020_08_NV_2020_08_gri_p1.png,"Sports - Hockey 177 177 1,363 2.60 182 182 1,069 2.01 195 195 6,153 5.03",,2026-04-08T18:41:01.864313
NV,2020-08-01,2020-08-31,monthly,ALL,TOTAL,TOTAL,,combined,other,5118895966,241100000,241100000,,,4877795966,16274250,,0.0471000000002735,31,False,False,NV_2020_08_gri.pdf,,,,4,,https://www.gaming.nv.gov/uploadedFiles/gamingnvgov/content/about/gaming-revenue/2020Aug-gri.pdf,https://www.gaming.nv.gov/about-us/gaming-revenue-information-gri/,NV/screenshots/NV_2020_08_NV_2020_08_gri_p1.png,"Other 176 2,411 (1,038.99) 4.71 167 11,261 35.31 5.83 153 32,724 (19.40) 6.21",,2026-04-08T18:41:01.864313
NV,2020-09-01,2020-09-30,monthly,ALL,TOTAL,TOTAL,,online,,31547277937,1101000000,1101000000,,,30446277937,74317500,,0.03489999999995879,30,False,False,NV_2020_09_gri.pdf,,,,4,,https://www.gaming.nv.gov/uploadedFiles/gamingnvgov/content/about/gaming-revenue/2020Sep-gri.pdf,https://www.gaming.nv.gov/about-us/gaming-revenue-information-gri/,NV/screenshots/NV_2020_09_NV_2020_09_gri_p1.png,"*** Sports - Mobile 56 11,010 3.49 58 27,799 3.79 65 57,729 4.11",,2026-04-08T18:41:03.129306
NV,2020-09-01,2020-09-30,monthly,ALL,TOTAL,TOTAL,,combined,,57506993007,3289400000,3289400000,,,54217593007,222034500,,0.05719999999999304,30,False,False,NV_2020_09_gri.pdf,,,,4,,https://www.gaming.nv.gov/uploadedFiles/gamingnvgov/content/about/gaming-revenue/2020Sep-gri.pdf,https://www.gaming.nv.gov/about-us/gaming-revenue-information-gri/,NV/screenshots/NV_2020_09_NV_2020_09_gri_p1.png,"Sports Pool (2) 190 180 32,894 (36.83) 5.72 192 174 56,176 (30.93) 4.63 203 152 233,259 (25.89) 5.54",,2026-04-08T18:41:03.129306
NV,2020-09-01,2020-09-30,monthly,ALL,TOTAL,TOTAL,,combined,football,22187110187,1067200000,1067200000,,,21119910187,72036000,,0.048100000000238875,30,False,False,NV_2020_09_gri.pdf,,,,4,,https://www.gaming.nv.gov/uploadedFiles/gamingnvgov/content/about/gaming-revenue/2020Sep-gri.pdf,https://www.gaming.nv.gov/about-us/gaming-revenue-information-gri/,NV/screenshots/NV_2020_09_NV_2020_09_gri_p1.png,"(2) Sports - Football 180 180 10,672 (72.68) 4.81 181 181 3,913 (92.41) 1.74 200 199 85,779 (22.97) 5.10",,2026-04-08T18:41:03.129306
NV,2020-09-01,2020-09-30,monthly,ALL,TOTAL,TOTAL,,combined,basketball,11479876161,370800000,370800000,,,11109076161,25029000,,0.03229999999997387,30,False,False,NV_2020_09_gri.pdf,,,,4,,https://www.gaming.nv.gov/uploadedFiles/gamingnvgov/content/about/gaming-revenue/2020Sep-gri.pdf,https://www.gaming.nv.gov/about-us/gaming-revenue-information-gri/,NV/screenshots/NV_2020_09_NV_2020_09_gri_p1.png,"Sports - Basketball 186 186 3,708 (506.66) 3.23 188 188 11,242 (390.38) 3.46 198 197 65,705 (29.99) 5.07",,2026-04-08T18:41:03.129306
NV,2020-09-01,2020-09-30,monthly,ALL,TOTAL,TOTAL,,combined,baseball,14727930535,1017700000,1017700000,,,13710230535,68694750,,0.0691000000021388,30,False,False,NV_2020_09_gri.pdf,,,,4,,https://www.gaming.nv.gov/uploadedFiles/gamingnvgov/content/about/gaming-revenue/2020Sep-gri.pdf,https://www.gaming.nv.gov/about-us/gaming-revenue-information-gri/,NV/screenshots/NV_2020_09_NV_2020_09_gri_p1.png,"Sports - Baseball 187 187 10,177 33.64 6.91 189 189 23,542 2.77 6.07 199 198 26,536 (51.38) 5.44",,2026-04-08T18:41:03.129306
NV,2020-09-01,2020-09-30,monthly,ALL,TOTAL,TOTAL,,combined,parlay,579841139,211700000,211700000,,,368141139,14289750,,0.36510000026058864,30,False,False,NV_2020_09_gri.pdf,,,,4,,https://www.gaming.nv.gov/uploadedFiles/gamingnvgov/content/about/gaming-revenue/2020Sep-gri.pdf,https://www.gaming.nv.gov/about-us/gaming-revenue-information-gri/,NV/screenshots/NV_2020_09_NV_2020_09_gri_p1.png,"Sports Parlay Cards 136 136 2,117 (60.99) 36.51 136 136 2,138 (64.37) 36.22 194 193 11,013 (26.64) 26.25",,2026-04-08T18:41:03.129306
NV,2020-09-01,2020-09-30,monthly,ALL,TOTAL,TOTAL,,combined,hockey,2502211302,509200000,509200000,,,1993011302,34371000,,0.2035000000171848,30,False,False,NV_2020_09_gri.pdf,,,,4,,https://www.gaming.nv.gov/uploadedFiles/gamingnvgov/content/about/gaming-revenue/2020Sep-gri.pdf,https://www.gaming.nv.gov/about-us/gaming-revenue-information-gri/,NV/screenshots/NV_2020_09_NV_2020_09_gri_p1.png,"Sports - Hockey 187 187 5,092 20.35 189 189 6,347 8.15 197 197 11,245 7.63",,2026-04-08T18:41:03.129306
NV,2020-09-01,2020-09-30,monthly,ALL,TOTAL,TOTAL,,combined,other,6037433155,112900000,112900000,,,5924533155,7620750,,0.01870000000024845,30,False,False,NV_2020_09_gri.pdf,,,,4,,https://www.gaming.nv.gov/uploadedFiles/gamingnvgov/content/about/gaming-revenue/2020Sep-gri.pdf,https://www.gaming.nv.gov/about-us/gaming-revenue-information-gri/,NV/screenshots/NV_2020_09_NV_2020_09_gri_p1.png,"Other 180 1,129 29.44 1.87 174 8,995 89.02 4.68 152 32,981 (17.47) 5.92",,2026-04-08T18:41:03.129306
NV,2020-10-01,2020-10-31,monthly,ALL,TOTAL,TOTAL,,online,,37684210526,1360400000,1360400000,,,36323810526,91827000,,0.036100000000302515,31,False,False,NV_2020_10_gri.pdf,,,,4,,https://www.gaming.nv.gov/uploadedFiles/gamingnvgov/content/about/gaming-revenue/2020Oct-gri.pdf,https://www.gaming.nv.gov/about-us/gaming-revenue-information-gri/,NV/screenshots/NV_2020_10_NV_2020_10_gri_p1.png,"*** Sports - Mobile 52 13,604 3.61 60 35,600 3.57 67 71,332 4.00",,2026-04-08T18:41:04.413175
NV,2020-10-01,2020-10-31,monthly,ALL,TOTAL,TOTAL,,combined,,65922239502,4238800000,4238800000,,,61683439502,286119000,,0.06430000000032463,31,False,False,NV_2020_10_gri.pdf,,,,4,,https://www.gaming.nv.gov/uploadedFiles/gamingnvgov/content/about/gaming-revenue/2020Oct-gri.pdf,https://www.gaming.nv.gov/about-us/gaming-revenue-information-gri/,NV/screenshots/NV_2020_10_NV_2020_10_gri_p1.png,"Sports Pool (2) 191 177 42,388 (11.49) 6.43 196 178 92,268 (22.26) 5.40 204 151 227,759 (31.61) 5.26",,2026-04-08T18:41:04.413175
NV,2020-10-01,2020-10-31,monthly,ALL,TOTAL,TOTAL,,combined,football,44112313938,3259900000,3259900000,,,40852413938,220043250,,0.07389999999958742,31,False,False,NV_2020_10_gri.pdf,,,,4,,https://www.gaming.nv.gov/uploadedFiles/gamingnvgov/content/about/gaming-revenue/2020Oct-gri.pdf,https://www.gaming.nv.gov/about-us/gaming-revenue-information-gri/,NV/screenshots/NV_2020_10_NV_2020_10_gri_p1.png,"(2) Sports - Football 184 184 32,599 24.53 7.39 185 185 39,875 (48.81) 6.00 203 202 92,200 (26.96) 5.22",,2026-04-08T18:41:04.413175
NV,2020-10-01,2020-10-31,monthly,ALL,TOTAL,TOTAL,,combined,basketball,3705882353,-18900000,-18900000,,,3724782353,,,-0.005099999999919048,31,False,False,NV_2020_10_gri.pdf,,,,4,,https://www.gaming.nv.gov/uploadedFiles/gamingnvgov/content/about/gaming-revenue/2020Oct-gri.pdf,https://www.gaming.nv.gov/about-us/gaming-revenue-information-gri/,NV/screenshots/NV_2020_10_NV_2020_10_gri_p1.png,"Sports - Basketball 186 186 (189) (105.34) (0.51) 189 189 11,080 530.01 3.21 199 198 61,977 (33.82) 4.78",,2026-04-08T18:41:04.413175
NV,2020-10-01,2020-10-31,monthly,ALL,TOTAL,TOTAL,,combined,baseball,11068376068,518000000,518000000,,,10550376068,34965000,,0.04680000000159012,31,False,False,NV_2020_10_gri.pdf,,,,4,,https://www.gaming.nv.gov/uploadedFiles/gamingnvgov/content/about/gaming-revenue/2020Oct-gri.pdf,https://www.gaming.nv.gov/about-us/gaming-revenue-information-gri/,NV/screenshots/NV_2020_10_NV_2020_10_gri_p1.png,"Sports - Baseball 188 188 5,180 (54.87) 4.68 192 192 24,362 (5.52) 5.62 198 197 20,239 (65.01) 3.92",,2026-04-08T18:41:04.413175
NV,2020-10-01,2020-10-31,monthly,ALL,TOTAL,TOTAL,,combined,parlay,968162447,386200000,386200000,,,581962447,26068500,,0.3988999998881386,31,False,False,NV_2020_10_gri.pdf,,,,4,,https://www.gaming.nv.gov/uploadedFiles/gamingnvgov/content/about/gaming-revenue/2020Oct-gri.pdf,https://www.gaming.nv.gov/about-us/gaming-revenue-information-gri/,NV/screenshots/NV_2020_10_NV_2020_10_gri_p1.png,"Sports Parlay Cards 153 153 3,862 (14.44) 39.89 153 153 6,020 (42.39) 38.66 197 196 10,361 (38.48) 25.34",,2026-04-08T18:41:04.413175
NV,2020-10-01,2020-10-31,monthly,ALL,TOTAL,TOTAL,,combined,hockey,50860977,-108400000,-108400000,,,159260977,,,-2.131299994492831,31,False,False,NV_2020_10_gri.pdf,,,,4,,https://www.gaming.nv.gov/uploadedFiles/gamingnvgov/content/about/gaming-revenue/2020Oct-gri.pdf,https://www.gaming.nv.gov/about-us/gaming-revenue-information-gri/,NV/screenshots/NV_2020_10_NV_2020_10_gri_p1.png,"Sports - Hockey 35 35 (1,084) (213.13) 189 189 5,372 6.89 197 197 10,161 6.87",,2026-04-08T18:41:04.413175
NV,2020-10-01,2020-10-31,monthly,ALL,TOTAL,TOTAL,,combined,other,6084337349,202000000,202000000,,,5882337349,13635000,,0.03320000000216951,31,False,False,NV_2020_10_gri.pdf,,,,4,,https://www.gaming.nv.gov/uploadedFiles/gamingnvgov/content/about/gaming-revenue/2020Oct-gri.pdf,https://www.gaming.nv.gov/about-us/gaming-revenue-information-gri/,NV/screenshots/NV_2020_10_NV_2020_10_gri_p1.png,"Other 177 2,020 (7.34) 3.32 178 5,559 98.91 3.22 151 32,821 (14.67) 5.87",,2026-04-08T18:41:04.413175
NV,2020-11-01,2020-11-30,monthly,ALL,TOTAL,TOTAL,,online,,34394736842,2352600000,2352600000,,,32042136842,158800500,,0.06840000000020934,30,False,False,NV_2020_11_gri.pdf,,,,4,,https://www.gaming.nv.gov/uploadedFiles/gamingnvgov/content/about/gaming-revenue/2020Nov-gri.pdf,https://www.gaming.nv.gov/about-us/gaming-revenue-information-gri/,NV/screenshots/NV_2020_11_NV_2020_11_gri_p1.png,"*** Sports - Mobile 50 23,526 6.84 59 48,139 4.64 67 94,858 4.46",,2026-04-08T18:41:05.358976
NV,2020-11-01,2020-11-30,monthly,ALL,TOTAL,TOTAL,,combined,,60953648915,6180700000,6180700000,,,54772948915,417197250,,0.10140000000031171,30,False,False,NV_2020_11_gri.pdf,,,,4,,https://www.gaming.nv.gov/uploadedFiles/gamingnvgov/content/about/gaming-revenue/2020Nov-gri.pdf,https://www.gaming.nv.gov/about-us/gaming-revenue-information-gri/,NV/screenshots/NV_2020_11_NV_2020_11_gri_p1.png,"Sports Pool (2) 188 174 61,807 99.28 10.14 195 177 137,088 4.67 7.43 204 149 258,551 (23.26) 5.98",,2026-04-08T18:41:05.358976
NV,2020-11-01,2020-11-30,monthly,ALL,TOTAL,TOTAL,,combined,football,50178315412,5599900000,5599900000,,,44578415412,377993250,,0.11160000000041452,30,False,False,NV_2020_11_gri.pdf,,,,4,,https://www.gaming.nv.gov/uploadedFiles/gamingnvgov/content/about/gaming-revenue/2020Nov-gri.pdf,https://www.gaming.nv.gov/about-us/gaming-revenue-information-gri/,NV/screenshots/NV_2020_11_NV_2020_11_gri_p1.png,"(2) Sports - Football 185 185 55,999 148.92 11.16 185 185 99,269 13.14 8.52 203 202 125,702 (3.52) 6.67",,2026-04-08T18:41:05.358976
NV,2020-11-01,2020-11-30,monthly,ALL,TOTAL,TOTAL,,combined,basketball,3457627119,81600000,81600000,,,3376027119,5508000,,0.02359999999757059,30,False,False,NV_2020_11_gri.pdf,,,,4,,https://www.gaming.nv.gov/uploadedFiles/gamingnvgov/content/about/gaming-revenue/2020Nov-gri.pdf,https://www.gaming.nv.gov/about-us/gaming-revenue-information-gri/,NV/screenshots/NV_2020_11_NV_2020_11_gri_p1.png,"Sports - Basketball 174 174 816 (89.99) 2.36 191 191 4,335 (59.78) 2.33 201 200 54,644 (39.98) 4.69",,2026-04-08T18:41:05.358976
NV,2020-11-01,2020-11-30,monthly,ALL,TOTAL,TOTAL,,combined,baseball,189153900,-434600000,-434600000,,,623753900,,,-2.297599996616512,30,False,False,NV_2020_11_gri.pdf,,,,4,,https://www.gaming.nv.gov/uploadedFiles/gamingnvgov/content/about/gaming-revenue/2020Nov-gri.pdf,https://www.gaming.nv.gov/about-us/gaming-revenue-information-gri/,NV/screenshots/NV_2020_11_NV_2020_11_gri_p1.png,"Sports - Baseball 119 119 (4,346) (29.66) (229.76) 192 192 11,010 (14.74) 4.24 199 198 22,071 (61.65) 4.26",,2026-04-08T18:41:05.358976
NV,2020-11-01,2020-11-30,monthly,ALL,TOTAL,TOTAL,,combined,parlay,1017089405,565400000,565400000,,,451689405,38164500,,0.5558999997645241,30,False,False,NV_2020_11_gri.pdf,,,,4,,https://www.gaming.nv.gov/uploadedFiles/gamingnvgov/content/about/gaming-revenue/2020Nov-gri.pdf,https://www.gaming.nv.gov/about-us/gaming-revenue-information-gri/,NV/screenshots/NV_2020_11_NV_2020_11_gri_p1.png,"Sports Parlay Cards 151 151 5,654 141.78 55.59 156 156 11,633 (5.26) 45.35 197 196 13,677 (18.54) 34.34",,2026-04-08T18:41:05.358976
NV,2020-11-01,2020-11-30,monthly,ALL,TOTAL,TOTAL,,combined,hockey,31958966,-32400000,-32400000,,,64358966,,,-1.0138000084233012,30,False,False,NV_2020_11_gri.pdf,,,,4,,https://www.gaming.nv.gov/uploadedFiles/gamingnvgov/content/about/gaming-revenue/2020Nov-gri.pdf,https://www.gaming.nv.gov/about-us/gaming-revenue-information-gri/,NV/screenshots/NV_2020_11_NV_2020_11_gri_p1.png,"Sports - Hockey 48 48 (324) (101.38) 189 189 3,685 14.26 199 199 9,838 6.64",,2026-04-08T18:41:05.358976
NV,2020-11-01,2020-11-30,monthly,ALL,TOTAL,TOTAL,,combined,other,6063540091,400800000,400800000,,,5662740091,27054000,,0.0660999999975097,30,False,False,NV_2020_11_gri.pdf,,,,4,,https://www.gaming.nv.gov/uploadedFiles/gamingnvgov/content/about/gaming-revenue/2020Nov-gri.pdf,https://www.gaming.nv.gov/about-us/gaming-revenue-information-gri/,NV/screenshots/NV_2020_11_NV_2020_11_gri_p1.png,"Other 174 4,008 (4.77) 6.61 177 7,156 (1.43) 3.93 149 32,620 (20.90) 5.74",,2026-04-08T18:41:05.358976
NV,2020-12-01,2020-12-31,monthly,ALL,TOTAL,TOTAL,,online,,35218266254,2275100000,2275100000,,,32943166254,153569250,,0.06459999999976149,31,False,False,NV_2020_12_gri.pdf,,,,4,,https://www.gaming.nv.gov/uploadedFiles/gamingnvgov/content/about/gaming-revenue/2020Dec-gri.pdf,https://www.gaming.nv.gov/about-us/gaming-revenue-information-gri/,NV/screenshots/NV_2020_12_NV_2020_12_gri_p1.png,"*** Sports - Mobile 41 22,751 6.46 54 59,880 5.58 68 117,611 4.75",,2026-04-08T18:41:06.545947
NV,2020-12-01,2020-12-31,monthly,ALL,TOTAL,TOTAL,,combined,,58801449275,4057300000,4057300000,,,54744149275,273867750,,0.06900000000042517,31,False,False,NV_2020_12_gri.pdf,,,,4,,https://www.gaming.nv.gov/uploadedFiles/gamingnvgov/content/about/gaming-revenue/2020Dec-gri.pdf,https://www.gaming.nv.gov/about-us/gaming-revenue-information-gri/,NV/screenshots/NV_2020_12_NV_2020_12_gri_p1.png,"Sports Pool (2) 180 175 40,573 11.69 6.90 192 175 144,767 25.63 7.79 204 148 262,797 (20.16) 6.05",,2026-04-08T18:41:06.545947
NV,2020-12-01,2020-12-31,monthly,ALL,TOTAL,TOTAL,,combined,football,37210071942,2586100000,2586100000,,,34623971942,174561750,,0.0695000000008331,31,False,False,NV_2020_12_gri.pdf,,,,4,,https://www.gaming.nv.gov/uploadedFiles/gamingnvgov/content/about/gaming-revenue/2020Dec-gri.pdf,https://www.gaming.nv.gov/about-us/gaming-revenue-information-gri/,NV/screenshots/NV_2020_12_NV_2020_12_gri_p1.png,"(2) Sports - Football 176 176 25,861 9.12 6.95 186 186 114,458 58.15 8.70 203 203 127,715 4.31 6.66",,2026-04-08T18:41:06.545947
NV,2020-12-01,2020-12-31,monthly,ALL,TOTAL,TOTAL,,combined,basketball,17658774373,1267900000,1267900000,,,16390874373,85583250,,0.0718000000010533,31,False,False,NV_2020_12_gri.pdf,,,,4,,https://www.gaming.nv.gov/uploadedFiles/gamingnvgov/content/about/gaming-revenue/2020Dec-gri.pdf,https://www.gaming.nv.gov/about-us/gaming-revenue-information-gri/,NV/screenshots/NV_2020_12_NV_2020_12_gri_p1.png,"Sports - Basketball 175 175 12,679 13.63 7.18 190 190 13,306 (41.76) 5.37 201 201 56,303 (40.40) 4.80",,2026-04-08T18:41:06.545947
NV,2020-12-01,2020-12-31,monthly,ALL,TOTAL,TOTAL,,combined,baseball,1804719,-171900000,-171900000,,,173704719,,,-95.2502855015102,31,False,False,NV_2020_12_gri.pdf,,,,4,,https://www.gaming.nv.gov/uploadedFiles/gamingnvgov/content/about/gaming-revenue/2020Dec-gri.pdf,https://www.gaming.nv.gov/about-us/gaming-revenue-information-gri/,NV/screenshots/NV_2020_12_NV_2020_12_gri_p1.png,"Sports - Baseball 11 11 (1,719) (0.24) (9,525.03) 189 189 (885) (124.76) (0.79) 199 199 22,126 (61.32) 4.26",,2026-04-08T18:41:06.545947
NV,2020-12-01,2020-12-31,monthly,ALL,TOTAL,TOTAL,,combined,parlay,730758466,261100000,261100000,,,469658466,17624250,,0.3573000001343809,31,False,False,NV_2020_12_gri.pdf,,,,4,,https://www.gaming.nv.gov/uploadedFiles/gamingnvgov/content/about/gaming-revenue/2020Dec-gri.pdf,https://www.gaming.nv.gov/about-us/gaming-revenue-information-gri/,NV/screenshots/NV_2020_12_NV_2020_12_gri_p1.png,"Sports Parlay Cards 155 155 2,611 130.36 35.73 160 160 12,128 51.86 44.65 196 196 15,154 1.44 40.17",,2026-04-08T18:41:06.545947
NV,2020-12-01,2020-12-31,monthly,ALL,TOTAL,TOTAL,,combined,hockey,71818182,-15800000,-15800000,,,87618182,,,-0.21999999944303797,31,False,False,NV_2020_12_gri.pdf,,,,4,,https://www.gaming.nv.gov/uploadedFiles/gamingnvgov/content/about/gaming-revenue/2020Dec-gri.pdf,https://www.gaming.nv.gov/about-us/gaming-revenue-information-gri/,NV/screenshots/NV_2020_12_NV_2020_12_gri_p1.png,"Sports - Hockey 70 70 (158) (22.00) 86 86 (1,566) (101.23) 201 201 9,722 6.49",,2026-04-08T18:41:06.545947
NV,2020-12-01,2020-12-31,monthly,ALL,TOTAL,TOTAL,,combined,other,3176039120,129900000,129900000,,,3046139120,8768250,,0.04089999999748114,31,False,False,NV_2020_12_gri.pdf,,,,4,,https://www.gaming.nv.gov/uploadedFiles/gamingnvgov/content/about/gaming-revenue/2020Dec-gri.pdf,https://www.gaming.nv.gov/about-us/gaming-revenue-information-gri/,NV/screenshots/NV_2020_12_NV_2020_12_gri_p1.png,"Other 175 1,299 (36.96) 4.09 175 7,326 (13.28) 4.78 148 31,777 (20.73) 5.85",,2026-04-08T18:41:06.545947
NV,2021-01-01,2021-01-31,monthly,ALL,TOTAL,TOTAL,,online,,36367924528,2313000000,2313000000,,,34054924528,156127500,,0.06360000000052794,31,False,False,NV_2021_01_gri.pdf,,,,4,,https://www.gaming.nv.gov/uploadedFiles/gamingnvgov/content/about/gaming-revenue/2021Jan-gri.pdf,https://www.gaming.nv.gov/about-us/gaming-revenue-information-gri/,NV/screenshots/NV_2021_01_NV_2021_01_gri_p1.png,"*** Sports - Mobile 41 23,130 105.89 6.36 53 69,407 517.82 6.55 67 129,506 1,052.79 4.99",,2026-04-08T18:41:07.538839
NV,2021-01-01,2021-01-31,monthly,ALL,TOTAL,TOTAL,,combined,,64667901235,5238100000,5238100000,,,59429801235,353571750,,0.08099999999945877,31,False,False,NV_2021_01_gri.pdf,,,,4,,https://www.gaming.nv.gov/uploadedFiles/gamingnvgov/content/about/gaming-revenue/2021Jan-gri.pdf,https://www.gaming.nv.gov/about-us/gaming-revenue-information-gri/,NV/screenshots/NV_2021_01_NV_2021_01_gri_p1.png,"Sports Pool (2) 180 175 52,381 159.93 8.10 190 174 154,760 76.88 8.39 204 147 295,026 (11.79) 6.58",,2026-04-08T18:41:07.538839
NV,2021-01-01,2021-01-31,monthly,ALL,TOTAL,TOTAL,,combined,football,28829954955,2560100000,2560100000,,,26269854955,172806750,,0.08879999999986125,31,False,False,NV_2021_01_gri.pdf,,,,4,,https://www.gaming.nv.gov/uploadedFiles/gamingnvgov/content/about/gaming-revenue/2021Jan-gri.pdf,https://www.gaming.nv.gov/about-us/gaming-revenue-information-gri/,NV/screenshots/NV_2021_01_NV_2021_01_gri_p1.png,"(2) Sports - Football 180 180 25,601 342.38 8.88 190 190 107,461 106.73 9.24 203 203 147,529 22.61 7.42",,2026-04-08T18:41:07.538839
NV,2021-01-01,2021-01-31,monthly,ALL,TOTAL,TOTAL,,combined,basketball,29310435931,2218800000,2218800000,,,27091635931,149769000,,0.07570000000079494,31,False,False,NV_2021_01_gri.pdf,,,,4,,https://www.gaming.nv.gov/uploadedFiles/gamingnvgov/content/about/gaming-revenue/2021Jan-gri.pdf,https://www.gaming.nv.gov/about-us/gaming-revenue-information-gri/,NV/screenshots/NV_2021_01_NV_2021_01_gri_p1.png,"Sports - Basketball 175 175 22,188 76.95 7.57 175 175 35,683 12.05 7.08 201 201 65,952 (34.78) 5.32",,2026-04-08T18:41:07.538839
NV,2021-01-01,2021-01-31,monthly,ALL,TOTAL,TOTAL,,combined,baseball,1000809,-45300000,-45300000,,,46300809,,,-45.26338192402346,31,False,False,NV_2021_01_gri.pdf,,,,4,,https://www.gaming.nv.gov/uploadedFiles/gamingnvgov/content/about/gaming-revenue/2021Jan-gri.pdf,https://www.gaming.nv.gov/about-us/gaming-revenue-information-gri/,NV/screenshots/NV_2021_01_NV_2021_01_gri_p1.png,"Sports - Baseball 14 14 (453) (76.28) (4,526.34) 119 119 (6,518) (33.57) (339.56) 199 199 23,583 (58.17) 4.54",,2026-04-08T18:41:07.538839
NV,2021-01-01,2021-01-31,monthly,ALL,TOTAL,TOTAL,,combined,parlay,407072987,108200000,108200000,,,298872987,7303500,,0.2658000001360935,31,False,False,NV_2021_01_gri.pdf,,,,4,,https://www.gaming.nv.gov/uploadedFiles/gamingnvgov/content/about/gaming-revenue/2021Jan-gri.pdf,https://www.gaming.nv.gov/about-us/gaming-revenue-information-gri/,NV/screenshots/NV_2021_01_NV_2021_01_gri_p1.png,"Sports Parlay Cards 152 152 1,082 290.68 26.58 157 157 9,347 149.32 43.38 195 195 15,959 4.94 40.77",,2026-04-08T18:41:07.538839
NV,2021-01-01,2021-01-31,monthly,ALL,TOTAL,TOTAL,,combined,hockey,2381486676,169800000,169800000,,,2211686676,11461500,,0.07130000000050389,31,False,False,NV_2021_01_gri.pdf,,,,4,,https://www.gaming.nv.gov/uploadedFiles/gamingnvgov/content/about/gaming-revenue/2021Jan-gri.pdf,https://www.gaming.nv.gov/about-us/gaming-revenue-information-gri/,NV/screenshots/NV_2021_01_NV_2021_01_gri_p1.png,"Sports - Hockey 169 169 1,698 47.74 7.13 170 170 1,216 5.81 4.90 200 200 10,271 793.77 6.87",,2026-04-08T18:41:07.538839
NV,2021-01-01,2021-01-31,monthly,ALL,TOTAL,TOTAL,,combined,other,3719211823,226500000,226500000,,,3492711823,15288750,,0.0608999999944343,31,False,False,NV_2021_01_gri.pdf,,,,4,,https://www.gaming.nv.gov/uploadedFiles/gamingnvgov/content/about/gaming-revenue/2021Jan-gri.pdf,https://www.gaming.nv.gov/about-us/gaming-revenue-information-gri/,NV/screenshots/NV_2021_01_NV_2021_01_gri_p1.png,"Other 175 2,265 (1.97) 6.09 174 7,571 (11.75) 5.84 147 31,732 (21.23) 5.78",,2026-04-08T18:41:07.538839
NV,2021-02-01,2021-02-28,monthly,ALL,TOTAL,TOTAL,,online,,31634674923,1021800000,1021800000,,,30612874923,68971500,,0.03229999999959222,28,False,False,NV_2021_02_gri.pdf,,,,4,,https://www.gaming.nv.gov/uploadedFiles/gamingnvgov/content/about/gaming-revenue/2021Feb-gri.pdf,https://www.gaming.nv.gov/about-us/gaming-revenue-information-gri/,NV/screenshots/NV_2021_02_NV_2021_02_gri_p1.png,"*** Sports - Mobile 41 10,218 2.90 3.23 42 56,099 165.07 5.44 64 129,795 513.28 4.82",,2026-04-08T18:41:08.519640
NV,2021-02-01,2021-02-28,monthly,ALL,TOTAL,TOTAL,,combined,,55384347826,3184600000,3184600000,,,52199747826,214960500,,0.05750000000009028,28,False,False,NV_2021_02_gri.pdf,,,,4,,https://www.gaming.nv.gov/uploadedFiles/gamingnvgov/content/about/gaming-revenue/2021Feb-gri.pdf,https://www.gaming.nv.gov/about-us/gaming-revenue-information-gri/,NV/screenshots/NV_2021_02_NV_2021_02_gri_p1.png,"Sports Pool (2) 180 176 31,846 (16.33) 5.75 182 175 124,800 32.01 6.98 203 145 288,810 (14.23) 6.35",,2026-04-08T18:41:08.519640
NV,2021-02-01,2021-02-28,monthly,ALL,TOTAL,TOTAL,,combined,football,13364605544,626800000,626800000,,,12737805544,42309000,,0.04689999999898239,28,False,False,NV_2021_02_gri.pdf,,,,4,,https://www.gaming.nv.gov/uploadedFiles/gamingnvgov/content/about/gaming-revenue/2021Feb-gri.pdf,https://www.gaming.nv.gov/about-us/gaming-revenue-information-gri/,NV/screenshots/NV_2021_02_NV_2021_02_gri_p1.png,"(2) Sports - Football 180 180 6,268 (58.64) 4.69 180 180 57,730 29.32 7.27 198 198 138,643 11.39 7.04",,2026-04-08T18:41:08.519640
NV,2021-02-01,2021-02-28,monthly,ALL,TOTAL,TOTAL,,combined,basketball,32593220339,1923000000,1923000000,,,30670220339,129802500,,0.05899999999996932,28,False,False,NV_2021_02_gri.pdf,,,,4,,https://www.gaming.nv.gov/uploadedFiles/gamingnvgov/content/about/gaming-revenue/2021Feb-gri.pdf,https://www.gaming.nv.gov/about-us/gaming-revenue-information-gri/,NV/screenshots/NV_2021_02_NV_2021_02_gri_p1.png,"Sports - Basketball 176 176 19,230 46.27 5.90 176 176 54,098 46.83 6.80 199 199 72,036 (23.70) 5.52",,2026-04-08T18:41:08.519640
NV,2021-02-01,2021-02-28,monthly,ALL,TOTAL,TOTAL,,combined,baseball,16057834,-25100000,-25100000,,,41157834,,,-1.5630999797357477,28,False,False,NV_2021_02_gri.pdf,,,,4,,https://www.gaming.nv.gov/uploadedFiles/gamingnvgov/content/about/gaming-revenue/2021Feb-gri.pdf,https://www.gaming.nv.gov/about-us/gaming-revenue-information-gri/,NV/screenshots/NV_2021_02_NV_2021_02_gri_p1.png,"Sports - Baseball 133 133 (251) 14.96 (156.31) 133 133 (2,423) (37.09) (1,284.99) 199 199 23,550 (58.27) 4.54",,2026-04-08T18:41:08.519640
NV,2021-02-01,2021-02-28,monthly,ALL,TOTAL,TOTAL,,combined,parlay,100268577,11200000,11200000,,,89068577,756000,,0.1116999994923634,28,False,False,NV_2021_02_gri.pdf,,,,4,,https://www.gaming.nv.gov/uploadedFiles/gamingnvgov/content/about/gaming-revenue/2021Feb-gri.pdf,https://www.gaming.nv.gov/about-us/gaming-revenue-information-gri/,NV/screenshots/NV_2021_02_NV_2021_02_gri_p1.png,"Sports Parlay Cards 140 140 112 (85.80) 11.17 157 157 3,805 73.09 30.74 167 167 15,283 (1.27) 40.00",,2026-04-08T18:41:08.519640
NV,2021-02-01,2021-02-28,monthly,ALL,TOTAL,TOTAL,,combined,hockey,3952536825,241500000,241500000,,,3711036825,16301250,,0.061099999998102485,28,False,False,NV_2021_02_gri.pdf,,,,4,,https://www.gaming.nv.gov/uploadedFiles/gamingnvgov/content/about/gaming-revenue/2021Feb-gri.pdf,https://www.gaming.nv.gov/about-us/gaming-revenue-information-gri/,NV/screenshots/NV_2021_02_NV_2021_02_gri_p1.png,"Sports - Hockey 172 172 2,415 (21.07) 6.11 174 174 3,955 (6.04) 6.18 199 199 9,626 128.70 6.18",,2026-04-08T18:41:08.519640
NV,2021-02-01,2021-02-28,monthly,ALL,TOTAL,TOTAL,,combined,other,5379128137,407200000,407200000,,,4971928137,27486000,,0.0757000000054098,28,False,False,NV_2021_02_gri.pdf,,,,4,,https://www.gaming.nv.gov/uploadedFiles/gamingnvgov/content/about/gaming-revenue/2021Feb-gri.pdf,https://www.gaming.nv.gov/about-us/gaming-revenue-information-gri/,NV/screenshots/NV_2021_02_NV_2021_02_gri_p1.png,"Other 176 4,072 (33.59) 7.57 175 7,635 (27.29) 6.22 145 29,672 (28.90) 5.30",,2026-04-08T18:41:08.519640
NV,2021-03-01,2021-03-31,monthly,ALL,TOTAL,TOTAL,,online,,38512544803,2149000000,2149000000,,,36363544803,145057500,,0.05579999999980786,31,False,False,NV_2021_03_gri.pdf,,,,4,,https://www.gaming.nv.gov/uploadedFiles/gamingnvgov/content/about/gaming-revenue/2021Mar-gri.pdf,https://www.gaming.nv.gov/about-us/gaming-revenue-information-gri/,NV/screenshots/NV_2021_03_NV_2021_03_gri_p1.png,"*** Sports - Mobile 41 21,490 463.27 5.58 42 54,838 119.53 5.15 64 147,483 490.42 4.93",,2026-04-08T18:41:09.584773
NV,2021-03-01,2021-03-31,monthly,ALL,TOTAL,TOTAL,,combined,,64078175896,3934400000,3934400000,,,60143775896,265572000,,0.06139999999977527,31,False,False,NV_2021_03_gri.pdf,,,,4,,https://www.gaming.nv.gov/uploadedFiles/gamingnvgov/content/about/gaming-revenue/2021Mar-gri.pdf,https://www.gaming.nv.gov/about-us/gaming-revenue-information-gri/,NV/screenshots/NV_2021_03_NV_2021_03_gri_p1.png,"Sports Pool (2) 180 179 39,344 2,605.34 6.14 182 176 123,571 107.10 6.71 199 144 326,734 6.90 6.47",,2026-04-08T18:41:09.584773
NV,2021-03-01,2021-03-31,monthly,ALL,TOTAL,TOTAL,,combined,football,272686040,-841700000,-841700000,,,1114386040,,,-3.086700001217517,31,False,False,NV_2021_03_gri.pdf,,,,4,,https://www.gaming.nv.gov/uploadedFiles/gamingnvgov/content/about/gaming-revenue/2021Mar-gri.pdf,https://www.gaming.nv.gov/about-us/gaming-revenue-information-gri/,NV/screenshots/NV_2021_03_NV_2021_03_gri_p1.png,"(2) Sports - Football 138 138 (8,417) 57.80 (308.67) 180 180 23,452 50.26 5.52 191 191 135,560 2.95 6.88",,2026-04-08T18:41:09.584773
NV,2021-03-01,2021-03-31,monthly,ALL,TOTAL,TOTAL,,combined,basketball,50145258103,4177100000,4177100000,,,45968158103,281954250,,0.08330000000040083,31,False,False,NV_2021_03_gri.pdf,,,,4,,https://www.gaming.nv.gov/uploadedFiles/gamingnvgov/content/about/gaming-revenue/2021Mar-gri.pdf,https://www.gaming.nv.gov/about-us/gaming-revenue-information-gri/,NV/screenshots/NV_2021_03_NV_2021_03_gri_p1.png,"Sports - Basketball 177 177 41,771 608.35 8.33 177 177 83,189 163.40 7.43 195 195 107,909 69.22 6.34",,2026-04-08T18:41:09.584773
NV,2021-03-01,2021-03-31,monthly,ALL,TOTAL,TOTAL,,combined,baseball,922651934,33400000,33400000,,,889251934,2254500,,0.03619999998829461,31,False,False,NV_2021_03_gri.pdf,,,,4,,https://www.gaming.nv.gov/uploadedFiles/gamingnvgov/content/about/gaming-revenue/2021Mar-gri.pdf,https://www.gaming.nv.gov/about-us/gaming-revenue-information-gri/,NV/screenshots/NV_2021_03_NV_2021_03_gri_p1.png,"Sports - Baseball 171 171 334 1,242.49 3.62 172 172 (370) (82.39) (3.95) 194 194 23,859 (55.83) 4.54",,2026-04-08T18:41:09.584773
NV,2021-03-01,2021-03-31,monthly,ALL,TOTAL,TOTAL,,combined,parlay,49459042,12800000,12800000,,,36659042,864000,,0.258799998592775,31,False,False,NV_2021_03_gri.pdf,,,,4,,https://www.gaming.nv.gov/uploadedFiles/gamingnvgov/content/about/gaming-revenue/2021Mar-gri.pdf,https://www.gaming.nv.gov/about-us/gaming-revenue-information-gri/,NV/screenshots/NV_2021_03_NV_2021_03_gri_p1.png,"Sports Parlay Cards 118 118 128 (368.75) 25.88 156 156 1,321 29.88 23.75 162 162 15,458 2.02 40.02",,2026-04-08T18:41:09.584773
NV,2021-03-01,2021-03-31,monthly,ALL,TOTAL,TOTAL,,combined,hockey,5800000000,168200000,168200000,,,5631800000,11353500,,0.029,31,False,False,NV_2021_03_gri.pdf,,,,4,,https://www.gaming.nv.gov/uploadedFiles/gamingnvgov/content/about/gaming-revenue/2021Mar-gri.pdf,https://www.gaming.nv.gov/about-us/gaming-revenue-information-gri/,NV/screenshots/NV_2021_03_NV_2021_03_gri_p1.png,"Sports - Hockey 173 173 1,682 208.25 2.90 174 174 5,795 21.87 4.77 196 196 10,762 126.36 5.32",,2026-04-08T18:41:09.584773
NV,2021-03-01,2021-03-31,monthly,ALL,TOTAL,TOTAL,,combined,other,6908438061,384800000,384800000,,,6523638061,25974000,,0.05570000000033293,31,False,False,NV_2021_03_gri.pdf,,,,4,,https://www.gaming.nv.gov/uploadedFiles/gamingnvgov/content/about/gaming-revenue/2021Mar-gri.pdf,https://www.gaming.nv.gov/about-us/gaming-revenue-information-gri/,NV/screenshots/NV_2021_03_NV_2021_03_gri_p1.png,"Other 179 3,848 944.72 5.57 176 10,184 15.60 6.36 144 33,185 (8.54) 5.45",,2026-04-08T18:41:09.584773
NV,2021-04-01,2021-04-30,monthly,ALL,TOTAL,TOTAL,,online,,29709302326,1788500000,1788500000,,,27920802326,120723750,,0.06019999999915178,30,False,False,NV_2021_04_gri.pdf,,,,4,,https://www.gaming.nv.gov/uploadedFiles/gamingnvgov/content/about/gaming-revenue/2021Apr-gri.pdf,https://www.gaming.nv.gov/about-us/gaming-revenue-information-gri/,NV/screenshots/NV_2021_04_NV_2021_04_gri_p1.png,"*** Sports - Mobile 41 17,885 6.02 43 49,593 250.69 4.97 64 164,972 550.12 5.04",,2026-04-08T18:41:10.585412
NV,2021-04-01,2021-04-30,monthly,ALL,TOTAL,TOTAL,,combined,,45779831933,2723900000,2723900000,,,43055931933,183863250,,0.05949999999970511,30,False,False,NV_2021_04_gri.pdf,,,,4,,https://www.gaming.nv.gov/uploadedFiles/gamingnvgov/content/about/gaming-revenue/2021Apr-gri.pdf,https://www.gaming.nv.gov/about-us/gaming-revenue-information-gri/,NV/screenshots/NV_2021_04_NV_2021_04_gri_p1.png,"Sports Pool (2) 180 179 27,239 5.95 183 178 98,429 147.75 5.95 200 159 353,759 24.43 6.44",,2026-04-08T18:41:10.585412
NV,2021-04-01,2021-04-30,monthly,ALL,TOTAL,TOTAL,,combined,football,351065311,-252100000,-252100000,,,603165311,,,-0.718100000486804,30,False,False,NV_2021_04_gri.pdf,,,,4,,https://www.gaming.nv.gov/uploadedFiles/gamingnvgov/content/about/gaming-revenue/2021Apr-gri.pdf,https://www.gaming.nv.gov/about-us/gaming-revenue-information-gri/,NV/screenshots/NV_2021_04_NV_2021_04_gri_p1.png,"(2) Sports - Football 142 142 (2,521) 437.36 (71.81) 180 180 (4,701) (150.28) (3.37) 191 191 133,477 (1.86) 6.77",,2026-04-08T18:41:10.585412
NV,2021-04-01,2021-04-30,monthly,ALL,TOTAL,TOTAL,,combined,basketball,18105042017,861800000,861800000,,,17243242017,58171500,,0.047599999999491854,30,False,False,NV_2021_04_gri.pdf,,,,4,,https://www.gaming.nv.gov/uploadedFiles/gamingnvgov/content/about/gaming-revenue/2021Apr-gri.pdf,https://www.gaming.nv.gov/about-us/gaming-revenue-information-gri/,NV/screenshots/NV_2021_04_NV_2021_04_gri_p1.png,"Sports - Basketball 177 177 8,618 4.76 178 178 69,642 267.39 6.90 196 196 116,638 108.85 6.19",,2026-04-08T18:41:10.585412
NV,2021-04-01,2021-04-30,monthly,ALL,TOTAL,TOTAL,,combined,baseball,16372389791,1411300000,1411300000,,,14961089791,95262750,,0.08620000000096503,30,False,False,NV_2021_04_gri.pdf,,,,4,,https://www.gaming.nv.gov/uploadedFiles/gamingnvgov/content/about/gaming-revenue/2021Apr-gri.pdf,https://www.gaming.nv.gov/about-us/gaming-revenue-information-gri/,NV/screenshots/NV_2021_04_NV_2021_04_gri_p1.png,"Sports - Baseball 177 177 14,113 8.62 178 178 14,197 8.20 196 196 37,980 (13.68) 5.51",,2026-04-08T18:41:10.585412
NV,2021-04-01,2021-04-30,monthly,ALL,TOTAL,TOTAL,,combined,parlay,11594203,800000,800000,,,10794203,54000,,0.06899999939625001,30,False,False,NV_2021_04_gri.pdf,,,,4,,https://www.gaming.nv.gov/uploadedFiles/gamingnvgov/content/about/gaming-revenue/2021Apr-gri.pdf,https://www.gaming.nv.gov/about-us/gaming-revenue-information-gri/,NV/screenshots/NV_2021_04_NV_2021_04_gri_p1.png,"Sports Parlay Cards 15 15 8 (186.64) 6.90 142 142 246 (66.37) 15.37 162 162 15,474 2.27 39.95",,2026-04-08T18:41:10.585412
NV,2021-04-01,2021-04-30,monthly,ALL,TOTAL,TOTAL,,combined,hockey,4555314534,210000000,210000000,,,4345314534,14175000,,0.04609999999618029,30,False,False,NV_2021_04_gri.pdf,,,,4,,https://www.gaming.nv.gov/uploadedFiles/gamingnvgov/content/about/gaming-revenue/2021Apr-gri.pdf,https://www.gaming.nv.gov/about-us/gaming-revenue-information-gri/,NV/screenshots/NV_2021_04_NV_2021_04_gri_p1.png,"Sports - Hockey 172 172 2,100 4.61 175 175 6,197 74.90 4.33 197 197 12,925 175.43 5.21",,2026-04-08T18:41:10.585412
NV,2021-04-01,2021-04-30,monthly,ALL,TOTAL,TOTAL,,combined,other,6425587467,492200000,492200000,,,5933387467,33223500,,0.07660000000432646,30,False,False,NV_2021_04_gri.pdf,,,,4,,https://www.gaming.nv.gov/uploadedFiles/gamingnvgov/content/about/gaming-revenue/2021Apr-gri.pdf,https://www.gaming.nv.gov/about-us/gaming-revenue-information-gri/,NV/screenshots/NV_2021_04_NV_2021_04_gri_p1.png,"Other 179 4,922 479.99 7.66 178 12,848 74.85 6.87 159 37,265 30.15 5.64",,2026-04-08T18:41:10.585412
NV,2021-05-01,2021-05-31,monthly,ALL,TOTAL,TOTAL,,online,,29786995516,1328500000,1328500000,,,28458495516,89673750,,0.04459999999954342,31,False,False,NV_2021_05_gri.pdf,,,,4,,https://www.gaming.nv.gov/uploadedFiles/gamingnvgov/content/about/gaming-revenue/2021May-gri.pdf,https://www.gaming.nv.gov/about-us/gaming-revenue-information-gri/,NV/screenshots/NV_2021_05_NV_2021_05_gri_p1.png,"*** Sports - Mobile 39 13,285 488.70 4.46 42 52,659 714.12 5.37 63 176,000 536.93 4.99",,2026-04-08T18:41:11.576989
NV,2021-05-01,2021-05-31,monthly,ALL,TOTAL,TOTAL,,combined,,47758377425,2707900000,2707900000,,,45050477425,182783250,,0.05670000000005235,31,False,False,NV_2021_05_gri.pdf,,,,4,,https://www.gaming.nv.gov/uploadedFiles/gamingnvgov/content/about/gaming-revenue/2021May-gri.pdf,https://www.gaming.nv.gov/about-us/gaming-revenue-information-gri/,NV/screenshots/NV_2021_05_NV_2021_05_gri_p1.png,"Sports Pool (2) 176 175 27,079 5.67 182 177 93,663 5.94 200 174 378,384 37.35 6.38",,2026-04-08T18:41:11.576989
NV,2021-05-01,2021-05-31,monthly,ALL,TOTAL,TOTAL,,combined,football,175055928,-156500000,-156500000,,,331555928,,,-0.8940000021021853,31,False,False,NV_2021_05_gri.pdf,,,,4,,https://www.gaming.nv.gov/uploadedFiles/gamingnvgov/content/about/gaming-revenue/2021May-gri.pdf,https://www.gaming.nv.gov/about-us/gaming-revenue-information-gri/,NV/screenshots/NV_2021_05_NV_2021_05_gri_p1.png,"(2) Sports - Football 152 152 (1,565) 308.04 (89.40) 161 161 (12,534) 102.60 (167.74) 192 192 132,295 (4.16) 6.70",,2026-04-08T18:41:11.576989
NV,2021-05-01,2021-05-31,monthly,ALL,TOTAL,TOTAL,,combined,basketball,18144674086,1141300000,1141300000,,,17003374086,77037750,,0.06289999999948194,31,False,False,NV_2021_05_gri.pdf,,,,4,,https://www.gaming.nv.gov/uploadedFiles/gamingnvgov/content/about/gaming-revenue/2021May-gri.pdf,https://www.gaming.nv.gov/about-us/gaming-revenue-information-gri/,NV/screenshots/NV_2021_05_NV_2021_05_gri_p1.png,"Sports - Basketball 174 174 11,413 6.29 178 178 61,825 993.03 7.15 196 196 128,205 150.49 6.21",,2026-04-08T18:41:11.576989
NV,2021-05-01,2021-05-31,monthly,ALL,TOTAL,TOTAL,,combined,baseball,17683673469,866500000,866500000,,,16817173469,58488750,,0.049000000001074434,31,False,False,NV_2021_05_gri.pdf,,,,4,,https://www.gaming.nv.gov/uploadedFiles/gamingnvgov/content/about/gaming-revenue/2021May-gri.pdf,https://www.gaming.nv.gov/about-us/gaming-revenue-information-gri/,NV/screenshots/NV_2021_05_NV_2021_05_gri_p1.png,"Sports - Baseball 175 175 8,665 4.90 178 178 23,113 6.61 196 196 46,504 27.87 5.40",,2026-04-08T18:41:11.576989
NV,2021-05-01,2021-05-31,monthly,ALL,TOTAL,TOTAL,,combined,parlay,12453875,5400000,5400000,,,7053875,364500,,0.43359998394074134,31,False,False,NV_2021_05_gri.pdf,,,,4,,https://www.gaming.nv.gov/uploadedFiles/gamingnvgov/content/about/gaming-revenue/2021May-gri.pdf,https://www.gaming.nv.gov/about-us/gaming-revenue-information-gri/,NV/screenshots/NV_2021_05_NV_2021_05_gri_p1.png,"Sports Parlay Cards 19 19 54 43.36 117 117 188 (414.74) 25.97 162 162 15,531 3.16 39.97",,2026-04-08T18:41:11.576989
NV,2021-05-01,2021-05-31,monthly,ALL,TOTAL,TOTAL,,combined,hockey,5228637413,226400000,226400000,,,5002237413,15282000,,0.04330000000327045,31,False,False,NV_2021_05_gri.pdf,,,,4,,https://www.gaming.nv.gov/uploadedFiles/gamingnvgov/content/about/gaming-revenue/2021May-gri.pdf,https://www.gaming.nv.gov/about-us/gaming-revenue-information-gri/,NV/screenshots/NV_2021_05_NV_2021_05_gri_p1.png,"Sports - Hockey 171 171 2,264 484.52 4.33 175 175 6,047 594.24 3.88 197 197 14,802 191.38 4.94",,2026-04-08T18:41:11.576989
NV,2021-05-01,2021-05-31,monthly,ALL,TOTAL,TOTAL,,combined,other,6474611399,624800000,624800000,,,5849811399,42174000,,0.09649999999945942,31,False,False,NV_2021_05_gri.pdf,,,,4,,https://www.gaming.nv.gov/uploadedFiles/gamingnvgov/content/about/gaming-revenue/2021May-gri.pdf,https://www.gaming.nv.gov/about-us/gaming-revenue-information-gri/,NV/screenshots/NV_2021_05_NV_2021_05_gri_p1.png,"Other 175 6,248 153.40 9.65 177 15,024 307.99 7.59 174 41,047 37.90 5.97",,2026-04-08T18:41:11.576989
NV,2021-06-01,2021-06-30,monthly,ALL,TOTAL,TOTAL,,online,,31430703625,1474100000,1474100000,,,29956603625,99501750,,0.0468999999996023,30,False,False,NV_2021_06_gri.pdf,,,,4,,https://www.gaming.nv.gov/uploadedFiles/gamingnvgov/content/about/gaming-revenue/2021Jun-gri.pdf,https://www.gaming.nv.gov/about-us/gaming-revenue-information-gri/,NV/screenshots/NV_2021_06_NV_2021_06_gri_p1.png,"*** Sports - Mobile 41 14,741 541.73 4.69 42 45,910 827.46 5.05 65 188,444 529.63 4.98",,2026-04-08T18:41:12.583091
NV,2021-06-01,2021-06-30,monthly,ALL,TOTAL,TOTAL,,combined,,54551401869,2918500000,2918500000,,,51632901869,196998750,,0.05350000000015582,30,False,False,NV_2021_06_gri.pdf,,,,4,,https://www.gaming.nv.gov/uploadedFiles/gamingnvgov/content/about/gaming-revenue/2021Jun-gri.pdf,https://www.gaming.nv.gov/about-us/gaming-revenue-information-gri/,NV/screenshots/NV_2021_06_NV_2021_06_gri_p1.png,"Sports Pool (2) 176 176 29,185 5.35 179 176 83,503 5.64 199 175 408,051 57.90 6.38",,2026-04-08T18:41:12.583091
NV,2021-06-01,2021-06-30,monthly,ALL,TOTAL,TOTAL,,combined,football,56662610,-74500000,-74500000,,,131162610,,,-1.314800006565176,30,False,False,NV_2021_06_gri.pdf,,,,4,,https://www.gaming.nv.gov/uploadedFiles/gamingnvgov/content/about/gaming-revenue/2021Jun-gri.pdf,https://www.gaming.nv.gov/about-us/gaming-revenue-information-gri/,NV/screenshots/NV_2021_06_NV_2021_06_gri_p1.png,"(2) Sports - Football 102 102 (745) (85.83) (131.48) 158 158 (4,832) (20.97) (82.90) 192 192 136,811 2.55 6.93",,2026-04-08T18:41:12.583091
NV,2021-06-01,2021-06-30,monthly,ALL,TOTAL,TOTAL,,combined,basketball,19395303327,1982200000,1982200000,,,17413103327,133798500,,0.10219999999899976,30,False,False,NV_2021_06_gri.pdf,,,,4,,https://www.gaming.nv.gov/uploadedFiles/gamingnvgov/content/about/gaming-revenue/2021Jun-gri.pdf,https://www.gaming.nv.gov/about-us/gaming-revenue-information-gri/,NV/screenshots/NV_2021_06_NV_2021_06_gri_p1.png,"Sports - Basketball 176 176 19,822 10.22 176 176 39,853 7.16 197 197 147,730 191.88 6.56",,2026-04-08T18:41:12.583091
NV,2021-06-01,2021-06-30,monthly,ALL,TOTAL,TOTAL,,combined,baseball,22624113475,319000000,319000000,,,22305113475,21532500,,0.014100000000110502,30,False,False,NV_2021_06_gri.pdf,,,,4,,https://www.gaming.nv.gov/uploadedFiles/gamingnvgov/content/about/gaming-revenue/2021Jun-gri.pdf,https://www.gaming.nv.gov/about-us/gaming-revenue-information-gri/,NV/screenshots/NV_2021_06_NV_2021_06_gri_p1.png,"Sports - Baseball 176 176 3,190 129.77 1.41 176 176 25,968 4.58 197 197 48,305 86.49 4.48",,2026-04-08T18:41:12.583091
NV,2021-06-01,2021-06-30,monthly,ALL,TOTAL,TOTAL,,combined,parlay,10514964,3900000,3900000,,,6614964,263250,,0.37089998596286206,30,False,False,NV_2021_06_gri.pdf,,,,4,,https://www.gaming.nv.gov/uploadedFiles/gamingnvgov/content/about/gaming-revenue/2021Jun-gri.pdf,https://www.gaming.nv.gov/about-us/gaming-revenue-information-gri/,NV/screenshots/NV_2021_06_NV_2021_06_gri_p1.png,"Sports Parlay Cards 19 19 39 (133.65) 37.09 20 20 100 (178.09) 29.60 162 162 15,686 5.46 40.26",,2026-04-08T18:41:12.583091
NV,2021-06-01,2021-06-30,monthly,ALL,TOTAL,TOTAL,,combined,hockey,4401428571,308100000,308100000,,,4093328571,20796750,,0.07000000000681597,30,False,False,NV_2021_06_gri.pdf,,,,4,,https://www.gaming.nv.gov/uploadedFiles/gamingnvgov/content/about/gaming-revenue/2021Jun-gri.pdf,https://www.gaming.nv.gov/about-us/gaming-revenue-information-gri/,NV/screenshots/NV_2021_06_NV_2021_06_gri_p1.png,"Sports - Hockey 172 172 3,081 7.00 174 174 7,445 5.25 197 197 18,068 269.13 5.26",,2026-04-08T18:41:12.583091
NV,2021-06-01,2021-06-30,monthly,ALL,TOTAL,TOTAL,,combined,other,8048728814,379900000,379900000,,,7668828814,25643250,,0.04719999999741574,30,False,False,NV_2021_06_gri.pdf,,,,4,,https://www.gaming.nv.gov/uploadedFiles/gamingnvgov/content/about/gaming-revenue/2021Jun-gri.pdf,https://www.gaming.nv.gov/about-us/gaming-revenue-information-gri/,NV/screenshots/NV_2021_06_NV_2021_06_gri_p1.png,"Other 176 3,799 11.88 4.72 176 14,969 123.09 7.15 175 41,451 44.30 5.87",,2026-04-08T18:41:12.583091
NV,2021-07-01,2021-07-31,monthly,ALL,TOTAL,TOTAL,,online,,24195035461,1364600000,1364600000,,,22830435461,92110500,,0.05639999999998347,31,False,False,NV_2021_07_gri.pdf,,,,4,,https://www.gaming.nv.gov/uploadedFiles/gamingnvgov/content/about/gaming-revenue/2021Jul-gri.pdf,https://www.gaming.nv.gov/about-us/gaming-revenue-information-gri/,NV/screenshots/NV_2021_07_NV_2021_07_gri_p1.png,"*** Sports - Mobile 43 13,646 135.18 5.64 43 41,672 302.38 4.88 66 196,287 449.33 5.02",,2026-04-08T18:41:13.584260
NV,2021-07-01,2021-07-31,monthly,ALL,TOTAL,TOTAL,,combined,,40985221675,3328000000,3328000000,,,37657221675,224640000,,0.08119999999975601,31,False,False,NV_2021_07_gri.pdf,,,,4,,https://www.gaming.nv.gov/uploadedFiles/gamingnvgov/content/about/gaming-revenue/2021Jul-gri.pdf,https://www.gaming.nv.gov/about-us/gaming-revenue-information-gri/,NV/screenshots/NV_2021_07_NV_2021_07_gri_p1.png,"Sports Pool (2) 176 176 33,280 428.56 8.12 177 175 89,544 983.01 6.25 199 176 435,035 71.15 6.55",,2026-04-08T18:41:13.584260
NV,2021-07-01,2021-07-31,monthly,ALL,TOTAL,TOTAL,,combined,football,94831674,-100000000,-100000000,,,194831674,,,-1.054499997543015,31,False,False,NV_2021_07_gri.pdf,,,,4,,https://www.gaming.nv.gov/uploadedFiles/gamingnvgov/content/about/gaming-revenue/2021Jul-gri.pdf,https://www.gaming.nv.gov/about-us/gaming-revenue-information-gri/,NV/screenshots/NV_2021_07_NV_2021_07_gri_p1.png,"(2) Sports - Football 111 111 (1,000) (70.24) (105.45) 157 157 (3,310) (63.24) (101.37) 193 193 139,175 6.87 7.05",,2026-04-08T18:41:13.584260
NV,2021-07-01,2021-07-31,monthly,ALL,TOTAL,TOTAL,,combined,basketball,7727873184,585000000,585000000,,,7142873184,39487500,,0.07569999999627323,31,False,False,NV_2021_07_gri.pdf,,,,4,,https://www.gaming.nv.gov/uploadedFiles/gamingnvgov/content/about/gaming-revenue/2021Jul-gri.pdf,https://www.gaming.nv.gov/about-us/gaming-revenue-information-gri/,NV/screenshots/NV_2021_07_NV_2021_07_gri_p1.png,"Sports - Basketball 176 176 5,850 7.57 176 176 37,085 8.19 197 197 153,609 191.61 6.64",,2026-04-08T18:41:13.584260
NV,2021-07-01,2021-07-31,monthly,ALL,TOTAL,TOTAL,,combined,baseball,22759281437,1900400000,1900400000,,,20858881437,128277000,,0.08350000000046134,31,False,False,NV_2021_07_gri.pdf,,,,4,,https://www.gaming.nv.gov/uploadedFiles/gamingnvgov/content/about/gaming-revenue/2021Jul-gri.pdf,https://www.gaming.nv.gov/about-us/gaming-revenue-information-gri/,NV/screenshots/NV_2021_07_NV_2021_07_gri_p1.png,"Sports - Baseball 176 176 19,004 335.47 8.35 176 176 30,859 423.59 4.89 197 197 62,940 190.51 5.07",,2026-04-08T18:41:13.584260
NV,2021-07-01,2021-07-31,monthly,ALL,TOTAL,TOTAL,,combined,parlay,7720904,2700000,2700000,,,5020904,182250,,0.3496999833180156,31,False,False,NV_2021_07_gri.pdf,,,,4,,https://www.gaming.nv.gov/uploadedFiles/gamingnvgov/content/about/gaming-revenue/2021Jul-gri.pdf,https://www.gaming.nv.gov/about-us/gaming-revenue-information-gri/,NV/screenshots/NV_2021_07_NV_2021_07_gri_p1.png,"Sports Parlay Cards 19 19 27 (235.59) 34.97 20 20 120 (185.78) 39.09 162 162 15,734 6.37 40.31",,2026-04-08T18:41:13.584260
NV,2021-07-01,2021-07-31,monthly,ALL,TOTAL,TOTAL,,combined,hockey,876790831,30600000,30600000,,,846190831,2065500,,0.034899999997833005,31,False,False,NV_2021_07_gri.pdf,,,,4,,https://www.gaming.nv.gov/uploadedFiles/gamingnvgov/content/about/gaming-revenue/2021Jul-gri.pdf,https://www.gaming.nv.gov/about-us/gaming-revenue-information-gri/,NV/screenshots/NV_2021_07_NV_2021_07_gri_p1.png,"Sports - Hockey 168 168 306 (375.93) 3.49 173 173 5,652 5.38 197 197 18,486 286.43 5.26",,2026-04-08T18:41:13.584260
NV,2021-07-01,2021-07-31,monthly,ALL,TOTAL,TOTAL,,combined,other,9499477534,909100000,909100000,,,8590377534,61364250,,0.09569999999959998,31,False,False,NV_2021_07_gri.pdf,,,,4,,https://www.gaming.nv.gov/uploadedFiles/gamingnvgov/content/about/gaming-revenue/2021Jul-gri.pdf,https://www.gaming.nv.gov/about-us/gaming-revenue-information-gri/,NV/screenshots/NV_2021_07_NV_2021_07_gri_p1.png,"Other 176 9,091 66.76 9.57 175 19,138 69.17 7.97 176 45,092 50.14 6.25",,2026-04-08T18:41:13.584260
NV,2021-08-01,2021-08-31,monthly,ALL,TOTAL,TOTAL,,online,,29648464164,868700000,868700000,,,28779764164,58637250,,0.029299999999824612,31,False,False,NV_2021_08_gri.pdf,,,,4,,https://www.gaming.nv.gov/uploadedFiles/gamingnvgov/content/about/gaming-revenue/2021Aug-gri.pdf,https://www.gaming.nv.gov/about-us/gaming-revenue-information-gri/,NV/screenshots/NV_2021_08_NV_2021_08_gri_p1.png,"*** Sports - Mobile 48 8,687 (20.94) 2.93 49 37,075 94.22 4.34 70 193,986 315.20 4.97",,2026-04-08T18:41:14.560663
NV,2021-08-01,2021-08-31,monthly,ALL,TOTAL,TOTAL,,combined,,42814925373,1434300000,1434300000,,,41380625373,96815250,,0.033500000000105105,31,False,False,NV_2021_08_gri.pdf,,,,4,,https://www.gaming.nv.gov/uploadedFiles/gamingnvgov/content/about/gaming-revenue/2021Aug-gri.pdf,https://www.gaming.nv.gov/about-us/gaming-revenue-information-gri/,NV/screenshots/NV_2021_08_NV_2021_08_gri_p1.png,"Sports Pool (2) 177 176 14,343 (15.56) 3.35 177 176 76,807 236.88 5.55 198 176 432,391 71.29 6.56",,2026-04-08T18:41:14.560663
NV,2021-08-01,2021-08-31,monthly,ALL,TOTAL,TOTAL,,combined,football,4294117647,7300000,7300000,,,4286817647,492750,,0.0017000000000232877,31,False,False,NV_2021_08_gri.pdf,,,,4,,https://www.gaming.nv.gov/uploadedFiles/gamingnvgov/content/about/gaming-revenue/2021Aug-gri.pdf,https://www.gaming.nv.gov/about-us/gaming-revenue-information-gri/,NV/screenshots/NV_2021_08_NV_2021_08_gri_p1.png,"(2) Sports - Football 176 176 73 (102.16) 0.17 176 176 (1,672) (86.09) (3.75) 193 193 142,644 24.93 7.08",,2026-04-08T18:41:14.560663
NV,2021-08-01,2021-08-31,monthly,ALL,TOTAL,TOTAL,,combined,basketball,1490250696,-107000000,-107000000,,,1597250696,,,-0.07180000001825196,31,False,False,NV_2021_08_gri.pdf,,,,4,,https://www.gaming.nv.gov/uploadedFiles/gamingnvgov/content/about/gaming-revenue/2021Aug-gri.pdf,https://www.gaming.nv.gov/about-us/gaming-revenue-information-gri/,NV/screenshots/NV_2021_08_NV_2021_08_gri_p1.png,"Sports - Basketball 168 168 (1,070) (114.05) (7.18) 176 176 24,602 212.11 8.60 196 196 144,924 136.96 6.79",,2026-04-08T18:41:14.560663
NV,2021-08-01,2021-08-31,monthly,ALL,TOTAL,TOTAL,,combined,baseball,27762162162,1027200000,1027200000,,,26734962162,69336000,,0.037000000000216124,31,False,False,NV_2021_08_gri.pdf,,,,4,,https://www.gaming.nv.gov/uploadedFiles/gamingnvgov/content/about/gaming-revenue/2021Aug-gri.pdf,https://www.gaming.nv.gov/about-us/gaming-revenue-information-gri/,NV/screenshots/NV_2021_08_NV_2021_08_gri_p1.png,"Sports - Baseball 176 176 10,272 13.74 3.70 176 176 32,467 119.61 4.44 196 196 64,181 167.36 4.78",,2026-04-08T18:41:14.560663
NV,2021-08-01,2021-08-31,monthly,ALL,TOTAL,TOTAL,,combined,parlay,8975549,2900000,2900000,,,6075549,195750,,0.3231000131579695,31,False,False,NV_2021_08_gri.pdf,,,,4,,https://www.gaming.nv.gov/uploadedFiles/gamingnvgov/content/about/gaming-revenue/2021Aug-gri.pdf,https://www.gaming.nv.gov/about-us/gaming-revenue-information-gri/,NV/screenshots/NV_2021_08_NV_2021_08_gri_p1.png,"Sports Parlay Cards 21 21 29 (29.80) 32.31 22 22 95 (200.01) 34.92 163 163 15,721 9.77 40.28",,2026-04-08T18:41:14.560663
NV,2021-08-01,2021-08-31,monthly,ALL,TOTAL,TOTAL,,combined,hockey,4906038,-40700000,-40700000,,,45606038,,,-8.295899868692416,31,False,False,NV_2021_08_gri.pdf,,,,4,,https://www.gaming.nv.gov/uploadedFiles/gamingnvgov/content/about/gaming-revenue/2021Aug-gri.pdf,https://www.gaming.nv.gov/about-us/gaming-revenue-information-gri/,NV/screenshots/NV_2021_08_NV_2021_08_gri_p1.png,"Sports - Hockey 44 44 (407) (129.46) (829.59) 172 172 2,980 174.52 5.64 196 196 16,697 170.80 5.59",,2026-04-08T18:41:14.560663
NV,2021-08-01,2021-08-31,monthly,ALL,TOTAL,TOTAL,,combined,other,9182124789,544500000,544500000,,,8637624789,36753750,,0.05930000000133956,31,False,False,NV_2021_08_gri.pdf,,,,4,,https://www.gaming.nv.gov/uploadedFiles/gamingnvgov/content/about/gaming-revenue/2021Aug-gri.pdf,https://www.gaming.nv.gov/about-us/gaming-revenue-information-gri/,NV/screenshots/NV_2021_08_NV_2021_08_gri_p1.png,"Other 176 5,445 135.51 5.93 176 18,335 64.31 6.86 176 48,225 47.92 6.30",,2026-04-08T18:41:14.560663
NV,2021-09-01,2021-09-30,monthly,ALL,TOTAL,TOTAL,,online,,49526627219,1674000000,1674000000,,,47852627219,112995000,,0.03379999999995558,30,False,False,NV_2021_09_gri.pdf,,,,4,,https://www.gaming.nv.gov/uploadedFiles/gamingnvgov/content/about/gaming-revenue/2021Sep-gri.pdf,https://www.gaming.nv.gov/about-us/gaming-revenue-information-gri/,NV/screenshots/NV_2021_09_NV_2021_09_gri_p1.png,"*** Sports - Mobile 49 16,740 51.86 3.38 52 39,074 40.48 3.78 67 199,702 245.84 4.89",,2026-04-08T18:41:15.438310
NV,2021-09-01,2021-09-30,monthly,ALL,TOTAL,TOTAL,,combined,,78670537010,5420400000,5420400000,,,73250137010,365877000,,0.06890000000013982,30,False,False,NV_2021_09_gri.pdf,,,,4,,https://www.gaming.nv.gov/uploadedFiles/gamingnvgov/content/about/gaming-revenue/2021Sep-gri.pdf,https://www.gaming.nv.gov/about-us/gaming-revenue-information-gri/,NV/screenshots/NV_2021_09_NV_2021_09_gri_p1.png,"Sports Pool (2) 178 178 54,204 64.62 6.89 179 176 101,826 81.15 6.27 195 176 453,668 94.46 6.67",,2026-04-08T18:41:15.438310
NV,2021-09-01,2021-09-30,monthly,ALL,TOTAL,TOTAL,,combined,football,47769736842,3630500000,3630500000,,,44139236842,245058750,,0.07600000000016748,30,False,False,NV_2021_09_gri.pdf,,,,4,,https://www.gaming.nv.gov/uploadedFiles/gamingnvgov/content/about/gaming-revenue/2021Sep-gri.pdf,https://www.gaming.nv.gov/about-us/gaming-revenue-information-gri/,NV/screenshots/NV_2021_09_NV_2021_09_gri_p1.png,"(2) Sports - Football 176 176 36,305 245.04 7.60 176 176 35,379 839.17 6.78 193 193 168,427 96.68 7.43",,2026-04-08T18:41:15.438310
NV,2021-09-01,2021-09-30,monthly,ALL,TOTAL,TOTAL,,combined,basketball,744850498,-112100000,-112100000,,,856950498,,,-0.1505000000684701,30,False,False,NV_2021_09_gri.pdf,,,,4,,https://www.gaming.nv.gov/uploadedFiles/gamingnvgov/content/about/gaming-revenue/2021Sep-gri.pdf,https://www.gaming.nv.gov/about-us/gaming-revenue-information-gri/,NV/screenshots/NV_2021_09_NV_2021_09_gri_p1.png,"Sports - Basketball 163 163 (1,121) (129.72) (15.05) 176 176 3,659 (67.79) 3.67 194 194 140,031 112.67 6.92",,2026-04-08T18:41:15.438310
NV,2021-09-01,2021-09-30,monthly,ALL,TOTAL,TOTAL,,combined,baseball,21680926916,1216300000,1216300000,,,20464626916,82100250,,0.05610000000057193,30,False,False,NV_2021_09_gri.pdf,,,,4,,https://www.gaming.nv.gov/uploadedFiles/gamingnvgov/content/about/gaming-revenue/2021Sep-gri.pdf,https://www.gaming.nv.gov/about-us/gaming-revenue-information-gri/,NV/screenshots/NV_2021_09_NV_2021_09_gri_p1.png,"Sports - Baseball 175 175 12,163 19.35 5.61 176 176 41,439 75.69 5.74 194 194 66,153 148.87 4.69",,2026-04-08T18:41:15.438310
NV,2021-09-01,2021-09-30,monthly,ALL,TOTAL,TOTAL,,combined,parlay,718317359,404700000,404700000,,,313617359,27317250,,0.5633999999156362,30,False,False,NV_2021_09_gri.pdf,,,,4,,https://www.gaming.nv.gov/uploadedFiles/gamingnvgov/content/about/gaming-revenue/2021Sep-gri.pdf,https://www.gaming.nv.gov/about-us/gaming-revenue-information-gri/,NV/screenshots/NV_2021_09_NV_2021_09_gri_p1.png,"Sports Parlay Cards 156 156 4,047 91.18 56.34 156 156 4,103 91.91 55.83 166 166 17,651 60.28 43.68",,2026-04-08T18:41:15.438310
NV,2021-09-01,2021-09-30,monthly,ALL,TOTAL,TOTAL,,combined,hockey,105711423,-21100000,-21100000,,,126811423,,,-0.19959999970864076,30,False,False,NV_2021_09_gri.pdf,,,,4,,https://www.gaming.nv.gov/uploadedFiles/gamingnvgov/content/about/gaming-revenue/2021Sep-gri.pdf,https://www.gaming.nv.gov/about-us/gaming-revenue-information-gri/,NV/screenshots/NV_2021_09_NV_2021_09_gri_p1.png,"Sports - Hockey 139 139 (211) (104.13) (19.96) 168 168 (312) (104.88) (3.17) 178 178 11,362 0.66 4.14",,2026-04-08T18:41:15.438310
NV,2021-09-01,2021-09-30,monthly,ALL,TOTAL,TOTAL,,combined,other,7631313131,302200000,302200000,,,7329113131,20398500,,0.039600000001624884,30,False,False,NV_2021_09_gri.pdf,,,,4,,https://www.gaming.nv.gov/uploadedFiles/gamingnvgov/content/about/gaming-revenue/2021Sep-gri.pdf,https://www.gaming.nv.gov/about-us/gaming-revenue-information-gri/,NV/screenshots/NV_2021_09_NV_2021_09_gri_p1.png,"Other 178 3,022 151.16 3.96 176 17,558 95.81 6.67 176 50,043 51.95 6.37",,2026-04-08T18:41:15.438310
NV,2021-10-01,2021-10-31,monthly,ALL,TOTAL,TOTAL,,online,,70375000000,1689000000,1689000000,,,68686000000,114007500,,0.024,31,False,False,NV_2021_10_gri.pdf,,,,4,,https://www.gaming.nv.gov/uploadedFiles/gamingnvgov/content/about/gaming-revenue/2021Oct-gri.pdf,https://www.gaming.nv.gov/about-us/gaming-revenue-information-gri/,NV/screenshots/NV_2021_10_NV_2021_10_gri_p1.png,"*** Sports - Mobile 48 16,890 24.16 2.40 51 42,318 18.82 2.83 66 202,989 184.51 4.60",,2026-04-08T18:41:16.439124
NV,2021-10-01,2021-10-31,monthly,ALL,TOTAL,TOTAL,,combined,,110050113895,4831200000,4831200000,,,105218913895,326106000,,0.04390000000008632,31,False,False,NV_2021_10_gri.pdf,,,,4,,https://www.gaming.nv.gov/uploadedFiles/gamingnvgov/content/about/gaming-revenue/2021Oct-gri.pdf,https://www.gaming.nv.gov/about-us/gaming-revenue-information-gri/,NV/screenshots/NV_2021_10_NV_2021_10_gri_p1.png,"Sports Pool (2) 178 178 48,312 13.98 4.39 179 177 116,858 26.61 5.05 194 176 459,592 101.76 6.34",,2026-04-08T18:41:16.439124
NV,2021-10-01,2021-10-31,monthly,ALL,TOTAL,TOTAL,,combined,football,72928921569,2975500000,2975500000,,,69953421569,200846250,,0.04079999999979158,31,False,False,NV_2021_10_gri.pdf,,,,4,,https://www.gaming.nv.gov/uploadedFiles/gamingnvgov/content/about/gaming-revenue/2021Oct-gri.pdf,https://www.gaming.nv.gov/about-us/gaming-revenue-information-gri/,NV/screenshots/NV_2021_10_NV_2021_10_gri_p1.png,"(2) Sports - Football 175 175 29,755 (8.72) 4.08 176 176 66,134 66.48 5.29 193 193 165,583 79.87 6.48",,2026-04-08T18:41:16.439124
NV,2021-10-01,2021-10-31,monthly,ALL,TOTAL,TOTAL,,combined,basketball,11092926491,799800000,799800000,,,10293126491,53986500,,0.07209999999990084,31,False,False,NV_2021_10_gri.pdf,,,,4,,https://www.gaming.nv.gov/uploadedFiles/gamingnvgov/content/about/gaming-revenue/2021Oct-gri.pdf,https://www.gaming.nv.gov/about-us/gaming-revenue-information-gri/,NV/screenshots/NV_2021_10_NV_2021_10_gri_p1.png,"Sports - Basketball 175 175 7,998 7.21 176 176 5,807 (48.14) 4.36 179 179 148,217 138.62 7.06",,2026-04-08T18:41:16.439124
NV,2021-10-01,2021-10-31,monthly,ALL,TOTAL,TOTAL,,combined,baseball,12168115942,419800000,419800000,,,11748315942,28336500,,0.03450000000008218,31,False,False,NV_2021_10_gri.pdf,,,,4,,https://www.gaming.nv.gov/uploadedFiles/gamingnvgov/content/about/gaming-revenue/2021Oct-gri.pdf,https://www.gaming.nv.gov/about-us/gaming-revenue-information-gri/,NV/screenshots/NV_2021_10_NV_2021_10_gri_p1.png,"Sports - Baseball 176 176 4,198 (18.96) 3.45 176 176 26,633 9.14 4.32 183 183 65,171 221.30 4.58",,2026-04-08T18:41:16.439124
NV,2021-10-01,2021-10-31,monthly,ALL,TOTAL,TOTAL,,combined,parlay,1142473840,425800000,425800000,,,716673840,28741500,,0.37269999985295066,31,False,False,NV_2021_10_gri.pdf,,,,4,,https://www.gaming.nv.gov/uploadedFiles/gamingnvgov/content/about/gaming-revenue/2021Oct-gri.pdf,https://www.gaming.nv.gov/about-us/gaming-revenue-information-gri/,NV/screenshots/NV_2021_10_NV_2021_10_gri_p1.png,"Sports Parlay Cards 156 156 4,258 10.25 37.27 158 158 8,334 38.43 44.57 166 166 18,047 74.18 42.81",,2026-04-08T18:41:16.439124
NV,2021-10-01,2021-10-31,monthly,ALL,TOTAL,TOTAL,,combined,hockey,4288000000,107200000,107200000,,,4180800000,7236000,,0.025,31,False,False,NV_2021_10_gri.pdf,,,,4,,https://www.gaming.nv.gov/uploadedFiles/gamingnvgov/content/about/gaming-revenue/2021Oct-gri.pdf,https://www.gaming.nv.gov/about-us/gaming-revenue-information-gri/,NV/screenshots/NV_2021_10_NV_2021_10_gri_p1.png,"Sports - Hockey 170 170 1,072 (198.89) 2.50 170 170 453 (91.64) 1.03 178 178 13,519 32.48 4.26",,2026-04-08T18:41:16.439124
NV,2021-10-01,2021-10-31,monthly,ALL,TOTAL,TOTAL,,combined,other,8450819672,103100000,103100000,,,8347719672,6959250,,0.01220000000018933,31,False,False,NV_2021_10_gri.pdf,,,,4,,https://www.gaming.nv.gov/uploadedFiles/gamingnvgov/content/about/gaming-revenue/2021Oct-gri.pdf,https://www.gaming.nv.gov/about-us/gaming-revenue-information-gri/,NV/screenshots/NV_2021_10_NV_2021_10_gri_p1.png,"Other 178 1,031 (48.97) 1.22 177 9,498 71.60 3.76 176 49,055 49.67 6.06",,2026-04-08T18:41:16.439124
NV,2021-11-01,2021-11-30,monthly,ALL,TOTAL,TOTAL,,online,,77717777778,3497300000,3497300000,,,74220477778,236067750,,0.04499999999987133,30,False,False,NV_2021_11_gri.pdf,,,,4,,https://www.gaming.nv.gov/uploadedFiles/gamingnvgov/content/about/gaming-revenue/2021Nov-gri.pdf,https://www.gaming.nv.gov/about-us/gaming-revenue-information-gri/,NV/screenshots/NV_2021_11_NV_2021_11_gri_p1.png,"*** Sports - Mobile 48 34,973 48.66 4.50 50 68,603 42.47 3.47 56 214,436 126.02 4.43",,2026-04-08T18:41:17.402299
NV,2021-11-01,2021-11-30,monthly,ALL,TOTAL,TOTAL,,combined,,108555052790,7197200000,7197200000,,,101357852790,485811000,,0.06630000000021187,30,False,False,NV_2021_11_gri.pdf,,,,4,,https://www.gaming.nv.gov/uploadedFiles/gamingnvgov/content/about/gaming-revenue/2021Nov-gri.pdf,https://www.gaming.nv.gov/about-us/gaming-revenue-information-gri/,NV/screenshots/NV_2021_11_NV_2021_11_gri_p1.png,"Sports Pool (2) 176 176 71,972 16.45 6.63 178 177 174,477 27.24 5.87 186 176 469,746 81.66 6.08",,2026-04-08T18:41:17.402299
NV,2021-11-01,2021-11-30,monthly,ALL,TOTAL,TOTAL,,combined,football,55856842105,5306400000,5306400000,,,50550442105,358182000,,0.09500000000044757,30,False,False,NV_2021_11_gri.pdf,,,,4,,https://www.gaming.nv.gov/uploadedFiles/gamingnvgov/content/about/gaming-revenue/2021Nov-gri.pdf,https://www.gaming.nv.gov/about-us/gaming-revenue-information-gri/,NV/screenshots/NV_2021_11_NV_2021_11_gri_p1.png,"(2) Sports - Football 174 174 53,064 (5.24) 9.50 176 176 119,114 20.17 6.75 183 183 162,638 29.53 6.23",,2026-04-08T18:41:17.402299
NV,2021-11-01,2021-11-30,monthly,ALL,TOTAL,TOTAL,,combined,basketball,37610294118,1023000000,1023000000,,,36587294118,69052500,,0.02719999999974475,30,False,False,NV_2021_11_gri.pdf,,,,4,,https://www.gaming.nv.gov/uploadedFiles/gamingnvgov/content/about/gaming-revenue/2021Nov-gri.pdf,https://www.gaming.nv.gov/about-us/gaming-revenue-information-gri/,NV/screenshots/NV_2021_11_NV_2021_11_gri_p1.png,"Sports - Basketball 174 174 10,230 2.72 175 175 17,107 288.88 3.46 179 179 157,635 187.75 6.46",,2026-04-08T18:41:17.402299
NV,2021-11-01,2021-11-30,monthly,ALL,TOTAL,TOTAL,,combined,baseball,1170609319,-163300000,-163300000,,,1333909319,,,-0.13949999999957288,30,False,False,NV_2021_11_gri.pdf,,,,4,,https://www.gaming.nv.gov/uploadedFiles/gamingnvgov/content/about/gaming-revenue/2021Nov-gri.pdf,https://www.gaming.nv.gov/about-us/gaming-revenue-information-gri/,NV/screenshots/NV_2021_11_NV_2021_11_gri_p1.png,"Sports - Baseball 173 173 (1,633) (62.43) (13.95) 176 176 14,728 33.59 4.20 179 179 67,884 206.94 4.74",,2026-04-08T18:41:17.402299
NV,2021-11-01,2021-11-30,monthly,ALL,TOTAL,TOTAL,,combined,parlay,803688824,440100000,440100000,,,363588824,29706750,,0.5475999999721285,30,False,False,NV_2021_11_gri.pdf,,,,4,,https://www.gaming.nv.gov/uploadedFiles/gamingnvgov/content/about/gaming-revenue/2021Nov-gri.pdf,https://www.gaming.nv.gov/about-us/gaming-revenue-information-gri/,NV/screenshots/NV_2021_11_NV_2021_11_gri_p1.png,"Sports Parlay Cards 160 160 4,401 (22.16) 54.76 161 161 12,706 9.23 47.69 166 166 16,795 22.80 41.96",,2026-04-08T18:41:17.402299
NV,2021-11-01,2021-11-30,monthly,ALL,TOTAL,TOTAL,,combined,hockey,6390557940,297800000,297800000,,,6092757940,20101500,,0.04659999999937408,30,False,False,NV_2021_11_gri.pdf,,,,4,,https://www.gaming.nv.gov/uploadedFiles/gamingnvgov/content/about/gaming-revenue/2021Nov-gri.pdf,https://www.gaming.nv.gov/about-us/gaming-revenue-information-gri/,NV/screenshots/NV_2021_11_NV_2021_11_gri_p1.png,"Sports - Hockey 170 170 2,978 4.66 172 172 3,839 3.34 3.56 178 178 16,821 70.24 4.42",,2026-04-08T18:41:17.402299
NV,2021-11-01,2021-11-30,monthly,ALL,TOTAL,TOTAL,,combined,other,6769053118,293100000,293100000,,,6475953118,19784250,,0.043299999998611324,30,False,False,NV_2021_11_gri.pdf,,,,4,,https://www.gaming.nv.gov/uploadedFiles/gamingnvgov/content/about/gaming-revenue/2021Nov-gri.pdf,https://www.gaming.nv.gov/about-us/gaming-revenue-information-gri/,NV/screenshots/NV_2021_11_NV_2021_11_gri_p1.png,"Other 176 2,931 (26.88) 4.33 177 6,983 (3.42) 3.06 176 47,974 47.28 5.88",,2026-04-08T18:41:17.402299
NV,2021-12-01,2021-12-31,monthly,ALL,TOTAL,TOTAL,,online,,76500000000,260100000,260100000,,,76239900000,17556750,,0.0034,31,False,False,NV_2021_12_gri.pdf,,,,4,,https://www.gaming.nv.gov/uploadedFiles/gamingnvgov/content/about/gaming-revenue/2021Dec-gri.pdf,https://www.gaming.nv.gov/about-us/gaming-revenue-information-gri/,NV/screenshots/NV_2021_12_NV_2021_12_gri_p1.png,"*** Sports - Mobile 44 2,601 (88.57) 0.34 50 54,464 (9.04) 2.42 56 194,286 65.17 3.69",,2026-04-08T18:41:18.384155
NV,2021-12-01,2021-12-31,monthly,ALL,TOTAL,TOTAL,,combined,,101012658228,1596000000,1596000000,,,99416658228,107730000,,0.01579999999997624,31,False,False,NV_2021_12_gri.pdf,,,,4,,https://www.gaming.nv.gov/uploadedFiles/gamingnvgov/content/about/gaming-revenue/2021Dec-gri.pdf,https://www.gaming.nv.gov/about-us/gaming-revenue-information-gri/,NV/screenshots/NV_2021_12_NV_2021_12_gri_p1.png,"Sports Pool (2) 174 174 15,960 (60.66) 1.58 178 176 136,233 (5.90) 4.26 184 176 445,133 69.36 5.46",,2026-04-08T18:41:18.384155
NV,2021-12-01,2021-12-31,monthly,ALL,TOTAL,TOTAL,,combined,football,47709859155,1693700000,1693700000,,,46016159155,114324750,,0.0354999999999476,31,False,False,NV_2021_12_gri.pdf,,,,4,,https://www.gaming.nv.gov/uploadedFiles/gamingnvgov/content/about/gaming-revenue/2021Dec-gri.pdf,https://www.gaming.nv.gov/about-us/gaming-revenue-information-gri/,NV/screenshots/NV_2021_12_NV_2021_12_gri_p1.png,"(2) Sports - Football 174 174 16,937 (34.51) 3.55 175 175 99,746 (12.85) 5.65 183 183 153,714 20.35 5.66",,2026-04-08T18:41:18.384155
NV,2021-12-01,2021-12-31,monthly,ALL,TOTAL,TOTAL,,combined,basketball,40871428571,286100000,286100000,,,40585328571,19311750,,0.007000000000073401,31,False,False,NV_2021_12_gri.pdf,,,,4,,https://www.gaming.nv.gov/uploadedFiles/gamingnvgov/content/about/gaming-revenue/2021Dec-gri.pdf,https://www.gaming.nv.gov/about-us/gaming-revenue-information-gri/,NV/screenshots/NV_2021_12_NV_2021_12_gri_p1.png,"Sports - Basketball 174 174 2,861 (77.43) 0.70 175 175 21,089 58.49 2.36 179 179 147,817 162.54 5.53",,2026-04-08T18:41:18.384155
NV,2021-12-01,2021-12-31,monthly,ALL,TOTAL,TOTAL,,combined,baseball,978602,-127600000,-127600000,,,128578602,,,-130.39008708341083,31,False,False,NV_2021_12_gri.pdf,,,,4,,https://www.gaming.nv.gov/uploadedFiles/gamingnvgov/content/about/gaming-revenue/2021Dec-gri.pdf,https://www.gaming.nv.gov/about-us/gaming-revenue-information-gri/,NV/screenshots/NV_2021_12_NV_2021_12_gri_p1.png,"Sports - Baseball 19 19 (1,276) (25.75) (13,039.01) 176 176 1,289 (245.56) 0.97 179 179 68,327 208.89 4.77",,2026-04-08T18:41:18.384155
NV,2021-12-01,2021-12-31,monthly,ALL,TOTAL,TOTAL,,combined,parlay,557054855,-189900000,-189900000,,,746954855,,,-0.3408999998752367,31,False,False,NV_2021_12_gri.pdf,,,,4,,https://www.gaming.nv.gov/uploadedFiles/gamingnvgov/content/about/gaming-revenue/2021Dec-gri.pdf,https://www.gaming.nv.gov/about-us/gaming-revenue-information-gri/,NV/screenshots/NV_2021_12_NV_2021_12_gri_p1.png,"Sports Parlay Cards 157 157 (1,899) (172.72) (34.09) 162 162 6,760 (44.26) 27.00 165 165 12,284 (18.94) 32.09",,2026-04-08T18:41:18.384155
NV,2021-12-01,2021-12-31,monthly,ALL,TOTAL,TOTAL,,combined,hockey,6659340659,-60600000,-60600000,,,6719940659,,,-0.009100000000465512,31,False,False,NV_2021_12_gri.pdf,,,,4,,https://www.gaming.nv.gov/uploadedFiles/gamingnvgov/content/about/gaming-revenue/2021Dec-gri.pdf,https://www.gaming.nv.gov/about-us/gaming-revenue-information-gri/,NV/screenshots/NV_2021_12_NV_2021_12_gri_p1.png,"Sports - Hockey 170 170 (606) 283.13 (0.91) 172 172 3,444 (319.97) 1.98 177 177 16,373 68.41 3.66",,2026-04-08T18:41:18.384155
NV,2021-12-01,2021-12-31,monthly,ALL,TOTAL,TOTAL,,combined,other,16669860,17400000,17400000,,,-730140,1174500,,1.0438000079184828,31,False,False,NV_2021_12_gri.pdf,,,,4,,https://www.gaming.nv.gov/uploadedFiles/gamingnvgov/content/about/gaming-revenue/2021Dec-gri.pdf,https://www.gaming.nv.gov/about-us/gaming-revenue-information-gri/,NV/screenshots/NV_2021_12_NV_2021_12_gri_p1.png,"Other 174 (57) (104.38) (0.10) 176 3,904 (46.71) 1.87 176 46,618 46.54 5.54",,2026-04-08T18:41:18.384155
NV,2022-01-01,2022-01-31,monthly,ALL,TOTAL,TOTAL,,online,,78678756477,1518500000,1518500000,,,77160256477,102498750,,0.01929999999992247,31,False,False,NV_2022_01_gri.pdf,,,,4,,https://www.gaming.nv.gov/uploadedFiles/gamingnvgov/content/about/gaming-revenue/2022Jan-gri.pdf,https://www.gaming.nv.gov/about-us/gaming-revenue-information-gri/,NV/screenshots/NV_2022_01_NV_2022_01_gri_p1.png,"*** Sports - Mobile 47 15,185 (34.35) 1.93 52 52,759 (23.99) 2.26 59 186,341 43.87 3.28",,2026-04-08T18:41:19.350157
NV,2022-01-01,2022-01-31,monthly,ALL,TOTAL,TOTAL,,combined,,111104444444,4999700000,4999700000,,,106104744444,337479750,,0.045000000000180014,31,False,False,NV_2022_01_gri.pdf,,,,4,,https://www.gaming.nv.gov/uploadedFiles/gamingnvgov/content/about/gaming-revenue/2022Jan-gri.pdf,https://www.gaming.nv.gov/about-us/gaming-revenue-information-gri/,NV/screenshots/NV_2022_01_NV_2022_01_gri_p1.png,"Sports Pool (2) 177 177 49,997 (4.55) 4.50 177 175 137,928 (10.88) 4.30 184 176 442,749 50.05 5.14",,2026-04-08T18:41:19.350157
NV,2022-01-01,2022-01-31,monthly,ALL,TOTAL,TOTAL,,combined,football,45395781638,3658900000,3658900000,,,41736881638,246975750,,0.08059999999949775,31,False,False,NV_2022_01_gri.pdf,,,,4,,https://www.gaming.nv.gov/uploadedFiles/gamingnvgov/content/about/gaming-revenue/2022Jan-gri.pdf,https://www.gaming.nv.gov/about-us/gaming-revenue-information-gri/,NV/screenshots/NV_2022_01_NV_2022_01_gri_p1.png,"(2) Sports - Football 176 176 36,589 42.92 8.06 176 176 106,590 (0.81) 7.16 183 183 164,702 11.64 5.72",,2026-04-08T18:41:19.350157
NV,2022-01-01,2022-01-31,monthly,ALL,TOTAL,TOTAL,,combined,basketball,50491071429,1131000000,1131000000,,,49360071429,76342500,,0.022399999999809867,31,False,False,NV_2022_01_gri.pdf,,,,4,,https://www.gaming.nv.gov/uploadedFiles/gamingnvgov/content/about/gaming-revenue/2022Jan-gri.pdf,https://www.gaming.nv.gov/about-us/gaming-revenue-information-gri/,NV/screenshots/NV_2022_01_NV_2022_01_gri_p1.png,"Sports - Basketball 176 176 11,310 (49.03) 2.24 176 176 24,402 (31.62) 1.90 179 179 136,939 107.63 4.75",,2026-04-08T18:41:19.350157
NV,2022-01-01,2022-01-31,monthly,ALL,TOTAL,TOTAL,,combined,baseball,675674,-94400000,-94400000,,,95075674,,,-139.71234648661928,31,False,False,NV_2022_01_gri.pdf,,,,4,,https://www.gaming.nv.gov/uploadedFiles/gamingnvgov/content/about/gaming-revenue/2022Jan-gri.pdf,https://www.gaming.nv.gov/about-us/gaming-revenue-information-gri/,NV/screenshots/NV_2022_01_NV_2022_01_gri_p1.png,"Sports - Baseball 11 11 (944) 108.43 (13,971.24) 173 173 (3,854) (40.88) (32.88) 179 179 67,835 187.71 4.74",,2026-04-08T18:41:19.350157
NV,2022-01-01,2022-01-31,monthly,ALL,TOTAL,TOTAL,,combined,parlay,385093168,31000000,31000000,,,354093168,2092500,,0.08049999993767742,31,False,False,NV_2022_01_gri.pdf,,,,4,,https://www.gaming.nv.gov/uploadedFiles/gamingnvgov/content/about/gaming-revenue/2022Jan-gri.pdf,https://www.gaming.nv.gov/about-us/gaming-revenue-information-gri/,NV/screenshots/NV_2022_01_NV_2022_01_gri_p1.png,"Sports Parlay Cards 156 156 310 (71.32) 8.05 164 164 2,812 (69.91) 16.11 165 165 11,512 (27.87) 30.24",,2026-04-08T18:41:19.350157
NV,2022-01-01,2022-01-31,monthly,ALL,TOTAL,TOTAL,,combined,hockey,7526315789,-14300000,-14300000,,,7540615789,,,-0.0019000000001195803,31,False,False,NV_2022_01_gri.pdf,,,,4,,https://www.gaming.nv.gov/uploadedFiles/gamingnvgov/content/about/gaming-revenue/2022Jan-gri.pdf,https://www.gaming.nv.gov/about-us/gaming-revenue-information-gri/,NV/screenshots/NV_2022_01_NV_2022_01_gri_p1.png,"Sports - Hockey 171 171 (143) (108.44) (0.19) 172 172 2,229 83.33 1.08 177 177 14,532 41.49 2.91",,2026-04-08T18:41:19.350157
NV,2022-01-01,2022-01-31,monthly,ALL,TOTAL,TOTAL,,combined,other,7133995037,287500000,287500000,,,6846495037,19406250,,0.040300000001247546,31,False,False,NV_2022_01_gri.pdf,,,,4,,https://www.gaming.nv.gov/uploadedFiles/gamingnvgov/content/about/gaming-revenue/2022Jan-gri.pdf,https://www.gaming.nv.gov/about-us/gaming-revenue-information-gri/,NV/screenshots/NV_2022_01_NV_2022_01_gri_p1.png,"Other 177 2,875 26.95 4.03 175 5,749 (24.07) 2.93 176 47,229 48.67 5.39",,2026-04-08T18:41:19.350157
NV,2022-02-01,2022-02-28,monthly,ALL,TOTAL,TOTAL,,online,,51237288136,906900000,906900000,,,50330388136,61215750,,0.017699999999859477,28,False,False,NV_2022_02_gri.pdf,,,,4,,https://www.gaming.nv.gov/uploadedFiles/gamingnvgov/content/about/gaming-revenue/2022Feb-gri.pdf,https://www.gaming.nv.gov/about-us/gaming-revenue-information-gri/,NV/screenshots/NV_2022_02_NV_2022_02_gri_p1.png,"*** Sports - Mobile 45 9,069 (11.25) 1.77 48 26,855 (52.13) 1.30 59 185,192 42.66 3.15",,2026-04-08T18:41:20.354915
NV,2022-02-01,2022-02-28,monthly,ALL,TOTAL,TOTAL,,combined,,78083333333,3092100000,3092100000,,,74991233333,208716750,,0.03960000000016905,28,False,False,NV_2022_02_gri.pdf,,,,4,,https://www.gaming.nv.gov/uploadedFiles/gamingnvgov/content/about/gaming-revenue/2022Feb-gri.pdf,https://www.gaming.nv.gov/about-us/gaming-revenue-information-gri/,NV/screenshots/NV_2022_02_NV_2022_02_gri_p1.png,"Sports Pool (2) 176 176 30,921 (2.91) 3.96 177 175 96,877 (22.37) 3.34 183 176 441,824 52.96 5.00",,2026-04-08T18:41:20.354915
NV,2022-02-01,2022-02-28,monthly,ALL,TOTAL,TOTAL,,combined,football,18189852700,1111400000,1111400000,,,17078452700,75019500,,0.06110000000164927,28,False,False,NV_2022_02_gri.pdf,,,,4,,https://www.gaming.nv.gov/uploadedFiles/gamingnvgov/content/about/gaming-revenue/2022Feb-gri.pdf,https://www.gaming.nv.gov/about-us/gaming-revenue-information-gri/,NV/screenshots/NV_2022_02_NV_2022_02_gri_p1.png,"(2) Sports - Football 176 176 11,114 77.32 6.11 176 176 64,640 11.97 5.81 179 179 169,549 22.29 5.79",,2026-04-08T18:41:20.354915
NV,2022-02-01,2022-02-28,monthly,ALL,TOTAL,TOTAL,,combined,basketball,45625454545,1254700000,1254700000,,,44370754545,84692250,,0.02750000000027397,28,False,False,NV_2022_02_gri.pdf,,,,4,,https://www.gaming.nv.gov/uploadedFiles/gamingnvgov/content/about/gaming-revenue/2022Feb-gri.pdf,https://www.gaming.nv.gov/about-us/gaming-revenue-information-gri/,NV/screenshots/NV_2022_02_NV_2022_02_gri_p1.png,"Sports - Basketball 176 176 12,547 (34.76) 2.75 176 176 26,718 (50.61) 1.95 179 179 130,255 80.82 4.32",,2026-04-08T18:41:20.354915
NV,2022-02-01,2022-02-28,monthly,ALL,TOTAL,TOTAL,,combined,baseball,19091241,-47100000,-47100000,,,66191241,,,-2.467099964847754,28,False,False,NV_2022_02_gri.pdf,,,,4,,https://www.gaming.nv.gov/uploadedFiles/gamingnvgov/content/about/gaming-revenue/2022Feb-gri.pdf,https://www.gaming.nv.gov/about-us/gaming-revenue-information-gri/,NV/screenshots/NV_2022_02_NV_2022_02_gri_p1.png,"Sports - Baseball 62 62 (471) 87.62 (246.71) 70 70 (2,692) 11.08 (1,298.03) 179 179 67,616 187.18 4.72",,2026-04-08T18:41:20.354915
NV,2022-02-01,2022-02-28,monthly,ALL,TOTAL,TOTAL,,combined,parlay,110000000,30800000,30800000,,,79200000,2079000,,0.28,28,False,False,NV_2022_02_gri.pdf,,,,4,,https://www.gaming.nv.gov/uploadedFiles/gamingnvgov/content/about/gaming-revenue/2022Feb-gri.pdf,https://www.gaming.nv.gov/about-us/gaming-revenue-information-gri/,NV/screenshots/NV_2022_02_NV_2022_02_gri_p1.png,"Sports Parlay Cards 132 132 308 175.47 28.00 164 164 (1,281) (133.65) (12.17) 166 166 11,709 (23.39) 30.68",,2026-04-08T18:41:20.354915
NV,2022-02-01,2022-02-28,monthly,ALL,TOTAL,TOTAL,,combined,hockey,5951327434,403500000,403500000,,,5547827434,27236250,,0.06779999999576565,28,False,False,NV_2022_02_gri.pdf,,,,4,,https://www.gaming.nv.gov/uploadedFiles/gamingnvgov/content/about/gaming-revenue/2022Feb-gri.pdf,https://www.gaming.nv.gov/about-us/gaming-revenue-information-gri/,NV/screenshots/NV_2022_02_NV_2022_02_gri_p1.png,"Sports - Hockey 173 173 4,035 67.08 6.78 173 173 3,286 (16.91) 1.62 177 177 16,152 67.79 3.11",,2026-04-08T18:41:20.354915
NV,2022-02-01,2022-02-28,monthly,ALL,TOTAL,TOTAL,,combined,other,8181159420,338700000,338700000,,,7842459420,22862250,,0.041400000001466784,28,False,False,NV_2022_02_gri.pdf,,,,4,,https://www.gaming.nv.gov/uploadedFiles/gamingnvgov/content/about/gaming-revenue/2022Feb-gri.pdf,https://www.gaming.nv.gov/about-us/gaming-revenue-information-gri/,NV/screenshots/NV_2022_02_NV_2022_02_gri_p1.png,"Other 176 3,387 (16.82) 4.14 175 6,205 (18.73) 2.95 176 46,544 56.68 5.15",,2026-04-08T18:41:20.354915
NV,2022-03-01,2022-03-31,monthly,ALL,TOTAL,TOTAL,,online,,57664652568,1908700000,1908700000,,,55755952568,128837250,,0.03309999999998613,31,False,False,NV_2022_03_gri.pdf,,,,4,,https://www.gaming.nv.gov/uploadedFiles/gamingnvgov/content/about/gaming-revenue/2022Mar-gri.pdf,https://www.gaming.nv.gov/about-us/gaming-revenue-information-gri/,NV/screenshots/NV_2022_03_NV_2022_03_gri_p1.png,"*** Sports - Mobile 47 19,087 (11.18) 3.31 52 43,340 (20.97) 2.31 61 182,789 23.94 3.01",,2026-04-08T18:41:21.332601
NV,2022-03-01,2022-03-31,monthly,ALL,TOTAL,TOTAL,,combined,,86275700935,3692600000,3692600000,,,82583100935,249250500,,0.042799999999791366,31,False,False,NV_2022_03_gri.pdf,,,,4,,https://www.gaming.nv.gov/uploadedFiles/gamingnvgov/content/about/gaming-revenue/2022Mar-gri.pdf,https://www.gaming.nv.gov/about-us/gaming-revenue-information-gri/,NV/screenshots/NV_2022_03_NV_2022_03_gri_p1.png,"Sports Pool (2) 177 177 36,926 (6.15) 4.28 178 176 117,844 (4.64) 4.28 180 176 439,405 34.48 4.85",,2026-04-08T18:41:21.332601
NV,2022-03-01,2022-03-31,monthly,ALL,TOTAL,TOTAL,,combined,football,47207528,-1746400000,-1746400000,,,1793607528,,,-36.99409975459846,31,False,False,NV_2022_03_gri.pdf,,,,4,,https://www.gaming.nv.gov/uploadedFiles/gamingnvgov/content/about/gaming-revenue/2022Mar-gri.pdf,https://www.gaming.nv.gov/about-us/gaming-revenue-information-gri/,NV/screenshots/NV_2022_03_NV_2022_03_gri_p1.png,"(2) Sports - Football 71 71 (17,464) 106.73 (3,699.41) 176 176 30,240 29.11 4.75 176 176 160,532 18.45 5.48",,2026-04-08T18:41:21.332601
NV,2022-03-01,2022-03-31,monthly,ALL,TOTAL,TOTAL,,combined,basketball,70891691395,4778100000,4778100000,,,66113591395,322521750,,0.06739999999967557,31,False,False,NV_2022_03_gri.pdf,,,,4,,https://www.gaming.nv.gov/uploadedFiles/gamingnvgov/content/about/gaming-revenue/2022Mar-gri.pdf,https://www.gaming.nv.gov/about-us/gaming-revenue-information-gri/,NV/screenshots/NV_2022_03_NV_2022_03_gri_p1.png,"Sports - Basketball 176 176 47,781 14.33 6.74 176 176 71,637 (13.91) 4.29 176 176 136,242 26.23 4.23",,2026-04-08T18:41:21.332601
NV,2022-03-01,2022-03-31,monthly,ALL,TOTAL,TOTAL,,combined,baseball,555363322,-32100000,-32100000,,,587463322,,,-0.057799999979112775,31,False,False,NV_2022_03_gri.pdf,,,,4,,https://www.gaming.nv.gov/uploadedFiles/gamingnvgov/content/about/gaming-revenue/2022Mar-gri.pdf,https://www.gaming.nv.gov/about-us/gaming-revenue-information-gri/,NV/screenshots/NV_2022_03_NV_2022_03_gri_p1.png,"Sports - Baseball 167 167 (321) (195.75) (5.78) 167 167 (1,736) 370.16 (30.23) 176 176 66,960 180.70 4.69",,2026-04-08T18:41:21.332601
NV,2022-03-01,2022-03-31,monthly,ALL,TOTAL,TOTAL,,combined,parlay,41292135,14700000,14700000,,,26592135,992250,,0.35599999854693876,31,False,False,NV_2022_03_gri.pdf,,,,4,,https://www.gaming.nv.gov/uploadedFiles/gamingnvgov/content/about/gaming-revenue/2022Mar-gri.pdf,https://www.gaming.nv.gov/about-us/gaming-revenue-information-gri/,NV/screenshots/NV_2022_03_NV_2022_03_gri_p1.png,"Sports Parlay Cards 115 115 147 16.01 35.60 160 160 765 (42.03) 14.26 165 165 11,729 (24.12) 30.79",,2026-04-08T18:41:21.332601
NV,2022-03-01,2022-03-31,monthly,ALL,TOTAL,TOTAL,,combined,hockey,7392059553,297900000,297900000,,,7094159553,20108250,,0.04030000000190745,31,False,False,NV_2022_03_gri.pdf,,,,4,,https://www.gaming.nv.gov/uploadedFiles/gamingnvgov/content/about/gaming-revenue/2022Mar-gri.pdf,https://www.gaming.nv.gov/about-us/gaming-revenue-information-gri/,NV/screenshots/NV_2022_03_NV_2022_03_gri_p1.png,"Sports - Hockey 175 175 2,979 77.00 4.03 176 176 6,870 18.54 3.27 176 176 17,448 62.10 3.26",,2026-04-08T18:41:21.332601
NV,2022-03-01,2022-03-31,monthly,ALL,TOTAL,TOTAL,,combined,other,7400778210,380400000,380400000,,,7020378210,25677000,,0.05140000000081073,31,False,False,NV_2022_03_gri.pdf,,,,4,,https://www.gaming.nv.gov/uploadedFiles/gamingnvgov/content/about/gaming-revenue/2022Mar-gri.pdf,https://www.gaming.nv.gov/about-us/gaming-revenue-information-gri/,NV/screenshots/NV_2022_03_NV_2022_03_gri_p1.png,"Other 177 3,804 (1.29) 5.14 176 10,066 (1.22) 4.43 176 46,494 40.07 5.12",,2026-04-08T18:41:21.332601
NV,2022-04-01,2022-04-30,monthly,ALL,TOTAL,TOTAL,,online,,42419354839,1052000000,1052000000,,,41367354839,71010000,,0.024799999999830267,30,False,False,NV_2022_04_gri.pdf,,,,4,,https://www.gaming.nv.gov/uploadedFiles/gamingnvgov/content/about/gaming-revenue/2022Apr-gri.pdf,https://www.gaming.nv.gov/about-us/gaming-revenue-information-gri/,NV/screenshots/NV_2022_04_NV_2022_04_gri_p1.png,"*** Sports - Mobile 49 10,520 (41.18) 2.48 54 38,676 (22.01) 2.55 63 175,424 6.34 2.83",,2026-04-08T18:41:22.303530
NV,2022-04-01,2022-04-30,monthly,ALL,TOTAL,TOTAL,,combined,,58314942529,2536700000,2536700000,,,55778242529,171227250,,0.043499999999802794,30,False,False,NV_2022_04_gri.pdf,,,,4,,https://www.gaming.nv.gov/uploadedFiles/gamingnvgov/content/about/gaming-revenue/2022Apr-gri.pdf,https://www.gaming.nv.gov/about-us/gaming-revenue-information-gri/,NV/screenshots/NV_2022_04_NV_2022_04_gri_p1.png,"Sports Pool (2) 178 178 25,367 (6.87) 4.35 178 177 93,214 (5.30) 4.19 180 176 437,534 23.68 4.76",,2026-04-08T18:41:22.303530
NV,2022-04-01,2022-04-30,monthly,ALL,TOTAL,TOTAL,,combined,football,336310490,-414200000,-414200000,,,750510490,,,-1.2316000015342965,30,False,False,NV_2022_04_gri.pdf,,,,4,,https://www.gaming.nv.gov/uploadedFiles/gamingnvgov/content/about/gaming-revenue/2022Apr-gri.pdf,https://www.gaming.nv.gov/about-us/gaming-revenue-information-gri/,NV/screenshots/NV_2022_04_NV_2022_04_gri_p1.png,"(2) Sports - Football 146 146 (4,142) 64.28 (123.16) 176 176 (10,492) 123.17 (5.65) 176 176 158,912 19.05 5.43",,2026-04-08T18:41:22.303530
NV,2022-04-01,2022-04-30,monthly,ALL,TOTAL,TOTAL,,combined,basketball,24712351946,1460500000,1460500000,,,23251851946,98583750,,0.05909999999965199,30,False,False,NV_2022_04_gri.pdf,,,,4,,https://www.gaming.nv.gov/uploadedFiles/gamingnvgov/content/about/gaming-revenue/2022Apr-gri.pdf,https://www.gaming.nv.gov/about-us/gaming-revenue-information-gri/,NV/screenshots/NV_2022_04_NV_2022_04_gri_p1.png,"Sports - Basketball 177 177 14,605 69.46 5.91 177 177 74,932 7.60 5.31 177 177 142,229 21.94 4.33",,2026-04-08T18:41:22.303530
NV,2022-04-01,2022-04-30,monthly,ALL,TOTAL,TOTAL,,combined,baseball,18768421053,713200000,713200000,,,18055221053,48141000,,0.03799999999925407,30,False,False,NV_2022_04_gri.pdf,,,,4,,https://www.gaming.nv.gov/uploadedFiles/gamingnvgov/content/about/gaming-revenue/2022Apr-gri.pdf,https://www.gaming.nv.gov/about-us/gaming-revenue-information-gri/,NV/screenshots/NV_2022_04_NV_2022_04_gri_p1.png,"Sports - Baseball 177 177 7,132 (49.46) 3.80 177 177 6,341 (55.33) 3.28 177 177 59,980 57.95 4.13",,2026-04-08T18:41:22.303530
NV,2022-04-01,2022-04-30,monthly,ALL,TOTAL,TOTAL,,combined,parlay,9900990,-1200000,-1200000,,,11100990,,,-0.12120000121200002,30,False,False,NV_2022_04_gri.pdf,,,,4,,https://www.gaming.nv.gov/uploadedFiles/gamingnvgov/content/about/gaming-revenue/2022Apr-gri.pdf,https://www.gaming.nv.gov/about-us/gaming-revenue-information-gri/,NV/screenshots/NV_2022_04_NV_2022_04_gri_p1.png,"Sports Parlay Cards 19 19 (12) (261.08) (12.12) 135 135 443 80.00 27.44 165 165 11,709 (24.33) 30.75",,2026-04-08T18:41:22.303530
NV,2022-04-01,2022-04-30,monthly,ALL,TOTAL,TOTAL,,combined,hockey,6220000000,93300000,93300000,,,6126700000,6297750,,0.015,30,False,False,NV_2022_04_gri.pdf,,,,4,,https://www.gaming.nv.gov/uploadedFiles/gamingnvgov/content/about/gaming-revenue/2022Apr-gri.pdf,https://www.gaming.nv.gov/about-us/gaming-revenue-information-gri/,NV/screenshots/NV_2022_04_NV_2022_04_gri_p1.png,"Sports - Hockey 176 176 933 (55.57) 1.50 177 177 7,947 28.22 4.06 177 177 16,281 25.96 2.95",,2026-04-08T18:41:22.303530
NV,2022-04-01,2022-04-30,monthly,ALL,TOTAL,TOTAL,,combined,other,8205988024,685200000,685200000,,,7520788024,46251000,,0.08349999999951255,30,False,False,NV_2022_04_gri.pdf,,,,4,,https://www.gaming.nv.gov/uploadedFiles/gamingnvgov/content/about/gaming-revenue/2022Apr-gri.pdf,https://www.gaming.nv.gov/about-us/gaming-revenue-information-gri/,NV/screenshots/NV_2022_04_NV_2022_04_gri_p1.png,"Other 178 6,852 39.20 8.35 177 14,043 9.30 5.90 176 48,424 29.94 5.22",,2026-04-08T18:41:22.303530
NV,2022-05-01,2022-05-31,monthly,ALL,TOTAL,TOTAL,,online,,39777239709,1642800000,1642800000,,,38134439709,110889000,,0.04130000000046006,31,False,False,NV_2022_05_gri.pdf,,,,4,,https://www.gaming.nv.gov/uploadedFiles/gamingnvgov/content/about/gaming-revenue/2022May-gri.pdf,https://www.gaming.nv.gov/about-us/gaming-revenue-information-gri/,NV/screenshots/NV_2022_05_NV_2022_05_gri_p1.png,"*** Sports - Mobile 49 16,428 23.66 4.13 54 46,035 (12.58) 3.29 65 178,567 1.46 2.83",,2026-04-08T18:41:23.292199
NV,2022-05-01,2022-05-31,monthly,ALL,TOTAL,TOTAL,,combined,,56130977131,2699900000,2699900000,,,53431077131,182243250,,0.0480999999999804,31,False,False,NV_2022_05_gri.pdf,,,,4,,https://www.gaming.nv.gov/uploadedFiles/gamingnvgov/content/about/gaming-revenue/2022May-gri.pdf,https://www.gaming.nv.gov/about-us/gaming-revenue-information-gri/,NV/screenshots/NV_2022_05_NV_2022_05_gri_p1.png,"Sports Pool (2) 177 177 26,999 (0.30) 4.81 178 177 89,292 (4.67) 4.45 180 176 437,453 15.61 4.72",,2026-04-08T18:41:23.292199
NV,2022-05-01,2022-05-31,monthly,ALL,TOTAL,TOTAL,,combined,football,230884823,-261200000,-261200000,,,492084823,,,-1.1312999988743304,31,False,False,NV_2022_05_gri.pdf,,,,4,,https://www.gaming.nv.gov/uploadedFiles/gamingnvgov/content/about/gaming-revenue/2022May-gri.pdf,https://www.gaming.nv.gov/about-us/gaming-revenue-information-gri/,NV/screenshots/NV_2022_05_NV_2022_05_gri_p1.png,"(2) Sports - Football 144 144 (2,612) 66.89 (113.13) 152 152 (24,218) 93.21 (394.17) 177 177 157,865 19.32 5.39",,2026-04-08T18:41:23.292199
NV,2022-05-01,2022-05-31,monthly,ALL,TOTAL,TOTAL,,combined,basketball,17841713222,958100000,958100000,,,16883613222,64671750,,0.05369999999880056,31,False,False,NV_2022_05_gri.pdf,,,,4,,https://www.gaming.nv.gov/uploadedFiles/gamingnvgov/content/about/gaming-revenue/2022May-gri.pdf,https://www.gaming.nv.gov/about-us/gaming-revenue-information-gri/,NV/screenshots/NV_2022_05_NV_2022_05_gri_p1.png,"Sports - Basketball 177 177 9,581 (16.06) 5.37 177 177 71,966 16.40 6.35 177 177 140,396 9.51 4.28",,2026-04-08T18:41:23.292199
NV,2022-05-01,2022-05-31,monthly,ALL,TOTAL,TOTAL,,combined,baseball,24495951417,1210100000,1210100000,,,23285851417,81681750,,0.04940000000000817,31,False,False,NV_2022_05_gri.pdf,,,,4,,https://www.gaming.nv.gov/uploadedFiles/gamingnvgov/content/about/gaming-revenue/2022May-gri.pdf,https://www.gaming.nv.gov/about-us/gaming-revenue-information-gri/,NV/screenshots/NV_2022_05_NV_2022_05_gri_p1.png,"Sports - Baseball 176 176 12,101 39.65 4.94 177 177 18,913 (18.17) 4.32 177 177 63,416 36.38 4.17",,2026-04-08T18:41:23.292199
NV,2022-05-01,2022-05-31,monthly,ALL,TOTAL,TOTAL,,combined,parlay,8977085,3800000,3800000,,,5177085,256500,,0.42329999103272387,31,False,False,NV_2022_05_gri.pdf,,,,4,,https://www.gaming.nv.gov/uploadedFiles/gamingnvgov/content/about/gaming-revenue/2022May-gri.pdf,https://www.gaming.nv.gov/about-us/gaming-revenue-information-gri/,NV/screenshots/NV_2022_05_NV_2022_05_gri_p1.png,"Sports Parlay Cards 19 19 38 (29.75) 42.33 115 115 172 (8.25) 28.62 165 165 11,693 (24.71) 30.73",,2026-04-08T18:41:23.292199
NV,2022-05-01,2022-05-31,monthly,ALL,TOTAL,TOTAL,,combined,hockey,5956692913,151300000,151300000,,,5805392913,10212750,,0.025400000001645207,31,False,False,NV_2022_05_gri.pdf,,,,4,,https://www.gaming.nv.gov/uploadedFiles/gamingnvgov/content/about/gaming-revenue/2022May-gri.pdf,https://www.gaming.nv.gov/about-us/gaming-revenue-information-gri/,NV/screenshots/NV_2022_05_NV_2022_05_gri_p1.png,"Sports - Hockey 176 176 1,513 (33.19) 2.54 177 177 5,424 (10.30) 2.77 177 177 15,529 4.91 2.78",,2026-04-08T18:41:23.292199
NV,2022-05-01,2022-05-31,monthly,ALL,TOTAL,TOTAL,,combined,other,7665865385,637800000,637800000,,,7028065385,43051500,,0.08319999999582565,31,False,False,NV_2022_05_gri.pdf,,,,4,,https://www.gaming.nv.gov/uploadedFiles/gamingnvgov/content/about/gaming-revenue/2022May-gri.pdf,https://www.gaming.nv.gov/about-us/gaming-revenue-information-gri/,NV/screenshots/NV_2022_05_NV_2022_05_gri_p1.png,"Other 177 6,378 2.09 8.32 177 17,034 13.38 7.32 176 48,555 18.29 5.17",,2026-04-08T18:41:23.292199
NV,2022-06-01,2022-06-30,monthly,ALL,TOTAL,TOTAL,,online,,32962882096,1509700000,1509700000,,,31453182096,101904750,,0.045800000000097076,30,False,False,NV_2022_06_gri.pdf,,,,4,,https://www.gaming.nv.gov/uploadedFiles/gamingnvgov/content/about/gaming-revenue/2022Jun-gri.pdf,https://www.gaming.nv.gov/about-us/gaming-revenue-information-gri/,NV/screenshots/NV_2022_06_NV_2022_06_gri_p1.png,"*** Sports - Mobile 50 15,097 2.42 4.58 54 42,045 (8.42) 3.65 66 178,923 (5.05) 2.83",,2026-04-08T18:41:24.273718
NV,2022-06-01,2022-06-30,monthly,ALL,TOTAL,TOTAL,,combined,,49041152263,2383400000,2383400000,,,46657752263,160879500,,0.04860000000037112,30,False,False,NV_2022_06_gri.pdf,,,,4,,https://www.gaming.nv.gov/uploadedFiles/gamingnvgov/content/about/gaming-revenue/2022Jun-gri.pdf,https://www.gaming.nv.gov/about-us/gaming-revenue-information-gri/,NV/screenshots/NV_2022_06_NV_2022_06_gri_p1.png,"Sports Pool (2) 179 178 23,834 (18.33) 4.86 180 177 76,201 (8.75) 4.66 181 176 432,103 5.89 4.69",,2026-04-08T18:41:24.273718
NV,2022-06-01,2022-06-30,monthly,ALL,TOTAL,TOTAL,,combined,football,346180475,-150000000,-150000000,,,496180475,,,-0.43330000052718165,30,False,False,NV_2022_06_gri.pdf,,,,4,,https://www.gaming.nv.gov/uploadedFiles/gamingnvgov/content/about/gaming-revenue/2022Jun-gri.pdf,https://www.gaming.nv.gov/about-us/gaming-revenue-information-gri/,NV/screenshots/NV_2022_06_NV_2022_06_gri_p1.png,"(2) Sports - Football 154 154 (1,500) 101.21 (43.33) 159 159 (8,254) 70.82 (90.37) 177 177 157,111 14.83 5.36",,2026-04-08T18:41:24.273718
NV,2022-06-01,2022-06-30,monthly,ALL,TOTAL,TOTAL,,combined,basketball,8801152738,305400000,305400000,,,8495752738,20614500,,0.03469999999902285,30,False,False,NV_2022_06_gri.pdf,,,,4,,https://www.gaming.nv.gov/uploadedFiles/gamingnvgov/content/about/gaming-revenue/2022Jun-gri.pdf,https://www.gaming.nv.gov/about-us/gaming-revenue-information-gri/,NV/screenshots/NV_2022_06_NV_2022_06_gri_p1.png,"Sports - Basketball 178 178 3,054 (84.59) 3.47 178 178 27,239 (31.65) 5.30 178 178 123,628 (16.31) 3.89",,2026-04-08T18:41:24.273718
NV,2022-06-01,2022-06-30,monthly,ALL,TOTAL,TOTAL,,combined,baseball,29481973435,1553700000,1553700000,,,27928273435,104874750,,0.05269999999916898,30,False,False,NV_2022_06_gri.pdf,,,,4,,https://www.gaming.nv.gov/uploadedFiles/gamingnvgov/content/about/gaming-revenue/2022Jun-gri.pdf,https://www.gaming.nv.gov/about-us/gaming-revenue-information-gri/,NV/screenshots/NV_2022_06_NV_2022_06_gri_p1.png,"Sports - Baseball 177 177 15,537 387.08 5.27 178 178 34,770 33.90 4.78 178 178 75,763 56.86 4.77",,2026-04-08T18:41:24.273718
NV,2022-06-01,2022-06-30,monthly,ALL,TOTAL,TOTAL,,combined,parlay,8646099,4400000,4400000,,,4246099,297000,,0.5089000253177762,30,False,False,NV_2022_06_gri.pdf,,,,4,,https://www.gaming.nv.gov/uploadedFiles/gamingnvgov/content/about/gaming-revenue/2022Jun-gri.pdf,https://www.gaming.nv.gov/about-us/gaming-revenue-information-gri/,NV/screenshots/NV_2022_06_NV_2022_06_gri_p1.png,"Sports Parlay Cards 23 23 44 11.93 50.89 23 23 69 (30.97) 25.12 165 165 11,698 (25.43) 30.76",,2026-04-08T18:41:24.273718
NV,2022-06-01,2022-06-30,monthly,ALL,TOTAL,TOTAL,,combined,hockey,3575569358,518100000,518100000,,,3057469358,34971750,,0.14490000000721565,30,False,False,NV_2022_06_gri.pdf,,,,4,,https://www.gaming.nv.gov/uploadedFiles/gamingnvgov/content/about/gaming-revenue/2022Jun-gri.pdf,https://www.gaming.nv.gov/about-us/gaming-revenue-information-gri/,NV/screenshots/NV_2022_06_NV_2022_06_gri_p1.png,"Sports - Hockey 175 175 5,181 68.17 14.49 177 177 7,627 2.44 4.85 177 177 17,629 (2.43) 3.20",,2026-04-08T18:41:24.273718
NV,2022-06-01,2022-06-30,monthly,ALL,TOTAL,TOTAL,,combined,other,6842342342,151900000,151900000,,,6690442342,10253250,,0.02220000000111073,30,False,False,NV_2022_06_gri.pdf,,,,4,,https://www.gaming.nv.gov/uploadedFiles/gamingnvgov/content/about/gaming-revenue/2022Jun-gri.pdf,https://www.gaming.nv.gov/about-us/gaming-revenue-information-gri/,NV/screenshots/NV_2022_06_NV_2022_06_gri_p1.png,"Other 178 1,519 (60.02) 2.22 177 14,749 (1.47) 6.49 176 46,275 11.63 4.99",,2026-04-08T18:41:24.273718
NV,2022-07-01,2022-07-31,monthly,ALL,TOTAL,TOTAL,,online,,27371698113,1450700000,1450700000,,,25920998113,97922250,,0.05300000000040188,31,False,False,NV_2022_07_gri.pdf,,,,4,,https://www.gaming.nv.gov/uploadedFiles/gamingnvgov/content/about/gaming-revenue/2022Jul-gri.pdf,https://www.gaming.nv.gov/about-us/gaming-revenue-information-gri/,NV/screenshots/NV_2022_07_NV_2022_07_gri_p1.png,"*** Sports - Mobile 49 14,507 6.31 5.30 56 46,032 10.46 4.60 66 179,784 (8.41) 2.83",,2026-04-08T18:41:25.135260
NV,2022-07-01,2022-07-31,monthly,ALL,TOTAL,TOTAL,,combined,,41914728682,1622100000,1622100000,,,40292628682,109491750,,0.03870000000015746,31,False,False,NV_2022_07_gri.pdf,,,,4,,https://www.gaming.nv.gov/uploadedFiles/gamingnvgov/content/about/gaming-revenue/2022Jul-gri.pdf,https://www.gaming.nv.gov/about-us/gaming-revenue-information-gri/,NV/screenshots/NV_2022_07_NV_2022_07_gri_p1.png,"Sports Pool (2) 177 177 16,221 (51.26) 3.87 180 177 67,054 (25.12) 4.56 181 176 415,092 (4.58) 4.50",,2026-04-08T18:41:25.135260
NV,2022-07-01,2022-07-31,monthly,ALL,TOTAL,TOTAL,,combined,football,381122449,-149400000,-149400000,,,530522449,,,-0.39199999997900936,31,False,False,NV_2022_07_gri.pdf,,,,4,,https://www.gaming.nv.gov/uploadedFiles/gamingnvgov/content/about/gaming-revenue/2022Jul-gri.pdf,https://www.gaming.nv.gov/about-us/gaming-revenue-information-gri/,NV/screenshots/NV_2022_07_NV_2022_07_gri_p1.png,"(2) Sports - Football 153 153 (1,494) 49.38 (39.20) 160 160 (5,605) 69.33 (58.50) 177 177 160,400 15.25 5.47",,2026-04-08T18:41:25.135260
NV,2022-07-01,2022-07-31,monthly,ALL,TOTAL,TOTAL,,combined,basketball,2801264679,-310100000,-310100000,,,3111364679,,,-0.11070000001238726,31,False,False,NV_2022_07_gri.pdf,,,,4,,https://www.gaming.nv.gov/uploadedFiles/gamingnvgov/content/about/gaming-revenue/2022Jul-gri.pdf,https://www.gaming.nv.gov/about-us/gaming-revenue-information-gri/,NV/screenshots/NV_2022_07_NV_2022_07_gri_p1.png,"Sports - Basketball 171 171 (3,101) (152.98) (11.07) 178 178 9,533 (74.30) 3.24 178 178 110,939 (27.78) 3.55",,2026-04-08T18:41:25.135260
NV,2022-07-01,2022-07-31,monthly,ALL,TOTAL,TOTAL,,combined,baseball,28983308042,1910000000,1910000000,,,27073308042,128925000,,0.06590000000111099,31,False,False,NV_2022_07_gri.pdf,,,,4,,https://www.gaming.nv.gov/uploadedFiles/gamingnvgov/content/about/gaming-revenue/2022Jul-gri.pdf,https://www.gaming.nv.gov/about-us/gaming-revenue-information-gri/,NV/screenshots/NV_2022_07_NV_2022_07_gri_p1.png,"Sports - Baseball 175 175 19,100 0.50 6.59 177 177 46,738 51.45 5.64 178 178 76,340 21.29 4.63",,2026-04-08T18:41:25.135260
NV,2022-07-01,2022-07-31,monthly,ALL,TOTAL,TOTAL,,combined,parlay,7009346,-900000,-900000,,,7909346,,,-0.1283999962336001,31,False,False,NV_2022_07_gri.pdf,,,,4,,https://www.gaming.nv.gov/uploadedFiles/gamingnvgov/content/about/gaming-revenue/2022Jul-gri.pdf,https://www.gaming.nv.gov/about-us/gaming-revenue-information-gri/,NV/screenshots/NV_2022_07_NV_2022_07_gri_p1.png,"Sports Parlay Cards 22 22 (9) (132.10) (12.84) 23 23 73 (39.28) 29.97 165 165 11,710 (25.58) 30.73",,2026-04-08T18:41:25.135260
NV,2022-07-01,2022-07-31,monthly,ALL,TOTAL,TOTAL,,combined,hockey,574096,-118500000,-118500000,,,119074096,,,-206.41147125219476,31,False,False,NV_2022_07_gri.pdf,,,,4,,https://www.gaming.nv.gov/uploadedFiles/gamingnvgov/content/about/gaming-revenue/2022Jul-gri.pdf,https://www.gaming.nv.gov/about-us/gaming-revenue-information-gri/,NV/screenshots/NV_2022_07_NV_2022_07_gri_p1.png,"Sports - Hockey 19 19 (1,185) (486.66) (20,641.15) 177 177 5,509 (2.53) 5.79 177 177 15,826 (14.39) 2.92",,2026-04-08T18:41:25.135260
NV,2022-07-01,2022-07-31,monthly,ALL,TOTAL,TOTAL,,combined,other,9765100671,291000000,291000000,,,9474100671,19642500,,0.029800000000430104,31,False,False,NV_2022_07_gri.pdf,,,,4,,https://www.gaming.nv.gov/uploadedFiles/gamingnvgov/content/about/gaming-revenue/2022Jul-gri.pdf,https://www.gaming.nv.gov/about-us/gaming-revenue-information-gri/,NV/screenshots/NV_2022_07_NV_2022_07_gri_p1.png,"Other 177 2,910 (67.98) 2.98 177 10,807 (43.52) 4.45 176 39,877 (11.56) 4.29",,2026-04-08T18:41:25.135260
NV,2022-08-01,2022-08-31,monthly,ALL,TOTAL,TOTAL,,online,,29326470588,997100000,997100000,,,28329370588,67304250,,0.03400000000027279,31,False,False,NV_2022_08_gri.pdf,,,,4,,https://www.gaming.nv.gov/uploadedFiles/gamingnvgov/content/about/gaming-revenue/2022Aug-gri.pdf,https://www.gaming.nv.gov/about-us/gaming-revenue-information-gri/,NV/screenshots/NV_2022_08_NV_2022_08_gri_p1.png,"*** Sports - Mobile 46 9,971 14.78 3.40 53 39,575 6.75 4.42 64 181,068 (6.66) 2.86",,2026-04-08T18:41:26.127125
NV,2022-08-01,2022-08-31,monthly,ALL,TOTAL,TOTAL,,combined,,40885496183,1606800000,1606800000,,,39278696183,108459000,,0.039300000000198114,31,False,False,NV_2022_08_gri.pdf,,,,4,,https://www.gaming.nv.gov/uploadedFiles/gamingnvgov/content/about/gaming-revenue/2022Aug-gri.pdf,https://www.gaming.nv.gov/about-us/gaming-revenue-information-gri/,NV/screenshots/NV_2022_08_NV_2022_08_gri_p1.png,"Sports Pool (2) 178 178 16,068 12.03 3.93 182 177 56,123 (26.93) 4.26 182 177 416,818 (3.60) 4.53",,2026-04-08T18:41:26.127125
NV,2022-08-01,2022-08-31,monthly,ALL,TOTAL,TOTAL,,combined,football,5035714286,-42300000,-42300000,,,5078014286,,,-0.008399999999523405,31,False,False,NV_2022_08_gri.pdf,,,,4,,https://www.gaming.nv.gov/uploadedFiles/gamingnvgov/content/about/gaming-revenue/2022Aug-gri.pdf,https://www.gaming.nv.gov/about-us/gaming-revenue-information-gri/,NV/screenshots/NV_2022_08_NV_2022_08_gri_p1.png,"(2) Sports - Football 175 175 (423) (673.63) (0.84) 175 175 (3,417) 104.41 (5.94) 178 178 159,903 12.10 5.44",,2026-04-08T18:41:26.127125
NV,2022-08-01,2022-08-31,monthly,ALL,TOTAL,TOTAL,,combined,basketball,1423990499,-119900000,-119900000,,,1543890499,,,-0.08419999998890441,31,False,False,NV_2022_08_gri.pdf,,,,4,,https://www.gaming.nv.gov/uploadedFiles/gamingnvgov/content/about/gaming-revenue/2022Aug-gri.pdf,https://www.gaming.nv.gov/about-us/gaming-revenue-information-gri/,NV/screenshots/NV_2022_08_NV_2022_08_gri_p1.png,"Sports - Basketball 170 170 (1,199) 12.00 (8.42) 180 180 (1,246) (105.07) (0.96) 180 180 110,811 (23.54) 3.54",,2026-04-08T18:41:26.127125
NV,2022-08-01,2022-08-31,monthly,ALL,TOTAL,TOTAL,,combined,baseball,27022222222,1337600000,1337600000,,,25684622222,90288000,,0.04950000000040707,31,False,False,NV_2022_08_gri.pdf,,,,4,,https://www.gaming.nv.gov/uploadedFiles/gamingnvgov/content/about/gaming-revenue/2022Aug-gri.pdf,https://www.gaming.nv.gov/about-us/gaming-revenue-information-gri/,NV/screenshots/NV_2022_08_NV_2022_08_gri_p1.png,"Sports - Baseball 177 177 13,376 30.21 4.95 179 179 48,012 47.88 5.62 180 180 79,443 23.78 4.84",,2026-04-08T18:41:26.127125
NV,2022-08-01,2022-08-31,monthly,ALL,TOTAL,TOTAL,,combined,parlay,9075783,6000000,6000000,,,3075783,405000,,0.6610999844310954,31,False,False,NV_2022_08_gri.pdf,,,,4,,https://www.gaming.nv.gov/uploadedFiles/gamingnvgov/content/about/gaming-revenue/2022Aug-gri.pdf,https://www.gaming.nv.gov/about-us/gaming-revenue-information-gri/,NV/screenshots/NV_2022_08_NV_2022_08_gri_p1.png,"Sports Parlay Cards 28 28 60 105.93 66.11 29 29 95 (0.54) 38.80 165 165 11,740 (25.32) 30.81",,2026-04-08T18:41:26.127125
NV,2022-08-01,2022-08-31,monthly,ALL,TOTAL,TOTAL,,combined,hockey,16745138,-40900000,-40900000,,,57645138,,,-2.4425000259776897,31,False,False,NV_2022_08_gri.pdf,,,,4,,https://www.gaming.nv.gov/uploadedFiles/gamingnvgov/content/about/gaming-revenue/2022Aug-gri.pdf,https://www.gaming.nv.gov/about-us/gaming-revenue-information-gri/,NV/screenshots/NV_2022_08_NV_2022_08_gri_p1.png,"Sports - Hockey 42 42 (409) 0.53 (244.25) 175 175 3,587 20.35 9.98 177 177 15,824 (5.23) 2.92",,2026-04-08T18:41:26.127125
NV,2022-08-01,2022-08-31,monthly,ALL,TOTAL,TOTAL,,combined,other,7379746835,466400000,466400000,,,6913346835,31482000,,0.06320000000379417,31,False,False,NV_2022_08_gri.pdf,,,,4,,https://www.gaming.nv.gov/uploadedFiles/gamingnvgov/content/about/gaming-revenue/2022Aug-gri.pdf,https://www.gaming.nv.gov/about-us/gaming-revenue-information-gri/,NV/screenshots/NV_2022_08_NV_2022_08_gri_p1.png,"Other 178 4,664 (14.34) 6.32 177 9,093 (50.40) 3.79 177 39,096 (18.92) 4.29",,2026-04-08T18:41:26.127125
NV,2022-09-01,2022-09-30,monthly,ALL,TOTAL,TOTAL,,online,,49198581560,2774800000,2774800000,,,46423781560,187299000,,0.05640000000032521,30,False,False,NV_2022_09_gri.pdf,,,,4,,https://www.gaming.nv.gov/uploadedFiles/gamingnvgov/content/about/gaming-revenue/2022Sep-gri.pdf,https://www.gaming.nv.gov/about-us/gaming-revenue-information-gri/,NV/screenshots/NV_2022_09_NV_2022_09_gri_p1.png,"*** Sports - Mobile 49 27,748 65.76 5.64 52 52,226 33.66 4.94 65 192,076 (3.82) 3.03",,2026-04-08T18:41:27.078696
NV,2022-09-01,2022-09-30,monthly,ALL,TOTAL,TOTAL,,combined,,76109913793,7063000000,7063000000,,,69046913793,476752500,,0.09280000000012613,30,False,False,NV_2022_09_gri.pdf,,,,4,,https://www.gaming.nv.gov/uploadedFiles/gamingnvgov/content/about/gaming-revenue/2022Sep-gri.pdf,https://www.gaming.nv.gov/about-us/gaming-revenue-information-gri/,NV/screenshots/NV_2022_09_NV_2022_09_gri_p1.png,"Sports Pool (2) 177 177 70,630 30.19 9.28 179 177 102,919 1.03 6.48 182 176 433,196 (4.52) 4.72",,2026-04-08T18:41:27.078696
NV,2022-09-01,2022-09-30,monthly,ALL,TOTAL,TOTAL,,combined,football,48170549860,5168700000,5168700000,,,43001849860,348887250,,0.10730000000045671,30,False,False,NV_2022_09_gri.pdf,,,,4,,https://www.gaming.nv.gov/uploadedFiles/gamingnvgov/content/about/gaming-revenue/2022Sep-gri.pdf,https://www.gaming.nv.gov/about-us/gaming-revenue-information-gri/,NV/screenshots/NV_2022_09_NV_2022_09_gri_p1.png,"(2) Sports - Football 177 177 51,687 42.37 10.73 178 178 49,770 40.68 9.29 180 180 175,286 4.07 5.95",,2026-04-08T18:41:27.078696
NV,2022-09-01,2022-09-30,monthly,ALL,TOTAL,TOTAL,,combined,basketball,668843284,-143400000,-143400000,,,812243284,,,-0.2143999998660374,30,False,False,NV_2022_09_gri.pdf,,,,4,,https://www.gaming.nv.gov/uploadedFiles/gamingnvgov/content/about/gaming-revenue/2022Sep-gri.pdf,https://www.gaming.nv.gov/about-us/gaming-revenue-information-gri/,NV/screenshots/NV_2022_09_NV_2022_09_gri_p1.png,"Sports - Basketball 167 167 (1,434) 27.92 (21.44) 175 175 (5,734) (256.56) (11.72) 180 180 110,498 (21.09) 3.53",,2026-04-08T18:41:27.078696
NV,2022-09-01,2022-09-30,monthly,ALL,TOTAL,TOTAL,,combined,baseball,19281538462,1253300000,1253300000,,,18028238462,84597750,,0.06499999999844411,30,False,False,NV_2022_09_gri.pdf,,,,4,,https://www.gaming.nv.gov/uploadedFiles/gamingnvgov/content/about/gaming-revenue/2022Sep-gri.pdf,https://www.gaming.nv.gov/about-us/gaming-revenue-information-gri/,NV/screenshots/NV_2022_09_NV_2022_09_gri_p1.png,"Sports - Baseball 177 177 12,533 3.04 6.50 178 178 45,008 8.61 5.98 180 180 79,814 20.65 4.93",,2026-04-08T18:41:27.078696
NV,2022-09-01,2022-09-30,monthly,ALL,TOTAL,TOTAL,,combined,parlay,662253047,315100000,315100000,,,347153047,21269250,,0.47580000035847325,30,False,False,NV_2022_09_gri.pdf,,,,4,,https://www.gaming.nv.gov/uploadedFiles/gamingnvgov/content/about/gaming-revenue/2022Sep-gri.pdf,https://www.gaming.nv.gov/about-us/gaming-revenue-information-gri/,NV/screenshots/NV_2022_09_NV_2022_09_gri_p1.png,"Sports Parlay Cards 159 159 3,151 (23.03) 47.58 159 159 3,202 (22.85) 47.22 168 168 10,797 (39.00) 28.82",,2026-04-08T18:41:27.078696
NV,2022-09-01,2022-09-30,monthly,ALL,TOTAL,TOTAL,,combined,hockey,123364486,-26400000,-26400000,,,149764486,,,-0.21399999996757577,30,False,False,NV_2022_09_gri.pdf,,,,4,,https://www.gaming.nv.gov/uploadedFiles/gamingnvgov/content/about/gaming-revenue/2022Sep-gri.pdf,https://www.gaming.nv.gov/about-us/gaming-revenue-information-gri/,NV/screenshots/NV_2022_09_NV_2022_09_gri_p1.png,"Sports - Hockey 149 149 (264) 24.68 (21.40) 153 153 (1,858) 495.05 (132.20) 179 179 15,771 38.80 2.91",,2026-04-08T18:41:27.078696
NV,2022-09-01,2022-09-30,monthly,ALL,TOTAL,TOTAL,,combined,other,7182608696,495600000,495600000,,,6687008696,33453000,,0.0689999999966586,30,False,False,NV_2022_09_gri.pdf,,,,4,,https://www.gaming.nv.gov/uploadedFiles/gamingnvgov/content/about/gaming-revenue/2022Sep-gri.pdf,https://www.gaming.nv.gov/about-us/gaming-revenue-information-gri/,NV/screenshots/NV_2022_09_NV_2022_09_gri_p1.png,"Other 177 4,956 63.99 6.90 177 12,530 (28.62) 5.15 176 41,030 (18.01) 4.52",,2026-04-08T18:41:27.078696
NV,2022-10-01,2022-10-31,monthly,ALL,TOTAL,TOTAL,,online,,61284116331,2739400000,2739400000,,,58544716331,184909500,,0.04470000000007016,31,False,False,NV_2022_10_gri.pdf,,,,4,,https://www.gaming.nv.gov/uploadedFiles/gamingnvgov/content/about/gaming-revenue/2022Oct-gri.pdf,https://www.gaming.nv.gov/about-us/gaming-revenue-information-gri/,NV/screenshots/NV_2022_10_NV_2022_10_gri_p1.png,"*** Sports - Mobile 49 27,394 62.19 4.47 55 65,113 53.87 4.66 66 202,579 (0.20) 3.24",,2026-04-08T18:41:28.043612
NV,2022-10-01,2022-10-31,monthly,ALL,TOTAL,TOTAL,,combined,,92153970827,5685900000,5685900000,,,86468070827,383798250,,0.06169999999971895,31,False,False,NV_2022_10_gri.pdf,,,,4,,https://www.gaming.nv.gov/uploadedFiles/gamingnvgov/content/about/gaming-revenue/2022Oct-gri.pdf,https://www.gaming.nv.gov/about-us/gaming-revenue-information-gri/,NV/screenshots/NV_2022_10_NV_2022_10_gri_p1.png,"Sports Pool (2) 175 175 56,859 17.72 6.17 178 176 143,557 22.81 6.87 182 176 441,754 (3.89) 4.91",,2026-04-08T18:41:28.043612
NV,2022-10-01,2022-10-31,monthly,ALL,TOTAL,TOTAL,,combined,football,60741347905,3334700000,3334700000,,,57406647905,225092250,,0.05490000000025518,31,False,False,NV_2022_10_gri.pdf,,,,4,,https://www.gaming.nv.gov/uploadedFiles/gamingnvgov/content/about/gaming-revenue/2022Oct-gri.pdf,https://www.gaming.nv.gov/about-us/gaming-revenue-information-gri/,NV/screenshots/NV_2022_10_NV_2022_10_gri_p1.png,"(2) Sports - Football 175 175 33,347 12.11 5.49 178 178 84,612 27.96 7.43 180 180 178,889 8.04 6.33",,2026-04-08T18:41:28.043612
NV,2022-10-01,2022-10-31,monthly,ALL,TOTAL,TOTAL,,combined,basketball,7921618205,626600000,626600000,,,7295018205,42295500,,0.07909999999804333,31,False,False,NV_2022_10_gri.pdf,,,,4,,https://www.gaming.nv.gov/uploadedFiles/gamingnvgov/content/about/gaming-revenue/2022Oct-gri.pdf,https://www.gaming.nv.gov/about-us/gaming-revenue-information-gri/,NV/screenshots/NV_2022_10_NV_2022_10_gri_p1.png,"Sports - Basketball 174 174 6,266 (21.65) 7.91 176 176 3,634 (37.43) 3.63 180 180 108,766 (26.62) 3.51",,2026-04-08T18:41:28.043612
NV,2022-10-01,2022-10-31,monthly,ALL,TOTAL,TOTAL,,combined,baseball,11471365639,781200000,781200000,,,10690165639,52731000,,0.06809999999861394,31,False,False,NV_2022_10_gri.pdf,,,,4,,https://www.gaming.nv.gov/uploadedFiles/gamingnvgov/content/about/gaming-revenue/2022Oct-gri.pdf,https://www.gaming.nv.gov/about-us/gaming-revenue-information-gri/,NV/screenshots/NV_2022_10_NV_2022_10_gri_p1.png,"Sports - Baseball 173 173 7,812 86.10 6.81 178 178 33,721 26.61 5.84 180 180 83,428 28.01 5.18",,2026-04-08T18:41:28.043612
NV,2022-10-01,2022-10-31,monthly,ALL,TOTAL,TOTAL,,combined,parlay,1007790184,388100000,388100000,,,619690184,26196750,,0.38510000014050544,31,False,False,NV_2022_10_gri.pdf,,,,4,,https://www.gaming.nv.gov/uploadedFiles/gamingnvgov/content/about/gaming-revenue/2022Oct-gri.pdf,https://www.gaming.nv.gov/about-us/gaming-revenue-information-gri/,NV/screenshots/NV_2022_10_NV_2022_10_gri_p1.png,"Sports Parlay Cards 158 158 3,881 (8.86) 38.51 163 163 7,092 (15.39) 42.23 168 168 10,420 (42.42) 28.85",,2026-04-08T18:41:28.043612
NV,2022-10-01,2022-10-31,monthly,ALL,TOTAL,TOTAL,,combined,hockey,3684647303,88800000,88800000,,,3595847303,5994000,,0.024099999999375787,31,False,False,NV_2022_10_gri.pdf,,,,4,,https://www.gaming.nv.gov/uploadedFiles/gamingnvgov/content/about/gaming-revenue/2022Oct-gri.pdf,https://www.gaming.nv.gov/about-us/gaming-revenue-information-gri/,NV/screenshots/NV_2022_10_NV_2022_10_gri_p1.png,"Sports - Hockey 174 174 888 (17.18) 2.41 175 175 215 (52.63) 0.56 179 179 15,587 15.30 2.91",,2026-04-08T18:41:28.043612
NV,2022-10-01,2022-10-31,monthly,ALL,TOTAL,TOTAL,,combined,other,7266355140,466500000,466500000,,,6799855140,31488750,,0.06420000000165145,31,False,False,NV_2022_10_gri.pdf,,,,4,,https://www.gaming.nv.gov/uploadedFiles/gamingnvgov/content/about/gaming-revenue/2022Oct-gri.pdf,https://www.gaming.nv.gov/about-us/gaming-revenue-information-gri/,NV/screenshots/NV_2022_10_NV_2022_10_gri_p1.png,"Other 175 4,665 352.64 6.42 176 14,285 50.41 6.54 176 44,664 (8.94) 4.99",,2026-04-08T18:41:28.043612
NV,2022-11-01,2022-11-30,monthly,ALL,TOTAL,TOTAL,,online,,64168789809,2014900000,2014900000,,,62153889809,136005750,,0.03139999999995948,30,False,False,NV_2022_11_gri.pdf,,,,4,,https://www.gaming.nv.gov/uploadedFiles/gamingnvgov/content/about/gaming-revenue/2022Nov-gri.pdf,https://www.gaming.nv.gov/about-us/gaming-revenue-information-gri/,NV/screenshots/NV_2022_11_NV_2022_11_gri_p1.png,"*** Sports - Mobile 48 20,149 (42.39) 3.14 54 75,291 9.75 4.31 64 187,756 (12.44) 3.07",,2026-04-08T18:41:29.004567
NV,2022-11-01,2022-11-30,monthly,ALL,TOTAL,TOTAL,,combined,,92785714286,3767100000,3767100000,,,89018614286,254279250,,0.04059999999987498,30,False,False,NV_2022_11_gri.pdf,,,,4,,https://www.gaming.nv.gov/uploadedFiles/gamingnvgov/content/about/gaming-revenue/2022Nov-gri.pdf,https://www.gaming.nv.gov/about-us/gaming-revenue-information-gri/,NV/screenshots/NV_2022_11_NV_2022_11_gri_p1.png,"Sports Pool (2) 175 175 37,671 (47.66) 4.06 177 175 165,160 (5.37) 6.33 182 176 407,453 (13.27) 4.61",,2026-04-08T18:41:29.004567
NV,2022-11-01,2022-11-30,monthly,ALL,TOTAL,TOTAL,,combined,football,51666666667,2294000000,2294000000,,,49372666667,154845000,,0.04439999999971355,30,False,False,NV_2022_11_gri.pdf,,,,4,,https://www.gaming.nv.gov/uploadedFiles/gamingnvgov/content/about/gaming-revenue/2022Nov-gri.pdf,https://www.gaming.nv.gov/about-us/gaming-revenue-information-gri/,NV/screenshots/NV_2022_11_NV_2022_11_gri_p1.png,"(2) Sports - Football 175 175 22,940 (56.77) 4.44 177 177 107,975 (9.35) 6.73 180 180 148,764 (8.53) 5.35",,2026-04-08T18:41:29.004567
NV,2022-11-01,2022-11-30,monthly,ALL,TOTAL,TOTAL,,combined,basketball,26110810811,966100000,966100000,,,25144710811,65211750,,0.036999999999731914,30,False,False,NV_2022_11_gri.pdf,,,,4,,https://www.gaming.nv.gov/uploadedFiles/gamingnvgov/content/about/gaming-revenue/2022Nov-gri.pdf,https://www.gaming.nv.gov/about-us/gaming-revenue-information-gri/,NV/screenshots/NV_2022_11_NV_2022_11_gri_p1.png,"Sports - Basketball 175 175 9,661 (5.57) 3.70 176 176 14,493 (15.28) 4.18 180 180 108,197 (31.36) 3.63",,2026-04-08T18:41:29.004567
NV,2022-11-01,2022-11-30,monthly,ALL,TOTAL,TOTAL,,combined,baseball,2650140845,-470400000,-470400000,,,3120540845,,,-0.17750000000471672,30,False,False,NV_2022_11_gri.pdf,,,,4,,https://www.gaming.nv.gov/uploadedFiles/gamingnvgov/content/about/gaming-revenue/2022Nov-gri.pdf,https://www.gaming.nv.gov/about-us/gaming-revenue-information-gri/,NV/screenshots/NV_2022_11_NV_2022_11_gri_p1.png,"Sports - Baseball 173 173 (4,704) 188.07 (17.75) 177 177 15,641 6.20 4.69 180 180 80,357 18.37 4.94",,2026-04-08T18:41:29.004567
NV,2022-11-01,2022-11-30,monthly,ALL,TOTAL,TOTAL,,combined,parlay,719444444,103600000,103600000,,,615844444,6993000,,0.14400000008895752,30,False,False,NV_2022_11_gri.pdf,,,,4,,https://www.gaming.nv.gov/uploadedFiles/gamingnvgov/content/about/gaming-revenue/2022Nov-gri.pdf,https://www.gaming.nv.gov/about-us/gaming-revenue-information-gri/,NV/screenshots/NV_2022_11_NV_2022_11_gri_p1.png,"Sports Parlay Cards 155 155 1,036 (76.46) 14.40 163 163 8,068 (36.74) 33.76 168 168 7,054 (58.11) 20.00",,2026-04-08T18:41:29.004567
NV,2022-11-01,2022-11-30,monthly,ALL,TOTAL,TOTAL,,combined,hockey,4597484277,292400000,292400000,,,4305084277,19737000,,0.06359999999625883,30,False,False,NV_2022_11_gri.pdf,,,,4,,https://www.gaming.nv.gov/uploadedFiles/gamingnvgov/content/about/gaming-revenue/2022Nov-gri.pdf,https://www.gaming.nv.gov/about-us/gaming-revenue-information-gri/,NV/screenshots/NV_2022_11_NV_2022_11_gri_p1.png,"Sports - Hockey 172 172 2,924 (1.84) 6.36 174 174 3,548 (7.58) 4.22 179 179 15,532 (7.66) 3.00",,2026-04-08T18:41:29.004567
NV,2022-11-01,2022-11-30,monthly,ALL,TOTAL,TOTAL,,combined,other,7160098522,581400000,581400000,,,6578698522,39244500,,0.08120000000189942,30,False,False,NV_2022_11_gri.pdf,,,,4,,https://www.gaming.nv.gov/uploadedFiles/gamingnvgov/content/about/gaming-revenue/2022Nov-gri.pdf,https://www.gaming.nv.gov/about-us/gaming-revenue-information-gri/,NV/screenshots/NV_2022_11_NV_2022_11_gri_p1.png,"Other 175 5,814 98.40 8.12 175 15,435 121.03 7.14 176 47,548 (0.89) 5.29",,2026-04-08T18:41:29.004567
NV,2022-12-01,2022-12-31,monthly,ALL,TOTAL,TOTAL,,online,,60306666667,1809200000,1809200000,,,58497466667,122121000,,0.02999999999983418,31,False,False,NV_2022_12_gri.pdf,,,,4,,https://www.gaming.nv.gov/uploadedFiles/gamingnvgov/content/about/gaming-revenue/2022Dec-gri.pdf,https://www.gaming.nv.gov/about-us/gaming-revenue-information-gri/,NV/screenshots/NV_2022_12_NV_2022_12_gri_p1.png,"*** Sports - Mobile 46 18,092 595.58 3.00 51 65,635 20.51 3.53 64 203,247 4.61 3.42",,2026-04-08T18:41:29.976788
NV,2022-12-01,2022-12-31,monthly,ALL,TOTAL,TOTAL,,combined,,88046251994,5520500000,5520500000,,,82525751994,372633750,,0.0626999999997297,31,False,False,NV_2022_12_gri.pdf,,,,4,,https://www.gaming.nv.gov/uploadedFiles/gamingnvgov/content/about/gaming-revenue/2022Dec-gri.pdf,https://www.gaming.nv.gov/about-us/gaming-revenue-information-gri/,NV/screenshots/NV_2022_12_NV_2022_12_gri_p1.png,"Sports Pool (2) 177 177 55,205 245.90 6.27 177 175 149,735 9.91 5.49 183 176 446,698 0.34 5.13",,2026-04-08T18:41:29.976788
NV,2022-12-01,2022-12-31,monthly,ALL,TOTAL,TOTAL,,combined,football,48182857143,3372800000,3372800000,,,44810057143,227664000,,0.06999999999979245,31,False,False,NV_2022_12_gri.pdf,,,,4,,https://www.gaming.nv.gov/uploadedFiles/gamingnvgov/content/about/gaming-revenue/2022Dec-gri.pdf,https://www.gaming.nv.gov/about-us/gaming-revenue-information-gri/,NV/screenshots/NV_2022_12_NV_2022_12_gri_p1.png,"(2) Sports - Football 177 177 33,728 99.14 7.00 177 177 90,016 (9.75) 5.61 181 181 165,556 7.70 5.94",,2026-04-08T18:41:29.976788
NV,2022-12-01,2022-12-31,monthly,ALL,TOTAL,TOTAL,,combined,basketball,27132113821,1334900000,1334900000,,,25797213821,90105750,,0.04920000000025063,31,False,False,NV_2022_12_gri.pdf,,,,4,,https://www.gaming.nv.gov/uploadedFiles/gamingnvgov/content/about/gaming-revenue/2022Dec-gri.pdf,https://www.gaming.nv.gov/about-us/gaming-revenue-information-gri/,NV/screenshots/NV_2022_12_NV_2022_12_gri_p1.png,"Sports - Basketball 177 177 13,349 366.52 4.92 177 177 29,276 38.82 4.79 181 181 118,684 (19.71) 4.17",,2026-04-08T18:41:29.976788
NV,2022-12-01,2022-12-31,monthly,ALL,TOTAL,TOTAL,,combined,baseball,7780701,-125400000,-125400000,,,133180701,,,-16.1167997587878,31,False,False,NV_2022_12_gri.pdf,,,,4,,https://www.gaming.nv.gov/uploadedFiles/gamingnvgov/content/about/gaming-revenue/2022Dec-gri.pdf,https://www.gaming.nv.gov/about-us/gaming-revenue-information-gri/,NV/screenshots/NV_2022_12_NV_2022_12_gri_p1.png,"Sports - Baseball 16 16 (1,254) (1.77) (1,611.68) 174 174 1,855 43.93 1.31 180 180 80,380 17.64 4.94",,2026-04-08T18:41:29.976788
NV,2022-12-01,2022-12-31,monthly,ALL,TOTAL,TOTAL,,combined,parlay,626334520,123200000,123200000,,,503134520,8316000,,0.19669999986588638,31,False,False,NV_2022_12_gri.pdf,,,,4,,https://www.gaming.nv.gov/uploadedFiles/gamingnvgov/content/about/gaming-revenue/2022Dec-gri.pdf,https://www.gaming.nv.gov/about-us/gaming-revenue-information-gri/,NV/screenshots/NV_2022_12_NV_2022_12_gri_p1.png,"Sports Parlay Cards 157 157 1,232 (164.90) 19.67 162 162 6,149 (9.04) 26.12 168 168 10,186 (17.40) 28.32",,2026-04-08T18:41:29.976788
NV,2022-12-01,2022-12-31,monthly,ALL,TOTAL,TOTAL,,combined,hockey,4491923642,305900000,305900000,,,4186023642,20648250,,0.06809999999550304,31,False,False,NV_2022_12_gri.pdf,,,,4,,https://www.gaming.nv.gov/uploadedFiles/gamingnvgov/content/about/gaming-revenue/2022Dec-gri.pdf,https://www.gaming.nv.gov/about-us/gaming-revenue-information-gri/,NV/screenshots/NV_2022_12_NV_2022_12_gri_p1.png,"Sports - Hockey 175 175 3,059 (604.76) 6.81 177 177 6,870 99.45 5.38 181 181 19,197 17.25 3.87",,2026-04-08T18:41:29.976788
NV,2022-12-01,2022-12-31,monthly,ALL,TOTAL,TOTAL,,combined,other,7597014925,509000000,509000000,,,7088014925,34357500,,0.06700000000329076,31,False,False,NV_2022_12_gri.pdf,,,,4,,https://www.gaming.nv.gov/uploadedFiles/gamingnvgov/content/about/gaming-revenue/2022Dec-gri.pdf,https://www.gaming.nv.gov/about-us/gaming-revenue-information-gri/,NV/screenshots/NV_2022_12_NV_2022_12_gri_p1.png,"Other 177 5,090 6.70 175 15,569 298.77 7.07 176 52,695 13.04 5.74",,2026-04-08T18:41:29.976788
NV,2023-01-01,2023-01-31,monthly,ALL,TOTAL,TOTAL,,online,,58160655738,1773900000,1773900000,,,56386755738,119738250,,0.030499999999845255,31,False,False,NV_2023_01_gri.pdf,,,,4,,https://www.gaming.nv.gov/uploadedFiles/gamingnvgov/content/about/gaming-revenue/2023Jan-gri.pdf,https://www.gaming.nv.gov/about-us/gaming-revenue-information-gri/,NV/screenshots/NV_2023_01_NV_2023_01_gri_p1.png,"*** Sports - Mobile 49 17,739 16.82 3.05 52 55,981 6.11 3.06 65 205,801 10.44 3.58",,2026-04-08T18:41:30.940880
NV,2023-01-01,2023-01-31,monthly,ALL,TOTAL,TOTAL,,combined,,93578849722,5043900000,5043900000,,,88534949722,340463250,,0.05389999999983116,31,False,False,NV_2023_01_gri.pdf,,,,4,,https://www.gaming.nv.gov/uploadedFiles/gamingnvgov/content/about/gaming-revenue/2023Jan-gri.pdf,https://www.gaming.nv.gov/about-us/gaming-revenue-information-gri/,NV/screenshots/NV_2023_01_NV_2023_01_gri_p1.png,"Sports Pool (2) 176 176 50,439 0.88 5.39 177 176 143,315 3.91 5.22 183 176 447,141 0.98 5.24",,2026-04-08T18:41:30.940880
NV,2023-01-01,2023-01-31,monthly,ALL,TOTAL,TOTAL,,combined,football,42992514970,2871900000,2871900000,,,40120614970,193853250,,0.06680000000009303,31,False,False,NV_2023_01_gri.pdf,,,,4,,https://www.gaming.nv.gov/uploadedFiles/gamingnvgov/content/about/gaming-revenue/2023Jan-gri.pdf,https://www.gaming.nv.gov/about-us/gaming-revenue-information-gri/,NV/screenshots/NV_2023_01_NV_2023_01_gri_p1.png,"(2) Sports - Football 176 176 28,719 (21.51) 6.68 177 177 85,387 (19.89) 5.98 181 181 157,685 (4.26) 5.71",,2026-04-08T18:41:30.940880
NV,2023-01-01,2023-01-31,monthly,ALL,TOTAL,TOTAL,,combined,basketball,39221938776,1537500000,1537500000,,,37684438776,103781250,,0.03919999999951048,31,False,False,NV_2023_01_gri.pdf,,,,4,,https://www.gaming.nv.gov/uploadedFiles/gamingnvgov/content/about/gaming-revenue/2023Jan-gri.pdf,https://www.gaming.nv.gov/about-us/gaming-revenue-information-gri/,NV/screenshots/NV_2023_01_NV_2023_01_gri_p1.png,"Sports - Basketball 176 176 15,375 35.94 3.92 177 177 38,385 57.30 4.15 181 181 122,749 (10.36) 4.49",,2026-04-08T18:41:30.940880
NV,2023-01-01,2023-01-31,monthly,ALL,TOTAL,TOTAL,,combined,baseball,1679072,-70900000,-70900000,,,72579072,,,-42.22570562787063,31,False,False,NV_2023_01_gri.pdf,,,,4,,https://www.gaming.nv.gov/uploadedFiles/gamingnvgov/content/about/gaming-revenue/2023Jan-gri.pdf,https://www.gaming.nv.gov/about-us/gaming-revenue-information-gri/,NV/screenshots/NV_2023_01_NV_2023_01_gri_p1.png,"Sports - Baseball 13 13 (709) (24.90) (4,222.57) 173 173 (6,667) 73.00 (25.08) 180 180 80,615 18.84 4.96",,2026-04-08T18:41:30.940880
NV,2023-01-01,2023-01-31,monthly,ALL,TOTAL,TOTAL,,combined,parlay,323543124,138800000,138800000,,,184743124,9369000,,0.4289999993942075,31,False,False,NV_2023_01_gri.pdf,,,,4,,https://www.gaming.nv.gov/uploadedFiles/gamingnvgov/content/about/gaming-revenue/2023Jan-gri.pdf,https://www.gaming.nv.gov/about-us/gaming-revenue-information-gri/,NV/screenshots/NV_2023_01_NV_2023_01_gri_p1.png,"Sports Parlay Cards 151 151 1,388 347.32 42.90 162 162 3,656 30.01 21.90 167 167 11,264 (2.56) 31.87",,2026-04-08T18:41:30.940880
NV,2023-01-01,2023-01-31,monthly,ALL,TOTAL,TOTAL,,combined,hockey,5071269488,227700000,227700000,,,4843569488,15369750,,0.04489999999779148,31,False,False,NV_2023_01_gri.pdf,,,,4,,https://www.gaming.nv.gov/uploadedFiles/gamingnvgov/content/about/gaming-revenue/2023Jan-gri.pdf,https://www.gaming.nv.gov/about-us/gaming-revenue-information-gri/,NV/screenshots/NV_2023_01_NV_2023_01_gri_p1.png,"Sports - Hockey 174 174 2,277 4.49 177 177 8,259 270.51 5.83 181 181 21,617 48.76 4.59",,2026-04-08T18:41:30.940880
NV,2023-01-01,2023-01-31,monthly,ALL,TOTAL,TOTAL,,combined,other,5968309859,339000000,339000000,,,5629309859,22882500,,0.056800000001474456,31,False,False,NV_2023_01_gri.pdf,,,,4,,https://www.gaming.nv.gov/uploadedFiles/gamingnvgov/content/about/gaming-revenue/2023Jan-gri.pdf,https://www.gaming.nv.gov/about-us/gaming-revenue-information-gri/,NV/screenshots/NV_2023_01_NV_2023_01_gri_p1.png,"Other 176 3,390 17.91 5.68 176 14,294 148.66 6.90 176 53,210 12.66 5.87",,2026-04-08T18:41:30.940880
NV,2023-02-01,2023-02-28,monthly,ALL,TOTAL,TOTAL,,online,,40227602906,1661400000,1661400000,,,38566202906,112144500,,0.04129999999955752,28,False,False,NV_2023_02_gri.pdf,,,,4,,https://www.gaming.nv.gov/uploadedFiles/gamingnvgov/content/about/gaming-revenue/2023Feb-gri.pdf,https://www.gaming.nv.gov/about-us/gaming-revenue-information-gri/,NV/screenshots/NV_2023_02_NV_2023_02_gri_p1.png,"*** Sports - Mobile 51 16,614 83.21 4.13 55 52,443 95.28 3.30 66 213,344 15.20 3.79",,2026-04-08T18:41:31.911715
NV,2023-02-01,2023-02-28,monthly,ALL,TOTAL,TOTAL,,combined,,65936102236,4127600000,4127600000,,,61808502236,278613000,,0.06260000000040039,28,False,False,NV_2023_02_gri.pdf,,,,4,,https://www.gaming.nv.gov/uploadedFiles/gamingnvgov/content/about/gaming-revenue/2023Feb-gri.pdf,https://www.gaming.nv.gov/about-us/gaming-revenue-information-gri/,NV/screenshots/NV_2023_02_NV_2023_02_gri_p1.png,"Sports Pool (2) 176 176 41,276 33.49 6.26 179 176 146,920 51.66 5.93 185 176 457,496 3.54 5.44",,2026-04-08T18:41:31.911715
NV,2023-02-01,2023-02-28,monthly,ALL,TOTAL,TOTAL,,combined,football,15390522876,941900000,941900000,,,14448622876,63578250,,0.06119999999927228,28,False,False,NV_2023_02_gri.pdf,,,,4,,https://www.gaming.nv.gov/uploadedFiles/gamingnvgov/content/about/gaming-revenue/2023Feb-gri.pdf,https://www.gaming.nv.gov/about-us/gaming-revenue-information-gri/,NV/screenshots/NV_2023_02_NV_2023_02_gri_p1.png,"(2) Sports - Football 176 176 9,419 (15.26) 6.12 179 179 71,866 11.18 6.74 182 182 155,990 (8.00) 5.70",,2026-04-08T18:41:31.911715
NV,2023-02-01,2023-02-28,monthly,ALL,TOTAL,TOTAL,,combined,basketball,39001792115,2176300000,2176300000,,,36825492115,146900250,,0.05579999999956412,28,False,False,NV_2023_02_gri.pdf,,,,4,,https://www.gaming.nv.gov/uploadedFiles/gamingnvgov/content/about/gaming-revenue/2023Feb-gri.pdf,https://www.gaming.nv.gov/about-us/gaming-revenue-information-gri/,NV/screenshots/NV_2023_02_NV_2023_02_gri_p1.png,"Sports - Basketball 176 176 21,763 73.46 5.58 179 179 50,487 88.96 4.79 183 183 131,966 1.31 4.95",,2026-04-08T18:41:31.911715
NV,2023-02-01,2023-02-28,monthly,ALL,TOTAL,TOTAL,,combined,baseball,100382003,-47300000,-47300000,,,147682003,,,-0.4712000018569066,28,False,False,NV_2023_02_gri.pdf,,,,4,,https://www.gaming.nv.gov/uploadedFiles/gamingnvgov/content/about/gaming-revenue/2023Feb-gri.pdf,https://www.gaming.nv.gov/about-us/gaming-revenue-information-gri/,NV/screenshots/NV_2023_02_NV_2023_02_gri_p1.png,"Sports - Baseball 150 150 (473) 0.54 (47.12) 151 151 (2,436) (9.48) (221.71) 182 182 80,612 19.22 4.95",,2026-04-08T18:41:31.911715
NV,2023-02-01,2023-02-28,monthly,ALL,TOTAL,TOTAL,,combined,parlay,111922585,61300000,61300000,,,50622585,4137750,,0.547700001746743,28,False,False,NV_2023_02_gri.pdf,,,,4,,https://www.gaming.nv.gov/uploadedFiles/gamingnvgov/content/about/gaming-revenue/2023Feb-gri.pdf,https://www.gaming.nv.gov/about-us/gaming-revenue-information-gri/,NV/screenshots/NV_2023_02_NV_2023_02_gri_p1.png,"Sports Parlay Cards 138 138 613 98.90 54.77 163 163 3,272 (355.54) 31.08 166 166 11,607 (1.27) 32.91",,2026-04-08T18:41:31.911715
NV,2023-02-01,2023-02-28,monthly,ALL,TOTAL,TOTAL,,combined,hockey,4464532872,516100000,516100000,,,3948432872,34836750,,0.11559999999928323,28,False,False,NV_2023_02_gri.pdf,,,,4,,https://www.gaming.nv.gov/uploadedFiles/gamingnvgov/content/about/gaming-revenue/2023Feb-gri.pdf,https://www.gaming.nv.gov/about-us/gaming-revenue-information-gri/,NV/screenshots/NV_2023_02_NV_2023_02_gri_p1.png,"Sports - Hockey 173 173 5,161 27.90 11.56 179 179 10,457 218.27 7.45 183 183 22,704 40.57 4.98",,2026-04-08T18:41:31.911715
NV,2023-02-01,2023-02-28,monthly,ALL,TOTAL,TOTAL,,combined,other,6838801712,479400000,479400000,,,6359401712,32359500,,0.07009999999836229,28,False,False,NV_2023_02_gri.pdf,,,,4,,https://www.gaming.nv.gov/uploadedFiles/gamingnvgov/content/about/gaming-revenue/2023Feb-gri.pdf,https://www.gaming.nv.gov/about-us/gaming-revenue-information-gri/,NV/screenshots/NV_2023_02_NV_2023_02_gri_p1.png,"Other 176 4,794 41.53 7.01 176 13,274 113.92 6.51 176 54,617 17.34 6.12",,2026-04-08T18:41:31.911715
NV,2023-03-01,2023-03-31,monthly,ALL,TOTAL,TOTAL,,online,,53189189189,2558400000,2558400000,,,50630789189,172692000,,0.04810000000017109,31,False,False,NV_2023_03_gri.pdf,,,,4,,https://www.gaming.nv.gov/uploadedFiles/gamingnvgov/content/about/gaming-revenue/2023Mar-gri.pdf,https://www.gaming.nv.gov/about-us/gaming-revenue-information-gri/,NV/screenshots/NV_2023_03_NV_2023_03_gri_p1.png,"*** Sports - Mobile 56 25,584 34.04 4.81 60 59,937 38.29 3.95 67 219,841 20.27 3.94",,2026-04-08T18:41:32.969689
NV,2023-03-01,2023-03-31,monthly,ALL,TOTAL,TOTAL,,combined,,83051136364,4385100000,4385100000,,,78666036364,295994250,,0.05279999999976882,31,False,False,NV_2023_03_gri.pdf,,,,4,,https://www.gaming.nv.gov/uploadedFiles/gamingnvgov/content/about/gaming-revenue/2023Mar-gri.pdf,https://www.gaming.nv.gov/about-us/gaming-revenue-information-gri/,NV/screenshots/NV_2023_03_NV_2023_03_gri_p1.png,"Sports Pool (2) 176 176 43,851 18.76 5.28 178 176 135,567 15.04 5.59 185 176 464,422 5.68 5.54",,2026-04-08T18:41:32.969689
NV,2023-03-01,2023-03-31,monthly,ALL,TOTAL,TOTAL,,combined,football,368861715,-1339300000,-1339300000,,,1708161715,,,-3.6308999973065785,31,False,False,NV_2023_03_gri.pdf,,,,4,,https://www.gaming.nv.gov/uploadedFiles/gamingnvgov/content/about/gaming-revenue/2023Mar-gri.pdf,https://www.gaming.nv.gov/about-us/gaming-revenue-information-gri/,NV/screenshots/NV_2023_03_NV_2023_03_gri_p1.png,"(2) Sports - Football 146 146 (13,393) (2.10) (363.09) 178 178 24,744 (27.27) 4.21 182 182 156,277 (4.89) 5.71",,2026-04-08T18:41:32.969689
NV,2023-03-01,2023-03-31,monthly,ALL,TOTAL,TOTAL,,combined,basketball,65592105263,4486500000,4486500000,,,61105605263,302838750,,0.06840000000016465,31,False,False,NV_2023_03_gri.pdf,,,,4,,https://www.gaming.nv.gov/uploadedFiles/gamingnvgov/content/about/gaming-revenue/2023Mar-gri.pdf,https://www.gaming.nv.gov/about-us/gaming-revenue-information-gri/,NV/screenshots/NV_2023_03_NV_2023_03_gri_p1.png,"Sports - Basketball 176 176 44,865 1.86 6.84 178 178 82,003 20.77 5.70 183 183 132,785 0.21 5.08",,2026-04-08T18:41:32.969689
NV,2023-03-01,2023-03-31,monthly,ALL,TOTAL,TOTAL,,combined,baseball,2266666667,6800000,6800000,,,2259866667,459000,,0.0029999999995588235,31,False,False,NV_2023_03_gri.pdf,,,,4,,https://www.gaming.nv.gov/uploadedFiles/gamingnvgov/content/about/gaming-revenue/2023Mar-gri.pdf,https://www.gaming.nv.gov/about-us/gaming-revenue-information-gri/,NV/screenshots/NV_2023_03_NV_2023_03_gri_p1.png,"Sports - Baseball 173 173 68 (58.24) 0.30 173 173 (1,115) (11.05) (4.67) 183 183 80,518 19.39 4.90",,2026-04-08T18:41:32.969689
NV,2023-03-01,2023-03-31,monthly,ALL,TOTAL,TOTAL,,combined,parlay,39156627,3900000,3900000,,,35256627,263250,,0.09959999874350771,31,False,False,NV_2023_03_gri.pdf,,,,4,,https://www.gaming.nv.gov/uploadedFiles/gamingnvgov/content/about/gaming-revenue/2023Mar-gri.pdf,https://www.gaming.nv.gov/about-us/gaming-revenue-information-gri/,NV/screenshots/NV_2023_03_NV_2023_03_gri_p1.png,"Sports Parlay Cards 117 117 39 (73.40) 9.96 158 158 2,040 166.54 42.98 165 165 11,500 (2.35) 32.62",,2026-04-08T18:41:32.969689
NV,2023-03-01,2023-03-31,monthly,ALL,TOTAL,TOTAL,,combined,hockey,6220403023,493900000,493900000,,,5726503023,33338250,,0.07939999999578805,31,False,False,NV_2023_03_gri.pdf,,,,4,,https://www.gaming.nv.gov/uploadedFiles/gamingnvgov/content/about/gaming-revenue/2023Mar-gri.pdf,https://www.gaming.nv.gov/about-us/gaming-revenue-information-gri/,NV/screenshots/NV_2023_03_NV_2023_03_gri_p1.png,"Sports - Hockey 175 175 4,939 85.22 7.94 178 178 12,377 88.72 7.86 183 183 24,977 45.76 5.62",,2026-04-08T18:41:32.969689
NV,2023-03-01,2023-03-31,monthly,ALL,TOTAL,TOTAL,,combined,other,8497103129,733300000,733300000,,,7763803129,49497750,,0.08629999999615164,31,False,False,NV_2023_03_gri.pdf,,,,4,,https://www.gaming.nv.gov/uploadedFiles/gamingnvgov/content/about/gaming-revenue/2023Mar-gri.pdf,https://www.gaming.nv.gov/about-us/gaming-revenue-information-gri/,NV/screenshots/NV_2023_03_NV_2023_03_gri_p1.png,"Other 176 7,333 104.58 8.63 176 15,518 57.59 7.28 176 58,366 26.13 6.46",,2026-04-08T18:41:32.969689
NV,2023-04-01,2023-04-30,monthly,ALL,TOTAL,TOTAL,,online,,39519148936,1857400000,1857400000,,,37661748936,125374500,,0.047000000000202435,30,False,False,NV_2023_04_gri.pdf,,,,4,,https://www.gaming.nv.gov/uploadedFiles/gamingnvgov/content/about/gaming-revenue/2023Apr-gri.pdf,https://www.gaming.nv.gov/about-us/gaming-revenue-information-gri/,NV/screenshots/NV_2023_04_NV_2023_04_gri_p1.png,"*** Sports - Mobile 50 18,574 76.56 4.70 58 60,772 57.13 4.57 66 227,895 29.91 4.10",,2026-04-08T18:41:34.002379
NV,2023-04-01,2023-04-30,monthly,ALL,TOTAL,TOTAL,,combined,,59804428044,3241400000,3241400000,,,56563028044,218794500,,0.05420000000025416,30,False,False,NV_2023_04_gri.pdf,,,,4,,https://www.gaming.nv.gov/uploadedFiles/gamingnvgov/content/about/gaming-revenue/2023Apr-gri.pdf,https://www.gaming.nv.gov/about-us/gaming-revenue-information-gri/,NV/screenshots/NV_2023_04_NV_2023_04_gri_p1.png,"Sports Pool (2) 176 176 32,414 27.78 5.42 176 176 117,541 26.10 5.63 185 176 471,468 7.74 5.62",,2026-04-08T18:41:34.002379
NV,2023-04-01,2023-04-30,monthly,ALL,TOTAL,TOTAL,,combined,football,592877180,-486100000,-486100000,,,1078977180,,,-0.8199000001990294,30,False,False,NV_2023_04_gri.pdf,,,,4,,https://www.gaming.nv.gov/uploadedFiles/gamingnvgov/content/about/gaming-revenue/2023Apr-gri.pdf,https://www.gaming.nv.gov/about-us/gaming-revenue-information-gri/,NV/screenshots/NV_2023_04_NV_2023_04_gri_p1.png,"(2) Sports - Football 155 155 (4,861) 17.35 (81.99) 176 176 (8,835) 31.70 (5.40) 181 181 155,559 (4.39) 5.68",,2026-04-08T18:41:34.002379
NV,2023-04-01,2023-04-30,monthly,ALL,TOTAL,TOTAL,,combined,basketball,21631954351,1516400000,1516400000,,,20115554351,102357000,,0.07009999999976424,30,False,False,NV_2023_04_gri.pdf,,,,4,,https://www.gaming.nv.gov/uploadedFiles/gamingnvgov/content/about/gaming-revenue/2023Apr-gri.pdf,https://www.gaming.nv.gov/about-us/gaming-revenue-information-gri/,NV/screenshots/NV_2023_04_NV_2023_04_gri_p1.png,"Sports - Basketball 176 176 15,164 3.83 7.01 176 176 81,792 14.88 6.48 183 183 133,343 (3.72) 5.17",,2026-04-08T18:41:34.002379
NV,2023-04-01,2023-04-30,monthly,ALL,TOTAL,TOTAL,,combined,baseball,22400990099,905000000,905000000,,,21495990099,61087500,,0.04040000000001786,30,False,False,NV_2023_04_gri.pdf,,,,4,,https://www.gaming.nv.gov/uploadedFiles/gamingnvgov/content/about/gaming-revenue/2023Apr-gri.pdf,https://www.gaming.nv.gov/about-us/gaming-revenue-information-gri/,NV/screenshots/NV_2023_04_NV_2023_04_gri_p1.png,"Sports - Baseball 176 176 9,050 26.88 4.04 176 176 8,644 26.68 3.48 182 182 82,435 36.34 4.90",,2026-04-08T18:41:34.002379
NV,2023-04-01,2023-04-30,monthly,ALL,TOTAL,TOTAL,,combined,parlay,9769585,-10600000,-10600000,,,20369585,,,-1.0850000281485856,30,False,False,NV_2023_04_gri.pdf,,,,4,,https://www.gaming.nv.gov/uploadedFiles/gamingnvgov/content/about/gaming-revenue/2023Apr-gri.pdf,https://www.gaming.nv.gov/about-us/gaming-revenue-information-gri/,NV/screenshots/NV_2023_04_NV_2023_04_gri_p1.png,"Sports Parlay Cards 18 18 (106) 770.89 (108.50) 140 140 546 23.25 33.91 165 165 11,405 (2.99) 32.36",,2026-04-08T18:41:34.002379
NV,2023-04-01,2023-04-30,monthly,ALL,TOTAL,TOTAL,,combined,hockey,6676171079,327800000,327800000,,,6348371079,22126500,,0.0491000000031605,30,False,False,NV_2023_04_gri.pdf,,,,4,,https://www.gaming.nv.gov/uploadedFiles/gamingnvgov/content/about/gaming-revenue/2023Apr-gri.pdf,https://www.gaming.nv.gov/about-us/gaming-revenue-information-gri/,NV/screenshots/NV_2023_04_NV_2023_04_gri_p1.png,"Sports - Hockey 175 175 3,278 251.35 4.91 176 176 13,377 75.22 7.71 183 183 27,322 71.09 6.09",,2026-04-08T18:41:34.002379
NV,2023-04-01,2023-04-30,monthly,ALL,TOTAL,TOTAL,,combined,other,8489270386,989000000,989000000,,,7500270386,66757500,,0.11650000000365167,30,False,False,NV_2023_04_gri.pdf,,,,4,,https://www.gaming.nv.gov/uploadedFiles/gamingnvgov/content/about/gaming-revenue/2023Apr-gri.pdf,https://www.gaming.nv.gov/about-us/gaming-revenue-information-gri/,NV/screenshots/NV_2023_04_NV_2023_04_gri_p1.png,"Other 176 9,890 44.34 11.65 176 22,017 59.27 9.24 176 61,404 27.38 6.77",,2026-04-08T18:41:34.002379
NV,2023-05-01,2023-05-31,monthly,ALL,TOTAL,TOTAL,,online,,35811475410,1747600000,1747600000,,,34063875410,117963000,,0.048799999999776605,31,False,False,NV_2023_05_gri.pdf,,,,4,,https://www.gaming.nv.gov/uploadedFiles/gamingnvgov/content/about/gaming-revenue/2023May-gri.pdf,https://www.gaming.nv.gov/about-us/gaming-revenue-information-gri/,NV/screenshots/NV_2023_05_NV_2023_05_gri_p1.png,"*** Sports - Mobile 50 17,476 6.38 4.88 57 61,634 33.89 4.80 64 228,943 28.21 4.15",,2026-04-08T18:41:35.021929
NV,2023-05-01,2023-05-31,monthly,ALL,TOTAL,TOTAL,,combined,,52743859649,3006400000,3006400000,,,49737459649,202932000,,0.057000000000132715,31,False,False,NV_2023_05_gri.pdf,,,,4,,https://www.gaming.nv.gov/uploadedFiles/gamingnvgov/content/about/gaming-revenue/2023May-gri.pdf,https://www.gaming.nv.gov/about-us/gaming-revenue-information-gri/,NV/screenshots/NV_2023_05_NV_2023_05_gri_p1.png,"Sports Pool (2) 177 177 30,064 11.35 5.70 177 176 106,330 19.08 5.44 186 176 474,534 8.46 5.68",,2026-04-08T18:41:35.021929
NV,2023-05-01,2023-05-31,monthly,ALL,TOTAL,TOTAL,,combined,football,328469816,-360200000,-360200000,,,688669816,,,-1.096599999313179,31,False,False,NV_2023_05_gri.pdf,,,,4,,https://www.gaming.nv.gov/uploadedFiles/gamingnvgov/content/about/gaming-revenue/2023May-gri.pdf,https://www.gaming.nv.gov/about-us/gaming-revenue-information-gri/,NV/screenshots/NV_2023_05_NV_2023_05_gri_p1.png,"(2) Sports - Football 148 148 (3,602) 37.89 (109.66) 158 158 (21,855) 6.95 (169.40) 181 181 154,569 (4.38) 5.64",,2026-04-08T18:41:35.021929
NV,2023-05-01,2023-05-31,monthly,ALL,TOTAL,TOTAL,,combined,basketball,17546255507,1194900000,1194900000,,,16351355507,80655750,,0.06809999999847831,31,False,False,NV_2023_05_gri.pdf,,,,4,,https://www.gaming.nv.gov/uploadedFiles/gamingnvgov/content/about/gaming-revenue/2023May-gri.pdf,https://www.gaming.nv.gov/about-us/gaming-revenue-information-gri/,NV/screenshots/NV_2023_05_NV_2023_05_gri_p1.png,"Sports - Basketball 177 177 11,949 24.71 6.81 177 177 71,978 5.49 6.87 184 184 135,712 (0.70) 5.26",,2026-04-08T18:41:35.021929
NV,2023-05-01,2023-05-31,monthly,ALL,TOTAL,TOTAL,,combined,baseball,23012569832,1647700000,1647700000,,,21364869832,111219750,,0.0716000000012515,31,False,False,NV_2023_05_gri.pdf,,,,4,,https://www.gaming.nv.gov/uploadedFiles/gamingnvgov/content/about/gaming-revenue/2023May-gri.pdf,https://www.gaming.nv.gov/about-us/gaming-revenue-information-gri/,NV/screenshots/NV_2023_05_NV_2023_05_gri_p1.png,"Sports - Baseball 177 177 16,477 36.16 7.16 177 177 25,594 31.96 5.36 183 183 86,811 35.86 5.21",,2026-04-08T18:41:35.021929
NV,2023-05-01,2023-05-31,monthly,ALL,TOTAL,TOTAL,,combined,parlay,8431703,-1000000,-1000000,,,9431703,,,-0.11860000287012007,31,False,False,NV_2023_05_gri.pdf,,,,4,,https://www.gaming.nv.gov/uploadedFiles/gamingnvgov/content/about/gaming-revenue/2023May-gri.pdf,https://www.gaming.nv.gov/about-us/gaming-revenue-information-gri/,NV/screenshots/NV_2023_05_NV_2023_05_gri_p1.png,"Sports Parlay Cards 18 18 (10) (125.76) (11.86) 117 117 (77) (144.68) (13.46) 165 165 11,358 (3.26) 32.23",,2026-04-08T18:41:35.021929
NV,2023-05-01,2023-05-31,monthly,ALL,TOTAL,TOTAL,,combined,hockey,4969696970,32800000,32800000,,,4936896970,2214000,,0.006599999999597561,31,False,False,NV_2023_05_gri.pdf,,,,4,,https://www.gaming.nv.gov/uploadedFiles/gamingnvgov/content/about/gaming-revenue/2023May-gri.pdf,https://www.gaming.nv.gov/about-us/gaming-revenue-information-gri/,NV/screenshots/NV_2023_05_NV_2023_05_gri_p1.png,"Sports - Hockey 174 174 328 (78.35) 0.66 177 177 8,544 67.14 4.78 184 184 26,136 71.76 5.95",,2026-04-08T18:41:35.021929
NV,2023-05-01,2023-05-31,monthly,ALL,TOTAL,TOTAL,,combined,other,6855153203,492200000,492200000,,,6362953203,33223500,,0.07180000000358853,31,False,False,NV_2023_05_gri.pdf,,,,4,,https://www.gaming.nv.gov/uploadedFiles/gamingnvgov/content/about/gaming-revenue/2023May-gri.pdf,https://www.gaming.nv.gov/about-us/gaming-revenue-information-gri/,NV/screenshots/NV_2023_05_NV_2023_05_gri_p1.png,"Other 177 4,922 (22.83) 7.18 176 22,145 31.70 9.29 176 59,947 24.02 6.67",,2026-04-08T18:41:35.021929
NV,2023-06-01,2023-06-30,monthly,ALL,TOTAL,TOTAL,,online,,32395973154,482700000,482700000,,,31913273154,32582250,,0.014900000000166688,30,False,False,NV_2023_06_gri.pdf,,,,4,,https://www.gaming.nv.gov/uploadedFiles/gamingnvgov/content/about/gaming-revenue/2023Jun-gri.pdf,https://www.gaming.nv.gov/about-us/gaming-revenue-information-gri/,NV/screenshots/NV_2023_06_NV_2023_06_gri_p1.png,"*** Sports - Mobile 51 4,827 (68.03) 1.49 53 40,877 (2.78) 3.80 64 218,673 22.22 3.97",,2026-04-08T18:41:35.934070
NV,2023-06-01,2023-06-30,monthly,ALL,TOTAL,TOTAL,,combined,,47994949495,950300000,950300000,,,47044649495,64145250,,0.019799999999979164,30,False,False,NV_2023_06_gri.pdf,,,,4,,https://www.gaming.nv.gov/uploadedFiles/gamingnvgov/content/about/gaming-revenue/2023Jun-gri.pdf,https://www.gaming.nv.gov/about-us/gaming-revenue-information-gri/,NV/screenshots/NV_2023_06_NV_2023_06_gri_p1.png,"Sports Pool (2) 177 177 9,503 (60.13) 1.98 177 176 71,981 (5.54) 4.49 183 176 460,202 6.49 5.51",,2026-04-08T18:41:35.934070
NV,2023-06-01,2023-06-30,monthly,ALL,TOTAL,TOTAL,,combined,football,424449108,-161800000,-161800000,,,586249108,,,-0.38120000007162225,30,False,False,NV_2023_06_gri.pdf,,,,4,,https://www.gaming.nv.gov/uploadedFiles/gamingnvgov/content/about/gaming-revenue/2023Jun-gri.pdf,https://www.gaming.nv.gov/about-us/gaming-revenue-information-gri/,NV/screenshots/NV_2023_06_NV_2023_06_gri_p1.png,"(2) Sports - Football 157 157 (1,618) 7.88 (38.12) 162 162 (10,080) 22.13 (74.90) 181 181 154,451 (4.00) 5.63",,2026-04-08T18:41:35.934070
NV,2023-06-01,2023-06-30,monthly,ALL,TOTAL,TOTAL,,combined,basketball,7454545455,-32800000,-32800000,,,7487345455,,,-0.004399999999731707,30,False,False,NV_2023_06_gri.pdf,,,,4,,https://www.gaming.nv.gov/uploadedFiles/gamingnvgov/content/about/gaming-revenue/2023Jun-gri.pdf,https://www.gaming.nv.gov/about-us/gaming-revenue-information-gri/,NV/screenshots/NV_2023_06_NV_2023_06_gri_p1.png,"Sports - Basketball 176 176 (328) (110.74) (0.44) 177 177 26,785 (1.67) 5.75 182 182 132,330 10.37 5.16",,2026-04-08T18:41:35.934070
NV,2023-06-01,2023-06-30,monthly,ALL,TOTAL,TOTAL,,combined,baseball,29798353909,1448200000,1448200000,,,28350153909,97753500,,0.04860000000075843,30,False,False,NV_2023_06_gri.pdf,,,,4,,https://www.gaming.nv.gov/uploadedFiles/gamingnvgov/content/about/gaming-revenue/2023Jun-gri.pdf,https://www.gaming.nv.gov/about-us/gaming-revenue-information-gri/,NV/screenshots/NV_2023_06_NV_2023_06_gri_p1.png,"Sports - Baseball 177 177 14,482 (6.79) 4.86 177 177 40,009 15.07 5.32 182 182 85,756 12.47 5.14",,2026-04-08T18:41:35.934070
NV,2023-06-01,2023-06-30,monthly,ALL,TOTAL,TOTAL,,combined,parlay,7487131,3200000,3200000,,,4287131,216000,,0.42740002812826433,30,False,False,NV_2023_06_gri.pdf,,,,4,,https://www.gaming.nv.gov/uploadedFiles/gamingnvgov/content/about/gaming-revenue/2023Jun-gri.pdf,https://www.gaming.nv.gov/about-us/gaming-revenue-information-gri/,NV/screenshots/NV_2023_06_NV_2023_06_gri_p1.png,"Sports Parlay Cards 19 19 32 (27.50) 42.74 19 19 (84) (221.65) (33.16) 165 165 11,346 (3.40) 32.21",,2026-04-08T18:41:35.934070
NV,2023-06-01,2023-06-30,monthly,ALL,TOTAL,TOTAL,,combined,hockey,3088317757,-660900000,-660900000,,,3749217757,,,-0.2140000000006476,30,False,False,NV_2023_06_gri.pdf,,,,4,,https://www.gaming.nv.gov/uploadedFiles/gamingnvgov/content/about/gaming-revenue/2023Jun-gri.pdf,https://www.gaming.nv.gov/about-us/gaming-revenue-information-gri/,NV/screenshots/NV_2023_06_NV_2023_06_gri_p1.png,"Sports - Hockey 175 175 (6,609) (227.56) (21.40) 177 177 (3,004) (139.38) (2.04) 181 181 14,346 (17.16) 3.30",,2026-04-08T18:41:35.934070
NV,2023-06-01,2023-06-30,monthly,ALL,TOTAL,TOTAL,,combined,other,7130784708,354400000,354400000,,,6776384708,23922000,,0.049700000001738937,30,False,False,NV_2023_06_gri.pdf,,,,4,,https://www.gaming.nv.gov/uploadedFiles/gamingnvgov/content/about/gaming-revenue/2023Jun-gri.pdf,https://www.gaming.nv.gov/about-us/gaming-revenue-information-gri/,NV/screenshots/NV_2023_06_NV_2023_06_gri_p1.png,"Other 177 3,544 133.34 4.97 176 18,355 24.45 8.17 176 61,972 34.56 6.87",,2026-04-08T18:41:35.934070
NV,2023-07-01,2023-07-31,monthly,ALL,TOTAL,TOTAL,,online,,26817475728,1381100000,1381100000,,,25436375728,93224250,,0.051500000000298314,31,False,False,NV_2023_07_gri.pdf,,,,4,,https://www.gaming.nv.gov/uploadedFiles/gamingnvgov/content/about/gaming-revenue/2023Jul-gri.pdf,https://www.gaming.nv.gov/about-us/gaming-revenue-information-gri/,NV/screenshots/NV_2023_07_NV_2023_07_gri_p1.png,"*** Sports - Mobile 49 13,811 (4.80) 5.15 52 36,114 (21.55) 3.81 64 217,977 21.24 3.96",,2026-04-08T18:41:36.943179
NV,2023-07-01,2023-07-31,monthly,ALL,TOTAL,TOTAL,,combined,,40799676898,2525500000,2525500000,,,38274176898,170471250,,0.06190000000033824,31,False,False,NV_2023_07_gri.pdf,,,,4,,https://www.gaming.nv.gov/uploadedFiles/gamingnvgov/content/about/gaming-revenue/2023Jul-gri.pdf,https://www.gaming.nv.gov/about-us/gaming-revenue-information-gri/,NV/screenshots/NV_2023_07_NV_2023_07_gri_p1.png,"Sports Pool (2) 177 177 25,255 55.70 6.19 178 177 64,822 (3.33) 4.58 182 176 469,237 13.04 5.63",,2026-04-08T18:41:36.943179
NV,2023-07-01,2023-07-31,monthly,ALL,TOTAL,TOTAL,,combined,football,312925170,-78200000,-78200000,,,391125170,,,-0.24990000005432608,31,False,False,NV_2023_07_gri.pdf,,,,4,,https://www.gaming.nv.gov/uploadedFiles/gamingnvgov/content/about/gaming-revenue/2023Jul-gri.pdf,https://www.gaming.nv.gov/about-us/gaming-revenue-information-gri/,NV/screenshots/NV_2023_07_NV_2023_07_gri_p1.png,"(2) Sports - Football 158 158 (782) (47.65) (24.99) 165 165 (6,001) 7.07 (56.31) 181 181 155,163 (3.27) 5.66",,2026-04-08T18:41:36.943179
NV,2023-07-01,2023-07-31,monthly,ALL,TOTAL,TOTAL,,combined,basketball,3443894389,-208700000,-208700000,,,3652594389,,,-0.060600000007723816,31,False,False,NV_2023_07_gri.pdf,,,,4,,https://www.gaming.nv.gov/uploadedFiles/gamingnvgov/content/about/gaming-revenue/2023Jul-gri.pdf,https://www.gaming.nv.gov/about-us/gaming-revenue-information-gri/,NV/screenshots/NV_2023_07_NV_2023_07_gri_p1.png,"Sports - Basketball 173 173 (2,087) (32.70) (6.06) 178 178 9,533 0.00 3.35 182 182 133,344 20.20 5.19",,2026-04-08T18:41:36.943179
NV,2023-07-01,2023-07-31,monthly,ALL,TOTAL,TOTAL,,combined,baseball,26968960864,1998400000,1998400000,,,24970560864,134892000,,0.07409999999916941,31,False,False,NV_2023_07_gri.pdf,,,,4,,https://www.gaming.nv.gov/uploadedFiles/gamingnvgov/content/about/gaming-revenue/2023Jul-gri.pdf,https://www.gaming.nv.gov/about-us/gaming-revenue-information-gri/,NV/screenshots/NV_2023_07_NV_2023_07_gri_p1.png,"Sports - Baseball 177 177 19,984 4.63 7.41 178 178 50,943 9.00 6.39 182 182 86,641 13.49 5.25",,2026-04-08T18:41:36.943179
NV,2023-07-01,2023-07-31,monthly,ALL,TOTAL,TOTAL,,combined,parlay,5283019,-700000,-700000,,,5983019,,,-0.1324999966875001,31,False,False,NV_2023_07_gri.pdf,,,,4,,https://www.gaming.nv.gov/uploadedFiles/gamingnvgov/content/about/gaming-revenue/2023Jul-gri.pdf,https://www.gaming.nv.gov/about-us/gaming-revenue-information-gri/,NV/screenshots/NV_2023_07_NV_2023_07_gri_p1.png,"Sports Parlay Cards 20 20 (7) (14.80) (13.25) 22 22 15 (79.90) 6.90 165 165 11,347 (3.09) 32.22",,2026-04-08T18:41:36.943179
NV,2023-07-01,2023-07-31,monthly,ALL,TOTAL,TOTAL,,combined,hockey,1500463,-69400000,-69400000,,,70900463,,,-46.25239009559049,31,False,False,NV_2023_07_gri.pdf,,,,4,,https://www.gaming.nv.gov/uploadedFiles/gamingnvgov/content/about/gaming-revenue/2023Jul-gri.pdf,https://www.gaming.nv.gov/about-us/gaming-revenue-information-gri/,NV/screenshots/NV_2023_07_NV_2023_07_gri_p1.png,"Sports - Hockey 16 16 (694) (41.40) (4,625.24) 176 176 (6,976) (226.63) (8.66) 181 181 14,837 (6.25) 3.42",,2026-04-08T18:41:36.943179
NV,2023-07-01,2023-07-31,monthly,ALL,TOTAL,TOTAL,,combined,other,10093607306,884200000,884200000,,,9209407306,59683500,,0.08759999999944519,31,False,False,NV_2023_07_gri.pdf,,,,4,,https://www.gaming.nv.gov/uploadedFiles/gamingnvgov/content/about/gaming-revenue/2023Jul-gri.pdf,https://www.gaming.nv.gov/about-us/gaming-revenue-information-gri/,NV/screenshots/NV_2023_07_NV_2023_07_gri_p1.png,"Other 177 8,842 203.90 8.76 177 17,308 60.16 7.19 176 67,905 70.29 7.51",,2026-04-08T18:41:36.943179
NV,2023-08-01,2023-08-31,monthly,ALL,TOTAL,TOTAL,,online,,31676258993,1320900000,1320900000,,,30355358993,89160750,,0.04169999999974429,31,False,False,NV_2023_08_gri.pdf,,,,4,,https://www.gaming.nv.gov/uploadedFiles/gamingnvgov/content/about/gaming-revenue/2023Aug-gri.pdf,https://www.gaming.nv.gov/about-us/gaming-revenue-information-gri/,NV/screenshots/NV_2023_08_NV_2023_08_gri_p1.png,"*** Sports - Mobile 60 13,209 32.48 4.17 63 31,848 (19.53) 3.51 71 221,215 22.17 4.00",,2026-04-08T18:41:37.893318
NV,2023-08-01,2023-08-31,monthly,ALL,TOTAL,TOTAL,,combined,,43100000000,1810200000,1810200000,,,41289800000,122188500,,0.042,31,False,False,NV_2023_08_gri.pdf,,,,4,,https://www.gaming.nv.gov/uploadedFiles/gamingnvgov/content/about/gaming-revenue/2023Aug-gri.pdf,https://www.gaming.nv.gov/about-us/gaming-revenue-information-gri/,NV/screenshots/NV_2023_08_NV_2023_08_gri_p1.png,"Sports Pool (2) 177 177 18,102 12.66 4.20 178 177 52,860 (5.81) 4.01 182 176 471,270 13.06 5.64",,2026-04-08T18:41:37.893318
NV,2023-08-01,2023-08-31,monthly,ALL,TOTAL,TOTAL,,combined,football,5214432990,505800000,505800000,,,4708632990,34141500,,0.09699999999424674,31,False,False,NV_2023_08_gri.pdf,,,,4,,https://www.gaming.nv.gov/uploadedFiles/gamingnvgov/content/about/gaming-revenue/2023Aug-gri.pdf,https://www.gaming.nv.gov/about-us/gaming-revenue-information-gri/,NV/screenshots/NV_2023_08_NV_2023_08_gri_p1.png,"(2) Sports - Football 176 176 5,058 9.70 177 177 2,658 (177.80) 4.47 182 182 160,644 0.46 5.85",,2026-04-08T18:41:37.893318
NV,2023-08-01,2023-08-31,monthly,ALL,TOTAL,TOTAL,,combined,basketball,1692682927,-69400000,-69400000,,,1762082927,,,-0.04099999999586455,31,False,False,NV_2023_08_gri.pdf,,,,4,,https://www.gaming.nv.gov/uploadedFiles/gamingnvgov/content/about/gaming-revenue/2023Aug-gri.pdf,https://www.gaming.nv.gov/about-us/gaming-revenue-information-gri/,NV/screenshots/NV_2023_08_NV_2023_08_gri_p1.png,"Sports - Basketball 171 171 (694) (42.10) (4.10) 177 177 (3,109) 149.49 (2.47) 182 182 133,849 20.79 5.20",,2026-04-08T18:41:37.893318
NV,2023-08-01,2023-08-31,monthly,ALL,TOTAL,TOTAL,,combined,baseball,27207386364,957700000,957700000,,,26249686364,64644750,,0.03519999999952954,31,False,False,NV_2023_08_gri.pdf,,,,4,,https://www.gaming.nv.gov/uploadedFiles/gamingnvgov/content/about/gaming-revenue/2023Aug-gri.pdf,https://www.gaming.nv.gov/about-us/gaming-revenue-information-gri/,NV/screenshots/NV_2023_08_NV_2023_08_gri_p1.png,"Sports - Baseball 177 177 9,577 (28.40) 3.52 178 178 44,043 (8.27) 5.25 182 182 82,842 4.28 5.02",,2026-04-08T18:41:37.893318
NV,2023-08-01,2023-08-31,monthly,ALL,TOTAL,TOTAL,,combined,parlay,8260670,-1800000,-1800000,,,10060670,,,-0.2179000008473889,31,False,False,NV_2023_08_gri.pdf,,,,4,,https://www.gaming.nv.gov/uploadedFiles/gamingnvgov/content/about/gaming-revenue/2023Aug-gri.pdf,https://www.gaming.nv.gov/about-us/gaming-revenue-information-gri/,NV/screenshots/NV_2023_08_NV_2023_08_gri_p1.png,"Sports Parlay Cards 23 23 (18) (130.52) (21.79) 24 24 6 (93.47) 2.89 165 165 11,270 (4.01) 32.01",,2026-04-08T18:41:37.893318
NV,2023-08-01,2023-08-31,monthly,ALL,TOTAL,TOTAL,,combined,hockey,3927710,-47400000,-47400000,,,51327710,,,-12.06810075081918,31,False,False,NV_2023_08_gri.pdf,,,,4,,https://www.gaming.nv.gov/uploadedFiles/gamingnvgov/content/about/gaming-revenue/2023Aug-gri.pdf,https://www.gaming.nv.gov/about-us/gaming-revenue-information-gri/,NV/screenshots/NV_2023_08_NV_2023_08_gri_p1.png,"Sports - Hockey 30 30 (474) 15.69 (1,206.81) 176 176 (7,777) (316.84) (25.14) 180 180 14,773 (6.64) 3.40",,2026-04-08T18:41:37.893318
NV,2023-08-01,2023-08-31,monthly,ALL,TOTAL,TOTAL,,combined,other,9033009709,465200000,465200000,,,8567809709,31401000,,0.051499999998505484,31,False,False,NV_2023_08_gri.pdf,,,,4,,https://www.gaming.nv.gov/uploadedFiles/gamingnvgov/content/about/gaming-revenue/2023Aug-gri.pdf,https://www.gaming.nv.gov/about-us/gaming-revenue-information-gri/,NV/screenshots/NV_2023_08_NV_2023_08_gri_p1.png,"Other 177 4,652 (0.25) 5.15 177 17,038 87.39 6.49 176 67,893 73.70 7.37",,2026-04-08T18:41:37.893318
NV,2023-09-01,2023-09-30,monthly,ALL,TOTAL,TOTAL,,online,,53921787709,2895600000,2895600000,,,51026187709,195453000,,0.053700000000495164,30,False,False,NV_2023_09_gri.pdf,,,,4,,https://www.gaming.nv.gov/uploadedFiles/gamingnvgov/content/about/gaming-revenue/2023Sep-gri.pdf,https://www.gaming.nv.gov/about-us/gaming-revenue-information-gri/,NV/screenshots/NV_2023_09_NV_2023_09_gri_p1.png,"*** Sports - Mobile 54 28,956 4.35 5.37 61 55,897 7.03 4.98 70 222,345 15.76 3.99",,2026-04-08T18:41:38.858650
NV,2023-09-01,2023-09-30,monthly,ALL,TOTAL,TOTAL,,combined,,81115885417,6229700000,6229700000,,,74886185417,420504750,,0.0767999999996844,30,False,False,NV_2023_09_gri.pdf,,,,4,,https://www.gaming.nv.gov/uploadedFiles/gamingnvgov/content/about/gaming-revenue/2023Sep-gri.pdf,https://www.gaming.nv.gov/about-us/gaming-revenue-information-gri/,NV/screenshots/NV_2023_09_NV_2023_09_gri_p1.png,"Sports Pool (2) 177 177 62,297 (11.80) 7.68 177 177 105,574 2.58 6.40 181 176 462,887 6.83 5.50",,2026-04-08T18:41:38.858650
NV,2023-09-01,2023-09-30,monthly,ALL,TOTAL,TOTAL,,combined,football,50988142292,3870000000,3870000000,,,47118142292,261225000,,0.07590000000072958,30,False,False,NV_2023_09_gri.pdf,,,,4,,https://www.gaming.nv.gov/uploadedFiles/gamingnvgov/content/about/gaming-revenue/2023Sep-gri.pdf,https://www.gaming.nv.gov/about-us/gaming-revenue-information-gri/,NV/screenshots/NV_2023_09_NV_2023_09_gri_p1.png,"(2) Sports - Football 177 177 38,700 (25.13) 7.59 177 177 42,964 (13.68) 7.60 181 181 147,665 (15.76) 5.33",,2026-04-08T18:41:38.858650
NV,2023-09-01,2023-09-30,monthly,ALL,TOTAL,TOTAL,,combined,basketball,1293478261,-23800000,-23800000,,,1317278261,,,-0.01839999999814454,30,False,False,NV_2023_09_gri.pdf,,,,4,,https://www.gaming.nv.gov/uploadedFiles/gamingnvgov/content/about/gaming-revenue/2023Sep-gri.pdf,https://www.gaming.nv.gov/about-us/gaming-revenue-information-gri/,NV/screenshots/NV_2023_09_NV_2023_09_gri_p1.png,"Sports - Basketball 167 167 (238) (83.39) (1.84) 176 176 (3,019) (47.34) (4.70) 181 181 135,045 22.21 5.23",,2026-04-08T18:41:38.858650
NV,2023-09-01,2023-09-30,monthly,ALL,TOTAL,TOTAL,,combined,baseball,18851635514,1613700000,1613700000,,,17237935514,108924750,,0.08560000000008487,30,False,False,NV_2023_09_gri.pdf,,,,4,,https://www.gaming.nv.gov/uploadedFiles/gamingnvgov/content/about/gaming-revenue/2023Sep-gri.pdf,https://www.gaming.nv.gov/about-us/gaming-revenue-information-gri/,NV/screenshots/NV_2023_09_NV_2023_09_gri_p1.png,"Sports - Baseball 177 177 16,137 28.76 8.56 177 177 45,713 1.56 6.26 180 180 86,461 8.33 5.25",,2026-04-08T18:41:38.858650
NV,2023-09-01,2023-09-30,monthly,ALL,TOTAL,TOTAL,,combined,parlay,264671702,91100000,91100000,,,173571702,6149250,,0.3442000006483504,30,False,False,NV_2023_09_gri.pdf,,,,4,,https://www.gaming.nv.gov/uploadedFiles/gamingnvgov/content/about/gaming-revenue/2023Sep-gri.pdf,https://www.gaming.nv.gov/about-us/gaming-revenue-information-gri/,NV/screenshots/NV_2023_09_NV_2023_09_gri_p1.png,"Sports Parlay Cards 40 40 911 (71.09) 34.42 40 40 885 (72.35) 31.78 164 164 9,029 (16.37) 28.91",,2026-04-08T18:41:38.858650
NV,2023-09-01,2023-09-30,monthly,ALL,TOTAL,TOTAL,,combined,hockey,64068885,-43900000,-43900000,,,107968885,,,-0.6851999999687836,30,False,False,NV_2023_09_gri.pdf,,,,4,,https://www.gaming.nv.gov/uploadedFiles/gamingnvgov/content/about/gaming-revenue/2023Sep-gri.pdf,https://www.gaming.nv.gov/about-us/gaming-revenue-information-gri/,NV/screenshots/NV_2023_09_NV_2023_09_gri_p1.png,"Sports - Hockey 140 140 (439) 66.43 (68.52) 141 141 (1,607) (13.52) (231.28) 181 181 14,597 (7.44) 3.37",,2026-04-08T18:41:38.858650
NV,2023-09-01,2023-09-30,monthly,ALL,TOTAL,TOTAL,,combined,other,9673360107,722600000,722600000,,,8950760107,48775500,,0.07470000000073397,30,False,False,NV_2023_09_gri.pdf,,,,4,,https://www.gaming.nv.gov/uploadedFiles/gamingnvgov/content/about/gaming-revenue/2023Sep-gri.pdf,https://www.gaming.nv.gov/about-us/gaming-revenue-information-gri/,NV/screenshots/NV_2023_09_NV_2023_09_gri_p1.png,"Other 177 7,226 45.79 7.47 177 20,639 64.72 7.17 176 70,090 70.42 7.41",,2026-04-08T18:41:38.858650
NV,2023-10-01,2023-10-31,monthly,ALL,TOTAL,TOTAL,,online,,53690658499,3506000000,3506000000,,,50184658499,236655000,,0.06530000000028496,31,False,False,NV_2023_10_gri.pdf,,,,4,,https://www.gaming.nv.gov/uploadedFiles/gamingnvgov/content/about/gaming-revenue/2023Oct-gri.pdf,https://www.gaming.nv.gov/about-us/gaming-revenue-information-gri/,NV/screenshots/NV_2023_10_NV_2023_10_gri_p1.png,"*** Sports - Mobile 56 35,060 27.99 6.53 63 77,146 18.48 5.54 72 230,049 13.56 4.18",,2026-04-08T18:41:39.863160
NV,2023-10-01,2023-10-31,monthly,ALL,TOTAL,TOTAL,,combined,,81567664671,6810900000,6810900000,,,74756764671,459735750,,0.0834999999996506,31,False,False,NV_2023_10_gri.pdf,,,,4,,https://www.gaming.nv.gov/uploadedFiles/gamingnvgov/content/about/gaming-revenue/2023Oct-gri.pdf,https://www.gaming.nv.gov/about-us/gaming-revenue-information-gri/,NV/screenshots/NV_2023_10_NV_2023_10_gri_p1.png,"Sports Pool (2) 177 177 68,109 19.78 8.35 177 177 148,428 3.39 7.21 181 176 474,169 7.36 5.71",,2026-04-08T18:41:39.863160
NV,2023-10-01,2023-10-31,monthly,ALL,TOTAL,TOTAL,,combined,football,54592760181,4826000000,4826000000,,,49766760181,325755000,,0.08839999999999268,31,False,False,NV_2023_10_gri.pdf,,,,4,,https://www.gaming.nv.gov/uploadedFiles/gamingnvgov/content/about/gaming-revenue/2023Oct-gri.pdf,https://www.gaming.nv.gov/about-us/gaming-revenue-information-gri/,NV/screenshots/NV_2023_10_NV_2023_10_gri_p1.png,"(2) Sports - Football 176 176 48,260 44.70 8.84 177 177 92,005 8.73 8.31 181 181 162,572 (9.13) 6.00",,2026-04-08T18:41:39.863160
NV,2023-10-01,2023-10-31,monthly,ALL,TOTAL,TOTAL,,combined,basketball,5718132855,318500000,318500000,,,5399632855,21498750,,0.055699999995890266,31,False,False,NV_2023_10_gri.pdf,,,,4,,https://www.gaming.nv.gov/uploadedFiles/gamingnvgov/content/about/gaming-revenue/2023Oct-gri.pdf,https://www.gaming.nv.gov/about-us/gaming-revenue-information-gri/,NV/screenshots/NV_2023_10_NV_2023_10_gri_p1.png,"Sports - Basketball 175 175 3,185 (49.17) 5.57 177 177 2,253 (38.01) 2.59 181 181 131,966 21.33 5.16",,2026-04-08T18:41:39.863160
NV,2023-10-01,2023-10-31,monthly,ALL,TOTAL,TOTAL,,combined,baseball,9052430887,949600000,949600000,,,8102830887,64098000,,0.10489999999488535,31,False,False,NV_2023_10_gri.pdf,,,,4,,https://www.gaming.nv.gov/uploadedFiles/gamingnvgov/content/about/gaming-revenue/2023Oct-gri.pdf,https://www.gaming.nv.gov/about-us/gaming-revenue-information-gri/,NV/screenshots/NV_2023_10_NV_2023_10_gri_p1.png,"Sports - Baseball 177 177 9,496 21.55 10.49 177 177 35,224 4.46 6.39 180 180 88,137 5.65 5.43",,2026-04-08T18:41:39.863160
NV,2023-10-01,2023-10-31,monthly,ALL,TOTAL,TOTAL,,combined,parlay,356187698,146500000,146500000,,,209687698,9888750,,0.4112999994738729,31,False,False,NV_2023_10_gri.pdf,,,,4,,https://www.gaming.nv.gov/uploadedFiles/gamingnvgov/content/about/gaming-revenue/2023Oct-gri.pdf,https://www.gaming.nv.gov/about-us/gaming-revenue-information-gri/,NV/screenshots/NV_2023_10_NV_2023_10_gri_p1.png,"Sports Parlay Cards 45 45 1,465 (62.25) 41.13 45 45 2,358 (66.75) 37.47 164 164 6,614 (36.53) 26.76",,2026-04-08T18:41:39.863160
NV,2023-10-01,2023-10-31,monthly,ALL,TOTAL,TOTAL,,combined,hockey,3134453782,223800000,223800000,,,2910653782,15106500,,0.07139999998889758,31,False,False,NV_2023_10_gri.pdf,,,,4,,https://www.gaming.nv.gov/uploadedFiles/gamingnvgov/content/about/gaming-revenue/2023Oct-gri.pdf,https://www.gaming.nv.gov/about-us/gaming-revenue-information-gri/,NV/screenshots/NV_2023_10_NV_2023_10_gri_p1.png,"Sports - Hockey 175 175 2,238 152.03 7.14 177 177 1,325 517.15 4.14 181 181 15,984 2.54 3.74",,2026-04-08T18:41:39.863160
NV,2023-10-01,2023-10-31,monthly,ALL,TOTAL,TOTAL,,combined,other,8711055276,346700000,346700000,,,8364355276,23402250,,0.03980000000174491,31,False,False,NV_2023_10_gri.pdf,,,,4,,https://www.gaming.nv.gov/uploadedFiles/gamingnvgov/content/about/gaming-revenue/2023Oct-gri.pdf,https://www.gaming.nv.gov/about-us/gaming-revenue-information-gri/,NV/screenshots/NV_2023_10_NV_2023_10_gri_p1.png,"Other 177 3,467 (25.69) 3.98 177 15,263 6.85 5.57 176 68,897 54.58 7.17",,2026-04-08T18:41:39.863160
NV,2023-11-01,2023-11-30,monthly,ALL,TOTAL,TOTAL,,online,,62461764706,2123700000,2123700000,,,60338064706,143349750,,0.03399999999993596,30,False,False,NV_2023_11_gri.pdf,,,,4,,https://www.gaming.nv.gov/uploadedFiles/gamingnvgov/content/about/gaming-revenue/2023Nov-gri.pdf,https://www.gaming.nv.gov/about-us/gaming-revenue-information-gri/,NV/screenshots/NV_2023_11_NV_2023_11_gri_p1.png,"*** Sports - Mobile 59 21,237 5.40 3.40 59 85,253 13.23 5.01 75 231,137 23.11 4.22",,2026-04-08T18:41:40.880923
NV,2023-11-01,2023-11-30,monthly,ALL,TOTAL,TOTAL,,combined,,92116853933,4099200000,4099200000,,,88017653933,276696000,,0.044499999999799165,30,False,False,NV_2023_11_gri.pdf,,,,4,,https://www.gaming.nv.gov/uploadedFiles/gamingnvgov/content/about/gaming-revenue/2023Nov-gri.pdf,https://www.gaming.nv.gov/about-us/gaming-revenue-information-gri/,NV/screenshots/NV_2023_11_NV_2023_11_gri_p1.png,"Sports Pool (2) 177 177 40,992 8.82 4.45 177 177 171,397 3.78 6.72 181 176 477,475 17.22 5.75",,2026-04-08T18:41:40.880923
NV,2023-11-01,2023-11-30,monthly,ALL,TOTAL,TOTAL,,combined,football,53321212121,1759600000,1759600000,,,51561612121,118773000,,0.03300000000013128,30,False,False,NV_2023_11_gri.pdf,,,,4,,https://www.gaming.nv.gov/uploadedFiles/gamingnvgov/content/about/gaming-revenue/2023Nov-gri.pdf,https://www.gaming.nv.gov/about-us/gaming-revenue-information-gri/,NV/screenshots/NV_2023_11_NV_2023_11_gri_p1.png,"(2) Sports - Football 176 176 17,596 (23.30) 3.30 177 177 104,555 (3.17) 6.58 181 181 157,228 5.68 5.76",,2026-04-08T18:41:40.880923
NV,2023-11-01,2023-11-30,monthly,ALL,TOTAL,TOTAL,,combined,basketball,25396995708,1183500000,1183500000,,,24213495708,79886250,,0.0466000000002835,30,False,False,NV_2023_11_gri.pdf,,,,4,,https://www.gaming.nv.gov/uploadedFiles/gamingnvgov/content/about/gaming-revenue/2023Nov-gri.pdf,https://www.gaming.nv.gov/about-us/gaming-revenue-information-gri/,NV/screenshots/NV_2023_11_NV_2023_11_gri_p1.png,"Sports - Basketball 176 176 11,835 22.50 4.66 176 176 14,781 1.99 4.56 181 181 134,140 23.98 5.26",,2026-04-08T18:41:40.880923
NV,2023-11-01,2023-11-30,monthly,ALL,TOTAL,TOTAL,,combined,baseball,1213872832,63000000,63000000,,,1150872832,4252500,,0.05190000001581714,30,False,False,NV_2023_11_gri.pdf,,,,4,,https://www.gaming.nv.gov/uploadedFiles/gamingnvgov/content/about/gaming-revenue/2023Nov-gri.pdf,https://www.gaming.nv.gov/about-us/gaming-revenue-information-gri/,NV/screenshots/NV_2023_11_NV_2023_11_gri_p1.png,"Sports - Baseball 176 176 630 (113.40) 5.19 177 177 26,263 67.91 9.02 178 178 93,471 16.33 5.81",,2026-04-08T18:41:40.880923
NV,2023-11-01,2023-11-30,monthly,ALL,TOTAL,TOTAL,,combined,parlay,303907381,21000000,21000000,,,282907381,1417500,,0.06909999991082809,30,False,False,NV_2023_11_gri.pdf,,,,4,,https://www.gaming.nv.gov/uploadedFiles/gamingnvgov/content/about/gaming-revenue/2023Nov-gri.pdf,https://www.gaming.nv.gov/about-us/gaming-revenue-information-gri/,NV/screenshots/NV_2023_11_NV_2023_11_gri_p1.png,"Sports Parlay Cards 45 45 210 (79.73) 6.91 45 45 2,586 (67.95) 27.96 163 163 5,787 (17.96) 28.15",,2026-04-08T18:41:40.880923
NV,2023-11-01,2023-11-30,monthly,ALL,TOTAL,TOTAL,,combined,hockey,4375510204,428800000,428800000,,,3946710204,28944000,,0.09800000000182836,30,False,False,NV_2023_11_gri.pdf,,,,4,,https://www.gaming.nv.gov/uploadedFiles/gamingnvgov/content/about/gaming-revenue/2023Nov-gri.pdf,https://www.gaming.nv.gov/about-us/gaming-revenue-information-gri/,NV/screenshots/NV_2023_11_NV_2023_11_gri_p1.png,"Sports - Hockey 175 175 4,288 46.65 9.80 176 176 6,086 71.55 8.04 181 181 17,348 11.69 4.08",,2026-04-08T18:41:40.880923
NV,2023-11-01,2023-11-30,monthly,ALL,TOTAL,TOTAL,,combined,other,7550469484,643300000,643300000,,,6907169484,43422750,,0.08519999999512613,30,False,False,NV_2023_11_gri.pdf,,,,4,,https://www.gaming.nv.gov/uploadedFiles/gamingnvgov/content/about/gaming-revenue/2023Nov-gri.pdf,https://www.gaming.nv.gov/about-us/gaming-revenue-information-gri/,NV/screenshots/NV_2023_11_NV_2023_11_gri_p1.png,"Other 177 6,433 10.65 8.52 177 17,126 10.97 6.60 176 69,501 46.50 7.21",,2026-04-08T18:41:40.880923
NV,2023-12-01,2023-12-31,monthly,ALL,TOTAL,TOTAL,,online,,56226069246,2760700000,2760700000,,,53465369246,186347250,,0.0491000000003806,31,False,False,NV_2023_12_gri.pdf,,,,4,,https://www.gaming.nv.gov/uploadedFiles/gamingnvgov/content/about/gaming-revenue/2023Dec-gri.pdf,https://www.gaming.nv.gov/about-us/gaming-revenue-information-gri/,NV/screenshots/NV_2023_12_NV_2023_12_gri_p1.png,"*** Sports - Mobile 59 27,607 52.62 4.91 60 83,905 27.84 4.87 74 240,655 18.41 4.42",,2026-04-08T18:41:41.868958
NV,2023-12-01,2023-12-31,monthly,ALL,TOTAL,TOTAL,,combined,,84295292439,5909100000,5909100000,,,78386192439,398864250,,0.07010000000030962,31,False,False,NV_2023_12_gri.pdf,,,,4,,https://www.gaming.nv.gov/uploadedFiles/gamingnvgov/content/about/gaming-revenue/2023Dec-gri.pdf,https://www.gaming.nv.gov/about-us/gaming-revenue-information-gri/,NV/screenshots/NV_2023_12_NV_2023_12_gri_p1.png,"Sports Pool (2) 179 177 59,091 7.00 7.01 179 177 168,192 12.31 6.52 182 176 481,341 7.73 5.83",,2026-04-08T18:41:41.868958
NV,2023-12-01,2023-12-31,monthly,ALL,TOTAL,TOTAL,,combined,football,46915723270,3729800000,3729800000,,,43185923270,251761500,,0.07950000000074602,31,False,False,NV_2023_12_gri.pdf,,,,4,,https://www.gaming.nv.gov/uploadedFiles/gamingnvgov/content/about/gaming-revenue/2023Dec-gri.pdf,https://www.gaming.nv.gov/about-us/gaming-revenue-information-gri/,NV/screenshots/NV_2023_12_NV_2023_12_gri_p1.png,"(2) Sports - Football 179 179 37,298 10.53 7.95 179 179 101,587 12.83 6.59 182 182 157,935 (4.62) 5.84",,2026-04-08T18:41:41.868958
NV,2023-12-01,2023-12-31,monthly,ALL,TOTAL,TOTAL,,combined,basketball,26689075630,1270400000,1270400000,,,25418675630,85752000,,0.04760000000044962,31,False,False,NV_2023_12_gri.pdf,,,,4,,https://www.gaming.nv.gov/uploadedFiles/gamingnvgov/content/about/gaming-revenue/2023Dec-gri.pdf,https://www.gaming.nv.gov/about-us/gaming-revenue-information-gri/,NV/screenshots/NV_2023_12_NV_2023_12_gri_p1.png,"Sports - Basketball 177 177 12,704 (4.83) 4.76 177 177 27,727 (5.29) 4.80 181 181 133,499 12.48 5.24",,2026-04-08T18:41:41.868958
NV,2023-12-01,2023-12-31,monthly,ALL,TOTAL,TOTAL,,combined,baseball,63793533,-153500000,-153500000,,,217293533,,,-2.4062000140359054,31,False,False,NV_2023_12_gri.pdf,,,,4,,https://www.gaming.nv.gov/uploadedFiles/gamingnvgov/content/about/gaming-revenue/2023Dec-gri.pdf,https://www.gaming.nv.gov/about-us/gaming-revenue-information-gri/,NV/screenshots/NV_2023_12_NV_2023_12_gri_p1.png,"Sports - Baseball 32 32 (1,535) 22.41 (240.62) 178 178 8,590 363.18 8.31 179 179 93,189 15.94 5.79",,2026-04-08T18:41:41.868958
NV,2023-12-01,2023-12-31,monthly,ALL,TOTAL,TOTAL,,combined,parlay,515235457,111600000,111600000,,,403635457,7533000,,0.21660000002678387,31,False,False,NV_2023_12_gri.pdf,,,,4,,https://www.gaming.nv.gov/uploadedFiles/gamingnvgov/content/about/gaming-revenue/2023Dec-gri.pdf,https://www.gaming.nv.gov/about-us/gaming-revenue-information-gri/,NV/screenshots/NV_2023_12_NV_2023_12_gri_p1.png,"Sports Parlay Cards 162 162 1,116 (12.20) 21.66 163 163 4,351 (29.69) 22.65 165 165 8,473 (17.14) 28.11",,2026-04-08T18:41:41.868958
NV,2023-12-01,2023-12-31,monthly,ALL,TOTAL,TOTAL,,combined,hockey,4038294169,464000000,464000000,,,3574294169,31320000,,0.1148999999955179,31,False,False,NV_2023_12_gri.pdf,,,,4,,https://www.gaming.nv.gov/uploadedFiles/gamingnvgov/content/about/gaming-revenue/2023Dec-gri.pdf,https://www.gaming.nv.gov/about-us/gaming-revenue-information-gri/,NV/screenshots/NV_2023_12_NV_2023_12_gri_p1.png,"Sports - Hockey 176 176 4,640 53.65 11.49 177 177 11,163 63.41 9.67 182 182 18,966 (1.01) 4.51",,2026-04-08T18:41:41.868958
NV,2023-12-01,2023-12-31,monthly,ALL,TOTAL,TOTAL,,combined,other,6176395939,486700000,486700000,,,5689695939,32852250,,0.07880000000110096,31,False,False,NV_2023_12_gri.pdf,,,,4,,https://www.gaming.nv.gov/uploadedFiles/gamingnvgov/content/about/gaming-revenue/2023Dec-gri.pdf,https://www.gaming.nv.gov/about-us/gaming-revenue-information-gri/,NV/screenshots/NV_2023_12_NV_2023_12_gri_p1.png,"Other 177 4,867 (4.42) 7.88 177 14,774 (5.11) 6.58 176 69,280 31.24 7.29",,2026-04-08T18:41:41.868958
NV,2024-01-01,2024-01-31,monthly,ALL,TOTAL,TOTAL,,online,,50851351351,3010400000,3010400000,,,47840951351,203202000,,0.05920000000040904,31,False,False,NV_2024_01_gri.pdf,,,,4,,https://www.gaming.nv.gov/uploadedFiles/gamingnvgov/content/about/gaming-revenue/2024Jan-gri.pdf,https://www.gaming.nv.gov/about-us/gaming-revenue-information-gri/,NV/screenshots/NV_2024_01_NV_2024_01_gri_p1.png,"*** Sports - Mobile 58 30,104 69.70 5.92 60 78,948 41.04 4.66 73 253,019 22.95 4.72",,2026-04-08T18:41:42.881706
NV,2024-01-01,2024-01-31,monthly,ALL,TOTAL,TOTAL,,combined,,78281741233,6473900000,6473900000,,,71807841233,436988250,,0.08270000000039472,31,False,False,NV_2024_01_gri.pdf,,,,4,,https://www.gaming.nv.gov/uploadedFiles/gamingnvgov/content/about/gaming-revenue/2024Jan-gri.pdf,https://www.gaming.nv.gov/about-us/gaming-revenue-information-gri/,NV/screenshots/NV_2024_01_NV_2024_01_gri_p1.png,"Sports Pool (2) 180 180 64,739 28.36 8.27 180 178 164,821 15.00 6.47 181 177 495,645 10.82 6.11",,2026-04-08T18:41:42.881706
NV,2024-01-01,2024-01-31,monthly,ALL,TOTAL,TOTAL,,combined,football,35354779412,3846600000,3846600000,,,31508179412,259645500,,0.1087999999992759,31,False,False,NV_2024_01_gri.pdf,,,,4,,https://www.gaming.nv.gov/uploadedFiles/gamingnvgov/content/about/gaming-revenue/2024Jan-gri.pdf,https://www.gaming.nv.gov/about-us/gaming-revenue-information-gri/,NV/screenshots/NV_2024_01_NV_2024_01_gri_p1.png,"(2) Sports - Football 180 180 38,466 33.94 10.88 180 180 93,638 9.64 6.92 181 181 167,681 6.32 6.38",,2026-04-08T18:41:42.881706
NV,2024-01-01,2024-01-31,monthly,ALL,TOTAL,TOTAL,,combined,basketball,31746551724,1841300000,1841300000,,,29905251724,124287750,,0.058000000000251996,31,False,False,NV_2024_01_gri.pdf,,,,4,,https://www.gaming.nv.gov/uploadedFiles/gamingnvgov/content/about/gaming-revenue/2024Jan-gri.pdf,https://www.gaming.nv.gov/about-us/gaming-revenue-information-gri/,NV/screenshots/NV_2024_01_NV_2024_01_gri_p1.png,"Sports - Basketball 179 179 18,413 19.76 5.80 179 179 42,956 11.91 5.12 181 181 136,536 11.23 5.52",,2026-04-08T18:41:42.881706
NV,2024-01-01,2024-01-31,monthly,ALL,TOTAL,TOTAL,,combined,baseball,1531052,-103000000,-103000000,,,104531052,,,-67.27400506318531,31,False,False,NV_2024_01_gri.pdf,,,,4,,https://www.gaming.nv.gov/uploadedFiles/gamingnvgov/content/about/gaming-revenue/2024Jan-gri.pdf,https://www.gaming.nv.gov/about-us/gaming-revenue-information-gri/,NV/screenshots/NV_2024_01_NV_2024_01_gri_p1.png,"Sports - Baseball 31 31 (1,030) 45.17 (6,727.40) 177 177 (1,934) (70.99) (15.12) 179 179 92,869 15.21 5.77",,2026-04-08T18:41:42.881706
NV,2024-01-01,2024-01-31,monthly,ALL,TOTAL,TOTAL,,combined,parlay,200696056,17300000,17300000,,,183396056,1167750,,0.08619999986447167,31,False,False,NV_2024_01_gri.pdf,,,,4,,https://www.gaming.nv.gov/uploadedFiles/gamingnvgov/content/about/gaming-revenue/2024Jan-gri.pdf,https://www.gaming.nv.gov/about-us/gaming-revenue-information-gri/,NV/screenshots/NV_2024_01_NV_2024_01_gri_p1.png,"Sports Parlay Cards 152 152 173 (87.54) 8.62 163 163 1,215 (67.12) 9.46 164 164 7,258 (35.79) 25.11",,2026-04-08T18:41:42.881706
NV,2024-01-01,2024-01-31,monthly,ALL,TOTAL,TOTAL,,combined,hockey,4066666667,305000000,305000000,,,3761666667,20587500,,0.07499999999385246,31,False,False,NV_2024_01_gri.pdf,,,,4,,https://www.gaming.nv.gov/uploadedFiles/gamingnvgov/content/about/gaming-revenue/2024Jan-gri.pdf,https://www.gaming.nv.gov/about-us/gaming-revenue-information-gri/,NV/screenshots/NV_2024_01_NV_2024_01_gri_p1.png,"Sports - Hockey 176 176 3,050 33.96 7.50 177 177 11,973 45.65 9.60 180 180 19,739 (8.53) 4.80",,2026-04-08T18:41:42.881706
NV,2024-01-01,2024-01-31,monthly,ALL,TOTAL,TOTAL,,combined,other,6927872861,566700000,566700000,,,6361172861,38252250,,0.08179999999569854,31,False,False,NV_2024_01_gri.pdf,,,,4,,https://www.gaming.nv.gov/uploadedFiles/gamingnvgov/content/about/gaming-revenue/2024Jan-gri.pdf,https://www.gaming.nv.gov/about-us/gaming-revenue-information-gri/,NV/screenshots/NV_2024_01_NV_2024_01_gri_p1.png,"Other 180 5,667 67.41 8.18 178 16,974 18.77 8.22 177 71,562 34.26 7.46",,2026-04-08T18:41:42.881706
NV,2024-02-01,2024-02-29,monthly,ALL,TOTAL,TOTAL,,online,,42342245989,2375400000,2375400000,,,39966845989,160339500,,0.056100000000403855,29,False,False,NV_2024_02_gri.pdf,,,,4,,https://www.gaming.nv.gov/uploadedFiles/gamingnvgov/content/about/gaming-revenue/2024Feb-gri.pdf,https://www.gaming.nv.gov/about-us/gaming-revenue-information-gri/,NV/screenshots/NV_2024_02_NV_2024_02_gri_p1.png,"*** Sports - Mobile 57 23,754 42.97 5.61 59 81,465 55.34 5.45 73 260,159 21.95 4.83",,2026-04-08T18:41:43.967093
NV,2024-02-01,2024-02-29,monthly,ALL,TOTAL,TOTAL,,combined,,71188707281,4791000000,4791000000,,,66397707281,323392500,,0.06729999999984126,29,False,False,NV_2024_02_gri.pdf,,,,4,,https://www.gaming.nv.gov/uploadedFiles/gamingnvgov/content/about/gaming-revenue/2024Feb-gri.pdf,https://www.gaming.nv.gov/about-us/gaming-revenue-information-gri/,NV/screenshots/NV_2024_02_NV_2024_02_gri_p1.png,"Sports Pool (2) 181 181 47,910 16.08 6.73 181 179 171,740 16.89 7.34 182 177 502,283 9.79 6.16",,2026-04-08T18:41:43.967093
NV,2024-02-01,2024-02-29,monthly,ALL,TOTAL,TOTAL,,combined,football,19078025478,1198100000,1198100000,,,17879925478,80871750,,0.06279999999903554,29,False,False,NV_2024_02_gri.pdf,,,,4,,https://www.gaming.nv.gov/uploadedFiles/gamingnvgov/content/about/gaming-revenue/2024Feb-gri.pdf,https://www.gaming.nv.gov/about-us/gaming-revenue-information-gri/,NV/screenshots/NV_2024_02_NV_2024_02_gri_p1.png,"(2) Sports - Football 181 181 11,981 27.20 6.28 181 181 87,744 22.07 8.66 182 182 170,244 9.12 6.39",,2026-04-08T18:41:43.967093
NV,2024-02-01,2024-02-29,monthly,ALL,TOTAL,TOTAL,,combined,basketball,38805337520,2471900000,2471900000,,,36333437520,166853250,,0.06369999999938153,29,False,False,NV_2024_02_gri.pdf,,,,4,,https://www.gaming.nv.gov/uploadedFiles/gamingnvgov/content/about/gaming-revenue/2024Feb-gri.pdf,https://www.gaming.nv.gov/about-us/gaming-revenue-information-gri/,NV/screenshots/NV_2024_02_NV_2024_02_gri_p1.png,"Sports - Basketball 180 180 24,719 13.58 6.37 180 180 55,836 10.59 5.74 182 182 139,492 5.70 5.65",,2026-04-08T18:41:43.967093
NV,2024-02-01,2024-02-29,monthly,ALL,TOTAL,TOTAL,,combined,baseball,192220153,-92900000,-92900000,,,285120153,,,-0.4833000002866505,29,False,False,NV_2024_02_gri.pdf,,,,4,,https://www.gaming.nv.gov/uploadedFiles/gamingnvgov/content/about/gaming-revenue/2024Feb-gri.pdf,https://www.gaming.nv.gov/about-us/gaming-revenue-information-gri/,NV/screenshots/NV_2024_02_NV_2024_02_gri_p1.png,"Sports - Baseball 167 167 (929) 96.20 (48.33) 167 167 (3,493) 43.37 (135.67) 180 180 92,413 14.65 5.74",,2026-04-08T18:41:43.967093
NV,2024-02-01,2024-02-29,monthly,ALL,TOTAL,TOTAL,,combined,parlay,47200000,5900000,5900000,,,41300000,398250,,0.125,29,False,False,NV_2024_02_gri.pdf,,,,4,,https://www.gaming.nv.gov/uploadedFiles/gamingnvgov/content/about/gaming-revenue/2024Feb-gri.pdf,https://www.gaming.nv.gov/about-us/gaming-revenue-information-gri/,NV/screenshots/NV_2024_02_NV_2024_02_gri_p1.png,"Sports Parlay Cards 31 31 59 (90.31) 12.50 163 163 1,348 (58.79) 17.66 164 164 6,704 (42.24) 23.72",,2026-04-08T18:41:43.967093
NV,2024-02-01,2024-02-29,monthly,ALL,TOTAL,TOTAL,,combined,hockey,4178227360,433700000,433700000,,,3744527360,29274750,,0.10380000000765875,29,False,False,NV_2024_02_gri.pdf,,,,4,,https://www.gaming.nv.gov/uploadedFiles/gamingnvgov/content/about/gaming-revenue/2024Feb-gri.pdf,https://www.gaming.nv.gov/about-us/gaming-revenue-information-gri/,NV/screenshots/NV_2024_02_NV_2024_02_gri_p1.png,"Sports - Hockey 177 177 4,337 (15.96) 10.38 177 177 12,027 15.01 9.79 181 181 18,915 (16.69) 4.64",,2026-04-08T18:41:43.967093
NV,2024-02-01,2024-02-29,monthly,ALL,TOTAL,TOTAL,,combined,other,8961805556,774300000,774300000,,,8187505556,52265250,,0.08639999999571515,29,False,False,NV_2024_02_gri.pdf,,,,4,,https://www.gaming.nv.gov/uploadedFiles/gamingnvgov/content/about/gaming-revenue/2024Feb-gri.pdf,https://www.gaming.nv.gov/about-us/gaming-revenue-information-gri/,NV/screenshots/NV_2024_02_NV_2024_02_gri_p1.png,"Other 181 7,743 61.63 8.64 179 18,277 37.76 8.29 177 74,515 36.46 7.60",,2026-04-08T18:41:43.967093
NV,2024-03-01,2024-03-31,monthly,ALL,TOTAL,TOTAL,,online,,50701754386,2601000000,2601000000,,,48100754386,175567500,,0.0512999999999645,31,False,False,NV_2024_03_gri.pdf,,,,4,,https://www.gaming.nv.gov/uploadedFiles/gamingnvgov/content/about/gaming-revenue/2024Mar-gri.pdf,https://www.gaming.nv.gov/about-us/gaming-revenue-information-gri/,NV/screenshots/NV_2024_03_NV_2024_03_gri_p1.png,"*** Sports - Mobile 56 26,010 1.66 5.13 58 79,867 33.25 5.55 68 260,585 18.54 4.86",,2026-04-08T18:41:44.971087
NV,2024-03-01,2024-03-31,monthly,ALL,TOTAL,TOTAL,,combined,,78527704485,2976200000,2976200000,,,75551504485,200893500,,0.037900000000235586,31,False,False,NV_2024_03_gri.pdf,,,,4,,https://www.gaming.nv.gov/uploadedFiles/gamingnvgov/content/about/gaming-revenue/2024Mar-gri.pdf,https://www.gaming.nv.gov/about-us/gaming-revenue-information-gri/,NV/screenshots/NV_2024_03_NV_2024_03_gri_p1.png,"Sports Pool (2) 181 181 29,762 (32.13) 3.79 181 180 142,411 5.06 6.25 182 177 488,194 5.12 6.02",,2026-04-08T18:41:44.971087
NV,2024-03-01,2024-03-31,monthly,ALL,TOTAL,TOTAL,,combined,football,31812243,-1288100000,-1288100000,,,1319912243,,,-40.49070038852652,31,False,False,NV_2024_03_gri.pdf,,,,4,,https://www.gaming.nv.gov/uploadedFiles/gamingnvgov/content/about/gaming-revenue/2024Mar-gri.pdf,https://www.gaming.nv.gov/about-us/gaming-revenue-information-gri/,NV/screenshots/NV_2024_03_NV_2024_03_gri_p1.png,"(2) Sports - Football 120 120 (12,881) (3.82) (4,049.07) 181 181 37,565 51.81 6.90 182 182 170,755 9.25 6.42",,2026-04-08T18:41:44.971087
NV,2024-03-01,2024-03-31,monthly,ALL,TOTAL,TOTAL,,combined,basketball,61137476460,3246400000,3246400000,,,57891076460,219132000,,0.05309999999957473,31,False,False,NV_2024_03_gri.pdf,,,,4,,https://www.gaming.nv.gov/uploadedFiles/gamingnvgov/content/about/gaming-revenue/2024Mar-gri.pdf,https://www.gaming.nv.gov/about-us/gaming-revenue-information-gri/,NV/screenshots/NV_2024_03_NV_2024_03_gri_p1.png,"Sports - Basketball 180 180 32,464 (27.64) 5.31 180 180 75,596 (7.81) 5.74 182 182 127,091 (4.29) 5.24",,2026-04-08T18:41:44.971087
NV,2024-03-01,2024-03-31,monthly,ALL,TOTAL,TOTAL,,combined,baseball,3334459459,197400000,197400000,,,3137059459,13324500,,0.05920000000815724,31,False,False,NV_2024_03_gri.pdf,,,,4,,https://www.gaming.nv.gov/uploadedFiles/gamingnvgov/content/about/gaming-revenue/2024Mar-gri.pdf,https://www.gaming.nv.gov/about-us/gaming-revenue-information-gri/,NV/screenshots/NV_2024_03_NV_2024_03_gri_p1.png,"Sports - Baseball 179 179 1,974 5.92 179 179 16 (101.44) 0.05 181 181 94,320 17.15 5.82",,2026-04-08T18:41:44.971087
NV,2024-03-01,2024-03-31,monthly,ALL,TOTAL,TOTAL,,combined,parlay,17151710,-15500000,-15500000,,,32651710,,,-0.9036999809348456,31,False,False,NV_2024_03_gri.pdf,,,,4,,https://www.gaming.nv.gov/uploadedFiles/gamingnvgov/content/about/gaming-revenue/2024Mar-gri.pdf,https://www.gaming.nv.gov/about-us/gaming-revenue-information-gri/,NV/screenshots/NV_2024_03_NV_2024_03_gri_p1.png,"Sports Parlay Cards 26 26 (155) (496.78) (90.37) 153 153 77 (96.21) 2.91 163 163 6,510 (43.39) 23.22",,2026-04-08T18:41:44.971087
NV,2024-03-01,2024-03-31,monthly,ALL,TOTAL,TOTAL,,combined,hockey,4562500000,73000000,73000000,,,4489500000,4927500,,0.016,31,False,False,NV_2024_03_gri.pdf,,,,4,,https://www.gaming.nv.gov/uploadedFiles/gamingnvgov/content/about/gaming-revenue/2024Mar-gri.pdf,https://www.gaming.nv.gov/about-us/gaming-revenue-information-gri/,NV/screenshots/NV_2024_03_NV_2024_03_gri_p1.png,"Sports - Hockey 178 178 730 (85.23) 1.60 178 178 8,117 (34.42) 6.35 181 181 14,706 (41.12) 3.76",,2026-04-08T18:41:44.971087
NV,2024-03-01,2024-03-31,monthly,ALL,TOTAL,TOTAL,,combined,other,9373464373,763000000,763000000,,,8610464373,51502500,,0.08140000000403266,31,False,False,NV_2024_03_gri.pdf,,,,4,,https://www.gaming.nv.gov/uploadedFiles/gamingnvgov/content/about/gaming-revenue/2024Mar-gri.pdf,https://www.gaming.nv.gov/about-us/gaming-revenue-information-gri/,NV/screenshots/NV_2024_03_NV_2024_03_gri_p1.png,"Other 181 7,630 4.05 8.14 180 21,039 35.67 8.33 177 74,812 28.23 7.56",,2026-04-08T18:41:44.971087
NV,2024-04-01,2024-04-30,monthly,ALL,TOTAL,TOTAL,,online,,39000000000,2453100000,2453100000,,,36546900000,165584250,,0.0629,30,False,False,NV_2024_04_gri.pdf,,,,4,,https://www.gaming.nv.gov/uploadedFiles/gamingnvgov/content/about/gaming-revenue/2024Apr-gri.pdf,https://www.gaming.nv.gov/about-us/gaming-revenue-information-gri/,NV/screenshots/NV_2024_04_NV_2024_04_gri_p1.png,"*** Sports - Mobile 57 24,531 32.07 6.29 57 74,294 22.25 5.63 68 266,541 16.96 4.98",,2026-04-08T18:41:45.972113
NV,2024-04-01,2024-04-30,monthly,ALL,TOTAL,TOTAL,,combined,,56916820702,3079200000,3079200000,,,53837620702,207846000,,0.054100000000383015,30,False,False,NV_2024_04_gri.pdf,,,,4,,https://www.gaming.nv.gov/uploadedFiles/gamingnvgov/content/about/gaming-revenue/2024Apr-gri.pdf,https://www.gaming.nv.gov/about-us/gaming-revenue-information-gri/,NV/screenshots/NV_2024_04_NV_2024_04_gri_p1.png,"Sports Pool (2) 181 181 30,792 (5.00) 5.41 181 181 108,464 (7.72) 5.25 182 178 486,573 3.20 6.02",,2026-04-08T18:41:45.972113
NV,2024-04-01,2024-04-30,monthly,ALL,TOTAL,TOTAL,,combined,football,236947290,-569100000,-569100000,,,806047290,,,-2.4017999952647697,30,False,False,NV_2024_04_gri.pdf,,,,4,,https://www.gaming.nv.gov/uploadedFiles/gamingnvgov/content/about/gaming-revenue/2024Apr-gri.pdf,https://www.gaming.nv.gov/about-us/gaming-revenue-information-gri/,NV/screenshots/NV_2024_04_NV_2024_04_gri_p1.png,"(2) Sports - Football 150 150 (5,691) 17.09 (240.18) 181 181 (6,592) (25.39) (3.41) 182 182 169,924 9.22 6.40",,2026-04-08T18:41:45.972113
NV,2024-04-01,2024-04-30,monthly,ALL,TOTAL,TOTAL,,combined,basketball,22292642140,1333100000,1333100000,,,20959542140,89984250,,0.05980000000125602,30,False,False,NV_2024_04_gri.pdf,,,,4,,https://www.gaming.nv.gov/uploadedFiles/gamingnvgov/content/about/gaming-revenue/2024Apr-gri.pdf,https://www.gaming.nv.gov/about-us/gaming-revenue-information-gri/,NV/screenshots/NV_2024_04_NV_2024_04_gri_p1.png,"Sports - Basketball 180 180 13,331 (12.09) 5.98 180 180 70,514 (13.79) 5.77 182 182 125,258 (6.06) 5.15",,2026-04-08T18:41:45.972113
NV,2024-04-01,2024-04-30,monthly,ALL,TOTAL,TOTAL,,combined,baseball,18890652557,1071100000,1071100000,,,17819552557,72299250,,0.056700000000958144,30,False,False,NV_2024_04_gri.pdf,,,,4,,https://www.gaming.nv.gov/uploadedFiles/gamingnvgov/content/about/gaming-revenue/2024Apr-gri.pdf,https://www.gaming.nv.gov/about-us/gaming-revenue-information-gri/,NV/screenshots/NV_2024_04_NV_2024_04_gri_p1.png,"Sports - Baseball 180 180 10,711 18.36 5.67 180 180 11,757 36.02 5.25 182 182 95,982 16.43 6.05",,2026-04-08T18:41:45.972113
NV,2024-04-01,2024-04-30,monthly,ALL,TOTAL,TOTAL,,combined,parlay,3112571,-3600000,-3600000,,,6712571,,,-1.1566001225353575,30,False,False,NV_2024_04_gri.pdf,,,,4,,https://www.gaming.nv.gov/uploadedFiles/gamingnvgov/content/about/gaming-revenue/2024Apr-gri.pdf,https://www.gaming.nv.gov/about-us/gaming-revenue-information-gri/,NV/screenshots/NV_2024_04_NV_2024_04_gri_p1.png,"Sports Parlay Cards 20 20 (36) (66.56) (115.66) 32 32 (131) (124.03) (19.36) 163 163 6,581 (42.30) 23.52",,2026-04-08T18:41:45.972113
NV,2024-04-01,2024-04-30,monthly,ALL,TOTAL,TOTAL,,combined,hockey,5469348659,571000000,571000000,,,4898348659,38542500,,0.10440000000007313,30,False,False,NV_2024_04_gri.pdf,,,,4,,https://www.gaming.nv.gov/uploadedFiles/gamingnvgov/content/about/gaming-revenue/2024Apr-gri.pdf,https://www.gaming.nv.gov/about-us/gaming-revenue-information-gri/,NV/screenshots/NV_2024_04_NV_2024_04_gri_p1.png,"Sports - Hockey 178 178 5,710 74.20 10.44 178 178 10,777 (19.44) 7.59 181 181 17,138 (37.27) 4.52",,2026-04-08T18:41:45.972113
NV,2024-04-01,2024-04-30,monthly,ALL,TOTAL,TOTAL,,combined,other,10040059347,676700000,676700000,,,9363359347,45677250,,0.06740000000121513,30,False,False,NV_2024_04_gri.pdf,,,,4,,https://www.gaming.nv.gov/uploadedFiles/gamingnvgov/content/about/gaming-revenue/2024Apr-gri.pdf,https://www.gaming.nv.gov/about-us/gaming-revenue-information-gri/,NV/screenshots/NV_2024_04_NV_2024_04_gri_p1.png,"Other 181 6,767 (31.57) 6.74 181 22,140 0.58 7.80 178 71,690 16.79 7.13",,2026-04-08T18:41:45.972113
NV,2024-05-01,2024-05-31,monthly,ALL,TOTAL,TOTAL,,online,,35143511450,2301900000,2301900000,,,32841611450,155378250,,0.06550000000071136,31,False,False,NV_2024_05_gri.pdf,,,,4,,https://www.gaming.nv.gov/uploadedFiles/gamingnvgov/content/about/gaming-revenue/2024May-gri.pdf,https://www.gaming.nv.gov/about-us/gaming-revenue-information-gri/,NV/screenshots/NV_2024_05_NV_2024_05_gri_p1.png,"*** Sports - Mobile 56 23,019 31.72 6.55 58 73,560 19.35 5.89 68 272,084 18.85 5.08",,2026-04-08T18:41:46.857307
NV,2024-05-01,2024-05-31,monthly,ALL,TOTAL,TOTAL,,combined,,51539341917,3602600000,3602600000,,,47936741917,243175500,,0.06990000000003299,31,False,False,NV_2024_05_gri.pdf,,,,4,,https://www.gaming.nv.gov/uploadedFiles/gamingnvgov/content/about/gaming-revenue/2024May-gri.pdf,https://www.gaming.nv.gov/about-us/gaming-revenue-information-gri/,NV/screenshots/NV_2024_05_NV_2024_05_gri_p1.png,"Sports Pool (2) 179 179 36,026 19.79 6.99 181 180 96,580 (9.18) 5.17 182 178 492,524 3.79 6.10",,2026-04-08T18:41:46.857307
NV,2024-05-01,2024-05-31,monthly,ALL,TOTAL,TOTAL,,combined,football,158725749,-342800000,-342800000,,,501525749,,,-2.15969999927359,31,False,False,NV_2024_05_gri.pdf,,,,4,,https://www.gaming.nv.gov/uploadedFiles/gamingnvgov/content/about/gaming-revenue/2024May-gri.pdf,https://www.gaming.nv.gov/about-us/gaming-revenue-information-gri/,NV/screenshots/NV_2024_05_NV_2024_05_gri_p1.png,"(2) Sports - Football 153 153 (3,428) (4.83) (215.97) 162 162 (22,000) 0.67 (514.64) 182 182 170,098 10.03 6.41",,2026-04-08T18:41:46.857307
NV,2024-05-01,2024-05-31,monthly,ALL,TOTAL,TOTAL,,combined,basketball,18382226981,1716900000,1716900000,,,16665326981,115890750,,0.09339999999861823,31,False,False,NV_2024_05_gri.pdf,,,,4,,https://www.gaming.nv.gov/uploadedFiles/gamingnvgov/content/about/gaming-revenue/2024May-gri.pdf,https://www.gaming.nv.gov/about-us/gaming-revenue-information-gri/,NV/screenshots/NV_2024_05_NV_2024_05_gri_p1.png,"Sports - Basketball 179 179 17,169 43.69 9.34 180 180 62,964 (12.52) 6.18 182 182 130,477 (3.86) 5.35",,2026-04-08T18:41:46.857307
NV,2024-05-01,2024-05-31,monthly,ALL,TOTAL,TOTAL,,combined,baseball,20426739927,1115300000,1115300000,,,19311439927,75282750,,0.05459999999930483,31,False,False,NV_2024_05_gri.pdf,,,,4,,https://www.gaming.nv.gov/uploadedFiles/gamingnvgov/content/about/gaming-revenue/2024May-gri.pdf,https://www.gaming.nv.gov/about-us/gaming-revenue-information-gri/,NV/screenshots/NV_2024_05_NV_2024_05_gri_p1.png,"Sports - Baseball 179 179 11,153 (32.31) 5.46 180 180 23,839 (6.86) 5.59 182 182 90,658 4.43 5.81",,2026-04-08T18:41:46.857307
NV,2024-05-01,2024-05-31,monthly,ALL,TOTAL,TOTAL,,combined,parlay,2385117,-1500000,-1500000,,,3885117,,,-0.6288999659136219,31,False,False,NV_2024_05_gri.pdf,,,,4,,https://www.gaming.nv.gov/uploadedFiles/gamingnvgov/content/about/gaming-revenue/2024May-gri.pdf,https://www.gaming.nv.gov/about-us/gaming-revenue-information-gri/,NV/screenshots/NV_2024_05_NV_2024_05_gri_p1.png,"Sports Parlay Cards 19 19 (15) 59.09 (62.89) 26 26 (206) 167.55 (90.82) 163 163 6,575 (42.11) 23.55",,2026-04-08T18:41:46.857307
NV,2024-05-01,2024-05-31,monthly,ALL,TOTAL,TOTAL,,combined,hockey,4248431619,338600000,338600000,,,3909831619,22855500,,0.07969999999192644,31,False,False,NV_2024_05_gri.pdf,,,,4,,https://www.gaming.nv.gov/uploadedFiles/gamingnvgov/content/about/gaming-revenue/2024May-gri.pdf,https://www.gaming.nv.gov/about-us/gaming-revenue-information-gri/,NV/screenshots/NV_2024_05_NV_2024_05_gri_p1.png,"Sports - Hockey 176 176 3,386 933.55 7.97 178 178 9,825 14.99 6.89 181 181 20,196 (22.73) 5.43",,2026-04-08T18:41:46.857307
NV,2024-05-01,2024-05-31,monthly,ALL,TOTAL,TOTAL,,combined,other,8310492505,776200000,776200000,,,7534292505,52393500,,0.09340000000397089,31,False,False,NV_2024_05_gri.pdf,,,,4,,https://www.gaming.nv.gov/uploadedFiles/gamingnvgov/content/about/gaming-revenue/2024May-gri.pdf,https://www.gaming.nv.gov/about-us/gaming-revenue-information-gri/,NV/screenshots/NV_2024_05_NV_2024_05_gri_p1.png,"Other 179 7,762 57.35 9.34 180 22,158 0.02 7.99 178 74,519 24.33 7.31",,2026-04-08T18:41:46.857307
NV,2024-06-01,2024-06-30,monthly,ALL,TOTAL,TOTAL,,online,,31444652908,1676000000,1676000000,,,29768652908,113130000,,0.053300000000114485,30,False,False,NV_2024_06_gri.pdf,,,,4,,https://www.gaming.nv.gov/uploadedFiles/gamingnvgov/content/about/gaming-revenue/2024Jun-gri.pdf,https://www.gaming.nv.gov/about-us/gaming-revenue-information-gri/,NV/screenshots/NV_2024_06_NV_2024_06_gri_p1.png,"*** Sports - Mobile 56 16,760 244.38 5.33 58 64,310 57.17 6.09 67 283,977 29.84 5.32",,2026-04-08T18:41:47.948741
NV,2024-06-01,2024-06-30,monthly,ALL,TOTAL,TOTAL,,combined,,48156704362,2980900000,2980900000,,,45175804362,201210750,,0.06189999999983803,30,False,False,NV_2024_06_gri.pdf,,,,4,,https://www.gaming.nv.gov/uploadedFiles/gamingnvgov/content/about/gaming-revenue/2024Jun-gri.pdf,https://www.gaming.nv.gov/about-us/gaming-revenue-information-gri/,NV/screenshots/NV_2024_06_NV_2024_06_gri_p1.png,"Sports Pool (2) 180 180 29,809 212.72 6.19 181 180 96,628 34.17 6.17 181 178 512,801 11.42 6.35",,2026-04-08T18:41:47.948741
NV,2024-06-01,2024-06-30,monthly,ALL,TOTAL,TOTAL,,combined,football,251500674,-205300000,-205300000,,,456800674,,,-0.8162999992596441,30,False,False,NV_2024_06_gri.pdf,,,,4,,https://www.gaming.nv.gov/uploadedFiles/gamingnvgov/content/about/gaming-revenue/2024Jun-gri.pdf,https://www.gaming.nv.gov/about-us/gaming-revenue-information-gri/,NV/screenshots/NV_2024_06_NV_2024_06_gri_p1.png,"(2) Sports - Football 160 160 (2,053) 26.87 (81.63) 166 166 (11,172) 10.81 (172.62) 181 181 169,663 9.84 6.39",,2026-04-08T18:41:47.948741
NV,2024-06-01,2024-06-30,monthly,ALL,TOTAL,TOTAL,,combined,basketball,7018683997,864000000,864000000,,,6154683997,58320000,,0.12309999999562596,30,False,False,NV_2024_06_gri.pdf,,,,4,,https://www.gaming.nv.gov/uploadedFiles/gamingnvgov/content/about/gaming-revenue/2024Jun-gri.pdf,https://www.gaming.nv.gov/about-us/gaming-revenue-information-gri/,NV/screenshots/NV_2024_06_NV_2024_06_gri_p1.png,"Sports - Basketball 179 179 8,640 12.31 180 180 39,140 46.11 8.21 181 181 139,443 5.37 5.72",,2026-04-08T18:41:47.948741
NV,2024-06-01,2024-06-30,monthly,ALL,TOTAL,TOTAL,,combined,baseball,25954326923,1079700000,1079700000,,,24874626923,72879750,,0.041600000000123295,30,False,False,NV_2024_06_gri.pdf,,,,4,,https://www.gaming.nv.gov/uploadedFiles/gamingnvgov/content/about/gaming-revenue/2024Jun-gri.pdf,https://www.gaming.nv.gov/about-us/gaming-revenue-information-gri/,NV/screenshots/NV_2024_06_NV_2024_06_gri_p1.png,"Sports - Baseball 179 179 10,797 (25.41) 4.16 180 180 32,661 (18.35) 5.01 181 181 86,980 1.44 5.72",,2026-04-08T18:41:47.948741
NV,2024-06-01,2024-06-30,monthly,ALL,TOTAL,TOTAL,,combined,parlay,2140716,-1500000,-1500000,,,3640716,,,-0.7007001395794678,30,False,False,NV_2024_06_gri.pdf,,,,4,,https://www.gaming.nv.gov/uploadedFiles/gamingnvgov/content/about/gaming-revenue/2024Jun-gri.pdf,https://www.gaming.nv.gov/about-us/gaming-revenue-information-gri/,NV/screenshots/NV_2024_06_NV_2024_06_gri_p1.png,"Sports Parlay Cards 23 23 (15) (148.25) (70.07) 25 25 (66) (21.31) (85.94) 163 163 6,528 (42.47) 23.43",,2026-04-08T18:41:47.948741
NV,2024-06-01,2024-06-30,monthly,ALL,TOTAL,TOTAL,,combined,hockey,2578457447,387800000,387800000,,,2190657447,26176500,,0.15039999998883052,30,False,False,NV_2024_06_gri.pdf,,,,4,,https://www.gaming.nv.gov/uploadedFiles/gamingnvgov/content/about/gaming-revenue/2024Jun-gri.pdf,https://www.gaming.nv.gov/about-us/gaming-revenue-information-gri/,NV/screenshots/NV_2024_06_NV_2024_06_gri_p1.png,"Sports - Hockey 176 176 3,878 (159.01) 15.04 178 178 12,974 (537.28) 10.55 180 180 30,647 113.08 8.35",,2026-04-08T18:41:47.948741
NV,2024-06-01,2024-06-30,monthly,ALL,TOTAL,TOTAL,,combined,other,12319424460,856200000,856200000,,,11463224460,57793500,,0.06950000000243518,30,False,False,NV_2024_06_gri.pdf,,,,4,,https://www.gaming.nv.gov/uploadedFiles/gamingnvgov/content/about/gaming-revenue/2024Jun-gri.pdf,https://www.gaming.nv.gov/about-us/gaming-revenue-information-gri/,NV/screenshots/NV_2024_06_NV_2024_06_gri_p1.png,"Other 180 8,562 141.72 6.95 180 23,091 25.74 7.53 178 79,539 28.36 7.42",,2026-04-08T18:41:47.948741
NV,2024-07-01,2024-07-31,monthly,ALL,TOTAL,TOTAL,,online,,25407456724,1908100000,1908100000,,,23499356724,128796750,,0.0751000000010863,31,False,False,NV_2024_07_gri.pdf,,,,4,,https://www.gaming.nv.gov/uploadedFiles/gamingnvgov/content/about/gaming-revenue/2024Jul-gri.pdf,https://www.gaming.nv.gov/about-us/gaming-revenue-information-gri/,NV/screenshots/NV_2024_07_NV_2024_07_gri_p1.png,"*** Sports - Mobile 56 19,081 38.17 7.51 57 58,859 62.80 6.40 68 289,246 32.67 5.43",,2026-04-08T18:41:48.984779
NV,2024-07-01,2024-07-31,monthly,ALL,TOTAL,TOTAL,,combined,,37591836735,2578800000,2578800000,,,35013036735,174069000,,0.06859999999944137,31,False,False,NV_2024_07_gri.pdf,,,,4,,https://www.gaming.nv.gov/uploadedFiles/gamingnvgov/content/about/gaming-revenue/2024Jul-gri.pdf,https://www.gaming.nv.gov/about-us/gaming-revenue-information-gri/,NV/screenshots/NV_2024_07_NV_2024_07_gri_p1.png,"Sports Pool (2) 181 181 25,788 2.12 6.86 181 180 91,615 41.25 6.68 182 179 513,329 9.39 6.38",,2026-04-08T18:41:48.984779
NV,2024-07-01,2024-07-31,monthly,ALL,TOTAL,TOTAL,,combined,football,166711052,-62600000,-62600000,,,229311052,,,-0.37549999984404153,31,False,False,NV_2024_07_gri.pdf,,,,4,,https://www.gaming.nv.gov/uploadedFiles/gamingnvgov/content/about/gaming-revenue/2024Jul-gri.pdf,https://www.gaming.nv.gov/about-us/gaming-revenue-information-gri/,NV/screenshots/NV_2024_07_NV_2024_07_gri_p1.png,"(2) Sports - Football 150 150 (626) (19.96) (37.55) 164 164 (6,107) 1.75 (105.86) 181 181 169,819 9.43 6.40",,2026-04-08T18:41:48.984779
NV,2024-07-01,2024-07-31,monthly,ALL,TOTAL,TOTAL,,combined,basketball,3652173913,-16800000,-16800000,,,3668973913,,,-0.004600000000054762,31,False,False,NV_2024_07_gri.pdf,,,,4,,https://www.gaming.nv.gov/uploadedFiles/gamingnvgov/content/about/gaming-revenue/2024Jul-gri.pdf,https://www.gaming.nv.gov/about-us/gaming-revenue-information-gri/,NV/screenshots/NV_2024_07_NV_2024_07_gri_p1.png,"Sports - Basketball 176 176 (168) (91.96) (0.46) 179 179 25,642 168.89 8.84 181 181 141,363 6.01 5.80",,2026-04-08T18:41:48.984779
NV,2024-07-01,2024-07-31,monthly,ALL,TOTAL,TOTAL,,combined,baseball,21370949721,1912700000,1912700000,,,19458249721,129107250,,0.08949999999861963,31,False,False,NV_2024_07_gri.pdf,,,,4,,https://www.gaming.nv.gov/uploadedFiles/gamingnvgov/content/about/gaming-revenue/2024Jul-gri.pdf,https://www.gaming.nv.gov/about-us/gaming-revenue-information-gri/,NV/screenshots/NV_2024_07_NV_2024_07_gri_p1.png,"Sports - Baseball 180 180 19,127 (4.29) 8.95 180 180 41,076 (19.36) 6.06 182 182 86,122 (0.59) 5.88",,2026-04-08T18:41:48.984779
NV,2024-07-01,2024-07-31,monthly,ALL,TOTAL,TOTAL,,combined,parlay,2007584,900000,900000,,,1107584,60750,,0.44830004622471586,31,False,False,NV_2024_07_gri.pdf,,,,4,,https://www.gaming.nv.gov/uploadedFiles/gamingnvgov/content/about/gaming-revenue/2024Jul-gri.pdf,https://www.gaming.nv.gov/about-us/gaming-revenue-information-gri/,NV/screenshots/NV_2024_07_NV_2024_07_gri_p1.png,"Sports Parlay Cards 23 23 9 (227.02) 44.83 25 25 (21) (245.91) (31.67) 163 163 6,545 (42.32) 23.52",,2026-04-08T18:41:48.984779
NV,2024-07-01,2024-07-31,monthly,ALL,TOTAL,TOTAL,,combined,hockey,277389,-116900000,-116900000,,,117177389,,,-421.42983319453907,31,False,False,NV_2024_07_gri.pdf,,,,4,,https://www.gaming.nv.gov/uploadedFiles/gamingnvgov/content/about/gaming-revenue/2024Jul-gri.pdf,https://www.gaming.nv.gov/about-us/gaming-revenue-information-gri/,NV/screenshots/NV_2024_07_NV_2024_07_gri_p1.png,"Sports - Hockey 12 12 (1,169) 68.27 (42,143.00) 176 176 6,096 (187.84) 8.93 180 180 30,173 102.87 8.22",,2026-04-08T18:41:48.984779
NV,2024-07-01,2024-07-31,monthly,ALL,TOTAL,TOTAL,,combined,other,12412103746,861400000,861400000,,,11550703746,58144500,,0.06940000000222364,31,False,False,NV_2024_07_gri.pdf,,,,4,,https://www.gaming.nv.gov/uploadedFiles/gamingnvgov/content/about/gaming-revenue/2024Jul-gri.pdf,https://www.gaming.nv.gov/about-us/gaming-revenue-information-gri/,NV/screenshots/NV_2024_07_NV_2024_07_gri_p1.png,"Other 181 8,614 (2.54) 6.94 180 24,930 43.99 7.55 179 79,307 16.80 7.24",,2026-04-08T18:41:48.984779
NV,2024-08-01,2024-08-31,monthly,ALL,TOTAL,TOTAL,,online,,31301687764,1483700000,1483700000,,,29817987764,100149750,,0.04739999999956552,31,False,False,NV_2024_08_gri.pdf,,,,4,,https://www.gaming.nv.gov/uploadedFiles/gamingnvgov/content/about/gaming-revenue/2024Aug-gri.pdf,https://www.gaming.nv.gov/about-us/gaming-revenue-information-gri/,NV/screenshots/NV_2024_08_NV_2024_08_gri_p1.png,"*** Sports - Mobile 55 14,837 13.01 4.74 57 50,676 59.33 5.75 61 290,954 31.55 5.46",,2026-04-08T18:41:49.973057
NV,2024-08-01,2024-08-31,monthly,ALL,TOTAL,TOTAL,,combined,,45582877960,2502500000,2502500000,,,43080377960,168918750,,0.05489999999991225,31,False,False,NV_2024_08_gri.pdf,,,,4,,https://www.gaming.nv.gov/uploadedFiles/gamingnvgov/content/about/gaming-revenue/2024Aug-gri.pdf,https://www.gaming.nv.gov/about-us/gaming-revenue-information-gri/,NV/screenshots/NV_2024_08_NV_2024_08_gri_p1.png,"Sports Pool (2) 179 179 25,025 38.86 5.49 181 180 80,614 52.66 6.14 182 179 520,332 10.42 6.45",,2026-04-08T18:41:49.973057
NV,2024-08-01,2024-08-31,monthly,ALL,TOTAL,TOTAL,,combined,football,8458413926,874600000,874600000,,,7583813926,59035500,,0.10340000000610043,31,False,False,NV_2024_08_gri.pdf,,,,4,,https://www.gaming.nv.gov/uploadedFiles/gamingnvgov/content/about/gaming-revenue/2024Aug-gri.pdf,https://www.gaming.nv.gov/about-us/gaming-revenue-information-gri/,NV/screenshots/NV_2024_08_NV_2024_08_gri_p1.png,"(2) Sports - Football 178 178 8,746 73.32 10.34 180 180 6,067 129.29 6.83 182 182 173,519 8.01 6.46",,2026-04-08T18:41:49.973057
NV,2024-08-01,2024-08-31,monthly,ALL,TOTAL,TOTAL,,combined,basketball,2324723247,-63000000,-63000000,,,2387723247,,,-0.02710000000271,31,False,False,NV_2024_08_gri.pdf,,,,4,,https://www.gaming.nv.gov/uploadedFiles/gamingnvgov/content/about/gaming-revenue/2024Aug-gri.pdf,https://www.gaming.nv.gov/about-us/gaming-revenue-information-gri/,NV/screenshots/NV_2024_08_NV_2024_08_gri_p1.png,"Sports - Basketball 175 175 (630) (9.27) (2.71) 180 180 7,843 (352.45) 6.05 181 181 141,428 5.66 5.79",,2026-04-08T18:41:49.973057
NV,2024-08-01,2024-08-31,monthly,ALL,TOTAL,TOTAL,,combined,baseball,23491566265,974900000,974900000,,,22516666265,65805750,,0.041500000000106424,31,False,False,NV_2024_08_gri.pdf,,,,4,,https://www.gaming.nv.gov/uploadedFiles/gamingnvgov/content/about/gaming-revenue/2024Aug-gri.pdf,https://www.gaming.nv.gov/about-us/gaming-revenue-information-gri/,NV/screenshots/NV_2024_08_NV_2024_08_gri_p1.png,"Sports - Baseball 177 177 9,749 1.64 4.15 180 180 39,671 (9.94) 5.60 182 182 86,279 4.14 6.04",,2026-04-08T18:41:49.973057
NV,2024-08-01,2024-08-31,monthly,ALL,TOTAL,TOTAL,,combined,parlay,14363778,9200000,9200000,,,5163778,621000,,0.6405000132973372,31,False,False,NV_2024_08_gri.pdf,,,,4,,https://www.gaming.nv.gov/uploadedFiles/gamingnvgov/content/about/gaming-revenue/2024Aug-gri.pdf,https://www.gaming.nv.gov/about-us/gaming-revenue-information-gri/,NV/screenshots/NV_2024_08_NV_2024_08_gri_p1.png,"Sports Parlay Cards 104 104 92 (605.99) 64.05 106 106 86 46.15 163 163 6,655 (40.95) 23.86",,2026-04-08T18:41:49.973057
NV,2024-08-01,2024-08-31,monthly,ALL,TOTAL,TOTAL,,combined,hockey,1199898,-55900000,-55900000,,,57099898,,,-46.58729325325986,31,False,False,NV_2024_08_gri.pdf,,,,4,,https://www.gaming.nv.gov/uploadedFiles/gamingnvgov/content/about/gaming-revenue/2024Aug-gri.pdf,https://www.gaming.nv.gov/about-us/gaming-revenue-information-gri/,NV/screenshots/NV_2024_08_NV_2024_08_gri_p1.png,"Sports - Hockey 29 29 (559) 17.94 (4,658.73) 176 176 2,151 (127.79) 8.34 179 179 30,088 103.17 8.20",,2026-04-08T18:41:49.973057
NV,2024-08-01,2024-08-31,monthly,ALL,TOTAL,TOTAL,,combined,other,11232695140,762700000,762700000,,,10469995140,51482250,,0.06789999999946585,31,False,False,NV_2024_08_gri.pdf,,,,4,,https://www.gaming.nv.gov/uploadedFiles/gamingnvgov/content/about/gaming-revenue/2024Aug-gri.pdf,https://www.gaming.nv.gov/about-us/gaming-revenue-information-gri/,NV/screenshots/NV_2024_08_NV_2024_08_gri_p1.png,"Other 179 7,627 66.87 6.79 180 24,796 46.27 6.90 179 82,364 21.47 7.37",,2026-04-08T18:41:49.973057
NV,2024-09-01,2024-09-30,monthly,ALL,TOTAL,TOTAL,,online,,48483827493,3597500000,3597500000,,,44886327493,242831250,,0.07420000000040014,30,False,False,NV_2024_09_gri.pdf,,,,4,,https://www.gaming.nv.gov/uploadedFiles/gamingnvgov/content/about/gaming-revenue/2024Sep-gri.pdf,https://www.gaming.nv.gov/about-us/gaming-revenue-information-gri/,NV/screenshots/NV_2024_09_NV_2024_09_gri_p1.png,"*** Sports - Mobile 56 35,975 24.24 7.42 57 69,893 25.04 6.64 62 297,973 33.99 5.65",,2026-04-08T18:41:50.975124
NV,2024-09-01,2024-09-30,monthly,ALL,TOTAL,TOTAL,,combined,,76496688742,8085700000,8085700000,,,68410988742,545784750,,0.10569999999961567,30,False,False,NV_2024_09_gri.pdf,,,,4,,https://www.gaming.nv.gov/uploadedFiles/gamingnvgov/content/about/gaming-revenue/2024Sep-gri.pdf,https://www.gaming.nv.gov/about-us/gaming-revenue-information-gri/,NV/screenshots/NV_2024_09_NV_2024_09_gri_p1.png,"Sports Pool (2) 180 180 80,857 29.79 10.57 182 180 131,670 24.72 8.25 183 179 538,892 16.42 6.72",,2026-04-08T18:41:50.975124
NV,2024-09-01,2024-09-30,monthly,ALL,TOTAL,TOTAL,,combined,football,48596689895,5578900000,5578900000,,,43017789895,376575750,,0.11480000000111118,30,False,False,NV_2024_09_gri.pdf,,,,4,,https://www.gaming.nv.gov/uploadedFiles/gamingnvgov/content/about/gaming-revenue/2024Sep-gri.pdf,https://www.gaming.nv.gov/about-us/gaming-revenue-information-gri/,NV/screenshots/NV_2024_09_NV_2024_09_gri_p1.png,"(2) Sports - Football 179 179 55,789 49.09 11.48 181 181 63,909 53.32 11.17 183 183 191,889 31.09 7.20",,2026-04-08T18:41:50.975124
NV,2024-09-01,2024-09-30,monthly,ALL,TOTAL,TOTAL,,combined,basketball,2274463007,-95300000,-95300000,,,2369763007,,,-0.04190000000294575,30,False,False,NV_2024_09_gri.pdf,,,,4,,https://www.gaming.nv.gov/uploadedFiles/gamingnvgov/content/about/gaming-revenue/2024Sep-gri.pdf,https://www.gaming.nv.gov/about-us/gaming-revenue-information-gri/,NV/screenshots/NV_2024_09_NV_2024_09_gri_p1.png,"Sports - Basketball 179 179 (953) 300.19 (4.19) 181 181 (1,751) (42.01) (2.13) 182 182 140,712 4.19 5.73",,2026-04-08T18:41:50.975124
NV,2024-09-01,2024-09-30,monthly,ALL,TOTAL,TOTAL,,combined,baseball,15901425178,1338900000,1338900000,,,14562525178,90375750,,0.0842000000007798,30,False,False,NV_2024_09_gri.pdf,,,,4,,https://www.gaming.nv.gov/uploadedFiles/gamingnvgov/content/about/gaming-revenue/2024Sep-gri.pdf,https://www.gaming.nv.gov/about-us/gaming-revenue-information-gri/,NV/screenshots/NV_2024_09_NV_2024_09_gri_p1.png,"Sports - Baseball 179 179 13,389 (17.03) 8.42 181 181 42,264 (7.54) 6.95 183 183 83,531 (3.38) 5.97",,2026-04-08T18:41:50.975124
NV,2024-09-01,2024-09-30,monthly,ALL,TOTAL,TOTAL,,combined,parlay,386688578,235300000,235300000,,,151388578,15882750,,0.6085000007421993,30,False,False,NV_2024_09_gri.pdf,,,,4,,https://www.gaming.nv.gov/uploadedFiles/gamingnvgov/content/about/gaming-revenue/2024Sep-gri.pdf,https://www.gaming.nv.gov/about-us/gaming-revenue-information-gri/,NV/screenshots/NV_2024_09_NV_2024_09_gri_p1.png,"Sports Parlay Cards 121 121 2,353 7.38 60.85 122 122 2,455 13.33 60.88 163 163 6,816 (33.89) 26.25",,2026-04-08T18:41:50.975124
NV,2024-09-01,2024-09-30,monthly,ALL,TOTAL,TOTAL,,combined,hockey,118895966,-16800000,-16800000,,,135695966,,,-0.141300000035325,30,False,False,NV_2024_09_gri.pdf,,,,4,,https://www.gaming.nv.gov/uploadedFiles/gamingnvgov/content/about/gaming-revenue/2024Sep-gri.pdf,https://www.gaming.nv.gov/about-us/gaming-revenue-information-gri/,NV/screenshots/NV_2024_09_NV_2024_09_gri_p1.png,"Sports - Hockey 148 148 (168) (61.78) (14.13) 149 149 (1,895) 17.92 (157.63) 180 180 30,359 107.46 8.26",,2026-04-08T18:41:50.975124
NV,2024-09-01,2024-09-30,monthly,ALL,TOTAL,TOTAL,,combined,other,9171202809,1044600000,1044600000,,,8126602809,70510500,,0.11390000000598613,30,False,False,NV_2024_09_gri.pdf,,,,4,,https://www.gaming.nv.gov/uploadedFiles/gamingnvgov/content/about/gaming-revenue/2024Sep-gri.pdf,https://www.gaming.nv.gov/about-us/gaming-revenue-information-gri/,NV/screenshots/NV_2024_09_NV_2024_09_gri_p1.png,"Other 180 10,446 44.57 11.39 180 26,688 29.33 8.13 179 85,584 22.13 7.70",,2026-04-08T18:41:50.975124
NV,2024-10-01,2024-10-31,monthly,ALL,TOTAL,TOTAL,,online,,52055401662,1879200000,1879200000,,,50176201662,126846000,,0.03610000000003458,31,False,False,NV_2024_10_gri.pdf,,,,4,,https://www.gaming.nv.gov/uploadedFiles/gamingnvgov/content/about/gaming-revenue/2024Oct-gri.pdf,https://www.gaming.nv.gov/about-us/gaming-revenue-information-gri/,NV/screenshots/NV_2024_10_NV_2024_10_gri_p1.png,"*** Sports - Mobile 59 18,792 (46.40) 3.61 59 69,605 (9.78) 5.28 63 281,707 22.46 5.36",,2026-04-08T18:41:51.966547
NV,2024-10-01,2024-10-31,monthly,ALL,TOTAL,TOTAL,,combined,,79478021978,2893000000,2893000000,,,76585021978,195277500,,0.03640000000001006,31,False,False,NV_2024_10_gri.pdf,,,,4,,https://www.gaming.nv.gov/uploadedFiles/gamingnvgov/content/about/gaming-revenue/2024Oct-gri.pdf,https://www.gaming.nv.gov/about-us/gaming-revenue-information-gri/,NV/screenshots/NV_2024_10_NV_2024_10_gri_p1.png,"Sports Pool (2) 180 180 28,930 (57.52) 3.64 180 179 134,803 (9.18) 6.69 183 179 499,713 5.39 6.25",,2026-04-08T18:41:51.966547
NV,2024-10-01,2024-10-31,monthly,ALL,TOTAL,TOTAL,,combined,football,48315000000,966300000,966300000,,,47348700000,65225250,,0.02,31,False,False,NV_2024_10_gri.pdf,,,,4,,https://www.gaming.nv.gov/uploadedFiles/gamingnvgov/content/about/gaming-revenue/2024Oct-gri.pdf,https://www.gaming.nv.gov/about-us/gaming-revenue-information-gri/,NV/screenshots/NV_2024_10_NV_2024_10_gri_p1.png,"(2) Sports - Football 179 179 9,663 (79.18) 2.00 179 179 74,197 (16.52) 7.04 183 183 155,137 (2.70) 5.95",,2026-04-08T18:41:51.966547
NV,2024-10-01,2024-10-31,monthly,ALL,TOTAL,TOTAL,,combined,basketball,7582893347,718100000,718100000,,,6864793347,48471750,,0.09470000000515634,31,False,False,NV_2024_10_gri.pdf,,,,4,,https://www.gaming.nv.gov/uploadedFiles/gamingnvgov/content/about/gaming-revenue/2024Oct-gri.pdf,https://www.gaming.nv.gov/about-us/gaming-revenue-information-gri/,NV/screenshots/NV_2024_10_NV_2024_10_gri_p1.png,"Sports - Basketball 179 179 7,181 125.50 9.47 179 179 5,598 148.55 4.59 182 182 144,709 9.66 5.85",,2026-04-08T18:41:51.966547
NV,2024-10-01,2024-10-31,monthly,ALL,TOTAL,TOTAL,,combined,baseball,10498795181,435700000,435700000,,,10063095181,29409750,,0.041499999998904635,31,False,False,NV_2024_10_gri.pdf,,,,4,,https://www.gaming.nv.gov/uploadedFiles/gamingnvgov/content/about/gaming-revenue/2024Oct-gri.pdf,https://www.gaming.nv.gov/about-us/gaming-revenue-information-gri/,NV/screenshots/NV_2024_10_NV_2024_10_gri_p1.png,"Sports - Baseball 179 179 4,357 (54.11) 4.15 179 179 27,495 (21.94) 5.51 183 183 78,393 (11.05) 5.55",,2026-04-08T18:41:51.966547
NV,2024-10-01,2024-10-31,monthly,ALL,TOTAL,TOTAL,,combined,parlay,406607370,-32000000,-32000000,,,438607370,,,-0.07869999995327187,31,False,False,NV_2024_10_gri.pdf,,,,4,,https://www.gaming.nv.gov/uploadedFiles/gamingnvgov/content/about/gaming-revenue/2024Oct-gri.pdf,https://www.gaming.nv.gov/about-us/gaming-revenue-information-gri/,NV/screenshots/NV_2024_10_NV_2024_10_gri_p1.png,"Sports Parlay Cards 118 118 (320) (109.66) (7.87) 124 124 2,117 (61.38) 26.23 163 163 3,180 (67.35) 14.68",,2026-04-08T18:41:51.966547
NV,2024-10-01,2024-10-31,monthly,ALL,TOTAL,TOTAL,,combined,hockey,3837282780,242900000,242900000,,,3594382780,16395750,,0.06330000000677563,31,False,False,NV_2024_10_gri.pdf,,,,4,,https://www.gaming.nv.gov/uploadedFiles/gamingnvgov/content/about/gaming-revenue/2024Oct-gri.pdf,https://www.gaming.nv.gov/about-us/gaming-revenue-information-gri/,NV/screenshots/NV_2024_10_NV_2024_10_gri_p1.png,"Sports - Hockey 176 176 2,429 8.44 6.33 177 177 1,703 28.26 4.31 181 181 30,548 91.09 8.16",,2026-04-08T18:41:51.966547
NV,2024-10-01,2024-10-31,monthly,ALL,TOTAL,TOTAL,,combined,other,8850393701,562000000,562000000,,,8288393701,37935000,,0.06349999999847464,31,False,False,NV_2024_10_gri.pdf,,,,4,,https://www.gaming.nv.gov/uploadedFiles/gamingnvgov/content/about/gaming-revenue/2024Oct-gri.pdf,https://www.gaming.nv.gov/about-us/gaming-revenue-information-gri/,NV/screenshots/NV_2024_10_NV_2024_10_gri_p1.png,"Other 180 5,620 62.11 6.35 179 23,694 55.23 8.10 179 87,745 27.39 7.88",,2026-04-08T18:41:51.966547
NV,2024-11-01,2024-11-30,monthly,ALL,TOTAL,TOTAL,,online,,58574529667,4047500000,4047500000,,,54527029667,273206250,,0.06910000000017584,30,False,False,NV_2024_11_gri.pdf,,,,4,,https://www.gaming.nv.gov/uploadedFiles/gamingnvgov/content/about/gaming-revenue/2024Nov-gri.pdf,https://www.gaming.nv.gov/about-us/gaming-revenue-information-gri/,NV/screenshots/NV_2024_11_NV_2024_11_gri_p1.png,"*** Sports - Mobile 58 40,475 90.59 6.91 59 95,242 11.72 5.99 62 300,869 30.17 5.77",,2026-04-08T18:41:52.988558
NV,2024-11-01,2024-11-30,monthly,ALL,TOTAL,TOTAL,,combined,,83782878412,6752900000,6752900000,,,77029978412,455820750,,0.08059999999991406,30,False,False,NV_2024_11_gri.pdf,,,,4,,https://www.gaming.nv.gov/uploadedFiles/gamingnvgov/content/about/gaming-revenue/2024Nov-gri.pdf,https://www.gaming.nv.gov/about-us/gaming-revenue-information-gri/,NV/screenshots/NV_2024_11_NV_2024_11_gri_p1.png,"Sports Pool (2) 181 180 67,529 64.74 8.06 181 180 177,315 3.45 7.40 184 179 526,174 10.20 6.65",,2026-04-08T18:41:52.988558
NV,2024-11-01,2024-11-30,monthly,ALL,TOTAL,TOTAL,,combined,football,47966981132,4067600000,4067600000,,,43899381132,274563000,,0.08480000000013342,30,False,False,NV_2024_11_gri.pdf,,,,4,,https://www.gaming.nv.gov/uploadedFiles/gamingnvgov/content/about/gaming-revenue/2024Nov-gri.pdf,https://www.gaming.nv.gov/about-us/gaming-revenue-information-gri/,NV/screenshots/NV_2024_11_NV_2024_11_gri_p1.png,"(2) Sports - Football 180 180 40,676 127.56 8.48 180 180 106,128 4.35 7.32 184 184 177,896 15.23 6.96",,2026-04-08T18:41:52.988558
NV,2024-11-01,2024-11-30,monthly,ALL,TOTAL,TOTAL,,combined,basketball,23399198932,1752600000,1752600000,,,21646598932,118300500,,0.0748999999997094,30,False,False,NV_2024_11_gri.pdf,,,,4,,https://www.gaming.nv.gov/uploadedFiles/gamingnvgov/content/about/gaming-revenue/2024Nov-gri.pdf,https://www.gaming.nv.gov/about-us/gaming-revenue-information-gri/,NV/screenshots/NV_2024_11_NV_2024_11_gri_p1.png,"Sports - Basketball 180 180 17,526 48.05 7.49 180 180 23,754 60.67 7.14 183 183 150,391 12.11 6.13",,2026-04-08T18:41:52.988558
NV,2024-11-01,2024-11-30,monthly,ALL,TOTAL,TOTAL,,combined,baseball,77560491,-514800000,-514800000,,,592360491,,,-6.637399961792402,30,False,False,NV_2024_11_gri.pdf,,,,4,,https://www.gaming.nv.gov/uploadedFiles/gamingnvgov/content/about/gaming-revenue/2024Nov-gri.pdf,https://www.gaming.nv.gov/about-us/gaming-revenue-information-gri/,NV/screenshots/NV_2024_11_NV_2024_11_gri_p1.png,"Sports - Baseball 121 121 (5,148) (917.00) (663.74) 179 179 12,598 (52.03) 4.76 182 182 72,615 (22.31) 5.18",,2026-04-08T18:41:52.988558
NV,2024-11-01,2024-11-30,monthly,ALL,TOTAL,TOTAL,,combined,parlay,445266650,174500000,174500000,,,270766650,11778750,,0.3918999996968109,30,False,False,NV_2024_11_gri.pdf,,,,4,,https://www.gaming.nv.gov/uploadedFiles/gamingnvgov/content/about/gaming-revenue/2024Nov-gri.pdf,https://www.gaming.nv.gov/about-us/gaming-revenue-information-gri/,NV/screenshots/NV_2024_11_NV_2024_11_gri_p1.png,"Sports Parlay Cards 158 158 1,745 39.19 158 158 3,779 (30.35) 30.52 165 165 5,009 (41.95) 24.60",,2026-04-08T18:41:52.988558
NV,2024-11-01,2024-11-30,monthly,ALL,TOTAL,TOTAL,,combined,hockey,3914948454,303800000,303800000,,,3611148454,20506500,,0.0775999999922349,30,False,False,NV_2024_11_gri.pdf,,,,4,,https://www.gaming.nv.gov/uploadedFiles/gamingnvgov/content/about/gaming-revenue/2024Nov-gri.pdf,https://www.gaming.nv.gov/about-us/gaming-revenue-information-gri/,NV/screenshots/NV_2024_11_NV_2024_11_gri_p1.png,"Sports - Hockey 178 178 3,038 (29.07) 7.76 178 178 5,299 (12.90) 6.74 181 181 29,286 68.84 7.92",,2026-04-08T18:41:52.988558
NV,2024-11-01,2024-11-30,monthly,ALL,TOTAL,TOTAL,,combined,other,7983525535,969200000,969200000,,,7014325535,65421000,,0.12140000000638816,30,False,False,NV_2024_11_gri.pdf,,,,4,,https://www.gaming.nv.gov/uploadedFiles/gamingnvgov/content/about/gaming-revenue/2024Nov-gri.pdf,https://www.gaming.nv.gov/about-us/gaming-revenue-information-gri/,NV/screenshots/NV_2024_11_NV_2024_11_gri_p1.png,"Other 180 9,692 50.50 12.14 180 25,758 50.35 9.90 179 90,979 30.89 8.14",,2026-04-08T18:41:52.988558
NV,2024-12-01,2024-12-31,monthly,ALL,TOTAL,TOTAL,,online,,57223744292,1253200000,1253200000,,,55970544292,84591000,,0.02190000000009087,31,False,False,NV_2024_12_gri.pdf,,,,4,,https://www.gaming.nv.gov/uploadedFiles/gamingnvgov/content/about/gaming-revenue/2024Dec-gri.pdf,https://www.gaming.nv.gov/about-us/gaming-revenue-information-gri/,NV/screenshots/NV_2024_12_NV_2024_12_gri_p1.png,"*** Sports - Mobile 63 12,532 (54.48) 2.19 66 71,800 (14.35) 4.28 68 285,845 18.82 5.47",,2026-04-08T18:41:53.992995
NV,2024-12-01,2024-12-31,monthly,ALL,TOTAL,TOTAL,,combined,,82164835165,1495400000,1495400000,,,80669435165,100939500,,0.01819999999996349,31,False,False,NV_2024_12_gri.pdf,,,,4,,https://www.gaming.nv.gov/uploadedFiles/gamingnvgov/content/about/gaming-revenue/2024Dec-gri.pdf,https://www.gaming.nv.gov/about-us/gaming-revenue-information-gri/,NV/screenshots/NV_2024_12_NV_2024_12_gri_p1.png,"Sports Pool (2) 181 180 14,954 (74.66) 1.82 181 180 111,413 (33.73) 4.54 184 180 482,088 0.17 6.11",,2026-04-08T18:41:53.992995
NV,2024-12-01,2024-12-31,monthly,ALL,TOTAL,TOTAL,,combined,football,48795454545,-214700000,-214700000,,,49010154545,,,-0.0044000000000409874,31,False,False,NV_2024_12_gri.pdf,,,,4,,https://www.gaming.nv.gov/uploadedFiles/gamingnvgov/content/about/gaming-revenue/2024Dec-gri.pdf,https://www.gaming.nv.gov/about-us/gaming-revenue-information-gri/,NV/screenshots/NV_2024_12_NV_2024_12_gri_p1.png,"(2) Sports - Football 180 180 (2,147) (105.76) (0.44) 180 180 48,192 (52.54) 3.33 184 184 138,752 (12.12) 5.40",,2026-04-08T18:41:53.992995
NV,2024-12-01,2024-12-31,monthly,ALL,TOTAL,TOTAL,,combined,basketball,22865648855,1497700000,1497700000,,,21367948855,101094750,,0.06549999999989066,31,False,False,NV_2024_12_gri.pdf,,,,4,,https://www.gaming.nv.gov/uploadedFiles/gamingnvgov/content/about/gaming-revenue/2024Dec-gri.pdf,https://www.gaming.nv.gov/about-us/gaming-revenue-information-gri/,NV/screenshots/NV_2024_12_NV_2024_12_gri_p1.png,"Sports - Basketball 180 180 14,977 17.95 6.55 180 180 39,685 43.16 7.37 183 183 152,538 14.27 6.32",,2026-04-08T18:41:53.992995
NV,2024-12-01,2024-12-31,monthly,ALL,TOTAL,TOTAL,,combined,baseball,2011153,-186700000,-186700000,,,188711153,,,-92.83232056437278,31,False,False,NV_2024_12_gri.pdf,,,,4,,https://www.gaming.nv.gov/uploadedFiles/gamingnvgov/content/about/gaming-revenue/2024Dec-gri.pdf,https://www.gaming.nv.gov/about-us/gaming-revenue-information-gri/,NV/screenshots/NV_2024_12_NV_2024_12_gri_p1.png,"Sports - Baseball 28 28 (1,867) 21.61 (9,283.23) 179 179 (2,658) (130.94) (2.51) 182 182 71,884 (22.86) 5.13",,2026-04-08T18:41:53.992995
NV,2024-12-01,2024-12-31,monthly,ALL,TOTAL,TOTAL,,combined,parlay,333333333,-111100000,-111100000,,,444433333,,,-0.3333000003333,31,False,False,NV_2024_12_gri.pdf,,,,4,,https://www.gaming.nv.gov/uploadedFiles/gamingnvgov/content/about/gaming-revenue/2024Dec-gri.pdf,https://www.gaming.nv.gov/about-us/gaming-revenue-information-gri/,NV/screenshots/NV_2024_12_NV_2024_12_gri_p1.png,"Sports Parlay Cards 159 159 (1,111) (198.69) (33.33) 161 161 315 (92.78) 2.66 165 165 2,696 (68.22) 14.50",,2026-04-08T18:41:53.992995
NV,2024-12-01,2024-12-31,monthly,ALL,TOTAL,TOTAL,,combined,hockey,4039840637,101400000,101400000,,,3938440637,6844500,,0.025100000002797142,31,False,False,NV_2024_12_gri.pdf,,,,4,,https://www.gaming.nv.gov/uploadedFiles/gamingnvgov/content/about/gaming-revenue/2024Dec-gri.pdf,https://www.gaming.nv.gov/about-us/gaming-revenue-information-gri/,NV/screenshots/NV_2024_12_NV_2024_12_gri_p1.png,"Sports - Hockey 179 179 1,014 (78.08) 2.51 179 179 6,480 (41.86) 5.50 182 182 25,772 36.01 6.97",,2026-04-08T18:41:53.992995
NV,2024-12-01,2024-12-31,monthly,ALL,TOTAL,TOTAL,,combined,other,6328173375,408800000,408800000,,,5919373375,27594000,,0.06459999999604941,31,False,False,NV_2024_12_gri.pdf,,,,4,,https://www.gaming.nv.gov/uploadedFiles/gamingnvgov/content/about/gaming-revenue/2024Dec-gri.pdf,https://www.gaming.nv.gov/about-us/gaming-revenue-information-gri/,NV/screenshots/NV_2024_12_NV_2024_12_gri_p1.png,"Other 180 4,088 (15.69) 6.46 180 19,400 31.48 8.37 180 90,446 30.59 8.08",,2026-04-08T18:41:53.992995
NV,2025-01-01,2025-01-31,monthly,ALL,TOTAL,TOTAL,,online,,53411250000,4272900000,4272900000,,,49138350000,288420750,,0.08,31,False,False,NV_2025_01_gri.pdf,,,,4,,https://www.gaming.nv.gov/uploadedFiles/gamingnvgov/content/about/gaming-revenue/2025Jan-gri.pdf,https://www.gaming.nv.gov/about-us/gaming-revenue-information-gri/,NV/screenshots/NV_2025_01_NV_2025_01_gri_p1.png,"*** Sports - Mobile 63 42,729 41.94 8.00 65 95,737 21.38 5.66 68 298,471 18.00 5.68",,2026-04-08T18:41:55.013759
NV,2025-01-01,2025-01-31,monthly,ALL,TOTAL,TOTAL,,combined,,79686059276,7259400000,7259400000,,,72426659276,490009500,,0.09109999999945285,31,False,False,NV_2025_01_gri.pdf,,,,4,,https://www.gaming.nv.gov/uploadedFiles/gamingnvgov/content/about/gaming-revenue/2025Jan-gri.pdf,https://www.gaming.nv.gov/about-us/gaming-revenue-information-gri/,NV/screenshots/NV_2025_01_NV_2025_01_gri_p1.png,"Sports Pool (2) 182 182 72,594 12.13 9.11 182 180 155,077 (5.87) 6.31 185 180 489,943 (1.14) 6.19",,2026-04-08T18:41:55.013759
NV,2025-01-01,2025-01-31,monthly,ALL,TOTAL,TOTAL,,combined,football,37197115385,3868500000,3868500000,,,33328615385,261123750,,0.10399999999892465,31,False,False,NV_2025_01_gri.pdf,,,,4,,https://www.gaming.nv.gov/uploadedFiles/gamingnvgov/content/about/gaming-revenue/2025Jan-gri.pdf,https://www.gaming.nv.gov/about-us/gaming-revenue-information-gri/,NV/screenshots/NV_2025_01_NV_2025_01_gri_p1.png,"(2) Sports - Football 181 181 38,685 (0.04) 10.40 181 181 77,214 (17.71) 5.77 185 185 138,736 (17.36) 5.36",,2026-04-08T18:41:55.013759
NV,2025-01-01,2025-01-31,monthly,ALL,TOTAL,TOTAL,,combined,basketball,29239892183,2169600000,2169600000,,,27070292183,146448000,,0.07420000000073187,31,False,False,NV_2025_01_gri.pdf,,,,4,,https://www.gaming.nv.gov/uploadedFiles/gamingnvgov/content/about/gaming-revenue/2025Jan-gri.pdf,https://www.gaming.nv.gov/about-us/gaming-revenue-information-gri/,NV/screenshots/NV_2025_01_NV_2025_01_gri_p1.png,"Sports - Basketball 180 180 21,696 19.56 7.42 181 181 54,200 26.98 7.18 184 184 156,087 14.55 6.53",,2026-04-08T18:41:55.013759
NV,2025-01-01,2025-01-31,monthly,ALL,TOTAL,TOTAL,,combined,baseball,9075313,-105800000,-105800000,,,114875313,,,-11.658000115257733,31,False,False,NV_2025_01_gri.pdf,,,,4,,https://www.gaming.nv.gov/uploadedFiles/gamingnvgov/content/about/gaming-revenue/2025Jan-gri.pdf,https://www.gaming.nv.gov/about-us/gaming-revenue-information-gri/,NV/screenshots/NV_2025_01_NV_2025_01_gri_p1.png,"Sports - Baseball 50 50 (1,058) 2.80 (1,165.80) 124 124 (8,073) 317.35 (910.66) 182 182 71,856 (22.63) 5.13",,2026-04-08T18:41:55.013759
NV,2025-01-01,2025-01-31,monthly,ALL,TOTAL,TOTAL,,combined,parlay,123230641,14800000,14800000,,,108430641,999000,,0.12010000012902636,31,False,False,NV_2025_01_gri.pdf,,,,4,,https://www.gaming.nv.gov/uploadedFiles/gamingnvgov/content/about/gaming-revenue/2025Jan-gri.pdf,https://www.gaming.nv.gov/about-us/gaming-revenue-information-gri/,NV/screenshots/NV_2025_01_NV_2025_01_gri_p1.png,"Sports Parlay Cards 148 148 148 53.81 12.01 161 161 783 (31.81) 8.68 163 163 2,748 (61.79) 15.40",,2026-04-08T18:41:55.013759
NV,2025-01-01,2025-01-31,monthly,ALL,TOTAL,TOTAL,,combined,hockey,4320887992,428200000,428200000,,,3892687992,28903500,,0.09909999999833367,31,False,False,NV_2025_01_gri.pdf,,,,4,,https://www.gaming.nv.gov/uploadedFiles/gamingnvgov/content/about/gaming-revenue/2025Jan-gri.pdf,https://www.gaming.nv.gov/about-us/gaming-revenue-information-gri/,NV/screenshots/NV_2025_01_NV_2025_01_gri_p1.png,"Sports - Hockey 180 180 4,282 38.41 9.91 180 180 8,334 (30.55) 6.79 183 183 26,960 36.40 7.24",,2026-04-08T18:41:55.013759
NV,2025-01-01,2025-01-31,monthly,ALL,TOTAL,TOTAL,,combined,other,8805776892,884100000,884100000,,,7921676892,59676750,,0.10040000000490587,31,False,False,NV_2025_01_gri.pdf,,,,4,,https://www.gaming.nv.gov/uploadedFiles/gamingnvgov/content/about/gaming-revenue/2025Jan-gri.pdf,https://www.gaming.nv.gov/about-us/gaming-revenue-information-gri/,NV/screenshots/NV_2025_01_NV_2025_01_gri_p1.png,"Other 182 8,841 54.28 10.04 180 22,620 32.92 9.79 180 93,556 30.65 8.23",,2026-04-08T18:41:55.013759
NV,2025-02-01,2025-02-28,monthly,ALL,TOTAL,TOTAL,,online,,39673010381,2293100000,2293100000,,,37379910381,154784250,,0.057799999999450506,28,False,False,NV_2025_02_gri.pdf,,,,4,,https://www.gaming.nv.gov/uploadedFiles/gamingnvgov/content/about/gaming-revenue/2025Feb-gri.pdf,https://www.gaming.nv.gov/about-us/gaming-revenue-information-gri/,NV/screenshots/NV_2025_02_NV_2025_02_gri_p1.png,"*** Sports - Mobile 62 22,931 (3.45) 5.78 65 78,192 (3.92) 5.20 69 297,651 14.45 5.70",,2026-04-08T18:41:56.014716
NV,2025-02-01,2025-02-28,monthly,ALL,TOTAL,TOTAL,,combined,,60478770132,4130700000,4130700000,,,56348070132,278822250,,0.06829999999974205,28,False,False,NV_2025_02_gri.pdf,,,,4,,https://www.gaming.nv.gov/uploadedFiles/gamingnvgov/content/about/gaming-revenue/2025Feb-gri.pdf,https://www.gaming.nv.gov/about-us/gaming-revenue-information-gri/,NV/screenshots/NV_2025_02_NV_2025_02_gri_p1.png,"Sports Pool (2) 181 181 41,307 (13.78) 6.83 182 181 128,855 (24.94) 5.80 185 180 483,343 (3.76) 6.20",,2026-04-08T18:41:56.014716
NV,2025-02-01,2025-02-28,monthly,ALL,TOTAL,TOTAL,,combined,football,14658201058,1385200000,1385200000,,,13273001058,93501000,,0.0945000000012962,28,False,False,NV_2025_02_gri.pdf,,,,4,,https://www.gaming.nv.gov/uploadedFiles/gamingnvgov/content/about/gaming-revenue/2025Feb-gri.pdf,https://www.gaming.nv.gov/about-us/gaming-revenue-information-gri/,NV/screenshots/NV_2025_02_NV_2025_02_gri_p1.png,"(2) Sports - Football 180 180 13,852 15.39 9.45 181 181 50,390 (42.71) 5.02 184 184 140,583 (17.53) 5.52",,2026-04-08T18:41:56.014716
NV,2025-02-01,2025-02-28,monthly,ALL,TOTAL,TOTAL,,combined,basketball,33276341948,1673800000,1673800000,,,31602541948,112981500,,0.0503000000004688,28,False,False,NV_2025_02_gri.pdf,,,,4,,https://www.gaming.nv.gov/uploadedFiles/gamingnvgov/content/about/gaming-revenue/2025Feb-gri.pdf,https://www.gaming.nv.gov/about-us/gaming-revenue-information-gri/,NV/screenshots/NV_2025_02_NV_2025_02_gri_p1.png,"Sports - Basketball 180 180 16,738 (31.83) 5.03 181 181 53,411 (3.59) 6.25 184 184 148,273 6.63 6.35",,2026-04-08T18:41:56.014716
NV,2025-02-01,2025-02-28,monthly,ALL,TOTAL,TOTAL,,combined,baseball,358014646,-44000000,-44000000,,,402014646,,,-0.122900000018435,28,False,False,NV_2025_02_gri.pdf,,,,4,,https://www.gaming.nv.gov/uploadedFiles/gamingnvgov/content/about/gaming-revenue/2025Feb-gri.pdf,https://www.gaming.nv.gov/about-us/gaming-revenue-information-gri/,NV/screenshots/NV_2025_02_NV_2025_02_gri_p1.png,"Sports - Baseball 164 164 (440) (52.17) (12.29) 164 164 (3,365) (3.43) (91.15) 184 184 72,336 (21.73) 5.16",,2026-04-08T18:41:56.014716
NV,2025-02-01,2025-02-28,monthly,ALL,TOTAL,TOTAL,,combined,parlay,33027523,1800000,1800000,,,31227523,121500,,0.054499999894027776,28,False,False,NV_2025_02_gri.pdf,,,,4,,https://www.gaming.nv.gov/uploadedFiles/gamingnvgov/content/about/gaming-revenue/2025Feb-gri.pdf,https://www.gaming.nv.gov/about-us/gaming-revenue-information-gri/,NV/screenshots/NV_2025_02_NV_2025_02_gri_p1.png,"Sports Parlay Cards 28 28 18 (70.53) 5.45 162 162 (945) (173.76) (19.34) 163 163 2,706 (59.23) 15.30",,2026-04-08T18:41:56.014716
NV,2025-02-01,2025-02-28,monthly,ALL,TOTAL,TOTAL,,combined,hockey,2881355932,221000000,221000000,,,2660355932,14917500,,0.07670000000541412,28,False,False,NV_2025_02_gri.pdf,,,,4,,https://www.gaming.nv.gov/uploadedFiles/gamingnvgov/content/about/gaming-revenue/2025Feb-gri.pdf,https://www.gaming.nv.gov/about-us/gaming-revenue-information-gri/,NV/screenshots/NV_2025_02_NV_2025_02_gri_p1.png,"Sports - Hockey 178 178 2,210 (49.31) 7.67 180 180 7,506 (37.85) 6.67 183 183 24,810 30.81 6.90",,2026-04-08T18:41:56.014716
NV,2025-02-01,2025-02-28,monthly,ALL,TOTAL,TOTAL,,combined,other,9224173554,892900000,892900000,,,8331273554,60270750,,0.09679999999705123,28,False,False,NV_2025_02_gri.pdf,,,,4,,https://www.gaming.nv.gov/uploadedFiles/gamingnvgov/content/about/gaming-revenue/2025Feb-gri.pdf,https://www.gaming.nv.gov/about-us/gaming-revenue-information-gri/,NV/screenshots/NV_2025_02_NV_2025_02_gri_p1.png,"Other 181 8,929 13.76 9.68 181 21,858 18.61 8.97 180 94,636 26.75 8.30",,2026-04-08T18:41:56.014716
NV,2025-03-01,2025-03-31,monthly,ALL,TOTAL,TOTAL,,online,,61279527559,1556500000,1556500000,,,59723027559,105063750,,0.025400000000022845,31,False,False,NV_2025_03_gri.pdf,,,,4,,https://www.gaming.nv.gov/uploadedFiles/gamingnvgov/content/about/gaming-revenue/2025Mar-gri.pdf,https://www.gaming.nv.gov/about-us/gaming-revenue-information-gri/,NV/screenshots/NV_2025_03_NV_2025_03_gri_p1.png,"*** Sports - Mobile 62 15,565 (40.16) 2.54 67 81,225 1.70 5.27 72 287,206 10.25 5.39",,2026-04-08T18:41:57.014567
NV,2025-03-01,2025-03-31,monthly,ALL,TOTAL,TOTAL,,combined,,85945945946,2226000000,2226000000,,,83719945946,150255000,,0.02589999999998371,31,False,False,NV_2025_03_gri.pdf,,,,4,,https://www.gaming.nv.gov/uploadedFiles/gamingnvgov/content/about/gaming-revenue/2025Mar-gri.pdf,https://www.gaming.nv.gov/about-us/gaming-revenue-information-gri/,NV/screenshots/NV_2025_03_NV_2025_03_gri_p1.png,"Sports Pool (2) 181 181 22,260 (25.21) 2.59 182 181 136,151 (4.39) 6.02 185 180 475,832 (2.52) 6.04",,2026-04-08T18:41:57.014567
NV,2025-03-01,2025-03-31,monthly,ALL,TOTAL,TOTAL,,combined,football,34285448,-1031800000,-1031800000,,,1066085448,,,-30.094400399843106,31,False,False,NV_2025_03_gri.pdf,,,,4,,https://www.gaming.nv.gov/uploadedFiles/gamingnvgov/content/about/gaming-revenue/2025Mar-gri.pdf,https://www.gaming.nv.gov/about-us/gaming-revenue-information-gri/,NV/screenshots/NV_2025_03_NV_2025_03_gri_p1.png,"(2) Sports - Football 114 114 (10,318) (19.90) (3,009.44) 181 181 42,219 11.61 8.14 184 184 143,145 (16.27) 5.62",,2026-04-08T18:41:57.014567
NV,2025-03-01,2025-03-31,monthly,ALL,TOTAL,TOTAL,,combined,basketball,66562500000,2449500000,2449500000,,,64113000000,165341250,,0.0368,31,False,False,NV_2025_03_gri.pdf,,,,4,,https://www.gaming.nv.gov/uploadedFiles/gamingnvgov/content/about/gaming-revenue/2025Mar-gri.pdf,https://www.gaming.nv.gov/about-us/gaming-revenue-information-gri/,NV/screenshots/NV_2025_03_NV_2025_03_gri_p1.png,"Sports - Basketball 179 179 24,495 (24.15) 3.68 181 181 62,929 (16.09) 4.88 184 184 140,471 11.06 5.88",,2026-04-08T18:41:57.014567
NV,2025-03-01,2025-03-31,monthly,ALL,TOTAL,TOTAL,,combined,baseball,4054878049,66500000,66500000,,,3988378049,4488750,,0.01639999999911218,31,False,False,NV_2025_03_gri.pdf,,,,4,,https://www.gaming.nv.gov/uploadedFiles/gamingnvgov/content/about/gaming-revenue/2025Mar-gri.pdf,https://www.gaming.nv.gov/about-us/gaming-revenue-information-gri/,NV/screenshots/NV_2025_03_NV_2025_03_gri_p1.png,"Sports - Baseball 177 177 665 (66.90) 1.64 178 178 (833) (1.89) 184 184 70,991 (24.77) 5.03",,2026-04-08T18:41:57.014567
NV,2025-03-01,2025-03-31,monthly,ALL,TOTAL,TOTAL,,combined,parlay,17149857,-16800000,-16800000,,,33949857,,,-0.9796000048280286,31,False,False,NV_2025_03_gri.pdf,,,,4,,https://www.gaming.nv.gov/uploadedFiles/gamingnvgov/content/about/gaming-revenue/2025Mar-gri.pdf,https://www.gaming.nv.gov/about-us/gaming-revenue-information-gri/,NV/screenshots/NV_2025_03_NV_2025_03_gri_p1.png,"Sports Parlay Cards 22 22 (168) 8.63 (97.96) 150 150 (3) (450.83) (0.15) 163 163 2,692 (58.21) 15.22",,2026-04-08T18:41:57.014567
NV,2025-03-01,2025-03-31,monthly,ALL,TOTAL,TOTAL,,combined,hockey,5064676617,101800000,101800000,,,4962876617,6871500,,0.02009999999966434,31,False,False,NV_2025_03_gri.pdf,,,,4,,https://www.gaming.nv.gov/uploadedFiles/gamingnvgov/content/about/gaming-revenue/2025Mar-gri.pdf,https://www.gaming.nv.gov/about-us/gaming-revenue-information-gri/,NV/screenshots/NV_2025_03_NV_2025_03_gri_p1.png,"Sports - Hockey 178 178 1,018 33.64 2.01 180 180 7,511 (8.59) 6.12 183 183 25,066 69.50 6.87",,2026-04-08T18:41:57.014567
NV,2025-03-01,2025-03-31,monthly,ALL,TOTAL,TOTAL,,combined,other,10358044164,656700000,656700000,,,9701344164,44327250,,0.0634000000002317,31,False,False,NV_2025_03_gri.pdf,,,,4,,https://www.gaming.nv.gov/uploadedFiles/gamingnvgov/content/about/gaming-revenue/2025Mar-gri.pdf,https://www.gaming.nv.gov/about-us/gaming-revenue-information-gri/,NV/screenshots/NV_2025_03_NV_2025_03_gri_p1.png,"Other 181 6,567 (15.02) 6.34 181 24,328 14.17 8.57 180 93,466 24.52 8.13",,2026-04-08T18:41:57.014567
NV,2025-04-01,2025-04-30,monthly,ALL,TOTAL,TOTAL,,online,,48311499272,3319000000,3319000000,,,44992499272,224032500,,0.06870000000028151,30,False,False,NV_2025_04_gri.pdf,,,,4,,https://www.gaming.nv.gov/uploadedFiles/gamingnvgov/content/about/gaming-revenue/2025Apr-gri.pdf,https://www.gaming.nv.gov/about-us/gaming-revenue-information-gri/,NV/screenshots/NV_2025_04_NV_2025_04_gri_p1.png,"*** Sports - Mobile 58 33,190 35.31 6.87 67 71,686 (3.50) 4.81 72 295,868 11.04 5.46",,2026-04-08T18:41:58.002476
NV,2025-04-01,2025-04-30,monthly,ALL,TOTAL,TOTAL,,combined,,61877906977,4257200000,4257200000,,,57620706977,287361000,,0.06879999999971557,30,False,False,NV_2025_04_gri.pdf,,,,4,,https://www.gaming.nv.gov/uploadedFiles/gamingnvgov/content/about/gaming-revenue/2025Apr-gri.pdf,https://www.gaming.nv.gov/about-us/gaming-revenue-information-gri/,NV/screenshots/NV_2025_04_NV_2025_04_gri_p1.png,"Sports Pool (2) 182 182 42,572 38.27 6.88 182 181 106,130 (2.15) 5.09 185 180 487,614 0.23 6.15",,2026-04-08T18:41:58.002476
NV,2025-04-01,2025-04-30,monthly,ALL,TOTAL,TOTAL,,combined,football,223790587,-512100000,-512100000,,,735890587,,,-2.2882999989628696,30,False,False,NV_2025_04_gri.pdf,,,,4,,https://www.gaming.nv.gov/uploadedFiles/gamingnvgov/content/about/gaming-revenue/2025Apr-gri.pdf,https://www.gaming.nv.gov/about-us/gaming-revenue-information-gri/,NV/screenshots/NV_2025_04_NV_2025_04_gri_p1.png,"(2) Sports - Football 146 146 (5,121) (10.02) (228.83) 180 180 (1,587) (75.84) (1.06) 183 183 143,716 (15.53) 5.64",,2026-04-08T18:41:58.002476
NV,2025-04-01,2025-04-30,monthly,ALL,TOTAL,TOTAL,,combined,basketball,24500586166,2089900000,2089900000,,,22410686166,141068250,,0.08530000000164077,30,False,False,NV_2025_04_gri.pdf,,,,4,,https://www.gaming.nv.gov/uploadedFiles/gamingnvgov/content/about/gaming-revenue/2025Apr-gri.pdf,https://www.gaming.nv.gov/about-us/gaming-revenue-information-gri/,NV/screenshots/NV_2025_04_NV_2025_04_gri_p1.png,"Sports - Basketball 179 179 20,899 51.75 8.53 181 181 62,133 (12.02) 5.00 184 184 147,599 17.99 6.12",,2026-04-08T18:41:58.002476
NV,2025-04-01,2025-04-30,monthly,ALL,TOTAL,TOTAL,,combined,baseball,21455985915,1218700000,1218700000,,,20237285915,82262250,,0.056800000001304994,30,False,False,NV_2025_04_gri.pdf,,,,4,,https://www.gaming.nv.gov/uploadedFiles/gamingnvgov/content/about/gaming-revenue/2025Apr-gri.pdf,https://www.gaming.nv.gov/about-us/gaming-revenue-information-gri/,NV/screenshots/NV_2025_04_NV_2025_04_gri_p1.png,"Sports - Baseball 179 179 12,187 18.69 5.68 181 181 12,413 9.28 4.80 184 184 72,910 (23.72) 5.08",,2026-04-08T18:41:58.002476
NV,2025-04-01,2025-04-30,monthly,ALL,TOTAL,TOTAL,,combined,parlay,5125456,-15300000,-15300000,,,20425456,,,-2.9851002525433836,30,False,False,NV_2025_04_gri.pdf,,,,4,,https://www.gaming.nv.gov/uploadedFiles/gamingnvgov/content/about/gaming-revenue/2025Apr-gri.pdf,https://www.gaming.nv.gov/about-us/gaming-revenue-information-gri/,NV/screenshots/NV_2025_04_NV_2025_04_gri_p1.png,"Sports Parlay Cards 16 16 (153) 328.93 (298.51) 28 28 (303) 131.33 (55.77) 163 163 2,575 (60.46) 14.55",,2026-04-08T18:41:58.002476
NV,2025-04-01,2025-04-30,monthly,ALL,TOTAL,TOTAL,,combined,hockey,5983240223,535500000,535500000,,,5447740223,36146250,,0.08950000000693605,30,False,False,NV_2025_04_gri.pdf,,,,4,,https://www.gaming.nv.gov/uploadedFiles/gamingnvgov/content/about/gaming-revenue/2025Apr-gri.pdf,https://www.gaming.nv.gov/about-us/gaming-revenue-information-gri/,NV/screenshots/NV_2025_04_NV_2025_04_gri_p1.png,"Sports - Hockey 178 178 5,355 (6.22) 8.95 180 180 8,583 (20.77) 6.16 183 183 24,711 43.49 6.68",,2026-04-08T18:41:58.002476
NV,2025-04-01,2025-04-30,monthly,ALL,TOTAL,TOTAL,,combined,other,9714876033,940400000,940400000,,,8774476033,63477000,,0.09680000000057644,30,False,False,NV_2025_04_gri.pdf,,,,4,,https://www.gaming.nv.gov/uploadedFiles/gamingnvgov/content/about/gaming-revenue/2025Apr-gri.pdf,https://www.gaming.nv.gov/about-us/gaming-revenue-information-gri/,NV/screenshots/NV_2025_04_NV_2025_04_gri_p1.png,"Other 182 9,404 38.98 9.68 181 24,891 11.40 8.50 180 96,104 33.59 8.38",,2026-04-08T18:41:58.002476
NV,2025-05-01,2025-05-31,monthly,ALL,TOTAL,TOTAL,,online,,42270524899,3140700000,3140700000,,,39129824899,211997250,,0.07430000000010173,31,False,False,NV_2025_05_gri.pdf,,,,4,,https://www.gaming.nv.gov/uploadedFiles/gamingnvgov/content/about/gaming-revenue/2025May-gri.pdf,https://www.gaming.nv.gov/about-us/gaming-revenue-information-gri/,NV/screenshots/NV_2025_05_NV_2025_05_gri_p1.png,"*** Sports - Mobile 57 31,407 36.43 7.43 66 80,162 8.98 5.28 72 304,253 11.86 5.54",,2026-04-08T18:41:58.865147
NV,2025-05-01,2025-05-31,monthly,ALL,TOTAL,TOTAL,,combined,,57672839506,4671500000,4671500000,,,53001339506,315326250,,0.08100000000024275,31,False,False,NV_2025_05_gri.pdf,,,,4,,https://www.gaming.nv.gov/uploadedFiles/gamingnvgov/content/about/gaming-revenue/2025May-gri.pdf,https://www.gaming.nv.gov/about-us/gaming-revenue-information-gri/,NV/screenshots/NV_2025_05_NV_2025_05_gri_p1.png,"Sports Pool (2) 182 182 46,715 29.66 8.10 182 181 111,547 15.50 5.43 185 180 498,300 1.19 6.24",,2026-04-08T18:41:58.865147
NV,2025-05-01,2025-05-31,monthly,ALL,TOTAL,TOTAL,,combined,football,165203313,-265300000,-265300000,,,430503313,,,-1.6058999979013737,31,False,False,NV_2025_05_gri.pdf,,,,4,,https://www.gaming.nv.gov/uploadedFiles/gamingnvgov/content/about/gaming-revenue/2025May-gri.pdf,https://www.gaming.nv.gov/about-us/gaming-revenue-information-gri/,NV/screenshots/NV_2025_05_NV_2025_05_gri_p1.png,"(2) Sports - Football 150 148 (2,653) (22.61) (160.59) 162 160 (18,092) (17.76) (427.42) 184 182 144,491 (15.16) 5.68",,2026-04-08T18:41:58.865147
NV,2025-05-01,2025-05-31,monthly,ALL,TOTAL,TOTAL,,combined,basketball,19400621118,1249400000,1249400000,,,18151221118,84334500,,0.06440000000004123,31,False,False,NV_2025_05_gri.pdf,,,,4,,https://www.gaming.nv.gov/uploadedFiles/gamingnvgov/content/about/gaming-revenue/2025May-gri.pdf,https://www.gaming.nv.gov/about-us/gaming-revenue-information-gri/,NV/screenshots/NV_2025_05_NV_2025_05_gri_p1.png,"Sports - Basketball 179 177 12,494 (27.23) 6.44 180 178 57,889 (8.46) 5.24 184 182 142,923 9.68 5.90",,2026-04-08T18:41:58.865147
NV,2025-05-01,2025-05-31,monthly,ALL,TOTAL,TOTAL,,combined,baseball,23814238042,2140900000,2140900000,,,21673338042,144510750,,0.0899000000010162,31,False,False,NV_2025_05_gri.pdf,,,,4,,https://www.gaming.nv.gov/uploadedFiles/gamingnvgov/content/about/gaming-revenue/2025May-gri.pdf,https://www.gaming.nv.gov/about-us/gaming-revenue-information-gri/,NV/screenshots/NV_2025_05_NV_2025_05_gri_p1.png,"Sports - Baseball 178 176 21,409 91.90 8.99 180 178 34,261 46.20 6.95 184 182 83,162 (7.87) 5.66",,2026-04-08T18:41:58.865147
NV,2025-05-01,2025-05-31,monthly,ALL,TOTAL,TOTAL,,combined,parlay,4610951,-8000000,-8000000,,,12610951,,,-1.735000003253125,31,False,False,NV_2025_05_gri.pdf,,,,4,,https://www.gaming.nv.gov/uploadedFiles/gamingnvgov/content/about/gaming-revenue/2025May-gri.pdf,https://www.gaming.nv.gov/about-us/gaming-revenue-information-gri/,NV/screenshots/NV_2025_05_NV_2025_05_gri_p1.png,"Sports Parlay Cards 20 19 (80) 420.32 (173.50) 24 23 (401) 94.80 (149.01) 164 163 2,510 (61.42) 14.16",,2026-04-08T18:41:58.865147
NV,2025-05-01,2025-05-31,monthly,ALL,TOTAL,TOTAL,,combined,hockey,4755319149,491700000,491700000,,,4263619149,33189750,,0.10339999999861207,31,False,False,NV_2025_05_gri.pdf,,,,4,,https://www.gaming.nv.gov/uploadedFiles/gamingnvgov/content/about/gaming-revenue/2025May-gri.pdf,https://www.gaming.nv.gov/about-us/gaming-revenue-information-gri/,NV/screenshots/NV_2025_05_NV_2025_05_gri_p1.png,"Sports - Hockey 178 176 4,917 45.21 10.34 179 177 11,290 14.52 7.14 183 181 26,242 29.40 7.00",,2026-04-08T18:41:58.865147
NV,2025-05-01,2025-05-31,monthly,ALL,TOTAL,TOTAL,,combined,other,9541292639,1062900000,1062900000,,,8478392639,71745750,,0.11140000000161404,31,False,False,NV_2025_05_gri.pdf,,,,4,,https://www.gaming.nv.gov/uploadedFiles/gamingnvgov/content/about/gaming-revenue/2025May-gri.pdf,https://www.gaming.nv.gov/about-us/gaming-revenue-information-gri/,NV/screenshots/NV_2025_05_NV_2025_05_gri_p1.png,"Other 182 10,629 36.95 11.14 181 26,600 19.52 8.98 180 98,972 32.37 8.54",,2026-04-08T18:41:58.865147
NV,2025-06-01,2025-06-30,monthly,ALL,TOTAL,TOTAL,,online,,35983132530,2986600000,2986600000,,,32996532530,201595500,,0.08300000000027791,30,False,False,NV_2025_06_gri.pdf,,,,4,,https://www.gaming.nv.gov/siteassets/content/about/gaming-revenue/2025jun-gri.pdf,https://www.gaming.nv.gov/about-us/gaming-revenue-information-gri/,NV/screenshots/NV_2025_06_NV_2025_06_gri_p1.png,"*** Sports - Mobile 55 29,866 78.42 8.30 61 94,464 46.93 7.46 73 317,380 11.80 5.73",,2026-04-08T18:42:06.575335
NV,2025-06-01,2025-06-30,monthly,ALL,TOTAL,TOTAL,,combined,,49656434475,4205900000,4205900000,,,45450534475,283898250,,0.08469999999934551,30,False,False,NV_2025_06_gri.pdf,,,,4,,https://www.gaming.nv.gov/siteassets/content/about/gaming-revenue/2025jun-gri.pdf,https://www.gaming.nv.gov/about-us/gaming-revenue-information-gri/,NV/screenshots/NV_2025_06_NV_2025_06_gri_p1.png,"Sports Pool (2) 182 182 42,059 41.19 8.47 182 182 131,346 35.96 7.76 185 180 510,570 (0.42) 6.38",,2026-04-08T18:42:06.575335
NV,2025-06-01,2025-06-30,monthly,ALL,TOTAL,TOTAL,,combined,football,225940666,-124900000,-124900000,,,350840666,,,-0.552799999270605,30,False,False,NV_2025_06_gri.pdf,,,,4,,https://www.gaming.nv.gov/siteassets/content/about/gaming-revenue/2025jun-gri.pdf,https://www.gaming.nv.gov/about-us/gaming-revenue-information-gri/,NV/screenshots/NV_2025_06_NV_2025_06_gri_p1.png,"(2) Sports - Football 155 155 (1,249) (39.25) (55.28) 166 164 (9,023) (19.26) (146.73) 184 182 145,297 (14.47) 5.71",,2026-04-08T18:42:06.575335
NV,2025-06-01,2025-06-30,monthly,ALL,TOTAL,TOTAL,,combined,basketball,9603948897,826900000,826900000,,,8777048897,55815750,,0.08609999999669928,30,False,False,NV_2025_06_gri.pdf,,,,4,,https://www.gaming.nv.gov/siteassets/content/about/gaming-revenue/2025jun-gri.pdf,https://www.gaming.nv.gov/about-us/gaming-revenue-information-gri/,NV/screenshots/NV_2025_06_NV_2025_06_gri_p1.png,"Sports - Basketball 179 179 8,269 (4.29) 8.61 179 177 41,662 5.26 7.79 184 182 142,553 2.35 5.83",,2026-04-08T18:42:06.575335
NV,2025-06-01,2025-06-30,monthly,ALL,TOTAL,TOTAL,,combined,baseball,26874846626,2190300000,2190300000,,,24684546626,147845250,,0.08149999999929301,30,False,False,NV_2025_06_gri.pdf,,,,4,,https://www.gaming.nv.gov/siteassets/content/about/gaming-revenue/2025jun-gri.pdf,https://www.gaming.nv.gov/about-us/gaming-revenue-information-gri/,NV/screenshots/NV_2025_06_NV_2025_06_gri_p1.png,"Sports - Baseball 178 178 21,903 103.12 8.15 179 177 55,499 72.32 7.70 184 182 94,282 8.91 6.37",,2026-04-08T18:42:06.575335
NV,2025-06-01,2025-06-30,monthly,ALL,TOTAL,TOTAL,,combined,parlay,3627968,2200000,2200000,,,1427968,148500,,0.6064000564503326,30,False,False,NV_2025_06_gri.pdf,,,,4,,https://www.gaming.nv.gov/siteassets/content/about/gaming-revenue/2025jun-gri.pdf,https://www.gaming.nv.gov/about-us/gaming-revenue-information-gri/,NV/screenshots/NV_2025_06_NV_2025_06_gri_p1.png,"Sports Parlay Cards 19 19 22 (241.33) 60.64 21 21 (211) 218.48 (158.67) 164 164 2,547 (60.57) 14.36",,2026-04-08T18:42:06.575335
NV,2025-06-01,2025-06-30,monthly,ALL,TOTAL,TOTAL,,combined,hockey,1769953052,37700000,37700000,,,1732253052,2544750,,0.0212999999957061,30,False,False,NV_2025_06_gri.pdf,,,,4,,https://www.gaming.nv.gov/siteassets/content/about/gaming-revenue/2025jun-gri.pdf,https://www.gaming.nv.gov/about-us/gaming-revenue-information-gri/,NV/screenshots/NV_2025_06_NV_2025_06_gri_p1.png,"Sports - Hockey 176 176 377 (90.27) 2.13 178 176 10,648 (17.90) 8.51 181 179 22,745 (25.98) 6.20",,2026-04-08T18:42:06.575335
NV,2025-06-01,2025-06-30,monthly,ALL,TOTAL,TOTAL,,combined,other,11182616330,1273700000,1273700000,,,9908916330,85974750,,0.11390000000116252,30,False,False,NV_2025_06_gri.pdf,,,,4,,https://www.gaming.nv.gov/siteassets/content/about/gaming-revenue/2025jun-gri.pdf,https://www.gaming.nv.gov/about-us/gaming-revenue-information-gri/,NV/screenshots/NV_2025_06_NV_2025_06_gri_p1.png,"Other 182 12,737 48.76 11.39 182 32,771 41.93 10.77 180 103,146 29.28 8.99",,2026-04-08T18:42:06.575335
NV,2025-07-01,2025-07-31,monthly,ALL,TOTAL,TOTAL,,online,,31680250784,3031800000,3031800000,,,28648450784,204646500,,0.09569999999909092,31,False,False,NV_2025_07_gri.pdf,,,,4,,https://www.gaming.nv.gov/siteassets/content/about/gaming-revenue/2025jul-gri.pdf,https://www.gaming.nv.gov/about-us/gaming-revenue-information-gri/,NV/screenshots/NV_2025_07_NV_2025_07_gri_p1.png,"*** Sports - Mobile 54 30,318 58.90 9.57 58 91,592 55.66 8.33 73 328,618 13.65 5.87",,2026-04-08T18:42:14.205469
NV,2025-07-01,2025-07-31,monthly,ALL,TOTAL,TOTAL,,combined,,41934589800,3782500000,3782500000,,,38152089800,255318750,,0.09020000000095386,31,False,False,NV_2025_07_gri.pdf,,,,4,,https://www.gaming.nv.gov/siteassets/content/about/gaming-revenue/2025jul-gri.pdf,https://www.gaming.nv.gov/about-us/gaming-revenue-information-gri/,NV/screenshots/NV_2025_07_NV_2025_07_gri_p1.png,"Sports Pool (2) 182 181 37,825 46.68 9.02 183 181 126,599 38.20 8.48 184 180 522,608 1.83 6.49",,2026-04-08T18:42:14.205469
NV,2025-07-01,2025-07-31,monthly,ALL,TOTAL,TOTAL,,combined,football,294771242,-90200000,-90200000,,,384971242,,,-0.305999999823592,31,False,False,NV_2025_07_gri.pdf,,,,4,,https://www.gaming.nv.gov/siteassets/content/about/gaming-revenue/2025jul-gri.pdf,https://www.gaming.nv.gov/about-us/gaming-revenue-information-gri/,NV/screenshots/NV_2025_07_NV_2025_07_gri_p1.png,"(2) Sports - Football 173 173 (902) 44.02 (30.60) 176 174 (4,803) (21.38) (70.04) 182 180 145,022 (14.71) 5.69",,2026-04-08T18:42:14.205469
NV,2025-07-01,2025-07-31,monthly,ALL,TOTAL,TOTAL,,combined,basketball,4400000000,70400000,70400000,,,4329600000,4752000,,0.016,31,False,False,NV_2025_07_gri.pdf,,,,4,,https://www.gaming.nv.gov/siteassets/content/about/gaming-revenue/2025jul-gri.pdf,https://www.gaming.nv.gov/about-us/gaming-revenue-information-gri/,NV/screenshots/NV_2025_07_NV_2025_07_gri_p1.png,"Sports - Basketball 179 179 704 (603.23) 1.60 180 178 21,467 (16.37) 6.43 182 180 143,397 1.54 5.84",,2026-04-08T18:42:14.205469
NV,2025-07-01,2025-07-31,monthly,ALL,TOTAL,TOTAL,,combined,baseball,26523502304,2877800000,2877800000,,,23645702304,194251500,,0.10850000000060324,31,False,False,NV_2025_07_gri.pdf,,,,4,,https://www.gaming.nv.gov/siteassets/content/about/gaming-revenue/2025jul-gri.pdf,https://www.gaming.nv.gov/about-us/gaming-revenue-information-gri/,NV/screenshots/NV_2025_07_NV_2025_07_gri_p1.png,"Sports - Baseball 179 179 28,778 50.38 10.85 179 177 72,089 75.50 9.34 182 180 103,923 21.23 6.79",,2026-04-08T18:42:14.205469
NV,2025-07-01,2025-07-31,monthly,ALL,TOTAL,TOTAL,,combined,parlay,2934899,2200000,2200000,,,734899,148500,,0.749599901052813,31,False,False,NV_2025_07_gri.pdf,,,,4,,https://www.gaming.nv.gov/siteassets/content/about/gaming-revenue/2025jul-gri.pdf,https://www.gaming.nv.gov/about-us/gaming-revenue-information-gri/,NV/screenshots/NV_2025_07_NV_2025_07_gri_p1.png,"Sports Parlay Cards 21 21 22 132.64 74.96 22 22 (37) 72.41 (33.09) 164 164 2,560 (60.48) 14.42",,2026-04-08T18:42:14.205469
NV,2025-07-01,2025-07-31,monthly,ALL,TOTAL,TOTAL,,combined,hockey,974171,-92400000,-92400000,,,93374171,,,-94.84987748557491,31,False,False,NV_2025_07_gri.pdf,,,,4,,https://www.gaming.nv.gov/siteassets/content/about/gaming-revenue/2025jul-gri.pdf,https://www.gaming.nv.gov/about-us/gaming-revenue-information-gri/,NV/screenshots/NV_2025_07_NV_2025_07_gri_p1.png,"Sports - Hockey 19 19 (924) (20.91) (9,484.99) 178 176 4,369 (28.27) 6.69 181 179 22,989 (24.01) 6.27",,2026-04-08T18:42:14.205469
NV,2025-07-01,2025-07-31,monthly,ALL,TOTAL,TOTAL,,combined,other,10713833157,1014600000,1014600000,,,9699233157,68485500,,0.09470000000299612,31,False,False,NV_2025_07_gri.pdf,,,,4,,https://www.gaming.nv.gov/siteassets/content/about/gaming-revenue/2025jul-gri.pdf,https://www.gaming.nv.gov/about-us/gaming-revenue-information-gri/,NV/screenshots/NV_2025_07_NV_2025_07_gri_p1.png,"Other 181 10,146 18.33 9.47 181 33,513 34.60 10.66 180 104,718 31.68 9.26",,2026-04-08T18:42:14.205469
NV,2025-08-01,2025-08-31,monthly,ALL,TOTAL,TOTAL,,online,,33694954128,2938200000,2938200000,,,30756754128,198328500,,0.08720000000113963,31,False,False,NV_2025_08_gri.pdf,,,,4,,https://www.gaming.nv.gov/contentassets/a7958398526e4e309d248ea35a2a20dd/august-2025-monthly-revenue-report.pdf,https://www.gaming.nv.gov/about-us/gaming-revenue-information-gri/,NV/screenshots/NV_2025_08_NV_2025_08_gri_p1.png,"*** Sports - Mobile 56 29,382 98.03 8.72 59 89,566 76.81 8.83 76 343,163 17.98 6.10",,2026-04-08T18:42:15.113117
NV,2025-08-01,2025-08-31,monthly,ALL,TOTAL,TOTAL,,combined,,45504329004,4204600000,4204600000,,,41299729004,283810500,,0.09240000000066807,31,False,False,NV_2025_08_gri.pdf,,,,4,,https://www.gaming.nv.gov/contentassets/a7958398526e4e309d248ea35a2a20dd/august-2025-monthly-revenue-report.pdf,https://www.gaming.nv.gov/about-us/gaming-revenue-information-gri/,NV/screenshots/NV_2025_08_NV_2025_08_gri_p1.png,"Sports Pool (2) 183 181 42,046 68.07 9.24 185 181 121,929 51.29 8.89 186 181 539,637 3.73 6.71",,2026-04-08T18:42:15.113117
NV,2025-08-01,2025-08-31,monthly,ALL,TOTAL,TOTAL,,combined,football,10102548167,1625500000,1625500000,,,8477048167,109721250,,0.16089999999304136,31,False,False,NV_2025_08_gri.pdf,,,,4,,https://www.gaming.nv.gov/contentassets/a7958398526e4e309d248ea35a2a20dd/august-2025-monthly-revenue-report.pdf,https://www.gaming.nv.gov/about-us/gaming-revenue-information-gri/,NV/screenshots/NV_2025_08_NV_2025_08_gri_p1.png,"(2) Sports - Football 180 180 16,255 85.87 16.09 182 182 14,105 132.59 13.28 185 183 152,531 (12.20) 5.95",,2026-04-08T18:42:15.113117
NV,2025-08-01,2025-08-31,monthly,ALL,TOTAL,TOTAL,,combined,basketball,3439716312,48500000,48500000,,,3391216312,3273750,,0.014100000000232578,31,False,False,NV_2025_08_gri.pdf,,,,4,,https://www.gaming.nv.gov/contentassets/a7958398526e4e309d248ea35a2a20dd/august-2025-monthly-revenue-report.pdf,https://www.gaming.nv.gov/about-us/gaming-revenue-information-gri/,NV/screenshots/NV_2025_08_NV_2025_08_gri_p1.png,"Sports - Basketball 179 179 485 (176.99) 1.41 183 183 9,458 20.18 5.42 185 183 144,511 2.28 5.86",,2026-04-08T18:42:15.113117
NV,2025-08-01,2025-08-31,monthly,ALL,TOTAL,TOTAL,,combined,baseball,21321379310,1545800000,1545800000,,,19775579310,104341500,,0.07250000000117253,31,False,False,NV_2025_08_gri.pdf,,,,4,,https://www.gaming.nv.gov/contentassets/a7958398526e4e309d248ea35a2a20dd/august-2025-monthly-revenue-report.pdf,https://www.gaming.nv.gov/about-us/gaming-revenue-information-gri/,NV/screenshots/NV_2025_08_NV_2025_08_gri_p1.png,"Sports - Baseball 180 180 15,458 58.57 7.25 182 182 66,139 66.73 8.85 185 183 109,632 27.66 7.27",,2026-04-08T18:42:15.113117
NV,2025-08-01,2025-08-31,monthly,ALL,TOTAL,TOTAL,,combined,parlay,42105263,20800000,20800000,,,21305263,1404000,,0.4940000018525,31,False,False,NV_2025_08_gri.pdf,,,,4,,https://www.gaming.nv.gov/contentassets/a7958398526e4e309d248ea35a2a20dd/august-2025-monthly-revenue-report.pdf,https://www.gaming.nv.gov/about-us/gaming-revenue-information-gri/,NV/screenshots/NV_2025_08_NV_2025_08_gri_p1.png,"Sports Parlay Cards 115 115 208 148.32 49.40 117 117 251 223.27 51.77 168 168 2,684 (59.21) 14.89",,2026-04-08T18:42:15.113117
NV,2025-08-01,2025-08-31,monthly,ALL,TOTAL,TOTAL,,combined,hockey,3233461,-26300000,-26300000,,,29533461,,,-8.133699463206762,31,False,False,NV_2025_08_gri.pdf,,,,4,,https://www.gaming.nv.gov/contentassets/a7958398526e4e309d248ea35a2a20dd/august-2025-monthly-revenue-report.pdf,https://www.gaming.nv.gov/about-us/gaming-revenue-information-gri/,NV/screenshots/NV_2025_08_NV_2025_08_gri_p1.png,"Sports - Hockey 37 37 (263) (52.87) (813.37) 176 176 (810) (137.75) (4.56) 181 179 23,284 (22.81) 6.35",,2026-04-08T18:42:15.113117
NV,2025-08-01,2025-08-31,monthly,ALL,TOTAL,TOTAL,,combined,other,10591443850,990300000,990300000,,,9601143850,66845250,,0.09350000000236039,31,False,False,NV_2025_08_gri.pdf,,,,4,,https://www.gaming.nv.gov/contentassets/a7958398526e4e309d248ea35a2a20dd/august-2025-monthly-revenue-report.pdf,https://www.gaming.nv.gov/about-us/gaming-revenue-information-gri/,NV/screenshots/NV_2025_08_NV_2025_08_gri_p1.png,"Other 181 9,903 29.83 9.35 181 32,787 32.39 10.09 181 106,993 29.56 9.51",,2026-04-08T18:42:15.113117
NV,2025-09-01,2025-09-30,monthly,ALL,TOTAL,TOTAL,,online,,53177814029,3259800000,3259800000,,,49918014029,220036500,,0.061300000000419345,30,False,False,NV_2025_09_gri.pdf,,,,4,,https://www.gaming.nv.gov/contentassets/a7958398526e4e309d248ea35a2a20dd/september-2025-monthly-revenue-report.pdf,https://www.gaming.nv.gov/about-us/gaming-revenue-information-gri/,NV/screenshots/NV_2025_09_NV_2025_09_gri_p1.png,"*** Sports - Mobile 65 32,598 (9.39) 6.13 66 92,299 32.06 7.78 80 339,786 14.07 5.99",,2026-04-08T18:42:16.353328
NV,2025-09-01,2025-09-30,monthly,ALL,TOTAL,TOTAL,,combined,,79161807580,5430500000,5430500000,,,73731307580,366558750,,0.06860000000015158,30,False,False,NV_2025_09_gri.pdf,,,,4,,https://www.gaming.nv.gov/contentassets/a7958398526e4e309d248ea35a2a20dd/september-2025-monthly-revenue-report.pdf,https://www.gaming.nv.gov/about-us/gaming-revenue-information-gri/,NV/screenshots/NV_2025_09_NV_2025_09_gri_p1.png,"Sports Pool (2) 182 181 54,305 (32.84) 6.86 185 181 134,163 1.90 8.06 186 181 513,085 (4.77) 6.35",,2026-04-08T18:42:16.353328
NV,2025-09-01,2025-09-30,monthly,ALL,TOTAL,TOTAL,,combined,football,49031343284,3285100000,3285100000,,,45746243284,221744250,,0.06699999999942893,30,False,False,NV_2025_09_gri.pdf,,,,4,,https://www.gaming.nv.gov/contentassets/a7958398526e4e309d248ea35a2a20dd/september-2025-monthly-revenue-report.pdf,https://www.gaming.nv.gov/about-us/gaming-revenue-information-gri/,NV/screenshots/NV_2025_09_NV_2025_09_gri_p1.png,"(2) Sports - Football 180 180 32,851 (41.12) 6.70 181 181 48,204 (24.57) 8.11 185 183 129,593 (32.54) 5.05",,2026-04-08T18:42:16.353328
NV,2025-09-01,2025-09-30,monthly,ALL,TOTAL,TOTAL,,combined,basketball,2714285714,203300000,203300000,,,2510985714,13722750,,0.07490000000788422,30,False,False,NV_2025_09_gri.pdf,,,,4,,https://www.gaming.nv.gov/contentassets/a7958398526e4e309d248ea35a2a20dd/september-2025-monthly-revenue-report.pdf,https://www.gaming.nv.gov/about-us/gaming-revenue-information-gri/,NV/screenshots/NV_2025_09_NV_2025_09_gri_p1.png,"Sports - Basketball 179 179 2,033 (313.25) 7.49 182 182 3,222 (287.00) 3.05 185 183 147,498 4.92 5.97",,2026-04-08T18:42:16.353328
NV,2025-09-01,2025-09-30,monthly,ALL,TOTAL,TOTAL,,combined,baseball,14226153846,924700000,924700000,,,13301453846,62417250,,0.06500000000070293,30,False,False,NV_2025_09_gri.pdf,,,,4,,https://www.gaming.nv.gov/contentassets/a7958398526e4e309d248ea35a2a20dd/september-2025-monthly-revenue-report.pdf,https://www.gaming.nv.gov/about-us/gaming-revenue-information-gri/,NV/screenshots/NV_2025_09_NV_2025_09_gri_p1.png,"Sports - Baseball 180 180 9,247 (30.94) 6.50 182 182 53,483 26.51 8.62 185 183 105,490 26.89 7.07",,2026-04-08T18:42:16.353328
NV,2025-09-01,2025-09-30,monthly,ALL,TOTAL,TOTAL,,combined,parlay,434328895,120700000,120700000,,,313628895,8147250,,0.277900000183041,30,False,False,NV_2025_09_gri.pdf,,,,4,,https://www.gaming.nv.gov/contentassets/a7958398526e4e309d248ea35a2a20dd/september-2025-monthly-revenue-report.pdf,https://www.gaming.nv.gov/about-us/gaming-revenue-information-gri/,NV/screenshots/NV_2025_09_NV_2025_09_gri_p1.png,"Sports Parlay Cards 153 153 1,207 (48.71) 27.79 156 156 1,437 (41.28) 29.97 168 168 1,538 (77.19) 8.31",,2026-04-08T18:42:16.353328
NV,2025-09-01,2025-09-30,monthly,ALL,TOTAL,TOTAL,,combined,hockey,167938931,-2200000,-2200000,,,170138931,,,-0.013100000023222728,30,False,False,NV_2025_09_gri.pdf,,,,4,,https://www.gaming.nv.gov/contentassets/a7958398526e4e309d248ea35a2a20dd/september-2025-monthly-revenue-report.pdf,https://www.gaming.nv.gov/about-us/gaming-revenue-information-gri/,NV/screenshots/NV_2025_09_NV_2025_09_gri_p1.png,"Sports - Hockey 157 157 (22) (86.82) (1.31) 158 158 (1,210) (36.17) (69.70) 184 182 23,430 (23.02) 6.38",,2026-04-08T18:42:16.353328
NV,2025-09-01,2025-09-30,monthly,ALL,TOTAL,TOTAL,,combined,other,12554469274,898900000,898900000,,,11655569274,60675750,,0.07159999999853439,30,False,False,NV_2025_09_gri.pdf,,,,4,,https://www.gaming.nv.gov/contentassets/a7958398526e4e309d248ea35a2a20dd/september-2025-monthly-revenue-report.pdf,https://www.gaming.nv.gov/about-us/gaming-revenue-information-gri/,NV/screenshots/NV_2025_09_NV_2025_09_gri_p1.png,"Other 181 8,989 (13.94) 7.16 181 29,026 8.92 8.57 181 105,537 23.00 9.11",,2026-04-08T18:42:16.353328
NV,2025-10-01,2025-10-31,monthly,ALL,TOTAL,TOTAL,,online,,55621761658,4294000000,4294000000,,,51327761658,289845000,,0.07720000000004315,31,False,False,NV_2025_10_gri.pdf,,,,4,,https://www.gaming.nv.gov/siteassets/content/about/gaming-revenue/2025oct-gri.pdf,https://www.gaming.nv.gov/about-us/gaming-revenue-information-gri/,NV/screenshots/NV_2025_10_NV_2025_10_gri_p1.png,"*** Sports - Mobile 97 42,940 128.50 7.72 99 104,922 50.74 7.36 103 363,935 29.24 6.37",,2026-04-08T18:42:17.317779
NV,2025-10-01,2025-10-31,monthly,ALL,TOTAL,TOTAL,,combined,,79815612382,5930300000,5930300000,,,73885312382,400295250,,0.074300000000218,31,False,False,NV_2025_10_gri.pdf,,,,4,,https://www.gaming.nv.gov/siteassets/content/about/gaming-revenue/2025oct-gri.pdf,https://www.gaming.nv.gov/about-us/gaming-revenue-information-gri/,NV/screenshots/NV_2025_10_NV_2025_10_gri_p1.png,"Sports Pool (2) 183 181 59,303 104.99 7.43 183 181 155,642 15.46 7.61 186 181 543,460 8.78 6.73",,2026-04-08T18:42:17.317779
NV,2025-10-01,2025-10-31,monthly,ALL,TOTAL,TOTAL,,combined,football,48308931186,3299500000,3299500000,,,45009431186,222716250,,0.06829999999992134,31,False,False,NV_2025_10_gri.pdf,,,,4,,https://www.gaming.nv.gov/siteassets/content/about/gaming-revenue/2025oct-gri.pdf,https://www.gaming.nv.gov/about-us/gaming-revenue-information-gri/,NV/screenshots/NV_2025_10_NV_2025_10_gri_p1.png,"(2) Sports - Football 181 181 32,995 241.47 6.83 181 181 82,100 10.65 7.64 186 184 152,924 (1.56) 5.96",,2026-04-08T18:42:17.317779
NV,2025-10-01,2025-10-31,monthly,ALL,TOTAL,TOTAL,,combined,basketball,8024721879,649200000,649200000,,,7375521879,43821000,,0.08089999999861677,31,False,False,NV_2025_10_gri.pdf,,,,4,,https://www.gaming.nv.gov/siteassets/content/about/gaming-revenue/2025oct-gri.pdf,https://www.gaming.nv.gov/about-us/gaming-revenue-information-gri/,NV/screenshots/NV_2025_10_NV_2025_10_gri_p1.png,"Sports - Basketball 181 181 6,492 (9.60) 8.09 181 181 9,009 60.95 6.35 186 184 146,809 1.55 5.93",,2026-04-08T18:42:17.317779
NV,2025-10-01,2025-10-31,monthly,ALL,TOTAL,TOTAL,,combined,baseball,9817869416,571400000,571400000,,,9246469416,38569500,,0.05819999999885922,31,False,False,NV_2025_10_gri.pdf,,,,4,,https://www.gaming.nv.gov/siteassets/content/about/gaming-revenue/2025oct-gri.pdf,https://www.gaming.nv.gov/about-us/gaming-revenue-information-gri/,NV/screenshots/NV_2025_10_NV_2025_10_gri_p1.png,"Sports - Baseball 181 181 5,714 31.16 5.82 181 181 30,420 10.64 6.71 185 183 106,848 36.99 7.20",,2026-04-08T18:42:17.317779
NV,2025-10-01,2025-10-31,monthly,ALL,TOTAL,TOTAL,,combined,parlay,439198463,160000000,160000000,,,279198463,10800000,,0.3642999998385696,31,False,False,NV_2025_10_gri.pdf,,,,4,,https://www.gaming.nv.gov/siteassets/content/about/gaming-revenue/2025oct-gri.pdf,https://www.gaming.nv.gov/about-us/gaming-revenue-information-gri/,NV/screenshots/NV_2025_10_NV_2025_10_gri_p1.png,"Sports Parlay Cards 156 156 1,600 (600.51) 36.43 158 158 3,015 42.41 32.93 168 168 3,458 11.09 18.36",,2026-04-08T18:42:17.317779
NV,2025-10-01,2025-10-31,monthly,ALL,TOTAL,TOTAL,,combined,hockey,3314960630,421000000,421000000,,,2893960630,28417500,,0.12699999999698336,31,False,False,NV_2025_10_gri.pdf,,,,4,,https://www.gaming.nv.gov/siteassets/content/about/gaming-revenue/2025oct-gri.pdf,https://www.gaming.nv.gov/about-us/gaming-revenue-information-gri/,NV/screenshots/NV_2025_10_NV_2025_10_gri_p1.png,"Sports - Hockey 180 180 4,210 73.33 12.70 180 180 3,925 130.51 11.25 185 183 25,211 (17.68) 6.96",,2026-04-08T18:42:17.317779
NV,2025-10-01,2025-10-31,monthly,ALL,TOTAL,TOTAL,,combined,other,9918660287,829200000,829200000,,,9089460287,55971000,,0.08360000000068557,31,False,False,NV_2025_10_gri.pdf,,,,4,,https://www.gaming.nv.gov/siteassets/content/about/gaming-revenue/2025oct-gri.pdf,https://www.gaming.nv.gov/about-us/gaming-revenue-information-gri/,NV/screenshots/NV_2025_10_NV_2025_10_gri_p1.png,"Other 181 8,292 47.54 8.36 181 27,173 14.68 8.22 181 108,210 23.03 9.26",,2026-04-08T18:42:17.317779
NV,2025-11-01,2025-11-30,monthly,ALL,TOTAL,TOTAL,,online,,65510460251,4697100000,4697100000,,,60813360251,317054250,,0.07170000000005038,30,False,False,NV_2025_11_gri.pdf,,,,4,,https://www.gaming.nv.gov/siteassets/content/about/gaming-revenue/november-2025-monthly-revenue-report.pdf,https://www.gaming.nv.gov/about-us/gaming-revenue-information-gri/,NV/screenshots/NV_2025_11_NV_2025_11_gri_p1.png,"*** Sports - Mobile 76 46,971 16.05 7.17 100 122,510 28.63 7.03 104 370,432 23.13 6.41",,2026-04-08T18:42:18.281537
NV,2025-11-01,2025-11-30,monthly,ALL,TOTAL,TOTAL,,combined,,90850374065,7286200000,7286200000,,,83564174065,491818500,,0.08019999999985691,30,False,False,NV_2025_11_gri.pdf,,,,4,,https://www.gaming.nv.gov/siteassets/content/about/gaming-revenue/november-2025-monthly-revenue-report.pdf,https://www.gaming.nv.gov/about-us/gaming-revenue-information-gri/,NV/screenshots/NV_2025_11_NV_2025_11_gri_p1.png,"Sports Pool (2) 183 182 72,862 7.90 8.02 184 181 186,471 5.16 7.47 187 181 548,793 4.30 6.74",,2026-04-08T18:42:18.281537
NV,2025-11-01,2025-11-30,monthly,ALL,TOTAL,TOTAL,,combined,football,52556039173,4829900000,4829900000,,,47726139173,326018250,,0.09190000000002474,30,False,False,NV_2025_11_gri.pdf,,,,4,,https://www.gaming.nv.gov/siteassets/content/about/gaming-revenue/november-2025-monthly-revenue-report.pdf,https://www.gaming.nv.gov/about-us/gaming-revenue-information-gri/,NV/screenshots/NV_2025_11_NV_2025_11_gri_p1.png,"(2) Sports - Football 182 181 48,299 18.74 9.19 182 181 114,144 7.55 7.62 187 184 160,547 (9.88) 6.14",,2026-04-08T18:42:18.281537
NV,2025-11-01,2025-11-30,monthly,ALL,TOTAL,TOTAL,,combined,basketball,23786392405,1503300000,1503300000,,,22283092405,101472750,,0.06320000000016816,30,False,False,NV_2025_11_gri.pdf,,,,4,,https://www.gaming.nv.gov/siteassets/content/about/gaming-revenue/november-2025-monthly-revenue-report.pdf,https://www.gaming.nv.gov/about-us/gaming-revenue-information-gri/,NV/screenshots/NV_2025_11_NV_2025_11_gri_p1.png,"Sports - Basketball 182 181 15,033 (14.23) 6.32 182 181 23,557 (0.83) 6.83 187 184 144,315 (3.96) 5.82",,2026-04-08T18:42:18.281537
NV,2025-11-01,2025-11-30,monthly,ALL,TOTAL,TOTAL,,combined,baseball,1536585366,-478800000,-478800000,,,2015385366,,,-0.3115999999703238,30,False,False,NV_2025_11_gri.pdf,,,,4,,https://www.gaming.nv.gov/siteassets/content/about/gaming-revenue/november-2025-monthly-revenue-report.pdf,https://www.gaming.nv.gov/about-us/gaming-revenue-information-gri/,NV/screenshots/NV_2025_11_NV_2025_11_gri_p1.png,"Sports - Baseball 180 179 (4,788) (7.00) (31.16) 182 181 10,173 (19.24) 3.98 185 182 107,208 48.46 7.15",,2026-04-08T18:42:18.281537
NV,2025-11-01,2025-11-30,monthly,ALL,TOTAL,TOTAL,,combined,parlay,458573327,207000000,207000000,,,251573327,13972500,,0.451400000419126,30,False,False,NV_2025_11_gri.pdf,,,,4,,https://www.gaming.nv.gov/siteassets/content/about/gaming-revenue/november-2025-monthly-revenue-report.pdf,https://www.gaming.nv.gov/about-us/gaming-revenue-information-gri/,NV/screenshots/NV_2025_11_NV_2025_11_gri_p1.png,"Sports Parlay Cards 159 158 2,070 18.57 45.14 161 160 4,877 29.06 36.61 169 168 3,782 (23.32) 19.94",,2026-04-08T18:42:18.281537
NV,2025-11-01,2025-11-30,monthly,ALL,TOTAL,TOTAL,,combined,hockey,4050079491,509500000,509500000,,,3540579491,34391250,,0.12580000000795047,30,False,False,NV_2025_11_gri.pdf,,,,4,,https://www.gaming.nv.gov/siteassets/content/about/gaming-revenue/november-2025-monthly-revenue-report.pdf,https://www.gaming.nv.gov/about-us/gaming-revenue-information-gri/,NV/screenshots/NV_2025_11_NV_2025_11_gri_p1.png,"Sports - Hockey 179 178 5,095 67.72 12.58 181 180 9,283 75.18 12.32 186 183 27,268 (7.19) 7.50",,2026-04-08T18:42:18.281537
NV,2025-11-01,2025-11-30,monthly,ALL,TOTAL,TOTAL,,combined,other,8456264775,715400000,715400000,,,7740864775,48289500,,0.08460000000413895,30,False,False,NV_2025_11_gri.pdf,,,,4,,https://www.gaming.nv.gov/siteassets/content/about/gaming-revenue/november-2025-monthly-revenue-report.pdf,https://www.gaming.nv.gov/about-us/gaming-revenue-information-gri/,NV/screenshots/NV_2025_11_NV_2025_11_gri_p1.png,"Other 182 7,154 (26.18) 8.46 181 24,436 (5.13) 7.90 181 105,672 15.86 9.00",,2026-04-08T18:42:18.281537
NV,2025-12-01,2025-12-31,monthly,ALL,TOTAL,TOTAL,,online,,54104193139,4258000000,4258000000,,,49846193139,287415000,,0.07869999999927363,31,False,False,NV_2025_12_gri.pdf,,,,4,,https://www.gaming.nv.gov/siteassets/content/about/gaming-revenue/december-2025-monthly-revenue-report.pdf,https://www.gaming.nv.gov/about-us/gaming-revenue-information-gri/,NV/screenshots/NV_2025_12_NV_2025_12_gri_p1.png,"*** Sports - Mobile 72 42,580 239.76 7.87 100 132,491 84.53 7.56 104 400,480 40.10 6.97",,2026-04-08T18:42:19.311929
NV,2025-12-01,2025-12-31,monthly,ALL,TOTAL,TOTAL,,combined,,74667403315,6757400000,6757400000,,,67910003315,456124500,,0.09049999999989955,31,False,False,NV_2025_12_gri.pdf,,,,4,,https://www.gaming.nv.gov/siteassets/content/about/gaming-revenue/december-2025-monthly-revenue-report.pdf,https://www.gaming.nv.gov/about-us/gaming-revenue-information-gri/,NV/screenshots/NV_2025_12_NV_2025_12_gri_p1.png,"Sports Pool (2) 183 182 67,574 351.87 9.05 184 181 199,739 79.28 8.14 187 181 601,413 24.75 7.45",,2026-04-08T18:42:19.311929
NV,2025-12-01,2025-12-31,monthly,ALL,TOTAL,TOTAL,,combined,football,42324352332,4084300000,4084300000,,,38240052332,275690250,,0.09649999999910217,31,False,False,NV_2025_12_gri.pdf,,,,4,,https://www.gaming.nv.gov/siteassets/content/about/gaming-revenue/december-2025-monthly-revenue-report.pdf,https://www.gaming.nv.gov/about-us/gaming-revenue-information-gri/,NV/screenshots/NV_2025_12_NV_2025_12_gri_p1.png,"(2) Sports - Football 180 180 40,843 9.65 182 181 122,137 153.44 8.53 187 184 203,537 46.69 7.98",,2026-04-08T18:42:19.311929
NV,2025-12-01,2025-12-31,monthly,ALL,TOTAL,TOTAL,,combined,basketball,21371900826,1551600000,1551600000,,,19820300826,104733000,,0.07260000000151601,31,False,False,NV_2025_12_gri.pdf,,,,4,,https://www.gaming.nv.gov/siteassets/content/about/gaming-revenue/december-2025-monthly-revenue-report.pdf,https://www.gaming.nv.gov/about-us/gaming-revenue-information-gri/,NV/screenshots/NV_2025_12_NV_2025_12_gri_p1.png,"Sports - Basketball 182 182 15,516 3.60 7.26 182 181 37,041 (6.66) 6.97 187 184 144,854 (5.04) 5.88",,2026-04-08T18:42:19.311929
NV,2025-12-01,2025-12-31,monthly,ALL,TOTAL,TOTAL,,combined,baseball,14212126,-145400000,-145400000,,,159612126,,,-10.23070017814365,31,False,False,NV_2025_12_gri.pdf,,,,4,,https://www.gaming.nv.gov/siteassets/content/about/gaming-revenue/december-2025-monthly-revenue-report.pdf,https://www.gaming.nv.gov/about-us/gaming-revenue-information-gri/,NV/screenshots/NV_2025_12_NV_2025_12_gri_p1.png,"Sports - Baseball 31 31 (1,454) (22.11) (1,023.07) 182 181 (527) (80.16) (0.46) 185 182 107,621 49.71 7.18",,2026-04-08T18:42:19.311929
NV,2025-12-01,2025-12-31,monthly,ALL,TOTAL,TOTAL,,combined,parlay,312564103,121900000,121900000,,,190664103,8228250,,0.3899999994561116,31,False,False,NV_2025_12_gri.pdf,,,,4,,https://www.gaming.nv.gov/siteassets/content/about/gaming-revenue/december-2025-monthly-revenue-report.pdf,https://www.gaming.nv.gov/about-us/gaming-revenue-information-gri/,NV/screenshots/NV_2025_12_NV_2025_12_gri_p1.png,"Sports Parlay Cards 155 155 1,219 (209.77) 39.00 160 159 4,889 40.39 169 168 6,112 126.73 32.59",,2026-04-08T18:42:19.311929
NV,2025-12-01,2025-12-31,monthly,ALL,TOTAL,TOTAL,,combined,hockey,4070680628,466500000,466500000,,,3604180628,31488750,,0.11460000000766457,31,False,False,NV_2025_12_gri.pdf,,,,4,,https://www.gaming.nv.gov/siteassets/content/about/gaming-revenue/december-2025-monthly-revenue-report.pdf,https://www.gaming.nv.gov/about-us/gaming-revenue-information-gri/,NV/screenshots/NV_2025_12_NV_2025_12_gri_p1.png,"Sports - Hockey 178 178 4,665 360.28 11.46 181 180 13,970 115.58 12.22 186 183 30,920 19.97 8.50",,2026-04-08T18:42:19.311929
NV,2025-12-01,2025-12-31,monthly,ALL,TOTAL,TOTAL,,combined,other,6573643411,678400000,678400000,,,5895243411,45792000,,0.10319999999768774,31,False,False,NV_2025_12_gri.pdf,,,,4,,https://www.gaming.nv.gov/siteassets/content/about/gaming-revenue/december-2025-monthly-revenue-report.pdf,https://www.gaming.nv.gov/about-us/gaming-revenue-information-gri/,NV/screenshots/NV_2025_12_NV_2025_12_gri_p1.png,"Other 182 6,784 65.95 10.32 181 22,230 14.59 8.91 181 108,368 19.82 9.21",,2026-04-08T18:42:19.311929
NV,2026-01-01,2026-01-31,monthly,ALL,TOTAL,TOTAL,,online,,56234957020,3925200000,3925200000,,,52309757020,264951000,,0.06980000000007112,31,False,False,NV_2026_01_gri.pdf,,,,4,,https://www.gaming.nv.gov/siteassets/content/about/gaming-revenue/monthly-revenue-report---january-2026.pdf,https://www.gaming.nv.gov/about-us/gaming-revenue-information-gri/,NV/screenshots/NV_2026_01_NV_2026_01_gri_p1.png,"*** Sports - Mobile 68 39,252 (8.14) 6.98 77 128,803 34.54 7.33 103 397,002 33.01 6.87",,2026-04-08T18:42:20.330490
NV,2026-01-01,2026-01-31,monthly,ALL,TOTAL,TOTAL,,combined,,79537607891,6450500000,6450500000,,,73087107891,435408750,,0.08110000000050165,31,False,False,NV_2026_01_gri.pdf,,,,4,,https://www.gaming.nv.gov/siteassets/content/about/gaming-revenue/monthly-revenue-report---january-2026.pdf,https://www.gaming.nv.gov/about-us/gaming-revenue-information-gri/,NV/screenshots/NV_2026_01_NV_2026_01_gri_p1.png,"Sports Pool (2) 182 180 64,505 (11.14) 8.11 185 181 204,942 32.15 8.36 188 181 593,324 21.10 7.35",,2026-04-08T18:42:20.330490
NV,2026-01-01,2026-01-31,monthly,ALL,TOTAL,TOTAL,,combined,football,36455252918,2810700000,2810700000,,,33644552918,189722250,,0.07710000000060896,31,False,False,NV_2026_01_gri.pdf,,,,4,,https://www.gaming.nv.gov/siteassets/content/about/gaming-revenue/monthly-revenue-report---january-2026.pdf,https://www.gaming.nv.gov/about-us/gaming-revenue-information-gri/,NV/screenshots/NV_2026_01_NV_2026_01_gri_p1.png,"(2) Sports - Football 180 180 28,107 (27.34) 7.71 184 183 117,249 51.85 8.93 188 185 192,960 39.08 7.59",,2026-04-08T18:42:20.330490
NV,2026-01-01,2026-01-31,monthly,ALL,TOTAL,TOTAL,,combined,basketball,28363994744,2158500000,2158500000,,,26205494744,145698750,,0.07609999999935128,31,False,False,NV_2026_01_gri.pdf,,,,4,,https://www.gaming.nv.gov/siteassets/content/about/gaming-revenue/monthly-revenue-report---january-2026.pdf,https://www.gaming.nv.gov/about-us/gaming-revenue-information-gri/,NV/screenshots/NV_2026_01_NV_2026_01_gri_p1.png,"Sports - Basketball 179 179 21,585 (0.51) 7.61 184 183 52,134 (3.81) 7.09 188 185 144,743 (7.27) 5.90",,2026-04-08T18:42:20.330490
NV,2026-01-01,2026-01-31,monthly,ALL,TOTAL,TOTAL,,combined,baseball,6771554,-117500000,-117500000,,,124271554,,,-17.35199926043564,31,False,False,NV_2026_01_gri.pdf,,,,4,,https://www.gaming.nv.gov/siteassets/content/about/gaming-revenue/monthly-revenue-report---january-2026.pdf,https://www.gaming.nv.gov/about-us/gaming-revenue-information-gri/,NV/screenshots/NV_2026_01_NV_2026_01_gri_p1.png,"Sports - Baseball 37 37 (1,175) 11.02 (1,735.20) 180 179 (7,417) (8.13) (47.62) 185 182 107,505 49.61 7.17",,2026-04-08T18:42:20.330490
NV,2026-01-01,2026-01-31,monthly,ALL,TOTAL,TOTAL,,combined,parlay,179790624,39500000,39500000,,,140290624,2666250,,0.21969999948384406,31,False,False,NV_2026_01_gri.pdf,,,,4,,https://www.gaming.nv.gov/siteassets/content/about/gaming-revenue/monthly-revenue-report---january-2026.pdf,https://www.gaming.nv.gov/about-us/gaming-revenue-information-gri/,NV/screenshots/NV_2026_01_NV_2026_01_gri_p1.png,"Sports Parlay Cards 142 142 395 166.64 21.97 161 160 3,684 370.62 38.74 166 165 6,359 131.44 32.91",,2026-04-08T18:42:20.330490
NV,2026-01-01,2026-01-31,monthly,ALL,TOTAL,TOTAL,,combined,hockey,4764705882,275400000,275400000,,,4489305882,18589500,,0.05780000000428148,31,False,False,NV_2026_01_gri.pdf,,,,4,,https://www.gaming.nv.gov/siteassets/content/about/gaming-revenue/monthly-revenue-report---january-2026.pdf,https://www.gaming.nv.gov/about-us/gaming-revenue-information-gri/,NV/screenshots/NV_2026_01_NV_2026_01_gri_p1.png,"Sports - Hockey 178 178 2,754 (35.70) 5.78 182 181 12,514 50.16 9.71 187 184 29,391 9.02 7.98",,2026-04-08T18:42:20.330490
NV,2026-01-01,2026-01-31,monthly,ALL,TOTAL,TOTAL,,combined,other,9778370145,1283900000,1283900000,,,8494470145,86663250,,0.13129999999606273,31,False,False,NV_2026_01_gri.pdf,,,,4,,https://www.gaming.nv.gov/siteassets/content/about/gaming-revenue/monthly-revenue-report---january-2026.pdf,https://www.gaming.nv.gov/about-us/gaming-revenue-information-gri/,NV/screenshots/NV_2026_01_NV_2026_01_gri_p1.png,"Other 180 12,839 45.22 13.13 181 26,777 18.38 10.79 181 112,367 20.11 9.47",,2026-04-08T18:42:20.330490
NV,2026-02-01,2026-02-28,monthly,ALL,TOTAL,TOTAL,,online,,41270949721,2955000000,2955000000,,,38315949721,199462500,,0.07159999999942816,28,False,False,NV_2026_02_gri.pdf,,,,4,,https://www.gaming.nv.gov/siteassets/content/about/gaming-revenue/monthly-revenue-report----february-2026.pdf,https://www.gaming.nv.gov/about-us/gaming-revenue-information-gri/,NV/screenshots/NV_2026_02_NV_2026_02_gri_p1.png,"*** Sports - Mobile 68 29,550 28.87 7.16 75 111,382 42.45 7.35 102 403,621 35.60 6.97",,2026-04-08T18:42:21.334123
NV,2026-02-01,2026-02-28,monthly,ALL,TOTAL,TOTAL,,combined,,57981967213,3536900000,3536900000,,,54445067213,238740750,,0.06100000000012073,28,False,False,NV_2026_02_gri.pdf,,,,4,,https://www.gaming.nv.gov/siteassets/content/about/gaming-revenue/monthly-revenue-report----february-2026.pdf,https://www.gaming.nv.gov/about-us/gaming-revenue-information-gri/,NV/screenshots/NV_2026_02_NV_2026_02_gri_p1.png,"Sports Pool (2) 183 181 35,369 (14.36) 6.10 186 181 167,448 29.96 7.89 189 181 587,301 21.51 7.30",,2026-04-08T18:42:21.334123
NV,2026-02-01,2026-02-28,monthly,ALL,TOTAL,TOTAL,,combined,football,13115501520,431500000,431500000,,,12684001520,29126250,,0.032899999999390035,28,False,False,NV_2026_02_gri.pdf,,,,4,,https://www.gaming.nv.gov/siteassets/content/about/gaming-revenue/monthly-revenue-report----february-2026.pdf,https://www.gaming.nv.gov/about-us/gaming-revenue-information-gri/,NV/screenshots/NV_2026_02_NV_2026_02_gri_p1.png,"(2) Sports - Football 181 178 4,315 (68.85) 3.29 184 181 73,265 45.40 7.97 188 182 183,364 30.43 7.25",,2026-04-08T18:42:21.334123
NV,2026-02-01,2026-02-28,monthly,ALL,TOTAL,TOTAL,,combined,basketball,31650711514,2446600000,2446600000,,,29204111514,165145500,,0.07729999999898264,28,False,False,NV_2026_02_gri.pdf,,,,4,,https://www.gaming.nv.gov/siteassets/content/about/gaming-revenue/monthly-revenue-report----february-2026.pdf,https://www.gaming.nv.gov/about-us/gaming-revenue-information-gri/,NV/screenshots/NV_2026_02_NV_2026_02_gri_p1.png,"Sports - Basketball 180 177 24,466 46.17 7.73 185 182 61,568 15.27 7.57 188 182 152,448 2.82 6.25",,2026-04-08T18:42:21.334123
NV,2026-02-01,2026-02-28,monthly,ALL,TOTAL,TOTAL,,combined,baseball,363437728,-49900000,-49900000,,,413337728,,,-0.13729999985031824,28,False,False,NV_2026_02_gri.pdf,,,,4,,https://www.gaming.nv.gov/siteassets/content/about/gaming-revenue/monthly-revenue-report----february-2026.pdf,https://www.gaming.nv.gov/about-us/gaming-revenue-information-gri/,NV/screenshots/NV_2026_02_NV_2026_02_gri_p1.png,"Sports - Baseball 165 162 (499) 13.28 (13.73) 165 162 (3,128) (7.06) (81.42) 186 180 107,460 48.56 7.17",,2026-04-08T18:42:21.334123
NV,2026-02-01,2026-02-28,monthly,ALL,TOTAL,TOTAL,,combined,parlay,64676617,-1300000,-1300000,,,65976617,,,-0.020099999973715383,28,False,False,NV_2026_02_gri.pdf,,,,4,,https://www.gaming.nv.gov/siteassets/content/about/gaming-revenue/monthly-revenue-report----february-2026.pdf,https://www.gaming.nv.gov/about-us/gaming-revenue-information-gri/,NV/screenshots/NV_2026_02_NV_2026_02_gri_p1.png,"Sports Parlay Cards 34 32 (13) (173.91) (2.01) 159 157 1,602 (269.46) 28.75 164 161 6,328 133.88 32.21",,2026-04-08T18:42:21.334123
NV,2026-02-01,2026-02-28,monthly,ALL,TOTAL,TOTAL,,combined,hockey,2531250000,-16200000,-16200000,,,2547450000,,,-0.0064,28,False,False,NV_2026_02_gri.pdf,,,,4,,https://www.gaming.nv.gov/siteassets/content/about/gaming-revenue/monthly-revenue-report----february-2026.pdf,https://www.gaming.nv.gov/about-us/gaming-revenue-information-gri/,NV/screenshots/NV_2026_02_NV_2026_02_gri_p1.png,"Sports - Hockey 179 176 (162) (107.33) (0.64) 181 178 7,257 (3.32) 6.38 187 181 27,012 8.88 7.40",,2026-04-08T18:42:21.334123
NV,2026-02-01,2026-02-28,monthly,ALL,TOTAL,TOTAL,,combined,other,10242595205,726200000,726200000,,,9516395205,49018500,,0.07089999999663171,28,False,False,NV_2026_02_gri.pdf,,,,4,,https://www.gaming.nv.gov/siteassets/content/about/gaming-revenue/monthly-revenue-report----february-2026.pdf,https://www.gaming.nv.gov/about-us/gaming-revenue-information-gri/,NV/screenshots/NV_2026_02_NV_2026_02_gri_p1.png,"Other 181 7,262 (18.59) 7.09 181 26,885 23.05 10.11 181 110,688 16.97 9.25",,2026-04-08T18:42:21.334123
