state_code,period_start,period_end,period_type,operator_raw,operator_reported,operator_standard,parent_company,channel,sport_category,handle,gross_revenue,standard_ggr,promo_credits,net_revenue,payouts,tax_paid,federal_excise_tax,hold_pct,days_in_period,is_partial_period,data_is_revised,source_file,source_sheet,source_row,source_column,source_page,source_table_index,source_url,source_report_url,source_screenshot,source_raw_line,source_context,scrape_timestamp
OH,2023-01-01,2023-01-31,monthly,BELTERRA PARK - BETWAY,Betway,Betway,Digital Gaming USA,online,,78234300,8787000,,11230400,8787000,,,,0.1123164647731238,31,False,False,OH_2023_sports.pdf,,,,2,0,https://dam.assets.ohio.gov/image/upload/v1745842746/casinocontrol.ohio.gov/revenue-reports/December_2023_Sports_Gaming_Revenue_Report.pdf,https://casinocontrol.ohio.gov/about/revenue-reports,OH/screenshots/OH_2023_12_OH_2023_sports_p1.png,"BELTERRA PARK - BETWAY 782,343 6 87,416 7,057 112,304 87,870 87,870",,2026-04-08T18:42:56.745418
OH,2024-12-01,2024-12-31,monthly,SCIOTO DOWNS - CAESARS SPORTSBOOK,Caesars Sportsbook,Caesars,Caesars Entertainment,online,,3225323400,97047300,,69161000,97047300,,,,0.030089168732661042,31,False,False,OH_2024_sports.pdf,,,,13,0,https://dam.assets.ohio.gov/image/upload/v1732715535/casinocontrol.ohio.gov/revenue-reports/2024/2024_Sports_Gaming_Revenue_Report.pdf.pdf,https://casinocontrol.ohio.gov/about/revenue-reports,OH/screenshots/OH_2024_12_OH_2024_sports_p1.png,"SCIOTO DOWNS - CAESARS SPORTSBOOK 3 2,253,234 31,172,509 1 10,252 691,610 970,473 9 70,473",,2026-04-08T18:42:59.510896
OH,2024-12-01,2024-12-31,monthly,MIAMI VALLEY GAMING AND RACING - MVGBET,MVGBet,MVGBet,Independent,online,,46625000,3291600,,1310100,3291600,,,,0.07059731903485254,31,False,False,OH_2024_sports.pdf,,,,13,0,https://dam.assets.ohio.gov/image/upload/v1732715535/casinocontrol.ohio.gov/revenue-reports/2024/2024_Sports_Gaming_Revenue_Report.pdf.pdf,https://casinocontrol.ohio.gov/about/revenue-reports,OH/screenshots/OH_2024_12_OH_2024_sports_p1.png,"MIAMI VALLEY GAMING AND RACING - MVGBET 466,250 4 28,297 5,037 13,101 3 2,916 32,916",,2026-04-08T18:42:59.510896
OH,2024-12-01,2024-12-31,monthly,MGM NORTHFIELD PARK - BETMGM,BetMGM,BetMGM,Entain/MGM Resorts,online,,7548560600,197103900,,195414400,197103900,,,,0.02611145494413862,31,False,False,OH_2024_sports.pdf,,,,13,0,https://dam.assets.ohio.gov/image/upload/v1732715535/casinocontrol.ohio.gov/revenue-reports/2024/2024_Sports_Gaming_Revenue_Report.pdf.pdf,https://casinocontrol.ohio.gov/about/revenue-reports,OH/screenshots/OH_2024_12_OH_2024_sports_p1.png,"MGM NORTHFIELD PARK - BETMGM 7 5,485,606 73,068,580 4 45,987 1 ,954,144 1,971,039 1,971,039",,2026-04-08T18:42:59.510896
OH,2024-12-01,2024-12-31,monthly,JACK CLEVELAND (BETJACK),BetJACK,betJACK,JACK Entertainment,online,,627291400,37026500,,13968300,37026500,,,,0.059025996530480095,31,False,False,OH_2024_sports.pdf,,,,13,0,https://dam.assets.ohio.gov/image/upload/v1732715535/casinocontrol.ohio.gov/revenue-reports/2024/2024_Sports_Gaming_Revenue_Report.pdf.pdf,https://casinocontrol.ohio.gov/about/revenue-reports,OH/screenshots/OH_2024_12_OH_2024_sports_p1.png,"JACK CLEVELAND (BETJACK) 6,272,914 5,902,522 1 27 139,683 370,265 3 70,265",,2026-04-08T18:42:59.510896
OH,2024-12-01,2024-12-31,monthly,HOLLYWOOD TOLEDO - DRAFTKINGS,DraftKings,DraftKings,DraftKings Inc,online,,30850342000,2146503500,,829720400,2146503500,,,,0.0695779482768781,31,False,False,OH_2024_sports.pdf,,,,13,0,https://dam.assets.ohio.gov/image/upload/v1732715535/casinocontrol.ohio.gov/revenue-reports/2024/2024_Sports_Gaming_Revenue_Report.pdf.pdf,https://casinocontrol.ohio.gov/about/revenue-reports,OH/screenshots/OH_2024_12_OH_2024_sports_p1.png,"HOLLYWOOD TOLEDO - DRAFTKINGS 308,503,420 2 86,462,551 5 75,834 8 ,297,204 2 1,465,035 21,465,035",,2026-04-08T18:42:59.510896
OH,2024-12-01,2024-12-31,monthly,"HOLLYWOOD GAMING AT DAYTON RACEWAY - RSI OH, LLC",BetRivers,BetRivers,Rush Street Interactive,online,,652394400,24956000,,14177300,24956000,,,,0.03825293411470117,31,False,False,OH_2024_sports.pdf,,,,13,0,https://dam.assets.ohio.gov/image/upload/v1732715535/casinocontrol.ohio.gov/revenue-reports/2024/2024_Sports_Gaming_Revenue_Report.pdf.pdf,https://casinocontrol.ohio.gov/about/revenue-reports,OH/screenshots/OH_2024_12_OH_2024_sports_p1.png,"HOLLYWOOD GAMING AT DAYTON RACEWAY - RSI OH, LLC 6,523,944 6,271,341 3,043 141,773 249,560 2 49,560",,2026-04-08T18:42:59.510896
OH,2024-12-01,2024-12-31,monthly,HOLLYWOOD COLUMBUS - PENN INTERACTIVE (ESPN BET),ESPN BET,ESPN Bet,PENN Entertainment,online,,3107499900,26918300,,76868700,26918300,,,,0.008662365524130829,31,False,False,OH_2024_sports.pdf,,,,13,0,https://dam.assets.ohio.gov/image/upload/v1732715535/casinocontrol.ohio.gov/revenue-reports/2024/2024_Sports_Gaming_Revenue_Report.pdf.pdf,https://casinocontrol.ohio.gov/about/revenue-reports,OH/screenshots/OH_2024_12_OH_2024_sports_p1.png,"HOLLYWOOD COLUMBUS - PENN INTERACTIVE (ESPN BET) 3 1,074,999 30,804,281 1,535 768,687 269,183 2 69,183",,2026-04-08T18:42:59.510896
OH,2024-12-01,2024-12-31,monthly,HOF VILLAGE - BETR,Betr,Betr,Betr,online,,105698700,-2202100,,2845900,0,,,,-0.020833747245708793,31,False,False,OH_2024_sports.pdf,,,,13,0,https://dam.assets.ohio.gov/image/upload/v1732715535/casinocontrol.ohio.gov/revenue-reports/2024/2024_Sports_Gaming_Revenue_Report.pdf.pdf,https://casinocontrol.ohio.gov/about/revenue-reports,OH/screenshots/OH_2024_12_OH_2024_sports_p1.png,"HOF VILLAGE - BETR 1,056,987 1,068,007 11,001 28,459 (22,021) -",,2026-04-08T18:42:59.510896
OH,2024-12-01,2024-12-31,monthly,HARD ROCK CINCINNATI - SEMINOLE HARD ROCK DIGITAL,Hard Rock Bet,Hard Rock Bet,Seminole Tribe / Hard Rock Digital,online,,2010000600,68763600,,31014400,68763600,,,,0.0342107360564967,31,False,False,OH_2024_sports.pdf,,,,13,0,https://dam.assets.ohio.gov/image/upload/v1732715535/casinocontrol.ohio.gov/revenue-reports/2024/2024_Sports_Gaming_Revenue_Report.pdf.pdf,https://casinocontrol.ohio.gov/about/revenue-reports,OH/screenshots/OH_2024_12_OH_2024_sports_p1.png,"HARD ROCK CINCINNATI - SEMINOLE HARD ROCK DIGITAL 2 0,100,006 19,202,478 2 09,892 310,144 687,636 6 87,636",,2026-04-08T18:42:59.510896
OH,2024-12-01,2024-12-31,monthly,"GENEVA SPORTS, LLC - PRIME SPORTS",Prime Sports,Prime Sports,Independent,online,,726863100,-33234700,,2238100,0,,,,-0.04572346567049559,31,False,False,OH_2024_sports.pdf,,,,13,0,https://dam.assets.ohio.gov/image/upload/v1732715535/casinocontrol.ohio.gov/revenue-reports/2024/2024_Sports_Gaming_Revenue_Report.pdf.pdf,https://casinocontrol.ohio.gov/about/revenue-reports,OH/screenshots/OH_2024_12_OH_2024_sports_p1.png,"GENEVA SPORTS, LLC - PRIME SPORTS 7,268,631 7,586,323 14,655 22,381 (332,347) -",,2026-04-08T18:42:59.510896
OH,2024-12-01,2024-12-31,monthly,COLUMBUS BLUE JACKETS - FANATICS,Fanatics,Fanatics,Fanatics Inc,online,,3738029400,239322700,,145902800,239322700,,,,0.0640237607547977,31,False,False,OH_2024_sports.pdf,,,,13,0,https://dam.assets.ohio.gov/image/upload/v1732715535/casinocontrol.ohio.gov/revenue-reports/2024/2024_Sports_Gaming_Revenue_Report.pdf.pdf,https://casinocontrol.ohio.gov/about/revenue-reports,OH/screenshots/OH_2024_12_OH_2024_sports_p1.png,"COLUMBUS BLUE JACKETS - FANATICS 3 7,380,294 34,924,329 62,738 1 ,459,028 2,393,227 2,393,227",,2026-04-08T18:42:59.510896
OH,2024-12-01,2024-12-31,monthly,CLEVELAND GUARDIANS - BET365,bet365,bet365,bet365 Group,online,,7707740900,426798100,,322362500,426798100,,,,0.055372657895129816,31,False,False,OH_2024_sports.pdf,,,,13,0,https://dam.assets.ohio.gov/image/upload/v1732715535/casinocontrol.ohio.gov/revenue-reports/2024/2024_Sports_Gaming_Revenue_Report.pdf.pdf,https://casinocontrol.ohio.gov/about/revenue-reports,OH/screenshots/OH_2024_12_OH_2024_sports_p1.png,"CLEVELAND GUARDIANS - BET365 7 7,077,409 69,486,698 3,322,730 3 ,223,625 4,267,981 4,267,981",,2026-04-08T18:42:59.510896
OH,2024-12-01,2024-12-31,monthly,CLEVELAND BROWNS - BALLY'S INTERACTIVE,Bally Bet,Bally Bet,Bally's Corporation,online,,376780600,26480800,,46933600,26480800,,,,0.07028175017503555,31,False,False,OH_2024_sports.pdf,,,,13,0,https://dam.assets.ohio.gov/image/upload/v1732715535/casinocontrol.ohio.gov/revenue-reports/2024/2024_Sports_Gaming_Revenue_Report.pdf.pdf,https://casinocontrol.ohio.gov/about/revenue-reports,OH/screenshots/OH_2024_12_OH_2024_sports_p1.png,"CLEVELAND BROWNS - BALLY'S INTERACTIVE 3,767,806 3,462,776 40,222 469,336 264,808 2 64,808",,2026-04-08T18:42:59.510896
OH,2024-12-01,2024-12-31,monthly,BELTERRA PARK - FANDUEL,FanDuel,FanDuel,Flutter Entertainment,online,,33671950700,2402523800,,941674000,2402523800,,,,0.07135089444045782,31,False,False,OH_2024_sports.pdf,,,,13,0,https://dam.assets.ohio.gov/image/upload/v1732715535/casinocontrol.ohio.gov/revenue-reports/2024/2024_Sports_Gaming_Revenue_Report.pdf.pdf,https://casinocontrol.ohio.gov/about/revenue-reports,OH/screenshots/OH_2024_12_OH_2024_sports_p1.png,"BELTERRA PARK - FANDUEL 336,719,507 3 12,102,659 5 91,610 9 ,416,740 2 4,025,238 24,025,238",,2026-04-08T18:42:59.510896
OH,2024-11-01,2024-11-30,monthly,SCIOTO DOWNS - CAESARS SPORTSBOOK,Caesars Sportsbook,Caesars,Caesars Entertainment,retail,,164276100,-14415400,,0,0,,,,-0.08775104838744041,30,False,False,OH_2024_sports.pdf,,,,12,0,https://dam.assets.ohio.gov/image/upload/v1732715535/casinocontrol.ohio.gov/revenue-reports/2024/2024_Sports_Gaming_Revenue_Report.pdf.pdf,https://casinocontrol.ohio.gov/about/revenue-reports,OH/screenshots/OH_2024_12_OH_2024_sports_p1.png,"SCIOTO DOWNS - CAESARS SPORTSBOOK 1,642,761 1 ,784,012 2 ,903 - (144,154) -",,2026-04-08T18:42:59.510896
OH,2024-12-01,2024-12-31,monthly,BELTERRA PARK - FANDUEL,FanDuel,FanDuel,Flutter Entertainment,retail,,50114400,-11728500,,70000,0,,,,-0.23403452899765337,31,False,False,OH_2024_sports.pdf,,,,13,0,https://dam.assets.ohio.gov/image/upload/v1732715535/casinocontrol.ohio.gov/revenue-reports/2024/2024_Sports_Gaming_Revenue_Report.pdf.pdf,https://casinocontrol.ohio.gov/about/revenue-reports,OH/screenshots/OH_2024_12_OH_2024_sports_p1.png,"BELTERRA PARK - FANDUEL 501,144 6 16,145 2,284 700 (117,285) -",,2026-04-08T18:42:59.510896
OH,2024-10-01,2024-10-31,monthly,HARD ROCK CINCINNATI - SEMINOLE HARD ROCK DIGITAL,Hard Rock Bet,Hard Rock Bet,Seminole Tribe / Hard Rock Digital,retail,,164620500,-483600,,0,0,,,,-0.0029376657220698517,31,False,False,OH_2024_sports.pdf,,,,11,0,https://dam.assets.ohio.gov/image/upload/v1732715535/casinocontrol.ohio.gov/revenue-reports/2024/2024_Sports_Gaming_Revenue_Report.pdf.pdf,https://casinocontrol.ohio.gov/about/revenue-reports,OH/screenshots/OH_2024_12_OH_2024_sports_p1.png,"HARD ROCK CINCINNATI - SEMINOLE HARD ROCK DIGITAL 1,646,205 1 ,642,894 8 ,147 - (4,836) -",,2026-04-08T18:42:59.510896
OH,2024-12-01,2024-12-31,monthly,COLUMBUS BLUE JACKETS - FANATICS,Fanatics,Fanatics,Fanatics Inc,retail,,21197200,-3826200,,0,0,,,,-0.1805049723548393,31,False,False,OH_2024_sports.pdf,,,,13,0,https://dam.assets.ohio.gov/image/upload/v1732715535/casinocontrol.ohio.gov/revenue-reports/2024/2024_Sports_Gaming_Revenue_Report.pdf.pdf,https://casinocontrol.ohio.gov/about/revenue-reports,OH/screenshots/OH_2024_12_OH_2024_sports_p1.png,"COLUMBUS BLUE JACKETS - FANATICS 211,972 2 49,684 5 50 - (38,262) -",,2026-04-08T18:42:59.510896
OH,2025-01-01,2025-01-31,monthly,"GENEVA SPORTS, LLC - PRIME SPORTS",Prime Sports,Prime Sports,Independent,online,,813128400,-20743600,,1349500,0,,,,-0.025510854128327088,31,False,False,OH_2025_sports.pdf,,,,2,0,https://dam.assets.ohio.gov/image/upload/v1769793329/casinocontrol.ohio.gov/revenue-reports/2025/Sports/2025_Sports_Gaming_Revenue_Report12.pdf,https://casinocontrol.ohio.gov/about/revenue-reports,OH/screenshots/OH_2025_12_OH_2025_sports_p1.png,"GENEVA SPORTS, LLC - PRIME SPORTS 8 ,131,284 8,259,860 78,860 13,495 ( 207,436) -",,2026-04-08T18:43:02.152237
OH,2025-01-01,2025-01-31,monthly,COLUMBUS BLUE JACKETS - FANATICS,Fanatics,Fanatics,Fanatics Inc,online,,3793574900,347119500,,153549100,347119500,,,,0.09150194978356695,31,False,False,OH_2025_sports.pdf,,,,2,0,https://dam.assets.ohio.gov/image/upload/v1769793329/casinocontrol.ohio.gov/revenue-reports/2025/Sports/2025_Sports_Gaming_Revenue_Report12.pdf,https://casinocontrol.ohio.gov/about/revenue-reports,OH/screenshots/OH_2025_12_OH_2025_sports_p1.png,"COLUMBUS BLUE JACKETS - FANATICS 3 7,935,749 34,337,337 1 27,217 1 ,535,491 3 ,471,195 3,471,195",,2026-04-08T18:43:02.152237
OH,2025-01-01,2025-01-31,monthly,CLEVELAND GUARDIANS - BET365,bet365,bet365,bet365 Group,online,,8298561000,626503500,,277420700,626503500,,,,0.07549543830550863,31,False,False,OH_2025_sports.pdf,,,,2,0,https://dam.assets.ohio.gov/image/upload/v1769793329/casinocontrol.ohio.gov/revenue-reports/2025/Sports/2025_Sports_Gaming_Revenue_Report12.pdf,https://casinocontrol.ohio.gov/about/revenue-reports,OH/screenshots/OH_2025_12_OH_2025_sports_p1.png,"CLEVELAND GUARDIANS - BET365 8 2,985,610 73,101,643 3,618,932 2 ,774,207 6 ,265,035 6,265,035",,2026-04-08T18:43:02.152237
OH,2025-01-01,2025-01-31,monthly,CLEVELAND BROWNS - BALLY'S INTERACTIVE,Bally Bet,Bally Bet,Bally's Corporation,online,,345993000,27534000,,27040800,27534000,,,,0.07957964467489227,31,False,False,OH_2025_sports.pdf,,,,2,0,https://dam.assets.ohio.gov/image/upload/v1769793329/casinocontrol.ohio.gov/revenue-reports/2025/Sports/2025_Sports_Gaming_Revenue_Report12.pdf,https://casinocontrol.ohio.gov/about/revenue-reports,OH/screenshots/OH_2025_12_OH_2025_sports_p1.png,"CLEVELAND BROWNS - BALLY'S INTERACTIVE 3 ,459,930 3,151,532 33,058 270,408 275,340 2 75,340",,2026-04-08T18:43:02.152237
OH,2025-01-01,2025-01-31,monthly,BELTERRA PARK - FANDUEL,FanDuel,FanDuel,Flutter Entertainment,online,,35860723700,3885790600,,1716968900,3885790600,,,,0.10835784108841061,31,False,False,OH_2025_sports.pdf,,,,2,0,https://dam.assets.ohio.gov/image/upload/v1769793329/casinocontrol.ohio.gov/revenue-reports/2025/Sports/2025_Sports_Gaming_Revenue_Report12.pdf,https://casinocontrol.ohio.gov/about/revenue-reports,OH/screenshots/OH_2025_12_OH_2025_sports_p1.png,"BELTERRA PARK - FANDUEL 358,607,237 3 18,807,656 9 41,675 17,169,689 3 8,857,906 38,857,906",,2026-04-08T18:43:02.152237
OH,2024-12-01,2024-12-31,monthly,SCIOTO DOWNS - CAESARS SPORTSBOOK,Caesars Sportsbook,Caesars,Caesars Entertainment,retail,,137990300,489600,,0,489600,,,,0.003548075480667844,31,False,False,OH_2024_sports.pdf,,,,13,0,https://dam.assets.ohio.gov/image/upload/v1732715535/casinocontrol.ohio.gov/revenue-reports/2024/2024_Sports_Gaming_Revenue_Report.pdf.pdf,https://casinocontrol.ohio.gov/about/revenue-reports,OH/screenshots/OH_2024_12_OH_2024_sports_p1.png,"SCIOTO DOWNS - CAESARS SPORTSBOOK 1,379,903 1,350,868 24,139 - 4,896 4,896",,2026-04-08T18:42:59.510896
OH,2024-12-01,2024-12-31,monthly,MIAMI VALLEY GAMING AND RACING,MVGBet,MVGBet,Independent,retail,,63706900,-1630000,,0,0,,,,-0.02558592554338698,31,False,False,OH_2024_sports.pdf,,,,13,0,https://dam.assets.ohio.gov/image/upload/v1732715535/casinocontrol.ohio.gov/revenue-reports/2024/2024_Sports_Gaming_Revenue_Report.pdf.pdf,https://casinocontrol.ohio.gov/about/revenue-reports,OH/screenshots/OH_2024_12_OH_2024_sports_p1.png,"MIAMI VALLEY GAMING AND RACING 637,069 6 52,887 4 82 - (16,300) -",,2026-04-08T18:42:59.510896
OH,2024-12-01,2024-12-31,monthly,MGM NORTHFIELD PARK - BETMGM,BetMGM,BetMGM,Entain/MGM Resorts,retail,,225967400,-6396700,,0,0,,,,-0.02830806567673036,31,False,False,OH_2024_sports.pdf,,,,13,0,https://dam.assets.ohio.gov/image/upload/v1732715535/casinocontrol.ohio.gov/revenue-reports/2024/2024_Sports_Gaming_Revenue_Report.pdf.pdf,https://casinocontrol.ohio.gov/about/revenue-reports,OH/screenshots/OH_2024_12_OH_2024_sports_p1.png,"MGM NORTHFIELD PARK - BETMGM 2,259,674 2,286,690 36,951 - (63,967) -",,2026-04-08T18:42:59.510896
OH,2024-12-01,2024-12-31,monthly,JACK THISTLEDOWN - BETJACK,betJACK,betJACK,JACK Entertainment,retail,,236482500,-11542700,,0,0,,,,-0.04880995422494265,31,False,False,OH_2024_sports.pdf,,,,13,0,https://dam.assets.ohio.gov/image/upload/v1732715535/casinocontrol.ohio.gov/revenue-reports/2024/2024_Sports_Gaming_Revenue_Report.pdf.pdf,https://casinocontrol.ohio.gov/about/revenue-reports,OH/screenshots/OH_2024_12_OH_2024_sports_p1.png,"JACK THISTLEDOWN - BETJACK 2,364,825 2,475,226 5,026 - (115,427) -",,2026-04-08T18:42:59.510896
OH,2024-12-01,2024-12-31,monthly,JACK CLEVELAND - BETJACK,BetJACK,betJACK,JACK Entertainment,retail,,258566800,-19588500,,0,0,,,,-0.07575798594405778,31,False,False,OH_2024_sports.pdf,,,,13,0,https://dam.assets.ohio.gov/image/upload/v1732715535/casinocontrol.ohio.gov/revenue-reports/2024/2024_Sports_Gaming_Revenue_Report.pdf.pdf,https://casinocontrol.ohio.gov/about/revenue-reports,OH/screenshots/OH_2024_12_OH_2024_sports_p1.png,"JACK CLEVELAND - BETJACK 2,585,668 2,760,397 21,156 - (195,885) -",,2026-04-08T18:42:59.510896
OH,2024-12-01,2024-12-31,monthly,HOLLYWOOD TOLEDO,Hollywood Toledo,ESPN Bet,PENN Entertainment,retail,,132155900,-11391700,,0,0,,,,-0.08619895138998714,31,False,False,OH_2024_sports.pdf,,,,13,0,https://dam.assets.ohio.gov/image/upload/v1732715535/casinocontrol.ohio.gov/revenue-reports/2024/2024_Sports_Gaming_Revenue_Report.pdf.pdf,https://casinocontrol.ohio.gov/about/revenue-reports,OH/screenshots/OH_2024_12_OH_2024_sports_p1.png,"HOLLYWOOD TOLEDO 1,321,559 1,431,761 3,715 - (113,917) -",,2026-04-08T18:42:59.510896
OH,2024-12-01,2024-12-31,monthly,HOLLYWOOD GAMING AT MAHONING VALLEY,Hollywood Mahoning Valley,ESPN Bet,PENN Entertainment,retail,,139987700,213200,,0,213200,,,,0.0015229909484904744,31,False,False,OH_2024_sports.pdf,,,,13,0,https://dam.assets.ohio.gov/image/upload/v1732715535/casinocontrol.ohio.gov/revenue-reports/2024/2024_Sports_Gaming_Revenue_Report.pdf.pdf,https://casinocontrol.ohio.gov/about/revenue-reports,OH/screenshots/OH_2024_12_OH_2024_sports_p1.png,"HOLLYWOOD GAMING AT MAHONING VALLEY 1,399,877 1,395,306 2,439 - 2,132 2,132",,2026-04-08T18:42:59.510896
OH,2024-12-01,2024-12-31,monthly,HOLLYWOOD GAMING AT DAYTON RACEWAY,Hollywood Dayton,ESPN Bet,PENN Entertainment,retail,,122733000,6182000,,0,6182000,,,,0.050369501275125676,31,False,False,OH_2024_sports.pdf,,,,13,0,https://dam.assets.ohio.gov/image/upload/v1732715535/casinocontrol.ohio.gov/revenue-reports/2024/2024_Sports_Gaming_Revenue_Report.pdf.pdf,https://casinocontrol.ohio.gov/about/revenue-reports,OH/screenshots/OH_2024_12_OH_2024_sports_p1.png,"HOLLYWOOD GAMING AT DAYTON RACEWAY 1,227,330 1,164,860 6 50 - 6 1,820 61,820",,2026-04-08T18:42:59.510896
OH,2024-12-01,2024-12-31,monthly,HOLLYWOOD COLUMBUS,Hollywood Columbus,ESPN Bet,PENN Entertainment,retail,,315943900,-9092100,,0,0,,,,-0.028777577285081308,31,False,False,OH_2024_sports.pdf,,,,13,0,https://dam.assets.ohio.gov/image/upload/v1732715535/casinocontrol.ohio.gov/revenue-reports/2024/2024_Sports_Gaming_Revenue_Report.pdf.pdf,https://casinocontrol.ohio.gov/about/revenue-reports,OH/screenshots/OH_2024_12_OH_2024_sports_p1.png,"HOLLYWOOD COLUMBUS 3,159,439 3,248,653 1,707 - (90,921) -",,2026-04-08T18:42:59.510896
OH,2024-12-01,2024-12-31,monthly,HARD ROCK CINCINNATI - SEMINOLE HARD ROCK DIGITAL,Hard Rock Bet,Hard Rock Bet,Seminole Tribe / Hard Rock Digital,retail,,200083400,-40970700,,0,0,,,,-0.20476811169742218,31,False,False,OH_2024_sports.pdf,,,,13,0,https://dam.assets.ohio.gov/image/upload/v1732715535/casinocontrol.ohio.gov/revenue-reports/2024/2024_Sports_Gaming_Revenue_Report.pdf.pdf,https://casinocontrol.ohio.gov/about/revenue-reports,OH/screenshots/OH_2024_12_OH_2024_sports_p1.png,"HARD ROCK CINCINNATI - SEMINOLE HARD ROCK DIGITAL 2,000,834 2,398,260 12,281 - (409,707) -",,2026-04-08T18:42:59.510896
OH,2024-11-01,2024-11-30,monthly,MIAMI VALLEY GAMING AND RACING,MVGBet,MVGBet,Independent,retail,,80842500,14964800,,0,14964800,,,,0.18511055447320407,30,False,False,OH_2024_sports.pdf,,,,12,0,https://dam.assets.ohio.gov/image/upload/v1732715535/casinocontrol.ohio.gov/revenue-reports/2024/2024_Sports_Gaming_Revenue_Report.pdf.pdf,https://casinocontrol.ohio.gov/about/revenue-reports,OH/screenshots/OH_2024_12_OH_2024_sports_p1.png,"MIAMI VALLEY GAMING AND RACING 8 08,425 658,693 84 - 149,648 149,648",,2026-04-08T18:42:59.510896
OH,2024-11-01,2024-11-30,monthly,JACK THISTLEDOWN - BETJACK,betJACK,betJACK,JACK Entertainment,retail,,240605500,36201100,,0,36201100,,,,0.15045832285629382,30,False,False,OH_2024_sports.pdf,,,,12,0,https://dam.assets.ohio.gov/image/upload/v1732715535/casinocontrol.ohio.gov/revenue-reports/2024/2024_Sports_Gaming_Revenue_Report.pdf.pdf,https://casinocontrol.ohio.gov/about/revenue-reports,OH/screenshots/OH_2024_12_OH_2024_sports_p1.png,"JACK THISTLEDOWN - BETJACK 2,406,055 2 ,042,578 1 ,466 - 362,011 362,011",,2026-04-08T18:42:59.510896
OH,2024-11-01,2024-11-30,monthly,JACK CLEVELAND - BETJACK,BetJACK,betJACK,JACK Entertainment,retail,,323234000,22935900,,0,22935900,,,,0.07095757253259248,30,False,False,OH_2024_sports.pdf,,,,12,0,https://dam.assets.ohio.gov/image/upload/v1732715535/casinocontrol.ohio.gov/revenue-reports/2024/2024_Sports_Gaming_Revenue_Report.pdf.pdf,https://casinocontrol.ohio.gov/about/revenue-reports,OH/screenshots/OH_2024_12_OH_2024_sports_p1.png,"JACK CLEVELAND - BETJACK 3,232,340 2 ,988,701 14,280 - 229,359 229,359",,2026-04-08T18:42:59.510896
OH,2024-11-01,2024-11-30,monthly,HARD ROCK CINCINNATI - SEMINOLE HARD ROCK DIGITAL,Hard Rock Bet,Hard Rock Bet,Seminole Tribe / Hard Rock Digital,online,,2330132000,271704000,,244624000,271704000,,,,0.11660455287511609,30,False,False,OH_2024_sports.pdf,,,,12,0,https://dam.assets.ohio.gov/image/upload/v1732715535/casinocontrol.ohio.gov/revenue-reports/2024/2024_Sports_Gaming_Revenue_Report.pdf.pdf,https://casinocontrol.ohio.gov/about/revenue-reports,OH/screenshots/OH_2024_12_OH_2024_sports_p1.png,"HARD ROCK CINCINNATI - SEMINOLE HARD ROCK DIGITAL 23,301,320 2 0,433,794 150,486 2,446,240 2,717,040 2 ,717,040",,2026-04-08T18:42:59.510896
OH,2024-11-01,2024-11-30,monthly,"GENEVA SPORTS, LLC - PRIME SPORTS",Prime Sports,Prime Sports,Independent,online,,807755700,27114000,,1834100,27114000,,,,0.03356707974948366,30,False,False,OH_2024_sports.pdf,,,,12,0,https://dam.assets.ohio.gov/image/upload/v1732715535/casinocontrol.ohio.gov/revenue-reports/2024/2024_Sports_Gaming_Revenue_Report.pdf.pdf,https://casinocontrol.ohio.gov/about/revenue-reports,OH/screenshots/OH_2024_12_OH_2024_sports_p1.png,"GENEVA SPORTS, LLC - PRIME SPORTS 8,077,557 7 ,734,793 71,624 1 8,341 271,140 271,140",,2026-04-08T18:42:59.510896
OH,2024-11-01,2024-11-30,monthly,FC CINCINNATI - SUPERBOOK,SuperBook,SuperBook,SuperBook Sports,online,,0,-2842800,,0,0,,,,,30,False,False,OH_2024_sports.pdf,,,,12,0,https://dam.assets.ohio.gov/image/upload/v1732715535/casinocontrol.ohio.gov/revenue-reports/2024/2024_Sports_Gaming_Revenue_Report.pdf.pdf,https://casinocontrol.ohio.gov/about/revenue-reports,OH/screenshots/OH_2024_12_OH_2024_sports_p1.png,"FC CINCINNATI - SUPERBOOK - 28,428 - - (28,428) -",,2026-04-08T18:42:59.510896
OH,2024-11-01,2024-11-30,monthly,COLUMBUS BLUE JACKETS - FANATICS,Fanatics,Fanatics,Fanatics Inc,online,,5463369300,473664100,,161809500,473664100,,,,0.0866981662762574,30,False,False,OH_2024_sports.pdf,,,,12,0,https://dam.assets.ohio.gov/image/upload/v1732715535/casinocontrol.ohio.gov/revenue-reports/2024/2024_Sports_Gaming_Revenue_Report.pdf.pdf,https://casinocontrol.ohio.gov/about/revenue-reports,OH/screenshots/OH_2024_12_OH_2024_sports_p1.png,"COLUMBUS BLUE JACKETS - FANATICS 54,633,693 4 9,730,794 166,258 1,618,095 4,736,641 4 ,736,641",,2026-04-08T18:42:59.510896
OH,2024-11-01,2024-11-30,monthly,CLEVELAND GUARDIANS - BET365,bet365,bet365,bet365 Group,online,,7663406500,872260100,,422534300,872260100,,,,0.11382145785950412,30,False,False,OH_2024_sports.pdf,,,,12,0,https://dam.assets.ohio.gov/image/upload/v1732715535/casinocontrol.ohio.gov/revenue-reports/2024/2024_Sports_Gaming_Revenue_Report.pdf.pdf,https://casinocontrol.ohio.gov/about/revenue-reports,OH/screenshots/OH_2024_12_OH_2024_sports_p1.png,"CLEVELAND GUARDIANS - BET365 76,634,065 6 4,717,436 3 ,194,028 4,225,343 8,722,601 8 ,722,601",,2026-04-08T18:42:59.510896
OH,2024-11-01,2024-11-30,monthly,CLEVELAND BROWNS - BALLY'S INTERACTIVE,Bally Bet,Bally Bet,Bally's Corporation,online,,469096500,64516900,,75555200,64516900,,,,0.13753438791378747,30,False,False,OH_2024_sports.pdf,,,,12,0,https://dam.assets.ohio.gov/image/upload/v1732715535/casinocontrol.ohio.gov/revenue-reports/2024/2024_Sports_Gaming_Revenue_Report.pdf.pdf,https://casinocontrol.ohio.gov/about/revenue-reports,OH/screenshots/OH_2024_12_OH_2024_sports_p1.png,"CLEVELAND BROWNS - BALLY'S INTERACTIVE 4,690,965 4 ,007,650 38,146 7 55,552 645,169 645,169",,2026-04-08T18:42:59.510896
OH,2024-11-01,2024-11-30,monthly,BELTERRA PARK - FANDUEL,FanDuel,FanDuel,Flutter Entertainment,online,,35114915700,4647519400,,897940700,4647519400,,,,0.13235171742132362,30,False,False,OH_2024_sports.pdf,,,,12,0,https://dam.assets.ohio.gov/image/upload/v1732715535/casinocontrol.ohio.gov/revenue-reports/2024/2024_Sports_Gaming_Revenue_Report.pdf.pdf,https://casinocontrol.ohio.gov/about/revenue-reports,OH/screenshots/OH_2024_12_OH_2024_sports_p1.png,"BELTERRA PARK - FANDUEL 3 51,149,157 303,993,252 680,711 8,979,407 4 6,475,194 4 6,475,194",,2026-04-08T18:42:59.510896
OH,2024-10-01,2024-10-31,monthly,SCIOTO DOWNS - CAESARS SPORTSBOOK,Caesars Sportsbook,Caesars,Caesars Entertainment,retail,,168226100,5501300,,0,5501300,,,,0.03270182213104863,31,False,False,OH_2024_sports.pdf,,,,11,0,https://dam.assets.ohio.gov/image/upload/v1732715535/casinocontrol.ohio.gov/revenue-reports/2024/2024_Sports_Gaming_Revenue_Report.pdf.pdf,https://casinocontrol.ohio.gov/about/revenue-reports,OH/screenshots/OH_2024_12_OH_2024_sports_p1.png,"SCIOTO DOWNS - CAESARS SPORTSBOOK 1,682,261 1 ,607,858 19,390 - 55,013 55,013",,2026-04-08T18:42:59.510896
OH,2024-10-01,2024-10-31,monthly,MIAMI VALLEY GAMING AND RACING,MVGBet,MVGBet,Independent,retail,,97350600,-7896400,,0,0,,,,-0.081113008034876,31,False,False,OH_2024_sports.pdf,,,,11,0,https://dam.assets.ohio.gov/image/upload/v1732715535/casinocontrol.ohio.gov/revenue-reports/2024/2024_Sports_Gaming_Revenue_Report.pdf.pdf,https://casinocontrol.ohio.gov/about/revenue-reports,OH/screenshots/OH_2024_12_OH_2024_sports_p1.png,"MIAMI VALLEY GAMING AND RACING 9 73,506 1 ,051,546 924 - (78,964) -",,2026-04-08T18:42:59.510896
OH,2024-10-01,2024-10-31,monthly,JACK THISTLEDOWN - BETJACK,betJACK,betJACK,JACK Entertainment,retail,,201068000,2347200,,0,2347200,,,,0.01167366264149442,31,False,False,OH_2024_sports.pdf,,,,11,0,https://dam.assets.ohio.gov/image/upload/v1732715535/casinocontrol.ohio.gov/revenue-reports/2024/2024_Sports_Gaming_Revenue_Report.pdf.pdf,https://casinocontrol.ohio.gov/about/revenue-reports,OH/screenshots/OH_2024_12_OH_2024_sports_p1.png,"JACK THISTLEDOWN - BETJACK 2,010,680 1 ,927,895 59,313 - 23,472 23,472",,2026-04-08T18:42:59.510896
OH,2024-10-01,2024-10-31,monthly,JACK CLEVELAND - BETJACK,BetJACK,betJACK,JACK Entertainment,retail,,286596100,25770800,,0,25770800,,,,0.08992027456060986,31,False,False,OH_2024_sports.pdf,,,,11,0,https://dam.assets.ohio.gov/image/upload/v1732715535/casinocontrol.ohio.gov/revenue-reports/2024/2024_Sports_Gaming_Revenue_Report.pdf.pdf,https://casinocontrol.ohio.gov/about/revenue-reports,OH/screenshots/OH_2024_12_OH_2024_sports_p1.png,"JACK CLEVELAND - BETJACK 2,865,961 2 ,600,348 7 ,905 - 257,708 257,708",,2026-04-08T18:42:59.510896
OH,2024-10-01,2024-10-31,monthly,HOLLYWOOD TOLEDO,Hollywood Toledo,ESPN Bet,PENN Entertainment,retail,,114120700,2623900,,0,2623900,,,,0.02299232304043,31,False,False,OH_2024_sports.pdf,,,,11,0,https://dam.assets.ohio.gov/image/upload/v1732715535/casinocontrol.ohio.gov/revenue-reports/2024/2024_Sports_Gaming_Revenue_Report.pdf.pdf,https://casinocontrol.ohio.gov/about/revenue-reports,OH/screenshots/OH_2024_12_OH_2024_sports_p1.png,"HOLLYWOOD TOLEDO 1,141,207 1 ,099,063 15,905 - 26,239 26,239",,2026-04-08T18:42:59.510896
OH,2024-10-01,2024-10-31,monthly,HOLLYWOOD GAMING AT MAHONING VALLEY,Hollywood Mahoning Valley,ESPN Bet,PENN Entertainment,retail,,156138200,5548100,,0,5548100,,,,0.03553326476160222,31,False,False,OH_2024_sports.pdf,,,,11,0,https://dam.assets.ohio.gov/image/upload/v1732715535/casinocontrol.ohio.gov/revenue-reports/2024/2024_Sports_Gaming_Revenue_Report.pdf.pdf,https://casinocontrol.ohio.gov/about/revenue-reports,OH/screenshots/OH_2024_12_OH_2024_sports_p1.png,"HOLLYWOOD GAMING AT MAHONING VALLEY 1,561,382 1 ,497,859 8 ,042 - 55,481 55,481",,2026-04-08T18:42:59.510896
OH,2024-10-01,2024-10-31,monthly,HOLLYWOOD GAMING AT DAYTON RACEWAY,Hollywood Dayton,ESPN Bet,PENN Entertainment,retail,,164641000,10705000,,0,10705000,,,,0.06502025619377919,31,False,False,OH_2024_sports.pdf,,,,11,0,https://dam.assets.ohio.gov/image/upload/v1732715535/casinocontrol.ohio.gov/revenue-reports/2024/2024_Sports_Gaming_Revenue_Report.pdf.pdf,https://casinocontrol.ohio.gov/about/revenue-reports,OH/screenshots/OH_2024_12_OH_2024_sports_p1.png,"HOLLYWOOD GAMING AT DAYTON RACEWAY 1,646,410 1 ,538,760 600 - 107,050 107,050",,2026-04-08T18:42:59.510896
OH,2024-11-01,2024-11-30,monthly,HOF VILLAGE - BETR,Betr,Betr,Betr,online,,101697300,7263600,,6028600,7263600,,,,0.07142372511364609,30,False,False,OH_2024_sports.pdf,,,,12,0,https://dam.assets.ohio.gov/image/upload/v1732715535/casinocontrol.ohio.gov/revenue-reports/2024/2024_Sports_Gaming_Revenue_Report.pdf.pdf,https://casinocontrol.ohio.gov/about/revenue-reports,OH/screenshots/OH_2024_12_OH_2024_sports_p1.png,"HOF VILLAGE - BETR 1,016,973 936,879 7 ,458 6 0,286 7 2,636 72,636",,2026-04-08T18:42:59.510896
OH,2024-11-01,2024-11-30,monthly,HOLLYWOOD COLUMBUS - PENN INTERACTIVE (ESPN BET),ESPN BET,ESPN Bet,PENN Entertainment,online,,3226766300,347207500,,69480900,347207500,,,,0.10760230761056355,30,False,False,OH_2024_sports.pdf,,,,12,0,https://dam.assets.ohio.gov/image/upload/v1732715535/casinocontrol.ohio.gov/revenue-reports/2024/2024_Sports_Gaming_Revenue_Report.pdf.pdf,https://casinocontrol.ohio.gov/about/revenue-reports,OH/screenshots/OH_2024_12_OH_2024_sports_p1.png,"HOLLYWOOD COLUMBUS - PENN INTERACTIVE (ESPN BET) 32,267,663 2 8,782,893 12,695 6 94,809 3,472,075 3 ,472,075",,2026-04-08T18:42:59.510896
OH,2024-11-01,2024-11-30,monthly,"HOLLYWOOD GAMING AT DAYTON RACEWAY - RSI OH, LLC",BetRivers,BetRivers,Rush Street Interactive,online,,564269400,33896400,,13196300,33896400,,,,0.06007130636536378,30,False,False,OH_2024_sports.pdf,,,,12,0,https://dam.assets.ohio.gov/image/upload/v1732715535/casinocontrol.ohio.gov/revenue-reports/2024/2024_Sports_Gaming_Revenue_Report.pdf.pdf,https://casinocontrol.ohio.gov/about/revenue-reports,OH/screenshots/OH_2024_12_OH_2024_sports_p1.png,"HOLLYWOOD GAMING AT DAYTON RACEWAY - RSI OH, LLC 5,642,694 5 ,297,379 6 ,351 1 31,963 338,964 338,964",,2026-04-08T18:42:59.510896
OH,2024-11-01,2024-11-30,monthly,HOLLYWOOD TOLEDO,Hollywood Toledo,ESPN Bet,PENN Entertainment,retail,,152342000,24566900,,0,24566900,,,,0.1612615037218889,30,False,False,OH_2024_sports.pdf,,,,12,0,https://dam.assets.ohio.gov/image/upload/v1732715535/casinocontrol.ohio.gov/revenue-reports/2024/2024_Sports_Gaming_Revenue_Report.pdf.pdf,https://casinocontrol.ohio.gov/about/revenue-reports,OH/screenshots/OH_2024_12_OH_2024_sports_p1.png,"HOLLYWOOD TOLEDO 1,523,420 1 ,276,261 1 ,490 - 245,669 245,669",,2026-04-08T18:42:59.510896
OH,2024-11-01,2024-11-30,monthly,HOLLYWOOD GAMING AT MAHONING VALLEY,Hollywood Mahoning Valley,ESPN Bet,PENN Entertainment,retail,,185451500,27500600,,0,27500600,,,,0.14828998417375971,30,False,False,OH_2024_sports.pdf,,,,12,0,https://dam.assets.ohio.gov/image/upload/v1732715535/casinocontrol.ohio.gov/revenue-reports/2024/2024_Sports_Gaming_Revenue_Report.pdf.pdf,https://casinocontrol.ohio.gov/about/revenue-reports,OH/screenshots/OH_2024_12_OH_2024_sports_p1.png,"HOLLYWOOD GAMING AT MAHONING VALLEY 1,854,515 1 ,577,424 2 ,085 - 275,006 275,006",,2026-04-08T18:42:59.510896
OH,2024-11-01,2024-11-30,monthly,HOLLYWOOD GAMING AT DAYTON RACEWAY,Hollywood Dayton,ESPN Bet,PENN Entertainment,retail,,126646500,22572000,,0,22572000,,,,0.17822837583352086,30,False,False,OH_2024_sports.pdf,,,,12,0,https://dam.assets.ohio.gov/image/upload/v1732715535/casinocontrol.ohio.gov/revenue-reports/2024/2024_Sports_Gaming_Revenue_Report.pdf.pdf,https://casinocontrol.ohio.gov/about/revenue-reports,OH/screenshots/OH_2024_12_OH_2024_sports_p1.png,"HOLLYWOOD GAMING AT DAYTON RACEWAY 1,266,465 1 ,040,335 410 - 225,720 225,720",,2026-04-08T18:42:59.510896
OH,2024-11-01,2024-11-30,monthly,HOLLYWOOD COLUMBUS,Hollywood Columbus,ESPN Bet,PENN Entertainment,retail,,328055900,52570500,,0,52570500,,,,0.1602486039726766,30,False,False,OH_2024_sports.pdf,,,,12,0,https://dam.assets.ohio.gov/image/upload/v1732715535/casinocontrol.ohio.gov/revenue-reports/2024/2024_Sports_Gaming_Revenue_Report.pdf.pdf,https://casinocontrol.ohio.gov/about/revenue-reports,OH/screenshots/OH_2024_12_OH_2024_sports_p1.png,"HOLLYWOOD COLUMBUS 3,280,559 2 ,747,168 7 ,686 - 525,705 525,705",,2026-04-08T18:42:59.510896
OH,2024-11-01,2024-11-30,monthly,HARD ROCK CINCINNATI - SEMINOLE HARD ROCK DIGITAL,Hard Rock Bet,Hard Rock Bet,Seminole Tribe / Hard Rock Digital,retail,,191435000,40160400,,0,40160400,,,,0.20978608927312142,30,False,False,OH_2024_sports.pdf,,,,12,0,https://dam.assets.ohio.gov/image/upload/v1732715535/casinocontrol.ohio.gov/revenue-reports/2024/2024_Sports_Gaming_Revenue_Report.pdf.pdf,https://casinocontrol.ohio.gov/about/revenue-reports,OH/screenshots/OH_2024_12_OH_2024_sports_p1.png,"HARD ROCK CINCINNATI - SEMINOLE HARD ROCK DIGITAL 1,914,350 1 ,502,546 10,200 - 401,604 401,604",,2026-04-08T18:42:59.510896
OH,2024-11-01,2024-11-30,monthly,COLUMBUS BLUE JACKETS - FANATICS,Fanatics,Fanatics,Fanatics Inc,retail,,34141200,5452500,,0,5452500,,,,0.15970440406312608,30,False,False,OH_2024_sports.pdf,,,,12,0,https://dam.assets.ohio.gov/image/upload/v1732715535/casinocontrol.ohio.gov/revenue-reports/2024/2024_Sports_Gaming_Revenue_Report.pdf.pdf,https://casinocontrol.ohio.gov/about/revenue-reports,OH/screenshots/OH_2024_12_OH_2024_sports_p1.png,"COLUMBUS BLUE JACKETS - FANATICS 3 41,412 283,652 3 ,235 - 5 4,525 54,525",,2026-04-08T18:42:59.510896
OH,2024-11-01,2024-11-30,monthly,CINCINNATI REDS - BETMGM,BetMGM,BetMGM,Entain/MGM Resorts,retail,,32738900,13121900,,95000,13121900,,,,0.400804547495487,30,False,False,OH_2024_sports.pdf,,,,12,0,https://dam.assets.ohio.gov/image/upload/v1732715535/casinocontrol.ohio.gov/revenue-reports/2024/2024_Sports_Gaming_Revenue_Report.pdf.pdf,https://casinocontrol.ohio.gov/about/revenue-reports,OH/screenshots/OH_2024_12_OH_2024_sports_p1.png,"CINCINNATI REDS - BETMGM 3 27,389 195,010 1 ,160 9 50 131,219 131,219",,2026-04-08T18:42:59.510896
OH,2024-11-01,2024-11-30,monthly,HOLLYWOOD TOLEDO - DRAFTKINGS,DraftKings,DraftKings,DraftKings Inc,online,,32986226200,3788699000,,1047668300,3788699000,,,,0.11485700052587404,30,False,False,OH_2024_sports.pdf,,,,12,0,https://dam.assets.ohio.gov/image/upload/v1732715535/casinocontrol.ohio.gov/revenue-reports/2024/2024_Sports_Gaming_Revenue_Report.pdf.pdf,https://casinocontrol.ohio.gov/about/revenue-reports,OH/screenshots/OH_2024_12_OH_2024_sports_p1.png,"HOLLYWOOD TOLEDO - DRAFTKINGS 3 29,862,262 291,370,321 604,951 10,476,683 3 7,886,990 3 7,886,990",,2026-04-08T18:42:59.510896
OH,2024-11-01,2024-11-30,monthly,BELTERRA PARK - FANDUEL,FanDuel,FanDuel,Flutter Entertainment,retail,,50765500,10602900,,20000,10602900,,,,0.2088603480710325,30,False,False,OH_2024_sports.pdf,,,,12,0,https://dam.assets.ohio.gov/image/upload/v1732715535/casinocontrol.ohio.gov/revenue-reports/2024/2024_Sports_Gaming_Revenue_Report.pdf.pdf,https://casinocontrol.ohio.gov/about/revenue-reports,OH/screenshots/OH_2024_12_OH_2024_sports_p1.png,"BELTERRA PARK - FANDUEL 5 07,655 400,461 1 ,165 2 00 106,029 106,029",,2026-04-08T18:42:59.510896
OH,2024-11-01,2024-11-30,monthly,SCIOTO DOWNS - CAESARS SPORTSBOOK,Caesars Sportsbook,Caesars,Caesars Entertainment,online,,3523620300,174197400,,45999000,174197400,,,,0.04943705200018288,30,False,False,OH_2024_sports.pdf,,,,12,0,https://dam.assets.ohio.gov/image/upload/v1732715535/casinocontrol.ohio.gov/revenue-reports/2024/2024_Sports_Gaming_Revenue_Report.pdf.pdf,https://casinocontrol.ohio.gov/about/revenue-reports,OH/screenshots/OH_2024_12_OH_2024_sports_p1.png,"SCIOTO DOWNS - CAESARS SPORTSBOOK 35,236,203 3 3,389,190 105,039 4 59,990 1,741,974 1 ,741,974",,2026-04-08T18:42:59.510896
OH,2024-11-01,2024-11-30,monthly,MUIRFIELD VILLAGE GOLF CLUB - PARX INTERACTIVE,BetRivers (Gun Lake),BetRivers,Rush Street Interactive,online,,36162500,129400,,35000,129400,,,,0.0035782924300034567,30,False,False,OH_2024_sports.pdf,,,,12,0,https://dam.assets.ohio.gov/image/upload/v1732715535/casinocontrol.ohio.gov/revenue-reports/2024/2024_Sports_Gaming_Revenue_Report.pdf.pdf,https://casinocontrol.ohio.gov/about/revenue-reports,OH/screenshots/OH_2024_12_OH_2024_sports_p1.png,"MUIRFIELD VILLAGE GOLF CLUB - PARX INTERACTIVE 3 61,625 360,029 302 3 50 1,294 1 ,294",,2026-04-08T18:42:59.510896
OH,2024-11-01,2024-11-30,monthly,MIAMI VALLEY GAMING AND RACING - MVGBET,MVGBet,MVGBet,Independent,online,,50827300,3601600,,1927000,3601600,,,,0.07085955775734694,30,False,False,OH_2024_sports.pdf,,,,12,0,https://dam.assets.ohio.gov/image/upload/v1732715535/casinocontrol.ohio.gov/revenue-reports/2024/2024_Sports_Gaming_Revenue_Report.pdf.pdf,https://casinocontrol.ohio.gov/about/revenue-reports,OH/screenshots/OH_2024_12_OH_2024_sports_p1.png,"MIAMI VALLEY GAMING AND RACING - MVGBET 5 08,273 439,231 33,026 1 9,270 3 6,016 36,016",,2026-04-08T18:42:59.510896
OH,2024-11-01,2024-11-30,monthly,MGM NORTHFIELD PARK - BETMGM,BetMGM,BetMGM,Entain/MGM Resorts,online,,7229033900,647406000,,220892400,647406000,,,,0.08955636520116471,30,False,False,OH_2024_sports.pdf,,,,12,0,https://dam.assets.ohio.gov/image/upload/v1732715535/casinocontrol.ohio.gov/revenue-reports/2024/2024_Sports_Gaming_Revenue_Report.pdf.pdf,https://casinocontrol.ohio.gov/about/revenue-reports,OH/screenshots/OH_2024_12_OH_2024_sports_p1.png,"MGM NORTHFIELD PARK - BETMGM 72,290,339 6 5,388,267 428,012 2,208,924 6,474,060 6 ,474,060",,2026-04-08T18:42:59.510896
OH,2024-11-01,2024-11-30,monthly,JACK CLEVELAND (BETJACK),BetJACK,betJACK,JACK Entertainment,online,,776933700,64696900,,16379100,64696900,,,,0.0832720990220916,30,False,False,OH_2024_sports.pdf,,,,12,0,https://dam.assets.ohio.gov/image/upload/v1732715535/casinocontrol.ohio.gov/revenue-reports/2024/2024_Sports_Gaming_Revenue_Report.pdf.pdf,https://casinocontrol.ohio.gov/about/revenue-reports,OH/screenshots/OH_2024_12_OH_2024_sports_p1.png,"JACK CLEVELAND (BETJACK) 7,769,337 7 ,121,630 738 1 63,791 646,969 646,969",,2026-04-08T18:42:59.510896
OH,2025-01-01,2025-01-31,monthly,HARD ROCK CINCINNATI - SEMINOLE HARD ROCK DIGITAL,Hard Rock Bet,Hard Rock Bet,Seminole Tribe / Hard Rock Digital,online,,2285156200,73181900,,23812200,73181900,,,,0.0320249005297756,31,False,False,OH_2025_sports.pdf,,,,2,0,https://dam.assets.ohio.gov/image/upload/v1769793329/casinocontrol.ohio.gov/revenue-reports/2025/Sports/2025_Sports_Gaming_Revenue_Report12.pdf,https://casinocontrol.ohio.gov/about/revenue-reports,OH/screenshots/OH_2025_12_OH_2025_sports_p1.png,"HARD ROCK CINCINNATI - SEMINOLE HARD ROCK DIGITAL 2 2,851,562 21,890,582 2 29,161 238,122 731,819 7 31,819",,2026-04-08T18:43:02.152237
OH,2025-01-01,2025-01-31,monthly,HOF VILLAGE - BETR,Betr,Betr,Betr,online,,249232100,-1834900,,4455300,0,,,,-0.007362213775833851,31,False,False,OH_2025_sports.pdf,,,,2,0,https://dam.assets.ohio.gov/image/upload/v1769793329/casinocontrol.ohio.gov/revenue-reports/2025/Sports/2025_Sports_Gaming_Revenue_Report12.pdf,https://casinocontrol.ohio.gov/about/revenue-reports,OH/screenshots/OH_2025_12_OH_2025_sports_p1.png,"HOF VILLAGE - BETR 2 ,492,321 2,506,980 3,690 44,553 (18,349) -",,2026-04-08T18:43:02.152237
OH,2025-01-01,2025-01-31,monthly,HOLLYWOOD COLUMBUS - PENN INTERACTIVE (ESPN BET),ESPN BET,ESPN Bet,PENN Entertainment,online,,3504407700,232750300,,82627200,232750300,,,,0.0664164446391326,31,False,False,OH_2025_sports.pdf,,,,2,0,https://dam.assets.ohio.gov/image/upload/v1769793329/casinocontrol.ohio.gov/revenue-reports/2025/Sports/2025_Sports_Gaming_Revenue_Report12.pdf,https://casinocontrol.ohio.gov/about/revenue-reports,OH/screenshots/OH_2025_12_OH_2025_sports_p1.png,"HOLLYWOOD COLUMBUS - PENN INTERACTIVE (ESPN BET) 3 5,044,077 32,687,108 29,466 826,272 2 ,327,503 2,327,503",,2026-04-08T18:43:02.152237
OH,2025-03-01,2025-03-31,monthly,"GENEVA SPORTS, LLC - PRIME SPORTS",Prime Sports,Prime Sports,Independent,online,,523924900,962400,,13674000,962400,,,,0.001836904487646989,31,False,False,OH_2025_sports.pdf,,,,4,0,https://dam.assets.ohio.gov/image/upload/v1769793329/casinocontrol.ohio.gov/revenue-reports/2025/Sports/2025_Sports_Gaming_Revenue_Report12.pdf,https://casinocontrol.ohio.gov/about/revenue-reports,OH/screenshots/OH_2025_12_OH_2025_sports_p1.png,"GENEVA SPORTS, LLC - PRIME SPORTS 5 ,239,249 5,200,223 29,402 136,740 9 ,624 9,624",,2026-04-08T18:43:02.152237
OH,2025-03-01,2025-03-31,monthly,COLUMBUS BLUE JACKETS - FANATICS,Fanatics,Fanatics,Fanatics Inc,online,,4924005000,247815000,,226034700,247815000,,,,0.050327934273015566,31,False,False,OH_2025_sports.pdf,,,,4,0,https://dam.assets.ohio.gov/image/upload/v1769793329/casinocontrol.ohio.gov/revenue-reports/2025/Sports/2025_Sports_Gaming_Revenue_Report12.pdf,https://casinocontrol.ohio.gov/about/revenue-reports,OH/screenshots/OH_2025_12_OH_2025_sports_p1.png,"COLUMBUS BLUE JACKETS - FANATICS 4 9,240,050 46,666,114 95,786 2 ,260,347 2 ,478,150 2,478,150",,2026-04-08T18:43:02.152237
OH,2025-03-01,2025-03-31,monthly,CLEVELAND GUARDIANS - BET365,bet365,bet365,bet365 Group,online,,8993645600,457831700,,147766000,457831700,,,,0.050906130879784725,31,False,False,OH_2025_sports.pdf,,,,4,0,https://dam.assets.ohio.gov/image/upload/v1769793329/casinocontrol.ohio.gov/revenue-reports/2025/Sports/2025_Sports_Gaming_Revenue_Report12.pdf,https://casinocontrol.ohio.gov/about/revenue-reports,OH/screenshots/OH_2025_12_OH_2025_sports_p1.png,"CLEVELAND GUARDIANS - BET365 8 9,936,456 81,766,637 3,591,502 1 ,477,660 4 ,578,317 4,578,317",,2026-04-08T18:43:02.152237
OH,2025-03-01,2025-03-31,monthly,CLEVELAND BROWNS - BALLY'S INTERACTIVE,Bally Bet,Bally Bet,Bally's Corporation,online,,333837900,11281200,,6164000,11281200,,,,0.033792448370900965,31,False,False,OH_2025_sports.pdf,,,,4,0,https://dam.assets.ohio.gov/image/upload/v1769793329/casinocontrol.ohio.gov/revenue-reports/2025/Sports/2025_Sports_Gaming_Revenue_Report12.pdf,https://casinocontrol.ohio.gov/about/revenue-reports,OH/screenshots/OH_2025_12_OH_2025_sports_p1.png,"CLEVELAND BROWNS - BALLY'S INTERACTIVE 3 ,338,379 3,198,398 27,169 61,640 112,812 1 12,812",,2026-04-08T18:43:02.152237
OH,2025-03-01,2025-03-31,monthly,BELTERRA PARK - FANDUEL,FanDuel,FanDuel,Flutter Entertainment,online,,32654826700,2629932100,,1038169800,2629932100,,,,0.08053731609606123,31,False,False,OH_2025_sports.pdf,,,,4,0,https://dam.assets.ohio.gov/image/upload/v1769793329/casinocontrol.ohio.gov/revenue-reports/2025/Sports/2025_Sports_Gaming_Revenue_Report12.pdf,https://casinocontrol.ohio.gov/about/revenue-reports,OH/screenshots/OH_2025_12_OH_2025_sports_p1.png,"BELTERRA PARK - FANDUEL 326,548,267 2 99,349,025 8 99,921 10,381,698 2 6,299,321 26,299,321",,2026-04-08T18:43:02.152237
OH,2025-02-01,2025-02-28,monthly,SCIOTO DOWNS - CAESARS SPORTSBOOK,Caesars Sportsbook,Caesars,Caesars Entertainment,retail,,102813600,7286600,,0,7286600,,,,0.07087194690196627,28,False,False,OH_2025_sports.pdf,,,,3,0,https://dam.assets.ohio.gov/image/upload/v1769793329/casinocontrol.ohio.gov/revenue-reports/2025/Sports/2025_Sports_Gaming_Revenue_Report12.pdf,https://casinocontrol.ohio.gov/about/revenue-reports,OH/screenshots/OH_2025_12_OH_2025_sports_p1.png,"SCIOTO DOWNS - CAESARS SPORTSBOOK 1 ,028,136 9 52,859 2,411 - 7 2,866 72,866",,2026-04-08T18:43:02.152237
OH,2025-02-01,2025-02-28,monthly,MIAMI VALLEY GAMING AND RACING,MVGBet,MVGBet,Independent,retail,,39524700,1151000,,0,1151000,,,,0.029121030646658923,28,False,False,OH_2025_sports.pdf,,,,3,0,https://dam.assets.ohio.gov/image/upload/v1769793329/casinocontrol.ohio.gov/revenue-reports/2025/Sports/2025_Sports_Gaming_Revenue_Report12.pdf,https://casinocontrol.ohio.gov/about/revenue-reports,OH/screenshots/OH_2025_12_OH_2025_sports_p1.png,"MIAMI VALLEY GAMING AND RACING 395,247 3 83,727 1 0 - 1 1,510 11,510",,2026-04-08T18:43:02.152237
OH,2025-02-01,2025-02-28,monthly,JACK THISTLEDOWN - BETJACK,betJACK,betJACK,JACK Entertainment,retail,,125171000,14035700,,0,14035700,,,,0.11213220314609613,28,False,False,OH_2025_sports.pdf,,,,3,0,https://dam.assets.ohio.gov/image/upload/v1769793329/casinocontrol.ohio.gov/revenue-reports/2025/Sports/2025_Sports_Gaming_Revenue_Report12.pdf,https://casinocontrol.ohio.gov/about/revenue-reports,OH/screenshots/OH_2025_12_OH_2025_sports_p1.png,"JACK THISTLEDOWN - BETJACK 1 ,251,710 1,110,527 8 26 - 140,357 1 40,357",,2026-04-08T18:43:02.152237
OH,2025-02-01,2025-02-28,monthly,JACK CLEVELAND - BETJACK,BetJACK,betJACK,JACK Entertainment,retail,,135007000,14275500,,0,14275500,,,,0.10573896168346826,28,False,False,OH_2025_sports.pdf,,,,3,0,https://dam.assets.ohio.gov/image/upload/v1769793329/casinocontrol.ohio.gov/revenue-reports/2025/Sports/2025_Sports_Gaming_Revenue_Report12.pdf,https://casinocontrol.ohio.gov/about/revenue-reports,OH/screenshots/OH_2025_12_OH_2025_sports_p1.png,"JACK CLEVELAND - BETJACK 1 ,350,070 1,202,195 5,120 - 142,755 1 42,755",,2026-04-08T18:43:02.152237
OH,2025-02-01,2025-02-28,monthly,HOLLYWOOD TOLEDO,Hollywood Toledo,ESPN Bet,PENN Entertainment,retail,,84941900,-3921800,,0,0,,,,-0.0461703823436961,28,False,False,OH_2025_sports.pdf,,,,3,0,https://dam.assets.ohio.gov/image/upload/v1769793329/casinocontrol.ohio.gov/revenue-reports/2025/Sports/2025_Sports_Gaming_Revenue_Report12.pdf,https://casinocontrol.ohio.gov/about/revenue-reports,OH/screenshots/OH_2025_12_OH_2025_sports_p1.png,"HOLLYWOOD TOLEDO 849,419 8 87,406 1,231 - (39,218) -",,2026-04-08T18:43:02.152237
OH,2025-02-01,2025-02-28,monthly,HOLLYWOOD GAMING AT MAHONING VALLEY,Hollywood Mahoning Valley,ESPN Bet,PENN Entertainment,retail,,117476600,-254600,,0,0,,,,-0.0021672401142014664,28,False,False,OH_2025_sports.pdf,,,,3,0,https://dam.assets.ohio.gov/image/upload/v1769793329/casinocontrol.ohio.gov/revenue-reports/2025/Sports/2025_Sports_Gaming_Revenue_Report12.pdf,https://casinocontrol.ohio.gov/about/revenue-reports,OH/screenshots/OH_2025_12_OH_2025_sports_p1.png,"HOLLYWOOD GAMING AT MAHONING VALLEY 1 ,174,766 1,176,128 1,184 - (2,546) -",,2026-04-08T18:43:02.152237
OH,2025-02-01,2025-02-28,monthly,HOLLYWOOD GAMING AT DAYTON RACEWAY,Hollywood Dayton,ESPN Bet,PENN Entertainment,retail,,86718500,11531900,,0,11531900,,,,0.13298085183668998,28,False,False,OH_2025_sports.pdf,,,,3,0,https://dam.assets.ohio.gov/image/upload/v1769793329/casinocontrol.ohio.gov/revenue-reports/2025/Sports/2025_Sports_Gaming_Revenue_Report12.pdf,https://casinocontrol.ohio.gov/about/revenue-reports,OH/screenshots/OH_2025_12_OH_2025_sports_p1.png,"HOLLYWOOD GAMING AT DAYTON RACEWAY 867,185 7 45,686 6,180 - 115,319 1 15,319",,2026-04-08T18:43:02.152237
OH,2025-02-01,2025-02-28,monthly,HOLLYWOOD COLUMBUS,Hollywood Columbus,ESPN Bet,PENN Entertainment,retail,,201332800,5698800,,0,5698800,,,,0.028305372994365547,28,False,False,OH_2025_sports.pdf,,,,3,0,https://dam.assets.ohio.gov/image/upload/v1769793329/casinocontrol.ohio.gov/revenue-reports/2025/Sports/2025_Sports_Gaming_Revenue_Report12.pdf,https://casinocontrol.ohio.gov/about/revenue-reports,OH/screenshots/OH_2025_12_OH_2025_sports_p1.png,"HOLLYWOOD COLUMBUS 2 ,013,328 1,948,928 7,412 - 5 6,988 56,988",,2026-04-08T18:43:02.152237
OH,2025-02-01,2025-02-28,monthly,HARD ROCK CINCINNATI - SEMINOLE HARD ROCK DIGITAL,Hard Rock Bet,Hard Rock Bet,Seminole Tribe / Hard Rock Digital,retail,,124853000,2531100,,0,2531100,,,,0.02027264062537544,28,False,False,OH_2025_sports.pdf,,,,3,0,https://dam.assets.ohio.gov/image/upload/v1769793329/casinocontrol.ohio.gov/revenue-reports/2025/Sports/2025_Sports_Gaming_Revenue_Report12.pdf,https://casinocontrol.ohio.gov/about/revenue-reports,OH/screenshots/OH_2025_12_OH_2025_sports_p1.png,"HARD ROCK CINCINNATI - SEMINOLE HARD ROCK DIGITAL 1 ,248,530 1,218,215 5,004 - 2 5,311 25,311",,2026-04-08T18:43:02.152237
OH,2025-03-01,2025-03-31,monthly,HARD ROCK CINCINNATI - SEMINOLE HARD ROCK DIGITAL,Hard Rock Bet,Hard Rock Bet,Seminole Tribe / Hard Rock Digital,online,,1628543400,96629500,,15738100,96629500,,,,0.059334924694054825,31,False,False,OH_2025_sports.pdf,,,,4,0,https://dam.assets.ohio.gov/image/upload/v1769793329/casinocontrol.ohio.gov/revenue-reports/2025/Sports/2025_Sports_Gaming_Revenue_Report12.pdf,https://casinocontrol.ohio.gov/about/revenue-reports,OH/screenshots/OH_2025_12_OH_2025_sports_p1.png,"HARD ROCK CINCINNATI - SEMINOLE HARD ROCK DIGITAL 1 6,285,434 15,200,997 1 18,142 157,381 966,295 9 66,295",,2026-04-08T18:43:02.152237
OH,2025-03-01,2025-03-31,monthly,HOF VILLAGE - BETR,Betr,Betr,Betr,online,,66518500,1535900,,721000,1535900,,,,0.023089817118545967,31,False,False,OH_2025_sports.pdf,,,,4,0,https://dam.assets.ohio.gov/image/upload/v1769793329/casinocontrol.ohio.gov/revenue-reports/2025/Sports/2025_Sports_Gaming_Revenue_Report12.pdf,https://casinocontrol.ohio.gov/about/revenue-reports,OH/screenshots/OH_2025_12_OH_2025_sports_p1.png,"HOF VILLAGE - BETR 665,185 6 46,249 3,577 7 ,210 1 5,359 15,359",,2026-04-08T18:43:02.152237
OH,2025-03-01,2025-03-31,monthly,HOLLYWOOD COLUMBUS - PENN INTERACTIVE (ESPN BET),ESPN BET,ESPN Bet,PENN Entertainment,online,,3812268300,178853200,,131517700,178853200,,,,0.046915165965627344,31,False,False,OH_2025_sports.pdf,,,,4,0,https://dam.assets.ohio.gov/image/upload/v1769793329/casinocontrol.ohio.gov/revenue-reports/2025/Sports/2025_Sports_Gaming_Revenue_Report12.pdf,https://casinocontrol.ohio.gov/about/revenue-reports,OH/screenshots/OH_2025_12_OH_2025_sports_p1.png,"HOLLYWOOD COLUMBUS - PENN INTERACTIVE (ESPN BET) 3 8,122,683 36,308,039 26,112 1 ,315,177 1 ,788,532 1,788,532",,2026-04-08T18:43:02.152237
OH,2025-03-01,2025-03-31,monthly,COLUMBUS BLUE JACKETS - FANATICS,Fanatics,Fanatics,Fanatics Inc,retail,,51406700,-179200,,0,0,,,,-0.003485926931703455,31,False,False,OH_2025_sports.pdf,,,,4,0,https://dam.assets.ohio.gov/image/upload/v1769793329/casinocontrol.ohio.gov/revenue-reports/2025/Sports/2025_Sports_Gaming_Revenue_Report12.pdf,https://casinocontrol.ohio.gov/about/revenue-reports,OH/screenshots/OH_2025_12_OH_2025_sports_p1.png,"COLUMBUS BLUE JACKETS - FANATICS 514,067 5 08,189 7,670 - (1,792) -",,2026-04-08T18:43:02.152237
OH,2025-03-01,2025-03-31,monthly,JACK CLEVELAND - BETJACK,BetJACK,betJACK,JACK Entertainment,retail,,185030500,24129900,,0,24129900,,,,0.13041039180027075,31,False,False,OH_2025_sports.pdf,,,,4,0,https://dam.assets.ohio.gov/image/upload/v1769793329/casinocontrol.ohio.gov/revenue-reports/2025/Sports/2025_Sports_Gaming_Revenue_Report12.pdf,https://casinocontrol.ohio.gov/about/revenue-reports,OH/screenshots/OH_2025_12_OH_2025_sports_p1.png,"JACK CLEVELAND - BETJACK 1 ,850,305 1,603,177 5,829 - 241,299 2 41,299",,2026-04-08T18:43:02.152237
OH,2025-03-01,2025-03-31,monthly,HOLLYWOOD TOLEDO,Hollywood Toledo,ESPN Bet,PENN Entertainment,retail,,133673400,-1204900,,0,0,,,,-0.00901376040408937,31,False,False,OH_2025_sports.pdf,,,,4,0,https://dam.assets.ohio.gov/image/upload/v1769793329/casinocontrol.ohio.gov/revenue-reports/2025/Sports/2025_Sports_Gaming_Revenue_Report12.pdf,https://casinocontrol.ohio.gov/about/revenue-reports,OH/screenshots/OH_2025_12_OH_2025_sports_p1.png,"HOLLYWOOD TOLEDO 1 ,336,734 1,347,732 1,051 - (12,049) -",,2026-04-08T18:43:02.152237
OH,2025-03-01,2025-03-31,monthly,HOLLYWOOD GAMING AT MAHONING VALLEY,Hollywood Mahoning Valley,ESPN Bet,PENN Entertainment,retail,,151797100,13405300,,0,13405300,,,,0.0883106462508177,31,False,False,OH_2025_sports.pdf,,,,4,0,https://dam.assets.ohio.gov/image/upload/v1769793329/casinocontrol.ohio.gov/revenue-reports/2025/Sports/2025_Sports_Gaming_Revenue_Report12.pdf,https://casinocontrol.ohio.gov/about/revenue-reports,OH/screenshots/OH_2025_12_OH_2025_sports_p1.png,"HOLLYWOOD GAMING AT MAHONING VALLEY 1 ,517,971 1,382,934 9 84 - 134,053 1 34,053",,2026-04-08T18:43:02.152237
OH,2025-03-01,2025-03-31,monthly,HOLLYWOOD GAMING AT DAYTON RACEWAY,Hollywood Dayton,ESPN Bet,PENN Entertainment,retail,,124188900,10231500,,0,10231500,,,,0.08238659010587902,31,False,False,OH_2025_sports.pdf,,,,4,0,https://dam.assets.ohio.gov/image/upload/v1769793329/casinocontrol.ohio.gov/revenue-reports/2025/Sports/2025_Sports_Gaming_Revenue_Report12.pdf,https://casinocontrol.ohio.gov/about/revenue-reports,OH/screenshots/OH_2025_12_OH_2025_sports_p1.png,"HOLLYWOOD GAMING AT DAYTON RACEWAY 1 ,241,889 1,137,358 2,216 - 102,315 1 02,315",,2026-04-08T18:43:02.152237
OH,2025-03-01,2025-03-31,monthly,HOLLYWOOD COLUMBUS,Hollywood Columbus,ESPN Bet,PENN Entertainment,retail,,279710900,26809400,,0,26809400,,,,0.09584681898345757,31,False,False,OH_2025_sports.pdf,,,,4,0,https://dam.assets.ohio.gov/image/upload/v1769793329/casinocontrol.ohio.gov/revenue-reports/2025/Sports/2025_Sports_Gaming_Revenue_Report12.pdf,https://casinocontrol.ohio.gov/about/revenue-reports,OH/screenshots/OH_2025_12_OH_2025_sports_p1.png,"HOLLYWOOD COLUMBUS 2 ,797,109 2,524,831 4,184 - 268,094 2 68,094",,2026-04-08T18:43:02.152237
OH,2025-03-01,2025-03-31,monthly,HARD ROCK CINCINNATI - SEMINOLE HARD ROCK DIGITAL,Hard Rock Bet,Hard Rock Bet,Seminole Tribe / Hard Rock Digital,retail,,162569600,13569700,,0,13569700,,,,0.08347009526996438,31,False,False,OH_2025_sports.pdf,,,,4,0,https://dam.assets.ohio.gov/image/upload/v1769793329/casinocontrol.ohio.gov/revenue-reports/2025/Sports/2025_Sports_Gaming_Revenue_Report12.pdf,https://casinocontrol.ohio.gov/about/revenue-reports,OH/screenshots/OH_2025_12_OH_2025_sports_p1.png,"HARD ROCK CINCINNATI - SEMINOLE HARD ROCK DIGITAL 1 ,625,696 1,482,167 7,832 - 135,697 1 35,697",,2026-04-08T18:43:02.152237
OH,2025-03-01,2025-03-31,monthly,"HOLLYWOOD GAMING AT DAYTON RACEWAY - RSI OH, LLC",BetRivers,BetRivers,Rush Street Interactive,online,,642819300,21599500,,8133600,21599500,,,,0.03360120021287475,31,False,False,OH_2025_sports.pdf,,,,4,0,https://dam.assets.ohio.gov/image/upload/v1769793329/casinocontrol.ohio.gov/revenue-reports/2025/Sports/2025_Sports_Gaming_Revenue_Report12.pdf,https://casinocontrol.ohio.gov/about/revenue-reports,OH/screenshots/OH_2025_12_OH_2025_sports_p1.png,"HOLLYWOOD GAMING AT DAYTON RACEWAY - RSI OH, LLC 6 ,428,193 6,205,724 6,474 81,336 215,995 2 15,995",,2026-04-08T18:43:02.152237
OH,2025-03-01,2025-03-31,monthly,BELTERRA PARK - FANDUEL,FanDuel,FanDuel,Flutter Entertainment,retail,,46921200,5920200,,187000,5920200,,,,0.1261732436510575,31,False,False,OH_2025_sports.pdf,,,,4,0,https://dam.assets.ohio.gov/image/upload/v1769793329/casinocontrol.ohio.gov/revenue-reports/2025/Sports/2025_Sports_Gaming_Revenue_Report12.pdf,https://casinocontrol.ohio.gov/about/revenue-reports,OH/screenshots/OH_2025_12_OH_2025_sports_p1.png,"BELTERRA PARK - FANDUEL 469,212 4 07,630 2,380 1 ,870 5 9,202 59,202",,2026-04-08T18:43:02.152237
OH,2025-03-01,2025-03-31,monthly,SCIOTO DOWNS - CAESARS SPORTSBOOK,Caesars Sportsbook,Caesars,Caesars Entertainment,online,,3972118500,225029200,,73236200,225029200,,,,0.056652186987875615,31,False,False,OH_2025_sports.pdf,,,,4,0,https://dam.assets.ohio.gov/image/upload/v1769793329/casinocontrol.ohio.gov/revenue-reports/2025/Sports/2025_Sports_Gaming_Revenue_Report12.pdf,https://casinocontrol.ohio.gov/about/revenue-reports,OH/screenshots/OH_2025_12_OH_2025_sports_p1.png,"SCIOTO DOWNS - CAESARS SPORTSBOOK 3 9,721,185 37,313,051 1 57,842 732,362 2 ,250,292 2,250,292",,2026-04-08T18:43:02.152237
OH,2025-03-01,2025-03-31,monthly,MIAMI VALLEY GAMING AND RACING - MVGBET,MVGBet,MVGBet,Independent,online,,67543300,9794900,,6852900,9794900,,,,0.1450166041635514,31,False,False,OH_2025_sports.pdf,,,,4,0,https://dam.assets.ohio.gov/image/upload/v1769793329/casinocontrol.ohio.gov/revenue-reports/2025/Sports/2025_Sports_Gaming_Revenue_Report12.pdf,https://casinocontrol.ohio.gov/about/revenue-reports,OH/screenshots/OH_2025_12_OH_2025_sports_p1.png,"MIAMI VALLEY GAMING AND RACING - MVGBET 675,433 5 74,236 3,248 68,529 9 7,949 97,949",,2026-04-08T18:43:02.152237
OH,2025-03-01,2025-03-31,monthly,MGM NORTHFIELD PARK - BETMGM,BetMGM,BetMGM,Entain/MGM Resorts,online,,7445435500,232934000,,175583500,232934000,,,,0.03128547685357022,31,False,False,OH_2025_sports.pdf,,,,4,0,https://dam.assets.ohio.gov/image/upload/v1769793329/casinocontrol.ohio.gov/revenue-reports/2025/Sports/2025_Sports_Gaming_Revenue_Report12.pdf,https://casinocontrol.ohio.gov/about/revenue-reports,OH/screenshots/OH_2025_12_OH_2025_sports_p1.png,"MGM NORTHFIELD PARK - BETMGM 7 4,454,355 71,876,773 2 48,242 1 ,755,835 2 ,329,340 2,329,340",,2026-04-08T18:43:02.152237
OH,2025-03-01,2025-03-31,monthly,JACK CLEVELAND (BETJACK),BetJACK,betJACK,JACK Entertainment,online,,545803800,32834900,,4308500,32834900,,,,0.06015879698895464,31,False,False,OH_2025_sports.pdf,,,,4,0,https://dam.assets.ohio.gov/image/upload/v1769793329/casinocontrol.ohio.gov/revenue-reports/2025/Sports/2025_Sports_Gaming_Revenue_Report12.pdf,https://casinocontrol.ohio.gov/about/revenue-reports,OH/screenshots/OH_2025_12_OH_2025_sports_p1.png,"JACK CLEVELAND (BETJACK) 5 ,458,038 5,126,289 3,400 43,085 328,349 3 28,349",,2026-04-08T18:43:02.152237
OH,2025-03-01,2025-03-31,monthly,HOLLYWOOD TOLEDO - DRAFTKINGS,DraftKings,DraftKings,DraftKings Inc,online,,31673973000,2270741000,,828351400,2270741000,,,,0.07169106950997274,31,False,False,OH_2025_sports.pdf,,,,4,0,https://dam.assets.ohio.gov/image/upload/v1769793329/casinocontrol.ohio.gov/revenue-reports/2025/Sports/2025_Sports_Gaming_Revenue_Report12.pdf,https://casinocontrol.ohio.gov/about/revenue-reports,OH/screenshots/OH_2025_12_OH_2025_sports_p1.png,"HOLLYWOOD TOLEDO - DRAFTKINGS 316,739,730 2 93,121,781 9 10,539 8 ,283,514 2 2,707,410 22,707,410",,2026-04-08T18:43:02.152237
OH,2025-02-01,2025-02-28,monthly,COLUMBUS BLUE JACKETS - FANATICS,Fanatics,Fanatics,Fanatics Inc,retail,,16466700,-361500,,0,0,,,,-0.021953396855471954,28,False,False,OH_2025_sports.pdf,,,,3,0,https://dam.assets.ohio.gov/image/upload/v1769793329/casinocontrol.ohio.gov/revenue-reports/2025/Sports/2025_Sports_Gaming_Revenue_Report12.pdf,https://casinocontrol.ohio.gov/about/revenue-reports,OH/screenshots/OH_2025_12_OH_2025_sports_p1.png,"COLUMBUS BLUE JACKETS - FANATICS 164,667 1 68,142 1 40 - (3,615) -",,2026-04-08T18:43:02.152237
OH,2025-02-01,2025-02-28,monthly,CINCINNATI REDS - BETMGM,BetMGM,BetMGM,Entain/MGM Resorts,retail,,31935100,-23522000,,0,0,,,,-0.7365563283033402,28,False,False,OH_2025_sports.pdf,,,,3,0,https://dam.assets.ohio.gov/image/upload/v1769793329/casinocontrol.ohio.gov/revenue-reports/2025/Sports/2025_Sports_Gaming_Revenue_Report12.pdf,https://casinocontrol.ohio.gov/about/revenue-reports,OH/screenshots/OH_2025_12_OH_2025_sports_p1.png,"CINCINNATI REDS - BETMGM 319,351 5 47,780 6,791 - ( 235,220) -",,2026-04-08T18:43:02.152237
OH,2025-01-01,2025-01-31,monthly,"HOLLYWOOD GAMING AT DAYTON RACEWAY - RSI OH, LLC",BetRivers,BetRivers,Rush Street Interactive,online,,667380200,35892200,,9095800,35892200,,,,0.05378073847560955,31,False,False,OH_2025_sports.pdf,,,,2,0,https://dam.assets.ohio.gov/image/upload/v1769793329/casinocontrol.ohio.gov/revenue-reports/2025/Sports/2025_Sports_Gaming_Revenue_Report12.pdf,https://casinocontrol.ohio.gov/about/revenue-reports,OH/screenshots/OH_2025_12_OH_2025_sports_p1.png,"HOLLYWOOD GAMING AT DAYTON RACEWAY - RSI OH, LLC 6 ,673,802 6,288,930 25,950 90,958 358,922 3 58,922",,2026-04-08T18:43:02.152237
OH,2025-02-01,2025-02-28,monthly,BELTERRA PARK - FANDUEL,FanDuel,FanDuel,Flutter Entertainment,retail,,26762600,1377100,,105000,1377100,,,,0.05145613654876582,28,False,False,OH_2025_sports.pdf,,,,3,0,https://dam.assets.ohio.gov/image/upload/v1769793329/casinocontrol.ohio.gov/revenue-reports/2025/Sports/2025_Sports_Gaming_Revenue_Report12.pdf,https://casinocontrol.ohio.gov/about/revenue-reports,OH/screenshots/OH_2025_12_OH_2025_sports_p1.png,"BELTERRA PARK - FANDUEL 267,626 2 53,594 2 61 1 ,050 1 3,771 13,771",,2026-04-08T18:43:02.152237
OH,2025-01-01,2025-01-31,monthly,JACK CLEVELAND - BETJACK,BetJACK,betJACK,JACK Entertainment,retail,,234748700,13477300,,0,13477300,,,,0.05741160653924814,31,False,False,OH_2025_sports.pdf,,,,2,0,https://dam.assets.ohio.gov/image/upload/v1769793329/casinocontrol.ohio.gov/revenue-reports/2025/Sports/2025_Sports_Gaming_Revenue_Report12.pdf,https://casinocontrol.ohio.gov/about/revenue-reports,OH/screenshots/OH_2025_12_OH_2025_sports_p1.png,"JACK CLEVELAND - BETJACK 2 ,347,487 2,193,891 18,823 - 134,773 1 34,773",,2026-04-08T18:43:02.152237
OH,2025-01-01,2025-01-31,monthly,HOLLYWOOD TOLEDO,Hollywood Toledo,ESPN Bet,PENN Entertainment,retail,,123010100,3709000,,0,3709000,,,,0.030151995649137755,31,False,False,OH_2025_sports.pdf,,,,2,0,https://dam.assets.ohio.gov/image/upload/v1769793329/casinocontrol.ohio.gov/revenue-reports/2025/Sports/2025_Sports_Gaming_Revenue_Report12.pdf,https://casinocontrol.ohio.gov/about/revenue-reports,OH/screenshots/OH_2025_12_OH_2025_sports_p1.png,"HOLLYWOOD TOLEDO 1 ,230,101 1,176,831 16,180 - 3 7,090 37,090",,2026-04-08T18:43:02.152237
OH,2025-01-01,2025-01-31,monthly,HOLLYWOOD GAMING AT MAHONING VALLEY,Hollywood Mahoning Valley,ESPN Bet,PENN Entertainment,retail,,192973000,-20224400,,0,0,,,,-0.10480429904701694,31,False,False,OH_2025_sports.pdf,,,,2,0,https://dam.assets.ohio.gov/image/upload/v1769793329/casinocontrol.ohio.gov/revenue-reports/2025/Sports/2025_Sports_Gaming_Revenue_Report12.pdf,https://casinocontrol.ohio.gov/about/revenue-reports,OH/screenshots/OH_2025_12_OH_2025_sports_p1.png,"HOLLYWOOD GAMING AT MAHONING VALLEY 1 ,929,730 2,123,671 8,303 - ( 202,244) -",,2026-04-08T18:43:02.152237
OH,2025-01-01,2025-01-31,monthly,HOLLYWOOD GAMING AT DAYTON RACEWAY,Hollywood Dayton,ESPN Bet,PENN Entertainment,retail,,105451300,2919200,,0,2919200,,,,0.02768292093127349,31,False,False,OH_2025_sports.pdf,,,,2,0,https://dam.assets.ohio.gov/image/upload/v1769793329/casinocontrol.ohio.gov/revenue-reports/2025/Sports/2025_Sports_Gaming_Revenue_Report12.pdf,https://casinocontrol.ohio.gov/about/revenue-reports,OH/screenshots/OH_2025_12_OH_2025_sports_p1.png,"HOLLYWOOD GAMING AT DAYTON RACEWAY 1 ,054,513 1,021,708 3,613 - 2 9,192 29,192",,2026-04-08T18:43:02.152237
OH,2025-01-01,2025-01-31,monthly,HOLLYWOOD COLUMBUS,Hollywood Columbus,ESPN Bet,PENN Entertainment,retail,,284392900,-32175300,,0,0,,,,-0.11313679068640603,31,False,False,OH_2025_sports.pdf,,,,2,0,https://dam.assets.ohio.gov/image/upload/v1769793329/casinocontrol.ohio.gov/revenue-reports/2025/Sports/2025_Sports_Gaming_Revenue_Report12.pdf,https://casinocontrol.ohio.gov/about/revenue-reports,OH/screenshots/OH_2025_12_OH_2025_sports_p1.png,"HOLLYWOOD COLUMBUS 2 ,843,929 3,159,850 5,832 - ( 321,753) -",,2026-04-08T18:43:02.152237
OH,2025-01-01,2025-01-31,monthly,HARD ROCK CINCINNATI - SEMINOLE HARD ROCK DIGITAL,Hard Rock Bet,Hard Rock Bet,Seminole Tribe / Hard Rock Digital,retail,,171638100,8773900,,0,8773900,,,,0.05111860362005872,31,False,False,OH_2025_sports.pdf,,,,2,0,https://dam.assets.ohio.gov/image/upload/v1769793329/casinocontrol.ohio.gov/revenue-reports/2025/Sports/2025_Sports_Gaming_Revenue_Report12.pdf,https://casinocontrol.ohio.gov/about/revenue-reports,OH/screenshots/OH_2025_12_OH_2025_sports_p1.png,"HARD ROCK CINCINNATI - SEMINOLE HARD ROCK DIGITAL 1 ,716,381 1,611,974 16,668 - 8 7,739 87,739",,2026-04-08T18:43:02.152237
OH,2025-01-01,2025-01-31,monthly,CLEVELAND GUARDIANS - FANATICS,Fanatics,Fanatics,Fanatics Inc,retail,,4164300,994700,,0,994700,,,,0.23886367456715416,31,False,False,OH_2025_sports.pdf,,,,2,0,https://dam.assets.ohio.gov/image/upload/v1769793329/casinocontrol.ohio.gov/revenue-reports/2025/Sports/2025_Sports_Gaming_Revenue_Report12.pdf,https://casinocontrol.ohio.gov/about/revenue-reports,OH/screenshots/OH_2025_12_OH_2025_sports_p1.png,"CLEVELAND GUARDIANS - FANATICS 41,643 31,688 8 - 9 ,947 9,947",,2026-04-08T18:43:02.152237
OH,2025-01-01,2025-01-31,monthly,BELTERRA PARK - FANDUEL,FanDuel,FanDuel,Flutter Entertainment,retail,,49216200,-521100,,20000,0,,,,-0.010587977129481755,31,False,False,OH_2025_sports.pdf,,,,2,0,https://dam.assets.ohio.gov/image/upload/v1769793329/casinocontrol.ohio.gov/revenue-reports/2025/Sports/2025_Sports_Gaming_Revenue_Report12.pdf,https://casinocontrol.ohio.gov/about/revenue-reports,OH/screenshots/OH_2025_12_OH_2025_sports_p1.png,"BELTERRA PARK - FANDUEL 492,162 4 94,360 3,013 200 (5,211) -",,2026-04-08T18:43:02.152237
OH,2025-01-01,2025-01-31,monthly,SCIOTO DOWNS - CAESARS SPORTSBOOK,Caesars Sportsbook,Caesars,Caesars Entertainment,online,,3371496200,163426200,,47569500,163426200,,,,0.04847290054783392,31,False,False,OH_2025_sports.pdf,,,,2,0,https://dam.assets.ohio.gov/image/upload/v1769793329/casinocontrol.ohio.gov/revenue-reports/2025/Sports/2025_Sports_Gaming_Revenue_Report12.pdf,https://casinocontrol.ohio.gov/about/revenue-reports,OH/screenshots/OH_2025_12_OH_2025_sports_p1.png,"SCIOTO DOWNS - CAESARS SPORTSBOOK 3 3,714,962 31,896,983 1 83,717 475,695 1 ,634,262 1,634,262",,2026-04-08T18:43:02.152237
OH,2025-01-01,2025-01-31,monthly,MIAMI VALLEY GAMING AND RACING - MVGBET,MVGBet,MVGBet,Independent,online,,41556300,5431200,,1174600,5431200,,,,0.1306949848759394,31,False,False,OH_2025_sports.pdf,,,,2,0,https://dam.assets.ohio.gov/image/upload/v1769793329/casinocontrol.ohio.gov/revenue-reports/2025/Sports/2025_Sports_Gaming_Revenue_Report12.pdf,https://casinocontrol.ohio.gov/about/revenue-reports,OH/screenshots/OH_2025_12_OH_2025_sports_p1.png,"MIAMI VALLEY GAMING AND RACING - MVGBET 415,563 3 58,030 3,221 11,746 5 4,312 54,312",,2026-04-08T18:43:02.152237
OH,2025-01-01,2025-01-31,monthly,MGM NORTHFIELD PARK - BETMGM,BetMGM,BetMGM,Entain/MGM Resorts,online,,7190080800,412373200,,189807700,412373200,,,,0.057353068966902294,31,False,False,OH_2025_sports.pdf,,,,2,0,https://dam.assets.ohio.gov/image/upload/v1769793329/casinocontrol.ohio.gov/revenue-reports/2025/Sports/2025_Sports_Gaming_Revenue_Report12.pdf,https://casinocontrol.ohio.gov/about/revenue-reports,OH/screenshots/OH_2025_12_OH_2025_sports_p1.png,"MGM NORTHFIELD PARK - BETMGM 7 1,900,808 67,339,425 4 37,651 1 ,898,077 4 ,123,732 4,123,732",,2026-04-08T18:43:02.152237
OH,2025-01-01,2025-01-31,monthly,JACK CLEVELAND (BETJACK),BetJACK,betJACK,JACK Entertainment,online,,600306800,42651700,,12018300,42651700,,,,0.07104983651692767,31,False,False,OH_2025_sports.pdf,,,,2,0,https://dam.assets.ohio.gov/image/upload/v1769793329/casinocontrol.ohio.gov/revenue-reports/2025/Sports/2025_Sports_Gaming_Revenue_Report12.pdf,https://casinocontrol.ohio.gov/about/revenue-reports,OH/screenshots/OH_2025_12_OH_2025_sports_p1.png,"JACK CLEVELAND (BETJACK) 6 ,003,068 5,560,620 15,931 120,183 426,517 4 26,517",,2026-04-08T18:43:02.152237
OH,2025-01-01,2025-01-31,monthly,HOLLYWOOD TOLEDO - DRAFTKINGS,DraftKings,DraftKings,DraftKings Inc,online,,32191909100,2198657700,,1205617800,2198657700,,,,0.06829845639692117,31,False,False,OH_2025_sports.pdf,,,,2,0,https://dam.assets.ohio.gov/image/upload/v1769793329/casinocontrol.ohio.gov/revenue-reports/2025/Sports/2025_Sports_Gaming_Revenue_Report12.pdf,https://casinocontrol.ohio.gov/about/revenue-reports,OH/screenshots/OH_2025_12_OH_2025_sports_p1.png,"HOLLYWOOD TOLEDO - DRAFTKINGS 321,919,091 2 98,409,215 1,523,299 12,056,178 2 1,986,577 21,986,577",,2026-04-08T18:43:02.152237
OH,2025-01-01,2025-01-31,monthly,JACK THISTLEDOWN - BETJACK,betJACK,betJACK,JACK Entertainment,retail,,224386400,-8933900,,0,0,,,,-0.039814801610079754,31,False,False,OH_2025_sports.pdf,,,,2,0,https://dam.assets.ohio.gov/image/upload/v1769793329/casinocontrol.ohio.gov/revenue-reports/2025/Sports/2025_Sports_Gaming_Revenue_Report12.pdf,https://casinocontrol.ohio.gov/about/revenue-reports,OH/screenshots/OH_2025_12_OH_2025_sports_p1.png,"JACK THISTLEDOWN - BETJACK 2 ,243,864 2,313,116 20,087 - (89,339) -",,2026-04-08T18:43:02.152237
OH,2025-01-01,2025-01-31,monthly,MGM NORTHFIELD PARK - BETMGM,BetMGM,BetMGM,Entain/MGM Resorts,retail,,250305300,356000,,0,356000,,,,0.0014222631322628806,31,False,False,OH_2025_sports.pdf,,,,2,0,https://dam.assets.ohio.gov/image/upload/v1769793329/casinocontrol.ohio.gov/revenue-reports/2025/Sports/2025_Sports_Gaming_Revenue_Report12.pdf,https://casinocontrol.ohio.gov/about/revenue-reports,OH/screenshots/OH_2025_12_OH_2025_sports_p1.png,"MGM NORTHFIELD PARK - BETMGM 2 ,503,053 2,384,725 1 14,768 - 3 ,560 3,560",,2026-04-08T18:43:02.152237
OH,2025-01-01,2025-01-31,monthly,MIAMI VALLEY GAMING AND RACING,MVGBet,MVGBet,Independent,retail,,69432500,-1525200,,0,0,,,,-0.02196665826522162,31,False,False,OH_2025_sports.pdf,,,,2,0,https://dam.assets.ohio.gov/image/upload/v1769793329/casinocontrol.ohio.gov/revenue-reports/2025/Sports/2025_Sports_Gaming_Revenue_Report12.pdf,https://casinocontrol.ohio.gov/about/revenue-reports,OH/screenshots/OH_2025_12_OH_2025_sports_p1.png,"MIAMI VALLEY GAMING AND RACING 694,325 7 06,372 3,205 - (15,252) -",,2026-04-08T18:43:02.152237
OH,2025-02-01,2025-02-28,monthly,HOLLYWOOD COLUMBUS - PENN INTERACTIVE (ESPN BET),ESPN BET,ESPN Bet,PENN Entertainment,online,,3050850500,122402600,,112224400,122402600,,,,0.04012081221285671,28,False,False,OH_2025_sports.pdf,,,,3,0,https://dam.assets.ohio.gov/image/upload/v1769793329/casinocontrol.ohio.gov/revenue-reports/2025/Sports/2025_Sports_Gaming_Revenue_Report12.pdf,https://casinocontrol.ohio.gov/about/revenue-reports,OH/screenshots/OH_2025_12_OH_2025_sports_p1.png,"HOLLYWOOD COLUMBUS - PENN INTERACTIVE (ESPN BET) 3 0,508,505 29,260,104 24,375 1 ,122,244 1 ,224,026 1,224,026",,2026-04-08T18:43:02.152237
OH,2025-02-01,2025-02-28,monthly,SCIOTO DOWNS - CAESARS SPORTSBOOK,Caesars Sportsbook,Caesars,Caesars Entertainment,online,,3076802800,146528000,,39442600,146528000,,,,0.04762346160111399,28,False,False,OH_2025_sports.pdf,,,,3,0,https://dam.assets.ohio.gov/image/upload/v1769793329/casinocontrol.ohio.gov/revenue-reports/2025/Sports/2025_Sports_Gaming_Revenue_Report12.pdf,https://casinocontrol.ohio.gov/about/revenue-reports,OH/screenshots/OH_2025_12_OH_2025_sports_p1.png,"SCIOTO DOWNS - CAESARS SPORTSBOOK 3 0,768,028 29,063,396 2 39,352 394,426 1 ,465,280 1,465,280",,2026-04-08T18:43:02.152237
OH,2025-02-01,2025-02-28,monthly,MIAMI VALLEY GAMING AND RACING - MVGBET,MVGBet,MVGBet,Independent,online,,37745900,1780700,,2033600,1780700,,,,0.04717598467648142,28,False,False,OH_2025_sports.pdf,,,,3,0,https://dam.assets.ohio.gov/image/upload/v1769793329/casinocontrol.ohio.gov/revenue-reports/2025/Sports/2025_Sports_Gaming_Revenue_Report12.pdf,https://casinocontrol.ohio.gov/about/revenue-reports,OH/screenshots/OH_2025_12_OH_2025_sports_p1.png,"MIAMI VALLEY GAMING AND RACING - MVGBET 377,459 3 57,805 1,847 20,336 1 7,807 17,807",,2026-04-08T18:43:02.152237
OH,2025-02-01,2025-02-28,monthly,MGM NORTHFIELD PARK - BETMGM,BetMGM,BetMGM,Entain/MGM Resorts,online,,5912099600,224364300,,226145400,224364300,,,,0.03795002032780368,28,False,False,OH_2025_sports.pdf,,,,3,0,https://dam.assets.ohio.gov/image/upload/v1769793329/casinocontrol.ohio.gov/revenue-reports/2025/Sports/2025_Sports_Gaming_Revenue_Report12.pdf,https://casinocontrol.ohio.gov/about/revenue-reports,OH/screenshots/OH_2025_12_OH_2025_sports_p1.png,"MGM NORTHFIELD PARK - BETMGM 5 9,120,996 56,651,507 2 25,846 2 ,261,454 2 ,243,643 2,243,643",,2026-04-08T18:43:02.152237
OH,2025-02-01,2025-02-28,monthly,JACK CLEVELAND (BETJACK),BetJACK,betJACK,JACK Entertainment,online,,433330000,30149800,,7304400,30149800,,,,0.06957699674612881,28,False,False,OH_2025_sports.pdf,,,,3,0,https://dam.assets.ohio.gov/image/upload/v1769793329/casinocontrol.ohio.gov/revenue-reports/2025/Sports/2025_Sports_Gaming_Revenue_Report12.pdf,https://casinocontrol.ohio.gov/about/revenue-reports,OH/screenshots/OH_2025_12_OH_2025_sports_p1.png,"JACK CLEVELAND (BETJACK) 4 ,333,300 4,027,818 3,984 73,044 301,498 3 01,498",,2026-04-08T18:43:02.152237
OH,2025-02-01,2025-02-28,monthly,HOLLYWOOD TOLEDO - DRAFTKINGS,DraftKings,DraftKings,DraftKings Inc,online,,24790027900,2341837000,,1097988700,2341837000,,,,0.09446689650559045,28,False,False,OH_2025_sports.pdf,,,,3,0,https://dam.assets.ohio.gov/image/upload/v1769793329/casinocontrol.ohio.gov/revenue-reports/2025/Sports/2025_Sports_Gaming_Revenue_Report12.pdf,https://casinocontrol.ohio.gov/about/revenue-reports,OH/screenshots/OH_2025_12_OH_2025_sports_p1.png,"HOLLYWOOD TOLEDO - DRAFTKINGS 247,900,279 2 23,733,011 7 48,898 10,979,887 2 3,418,370 23,418,370",,2026-04-08T18:43:02.152237
OH,2025-02-01,2025-02-28,monthly,"HOLLYWOOD GAMING AT DAYTON RACEWAY - RSI OH, LLC",BetRivers,BetRivers,Rush Street Interactive,online,,548909900,27965100,,7060000,27965100,,,,0.05094661254970989,28,False,False,OH_2025_sports.pdf,,,,3,0,https://dam.assets.ohio.gov/image/upload/v1769793329/casinocontrol.ohio.gov/revenue-reports/2025/Sports/2025_Sports_Gaming_Revenue_Report12.pdf,https://casinocontrol.ohio.gov/about/revenue-reports,OH/screenshots/OH_2025_12_OH_2025_sports_p1.png,"HOLLYWOOD GAMING AT DAYTON RACEWAY - RSI OH, LLC 5 ,489,099 5,200,726 8,722 70,600 279,651 2 79,651",,2026-04-08T18:43:02.152237
OH,2025-02-01,2025-02-28,monthly,HOF VILLAGE - BETR,Betr,Betr,Betr,online,,60661800,-5288600,,3923900,0,,,,-0.08718171897306047,28,False,False,OH_2025_sports.pdf,,,,3,0,https://dam.assets.ohio.gov/image/upload/v1769793329/casinocontrol.ohio.gov/revenue-reports/2025/Sports/2025_Sports_Gaming_Revenue_Report12.pdf,https://casinocontrol.ohio.gov/about/revenue-reports,OH/screenshots/OH_2025_12_OH_2025_sports_p1.png,"HOF VILLAGE - BETR 606,618 6 56,681 2,823 39,239 (52,886) -",,2026-04-08T18:43:02.152237
OH,2025-01-01,2025-01-31,monthly,SCIOTO DOWNS - CAESARS SPORTSBOOK,Caesars Sportsbook,Caesars,Caesars Entertainment,retail,,119236800,-10631300,,0,0,,,,-0.08916123210284073,31,False,False,OH_2025_sports.pdf,,,,2,0,https://dam.assets.ohio.gov/image/upload/v1769793329/casinocontrol.ohio.gov/revenue-reports/2025/Sports/2025_Sports_Gaming_Revenue_Report12.pdf,https://casinocontrol.ohio.gov/about/revenue-reports,OH/screenshots/OH_2025_12_OH_2025_sports_p1.png,"SCIOTO DOWNS - CAESARS SPORTSBOOK 1 ,192,368 1,284,255 14,426 - ( 106,313) -",,2026-04-08T18:43:02.152237
OH,2025-02-01,2025-02-28,monthly,HARD ROCK CINCINNATI - SEMINOLE HARD ROCK DIGITAL,Hard Rock Bet,Hard Rock Bet,Seminole Tribe / Hard Rock Digital,online,,1429298500,5332200,,27275900,5332200,,,,0.003730641290115396,28,False,False,OH_2025_sports.pdf,,,,3,0,https://dam.assets.ohio.gov/image/upload/v1769793329/casinocontrol.ohio.gov/revenue-reports/2025/Sports/2025_Sports_Gaming_Revenue_Report12.pdf,https://casinocontrol.ohio.gov/about/revenue-reports,OH/screenshots/OH_2025_12_OH_2025_sports_p1.png,"HARD ROCK CINCINNATI - SEMINOLE HARD ROCK DIGITAL 1 4,292,985 14,123,959 1 15,704 272,759 5 3,322 53,322",,2026-04-08T18:43:02.152237
OH,2025-02-01,2025-02-28,monthly,"GENEVA SPORTS, LLC - PRIME SPORTS",Prime Sports,Prime Sports,Independent,online,,428605700,35623400,,1227600,35623400,,,,0.08311462026753261,28,False,False,OH_2025_sports.pdf,,,,3,0,https://dam.assets.ohio.gov/image/upload/v1769793329/casinocontrol.ohio.gov/revenue-reports/2025/Sports/2025_Sports_Gaming_Revenue_Report12.pdf,https://casinocontrol.ohio.gov/about/revenue-reports,OH/screenshots/OH_2025_12_OH_2025_sports_p1.png,"GENEVA SPORTS, LLC - PRIME SPORTS 4 ,286,057 3,907,119 22,704 12,276 356,234 3 56,234",,2026-04-08T18:43:02.152237
OH,2025-02-01,2025-02-28,monthly,COLUMBUS BLUE JACKETS - FANATICS,Fanatics,Fanatics,Fanatics Inc,online,,3128781300,260352700,,108079600,260352700,,,,0.08321217593572296,28,False,False,OH_2025_sports.pdf,,,,3,0,https://dam.assets.ohio.gov/image/upload/v1769793329/casinocontrol.ohio.gov/revenue-reports/2025/Sports/2025_Sports_Gaming_Revenue_Report12.pdf,https://casinocontrol.ohio.gov/about/revenue-reports,OH/screenshots/OH_2025_12_OH_2025_sports_p1.png,"COLUMBUS BLUE JACKETS - FANATICS 3 1,287,813 28,587,847 96,439 1 ,080,796 2 ,603,527 2,603,527",,2026-04-08T18:43:02.152237
OH,2025-02-01,2025-02-28,monthly,CLEVELAND GUARDIANS - BET365,bet365,bet365,bet365 Group,online,,6977844200,627533100,,180989600,627533100,,,,0.08993223150496825,28,False,False,OH_2025_sports.pdf,,,,3,0,https://dam.assets.ohio.gov/image/upload/v1769793329/casinocontrol.ohio.gov/revenue-reports/2025/Sports/2025_Sports_Gaming_Revenue_Report12.pdf,https://casinocontrol.ohio.gov/about/revenue-reports,OH/screenshots/OH_2025_12_OH_2025_sports_p1.png,"CLEVELAND GUARDIANS - BET365 6 9,778,442 60,857,964 2,645,147 1 ,809,896 6 ,275,331 6,275,331",,2026-04-08T18:43:02.152237
OH,2025-02-01,2025-02-28,monthly,CLEVELAND BROWNS - BALLY'S INTERACTIVE,Bally Bet,Bally Bet,Bally's Corporation,online,,218364800,13847900,,4693700,13847900,,,,0.06341635648236346,28,False,False,OH_2025_sports.pdf,,,,3,0,https://dam.assets.ohio.gov/image/upload/v1769793329/casinocontrol.ohio.gov/revenue-reports/2025/Sports/2025_Sports_Gaming_Revenue_Report12.pdf,https://casinocontrol.ohio.gov/about/revenue-reports,OH/screenshots/OH_2025_12_OH_2025_sports_p1.png,"CLEVELAND BROWNS - BALLY'S INTERACTIVE 2 ,183,648 2,021,176 23,993 46,937 138,479 1 38,479",,2026-04-08T18:43:02.152237
OH,2025-02-01,2025-02-28,monthly,BELTERRA PARK - FANDUEL,FanDuel,FanDuel,Flutter Entertainment,online,,24746635100,3647481900,,861181800,3647481900,,,,0.14739304496391917,28,False,False,OH_2025_sports.pdf,,,,3,0,https://dam.assets.ohio.gov/image/upload/v1769793329/casinocontrol.ohio.gov/revenue-reports/2025/Sports/2025_Sports_Gaming_Revenue_Report12.pdf,https://casinocontrol.ohio.gov/about/revenue-reports,OH/screenshots/OH_2025_12_OH_2025_sports_p1.png,"BELTERRA PARK - FANDUEL 247,466,351 2 10,192,515 7 99,017 8 ,611,818 3 6,474,819 36,474,819",,2026-04-08T18:43:02.152237
OH,2024-10-01,2024-10-31,monthly,HOLLYWOOD COLUMBUS,Hollywood Columbus,ESPN Bet,PENN Entertainment,retail,,298152700,43009800,,0,43009800,,,,0.14425426970810595,31,False,False,OH_2024_sports.pdf,,,,11,0,https://dam.assets.ohio.gov/image/upload/v1732715535/casinocontrol.ohio.gov/revenue-reports/2024/2024_Sports_Gaming_Revenue_Report.pdf.pdf,https://casinocontrol.ohio.gov/about/revenue-reports,OH/screenshots/OH_2024_12_OH_2024_sports_p1.png,"HOLLYWOOD COLUMBUS 2,981,527 2 ,543,280 8 ,149 - 430,098 430,098",,2026-04-08T18:42:59.510896
OH,2024-06-01,2024-06-30,monthly,HOLLYWOOD COLUMBUS - PENN INTERACTIVE (ESPN BET),ESPN BET,ESPN Bet,PENN Entertainment,online,,1992533000,174509400,,174509400,,,,,0.087581686225523,30,False,False,OH_2024_sports.pdf,,,,7,0,https://dam.assets.ohio.gov/image/upload/v1732715535/casinocontrol.ohio.gov/revenue-reports/2024/2024_Sports_Gaming_Revenue_Report.pdf.pdf,https://casinocontrol.ohio.gov/about/revenue-reports,OH/screenshots/OH_2024_12_OH_2024_sports_p1.png,"HOLLYWOOD COLUMBUS - PENN INTERACTIVE (ESPN BET) 1 9,925,330 18,172,094 8,142 495,821 1 ,745,094 1 ,745,094",,2026-04-08T18:42:59.510896
OH,2024-07-01,2024-07-31,monthly,HOLLYWOOD GAMING AT DAYTON RACEWAY,Hollywood Dayton,ESPN Bet,PENN Entertainment,retail,,79204500,433100,,433100,,,,,0.0054681236545903325,31,False,False,OH_2024_sports.pdf,,,,8,0,https://dam.assets.ohio.gov/image/upload/v1732715535/casinocontrol.ohio.gov/revenue-reports/2024/2024_Sports_Gaming_Revenue_Report.pdf.pdf,https://casinocontrol.ohio.gov/about/revenue-reports,OH/screenshots/OH_2024_12_OH_2024_sports_p1.png,"HOLLYWOOD GAMING AT DAYTON RACEWAY 792,045 7 85,772 1,942 - 4 ,331 4,331",,2026-04-08T18:42:59.510896
OH,2024-07-01,2024-07-31,monthly,HARD ROCK CINCINNATI - SEMINOLE HARD ROCK DIGITAL,Hard Rock Bet,Hard Rock Bet,Seminole Tribe / Hard Rock Digital,retail,,103766500,31051900,,31051900,,,,,0.29924783046551634,31,False,False,OH_2024_sports.pdf,,,,8,0,https://dam.assets.ohio.gov/image/upload/v1732715535/casinocontrol.ohio.gov/revenue-reports/2024/2024_Sports_Gaming_Revenue_Report.pdf.pdf,https://casinocontrol.ohio.gov/about/revenue-reports,OH/screenshots/OH_2024_12_OH_2024_sports_p1.png,"HARD ROCK CINCINNATI - SEMINOLE HARD ROCK DIGITAL 1,037,665 7 14,120 13,026 - 310,519 3 10,519",,2026-04-08T18:42:59.510896
OH,2024-07-01,2024-07-31,monthly,FC CINCINNATI - SUPERBOOK,SuperBook,SuperBook,SuperBook Sports,retail,,0,0,,0,,,,,,31,False,False,OH_2024_sports.pdf,,,,8,0,https://dam.assets.ohio.gov/image/upload/v1732715535/casinocontrol.ohio.gov/revenue-reports/2024/2024_Sports_Gaming_Revenue_Report.pdf.pdf,https://casinocontrol.ohio.gov/about/revenue-reports,OH/screenshots/OH_2024_12_OH_2024_sports_p1.png,FC CINCINNATI - SUPERBOOK - - - - - -,,2026-04-08T18:42:59.510896
OH,2024-07-01,2024-07-31,monthly,COLUMBUS CREW SC - TIPICO,Tipico,Tipico,Tipico Group,retail,,0,0,,0,,,,,,31,False,False,OH_2024_sports.pdf,,,,8,0,https://dam.assets.ohio.gov/image/upload/v1732715535/casinocontrol.ohio.gov/revenue-reports/2024/2024_Sports_Gaming_Revenue_Report.pdf.pdf,https://casinocontrol.ohio.gov/about/revenue-reports,OH/screenshots/OH_2024_12_OH_2024_sports_p1.png,COLUMBUS CREW SC - TIPICO - - - - - -,,2026-04-08T18:42:59.510896
OH,2024-07-01,2024-07-31,monthly,CLEVELAND GUARDIANS - FANATICS,Fanatics,Fanatics,Fanatics Inc,retail,,1907700,545300,,545300,,,,,0.28584158934843007,31,False,False,OH_2024_sports.pdf,,,,8,0,https://dam.assets.ohio.gov/image/upload/v1732715535/casinocontrol.ohio.gov/revenue-reports/2024/2024_Sports_Gaming_Revenue_Report.pdf.pdf,https://casinocontrol.ohio.gov/about/revenue-reports,OH/screenshots/OH_2024_12_OH_2024_sports_p1.png,"CLEVELAND GUARDIANS - FANATICS 1 9,077 13,149 4 75 - 5 ,453 5,453",,2026-04-08T18:42:59.510896
OH,2024-07-01,2024-07-31,monthly,CLEVELAND CAVALIERS - CAESARS SPORTSBOOK,Caesars,Caesars,Caesars Entertainment,retail,,40668000,0,,-1667600,,,,,0.0,31,False,False,OH_2024_sports.pdf,,,,8,0,https://dam.assets.ohio.gov/image/upload/v1732715535/casinocontrol.ohio.gov/revenue-reports/2024/2024_Sports_Gaming_Revenue_Report.pdf.pdf,https://casinocontrol.ohio.gov/about/revenue-reports,OH/screenshots/OH_2024_12_OH_2024_sports_p1.png,"CLEVELAND CAVALIERS - CAESARS SPORTSBOOK 406,680 4 21,985 1,371 - (16,676) -",,2026-04-08T18:42:59.510896
OH,2024-07-01,2024-07-31,monthly,CLEVELAND BROWNS - BALLY'S INTERACTIVE,Bally Bet,Bally Bet,Bally's Corporation,retail,,0,0,,0,,,,,,31,False,False,OH_2024_sports.pdf,,,,8,0,https://dam.assets.ohio.gov/image/upload/v1732715535/casinocontrol.ohio.gov/revenue-reports/2024/2024_Sports_Gaming_Revenue_Report.pdf.pdf,https://casinocontrol.ohio.gov/about/revenue-reports,OH/screenshots/OH_2024_12_OH_2024_sports_p1.png,CLEVELAND BROWNS - BALLY'S INTERACTIVE - - - - - -,,2026-04-08T18:42:59.510896
OH,2024-07-01,2024-07-31,monthly,BELTERRA PARK - FANDUEL,FanDuel,FanDuel,Flutter Entertainment,retail,,29690800,11259100,,11259100,,,,,0.3792117423579021,31,False,False,OH_2024_sports.pdf,,,,8,0,https://dam.assets.ohio.gov/image/upload/v1732715535/casinocontrol.ohio.gov/revenue-reports/2024/2024_Sports_Gaming_Revenue_Report.pdf.pdf,https://casinocontrol.ohio.gov/about/revenue-reports,OH/screenshots/OH_2024_12_OH_2024_sports_p1.png,"BELTERRA PARK - FANDUEL 296,908 1 83,470 8 47 - 112,591 1 12,591",,2026-04-08T18:42:59.510896
OH,2024-07-01,2024-07-31,monthly,SCIOTO DOWNS - CAESARS SPORTSBOOK,Caesars Sportsbook,Caesars,Caesars Entertainment,online,,2740093400,190258000,,190258000,,,,,0.06943485941026682,31,False,False,OH_2024_sports.pdf,,,,8,0,https://dam.assets.ohio.gov/image/upload/v1732715535/casinocontrol.ohio.gov/revenue-reports/2024/2024_Sports_Gaming_Revenue_Report.pdf.pdf,https://casinocontrol.ohio.gov/about/revenue-reports,OH/screenshots/OH_2024_12_OH_2024_sports_p1.png,"SCIOTO DOWNS - CAESARS SPORTSBOOK 2 7,400,934 25,118,048 3 80,306 413,736 1 ,902,580 1 ,902,580",,2026-04-08T18:42:59.510896
OH,2024-07-01,2024-07-31,monthly,MUIRFIELD VILLAGE GOLF CLUB - PARX INTERACTIVE,BetRivers (Gun Lake),BetRivers,Rush Street Interactive,online,,28665900,1403900,,1403900,,,,,0.048974565598847414,31,False,False,OH_2024_sports.pdf,,,,8,0,https://dam.assets.ohio.gov/image/upload/v1732715535/casinocontrol.ohio.gov/revenue-reports/2024/2024_Sports_Gaming_Revenue_Report.pdf.pdf,https://casinocontrol.ohio.gov/about/revenue-reports,OH/screenshots/OH_2024_12_OH_2024_sports_p1.png,"MUIRFIELD VILLAGE GOLF CLUB - PARX INTERACTIVE 286,659 2 70,182 2,438 4 ,163 14,039 14,039",,2026-04-08T18:42:59.510896
OH,2024-07-01,2024-07-31,monthly,MIAMI VALLEY GAMING AND RACING - MVGBET,MVGBet,MVGBet,Independent,online,,37112000,6172500,,6172500,,,,,0.16632086656607029,31,False,False,OH_2024_sports.pdf,,,,8,0,https://dam.assets.ohio.gov/image/upload/v1732715535/casinocontrol.ohio.gov/revenue-reports/2024/2024_Sports_Gaming_Revenue_Report.pdf.pdf,https://casinocontrol.ohio.gov/about/revenue-reports,OH/screenshots/OH_2024_12_OH_2024_sports_p1.png,"MIAMI VALLEY GAMING AND RACING - MVGBET 371,120 3 06,900 2,495 2 ,773 61,725 61,725",,2026-04-08T18:42:59.510896
OH,2024-07-01,2024-07-31,monthly,MGM NORTHFIELD PARK - BETMGM,BetMGM,BetMGM,Entain/MGM Resorts,online,,2915281600,297892000,,297892000,,,,,0.10218292462724698,31,False,False,OH_2024_sports.pdf,,,,8,0,https://dam.assets.ohio.gov/image/upload/v1732715535/casinocontrol.ohio.gov/revenue-reports/2024/2024_Sports_Gaming_Revenue_Report.pdf.pdf,https://casinocontrol.ohio.gov/about/revenue-reports,OH/screenshots/OH_2024_12_OH_2024_sports_p1.png,"MGM NORTHFIELD PARK - BETMGM 2 9,152,816 25,847,744 3 26,152 951,622 2 ,978,920 2 ,978,920",,2026-04-08T18:42:59.510896
OH,2024-07-01,2024-07-31,monthly,JACK CLEVELAND (BETJACK),BetJACK,betJACK,JACK Entertainment,online,,3281868300,26546400,,26546400,,,,,0.008088807219960656,31,False,False,OH_2024_sports.pdf,,,,8,0,https://dam.assets.ohio.gov/image/upload/v1732715535/casinocontrol.ohio.gov/revenue-reports/2024/2024_Sports_Gaming_Revenue_Report.pdf.pdf,https://casinocontrol.ohio.gov/about/revenue-reports,OH/screenshots/OH_2024_12_OH_2024_sports_p1.png,"JACK CLEVELAND (BETJACK) 3,281,868 3 ,006,941 9,463 5 6,713 265,464 2 65,464",,2026-04-08T18:42:59.510896
OH,2024-07-01,2024-07-31,monthly,HOLLYWOOD TOLEDO - DRAFTKINGS,DraftKings,DraftKings,DraftKings Inc,online,,16023740300,1790595700,,1790595700,,,,,0.1117464253960731,31,False,False,OH_2024_sports.pdf,,,,8,0,https://dam.assets.ohio.gov/image/upload/v1732715535/casinocontrol.ohio.gov/revenue-reports/2024/2024_Sports_Gaming_Revenue_Report.pdf.pdf,https://casinocontrol.ohio.gov/about/revenue-reports,OH/screenshots/OH_2024_12_OH_2024_sports_p1.png,"HOLLYWOOD TOLEDO - DRAFTKINGS 1 60,237,403 140,850,792 1 ,480,654 3,593,284 1 7,905,957 17,905,957",,2026-04-08T18:42:59.510896
OH,2024-07-01,2024-07-31,monthly,HOLLYWOOD COLUMBUS,Hollywood Columbus,ESPN Bet,PENN Entertainment,retail,,139021500,38885800,,38885800,,,,,0.27971069223105777,31,False,False,OH_2024_sports.pdf,,,,8,0,https://dam.assets.ohio.gov/image/upload/v1732715535/casinocontrol.ohio.gov/revenue-reports/2024/2024_Sports_Gaming_Revenue_Report.pdf.pdf,https://casinocontrol.ohio.gov/about/revenue-reports,OH/screenshots/OH_2024_12_OH_2024_sports_p1.png,"HOLLYWOOD COLUMBUS 1,390,215 9 67,671 33,686 - 388,858 3 88,858",,2026-04-08T18:42:59.510896
OH,2024-07-01,2024-07-31,monthly,HOLLYWOOD GAMING AT MAHONING VALLEY,Hollywood Mahoning Valley,ESPN Bet,PENN Entertainment,retail,,65750800,10730800,,10730800,,,,,0.1632040978969077,31,False,False,OH_2024_sports.pdf,,,,8,0,https://dam.assets.ohio.gov/image/upload/v1732715535/casinocontrol.ohio.gov/revenue-reports/2024/2024_Sports_Gaming_Revenue_Report.pdf.pdf,https://casinocontrol.ohio.gov/about/revenue-reports,OH/screenshots/OH_2024_12_OH_2024_sports_p1.png,"HOLLYWOOD GAMING AT MAHONING VALLEY 657,508 5 43,156 7,044 - 107,308 1 07,308",,2026-04-08T18:42:59.510896
OH,2024-10-01,2024-10-31,monthly,CLEVELAND GUARDIANS - FANATICS,Fanatics,Fanatics,Fanatics Inc,retail,,13127100,-2299700,,0,0,,,,-0.1751872081419354,31,False,False,OH_2024_sports.pdf,,,,11,0,https://dam.assets.ohio.gov/image/upload/v1732715535/casinocontrol.ohio.gov/revenue-reports/2024/2024_Sports_Gaming_Revenue_Report.pdf.pdf,https://casinocontrol.ohio.gov/about/revenue-reports,OH/screenshots/OH_2024_12_OH_2024_sports_p1.png,"CLEVELAND GUARDIANS - FANATICS 1 31,271 153,983 285 - (22,997) -",,2026-04-08T18:42:59.510896
OH,2024-07-01,2024-07-31,monthly,HOLLYWOOD TOLEDO,Hollywood Toledo,ESPN Bet,PENN Entertainment,retail,,38895200,0,,-1280400,,,,,0.0,31,False,False,OH_2024_sports.pdf,,,,8,0,https://dam.assets.ohio.gov/image/upload/v1732715535/casinocontrol.ohio.gov/revenue-reports/2024/2024_Sports_Gaming_Revenue_Report.pdf.pdf,https://casinocontrol.ohio.gov/about/revenue-reports,OH/screenshots/OH_2024_12_OH_2024_sports_p1.png,"HOLLYWOOD TOLEDO 388,952 3 99,793 1,963 - (12,804) -",,2026-04-08T18:42:59.510896
OH,2024-08-01,2024-08-31,monthly,HOF VILLAGE - BETR,Betr,Betr,Betr,online,,17954600,,,187282723200,2723200,,,,,31,False,False,OH_2024_sports.pdf,,,,9,0,https://dam.assets.ohio.gov/image/upload/v1732715535/casinocontrol.ohio.gov/revenue-reports/2024/2024_Sports_Gaming_Revenue_Report.pdf.pdf,https://casinocontrol.ohio.gov/about/revenue-reports,OH/screenshots/OH_2024_12_OH_2024_sports_p1.png,"HOF VILLAGE - BETR 179,546 1 47,953 4,361 18,728 2 7,232 27,232",,2026-04-08T18:42:59.510896
OH,2024-08-01,2024-08-31,monthly,HARD ROCK CINCINNATI - SEMINOLE HARD ROCK DIGITAL,Hard Rock Bet,Hard Rock Bet,Seminole Tribe / Hard Rock Digital,online,,853313700,900,,24891590791600,791600,,,,1.0547117666105678e-06,31,False,False,OH_2024_sports.pdf,,,,9,0,https://dam.assets.ohio.gov/image/upload/v1732715535/casinocontrol.ohio.gov/revenue-reports/2024/2024_Sports_Gaming_Revenue_Report.pdf.pdf,https://casinocontrol.ohio.gov/about/revenue-reports,OH/screenshots/OH_2024_12_OH_2024_sports_p1.png,"HARD ROCK CINCINNATI - SEMINOLE HARD ROCK DIGITAL 8 ,533,137 7,541,671 83,550 248,915 907,916 9 07,916",,2026-04-08T18:42:59.510896
OH,2024-08-01,2024-08-31,monthly,"GENEVA SPORTS, LLC - PRIME SPORTS",Prime Sports,Prime Sports,Independent,online,,721769500,200,,604320789200,789200,,,,2.7709677397008323e-07,31,False,False,OH_2024_sports.pdf,,,,9,0,https://dam.assets.ohio.gov/image/upload/v1732715535/casinocontrol.ohio.gov/revenue-reports/2024/2024_Sports_Gaming_Revenue_Report.pdf.pdf,https://casinocontrol.ohio.gov/about/revenue-reports,OH/screenshots/OH_2024_12_OH_2024_sports_p1.png,"GENEVA SPORTS, LLC - PRIME SPORTS 7 ,217,695 6,969,455 40,348 6 ,043 207,892 2 07,892",,2026-04-08T18:42:59.510896
OH,2024-08-01,2024-08-31,monthly,FC CINCINNATI - SUPERBOOK,SuperBook,SuperBook,SuperBook Sports,online,,0,,,,0,,,,,31,False,False,OH_2024_sports.pdf,,,,9,0,https://dam.assets.ohio.gov/image/upload/v1732715535/casinocontrol.ohio.gov/revenue-reports/2024/2024_Sports_Gaming_Revenue_Report.pdf.pdf,https://casinocontrol.ohio.gov/about/revenue-reports,OH/screenshots/OH_2024_12_OH_2024_sports_p1.png,"FC CINCINNATI - SUPERBOOK - 3,769 38,502 - (42,271) -",,2026-04-08T18:42:59.510896
OH,2024-08-01,2024-08-31,monthly,COLUMBUS BLUE JACKETS - FANATICS,Fanatics,Fanatics,Fanatics Inc,online,,2383716900,,,341359170816700,170816700,,,,,31,False,False,OH_2024_sports.pdf,,,,9,0,https://dam.assets.ohio.gov/image/upload/v1732715535/casinocontrol.ohio.gov/revenue-reports/2024/2024_Sports_Gaming_Revenue_Report.pdf.pdf,https://casinocontrol.ohio.gov/about/revenue-reports,OH/screenshots/OH_2024_12_OH_2024_sports_p1.png,"COLUMBUS BLUE JACKETS - FANATICS 2 3,837,169 22,030,651 98,351 1 ,341,359 1,708,167 1,708,167",,2026-04-08T18:42:59.510896
OH,2024-08-01,2024-08-31,monthly,CLEVELAND GUARDIANS - BET365,bet365,bet365,bet365 Group,online,,5941292900,,,568488397400300,397400300,,,,,31,False,False,OH_2024_sports.pdf,,,,9,0,https://dam.assets.ohio.gov/image/upload/v1732715535/casinocontrol.ohio.gov/revenue-reports/2024/2024_Sports_Gaming_Revenue_Report.pdf.pdf,https://casinocontrol.ohio.gov/about/revenue-reports,OH/screenshots/OH_2024_12_OH_2024_sports_p1.png,"CLEVELAND GUARDIANS - BET365 5 9,412,929 53,455,707 1,983,219 1 ,568,488 3,974,003 3,974,003",,2026-04-08T18:42:59.510896
OH,2024-08-01,2024-08-31,monthly,CLEVELAND BROWNS - BALLY'S INTERACTIVE,Bally Bet,Bally Bet,Bally's Corporation,online,,223506900,200,,29338425849200,5849200,,,,8.948269605994266e-07,31,False,False,OH_2024_sports.pdf,,,,9,0,https://dam.assets.ohio.gov/image/upload/v1732715535/casinocontrol.ohio.gov/revenue-reports/2024/2024_Sports_Gaming_Revenue_Report.pdf.pdf,https://casinocontrol.ohio.gov/about/revenue-reports,OH/screenshots/OH_2024_12_OH_2024_sports_p1.png,"CLEVELAND BROWNS - BALLY'S INTERACTIVE 2 ,235,069 1,943,262 33,315 293,384 258,492 2 58,492",,2026-04-08T18:42:59.510896
OH,2024-08-01,2024-08-31,monthly,CINCINNATI BENGALS - BETFRED SPORTS,Betfred,Betfred,Betfred Group,online,,3115300,,,,0,,,,,31,False,False,OH_2024_sports.pdf,,,,9,0,https://dam.assets.ohio.gov/image/upload/v1732715535/casinocontrol.ohio.gov/revenue-reports/2024/2024_Sports_Gaming_Revenue_Report.pdf.pdf,https://casinocontrol.ohio.gov/about/revenue-reports,OH/screenshots/OH_2024_12_OH_2024_sports_p1.png,"CINCINNATI BENGALS - BETFRED SPORTS 3 1,153 36,435 22,666 250 (27,948) -",,2026-04-08T18:42:59.510896
OH,2024-08-01,2024-08-31,monthly,BELTERRA PARK - FANDUEL,FanDuel,FanDuel,Flutter Entertainment,online,,16569790600,,,9342381686587400,1686587400,,,,,31,False,False,OH_2024_sports.pdf,,,,9,0,https://dam.assets.ohio.gov/image/upload/v1732715535/casinocontrol.ohio.gov/revenue-reports/2024/2024_Sports_Gaming_Revenue_Report.pdf.pdf,https://casinocontrol.ohio.gov/about/revenue-reports,OH/screenshots/OH_2024_12_OH_2024_sports_p1.png,"BELTERRA PARK - FANDUEL 165,697,906 1 47,749,458 1,082,574 4 ,934,238 1 6,865,874 16,865,874",,2026-04-08T18:42:59.510896
OH,2024-08-01,2024-08-31,monthly,BELTERRA PARK - BETWAY,Betway,Betway,Digital Gaming USA,online,,0,,,,0,,,,,31,False,False,OH_2024_sports.pdf,,,,9,0,https://dam.assets.ohio.gov/image/upload/v1732715535/casinocontrol.ohio.gov/revenue-reports/2024/2024_Sports_Gaming_Revenue_Report.pdf.pdf,https://casinocontrol.ohio.gov/about/revenue-reports,OH/screenshots/OH_2024_12_OH_2024_sports_p1.png,BELTERRA PARK - BETWAY - 1 16 - - (116) -,,2026-04-08T18:42:59.510896
OH,2024-07-01,2024-07-31,monthly,SCIOTO DOWNS - CAESARS SPORTSBOOK,Caesars Sportsbook,Caesars,Caesars Entertainment,retail,,49216300,0,,-11542000,,,,,0.0,31,False,False,OH_2024_sports.pdf,,,,8,0,https://dam.assets.ohio.gov/image/upload/v1732715535/casinocontrol.ohio.gov/revenue-reports/2024/2024_Sports_Gaming_Revenue_Report.pdf.pdf,https://casinocontrol.ohio.gov/about/revenue-reports,OH/screenshots/OH_2024_12_OH_2024_sports_p1.png,"SCIOTO DOWNS - CAESARS SPORTSBOOK 492,163 6 02,339 5,244 - ( 115,420) -",,2026-04-08T18:42:59.510896
OH,2024-07-01,2024-07-31,monthly,MIAMI VALLEY GAMING AND RACING,MVGBet,MVGBet,Independent,retail,,40635700,3905400,,3905400,,,,,0.09610760981107745,31,False,False,OH_2024_sports.pdf,,,,8,0,https://dam.assets.ohio.gov/image/upload/v1732715535/casinocontrol.ohio.gov/revenue-reports/2024/2024_Sports_Gaming_Revenue_Report.pdf.pdf,https://casinocontrol.ohio.gov/about/revenue-reports,OH/screenshots/OH_2024_12_OH_2024_sports_p1.png,"MIAMI VALLEY GAMING AND RACING 406,357 3 64,403 2,900 - 39,054 39,054",,2026-04-08T18:42:59.510896
OH,2024-07-01,2024-07-31,monthly,MGM NORTHFIELD PARK - BETMGM,BetMGM,BetMGM,Entain/MGM Resorts,retail,,1542583100,22808400,,22808400,,,,,0.014785848490107275,31,False,False,OH_2024_sports.pdf,,,,8,0,https://dam.assets.ohio.gov/image/upload/v1732715535/casinocontrol.ohio.gov/revenue-reports/2024/2024_Sports_Gaming_Revenue_Report.pdf.pdf,https://casinocontrol.ohio.gov/about/revenue-reports,OH/screenshots/OH_2024_12_OH_2024_sports_p1.png,"MGM NORTHFIELD PARK - BETMGM 1,542,583 1 ,303,948 10,551 - 228,084 2 28,084",,2026-04-08T18:42:59.510896
OH,2024-07-01,2024-07-31,monthly,JACK THISTLEDOWN - BETJACK,betJACK,betJACK,JACK Entertainment,retail,,119866200,30002900,,30002900,,,,,0.25030325479576393,31,False,False,OH_2024_sports.pdf,,,,8,0,https://dam.assets.ohio.gov/image/upload/v1732715535/casinocontrol.ohio.gov/revenue-reports/2024/2024_Sports_Gaming_Revenue_Report.pdf.pdf,https://casinocontrol.ohio.gov/about/revenue-reports,OH/screenshots/OH_2024_12_OH_2024_sports_p1.png,"JACK THISTLEDOWN - BETJACK 1,198,662 8 84,669 13,964 - 300,029 3 00,029",,2026-04-08T18:42:59.510896
OH,2024-07-01,2024-07-31,monthly,JACK CLEVELAND - BETJACK,BetJACK,betJACK,JACK Entertainment,retail,,1317928100,17783600,,17783600,,,,,0.013493604089631293,31,False,False,OH_2024_sports.pdf,,,,8,0,https://dam.assets.ohio.gov/image/upload/v1732715535/casinocontrol.ohio.gov/revenue-reports/2024/2024_Sports_Gaming_Revenue_Report.pdf.pdf,https://casinocontrol.ohio.gov/about/revenue-reports,OH/screenshots/OH_2024_12_OH_2024_sports_p1.png,"JACK CLEVELAND - BETJACK 1,317,928 1 ,130,436 9,656 - 177,836 1 77,836",,2026-04-08T18:42:59.510896
OH,2024-07-01,2024-07-31,monthly,"HOLLYWOOD GAMING AT DAYTON RACEWAY - RSI OH, LLC",BetRivers,BetRivers,Rush Street Interactive,online,,3950194300,15575000,,15575000,,,,,0.003942844026684966,31,False,False,OH_2024_sports.pdf,,,,8,0,https://dam.assets.ohio.gov/image/upload/v1732715535/casinocontrol.ohio.gov/revenue-reports/2024/2024_Sports_Gaming_Revenue_Report.pdf.pdf,https://casinocontrol.ohio.gov/about/revenue-reports,OH/screenshots/OH_2024_12_OH_2024_sports_p1.png,"HOLLYWOOD GAMING AT DAYTON RACEWAY - RSI OH, LLC 3,950,194 3 ,778,383 16,061 9 1,817 155,750 1 55,750",,2026-04-08T18:42:59.510896
OH,2024-07-01,2024-07-31,monthly,HOLLYWOOD COLUMBUS - PENN INTERACTIVE (ESPN BET),ESPN BET,ESPN Bet,PENN Entertainment,online,,1720226300,200051700,,200051700,,,,,0.11629382715518301,31,False,False,OH_2024_sports.pdf,,,,8,0,https://dam.assets.ohio.gov/image/upload/v1732715535/casinocontrol.ohio.gov/revenue-reports/2024/2024_Sports_Gaming_Revenue_Report.pdf.pdf,https://casinocontrol.ohio.gov/about/revenue-reports,OH/screenshots/OH_2024_12_OH_2024_sports_p1.png,"HOLLYWOOD COLUMBUS - PENN INTERACTIVE (ESPN BET) 1 7,202,263 15,182,066 19,680 420,658 2 ,000,517 2 ,000,517",,2026-04-08T18:42:59.510896
OH,2024-07-01,2024-07-31,monthly,HOF VILLAGE - BETR,Betr,Betr,Betr,online,,19262200,2366100,,2366100,,,,,0.12283643612879111,31,False,False,OH_2024_sports.pdf,,,,8,0,https://dam.assets.ohio.gov/image/upload/v1732715535/casinocontrol.ohio.gov/revenue-reports/2024/2024_Sports_Gaming_Revenue_Report.pdf.pdf,https://casinocontrol.ohio.gov/about/revenue-reports,OH/screenshots/OH_2024_12_OH_2024_sports_p1.png,"HOF VILLAGE - BETR 192,622 1 66,536 2,425 1 1,353 23,661 23,661",,2026-04-08T18:42:59.510896
OH,2024-07-01,2024-07-31,monthly,HARD ROCK CINCINNATI - SEMINOLE HARD ROCK DIGITAL,Hard Rock Bet,Hard Rock Bet,Seminole Tribe / Hard Rock Digital,online,,6981589600,85459600,,85459600,,,,,0.012240708047347842,31,False,False,OH_2024_sports.pdf,,,,8,0,https://dam.assets.ohio.gov/image/upload/v1732715535/casinocontrol.ohio.gov/revenue-reports/2024/2024_Sports_Gaming_Revenue_Report.pdf.pdf,https://casinocontrol.ohio.gov/about/revenue-reports,OH/screenshots/OH_2024_12_OH_2024_sports_p1.png,"HARD ROCK CINCINNATI - SEMINOLE HARD ROCK DIGITAL 6,981,589 6 ,070,137 56,856 9 2,133 854,596 8 54,596",,2026-04-08T18:42:59.510896
OH,2024-06-01,2024-06-30,monthly,HARD ROCK CINCINNATI - SEMINOLE HARD ROCK DIGITAL,Hard Rock Bet,Hard Rock Bet,Seminole Tribe / Hard Rock Digital,retail,,1184564100,15295100,,15295100,,,,,0.012912007041239897,30,False,False,OH_2024_sports.pdf,,,,7,0,https://dam.assets.ohio.gov/image/upload/v1732715535/casinocontrol.ohio.gov/revenue-reports/2024/2024_Sports_Gaming_Revenue_Report.pdf.pdf,https://casinocontrol.ohio.gov/about/revenue-reports,OH/screenshots/OH_2024_12_OH_2024_sports_p1.png,"HARD ROCK CINCINNATI - SEMINOLE HARD ROCK DIGITAL 1,184,564 1 ,015,847 15,766 - 152,951 1 52,951",,2026-04-08T18:42:59.510896
OH,2024-06-01,2024-06-30,monthly,FC CINCINNATI - SUPERBOOK,SuperBook,SuperBook,SuperBook Sports,retail,,0,0,,0,,,,,,30,False,False,OH_2024_sports.pdf,,,,7,0,https://dam.assets.ohio.gov/image/upload/v1732715535/casinocontrol.ohio.gov/revenue-reports/2024/2024_Sports_Gaming_Revenue_Report.pdf.pdf,https://casinocontrol.ohio.gov/about/revenue-reports,OH/screenshots/OH_2024_12_OH_2024_sports_p1.png,FC CINCINNATI - SUPERBOOK - - - - - -,,2026-04-08T18:42:59.510896
OH,2024-06-01,2024-06-30,monthly,COLUMBUS CREW SC - TIPICO,Tipico,Tipico,Tipico Group,retail,,0,0,,0,,,,,,30,False,False,OH_2024_sports.pdf,,,,7,0,https://dam.assets.ohio.gov/image/upload/v1732715535/casinocontrol.ohio.gov/revenue-reports/2024/2024_Sports_Gaming_Revenue_Report.pdf.pdf,https://casinocontrol.ohio.gov/about/revenue-reports,OH/screenshots/OH_2024_12_OH_2024_sports_p1.png,COLUMBUS CREW SC - TIPICO - - - - - -,,2026-04-08T18:42:59.510896
OH,2024-06-01,2024-06-30,monthly,CLEVELAND GUARDIANS - FANATICS,Fanatics,Fanatics,Fanatics Inc,retail,,1134200,0,,-34500,,,,,0.0,30,False,False,OH_2024_sports.pdf,,,,7,0,https://dam.assets.ohio.gov/image/upload/v1732715535/casinocontrol.ohio.gov/revenue-reports/2024/2024_Sports_Gaming_Revenue_Report.pdf.pdf,https://casinocontrol.ohio.gov/about/revenue-reports,OH/screenshots/OH_2024_12_OH_2024_sports_p1.png,"CLEVELAND GUARDIANS - FANATICS 1 1,342 11,581 1 06 - (345) -",,2026-04-08T18:42:59.510896
OH,2024-06-01,2024-06-30,monthly,CLEVELAND CAVALIERS - CAESARS SPORTSBOOK,Caesars,Caesars,Caesars Entertainment,retail,,68594200,0,,-2332500,,,,,0.0,30,False,False,OH_2024_sports.pdf,,,,7,0,https://dam.assets.ohio.gov/image/upload/v1732715535/casinocontrol.ohio.gov/revenue-reports/2024/2024_Sports_Gaming_Revenue_Report.pdf.pdf,https://casinocontrol.ohio.gov/about/revenue-reports,OH/screenshots/OH_2024_12_OH_2024_sports_p1.png,"CLEVELAND CAVALIERS - CAESARS SPORTSBOOK 685,942 7 06,238 3,029 - (23,325) -",,2026-04-08T18:42:59.510896
OH,2024-06-01,2024-06-30,monthly,CLEVELAND BROWNS - BALLY'S INTERACTIVE,Bally Bet,Bally Bet,Bally's Corporation,retail,,0,0,,0,,,,,,30,False,False,OH_2024_sports.pdf,,,,7,0,https://dam.assets.ohio.gov/image/upload/v1732715535/casinocontrol.ohio.gov/revenue-reports/2024/2024_Sports_Gaming_Revenue_Report.pdf.pdf,https://casinocontrol.ohio.gov/about/revenue-reports,OH/screenshots/OH_2024_12_OH_2024_sports_p1.png,CLEVELAND BROWNS - BALLY'S INTERACTIVE - - - - - -,,2026-04-08T18:42:59.510896
OH,2024-06-01,2024-06-30,monthly,BELTERRA PARK - FANDUEL,FanDuel,FanDuel,Flutter Entertainment,retail,,33211600,8568800,,8568800,,,,,0.25800623878403933,30,False,False,OH_2024_sports.pdf,,,,7,0,https://dam.assets.ohio.gov/image/upload/v1732715535/casinocontrol.ohio.gov/revenue-reports/2024/2024_Sports_Gaming_Revenue_Report.pdf.pdf,https://casinocontrol.ohio.gov/about/revenue-reports,OH/screenshots/OH_2024_12_OH_2024_sports_p1.png,"BELTERRA PARK - FANDUEL 332,116 2 45,239 1,189 100 85,688 85,688",,2026-04-08T18:42:59.510896
OH,2024-06-01,2024-06-30,monthly,SCIOTO DOWNS - CAESARS SPORTSBOOK,Caesars Sportsbook,Caesars,Caesars Entertainment,online,,2768621200,71700000,,71700000,,,,,0.025897367252696035,30,False,False,OH_2024_sports.pdf,,,,7,0,https://dam.assets.ohio.gov/image/upload/v1732715535/casinocontrol.ohio.gov/revenue-reports/2024/2024_Sports_Gaming_Revenue_Report.pdf.pdf,https://casinocontrol.ohio.gov/about/revenue-reports,OH/screenshots/OH_2024_12_OH_2024_sports_p1.png,"SCIOTO DOWNS - CAESARS SPORTSBOOK 2 7,686,212 26,753,082 2 16,130 229,112 717,000 7 17,000",,2026-04-08T18:42:59.510896
OH,2024-06-01,2024-06-30,monthly,MUIRFIELD VILLAGE GOLF CLUB - PARX INTERACTIVE,BetRivers (Gun Lake),BetRivers,Rush Street Interactive,online,,33957000,61900,,61900,,,,,0.0018228936596283536,30,False,False,OH_2024_sports.pdf,,,,7,0,https://dam.assets.ohio.gov/image/upload/v1732715535/casinocontrol.ohio.gov/revenue-reports/2024/2024_Sports_Gaming_Revenue_Report.pdf.pdf,https://casinocontrol.ohio.gov/about/revenue-reports,OH/screenshots/OH_2024_12_OH_2024_sports_p1.png,"MUIRFIELD VILLAGE GOLF CLUB - PARX INTERACTIVE 339,570 3 37,466 1,485 2 ,826 6 19 6 19",,2026-04-08T18:42:59.510896
OH,2024-06-01,2024-06-30,monthly,MIAMI VALLEY GAMING AND RACING - MVGBET,MVGBet,MVGBet,Independent,online,,20221500,1965500,,1965500,,,,,0.09719852632099497,30,False,False,OH_2024_sports.pdf,,,,7,0,https://dam.assets.ohio.gov/image/upload/v1732715535/casinocontrol.ohio.gov/revenue-reports/2024/2024_Sports_Gaming_Revenue_Report.pdf.pdf,https://casinocontrol.ohio.gov/about/revenue-reports,OH/screenshots/OH_2024_12_OH_2024_sports_p1.png,"MIAMI VALLEY GAMING AND RACING - MVGBET 202,215 1 82,066 4 94 3 ,779 19,655 19,655",,2026-04-08T18:42:59.510896
OH,2024-06-01,2024-06-30,monthly,MGM NORTHFIELD PARK - BETMGM,BetMGM,BetMGM,Entain/MGM Resorts,online,,3442568000,248199600,,248199600,,,,,0.07209722509475484,30,False,False,OH_2024_sports.pdf,,,,7,0,https://dam.assets.ohio.gov/image/upload/v1732715535/casinocontrol.ohio.gov/revenue-reports/2024/2024_Sports_Gaming_Revenue_Report.pdf.pdf,https://casinocontrol.ohio.gov/about/revenue-reports,OH/screenshots/OH_2024_12_OH_2024_sports_p1.png,"MGM NORTHFIELD PARK - BETMGM 3 4,425,680 31,549,262 3 94,422 927,137 2 ,481,996 2 ,481,996",,2026-04-08T18:42:59.510896
OH,2024-06-01,2024-06-30,monthly,JACK CLEVELAND (BETJACK),BetJACK,betJACK,JACK Entertainment,online,,3319319300,25937400,,25937400,,,,,0.007814071999641613,30,False,False,OH_2024_sports.pdf,,,,7,0,https://dam.assets.ohio.gov/image/upload/v1732715535/casinocontrol.ohio.gov/revenue-reports/2024/2024_Sports_Gaming_Revenue_Report.pdf.pdf,https://casinocontrol.ohio.gov/about/revenue-reports,OH/screenshots/OH_2024_12_OH_2024_sports_p1.png,"JACK CLEVELAND (BETJACK) 3,319,319 3 ,049,693 10,252 7 2,441 259,374 2 59,374",,2026-04-08T18:42:59.510896
OH,2024-06-01,2024-06-30,monthly,HOLLYWOOD TOLEDO - DRAFTKINGS,DraftKings,DraftKings,DraftKings Inc,online,,18168976700,1527061400,,1527061400,,,,,0.08404773836272243,30,False,False,OH_2024_sports.pdf,,,,7,0,https://dam.assets.ohio.gov/image/upload/v1732715535/casinocontrol.ohio.gov/revenue-reports/2024/2024_Sports_Gaming_Revenue_Report.pdf.pdf,https://casinocontrol.ohio.gov/about/revenue-reports,OH/screenshots/OH_2024_12_OH_2024_sports_p1.png,"HOLLYWOOD TOLEDO - DRAFTKINGS 1 81,689,767 165,164,965 1 ,254,188 4,641,795 1 5,270,614 15,270,614",,2026-04-08T18:42:59.510896
OH,2024-06-01,2024-06-30,monthly,HOLLYWOOD COLUMBUS,Hollywood Columbus,ESPN Bet,PENN Entertainment,retail,,1246365100,11919800,,11919800,,,,,0.009563650330067812,30,False,False,OH_2024_sports.pdf,,,,7,0,https://dam.assets.ohio.gov/image/upload/v1732715535/casinocontrol.ohio.gov/revenue-reports/2024/2024_Sports_Gaming_Revenue_Report.pdf.pdf,https://casinocontrol.ohio.gov/about/revenue-reports,OH/screenshots/OH_2024_12_OH_2024_sports_p1.png,"HOLLYWOOD COLUMBUS 1,246,365 1 ,121,275 5,892 - 119,198 1 19,198",,2026-04-08T18:42:59.510896
OH,2024-06-01,2024-06-30,monthly,HOLLYWOOD GAMING AT DAYTON RACEWAY,Hollywood Dayton,ESPN Bet,PENN Entertainment,retail,,105809000,8840600,,8840600,,,,,0.08355243882845505,30,False,False,OH_2024_sports.pdf,,,,7,0,https://dam.assets.ohio.gov/image/upload/v1732715535/casinocontrol.ohio.gov/revenue-reports/2024/2024_Sports_Gaming_Revenue_Report.pdf.pdf,https://casinocontrol.ohio.gov/about/revenue-reports,OH/screenshots/OH_2024_12_OH_2024_sports_p1.png,"HOLLYWOOD GAMING AT DAYTON RACEWAY 1,058,090 9 65,456 4,228 - 88,406 88,406",,2026-04-08T18:42:59.510896
OH,2024-06-01,2024-06-30,monthly,HOLLYWOOD GAMING AT MAHONING VALLEY,Hollywood Mahoning Valley,ESPN Bet,PENN Entertainment,retail,,91112700,9372800,,9372800,,,,,0.1028704011625163,30,False,False,OH_2024_sports.pdf,,,,7,0,https://dam.assets.ohio.gov/image/upload/v1732715535/casinocontrol.ohio.gov/revenue-reports/2024/2024_Sports_Gaming_Revenue_Report.pdf.pdf,https://casinocontrol.ohio.gov/about/revenue-reports,OH/screenshots/OH_2024_12_OH_2024_sports_p1.png,"HOLLYWOOD GAMING AT MAHONING VALLEY 911,127 8 11,584 5,815 - 93,728 93,728",,2026-04-08T18:42:59.510896
OH,2024-07-01,2024-07-31,monthly,CINCINNATI BENGALS - BETFRED SPORTS,Betfred,Betfred,Betfred Group,online,,27609100,2653500,,2653500,,,,,0.09610961603239511,31,False,False,OH_2024_sports.pdf,,,,8,0,https://dam.assets.ohio.gov/image/upload/v1732715535/casinocontrol.ohio.gov/revenue-reports/2024/2024_Sports_Gaming_Revenue_Report.pdf.pdf,https://casinocontrol.ohio.gov/about/revenue-reports,OH/screenshots/OH_2024_12_OH_2024_sports_p1.png,"CINCINNATI BENGALS - BETFRED SPORTS 276,091 2 46,530 3,026 6 ,025 26,535 26,535",,2026-04-08T18:42:59.510896
OH,2024-07-01,2024-07-31,monthly,"GENEVA SPORTS, LLC - PRIME SPORTS",Prime Sports,Prime Sports,Independent,online,,4873505400,0,,-6236600,,,,,0.0,31,False,False,OH_2024_sports.pdf,,,,8,0,https://dam.assets.ohio.gov/image/upload/v1732715535/casinocontrol.ohio.gov/revenue-reports/2024/2024_Sports_Gaming_Revenue_Report.pdf.pdf,https://casinocontrol.ohio.gov/about/revenue-reports,OH/screenshots/OH_2024_12_OH_2024_sports_p1.png,"GENEVA SPORTS, LLC - PRIME SPORTS 4,873,505 4 ,910,216 25,655 2 0,356 (62,366) -",,2026-04-08T18:42:59.510896
OH,2024-07-01,2024-07-31,monthly,FC CINCINNATI - SUPERBOOK,SuperBook,SuperBook,SuperBook Sports,online,,23660400,907500,,907500,,,,,0.038355226454328754,31,False,False,OH_2024_sports.pdf,,,,8,0,https://dam.assets.ohio.gov/image/upload/v1732715535/casinocontrol.ohio.gov/revenue-reports/2024/2024_Sports_Gaming_Revenue_Report.pdf.pdf,https://casinocontrol.ohio.gov/about/revenue-reports,OH/screenshots/OH_2024_12_OH_2024_sports_p1.png,"FC CINCINNATI - SUPERBOOK 236,604 2 24,031 3,498 5 ,968 9 ,075 9,075",,2026-04-08T18:42:59.510896
OH,2024-07-01,2024-07-31,monthly,COLUMBUS CREW SC - TIPICO,Tipico,Tipico,Tipico Group,online,,0,0,,-602200,,,,,,31,False,False,OH_2024_sports.pdf,,,,8,0,https://dam.assets.ohio.gov/image/upload/v1732715535/casinocontrol.ohio.gov/revenue-reports/2024/2024_Sports_Gaming_Revenue_Report.pdf.pdf,https://casinocontrol.ohio.gov/about/revenue-reports,OH/screenshots/OH_2024_12_OH_2024_sports_p1.png,"COLUMBUS CREW SC - TIPICO - 7 00 5,322 - (6,022) -",,2026-04-08T18:42:59.510896
OH,2024-07-01,2024-07-31,monthly,COLUMBUS BLUE JACKETS - FANATICS,Fanatics,Fanatics,Fanatics Inc,online,,1896266700,170836400,,170836400,,,,,0.09009091389940033,31,False,False,OH_2024_sports.pdf,,,,8,0,https://dam.assets.ohio.gov/image/upload/v1732715535/casinocontrol.ohio.gov/revenue-reports/2024/2024_Sports_Gaming_Revenue_Report.pdf.pdf,https://casinocontrol.ohio.gov/about/revenue-reports,OH/screenshots/OH_2024_12_OH_2024_sports_p1.png,"COLUMBUS BLUE JACKETS - FANATICS 1 8,962,667 17,183,407 70,896 1,041,383 1 ,708,364 1 ,708,364",,2026-04-08T18:42:59.510896
OH,2024-07-01,2024-07-31,monthly,CLEVELAND GUARDIANS - BET365,bet365,bet365,bet365 Group,online,,5190821800,483761400,,483761400,,,,,0.09319553216024484,31,False,False,OH_2024_sports.pdf,,,,8,0,https://dam.assets.ohio.gov/image/upload/v1732715535/casinocontrol.ohio.gov/revenue-reports/2024/2024_Sports_Gaming_Revenue_Report.pdf.pdf,https://casinocontrol.ohio.gov/about/revenue-reports,OH/screenshots/OH_2024_12_OH_2024_sports_p1.png,"CLEVELAND GUARDIANS - BET365 5 1,908,218 45,246,834 1 ,823,770 1,520,680 4 ,837,614 4 ,837,614",,2026-04-08T18:42:59.510896
OH,2024-07-01,2024-07-31,monthly,CLEVELAND BROWNS - BALLY'S INTERACTIVE,Bally Bet,Bally Bet,Bally's Corporation,online,,1566120100,13676500,,13676500,,,,,0.008732727458130446,31,False,False,OH_2024_sports.pdf,,,,8,0,https://dam.assets.ohio.gov/image/upload/v1732715535/casinocontrol.ohio.gov/revenue-reports/2024/2024_Sports_Gaming_Revenue_Report.pdf.pdf,https://casinocontrol.ohio.gov/about/revenue-reports,OH/screenshots/OH_2024_12_OH_2024_sports_p1.png,"CLEVELAND BROWNS - BALLY'S INTERACTIVE 1,566,120 1 ,408,991 20,364 6 5,427 136,765 1 36,765",,2026-04-08T18:42:59.510896
OH,2024-07-01,2024-07-31,monthly,BELTERRA PARK - FANDUEL,FanDuel,FanDuel,Flutter Entertainment,online,,13936502700,2075263100,,2075263100,,,,,0.148908456064806,31,False,False,OH_2024_sports.pdf,,,,8,0,https://dam.assets.ohio.gov/image/upload/v1732715535/casinocontrol.ohio.gov/revenue-reports/2024/2024_Sports_Gaming_Revenue_Report.pdf.pdf,https://casinocontrol.ohio.gov/about/revenue-reports,OH/screenshots/OH_2024_12_OH_2024_sports_p1.png,"BELTERRA PARK - FANDUEL 1 39,365,027 117,857,369 7 55,027 5,105,712 2 0,752,631 20,752,631",,2026-04-08T18:42:59.510896
OH,2024-06-01,2024-06-30,monthly,HOLLYWOOD TOLEDO,Hollywood Toledo,ESPN Bet,PENN Entertainment,retail,,38626300,282800,,282800,,,,,0.007321436430618516,30,False,False,OH_2024_sports.pdf,,,,7,0,https://dam.assets.ohio.gov/image/upload/v1732715535/casinocontrol.ohio.gov/revenue-reports/2024/2024_Sports_Gaming_Revenue_Report.pdf.pdf,https://casinocontrol.ohio.gov/about/revenue-reports,OH/screenshots/OH_2024_12_OH_2024_sports_p1.png,"HOLLYWOOD TOLEDO 386,263 3 79,294 4,141 - 2 ,828 2,828",,2026-04-08T18:42:59.510896
OH,2024-07-01,2024-07-31,monthly,BELTERRA PARK - BETWAY,Betway,Betway,Digital Gaming USA,online,,29607600,318800,,318800,,,,,0.01076750564044367,31,False,False,OH_2024_sports.pdf,,,,8,0,https://dam.assets.ohio.gov/image/upload/v1732715535/casinocontrol.ohio.gov/revenue-reports/2024/2024_Sports_Gaming_Revenue_Report.pdf.pdf,https://casinocontrol.ohio.gov/about/revenue-reports,OH/screenshots/OH_2024_12_OH_2024_sports_p1.png,"BELTERRA PARK - BETWAY 296,076 2 89,086 3,802 767 3 ,188 3,188",,2026-04-08T18:42:59.510896
OH,2024-06-01,2024-06-30,monthly,SCIOTO DOWNS - CAESARS SPORTSBOOK,Caesars Sportsbook,Caesars,Caesars Entertainment,retail,,1381784100,1800200,,1800200,,,,,0.0013028084488741765,30,False,False,OH_2024_sports.pdf,,,,7,0,https://dam.assets.ohio.gov/image/upload/v1732715535/casinocontrol.ohio.gov/revenue-reports/2024/2024_Sports_Gaming_Revenue_Report.pdf.pdf,https://casinocontrol.ohio.gov/about/revenue-reports,OH/screenshots/OH_2024_12_OH_2024_sports_p1.png,"SCIOTO DOWNS - CAESARS SPORTSBOOK 1,381,784 1 ,322,822 40,960 - 18,002 18,002",,2026-04-08T18:42:59.510896
OH,2024-06-01,2024-06-30,monthly,MIAMI VALLEY GAMING AND RACING,MVGBet,MVGBet,Independent,retail,,52233600,1616400,,1616400,,,,,0.030945598235618453,30,False,False,OH_2024_sports.pdf,,,,7,0,https://dam.assets.ohio.gov/image/upload/v1732715535/casinocontrol.ohio.gov/revenue-reports/2024/2024_Sports_Gaming_Revenue_Report.pdf.pdf,https://casinocontrol.ohio.gov/about/revenue-reports,OH/screenshots/OH_2024_12_OH_2024_sports_p1.png,"MIAMI VALLEY GAMING AND RACING 522,336 5 05,839 3 33 - 16,164 16,164",,2026-04-08T18:42:59.510896
OH,2024-06-01,2024-06-30,monthly,MGM NORTHFIELD PARK - BETMGM,BetMGM,BetMGM,Entain/MGM Resorts,retail,,2133548200,1181900,,1181900,,,,,0.0005539598308582857,30,False,False,OH_2024_sports.pdf,,,,7,0,https://dam.assets.ohio.gov/image/upload/v1732715535/casinocontrol.ohio.gov/revenue-reports/2024/2024_Sports_Gaming_Revenue_Report.pdf.pdf,https://casinocontrol.ohio.gov/about/revenue-reports,OH/screenshots/OH_2024_12_OH_2024_sports_p1.png,"MGM NORTHFIELD PARK - BETMGM 2,133,548 2 ,110,293 11,436 - 11,819 11,819",,2026-04-08T18:42:59.510896
OH,2024-06-01,2024-06-30,monthly,JACK THISTLEDOWN - BETJACK,betJACK,betJACK,JACK Entertainment,retail,,1959551100,4123300,,4123300,,,,,0.0021042064174800037,30,False,False,OH_2024_sports.pdf,,,,7,0,https://dam.assets.ohio.gov/image/upload/v1732715535/casinocontrol.ohio.gov/revenue-reports/2024/2024_Sports_Gaming_Revenue_Report.pdf.pdf,https://casinocontrol.ohio.gov/about/revenue-reports,OH/screenshots/OH_2024_12_OH_2024_sports_p1.png,"JACK THISTLEDOWN - BETJACK 1,959,551 1 ,908,783 9,535 - 41,233 41,233",,2026-04-08T18:42:59.510896
OH,2024-06-01,2024-06-30,monthly,JACK CLEVELAND - BETJACK,BetJACK,betJACK,JACK Entertainment,retail,,1562902100,8851400,,8851400,,,,,0.005663438548070285,30,False,False,OH_2024_sports.pdf,,,,7,0,https://dam.assets.ohio.gov/image/upload/v1732715535/casinocontrol.ohio.gov/revenue-reports/2024/2024_Sports_Gaming_Revenue_Report.pdf.pdf,https://casinocontrol.ohio.gov/about/revenue-reports,OH/screenshots/OH_2024_12_OH_2024_sports_p1.png,"JACK CLEVELAND - BETJACK 1,562,902 1 ,465,847 8,541 - 88,514 88,514",,2026-04-08T18:42:59.510896
OH,2024-08-01,2024-08-31,monthly,HOLLYWOOD COLUMBUS - PENN INTERACTIVE (ESPN BET),ESPN BET,ESPN Bet,PENN Entertainment,online,,1967721900,,,442874187641100,187641100,,,,,31,False,False,OH_2024_sports.pdf,,,,9,0,https://dam.assets.ohio.gov/image/upload/v1732715535/casinocontrol.ohio.gov/revenue-reports/2024/2024_Sports_Gaming_Revenue_Report.pdf.pdf,https://casinocontrol.ohio.gov/about/revenue-reports,OH/screenshots/OH_2024_12_OH_2024_sports_p1.png,"HOLLYWOOD COLUMBUS - PENN INTERACTIVE (ESPN BET) 1 9,677,219 17,763,803 37,005 442,874 1,876,411 1,876,411",,2026-04-08T18:42:59.510896
OH,2024-08-01,2024-08-31,monthly,"HOLLYWOOD GAMING AT DAYTON RACEWAY - RSI OH, LLC",BetRivers,BetRivers,Rush Street Interactive,online,,380810600,100,,7944219254300,9254300,,,,2.6259773231102284e-07,31,False,False,OH_2024_sports.pdf,,,,9,0,https://dam.assets.ohio.gov/image/upload/v1732715535/casinocontrol.ohio.gov/revenue-reports/2024/2024_Sports_Gaming_Revenue_Report.pdf.pdf,https://casinocontrol.ohio.gov/about/revenue-reports,OH/screenshots/OH_2024_12_OH_2024_sports_p1.png,"HOLLYWOOD GAMING AT DAYTON RACEWAY - RSI OH, LLC 3 ,808,106 3,548,209 67,354 79,442 192,543 1 92,543",,2026-04-08T18:42:59.510896
OH,2024-08-01,2024-08-31,monthly,HOLLYWOOD TOLEDO - DRAFTKINGS,DraftKings,DraftKings,DraftKings Inc,online,,17884905200,,,5496261666813500,1666813500,,,,,31,False,False,OH_2024_sports.pdf,,,,9,0,https://dam.assets.ohio.gov/image/upload/v1732715535/casinocontrol.ohio.gov/revenue-reports/2024/2024_Sports_Gaming_Revenue_Report.pdf.pdf,https://casinocontrol.ohio.gov/about/revenue-reports,OH/screenshots/OH_2024_12_OH_2024_sports_p1.png,"HOLLYWOOD TOLEDO - DRAFTKINGS 178,849,052 1 61,044,235 1,136,682 5 ,549,626 1 6,668,135 16,668,135",,2026-04-08T18:42:59.510896
OH,2024-09-01,2024-09-30,monthly,MUIRFIELD VILLAGE GOLF CLUB - PARX INTERACTIVE,BetRivers (Gun Lake),BetRivers,Rush Street Interactive,online,,39909900,2126400,,113500,2126400,,,,0.053280013229800124,30,False,False,OH_2024_sports.pdf,,,,10,0,https://dam.assets.ohio.gov/image/upload/v1732715535/casinocontrol.ohio.gov/revenue-reports/2024/2024_Sports_Gaming_Revenue_Report.pdf.pdf,https://casinocontrol.ohio.gov/about/revenue-reports,OH/screenshots/OH_2024_12_OH_2024_sports_p1.png,"MUIRFIELD VILLAGE GOLF CLUB - PARX INTERACTIVE 3 99,099 376,572 1 ,263 1,135 21,264 2 1,264",,2026-04-08T18:42:59.510896
OH,2024-09-01,2024-09-30,monthly,SCIOTO DOWNS - CAESARS SPORTSBOOK,Caesars Sportsbook,Caesars,Caesars Entertainment,retail,,97461100,22114200,,0,22114200,,,,0.2269028361058925,30,False,False,OH_2024_sports.pdf,,,,10,0,https://dam.assets.ohio.gov/image/upload/v1732715535/casinocontrol.ohio.gov/revenue-reports/2024/2024_Sports_Gaming_Revenue_Report.pdf.pdf,https://casinocontrol.ohio.gov/about/revenue-reports,OH/screenshots/OH_2024_12_OH_2024_sports_p1.png,"SCIOTO DOWNS - CAESARS SPORTSBOOK 9 74,611 747,747 5 ,722 - 221,142 221,142",,2026-04-08T18:42:59.510896
OH,2024-09-01,2024-09-30,monthly,MIAMI VALLEY GAMING AND RACING,MVGBet,MVGBet,Independent,retail,,69638300,16268000,,0,16268000,,,,0.233607081160798,30,False,False,OH_2024_sports.pdf,,,,10,0,https://dam.assets.ohio.gov/image/upload/v1732715535/casinocontrol.ohio.gov/revenue-reports/2024/2024_Sports_Gaming_Revenue_Report.pdf.pdf,https://casinocontrol.ohio.gov/about/revenue-reports,OH/screenshots/OH_2024_12_OH_2024_sports_p1.png,"MIAMI VALLEY GAMING AND RACING 6 96,383 532,608 1 ,095 - 162,680 162,680",,2026-04-08T18:42:59.510896
OH,2024-09-01,2024-09-30,monthly,JACK THISTLEDOWN - BETJACK,betJACK,betJACK,JACK Entertainment,retail,,187998300,22126800,,0,22126800,,,,0.11769680896050656,30,False,False,OH_2024_sports.pdf,,,,10,0,https://dam.assets.ohio.gov/image/upload/v1732715535/casinocontrol.ohio.gov/revenue-reports/2024/2024_Sports_Gaming_Revenue_Report.pdf.pdf,https://casinocontrol.ohio.gov/about/revenue-reports,OH/screenshots/OH_2024_12_OH_2024_sports_p1.png,"JACK THISTLEDOWN - BETJACK 1 ,879,983 1,648,972 9 ,743 - 221,268 221,268",,2026-04-08T18:42:59.510896
OH,2024-09-01,2024-09-30,monthly,JACK CLEVELAND - BETJACK,BetJACK,betJACK,JACK Entertainment,retail,,283589100,37176200,,0,37176200,,,,0.13109178032583058,30,False,False,OH_2024_sports.pdf,,,,10,0,https://dam.assets.ohio.gov/image/upload/v1732715535/casinocontrol.ohio.gov/revenue-reports/2024/2024_Sports_Gaming_Revenue_Report.pdf.pdf,https://casinocontrol.ohio.gov/about/revenue-reports,OH/screenshots/OH_2024_12_OH_2024_sports_p1.png,"JACK CLEVELAND - BETJACK 2 ,835,891 2,441,136 2 2,993 - 371,762 371,762",,2026-04-08T18:42:59.510896
OH,2024-09-01,2024-09-30,monthly,HOLLYWOOD TOLEDO,Hollywood Toledo,ESPN Bet,PENN Entertainment,retail,,115916900,22156100,,0,22156100,,,,0.1911377892265925,30,False,False,OH_2024_sports.pdf,,,,10,0,https://dam.assets.ohio.gov/image/upload/v1732715535/casinocontrol.ohio.gov/revenue-reports/2024/2024_Sports_Gaming_Revenue_Report.pdf.pdf,https://casinocontrol.ohio.gov/about/revenue-reports,OH/screenshots/OH_2024_12_OH_2024_sports_p1.png,"HOLLYWOOD TOLEDO 1 ,159,169 930,605 7 ,003 - 221,561 221,561",,2026-04-08T18:42:59.510896
OH,2024-09-01,2024-09-30,monthly,HOLLYWOOD GAMING AT MAHONING VALLEY,Hollywood Mahoning Valley,ESPN Bet,PENN Entertainment,retail,,145752600,19209600,,0,19209600,,,,0.1317959336574442,30,False,False,OH_2024_sports.pdf,,,,10,0,https://dam.assets.ohio.gov/image/upload/v1732715535/casinocontrol.ohio.gov/revenue-reports/2024/2024_Sports_Gaming_Revenue_Report.pdf.pdf,https://casinocontrol.ohio.gov/about/revenue-reports,OH/screenshots/OH_2024_12_OH_2024_sports_p1.png,"HOLLYWOOD GAMING AT MAHONING VALLEY 1 ,457,526 1,259,004 6 ,426 - 192,096 192,096",,2026-04-08T18:42:59.510896
OH,2024-09-01,2024-09-30,monthly,HOLLYWOOD GAMING AT DAYTON RACEWAY,Hollywood Dayton,ESPN Bet,PENN Entertainment,retail,,130391200,17247000,,0,17247000,,,,0.13227119621569552,30,False,False,OH_2024_sports.pdf,,,,10,0,https://dam.assets.ohio.gov/image/upload/v1732715535/casinocontrol.ohio.gov/revenue-reports/2024/2024_Sports_Gaming_Revenue_Report.pdf.pdf,https://casinocontrol.ohio.gov/about/revenue-reports,OH/screenshots/OH_2024_12_OH_2024_sports_p1.png,"HOLLYWOOD GAMING AT DAYTON RACEWAY 1 ,303,912 1,130,677 765 - 172,470 172,470",,2026-04-08T18:42:59.510896
OH,2024-09-01,2024-09-30,monthly,HOLLYWOOD COLUMBUS,Hollywood Columbus,ESPN Bet,PENN Entertainment,retail,,289422200,50443200,,0,50443200,,,,0.17428932542147768,30,False,False,OH_2024_sports.pdf,,,,10,0,https://dam.assets.ohio.gov/image/upload/v1732715535/casinocontrol.ohio.gov/revenue-reports/2024/2024_Sports_Gaming_Revenue_Report.pdf.pdf,https://casinocontrol.ohio.gov/about/revenue-reports,OH/screenshots/OH_2024_12_OH_2024_sports_p1.png,"HOLLYWOOD COLUMBUS 2 ,894,222 2,386,420 3 ,370 - 504,432 504,432",,2026-04-08T18:42:59.510896
OH,2024-09-01,2024-09-30,monthly,HARD ROCK CINCINNATI - SEMINOLE HARD ROCK DIGITAL,Hard Rock Bet,Hard Rock Bet,Seminole Tribe / Hard Rock Digital,retail,,241909400,46844000,,0,46844000,,,,0.19364274393636627,30,False,False,OH_2024_sports.pdf,,,,10,0,https://dam.assets.ohio.gov/image/upload/v1732715535/casinocontrol.ohio.gov/revenue-reports/2024/2024_Sports_Gaming_Revenue_Report.pdf.pdf,https://casinocontrol.ohio.gov/about/revenue-reports,OH/screenshots/OH_2024_12_OH_2024_sports_p1.png,"HARD ROCK CINCINNATI - SEMINOLE HARD ROCK DIGITAL 2 ,419,094 1,930,967 1 9,687 - 468,440 468,440",,2026-04-08T18:42:59.510896
OH,2024-09-01,2024-09-30,monthly,CLEVELAND GUARDIANS - FANATICS,Fanatics,Fanatics,Fanatics Inc,retail,,15899100,4183800,,0,4183800,,,,0.26314697058324055,30,False,False,OH_2024_sports.pdf,,,,10,0,https://dam.assets.ohio.gov/image/upload/v1732715535/casinocontrol.ohio.gov/revenue-reports/2024/2024_Sports_Gaming_Revenue_Report.pdf.pdf,https://casinocontrol.ohio.gov/about/revenue-reports,OH/screenshots/OH_2024_12_OH_2024_sports_p1.png,"CLEVELAND GUARDIANS - FANATICS 1 58,991 116,732 421 - 41,838 4 1,838",,2026-04-08T18:42:59.510896
OH,2024-09-01,2024-09-30,monthly,CLEVELAND CAVALIERS - CAESARS SPORTSBOOK,Caesars,Caesars,Caesars Entertainment,retail,,0,-734300,,0,0,,,,,30,False,False,OH_2024_sports.pdf,,,,10,0,https://dam.assets.ohio.gov/image/upload/v1732715535/casinocontrol.ohio.gov/revenue-reports/2024/2024_Sports_Gaming_Revenue_Report.pdf.pdf,https://casinocontrol.ohio.gov/about/revenue-reports,OH/screenshots/OH_2024_12_OH_2024_sports_p1.png,"CLEVELAND CAVALIERS - CAESARS SPORTSBOOK - 7 ,343 - - (7,343) -",,2026-04-08T18:42:59.510896
OH,2024-09-01,2024-09-30,monthly,CINCINNATI REDS - BETMGM,BetMGM,BetMGM,Entain/MGM Resorts,retail,,22562500,2912300,,0,2912300,,,,0.12907700831024932,30,False,False,OH_2024_sports.pdf,,,,10,0,https://dam.assets.ohio.gov/image/upload/v1732715535/casinocontrol.ohio.gov/revenue-reports/2024/2024_Sports_Gaming_Revenue_Report.pdf.pdf,https://casinocontrol.ohio.gov/about/revenue-reports,OH/screenshots/OH_2024_12_OH_2024_sports_p1.png,"CINCINNATI REDS - BETMGM 2 25,625 189,492 7 ,010 - 29,123 2 9,123",,2026-04-08T18:42:59.510896
OH,2024-09-01,2024-09-30,monthly,BELTERRA PARK - FANDUEL,FanDuel,FanDuel,Flutter Entertainment,retail,,55749500,9808300,,60000,9808300,,,,0.17593521018125724,30,False,False,OH_2024_sports.pdf,,,,10,0,https://dam.assets.ohio.gov/image/upload/v1732715535/casinocontrol.ohio.gov/revenue-reports/2024/2024_Sports_Gaming_Revenue_Report.pdf.pdf,https://casinocontrol.ohio.gov/about/revenue-reports,OH/screenshots/OH_2024_12_OH_2024_sports_p1.png,"BELTERRA PARK - FANDUEL 5 57,495 457,522 1 ,890 6 00 98,083 9 8,083",,2026-04-08T18:42:59.510896
OH,2024-10-01,2024-10-31,monthly,BELTERRA PARK - FANDUEL,FanDuel,FanDuel,Flutter Entertainment,online,,30722790100,448263600,,12734949300,3448263600,,,,0.014590588893161758,31,False,False,OH_2024_sports.pdf,,,,11,0,https://dam.assets.ohio.gov/image/upload/v1732715535/casinocontrol.ohio.gov/revenue-reports/2024/2024_Sports_Gaming_Revenue_Report.pdf.pdf,https://casinocontrol.ohio.gov/about/revenue-reports,OH/screenshots/OH_2024_12_OH_2024_sports_p1.png,"BELTERRA PARK - FANDUEL 3 07,227,901 272,027,283 717,982 12,734,949 3 4,482,636 3 4,482,636",,2026-04-08T18:42:59.510896
OH,2024-10-01,2024-10-31,monthly,CLEVELAND BROWNS - BALLY'S INTERACTIVE,Bally Bet,Bally Bet,Bally's Corporation,online,,339420700,34248400,,64154200,34248400,,,,0.10090250830311763,31,False,False,OH_2024_sports.pdf,,,,11,0,https://dam.assets.ohio.gov/image/upload/v1732715535/casinocontrol.ohio.gov/revenue-reports/2024/2024_Sports_Gaming_Revenue_Report.pdf.pdf,https://casinocontrol.ohio.gov/about/revenue-reports,OH/screenshots/OH_2024_12_OH_2024_sports_p1.png,"CLEVELAND BROWNS - BALLY'S INTERACTIVE 3,394,207 3 ,018,369 33,354 6 41,542 342,484 342,484",,2026-04-08T18:42:59.510896
OH,2024-10-01,2024-10-31,monthly,CLEVELAND GUARDIANS - BET365,bet365,bet365,bet365 Group,online,,7222953900,11496300,,5769865600,611496300,,,,0.00159163413738526,31,False,False,OH_2024_sports.pdf,,,,11,0,https://dam.assets.ohio.gov/image/upload/v1732715535/casinocontrol.ohio.gov/revenue-reports/2024/2024_Sports_Gaming_Revenue_Report.pdf.pdf,https://casinocontrol.ohio.gov/about/revenue-reports,OH/screenshots/OH_2024_12_OH_2024_sports_p1.png,"CLEVELAND GUARDIANS - BET365 72,229,539 6 3,112,025 3 ,002,551 5,769,865 6 ,114,963 6 ,114,963",,2026-04-08T18:42:59.510896
OH,2024-10-01,2024-10-31,monthly,JACK CLEVELAND (BETJACK),BetJACK,betJACK,JACK Entertainment,online,,647304100,37171600,,13852800,37171600,,,,0.05742525035759854,31,False,False,OH_2024_sports.pdf,,,,11,0,https://dam.assets.ohio.gov/image/upload/v1732715535/casinocontrol.ohio.gov/revenue-reports/2024/2024_Sports_Gaming_Revenue_Report.pdf.pdf,https://casinocontrol.ohio.gov/about/revenue-reports,OH/screenshots/OH_2024_12_OH_2024_sports_p1.png,"JACK CLEVELAND (BETJACK) 6,473,041 6 ,096,690 4 ,635 1 38,528 371,716 371,716",,2026-04-08T18:42:59.510896
OH,2024-10-01,2024-10-31,monthly,CINCINNATI REDS - BETMGM,BetMGM,BetMGM,Entain/MGM Resorts,retail,,41896900,19286100,,0,19286100,,,,0.4603228401146624,31,False,False,OH_2024_sports.pdf,,,,11,0,https://dam.assets.ohio.gov/image/upload/v1732715535/casinocontrol.ohio.gov/revenue-reports/2024/2024_Sports_Gaming_Revenue_Report.pdf.pdf,https://casinocontrol.ohio.gov/about/revenue-reports,OH/screenshots/OH_2024_12_OH_2024_sports_p1.png,"CINCINNATI REDS - BETMGM 4 18,969 220,828 5 ,280 - 192,861 192,861",,2026-04-08T18:42:59.510896
OH,2024-10-01,2024-10-31,monthly,BELTERRA PARK - FANDUEL,FanDuel,FanDuel,Flutter Entertainment,retail,,47462400,1659100,,20000,1659100,,,,0.0349560915587918,31,False,False,OH_2024_sports.pdf,,,,11,0,https://dam.assets.ohio.gov/image/upload/v1732715535/casinocontrol.ohio.gov/revenue-reports/2024/2024_Sports_Gaming_Revenue_Report.pdf.pdf,https://casinocontrol.ohio.gov/about/revenue-reports,OH/screenshots/OH_2024_12_OH_2024_sports_p1.png,"BELTERRA PARK - FANDUEL 4 74,624 455,673 2 ,360 2 00 16,591 16,591",,2026-04-08T18:42:59.510896
OH,2024-10-01,2024-10-31,monthly,SCIOTO DOWNS - CAESARS SPORTSBOOK,Caesars Sportsbook,Caesars,Caesars Entertainment,online,,2898313900,35432500,,586631200,235432500,,,,0.012225211354781136,31,False,False,OH_2024_sports.pdf,,,,11,0,https://dam.assets.ohio.gov/image/upload/v1732715535/casinocontrol.ohio.gov/revenue-reports/2024/2024_Sports_Gaming_Revenue_Report.pdf.pdf,https://casinocontrol.ohio.gov/about/revenue-reports,OH/screenshots/OH_2024_12_OH_2024_sports_p1.png,"SCIOTO DOWNS - CAESARS SPORTSBOOK 28,983,139 2 6,486,595 142,219 5 86,631 2 ,354,325 2 ,354,325",,2026-04-08T18:42:59.510896
OH,2024-10-01,2024-10-31,monthly,MUIRFIELD VILLAGE GOLF CLUB - PARX INTERACTIVE,BetRivers (Gun Lake),BetRivers,Rush Street Interactive,online,,46743600,1878800,,85000,1878800,,,,0.04019373775233401,31,False,False,OH_2024_sports.pdf,,,,11,0,https://dam.assets.ohio.gov/image/upload/v1732715535/casinocontrol.ohio.gov/revenue-reports/2024/2024_Sports_Gaming_Revenue_Report.pdf.pdf,https://casinocontrol.ohio.gov/about/revenue-reports,OH/screenshots/OH_2024_12_OH_2024_sports_p1.png,"MUIRFIELD VILLAGE GOLF CLUB - PARX INTERACTIVE 4 67,436 448,384 264 8 50 18,788 18,788",,2026-04-08T18:42:59.510896
OH,2024-10-01,2024-10-31,monthly,MIAMI VALLEY GAMING AND RACING - MVGBET,MVGBet,MVGBet,Independent,online,,29418300,3735900,,186100,3735900,,,,0.12699238229265458,31,False,False,OH_2024_sports.pdf,,,,11,0,https://dam.assets.ohio.gov/image/upload/v1732715535/casinocontrol.ohio.gov/revenue-reports/2024/2024_Sports_Gaming_Revenue_Report.pdf.pdf,https://casinocontrol.ohio.gov/about/revenue-reports,OH/screenshots/OH_2024_12_OH_2024_sports_p1.png,"MIAMI VALLEY GAMING AND RACING - MVGBET 2 94,183 255,987 837 1,861 37,359 37,359",,2026-04-08T18:42:59.510896
OH,2024-10-01,2024-10-31,monthly,MGM NORTHFIELD PARK - BETMGM,BetMGM,BetMGM,Entain/MGM Resorts,online,,5948805500,94172500,,2505889300,394172500,,,,0.015830488994807445,31,False,False,OH_2024_sports.pdf,,,,11,0,https://dam.assets.ohio.gov/image/upload/v1732715535/casinocontrol.ohio.gov/revenue-reports/2024/2024_Sports_Gaming_Revenue_Report.pdf.pdf,https://casinocontrol.ohio.gov/about/revenue-reports,OH/screenshots/OH_2024_12_OH_2024_sports_p1.png,"MGM NORTHFIELD PARK - BETMGM 59,488,055 5 5,207,275 339,055 2,505,889 3 ,941,725 3 ,941,725",,2026-04-08T18:42:59.510896
OH,2024-10-01,2024-10-31,monthly,HOLLYWOOD TOLEDO - DRAFTKINGS,DraftKings,DraftKings,DraftKings Inc,online,,29790309500,573869700,,11164787200,2573869700,,,,0.019263636720524842,31,False,False,OH_2024_sports.pdf,,,,11,0,https://dam.assets.ohio.gov/image/upload/v1732715535/casinocontrol.ohio.gov/revenue-reports/2024/2024_Sports_Gaming_Revenue_Report.pdf.pdf,https://casinocontrol.ohio.gov/about/revenue-reports,OH/screenshots/OH_2024_12_OH_2024_sports_p1.png,"HOLLYWOOD TOLEDO - DRAFTKINGS 2 97,903,095 271,495,460 668,938 11,164,787 2 5,738,697 2 5,738,697",,2026-04-08T18:42:59.510896
OH,2024-10-01,2024-10-31,monthly,COLUMBUS BLUE JACKETS - FANATICS,Fanatics,Fanatics,Fanatics Inc,online,,4169327200,95105200,,1698942200,295105200,,,,0.022810682740371156,31,False,False,OH_2024_sports.pdf,,,,11,0,https://dam.assets.ohio.gov/image/upload/v1732715535/casinocontrol.ohio.gov/revenue-reports/2024/2024_Sports_Gaming_Revenue_Report.pdf.pdf,https://casinocontrol.ohio.gov/about/revenue-reports,OH/screenshots/OH_2024_12_OH_2024_sports_p1.png,"COLUMBUS BLUE JACKETS - FANATICS 41,693,272 3 8,689,710 52,510 1,698,942 2 ,951,052 2 ,951,052",,2026-04-08T18:42:59.510896
OH,2024-10-01,2024-10-31,monthly,"HOLLYWOOD GAMING AT DAYTON RACEWAY - RSI OH, LLC",BetRivers,BetRivers,Rush Street Interactive,online,,437980400,34879300,,12259900,34879300,,,,0.07963666867284472,31,False,False,OH_2024_sports.pdf,,,,11,0,https://dam.assets.ohio.gov/image/upload/v1732715535/casinocontrol.ohio.gov/revenue-reports/2024/2024_Sports_Gaming_Revenue_Report.pdf.pdf,https://casinocontrol.ohio.gov/about/revenue-reports,OH/screenshots/OH_2024_12_OH_2024_sports_p1.png,"HOLLYWOOD GAMING AT DAYTON RACEWAY - RSI OH, LLC 4,379,804 4 ,025,440 5 ,571 1 22,599 348,793 348,793",,2026-04-08T18:42:59.510896
OH,2024-10-01,2024-10-31,monthly,HOLLYWOOD COLUMBUS - PENN INTERACTIVE (ESPN BET),ESPN BET,ESPN Bet,PENN Entertainment,online,,2843265100,5546100,,616804200,205546100,,,,0.001950609529867616,31,False,False,OH_2024_sports.pdf,,,,11,0,https://dam.assets.ohio.gov/image/upload/v1732715535/casinocontrol.ohio.gov/revenue-reports/2024/2024_Sports_Gaming_Revenue_Report.pdf.pdf,https://casinocontrol.ohio.gov/about/revenue-reports,OH/screenshots/OH_2024_12_OH_2024_sports_p1.png,"HOLLYWOOD COLUMBUS - PENN INTERACTIVE (ESPN BET) 28,432,651 2 6,340,794 36,396 6 16,804 2 ,055,461 2 ,055,461",,2026-04-08T18:42:59.510896
OH,2024-10-01,2024-10-31,monthly,HOF VILLAGE - BETR,Betr,Betr,Betr,online,,104093500,3436100,,6865000,3436100,,,,0.03300974604562244,31,False,False,OH_2024_sports.pdf,,,,11,0,https://dam.assets.ohio.gov/image/upload/v1732715535/casinocontrol.ohio.gov/revenue-reports/2024/2024_Sports_Gaming_Revenue_Report.pdf.pdf,https://casinocontrol.ohio.gov/about/revenue-reports,OH/screenshots/OH_2024_12_OH_2024_sports_p1.png,"HOF VILLAGE - BETR 1,040,935 994,603 11,971 6 8,650 34,361 34,361",,2026-04-08T18:42:59.510896
OH,2024-10-01,2024-10-31,monthly,HARD ROCK CINCINNATI - SEMINOLE HARD ROCK DIGITAL,Hard Rock Bet,Hard Rock Bet,Seminole Tribe / Hard Rock Digital,online,,1780838400,45965600,,1657045100,145965600,,,,0.02581121341498476,31,False,False,OH_2024_sports.pdf,,,,11,0,https://dam.assets.ohio.gov/image/upload/v1732715535/casinocontrol.ohio.gov/revenue-reports/2024/2024_Sports_Gaming_Revenue_Report.pdf.pdf,https://casinocontrol.ohio.gov/about/revenue-reports,OH/screenshots/OH_2024_12_OH_2024_sports_p1.png,"HARD ROCK CINCINNATI - SEMINOLE HARD ROCK DIGITAL 17,808,384 1 6,100,687 248,041 1,657,045 1 ,459,656 1 ,459,656",,2026-04-08T18:42:59.510896
OH,2024-10-01,2024-10-31,monthly,"GENEVA SPORTS, LLC - PRIME SPORTS",Prime Sports,Prime Sports,Independent,online,,1191431300,-12008400,,1562700,0,,,,-0.010078969723222817,31,False,False,OH_2024_sports.pdf,,,,11,0,https://dam.assets.ohio.gov/image/upload/v1732715535/casinocontrol.ohio.gov/revenue-reports/2024/2024_Sports_Gaming_Revenue_Report.pdf.pdf,https://casinocontrol.ohio.gov/about/revenue-reports,OH/screenshots/OH_2024_12_OH_2024_sports_p1.png,"GENEVA SPORTS, LLC - PRIME SPORTS 11,914,313 1 1,877,292 157,105 1 5,627 ( 120,084) -",,2026-04-08T18:42:59.510896
OH,2024-10-01,2024-10-31,monthly,FC CINCINNATI - SUPERBOOK,SuperBook,SuperBook,SuperBook Sports,online,,0,-110000,,0,0,,,,,31,False,False,OH_2024_sports.pdf,,,,11,0,https://dam.assets.ohio.gov/image/upload/v1732715535/casinocontrol.ohio.gov/revenue-reports/2024/2024_Sports_Gaming_Revenue_Report.pdf.pdf,https://casinocontrol.ohio.gov/about/revenue-reports,OH/screenshots/OH_2024_12_OH_2024_sports_p1.png,"FC CINCINNATI - SUPERBOOK - 1 ,100 - - (1,100) -",,2026-04-08T18:42:59.510896
OH,2024-09-01,2024-09-30,monthly,SCIOTO DOWNS - CAESARS SPORTSBOOK,Caesars Sportsbook,Caesars,Caesars Entertainment,online,,2919875000,62153600,,1016488200,262153600,,,,0.021286390684532728,30,False,False,OH_2024_sports.pdf,,,,10,0,https://dam.assets.ohio.gov/image/upload/v1732715535/casinocontrol.ohio.gov/revenue-reports/2024/2024_Sports_Gaming_Revenue_Report.pdf.pdf,https://casinocontrol.ohio.gov/about/revenue-reports,OH/screenshots/OH_2024_12_OH_2024_sports_p1.png,"SCIOTO DOWNS - CAESARS SPORTSBOOK 29,198,750 26,330,191 247,023 1 ,016,488 2 ,621,536 2,621,536",,2026-04-08T18:42:59.510896
OH,2024-09-01,2024-09-30,monthly,MIAMI VALLEY GAMING AND RACING - MVGBET,MVGBet,MVGBet,Independent,online,,43100700,1819200,,569800,1819200,,,,0.042208131190444705,30,False,False,OH_2024_sports.pdf,,,,10,0,https://dam.assets.ohio.gov/image/upload/v1732715535/casinocontrol.ohio.gov/revenue-reports/2024/2024_Sports_Gaming_Revenue_Report.pdf.pdf,https://casinocontrol.ohio.gov/about/revenue-reports,OH/screenshots/OH_2024_12_OH_2024_sports_p1.png,"MIAMI VALLEY GAMING AND RACING - MVGBET 4 31,007 411,551 1 ,264 5,698 18,192 1 8,192",,2026-04-08T18:42:59.510896
OH,2024-08-01,2024-08-31,monthly,JACK CLEVELAND (BETJACK),BetJACK,betJACK,JACK Entertainment,online,,486707500,300,,9722033257200,3257200,,,,6.163866387922931e-07,31,False,False,OH_2024_sports.pdf,,,,9,0,https://dam.assets.ohio.gov/image/upload/v1732715535/casinocontrol.ohio.gov/revenue-reports/2024/2024_Sports_Gaming_Revenue_Report.pdf.pdf,https://casinocontrol.ohio.gov/about/revenue-reports,OH/screenshots/OH_2024_12_OH_2024_sports_p1.png,"JACK CLEVELAND (BETJACK) 4 ,867,075 4,507,372 27,131 97,220 332,572 3 32,572",,2026-04-08T18:42:59.510896
OH,2024-09-01,2024-09-30,monthly,MGM NORTHFIELD PARK - BETMGM,BetMGM,BetMGM,Entain/MGM Resorts,online,,5243217800,55445500,,2995523500,555445500,,,,0.010574708531085624,30,False,False,OH_2024_sports.pdf,,,,10,0,https://dam.assets.ohio.gov/image/upload/v1732715535/casinocontrol.ohio.gov/revenue-reports/2024/2024_Sports_Gaming_Revenue_Report.pdf.pdf,https://casinocontrol.ohio.gov/about/revenue-reports,OH/screenshots/OH_2024_12_OH_2024_sports_p1.png,"MGM NORTHFIELD PARK - BETMGM 52,432,178 46,424,836 452,887 2 ,995,523 5 ,554,455 5,554,455",,2026-04-08T18:42:59.510896
OH,2024-08-01,2024-08-31,monthly,HOLLYWOOD GAMING AT MAHONING VALLEY,Hollywood Mahoning Valley,ESPN Bet,PENN Entertainment,retail,,86001000,,,-8973600,8973600,,,,,31,False,False,OH_2024_sports.pdf,,,,9,0,https://dam.assets.ohio.gov/image/upload/v1732715535/casinocontrol.ohio.gov/revenue-reports/2024/2024_Sports_Gaming_Revenue_Report.pdf.pdf,https://casinocontrol.ohio.gov/about/revenue-reports,OH/screenshots/OH_2024_12_OH_2024_sports_p1.png,"HOLLYWOOD GAMING AT MAHONING VALLEY 860,010 7 66,054 4,220 - 8 9,736 89,736",,2026-04-08T18:42:59.510896
OH,2024-08-01,2024-08-31,monthly,HOLLYWOOD GAMING AT DAYTON RACEWAY,Hollywood Dayton,ESPN Bet,PENN Entertainment,retail,,137723500,300,,-37781000,7781000,,,,2.178277490769549e-06,31,False,False,OH_2024_sports.pdf,,,,9,0,https://dam.assets.ohio.gov/image/upload/v1732715535/casinocontrol.ohio.gov/revenue-reports/2024/2024_Sports_Gaming_Revenue_Report.pdf.pdf,https://casinocontrol.ohio.gov/about/revenue-reports,OH/screenshots/OH_2024_12_OH_2024_sports_p1.png,"HOLLYWOOD GAMING AT DAYTON RACEWAY 1 ,377,235 9 72,224 27,201 - 377,810 3 77,810",,2026-04-08T18:42:59.510896
OH,2024-08-01,2024-08-31,monthly,HOLLYWOOD COLUMBUS,Hollywood Columbus,ESPN Bet,PENN Entertainment,retail,,162734100,200,,-28057600,8057600,,,,1.2289987163108408e-06,31,False,False,OH_2024_sports.pdf,,,,9,0,https://dam.assets.ohio.gov/image/upload/v1732715535/casinocontrol.ohio.gov/revenue-reports/2024/2024_Sports_Gaming_Revenue_Report.pdf.pdf,https://casinocontrol.ohio.gov/about/revenue-reports,OH/screenshots/OH_2024_12_OH_2024_sports_p1.png,"HOLLYWOOD COLUMBUS 1 ,627,341 1,343,623 3,142 - 280,576 2 80,576",,2026-04-08T18:42:59.510896
OH,2024-08-01,2024-08-31,monthly,HARD ROCK CINCINNATI - SEMINOLE HARD ROCK DIGITAL,Hard Rock Bet,Hard Rock Bet,Seminole Tribe / Hard Rock Digital,retail,,187976500,300,,-36354900,6354900,,,,1.5959441738727979e-06,31,False,False,OH_2024_sports.pdf,,,,9,0,https://dam.assets.ohio.gov/image/upload/v1732715535/casinocontrol.ohio.gov/revenue-reports/2024/2024_Sports_Gaming_Revenue_Report.pdf.pdf,https://casinocontrol.ohio.gov/about/revenue-reports,OH/screenshots/OH_2024_12_OH_2024_sports_p1.png,"HARD ROCK CINCINNATI - SEMINOLE HARD ROCK DIGITAL 1 ,879,765 1,489,474 26,742 - 363,549 3 63,549",,2026-04-08T18:42:59.510896
OH,2024-08-01,2024-08-31,monthly,FC CINCINNATI - SUPERBOOK,SuperBook,SuperBook,SuperBook Sports,retail,,0,,,,0,,,,,31,False,False,OH_2024_sports.pdf,,,,9,0,https://dam.assets.ohio.gov/image/upload/v1732715535/casinocontrol.ohio.gov/revenue-reports/2024/2024_Sports_Gaming_Revenue_Report.pdf.pdf,https://casinocontrol.ohio.gov/about/revenue-reports,OH/screenshots/OH_2024_12_OH_2024_sports_p1.png,FC CINCINNATI - SUPERBOOK - - - - - -,,2026-04-08T18:42:59.510896
OH,2024-08-01,2024-08-31,monthly,CLEVELAND GUARDIANS - FANATICS,Fanatics,Fanatics,Fanatics Inc,retail,,3679800,,,-674800,674800,,,,,31,False,False,OH_2024_sports.pdf,,,,9,0,https://dam.assets.ohio.gov/image/upload/v1732715535/casinocontrol.ohio.gov/revenue-reports/2024/2024_Sports_Gaming_Revenue_Report.pdf.pdf,https://casinocontrol.ohio.gov/about/revenue-reports,OH/screenshots/OH_2024_12_OH_2024_sports_p1.png,"CLEVELAND GUARDIANS - FANATICS 3 6,798 28,564 1,486 - 6,748 6,748",,2026-04-08T18:42:59.510896
OH,2024-08-01,2024-08-31,monthly,CLEVELAND CAVALIERS - CAESARS SPORTSBOOK,Caesars,Caesars,Caesars Entertainment,retail,,17085200,,,,0,,,,,31,False,False,OH_2024_sports.pdf,,,,9,0,https://dam.assets.ohio.gov/image/upload/v1732715535/casinocontrol.ohio.gov/revenue-reports/2024/2024_Sports_Gaming_Revenue_Report.pdf.pdf,https://casinocontrol.ohio.gov/about/revenue-reports,OH/screenshots/OH_2024_12_OH_2024_sports_p1.png,"CLEVELAND CAVALIERS - CAESARS SPORTSBOOK 170,852 2 30,046 1,155 - (60,349) -",,2026-04-08T18:42:59.510896
OH,2024-08-01,2024-08-31,monthly,CLEVELAND BROWNS - BALLY'S INTERACTIVE,Bally Bet,Bally Bet,Bally's Corporation,retail,,0,,,,0,,,,,31,False,False,OH_2024_sports.pdf,,,,9,0,https://dam.assets.ohio.gov/image/upload/v1732715535/casinocontrol.ohio.gov/revenue-reports/2024/2024_Sports_Gaming_Revenue_Report.pdf.pdf,https://casinocontrol.ohio.gov/about/revenue-reports,OH/screenshots/OH_2024_12_OH_2024_sports_p1.png,CLEVELAND BROWNS - BALLY'S INTERACTIVE - - - - - -,,2026-04-08T18:42:59.510896
OH,2024-08-01,2024-08-31,monthly,BELTERRA PARK - FANDUEL,FanDuel,FanDuel,Flutter Entertainment,retail,,29719000,,,-6831600,6831600,,,,,31,False,False,OH_2024_sports.pdf,,,,9,0,https://dam.assets.ohio.gov/image/upload/v1732715535/casinocontrol.ohio.gov/revenue-reports/2024/2024_Sports_Gaming_Revenue_Report.pdf.pdf,https://casinocontrol.ohio.gov/about/revenue-reports,OH/screenshots/OH_2024_12_OH_2024_sports_p1.png,"BELTERRA PARK - FANDUEL 297,190 2 28,218 6 56 - 6 8,316 68,316",,2026-04-08T18:42:59.510896
OH,2024-08-01,2024-08-31,monthly,SCIOTO DOWNS - CAESARS SPORTSBOOK,Caesars Sportsbook,Caesars,Caesars Entertainment,online,,2147211500,,,266550138547700,138547700,,,,,31,False,False,OH_2024_sports.pdf,,,,9,0,https://dam.assets.ohio.gov/image/upload/v1732715535/casinocontrol.ohio.gov/revenue-reports/2024/2024_Sports_Gaming_Revenue_Report.pdf.pdf,https://casinocontrol.ohio.gov/about/revenue-reports,OH/screenshots/OH_2024_12_OH_2024_sports_p1.png,"SCIOTO DOWNS - CAESARS SPORTSBOOK 2 1,472,115 19,833,222 2 53,416 266,550 1,385,477 1,385,477",,2026-04-08T18:42:59.510896
OH,2024-08-01,2024-08-31,monthly,MUIRFIELD VILLAGE GOLF CLUB - PARX INTERACTIVE,BetRivers (Gun Lake),BetRivers,Rush Street Interactive,online,,38399100,,,,0,,,,,31,False,False,OH_2024_sports.pdf,,,,9,0,https://dam.assets.ohio.gov/image/upload/v1732715535/casinocontrol.ohio.gov/revenue-reports/2024/2024_Sports_Gaming_Revenue_Report.pdf.pdf,https://casinocontrol.ohio.gov/about/revenue-reports,OH/screenshots/OH_2024_12_OH_2024_sports_p1.png,"MUIRFIELD VILLAGE GOLF CLUB - PARX INTERACTIVE 383,991 3 84,789 2,784 425 ( 3,582) -",,2026-04-08T18:42:59.510896
OH,2024-08-01,2024-08-31,monthly,MIAMI VALLEY GAMING AND RACING - MVGBET,MVGBet,MVGBet,Independent,online,,47299600,,,36745535000,5535000,,,,,31,False,False,OH_2024_sports.pdf,,,,9,0,https://dam.assets.ohio.gov/image/upload/v1732715535/casinocontrol.ohio.gov/revenue-reports/2024/2024_Sports_Gaming_Revenue_Report.pdf.pdf,https://casinocontrol.ohio.gov/about/revenue-reports,OH/screenshots/OH_2024_12_OH_2024_sports_p1.png,"MIAMI VALLEY GAMING AND RACING - MVGBET 472,996 4 16,895 7 51 3 ,674 5 5,350 55,350",,2026-04-08T18:42:59.510896
OH,2024-08-01,2024-08-31,monthly,MGM NORTHFIELD PARK - BETMGM,BetMGM,BetMGM,Entain/MGM Resorts,online,,3821437300,,,70262226874300,226874300,,,,,31,False,False,OH_2024_sports.pdf,,,,9,0,https://dam.assets.ohio.gov/image/upload/v1732715535/casinocontrol.ohio.gov/revenue-reports/2024/2024_Sports_Gaming_Revenue_Report.pdf.pdf,https://casinocontrol.ohio.gov/about/revenue-reports,OH/screenshots/OH_2024_12_OH_2024_sports_p1.png,"MGM NORTHFIELD PARK - BETMGM 3 8,214,373 35,568,719 3 76,911 1 ,070,262 2,268,743 2,268,743",,2026-04-08T18:42:59.510896
OH,2024-08-01,2024-08-31,monthly,HOLLYWOOD TOLEDO,Hollywood Toledo,ESPN Bet,PENN Entertainment,retail,,57554400,100,,-13168400,3168400,,,,1.7374866213530155e-06,31,False,False,OH_2024_sports.pdf,,,,9,0,https://dam.assets.ohio.gov/image/upload/v1732715535/casinocontrol.ohio.gov/revenue-reports/2024/2024_Sports_Gaming_Revenue_Report.pdf.pdf,https://casinocontrol.ohio.gov/about/revenue-reports,OH/screenshots/OH_2024_12_OH_2024_sports_p1.png,"HOLLYWOOD TOLEDO 575,544 4 42,327 1,533 - 131,684 1 31,684",,2026-04-08T18:42:59.510896
OH,2024-08-01,2024-08-31,monthly,JACK CLEVELAND - BETJACK,BetJACK,betJACK,JACK Entertainment,retail,,135950100,200,,-21927000,1927000,,,,1.47112800946818e-06,31,False,False,OH_2024_sports.pdf,,,,9,0,https://dam.assets.ohio.gov/image/upload/v1732715535/casinocontrol.ohio.gov/revenue-reports/2024/2024_Sports_Gaming_Revenue_Report.pdf.pdf,https://casinocontrol.ohio.gov/about/revenue-reports,OH/screenshots/OH_2024_12_OH_2024_sports_p1.png,"JACK CLEVELAND - BETJACK 1 ,359,501 1,131,564 8,667 - 219,270 2 19,270",,2026-04-08T18:42:59.510896
OH,2024-08-01,2024-08-31,monthly,JACK THISTLEDOWN - BETJACK,betJACK,betJACK,JACK Entertainment,retail,,99760000,200,,-28472600,8472600,,,,2.004811547714515e-06,31,False,False,OH_2024_sports.pdf,,,,9,0,https://dam.assets.ohio.gov/image/upload/v1732715535/casinocontrol.ohio.gov/revenue-reports/2024/2024_Sports_Gaming_Revenue_Report.pdf.pdf,https://casinocontrol.ohio.gov/about/revenue-reports,OH/screenshots/OH_2024_12_OH_2024_sports_p1.png,"JACK THISTLEDOWN - BETJACK 997,600 6 96,594 16,280 - 284,726 2 84,726",,2026-04-08T18:42:59.510896
OH,2024-09-01,2024-09-30,monthly,"GENEVA SPORTS, LLC - PRIME SPORTS",Prime Sports,Prime Sports,Independent,online,,1089337100,,,,0,,,,,30,False,False,OH_2024_sports.pdf,,,,10,0,https://dam.assets.ohio.gov/image/upload/v1732715535/casinocontrol.ohio.gov/revenue-reports/2024/2024_Sports_Gaming_Revenue_Report.pdf.pdf,https://casinocontrol.ohio.gov/about/revenue-reports,OH/screenshots/OH_2024_12_OH_2024_sports_p1.png,"GENEVA SPORTS, LLC - PRIME SPORTS 10,893,371 11,353,962 1 8,674 14,943 ( 479,265) -",,2026-04-08T18:42:59.510896
OH,2024-09-01,2024-09-30,monthly,JACK CLEVELAND (BETJACK),BetJACK,betJACK,JACK Entertainment,online,,584337300,62734700,,14638100,62734700,,,,0.1073604235088193,30,False,False,OH_2024_sports.pdf,,,,10,0,https://dam.assets.ohio.gov/image/upload/v1732715535/casinocontrol.ohio.gov/revenue-reports/2024/2024_Sports_Gaming_Revenue_Report.pdf.pdf,https://casinocontrol.ohio.gov/about/revenue-reports,OH/screenshots/OH_2024_12_OH_2024_sports_p1.png,"JACK CLEVELAND (BETJACK) 5 ,843,373 5,208,134 7 ,892 146,381 627,347 627,347",,2026-04-08T18:42:59.510896
OH,2024-09-01,2024-09-30,monthly,HOLLYWOOD TOLEDO - DRAFTKINGS,DraftKings,DraftKings,DraftKings Inc,online,,30870078900,746936200,,8405819300,3746936200,,,,0.024196122155036023,30,False,False,OH_2024_sports.pdf,,,,10,0,https://dam.assets.ohio.gov/image/upload/v1732715535/casinocontrol.ohio.gov/revenue-reports/2024/2024_Sports_Gaming_Revenue_Report.pdf.pdf,https://casinocontrol.ohio.gov/about/revenue-reports,OH/screenshots/OH_2024_12_OH_2024_sports_p1.png,"HOLLYWOOD TOLEDO - DRAFTKINGS 308,700,789 2 69,704,783 1,526,644 1 8,405,819 3 7,469,362 37,469,362",,2026-04-08T18:42:59.510896
OH,2024-09-01,2024-09-30,monthly,"HOLLYWOOD GAMING AT DAYTON RACEWAY - RSI OH, LLC",BetRivers,BetRivers,Rush Street Interactive,online,,457091000,42710500,,11194300,42710500,,,,0.09343981832939174,30,False,False,OH_2024_sports.pdf,,,,10,0,https://dam.assets.ohio.gov/image/upload/v1732715535/casinocontrol.ohio.gov/revenue-reports/2024/2024_Sports_Gaming_Revenue_Report.pdf.pdf,https://casinocontrol.ohio.gov/about/revenue-reports,OH/screenshots/OH_2024_12_OH_2024_sports_p1.png,"HOLLYWOOD GAMING AT DAYTON RACEWAY - RSI OH, LLC 4 ,570,910 4,130,070 1 3,735 111,943 427,105 427,105",,2026-04-08T18:42:59.510896
OH,2024-09-01,2024-09-30,monthly,HOLLYWOOD COLUMBUS - PENN INTERACTIVE (ESPN BET),ESPN BET,ESPN Bet,PENN Entertainment,online,,2867128600,4916800,,921609300,304916800,,,,0.0017148864546919869,30,False,False,OH_2024_sports.pdf,,,,10,0,https://dam.assets.ohio.gov/image/upload/v1732715535/casinocontrol.ohio.gov/revenue-reports/2024/2024_Sports_Gaming_Revenue_Report.pdf.pdf,https://casinocontrol.ohio.gov/about/revenue-reports,OH/screenshots/OH_2024_12_OH_2024_sports_p1.png,"HOLLYWOOD COLUMBUS - PENN INTERACTIVE (ESPN BET) 28,671,286 25,603,837 1 8,281 921,609 3 ,049,168 3,049,168",,2026-04-08T18:42:59.510896
OH,2024-09-01,2024-09-30,monthly,HOF VILLAGE - BETR,Betr,Betr,Betr,online,,61449600,9045000,,6682700,9045000,,,,0.14719379784408687,30,False,False,OH_2024_sports.pdf,,,,10,0,https://dam.assets.ohio.gov/image/upload/v1732715535/casinocontrol.ohio.gov/revenue-reports/2024/2024_Sports_Gaming_Revenue_Report.pdf.pdf,https://casinocontrol.ohio.gov/about/revenue-reports,OH/screenshots/OH_2024_12_OH_2024_sports_p1.png,"HOF VILLAGE - BETR 6 14,496 519,216 4 ,830 66,827 90,450 9 0,450",,2026-04-08T18:42:59.510896
OH,2024-09-01,2024-09-30,monthly,HARD ROCK CINCINNATI - SEMINOLE HARD ROCK DIGITAL,Hard Rock Bet,Hard Rock Bet,Seminole Tribe / Hard Rock Digital,online,,1678336500,76941300,,1151577100,176941300,,,,0.04584378639206142,30,False,False,OH_2024_sports.pdf,,,,10,0,https://dam.assets.ohio.gov/image/upload/v1732715535/casinocontrol.ohio.gov/revenue-reports/2024/2024_Sports_Gaming_Revenue_Report.pdf.pdf,https://casinocontrol.ohio.gov/about/revenue-reports,OH/screenshots/OH_2024_12_OH_2024_sports_p1.png,"HARD ROCK CINCINNATI - SEMINOLE HARD ROCK DIGITAL 16,783,365 14,902,591 111,361 1 ,151,577 1 ,769,413 1,769,413",,2026-04-08T18:42:59.510896
OH,2024-09-01,2024-09-30,monthly,FC CINCINNATI - SUPERBOOK,SuperBook,SuperBook,SuperBook Sports,online,,0,,,,0,,,,,30,False,False,OH_2024_sports.pdf,,,,10,0,https://dam.assets.ohio.gov/image/upload/v1732715535/casinocontrol.ohio.gov/revenue-reports/2024/2024_Sports_Gaming_Revenue_Report.pdf.pdf,https://casinocontrol.ohio.gov/about/revenue-reports,OH/screenshots/OH_2024_12_OH_2024_sports_p1.png,"FC CINCINNATI - SUPERBOOK - 3 4,201 - - ( 34,201) -",,2026-04-08T18:42:59.510896
OH,2024-08-01,2024-08-31,monthly,MGM NORTHFIELD PARK - BETMGM,BetMGM,BetMGM,Entain/MGM Resorts,retail,,259997100,,,,0,,,,,31,False,False,OH_2024_sports.pdf,,,,9,0,https://dam.assets.ohio.gov/image/upload/v1732715535/casinocontrol.ohio.gov/revenue-reports/2024/2024_Sports_Gaming_Revenue_Report.pdf.pdf,https://casinocontrol.ohio.gov/about/revenue-reports,OH/screenshots/OH_2024_12_OH_2024_sports_p1.png,"MGM NORTHFIELD PARK - BETMGM 2 ,599,971 2,625,816 18,832 - (44,677) -",,2026-04-08T18:42:59.510896
OH,2024-09-01,2024-09-30,monthly,COLUMBUS BLUE JACKETS - FANATICS,Fanatics,Fanatics,Fanatics Inc,online,,3557312300,59446200,,2289445300,359446200,,,,0.016710987112376948,30,False,False,OH_2024_sports.pdf,,,,10,0,https://dam.assets.ohio.gov/image/upload/v1732715535/casinocontrol.ohio.gov/revenue-reports/2024/2024_Sports_Gaming_Revenue_Report.pdf.pdf,https://casinocontrol.ohio.gov/about/revenue-reports,OH/screenshots/OH_2024_12_OH_2024_sports_p1.png,"COLUMBUS BLUE JACKETS - FANATICS 35,573,123 31,868,360 110,301 2 ,289,445 3 ,594,462 3,594,462",,2026-04-08T18:42:59.510896
OH,2024-09-01,2024-09-30,monthly,CLEVELAND GUARDIANS - BET365,bet365,bet365,bet365 Group,online,,6800851100,65416100,,5042963700,765416100,,,,0.009618810798548434,30,False,False,OH_2024_sports.pdf,,,,10,0,https://dam.assets.ohio.gov/image/upload/v1732715535/casinocontrol.ohio.gov/revenue-reports/2024/2024_Sports_Gaming_Revenue_Report.pdf.pdf,https://casinocontrol.ohio.gov/about/revenue-reports,OH/screenshots/OH_2024_12_OH_2024_sports_p1.png,"CLEVELAND GUARDIANS - BET365 68,008,511 57,658,479 2,695,871 5 ,042,963 7 ,654,161 7,654,161",,2026-04-08T18:42:59.510896
OH,2024-09-01,2024-09-30,monthly,CLEVELAND BROWNS - BALLY'S INTERACTIVE,Bally Bet,Bally Bet,Bally's Corporation,online,,423345500,89818300,,111357900,89818300,,,,0.21216311499708868,30,False,False,OH_2024_sports.pdf,,,,10,0,https://dam.assets.ohio.gov/image/upload/v1732715535/casinocontrol.ohio.gov/revenue-reports/2024/2024_Sports_Gaming_Revenue_Report.pdf.pdf,https://casinocontrol.ohio.gov/about/revenue-reports,OH/screenshots/OH_2024_12_OH_2024_sports_p1.png,"CLEVELAND BROWNS - BALLY'S INTERACTIVE 4 ,233,455 3,259,712 7 5,560 1 ,113,579 898,183 898,183",,2026-04-08T18:42:59.510896
OH,2024-09-01,2024-09-30,monthly,BELTERRA PARK - FANDUEL,FanDuel,FanDuel,Flutter Entertainment,online,,27599668600,911650800,,4405647300,3911650800,,,,0.03303122270098562,30,False,False,OH_2024_sports.pdf,,,,10,0,https://dam.assets.ohio.gov/image/upload/v1732715535/casinocontrol.ohio.gov/revenue-reports/2024/2024_Sports_Gaming_Revenue_Report.pdf.pdf,https://casinocontrol.ohio.gov/about/revenue-reports,OH/screenshots/OH_2024_12_OH_2024_sports_p1.png,"BELTERRA PARK - FANDUEL 275,996,686 2 36,022,054 858,124 1 4,405,647 3 9,116,508 39,116,508",,2026-04-08T18:42:59.510896
OH,2024-08-01,2024-08-31,monthly,SCIOTO DOWNS - CAESARS SPORTSBOOK,Caesars Sportsbook,Caesars,Caesars Entertainment,retail,,35469700,,,-8938200,8938200,,,,,31,False,False,OH_2024_sports.pdf,,,,9,0,https://dam.assets.ohio.gov/image/upload/v1732715535/casinocontrol.ohio.gov/revenue-reports/2024/2024_Sports_Gaming_Revenue_Report.pdf.pdf,https://casinocontrol.ohio.gov/about/revenue-reports,OH/screenshots/OH_2024_12_OH_2024_sports_p1.png,"SCIOTO DOWNS - CAESARS SPORTSBOOK 354,697 2 61,777 3,538 - 8 9,382 89,382",,2026-04-08T18:42:59.510896
OH,2024-08-01,2024-08-31,monthly,MIAMI VALLEY GAMING AND RACING,MVGBet,MVGBet,Independent,retail,,55607100,,,-8596900,8596900,,,,,31,False,False,OH_2024_sports.pdf,,,,9,0,https://dam.assets.ohio.gov/image/upload/v1732715535/casinocontrol.ohio.gov/revenue-reports/2024/2024_Sports_Gaming_Revenue_Report.pdf.pdf,https://casinocontrol.ohio.gov/about/revenue-reports,OH/screenshots/OH_2024_12_OH_2024_sports_p1.png,"MIAMI VALLEY GAMING AND RACING 556,071 4 69,351 7 51 - 8 5,969 85,969",,2026-04-08T18:42:59.510896
OH,2025-03-01,2025-03-31,monthly,JACK THISTLEDOWN - BETJACK,betJACK,betJACK,JACK Entertainment,retail,,189953100,11185600,,0,11185600,,,,0.058886114519847266,31,False,False,OH_2025_sports.pdf,,,,4,0,https://dam.assets.ohio.gov/image/upload/v1769793329/casinocontrol.ohio.gov/revenue-reports/2025/Sports/2025_Sports_Gaming_Revenue_Report12.pdf,https://casinocontrol.ohio.gov/about/revenue-reports,OH/screenshots/OH_2025_12_OH_2025_sports_p1.png,"JACK THISTLEDOWN - BETJACK 1 ,899,531 1,783,660 4,015 - 111,856 1 11,856",,2026-04-08T18:43:02.152237
OH,2025-03-01,2025-03-31,monthly,MGM NORTHFIELD PARK - BETMGM,BetMGM,BetMGM,Entain/MGM Resorts,retail,,144526900,15492300,,0,15492300,,,,0.1071931937929894,31,False,False,OH_2025_sports.pdf,,,,4,0,https://dam.assets.ohio.gov/image/upload/v1769793329/casinocontrol.ohio.gov/revenue-reports/2025/Sports/2025_Sports_Gaming_Revenue_Report12.pdf,https://casinocontrol.ohio.gov/about/revenue-reports,OH/screenshots/OH_2025_12_OH_2025_sports_p1.png,"MGM NORTHFIELD PARK - BETMGM 1 ,445,269 1,269,272 21,074 - 154,923 1 54,923",,2026-04-08T18:43:02.152237
OH,2025-03-01,2025-03-31,monthly,MIAMI VALLEY GAMING AND RACING,MVGBet,MVGBet,Independent,retail,,46541100,6545300,,0,6545300,,,,0.14063483673570243,31,False,False,OH_2025_sports.pdf,,,,4,0,https://dam.assets.ohio.gov/image/upload/v1769793329/casinocontrol.ohio.gov/revenue-reports/2025/Sports/2025_Sports_Gaming_Revenue_Report12.pdf,https://casinocontrol.ohio.gov/about/revenue-reports,OH/screenshots/OH_2025_12_OH_2025_sports_p1.png,"MIAMI VALLEY GAMING AND RACING 465,411 3 97,848 2,110 - 6 5,453 65,453",,2026-04-08T18:43:02.152237
OH,2025-11-01,2025-11-30,monthly,SCIOTO DOWNS - CAESARS SPORTSBOOK,Caesars Sportsbook,Caesars,Caesars Entertainment,online,,3405715500,305641300,,48439200,305641300,,,,0.08974363830449138,30,False,False,OH_2025_sports.pdf,,,,12,0,https://dam.assets.ohio.gov/image/upload/v1769793329/casinocontrol.ohio.gov/revenue-reports/2025/Sports/2025_Sports_Gaming_Revenue_Report12.pdf,https://casinocontrol.ohio.gov/about/revenue-reports,OH/screenshots/OH_2025_12_OH_2025_sports_p1.png,"SCIOTO DOWNS - CAESARS SPORTSBOOK 3 4,057,155 30,878,767 1 21,975 484,392 3,056,413 3,056,413",,2026-04-08T18:43:02.152237
OH,2025-11-01,2025-11-30,monthly,MGM NORTHFIELD PARK - BETMGM,BetMGM,BetMGM,Entain/MGM Resorts,online,,8043599600,899511100,,195497800,899511100,,,,0.11182942273755148,30,False,False,OH_2025_sports.pdf,,,,12,0,https://dam.assets.ohio.gov/image/upload/v1769793329/casinocontrol.ohio.gov/revenue-reports/2025/Sports/2025_Sports_Gaming_Revenue_Report12.pdf,https://casinocontrol.ohio.gov/about/revenue-reports,OH/screenshots/OH_2025_12_OH_2025_sports_p1.png,"MGM NORTHFIELD PARK - BETMGM 8 0,435,996 71,141,978 2 98,907 1 ,954,978 8,995,111 8,995,111",,2026-04-08T18:43:02.152237
OH,2025-11-01,2025-11-30,monthly,JACK CLEVELAND (BETJACK),BetJACK,betJACK,JACK Entertainment,online,,1060966800,38195200,,26383500,38195200,,,,0.036000372490449274,30,False,False,OH_2025_sports.pdf,,,,12,0,https://dam.assets.ohio.gov/image/upload/v1769793329/casinocontrol.ohio.gov/revenue-reports/2025/Sports/2025_Sports_Gaming_Revenue_Report12.pdf,https://casinocontrol.ohio.gov/about/revenue-reports,OH/screenshots/OH_2025_12_OH_2025_sports_p1.png,"JACK CLEVELAND (BETJACK) 1 0,609,668 10,226,254 1,462 263,835 3 81,952 3 81,952",,2026-04-08T18:43:02.152237
OH,2025-11-01,2025-11-30,monthly,HOLLYWOOD TOLEDO - DRAFTKINGS,DraftKings,DraftKings,DraftKings Inc,online,,37711487200,3925917200,,574897100,3925917200,,,,0.10410401422726176,30,False,False,OH_2025_sports.pdf,,,,12,0,https://dam.assets.ohio.gov/image/upload/v1769793329/casinocontrol.ohio.gov/revenue-reports/2025/Sports/2025_Sports_Gaming_Revenue_Report12.pdf,https://casinocontrol.ohio.gov/about/revenue-reports,OH/screenshots/OH_2025_12_OH_2025_sports_p1.png,"HOLLYWOOD TOLEDO - DRAFTKINGS 377,114,872 3 37,330,982 5 24,718 5 ,748,971 39,259,172 39,259,172",,2026-04-08T18:43:02.152237
OH,2025-11-01,2025-11-30,monthly,"HOLLYWOOD GAMING AT DAYTON RACEWAY - RSI OH, LLC",BetRivers,BetRivers,Rush Street Interactive,online,,649431200,34717800,,8063300,34717800,,,,0.05345878054519093,30,False,False,OH_2025_sports.pdf,,,,12,0,https://dam.assets.ohio.gov/image/upload/v1769793329/casinocontrol.ohio.gov/revenue-reports/2025/Sports/2025_Sports_Gaming_Revenue_Report12.pdf,https://casinocontrol.ohio.gov/about/revenue-reports,OH/screenshots/OH_2025_12_OH_2025_sports_p1.png,"HOLLYWOOD GAMING AT DAYTON RACEWAY - RSI OH, LLC 6 ,494,312 6,138,236 8,898 80,633 3 47,178 3 47,178",,2026-04-08T18:43:02.152237
OH,2025-11-01,2025-11-30,monthly,HOLLYWOOD COLUMBUS - PENN INTERACTIVE (ESPN BET),ESPN BET,ESPN Bet,PENN Entertainment,online,,3895856600,394602000,,125918500,394602000,,,,0.10128760899464317,30,False,False,OH_2025_sports.pdf,,,,12,0,https://dam.assets.ohio.gov/image/upload/v1769793329/casinocontrol.ohio.gov/revenue-reports/2025/Sports/2025_Sports_Gaming_Revenue_Report12.pdf,https://casinocontrol.ohio.gov/about/revenue-reports,OH/screenshots/OH_2025_12_OH_2025_sports_p1.png,"HOLLYWOOD COLUMBUS - PENN INTERACTIVE (ESPN BET) 3 8,958,566 34,982,703 29,843 1 ,259,185 3,946,020 3,946,020",,2026-04-08T18:43:02.152237
OH,2025-11-01,2025-11-30,monthly,HARD ROCK CINCINNATI - SEMINOLE HARD ROCK DIGITAL,Hard Rock Bet,Hard Rock Bet,Seminole Tribe / Hard Rock Digital,online,,3004453100,286797000,,121378000,286797000,,,,0.09545730635635484,30,False,False,OH_2025_sports.pdf,,,,12,0,https://dam.assets.ohio.gov/image/upload/v1769793329/casinocontrol.ohio.gov/revenue-reports/2025/Sports/2025_Sports_Gaming_Revenue_Report12.pdf,https://casinocontrol.ohio.gov/about/revenue-reports,OH/screenshots/OH_2025_12_OH_2025_sports_p1.png,"HARD ROCK CINCINNATI - SEMINOLE HARD ROCK DIGITAL 3 0,044,531 26,941,361 2 35,200 1 ,213,780 2,867,970 2,867,970",,2026-04-08T18:43:02.152237
OH,2025-11-01,2025-11-30,monthly,"GENEVA SPORTS, LLC - PRIME SPORTS",Prime Sports,Prime Sports,Independent,online,,1873717400,-39633900,,8122500,0,,,,-0.021152549471974803,30,False,False,OH_2025_sports.pdf,,,,12,0,https://dam.assets.ohio.gov/image/upload/v1769793329/casinocontrol.ohio.gov/revenue-reports/2025/Sports/2025_Sports_Gaming_Revenue_Report12.pdf,https://casinocontrol.ohio.gov/about/revenue-reports,OH/screenshots/OH_2025_12_OH_2025_sports_p1.png,"GENEVA SPORTS, LLC - PRIME SPORTS 1 8,737,174 19,110,335 23,178 81,225 (396,339) -",,2026-04-08T18:43:02.152237
OH,2025-11-01,2025-11-30,monthly,COLUMBUS BLUE JACKETS - FANATICS,Fanatics,Fanatics,Fanatics Inc,online,,6616968700,716482400,,177752200,716482400,,,,0.10827955102764805,30,False,False,OH_2025_sports.pdf,,,,12,0,https://dam.assets.ohio.gov/image/upload/v1769793329/casinocontrol.ohio.gov/revenue-reports/2025/Sports/2025_Sports_Gaming_Revenue_Report12.pdf,https://casinocontrol.ohio.gov/about/revenue-reports,OH/screenshots/OH_2025_12_OH_2025_sports_p1.png,"COLUMBUS BLUE JACKETS - FANATICS 6 6,169,687 58,895,053 1 09,810 1 ,777,522 7,164,824 7,164,824",,2026-04-08T18:43:02.152237
OH,2025-11-01,2025-11-30,monthly,CLEVELAND GUARDIANS - BET365,bet365,bet365,bet365 Group,online,,9079970700,988876900,,428764300,988876900,,,,0.10890749900767852,30,False,False,OH_2025_sports.pdf,,,,12,0,https://dam.assets.ohio.gov/image/upload/v1769793329/casinocontrol.ohio.gov/revenue-reports/2025/Sports/2025_Sports_Gaming_Revenue_Report12.pdf,https://casinocontrol.ohio.gov/about/revenue-reports,OH/screenshots/OH_2025_12_OH_2025_sports_p1.png,"CLEVELAND GUARDIANS - BET365 9 0,799,707 77,592,644 3,318,294 4 ,287,643 9,888,769 9,888,769",,2026-04-08T18:43:02.152237
OH,2025-11-01,2025-11-30,monthly,CLEVELAND BROWNS - BALLY'S INTERACTIVE,Bally Bet,Bally Bet,Bally's Corporation,online,,346794800,26166200,,13223700,26166200,,,,0.07545153502878359,30,False,False,OH_2025_sports.pdf,,,,12,0,https://dam.assets.ohio.gov/image/upload/v1769793329/casinocontrol.ohio.gov/revenue-reports/2025/Sports/2025_Sports_Gaming_Revenue_Report12.pdf,https://casinocontrol.ohio.gov/about/revenue-reports,OH/screenshots/OH_2025_12_OH_2025_sports_p1.png,"CLEVELAND BROWNS - BALLY'S INTERACTIVE 3 ,467,948 3,182,984 23,302 132,237 2 61,662 2 61,662",,2026-04-08T18:43:02.152237
OH,2025-11-01,2025-11-30,monthly,BELTERRA PARK - FANDUEL,FanDuel,FanDuel,Flutter Entertainment,online,,37814588000,5535322200,,1574911800,5535322200,,,,0.14638060316827992,30,False,False,OH_2025_sports.pdf,,,,12,0,https://dam.assets.ohio.gov/image/upload/v1769793329/casinocontrol.ohio.gov/revenue-reports/2025/Sports/2025_Sports_Gaming_Revenue_Report12.pdf,https://casinocontrol.ohio.gov/about/revenue-reports,OH/screenshots/OH_2025_12_OH_2025_sports_p1.png,"BELTERRA PARK - FANDUEL 378,145,880 3 22,156,277 6 36,381 15,749,118 55,353,222 55,353,222",,2026-04-08T18:43:02.152237
OH,2025-10-01,2025-10-31,monthly,SCIOTO DOWNS - CAESARS SPORTSBOOK,Caesars Sportsbook,Caesars,Caesars Entertainment,retail,,82216100,7470200,,0,7470200,,,,0.09086054921116424,31,False,False,OH_2025_sports.pdf,,,,11,0,https://dam.assets.ohio.gov/image/upload/v1769793329/casinocontrol.ohio.gov/revenue-reports/2025/Sports/2025_Sports_Gaming_Revenue_Report12.pdf,https://casinocontrol.ohio.gov/about/revenue-reports,OH/screenshots/OH_2025_12_OH_2025_sports_p1.png,"SCIOTO DOWNS - CAESARS SPORTSBOOK 822,161 7 45,120 2,339 - 7 4,702 74,702",,2026-04-08T18:43:02.152237
OH,2025-10-01,2025-10-31,monthly,MIAMI VALLEY GAMING AND RACING,MVGBet,MVGBet,Independent,retail,,62495800,2262900,,0,2262900,,,,0.0362088332335933,31,False,False,OH_2025_sports.pdf,,,,11,0,https://dam.assets.ohio.gov/image/upload/v1769793329/casinocontrol.ohio.gov/revenue-reports/2025/Sports/2025_Sports_Gaming_Revenue_Report12.pdf,https://casinocontrol.ohio.gov/about/revenue-reports,OH/screenshots/OH_2025_12_OH_2025_sports_p1.png,"MIAMI VALLEY GAMING AND RACING 624,958 6 02,174 1 55 - 2 2,629 22,629",,2026-04-08T18:43:02.152237
OH,2025-10-01,2025-10-31,monthly,JACK THISTLEDOWN - BETJACK,betJACK,betJACK,JACK Entertainment,retail,,176644700,17890100,,0,17890100,,,,0.10127730976361023,31,False,False,OH_2025_sports.pdf,,,,11,0,https://dam.assets.ohio.gov/image/upload/v1769793329/casinocontrol.ohio.gov/revenue-reports/2025/Sports/2025_Sports_Gaming_Revenue_Report12.pdf,https://casinocontrol.ohio.gov/about/revenue-reports,OH/screenshots/OH_2025_12_OH_2025_sports_p1.png,"JACK THISTLEDOWN - BETJACK 1 ,766,447 1,581,085 6,461 - 178,901 1 78,901",,2026-04-08T18:43:02.152237
OH,2025-11-01,2025-11-30,monthly,MIAMI VALLEY GAMING AND RACING - MVGBET,MVGBet,MVGBet,Independent,online,,72115800,8789800,,591200,8789800,,,,0.1218845246118049,30,False,False,OH_2025_sports.pdf,,,,12,0,https://dam.assets.ohio.gov/image/upload/v1769793329/casinocontrol.ohio.gov/revenue-reports/2025/Sports/2025_Sports_Gaming_Revenue_Report12.pdf,https://casinocontrol.ohio.gov/about/revenue-reports,OH/screenshots/OH_2025_12_OH_2025_sports_p1.png,"MIAMI VALLEY GAMING AND RACING - MVGBET 721,158 6 29,064 4,196 5 ,912 87,898 87,898",,2026-04-08T18:43:02.152237
OH,2025-11-01,2025-11-30,monthly,BELTERRA PARK - FANDUEL,FanDuel,FanDuel,Flutter Entertainment,retail,,55024600,7790000,,75000,7790000,,,,0.14157304187581554,30,False,False,OH_2025_sports.pdf,,,,12,0,https://dam.assets.ohio.gov/image/upload/v1769793329/casinocontrol.ohio.gov/revenue-reports/2025/Sports/2025_Sports_Gaming_Revenue_Report12.pdf,https://casinocontrol.ohio.gov/about/revenue-reports,OH/screenshots/OH_2025_12_OH_2025_sports_p1.png,"BELTERRA PARK - FANDUEL 550,246 4 70,583 1,763 750 77,900 77,900",,2026-04-08T18:43:02.152237
OH,2025-03-01,2025-03-31,monthly,SCIOTO DOWNS - CAESARS SPORTSBOOK,Caesars Sportsbook,Caesars,Caesars Entertainment,retail,,65408800,7299800,,0,7299800,,,,0.11160272012328616,31,False,False,OH_2025_sports.pdf,,,,4,0,https://dam.assets.ohio.gov/image/upload/v1769793329/casinocontrol.ohio.gov/revenue-reports/2025/Sports/2025_Sports_Gaming_Revenue_Report12.pdf,https://casinocontrol.ohio.gov/about/revenue-reports,OH/screenshots/OH_2025_12_OH_2025_sports_p1.png,"SCIOTO DOWNS - CAESARS SPORTSBOOK 654,088 5 77,730 3,360 - 7 2,998 72,998",,2026-04-08T18:43:02.152237
OH,2025-12-01,2025-12-31,monthly,COLUMBUS BLUE JACKETS - FANATICS,Fanatics,Fanatics,Fanatics Inc,online,,5354016700,607821200,,147967600,607821200,,,,0.11352620547485405,31,False,False,OH_2025_sports.pdf,,,,13,0,https://dam.assets.ohio.gov/image/upload/v1769793329/casinocontrol.ohio.gov/revenue-reports/2025/Sports/2025_Sports_Gaming_Revenue_Report12.pdf,https://casinocontrol.ohio.gov/about/revenue-reports,OH/screenshots/OH_2025_12_OH_2025_sports_p1.png,"COLUMBUS BLUE JACKETS - FANATICS 5 3,540,167 47,346,765 1 15,190 1 ,479,676 6,078,212 6,078,212",,2026-04-08T18:43:02.152237
OH,2025-12-01,2025-12-31,monthly,CLEVELAND GUARDIANS - BET365,bet365,bet365,bet365 Group,online,,7550173800,860821200,,274321700,860821200,,,,0.11401342840611166,31,False,False,OH_2025_sports.pdf,,,,13,0,https://dam.assets.ohio.gov/image/upload/v1769793329/casinocontrol.ohio.gov/revenue-reports/2025/Sports/2025_Sports_Gaming_Revenue_Report12.pdf,https://casinocontrol.ohio.gov/about/revenue-reports,OH/screenshots/OH_2025_12_OH_2025_sports_p1.png,"CLEVELAND GUARDIANS - BET365 7 5,501,738 66,726,144 1 67,382 2 ,743,217 8,608,212 8,608,212",,2026-04-08T18:43:02.152237
OH,2025-12-01,2025-12-31,monthly,CLEVELAND BROWNS - BALLY'S INTERACTIVE,Bally Bet,Bally Bet,Bally's Corporation,online,,335934800,47552100,,13080800,47552100,,,,0.14155157488893677,31,False,False,OH_2025_sports.pdf,,,,13,0,https://dam.assets.ohio.gov/image/upload/v1769793329/casinocontrol.ohio.gov/revenue-reports/2025/Sports/2025_Sports_Gaming_Revenue_Report12.pdf,https://casinocontrol.ohio.gov/about/revenue-reports,OH/screenshots/OH_2025_12_OH_2025_sports_p1.png,"CLEVELAND BROWNS - BALLY'S INTERACTIVE 3 ,359,348 2,867,824 16,003 130,808 4 75,521 4 75,521",,2026-04-08T18:43:02.152237
OH,2025-12-01,2025-12-31,monthly,BELTERRA PARK - FANDUEL,FanDuel,FanDuel,Flutter Entertainment,online,,31611849800,5345345300,,858244100,5345345300,,,,0.16909308799765332,31,False,False,OH_2025_sports.pdf,,,,13,0,https://dam.assets.ohio.gov/image/upload/v1769793329/casinocontrol.ohio.gov/revenue-reports/2025/Sports/2025_Sports_Gaming_Revenue_Report12.pdf,https://casinocontrol.ohio.gov/about/revenue-reports,OH/screenshots/OH_2025_12_OH_2025_sports_p1.png,"BELTERRA PARK - FANDUEL 316,118,498 2 61,921,631 7 43,414 8 ,582,441 53,453,453 53,453,453",,2026-04-08T18:43:02.152237
OH,2025-11-01,2025-11-30,monthly,SCIOTO DOWNS - CAESARS SPORTSBOOK,Caesars Sportsbook,Caesars,Caesars Entertainment,retail,,86182500,2662800,,0,2662800,,,,0.030897223914367767,30,False,False,OH_2025_sports.pdf,,,,12,0,https://dam.assets.ohio.gov/image/upload/v1769793329/casinocontrol.ohio.gov/revenue-reports/2025/Sports/2025_Sports_Gaming_Revenue_Report12.pdf,https://casinocontrol.ohio.gov/about/revenue-reports,OH/screenshots/OH_2025_12_OH_2025_sports_p1.png,"SCIOTO DOWNS - CAESARS SPORTSBOOK 861,825 8 34,411 7 86 - 26,628 26,628",,2026-04-08T18:43:02.152237
OH,2025-11-01,2025-11-30,monthly,MIAMI VALLEY GAMING AND RACING,MVGBet,MVGBet,Independent,retail,,69703800,8900400,,0,8900400,,,,0.12768887779432397,30,False,False,OH_2025_sports.pdf,,,,12,0,https://dam.assets.ohio.gov/image/upload/v1769793329/casinocontrol.ohio.gov/revenue-reports/2025/Sports/2025_Sports_Gaming_Revenue_Report12.pdf,https://casinocontrol.ohio.gov/about/revenue-reports,OH/screenshots/OH_2025_12_OH_2025_sports_p1.png,"MIAMI VALLEY GAMING AND RACING 697,038 6 08,014 2 0 - 89,004 89,004",,2026-04-08T18:43:02.152237
OH,2025-11-01,2025-11-30,monthly,MGM NORTHFIELD PARK - BETMGM,BetMGM,BetMGM,Entain/MGM Resorts,retail,,155406500,19301600,,0,19301600,,,,0.1242007251948921,30,False,False,OH_2025_sports.pdf,,,,12,0,https://dam.assets.ohio.gov/image/upload/v1769793329/casinocontrol.ohio.gov/revenue-reports/2025/Sports/2025_Sports_Gaming_Revenue_Report12.pdf,https://casinocontrol.ohio.gov/about/revenue-reports,OH/screenshots/OH_2025_12_OH_2025_sports_p1.png,"MGM NORTHFIELD PARK - BETMGM 1 ,554,065 1,349,267 11,782 - 1 93,016 1 93,016",,2026-04-08T18:43:02.152237
OH,2025-11-01,2025-11-30,monthly,JACK THISTLEDOWN - BETJACK,betJACK,betJACK,JACK Entertainment,retail,,187638200,11567700,,0,11567700,,,,0.061648960606102594,30,False,False,OH_2025_sports.pdf,,,,12,0,https://dam.assets.ohio.gov/image/upload/v1769793329/casinocontrol.ohio.gov/revenue-reports/2025/Sports/2025_Sports_Gaming_Revenue_Report12.pdf,https://casinocontrol.ohio.gov/about/revenue-reports,OH/screenshots/OH_2025_12_OH_2025_sports_p1.png,"JACK THISTLEDOWN - BETJACK 1 ,876,382 1,735,012 25,693 - 1 15,677 1 15,677",,2026-04-08T18:43:02.152237
OH,2025-11-01,2025-11-30,monthly,JACK CLEVELAND - BETJACK,BetJACK,betJACK,JACK Entertainment,retail,,211563400,40562100,,0,40562100,,,,0.19172550639666408,30,False,False,OH_2025_sports.pdf,,,,12,0,https://dam.assets.ohio.gov/image/upload/v1769793329/casinocontrol.ohio.gov/revenue-reports/2025/Sports/2025_Sports_Gaming_Revenue_Report12.pdf,https://casinocontrol.ohio.gov/about/revenue-reports,OH/screenshots/OH_2025_12_OH_2025_sports_p1.png,"JACK CLEVELAND - BETJACK 2 ,115,634 1,697,347 12,666 - 4 05,621 4 05,621",,2026-04-08T18:43:02.152237
OH,2025-11-01,2025-11-30,monthly,HOLLYWOOD TOLEDO,Hollywood Toledo,ESPN Bet,PENN Entertainment,retail,,126772000,17448000,,0,17448000,,,,0.1376329157858202,30,False,False,OH_2025_sports.pdf,,,,12,0,https://dam.assets.ohio.gov/image/upload/v1769793329/casinocontrol.ohio.gov/revenue-reports/2025/Sports/2025_Sports_Gaming_Revenue_Report12.pdf,https://casinocontrol.ohio.gov/about/revenue-reports,OH/screenshots/OH_2025_12_OH_2025_sports_p1.png,"HOLLYWOOD TOLEDO 1 ,267,720 1,091,059 2,181 - 1 74,480 1 74,480",,2026-04-08T18:43:02.152237
OH,2025-11-01,2025-11-30,monthly,HOLLYWOOD GAMING AT MAHONING VALLEY,Hollywood Mahoning Valley,ESPN Bet,PENN Entertainment,retail,,161435900,17244900,,0,17244900,,,,0.10682196463116321,30,False,False,OH_2025_sports.pdf,,,,12,0,https://dam.assets.ohio.gov/image/upload/v1769793329/casinocontrol.ohio.gov/revenue-reports/2025/Sports/2025_Sports_Gaming_Revenue_Report12.pdf,https://casinocontrol.ohio.gov/about/revenue-reports,OH/screenshots/OH_2025_12_OH_2025_sports_p1.png,"HOLLYWOOD GAMING AT MAHONING VALLEY 1 ,614,359 1,440,259 1,651 - 1 72,449 1 72,449",,2026-04-08T18:43:02.152237
OH,2025-11-01,2025-11-30,monthly,HOLLYWOOD GAMING AT DAYTON RACEWAY,Hollywood Dayton,ESPN Bet,PENN Entertainment,retail,,134632600,20444400,,0,20444400,,,,0.15185326585091574,30,False,False,OH_2025_sports.pdf,,,,12,0,https://dam.assets.ohio.gov/image/upload/v1769793329/casinocontrol.ohio.gov/revenue-reports/2025/Sports/2025_Sports_Gaming_Revenue_Report12.pdf,https://casinocontrol.ohio.gov/about/revenue-reports,OH/screenshots/OH_2025_12_OH_2025_sports_p1.png,"HOLLYWOOD GAMING AT DAYTON RACEWAY 1 ,346,326 1,141,544 3 38 - 2 04,444 2 04,444",,2026-04-08T18:43:02.152237
OH,2025-11-01,2025-11-30,monthly,HOLLYWOOD COLUMBUS,Hollywood Columbus,ESPN Bet,PENN Entertainment,retail,,304227900,26752300,,0,26752300,,,,0.08793506446976099,30,False,False,OH_2025_sports.pdf,,,,12,0,https://dam.assets.ohio.gov/image/upload/v1769793329/casinocontrol.ohio.gov/revenue-reports/2025/Sports/2025_Sports_Gaming_Revenue_Report12.pdf,https://casinocontrol.ohio.gov/about/revenue-reports,OH/screenshots/OH_2025_12_OH_2025_sports_p1.png,"HOLLYWOOD COLUMBUS 3 ,042,279 2,770,078 4,678 - 2 67,523 2 67,523",,2026-04-08T18:43:02.152237
OH,2025-11-01,2025-11-30,monthly,HARD ROCK CINCINNATI - SEMINOLE HARD ROCK DIGITAL,Hard Rock Bet,Hard Rock Bet,Seminole Tribe / Hard Rock Digital,retail,,163815200,22529600,,0,22529600,,,,0.13753058324258066,30,False,False,OH_2025_sports.pdf,,,,12,0,https://dam.assets.ohio.gov/image/upload/v1769793329/casinocontrol.ohio.gov/revenue-reports/2025/Sports/2025_Sports_Gaming_Revenue_Report12.pdf,https://casinocontrol.ohio.gov/about/revenue-reports,OH/screenshots/OH_2025_12_OH_2025_sports_p1.png,"HARD ROCK CINCINNATI - SEMINOLE HARD ROCK DIGITAL 1 ,638,152 1,407,263 5,593 - 2 25,296 2 25,296",,2026-04-08T18:43:02.152237
OH,2025-11-01,2025-11-30,monthly,COLUMBUS BLUE JACKETS - FANATICS,Fanatics,Fanatics,Fanatics Inc,retail,,22124300,-8321500,,0,0,,,,-0.3761248943469398,30,False,False,OH_2025_sports.pdf,,,,12,0,https://dam.assets.ohio.gov/image/upload/v1769793329/casinocontrol.ohio.gov/revenue-reports/2025/Sports/2025_Sports_Gaming_Revenue_Report12.pdf,https://casinocontrol.ohio.gov/about/revenue-reports,OH/screenshots/OH_2025_12_OH_2025_sports_p1.png,"COLUMBUS BLUE JACKETS - FANATICS 221,243 3 03,868 5 90 - ( 83,215) -",,2026-04-08T18:43:02.152237
OH,2025-10-01,2025-10-31,monthly,JACK CLEVELAND - BETJACK,BetJACK,betJACK,JACK Entertainment,retail,,209597000,21156600,,0,21156600,,,,0.10093942184286989,31,False,False,OH_2025_sports.pdf,,,,11,0,https://dam.assets.ohio.gov/image/upload/v1769793329/casinocontrol.ohio.gov/revenue-reports/2025/Sports/2025_Sports_Gaming_Revenue_Report12.pdf,https://casinocontrol.ohio.gov/about/revenue-reports,OH/screenshots/OH_2025_12_OH_2025_sports_p1.png,"JACK CLEVELAND - BETJACK 2 ,095,970 1,880,510 3,894 - 211,566 2 11,566",,2026-04-08T18:43:02.152237
OH,2025-10-01,2025-10-31,monthly,HOLLYWOOD TOLEDO,Hollywood Toledo,ESPN Bet,PENN Entertainment,retail,,95481300,19539400,,0,19539400,,,,0.2046411182084869,31,False,False,OH_2025_sports.pdf,,,,11,0,https://dam.assets.ohio.gov/image/upload/v1769793329/casinocontrol.ohio.gov/revenue-reports/2025/Sports/2025_Sports_Gaming_Revenue_Report12.pdf,https://casinocontrol.ohio.gov/about/revenue-reports,OH/screenshots/OH_2025_12_OH_2025_sports_p1.png,"HOLLYWOOD TOLEDO 954,813 7 56,899 2,520 - 195,394 1 95,394",,2026-04-08T18:43:02.152237
OH,2025-10-01,2025-10-31,monthly,HOLLYWOOD GAMING AT MAHONING VALLEY,Hollywood Mahoning Valley,ESPN Bet,PENN Entertainment,retail,,140492100,15705100,,0,15705100,,,,0.1117863566705886,31,False,False,OH_2025_sports.pdf,,,,11,0,https://dam.assets.ohio.gov/image/upload/v1769793329/casinocontrol.ohio.gov/revenue-reports/2025/Sports/2025_Sports_Gaming_Revenue_Report12.pdf,https://casinocontrol.ohio.gov/about/revenue-reports,OH/screenshots/OH_2025_12_OH_2025_sports_p1.png,"HOLLYWOOD GAMING AT MAHONING VALLEY 1 ,404,921 1,245,434 2,436 - 157,051 1 57,051",,2026-04-08T18:43:02.152237
OH,2025-10-01,2025-10-31,monthly,HOLLYWOOD GAMING AT DAYTON RACEWAY,Hollywood Dayton,ESPN Bet,PENN Entertainment,retail,,116906300,14679600,,0,14679600,,,,0.1255672277713006,31,False,False,OH_2025_sports.pdf,,,,11,0,https://dam.assets.ohio.gov/image/upload/v1769793329/casinocontrol.ohio.gov/revenue-reports/2025/Sports/2025_Sports_Gaming_Revenue_Report12.pdf,https://casinocontrol.ohio.gov/about/revenue-reports,OH/screenshots/OH_2025_12_OH_2025_sports_p1.png,"HOLLYWOOD GAMING AT DAYTON RACEWAY 1 ,169,063 1,021,935 3 32 - 146,796 1 46,796",,2026-04-08T18:43:02.152237
OH,2025-10-01,2025-10-31,monthly,BELTERRA PARK - FANDUEL,FanDuel,FanDuel,Flutter Entertainment,online,,38956635800,3486896300,,1829228500,3486896300,,,,0.08950712063283452,31,False,False,OH_2025_sports.pdf,,,,11,0,https://dam.assets.ohio.gov/image/upload/v1769793329/casinocontrol.ohio.gov/revenue-reports/2025/Sports/2025_Sports_Gaming_Revenue_Report12.pdf,https://casinocontrol.ohio.gov/about/revenue-reports,OH/screenshots/OH_2025_12_OH_2025_sports_p1.png,"BELTERRA PARK - FANDUEL 389,566,358 3 53,810,695 8 86,700 18,292,285 3 4,868,963 34,868,963",,2026-04-08T18:43:02.152237
OH,2025-09-01,2025-09-30,monthly,SCIOTO DOWNS - CAESARS SPORTSBOOK,Caesars Sportsbook,Caesars,Caesars Entertainment,retail,,63620500,-445600,,0,0,,,,-0.007004031719335749,30,False,False,OH_2025_sports.pdf,,,,10,0,https://dam.assets.ohio.gov/image/upload/v1769793329/casinocontrol.ohio.gov/revenue-reports/2025/Sports/2025_Sports_Gaming_Revenue_Report12.pdf,https://casinocontrol.ohio.gov/about/revenue-reports,OH/screenshots/OH_2025_12_OH_2025_sports_p1.png,"SCIOTO DOWNS - CAESARS SPORTSBOOK 636,205 6 37,354 3,307 - (4,456) -",,2026-04-08T18:43:02.152237
OH,2025-09-01,2025-09-30,monthly,MIAMI VALLEY GAMING AND RACING,MVGBet,MVGBet,Independent,retail,,60737000,10237800,,0,10237800,,,,0.16855952714161054,30,False,False,OH_2025_sports.pdf,,,,10,0,https://dam.assets.ohio.gov/image/upload/v1769793329/casinocontrol.ohio.gov/revenue-reports/2025/Sports/2025_Sports_Gaming_Revenue_Report12.pdf,https://casinocontrol.ohio.gov/about/revenue-reports,OH/screenshots/OH_2025_12_OH_2025_sports_p1.png,"MIAMI VALLEY GAMING AND RACING 607,370 5 04,862 1 30 - 102,378 1 02,378",,2026-04-08T18:43:02.152237
OH,2025-09-01,2025-09-30,monthly,JACK THISTLEDOWN - BETJACK,betJACK,betJACK,JACK Entertainment,retail,,201651500,14022400,,0,14022400,,,,0.06953779168515979,30,False,False,OH_2025_sports.pdf,,,,10,0,https://dam.assets.ohio.gov/image/upload/v1769793329/casinocontrol.ohio.gov/revenue-reports/2025/Sports/2025_Sports_Gaming_Revenue_Report12.pdf,https://casinocontrol.ohio.gov/about/revenue-reports,OH/screenshots/OH_2025_12_OH_2025_sports_p1.png,"JACK THISTLEDOWN - BETJACK 2 ,016,515 1,870,925 5,366 - 140,224 1 40,224",,2026-04-08T18:43:02.152237
OH,2025-09-01,2025-09-30,monthly,JACK CLEVELAND - BETJACK,BetJACK,betJACK,JACK Entertainment,retail,,210018500,17063200,,0,17063200,,,,0.08124617593212026,30,False,False,OH_2025_sports.pdf,,,,10,0,https://dam.assets.ohio.gov/image/upload/v1769793329/casinocontrol.ohio.gov/revenue-reports/2025/Sports/2025_Sports_Gaming_Revenue_Report12.pdf,https://casinocontrol.ohio.gov/about/revenue-reports,OH/screenshots/OH_2025_12_OH_2025_sports_p1.png,"JACK CLEVELAND - BETJACK 2 ,100,185 1,926,577 2,976 - 170,632 1 70,632",,2026-04-08T18:43:02.152237
OH,2025-09-01,2025-09-30,monthly,HOLLYWOOD TOLEDO,Hollywood Toledo,ESPN Bet,PENN Entertainment,retail,,106679500,10435800,,0,10435800,,,,0.09782385556737705,30,False,False,OH_2025_sports.pdf,,,,10,0,https://dam.assets.ohio.gov/image/upload/v1769793329/casinocontrol.ohio.gov/revenue-reports/2025/Sports/2025_Sports_Gaming_Revenue_Report12.pdf,https://casinocontrol.ohio.gov/about/revenue-reports,OH/screenshots/OH_2025_12_OH_2025_sports_p1.png,"HOLLYWOOD TOLEDO 1 ,066,795 9 60,572 1,865 - 104,358 1 04,358",,2026-04-08T18:43:02.152237
OH,2025-09-01,2025-09-30,monthly,HOLLYWOOD GAMING AT MAHONING VALLEY,Hollywood Mahoning Valley,ESPN Bet,PENN Entertainment,retail,,152552400,-4405400,,0,0,,,,-0.028877946200780845,30,False,False,OH_2025_sports.pdf,,,,10,0,https://dam.assets.ohio.gov/image/upload/v1769793329/casinocontrol.ohio.gov/revenue-reports/2025/Sports/2025_Sports_Gaming_Revenue_Report12.pdf,https://casinocontrol.ohio.gov/about/revenue-reports,OH/screenshots/OH_2025_12_OH_2025_sports_p1.png,"HOLLYWOOD GAMING AT MAHONING VALLEY 1 ,525,524 1,567,216 2,362 - (44,054) -",,2026-04-08T18:43:02.152237
OH,2025-09-01,2025-09-30,monthly,HOLLYWOOD GAMING AT DAYTON RACEWAY,Hollywood Dayton,ESPN Bet,PENN Entertainment,retail,,95397200,11964700,,0,11964700,,,,0.12541982364262264,30,False,False,OH_2025_sports.pdf,,,,10,0,https://dam.assets.ohio.gov/image/upload/v1769793329/casinocontrol.ohio.gov/revenue-reports/2025/Sports/2025_Sports_Gaming_Revenue_Report12.pdf,https://casinocontrol.ohio.gov/about/revenue-reports,OH/screenshots/OH_2025_12_OH_2025_sports_p1.png,"HOLLYWOOD GAMING AT DAYTON RACEWAY 953,972 8 34,016 3 09 - 119,647 1 19,647",,2026-04-08T18:43:02.152237
OH,2025-09-01,2025-09-30,monthly,HOLLYWOOD COLUMBUS,Hollywood Columbus,ESPN Bet,PENN Entertainment,retail,,305246500,3495100,,0,3495100,,,,0.01145009033682614,30,False,False,OH_2025_sports.pdf,,,,10,0,https://dam.assets.ohio.gov/image/upload/v1769793329/casinocontrol.ohio.gov/revenue-reports/2025/Sports/2025_Sports_Gaming_Revenue_Report12.pdf,https://casinocontrol.ohio.gov/about/revenue-reports,OH/screenshots/OH_2025_12_OH_2025_sports_p1.png,"HOLLYWOOD COLUMBUS 3 ,052,465 3,002,627 14,887 - 3 4,951 34,951",,2026-04-08T18:43:02.152237
OH,2025-09-01,2025-09-30,monthly,HARD ROCK CINCINNATI - SEMINOLE HARD ROCK DIGITAL,Hard Rock Bet,Hard Rock Bet,Seminole Tribe / Hard Rock Digital,retail,,146412900,13072700,,0,13072700,,,,0.08928653144634113,30,False,False,OH_2025_sports.pdf,,,,10,0,https://dam.assets.ohio.gov/image/upload/v1769793329/casinocontrol.ohio.gov/revenue-reports/2025/Sports/2025_Sports_Gaming_Revenue_Report12.pdf,https://casinocontrol.ohio.gov/about/revenue-reports,OH/screenshots/OH_2025_12_OH_2025_sports_p1.png,"HARD ROCK CINCINNATI - SEMINOLE HARD ROCK DIGITAL 1 ,464,129 1,325,447 7,955 - 130,727 1 30,727",,2026-04-08T18:43:02.152237
OH,2025-09-01,2025-09-30,monthly,COLUMBUS BLUE JACKETS - FANATICS,Fanatics,Fanatics,Fanatics Inc,retail,,26229700,-1389400,,0,0,,,,-0.052970487653309035,30,False,False,OH_2025_sports.pdf,,,,10,0,https://dam.assets.ohio.gov/image/upload/v1769793329/casinocontrol.ohio.gov/revenue-reports/2025/Sports/2025_Sports_Gaming_Revenue_Report12.pdf,https://casinocontrol.ohio.gov/about/revenue-reports,OH/screenshots/OH_2025_12_OH_2025_sports_p1.png,"COLUMBUS BLUE JACKETS - FANATICS 262,297 2 75,891 3 00 - (13,894) -",,2026-04-08T18:43:02.152237
OH,2025-09-01,2025-09-30,monthly,CINCINNATI REDS - BETMGM,BetMGM,BetMGM,Entain/MGM Resorts,retail,,10572400,2424600,,0,2424600,,,,0.2293329802126291,30,False,False,OH_2025_sports.pdf,,,,10,0,https://dam.assets.ohio.gov/image/upload/v1769793329/casinocontrol.ohio.gov/revenue-reports/2025/Sports/2025_Sports_Gaming_Revenue_Report12.pdf,https://casinocontrol.ohio.gov/about/revenue-reports,OH/screenshots/OH_2025_12_OH_2025_sports_p1.png,"CINCINNATI REDS - BETMGM 105,724 80,530 9 48 - 2 4,246 24,246",,2026-04-08T18:43:02.152237
OH,2025-09-01,2025-09-30,monthly,BELTERRA PARK - FANDUEL,FanDuel,FanDuel,Flutter Entertainment,retail,,40397700,6110800,,50000,6110800,,,,0.1512660374229226,30,False,False,OH_2025_sports.pdf,,,,10,0,https://dam.assets.ohio.gov/image/upload/v1769793329/casinocontrol.ohio.gov/revenue-reports/2025/Sports/2025_Sports_Gaming_Revenue_Report12.pdf,https://casinocontrol.ohio.gov/about/revenue-reports,OH/screenshots/OH_2025_12_OH_2025_sports_p1.png,"BELTERRA PARK - FANDUEL 403,977 3 40,835 2,034 500 6 1,108 61,108",,2026-04-08T18:43:02.152237
OH,2025-09-01,2025-09-30,monthly,SCIOTO DOWNS - CAESARS SPORTSBOOK,Caesars Sportsbook,Caesars,Caesars Entertainment,online,,3159432800,200049700,,56483100,200049700,,,,0.06331823231055904,30,False,False,OH_2025_sports.pdf,,,,10,0,https://dam.assets.ohio.gov/image/upload/v1769793329/casinocontrol.ohio.gov/revenue-reports/2025/Sports/2025_Sports_Gaming_Revenue_Report12.pdf,https://casinocontrol.ohio.gov/about/revenue-reports,OH/screenshots/OH_2025_12_OH_2025_sports_p1.png,"SCIOTO DOWNS - CAESARS SPORTSBOOK 3 1,594,328 29,417,453 1 76,378 564,831 2 ,000,497 2,000,497",,2026-04-08T18:43:02.152237
OH,2025-10-01,2025-10-31,monthly,CLEVELAND BROWNS - BALLY'S INTERACTIVE,Bally Bet,Bally Bet,Bally's Corporation,online,,357678800,30549500,,13436900,30549500,,,,0.08541042969278582,31,False,False,OH_2025_sports.pdf,,,,11,0,https://dam.assets.ohio.gov/image/upload/v1769793329/casinocontrol.ohio.gov/revenue-reports/2025/Sports/2025_Sports_Gaming_Revenue_Report12.pdf,https://casinocontrol.ohio.gov/about/revenue-reports,OH/screenshots/OH_2025_12_OH_2025_sports_p1.png,"CLEVELAND BROWNS - BALLY'S INTERACTIVE 3 ,576,788 3,230,881 40,412 134,369 305,495 3 05,495",,2026-04-08T18:43:02.152237
OH,2025-10-01,2025-10-31,monthly,CLEVELAND GUARDIANS - BET365,bet365,bet365,bet365 Group,online,,8161654600,735511400,,432581300,735511400,,,,0.0901179278035118,31,False,False,OH_2025_sports.pdf,,,,11,0,https://dam.assets.ohio.gov/image/upload/v1769793329/casinocontrol.ohio.gov/revenue-reports/2025/Sports/2025_Sports_Gaming_Revenue_Report12.pdf,https://casinocontrol.ohio.gov/about/revenue-reports,OH/screenshots/OH_2025_12_OH_2025_sports_p1.png,"CLEVELAND GUARDIANS - BET365 8 1,616,546 71,038,726 3,222,706 4 ,325,813 7 ,355,114 7,355,114",,2026-04-08T18:43:02.152237
OH,2025-10-01,2025-10-31,monthly,COLUMBUS BLUE JACKETS - FANATICS,Fanatics,Fanatics,Fanatics Inc,online,,6229341500,484932200,,180580200,484932200,,,,0.07784646258356522,31,False,False,OH_2025_sports.pdf,,,,11,0,https://dam.assets.ohio.gov/image/upload/v1769793329/casinocontrol.ohio.gov/revenue-reports/2025/Sports/2025_Sports_Gaming_Revenue_Report12.pdf,https://casinocontrol.ohio.gov/about/revenue-reports,OH/screenshots/OH_2025_12_OH_2025_sports_p1.png,"COLUMBUS BLUE JACKETS - FANATICS 6 2,293,415 57,339,851 1 04,242 1 ,805,802 4 ,849,322 4,849,322",,2026-04-08T18:43:02.152237
OH,2025-10-01,2025-10-31,monthly,MIAMI VALLEY GAMING AND RACING - MVGBET,MVGBet,MVGBet,Independent,online,,79763800,2272100,,461500,2272100,,,,0.028485353004746514,31,False,False,OH_2025_sports.pdf,,,,11,0,https://dam.assets.ohio.gov/image/upload/v1769793329/casinocontrol.ohio.gov/revenue-reports/2025/Sports/2025_Sports_Gaming_Revenue_Report12.pdf,https://casinocontrol.ohio.gov/about/revenue-reports,OH/screenshots/OH_2025_12_OH_2025_sports_p1.png,"MIAMI VALLEY GAMING AND RACING - MVGBET 797,638 7 69,770 5,147 4 ,615 2 2,721 22,721",,2026-04-08T18:43:02.152237
OH,2025-10-01,2025-10-31,monthly,HOLLYWOOD COLUMBUS,Hollywood Columbus,ESPN Bet,PENN Entertainment,retail,,330095100,34680900,,0,34680900,,,,0.10506335901381147,31,False,False,OH_2025_sports.pdf,,,,11,0,https://dam.assets.ohio.gov/image/upload/v1769793329/casinocontrol.ohio.gov/revenue-reports/2025/Sports/2025_Sports_Gaming_Revenue_Report12.pdf,https://casinocontrol.ohio.gov/about/revenue-reports,OH/screenshots/OH_2025_12_OH_2025_sports_p1.png,"HOLLYWOOD COLUMBUS 3 ,300,951 2,911,702 42,440 - 346,809 3 46,809",,2026-04-08T18:43:02.152237
OH,2025-10-01,2025-10-31,monthly,HARD ROCK CINCINNATI - SEMINOLE HARD ROCK DIGITAL,Hard Rock Bet,Hard Rock Bet,Seminole Tribe / Hard Rock Digital,retail,,139414800,24921700,,0,24921700,,,,0.17875935696927442,31,False,False,OH_2025_sports.pdf,,,,11,0,https://dam.assets.ohio.gov/image/upload/v1769793329/casinocontrol.ohio.gov/revenue-reports/2025/Sports/2025_Sports_Gaming_Revenue_Report12.pdf,https://casinocontrol.ohio.gov/about/revenue-reports,OH/screenshots/OH_2025_12_OH_2025_sports_p1.png,"HARD ROCK CINCINNATI - SEMINOLE HARD ROCK DIGITAL 1 ,394,148 1,138,683 6,248 - 249,217 2 49,217",,2026-04-08T18:43:02.152237
OH,2025-10-01,2025-10-31,monthly,COLUMBUS BLUE JACKETS - FANATICS,Fanatics,Fanatics,Fanatics Inc,retail,,22872400,2859600,,0,2859600,,,,0.12502404644899529,31,False,False,OH_2025_sports.pdf,,,,11,0,https://dam.assets.ohio.gov/image/upload/v1769793329/casinocontrol.ohio.gov/revenue-reports/2025/Sports/2025_Sports_Gaming_Revenue_Report12.pdf,https://casinocontrol.ohio.gov/about/revenue-reports,OH/screenshots/OH_2025_12_OH_2025_sports_p1.png,"COLUMBUS BLUE JACKETS - FANATICS 228,724 1 98,028 2,100 - 2 8,596 28,596",,2026-04-08T18:43:02.152237
OH,2025-10-01,2025-10-31,monthly,CINCINNATI REDS - BETMGM,BetMGM,BetMGM,Entain/MGM Resorts,retail,,37529100,771500,,0,771500,,,,0.020557380805828012,31,False,False,OH_2025_sports.pdf,,,,11,0,https://dam.assets.ohio.gov/image/upload/v1769793329/casinocontrol.ohio.gov/revenue-reports/2025/Sports/2025_Sports_Gaming_Revenue_Report12.pdf,https://casinocontrol.ohio.gov/about/revenue-reports,OH/screenshots/OH_2025_12_OH_2025_sports_p1.png,"CINCINNATI REDS - BETMGM 375,291 3 64,698 2,878 - 7 ,715 7,715",,2026-04-08T18:43:02.152237
OH,2025-10-01,2025-10-31,monthly,BELTERRA PARK - FANDUEL,FanDuel,FanDuel,Flutter Entertainment,retail,,44775400,6667500,,60000,6667500,,,,0.14890989248560593,31,False,False,OH_2025_sports.pdf,,,,11,0,https://dam.assets.ohio.gov/image/upload/v1769793329/casinocontrol.ohio.gov/revenue-reports/2025/Sports/2025_Sports_Gaming_Revenue_Report12.pdf,https://casinocontrol.ohio.gov/about/revenue-reports,OH/screenshots/OH_2025_12_OH_2025_sports_p1.png,"BELTERRA PARK - FANDUEL 447,754 3 80,334 7 45 600 6 6,675 66,675",,2026-04-08T18:43:02.152237
OH,2025-10-01,2025-10-31,monthly,SCIOTO DOWNS - CAESARS SPORTSBOOK,Caesars Sportsbook,Caesars,Caesars Entertainment,online,,3367256700,288012800,,91129800,288012800,,,,0.08553336607808962,31,False,False,OH_2025_sports.pdf,,,,11,0,https://dam.assets.ohio.gov/image/upload/v1769793329/casinocontrol.ohio.gov/revenue-reports/2025/Sports/2025_Sports_Gaming_Revenue_Report12.pdf,https://casinocontrol.ohio.gov/about/revenue-reports,OH/screenshots/OH_2025_12_OH_2025_sports_p1.png,"SCIOTO DOWNS - CAESARS SPORTSBOOK 3 3,672,567 30,642,796 1 49,643 911,298 2 ,880,128 2,880,128",,2026-04-08T18:43:02.152237
OH,2025-10-01,2025-10-31,monthly,MGM NORTHFIELD PARK - BETMGM,BetMGM,BetMGM,Entain/MGM Resorts,online,,6827930800,546143400,,187472200,546143400,,,,0.07998666301656132,31,False,False,OH_2025_sports.pdf,,,,11,0,https://dam.assets.ohio.gov/image/upload/v1769793329/casinocontrol.ohio.gov/revenue-reports/2025/Sports/2025_Sports_Gaming_Revenue_Report12.pdf,https://casinocontrol.ohio.gov/about/revenue-reports,OH/screenshots/OH_2025_12_OH_2025_sports_p1.png,"MGM NORTHFIELD PARK - BETMGM 6 8,279,308 62,520,919 2 96,955 1 ,874,722 5 ,461,434 5,461,434",,2026-04-08T18:43:02.152237
OH,2025-10-01,2025-10-31,monthly,"GENEVA SPORTS, LLC - PRIME SPORTS",Prime Sports,Prime Sports,Independent,online,,2105305900,-29917800,,5235800,0,,,,-0.014210666487943628,31,False,False,OH_2025_sports.pdf,,,,11,0,https://dam.assets.ohio.gov/image/upload/v1769793329/casinocontrol.ohio.gov/revenue-reports/2025/Sports/2025_Sports_Gaming_Revenue_Report12.pdf,https://casinocontrol.ohio.gov/about/revenue-reports,OH/screenshots/OH_2025_12_OH_2025_sports_p1.png,"GENEVA SPORTS, LLC - PRIME SPORTS 2 1,053,059 20,823,899 5 28,338 52,358 ( 299,178) -",,2026-04-08T18:43:02.152237
OH,2025-10-01,2025-10-31,monthly,JACK CLEVELAND (BETJACK),BetJACK,betJACK,JACK Entertainment,online,,677425000,48508800,,29600900,48508800,,,,0.07160763184116323,31,False,False,OH_2025_sports.pdf,,,,11,0,https://dam.assets.ohio.gov/image/upload/v1769793329/casinocontrol.ohio.gov/revenue-reports/2025/Sports/2025_Sports_Gaming_Revenue_Report12.pdf,https://casinocontrol.ohio.gov/about/revenue-reports,OH/screenshots/OH_2025_12_OH_2025_sports_p1.png,"JACK CLEVELAND (BETJACK) 6 ,774,250 6,285,754 3,408 296,009 485,088 4 85,088",,2026-04-08T18:43:02.152237
OH,2025-10-01,2025-10-31,monthly,HOLLYWOOD TOLEDO - DRAFTKINGS,DraftKings,DraftKings,DraftKings Inc,online,,37626470600,3443991800,,814962600,3443991800,,,,0.09153108822276836,31,False,False,OH_2025_sports.pdf,,,,11,0,https://dam.assets.ohio.gov/image/upload/v1769793329/casinocontrol.ohio.gov/revenue-reports/2025/Sports/2025_Sports_Gaming_Revenue_Report12.pdf,https://casinocontrol.ohio.gov/about/revenue-reports,OH/screenshots/OH_2025_12_OH_2025_sports_p1.png,"HOLLYWOOD TOLEDO - DRAFTKINGS 376,264,706 3 40,480,254 1,344,534 8 ,149,626 3 4,439,918 34,439,918",,2026-04-08T18:43:02.152237
OH,2025-10-01,2025-10-31,monthly,"HOLLYWOOD GAMING AT DAYTON RACEWAY - RSI OH, LLC",BetRivers,BetRivers,Rush Street Interactive,online,,596744000,45543300,,10437500,45543300,,,,0.07631966136232622,31,False,False,OH_2025_sports.pdf,,,,11,0,https://dam.assets.ohio.gov/image/upload/v1769793329/casinocontrol.ohio.gov/revenue-reports/2025/Sports/2025_Sports_Gaming_Revenue_Report12.pdf,https://casinocontrol.ohio.gov/about/revenue-reports,OH/screenshots/OH_2025_12_OH_2025_sports_p1.png,"HOLLYWOOD GAMING AT DAYTON RACEWAY - RSI OH, LLC 5 ,967,440 5,503,744 8,263 104,375 455,433 4 55,433",,2026-04-08T18:43:02.152237
OH,2025-10-01,2025-10-31,monthly,HOLLYWOOD COLUMBUS - PENN INTERACTIVE (ESPN BET),ESPN BET,ESPN Bet,PENN Entertainment,online,,3166765800,303155200,,142307200,303155200,,,,0.09573022419277107,31,False,False,OH_2025_sports.pdf,,,,11,0,https://dam.assets.ohio.gov/image/upload/v1769793329/casinocontrol.ohio.gov/revenue-reports/2025/Sports/2025_Sports_Gaming_Revenue_Report12.pdf,https://casinocontrol.ohio.gov/about/revenue-reports,OH/screenshots/OH_2025_12_OH_2025_sports_p1.png,"HOLLYWOOD COLUMBUS - PENN INTERACTIVE (ESPN BET) 3 1,667,658 28,605,598 30,508 1 ,423,072 3 ,031,552 3,031,552",,2026-04-08T18:43:02.152237
OH,2025-10-01,2025-10-31,monthly,HOF VILLAGE - BETR,Betr,Betr,Betr,online,,47559000,3633800,,3264000,3633800,,,,0.07640614815282071,31,False,False,OH_2025_sports.pdf,,,,11,0,https://dam.assets.ohio.gov/image/upload/v1769793329/casinocontrol.ohio.gov/revenue-reports/2025/Sports/2025_Sports_Gaming_Revenue_Report12.pdf,https://casinocontrol.ohio.gov/about/revenue-reports,OH/screenshots/OH_2025_12_OH_2025_sports_p1.png,"HOF VILLAGE - BETR 475,590 4 34,936 4,316 32,640 3 6,338 36,338",,2026-04-08T18:43:02.152237
OH,2025-10-01,2025-10-31,monthly,HARD ROCK CINCINNATI - SEMINOLE HARD ROCK DIGITAL,Hard Rock Bet,Hard Rock Bet,Seminole Tribe / Hard Rock Digital,online,,3586147300,257763000,,118463800,257763000,,,,0.07187741563209074,31,False,False,OH_2025_sports.pdf,,,,11,0,https://dam.assets.ohio.gov/image/upload/v1769793329/casinocontrol.ohio.gov/revenue-reports/2025/Sports/2025_Sports_Gaming_Revenue_Report12.pdf,https://casinocontrol.ohio.gov/about/revenue-reports,OH/screenshots/OH_2025_12_OH_2025_sports_p1.png,"HARD ROCK CINCINNATI - SEMINOLE HARD ROCK DIGITAL 3 5,861,473 33,196,741 87,102 1 ,184,638 2 ,577,630 2,577,630",,2026-04-08T18:43:02.152237
OH,2025-12-01,2025-12-31,monthly,"GENEVA SPORTS, LLC - PRIME SPORTS",Prime Sports,Prime Sports,Independent,online,,2207974500,24034200,,9862500,24034200,,,,0.01088518005982406,31,False,False,OH_2025_sports.pdf,,,,13,0,https://dam.assets.ohio.gov/image/upload/v1769793329/casinocontrol.ohio.gov/revenue-reports/2025/Sports/2025_Sports_Gaming_Revenue_Report12.pdf,https://casinocontrol.ohio.gov/about/revenue-reports,OH/screenshots/OH_2025_12_OH_2025_sports_p1.png,"GENEVA SPORTS, LLC - PRIME SPORTS 2 2,079,745 21,827,449 11,954 98,625 2 40,342 2 40,342",,2026-04-08T18:43:02.152237
OH,2025-12-01,2025-12-31,monthly,HARD ROCK CINCINNATI - SEMINOLE HARD ROCK DIGITAL,Hard Rock Bet,Hard Rock Bet,Seminole Tribe / Hard Rock Digital,online,,2354905700,320996300,,90489800,320996300,,,,0.13630961953168655,31,False,False,OH_2025_sports.pdf,,,,13,0,https://dam.assets.ohio.gov/image/upload/v1769793329/casinocontrol.ohio.gov/revenue-reports/2025/Sports/2025_Sports_Gaming_Revenue_Report12.pdf,https://casinocontrol.ohio.gov/about/revenue-reports,OH/screenshots/OH_2025_12_OH_2025_sports_p1.png,"HARD ROCK CINCINNATI - SEMINOLE HARD ROCK DIGITAL 2 3,549,057 20,234,564 1 04,530 904,898 3,209,963 3,209,963",,2026-04-08T18:43:02.152237
OH,2025-12-01,2025-12-31,monthly,HOLLYWOOD COLUMBUS - PENN INTERACTIVE (ESPN BET),ESPN BET,ESPN Bet,PENN Entertainment,online,,2834836000,435439500,,110506800,435439500,,,,0.15360306557416373,31,False,False,OH_2025_sports.pdf,,,,13,0,https://dam.assets.ohio.gov/image/upload/v1769793329/casinocontrol.ohio.gov/revenue-reports/2025/Sports/2025_Sports_Gaming_Revenue_Report12.pdf,https://casinocontrol.ohio.gov/about/revenue-reports,OH/screenshots/OH_2025_12_OH_2025_sports_p1.png,"HOLLYWOOD COLUMBUS - PENN INTERACTIVE (ESPN BET) 2 8,348,360 23,984,285 9,680 1 ,105,068 4,354,395 4,354,395",,2026-04-08T18:43:02.152237
OH,2026-01-01,2026-01-31,monthly,HOLLYWOOD COLUMBUS,Hollywood Columbus,ESPN Bet,PENN Entertainment,retail,,150013700,20009400,,0,20009400,,,,0.13338381761132484,31,False,False,OH_2026_sports.pdf,,,,2,0,https://dam.assets.ohio.gov/image/upload/v1774973347/casinocontrol.ohio.gov/revenue-reports/2026/Sports/2026_Sports_Gaming_Revenue_Report02.pdf,https://casinocontrol.ohio.gov/about/revenue-reports,OH/screenshots/OH_2026_12_OH_2026_sports_p1.png,"HOLLYWOOD COLUMBUS 1 ,500,137 1,293,078 6,965 - 200,094 2 00,094",,2026-04-08T18:43:02.947786
OH,2026-02-01,2026-02-28,monthly,"HOLLYWOOD GAMING AT DAYTON RACEWAY - RSI OH, LLC",BetRivers,BetRivers,Rush Street Interactive,online,,418045100,30151800,,6443700,30151800,,,,0.07212571083837604,28,False,False,OH_2026_sports.pdf,,,,3,0,https://dam.assets.ohio.gov/image/upload/v1774973347/casinocontrol.ohio.gov/revenue-reports/2026/Sports/2026_Sports_Gaming_Revenue_Report02.pdf,https://casinocontrol.ohio.gov/about/revenue-reports,OH/screenshots/OH_2026_12_OH_2026_sports_p1.png,"HOLLYWOOD GAMING AT DAYTON RACEWAY - RSI OH, LLC 4 ,180,451 3,869,982 8,951 64,437 301,518 3 01,518",,2026-04-08T18:43:02.947786
OH,2026-02-01,2026-02-28,monthly,HOLLYWOOD COLUMBUS - PENN INTERACTIVE (TSB),Hollywood Casino KS,ESPN Bet,PENN Entertainment,online,,2030405700,151783600,,48273500,151783600,,,,0.07475530629174258,28,False,False,OH_2026_sports.pdf,,,,3,0,https://dam.assets.ohio.gov/image/upload/v1774973347/casinocontrol.ohio.gov/revenue-reports/2026/Sports/2026_Sports_Gaming_Revenue_Report02.pdf,https://casinocontrol.ohio.gov/about/revenue-reports,OH/screenshots/OH_2026_12_OH_2026_sports_p1.png,"HOLLYWOOD COLUMBUS - PENN INTERACTIVE (TSB) 2 0,304,057 18,767,660 18,561 482,735 1 ,517,836 1,517,836",,2026-04-08T18:43:02.947786
OH,2026-02-01,2026-02-28,monthly,HARD ROCK CINCINNATI - SEMINOLE HARD ROCK DIGITAL,Hard Rock Bet,Hard Rock Bet,Seminole Tribe / Hard Rock Digital,online,,1638874000,87254000,,32467000,87254000,,,,0.053240212487354124,28,False,False,OH_2026_sports.pdf,,,,3,0,https://dam.assets.ohio.gov/image/upload/v1774973347/casinocontrol.ohio.gov/revenue-reports/2026/Sports/2026_Sports_Gaming_Revenue_Report02.pdf,https://casinocontrol.ohio.gov/about/revenue-reports,OH/screenshots/OH_2026_12_OH_2026_sports_p1.png,"HARD ROCK CINCINNATI - SEMINOLE HARD ROCK DIGITAL 1 6,388,740 15,443,131 73,069 324,670 872,540 8 72,540",,2026-04-08T18:43:02.947786
OH,2026-02-01,2026-02-28,monthly,"GENEVA SPORTS, LLC - PRIME SPORTS",Prime Sports,Prime Sports,Independent,online,,414445200,6828000,,11044600,6828000,,,,0.016475036989208706,28,False,False,OH_2026_sports.pdf,,,,3,0,https://dam.assets.ohio.gov/image/upload/v1774973347/casinocontrol.ohio.gov/revenue-reports/2026/Sports/2026_Sports_Gaming_Revenue_Report02.pdf,https://casinocontrol.ohio.gov/about/revenue-reports,OH/screenshots/OH_2026_12_OH_2026_sports_p1.png,"GENEVA SPORTS, LLC - PRIME SPORTS 4 ,144,452 4,063,102 13,070 110,446 6 8,280 68,280",,2026-04-08T18:43:02.947786
OH,2026-02-01,2026-02-28,monthly,COLUMBUS BLUE JACKETS - FANATICS,Fanatics,Fanatics,Fanatics Inc,online,,4982106100,459522700,,114741800,459522700,,,,0.09223462743998968,28,False,False,OH_2026_sports.pdf,,,,3,0,https://dam.assets.ohio.gov/image/upload/v1774973347/casinocontrol.ohio.gov/revenue-reports/2026/Sports/2026_Sports_Gaming_Revenue_Report02.pdf,https://casinocontrol.ohio.gov/about/revenue-reports,OH/screenshots/OH_2026_12_OH_2026_sports_p1.png,"COLUMBUS BLUE JACKETS - FANATICS 4 9,821,061 45,144,309 81,525 1 ,147,418 4 ,595,227 4,595,227",,2026-04-08T18:43:02.947786
OH,2026-02-01,2026-02-28,monthly,CLEVELAND GUARDIANS - BET365,bet365,bet365,bet365 Group,online,,8042005400,605888300,,179077400,605888300,,,,0.0753404492864429,28,False,False,OH_2026_sports.pdf,,,,3,0,https://dam.assets.ohio.gov/image/upload/v1774973347/casinocontrol.ohio.gov/revenue-reports/2026/Sports/2026_Sports_Gaming_Revenue_Report02.pdf,https://casinocontrol.ohio.gov/about/revenue-reports,OH/screenshots/OH_2026_12_OH_2026_sports_p1.png,"CLEVELAND GUARDIANS - BET365 8 0,420,054 74,167,802 1 93,369 1 ,790,774 6 ,058,883 6,058,883",,2026-04-08T18:43:02.947786
OH,2026-02-01,2026-02-28,monthly,CLEVELAND BROWNS - BALLY'S INTERACTIVE,Bally Bet,Bally Bet,Bally's Corporation,online,,306678800,12301800,,16795600,12301800,,,,0.04011297813869103,28,False,False,OH_2026_sports.pdf,,,,3,0,https://dam.assets.ohio.gov/image/upload/v1774973347/casinocontrol.ohio.gov/revenue-reports/2026/Sports/2026_Sports_Gaming_Revenue_Report02.pdf,https://casinocontrol.ohio.gov/about/revenue-reports,OH/screenshots/OH_2026_12_OH_2026_sports_p1.png,"CLEVELAND BROWNS - BALLY'S INTERACTIVE 3 ,066,788 2,929,751 14,019 167,956 123,018 1 23,018",,2026-04-08T18:43:02.947786
OH,2026-01-01,2026-01-31,monthly,SCIOTO DOWNS - CAESARS SPORTSBOOK,Caesars Sportsbook,Caesars,Caesars Entertainment,retail,,46433100,3627100,,0,3627100,,,,0.07811453467461789,31,False,False,OH_2026_sports.pdf,,,,2,0,https://dam.assets.ohio.gov/image/upload/v1774973347/casinocontrol.ohio.gov/revenue-reports/2026/Sports/2026_Sports_Gaming_Revenue_Report02.pdf,https://casinocontrol.ohio.gov/about/revenue-reports,OH/screenshots/OH_2026_12_OH_2026_sports_p1.png,"SCIOTO DOWNS - CAESARS SPORTSBOOK 464,331 4 26,194 1,866 - 3 6,271 36,271",,2026-04-08T18:43:02.947786
OH,2026-01-01,2026-01-31,monthly,MIAMI VALLEY GAMING AND RACING,MVGBet,MVGBet,Independent,retail,,44912100,6851000,,0,6851000,,,,0.15254241061985524,31,False,False,OH_2026_sports.pdf,,,,2,0,https://dam.assets.ohio.gov/image/upload/v1774973347/casinocontrol.ohio.gov/revenue-reports/2026/Sports/2026_Sports_Gaming_Revenue_Report02.pdf,https://casinocontrol.ohio.gov/about/revenue-reports,OH/screenshots/OH_2026_12_OH_2026_sports_p1.png,"MIAMI VALLEY GAMING AND RACING 449,121 3 80,571 4 0 - 6 8,510 68,510",,2026-04-08T18:43:02.947786
OH,2026-01-01,2026-01-31,monthly,JACK THISTLEDOWN - BETJACK,betJACK,betJACK,JACK Entertainment,retail,,150344300,18013900,,0,18013900,,,,0.11981764523164497,31,False,False,OH_2026_sports.pdf,,,,2,0,https://dam.assets.ohio.gov/image/upload/v1774973347/casinocontrol.ohio.gov/revenue-reports/2026/Sports/2026_Sports_Gaming_Revenue_Report02.pdf,https://casinocontrol.ohio.gov/about/revenue-reports,OH/screenshots/OH_2026_12_OH_2026_sports_p1.png,"JACK THISTLEDOWN - BETJACK 1 ,503,443 1,321,168 2,136 - 180,139 1 80,139",,2026-04-08T18:43:02.947786
OH,2026-01-01,2026-01-31,monthly,JACK CLEVELAND - BETJACK,BetJACK,betJACK,JACK Entertainment,retail,,184692800,10879000,,0,10879000,,,,0.058903216584512225,31,False,False,OH_2026_sports.pdf,,,,2,0,https://dam.assets.ohio.gov/image/upload/v1774973347/casinocontrol.ohio.gov/revenue-reports/2026/Sports/2026_Sports_Gaming_Revenue_Report02.pdf,https://casinocontrol.ohio.gov/about/revenue-reports,OH/screenshots/OH_2026_12_OH_2026_sports_p1.png,"JACK CLEVELAND - BETJACK 1 ,846,928 1,733,606 4,532 - 108,790 1 08,790",,2026-04-08T18:43:02.947786
OH,2026-01-01,2026-01-31,monthly,HOLLYWOOD TOLEDO,Hollywood Toledo,ESPN Bet,PENN Entertainment,retail,,73414600,3764800,,0,3764800,,,,0.051281352755446465,31,False,False,OH_2026_sports.pdf,,,,2,0,https://dam.assets.ohio.gov/image/upload/v1774973347/casinocontrol.ohio.gov/revenue-reports/2026/Sports/2026_Sports_Gaming_Revenue_Report02.pdf,https://casinocontrol.ohio.gov/about/revenue-reports,OH/screenshots/OH_2026_12_OH_2026_sports_p1.png,"HOLLYWOOD TOLEDO 734,146 6 95,687 8 11 - 3 7,648 37,648",,2026-04-08T18:43:02.947786
OH,2026-01-01,2026-01-31,monthly,HOLLYWOOD GAMING AT MAHONING VALLEY,Hollywood Mahoning Valley,ESPN Bet,PENN Entertainment,retail,,145542500,19101800,,0,19101800,,,,0.13124551247917274,31,False,False,OH_2026_sports.pdf,,,,2,0,https://dam.assets.ohio.gov/image/upload/v1774973347/casinocontrol.ohio.gov/revenue-reports/2026/Sports/2026_Sports_Gaming_Revenue_Report02.pdf,https://casinocontrol.ohio.gov/about/revenue-reports,OH/screenshots/OH_2026_12_OH_2026_sports_p1.png,"HOLLYWOOD GAMING AT MAHONING VALLEY 1 ,455,425 1,261,213 3,194 - 191,018 1 91,018",,2026-04-08T18:43:02.947786
OH,2026-02-01,2026-02-28,monthly,HOLLYWOOD MAHONING VALLEY - FANDUEL,FanDuel,FanDuel,Flutter Entertainment,online,,23436826700,2895634000,,674153400,2895634000,,,,0.12355059996240873,28,False,False,OH_2026_sports.pdf,,,,3,0,https://dam.assets.ohio.gov/image/upload/v1774973347/casinocontrol.ohio.gov/revenue-reports/2026/Sports/2026_Sports_Gaming_Revenue_Report02.pdf,https://casinocontrol.ohio.gov/about/revenue-reports,OH/screenshots/OH_2026_12_OH_2026_sports_p1.png,"HOLLYWOOD MAHONING VALLEY - FANDUEL 234,368,267 2 04,387,102 1,024,825 6 ,741,534 2 8,956,340 28,956,340",,2026-04-08T18:43:02.947786
OH,2026-02-01,2026-02-28,monthly,HOLLYWOOD TOLEDO - DRAFTKINGS,DraftKings,DraftKings,DraftKings Inc,online,,25530466300,2384723800,,690073300,2384723800,,,,0.09340698175967119,28,False,False,OH_2026_sports.pdf,,,,3,0,https://dam.assets.ohio.gov/image/upload/v1774973347/casinocontrol.ohio.gov/revenue-reports/2026/Sports/2026_Sports_Gaming_Revenue_Report02.pdf,https://casinocontrol.ohio.gov/about/revenue-reports,OH/screenshots/OH_2026_12_OH_2026_sports_p1.png,"HOLLYWOOD TOLEDO - DRAFTKINGS 255,304,663 2 30,850,695 6 06,730 6 ,900,733 2 3,847,238 23,847,238",,2026-04-08T18:43:02.947786
OH,2026-02-01,2026-02-28,monthly,JACK CLEVELAND (BETJACK),BetJACK,betJACK,JACK Entertainment,online,,886522500,78721700,,11812300,78721700,,,,0.08879831025157287,28,False,False,OH_2026_sports.pdf,,,,3,0,https://dam.assets.ohio.gov/image/upload/v1774973347/casinocontrol.ohio.gov/revenue-reports/2026/Sports/2026_Sports_Gaming_Revenue_Report02.pdf,https://casinocontrol.ohio.gov/about/revenue-reports,OH/screenshots/OH_2026_12_OH_2026_sports_p1.png,"JACK CLEVELAND (BETJACK) 8 ,865,225 8,074,552 3,456 118,123 787,217 7 87,217",,2026-04-08T18:43:02.947786
OH,2026-02-01,2026-02-28,monthly,HOLLYWOOD GAMING AT DAYTON RACEWAY,Hollywood Dayton,ESPN Bet,PENN Entertainment,retail,,81418100,6012700,,0,6012700,,,,0.07384967224732585,28,False,False,OH_2026_sports.pdf,,,,3,0,https://dam.assets.ohio.gov/image/upload/v1774973347/casinocontrol.ohio.gov/revenue-reports/2026/Sports/2026_Sports_Gaming_Revenue_Report02.pdf,https://casinocontrol.ohio.gov/about/revenue-reports,OH/screenshots/OH_2026_12_OH_2026_sports_p1.png,"HOLLYWOOD GAMING AT DAYTON RACEWAY 814,181 7 46,034 8,020 - 6 0,127 60,127",,2026-04-08T18:43:02.947786
OH,2026-02-01,2026-02-28,monthly,MIAMI VALLEY GAMING AND RACING,MVGBet,MVGBet,Independent,retail,,34771800,4587600,,0,4587600,,,,0.13193449864545406,28,False,False,OH_2026_sports.pdf,,,,3,0,https://dam.assets.ohio.gov/image/upload/v1774973347/casinocontrol.ohio.gov/revenue-reports/2026/Sports/2026_Sports_Gaming_Revenue_Report02.pdf,https://casinocontrol.ohio.gov/about/revenue-reports,OH/screenshots/OH_2026_12_OH_2026_sports_p1.png,"MIAMI VALLEY GAMING AND RACING 347,718 3 01,832 1 0 - 4 5,876 45,876",,2026-04-08T18:43:02.947786
OH,2026-02-01,2026-02-28,monthly,JACK THISTLEDOWN - BETJACK,betJACK,betJACK,JACK Entertainment,retail,,98214700,9223300,,0,9223300,,,,0.09390956750873342,28,False,False,OH_2026_sports.pdf,,,,3,0,https://dam.assets.ohio.gov/image/upload/v1774973347/casinocontrol.ohio.gov/revenue-reports/2026/Sports/2026_Sports_Gaming_Revenue_Report02.pdf,https://casinocontrol.ohio.gov/about/revenue-reports,OH/screenshots/OH_2026_12_OH_2026_sports_p1.png,"JACK THISTLEDOWN - BETJACK 982,147 8 88,384 1,530 - 9 2,233 92,233",,2026-04-08T18:43:02.947786
OH,2026-02-01,2026-02-28,monthly,JACK CLEVELAND - BETJACK,BetJACK,betJACK,JACK Entertainment,retail,,105565600,1898800,,0,1898800,,,,0.017986919981509128,28,False,False,OH_2026_sports.pdf,,,,3,0,https://dam.assets.ohio.gov/image/upload/v1774973347/casinocontrol.ohio.gov/revenue-reports/2026/Sports/2026_Sports_Gaming_Revenue_Report02.pdf,https://casinocontrol.ohio.gov/about/revenue-reports,OH/screenshots/OH_2026_12_OH_2026_sports_p1.png,"JACK CLEVELAND - BETJACK 1 ,055,656 1,033,136 3,532 - 1 8,988 18,988",,2026-04-08T18:43:02.947786
OH,2026-02-01,2026-02-28,monthly,HOLLYWOOD TOLEDO,Hollywood Toledo,ESPN Bet,PENN Entertainment,retail,,49026900,-2544100,,0,0,,,,-0.051891920557897805,28,False,False,OH_2026_sports.pdf,,,,3,0,https://dam.assets.ohio.gov/image/upload/v1774973347/casinocontrol.ohio.gov/revenue-reports/2026/Sports/2026_Sports_Gaming_Revenue_Report02.pdf,https://casinocontrol.ohio.gov/about/revenue-reports,OH/screenshots/OH_2026_12_OH_2026_sports_p1.png,"HOLLYWOOD TOLEDO 490,269 5 13,012 2,698 - (25,441) -",,2026-04-08T18:43:02.947786
OH,2026-02-01,2026-02-28,monthly,HOLLYWOOD GAMING AT MAHONING VALLEY,Hollywood Mahoning Valley,ESPN Bet,PENN Entertainment,retail,,109508700,8603200,,0,8603200,,,,0.07856179463366837,28,False,False,OH_2026_sports.pdf,,,,3,0,https://dam.assets.ohio.gov/image/upload/v1774973347/casinocontrol.ohio.gov/revenue-reports/2026/Sports/2026_Sports_Gaming_Revenue_Report02.pdf,https://casinocontrol.ohio.gov/about/revenue-reports,OH/screenshots/OH_2026_12_OH_2026_sports_p1.png,"HOLLYWOOD GAMING AT MAHONING VALLEY 1 ,095,087 1,008,431 6 24 - 8 6,032 86,032",,2026-04-08T18:43:02.947786
OH,2026-02-01,2026-02-28,monthly,HOLLYWOOD COLUMBUS,Hollywood Columbus,ESPN Bet,PENN Entertainment,retail,,178469700,6314500,,0,6314500,,,,0.03538135605091509,28,False,False,OH_2026_sports.pdf,,,,3,0,https://dam.assets.ohio.gov/image/upload/v1774973347/casinocontrol.ohio.gov/revenue-reports/2026/Sports/2026_Sports_Gaming_Revenue_Report02.pdf,https://casinocontrol.ohio.gov/about/revenue-reports,OH/screenshots/OH_2026_12_OH_2026_sports_p1.png,"HOLLYWOOD COLUMBUS 1 ,784,697 1,720,169 1,383 - 6 3,145 63,145",,2026-04-08T18:43:02.947786
OH,2026-02-01,2026-02-28,monthly,MGM NORTHFIELD PARK - BETMGM,BetMGM,BetMGM,Entain/MGM Resorts,online,,5459138600,353444500,,171457300,353444500,,,,0.06474363922542652,28,False,False,OH_2026_sports.pdf,,,,3,0,https://dam.assets.ohio.gov/image/upload/v1774973347/casinocontrol.ohio.gov/revenue-reports/2026/Sports/2026_Sports_Gaming_Revenue_Report02.pdf,https://casinocontrol.ohio.gov/about/revenue-reports,OH/screenshots/OH_2026_12_OH_2026_sports_p1.png,"MGM NORTHFIELD PARK - BETMGM 5 4,591,386 50,831,736 2 25,205 1 ,714,573 3 ,534,445 3,534,445",,2026-04-08T18:43:02.947786
OH,2026-02-01,2026-02-28,monthly,HARD ROCK CINCINNATI - SEMINOLE HARD ROCK DIGITAL,Hard Rock Bet,Hard Rock Bet,Seminole Tribe / Hard Rock Digital,retail,,96941400,3753700,,0,3753700,,,,0.03872133061829105,28,False,False,OH_2026_sports.pdf,,,,3,0,https://dam.assets.ohio.gov/image/upload/v1774973347/casinocontrol.ohio.gov/revenue-reports/2026/Sports/2026_Sports_Gaming_Revenue_Report02.pdf,https://casinocontrol.ohio.gov/about/revenue-reports,OH/screenshots/OH_2026_12_OH_2026_sports_p1.png,"HARD ROCK CINCINNATI - SEMINOLE HARD ROCK DIGITAL 969,414 9 04,912 26,965 - 3 7,537 37,537",,2026-04-08T18:43:02.947786
OH,2026-02-01,2026-02-28,monthly,COLUMBUS BLUE JACKETS - FANATICS,Fanatics,Fanatics,Fanatics Inc,retail,,9992900,2231500,,0,2231500,,,,0.22330854906983957,28,False,False,OH_2026_sports.pdf,,,,3,0,https://dam.assets.ohio.gov/image/upload/v1774973347/casinocontrol.ohio.gov/revenue-reports/2026/Sports/2026_Sports_Gaming_Revenue_Report02.pdf,https://casinocontrol.ohio.gov/about/revenue-reports,OH/screenshots/OH_2026_12_OH_2026_sports_p1.png,"COLUMBUS BLUE JACKETS - FANATICS 99,929 77,039 5 75 - 2 2,315 22,315",,2026-04-08T18:43:02.947786
OH,2026-02-01,2026-02-28,monthly,CINCINNATI REDS - BETMGM,BetMGM,BetMGM,Entain/MGM Resorts,retail,,73710900,6071400,,0,6071400,,,,0.08236773665767207,28,False,False,OH_2026_sports.pdf,,,,3,0,https://dam.assets.ohio.gov/image/upload/v1774973347/casinocontrol.ohio.gov/revenue-reports/2026/Sports/2026_Sports_Gaming_Revenue_Report02.pdf,https://casinocontrol.ohio.gov/about/revenue-reports,OH/screenshots/OH_2026_12_OH_2026_sports_p1.png,"CINCINNATI REDS - BETMGM 737,109 6 76,325 7 0 - 6 0,714 60,714",,2026-04-08T18:43:02.947786
OH,2026-02-01,2026-02-28,monthly,BELTERRA PARK - FANDUEL,FanDuel,FanDuel,Flutter Entertainment,retail,,36018500,-536200,,40000,0,,,,-0.014886794286269557,28,False,False,OH_2026_sports.pdf,,,,3,0,https://dam.assets.ohio.gov/image/upload/v1774973347/casinocontrol.ohio.gov/revenue-reports/2026/Sports/2026_Sports_Gaming_Revenue_Report02.pdf,https://casinocontrol.ohio.gov/about/revenue-reports,OH/screenshots/OH_2026_12_OH_2026_sports_p1.png,"BELTERRA PARK - FANDUEL 360,185 3 65,493 5 4 400 (5,362) -",,2026-04-08T18:43:02.947786
OH,2026-02-01,2026-02-28,monthly,SCIOTO DOWNS - CAESARS SPORTSBOOK,Caesars Sportsbook,Caesars,Caesars Entertainment,online,,2510698700,156481000,,38376600,156481000,,,,0.062325678505349924,28,False,False,OH_2026_sports.pdf,,,,3,0,https://dam.assets.ohio.gov/image/upload/v1774973347/casinocontrol.ohio.gov/revenue-reports/2026/Sports/2026_Sports_Gaming_Revenue_Report02.pdf,https://casinocontrol.ohio.gov/about/revenue-reports,OH/screenshots/OH_2026_12_OH_2026_sports_p1.png,"SCIOTO DOWNS - CAESARS SPORTSBOOK 2 5,106,987 23,467,024 75,153 383,766 1 ,564,810 1,564,810",,2026-04-08T18:43:02.947786
OH,2026-02-01,2026-02-28,monthly,MIAMI VALLEY GAMING AND RACING - MVGBET,MVGBet,MVGBet,Independent,online,,65155800,6517400,,376500,6517400,,,,0.1000279330466359,28,False,False,OH_2026_sports.pdf,,,,3,0,https://dam.assets.ohio.gov/image/upload/v1774973347/casinocontrol.ohio.gov/revenue-reports/2026/Sports/2026_Sports_Gaming_Revenue_Report02.pdf,https://casinocontrol.ohio.gov/about/revenue-reports,OH/screenshots/OH_2026_12_OH_2026_sports_p1.png,"MIAMI VALLEY GAMING AND RACING - MVGBET 651,558 5 84,494 1,890 3 ,765 6 5,174 65,174",,2026-04-08T18:43:02.947786
OH,2026-01-01,2026-01-31,monthly,HOLLYWOOD GAMING AT DAYTON RACEWAY,Hollywood Dayton,ESPN Bet,PENN Entertainment,retail,,97705600,3044900,,0,3044900,,,,0.031164027445714473,31,False,False,OH_2026_sports.pdf,,,,2,0,https://dam.assets.ohio.gov/image/upload/v1774973347/casinocontrol.ohio.gov/revenue-reports/2026/Sports/2026_Sports_Gaming_Revenue_Report02.pdf,https://casinocontrol.ohio.gov/about/revenue-reports,OH/screenshots/OH_2026_12_OH_2026_sports_p1.png,"HOLLYWOOD GAMING AT DAYTON RACEWAY 977,056 9 46,239 3 68 - 3 0,449 30,449",,2026-04-08T18:43:02.947786
OH,2026-01-01,2026-01-31,monthly,HARD ROCK CINCINNATI - SEMINOLE HARD ROCK DIGITAL,Hard Rock Bet,Hard Rock Bet,Seminole Tribe / Hard Rock Digital,retail,,147688700,22522600,,0,22522600,,,,0.1525004959756569,31,False,False,OH_2026_sports.pdf,,,,2,0,https://dam.assets.ohio.gov/image/upload/v1774973347/casinocontrol.ohio.gov/revenue-reports/2026/Sports/2026_Sports_Gaming_Revenue_Report02.pdf,https://casinocontrol.ohio.gov/about/revenue-reports,OH/screenshots/OH_2026_12_OH_2026_sports_p1.png,"HARD ROCK CINCINNATI - SEMINOLE HARD ROCK DIGITAL 1 ,476,887 1,249,559 2,102 - 225,226 2 25,226",,2026-04-08T18:43:02.947786
OH,2025-12-01,2025-12-31,monthly,"HOLLYWOOD GAMING AT DAYTON RACEWAY - RSI OH, LLC",BetRivers,BetRivers,Rush Street Interactive,online,,557467900,35826400,,11142500,35826400,,,,0.06426630125250261,31,False,False,OH_2025_sports.pdf,,,,13,0,https://dam.assets.ohio.gov/image/upload/v1769793329/casinocontrol.ohio.gov/revenue-reports/2025/Sports/2025_Sports_Gaming_Revenue_Report12.pdf,https://casinocontrol.ohio.gov/about/revenue-reports,OH/screenshots/OH_2025_12_OH_2025_sports_p1.png,"HOLLYWOOD GAMING AT DAYTON RACEWAY - RSI OH, LLC 5 ,574,679 5,211,018 5,397 111,425 3 58,264 3 58,264",,2026-04-08T18:43:02.152237
OH,2026-01-01,2026-01-31,monthly,COLUMBUS BLUE JACKETS - FANATICS,Fanatics,Fanatics,Fanatics Inc,retail,,19211200,9446700,,0,9446700,,,,0.4917287832097943,31,False,False,OH_2026_sports.pdf,,,,2,0,https://dam.assets.ohio.gov/image/upload/v1774973347/casinocontrol.ohio.gov/revenue-reports/2026/Sports/2026_Sports_Gaming_Revenue_Report02.pdf,https://casinocontrol.ohio.gov/about/revenue-reports,OH/screenshots/OH_2026_12_OH_2026_sports_p1.png,"COLUMBUS BLUE JACKETS - FANATICS 192,112 94,990 2,655 - 9 4,467 94,467",,2026-04-08T18:43:02.947786
OH,2025-12-01,2025-12-31,monthly,JACK THISTLEDOWN - BETJACK,betJACK,betJACK,JACK Entertainment,retail,,194787700,45413600,,0,45413600,,,,0.23314408455975402,31,False,False,OH_2025_sports.pdf,,,,13,0,https://dam.assets.ohio.gov/image/upload/v1769793329/casinocontrol.ohio.gov/revenue-reports/2025/Sports/2025_Sports_Gaming_Revenue_Report12.pdf,https://casinocontrol.ohio.gov/about/revenue-reports,OH/screenshots/OH_2025_12_OH_2025_sports_p1.png,"JACK THISTLEDOWN - BETJACK 1 ,947,877 1,490,383 3,358 - 4 54,136 4 54,136",,2026-04-08T18:43:02.152237
OH,2025-12-01,2025-12-31,monthly,JACK CLEVELAND - BETJACK,BetJACK,betJACK,JACK Entertainment,retail,,199307200,37427000,,0,37427000,,,,0.18778548893366623,31,False,False,OH_2025_sports.pdf,,,,13,0,https://dam.assets.ohio.gov/image/upload/v1769793329/casinocontrol.ohio.gov/revenue-reports/2025/Sports/2025_Sports_Gaming_Revenue_Report12.pdf,https://casinocontrol.ohio.gov/about/revenue-reports,OH/screenshots/OH_2025_12_OH_2025_sports_p1.png,"JACK CLEVELAND - BETJACK 1 ,993,072 1,611,984 6,818 - 3 74,270 3 74,270",,2026-04-08T18:43:02.152237
OH,2025-12-01,2025-12-31,monthly,HOLLYWOOD TOLEDO,Hollywood Toledo,ESPN Bet,PENN Entertainment,retail,,95479000,18978700,,0,18978700,,,,0.19877355229945853,31,False,False,OH_2025_sports.pdf,,,,13,0,https://dam.assets.ohio.gov/image/upload/v1769793329/casinocontrol.ohio.gov/revenue-reports/2025/Sports/2025_Sports_Gaming_Revenue_Report12.pdf,https://casinocontrol.ohio.gov/about/revenue-reports,OH/screenshots/OH_2025_12_OH_2025_sports_p1.png,"HOLLYWOOD TOLEDO 954,790 7 53,323 11,680 - 1 89,787 1 89,787",,2026-04-08T18:43:02.152237
OH,2025-12-01,2025-12-31,monthly,HOLLYWOOD GAMING AT MAHONING VALLEY,Hollywood Mahoning Valley,ESPN Bet,PENN Entertainment,retail,,138449400,28613000,,0,28613000,,,,0.2066675623007395,31,False,False,OH_2025_sports.pdf,,,,13,0,https://dam.assets.ohio.gov/image/upload/v1769793329/casinocontrol.ohio.gov/revenue-reports/2025/Sports/2025_Sports_Gaming_Revenue_Report12.pdf,https://casinocontrol.ohio.gov/about/revenue-reports,OH/screenshots/OH_2025_12_OH_2025_sports_p1.png,"HOLLYWOOD GAMING AT MAHONING VALLEY 1 ,384,494 1,096,165 2,199 - 2 86,130 2 86,130",,2026-04-08T18:43:02.152237
OH,2025-12-01,2025-12-31,monthly,HOLLYWOOD GAMING AT DAYTON RACEWAY,Hollywood Dayton,ESPN Bet,PENN Entertainment,retail,,112018200,31441700,,0,31441700,,,,0.28068385315957584,31,False,False,OH_2025_sports.pdf,,,,13,0,https://dam.assets.ohio.gov/image/upload/v1769793329/casinocontrol.ohio.gov/revenue-reports/2025/Sports/2025_Sports_Gaming_Revenue_Report12.pdf,https://casinocontrol.ohio.gov/about/revenue-reports,OH/screenshots/OH_2025_12_OH_2025_sports_p1.png,"HOLLYWOOD GAMING AT DAYTON RACEWAY 1 ,120,182 8 05,569 1 96 - 3 14,417 3 14,417",,2026-04-08T18:43:02.152237
OH,2025-12-01,2025-12-31,monthly,HOLLYWOOD COLUMBUS,Hollywood Columbus,ESPN Bet,PENN Entertainment,retail,,238921100,55459400,,0,55459400,,,,0.2321243289102553,31,False,False,OH_2025_sports.pdf,,,,13,0,https://dam.assets.ohio.gov/image/upload/v1769793329/casinocontrol.ohio.gov/revenue-reports/2025/Sports/2025_Sports_Gaming_Revenue_Report12.pdf,https://casinocontrol.ohio.gov/about/revenue-reports,OH/screenshots/OH_2025_12_OH_2025_sports_p1.png,"HOLLYWOOD COLUMBUS 2 ,389,211 1,828,545 6,072 - 5 54,594 5 54,594",,2026-04-08T18:43:02.152237
OH,2025-12-01,2025-12-31,monthly,HARD ROCK CINCINNATI - SEMINOLE HARD ROCK DIGITAL,Hard Rock Bet,Hard Rock Bet,Seminole Tribe / Hard Rock Digital,retail,,114997700,22423900,,0,22423900,,,,0.19499433466930208,31,False,False,OH_2025_sports.pdf,,,,13,0,https://dam.assets.ohio.gov/image/upload/v1769793329/casinocontrol.ohio.gov/revenue-reports/2025/Sports/2025_Sports_Gaming_Revenue_Report12.pdf,https://casinocontrol.ohio.gov/about/revenue-reports,OH/screenshots/OH_2025_12_OH_2025_sports_p1.png,"HARD ROCK CINCINNATI - SEMINOLE HARD ROCK DIGITAL 1 ,149,977 9 20,821 4,917 - 2 24,239 2 24,239",,2026-04-08T18:43:02.152237
OH,2025-12-01,2025-12-31,monthly,COLUMBUS BLUE JACKETS - FANATICS,Fanatics,Fanatics,Fanatics Inc,retail,,18046000,3878900,,0,3878900,,,,0.21494514019727362,31,False,False,OH_2025_sports.pdf,,,,13,0,https://dam.assets.ohio.gov/image/upload/v1769793329/casinocontrol.ohio.gov/revenue-reports/2025/Sports/2025_Sports_Gaming_Revenue_Report12.pdf,https://casinocontrol.ohio.gov/about/revenue-reports,OH/screenshots/OH_2025_12_OH_2025_sports_p1.png,"COLUMBUS BLUE JACKETS - FANATICS 180,460 1 40,633 1,038 - 38,789 38,789",,2026-04-08T18:43:02.152237
OH,2025-12-01,2025-12-31,monthly,BELTERRA PARK - FANDUEL,FanDuel,FanDuel,Flutter Entertainment,retail,,39299600,5568200,,70000,5568200,,,,0.1416859204673839,31,False,False,OH_2025_sports.pdf,,,,13,0,https://dam.assets.ohio.gov/image/upload/v1769793329/casinocontrol.ohio.gov/revenue-reports/2025/Sports/2025_Sports_Gaming_Revenue_Report12.pdf,https://casinocontrol.ohio.gov/about/revenue-reports,OH/screenshots/OH_2025_12_OH_2025_sports_p1.png,"BELTERRA PARK - FANDUEL 392,996 3 36,989 3 25 700 55,682 55,682",,2026-04-08T18:43:02.152237
OH,2025-12-01,2025-12-31,monthly,SCIOTO DOWNS - CAESARS SPORTSBOOK,Caesars Sportsbook,Caesars,Caesars Entertainment,online,,3047057800,311919100,,49021500,311919100,,,,0.10236730658670144,31,False,False,OH_2025_sports.pdf,,,,13,0,https://dam.assets.ohio.gov/image/upload/v1769793329/casinocontrol.ohio.gov/revenue-reports/2025/Sports/2025_Sports_Gaming_Revenue_Report12.pdf,https://casinocontrol.ohio.gov/about/revenue-reports,OH/screenshots/OH_2025_12_OH_2025_sports_p1.png,"SCIOTO DOWNS - CAESARS SPORTSBOOK 3 0,470,578 27,279,207 72,180 490,215 3,119,191 3,119,191",,2026-04-08T18:43:02.152237
OH,2025-12-01,2025-12-31,monthly,MIAMI VALLEY GAMING AND RACING - MVGBET,MVGBet,MVGBet,Independent,online,,64076800,5420700,,522400,5420700,,,,0.08459692119456652,31,False,False,OH_2025_sports.pdf,,,,13,0,https://dam.assets.ohio.gov/image/upload/v1769793329/casinocontrol.ohio.gov/revenue-reports/2025/Sports/2025_Sports_Gaming_Revenue_Report12.pdf,https://casinocontrol.ohio.gov/about/revenue-reports,OH/screenshots/OH_2025_12_OH_2025_sports_p1.png,"MIAMI VALLEY GAMING AND RACING - MVGBET 640,768 5 82,597 3,964 5 ,224 54,207 54,207",,2026-04-08T18:43:02.152237
OH,2025-12-01,2025-12-31,monthly,MGM NORTHFIELD PARK - BETMGM,BetMGM,BetMGM,Entain/MGM Resorts,online,,6320081800,908843200,,215021100,908843200,,,,0.14380244255699348,31,False,False,OH_2025_sports.pdf,,,,13,0,https://dam.assets.ohio.gov/image/upload/v1769793329/casinocontrol.ohio.gov/revenue-reports/2025/Sports/2025_Sports_Gaming_Revenue_Report12.pdf,https://casinocontrol.ohio.gov/about/revenue-reports,OH/screenshots/OH_2025_12_OH_2025_sports_p1.png,"MGM NORTHFIELD PARK - BETMGM 6 3,200,818 53,890,699 2 21,687 2 ,150,211 9,088,432 9,088,432",,2026-04-08T18:43:02.152237
OH,2025-12-01,2025-12-31,monthly,JACK CLEVELAND (BETJACK),BetJACK,betJACK,JACK Entertainment,online,,878739200,62722900,,21057800,62722900,,,,0.07137828834766903,31,False,False,OH_2025_sports.pdf,,,,13,0,https://dam.assets.ohio.gov/image/upload/v1769793329/casinocontrol.ohio.gov/revenue-reports/2025/Sports/2025_Sports_Gaming_Revenue_Report12.pdf,https://casinocontrol.ohio.gov/about/revenue-reports,OH/screenshots/OH_2025_12_OH_2025_sports_p1.png,"JACK CLEVELAND (BETJACK) 8 ,787,392 8,156,864 3,299 210,578 6 27,229 6 27,229",,2026-04-08T18:43:02.152237
OH,2025-12-01,2025-12-31,monthly,HOLLYWOOD TOLEDO - DRAFTKINGS,DraftKings,DraftKings,DraftKings Inc,online,,30102443700,4557108800,,527163500,4557108800,,,,0.15138667296967653,31,False,False,OH_2025_sports.pdf,,,,13,0,https://dam.assets.ohio.gov/image/upload/v1769793329/casinocontrol.ohio.gov/revenue-reports/2025/Sports/2025_Sports_Gaming_Revenue_Report12.pdf,https://casinocontrol.ohio.gov/about/revenue-reports,OH/screenshots/OH_2025_12_OH_2025_sports_p1.png,"HOLLYWOOD TOLEDO - DRAFTKINGS 301,024,437 2 55,045,924 4 07,425 5 ,271,635 45,571,088 45,571,088",,2026-04-08T18:43:02.152237
OH,2025-12-01,2025-12-31,monthly,MGM NORTHFIELD PARK - BETMGM,BetMGM,BetMGM,Entain/MGM Resorts,retail,,129359600,22538800,,0,22538800,,,,0.1742336865605645,31,False,False,OH_2025_sports.pdf,,,,13,0,https://dam.assets.ohio.gov/image/upload/v1769793329/casinocontrol.ohio.gov/revenue-reports/2025/Sports/2025_Sports_Gaming_Revenue_Report12.pdf,https://casinocontrol.ohio.gov/about/revenue-reports,OH/screenshots/OH_2025_12_OH_2025_sports_p1.png,"MGM NORTHFIELD PARK - BETMGM 1 ,293,596 1,036,437 31,771 - 2 25,388 2 25,388",,2026-04-08T18:43:02.152237
OH,2025-12-01,2025-12-31,monthly,MIAMI VALLEY GAMING AND RACING,MVGBet,MVGBet,Independent,retail,,57662700,13641000,,0,13641000,,,,0.23656540536603385,31,False,False,OH_2025_sports.pdf,,,,13,0,https://dam.assets.ohio.gov/image/upload/v1769793329/casinocontrol.ohio.gov/revenue-reports/2025/Sports/2025_Sports_Gaming_Revenue_Report12.pdf,https://casinocontrol.ohio.gov/about/revenue-reports,OH/screenshots/OH_2025_12_OH_2025_sports_p1.png,"MIAMI VALLEY GAMING AND RACING 576,627 4 40,212 5 - 1 36,410 1 36,410",,2026-04-08T18:43:02.152237
OH,2025-12-01,2025-12-31,monthly,SCIOTO DOWNS - CAESARS SPORTSBOOK,Caesars Sportsbook,Caesars,Caesars Entertainment,retail,,52899000,18299900,,0,18299900,,,,0.3459403769447438,31,False,False,OH_2025_sports.pdf,,,,13,0,https://dam.assets.ohio.gov/image/upload/v1769793329/casinocontrol.ohio.gov/revenue-reports/2025/Sports/2025_Sports_Gaming_Revenue_Report12.pdf,https://casinocontrol.ohio.gov/about/revenue-reports,OH/screenshots/OH_2025_12_OH_2025_sports_p1.png,"SCIOTO DOWNS - CAESARS SPORTSBOOK 528,990 3 33,848 12,143 - 1 82,999 1 82,999",,2026-04-08T18:43:02.152237
OH,2026-01-01,2026-01-31,monthly,HOLLYWOOD TOLEDO - DRAFTKINGS,DraftKings,DraftKings,DraftKings Inc,online,,30098065000,3255127000,,839990200,3255127000,,,,0.10815070669825452,31,False,False,OH_2026_sports.pdf,,,,2,0,https://dam.assets.ohio.gov/image/upload/v1774973347/casinocontrol.ohio.gov/revenue-reports/2026/Sports/2026_Sports_Gaming_Revenue_Report02.pdf,https://casinocontrol.ohio.gov/about/revenue-reports,OH/screenshots/OH_2026_12_OH_2026_sports_p1.png,"HOLLYWOOD TOLEDO - DRAFTKINGS 300,980,650 2 67,575,959 8 53,421 8 ,399,902 3 2,551,270 32,551,270",,2026-04-08T18:43:02.947786
OH,2026-01-01,2026-01-31,monthly,CINCINNATI REDS - BETMGM,BetMGM,BetMGM,Entain/MGM Resorts,retail,,53285200,-5791300,,0,0,,,,-0.10868496317926929,31,False,False,OH_2026_sports.pdf,,,,2,0,https://dam.assets.ohio.gov/image/upload/v1774973347/casinocontrol.ohio.gov/revenue-reports/2026/Sports/2026_Sports_Gaming_Revenue_Report02.pdf,https://casinocontrol.ohio.gov/about/revenue-reports,OH/screenshots/OH_2026_12_OH_2026_sports_p1.png,"CINCINNATI REDS - BETMGM 532,852 5 89,243 1,522 - (57,913) -",,2026-04-08T18:43:02.947786
OH,2026-01-01,2026-01-31,monthly,BELTERRA PARK - FANDUEL,FanDuel,FanDuel,Flutter Entertainment,retail,,41097100,3292900,,40000,3292900,,,,0.08012487499117943,31,False,False,OH_2026_sports.pdf,,,,2,0,https://dam.assets.ohio.gov/image/upload/v1774973347/casinocontrol.ohio.gov/revenue-reports/2026/Sports/2026_Sports_Gaming_Revenue_Report02.pdf,https://casinocontrol.ohio.gov/about/revenue-reports,OH/screenshots/OH_2026_12_OH_2026_sports_p1.png,"BELTERRA PARK - FANDUEL 410,971 3 75,232 2,810 400 3 2,929 32,929",,2026-04-08T18:43:02.947786
OH,2026-01-01,2026-01-31,monthly,SCIOTO DOWNS - CAESARS SPORTSBOOK,Caesars Sportsbook,Caesars,Caesars Entertainment,online,,3169173300,259411700,,62561800,259411700,,,,0.08185469062231465,31,False,False,OH_2026_sports.pdf,,,,2,0,https://dam.assets.ohio.gov/image/upload/v1774973347/casinocontrol.ohio.gov/revenue-reports/2026/Sports/2026_Sports_Gaming_Revenue_Report02.pdf,https://casinocontrol.ohio.gov/about/revenue-reports,OH/screenshots/OH_2026_12_OH_2026_sports_p1.png,"SCIOTO DOWNS - CAESARS SPORTSBOOK 3 1,691,733 28,915,643 1 81,973 625,618 2 ,594,117 2,594,117",,2026-04-08T18:43:02.947786
OH,2026-01-01,2026-01-31,monthly,MIAMI VALLEY GAMING AND RACING - MVGBET,MVGBet,MVGBet,Independent,online,,92753800,4375600,,1693400,4375600,,,,0.04717434757389994,31,False,False,OH_2026_sports.pdf,,,,2,0,https://dam.assets.ohio.gov/image/upload/v1774973347/casinocontrol.ohio.gov/revenue-reports/2026/Sports/2026_Sports_Gaming_Revenue_Report02.pdf,https://casinocontrol.ohio.gov/about/revenue-reports,OH/screenshots/OH_2026_12_OH_2026_sports_p1.png,"MIAMI VALLEY GAMING AND RACING - MVGBET 927,538 8 78,401 5,381 16,934 4 3,756 43,756",,2026-04-08T18:43:02.947786
OH,2026-01-01,2026-01-31,monthly,MGM NORTHFIELD PARK - BETMGM,BetMGM,BetMGM,Entain/MGM Resorts,online,,6890857300,338240000,,215666800,338240000,,,,0.04908532933921009,31,False,False,OH_2026_sports.pdf,,,,2,0,https://dam.assets.ohio.gov/image/upload/v1774973347/casinocontrol.ohio.gov/revenue-reports/2026/Sports/2026_Sports_Gaming_Revenue_Report02.pdf,https://casinocontrol.ohio.gov/about/revenue-reports,OH/screenshots/OH_2026_12_OH_2026_sports_p1.png,"MGM NORTHFIELD PARK - BETMGM 6 8,908,573 65,016,201 5 09,972 2 ,156,668 3 ,382,400 3,382,400",,2026-04-08T18:43:02.947786
OH,2026-01-01,2026-01-31,monthly,JACK CLEVELAND (BETJACK),BetJACK,betJACK,JACK Entertainment,online,,794788900,16844100,,15666800,16844100,,,,0.021193174690788963,31,False,False,OH_2026_sports.pdf,,,,2,0,https://dam.assets.ohio.gov/image/upload/v1774973347/casinocontrol.ohio.gov/revenue-reports/2026/Sports/2026_Sports_Gaming_Revenue_Report02.pdf,https://casinocontrol.ohio.gov/about/revenue-reports,OH/screenshots/OH_2026_12_OH_2026_sports_p1.png,"JACK CLEVELAND (BETJACK) 7 ,947,889 7,776,346 3,102 156,668 168,441 1 68,441",,2026-04-08T18:43:02.947786
OH,2026-01-01,2026-01-31,monthly,"HOLLYWOOD GAMING AT DAYTON RACEWAY - RSI OH, LLC",BetRivers,BetRivers,Rush Street Interactive,online,,503266500,48732600,,9010100,48732600,,,,0.09683259267207335,31,False,False,OH_2026_sports.pdf,,,,2,0,https://dam.assets.ohio.gov/image/upload/v1774973347/casinocontrol.ohio.gov/revenue-reports/2026/Sports/2026_Sports_Gaming_Revenue_Report02.pdf,https://casinocontrol.ohio.gov/about/revenue-reports,OH/screenshots/OH_2026_12_OH_2026_sports_p1.png,"HOLLYWOOD GAMING AT DAYTON RACEWAY - RSI OH, LLC 5 ,032,665 4,533,405 11,934 90,101 487,326 4 87,326",,2026-04-08T18:43:02.947786
OH,2026-01-01,2026-01-31,monthly,BELTERRA PARK - FANDUEL,FanDuel,FanDuel,Flutter Entertainment,online,,29528718300,3910103200,,1314611000,3910103200,,,,0.13241696304847744,31,False,False,OH_2026_sports.pdf,,,,2,0,https://dam.assets.ohio.gov/image/upload/v1774973347/casinocontrol.ohio.gov/revenue-reports/2026/Sports/2026_Sports_Gaming_Revenue_Report02.pdf,https://casinocontrol.ohio.gov/about/revenue-reports,OH/screenshots/OH_2026_12_OH_2026_sports_p1.png,"BELTERRA PARK - FANDUEL 295,287,183 2 55,074,377 1,111,774 13,146,110 3 9,101,032 39,101,032",,2026-04-08T18:43:02.947786
OH,2026-01-01,2026-01-31,monthly,HOLLYWOOD COLUMBUS - PENN INTERACTIVE (TSB),Hollywood Casino KS,ESPN Bet,PENN Entertainment,online,,2996739600,247090200,,83532700,247090200,,,,0.08245300993119323,31,False,False,OH_2026_sports.pdf,,,,2,0,https://dam.assets.ohio.gov/image/upload/v1774973347/casinocontrol.ohio.gov/revenue-reports/2026/Sports/2026_Sports_Gaming_Revenue_Report02.pdf,https://casinocontrol.ohio.gov/about/revenue-reports,OH/screenshots/OH_2026_12_OH_2026_sports_p1.png,"HOLLYWOOD COLUMBUS - PENN INTERACTIVE (TSB) 2 9,967,396 27,369,039 1 27,455 835,327 2 ,470,902 2,470,902",,2026-04-08T18:43:02.947786
OH,2026-01-01,2026-01-31,monthly,HARD ROCK CINCINNATI - SEMINOLE HARD ROCK DIGITAL,Hard Rock Bet,Hard Rock Bet,Seminole Tribe / Hard Rock Digital,online,,2363103900,226747300,,116746200,226747300,,,,0.09595316566486983,31,False,False,OH_2026_sports.pdf,,,,2,0,https://dam.assets.ohio.gov/image/upload/v1774973347/casinocontrol.ohio.gov/revenue-reports/2026/Sports/2026_Sports_Gaming_Revenue_Report02.pdf,https://casinocontrol.ohio.gov/about/revenue-reports,OH/screenshots/OH_2026_12_OH_2026_sports_p1.png,"HARD ROCK CINCINNATI - SEMINOLE HARD ROCK DIGITAL 2 3,631,039 21,240,834 1 22,732 1 ,167,462 2 ,267,473 2,267,473",,2026-04-08T18:43:02.947786
OH,2026-01-01,2026-01-31,monthly,"GENEVA SPORTS, LLC - PRIME SPORTS",Prime Sports,Prime Sports,Independent,online,,1836111000,53206400,,11175300,53206400,,,,0.028977768773238655,31,False,False,OH_2026_sports.pdf,,,,2,0,https://dam.assets.ohio.gov/image/upload/v1774973347/casinocontrol.ohio.gov/revenue-reports/2026/Sports/2026_Sports_Gaming_Revenue_Report02.pdf,https://casinocontrol.ohio.gov/about/revenue-reports,OH/screenshots/OH_2026_12_OH_2026_sports_p1.png,"GENEVA SPORTS, LLC - PRIME SPORTS 1 8,361,110 17,742,398 86,648 111,753 532,064 5 32,064",,2026-04-08T18:43:02.947786
OH,2026-01-01,2026-01-31,monthly,COLUMBUS BLUE JACKETS - FANATICS,Fanatics,Fanatics,Fanatics Inc,online,,5281287500,526093800,,128053100,526093800,,,,0.09961468675962064,31,False,False,OH_2026_sports.pdf,,,,2,0,https://dam.assets.ohio.gov/image/upload/v1774973347/casinocontrol.ohio.gov/revenue-reports/2026/Sports/2026_Sports_Gaming_Revenue_Report02.pdf,https://casinocontrol.ohio.gov/about/revenue-reports,OH/screenshots/OH_2026_12_OH_2026_sports_p1.png,"COLUMBUS BLUE JACKETS - FANATICS 5 2,812,875 47,373,750 1 78,187 1 ,280,531 5 ,260,938 5,260,938",,2026-04-08T18:43:02.947786
OH,2026-01-01,2026-01-31,monthly,CLEVELAND GUARDIANS - BET365,bet365,bet365,bet365 Group,online,,7802506400,897555100,,267005500,897555100,,,,0.11503420234298045,31,False,False,OH_2026_sports.pdf,,,,2,0,https://dam.assets.ohio.gov/image/upload/v1774973347/casinocontrol.ohio.gov/revenue-reports/2026/Sports/2026_Sports_Gaming_Revenue_Report02.pdf,https://casinocontrol.ohio.gov/about/revenue-reports,OH/screenshots/OH_2026_12_OH_2026_sports_p1.png,"CLEVELAND GUARDIANS - BET365 7 8,025,064 68,836,305 2 13,208 2 ,670,055 8 ,975,551 8,975,551",,2026-04-08T18:43:02.947786
OH,2026-01-01,2026-01-31,monthly,CLEVELAND BROWNS - BALLY'S INTERACTIVE,Bally Bet,Bally Bet,Bally's Corporation,online,,405221700,49578900,,29433400,49578900,,,,0.12235006170696189,31,False,False,OH_2026_sports.pdf,,,,2,0,https://dam.assets.ohio.gov/image/upload/v1774973347/casinocontrol.ohio.gov/revenue-reports/2026/Sports/2026_Sports_Gaming_Revenue_Report02.pdf,https://casinocontrol.ohio.gov/about/revenue-reports,OH/screenshots/OH_2026_12_OH_2026_sports_p1.png,"CLEVELAND BROWNS - BALLY'S INTERACTIVE 4 ,052,217 3,520,084 36,344 294,334 495,789 4 95,789",,2026-04-08T18:43:02.947786
OH,2025-09-01,2025-09-30,monthly,MIAMI VALLEY GAMING AND RACING - MVGBET,MVGBet,MVGBet,Independent,online,,59500400,4404300,,481800,4404300,,,,0.07402135111696728,30,False,False,OH_2025_sports.pdf,,,,10,0,https://dam.assets.ohio.gov/image/upload/v1769793329/casinocontrol.ohio.gov/revenue-reports/2025/Sports/2025_Sports_Gaming_Revenue_Report12.pdf,https://casinocontrol.ohio.gov/about/revenue-reports,OH/screenshots/OH_2025_12_OH_2025_sports_p1.png,"MIAMI VALLEY GAMING AND RACING - MVGBET 595,004 5 45,106 5,855 4 ,818 4 4,043 44,043",,2026-04-08T18:43:02.152237
OH,2025-09-01,2025-09-30,monthly,MGM NORTHFIELD PARK - BETMGM,BetMGM,BetMGM,Entain/MGM Resorts,online,,6041341200,406382400,,190239400,406382400,,,,0.06726691748514387,30,False,False,OH_2025_sports.pdf,,,,10,0,https://dam.assets.ohio.gov/image/upload/v1769793329/casinocontrol.ohio.gov/revenue-reports/2025/Sports/2025_Sports_Gaming_Revenue_Report12.pdf,https://casinocontrol.ohio.gov/about/revenue-reports,OH/screenshots/OH_2025_12_OH_2025_sports_p1.png,"MGM NORTHFIELD PARK - BETMGM 6 0,413,412 55,926,649 4 22,939 1 ,902,394 4 ,063,824 4,063,824",,2026-04-08T18:43:02.152237
OH,2025-09-01,2025-09-30,monthly,JACK CLEVELAND (BETJACK),BetJACK,betJACK,JACK Entertainment,online,,512801600,47776900,,24081000,47776900,,,,0.09316839105026194,30,False,False,OH_2025_sports.pdf,,,,10,0,https://dam.assets.ohio.gov/image/upload/v1769793329/casinocontrol.ohio.gov/revenue-reports/2025/Sports/2025_Sports_Gaming_Revenue_Report12.pdf,https://casinocontrol.ohio.gov/about/revenue-reports,OH/screenshots/OH_2025_12_OH_2025_sports_p1.png,"JACK CLEVELAND (BETJACK) 5 ,128,016 4,647,862 2,385 240,810 477,769 4 77,769",,2026-04-08T18:43:02.152237
OH,2025-05-01,2025-05-31,monthly,"HOLLYWOOD GAMING AT DAYTON RACEWAY - RSI OH, LLC",BetRivers,BetRivers,Rush Street Interactive,online,,493608900,26212800,,6172600,26212800,,,,0.05310439094594931,31,False,False,OH_2025_sports.pdf,,,,6,0,https://dam.assets.ohio.gov/image/upload/v1769793329/casinocontrol.ohio.gov/revenue-reports/2025/Sports/2025_Sports_Gaming_Revenue_Report12.pdf,https://casinocontrol.ohio.gov/about/revenue-reports,OH/screenshots/OH_2025_12_OH_2025_sports_p1.png,"HOLLYWOOD GAMING AT DAYTON RACEWAY - RSI OH, LLC 4 ,936,089 4,648,571 25,390 61,726 262,128 2 62,128",,2026-04-08T18:43:02.152237
OH,2025-05-01,2025-05-31,monthly,JACK THISTLEDOWN - BETJACK,betJACK,betJACK,JACK Entertainment,retail,,165141200,27027100,,0,27027100,,,,0.16366055230312,31,False,False,OH_2025_sports.pdf,,,,6,0,https://dam.assets.ohio.gov/image/upload/v1769793329/casinocontrol.ohio.gov/revenue-reports/2025/Sports/2025_Sports_Gaming_Revenue_Report12.pdf,https://casinocontrol.ohio.gov/about/revenue-reports,OH/screenshots/OH_2025_12_OH_2025_sports_p1.png,"JACK THISTLEDOWN - BETJACK 1 ,651,412 1,346,463 34,678 - 270,271 2 70,271",,2026-04-08T18:43:02.152237
OH,2025-05-01,2025-05-31,monthly,JACK CLEVELAND - BETJACK,BetJACK,betJACK,JACK Entertainment,retail,,153770800,26343700,,0,26343700,,,,0.1713179615375611,31,False,False,OH_2025_sports.pdf,,,,6,0,https://dam.assets.ohio.gov/image/upload/v1769793329/casinocontrol.ohio.gov/revenue-reports/2025/Sports/2025_Sports_Gaming_Revenue_Report12.pdf,https://casinocontrol.ohio.gov/about/revenue-reports,OH/screenshots/OH_2025_12_OH_2025_sports_p1.png,"JACK CLEVELAND - BETJACK 1 ,537,708 1,266,490 7,781 - 263,437 2 63,437",,2026-04-08T18:43:02.152237
OH,2025-05-01,2025-05-31,monthly,HOLLYWOOD TOLEDO,Hollywood Toledo,ESPN Bet,PENN Entertainment,retail,,75218900,5020600,,0,5020600,,,,0.06674652248304615,31,False,False,OH_2025_sports.pdf,,,,6,0,https://dam.assets.ohio.gov/image/upload/v1769793329/casinocontrol.ohio.gov/revenue-reports/2025/Sports/2025_Sports_Gaming_Revenue_Report12.pdf,https://casinocontrol.ohio.gov/about/revenue-reports,OH/screenshots/OH_2025_12_OH_2025_sports_p1.png,"HOLLYWOOD TOLEDO 752,189 6 99,488 2,495 - 5 0,206 50,206",,2026-04-08T18:43:02.152237
OH,2025-05-01,2025-05-31,monthly,HOLLYWOOD GAMING AT MAHONING VALLEY,Hollywood Mahoning Valley,ESPN Bet,PENN Entertainment,retail,,126812400,1599400,,0,1599400,,,,0.012612331286214912,31,False,False,OH_2025_sports.pdf,,,,6,0,https://dam.assets.ohio.gov/image/upload/v1769793329/casinocontrol.ohio.gov/revenue-reports/2025/Sports/2025_Sports_Gaming_Revenue_Report12.pdf,https://casinocontrol.ohio.gov/about/revenue-reports,OH/screenshots/OH_2025_12_OH_2025_sports_p1.png,"HOLLYWOOD GAMING AT MAHONING VALLEY 1 ,268,124 1,249,040 3,090 - 1 5,994 15,994",,2026-04-08T18:43:02.152237
OH,2025-05-01,2025-05-31,monthly,HOLLYWOOD GAMING AT DAYTON RACEWAY,Hollywood Dayton,ESPN Bet,PENN Entertainment,retail,,82706600,11334800,,0,11334800,,,,0.13704831295204978,31,False,False,OH_2025_sports.pdf,,,,6,0,https://dam.assets.ohio.gov/image/upload/v1769793329/casinocontrol.ohio.gov/revenue-reports/2025/Sports/2025_Sports_Gaming_Revenue_Report12.pdf,https://casinocontrol.ohio.gov/about/revenue-reports,OH/screenshots/OH_2025_12_OH_2025_sports_p1.png,"HOLLYWOOD GAMING AT DAYTON RACEWAY 827,066 7 12,805 9 13 - 113,348 1 13,348",,2026-04-08T18:43:02.152237
OH,2025-05-01,2025-05-31,monthly,HOLLYWOOD COLUMBUS,Hollywood Columbus,ESPN Bet,PENN Entertainment,retail,,232170600,33533600,,0,33533600,,,,0.14443516965541717,31,False,False,OH_2025_sports.pdf,,,,6,0,https://dam.assets.ohio.gov/image/upload/v1769793329/casinocontrol.ohio.gov/revenue-reports/2025/Sports/2025_Sports_Gaming_Revenue_Report12.pdf,https://casinocontrol.ohio.gov/about/revenue-reports,OH/screenshots/OH_2025_12_OH_2025_sports_p1.png,"HOLLYWOOD COLUMBUS 2 ,321,706 1,982,062 4,308 - 335,336 3 35,336",,2026-04-08T18:43:02.152237
OH,2025-05-01,2025-05-31,monthly,HARD ROCK CINCINNATI - SEMINOLE HARD ROCK DIGITAL,Hard Rock Bet,Hard Rock Bet,Seminole Tribe / Hard Rock Digital,retail,,94766900,26548200,,0,26548200,,,,0.2801421171316145,31,False,False,OH_2025_sports.pdf,,,,6,0,https://dam.assets.ohio.gov/image/upload/v1769793329/casinocontrol.ohio.gov/revenue-reports/2025/Sports/2025_Sports_Gaming_Revenue_Report12.pdf,https://casinocontrol.ohio.gov/about/revenue-reports,OH/screenshots/OH_2025_12_OH_2025_sports_p1.png,"HARD ROCK CINCINNATI - SEMINOLE HARD ROCK DIGITAL 947,669 6 74,248 7,939 - 265,482 2 65,482",,2026-04-08T18:43:02.152237
OH,2025-05-01,2025-05-31,monthly,COLUMBUS BLUE JACKETS - FANATICS,Fanatics,Fanatics,Fanatics Inc,retail,,23947600,7681200,,0,7681200,,,,0.320750304832217,31,False,False,OH_2025_sports.pdf,,,,6,0,https://dam.assets.ohio.gov/image/upload/v1769793329/casinocontrol.ohio.gov/revenue-reports/2025/Sports/2025_Sports_Gaming_Revenue_Report12.pdf,https://casinocontrol.ohio.gov/about/revenue-reports,OH/screenshots/OH_2025_12_OH_2025_sports_p1.png,"COLUMBUS BLUE JACKETS - FANATICS 239,476 1 62,487 1 77 - 7 6,812 76,812",,2026-04-08T18:43:02.152237
OH,2025-05-01,2025-05-31,monthly,CINCINNATI REDS - BETMGM,BetMGM,BetMGM,Entain/MGM Resorts,retail,,22178800,-597700,,0,0,,,,-0.02694915865601385,31,False,False,OH_2025_sports.pdf,,,,6,0,https://dam.assets.ohio.gov/image/upload/v1769793329/casinocontrol.ohio.gov/revenue-reports/2025/Sports/2025_Sports_Gaming_Revenue_Report12.pdf,https://casinocontrol.ohio.gov/about/revenue-reports,OH/screenshots/OH_2025_12_OH_2025_sports_p1.png,"CINCINNATI REDS - BETMGM 221,788 2 25,135 2,630 - (5,977) -",,2026-04-08T18:43:02.152237
OH,2025-05-01,2025-05-31,monthly,BELTERRA PARK - FANDUEL,FanDuel,FanDuel,Flutter Entertainment,retail,,23529100,4793200,,50000,4793200,,,,0.2037136992065145,31,False,False,OH_2025_sports.pdf,,,,6,0,https://dam.assets.ohio.gov/image/upload/v1769793329/casinocontrol.ohio.gov/revenue-reports/2025/Sports/2025_Sports_Gaming_Revenue_Report12.pdf,https://casinocontrol.ohio.gov/about/revenue-reports,OH/screenshots/OH_2025_12_OH_2025_sports_p1.png,"BELTERRA PARK - FANDUEL 235,291 1 85,538 1,821 500 4 7,932 47,932",,2026-04-08T18:43:02.152237
OH,2025-05-01,2025-05-31,monthly,SCIOTO DOWNS - CAESARS SPORTSBOOK,Caesars Sportsbook,Caesars,Caesars Entertainment,online,,2685655500,211495400,,25843600,211495400,,,,0.07875001093773941,31,False,False,OH_2025_sports.pdf,,,,6,0,https://dam.assets.ohio.gov/image/upload/v1769793329/casinocontrol.ohio.gov/revenue-reports/2025/Sports/2025_Sports_Gaming_Revenue_Report12.pdf,https://casinocontrol.ohio.gov/about/revenue-reports,OH/screenshots/OH_2025_12_OH_2025_sports_p1.png,"SCIOTO DOWNS - CAESARS SPORTSBOOK 2 6,856,555 24,545,729 1 95,872 258,436 2 ,114,954 2,114,954",,2026-04-08T18:43:02.152237
OH,2025-05-01,2025-05-31,monthly,MIAMI VALLEY GAMING AND RACING - MVGBET,MVGBet,MVGBet,Independent,online,,73125800,6439400,,3281400,6439400,,,,0.0880592075573874,31,False,False,OH_2025_sports.pdf,,,,6,0,https://dam.assets.ohio.gov/image/upload/v1769793329/casinocontrol.ohio.gov/revenue-reports/2025/Sports/2025_Sports_Gaming_Revenue_Report12.pdf,https://casinocontrol.ohio.gov/about/revenue-reports,OH/screenshots/OH_2025_12_OH_2025_sports_p1.png,"MIAMI VALLEY GAMING AND RACING - MVGBET 731,258 6 56,809 10,055 32,814 6 4,394 64,394",,2026-04-08T18:43:02.152237
OH,2025-05-01,2025-05-31,monthly,MGM NORTHFIELD PARK - BETMGM,BetMGM,BetMGM,Entain/MGM Resorts,online,,4799165200,448118100,,130074000,448118100,,,,0.09337417682558626,31,False,False,OH_2025_sports.pdf,,,,6,0,https://dam.assets.ohio.gov/image/upload/v1769793329/casinocontrol.ohio.gov/revenue-reports/2025/Sports/2025_Sports_Gaming_Revenue_Report12.pdf,https://casinocontrol.ohio.gov/about/revenue-reports,OH/screenshots/OH_2025_12_OH_2025_sports_p1.png,"MGM NORTHFIELD PARK - BETMGM 4 7,991,652 43,159,451 3 51,020 1 ,300,740 4 ,481,181 4,481,181",,2026-04-08T18:43:02.152237
OH,2025-05-01,2025-05-31,monthly,JACK CLEVELAND (BETJACK),BetJACK,betJACK,JACK Entertainment,online,,614879200,32012700,,7486000,32012700,,,,0.052063397168094154,31,False,False,OH_2025_sports.pdf,,,,6,0,https://dam.assets.ohio.gov/image/upload/v1769793329/casinocontrol.ohio.gov/revenue-reports/2025/Sports/2025_Sports_Gaming_Revenue_Report12.pdf,https://casinocontrol.ohio.gov/about/revenue-reports,OH/screenshots/OH_2025_12_OH_2025_sports_p1.png,"JACK CLEVELAND (BETJACK) 6 ,148,792 5,814,007 14,658 74,860 320,127 3 20,127",,2026-04-08T18:43:02.152237
OH,2025-05-01,2025-05-31,monthly,MIAMI VALLEY GAMING AND RACING,MVGBet,MVGBet,Independent,retail,,44072200,6998300,,0,6998300,,,,0.15879170996682715,31,False,False,OH_2025_sports.pdf,,,,6,0,https://dam.assets.ohio.gov/image/upload/v1769793329/casinocontrol.ohio.gov/revenue-reports/2025/Sports/2025_Sports_Gaming_Revenue_Report12.pdf,https://casinocontrol.ohio.gov/about/revenue-reports,OH/screenshots/OH_2025_12_OH_2025_sports_p1.png,"MIAMI VALLEY GAMING AND RACING 440,722 3 68,879 1,860 - 6 9,983 69,983",,2026-04-08T18:43:02.152237
OH,2025-05-01,2025-05-31,monthly,SCIOTO DOWNS - CAESARS SPORTSBOOK,Caesars Sportsbook,Caesars,Caesars Entertainment,retail,,60607600,6884800,,0,6884800,,,,0.1135963146536078,31,False,False,OH_2025_sports.pdf,,,,6,0,https://dam.assets.ohio.gov/image/upload/v1769793329/casinocontrol.ohio.gov/revenue-reports/2025/Sports/2025_Sports_Gaming_Revenue_Report12.pdf,https://casinocontrol.ohio.gov/about/revenue-reports,OH/screenshots/OH_2025_12_OH_2025_sports_p1.png,"SCIOTO DOWNS - CAESARS SPORTSBOOK 606,076 5 33,485 3,743 - 6 8,848 68,848",,2026-04-08T18:43:02.152237
OH,2025-06-01,2025-06-30,monthly,BELTERRA PARK - FANDUEL,FanDuel,FanDuel,Flutter Entertainment,online,,19677168800,2976571800,,635781400,2976571800,,,,0.1512703290932789,30,False,False,OH_2025_sports.pdf,,,,7,0,https://dam.assets.ohio.gov/image/upload/v1769793329/casinocontrol.ohio.gov/revenue-reports/2025/Sports/2025_Sports_Gaming_Revenue_Report12.pdf,https://casinocontrol.ohio.gov/about/revenue-reports,OH/screenshots/OH_2025_12_OH_2025_sports_p1.png,"BELTERRA PARK - FANDUEL 196,771,688 1 66,395,457 6 10,513 6 ,357,814 2 9,765,718 29,765,718",,2026-04-08T18:43:02.152237
OH,2025-06-01,2025-06-30,monthly,HOLLYWOOD TOLEDO - DRAFTKINGS,DraftKings,DraftKings,DraftKings Inc,online,,17395593400,2307051000,,560048900,2307051000,,,,0.1326227250172449,30,False,False,OH_2025_sports.pdf,,,,7,0,https://dam.assets.ohio.gov/image/upload/v1769793329/casinocontrol.ohio.gov/revenue-reports/2025/Sports/2025_Sports_Gaming_Revenue_Report12.pdf,https://casinocontrol.ohio.gov/about/revenue-reports,OH/screenshots/OH_2025_12_OH_2025_sports_p1.png,"HOLLYWOOD TOLEDO - DRAFTKINGS 173,955,934 1 49,849,671 1,035,753 5 ,600,489 2 3,070,510 23,070,510",,2026-04-08T18:43:02.152237
OH,2025-06-01,2025-06-30,monthly,BELTERRA PARK - FANDUEL,FanDuel,FanDuel,Flutter Entertainment,retail,,16590700,2426100,,65000,2426100,,,,0.14623252786199498,30,False,False,OH_2025_sports.pdf,,,,7,0,https://dam.assets.ohio.gov/image/upload/v1769793329/casinocontrol.ohio.gov/revenue-reports/2025/Sports/2025_Sports_Gaming_Revenue_Report12.pdf,https://casinocontrol.ohio.gov/about/revenue-reports,OH/screenshots/OH_2025_12_OH_2025_sports_p1.png,"BELTERRA PARK - FANDUEL 165,907 1 40,171 1,475 650 2 4,261 24,261",,2026-04-08T18:43:02.152237
OH,2025-06-01,2025-06-30,monthly,SCIOTO DOWNS - CAESARS SPORTSBOOK,Caesars Sportsbook,Caesars,Caesars Entertainment,online,,2046212600,207869600,,27385200,207869600,,,,0.10158748900285337,30,False,False,OH_2025_sports.pdf,,,,7,0,https://dam.assets.ohio.gov/image/upload/v1769793329/casinocontrol.ohio.gov/revenue-reports/2025/Sports/2025_Sports_Gaming_Revenue_Report12.pdf,https://casinocontrol.ohio.gov/about/revenue-reports,OH/screenshots/OH_2025_12_OH_2025_sports_p1.png,"SCIOTO DOWNS - CAESARS SPORTSBOOK 2 0,462,126 18,242,734 1 40,696 273,852 2 ,078,696 2,078,696",,2026-04-08T18:43:02.152237
OH,2025-06-01,2025-06-30,monthly,MIAMI VALLEY GAMING AND RACING - MVGBET,MVGBet,MVGBet,Independent,online,,67798600,7695200,,7999700,7695200,,,,0.1135008687495022,30,False,False,OH_2025_sports.pdf,,,,7,0,https://dam.assets.ohio.gov/image/upload/v1769793329/casinocontrol.ohio.gov/revenue-reports/2025/Sports/2025_Sports_Gaming_Revenue_Report12.pdf,https://casinocontrol.ohio.gov/about/revenue-reports,OH/screenshots/OH_2025_12_OH_2025_sports_p1.png,"MIAMI VALLEY GAMING AND RACING - MVGBET 677,986 5 92,992 8,042 79,997 7 6,952 76,952",,2026-04-08T18:43:02.152237
OH,2025-06-01,2025-06-30,monthly,MGM NORTHFIELD PARK - BETMGM,BetMGM,BetMGM,Entain/MGM Resorts,online,,4015034100,528752400,,92280700,528752400,,,,0.13169312808576147,30,False,False,OH_2025_sports.pdf,,,,7,0,https://dam.assets.ohio.gov/image/upload/v1769793329/casinocontrol.ohio.gov/revenue-reports/2025/Sports/2025_Sports_Gaming_Revenue_Report12.pdf,https://casinocontrol.ohio.gov/about/revenue-reports,OH/screenshots/OH_2025_12_OH_2025_sports_p1.png,"MGM NORTHFIELD PARK - BETMGM 4 0,150,341 34,643,930 2 18,887 922,807 5 ,287,524 5,287,524",,2026-04-08T18:43:02.152237
OH,2025-06-01,2025-06-30,monthly,JACK CLEVELAND (BETJACK),BetJACK,betJACK,JACK Entertainment,online,,466308800,22018600,,7220000,22018600,,,,0.047218924455210795,30,False,False,OH_2025_sports.pdf,,,,7,0,https://dam.assets.ohio.gov/image/upload/v1769793329/casinocontrol.ohio.gov/revenue-reports/2025/Sports/2025_Sports_Gaming_Revenue_Report12.pdf,https://casinocontrol.ohio.gov/about/revenue-reports,OH/screenshots/OH_2025_12_OH_2025_sports_p1.png,"JACK CLEVELAND (BETJACK) 4 ,663,088 4,434,295 8,607 72,200 220,186 2 20,186",,2026-04-08T18:43:02.152237
OH,2025-06-01,2025-06-30,monthly,"HOLLYWOOD GAMING AT DAYTON RACEWAY - RSI OH, LLC",BetRivers,BetRivers,Rush Street Interactive,online,,428287900,23632200,,5551100,23632200,,,,0.05517830412673344,30,False,False,OH_2025_sports.pdf,,,,7,0,https://dam.assets.ohio.gov/image/upload/v1769793329/casinocontrol.ohio.gov/revenue-reports/2025/Sports/2025_Sports_Gaming_Revenue_Report12.pdf,https://casinocontrol.ohio.gov/about/revenue-reports,OH/screenshots/OH_2025_12_OH_2025_sports_p1.png,"HOLLYWOOD GAMING AT DAYTON RACEWAY - RSI OH, LLC 4 ,282,879 4,030,143 16,414 55,511 236,322 2 36,322",,2026-04-08T18:43:02.152237
OH,2025-06-01,2025-06-30,monthly,CLEVELAND BROWNS - BALLY'S INTERACTIVE,Bally Bet,Bally Bet,Bally's Corporation,online,,210593600,11154700,,5167700,11154700,,,,0.05296789646029129,30,False,False,OH_2025_sports.pdf,,,,7,0,https://dam.assets.ohio.gov/image/upload/v1769793329/casinocontrol.ohio.gov/revenue-reports/2025/Sports/2025_Sports_Gaming_Revenue_Report12.pdf,https://casinocontrol.ohio.gov/about/revenue-reports,OH/screenshots/OH_2025_12_OH_2025_sports_p1.png,"CLEVELAND BROWNS - BALLY'S INTERACTIVE 2 ,105,936 1,959,364 35,025 51,677 111,547 1 11,547",,2026-04-08T18:43:02.152237
OH,2025-06-01,2025-06-30,monthly,HOLLYWOOD COLUMBUS - PENN INTERACTIVE (ESPN BET),ESPN BET,ESPN Bet,PENN Entertainment,online,,1809412800,271608500,,58757400,271608500,,,,0.15010864298075044,30,False,False,OH_2025_sports.pdf,,,,7,0,https://dam.assets.ohio.gov/image/upload/v1769793329/casinocontrol.ohio.gov/revenue-reports/2025/Sports/2025_Sports_Gaming_Revenue_Report12.pdf,https://casinocontrol.ohio.gov/about/revenue-reports,OH/screenshots/OH_2025_12_OH_2025_sports_p1.png,"HOLLYWOOD COLUMBUS - PENN INTERACTIVE (ESPN BET) 1 8,094,128 15,359,096 18,947 587,574 2 ,716,085 2,716,085",,2026-04-08T18:43:02.152237
OH,2025-06-01,2025-06-30,monthly,HOF VILLAGE - BETR,Betr,Betr,Betr,online,,27250700,1841400,,76500,1841400,,,,0.06757257611731075,30,False,False,OH_2025_sports.pdf,,,,7,0,https://dam.assets.ohio.gov/image/upload/v1769793329/casinocontrol.ohio.gov/revenue-reports/2025/Sports/2025_Sports_Gaming_Revenue_Report12.pdf,https://casinocontrol.ohio.gov/about/revenue-reports,OH/screenshots/OH_2025_12_OH_2025_sports_p1.png,"HOF VILLAGE - BETR 272,507 2 52,093 2,000 765 1 8,414 18,414",,2026-04-08T18:43:02.152237
OH,2025-06-01,2025-06-30,monthly,HARD ROCK CINCINNATI - SEMINOLE HARD ROCK DIGITAL,Hard Rock Bet,Hard Rock Bet,Seminole Tribe / Hard Rock Digital,online,,1370794400,184470000,,59534300,184470000,,,,0.1345716031521576,30,False,False,OH_2025_sports.pdf,,,,7,0,https://dam.assets.ohio.gov/image/upload/v1769793329/casinocontrol.ohio.gov/revenue-reports/2025/Sports/2025_Sports_Gaming_Revenue_Report12.pdf,https://casinocontrol.ohio.gov/about/revenue-reports,OH/screenshots/OH_2025_12_OH_2025_sports_p1.png,"HARD ROCK CINCINNATI - SEMINOLE HARD ROCK DIGITAL 1 3,707,944 11,771,814 91,430 595,343 1 ,844,700 1,844,700",,2026-04-08T18:43:02.152237
OH,2025-06-01,2025-06-30,monthly,"GENEVA SPORTS, LLC - PRIME SPORTS",Prime Sports,Prime Sports,Independent,online,,488176000,-48414300,,10351900,0,,,,-0.09917386352463047,30,False,False,OH_2025_sports.pdf,,,,7,0,https://dam.assets.ohio.gov/image/upload/v1769793329/casinocontrol.ohio.gov/revenue-reports/2025/Sports/2025_Sports_Gaming_Revenue_Report12.pdf,https://casinocontrol.ohio.gov/about/revenue-reports,OH/screenshots/OH_2025_12_OH_2025_sports_p1.png,"GENEVA SPORTS, LLC - PRIME SPORTS 4 ,881,760 5,351,399 14,504 103,519 ( 484,143) -",,2026-04-08T18:43:02.152237
OH,2025-06-01,2025-06-30,monthly,COLUMBUS BLUE JACKETS - FANATICS,Fanatics,Fanatics,Fanatics Inc,online,,2972557600,420965800,,145015000,420965800,,,,0.14161737353718562,30,False,False,OH_2025_sports.pdf,,,,7,0,https://dam.assets.ohio.gov/image/upload/v1769793329/casinocontrol.ohio.gov/revenue-reports/2025/Sports/2025_Sports_Gaming_Revenue_Report12.pdf,https://casinocontrol.ohio.gov/about/revenue-reports,OH/screenshots/OH_2025_12_OH_2025_sports_p1.png,"COLUMBUS BLUE JACKETS - FANATICS 2 9,725,576 25,401,774 1 14,144 1 ,450,150 4 ,209,658 4,209,658",,2026-04-08T18:43:02.152237
OH,2025-06-01,2025-06-30,monthly,CLEVELAND GUARDIANS - BET365,bet365,bet365,bet365 Group,online,,5767828000,595904200,,119163500,595904200,,,,0.10331518207547104,30,False,False,OH_2025_sports.pdf,,,,7,0,https://dam.assets.ohio.gov/image/upload/v1769793329/casinocontrol.ohio.gov/revenue-reports/2025/Sports/2025_Sports_Gaming_Revenue_Report12.pdf,https://casinocontrol.ohio.gov/about/revenue-reports,OH/screenshots/OH_2025_12_OH_2025_sports_p1.png,"CLEVELAND GUARDIANS - BET365 5 7,678,280 49,871,512 1,847,726 1 ,191,635 5 ,959,042 5,959,042",,2026-04-08T18:43:02.152237
OH,2025-05-01,2025-05-31,monthly,HOLLYWOOD TOLEDO - DRAFTKINGS,DraftKings,DraftKings,DraftKings Inc,online,,22522605400,2763358700,,660572900,2763358700,,,,0.12269267480040298,31,False,False,OH_2025_sports.pdf,,,,6,0,https://dam.assets.ohio.gov/image/upload/v1769793329/casinocontrol.ohio.gov/revenue-reports/2025/Sports/2025_Sports_Gaming_Revenue_Report12.pdf,https://casinocontrol.ohio.gov/about/revenue-reports,OH/screenshots/OH_2025_12_OH_2025_sports_p1.png,"HOLLYWOOD TOLEDO - DRAFTKINGS 225,226,054 1 96,214,392 1,378,075 6 ,605,729 2 7,633,587 27,633,587",,2026-04-08T18:43:02.152237
OH,2025-05-01,2025-05-31,monthly,HOLLYWOOD COLUMBUS - PENN INTERACTIVE (ESPN BET),ESPN BET,ESPN Bet,PENN Entertainment,online,,2498947800,290087900,,129394300,290087900,,,,0.11608401744126068,31,False,False,OH_2025_sports.pdf,,,,6,0,https://dam.assets.ohio.gov/image/upload/v1769793329/casinocontrol.ohio.gov/revenue-reports/2025/Sports/2025_Sports_Gaming_Revenue_Report12.pdf,https://casinocontrol.ohio.gov/about/revenue-reports,OH/screenshots/OH_2025_12_OH_2025_sports_p1.png,"HOLLYWOOD COLUMBUS - PENN INTERACTIVE (ESPN BET) 2 4,989,478 22,034,677 53,922 1 ,293,943 2 ,900,879 2,900,879",,2026-04-08T18:43:02.152237
OH,2025-06-01,2025-06-30,monthly,HARD ROCK CINCINNATI - SEMINOLE HARD ROCK DIGITAL,Hard Rock Bet,Hard Rock Bet,Seminole Tribe / Hard Rock Digital,retail,,71304800,19466000,,0,19466000,,,,0.2729970492870045,30,False,False,OH_2025_sports.pdf,,,,7,0,https://dam.assets.ohio.gov/image/upload/v1769793329/casinocontrol.ohio.gov/revenue-reports/2025/Sports/2025_Sports_Gaming_Revenue_Report12.pdf,https://casinocontrol.ohio.gov/about/revenue-reports,OH/screenshots/OH_2025_12_OH_2025_sports_p1.png,"HARD ROCK CINCINNATI - SEMINOLE HARD ROCK DIGITAL 713,048 4 90,956 27,432 - 194,660 1 94,660",,2026-04-08T18:43:02.152237
OH,2025-05-01,2025-05-31,monthly,HOF VILLAGE - BETR,Betr,Betr,Betr,online,,30154000,1644900,,683900,1644900,,,,0.054549976785832725,31,False,False,OH_2025_sports.pdf,,,,6,0,https://dam.assets.ohio.gov/image/upload/v1769793329/casinocontrol.ohio.gov/revenue-reports/2025/Sports/2025_Sports_Gaming_Revenue_Report12.pdf,https://casinocontrol.ohio.gov/about/revenue-reports,OH/screenshots/OH_2025_12_OH_2025_sports_p1.png,"HOF VILLAGE - BETR 301,540 2 82,737 2,354 6 ,839 1 6,449 16,449",,2026-04-08T18:43:02.152237
OH,2025-04-01,2025-04-30,monthly,BELTERRA PARK - FANDUEL,FanDuel,FanDuel,Flutter Entertainment,retail,,13999700,-2098400,,60000,0,,,,-0.14988892619127553,30,False,False,OH_2025_sports.pdf,,,,5,0,https://dam.assets.ohio.gov/image/upload/v1769793329/casinocontrol.ohio.gov/revenue-reports/2025/Sports/2025_Sports_Gaming_Revenue_Report12.pdf,https://casinocontrol.ohio.gov/about/revenue-reports,OH/screenshots/OH_2025_12_OH_2025_sports_p1.png,"BELTERRA PARK - FANDUEL 139,997 1 59,500 1,481 600 (20,984) -",,2026-04-08T18:43:02.152237
OH,2025-04-01,2025-04-30,monthly,SCIOTO DOWNS - CAESARS SPORTSBOOK,Caesars Sportsbook,Caesars,Caesars Entertainment,online,,3249234700,208982700,,86944100,208982700,,,,0.06431751452118864,30,False,False,OH_2025_sports.pdf,,,,5,0,https://dam.assets.ohio.gov/image/upload/v1769793329/casinocontrol.ohio.gov/revenue-reports/2025/Sports/2025_Sports_Gaming_Revenue_Report12.pdf,https://casinocontrol.ohio.gov/about/revenue-reports,OH/screenshots/OH_2025_12_OH_2025_sports_p1.png,"SCIOTO DOWNS - CAESARS SPORTSBOOK 3 2,492,347 30,087,273 3 15,247 869,441 2 ,089,827 2,089,827",,2026-04-08T18:43:02.152237
OH,2025-04-01,2025-04-30,monthly,MIAMI VALLEY GAMING AND RACING - MVGBET,MVGBet,MVGBet,Independent,online,,53111300,-16725900,,4517000,0,,,,-0.31492168333292536,30,False,False,OH_2025_sports.pdf,,,,5,0,https://dam.assets.ohio.gov/image/upload/v1769793329/casinocontrol.ohio.gov/revenue-reports/2025/Sports/2025_Sports_Gaming_Revenue_Report12.pdf,https://casinocontrol.ohio.gov/about/revenue-reports,OH/screenshots/OH_2025_12_OH_2025_sports_p1.png,"MIAMI VALLEY GAMING AND RACING - MVGBET 531,113 6 88,280 10,092 45,170 ( 167,259) -",,2026-04-08T18:43:02.152237
OH,2025-04-01,2025-04-30,monthly,MGM NORTHFIELD PARK - BETMGM,BetMGM,BetMGM,Entain/MGM Resorts,online,,5322698100,367795000,,123486800,367795000,,,,0.06909935395358982,30,False,False,OH_2025_sports.pdf,,,,5,0,https://dam.assets.ohio.gov/image/upload/v1769793329/casinocontrol.ohio.gov/revenue-reports/2025/Sports/2025_Sports_Gaming_Revenue_Report12.pdf,https://casinocontrol.ohio.gov/about/revenue-reports,OH/screenshots/OH_2025_12_OH_2025_sports_p1.png,"MGM NORTHFIELD PARK - BETMGM 5 3,226,981 49,178,033 3 70,998 1 ,234,868 3 ,677,950 3,677,950",,2026-04-08T18:43:02.152237
OH,2025-04-01,2025-04-30,monthly,JACK CLEVELAND (BETJACK),BetJACK,betJACK,JACK Entertainment,online,,569103400,37331000,,7035300,37331000,,,,0.06559616407141479,30,False,False,OH_2025_sports.pdf,,,,5,0,https://dam.assets.ohio.gov/image/upload/v1769793329/casinocontrol.ohio.gov/revenue-reports/2025/Sports/2025_Sports_Gaming_Revenue_Report12.pdf,https://casinocontrol.ohio.gov/about/revenue-reports,OH/screenshots/OH_2025_12_OH_2025_sports_p1.png,"JACK CLEVELAND (BETJACK) 5 ,691,034 5,301,634 16,090 70,353 373,310 3 73,310",,2026-04-08T18:43:02.152237
OH,2025-04-01,2025-04-30,monthly,HOLLYWOOD TOLEDO - DRAFTKINGS,DraftKings,DraftKings,DraftKings Inc,online,,24857305500,2308546900,,850673700,2308546900,,,,0.09287196876588252,30,False,False,OH_2025_sports.pdf,,,,5,0,https://dam.assets.ohio.gov/image/upload/v1769793329/casinocontrol.ohio.gov/revenue-reports/2025/Sports/2025_Sports_Gaming_Revenue_Report12.pdf,https://casinocontrol.ohio.gov/about/revenue-reports,OH/screenshots/OH_2025_12_OH_2025_sports_p1.png,"HOLLYWOOD TOLEDO - DRAFTKINGS 248,573,055 2 23,779,304 1,708,282 8 ,506,737 2 3,085,469 23,085,469",,2026-04-08T18:43:02.152237
OH,2025-04-01,2025-04-30,monthly,"HOLLYWOOD GAMING AT DAYTON RACEWAY - RSI OH, LLC",BetRivers,BetRivers,Rush Street Interactive,online,,496799400,39182800,,8461400,39182800,,,,0.07887046562455591,30,False,False,OH_2025_sports.pdf,,,,5,0,https://dam.assets.ohio.gov/image/upload/v1769793329/casinocontrol.ohio.gov/revenue-reports/2025/Sports/2025_Sports_Gaming_Revenue_Report12.pdf,https://casinocontrol.ohio.gov/about/revenue-reports,OH/screenshots/OH_2025_12_OH_2025_sports_p1.png,"HOLLYWOOD GAMING AT DAYTON RACEWAY - RSI OH, LLC 4 ,967,994 4,559,761 16,405 84,614 391,828 3 91,828",,2026-04-08T18:43:02.152237
OH,2025-04-01,2025-04-30,monthly,HOLLYWOOD COLUMBUS - PENN INTERACTIVE (ESPN BET),ESPN BET,ESPN Bet,PENN Entertainment,online,,2400260600,216779300,,134846200,216779300,,,,0.09031490164026357,30,False,False,OH_2025_sports.pdf,,,,5,0,https://dam.assets.ohio.gov/image/upload/v1769793329/casinocontrol.ohio.gov/revenue-reports/2025/Sports/2025_Sports_Gaming_Revenue_Report12.pdf,https://casinocontrol.ohio.gov/about/revenue-reports,OH/screenshots/OH_2025_12_OH_2025_sports_p1.png,"HOLLYWOOD COLUMBUS - PENN INTERACTIVE (ESPN BET) 2 4,002,606 21,793,015 41,798 1 ,348,462 2 ,167,793 2,167,793",,2026-04-08T18:43:02.152237
OH,2025-04-01,2025-04-30,monthly,HOF VILLAGE - BETR,Betr,Betr,Betr,online,,77705700,7556300,,752900,7556300,,,,0.09724254462671336,30,False,False,OH_2025_sports.pdf,,,,5,0,https://dam.assets.ohio.gov/image/upload/v1769793329/casinocontrol.ohio.gov/revenue-reports/2025/Sports/2025_Sports_Gaming_Revenue_Report12.pdf,https://casinocontrol.ohio.gov/about/revenue-reports,OH/screenshots/OH_2025_12_OH_2025_sports_p1.png,"HOF VILLAGE - BETR 777,057 6 94,791 6,703 7 ,529 7 5,563 75,563",,2026-04-08T18:43:02.152237
OH,2025-04-01,2025-04-30,monthly,HARD ROCK CINCINNATI - SEMINOLE HARD ROCK DIGITAL,Hard Rock Bet,Hard Rock Bet,Seminole Tribe / Hard Rock Digital,online,,1606440700,155750700,,25292200,155750700,,,,0.09695390561257568,30,False,False,OH_2025_sports.pdf,,,,5,0,https://dam.assets.ohio.gov/image/upload/v1769793329/casinocontrol.ohio.gov/revenue-reports/2025/Sports/2025_Sports_Gaming_Revenue_Report12.pdf,https://casinocontrol.ohio.gov/about/revenue-reports,OH/screenshots/OH_2025_12_OH_2025_sports_p1.png,"HARD ROCK CINCINNATI - SEMINOLE HARD ROCK DIGITAL 1 6,064,407 14,382,942 1 23,958 252,922 1 ,557,507 1,557,507",,2026-04-08T18:43:02.152237
OH,2025-04-01,2025-04-30,monthly,"GENEVA SPORTS, LLC - PRIME SPORTS",Prime Sports,Prime Sports,Independent,online,,1057565800,-9234400,,19721600,0,,,,-0.008731749835329395,30,False,False,OH_2025_sports.pdf,,,,5,0,https://dam.assets.ohio.gov/image/upload/v1769793329/casinocontrol.ohio.gov/revenue-reports/2025/Sports/2025_Sports_Gaming_Revenue_Report12.pdf,https://casinocontrol.ohio.gov/about/revenue-reports,OH/screenshots/OH_2025_12_OH_2025_sports_p1.png,"GENEVA SPORTS, LLC - PRIME SPORTS 1 0,575,658 10,628,485 39,517 197,216 (92,344) -",,2026-04-08T18:43:02.152237
OH,2025-04-01,2025-04-30,monthly,COLUMBUS BLUE JACKETS - FANATICS,Fanatics,Fanatics,Fanatics Inc,online,,4633745400,458921400,,228642000,458921400,,,,0.09903897611638308,30,False,False,OH_2025_sports.pdf,,,,5,0,https://dam.assets.ohio.gov/image/upload/v1769793329/casinocontrol.ohio.gov/revenue-reports/2025/Sports/2025_Sports_Gaming_Revenue_Report12.pdf,https://casinocontrol.ohio.gov/about/revenue-reports,OH/screenshots/OH_2025_12_OH_2025_sports_p1.png,"COLUMBUS BLUE JACKETS - FANATICS 4 6,337,454 41,584,864 1 63,376 2 ,286,420 4 ,589,214 4,589,214",,2026-04-08T18:43:02.152237
OH,2025-04-01,2025-04-30,monthly,CLEVELAND GUARDIANS - BET365,bet365,bet365,bet365 Group,online,,7715800600,631132500,,128846100,631132500,,,,0.08179740933170306,30,False,False,OH_2025_sports.pdf,,,,5,0,https://dam.assets.ohio.gov/image/upload/v1769793329/casinocontrol.ohio.gov/revenue-reports/2025/Sports/2025_Sports_Gaming_Revenue_Report12.pdf,https://casinocontrol.ohio.gov/about/revenue-reports,OH/screenshots/OH_2025_12_OH_2025_sports_p1.png,"CLEVELAND GUARDIANS - BET365 7 7,158,006 67,986,760 2,859,921 1 ,288,461 6 ,311,325 6,311,325",,2026-04-08T18:43:02.152237
OH,2025-04-01,2025-04-30,monthly,CLEVELAND BROWNS - BALLY'S INTERACTIVE,Bally Bet,Bally Bet,Bally's Corporation,online,,261902500,11659200,,5738800,11659200,,,,0.04451732992239479,30,False,False,OH_2025_sports.pdf,,,,5,0,https://dam.assets.ohio.gov/image/upload/v1769793329/casinocontrol.ohio.gov/revenue-reports/2025/Sports/2025_Sports_Gaming_Revenue_Report12.pdf,https://casinocontrol.ohio.gov/about/revenue-reports,OH/screenshots/OH_2025_12_OH_2025_sports_p1.png,"CLEVELAND BROWNS - BALLY'S INTERACTIVE 2 ,619,025 2,462,385 40,048 57,388 116,592 1 16,592",,2026-04-08T18:43:02.152237
OH,2025-04-01,2025-04-30,monthly,BELTERRA PARK - FANDUEL,FanDuel,FanDuel,Flutter Entertainment,online,,27174556600,2987564100,,803945300,2987564100,,,,0.10993975518997061,30,False,False,OH_2025_sports.pdf,,,,5,0,https://dam.assets.ohio.gov/image/upload/v1769793329/casinocontrol.ohio.gov/revenue-reports/2025/Sports/2025_Sports_Gaming_Revenue_Report12.pdf,https://casinocontrol.ohio.gov/about/revenue-reports,OH/screenshots/OH_2025_12_OH_2025_sports_p1.png,"BELTERRA PARK - FANDUEL 271,745,566 2 40,777,756 1,092,169 8 ,039,453 2 9,875,641 29,875,641",,2026-04-08T18:43:02.152237
OH,2025-04-01,2025-04-30,monthly,COLUMBUS BLUE JACKETS - FANATICS,Fanatics,Fanatics,Fanatics Inc,retail,,24203500,2605700,,0,2605700,,,,0.10765798334951557,30,False,False,OH_2025_sports.pdf,,,,5,0,https://dam.assets.ohio.gov/image/upload/v1769793329/casinocontrol.ohio.gov/revenue-reports/2025/Sports/2025_Sports_Gaming_Revenue_Report12.pdf,https://casinocontrol.ohio.gov/about/revenue-reports,OH/screenshots/OH_2025_12_OH_2025_sports_p1.png,"COLUMBUS BLUE JACKETS - FANATICS 242,035 2 14,233 1,745 - 2 6,057 26,057",,2026-04-08T18:43:02.152237
OH,2025-04-01,2025-04-30,monthly,HARD ROCK CINCINNATI - SEMINOLE HARD ROCK DIGITAL,Hard Rock Bet,Hard Rock Bet,Seminole Tribe / Hard Rock Digital,retail,,100864600,16819300,,0,16819300,,,,0.16675126853227,30,False,False,OH_2025_sports.pdf,,,,5,0,https://dam.assets.ohio.gov/image/upload/v1769793329/casinocontrol.ohio.gov/revenue-reports/2025/Sports/2025_Sports_Gaming_Revenue_Report12.pdf,https://casinocontrol.ohio.gov/about/revenue-reports,OH/screenshots/OH_2025_12_OH_2025_sports_p1.png,"HARD ROCK CINCINNATI - SEMINOLE HARD ROCK DIGITAL 1 ,008,646 8 34,100 6,353 - 168,193 1 68,193",,2026-04-08T18:43:02.152237
OH,2025-04-01,2025-04-30,monthly,SCIOTO DOWNS - CAESARS SPORTSBOOK,Caesars Sportsbook,Caesars,Caesars Entertainment,retail,,35663100,-1176100,,0,0,,,,-0.03297806416155634,30,False,False,OH_2025_sports.pdf,,,,5,0,https://dam.assets.ohio.gov/image/upload/v1769793329/casinocontrol.ohio.gov/revenue-reports/2025/Sports/2025_Sports_Gaming_Revenue_Report12.pdf,https://casinocontrol.ohio.gov/about/revenue-reports,OH/screenshots/OH_2025_12_OH_2025_sports_p1.png,"SCIOTO DOWNS - CAESARS SPORTSBOOK 356,631 3 64,266 4,126 - (11,761) -",,2026-04-08T18:43:02.152237
OH,2025-05-01,2025-05-31,monthly,HARD ROCK CINCINNATI - SEMINOLE HARD ROCK DIGITAL,Hard Rock Bet,Hard Rock Bet,Seminole Tribe / Hard Rock Digital,online,,2043896500,61603600,,15518000,61603600,,,,0.030140273736952924,31,False,False,OH_2025_sports.pdf,,,,6,0,https://dam.assets.ohio.gov/image/upload/v1769793329/casinocontrol.ohio.gov/revenue-reports/2025/Sports/2025_Sports_Gaming_Revenue_Report12.pdf,https://casinocontrol.ohio.gov/about/revenue-reports,OH/screenshots/OH_2025_12_OH_2025_sports_p1.png,"HARD ROCK CINCINNATI - SEMINOLE HARD ROCK DIGITAL 2 0,438,965 19,693,586 1 29,343 155,180 616,036 6 16,036",,2026-04-08T18:43:02.152237
OH,2025-05-01,2025-05-31,monthly,"GENEVA SPORTS, LLC - PRIME SPORTS",Prime Sports,Prime Sports,Independent,online,,558520600,108690800,,6454600,108690800,,,,0.1946048185151989,31,False,False,OH_2025_sports.pdf,,,,6,0,https://dam.assets.ohio.gov/image/upload/v1769793329/casinocontrol.ohio.gov/revenue-reports/2025/Sports/2025_Sports_Gaming_Revenue_Report12.pdf,https://casinocontrol.ohio.gov/about/revenue-reports,OH/screenshots/OH_2025_12_OH_2025_sports_p1.png,"GENEVA SPORTS, LLC - PRIME SPORTS 5 ,585,206 4,480,094 18,204 64,546 1 ,086,908 1,086,908",,2026-04-08T18:43:02.152237
OH,2025-05-01,2025-05-31,monthly,COLUMBUS BLUE JACKETS - FANATICS,Fanatics,Fanatics,Fanatics Inc,online,,4141150800,498191600,,213403700,498191600,,,,0.1203026946036353,31,False,False,OH_2025_sports.pdf,,,,6,0,https://dam.assets.ohio.gov/image/upload/v1769793329/casinocontrol.ohio.gov/revenue-reports/2025/Sports/2025_Sports_Gaming_Revenue_Report12.pdf,https://casinocontrol.ohio.gov/about/revenue-reports,OH/screenshots/OH_2025_12_OH_2025_sports_p1.png,"COLUMBUS BLUE JACKETS - FANATICS 4 1,411,508 36,274,336 1 55,256 2 ,134,037 4 ,981,916 4,981,916",,2026-04-08T18:43:02.152237
OH,2025-05-01,2025-05-31,monthly,CLEVELAND GUARDIANS - BET365,bet365,bet365,bet365 Group,online,,6878763200,648031400,,134068900,648031400,,,,0.0942075459146493,31,False,False,OH_2025_sports.pdf,,,,6,0,https://dam.assets.ohio.gov/image/upload/v1769793329/casinocontrol.ohio.gov/revenue-reports/2025/Sports/2025_Sports_Gaming_Revenue_Report12.pdf,https://casinocontrol.ohio.gov/about/revenue-reports,OH/screenshots/OH_2025_12_OH_2025_sports_p1.png,"CLEVELAND GUARDIANS - BET365 6 8,787,632 59,891,217 2,416,101 1 ,340,689 6 ,480,314 6,480,314",,2026-04-08T18:43:02.152237
OH,2025-05-01,2025-05-31,monthly,CLEVELAND BROWNS - BALLY'S INTERACTIVE,Bally Bet,Bally Bet,Bally's Corporation,online,,244877700,21969200,,4822500,21969200,,,,0.08971498833907701,31,False,False,OH_2025_sports.pdf,,,,6,0,https://dam.assets.ohio.gov/image/upload/v1769793329/casinocontrol.ohio.gov/revenue-reports/2025/Sports/2025_Sports_Gaming_Revenue_Report12.pdf,https://casinocontrol.ohio.gov/about/revenue-reports,OH/screenshots/OH_2025_12_OH_2025_sports_p1.png,"CLEVELAND BROWNS - BALLY'S INTERACTIVE 2 ,448,777 2,195,710 33,375 48,225 219,692 2 19,692",,2026-04-08T18:43:02.152237
OH,2025-05-01,2025-05-31,monthly,BELTERRA PARK - FANDUEL,FanDuel,FanDuel,Flutter Entertainment,online,,25128252900,3604549200,,747346700,3604549200,,,,0.1434460730057361,31,False,False,OH_2025_sports.pdf,,,,6,0,https://dam.assets.ohio.gov/image/upload/v1769793329/casinocontrol.ohio.gov/revenue-reports/2025/Sports/2025_Sports_Gaming_Revenue_Report12.pdf,https://casinocontrol.ohio.gov/about/revenue-reports,OH/screenshots/OH_2025_12_OH_2025_sports_p1.png,"BELTERRA PARK - FANDUEL 251,282,529 2 14,413,020 8 24,017 7 ,473,467 3 6,045,492 36,045,492",,2026-04-08T18:43:02.152237
OH,2025-04-01,2025-04-30,monthly,MIAMI VALLEY GAMING AND RACING,MVGBet,MVGBet,Independent,retail,,39186500,1407600,,0,1407600,,,,0.035920533857323314,30,False,False,OH_2025_sports.pdf,,,,5,0,https://dam.assets.ohio.gov/image/upload/v1769793329/casinocontrol.ohio.gov/revenue-reports/2025/Sports/2025_Sports_Gaming_Revenue_Report12.pdf,https://casinocontrol.ohio.gov/about/revenue-reports,OH/screenshots/OH_2025_12_OH_2025_sports_p1.png,"MIAMI VALLEY GAMING AND RACING 391,865 3 75,626 2,163 - 1 4,076 14,076",,2026-04-08T18:43:02.152237
OH,2025-04-01,2025-04-30,monthly,HOLLYWOOD COLUMBUS,Hollywood Columbus,ESPN Bet,PENN Entertainment,retail,,235536800,14901300,,0,14901300,,,,0.06326527319722439,30,False,False,OH_2025_sports.pdf,,,,5,0,https://dam.assets.ohio.gov/image/upload/v1769793329/casinocontrol.ohio.gov/revenue-reports/2025/Sports/2025_Sports_Gaming_Revenue_Report12.pdf,https://casinocontrol.ohio.gov/about/revenue-reports,OH/screenshots/OH_2025_12_OH_2025_sports_p1.png,"HOLLYWOOD COLUMBUS 2 ,355,368 2,200,816 5,539 - 149,013 1 49,013",,2026-04-08T18:43:02.152237
OH,2025-04-01,2025-04-30,monthly,MGM NORTHFIELD PARK - BETMGM,BetMGM,BetMGM,Entain/MGM Resorts,retail,,189746200,4013300,,0,4013300,,,,0.021150884708099556,30,False,False,OH_2025_sports.pdf,,,,5,0,https://dam.assets.ohio.gov/image/upload/v1769793329/casinocontrol.ohio.gov/revenue-reports/2025/Sports/2025_Sports_Gaming_Revenue_Report12.pdf,https://casinocontrol.ohio.gov/about/revenue-reports,OH/screenshots/OH_2025_12_OH_2025_sports_p1.png,"MGM NORTHFIELD PARK - BETMGM 1 ,897,462 1,830,577 26,752 - 4 0,133 40,133",,2026-04-08T18:43:02.152237
OH,2025-04-01,2025-04-30,monthly,JACK THISTLEDOWN - BETJACK,betJACK,betJACK,JACK Entertainment,retail,,157320800,12839600,,0,12839600,,,,0.08161412858312442,30,False,False,OH_2025_sports.pdf,,,,5,0,https://dam.assets.ohio.gov/image/upload/v1769793329/casinocontrol.ohio.gov/revenue-reports/2025/Sports/2025_Sports_Gaming_Revenue_Report12.pdf,https://casinocontrol.ohio.gov/about/revenue-reports,OH/screenshots/OH_2025_12_OH_2025_sports_p1.png,"JACK THISTLEDOWN - BETJACK 1 ,573,208 1,419,448 25,364 - 128,396 1 28,396",,2026-04-08T18:43:02.152237
OH,2025-04-01,2025-04-30,monthly,JACK CLEVELAND - BETJACK,BetJACK,betJACK,JACK Entertainment,retail,,160566900,6355900,,0,6355900,,,,0.039584123502415504,30,False,False,OH_2025_sports.pdf,,,,5,0,https://dam.assets.ohio.gov/image/upload/v1769793329/casinocontrol.ohio.gov/revenue-reports/2025/Sports/2025_Sports_Gaming_Revenue_Report12.pdf,https://casinocontrol.ohio.gov/about/revenue-reports,OH/screenshots/OH_2025_12_OH_2025_sports_p1.png,"JACK CLEVELAND - BETJACK 1 ,605,669 1,533,980 8,130 - 6 3,559 63,559",,2026-04-08T18:43:02.152237
OH,2025-04-01,2025-04-30,monthly,HOLLYWOOD TOLEDO,Hollywood Toledo,ESPN Bet,PENN Entertainment,retail,,79505300,8392300,,0,8392300,,,,0.10555648491358438,30,False,False,OH_2025_sports.pdf,,,,5,0,https://dam.assets.ohio.gov/image/upload/v1769793329/casinocontrol.ohio.gov/revenue-reports/2025/Sports/2025_Sports_Gaming_Revenue_Report12.pdf,https://casinocontrol.ohio.gov/about/revenue-reports,OH/screenshots/OH_2025_12_OH_2025_sports_p1.png,"HOLLYWOOD TOLEDO 795,053 7 05,033 6,097 - 8 3,923 83,923",,2026-04-08T18:43:02.152237
OH,2025-04-01,2025-04-30,monthly,HOLLYWOOD GAMING AT MAHONING VALLEY,Hollywood Mahoning Valley,ESPN Bet,PENN Entertainment,retail,,97968600,-4441900,,0,0,,,,-0.04534003752222651,30,False,False,OH_2025_sports.pdf,,,,5,0,https://dam.assets.ohio.gov/image/upload/v1769793329/casinocontrol.ohio.gov/revenue-reports/2025/Sports/2025_Sports_Gaming_Revenue_Report12.pdf,https://casinocontrol.ohio.gov/about/revenue-reports,OH/screenshots/OH_2025_12_OH_2025_sports_p1.png,"HOLLYWOOD GAMING AT MAHONING VALLEY 979,686 1,014,244 9,861 - (44,419) -",,2026-04-08T18:43:02.152237
OH,2025-04-01,2025-04-30,monthly,HOLLYWOOD GAMING AT DAYTON RACEWAY,Hollywood Dayton,ESPN Bet,PENN Entertainment,retail,,77546900,2770100,,0,2770100,,,,0.03572160847177643,30,False,False,OH_2025_sports.pdf,,,,5,0,https://dam.assets.ohio.gov/image/upload/v1769793329/casinocontrol.ohio.gov/revenue-reports/2025/Sports/2025_Sports_Gaming_Revenue_Report12.pdf,https://casinocontrol.ohio.gov/about/revenue-reports,OH/screenshots/OH_2025_12_OH_2025_sports_p1.png,"HOLLYWOOD GAMING AT DAYTON RACEWAY 775,469 7 45,542 2,226 - 2 7,701 27,701",,2026-04-08T18:43:02.152237
OH,2025-06-01,2025-06-30,monthly,COLUMBUS BLUE JACKETS - FANATICS,Fanatics,Fanatics,Fanatics Inc,retail,,14541400,-287700,,0,0,,,,-0.01978489003809812,30,False,False,OH_2025_sports.pdf,,,,7,0,https://dam.assets.ohio.gov/image/upload/v1769793329/casinocontrol.ohio.gov/revenue-reports/2025/Sports/2025_Sports_Gaming_Revenue_Report12.pdf,https://casinocontrol.ohio.gov/about/revenue-reports,OH/screenshots/OH_2025_12_OH_2025_sports_p1.png,"COLUMBUS BLUE JACKETS - FANATICS 145,414 1 47,266 1,025 - (2,877) -",,2026-04-08T18:43:02.152237
OH,2025-06-01,2025-06-30,monthly,HOLLYWOOD COLUMBUS,Hollywood Columbus,ESPN Bet,PENN Entertainment,retail,,128978200,15581200,,0,15581200,,,,0.1208049112175546,30,False,False,OH_2025_sports.pdf,,,,7,0,https://dam.assets.ohio.gov/image/upload/v1769793329/casinocontrol.ohio.gov/revenue-reports/2025/Sports/2025_Sports_Gaming_Revenue_Report12.pdf,https://casinocontrol.ohio.gov/about/revenue-reports,OH/screenshots/OH_2025_12_OH_2025_sports_p1.png,"HOLLYWOOD COLUMBUS 1 ,289,782 1,114,540 19,430 - 155,812 1 55,812",,2026-04-08T18:43:02.152237
OH,2025-09-01,2025-09-30,monthly,HOLLYWOOD TOLEDO - DRAFTKINGS,DraftKings,DraftKings,DraftKings Inc,online,,34268337900,2161472100,,1526311100,2161472100,,,,0.06307490332059554,30,False,False,OH_2025_sports.pdf,,,,10,0,https://dam.assets.ohio.gov/image/upload/v1769793329/casinocontrol.ohio.gov/revenue-reports/2025/Sports/2025_Sports_Gaming_Revenue_Report12.pdf,https://casinocontrol.ohio.gov/about/revenue-reports,OH/screenshots/OH_2025_12_OH_2025_sports_p1.png,"HOLLYWOOD TOLEDO - DRAFTKINGS 342,683,379 3 19,954,908 1,113,750 15,263,111 2 1,614,721 21,614,721",,2026-04-08T18:43:02.152237
OH,2025-08-01,2025-08-31,monthly,CLEVELAND BROWNS - BALLY'S INTERACTIVE,Bally Bet,Bally Bet,Bally's Corporation,online,,283197500,10499700,,5399000,10499700,,,,0.03707553915553633,31,False,False,OH_2025_sports.pdf,,,,9,0,https://dam.assets.ohio.gov/image/upload/v1769793329/casinocontrol.ohio.gov/revenue-reports/2025/Sports/2025_Sports_Gaming_Revenue_Report12.pdf,https://casinocontrol.ohio.gov/about/revenue-reports,OH/screenshots/OH_2025_12_OH_2025_sports_p1.png,"CLEVELAND BROWNS - BALLY'S INTERACTIVE 2 ,831,975 2,685,324 41,654 53,990 104,997 1 04,997",,2026-04-08T18:43:02.152237
OH,2025-08-01,2025-08-31,monthly,HARD ROCK CINCINNATI - SEMINOLE HARD ROCK DIGITAL,Hard Rock Bet,Hard Rock Bet,Seminole Tribe / Hard Rock Digital,retail,,88083700,20120000,,0,20120000,,,,0.22841910591857517,31,False,False,OH_2025_sports.pdf,,,,9,0,https://dam.assets.ohio.gov/image/upload/v1769793329/casinocontrol.ohio.gov/revenue-reports/2025/Sports/2025_Sports_Gaming_Revenue_Report12.pdf,https://casinocontrol.ohio.gov/about/revenue-reports,OH/screenshots/OH_2025_12_OH_2025_sports_p1.png,"HARD ROCK CINCINNATI - SEMINOLE HARD ROCK DIGITAL 880,837 6 71,410 8,227 - 201,200 2 01,200",,2026-04-08T18:43:02.152237
OH,2025-08-01,2025-08-31,monthly,COLUMBUS BLUE JACKETS - FANATICS,Fanatics,Fanatics,Fanatics Inc,retail,,23988100,-89900,,0,0,,,,-0.0037476915637336848,31,False,False,OH_2025_sports.pdf,,,,9,0,https://dam.assets.ohio.gov/image/upload/v1769793329/casinocontrol.ohio.gov/revenue-reports/2025/Sports/2025_Sports_Gaming_Revenue_Report12.pdf,https://casinocontrol.ohio.gov/about/revenue-reports,OH/screenshots/OH_2025_12_OH_2025_sports_p1.png,"COLUMBUS BLUE JACKETS - FANATICS 239,881 2 40,406 3 74 - ( 899) -",,2026-04-08T18:43:02.152237
OH,2025-08-01,2025-08-31,monthly,BELTERRA PARK - FANDUEL,FanDuel,FanDuel,Flutter Entertainment,retail,,24063700,8207500,,50000,8207500,,,,0.3410738996912362,31,False,False,OH_2025_sports.pdf,,,,9,0,https://dam.assets.ohio.gov/image/upload/v1769793329/casinocontrol.ohio.gov/revenue-reports/2025/Sports/2025_Sports_Gaming_Revenue_Report12.pdf,https://casinocontrol.ohio.gov/about/revenue-reports,OH/screenshots/OH_2025_12_OH_2025_sports_p1.png,"BELTERRA PARK - FANDUEL 240,637 1 57,778 7 84 500 8 2,075 82,075",,2026-04-08T18:43:02.152237
OH,2025-08-01,2025-08-31,monthly,SCIOTO DOWNS - CAESARS SPORTSBOOK,Caesars Sportsbook,Caesars,Caesars Entertainment,online,,2345988900,204767800,,39613800,204767800,,,,0.08728421519811964,31,False,False,OH_2025_sports.pdf,,,,9,0,https://dam.assets.ohio.gov/image/upload/v1769793329/casinocontrol.ohio.gov/revenue-reports/2025/Sports/2025_Sports_Gaming_Revenue_Report12.pdf,https://casinocontrol.ohio.gov/about/revenue-reports,OH/screenshots/OH_2025_12_OH_2025_sports_p1.png,"SCIOTO DOWNS - CAESARS SPORTSBOOK 2 3,459,889 21,169,721 2 42,490 396,138 2 ,047,678 2,047,678",,2026-04-08T18:43:02.152237
OH,2025-08-01,2025-08-31,monthly,MIAMI VALLEY GAMING AND RACING - MVGBET,MVGBet,MVGBet,Independent,online,,44043100,5629300,,1260200,5629300,,,,0.12781343729210706,31,False,False,OH_2025_sports.pdf,,,,9,0,https://dam.assets.ohio.gov/image/upload/v1769793329/casinocontrol.ohio.gov/revenue-reports/2025/Sports/2025_Sports_Gaming_Revenue_Report12.pdf,https://casinocontrol.ohio.gov/about/revenue-reports,OH/screenshots/OH_2025_12_OH_2025_sports_p1.png,"MIAMI VALLEY GAMING AND RACING - MVGBET 440,431 3 75,519 8,619 12,602 5 6,293 56,293",,2026-04-08T18:43:02.152237
OH,2025-08-01,2025-08-31,monthly,MGM NORTHFIELD PARK - BETMGM,BetMGM,BetMGM,Entain/MGM Resorts,online,,4361324600,476214500,,135310900,476214500,,,,0.10919033634873222,31,False,False,OH_2025_sports.pdf,,,,9,0,https://dam.assets.ohio.gov/image/upload/v1769793329/casinocontrol.ohio.gov/revenue-reports/2025/Sports/2025_Sports_Gaming_Revenue_Report12.pdf,https://casinocontrol.ohio.gov/about/revenue-reports,OH/screenshots/OH_2025_12_OH_2025_sports_p1.png,"MGM NORTHFIELD PARK - BETMGM 4 3,613,246 38,542,429 3 08,672 1 ,353,109 4 ,762,145 4,762,145",,2026-04-08T18:43:02.152237
OH,2025-08-01,2025-08-31,monthly,JACK CLEVELAND (BETJACK),BetJACK,betJACK,JACK Entertainment,online,,489429000,39440400,,18368100,39440400,,,,0.08058451787695457,31,False,False,OH_2025_sports.pdf,,,,9,0,https://dam.assets.ohio.gov/image/upload/v1769793329/casinocontrol.ohio.gov/revenue-reports/2025/Sports/2025_Sports_Gaming_Revenue_Report12.pdf,https://casinocontrol.ohio.gov/about/revenue-reports,OH/screenshots/OH_2025_12_OH_2025_sports_p1.png,"JACK CLEVELAND (BETJACK) 4 ,894,290 4,491,106 8,780 183,681 394,404 3 94,404",,2026-04-08T18:43:02.152237
OH,2025-08-01,2025-08-31,monthly,HOLLYWOOD TOLEDO - DRAFTKINGS,DraftKings,DraftKings,DraftKings Inc,online,,21811449000,2448085800,,856652600,2448085800,,,,0.11223856791907773,31,False,False,OH_2025_sports.pdf,,,,9,0,https://dam.assets.ohio.gov/image/upload/v1769793329/casinocontrol.ohio.gov/revenue-reports/2025/Sports/2025_Sports_Gaming_Revenue_Report12.pdf,https://casinocontrol.ohio.gov/about/revenue-reports,OH/screenshots/OH_2025_12_OH_2025_sports_p1.png,"HOLLYWOOD TOLEDO - DRAFTKINGS 218,114,490 1 92,311,652 1,321,980 8 ,566,526 2 4,480,858 24,480,858",,2026-04-08T18:43:02.152237
OH,2025-08-01,2025-08-31,monthly,"HOLLYWOOD GAMING AT DAYTON RACEWAY - RSI OH, LLC",BetRivers,BetRivers,Rush Street Interactive,online,,534422700,56545400,,7570900,56545400,,,,0.10580650859329141,31,False,False,OH_2025_sports.pdf,,,,9,0,https://dam.assets.ohio.gov/image/upload/v1769793329/casinocontrol.ohio.gov/revenue-reports/2025/Sports/2025_Sports_Gaming_Revenue_Report12.pdf,https://casinocontrol.ohio.gov/about/revenue-reports,OH/screenshots/OH_2025_12_OH_2025_sports_p1.png,"HOLLYWOOD GAMING AT DAYTON RACEWAY - RSI OH, LLC 5 ,344,227 4,751,861 26,912 75,709 565,454 5 65,454",,2026-04-08T18:43:02.152237
OH,2025-08-01,2025-08-31,monthly,HOLLYWOOD COLUMBUS - PENN INTERACTIVE (ESPN BET),ESPN BET,ESPN Bet,PENN Entertainment,online,,2196316700,239860200,,52998900,239860200,,,,0.10921020634228205,31,False,False,OH_2025_sports.pdf,,,,9,0,https://dam.assets.ohio.gov/image/upload/v1769793329/casinocontrol.ohio.gov/revenue-reports/2025/Sports/2025_Sports_Gaming_Revenue_Report12.pdf,https://casinocontrol.ohio.gov/about/revenue-reports,OH/screenshots/OH_2025_12_OH_2025_sports_p1.png,"HOLLYWOOD COLUMBUS - PENN INTERACTIVE (ESPN BET) 2 1,963,167 19,523,266 41,299 529,989 2 ,398,602 2,398,602",,2026-04-08T18:43:02.152237
OH,2025-08-01,2025-08-31,monthly,HOF VILLAGE - BETR,Betr,Betr,Betr,online,,19450400,1560200,,65700,1560200,,,,0.08021428865216139,31,False,False,OH_2025_sports.pdf,,,,9,0,https://dam.assets.ohio.gov/image/upload/v1769793329/casinocontrol.ohio.gov/revenue-reports/2025/Sports/2025_Sports_Gaming_Revenue_Report12.pdf,https://casinocontrol.ohio.gov/about/revenue-reports,OH/screenshots/OH_2025_12_OH_2025_sports_p1.png,"HOF VILLAGE - BETR 194,504 1 75,032 3,870 657 1 5,602 15,602",,2026-04-08T18:43:02.152237
OH,2025-08-01,2025-08-31,monthly,HARD ROCK CINCINNATI - SEMINOLE HARD ROCK DIGITAL,Hard Rock Bet,Hard Rock Bet,Seminole Tribe / Hard Rock Digital,online,,1634625400,189417200,,85614500,189417200,,,,0.11587804765544449,31,False,False,OH_2025_sports.pdf,,,,9,0,https://dam.assets.ohio.gov/image/upload/v1769793329/casinocontrol.ohio.gov/revenue-reports/2025/Sports/2025_Sports_Gaming_Revenue_Report12.pdf,https://casinocontrol.ohio.gov/about/revenue-reports,OH/screenshots/OH_2025_12_OH_2025_sports_p1.png,"HARD ROCK CINCINNATI - SEMINOLE HARD ROCK DIGITAL 1 6,346,254 14,342,435 1 09,647 856,145 1 ,894,172 1,894,172",,2026-04-08T18:43:02.152237
OH,2025-08-01,2025-08-31,monthly,"GENEVA SPORTS, LLC - PRIME SPORTS",Prime Sports,Prime Sports,Independent,online,,1072861100,-5317900,,5350400,0,,,,-0.004956746031709044,31,False,False,OH_2025_sports.pdf,,,,9,0,https://dam.assets.ohio.gov/image/upload/v1769793329/casinocontrol.ohio.gov/revenue-reports/2025/Sports/2025_Sports_Gaming_Revenue_Report12.pdf,https://casinocontrol.ohio.gov/about/revenue-reports,OH/screenshots/OH_2025_12_OH_2025_sports_p1.png,"GENEVA SPORTS, LLC - PRIME SPORTS 1 0,728,611 10,470,987 3 10,803 53,504 (53,179) -",,2026-04-08T18:43:02.152237
OH,2025-08-01,2025-08-31,monthly,COLUMBUS BLUE JACKETS - FANATICS,Fanatics,Fanatics,Fanatics Inc,online,,3685200800,387121800,,140592400,387121800,,,,0.10504768152660772,31,False,False,OH_2025_sports.pdf,,,,9,0,https://dam.assets.ohio.gov/image/upload/v1769793329/casinocontrol.ohio.gov/revenue-reports/2025/Sports/2025_Sports_Gaming_Revenue_Report12.pdf,https://casinocontrol.ohio.gov/about/revenue-reports,OH/screenshots/OH_2025_12_OH_2025_sports_p1.png,"COLUMBUS BLUE JACKETS - FANATICS 3 6,852,008 32,860,491 1 20,299 1 ,405,924 3 ,871,218 3,871,218",,2026-04-08T18:43:02.152237
OH,2025-08-01,2025-08-31,monthly,HOLLYWOOD COLUMBUS,Hollywood Columbus,ESPN Bet,PENN Entertainment,retail,,183473500,43072400,,0,43072400,,,,0.23476087827397418,31,False,False,OH_2025_sports.pdf,,,,9,0,https://dam.assets.ohio.gov/image/upload/v1769793329/casinocontrol.ohio.gov/revenue-reports/2025/Sports/2025_Sports_Gaming_Revenue_Report12.pdf,https://casinocontrol.ohio.gov/about/revenue-reports,OH/screenshots/OH_2025_12_OH_2025_sports_p1.png,"HOLLYWOOD COLUMBUS 1 ,834,735 1,395,351 8,660 - 430,724 4 30,724",,2026-04-08T18:43:02.152237
OH,2025-08-01,2025-08-31,monthly,HOLLYWOOD GAMING AT DAYTON RACEWAY,Hollywood Dayton,ESPN Bet,PENN Entertainment,retail,,84883200,12290400,,0,12290400,,,,0.144791902284551,31,False,False,OH_2025_sports.pdf,,,,9,0,https://dam.assets.ohio.gov/image/upload/v1769793329/casinocontrol.ohio.gov/revenue-reports/2025/Sports/2025_Sports_Gaming_Revenue_Report12.pdf,https://casinocontrol.ohio.gov/about/revenue-reports,OH/screenshots/OH_2025_12_OH_2025_sports_p1.png,"HOLLYWOOD GAMING AT DAYTON RACEWAY 848,832 7 21,903 4,025 - 122,904 1 22,904",,2026-04-08T18:43:02.152237
OH,2025-08-01,2025-08-31,monthly,HOLLYWOOD GAMING AT MAHONING VALLEY,Hollywood Mahoning Valley,ESPN Bet,PENN Entertainment,retail,,114325500,22919200,,0,22919200,,,,0.20047321026367695,31,False,False,OH_2025_sports.pdf,,,,9,0,https://dam.assets.ohio.gov/image/upload/v1769793329/casinocontrol.ohio.gov/revenue-reports/2025/Sports/2025_Sports_Gaming_Revenue_Report12.pdf,https://casinocontrol.ohio.gov/about/revenue-reports,OH/screenshots/OH_2025_12_OH_2025_sports_p1.png,"HOLLYWOOD GAMING AT MAHONING VALLEY 1 ,143,255 9 09,890 4,173 - 229,192 2 29,192",,2026-04-08T18:43:02.152237
OH,2025-09-01,2025-09-30,monthly,CLEVELAND GUARDIANS - BET365,bet365,bet365,bet365 Group,online,,7584826100,681124000,,540664000,681124000,,,,0.08980087229686123,30,False,False,OH_2025_sports.pdf,,,,10,0,https://dam.assets.ohio.gov/image/upload/v1769793329/casinocontrol.ohio.gov/revenue-reports/2025/Sports/2025_Sports_Gaming_Revenue_Report12.pdf,https://casinocontrol.ohio.gov/about/revenue-reports,OH/screenshots/OH_2025_12_OH_2025_sports_p1.png,"CLEVELAND GUARDIANS - BET365 7 5,848,261 66,239,900 2,797,121 5 ,406,640 6 ,811,240 6,811,240",,2026-04-08T18:43:02.152237
OH,2025-09-01,2025-09-30,monthly,"HOLLYWOOD GAMING AT DAYTON RACEWAY - RSI OH, LLC",BetRivers,BetRivers,Rush Street Interactive,online,,490559100,44639700,,16142100,44639700,,,,0.09099759845449815,30,False,False,OH_2025_sports.pdf,,,,10,0,https://dam.assets.ohio.gov/image/upload/v1769793329/casinocontrol.ohio.gov/revenue-reports/2025/Sports/2025_Sports_Gaming_Revenue_Report12.pdf,https://casinocontrol.ohio.gov/about/revenue-reports,OH/screenshots/OH_2025_12_OH_2025_sports_p1.png,"HOLLYWOOD GAMING AT DAYTON RACEWAY - RSI OH, LLC 4 ,905,591 4,436,736 22,458 161,421 446,397 4 46,397",,2026-04-08T18:43:02.152237
OH,2025-09-01,2025-09-30,monthly,HOLLYWOOD COLUMBUS - PENN INTERACTIVE (ESPN BET),ESPN BET,ESPN Bet,PENN Entertainment,online,,2909685400,290455700,,148771900,290455700,,,,0.0998237472683473,30,False,False,OH_2025_sports.pdf,,,,10,0,https://dam.assets.ohio.gov/image/upload/v1769793329/casinocontrol.ohio.gov/revenue-reports/2025/Sports/2025_Sports_Gaming_Revenue_Report12.pdf,https://casinocontrol.ohio.gov/about/revenue-reports,OH/screenshots/OH_2025_12_OH_2025_sports_p1.png,"HOLLYWOOD COLUMBUS - PENN INTERACTIVE (ESPN BET) 2 9,096,854 26,171,421 20,876 1 ,487,719 2 ,904,557 2,904,557",,2026-04-08T18:43:02.152237
OH,2025-09-01,2025-09-30,monthly,HOF VILLAGE - BETR,Betr,Betr,Betr,online,,29584700,4646000,,752200,4646000,,,,0.15704063248909064,30,False,False,OH_2025_sports.pdf,,,,10,0,https://dam.assets.ohio.gov/image/upload/v1769793329/casinocontrol.ohio.gov/revenue-reports/2025/Sports/2025_Sports_Gaming_Revenue_Report12.pdf,https://casinocontrol.ohio.gov/about/revenue-reports,OH/screenshots/OH_2025_12_OH_2025_sports_p1.png,"HOF VILLAGE - BETR 295,847 2 45,065 4,322 7 ,522 4 6,460 46,460",,2026-04-08T18:43:02.152237
OH,2025-09-01,2025-09-30,monthly,HARD ROCK CINCINNATI - SEMINOLE HARD ROCK DIGITAL,Hard Rock Bet,Hard Rock Bet,Seminole Tribe / Hard Rock Digital,online,,2383533400,239042000,,123885200,239042000,,,,0.10028892399829598,30,False,False,OH_2025_sports.pdf,,,,10,0,https://dam.assets.ohio.gov/image/upload/v1769793329/casinocontrol.ohio.gov/revenue-reports/2025/Sports/2025_Sports_Gaming_Revenue_Report12.pdf,https://casinocontrol.ohio.gov/about/revenue-reports,OH/screenshots/OH_2025_12_OH_2025_sports_p1.png,"HARD ROCK CINCINNATI - SEMINOLE HARD ROCK DIGITAL 2 3,835,334 21,304,934 1 39,980 1 ,238,852 2 ,390,420 2,390,420",,2026-04-08T18:43:02.152237
OH,2025-09-01,2025-09-30,monthly,"GENEVA SPORTS, LLC - PRIME SPORTS",Prime Sports,Prime Sports,Independent,online,,1343107200,11337200,,6614100,11337200,,,,0.008441023918269517,30,False,False,OH_2025_sports.pdf,,,,10,0,https://dam.assets.ohio.gov/image/upload/v1769793329/casinocontrol.ohio.gov/revenue-reports/2025/Sports/2025_Sports_Gaming_Revenue_Report12.pdf,https://casinocontrol.ohio.gov/about/revenue-reports,OH/screenshots/OH_2025_12_OH_2025_sports_p1.png,"GENEVA SPORTS, LLC - PRIME SPORTS 1 3,431,072 13,269,019 48,681 66,141 113,372 1 13,372",,2026-04-08T18:43:02.152237
OH,2025-09-01,2025-09-30,monthly,COLUMBUS BLUE JACKETS - FANATICS,Fanatics,Fanatics,Fanatics Inc,online,,5234463500,309687700,,267833600,309687700,,,,0.05916321701354876,30,False,False,OH_2025_sports.pdf,,,,10,0,https://dam.assets.ohio.gov/image/upload/v1769793329/casinocontrol.ohio.gov/revenue-reports/2025/Sports/2025_Sports_Gaming_Revenue_Report12.pdf,https://casinocontrol.ohio.gov/about/revenue-reports,OH/screenshots/OH_2025_12_OH_2025_sports_p1.png,"COLUMBUS BLUE JACKETS - FANATICS 5 2,344,635 49,113,756 1 34,002 2 ,678,336 3 ,096,877 3,096,877",,2026-04-08T18:43:02.152237
OH,2025-09-01,2025-09-30,monthly,CLEVELAND BROWNS - BALLY'S INTERACTIVE,Bally Bet,Bally Bet,Bally's Corporation,online,,363919800,16224300,,21253700,16224300,,,,0.04458207550125055,30,False,False,OH_2025_sports.pdf,,,,10,0,https://dam.assets.ohio.gov/image/upload/v1769793329/casinocontrol.ohio.gov/revenue-reports/2025/Sports/2025_Sports_Gaming_Revenue_Report12.pdf,https://casinocontrol.ohio.gov/about/revenue-reports,OH/screenshots/OH_2025_12_OH_2025_sports_p1.png,"CLEVELAND BROWNS - BALLY'S INTERACTIVE 3 ,639,198 3,409,916 67,039 212,537 162,243 1 62,243",,2026-04-08T18:43:02.152237
OH,2025-08-01,2025-08-31,monthly,HOLLYWOOD TOLEDO,Hollywood Toledo,ESPN Bet,PENN Entertainment,retail,,62058400,16588600,,0,16588600,,,,0.2673062792466451,31,False,False,OH_2025_sports.pdf,,,,9,0,https://dam.assets.ohio.gov/image/upload/v1769793329/casinocontrol.ohio.gov/revenue-reports/2025/Sports/2025_Sports_Gaming_Revenue_Report12.pdf,https://casinocontrol.ohio.gov/about/revenue-reports,OH/screenshots/OH_2025_12_OH_2025_sports_p1.png,"HOLLYWOOD TOLEDO 620,584 4 52,021 2,677 - 165,886 1 65,886",,2026-04-08T18:43:02.152237
OH,2025-09-01,2025-09-30,monthly,BELTERRA PARK - FANDUEL,FanDuel,FanDuel,Flutter Entertainment,online,,30612874500,3276822900,,1772922000,3276822900,,,,0.10704067989433662,30,False,False,OH_2025_sports.pdf,,,,10,0,https://dam.assets.ohio.gov/image/upload/v1769793329/casinocontrol.ohio.gov/revenue-reports/2025/Sports/2025_Sports_Gaming_Revenue_Report12.pdf,https://casinocontrol.ohio.gov/about/revenue-reports,OH/screenshots/OH_2025_12_OH_2025_sports_p1.png,"BELTERRA PARK - FANDUEL 306,128,745 2 72,314,471 1,046,045 17,729,220 3 2,768,229 32,768,229",,2026-04-08T18:43:02.152237
OH,2025-08-01,2025-08-31,monthly,SCIOTO DOWNS - CAESARS SPORTSBOOK,Caesars Sportsbook,Caesars,Caesars Entertainment,retail,,84426200,6785900,,0,6785900,,,,0.08037670770448037,31,False,False,OH_2025_sports.pdf,,,,9,0,https://dam.assets.ohio.gov/image/upload/v1769793329/casinocontrol.ohio.gov/revenue-reports/2025/Sports/2025_Sports_Gaming_Revenue_Report12.pdf,https://casinocontrol.ohio.gov/about/revenue-reports,OH/screenshots/OH_2025_12_OH_2025_sports_p1.png,"SCIOTO DOWNS - CAESARS SPORTSBOOK 844,262 7 56,478 19,925 - 6 7,859 67,859",,2026-04-08T18:43:02.152237
OH,2025-08-01,2025-08-31,monthly,MIAMI VALLEY GAMING AND RACING,MVGBet,MVGBet,Independent,retail,,49889400,10912300,,0,10912300,,,,0.2187298303848112,31,False,False,OH_2025_sports.pdf,,,,9,0,https://dam.assets.ohio.gov/image/upload/v1769793329/casinocontrol.ohio.gov/revenue-reports/2025/Sports/2025_Sports_Gaming_Revenue_Report12.pdf,https://casinocontrol.ohio.gov/about/revenue-reports,OH/screenshots/OH_2025_12_OH_2025_sports_p1.png,"MIAMI VALLEY GAMING AND RACING 498,894 3 88,265 1,506 - 109,123 1 09,123",,2026-04-08T18:43:02.152237
OH,2025-08-01,2025-08-31,monthly,MGM NORTHFIELD PARK - BETMGM,BetMGM,BetMGM,Entain/MGM Resorts,retail,,184766100,21431800,,0,21431800,,,,0.1159942218837763,31,False,False,OH_2025_sports.pdf,,,,9,0,https://dam.assets.ohio.gov/image/upload/v1769793329/casinocontrol.ohio.gov/revenue-reports/2025/Sports/2025_Sports_Gaming_Revenue_Report12.pdf,https://casinocontrol.ohio.gov/about/revenue-reports,OH/screenshots/OH_2025_12_OH_2025_sports_p1.png,"MGM NORTHFIELD PARK - BETMGM 1 ,847,661 1,619,451 13,892 - 214,318 2 14,318",,2026-04-08T18:43:02.152237
OH,2025-08-01,2025-08-31,monthly,JACK THISTLEDOWN - BETJACK,betJACK,betJACK,JACK Entertainment,retail,,137214400,15175100,,0,15175100,,,,0.11059407758952414,31,False,False,OH_2025_sports.pdf,,,,9,0,https://dam.assets.ohio.gov/image/upload/v1769793329/casinocontrol.ohio.gov/revenue-reports/2025/Sports/2025_Sports_Gaming_Revenue_Report12.pdf,https://casinocontrol.ohio.gov/about/revenue-reports,OH/screenshots/OH_2025_12_OH_2025_sports_p1.png,"JACK THISTLEDOWN - BETJACK 1 ,372,144 1,215,906 4,487 - 151,751 1 51,751",,2026-04-08T18:43:02.152237
OH,2025-08-01,2025-08-31,monthly,JACK CLEVELAND - BETJACK,BetJACK,betJACK,JACK Entertainment,retail,,118557400,13883900,,0,13883900,,,,0.11710698783880213,31,False,False,OH_2025_sports.pdf,,,,9,0,https://dam.assets.ohio.gov/image/upload/v1769793329/casinocontrol.ohio.gov/revenue-reports/2025/Sports/2025_Sports_Gaming_Revenue_Report12.pdf,https://casinocontrol.ohio.gov/about/revenue-reports,OH/screenshots/OH_2025_12_OH_2025_sports_p1.png,"JACK CLEVELAND - BETJACK 1 ,185,574 1,038,737 7,998 - 138,839 1 38,839",,2026-04-08T18:43:02.152237
OH,2025-08-01,2025-08-31,monthly,CLEVELAND GUARDIANS - BET365,bet365,bet365,bet365 Group,online,,5875113200,564166700,,107173800,564166700,,,,0.09602652422084394,31,False,False,OH_2025_sports.pdf,,,,9,0,https://dam.assets.ohio.gov/image/upload/v1769793329/casinocontrol.ohio.gov/revenue-reports/2025/Sports/2025_Sports_Gaming_Revenue_Report12.pdf,https://casinocontrol.ohio.gov/about/revenue-reports,OH/screenshots/OH_2025_12_OH_2025_sports_p1.png,"CLEVELAND GUARDIANS - BET365 5 8,751,132 51,178,155 1,931,310 1 ,071,738 5 ,641,667 5,641,667",,2026-04-08T18:43:02.152237
OH,2025-08-01,2025-08-31,monthly,BELTERRA PARK - FANDUEL,FanDuel,FanDuel,Flutter Entertainment,online,,20759237700,2471109700,,622313700,2471109700,,,,0.11903663013599002,31,False,False,OH_2025_sports.pdf,,,,9,0,https://dam.assets.ohio.gov/image/upload/v1769793329/casinocontrol.ohio.gov/revenue-reports/2025/Sports/2025_Sports_Gaming_Revenue_Report12.pdf,https://casinocontrol.ohio.gov/about/revenue-reports,OH/screenshots/OH_2025_12_OH_2025_sports_p1.png,"BELTERRA PARK - FANDUEL 207,592,377 1 81,978,877 9 02,403 6 ,223,137 2 4,711,097 24,711,097",,2026-04-08T18:43:02.152237
OH,2025-06-01,2025-06-30,monthly,HOLLYWOOD GAMING AT DAYTON RACEWAY,Hollywood Dayton,ESPN Bet,PENN Entertainment,retail,,57981000,4770500,,0,4770500,,,,0.08227695279488108,30,False,False,OH_2025_sports.pdf,,,,7,0,https://dam.assets.ohio.gov/image/upload/v1769793329/casinocontrol.ohio.gov/revenue-reports/2025/Sports/2025_Sports_Gaming_Revenue_Report12.pdf,https://casinocontrol.ohio.gov/about/revenue-reports,OH/screenshots/OH_2025_12_OH_2025_sports_p1.png,"HOLLYWOOD GAMING AT DAYTON RACEWAY 579,810 5 29,742 2,363 - 4 7,705 47,705",,2026-04-08T18:43:02.152237
OH,2025-07-01,2025-07-31,monthly,SCIOTO DOWNS - CAESARS SPORTSBOOK,Caesars Sportsbook,Caesars,Caesars Entertainment,retail,,91033300,8627000,,0,8627000,,,,0.09476751913860093,31,False,False,OH_2025_sports.pdf,,,,8,0,https://dam.assets.ohio.gov/image/upload/v1769793329/casinocontrol.ohio.gov/revenue-reports/2025/Sports/2025_Sports_Gaming_Revenue_Report12.pdf,https://casinocontrol.ohio.gov/about/revenue-reports,OH/screenshots/OH_2025_12_OH_2025_sports_p1.png,"SCIOTO DOWNS - CAESARS SPORTSBOOK 910,333 8 05,427 18,636 - 8 6,270 86,270",,2026-04-08T18:43:02.152237
OH,2025-07-01,2025-07-31,monthly,HOLLYWOOD COLUMBUS - PENN INTERACTIVE (ESPN BET),ESPN BET,ESPN Bet,PENN Entertainment,online,,1648299400,169542100,,52402900,169542100,,,,0.10285880101636875,31,False,False,OH_2025_sports.pdf,,,,8,0,https://dam.assets.ohio.gov/image/upload/v1769793329/casinocontrol.ohio.gov/revenue-reports/2025/Sports/2025_Sports_Gaming_Revenue_Report12.pdf,https://casinocontrol.ohio.gov/about/revenue-reports,OH/screenshots/OH_2025_12_OH_2025_sports_p1.png,"HOLLYWOOD COLUMBUS - PENN INTERACTIVE (ESPN BET) 1 6,482,994 14,743,310 44,263 524,029 1 ,695,421 1,695,421",,2026-04-08T18:43:02.152237
OH,2025-07-01,2025-07-31,monthly,HOF VILLAGE - BETR,Betr,Betr,Betr,online,,26918400,2661400,,49100,2661400,,,,0.09886917498811222,31,False,False,OH_2025_sports.pdf,,,,8,0,https://dam.assets.ohio.gov/image/upload/v1769793329/casinocontrol.ohio.gov/revenue-reports/2025/Sports/2025_Sports_Gaming_Revenue_Report12.pdf,https://casinocontrol.ohio.gov/about/revenue-reports,OH/screenshots/OH_2025_12_OH_2025_sports_p1.png,"HOF VILLAGE - BETR 269,184 2 39,938 2,632 491 2 6,614 26,614",,2026-04-08T18:43:02.152237
OH,2025-07-01,2025-07-31,monthly,HARD ROCK CINCINNATI - SEMINOLE HARD ROCK DIGITAL,Hard Rock Bet,Hard Rock Bet,Seminole Tribe / Hard Rock Digital,online,,1438438900,154452500,,79166800,154452500,,,,0.10737508558757693,31,False,False,OH_2025_sports.pdf,,,,8,0,https://dam.assets.ohio.gov/image/upload/v1769793329/casinocontrol.ohio.gov/revenue-reports/2025/Sports/2025_Sports_Gaming_Revenue_Report12.pdf,https://casinocontrol.ohio.gov/about/revenue-reports,OH/screenshots/OH_2025_12_OH_2025_sports_p1.png,"HARD ROCK CINCINNATI - SEMINOLE HARD ROCK DIGITAL 1 4,384,389 12,730,891 1 08,973 791,668 1 ,544,525 1,544,525",,2026-04-08T18:43:02.152237
OH,2025-07-01,2025-07-31,monthly,"GENEVA SPORTS, LLC - PRIME SPORTS",Prime Sports,Prime Sports,Independent,online,,744433000,6078100,,10587400,6078100,,,,0.008164737457904204,31,False,False,OH_2025_sports.pdf,,,,8,0,https://dam.assets.ohio.gov/image/upload/v1769793329/casinocontrol.ohio.gov/revenue-reports/2025/Sports/2025_Sports_Gaming_Revenue_Report12.pdf,https://casinocontrol.ohio.gov/about/revenue-reports,OH/screenshots/OH_2025_12_OH_2025_sports_p1.png,"GENEVA SPORTS, LLC - PRIME SPORTS 7 ,444,330 7,363,548 20,001 105,874 6 0,781 60,781",,2026-04-08T18:43:02.152237
OH,2025-07-01,2025-07-31,monthly,COLUMBUS BLUE JACKETS - FANATICS,Fanatics,Fanatics,Fanatics Inc,online,,2831498200,320094800,,100943500,320094800,,,,0.11304785572528353,31,False,False,OH_2025_sports.pdf,,,,8,0,https://dam.assets.ohio.gov/image/upload/v1769793329/casinocontrol.ohio.gov/revenue-reports/2025/Sports/2025_Sports_Gaming_Revenue_Report12.pdf,https://casinocontrol.ohio.gov/about/revenue-reports,OH/screenshots/OH_2025_12_OH_2025_sports_p1.png,"COLUMBUS BLUE JACKETS - FANATICS 2 8,314,982 25,018,520 95,514 1 ,009,435 3 ,200,948 3,200,948",,2026-04-08T18:43:02.152237
OH,2025-07-01,2025-07-31,monthly,CLEVELAND GUARDIANS - BET365,bet365,bet365,bet365 Group,online,,5183149800,461745900,,98015400,461745900,,,,0.08908596467730877,31,False,False,OH_2025_sports.pdf,,,,8,0,https://dam.assets.ohio.gov/image/upload/v1769793329/casinocontrol.ohio.gov/revenue-reports/2025/Sports/2025_Sports_Gaming_Revenue_Report12.pdf,https://casinocontrol.ohio.gov/about/revenue-reports,OH/screenshots/OH_2025_12_OH_2025_sports_p1.png,"CLEVELAND GUARDIANS - BET365 5 1,831,498 45,545,107 1,668,932 980,154 4 ,617,459 4,617,459",,2026-04-08T18:43:02.152237
OH,2025-07-01,2025-07-31,monthly,CLEVELAND BROWNS - BALLY'S INTERACTIVE,Bally Bet,Bally Bet,Bally's Corporation,online,,229211600,24120100,,10799900,24120100,,,,0.1052307125817367,31,False,False,OH_2025_sports.pdf,,,,8,0,https://dam.assets.ohio.gov/image/upload/v1769793329/casinocontrol.ohio.gov/revenue-reports/2025/Sports/2025_Sports_Gaming_Revenue_Report12.pdf,https://casinocontrol.ohio.gov/about/revenue-reports,OH/screenshots/OH_2025_12_OH_2025_sports_p1.png,"CLEVELAND BROWNS - BALLY'S INTERACTIVE 2 ,292,116 2,013,561 37,354 107,999 241,201 2 41,201",,2026-04-08T18:43:02.152237
OH,2025-07-01,2025-07-31,monthly,BELTERRA PARK - FANDUEL,FanDuel,FanDuel,Flutter Entertainment,online,,17539727800,2078478200,,430236500,2078478200,,,,0.11850116624956973,31,False,False,OH_2025_sports.pdf,,,,8,0,https://dam.assets.ohio.gov/image/upload/v1769793329/casinocontrol.ohio.gov/revenue-reports/2025/Sports/2025_Sports_Gaming_Revenue_Report12.pdf,https://casinocontrol.ohio.gov/about/revenue-reports,OH/screenshots/OH_2025_12_OH_2025_sports_p1.png,"BELTERRA PARK - FANDUEL 175,397,278 1 53,764,078 8 48,418 4 ,302,365 2 0,784,782 20,784,782",,2026-04-08T18:43:02.152237
OH,2025-06-01,2025-06-30,monthly,SCIOTO DOWNS - CAESARS SPORTSBOOK,Caesars Sportsbook,Caesars,Caesars Entertainment,retail,,75813100,-286400,,0,0,,,,-0.0037777112398780684,30,False,False,OH_2025_sports.pdf,,,,7,0,https://dam.assets.ohio.gov/image/upload/v1769793329/casinocontrol.ohio.gov/revenue-reports/2025/Sports/2025_Sports_Gaming_Revenue_Report12.pdf,https://casinocontrol.ohio.gov/about/revenue-reports,OH/screenshots/OH_2025_12_OH_2025_sports_p1.png,"SCIOTO DOWNS - CAESARS SPORTSBOOK 758,131 7 38,934 22,061 - (2,864) -",,2026-04-08T18:43:02.152237
OH,2025-06-01,2025-06-30,monthly,MIAMI VALLEY GAMING AND RACING,MVGBet,MVGBet,Independent,retail,,50118000,321300,,0,321300,,,,0.006410870345983479,30,False,False,OH_2025_sports.pdf,,,,7,0,https://dam.assets.ohio.gov/image/upload/v1769793329/casinocontrol.ohio.gov/revenue-reports/2025/Sports/2025_Sports_Gaming_Revenue_Report12.pdf,https://casinocontrol.ohio.gov/about/revenue-reports,OH/screenshots/OH_2025_12_OH_2025_sports_p1.png,"MIAMI VALLEY GAMING AND RACING 501,180 4 94,929 3,038 - 3 ,213 3,213",,2026-04-08T18:43:02.152237
OH,2025-06-01,2025-06-30,monthly,MGM NORTHFIELD PARK - BETMGM,BetMGM,BetMGM,Entain/MGM Resorts,retail,,270521400,17619400,,0,17619400,,,,0.06513126133459313,30,False,False,OH_2025_sports.pdf,,,,7,0,https://dam.assets.ohio.gov/image/upload/v1769793329/casinocontrol.ohio.gov/revenue-reports/2025/Sports/2025_Sports_Gaming_Revenue_Report12.pdf,https://casinocontrol.ohio.gov/about/revenue-reports,OH/screenshots/OH_2025_12_OH_2025_sports_p1.png,"MGM NORTHFIELD PARK - BETMGM 2 ,705,214 2,512,055 16,965 - 176,194 1 76,194",,2026-04-08T18:43:02.152237
OH,2025-06-01,2025-06-30,monthly,JACK THISTLEDOWN - BETJACK,betJACK,betJACK,JACK Entertainment,retail,,138380800,18675600,,0,18675600,,,,0.13495802885949496,30,False,False,OH_2025_sports.pdf,,,,7,0,https://dam.assets.ohio.gov/image/upload/v1769793329/casinocontrol.ohio.gov/revenue-reports/2025/Sports/2025_Sports_Gaming_Revenue_Report12.pdf,https://casinocontrol.ohio.gov/about/revenue-reports,OH/screenshots/OH_2025_12_OH_2025_sports_p1.png,"JACK THISTLEDOWN - BETJACK 1 ,383,808 1,183,876 13,176 - 186,756 1 86,756",,2026-04-08T18:43:02.152237
OH,2025-06-01,2025-06-30,monthly,JACK CLEVELAND - BETJACK,BetJACK,betJACK,JACK Entertainment,retail,,109101000,12290100,,0,12290100,,,,0.11264882998322655,30,False,False,OH_2025_sports.pdf,,,,7,0,https://dam.assets.ohio.gov/image/upload/v1769793329/casinocontrol.ohio.gov/revenue-reports/2025/Sports/2025_Sports_Gaming_Revenue_Report12.pdf,https://casinocontrol.ohio.gov/about/revenue-reports,OH/screenshots/OH_2025_12_OH_2025_sports_p1.png,"JACK CLEVELAND - BETJACK 1 ,091,010 9 60,579 7,530 - 122,901 1 22,901",,2026-04-08T18:43:02.152237
OH,2025-06-01,2025-06-30,monthly,HOLLYWOOD TOLEDO,Hollywood Toledo,ESPN Bet,PENN Entertainment,retail,,52441700,10309800,,0,10309800,,,,0.19659545743177662,30,False,False,OH_2025_sports.pdf,,,,7,0,https://dam.assets.ohio.gov/image/upload/v1769793329/casinocontrol.ohio.gov/revenue-reports/2025/Sports/2025_Sports_Gaming_Revenue_Report12.pdf,https://casinocontrol.ohio.gov/about/revenue-reports,OH/screenshots/OH_2025_12_OH_2025_sports_p1.png,"HOLLYWOOD TOLEDO 524,417 4 19,619 1,700 - 103,098 1 03,098",,2026-04-08T18:43:02.152237
OH,2025-06-01,2025-06-30,monthly,HOLLYWOOD GAMING AT MAHONING VALLEY,Hollywood Mahoning Valley,ESPN Bet,PENN Entertainment,retail,,92330200,13766000,,0,13766000,,,,0.14909531225969402,30,False,False,OH_2025_sports.pdf,,,,7,0,https://dam.assets.ohio.gov/image/upload/v1769793329/casinocontrol.ohio.gov/revenue-reports/2025/Sports/2025_Sports_Gaming_Revenue_Report12.pdf,https://casinocontrol.ohio.gov/about/revenue-reports,OH/screenshots/OH_2025_12_OH_2025_sports_p1.png,"HOLLYWOOD GAMING AT MAHONING VALLEY 923,302 7 82,422 3,220 - 137,660 1 37,660",,2026-04-08T18:43:02.152237
OH,2025-07-01,2025-07-31,monthly,"HOLLYWOOD GAMING AT DAYTON RACEWAY - RSI OH, LLC",BetRivers,BetRivers,Rush Street Interactive,online,,459495900,49055300,,6502000,49055300,,,,0.10675895040630395,31,False,False,OH_2025_sports.pdf,,,,8,0,https://dam.assets.ohio.gov/image/upload/v1769793329/casinocontrol.ohio.gov/revenue-reports/2025/Sports/2025_Sports_Gaming_Revenue_Report12.pdf,https://casinocontrol.ohio.gov/about/revenue-reports,OH/screenshots/OH_2025_12_OH_2025_sports_p1.png,"HOLLYWOOD GAMING AT DAYTON RACEWAY - RSI OH, LLC 4 ,594,959 4,068,394 36,012 65,020 490,553 4 90,553",,2026-04-08T18:43:02.152237
OH,2025-07-01,2025-07-31,monthly,HOLLYWOOD TOLEDO - DRAFTKINGS,DraftKings,DraftKings,DraftKings Inc,online,,16137654500,1965791300,,450317000,1965791300,,,,0.12181394142500696,31,False,False,OH_2025_sports.pdf,,,,8,0,https://dam.assets.ohio.gov/image/upload/v1769793329/casinocontrol.ohio.gov/revenue-reports/2025/Sports/2025_Sports_Gaming_Revenue_Report12.pdf,https://casinocontrol.ohio.gov/about/revenue-reports,OH/screenshots/OH_2025_12_OH_2025_sports_p1.png,"HOLLYWOOD TOLEDO - DRAFTKINGS 161,376,545 1 40,593,836 1,124,796 4 ,503,170 1 9,657,913 19,657,913",,2026-04-08T18:43:02.152237
OH,2025-07-01,2025-07-31,monthly,JACK CLEVELAND (BETJACK),BetJACK,betJACK,JACK Entertainment,online,,387770600,50721400,,10831600,50721400,,,,0.1308025930795166,31,False,False,OH_2025_sports.pdf,,,,8,0,https://dam.assets.ohio.gov/image/upload/v1769793329/casinocontrol.ohio.gov/revenue-reports/2025/Sports/2025_Sports_Gaming_Revenue_Report12.pdf,https://casinocontrol.ohio.gov/about/revenue-reports,OH/screenshots/OH_2025_12_OH_2025_sports_p1.png,"JACK CLEVELAND (BETJACK) 3 ,877,706 3,354,077 16,415 108,316 507,214 5 07,214",,2026-04-08T18:43:02.152237
OH,2025-07-01,2025-07-31,monthly,HOLLYWOOD GAMING AT DAYTON RACEWAY,Hollywood Dayton,ESPN Bet,PENN Entertainment,retail,,45253700,5833500,,0,5833500,,,,0.12890658664374405,31,False,False,OH_2025_sports.pdf,,,,8,0,https://dam.assets.ohio.gov/image/upload/v1769793329/casinocontrol.ohio.gov/revenue-reports/2025/Sports/2025_Sports_Gaming_Revenue_Report12.pdf,https://casinocontrol.ohio.gov/about/revenue-reports,OH/screenshots/OH_2025_12_OH_2025_sports_p1.png,"HOLLYWOOD GAMING AT DAYTON RACEWAY 452,537 3 92,758 1,444 - 5 8,335 58,335",,2026-04-08T18:43:02.152237
OH,2025-07-01,2025-07-31,monthly,MIAMI VALLEY GAMING AND RACING,MVGBet,MVGBet,Independent,retail,,35993400,4976800,,0,4976800,,,,0.13826979390666067,31,False,False,OH_2025_sports.pdf,,,,8,0,https://dam.assets.ohio.gov/image/upload/v1769793329/casinocontrol.ohio.gov/revenue-reports/2025/Sports/2025_Sports_Gaming_Revenue_Report12.pdf,https://casinocontrol.ohio.gov/about/revenue-reports,OH/screenshots/OH_2025_12_OH_2025_sports_p1.png,"MIAMI VALLEY GAMING AND RACING 359,934 3 06,815 3,351 - 4 9,768 49,768",,2026-04-08T18:43:02.152237
OH,2025-07-01,2025-07-31,monthly,JACK THISTLEDOWN - BETJACK,betJACK,betJACK,JACK Entertainment,retail,,126259700,15096400,,0,15096400,,,,0.11956625906762015,31,False,False,OH_2025_sports.pdf,,,,8,0,https://dam.assets.ohio.gov/image/upload/v1769793329/casinocontrol.ohio.gov/revenue-reports/2025/Sports/2025_Sports_Gaming_Revenue_Report12.pdf,https://casinocontrol.ohio.gov/about/revenue-reports,OH/screenshots/OH_2025_12_OH_2025_sports_p1.png,"JACK THISTLEDOWN - BETJACK 1 ,262,597 1,099,040 12,593 - 150,964 1 50,964",,2026-04-08T18:43:02.152237
OH,2025-07-01,2025-07-31,monthly,JACK CLEVELAND - BETJACK,BetJACK,betJACK,JACK Entertainment,retail,,89317000,17870400,,0,17870400,,,,0.2000783725382626,31,False,False,OH_2025_sports.pdf,,,,8,0,https://dam.assets.ohio.gov/image/upload/v1769793329/casinocontrol.ohio.gov/revenue-reports/2025/Sports/2025_Sports_Gaming_Revenue_Report12.pdf,https://casinocontrol.ohio.gov/about/revenue-reports,OH/screenshots/OH_2025_12_OH_2025_sports_p1.png,"JACK CLEVELAND - BETJACK 893,170 7 02,989 11,477 - 178,704 1 78,704",,2026-04-08T18:43:02.152237
OH,2025-07-01,2025-07-31,monthly,HOLLYWOOD TOLEDO,Hollywood Toledo,ESPN Bet,PENN Entertainment,retail,,55513200,4859000,,0,4859000,,,,0.08752873190520453,31,False,False,OH_2025_sports.pdf,,,,8,0,https://dam.assets.ohio.gov/image/upload/v1769793329/casinocontrol.ohio.gov/revenue-reports/2025/Sports/2025_Sports_Gaming_Revenue_Report12.pdf,https://casinocontrol.ohio.gov/about/revenue-reports,OH/screenshots/OH_2025_12_OH_2025_sports_p1.png,"HOLLYWOOD TOLEDO 555,132 4 96,913 9,629 - 4 8,590 48,590",,2026-04-08T18:43:02.152237
OH,2025-07-01,2025-07-31,monthly,HOLLYWOOD GAMING AT MAHONING VALLEY,Hollywood Mahoning Valley,ESPN Bet,PENN Entertainment,retail,,76504200,11734500,,0,11734500,,,,0.15338373579489753,31,False,False,OH_2025_sports.pdf,,,,8,0,https://dam.assets.ohio.gov/image/upload/v1769793329/casinocontrol.ohio.gov/revenue-reports/2025/Sports/2025_Sports_Gaming_Revenue_Report12.pdf,https://casinocontrol.ohio.gov/about/revenue-reports,OH/screenshots/OH_2025_12_OH_2025_sports_p1.png,"HOLLYWOOD GAMING AT MAHONING VALLEY 765,042 6 41,086 6,611 - 117,345 1 17,345",,2026-04-08T18:43:02.152237
OH,2025-07-01,2025-07-31,monthly,HOLLYWOOD COLUMBUS,Hollywood Columbus,ESPN Bet,PENN Entertainment,retail,,110346300,16283200,,0,16283200,,,,0.14756453093579033,31,False,False,OH_2025_sports.pdf,,,,8,0,https://dam.assets.ohio.gov/image/upload/v1769793329/casinocontrol.ohio.gov/revenue-reports/2025/Sports/2025_Sports_Gaming_Revenue_Report12.pdf,https://casinocontrol.ohio.gov/about/revenue-reports,OH/screenshots/OH_2025_12_OH_2025_sports_p1.png,"HOLLYWOOD COLUMBUS 1 ,103,463 9 33,223 7,408 - 162,832 1 62,832",,2026-04-08T18:43:02.152237
OH,2025-07-01,2025-07-31,monthly,MGM NORTHFIELD PARK - BETMGM,BetMGM,BetMGM,Entain/MGM Resorts,online,,3743804800,422965700,,100407700,422965700,,,,0.11297749818580285,31,False,False,OH_2025_sports.pdf,,,,8,0,https://dam.assets.ohio.gov/image/upload/v1769793329/casinocontrol.ohio.gov/revenue-reports/2025/Sports/2025_Sports_Gaming_Revenue_Report12.pdf,https://casinocontrol.ohio.gov/about/revenue-reports,OH/screenshots/OH_2025_12_OH_2025_sports_p1.png,"MGM NORTHFIELD PARK - BETMGM 3 7,438,048 32,898,173 3 10,218 1 ,004,077 4 ,229,657 4,229,657",,2026-04-08T18:43:02.152237
OH,2025-07-01,2025-07-31,monthly,HARD ROCK CINCINNATI - SEMINOLE HARD ROCK DIGITAL,Hard Rock Bet,Hard Rock Bet,Seminole Tribe / Hard Rock Digital,retail,,82572200,17174200,,0,17174200,,,,0.20799009836240284,31,False,False,OH_2025_sports.pdf,,,,8,0,https://dam.assets.ohio.gov/image/upload/v1769793329/casinocontrol.ohio.gov/revenue-reports/2025/Sports/2025_Sports_Gaming_Revenue_Report12.pdf,https://casinocontrol.ohio.gov/about/revenue-reports,OH/screenshots/OH_2025_12_OH_2025_sports_p1.png,"HARD ROCK CINCINNATI - SEMINOLE HARD ROCK DIGITAL 825,722 6 52,633 1,347 - 171,742 1 71,742",,2026-04-08T18:43:02.152237
OH,2025-07-01,2025-07-31,monthly,COLUMBUS BLUE JACKETS - FANATICS,Fanatics,Fanatics,Fanatics Inc,retail,,4765000,-476700,,0,0,,,,-0.10004197271773348,31,False,False,OH_2025_sports.pdf,,,,8,0,https://dam.assets.ohio.gov/image/upload/v1769793329/casinocontrol.ohio.gov/revenue-reports/2025/Sports/2025_Sports_Gaming_Revenue_Report12.pdf,https://casinocontrol.ohio.gov/about/revenue-reports,OH/screenshots/OH_2025_12_OH_2025_sports_p1.png,"COLUMBUS BLUE JACKETS - FANATICS 47,650 52,028 3 89 - (4,767) -",,2026-04-08T18:43:02.152237
OH,2025-07-01,2025-07-31,monthly,CINCINNATI REDS - BETMGM,BetMGM,BetMGM,Entain/MGM Resorts,retail,,7263100,1095500,,0,1095500,,,,0.1508309124203164,31,False,False,OH_2025_sports.pdf,,,,8,0,https://dam.assets.ohio.gov/image/upload/v1769793329/casinocontrol.ohio.gov/revenue-reports/2025/Sports/2025_Sports_Gaming_Revenue_Report12.pdf,https://casinocontrol.ohio.gov/about/revenue-reports,OH/screenshots/OH_2025_12_OH_2025_sports_p1.png,"CINCINNATI REDS - BETMGM 72,631 61,348 3 28 - 1 0,955 10,955",,2026-04-08T18:43:02.152237
OH,2025-07-01,2025-07-31,monthly,BELTERRA PARK - FANDUEL,FanDuel,FanDuel,Flutter Entertainment,retail,,21749600,3621500,,70000,3621500,,,,0.16650880935741347,31,False,False,OH_2025_sports.pdf,,,,8,0,https://dam.assets.ohio.gov/image/upload/v1769793329/casinocontrol.ohio.gov/revenue-reports/2025/Sports/2025_Sports_Gaming_Revenue_Report12.pdf,https://casinocontrol.ohio.gov/about/revenue-reports,OH/screenshots/OH_2025_12_OH_2025_sports_p1.png,"BELTERRA PARK - FANDUEL 217,496 1 80,897 3 84 700 3 6,215 36,215",,2026-04-08T18:43:02.152237
OH,2025-07-01,2025-07-31,monthly,SCIOTO DOWNS - CAESARS SPORTSBOOK,Caesars Sportsbook,Caesars,Caesars Entertainment,online,,1807643600,182338800,,25371700,182338800,,,,0.10087099027706568,31,False,False,OH_2025_sports.pdf,,,,8,0,https://dam.assets.ohio.gov/image/upload/v1769793329/casinocontrol.ohio.gov/revenue-reports/2025/Sports/2025_Sports_Gaming_Revenue_Report12.pdf,https://casinocontrol.ohio.gov/about/revenue-reports,OH/screenshots/OH_2025_12_OH_2025_sports_p1.png,"SCIOTO DOWNS - CAESARS SPORTSBOOK 1 8,076,436 16,070,867 1 82,181 253,717 1 ,823,388 1,823,388",,2026-04-08T18:43:02.152237
OH,2025-07-01,2025-07-31,monthly,MIAMI VALLEY GAMING AND RACING - MVGBET,MVGBet,MVGBet,Independent,online,,52627300,5502500,,3100800,5502500,,,,0.10455600040283275,31,False,False,OH_2025_sports.pdf,,,,8,0,https://dam.assets.ohio.gov/image/upload/v1769793329/casinocontrol.ohio.gov/revenue-reports/2025/Sports/2025_Sports_Gaming_Revenue_Report12.pdf,https://casinocontrol.ohio.gov/about/revenue-reports,OH/screenshots/OH_2025_12_OH_2025_sports_p1.png,"MIAMI VALLEY GAMING AND RACING - MVGBET 526,273 4 60,275 10,973 31,008 5 5,025 55,025",,2026-04-08T18:43:02.152237
OH,2024-06-01,2024-06-30,monthly,"HOLLYWOOD GAMING AT DAYTON RACEWAY - RSI OH, LLC",BetRivers,BetRivers,Rush Street Interactive,online,,3223465300,14247000,,14247000,,,,,0.004419777684593037,30,False,False,OH_2024_sports.pdf,,,,7,0,https://dam.assets.ohio.gov/image/upload/v1732715535/casinocontrol.ohio.gov/revenue-reports/2024/2024_Sports_Gaming_Revenue_Report.pdf.pdf,https://casinocontrol.ohio.gov/about/revenue-reports,OH/screenshots/OH_2024_12_OH_2024_sports_p1.png,"HOLLYWOOD GAMING AT DAYTON RACEWAY - RSI OH, LLC 3,223,465 3 ,062,234 18,761 7 3,154 142,470 1 42,470",,2026-04-08T18:42:59.510896
OH,2024-06-01,2024-06-30,monthly,HOF VILLAGE - BETR,Betr,Betr,Betr,online,,18410400,4130400,,4130400,,,,,0.22435145352626776,30,False,False,OH_2024_sports.pdf,,,,7,0,https://dam.assets.ohio.gov/image/upload/v1732715535/casinocontrol.ohio.gov/revenue-reports/2024/2024_Sports_Gaming_Revenue_Report.pdf.pdf,https://casinocontrol.ohio.gov/about/revenue-reports,OH/screenshots/OH_2024_12_OH_2024_sports_p1.png,"HOF VILLAGE - BETR 184,104 1 41,148 1,652 1 5,398 41,304 41,304",,2026-04-08T18:42:59.510896
OH,2023-01-01,2023-01-31,monthly,BELTERRA PARK - FANDUEL,FanDuel,FanDuel,Flutter Entertainment,online,,49417921200,10335805100,,16864528700,10335805100,,,,0.2091509486643481,31,False,False,OH_2023_sports.pdf,,,,2,0,https://dam.assets.ohio.gov/image/upload/v1745842746/casinocontrol.ohio.gov/revenue-reports/December_2023_Sports_Gaming_Revenue_Report.pdf,https://casinocontrol.ohio.gov/about/revenue-reports,OH/screenshots/OH_2023_12_OH_2023_sports_p1.png,"BELTERRA PARK - FANDUEL 494,179,212 3 78,848,819 11,972,342 168,645,287 1 03,358,051 1 03,358,051",,2026-04-08T18:42:56.745418
OH,2023-07-01,2023-07-31,monthly,MUIRFIELD VILLAGE GOLF CLUB - PARX INTERACTIVE,BetRivers (Gun Lake),BetRivers,Rush Street Interactive,online,,58068400,5724900,,4039800,5724900,,,,0.09858890549765449,31,False,False,OH_2023_sports.pdf,,,,8,0,https://dam.assets.ohio.gov/image/upload/v1745842746/casinocontrol.ohio.gov/revenue-reports/December_2023_Sports_Gaming_Revenue_Report.pdf,https://casinocontrol.ohio.gov/about/revenue-reports,OH/screenshots/OH_2023_12_OH_2023_sports_p1.png,"MUIRFIELD VILLAGE GOLF CLUB - PARX INTERACTIVE 5 80,684 519,710 3 ,725 4 0,398 57,249 57,249",,2026-04-08T18:42:56.745418
OH,2023-07-01,2023-07-31,monthly,MGM NORTHFIELD PARK - BETMGM,BetMGM,BetMGM,Entain/MGM Resorts,online,,2298797700,79257200,,1046340200,279257200,,,,0.034477675003763926,31,False,False,OH_2023_sports.pdf,,,,8,0,https://dam.assets.ohio.gov/image/upload/v1745842746/casinocontrol.ohio.gov/revenue-reports/December_2023_Sports_Gaming_Revenue_Report.pdf,https://casinocontrol.ohio.gov/about/revenue-reports,OH/screenshots/OH_2023_12_OH_2023_sports_p1.png,"MGM NORTHFIELD PARK - BETMGM 22,987,977 1 9,995,428 199,977 1,046,340 2 ,792,572 2 ,792,572",,2026-04-08T18:42:56.745418
OH,2023-07-01,2023-07-31,monthly,JACK CLEVELAND (BETJACK),BetJACK,betJACK,JACK Entertainment,online,,171667700,23045400,,5519300,23045400,,,,0.13424424047156222,31,False,False,OH_2023_sports.pdf,,,,8,0,https://dam.assets.ohio.gov/image/upload/v1745842746/casinocontrol.ohio.gov/revenue-reports/December_2023_Sports_Gaming_Revenue_Report.pdf,https://casinocontrol.ohio.gov/about/revenue-reports,OH/screenshots/OH_2023_12_OH_2023_sports_p1.png,"JACK CLEVELAND (BETJACK) 1,716,677 1 ,480,162 6 ,061 5 5,193 230,454 230,454",,2026-04-08T18:42:56.745418
OH,2023-07-01,2023-07-31,monthly,HOLLYWOOD TOLEDO - DRAFTKINGS,DraftKings,DraftKings,DraftKings Inc,online,,11618326200,1180247000,,267338600,1180247000,,,,0.10158494258837387,31,False,False,OH_2023_sports.pdf,,,,8,0,https://dam.assets.ohio.gov/image/upload/v1745842746/casinocontrol.ohio.gov/revenue-reports/December_2023_Sports_Gaming_Revenue_Report.pdf,https://casinocontrol.ohio.gov/about/revenue-reports,OH/screenshots/OH_2023_12_OH_2023_sports_p1.png,"HOLLYWOOD TOLEDO - DRAFTKINGS 1 16,183,262 103,734,101 646,691 2,673,386 11,802,470 1 1,802,470",,2026-04-08T18:42:56.745418
OH,2023-07-01,2023-07-31,monthly,"HOLLYWOOD GAMING AT DAYTON RACEWAY - RSI OH, LLC",BetRivers,BetRivers,Rush Street Interactive,online,,231852300,21268400,,13447100,21268400,,,,0.09173253834445463,31,False,False,OH_2023_sports.pdf,,,,8,0,https://dam.assets.ohio.gov/image/upload/v1745842746/casinocontrol.ohio.gov/revenue-reports/December_2023_Sports_Gaming_Revenue_Report.pdf,https://casinocontrol.ohio.gov/about/revenue-reports,OH/screenshots/OH_2023_12_OH_2023_sports_p1.png,"HOLLYWOOD GAMING AT DAYTON RACEWAY - RSI OH, LLC 2,318,523 2 ,090,958 14,881 1 34,471 212,684 212,684",,2026-04-08T18:42:56.745418
OH,2023-07-01,2023-07-31,monthly,HOLLYWOOD COLUMBUS - PENN INTERACTIVE (ESPN BET),ESPN BET,ESPN Bet,PENN Entertainment,online,,994476500,69298900,,5538900,69298900,,,,0.06968379846079822,31,False,False,OH_2023_sports.pdf,,,,8,0,https://dam.assets.ohio.gov/image/upload/v1745842746/casinocontrol.ohio.gov/revenue-reports/December_2023_Sports_Gaming_Revenue_Report.pdf,https://casinocontrol.ohio.gov/about/revenue-reports,OH/screenshots/OH_2023_12_OH_2023_sports_p1.png,"HOLLYWOOD COLUMBUS - PENN INTERACTIVE (ESPN BET) 9,944,765 9 ,237,215 14,561 5 5,389 692,989 692,989",,2026-04-08T18:42:56.745418
OH,2023-07-01,2023-07-31,monthly,HOF VILLAGE - BETR,Betr,Betr,Betr,online,,31328000,3087500,,2343900,3087500,,,,0.09855400919305414,31,False,False,OH_2023_sports.pdf,,,,8,0,https://dam.assets.ohio.gov/image/upload/v1745842746/casinocontrol.ohio.gov/revenue-reports/December_2023_Sports_Gaming_Revenue_Report.pdf,https://casinocontrol.ohio.gov/about/revenue-reports,OH/screenshots/OH_2023_12_OH_2023_sports_p1.png,"HOF VILLAGE - BETR 3 13,280 273,074 9 ,331 2 3,439 30,875 30,875",,2026-04-08T18:42:56.745418
OH,2023-07-01,2023-07-31,monthly,HARD ROCK CINCINNATI - SEMINOLE HARD ROCK DIGITAL,Hard Rock Bet,Hard Rock Bet,Seminole Tribe / Hard Rock Digital,online,,452651000,40368100,,11173400,40368100,,,,0.0891815107002967,31,False,False,OH_2023_sports.pdf,,,,8,0,https://dam.assets.ohio.gov/image/upload/v1745842746/casinocontrol.ohio.gov/revenue-reports/December_2023_Sports_Gaming_Revenue_Report.pdf,https://casinocontrol.ohio.gov/about/revenue-reports,OH/screenshots/OH_2023_12_OH_2023_sports_p1.png,"HARD ROCK CINCINNATI - SEMINOLE HARD ROCK DIGITAL 4,526,510 4 ,074,782 48,047 1 11,734 403,681 403,681",,2026-04-08T18:42:56.745418
OH,2023-07-01,2023-07-31,monthly,FC CINCINNATI - SUPERBOOK,SuperBook,SuperBook,SuperBook Sports,online,,45638200,4427300,,1209500,4427300,,,,0.09700864626562836,31,False,False,OH_2023_sports.pdf,,,,8,0,https://dam.assets.ohio.gov/image/upload/v1745842746/casinocontrol.ohio.gov/revenue-reports/December_2023_Sports_Gaming_Revenue_Report.pdf,https://casinocontrol.ohio.gov/about/revenue-reports,OH/screenshots/OH_2023_12_OH_2023_sports_p1.png,"FC CINCINNATI - SUPERBOOK 4 56,382 407,277 4 ,832 1 2,095 44,273 44,273",,2026-04-08T18:42:56.745418
OH,2023-07-01,2023-07-31,monthly,COLUMBUS CREW SC - TIPICO,Tipico,Tipico,Tipico Group,online,,471747900,53555800,,36725300,53555800,,,,0.1135263135246601,31,False,False,OH_2023_sports.pdf,,,,8,0,https://dam.assets.ohio.gov/image/upload/v1745842746/casinocontrol.ohio.gov/revenue-reports/December_2023_Sports_Gaming_Revenue_Report.pdf,https://casinocontrol.ohio.gov/about/revenue-reports,OH/screenshots/OH_2023_12_OH_2023_sports_p1.png,"COLUMBUS CREW SC - TIPICO 4,717,479 4 ,152,206 29,715 3 67,253 535,558 535,558",,2026-04-08T18:42:56.745418
OH,2023-07-01,2023-07-31,monthly,COLUMBUS BLUE JACKETS - FANATICS,Fanatics,Fanatics,Fanatics Inc,online,,328894900,65721700,,112751700,65721700,,,,0.1998258410209462,31,False,False,OH_2023_sports.pdf,,,,8,0,https://dam.assets.ohio.gov/image/upload/v1745842746/casinocontrol.ohio.gov/revenue-reports/December_2023_Sports_Gaming_Revenue_Report.pdf,https://casinocontrol.ohio.gov/about/revenue-reports,OH/screenshots/OH_2023_12_OH_2023_sports_p1.png,"COLUMBUS BLUE JACKETS - FANATICS 3,288,949 2 ,616,286 15,446 1,127,517 657,217 657,217",,2026-04-08T18:42:56.745418
OH,2023-07-01,2023-07-31,monthly,CLEVELAND GUARDIANS - BET365,bet365,bet365,bet365 Group,online,,2352474200,88363700,,1576476200,288363700,,,,0.037562027247737724,31,False,False,OH_2023_sports.pdf,,,,8,0,https://dam.assets.ohio.gov/image/upload/v1745842746/casinocontrol.ohio.gov/revenue-reports/December_2023_Sports_Gaming_Revenue_Report.pdf,https://casinocontrol.ohio.gov/about/revenue-reports,OH/screenshots/OH_2023_12_OH_2023_sports_p1.png,"CLEVELAND GUARDIANS - BET365 23,524,742 1 9,450,194 1 ,190,911 1,576,476 2 ,883,637 2 ,883,637",,2026-04-08T18:42:56.745418
OH,2023-07-01,2023-07-31,monthly,CINCINNATI BENGALS - BETFRED SPORTS,Betfred,Betfred,Betfred Group,online,,136339100,3333600,,8879800,3333600,,,,0.024450799513859194,31,False,False,OH_2023_sports.pdf,,,,8,0,https://dam.assets.ohio.gov/image/upload/v1745842746/casinocontrol.ohio.gov/revenue-reports/December_2023_Sports_Gaming_Revenue_Report.pdf,https://casinocontrol.ohio.gov/about/revenue-reports,OH/screenshots/OH_2023_12_OH_2023_sports_p1.png,"CINCINNATI BENGALS - BETFRED SPORTS 1,363,391 1 ,303,322 26,733 8 8,798 33,336 33,336",,2026-04-08T18:42:56.745418
OH,2023-07-01,2023-07-31,monthly,BELTERRA PARK - FANDUEL,FanDuel,FanDuel,Flutter Entertainment,online,,10667135600,1399995300,,301574400,1399995300,,,,0.13124378956990104,31,False,False,OH_2023_sports.pdf,,,,8,0,https://dam.assets.ohio.gov/image/upload/v1745842746/casinocontrol.ohio.gov/revenue-reports/December_2023_Sports_Gaming_Revenue_Report.pdf,https://casinocontrol.ohio.gov/about/revenue-reports,OH/screenshots/OH_2023_12_OH_2023_sports_p1.png,"BELTERRA PARK - FANDUEL 1 06,671,356 9 2,176,319 495,084 3,015,744 13,999,953 1 3,999,953",,2026-04-08T18:42:56.745418
OH,2023-07-01,2023-07-31,monthly,BELTERRA PARK - BETWAY,Betway,Betway,Digital Gaming USA,online,,53041700,6553800,,2401700,6553800,,,,0.12355938817948897,31,False,False,OH_2023_sports.pdf,,,,8,0,https://dam.assets.ohio.gov/image/upload/v1745842746/casinocontrol.ohio.gov/revenue-reports/December_2023_Sports_Gaming_Revenue_Report.pdf,https://casinocontrol.ohio.gov/about/revenue-reports,OH/screenshots/OH_2023_12_OH_2023_sports_p1.png,"BELTERRA PARK - BETWAY 5 30,417 460,531 4 ,348 2 4,017 65,538 65,538",,2026-04-08T18:42:56.745418
OH,2023-07-01,2023-07-31,monthly,MIAMI VALLEY GAMING AND RACING - MVGBET,MVGBet,MVGBet,Independent,online,,38952900,3063900,,3196500,3063900,,,,0.07865653134939889,31,False,False,OH_2023_sports.pdf,,,,8,0,https://dam.assets.ohio.gov/image/upload/v1745842746/casinocontrol.ohio.gov/revenue-reports/December_2023_Sports_Gaming_Revenue_Report.pdf,https://casinocontrol.ohio.gov/about/revenue-reports,OH/screenshots/OH_2023_12_OH_2023_sports_p1.png,"MIAMI VALLEY GAMING AND RACING - MVGBET 3 89,529 354,920 3 ,970 3 1,965 30,639 30,639",,2026-04-08T18:42:56.745418
OH,2023-07-01,2023-07-31,monthly,SCIOTO DOWNS - CAESARS SPORTSBOOK,Caesars Sportsbook,Caesars,Caesars Entertainment,online,,1774883500,19886300,,213798100,119886300,,,,0.011204284675585749,31,False,False,OH_2023_sports.pdf,,,,8,0,https://dam.assets.ohio.gov/image/upload/v1745842746/casinocontrol.ohio.gov/revenue-reports/December_2023_Sports_Gaming_Revenue_Report.pdf,https://casinocontrol.ohio.gov/about/revenue-reports,OH/screenshots/OH_2023_12_OH_2023_sports_p1.png,"SCIOTO DOWNS - CAESARS SPORTSBOOK 17,748,835 1 6,311,024 238,948 2 13,798 1 ,198,863 1 ,198,863",,2026-04-08T18:42:56.745418
OH,2023-05-01,2023-05-31,monthly,HOLLYWOOD GAMING AT MAHONING VALLEY,Hollywood Mahoning Valley,ESPN Bet,PENN Entertainment,retail,,104832500,15449300,,0,15449300,,,,0.14737128276059427,31,False,False,OH_2023_sports.pdf,,,,6,0,https://dam.assets.ohio.gov/image/upload/v1745842746/casinocontrol.ohio.gov/revenue-reports/December_2023_Sports_Gaming_Revenue_Report.pdf,https://casinocontrol.ohio.gov/about/revenue-reports,OH/screenshots/OH_2023_12_OH_2023_sports_p1.png,"HOLLYWOOD GAMING AT MAHONING VALLEY 1,048,325 891,269 2 ,563 - 154,493 154,493",,2026-04-08T18:42:56.745418
OH,2023-07-01,2023-07-31,monthly,BELTERRA PARK - FANDUEL,FanDuel,FanDuel,Flutter Entertainment,retail,,37681800,5776800,,0,5776800,,,,0.15330477843415125,31,False,False,OH_2023_sports.pdf,,,,8,0,https://dam.assets.ohio.gov/image/upload/v1745842746/casinocontrol.ohio.gov/revenue-reports/December_2023_Sports_Gaming_Revenue_Report.pdf,https://casinocontrol.ohio.gov/about/revenue-reports,OH/screenshots/OH_2023_12_OH_2023_sports_p1.png,"BELTERRA PARK - FANDUEL 3 76,818 317,401 1 ,649 - 57,768 57,768",,2026-04-08T18:42:56.745418
OH,2023-08-01,2023-08-31,monthly,BELTERRA PARK - FANDUEL,FanDuel,FanDuel,Flutter Entertainment,online,,11584078000,,,2236531528355300,1528355300,,,,,31,False,False,OH_2023_sports.pdf,,,,9,0,https://dam.assets.ohio.gov/image/upload/v1745842746/casinocontrol.ohio.gov/revenue-reports/December_2023_Sports_Gaming_Revenue_Report.pdf,https://casinocontrol.ohio.gov/about/revenue-reports,OH/screenshots/OH_2023_12_OH_2023_sports_p1.png,"BELTERRA PARK - FANDUEL 115,840,780 99,690,016 8 67,211 3 ,223,653 1 5,283,553 15,283,553",,2026-04-08T18:42:56.745418
OH,2023-08-01,2023-08-31,monthly,BELTERRA PARK - BETWAY,Betway,Betway,Digital Gaming USA,online,,37307800,,,165865255900,5255900,,,,,31,False,False,OH_2023_sports.pdf,,,,9,0,https://dam.assets.ohio.gov/image/upload/v1745842746/casinocontrol.ohio.gov/revenue-reports/December_2023_Sports_Gaming_Revenue_Report.pdf,https://casinocontrol.ohio.gov/about/revenue-reports,OH/screenshots/OH_2023_12_OH_2023_sports_p1.png,"BELTERRA PARK - BETWAY 373,078 3 17,524 2,995 16,586 5 2,559 52,559",,2026-04-08T18:42:56.745418
OH,2023-07-01,2023-07-31,monthly,SCIOTO DOWNS - CAESARS SPORTSBOOK,Caesars Sportsbook,Caesars,Caesars Entertainment,retail,,54320100,-277000,,0,0,,,,-0.005099401510674686,31,False,False,OH_2023_sports.pdf,,,,8,0,https://dam.assets.ohio.gov/image/upload/v1745842746/casinocontrol.ohio.gov/revenue-reports/December_2023_Sports_Gaming_Revenue_Report.pdf,https://casinocontrol.ohio.gov/about/revenue-reports,OH/screenshots/OH_2023_12_OH_2023_sports_p1.png,"SCIOTO DOWNS - CAESARS SPORTSBOOK 5 43,201 543,153 2 ,818 - (2,770) -",,2026-04-08T18:42:56.745418
OH,2023-07-01,2023-07-31,monthly,MIAMI VALLEY GAMING AND RACING,MVGBet,MVGBet,Independent,retail,,26762800,3645000,,0,3645000,,,,0.13619651157576934,31,False,False,OH_2023_sports.pdf,,,,8,0,https://dam.assets.ohio.gov/image/upload/v1745842746/casinocontrol.ohio.gov/revenue-reports/December_2023_Sports_Gaming_Revenue_Report.pdf,https://casinocontrol.ohio.gov/about/revenue-reports,OH/screenshots/OH_2023_12_OH_2023_sports_p1.png,"MIAMI VALLEY GAMING AND RACING 2 67,628 229,800 1 ,378 - 36,450 36,450",,2026-04-08T18:42:56.745418
OH,2023-07-01,2023-07-31,monthly,JACK THISTLEDOWN - BETJACK,betJACK,betJACK,JACK Entertainment,retail,,73230200,8325000,,0,8325000,,,,0.11368260635639395,31,False,False,OH_2023_sports.pdf,,,,8,0,https://dam.assets.ohio.gov/image/upload/v1745842746/casinocontrol.ohio.gov/revenue-reports/December_2023_Sports_Gaming_Revenue_Report.pdf,https://casinocontrol.ohio.gov/about/revenue-reports,OH/screenshots/OH_2023_12_OH_2023_sports_p1.png,"JACK THISTLEDOWN - BETJACK 7 32,302 644,320 4 ,732 - 83,250 83,250",,2026-04-08T18:42:56.745418
OH,2023-07-01,2023-07-31,monthly,JACK CLEVELAND - BETJACK,BetJACK,betJACK,JACK Entertainment,retail,,96520400,8564400,,0,8564400,,,,0.08873150131992823,31,False,False,OH_2023_sports.pdf,,,,8,0,https://dam.assets.ohio.gov/image/upload/v1745842746/casinocontrol.ohio.gov/revenue-reports/December_2023_Sports_Gaming_Revenue_Report.pdf,https://casinocontrol.ohio.gov/about/revenue-reports,OH/screenshots/OH_2023_12_OH_2023_sports_p1.png,"JACK CLEVELAND - BETJACK 9 65,204 875,820 3 ,740 - 85,644 85,644",,2026-04-08T18:42:56.745418
OH,2023-07-01,2023-07-31,monthly,HOLLYWOOD TOLEDO,Hollywood Toledo,ESPN Bet,PENN Entertainment,retail,,46601300,9225400,,0,9225400,,,,0.19796443446856632,31,False,False,OH_2023_sports.pdf,,,,8,0,https://dam.assets.ohio.gov/image/upload/v1745842746/casinocontrol.ohio.gov/revenue-reports/December_2023_Sports_Gaming_Revenue_Report.pdf,https://casinocontrol.ohio.gov/about/revenue-reports,OH/screenshots/OH_2023_12_OH_2023_sports_p1.png,"HOLLYWOOD TOLEDO 4 66,013 372,166 1 ,593 - 92,254 92,254",,2026-04-08T18:42:56.745418
OH,2023-07-01,2023-07-31,monthly,HOLLYWOOD GAMING AT MAHONING VALLEY,Hollywood Mahoning Valley,ESPN Bet,PENN Entertainment,retail,,59163600,4060900,,0,4060900,,,,0.06863848717792696,31,False,False,OH_2023_sports.pdf,,,,8,0,https://dam.assets.ohio.gov/image/upload/v1745842746/casinocontrol.ohio.gov/revenue-reports/December_2023_Sports_Gaming_Revenue_Report.pdf,https://casinocontrol.ohio.gov/about/revenue-reports,OH/screenshots/OH_2023_12_OH_2023_sports_p1.png,"HOLLYWOOD GAMING AT MAHONING VALLEY 5 91,636 549,388 1 ,639 - 40,609 40,609",,2026-04-08T18:42:56.745418
OH,2023-07-01,2023-07-31,monthly,HOLLYWOOD GAMING AT DAYTON RACEWAY,Hollywood Dayton,ESPN Bet,PENN Entertainment,retail,,58580100,7177200,,0,7177200,,,,0.12251942212457814,31,False,False,OH_2023_sports.pdf,,,,8,0,https://dam.assets.ohio.gov/image/upload/v1745842746/casinocontrol.ohio.gov/revenue-reports/December_2023_Sports_Gaming_Revenue_Report.pdf,https://casinocontrol.ohio.gov/about/revenue-reports,OH/screenshots/OH_2023_12_OH_2023_sports_p1.png,"HOLLYWOOD GAMING AT DAYTON RACEWAY 5 85,801 512,215 1 ,814 - 71,772 71,772",,2026-04-08T18:42:56.745418
OH,2023-07-01,2023-07-31,monthly,HOLLYWOOD COLUMBUS,Hollywood Columbus,ESPN Bet,PENN Entertainment,retail,,138695200,17202200,,0,17202200,,,,0.12402880561115309,31,False,False,OH_2023_sports.pdf,,,,8,0,https://dam.assets.ohio.gov/image/upload/v1745842746/casinocontrol.ohio.gov/revenue-reports/December_2023_Sports_Gaming_Revenue_Report.pdf,https://casinocontrol.ohio.gov/about/revenue-reports,OH/screenshots/OH_2023_12_OH_2023_sports_p1.png,"HOLLYWOOD COLUMBUS 1,386,952 1 ,182,156 32,774 - 172,022 172,022",,2026-04-08T18:42:56.745418
OH,2023-07-01,2023-07-31,monthly,HARD ROCK CINCINNATI - SEMINOLE HARD ROCK DIGITAL,Hard Rock Bet,Hard Rock Bet,Seminole Tribe / Hard Rock Digital,retail,,156974400,20764600,,0,20764600,,,,0.13228016797643438,31,False,False,OH_2023_sports.pdf,,,,8,0,https://dam.assets.ohio.gov/image/upload/v1745842746/casinocontrol.ohio.gov/revenue-reports/December_2023_Sports_Gaming_Revenue_Report.pdf,https://casinocontrol.ohio.gov/about/revenue-reports,OH/screenshots/OH_2023_12_OH_2023_sports_p1.png,"HARD ROCK CINCINNATI - SEMINOLE HARD ROCK DIGITAL 1,569,744 1 ,326,147 35,951 - 207,646 207,646",,2026-04-08T18:42:56.745418
OH,2023-07-01,2023-07-31,monthly,FC CINCINNATI - SUPERBOOK,SuperBook,SuperBook,SuperBook Sports,retail,,164400,76300,,0,76300,,,,0.46411192214111924,31,False,False,OH_2023_sports.pdf,,,,8,0,https://dam.assets.ohio.gov/image/upload/v1745842746/casinocontrol.ohio.gov/revenue-reports/December_2023_Sports_Gaming_Revenue_Report.pdf,https://casinocontrol.ohio.gov/about/revenue-reports,OH/screenshots/OH_2023_12_OH_2023_sports_p1.png,"FC CINCINNATI - SUPERBOOK 1,644 781 100 - 763 763",,2026-04-08T18:42:56.745418
OH,2023-07-01,2023-07-31,monthly,CLEVELAND CAVALIERS - CAESARS SPORTSBOOK,Caesars,Caesars,Caesars Entertainment,retail,,106830300,-1152000,,0,0,,,,-0.010783457502225492,31,False,False,OH_2023_sports.pdf,,,,8,0,https://dam.assets.ohio.gov/image/upload/v1745842746/casinocontrol.ohio.gov/revenue-reports/December_2023_Sports_Gaming_Revenue_Report.pdf,https://casinocontrol.ohio.gov/about/revenue-reports,OH/screenshots/OH_2023_12_OH_2023_sports_p1.png,"CLEVELAND CAVALIERS - CAESARS SPORTSBOOK 1,068,303 1 ,040,218 39,605 - (11,520) -",,2026-04-08T18:42:56.745418
OH,2023-07-01,2023-07-31,monthly,CINCINNATI REDS - BETMGM,BetMGM,BetMGM,Entain/MGM Resorts,retail,,6660300,970400,,0,970400,,,,0.1456991426812606,31,False,False,OH_2023_sports.pdf,,,,8,0,https://dam.assets.ohio.gov/image/upload/v1745842746/casinocontrol.ohio.gov/revenue-reports/December_2023_Sports_Gaming_Revenue_Report.pdf,https://casinocontrol.ohio.gov/about/revenue-reports,OH/screenshots/OH_2023_12_OH_2023_sports_p1.png,"CINCINNATI REDS - BETMGM 6 6,603 56,724 175 - 9 ,704 9 ,704",,2026-04-08T18:42:56.745418
OH,2023-06-01,2023-06-30,monthly,SCIOTO DOWNS - CAESARS SPORTSBOOK,Caesars Sportsbook,Caesars,Caesars Entertainment,retail,,96252900,15179800,,0,15179800,,,,0.15770745608703737,30,False,False,OH_2023_sports.pdf,,,,7,0,https://dam.assets.ohio.gov/image/upload/v1745842746/casinocontrol.ohio.gov/revenue-reports/December_2023_Sports_Gaming_Revenue_Report.pdf,https://casinocontrol.ohio.gov/about/revenue-reports,OH/screenshots/OH_2023_12_OH_2023_sports_p1.png,"SCIOTO DOWNS - CAESARS SPORTSBOOK 9 62,529 809,018 1 ,713 - 151,798 151,798",,2026-04-08T18:42:56.745418
OH,2023-06-01,2023-06-30,monthly,MIAMI VALLEY GAMING AND RACING,MVGBet,MVGBet,Independent,retail,,22671600,2008000,,0,2008000,,,,0.08856895852079254,30,False,False,OH_2023_sports.pdf,,,,7,0,https://dam.assets.ohio.gov/image/upload/v1745842746/casinocontrol.ohio.gov/revenue-reports/December_2023_Sports_Gaming_Revenue_Report.pdf,https://casinocontrol.ohio.gov/about/revenue-reports,OH/screenshots/OH_2023_12_OH_2023_sports_p1.png,"MIAMI VALLEY GAMING AND RACING 2 26,716 205,917 719 - 20,080 20,080",,2026-04-08T18:42:56.745418
OH,2023-06-01,2023-06-30,monthly,JACK THISTLEDOWN - BETJACK,betJACK,betJACK,JACK Entertainment,retail,,74073300,11729800,,0,11729800,,,,0.15835395479882763,30,False,False,OH_2023_sports.pdf,,,,7,0,https://dam.assets.ohio.gov/image/upload/v1745842746/casinocontrol.ohio.gov/revenue-reports/December_2023_Sports_Gaming_Revenue_Report.pdf,https://casinocontrol.ohio.gov/about/revenue-reports,OH/screenshots/OH_2023_12_OH_2023_sports_p1.png,"JACK THISTLEDOWN - BETJACK 7 40,733 619,441 3 ,994 - 117,298 117,298",,2026-04-08T18:42:56.745418
OH,2023-06-01,2023-06-30,monthly,HOLLYWOOD COLUMBUS - PENN INTERACTIVE (ESPN BET),ESPN BET,ESPN Bet,PENN Entertainment,online,,1447077200,77457100,,12422000,77457100,,,,0.053526584483536886,30,False,False,OH_2023_sports.pdf,,,,7,0,https://dam.assets.ohio.gov/image/upload/v1745842746/casinocontrol.ohio.gov/revenue-reports/December_2023_Sports_Gaming_Revenue_Report.pdf,https://casinocontrol.ohio.gov/about/revenue-reports,OH/screenshots/OH_2023_12_OH_2023_sports_p1.png,"HOLLYWOOD COLUMBUS - PENN INTERACTIVE (ESPN BET) 14,470,772 1 3,605,047 91,154 1 24,220 774,571 774,571",,2026-04-08T18:42:56.745418
OH,2023-06-01,2023-06-30,monthly,HOF VILLAGE - BETR,Betr,Betr,Betr,online,,46958600,2630100,,7288900,2630100,,,,0.05600890997602143,30,False,False,OH_2023_sports.pdf,,,,7,0,https://dam.assets.ohio.gov/image/upload/v1745842746/casinocontrol.ohio.gov/revenue-reports/December_2023_Sports_Gaming_Revenue_Report.pdf,https://casinocontrol.ohio.gov/about/revenue-reports,OH/screenshots/OH_2023_12_OH_2023_sports_p1.png,"HOF VILLAGE - BETR 4 69,586 432,294 10,991 7 2,889 26,301 26,301",,2026-04-08T18:42:56.745418
OH,2023-06-01,2023-06-30,monthly,HARD ROCK CINCINNATI - SEMINOLE HARD ROCK DIGITAL,Hard Rock Bet,Hard Rock Bet,Seminole Tribe / Hard Rock Digital,online,,602483200,28291100,,11132400,28291100,,,,0.046957491926745844,30,False,False,OH_2023_sports.pdf,,,,7,0,https://dam.assets.ohio.gov/image/upload/v1745842746/casinocontrol.ohio.gov/revenue-reports/December_2023_Sports_Gaming_Revenue_Report.pdf,https://casinocontrol.ohio.gov/about/revenue-reports,OH/screenshots/OH_2023_12_OH_2023_sports_p1.png,"HARD ROCK CINCINNATI - SEMINOLE HARD ROCK DIGITAL 6,024,832 5 ,658,110 83,811 1 11,324 282,911 282,911",,2026-04-08T18:42:56.745418
OH,2023-06-01,2023-06-30,monthly,FC CINCINNATI - SUPERBOOK,SuperBook,SuperBook,SuperBook Sports,online,,53534800,-2599900,,1084700,0,,,,-0.04856467195170244,30,False,False,OH_2023_sports.pdf,,,,7,0,https://dam.assets.ohio.gov/image/upload/v1745842746/casinocontrol.ohio.gov/revenue-reports/December_2023_Sports_Gaming_Revenue_Report.pdf,https://casinocontrol.ohio.gov/about/revenue-reports,OH/screenshots/OH_2023_12_OH_2023_sports_p1.png,"FC CINCINNATI - SUPERBOOK 5 35,348 549,949 11,398 1 0,847 (25,999) -",,2026-04-08T18:42:56.745418
OH,2023-06-01,2023-06-30,monthly,COLUMBUS CREW SC - TIPICO,Tipico,Tipico,Tipico Group,online,,405656200,43263700,,40143700,43263700,,,,0.10665114942160381,30,False,False,OH_2023_sports.pdf,,,,7,0,https://dam.assets.ohio.gov/image/upload/v1745842746/casinocontrol.ohio.gov/revenue-reports/December_2023_Sports_Gaming_Revenue_Report.pdf,https://casinocontrol.ohio.gov/about/revenue-reports,OH/screenshots/OH_2023_12_OH_2023_sports_p1.png,"COLUMBUS CREW SC - TIPICO 4,056,562 3 ,573,481 50,444 4 01,437 432,637 432,637",,2026-04-08T18:42:56.745418
OH,2023-06-01,2023-06-30,monthly,CLEVELAND GUARDIANS - BET365,bet365,bet365,bet365 Group,online,,2654527300,65108600,,2479993200,265108600,,,,0.024527380072527413,30,False,False,OH_2023_sports.pdf,,,,7,0,https://dam.assets.ohio.gov/image/upload/v1745842746/casinocontrol.ohio.gov/revenue-reports/December_2023_Sports_Gaming_Revenue_Report.pdf,https://casinocontrol.ohio.gov/about/revenue-reports,OH/screenshots/OH_2023_12_OH_2023_sports_p1.png,"CLEVELAND GUARDIANS - BET365 26,545,273 2 2,399,241 1 ,494,946 2,479,993 2 ,651,086 2 ,651,086",,2026-04-08T18:42:56.745418
OH,2023-06-01,2023-06-30,monthly,CINCINNATI BENGALS - BETFRED SPORTS,Betfred,Betfred,Betfred Group,online,,143734200,5377200,,10019900,5377200,,,,0.037410720621814435,30,False,False,OH_2023_sports.pdf,,,,7,0,https://dam.assets.ohio.gov/image/upload/v1745842746/casinocontrol.ohio.gov/revenue-reports/December_2023_Sports_Gaming_Revenue_Report.pdf,https://casinocontrol.ohio.gov/about/revenue-reports,OH/screenshots/OH_2023_12_OH_2023_sports_p1.png,"CINCINNATI BENGALS - BETFRED SPORTS 1,437,342 1 ,352,867 30,703 1 00,199 53,772 53,772",,2026-04-08T18:42:56.745418
OH,2023-06-01,2023-06-30,monthly,BELTERRA PARK - FANDUEL,FanDuel,FanDuel,Flutter Entertainment,online,,12032666500,1404110600,,430063800,1404110600,,,,0.11669155793522575,30,False,False,OH_2023_sports.pdf,,,,7,0,https://dam.assets.ohio.gov/image/upload/v1745842746/casinocontrol.ohio.gov/revenue-reports/December_2023_Sports_Gaming_Revenue_Report.pdf,https://casinocontrol.ohio.gov/about/revenue-reports,OH/screenshots/OH_2023_12_OH_2023_sports_p1.png,"BELTERRA PARK - FANDUEL 1 20,326,665 105,386,810 898,749 4,300,638 14,041,106 1 4,041,106",,2026-04-08T18:42:56.745418
OH,2023-06-01,2023-06-30,monthly,BELTERRA PARK - BETWAY,Betway,Betway,Digital Gaming USA,online,,56138200,3062700,,2765800,3062700,,,,0.054556433943375456,30,False,False,OH_2023_sports.pdf,,,,7,0,https://dam.assets.ohio.gov/image/upload/v1745842746/casinocontrol.ohio.gov/revenue-reports/December_2023_Sports_Gaming_Revenue_Report.pdf,https://casinocontrol.ohio.gov/about/revenue-reports,OH/screenshots/OH_2023_12_OH_2023_sports_p1.png,"BELTERRA PARK - BETWAY 5 61,382 525,235 5 ,520 2 7,658 30,627 30,627",,2026-04-08T18:42:56.745418
OH,2023-05-01,2023-05-31,monthly,SCIOTO DOWNS - CAESARS SPORTSBOOK,Caesars Sportsbook,Caesars,Caesars Entertainment,retail,,97469800,-4172000,,0,0,,,,-0.04280300154509397,31,False,False,OH_2023_sports.pdf,,,,6,0,https://dam.assets.ohio.gov/image/upload/v1745842746/casinocontrol.ohio.gov/revenue-reports/December_2023_Sports_Gaming_Revenue_Report.pdf,https://casinocontrol.ohio.gov/about/revenue-reports,OH/screenshots/OH_2023_12_OH_2023_sports_p1.png,"SCIOTO DOWNS - CAESARS SPORTSBOOK 9 74,698 1 ,009,647 6 ,771 - (41,720) -",,2026-04-08T18:42:56.745418
OH,2023-05-01,2023-05-31,monthly,MIAMI VALLEY GAMING AND RACING,MVGBet,MVGBet,Independent,retail,,40944000,7876300,,0,7876300,,,,0.19236762407190308,31,False,False,OH_2023_sports.pdf,,,,6,0,https://dam.assets.ohio.gov/image/upload/v1745842746/casinocontrol.ohio.gov/revenue-reports/December_2023_Sports_Gaming_Revenue_Report.pdf,https://casinocontrol.ohio.gov/about/revenue-reports,OH/screenshots/OH_2023_12_OH_2023_sports_p1.png,"MIAMI VALLEY GAMING AND RACING 4 09,440 330,677 - - 78,763 78,763",,2026-04-08T18:42:56.745418
OH,2023-05-01,2023-05-31,monthly,JACK THISTLEDOWN - BETJACK,betJACK,betJACK,JACK Entertainment,retail,,107470400,11006600,,0,11006600,,,,0.10241517664398755,31,False,False,OH_2023_sports.pdf,,,,6,0,https://dam.assets.ohio.gov/image/upload/v1745842746/casinocontrol.ohio.gov/revenue-reports/December_2023_Sports_Gaming_Revenue_Report.pdf,https://casinocontrol.ohio.gov/about/revenue-reports,OH/screenshots/OH_2023_12_OH_2023_sports_p1.png,"JACK THISTLEDOWN - BETJACK 1,074,704 956,050 8 ,588 - 110,066 110,066",,2026-04-08T18:42:56.745418
OH,2023-05-01,2023-05-31,monthly,JACK CLEVELAND - BETJACK,BetJACK,betJACK,JACK Entertainment,retail,,126722700,26411800,,30000,26411800,,,,0.20842201121030407,31,False,False,OH_2023_sports.pdf,,,,6,0,https://dam.assets.ohio.gov/image/upload/v1745842746/casinocontrol.ohio.gov/revenue-reports/December_2023_Sports_Gaming_Revenue_Report.pdf,https://casinocontrol.ohio.gov/about/revenue-reports,OH/screenshots/OH_2023_12_OH_2023_sports_p1.png,"JACK CLEVELAND - BETJACK 1,267,227 973,065 30,044 3 00 264,118 264,118",,2026-04-08T18:42:56.745418
OH,2023-06-01,2023-06-30,monthly,"HOLLYWOOD GAMING AT DAYTON RACEWAY - RSI OH, LLC",BetRivers,BetRivers,Rush Street Interactive,online,,224579000,14225000,,13115500,14225000,,,,0.06334073978421847,30,False,False,OH_2023_sports.pdf,,,,7,0,https://dam.assets.ohio.gov/image/upload/v1745842746/casinocontrol.ohio.gov/revenue-reports/December_2023_Sports_Gaming_Revenue_Report.pdf,https://casinocontrol.ohio.gov/about/revenue-reports,OH/screenshots/OH_2023_12_OH_2023_sports_p1.png,"HOLLYWOOD GAMING AT DAYTON RACEWAY - RSI OH, LLC 2,245,790 2 ,083,959 19,581 1 31,155 142,250 142,250",,2026-04-08T18:42:56.745418
OH,2023-06-01,2023-06-30,monthly,HOLLYWOOD MAHONING VALLEY - POINTSBET OHIO,Fanatics,Fanatics,Fanatics Inc,online,,216981000,24427100,,12159700,24427100,,,,0.11257713809043188,30,False,False,OH_2023_sports.pdf,,,,7,0,https://dam.assets.ohio.gov/image/upload/v1745842746/casinocontrol.ohio.gov/revenue-reports/December_2023_Sports_Gaming_Revenue_Report.pdf,https://casinocontrol.ohio.gov/about/revenue-reports,OH/screenshots/OH_2023_12_OH_2023_sports_p1.png,"HOLLYWOOD MAHONING VALLEY - POINTSBET OHIO 2,169,810 1 ,896,279 29,260 1 21,597 244,271 244,271",,2026-04-08T18:42:56.745418
OH,2023-06-01,2023-06-30,monthly,HOLLYWOOD TOLEDO - DRAFTKINGS,DraftKings,DraftKings,DraftKings Inc,online,,11749345900,30278200,,3358020900,930278200,,,,0.002577011542404246,30,False,False,OH_2023_sports.pdf,,,,7,0,https://dam.assets.ohio.gov/image/upload/v1745842746/casinocontrol.ohio.gov/revenue-reports/December_2023_Sports_Gaming_Revenue_Report.pdf,https://casinocontrol.ohio.gov/about/revenue-reports,OH/screenshots/OH_2023_12_OH_2023_sports_p1.png,"HOLLYWOOD TOLEDO - DRAFTKINGS 1 17,493,459 107,137,640 1 ,053,037 3,358,020 9 ,302,782 9 ,302,782",,2026-04-08T18:42:56.745418
OH,2023-06-01,2023-06-30,monthly,FC CINCINNATI - SUPERBOOK,SuperBook,SuperBook,SuperBook Sports,retail,,234900,79800,,0,79800,,,,0.3397190293742018,30,False,False,OH_2023_sports.pdf,,,,7,0,https://dam.assets.ohio.gov/image/upload/v1745842746/casinocontrol.ohio.gov/revenue-reports/December_2023_Sports_Gaming_Revenue_Report.pdf,https://casinocontrol.ohio.gov/about/revenue-reports,OH/screenshots/OH_2023_12_OH_2023_sports_p1.png,"FC CINCINNATI - SUPERBOOK 2,349 1 ,551 - - 798 798",,2026-04-08T18:42:56.745418
OH,2023-06-01,2023-06-30,monthly,JACK CLEVELAND - BETJACK,BetJACK,betJACK,JACK Entertainment,retail,,89907700,14368500,,0,14368500,,,,0.15981389803098067,30,False,False,OH_2023_sports.pdf,,,,7,0,https://dam.assets.ohio.gov/image/upload/v1745842746/casinocontrol.ohio.gov/revenue-reports/December_2023_Sports_Gaming_Revenue_Report.pdf,https://casinocontrol.ohio.gov/about/revenue-reports,OH/screenshots/OH_2023_12_OH_2023_sports_p1.png,"JACK CLEVELAND - BETJACK 8 99,077 748,826 6 ,566 - 143,685 143,685",,2026-04-08T18:42:56.745418
OH,2023-06-01,2023-06-30,monthly,HOLLYWOOD TOLEDO,Hollywood Toledo,ESPN Bet,PENN Entertainment,retail,,47774800,3800400,,0,3800400,,,,0.07954821370262147,30,False,False,OH_2023_sports.pdf,,,,7,0,https://dam.assets.ohio.gov/image/upload/v1745842746/casinocontrol.ohio.gov/revenue-reports/December_2023_Sports_Gaming_Revenue_Report.pdf,https://casinocontrol.ohio.gov/about/revenue-reports,OH/screenshots/OH_2023_12_OH_2023_sports_p1.png,"HOLLYWOOD TOLEDO 4 77,748 438,712 1 ,032 - 38,004 38,004",,2026-04-08T18:42:56.745418
OH,2023-06-01,2023-06-30,monthly,HOLLYWOOD GAMING AT MAHONING VALLEY,Hollywood Mahoning Valley,ESPN Bet,PENN Entertainment,retail,,75670700,8138100,,0,8138100,,,,0.1075462497373488,30,False,False,OH_2023_sports.pdf,,,,7,0,https://dam.assets.ohio.gov/image/upload/v1745842746/casinocontrol.ohio.gov/revenue-reports/December_2023_Sports_Gaming_Revenue_Report.pdf,https://casinocontrol.ohio.gov/about/revenue-reports,OH/screenshots/OH_2023_12_OH_2023_sports_p1.png,"HOLLYWOOD GAMING AT MAHONING VALLEY 7 56,707 674,524 802 - 81,381 81,381",,2026-04-08T18:42:56.745418
OH,2023-06-01,2023-06-30,monthly,HOLLYWOOD GAMING AT DAYTON RACEWAY,Hollywood Dayton,ESPN Bet,PENN Entertainment,retail,,86939700,9222000,,0,9222000,,,,0.106073519922429,30,False,False,OH_2023_sports.pdf,,,,7,0,https://dam.assets.ohio.gov/image/upload/v1745842746/casinocontrol.ohio.gov/revenue-reports/December_2023_Sports_Gaming_Revenue_Report.pdf,https://casinocontrol.ohio.gov/about/revenue-reports,OH/screenshots/OH_2023_12_OH_2023_sports_p1.png,"HOLLYWOOD GAMING AT DAYTON RACEWAY 8 69,397 771,610 5 ,567 - 92,220 92,220",,2026-04-08T18:42:56.745418
OH,2023-06-01,2023-06-30,monthly,HOLLYWOOD COLUMBUS,Hollywood Columbus,ESPN Bet,PENN Entertainment,retail,,173218900,-2440700,,0,0,,,,-0.014090263822250343,30,False,False,OH_2023_sports.pdf,,,,7,0,https://dam.assets.ohio.gov/image/upload/v1745842746/casinocontrol.ohio.gov/revenue-reports/December_2023_Sports_Gaming_Revenue_Report.pdf,https://casinocontrol.ohio.gov/about/revenue-reports,OH/screenshots/OH_2023_12_OH_2023_sports_p1.png,"HOLLYWOOD COLUMBUS 1,732,189 1 ,745,627 10,969 - (24,407) -",,2026-04-08T18:42:56.745418
OH,2023-06-01,2023-06-30,monthly,HARD ROCK CINCINNATI - SEMINOLE HARD ROCK DIGITAL,Hard Rock Bet,Hard Rock Bet,Seminole Tribe / Hard Rock Digital,retail,,142238600,-2639800,,0,0,,,,-0.018558956570157468,30,False,False,OH_2023_sports.pdf,,,,7,0,https://dam.assets.ohio.gov/image/upload/v1745842746/casinocontrol.ohio.gov/revenue-reports/December_2023_Sports_Gaming_Revenue_Report.pdf,https://casinocontrol.ohio.gov/about/revenue-reports,OH/screenshots/OH_2023_12_OH_2023_sports_p1.png,"HARD ROCK CINCINNATI - SEMINOLE HARD ROCK DIGITAL 1,422,386 1 ,433,272 15,512 - (26,398) -",,2026-04-08T18:42:56.745418
OH,2023-06-01,2023-06-30,monthly,CLEVELAND CAVALIERS - CAESARS SPORTSBOOK,Caesars,Caesars,Caesars Entertainment,retail,,49833800,-4232500,,0,0,,,,-0.08493231501511023,30,False,False,OH_2023_sports.pdf,,,,7,0,https://dam.assets.ohio.gov/image/upload/v1745842746/casinocontrol.ohio.gov/revenue-reports/December_2023_Sports_Gaming_Revenue_Report.pdf,https://casinocontrol.ohio.gov/about/revenue-reports,OH/screenshots/OH_2023_12_OH_2023_sports_p1.png,"CLEVELAND CAVALIERS - CAESARS SPORTSBOOK 4 98,338 537,393 3 ,270 - (42,325) -",,2026-04-08T18:42:56.745418
OH,2023-06-01,2023-06-30,monthly,JACK CLEVELAND (BETJACK),BetJACK,betJACK,JACK Entertainment,online,,255667500,21774000,,10914100,21774000,,,,0.0851653025902784,30,False,False,OH_2023_sports.pdf,,,,7,0,https://dam.assets.ohio.gov/image/upload/v1745842746/casinocontrol.ohio.gov/revenue-reports/December_2023_Sports_Gaming_Revenue_Report.pdf,https://casinocontrol.ohio.gov/about/revenue-reports,OH/screenshots/OH_2023_12_OH_2023_sports_p1.png,"JACK CLEVELAND (BETJACK) 2,556,675 2 ,317,953 20,982 1 09,141 217,740 217,740",,2026-04-08T18:42:56.745418
OH,2023-06-01,2023-06-30,monthly,CINCINNATI REDS - BETMGM,BetMGM,BetMGM,Entain/MGM Resorts,retail,,11676500,1695700,,0,1695700,,,,0.14522331178007108,30,False,False,OH_2023_sports.pdf,,,,7,0,https://dam.assets.ohio.gov/image/upload/v1745842746/casinocontrol.ohio.gov/revenue-reports/December_2023_Sports_Gaming_Revenue_Report.pdf,https://casinocontrol.ohio.gov/about/revenue-reports,OH/screenshots/OH_2023_12_OH_2023_sports_p1.png,"CINCINNATI REDS - BETMGM 1 16,765 99,553 255 - 16,957 16,957",,2026-04-08T18:42:56.745418
OH,2023-06-01,2023-06-30,monthly,BELTERRA PARK - FANDUEL,FanDuel,FanDuel,Flutter Entertainment,retail,,32532800,2680700,,0,2680700,,,,0.082399916392072,30,False,False,OH_2023_sports.pdf,,,,7,0,https://dam.assets.ohio.gov/image/upload/v1745842746/casinocontrol.ohio.gov/revenue-reports/December_2023_Sports_Gaming_Revenue_Report.pdf,https://casinocontrol.ohio.gov/about/revenue-reports,OH/screenshots/OH_2023_12_OH_2023_sports_p1.png,"BELTERRA PARK - FANDUEL 3 25,328 297,462 1 ,059 - 26,807 26,807",,2026-04-08T18:42:56.745418
OH,2023-06-01,2023-06-30,monthly,SCIOTO DOWNS - CAESARS SPORTSBOOK,Caesars Sportsbook,Caesars,Caesars Entertainment,online,,2042646900,19156300,,288477100,119156300,,,,0.009378174955250465,30,False,False,OH_2023_sports.pdf,,,,7,0,https://dam.assets.ohio.gov/image/upload/v1745842746/casinocontrol.ohio.gov/revenue-reports/December_2023_Sports_Gaming_Revenue_Report.pdf,https://casinocontrol.ohio.gov/about/revenue-reports,OH/screenshots/OH_2023_12_OH_2023_sports_p1.png,"SCIOTO DOWNS - CAESARS SPORTSBOOK 20,426,469 1 8,891,542 343,364 2 88,477 1 ,191,563 1 ,191,563",,2026-04-08T18:42:56.745418
OH,2023-06-01,2023-06-30,monthly,MUIRFIELD VILLAGE GOLF CLUB - PARX INTERACTIVE,BetRivers (Gun Lake),BetRivers,Rush Street Interactive,online,,51651800,4546100,,4892300,4546100,,,,0.08801435767969364,30,False,False,OH_2023_sports.pdf,,,,7,0,https://dam.assets.ohio.gov/image/upload/v1745842746/casinocontrol.ohio.gov/revenue-reports/December_2023_Sports_Gaming_Revenue_Report.pdf,https://casinocontrol.ohio.gov/about/revenue-reports,OH/screenshots/OH_2023_12_OH_2023_sports_p1.png,"MUIRFIELD VILLAGE GOLF CLUB - PARX INTERACTIVE 5 16,518 465,830 5 ,227 4 8,923 45,461 45,461",,2026-04-08T18:42:56.745418
OH,2023-06-01,2023-06-30,monthly,MIAMI VALLEY GAMING AND RACING - MVGBET,MVGBet,MVGBet,Independent,online,,48822400,443100,,3294300,443100,,,,0.009075752113783838,30,False,False,OH_2023_sports.pdf,,,,7,0,https://dam.assets.ohio.gov/image/upload/v1745842746/casinocontrol.ohio.gov/revenue-reports/December_2023_Sports_Gaming_Revenue_Report.pdf,https://casinocontrol.ohio.gov/about/revenue-reports,OH/screenshots/OH_2023_12_OH_2023_sports_p1.png,"MIAMI VALLEY GAMING AND RACING - MVGBET 4 88,224 479,714 4 ,079 3 2,943 4 ,431 4 ,431",,2026-04-08T18:42:56.745418
OH,2023-06-01,2023-06-30,monthly,MGM NORTHFIELD PARK - BETMGM,BetMGM,BetMGM,Entain/MGM Resorts,online,,2592412100,26278000,,2233355200,226278000,,,,0.010136505689045349,30,False,False,OH_2023_sports.pdf,,,,7,0,https://dam.assets.ohio.gov/image/upload/v1745842746/casinocontrol.ohio.gov/revenue-reports/December_2023_Sports_Gaming_Revenue_Report.pdf,https://casinocontrol.ohio.gov/about/revenue-reports,OH/screenshots/OH_2023_12_OH_2023_sports_p1.png,"MGM NORTHFIELD PARK - BETMGM 25,924,121 2 3,360,047 301,294 2,233,355 2 ,262,780 2 ,262,780",,2026-04-08T18:42:56.745418
OH,2023-08-01,2023-08-31,monthly,CINCINNATI BENGALS - BETFRED SPORTS,Betfred,Betfred,Betfred Group,online,,198278600,,,1247774757600,4757600,,,,,31,False,False,OH_2023_sports.pdf,,,,9,0,https://dam.assets.ohio.gov/image/upload/v1745842746/casinocontrol.ohio.gov/revenue-reports/December_2023_Sports_Gaming_Revenue_Report.pdf,https://casinocontrol.ohio.gov/about/revenue-reports,OH/screenshots/OH_2023_12_OH_2023_sports_p1.png,"CINCINNATI BENGALS - BETFRED SPORTS 1 ,982,786 1,891,862 43,348 124,777 4 7,576 47,576",,2026-04-08T18:42:56.745418
OH,2023-08-01,2023-08-31,monthly,CLEVELAND BROWNS - BALLY'S INTERACTIVE,Bally Bet,Bally Bet,Bally's Corporation,online,,871300,,,-229000,229000,,,,,31,False,False,OH_2023_sports.pdf,,,,9,0,https://dam.assets.ohio.gov/image/upload/v1745842746/casinocontrol.ohio.gov/revenue-reports/December_2023_Sports_Gaming_Revenue_Report.pdf,https://casinocontrol.ohio.gov/about/revenue-reports,OH/screenshots/OH_2023_12_OH_2023_sports_p1.png,"CLEVELAND BROWNS - BALLY'S INTERACTIVE 8 ,713 6,423 - - 2 ,290 2,290",,2026-04-08T18:42:56.745418
OH,2023-08-01,2023-08-31,monthly,CLEVELAND GUARDIANS - BET365,bet365,bet365,bet365 Group,online,,2758396100,,,471267221688800,221688800,,,,,31,False,False,OH_2023_sports.pdf,,,,9,0,https://dam.assets.ohio.gov/image/upload/v1745842746/casinocontrol.ohio.gov/revenue-reports/December_2023_Sports_Gaming_Revenue_Report.pdf,https://casinocontrol.ohio.gov/about/revenue-reports,OH/screenshots/OH_2023_12_OH_2023_sports_p1.png,"CLEVELAND GUARDIANS - BET365 27,583,961 23,891,182 1,475,891 1 ,471,267 2 ,216,888 2,216,888",,2026-04-08T18:42:56.745418
OH,2023-09-01,2023-09-30,monthly,COLUMBUS CREW SC - TIPICO,Tipico,Tipico,Tipico Group,online,,728686000,64651100,,64651100,,,,,0.08872285181820427,30,False,False,OH_2023_sports.pdf,,,,10,0,https://dam.assets.ohio.gov/image/upload/v1745842746/casinocontrol.ohio.gov/revenue-reports/December_2023_Sports_Gaming_Revenue_Report.pdf,https://casinocontrol.ohio.gov/about/revenue-reports,OH/screenshots/OH_2023_12_OH_2023_sports_p1.png,"COLUMBUS CREW SC - TIPICO 7,286,860 6 ,553,797 86,552 795,913 6 46,511 646,511",,2026-04-08T18:42:56.745418
OH,2023-09-01,2023-09-30,monthly,CLEVELAND CAVALIERS - CAESARS SPORTSBOOK,Caesars,Caesars,Caesars Entertainment,retail,,47117800,1835700,,-1835700,,,,,0.03895979863236399,30,False,False,OH_2023_sports.pdf,,,,10,0,https://dam.assets.ohio.gov/image/upload/v1745842746/casinocontrol.ohio.gov/revenue-reports/December_2023_Sports_Gaming_Revenue_Report.pdf,https://casinocontrol.ohio.gov/about/revenue-reports,OH/screenshots/OH_2023_12_OH_2023_sports_p1.png,"CLEVELAND CAVALIERS - CAESARS SPORTSBOOK 471,178 443,508 9 ,313 - 18,357 18,357",,2026-04-08T18:42:56.745418
OH,2023-09-01,2023-09-30,monthly,BELTERRA PARK - FANDUEL,FanDuel,FanDuel,Flutter Entertainment,retail,,57426400,11371500,,-11371500,,,,,0.19801868130337266,30,False,False,OH_2023_sports.pdf,,,,10,0,https://dam.assets.ohio.gov/image/upload/v1745842746/casinocontrol.ohio.gov/revenue-reports/December_2023_Sports_Gaming_Revenue_Report.pdf,https://casinocontrol.ohio.gov/about/revenue-reports,OH/screenshots/OH_2023_12_OH_2023_sports_p1.png,"BELTERRA PARK - FANDUEL 574,264 458,522 2 ,027 - 1 13,715 113,715",,2026-04-08T18:42:56.745418
OH,2023-09-01,2023-09-30,monthly,SCIOTO DOWNS - CAESARS SPORTSBOOK,Caesars Sportsbook,Caesars,Caesars Entertainment,online,,3045706600,226226000,,226226000,,,,,0.07427701670279074,30,False,False,OH_2023_sports.pdf,,,,10,0,https://dam.assets.ohio.gov/image/upload/v1745842746/casinocontrol.ohio.gov/revenue-reports/December_2023_Sports_Gaming_Revenue_Report.pdf,https://casinocontrol.ohio.gov/about/revenue-reports,OH/screenshots/OH_2023_12_OH_2023_sports_p1.png,"SCIOTO DOWNS - CAESARS SPORTSBOOK 3 0,457,066 27,986,532 208,274 1,124,262 2,262,260 2 ,262,260",,2026-04-08T18:42:56.745418
OH,2023-09-01,2023-09-30,monthly,MUIRFIELD VILLAGE GOLF CLUB - PARX INTERACTIVE,BetRivers (Gun Lake),BetRivers,Rush Street Interactive,online,,116033200,0,,,,,,,0.0,30,False,False,OH_2023_sports.pdf,,,,10,0,https://dam.assets.ohio.gov/image/upload/v1745842746/casinocontrol.ohio.gov/revenue-reports/December_2023_Sports_Gaming_Revenue_Report.pdf,https://casinocontrol.ohio.gov/about/revenue-reports,OH/screenshots/OH_2023_12_OH_2023_sports_p1.png,"MUIRFIELD VILLAGE GOLF CLUB - PARX INTERACTIVE 1,160,332 1 ,169,670 4 ,428 7 7,309 ( 13,766) -",,2026-04-08T18:42:56.745418
OH,2023-09-01,2023-09-30,monthly,MIAMI VALLEY GAMING AND RACING - MVGBET,MVGBet,MVGBet,Independent,online,,132632200,12509600,,443812509600,,,,,0.09431797105077047,30,False,False,OH_2023_sports.pdf,,,,10,0,https://dam.assets.ohio.gov/image/upload/v1745842746/casinocontrol.ohio.gov/revenue-reports/December_2023_Sports_Gaming_Revenue_Report.pdf,https://casinocontrol.ohio.gov/about/revenue-reports,OH/screenshots/OH_2023_12_OH_2023_sports_p1.png,"MIAMI VALLEY GAMING AND RACING - MVGBET 1,326,322 1 ,188,364 12,862 6 4,438 1 25,096 125,096",,2026-04-08T18:42:56.745418
OH,2023-09-01,2023-09-30,monthly,MGM NORTHFIELD PARK - BETMGM,BetMGM,BetMGM,Entain/MGM Resorts,online,,4614752800,611080100,,611080100,,,,,0.132418815586395,30,False,False,OH_2023_sports.pdf,,,,10,0,https://dam.assets.ohio.gov/image/upload/v1745842746/casinocontrol.ohio.gov/revenue-reports/December_2023_Sports_Gaming_Revenue_Report.pdf,https://casinocontrol.ohio.gov/about/revenue-reports,OH/screenshots/OH_2023_12_OH_2023_sports_p1.png,"MGM NORTHFIELD PARK - BETMGM 4 6,147,528 39,262,579 774,148 5,047,979 6,110,801 6 ,110,801",,2026-04-08T18:42:56.745418
OH,2023-09-01,2023-09-30,monthly,JACK CLEVELAND (BETJACK),BetJACK,betJACK,JACK Entertainment,online,,379862000,24841500,,802324841500,,,,,0.06539611753742149,30,False,False,OH_2023_sports.pdf,,,,10,0,https://dam.assets.ohio.gov/image/upload/v1745842746/casinocontrol.ohio.gov/revenue-reports/December_2023_Sports_Gaming_Revenue_Report.pdf,https://casinocontrol.ohio.gov/about/revenue-reports,OH/screenshots/OH_2023_12_OH_2023_sports_p1.png,"JACK CLEVELAND (BETJACK) 3,798,620 3 ,534,738 15,467 5 8,023 2 48,415 248,415",,2026-04-08T18:42:56.745418
OH,2023-09-01,2023-09-30,monthly,HOLLYWOOD TOLEDO - DRAFTKINGS,DraftKings,DraftKings,DraftKings Inc,online,,26134924000,2846158700,,2846158700,,,,,0.1089025053219975,30,False,False,OH_2023_sports.pdf,,,,10,0,https://dam.assets.ohio.gov/image/upload/v1745842746/casinocontrol.ohio.gov/revenue-reports/December_2023_Sports_Gaming_Revenue_Report.pdf,https://casinocontrol.ohio.gov/about/revenue-reports,OH/screenshots/OH_2023_12_OH_2023_sports_p1.png,"HOLLYWOOD TOLEDO - DRAFTKINGS 261,349,240 232,010,349 877,304 1 7,017,077 28,461,587 28,461,587",,2026-04-08T18:42:56.745418
OH,2023-09-01,2023-09-30,monthly,"HOLLYWOOD GAMING AT DAYTON RACEWAY - RSI OH, LLC",BetRivers,BetRivers,Rush Street Interactive,online,,387203000,28810700,,28810700,,,,,0.07440722308453189,30,False,False,OH_2023_sports.pdf,,,,10,0,https://dam.assets.ohio.gov/image/upload/v1745842746/casinocontrol.ohio.gov/revenue-reports/December_2023_Sports_Gaming_Revenue_Report.pdf,https://casinocontrol.ohio.gov/about/revenue-reports,OH/screenshots/OH_2023_12_OH_2023_sports_p1.png,"HOLLYWOOD GAMING AT DAYTON RACEWAY - RSI OH, LLC 3,872,030 3 ,568,106 15,817 134,742 2 88,107 288,107",,2026-04-08T18:42:56.745418
OH,2023-09-01,2023-09-30,monthly,HOLLYWOOD COLUMBUS - PENN INTERACTIVE (ESPN BET),ESPN BET,ESPN Bet,PENN Entertainment,online,,2001431100,110543100,,110543100,,,,,0.055232028721848084,30,False,False,OH_2023_sports.pdf,,,,10,0,https://dam.assets.ohio.gov/image/upload/v1745842746/casinocontrol.ohio.gov/revenue-reports/December_2023_Sports_Gaming_Revenue_Report.pdf,https://casinocontrol.ohio.gov/about/revenue-reports,OH/screenshots/OH_2023_12_OH_2023_sports_p1.png,"HOLLYWOOD COLUMBUS - PENN INTERACTIVE (ESPN BET) 2 0,014,311 18,836,415 72,465 522,944 1,105,431 1 ,105,431",,2026-04-08T18:42:56.745418
OH,2023-09-01,2023-09-30,monthly,HOF VILLAGE - BETR,Betr,Betr,Betr,online,,56097800,5233700,,32565233700,,,,,0.09329599378228737,30,False,False,OH_2023_sports.pdf,,,,10,0,https://dam.assets.ohio.gov/image/upload/v1745842746/casinocontrol.ohio.gov/revenue-reports/December_2023_Sports_Gaming_Revenue_Report.pdf,https://casinocontrol.ohio.gov/about/revenue-reports,OH/screenshots/OH_2023_12_OH_2023_sports_p1.png,"HOF VILLAGE - BETR 560,978 471,883 36,758 6 3,256 52,337 52,337",,2026-04-08T18:42:56.745418
OH,2023-09-01,2023-09-30,monthly,HARD ROCK CINCINNATI - SEMINOLE HARD ROCK DIGITAL,Hard Rock Bet,Hard Rock Bet,Seminole Tribe / Hard Rock Digital,online,,985504600,104335800,,104335800,,,,,0.10587043429325443,30,False,False,OH_2023_sports.pdf,,,,10,0,https://dam.assets.ohio.gov/image/upload/v1745842746/casinocontrol.ohio.gov/revenue-reports/December_2023_Sports_Gaming_Revenue_Report.pdf,https://casinocontrol.ohio.gov/about/revenue-reports,OH/screenshots/OH_2023_12_OH_2023_sports_p1.png,"HARD ROCK CINCINNATI - SEMINOLE HARD ROCK DIGITAL 9,855,046 8 ,730,745 80,943 681,661 1,043,358 1 ,043,358",,2026-04-08T18:42:56.745418
OH,2023-09-01,2023-09-30,monthly,"GENEVA SPORTS, LLC - PRIME SPORTS",Prime Sports,Prime Sports,Independent,online,,36600100,1055700,,-1055700,,,,,0.02884418348583747,30,False,False,OH_2023_sports.pdf,,,,10,0,https://dam.assets.ohio.gov/image/upload/v1745842746/casinocontrol.ohio.gov/revenue-reports/December_2023_Sports_Gaming_Revenue_Report.pdf,https://casinocontrol.ohio.gov/about/revenue-reports,OH/screenshots/OH_2023_12_OH_2023_sports_p1.png,"GENEVA SPORTS, LLC - PRIME SPORTS 366,001 355,444 - - 10,557 10,557",,2026-04-08T18:42:56.745418
OH,2023-09-01,2023-09-30,monthly,COLUMBUS BLUE JACKETS - FANATICS,Fanatics,Fanatics,Fanatics Inc,retail,,103639700,0,,,,,,,0.0,30,False,False,OH_2023_sports.pdf,,,,10,0,https://dam.assets.ohio.gov/image/upload/v1745842746/casinocontrol.ohio.gov/revenue-reports/December_2023_Sports_Gaming_Revenue_Report.pdf,https://casinocontrol.ohio.gov/about/revenue-reports,OH/screenshots/OH_2023_12_OH_2023_sports_p1.png,"COLUMBUS BLUE JACKETS - FANATICS 1,036,397 1 ,241,522 118 - (205,243) -",,2026-04-08T18:42:56.745418
OH,2023-09-01,2023-09-30,monthly,FC CINCINNATI - SUPERBOOK,SuperBook,SuperBook,SuperBook Sports,retail,,0,0,,,,,,,,30,False,False,OH_2023_sports.pdf,,,,10,0,https://dam.assets.ohio.gov/image/upload/v1745842746/casinocontrol.ohio.gov/revenue-reports/December_2023_Sports_Gaming_Revenue_Report.pdf,https://casinocontrol.ohio.gov/about/revenue-reports,OH/screenshots/OH_2023_12_OH_2023_sports_p1.png,FC CINCINNATI - SUPERBOOK - - - - - -,,2026-04-08T18:42:56.745418
OH,2023-09-01,2023-09-30,monthly,MIAMI VALLEY GAMING AND RACING,MVGBet,MVGBet,Independent,retail,,60932300,9198100,,-9198100,,,,,0.15095606107105755,30,False,False,OH_2023_sports.pdf,,,,10,0,https://dam.assets.ohio.gov/image/upload/v1745842746/casinocontrol.ohio.gov/revenue-reports/December_2023_Sports_Gaming_Revenue_Report.pdf,https://casinocontrol.ohio.gov/about/revenue-reports,OH/screenshots/OH_2023_12_OH_2023_sports_p1.png,"MIAMI VALLEY GAMING AND RACING 609,323 517,048 294 - 91,981 91,981",,2026-04-08T18:42:56.745418
OH,2023-10-01,2023-10-31,monthly,CLEVELAND GUARDIANS - BET365,bet365,bet365,bet365 Group,online,,4566861700,384975500,,384975500,,,,,0.08429760419502084,31,False,False,OH_2023_sports.pdf,,,,11,0,https://dam.assets.ohio.gov/image/upload/v1745842746/casinocontrol.ohio.gov/revenue-reports/December_2023_Sports_Gaming_Revenue_Report.pdf,https://casinocontrol.ohio.gov/about/revenue-reports,OH/screenshots/OH_2023_12_OH_2023_sports_p1.png,"CLEVELAND GUARDIANS - BET365 4 5,668,617 39,498,871 2 ,319,991 5,541,978 3,849,755 3 ,849,755",,2026-04-08T18:42:56.745418
OH,2023-10-01,2023-10-31,monthly,CLEVELAND BROWNS - BALLY'S INTERACTIVE,Bally Bet,Bally Bet,Bally's Corporation,online,,93433000,6405500,,4156405500,,,,,0.06855714790277526,31,False,False,OH_2023_sports.pdf,,,,11,0,https://dam.assets.ohio.gov/image/upload/v1745842746/casinocontrol.ohio.gov/revenue-reports/December_2023_Sports_Gaming_Revenue_Report.pdf,https://casinocontrol.ohio.gov/about/revenue-reports,OH/screenshots/OH_2023_12_OH_2023_sports_p1.png,"CLEVELAND BROWNS - BALLY'S INTERACTIVE 934,330 865,501 4 ,774 1 0,415 64,055 64,055",,2026-04-08T18:42:56.745418
OH,2023-10-01,2023-10-31,monthly,CINCINNATI BENGALS - BETFRED SPORTS,Betfred,Betfred,Betfred Group,online,,171132900,15916900,,15916900,,,,,0.09300900060713048,31,False,False,OH_2023_sports.pdf,,,,11,0,https://dam.assets.ohio.gov/image/upload/v1745842746/casinocontrol.ohio.gov/revenue-reports/December_2023_Sports_Gaming_Revenue_Report.pdf,https://casinocontrol.ohio.gov/about/revenue-reports,OH/screenshots/OH_2023_12_OH_2023_sports_p1.png,"CINCINNATI BENGALS - BETFRED SPORTS 1,711,329 1 ,538,739 13,421 141,691 1 59,169 159,169",,2026-04-08T18:42:56.745418
OH,2023-10-01,2023-10-31,monthly,BELTERRA PARK - FANDUEL,FanDuel,FanDuel,Flutter Entertainment,online,,25864698000,3096176300,,3096176300,,,,,0.11970664803432075,31,False,False,OH_2023_sports.pdf,,,,11,0,https://dam.assets.ohio.gov/image/upload/v1745842746/casinocontrol.ohio.gov/revenue-reports/December_2023_Sports_Gaming_Revenue_Report.pdf,https://casinocontrol.ohio.gov/about/revenue-reports,OH/screenshots/OH_2023_12_OH_2023_sports_p1.png,"BELTERRA PARK - FANDUEL 258,646,980 227,097,338 587,879 1 1,715,061 30,961,763 30,961,763",,2026-04-08T18:42:56.745418
OH,2023-10-01,2023-10-31,monthly,BELTERRA PARK - BETWAY,Betway,Betway,Digital Gaming USA,online,,75812800,6350300,,68486350300,,,,,0.08376290019627293,31,False,False,OH_2023_sports.pdf,,,,11,0,https://dam.assets.ohio.gov/image/upload/v1745842746/casinocontrol.ohio.gov/revenue-reports/December_2023_Sports_Gaming_Revenue_Report.pdf,https://casinocontrol.ohio.gov/about/revenue-reports,OH/screenshots/OH_2023_12_OH_2023_sports_p1.png,"BELTERRA PARK - BETWAY 758,128 688,828 5 ,797 2 6,848 63,503 63,503",,2026-04-08T18:42:56.745418
OH,2023-09-01,2023-09-30,monthly,SCIOTO DOWNS - CAESARS SPORTSBOOK,Caesars Sportsbook,Caesars,Caesars Entertainment,retail,,107025200,1526600,,-1526600,,,,,0.01426393036406379,30,False,False,OH_2023_sports.pdf,,,,10,0,https://dam.assets.ohio.gov/image/upload/v1745842746/casinocontrol.ohio.gov/revenue-reports/December_2023_Sports_Gaming_Revenue_Report.pdf,https://casinocontrol.ohio.gov/about/revenue-reports,OH/screenshots/OH_2023_12_OH_2023_sports_p1.png,"SCIOTO DOWNS - CAESARS SPORTSBOOK 1,070,252 1 ,049,337 5 ,649 - 15,266 15,266",,2026-04-08T18:42:56.745418
OH,2023-09-01,2023-09-30,monthly,MGM NORTHFIELD PARK - BETMGM,BetMGM,BetMGM,Entain/MGM Resorts,retail,,164149100,23098300,,-23098300,,,,,0.14071536182653455,30,False,False,OH_2023_sports.pdf,,,,10,0,https://dam.assets.ohio.gov/image/upload/v1745842746/casinocontrol.ohio.gov/revenue-reports/December_2023_Sports_Gaming_Revenue_Report.pdf,https://casinocontrol.ohio.gov/about/revenue-reports,OH/screenshots/OH_2023_12_OH_2023_sports_p1.png,"MGM NORTHFIELD PARK - BETMGM 1,641,491 1 ,385,463 25,045 - 2 30,983 230,983",,2026-04-08T18:42:56.745418
OH,2023-09-01,2023-09-30,monthly,HARD ROCK CINCINNATI - SEMINOLE HARD ROCK DIGITAL,Hard Rock Bet,Hard Rock Bet,Seminole Tribe / Hard Rock Digital,retail,,243515700,26917100,,-26917100,,,,,0.11053537821175391,30,False,False,OH_2023_sports.pdf,,,,10,0,https://dam.assets.ohio.gov/image/upload/v1745842746/casinocontrol.ohio.gov/revenue-reports/December_2023_Sports_Gaming_Revenue_Report.pdf,https://casinocontrol.ohio.gov/about/revenue-reports,OH/screenshots/OH_2023_12_OH_2023_sports_p1.png,"HARD ROCK CINCINNATI - SEMINOLE HARD ROCK DIGITAL 2,435,157 2 ,083,353 82,633 - 2 69,171 269,171",,2026-04-08T18:42:56.745418
OH,2023-09-01,2023-09-30,monthly,JACK THISTLEDOWN - BETJACK,betJACK,betJACK,JACK Entertainment,retail,,239594900,32270200,,-32270200,,,,,0.13468650626536707,30,False,False,OH_2023_sports.pdf,,,,10,0,https://dam.assets.ohio.gov/image/upload/v1745842746/casinocontrol.ohio.gov/revenue-reports/December_2023_Sports_Gaming_Revenue_Report.pdf,https://casinocontrol.ohio.gov/about/revenue-reports,OH/screenshots/OH_2023_12_OH_2023_sports_p1.png,"JACK THISTLEDOWN - BETJACK 2,395,949 2 ,055,436 17,811 - 3 22,702 322,702",,2026-04-08T18:42:56.745418
OH,2023-09-01,2023-09-30,monthly,JACK CLEVELAND - BETJACK,BetJACK,betJACK,JACK Entertainment,retail,,312087400,30389100,,-30389100,,,,,0.0973736844230174,30,False,False,OH_2023_sports.pdf,,,,10,0,https://dam.assets.ohio.gov/image/upload/v1745842746/casinocontrol.ohio.gov/revenue-reports/December_2023_Sports_Gaming_Revenue_Report.pdf,https://casinocontrol.ohio.gov/about/revenue-reports,OH/screenshots/OH_2023_12_OH_2023_sports_p1.png,"JACK CLEVELAND - BETJACK 3,120,874 2 ,784,060 32,923 - 3 03,891 303,891",,2026-04-08T18:42:56.745418
OH,2023-09-01,2023-09-30,monthly,HOLLYWOOD TOLEDO,Hollywood Toledo,ESPN Bet,PENN Entertainment,retail,,154266400,29086000,,-29086000,,,,,0.1885439732825813,30,False,False,OH_2023_sports.pdf,,,,10,0,https://dam.assets.ohio.gov/image/upload/v1745842746/casinocontrol.ohio.gov/revenue-reports/December_2023_Sports_Gaming_Revenue_Report.pdf,https://casinocontrol.ohio.gov/about/revenue-reports,OH/screenshots/OH_2023_12_OH_2023_sports_p1.png,"HOLLYWOOD TOLEDO 1,542,664 1 ,246,995 4 ,809 - 2 90,860 290,860",,2026-04-08T18:42:56.745418
OH,2023-09-01,2023-09-30,monthly,HOLLYWOOD GAMING AT MAHONING VALLEY,Hollywood Mahoning Valley,ESPN Bet,PENN Entertainment,retail,,127221600,23683100,,-23683100,,,,,0.1861562816377093,30,False,False,OH_2023_sports.pdf,,,,10,0,https://dam.assets.ohio.gov/image/upload/v1745842746/casinocontrol.ohio.gov/revenue-reports/December_2023_Sports_Gaming_Revenue_Report.pdf,https://casinocontrol.ohio.gov/about/revenue-reports,OH/screenshots/OH_2023_12_OH_2023_sports_p1.png,"HOLLYWOOD GAMING AT MAHONING VALLEY 1,272,216 1 ,027,574 7 ,811 - 2 36,831 236,831",,2026-04-08T18:42:56.745418
OH,2023-09-01,2023-09-30,monthly,HOLLYWOOD GAMING AT DAYTON RACEWAY,Hollywood Dayton,ESPN Bet,PENN Entertainment,retail,,158287700,24016700,,-24016700,,,,,0.15172815070280254,30,False,False,OH_2023_sports.pdf,,,,10,0,https://dam.assets.ohio.gov/image/upload/v1745842746/casinocontrol.ohio.gov/revenue-reports/December_2023_Sports_Gaming_Revenue_Report.pdf,https://casinocontrol.ohio.gov/about/revenue-reports,OH/screenshots/OH_2023_12_OH_2023_sports_p1.png,"HOLLYWOOD GAMING AT DAYTON RACEWAY 1,582,877 1 ,325,632 17,078 - 2 40,167 240,167",,2026-04-08T18:42:56.745418
OH,2023-09-01,2023-09-30,monthly,HOLLYWOOD COLUMBUS,Hollywood Columbus,ESPN Bet,PENN Entertainment,retail,,444787300,20704000,,-20704000,,,,,0.04654809163840784,30,False,False,OH_2023_sports.pdf,,,,10,0,https://dam.assets.ohio.gov/image/upload/v1745842746/casinocontrol.ohio.gov/revenue-reports/December_2023_Sports_Gaming_Revenue_Report.pdf,https://casinocontrol.ohio.gov/about/revenue-reports,OH/screenshots/OH_2023_12_OH_2023_sports_p1.png,"HOLLYWOOD COLUMBUS 4,447,873 4 ,209,420 31,413 - 2 07,040 207,040",,2026-04-08T18:42:56.745418
OH,2023-09-01,2023-09-30,monthly,FC CINCINNATI - SUPERBOOK,SuperBook,SuperBook,SuperBook Sports,online,,56932000,3445100,,83113445100,,,,,0.060512541277313286,30,False,False,OH_2023_sports.pdf,,,,10,0,https://dam.assets.ohio.gov/image/upload/v1745842746/casinocontrol.ohio.gov/revenue-reports/December_2023_Sports_Gaming_Revenue_Report.pdf,https://casinocontrol.ohio.gov/about/revenue-reports,OH/screenshots/OH_2023_12_OH_2023_sports_p1.png,"FC CINCINNATI - SUPERBOOK 569,320 531,742 3 ,127 1 8,311 34,451 34,451",,2026-04-08T18:42:56.745418
OH,2023-09-01,2023-09-30,monthly,COLUMBUS BLUE JACKETS - FANATICS,Fanatics,Fanatics,Fanatics Inc,online,,2365905500,387170600,,387170600,,,,,0.16364584299753307,30,False,False,OH_2023_sports.pdf,,,,10,0,https://dam.assets.ohio.gov/image/upload/v1745842746/casinocontrol.ohio.gov/revenue-reports/December_2023_Sports_Gaming_Revenue_Report.pdf,https://casinocontrol.ohio.gov/about/revenue-reports,OH/screenshots/OH_2023_12_OH_2023_sports_p1.png,"COLUMBUS BLUE JACKETS - FANATICS 2 3,659,055 19,653,447 133,902 5,904,303 3,871,706 3 ,871,706",,2026-04-08T18:42:56.745418
OH,2023-09-01,2023-09-30,monthly,CLEVELAND GUARDIANS - BET365,bet365,bet365,bet365 Group,online,,4185391100,587517700,,587517700,,,,,0.14037342890130386,30,False,False,OH_2023_sports.pdf,,,,10,0,https://dam.assets.ohio.gov/image/upload/v1745842746/casinocontrol.ohio.gov/revenue-reports/December_2023_Sports_Gaming_Revenue_Report.pdf,https://casinocontrol.ohio.gov/about/revenue-reports,OH/screenshots/OH_2023_12_OH_2023_sports_p1.png,"CLEVELAND GUARDIANS - BET365 4 1,853,911 33,908,260 2 ,070,474 8,153,245 5,875,177 5 ,875,177",,2026-04-08T18:42:56.745418
OH,2023-08-01,2023-08-31,monthly,BELTERRA PARK - FANDUEL,FanDuel,FanDuel,Flutter Entertainment,retail,,39315000,,,-8447000,8447000,,,,,31,False,False,OH_2023_sports.pdf,,,,9,0,https://dam.assets.ohio.gov/image/upload/v1745842746/casinocontrol.ohio.gov/revenue-reports/December_2023_Sports_Gaming_Revenue_Report.pdf,https://casinocontrol.ohio.gov/about/revenue-reports,OH/screenshots/OH_2023_12_OH_2023_sports_p1.png,"BELTERRA PARK - FANDUEL 393,150 3 03,984 4,696 - 8 4,470 84,470",,2026-04-08T18:42:56.745418
OH,2023-08-01,2023-08-31,monthly,SCIOTO DOWNS - CAESARS SPORTSBOOK,Caesars Sportsbook,Caesars,Caesars Entertainment,online,,1792888400,,,239569178764500,178764500,,,,,31,False,False,OH_2023_sports.pdf,,,,9,0,https://dam.assets.ohio.gov/image/upload/v1745842746/casinocontrol.ohio.gov/revenue-reports/December_2023_Sports_Gaming_Revenue_Report.pdf,https://casinocontrol.ohio.gov/about/revenue-reports,OH/screenshots/OH_2023_12_OH_2023_sports_p1.png,"SCIOTO DOWNS - CAESARS SPORTSBOOK 17,928,884 15,937,648 2 03,591 239,569 1 ,787,645 1,787,645",,2026-04-08T18:42:56.745418
OH,2023-08-01,2023-08-31,monthly,MUIRFIELD VILLAGE GOLF CLUB - PARX INTERACTIVE,BetRivers (Gun Lake),BetRivers,Rush Street Interactive,online,,57580600,,,362437893900,7893900,,,,,31,False,False,OH_2023_sports.pdf,,,,9,0,https://dam.assets.ohio.gov/image/upload/v1745842746/casinocontrol.ohio.gov/revenue-reports/December_2023_Sports_Gaming_Revenue_Report.pdf,https://casinocontrol.ohio.gov/about/revenue-reports,OH/screenshots/OH_2023_12_OH_2023_sports_p1.png,"MUIRFIELD VILLAGE GOLF CLUB - PARX INTERACTIVE 575,806 4 92,151 4,716 36,243 7 8,939 78,939",,2026-04-08T18:42:56.745418
OH,2023-08-01,2023-08-31,monthly,MIAMI VALLEY GAMING AND RACING - MVGBET,MVGBet,MVGBet,Independent,online,,53994700,,,276684600700,4600700,,,,,31,False,False,OH_2023_sports.pdf,,,,9,0,https://dam.assets.ohio.gov/image/upload/v1745842746/casinocontrol.ohio.gov/revenue-reports/December_2023_Sports_Gaming_Revenue_Report.pdf,https://casinocontrol.ohio.gov/about/revenue-reports,OH/screenshots/OH_2023_12_OH_2023_sports_p1.png,"MIAMI VALLEY GAMING AND RACING - MVGBET 539,947 4 89,695 4,245 27,668 4 6,007 46,007",,2026-04-08T18:42:56.745418
OH,2023-08-01,2023-08-31,monthly,MGM NORTHFIELD PARK - BETMGM,BetMGM,BetMGM,Entain/MGM Resorts,online,,2647061500,,,471778315062900,315062900,,,,,31,False,False,OH_2023_sports.pdf,,,,9,0,https://dam.assets.ohio.gov/image/upload/v1745842746/casinocontrol.ohio.gov/revenue-reports/December_2023_Sports_Gaming_Revenue_Report.pdf,https://casinocontrol.ohio.gov/about/revenue-reports,OH/screenshots/OH_2023_12_OH_2023_sports_p1.png,"MGM NORTHFIELD PARK - BETMGM 26,470,615 23,079,346 2 40,640 1 ,471,778 3 ,150,629 3,150,629",,2026-04-08T18:42:56.745418
OH,2023-08-01,2023-08-31,monthly,JACK CLEVELAND (BETJACK),BetJACK,betJACK,JACK Entertainment,online,,257209800,200,,4205222106600,2106600,,,,7.77575348995256e-07,31,False,False,OH_2023_sports.pdf,,,,9,0,https://dam.assets.ohio.gov/image/upload/v1745842746/casinocontrol.ohio.gov/revenue-reports/December_2023_Sports_Gaming_Revenue_Report.pdf,https://casinocontrol.ohio.gov/about/revenue-reports,OH/screenshots/OH_2023_12_OH_2023_sports_p1.png,"JACK CLEVELAND (BETJACK) 2 ,572,098 2,335,307 15,725 42,052 221,066 2 21,066",,2026-04-08T18:42:56.745418
OH,2023-08-01,2023-08-31,monthly,HOLLYWOOD TOLEDO - DRAFTKINGS,DraftKings,DraftKings,DraftKings Inc,online,,13384965500,,,7883471256595900,1256595900,,,,,31,False,False,OH_2023_sports.pdf,,,,9,0,https://dam.assets.ohio.gov/image/upload/v1745842746/casinocontrol.ohio.gov/revenue-reports/December_2023_Sports_Gaming_Revenue_Report.pdf,https://casinocontrol.ohio.gov/about/revenue-reports,OH/screenshots/OH_2023_12_OH_2023_sports_p1.png,"HOLLYWOOD TOLEDO - DRAFTKINGS 133,849,655 1 20,372,364 9 11,332 4 ,788,347 1 2,565,959 12,565,959",,2026-04-08T18:42:56.745418
OH,2023-08-01,2023-08-31,monthly,HOLLYWOOD MAHONING VALLEY - POINTSBET OHIO,Fanatics,Fanatics,Fanatics Inc,online,,351613700,200,,15078229482200,9482200,,,,5.688060505037204e-07,31,False,False,OH_2023_sports.pdf,,,,9,0,https://dam.assets.ohio.gov/image/upload/v1745842746/casinocontrol.ohio.gov/revenue-reports/December_2023_Sports_Gaming_Revenue_Report.pdf,https://casinocontrol.ohio.gov/about/revenue-reports,OH/screenshots/OH_2023_12_OH_2023_sports_p1.png,"HOLLYWOOD MAHONING VALLEY - POINTSBET OHIO 3 ,516,137 3,192,240 29,075 150,782 294,822 2 94,822",,2026-04-08T18:42:56.745418
OH,2023-08-01,2023-08-31,monthly,"HOLLYWOOD GAMING AT DAYTON RACEWAY - RSI OH, LLC",BetRivers,BetRivers,Rush Street Interactive,online,,249378700,200,,13696422744800,2744800,,,,8.019931132851362e-07,31,False,False,OH_2023_sports.pdf,,,,9,0,https://dam.assets.ohio.gov/image/upload/v1745842746/casinocontrol.ohio.gov/revenue-reports/December_2023_Sports_Gaming_Revenue_Report.pdf,https://casinocontrol.ohio.gov/about/revenue-reports,OH/screenshots/OH_2023_12_OH_2023_sports_p1.png,"HOLLYWOOD GAMING AT DAYTON RACEWAY - RSI OH, LLC 2 ,493,787 2,242,886 23,453 136,964 227,448 2 27,448",,2026-04-08T18:42:56.745418
OH,2023-08-01,2023-08-31,monthly,HOLLYWOOD COLUMBUS - PENN INTERACTIVE (ESPN BET),ESPN BET,ESPN Bet,PENN Entertainment,online,,1249531100,,,160811104355800,104355800,,,,,31,False,False,OH_2023_sports.pdf,,,,9,0,https://dam.assets.ohio.gov/image/upload/v1745842746/casinocontrol.ohio.gov/revenue-reports/December_2023_Sports_Gaming_Revenue_Report.pdf,https://casinocontrol.ohio.gov/about/revenue-reports,OH/screenshots/OH_2023_12_OH_2023_sports_p1.png,"HOLLYWOOD COLUMBUS - PENN INTERACTIVE (ESPN BET) 12,495,311 11,451,753 - 160,811 1 ,043,558 1,043,558",,2026-04-08T18:42:56.745418
OH,2023-08-01,2023-08-31,monthly,HOF VILLAGE - BETR,Betr,Betr,Betr,online,,45709500,,,218033486800,3486800,,,,,31,False,False,OH_2023_sports.pdf,,,,9,0,https://dam.assets.ohio.gov/image/upload/v1745842746/casinocontrol.ohio.gov/revenue-reports/December_2023_Sports_Gaming_Revenue_Report.pdf,https://casinocontrol.ohio.gov/about/revenue-reports,OH/screenshots/OH_2023_12_OH_2023_sports_p1.png,"HOF VILLAGE - BETR 457,095 4 12,167 10,060 21,803 3 4,868 34,868",,2026-04-08T18:42:56.745418
OH,2023-08-01,2023-08-31,monthly,HARD ROCK CINCINNATI - SEMINOLE HARD ROCK DIGITAL,Hard Rock Bet,Hard Rock Bet,Seminole Tribe / Hard Rock Digital,online,,564573400,400,,13737445027200,5027200,,,,7.084995502799104e-07,31,False,False,OH_2023_sports.pdf,,,,9,0,https://dam.assets.ohio.gov/image/upload/v1745842746/casinocontrol.ohio.gov/revenue-reports/December_2023_Sports_Gaming_Revenue_Report.pdf,https://casinocontrol.ohio.gov/about/revenue-reports,OH/screenshots/OH_2023_12_OH_2023_sports_p1.png,"HARD ROCK CINCINNATI - SEMINOLE HARD ROCK DIGITAL 5 ,645,734 5,121,388 74,074 137,374 450,272 4 50,272",,2026-04-08T18:42:56.745418
OH,2023-08-01,2023-08-31,monthly,FC CINCINNATI - SUPERBOOK,SuperBook,SuperBook,SuperBook Sports,online,,49656600,,,171225296500,5296500,,,,,31,False,False,OH_2023_sports.pdf,,,,9,0,https://dam.assets.ohio.gov/image/upload/v1745842746/casinocontrol.ohio.gov/revenue-reports/December_2023_Sports_Gaming_Revenue_Report.pdf,https://casinocontrol.ohio.gov/about/revenue-reports,OH/screenshots/OH_2023_12_OH_2023_sports_p1.png,"FC CINCINNATI - SUPERBOOK 496,566 4 40,711 2,890 17,122 5 2,965 52,965",,2026-04-08T18:42:56.745418
OH,2023-08-01,2023-08-31,monthly,COLUMBUS CREW SC - TIPICO,Tipico,Tipico,Tipico Group,online,,463833600,400,,38140640196400,196400,,,,8.623782321936143e-07,31,False,False,OH_2023_sports.pdf,,,,9,0,https://dam.assets.ohio.gov/image/upload/v1745842746/casinocontrol.ohio.gov/revenue-reports/December_2023_Sports_Gaming_Revenue_Report.pdf,https://casinocontrol.ohio.gov/about/revenue-reports,OH/screenshots/OH_2023_12_OH_2023_sports_p1.png,"COLUMBUS CREW SC - TIPICO 4 ,638,336 4,189,864 46,508 381,406 401,964 4 01,964",,2026-04-08T18:42:56.745418
OH,2023-08-01,2023-08-31,monthly,CLEVELAND CAVALIERS - CAESARS SPORTSBOOK,Caesars,Caesars,Caesars Entertainment,retail,,118137000,,,,0,,,,,31,False,False,OH_2023_sports.pdf,,,,9,0,https://dam.assets.ohio.gov/image/upload/v1745842746/casinocontrol.ohio.gov/revenue-reports/December_2023_Sports_Gaming_Revenue_Report.pdf,https://casinocontrol.ohio.gov/about/revenue-reports,OH/screenshots/OH_2023_12_OH_2023_sports_p1.png,"CLEVELAND CAVALIERS - CAESARS SPORTSBOOK 1 ,181,370 8 83,352 3 19,348 - (21,330) -",,2026-04-08T18:42:56.745418
OH,2023-08-01,2023-08-31,monthly,COLUMBUS BLUE JACKETS - FANATICS,Fanatics,Fanatics,Fanatics Inc,retail,,814500,,,-517100,517100,,,,,31,False,False,OH_2023_sports.pdf,,,,9,0,https://dam.assets.ohio.gov/image/upload/v1745842746/casinocontrol.ohio.gov/revenue-reports/December_2023_Sports_Gaming_Revenue_Report.pdf,https://casinocontrol.ohio.gov/about/revenue-reports,OH/screenshots/OH_2023_12_OH_2023_sports_p1.png,"COLUMBUS BLUE JACKETS - FANATICS 8 ,145 2,974 - - 5 ,171 5,171",,2026-04-08T18:42:56.745418
OH,2023-08-01,2023-08-31,monthly,MGM NORTHFIELD PARK - BETMGM,BetMGM,BetMGM,Entain/MGM Resorts,retail,,199296100,,,,0,,,,,31,False,False,OH_2023_sports.pdf,,,,9,0,https://dam.assets.ohio.gov/image/upload/v1745842746/casinocontrol.ohio.gov/revenue-reports/December_2023_Sports_Gaming_Revenue_Report.pdf,https://casinocontrol.ohio.gov/about/revenue-reports,OH/screenshots/OH_2023_12_OH_2023_sports_p1.png,"MGM NORTHFIELD PARK - BETMGM 1 ,992,961 1,997,403 26,574 - (31,016) -",,2026-04-08T18:42:56.745418
OH,2023-09-01,2023-09-30,monthly,CLEVELAND BROWNS - BALLY'S INTERACTIVE,Bally Bet,Bally Bet,Bally's Corporation,online,,61288900,6197300,,83606197300,,,,,0.10111618906523041,30,False,False,OH_2023_sports.pdf,,,,10,0,https://dam.assets.ohio.gov/image/upload/v1745842746/casinocontrol.ohio.gov/revenue-reports/December_2023_Sports_Gaming_Revenue_Report.pdf,https://casinocontrol.ohio.gov/about/revenue-reports,OH/screenshots/OH_2023_12_OH_2023_sports_p1.png,"CLEVELAND BROWNS - BALLY'S INTERACTIVE 612,889 547,067 3 ,849 8,360 61,973 61,973",,2026-04-08T18:42:56.745418
OH,2023-09-01,2023-09-30,monthly,CINCINNATI BENGALS - BETFRED SPORTS,Betfred,Betfred,Betfred Group,online,,230834600,22226200,,22226200,,,,,0.09628625864580093,30,False,False,OH_2023_sports.pdf,,,,10,0,https://dam.assets.ohio.gov/image/upload/v1745842746/casinocontrol.ohio.gov/revenue-reports/December_2023_Sports_Gaming_Revenue_Report.pdf,https://casinocontrol.ohio.gov/about/revenue-reports,OH/screenshots/OH_2023_12_OH_2023_sports_p1.png,"CINCINNATI BENGALS - BETFRED SPORTS 2,308,346 2 ,070,117 15,967 166,212 2 22,262 222,262",,2026-04-08T18:42:56.745418
OH,2023-09-01,2023-09-30,monthly,BELTERRA PARK - FANDUEL,FanDuel,FanDuel,Flutter Entertainment,online,,20784763400,2848181800,,2848181800,,,,,0.13703219734509944,30,False,False,OH_2023_sports.pdf,,,,10,0,https://dam.assets.ohio.gov/image/upload/v1745842746/casinocontrol.ohio.gov/revenue-reports/December_2023_Sports_Gaming_Revenue_Report.pdf,https://casinocontrol.ohio.gov/about/revenue-reports,OH/screenshots/OH_2023_12_OH_2023_sports_p1.png,"BELTERRA PARK - FANDUEL 207,847,634 178,713,491 652,325 1 2,173,071 28,481,818 28,481,818",,2026-04-08T18:42:56.745418
OH,2023-09-01,2023-09-30,monthly,BELTERRA PARK - BETWAY,Betway,Betway,Digital Gaming USA,online,,95409300,9765100,,9765100,,,,,0.10234956131110909,30,False,False,OH_2023_sports.pdf,,,,10,0,https://dam.assets.ohio.gov/image/upload/v1745842746/casinocontrol.ohio.gov/revenue-reports/December_2023_Sports_Gaming_Revenue_Report.pdf,https://casinocontrol.ohio.gov/about/revenue-reports,OH/screenshots/OH_2023_12_OH_2023_sports_p1.png,"BELTERRA PARK - BETWAY 954,093 844,199 12,243 133,939 97,651 97,651",,2026-04-08T18:42:56.745418
OH,2023-08-01,2023-08-31,monthly,SCIOTO DOWNS - CAESARS SPORTSBOOK,Caesars Sportsbook,Caesars,Caesars Entertainment,retail,,71314100,,,,0,,,,,31,False,False,OH_2023_sports.pdf,,,,9,0,https://dam.assets.ohio.gov/image/upload/v1745842746/casinocontrol.ohio.gov/revenue-reports/December_2023_Sports_Gaming_Revenue_Report.pdf,https://casinocontrol.ohio.gov/about/revenue-reports,OH/screenshots/OH_2023_12_OH_2023_sports_p1.png,"SCIOTO DOWNS - CAESARS SPORTSBOOK 713,141 7 12,801 2,733 - (2,393) -",,2026-04-08T18:42:56.745418
OH,2023-08-01,2023-08-31,monthly,MIAMI VALLEY GAMING AND RACING,MVGBet,MVGBet,Independent,retail,,32680500,,,-7180000,7180000,,,,,31,False,False,OH_2023_sports.pdf,,,,9,0,https://dam.assets.ohio.gov/image/upload/v1745842746/casinocontrol.ohio.gov/revenue-reports/December_2023_Sports_Gaming_Revenue_Report.pdf,https://casinocontrol.ohio.gov/about/revenue-reports,OH/screenshots/OH_2023_12_OH_2023_sports_p1.png,"MIAMI VALLEY GAMING AND RACING 326,805 2 53,099 1,906 - 7 1,800 71,800",,2026-04-08T18:42:56.745418
OH,2023-08-01,2023-08-31,monthly,JACK THISTLEDOWN - BETJACK,betJACK,betJACK,JACK Entertainment,retail,,112192300,100,,-14451900,4451900,,,,8.913267666319346e-07,31,False,False,OH_2023_sports.pdf,,,,9,0,https://dam.assets.ohio.gov/image/upload/v1745842746/casinocontrol.ohio.gov/revenue-reports/December_2023_Sports_Gaming_Revenue_Report.pdf,https://casinocontrol.ohio.gov/about/revenue-reports,OH/screenshots/OH_2023_12_OH_2023_sports_p1.png,"JACK THISTLEDOWN - BETJACK 1 ,121,923 9 64,928 12,476 - 144,519 1 44,519",,2026-04-08T18:42:56.745418
OH,2023-08-01,2023-08-31,monthly,FC CINCINNATI - SUPERBOOK,SuperBook,SuperBook,SuperBook Sports,retail,,13200,,,,0,,,,,31,False,False,OH_2023_sports.pdf,,,,9,0,https://dam.assets.ohio.gov/image/upload/v1745842746/casinocontrol.ohio.gov/revenue-reports/December_2023_Sports_Gaming_Revenue_Report.pdf,https://casinocontrol.ohio.gov/about/revenue-reports,OH/screenshots/OH_2023_12_OH_2023_sports_p1.png,FC CINCINNATI - SUPERBOOK 132 2 53 - - (121) -,,2026-04-08T18:42:56.745418
OH,2023-08-01,2023-08-31,monthly,JACK CLEVELAND - BETJACK,BetJACK,betJACK,JACK Entertainment,retail,,179055100,200,,-23136500,3136500,,,,1.1169746072577658e-06,31,False,False,OH_2023_sports.pdf,,,,9,0,https://dam.assets.ohio.gov/image/upload/v1745842746/casinocontrol.ohio.gov/revenue-reports/December_2023_Sports_Gaming_Revenue_Report.pdf,https://casinocontrol.ohio.gov/about/revenue-reports,OH/screenshots/OH_2023_12_OH_2023_sports_p1.png,"JACK CLEVELAND - BETJACK 1 ,790,551 1,537,856 21,330 - 231,365 2 31,365",,2026-04-08T18:42:56.745418
OH,2023-08-01,2023-08-31,monthly,HOLLYWOOD TOLEDO,Hollywood Toledo,ESPN Bet,PENN Entertainment,retail,,74601400,,,-9926700,9926700,,,,,31,False,False,OH_2023_sports.pdf,,,,9,0,https://dam.assets.ohio.gov/image/upload/v1745842746/casinocontrol.ohio.gov/revenue-reports/December_2023_Sports_Gaming_Revenue_Report.pdf,https://casinocontrol.ohio.gov/about/revenue-reports,OH/screenshots/OH_2023_12_OH_2023_sports_p1.png,"HOLLYWOOD TOLEDO 746,014 6 39,617 7,130 - 9 9,267 99,267",,2026-04-08T18:42:56.745418
OH,2023-08-01,2023-08-31,monthly,HOLLYWOOD GAMING AT MAHONING VALLEY,Hollywood Mahoning Valley,ESPN Bet,PENN Entertainment,retail,,70199100,,,-3729000,3729000,,,,,31,False,False,OH_2023_sports.pdf,,,,9,0,https://dam.assets.ohio.gov/image/upload/v1745842746/casinocontrol.ohio.gov/revenue-reports/December_2023_Sports_Gaming_Revenue_Report.pdf,https://casinocontrol.ohio.gov/about/revenue-reports,OH/screenshots/OH_2023_12_OH_2023_sports_p1.png,"HOLLYWOOD GAMING AT MAHONING VALLEY 701,991 6 57,582 7,119 - 3 7,290 37,290",,2026-04-08T18:42:56.745418
OH,2023-08-01,2023-08-31,monthly,HOLLYWOOD GAMING AT DAYTON RACEWAY,Hollywood Dayton,ESPN Bet,PENN Entertainment,retail,,69694500,100,,-14246500,4246500,,,,1.434833451707093e-06,31,False,False,OH_2023_sports.pdf,,,,9,0,https://dam.assets.ohio.gov/image/upload/v1745842746/casinocontrol.ohio.gov/revenue-reports/December_2023_Sports_Gaming_Revenue_Report.pdf,https://casinocontrol.ohio.gov/about/revenue-reports,OH/screenshots/OH_2023_12_OH_2023_sports_p1.png,"HOLLYWOOD GAMING AT DAYTON RACEWAY 696,945 5 52,176 2,304 - 142,465 1 42,465",,2026-04-08T18:42:56.745418
OH,2023-08-01,2023-08-31,monthly,HOLLYWOOD COLUMBUS,Hollywood Columbus,ESPN Bet,PENN Entertainment,retail,,285480700,200,,-24195200,4195200,,,,7.005727532544231e-07,31,False,False,OH_2023_sports.pdf,,,,9,0,https://dam.assets.ohio.gov/image/upload/v1745842746/casinocontrol.ohio.gov/revenue-reports/December_2023_Sports_Gaming_Revenue_Report.pdf,https://casinocontrol.ohio.gov/about/revenue-reports,OH/screenshots/OH_2023_12_OH_2023_sports_p1.png,"HOLLYWOOD COLUMBUS 2 ,854,807 2,587,650 25,205 - 241,952 2 41,952",,2026-04-08T18:42:56.745418
OH,2023-08-01,2023-08-31,monthly,HARD ROCK CINCINNATI - SEMINOLE HARD ROCK DIGITAL,Hard Rock Bet,Hard Rock Bet,Seminole Tribe / Hard Rock Digital,retail,,187022700,300,,-34921600,4921600,,,,1.6040833545874379e-06,31,False,False,OH_2023_sports.pdf,,,,9,0,https://dam.assets.ohio.gov/image/upload/v1745842746/casinocontrol.ohio.gov/revenue-reports/December_2023_Sports_Gaming_Revenue_Report.pdf,https://casinocontrol.ohio.gov/about/revenue-reports,OH/screenshots/OH_2023_12_OH_2023_sports_p1.png,"HARD ROCK CINCINNATI - SEMINOLE HARD ROCK DIGITAL 1 ,870,227 1,499,034 21,977 - 349,216 3 49,216",,2026-04-08T18:42:56.745418
OH,2023-05-01,2023-05-31,monthly,HOLLYWOOD TOLEDO,Hollywood Toledo,ESPN Bet,PENN Entertainment,retail,,88711700,14670300,,0,14670300,,,,0.16537052046122439,31,False,False,OH_2023_sports.pdf,,,,6,0,https://dam.assets.ohio.gov/image/upload/v1745842746/casinocontrol.ohio.gov/revenue-reports/December_2023_Sports_Gaming_Revenue_Report.pdf,https://casinocontrol.ohio.gov/about/revenue-reports,OH/screenshots/OH_2023_12_OH_2023_sports_p1.png,"HOLLYWOOD TOLEDO 8 87,117 738,048 2 ,366 - 146,703 146,703",,2026-04-08T18:42:56.745418
OH,2023-05-01,2023-05-31,monthly,HOLLYWOOD GAMING AT DAYTON RACEWAY,Hollywood Dayton,ESPN Bet,PENN Entertainment,retail,,132661300,13825200,,0,13825200,,,,0.10421426595397452,31,False,False,OH_2023_sports.pdf,,,,6,0,https://dam.assets.ohio.gov/image/upload/v1745842746/casinocontrol.ohio.gov/revenue-reports/December_2023_Sports_Gaming_Revenue_Report.pdf,https://casinocontrol.ohio.gov/about/revenue-reports,OH/screenshots/OH_2023_12_OH_2023_sports_p1.png,"HOLLYWOOD GAMING AT DAYTON RACEWAY 1,326,613 1 ,187,217 1 ,144 - 138,252 138,252",,2026-04-08T18:42:56.745418
OH,2024-06-01,2024-06-30,monthly,HARD ROCK CINCINNATI - SEMINOLE HARD ROCK DIGITAL,Hard Rock Bet,Hard Rock Bet,Seminole Tribe / Hard Rock Digital,online,,8215309700,63829700,,63829700,,,,,0.007769603621881717,30,False,False,OH_2024_sports.pdf,,,,7,0,https://dam.assets.ohio.gov/image/upload/v1732715535/casinocontrol.ohio.gov/revenue-reports/2024/2024_Sports_Gaming_Revenue_Report.pdf.pdf,https://casinocontrol.ohio.gov/about/revenue-reports,OH/screenshots/OH_2024_12_OH_2024_sports_p1.png,"HARD ROCK CINCINNATI - SEMINOLE HARD ROCK DIGITAL 8,215,309 7 ,507,877 69,135 123,849 638,297 6 38,297",,2026-04-08T18:42:59.510896
OH,2023-02-01,2023-02-28,monthly,HOLLYWOOD TOLEDO,Hollywood Toledo,ESPN Bet,PENN Entertainment,retail,,111867700,7959100,,0,7959100,,,,0.07114743576564102,28,False,False,OH_2023_sports.pdf,,,,3,0,https://dam.assets.ohio.gov/image/upload/v1745842746/casinocontrol.ohio.gov/revenue-reports/December_2023_Sports_Gaming_Revenue_Report.pdf,https://casinocontrol.ohio.gov/about/revenue-reports,OH/screenshots/OH_2023_12_OH_2023_sports_p1.png,"HOLLYWOOD TOLEDO 1 ,118,677 1,033,526 5,560 - 7 9,591 79,591",,2026-04-08T18:42:56.745418
OH,2023-02-01,2023-02-28,monthly,HOLLYWOOD GAMING AT DAYTON RACEWAY,Hollywood Dayton,ESPN Bet,PENN Entertainment,retail,,137462100,21836300,,0,21836300,,,,0.1588532402749558,28,False,False,OH_2023_sports.pdf,,,,3,0,https://dam.assets.ohio.gov/image/upload/v1745842746/casinocontrol.ohio.gov/revenue-reports/December_2023_Sports_Gaming_Revenue_Report.pdf,https://casinocontrol.ohio.gov/about/revenue-reports,OH/screenshots/OH_2023_12_OH_2023_sports_p1.png,"HOLLYWOOD GAMING AT DAYTON RACEWAY 1 ,374,621 1,153,488 2,770 - 218,363 2 18,363",,2026-04-08T18:42:56.745418
OH,2023-02-01,2023-02-28,monthly,HOLLYWOOD COLUMBUS,Hollywood Columbus,ESPN Bet,PENN Entertainment,retail,,275908300,10138800,,0,10138800,,,,0.03674699166353459,28,False,False,OH_2023_sports.pdf,,,,3,0,https://dam.assets.ohio.gov/image/upload/v1745842746/casinocontrol.ohio.gov/revenue-reports/December_2023_Sports_Gaming_Revenue_Report.pdf,https://casinocontrol.ohio.gov/about/revenue-reports,OH/screenshots/OH_2023_12_OH_2023_sports_p1.png,"HOLLYWOOD COLUMBUS 2 ,759,083 2,644,800 12,895 - 101,388 1 01,388",,2026-04-08T18:42:56.745418
OH,2023-02-01,2023-02-28,monthly,HARD ROCK CINCINNATI - SEMINOLE HARD ROCK DIGITAL,Hard Rock Bet,Hard Rock Bet,Seminole Tribe / Hard Rock Digital,retail,,242316800,5070700,,0,5070700,,,,0.020925911864138187,28,False,False,OH_2023_sports.pdf,,,,3,0,https://dam.assets.ohio.gov/image/upload/v1745842746/casinocontrol.ohio.gov/revenue-reports/December_2023_Sports_Gaming_Revenue_Report.pdf,https://casinocontrol.ohio.gov/about/revenue-reports,OH/screenshots/OH_2023_12_OH_2023_sports_p1.png,"HARD ROCK CINCINNATI - SEMINOLE HARD ROCK DIGITAL 2 ,423,168 2,325,223 47,238 - 5 0,707 50,707",,2026-04-08T18:42:56.745418
OH,2023-02-01,2023-02-28,monthly,FC CINCINNATI - SUPERBOOK,SuperBook,SuperBook,SuperBook Sports,retail,,1391100,-729800,,0,0,,,,-0.5246208036805405,28,False,False,OH_2023_sports.pdf,,,,3,0,https://dam.assets.ohio.gov/image/upload/v1745842746/casinocontrol.ohio.gov/revenue-reports/December_2023_Sports_Gaming_Revenue_Report.pdf,https://casinocontrol.ohio.gov/about/revenue-reports,OH/screenshots/OH_2023_12_OH_2023_sports_p1.png,"FC CINCINNATI - SUPERBOOK 13,911 21,209 - - (7,298) -",,2026-04-08T18:42:56.745418
OH,2023-02-01,2023-02-28,monthly,CLEVELAND CAVALIERS - CAESARS SPORTSBOOK,Caesars,Caesars,Caesars Entertainment,retail,,34092500,-9273300,,0,0,,,,-0.27200410647503115,28,False,False,OH_2023_sports.pdf,,,,3,0,https://dam.assets.ohio.gov/image/upload/v1745842746/casinocontrol.ohio.gov/revenue-reports/December_2023_Sports_Gaming_Revenue_Report.pdf,https://casinocontrol.ohio.gov/about/revenue-reports,OH/screenshots/OH_2023_12_OH_2023_sports_p1.png,"CLEVELAND CAVALIERS - CAESARS SPORTSBOOK 340,925 4 32,203 1,455 - (92,733) -",,2026-04-08T18:42:56.745418
OH,2023-02-01,2023-02-28,monthly,BELTERRA PARK - FANDUEL,FanDuel,FanDuel,Flutter Entertainment,retail,,60000300,9161600,,0,9161600,,,,0.152692569870484,28,False,False,OH_2023_sports.pdf,,,,3,0,https://dam.assets.ohio.gov/image/upload/v1745842746/casinocontrol.ohio.gov/revenue-reports/December_2023_Sports_Gaming_Revenue_Report.pdf,https://casinocontrol.ohio.gov/about/revenue-reports,OH/screenshots/OH_2023_12_OH_2023_sports_p1.png,"BELTERRA PARK - FANDUEL 600,003 5 06,667 1,720 - 9 1,616 91,616",,2026-04-08T18:42:56.745418
OH,2023-02-01,2023-02-28,monthly,SCIOTO DOWNS - CAESARS SPORTSBOOK,Caesars Sportsbook,Caesars,Caesars Entertainment,online,,2844611600,197383600,,116695300,197383600,,,,0.06938859421089333,28,False,False,OH_2023_sports.pdf,,,,3,0,https://dam.assets.ohio.gov/image/upload/v1745842746/casinocontrol.ohio.gov/revenue-reports/December_2023_Sports_Gaming_Revenue_Report.pdf,https://casinocontrol.ohio.gov/about/revenue-reports,OH/screenshots/OH_2023_12_OH_2023_sports_p1.png,"SCIOTO DOWNS - CAESARS SPORTSBOOK 2 8,446,116 26,345,972 1 26,308 1 ,166,953 1 ,973,836 1,973,836",,2026-04-08T18:42:56.745418
OH,2023-02-01,2023-02-28,monthly,MUIRFIELD VILLAGE GOLF CLUB - PARX INTERACTIVE,BetRivers (Gun Lake),BetRivers,Rush Street Interactive,online,,10286200,3144300,,1823000,3144300,,,,0.3056813983784099,28,False,False,OH_2023_sports.pdf,,,,3,0,https://dam.assets.ohio.gov/image/upload/v1745842746/casinocontrol.ohio.gov/revenue-reports/December_2023_Sports_Gaming_Revenue_Report.pdf,https://casinocontrol.ohio.gov/about/revenue-reports,OH/screenshots/OH_2023_12_OH_2023_sports_p1.png,"MUIRFIELD VILLAGE GOLF CLUB - PARX INTERACTIVE 102,862 71,419 - 18,230 3 1,443 31,443",,2026-04-08T18:42:56.745418
OH,2023-02-01,2023-02-28,monthly,MIAMI VALLEY GAMING AND RACING - MVGBET,MVGBet,MVGBet,Independent,online,,72445300,2682800,,9565500,2682800,,,,0.037032077995397907,28,False,False,OH_2023_sports.pdf,,,,3,0,https://dam.assets.ohio.gov/image/upload/v1745842746/casinocontrol.ohio.gov/revenue-reports/December_2023_Sports_Gaming_Revenue_Report.pdf,https://casinocontrol.ohio.gov/about/revenue-reports,OH/screenshots/OH_2023_12_OH_2023_sports_p1.png,"MIAMI VALLEY GAMING AND RACING - MVGBET 724,453 6 96,375 1,250 95,655 2 6,828 26,828",,2026-04-08T18:42:56.745418
OH,2023-02-01,2023-02-28,monthly,MGM NORTHFIELD PARK - BETMGM,BetMGM,BetMGM,Entain/MGM Resorts,online,,4642553500,514625600,,472392900,514625600,,,,0.11084968649257354,28,False,False,OH_2023_sports.pdf,,,,3,0,https://dam.assets.ohio.gov/image/upload/v1745842746/casinocontrol.ohio.gov/revenue-reports/December_2023_Sports_Gaming_Revenue_Report.pdf,https://casinocontrol.ohio.gov/about/revenue-reports,OH/screenshots/OH_2023_12_OH_2023_sports_p1.png,"MGM NORTHFIELD PARK - BETMGM 4 6,425,535 40,966,687 3 12,592 4 ,723,929 5 ,146,256 5,146,256",,2026-04-08T18:42:56.745418
OH,2023-02-01,2023-02-28,monthly,JACK CLEVELAND (BETJACK),BetJACK,betJACK,JACK Entertainment,online,,302137500,37630200,,42068000,37630200,,,,0.1245466054362666,28,False,False,OH_2023_sports.pdf,,,,3,0,https://dam.assets.ohio.gov/image/upload/v1745842746/casinocontrol.ohio.gov/revenue-reports/December_2023_Sports_Gaming_Revenue_Report.pdf,https://casinocontrol.ohio.gov/about/revenue-reports,OH/screenshots/OH_2023_12_OH_2023_sports_p1.png,"JACK CLEVELAND (BETJACK) 3 ,021,375 2,643,322 1,751 420,680 376,302 3 76,302",,2026-04-08T18:42:56.745418
OH,2023-02-01,2023-02-28,monthly,HOLLYWOOD TOLEDO - DRAFTKINGS,DraftKings,DraftKings,DraftKings Inc,online,,21401854400,2449020500,,1835104700,2449020500,,,,0.11443029441411395,28,False,False,OH_2023_sports.pdf,,,,3,0,https://dam.assets.ohio.gov/image/upload/v1745842746/casinocontrol.ohio.gov/revenue-reports/December_2023_Sports_Gaming_Revenue_Report.pdf,https://casinocontrol.ohio.gov/about/revenue-reports,OH/screenshots/OH_2023_12_OH_2023_sports_p1.png,"HOLLYWOOD TOLEDO - DRAFTKINGS 214,018,544 1 88,638,930 8 89,409 18,351,047 2 4,490,205 24,490,205",,2026-04-08T18:42:56.745418
OH,2023-02-01,2023-02-28,monthly,HOLLYWOOD MAHONING VALLEY - POINTSBET OHIO,Fanatics,Fanatics,Fanatics Inc,online,,524814400,54213000,,37515700,54213000,,,,0.10329937593175798,28,False,False,OH_2023_sports.pdf,,,,3,0,https://dam.assets.ohio.gov/image/upload/v1745842746/casinocontrol.ohio.gov/revenue-reports/December_2023_Sports_Gaming_Revenue_Report.pdf,https://casinocontrol.ohio.gov/about/revenue-reports,OH/screenshots/OH_2023_12_OH_2023_sports_p1.png,"HOLLYWOOD MAHONING VALLEY - POINTSBET OHIO 5 ,248,144 4,666,435 39,579 375,157 542,130 5 42,130",,2026-04-08T18:42:56.745418
OH,2023-02-01,2023-02-28,monthly,"HOLLYWOOD GAMING AT DAYTON RACEWAY - RSI OH, LLC",BetRivers,BetRivers,Rush Street Interactive,online,,460932800,3868200,,23795900,3868200,,,,0.008392112689745664,28,False,False,OH_2023_sports.pdf,,,,3,0,https://dam.assets.ohio.gov/image/upload/v1745842746/casinocontrol.ohio.gov/revenue-reports/December_2023_Sports_Gaming_Revenue_Report.pdf,https://casinocontrol.ohio.gov/about/revenue-reports,OH/screenshots/OH_2023_12_OH_2023_sports_p1.png,"HOLLYWOOD GAMING AT DAYTON RACEWAY - RSI OH, LLC 4 ,609,328 4,552,538 18,108 237,959 3 8,682 38,682",,2026-04-08T18:42:56.745418
OH,2023-02-01,2023-02-28,monthly,HOLLYWOOD GAMING AT MAHONING VALLEY,Hollywood Mahoning Valley,ESPN Bet,PENN Entertainment,retail,,118494300,9355500,,0,9355500,,,,0.07895316483577691,28,False,False,OH_2023_sports.pdf,,,,3,0,https://dam.assets.ohio.gov/image/upload/v1745842746/casinocontrol.ohio.gov/revenue-reports/December_2023_Sports_Gaming_Revenue_Report.pdf,https://casinocontrol.ohio.gov/about/revenue-reports,OH/screenshots/OH_2023_12_OH_2023_sports_p1.png,"HOLLYWOOD GAMING AT MAHONING VALLEY 1 ,184,943 1,061,467 29,921 - 9 3,555 93,555",,2026-04-08T18:42:56.745418
OH,2023-02-01,2023-02-28,monthly,JACK CLEVELAND - BETJACK,BetJACK,betJACK,JACK Entertainment,retail,,226521200,8694900,,0,8694900,,,,0.038384486750026044,28,False,False,OH_2023_sports.pdf,,,,3,0,https://dam.assets.ohio.gov/image/upload/v1745842746/casinocontrol.ohio.gov/revenue-reports/December_2023_Sports_Gaming_Revenue_Report.pdf,https://casinocontrol.ohio.gov/about/revenue-reports,OH/screenshots/OH_2023_12_OH_2023_sports_p1.png,"JACK CLEVELAND - BETJACK 2 ,265,212 2,167,972 10,291 - 8 6,949 86,949",,2026-04-08T18:42:56.745418
OH,2023-05-01,2023-05-31,monthly,HOLLYWOOD COLUMBUS,Hollywood Columbus,ESPN Bet,PENN Entertainment,retail,,326424600,35957500,,0,35957500,,,,0.11015560714480466,31,False,False,OH_2023_sports.pdf,,,,6,0,https://dam.assets.ohio.gov/image/upload/v1745842746/casinocontrol.ohio.gov/revenue-reports/December_2023_Sports_Gaming_Revenue_Report.pdf,https://casinocontrol.ohio.gov/about/revenue-reports,OH/screenshots/OH_2023_12_OH_2023_sports_p1.png,"HOLLYWOOD COLUMBUS 3,264,246 2 ,899,595 5 ,076 - 359,575 359,575",,2026-04-08T18:42:56.745418
OH,2023-02-01,2023-02-28,monthly,JACK THISTLEDOWN - BETJACK,betJACK,betJACK,JACK Entertainment,retail,,164740800,10922400,,0,10922400,,,,0.06630051571923895,28,False,False,OH_2023_sports.pdf,,,,3,0,https://dam.assets.ohio.gov/image/upload/v1745842746/casinocontrol.ohio.gov/revenue-reports/December_2023_Sports_Gaming_Revenue_Report.pdf,https://casinocontrol.ohio.gov/about/revenue-reports,OH/screenshots/OH_2023_12_OH_2023_sports_p1.png,"JACK THISTLEDOWN - BETJACK 1 ,647,408 1,531,953 6,231 - 109,224 1 09,224",,2026-04-08T18:42:56.745418
OH,2023-03-01,2023-03-31,monthly,HOLLYWOOD TOLEDO - DRAFTKINGS,DraftKings,DraftKings,DraftKings Inc,online,,22841454900,2508576600,,854445900,2508576600,,,,0.10982560484796439,31,False,False,OH_2023_sports.pdf,,,,4,0,https://dam.assets.ohio.gov/image/upload/v1745842746/casinocontrol.ohio.gov/revenue-reports/December_2023_Sports_Gaming_Revenue_Report.pdf,https://casinocontrol.ohio.gov/about/revenue-reports,OH/screenshots/OH_2023_12_OH_2023_sports_p1.png,"HOLLYWOOD TOLEDO - DRAFTKINGS 228,414,549 2 02,609,629 7 19,154 8 ,544,459 2 5,085,766 25,085,766",,2026-04-08T18:42:56.745418
OH,2023-03-01,2023-03-31,monthly,HOLLYWOOD MAHONING VALLEY - POINTSBET OHIO,Fanatics,Fanatics,Fanatics Inc,online,,567619800,65388500,,46763500,65388500,,,,0.11519770804330645,31,False,False,OH_2023_sports.pdf,,,,4,0,https://dam.assets.ohio.gov/image/upload/v1745842746/casinocontrol.ohio.gov/revenue-reports/December_2023_Sports_Gaming_Revenue_Report.pdf,https://casinocontrol.ohio.gov/about/revenue-reports,OH/screenshots/OH_2023_12_OH_2023_sports_p1.png,"HOLLYWOOD MAHONING VALLEY - POINTSBET OHIO 5 ,676,198 4,992,392 29,921 467,635 653,885 6 53,885",,2026-04-08T18:42:56.745418
OH,2023-03-01,2023-03-31,monthly,"HOLLYWOOD GAMING AT DAYTON RACEWAY - RSI OH, LLC",BetRivers,BetRivers,Rush Street Interactive,online,,434960300,28199200,,23030700,28199200,,,,0.06483166394726139,31,False,False,OH_2023_sports.pdf,,,,4,0,https://dam.assets.ohio.gov/image/upload/v1745842746/casinocontrol.ohio.gov/revenue-reports/December_2023_Sports_Gaming_Revenue_Report.pdf,https://casinocontrol.ohio.gov/about/revenue-reports,OH/screenshots/OH_2023_12_OH_2023_sports_p1.png,"HOLLYWOOD GAMING AT DAYTON RACEWAY - RSI OH, LLC 4 ,349,603 4,059,717 7,894 230,307 281,992 2 81,992",,2026-04-08T18:42:56.745418
OH,2023-03-01,2023-03-31,monthly,HOLLYWOOD COLUMBUS - PENN INTERACTIVE (ESPN BET),ESPN BET,ESPN Bet,PENN Entertainment,online,,3791874600,311782900,,81194900,311782900,,,,0.08222394801769024,31,False,False,OH_2023_sports.pdf,,,,4,0,https://dam.assets.ohio.gov/image/upload/v1745842746/casinocontrol.ohio.gov/revenue-reports/December_2023_Sports_Gaming_Revenue_Report.pdf,https://casinocontrol.ohio.gov/about/revenue-reports,OH/screenshots/OH_2023_12_OH_2023_sports_p1.png,"HOLLYWOOD COLUMBUS - PENN INTERACTIVE (ESPN BET) 3 7,918,746 34,747,413 53,504 811,949 3 ,117,829 3,117,829",,2026-04-08T18:42:56.745418
OH,2023-03-01,2023-03-31,monthly,HOF VILLAGE - BETR,Betr,Betr,Betr,online,,89818800,5879500,,17217900,5879500,,,,0.06545956971146352,31,False,False,OH_2023_sports.pdf,,,,4,0,https://dam.assets.ohio.gov/image/upload/v1745842746/casinocontrol.ohio.gov/revenue-reports/December_2023_Sports_Gaming_Revenue_Report.pdf,https://casinocontrol.ohio.gov/about/revenue-reports,OH/screenshots/OH_2023_12_OH_2023_sports_p1.png,"HOF VILLAGE - BETR 898,188 8 27,120 12,273 172,179 5 8,795 58,795",,2026-04-08T18:42:56.745418
OH,2023-03-01,2023-03-31,monthly,HARD ROCK CINCINNATI - SEMINOLE HARD ROCK DIGITAL,Hard Rock Bet,Hard Rock Bet,Seminole Tribe / Hard Rock Digital,online,,1303180400,137598500,,75150700,137598500,,,,0.10558668623315698,31,False,False,OH_2023_sports.pdf,,,,4,0,https://dam.assets.ohio.gov/image/upload/v1745842746/casinocontrol.ohio.gov/revenue-reports/December_2023_Sports_Gaming_Revenue_Report.pdf,https://casinocontrol.ohio.gov/about/revenue-reports,OH/screenshots/OH_2023_12_OH_2023_sports_p1.png,"HARD ROCK CINCINNATI - SEMINOLE HARD ROCK DIGITAL 1 3,031,804 11,607,106 48,713 751,507 1 ,375,985 1,375,985",,2026-04-08T18:42:56.745418
OH,2023-03-01,2023-03-31,monthly,FC CINCINNATI - SUPERBOOK,SuperBook,SuperBook,SuperBook Sports,online,,155044100,10112600,,6664800,10112600,,,,0.06522402335851542,31,False,False,OH_2023_sports.pdf,,,,4,0,https://dam.assets.ohio.gov/image/upload/v1745842746/casinocontrol.ohio.gov/revenue-reports/December_2023_Sports_Gaming_Revenue_Report.pdf,https://casinocontrol.ohio.gov/about/revenue-reports,OH/screenshots/OH_2023_12_OH_2023_sports_p1.png,"FC CINCINNATI - SUPERBOOK 1 ,550,441 1,445,475 3,840 66,648 101,126 1 01,126",,2026-04-08T18:42:56.745418
OH,2023-03-01,2023-03-31,monthly,COLUMBUS CREW SC - TIPICO,Tipico,Tipico,Tipico Group,online,,1013143300,165944200,,184897500,165944200,,,,0.16379143996708068,31,False,False,OH_2023_sports.pdf,,,,4,0,https://dam.assets.ohio.gov/image/upload/v1745842746/casinocontrol.ohio.gov/revenue-reports/December_2023_Sports_Gaming_Revenue_Report.pdf,https://casinocontrol.ohio.gov/about/revenue-reports,OH/screenshots/OH_2023_12_OH_2023_sports_p1.png,"COLUMBUS CREW SC - TIPICO 1 0,131,433 8,437,835 34,156 1 ,848,975 1 ,659,442 1,659,442",,2026-04-08T18:42:56.745418
OH,2023-03-01,2023-03-31,monthly,CLEVELAND GUARDIANS - BET365,bet365,bet365,bet365 Group,online,,5446327400,1202434500,,1683276800,1202434500,,,,0.22077896014844792,31,False,False,OH_2023_sports.pdf,,,,4,0,https://dam.assets.ohio.gov/image/upload/v1745842746/casinocontrol.ohio.gov/revenue-reports/December_2023_Sports_Gaming_Revenue_Report.pdf,https://casinocontrol.ohio.gov/about/revenue-reports,OH/screenshots/OH_2023_12_OH_2023_sports_p1.png,"CLEVELAND GUARDIANS - BET365 5 4,463,274 40,304,578 2,134,351 16,832,768 1 2,024,345 12,024,345",,2026-04-08T18:42:56.745418
OH,2023-03-01,2023-03-31,monthly,CINCINNATI BENGALS - BETFRED SPORTS,Betfred,Betfred,Betfred Group,online,,365705800,35633100,,36805000,35633100,,,,0.09743651864422166,31,False,False,OH_2023_sports.pdf,,,,4,0,https://dam.assets.ohio.gov/image/upload/v1745842746/casinocontrol.ohio.gov/revenue-reports/December_2023_Sports_Gaming_Revenue_Report.pdf,https://casinocontrol.ohio.gov/about/revenue-reports,OH/screenshots/OH_2023_12_OH_2023_sports_p1.png,"CINCINNATI BENGALS - BETFRED SPORTS 3 ,657,058 3,281,664 19,063 368,050 356,331 3 56,331",,2026-04-08T18:42:56.745418
OH,2023-03-01,2023-03-31,monthly,BELTERRA PARK - FANDUEL,FanDuel,FanDuel,Flutter Entertainment,online,,25854166500,3729580700,,836757500,3729580700,,,,0.14425453243677377,31,False,False,OH_2023_sports.pdf,,,,4,0,https://dam.assets.ohio.gov/image/upload/v1745842746/casinocontrol.ohio.gov/revenue-reports/December_2023_Sports_Gaming_Revenue_Report.pdf,https://casinocontrol.ohio.gov/about/revenue-reports,OH/screenshots/OH_2023_12_OH_2023_sports_p1.png,"BELTERRA PARK - FANDUEL 258,541,665 2 20,538,184 7 07,674 8 ,367,575 3 7,295,807 37,295,807",,2026-04-08T18:42:56.745418
OH,2023-03-01,2023-03-31,monthly,BELTERRA PARK - BETWAY,Betway,Betway,Digital Gaming USA,online,,101821800,11725900,,5415500,11725900,,,,0.11516099695742955,31,False,False,OH_2023_sports.pdf,,,,4,0,https://dam.assets.ohio.gov/image/upload/v1745842746/casinocontrol.ohio.gov/revenue-reports/December_2023_Sports_Gaming_Revenue_Report.pdf,https://casinocontrol.ohio.gov/about/revenue-reports,OH/screenshots/OH_2023_12_OH_2023_sports_p1.png,"BELTERRA PARK - BETWAY 1 ,018,218 8 95,324 5,635 54,155 117,259 1 17,259",,2026-04-08T18:42:56.745418
OH,2023-02-01,2023-02-28,monthly,SCIOTO DOWNS - CAESARS SPORTSBOOK,Caesars Sportsbook,Caesars,Caesars Entertainment,retail,,191304000,1590300,,0,1590300,,,,0.008312946932630787,28,False,False,OH_2023_sports.pdf,,,,3,0,https://dam.assets.ohio.gov/image/upload/v1745842746/casinocontrol.ohio.gov/revenue-reports/December_2023_Sports_Gaming_Revenue_Report.pdf,https://casinocontrol.ohio.gov/about/revenue-reports,OH/screenshots/OH_2023_12_OH_2023_sports_p1.png,"SCIOTO DOWNS - CAESARS SPORTSBOOK 1 ,913,040 1,868,977 28,160 - 1 5,903 15,903",,2026-04-08T18:42:56.745418
OH,2023-02-01,2023-02-28,monthly,MIAMI VALLEY GAMING AND RACING,MVGBet,MVGBet,Independent,retail,,44837900,7141800,,0,7141800,,,,0.15928043017179663,28,False,False,OH_2023_sports.pdf,,,,3,0,https://dam.assets.ohio.gov/image/upload/v1745842746/casinocontrol.ohio.gov/revenue-reports/December_2023_Sports_Gaming_Revenue_Report.pdf,https://casinocontrol.ohio.gov/about/revenue-reports,OH/screenshots/OH_2023_12_OH_2023_sports_p1.png,"MIAMI VALLEY GAMING AND RACING 448,379 3 76,961 - - 7 1,418 71,418",,2026-04-08T18:42:56.745418
OH,2023-02-01,2023-02-28,monthly,MGM NORTHFIELD PARK - BETMGM,BetMGM,BetMGM,Entain/MGM Resorts,retail,,147235300,-442500,,0,0,,,,-0.0030053934076950295,28,False,False,OH_2023_sports.pdf,,,,3,0,https://dam.assets.ohio.gov/image/upload/v1745842746/casinocontrol.ohio.gov/revenue-reports/December_2023_Sports_Gaming_Revenue_Report.pdf,https://casinocontrol.ohio.gov/about/revenue-reports,OH/screenshots/OH_2023_12_OH_2023_sports_p1.png,"MGM NORTHFIELD PARK - BETMGM 1 ,472,353 1,462,914 13,864 - (4,425) -",,2026-04-08T18:42:56.745418
OH,2023-02-01,2023-02-28,monthly,HOLLYWOOD COLUMBUS - PENN INTERACTIVE (ESPN BET),ESPN BET,ESPN Bet,PENN Entertainment,online,,2809490300,165203700,,79818900,165203700,,,,0.05880201828780117,28,False,False,OH_2023_sports.pdf,,,,3,0,https://dam.assets.ohio.gov/image/upload/v1745842746/casinocontrol.ohio.gov/revenue-reports/December_2023_Sports_Gaming_Revenue_Report.pdf,https://casinocontrol.ohio.gov/about/revenue-reports,OH/screenshots/OH_2023_12_OH_2023_sports_p1.png,"HOLLYWOOD COLUMBUS - PENN INTERACTIVE (ESPN BET) 2 8,094,903 26,395,724 47,142 798,189 1 ,652,037 1,652,037",,2026-04-08T18:42:56.745418
OH,2023-02-01,2023-02-28,monthly,HOF VILLAGE - BETR,Betr,Betr,Betr,online,,72591800,6081700,,15851700,6081700,,,,0.08377943514281228,28,False,False,OH_2023_sports.pdf,,,,3,0,https://dam.assets.ohio.gov/image/upload/v1745842746/casinocontrol.ohio.gov/revenue-reports/December_2023_Sports_Gaming_Revenue_Report.pdf,https://casinocontrol.ohio.gov/about/revenue-reports,OH/screenshots/OH_2023_12_OH_2023_sports_p1.png,"HOF VILLAGE - BETR 725,918 6 49,750 15,351 158,517 6 0,817 60,817",,2026-04-08T18:42:56.745418
OH,2023-02-01,2023-02-28,monthly,HARD ROCK CINCINNATI - SEMINOLE HARD ROCK DIGITAL,Hard Rock Bet,Hard Rock Bet,Seminole Tribe / Hard Rock Digital,online,,1239543600,131521300,,83972400,131521300,,,,0.10610461786096108,28,False,False,OH_2023_sports.pdf,,,,3,0,https://dam.assets.ohio.gov/image/upload/v1745842746/casinocontrol.ohio.gov/revenue-reports/December_2023_Sports_Gaming_Revenue_Report.pdf,https://casinocontrol.ohio.gov/about/revenue-reports,OH/screenshots/OH_2023_12_OH_2023_sports_p1.png,"HARD ROCK CINCINNATI - SEMINOLE HARD ROCK DIGITAL 1 2,395,436 11,030,741 49,482 839,724 1 ,315,213 1,315,213",,2026-04-08T18:42:56.745418
OH,2023-02-01,2023-02-28,monthly,FC CINCINNATI - SUPERBOOK,SuperBook,SuperBook,SuperBook Sports,online,,195965600,21564900,,17649300,21564900,,,,0.11004431389999061,28,False,False,OH_2023_sports.pdf,,,,3,0,https://dam.assets.ohio.gov/image/upload/v1745842746/casinocontrol.ohio.gov/revenue-reports/December_2023_Sports_Gaming_Revenue_Report.pdf,https://casinocontrol.ohio.gov/about/revenue-reports,OH/screenshots/OH_2023_12_OH_2023_sports_p1.png,"FC CINCINNATI - SUPERBOOK 1 ,959,656 1,736,256 7,751 176,493 215,649 2 15,649",,2026-04-08T18:42:56.745418
OH,2023-01-01,2023-01-31,monthly,BELTERRA PARK - FANDUEL,FanDuel,FanDuel,Flutter Entertainment,retail,,89394500,19494900,,0,19494900,,,,0.21807717477025992,31,False,False,OH_2023_sports.pdf,,,,2,0,https://dam.assets.ohio.gov/image/upload/v1745842746/casinocontrol.ohio.gov/revenue-reports/December_2023_Sports_Gaming_Revenue_Report.pdf,https://casinocontrol.ohio.gov/about/revenue-reports,OH/screenshots/OH_2023_12_OH_2023_sports_p1.png,"BELTERRA PARK - FANDUEL 893,945 6 66,257 32,739 - 1 94,949 1 94,949",,2026-04-08T18:42:56.745418
OH,2023-01-01,2023-01-31,monthly,SCIOTO DOWNS - CAESARS SPORTSBOOK,Caesars Sportsbook,Caesars,Caesars Entertainment,online,,3149359600,414871200,,370194600,414871200,,,,0.13173192416642418,31,False,False,OH_2023_sports.pdf,,,,2,0,https://dam.assets.ohio.gov/image/upload/v1745842746/casinocontrol.ohio.gov/revenue-reports/December_2023_Sports_Gaming_Revenue_Report.pdf,https://casinocontrol.ohio.gov/about/revenue-reports,OH/screenshots/OH_2023_12_OH_2023_sports_p1.png,"SCIOTO DOWNS - CAESARS SPORTSBOOK 3 1,493,596 26,734,570 6 10,314 3 ,701,946 4,148,712 4,148,712",,2026-04-08T18:42:56.745418
OH,2023-01-01,2023-01-31,monthly,MIAMI VALLEY GAMING AND RACING - MVGBET,MVGBet,MVGBet,Independent,online,,20445200,-866400,,3219600,0,,,,-0.042376694774323556,31,False,False,OH_2023_sports.pdf,,,,2,0,https://dam.assets.ohio.gov/image/upload/v1745842746/casinocontrol.ohio.gov/revenue-reports/December_2023_Sports_Gaming_Revenue_Report.pdf,https://casinocontrol.ohio.gov/about/revenue-reports,OH/screenshots/OH_2023_12_OH_2023_sports_p1.png,"MIAMI VALLEY GAMING AND RACING - MVGBET 204,452 2 13,036 8 0 32,196 ( 8,664) -",,2026-04-08T18:42:56.745418
OH,2023-01-01,2023-01-31,monthly,MGM NORTHFIELD PARK - BETMGM,BetMGM,BetMGM,Entain/MGM Resorts,online,,8231237400,2012576000,,2733725500,2012576000,,,,0.24450467192210978,31,False,False,OH_2023_sports.pdf,,,,2,0,https://dam.assets.ohio.gov/image/upload/v1745842746/casinocontrol.ohio.gov/revenue-reports/December_2023_Sports_Gaming_Revenue_Report.pdf,https://casinocontrol.ohio.gov/about/revenue-reports,OH/screenshots/OH_2023_12_OH_2023_sports_p1.png,"MGM NORTHFIELD PARK - BETMGM 8 2,312,374 59,652,073 2,534,541 27,337,255 20,125,760 20,125,760",,2026-04-08T18:42:56.745418
OH,2023-01-01,2023-01-31,monthly,JACK CLEVELAND (BETJACK),BetJACK,betJACK,JACK Entertainment,online,,415018400,40698200,,119540200,40698200,,,,0.09806360392695843,31,False,False,OH_2023_sports.pdf,,,,2,0,https://dam.assets.ohio.gov/image/upload/v1745842746/casinocontrol.ohio.gov/revenue-reports/December_2023_Sports_Gaming_Revenue_Report.pdf,https://casinocontrol.ohio.gov/about/revenue-reports,OH/screenshots/OH_2023_12_OH_2023_sports_p1.png,"JACK CLEVELAND (BETJACK) 4 ,150,184 3,742,674 5 28 1 ,195,402 4 06,982 4 06,982",,2026-04-08T18:42:56.745418
OH,2023-01-01,2023-01-31,monthly,HOLLYWOOD TOLEDO - DRAFTKINGS,DraftKings,DraftKings,DraftKings Inc,online,,34397112500,5510073300,,8667905300,5510073300,,,,0.16018999559919456,31,False,False,OH_2023_sports.pdf,,,,2,0,https://dam.assets.ohio.gov/image/upload/v1745842746/casinocontrol.ohio.gov/revenue-reports/December_2023_Sports_Gaming_Revenue_Report.pdf,https://casinocontrol.ohio.gov/about/revenue-reports,OH/screenshots/OH_2023_12_OH_2023_sports_p1.png,"HOLLYWOOD TOLEDO - DRAFTKINGS 343,971,125 2 82,449,457 6,420,935 86,679,053 55,100,733 55,100,733",,2026-04-08T18:42:56.745418
OH,2023-01-01,2023-01-31,monthly,HOLLYWOOD MAHONING VALLEY - POINTSBET OHIO,Fanatics,Fanatics,Fanatics Inc,online,,747029300,121540000,,154902100,121540000,,,,0.16269776834723887,31,False,False,OH_2023_sports.pdf,,,,2,0,https://dam.assets.ohio.gov/image/upload/v1745842746/casinocontrol.ohio.gov/revenue-reports/December_2023_Sports_Gaming_Revenue_Report.pdf,https://casinocontrol.ohio.gov/about/revenue-reports,OH/screenshots/OH_2023_12_OH_2023_sports_p1.png,"HOLLYWOOD MAHONING VALLEY - POINTSBET OHIO 7 ,470,293 6,182,269 72,624 1 ,549,021 1,215,400 1,215,400",,2026-04-08T18:42:56.745418
OH,2023-01-01,2023-01-31,monthly,"HOLLYWOOD GAMING AT DAYTON RACEWAY - RSI OH, LLC",BetRivers,BetRivers,Rush Street Interactive,online,,288507000,14910000,,26126400,14910000,,,,0.05167985525481184,31,False,False,OH_2023_sports.pdf,,,,2,0,https://dam.assets.ohio.gov/image/upload/v1745842746/casinocontrol.ohio.gov/revenue-reports/December_2023_Sports_Gaming_Revenue_Report.pdf,https://casinocontrol.ohio.gov/about/revenue-reports,OH/screenshots/OH_2023_12_OH_2023_sports_p1.png,"HOLLYWOOD GAMING AT DAYTON RACEWAY - RSI OH, LLC 2 ,885,070 2,720,687 15,283 261,264 1 49,100 1 49,100",,2026-04-08T18:42:56.745418
OH,2023-01-01,2023-01-31,monthly,HOLLYWOOD COLUMBUS - PENN INTERACTIVE (ESPN BET),ESPN BET,ESPN Bet,PENN Entertainment,online,,4589500700,540908000,,548149500,540908000,,,,0.11785770072984192,31,False,False,OH_2023_sports.pdf,,,,2,0,https://dam.assets.ohio.gov/image/upload/v1745842746/casinocontrol.ohio.gov/revenue-reports/December_2023_Sports_Gaming_Revenue_Report.pdf,https://casinocontrol.ohio.gov/about/revenue-reports,OH/screenshots/OH_2023_12_OH_2023_sports_p1.png,"HOLLYWOOD COLUMBUS - PENN INTERACTIVE (ESPN BET) 4 5,895,007 40,422,657 63,270 5 ,481,495 5,409,080 5,409,080",,2026-04-08T18:42:56.745418
OH,2023-01-01,2023-01-31,monthly,HOF VILLAGE - BETR,Betr,Betr,Betr,online,,109401500,10643900,,9527900,10643900,,,,0.0972920846606308,31,False,False,OH_2023_sports.pdf,,,,2,0,https://dam.assets.ohio.gov/image/upload/v1745842746/casinocontrol.ohio.gov/revenue-reports/December_2023_Sports_Gaming_Revenue_Report.pdf,https://casinocontrol.ohio.gov/about/revenue-reports,OH/screenshots/OH_2023_12_OH_2023_sports_p1.png,"HOF VILLAGE - BETR 1 ,094,015 9 53,842 33,734 95,279 1 06,439 1 06,439",,2026-04-08T18:42:56.745418
OH,2023-01-01,2023-01-31,monthly,HARD ROCK CINCINNATI - SEMINOLE HARD ROCK DIGITAL,Hard Rock Bet,Hard Rock Bet,Seminole Tribe / Hard Rock Digital,online,,2078932600,359467400,,410147400,359467400,,,,0.17290959793501723,31,False,False,OH_2023_sports.pdf,,,,2,0,https://dam.assets.ohio.gov/image/upload/v1745842746/casinocontrol.ohio.gov/revenue-reports/December_2023_Sports_Gaming_Revenue_Report.pdf,https://casinocontrol.ohio.gov/about/revenue-reports,OH/screenshots/OH_2023_12_OH_2023_sports_p1.png,"HARD ROCK CINCINNATI - SEMINOLE HARD ROCK DIGITAL 2 0,789,326 16,875,738 3 18,914 4 ,101,474 3,594,674 3,594,674",,2026-04-08T18:42:56.745418
OH,2023-01-01,2023-01-31,monthly,FC CINCINNATI - SUPERBOOK,SuperBook,SuperBook,SuperBook Sports,online,,199490000,20964300,,25305700,20964300,,,,0.1050894781693318,31,False,False,OH_2023_sports.pdf,,,,2,0,https://dam.assets.ohio.gov/image/upload/v1745842746/casinocontrol.ohio.gov/revenue-reports/December_2023_Sports_Gaming_Revenue_Report.pdf,https://casinocontrol.ohio.gov/about/revenue-reports,OH/screenshots/OH_2023_12_OH_2023_sports_p1.png,"FC CINCINNATI - SUPERBOOK 1 ,994,900 1,775,527 9,730 253,057 2 09,643 2 09,643",,2026-04-08T18:42:56.745418
OH,2023-01-01,2023-01-31,monthly,COLUMBUS CREW SC - TIPICO,Tipico,Tipico,Tipico Group,online,,1069573600,238780800,,368962400,238780800,,,,0.22324859177526446,31,False,False,OH_2023_sports.pdf,,,,2,0,https://dam.assets.ohio.gov/image/upload/v1745842746/casinocontrol.ohio.gov/revenue-reports/December_2023_Sports_Gaming_Revenue_Report.pdf,https://casinocontrol.ohio.gov/about/revenue-reports,OH/screenshots/OH_2023_12_OH_2023_sports_p1.png,"COLUMBUS CREW SC - TIPICO 1 0,695,736 8,104,319 2 03,609 3 ,689,624 2,387,808 2,387,808",,2026-04-08T18:42:56.745418
OH,2023-01-01,2023-01-31,monthly,CLEVELAND GUARDIANS - BET365,bet365,bet365,bet365 Group,online,,3862726900,843012300,,1560464200,843012300,,,,0.21824279112250985,31,False,False,OH_2023_sports.pdf,,,,2,0,https://dam.assets.ohio.gov/image/upload/v1745842746/casinocontrol.ohio.gov/revenue-reports/December_2023_Sports_Gaming_Revenue_Report.pdf,https://casinocontrol.ohio.gov/about/revenue-reports,OH/screenshots/OH_2023_12_OH_2023_sports_p1.png,"CLEVELAND GUARDIANS - BET365 3 8,627,269 28,949,317 1,247,829 15,604,642 8,430,123 8,430,123",,2026-04-08T18:42:56.745418
OH,2023-01-01,2023-01-31,monthly,CINCINNATI BENGALS - BETFRED SPORTS,Betfred,Betfred,Betfred Group,online,,406087700,37189100,,77177100,37189100,,,,0.09157898650956431,31,False,False,OH_2023_sports.pdf,,,,2,0,https://dam.assets.ohio.gov/image/upload/v1745842746/casinocontrol.ohio.gov/revenue-reports/December_2023_Sports_Gaming_Revenue_Report.pdf,https://casinocontrol.ohio.gov/about/revenue-reports,OH/screenshots/OH_2023_12_OH_2023_sports_p1.png,"CINCINNATI BENGALS - BETFRED SPORTS 4 ,060,877 3,590,143 98,843 771,771 3 71,891 3 71,891",,2026-04-08T18:42:56.745418
OH,2023-01-01,2023-01-31,monthly,CLEVELAND CAVALIERS - CAESARS SPORTSBOOK,Caesars,Caesars,Caesars Entertainment,retail,,85176700,20578100,,0,20578100,,,,0.24159306477006035,31,False,False,OH_2023_sports.pdf,,,,2,0,https://dam.assets.ohio.gov/image/upload/v1745842746/casinocontrol.ohio.gov/revenue-reports/December_2023_Sports_Gaming_Revenue_Report.pdf,https://casinocontrol.ohio.gov/about/revenue-reports,OH/screenshots/OH_2023_12_OH_2023_sports_p1.png,"CLEVELAND CAVALIERS - CAESARS SPORTSBOOK 851,767 6 33,438 12,548 - 2 05,781 2 05,781",,2026-04-08T18:42:56.745418
OH,2023-01-01,2023-01-31,monthly,FC CINCINNATI - SUPERBOOK,SuperBook,SuperBook,SuperBook Sports,retail,,627400,-22300,,0,0,,,,-0.03554351291042397,31,False,False,OH_2023_sports.pdf,,,,2,0,https://dam.assets.ohio.gov/image/upload/v1745842746/casinocontrol.ohio.gov/revenue-reports/December_2023_Sports_Gaming_Revenue_Report.pdf,https://casinocontrol.ohio.gov/about/revenue-reports,OH/screenshots/OH_2023_12_OH_2023_sports_p1.png,"FC CINCINNATI - SUPERBOOK 6 ,274 6,477 2 0 - (223) -",,2026-04-08T18:42:56.745418
OH,2023-01-01,2023-01-31,monthly,MIAMI VALLEY GAMING AND RACING,MVGBet,MVGBet,Independent,retail,,35788800,10693800,,0,10693800,,,,0.29880297746781115,31,False,False,OH_2023_sports.pdf,,,,2,0,https://dam.assets.ohio.gov/image/upload/v1745842746/casinocontrol.ohio.gov/revenue-reports/December_2023_Sports_Gaming_Revenue_Report.pdf,https://casinocontrol.ohio.gov/about/revenue-reports,OH/screenshots/OH_2023_12_OH_2023_sports_p1.png,"MIAMI VALLEY GAMING AND RACING 357,888 2 49,720 1,230 - 1 06,938 1 06,938",,2026-04-08T18:42:56.745418
OH,2023-02-01,2023-02-28,monthly,COLUMBUS CREW SC - TIPICO,Tipico,Tipico,Tipico Group,online,,807551700,134585900,,192189600,134585900,,,,0.16665917488626425,28,False,False,OH_2023_sports.pdf,,,,3,0,https://dam.assets.ohio.gov/image/upload/v1745842746/casinocontrol.ohio.gov/revenue-reports/December_2023_Sports_Gaming_Revenue_Report.pdf,https://casinocontrol.ohio.gov/about/revenue-reports,OH/screenshots/OH_2023_12_OH_2023_sports_p1.png,"COLUMBUS CREW SC - TIPICO 8 ,075,517 6,678,930 50,728 1 ,921,896 1 ,345,859 1,345,859",,2026-04-08T18:42:56.745418
OH,2023-02-01,2023-02-28,monthly,CLEVELAND GUARDIANS - BET365,bet365,bet365,bet365 Group,online,,3098888200,452317200,,958658100,452317200,,,,0.14596112244384937,28,False,False,OH_2023_sports.pdf,,,,3,0,https://dam.assets.ohio.gov/image/upload/v1745842746/casinocontrol.ohio.gov/revenue-reports/December_2023_Sports_Gaming_Revenue_Report.pdf,https://casinocontrol.ohio.gov/about/revenue-reports,OH/screenshots/OH_2023_12_OH_2023_sports_p1.png,"CLEVELAND GUARDIANS - BET365 3 0,988,882 25,325,437 1,140,273 9 ,586,581 4 ,523,172 4,523,172",,2026-04-08T18:42:56.745418
OH,2023-02-01,2023-02-28,monthly,CINCINNATI BENGALS - BETFRED SPORTS,Betfred,Betfred,Betfred Group,online,,286995000,23389400,,39386900,23389400,,,,0.08149758706597676,28,False,False,OH_2023_sports.pdf,,,,3,0,https://dam.assets.ohio.gov/image/upload/v1745842746/casinocontrol.ohio.gov/revenue-reports/December_2023_Sports_Gaming_Revenue_Report.pdf,https://casinocontrol.ohio.gov/about/revenue-reports,OH/screenshots/OH_2023_12_OH_2023_sports_p1.png,"CINCINNATI BENGALS - BETFRED SPORTS 2 ,869,950 2,616,360 19,696 393,869 233,894 2 33,894",,2026-04-08T18:42:56.745418
OH,2023-02-01,2023-02-28,monthly,BELTERRA PARK - FANDUEL,FanDuel,FanDuel,Flutter Entertainment,online,,23275487300,3833831800,,1971209900,3833831800,,,,0.1647154257432024,28,False,False,OH_2023_sports.pdf,,,,3,0,https://dam.assets.ohio.gov/image/upload/v1745842746/casinocontrol.ohio.gov/revenue-reports/December_2023_Sports_Gaming_Revenue_Report.pdf,https://casinocontrol.ohio.gov/about/revenue-reports,OH/screenshots/OH_2023_12_OH_2023_sports_p1.png,"BELTERRA PARK - FANDUEL 232,754,873 1 93,659,721 7 56,834 19,712,099 3 8,338,318 38,338,318",,2026-04-08T18:42:56.745418
OH,2023-02-01,2023-02-28,monthly,BELTERRA PARK - BETWAY,Betway,Betway,Digital Gaming USA,online,,93433600,10262000,,9690800,10262000,,,,0.10983200904171518,28,False,False,OH_2023_sports.pdf,,,,3,0,https://dam.assets.ohio.gov/image/upload/v1745842746/casinocontrol.ohio.gov/revenue-reports/December_2023_Sports_Gaming_Revenue_Report.pdf,https://casinocontrol.ohio.gov/about/revenue-reports,OH/screenshots/OH_2023_12_OH_2023_sports_p1.png,"BELTERRA PARK - BETWAY 934,336 8 24,261 7,455 96,908 102,620 1 02,620",,2026-04-08T18:42:56.745418
OH,2023-01-01,2023-01-31,monthly,SCIOTO DOWNS - CAESARS SPORTSBOOK,Caesars Sportsbook,Caesars,Caesars Entertainment,retail,,180848400,7604300,,0,7604300,,,,0.04204792522355741,31,False,False,OH_2023_sports.pdf,,,,2,0,https://dam.assets.ohio.gov/image/upload/v1745842746/casinocontrol.ohio.gov/revenue-reports/December_2023_Sports_Gaming_Revenue_Report.pdf,https://casinocontrol.ohio.gov/about/revenue-reports,OH/screenshots/OH_2023_12_OH_2023_sports_p1.png,"SCIOTO DOWNS - CAESARS SPORTSBOOK 1 ,808,484 1,691,575 40,866 - 76,043 76,043",,2026-04-08T18:42:56.745418
OH,2023-01-01,2023-01-31,monthly,MGM NORTHFIELD PARK - BETMGM,BetMGM,BetMGM,Entain/MGM Resorts,retail,,208244500,42162700,,0,42162700,,,,0.20246729205333153,31,False,False,OH_2023_sports.pdf,,,,2,0,https://dam.assets.ohio.gov/image/upload/v1745842746/casinocontrol.ohio.gov/revenue-reports/December_2023_Sports_Gaming_Revenue_Report.pdf,https://casinocontrol.ohio.gov/about/revenue-reports,OH/screenshots/OH_2023_12_OH_2023_sports_p1.png,"MGM NORTHFIELD PARK - BETMGM 2 ,082,445 1,617,304 43,514 - 4 21,627 4 21,627",,2026-04-08T18:42:56.745418
OH,2023-01-01,2023-01-31,monthly,HARD ROCK CINCINNATI - SEMINOLE HARD ROCK DIGITAL,Hard Rock Bet,Hard Rock Bet,Seminole Tribe / Hard Rock Digital,retail,,441974800,70295200,,0,70295200,,,,0.1590479819211412,31,False,False,OH_2023_sports.pdf,,,,2,0,https://dam.assets.ohio.gov/image/upload/v1745842746/casinocontrol.ohio.gov/revenue-reports/December_2023_Sports_Gaming_Revenue_Report.pdf,https://casinocontrol.ohio.gov/about/revenue-reports,OH/screenshots/OH_2023_12_OH_2023_sports_p1.png,"HARD ROCK CINCINNATI - SEMINOLE HARD ROCK DIGITAL 4 ,419,748 3,505,921 2 10,875 - 7 02,952 7 02,952",,2026-04-08T18:42:56.745418
OH,2023-01-01,2023-01-31,monthly,JACK THISTLEDOWN - BETJACK,betJACK,betJACK,JACK Entertainment,retail,,163085800,18531500,,0,18531500,,,,0.11363037125243276,31,False,False,OH_2023_sports.pdf,,,,2,0,https://dam.assets.ohio.gov/image/upload/v1745842746/casinocontrol.ohio.gov/revenue-reports/December_2023_Sports_Gaming_Revenue_Report.pdf,https://casinocontrol.ohio.gov/about/revenue-reports,OH/screenshots/OH_2023_12_OH_2023_sports_p1.png,"JACK THISTLEDOWN - BETJACK 1 ,630,858 1,441,231 4,312 - 1 85,315 1 85,315",,2026-04-08T18:42:56.745418
OH,2023-01-01,2023-01-31,monthly,JACK CLEVELAND - BETJACK,BetJACK,betJACK,JACK Entertainment,retail,,350084200,46814300,,0,46814300,,,,0.13372297293051214,31,False,False,OH_2023_sports.pdf,,,,2,0,https://dam.assets.ohio.gov/image/upload/v1745842746/casinocontrol.ohio.gov/revenue-reports/December_2023_Sports_Gaming_Revenue_Report.pdf,https://casinocontrol.ohio.gov/about/revenue-reports,OH/screenshots/OH_2023_12_OH_2023_sports_p1.png,"JACK CLEVELAND - BETJACK 3 ,500,842 3,001,195 31,504 - 4 68,143 4 68,143",,2026-04-08T18:42:56.745418
OH,2023-01-01,2023-01-31,monthly,HOLLYWOOD TOLEDO,Hollywood Toledo,ESPN Bet,PENN Entertainment,retail,,147143300,13708000,,0,13708000,,,,0.0931608846614151,31,False,False,OH_2023_sports.pdf,,,,2,0,https://dam.assets.ohio.gov/image/upload/v1745842746/casinocontrol.ohio.gov/revenue-reports/December_2023_Sports_Gaming_Revenue_Report.pdf,https://casinocontrol.ohio.gov/about/revenue-reports,OH/screenshots/OH_2023_12_OH_2023_sports_p1.png,"HOLLYWOOD TOLEDO 1 ,471,433 1,330,100 4,253 - 1 37,080 1 37,080",,2026-04-08T18:42:56.745418
OH,2023-01-01,2023-01-31,monthly,HOLLYWOOD GAMING AT MAHONING VALLEY,Hollywood Mahoning Valley,ESPN Bet,PENN Entertainment,retail,,123942800,15612900,,0,15612900,,,,0.12596859196338955,31,False,False,OH_2023_sports.pdf,,,,2,0,https://dam.assets.ohio.gov/image/upload/v1745842746/casinocontrol.ohio.gov/revenue-reports/December_2023_Sports_Gaming_Revenue_Report.pdf,https://casinocontrol.ohio.gov/about/revenue-reports,OH/screenshots/OH_2023_12_OH_2023_sports_p1.png,"HOLLYWOOD GAMING AT MAHONING VALLEY 1 ,239,428 1,070,206 13,093 - 1 56,129 1 56,129",,2026-04-08T18:42:56.745418
OH,2023-01-01,2023-01-31,monthly,HOLLYWOOD GAMING AT DAYTON RACEWAY,Hollywood Dayton,ESPN Bet,PENN Entertainment,retail,,145148100,27549300,,0,27549300,,,,0.1898013132793333,31,False,False,OH_2023_sports.pdf,,,,2,0,https://dam.assets.ohio.gov/image/upload/v1745842746/casinocontrol.ohio.gov/revenue-reports/December_2023_Sports_Gaming_Revenue_Report.pdf,https://casinocontrol.ohio.gov/about/revenue-reports,OH/screenshots/OH_2023_12_OH_2023_sports_p1.png,"HOLLYWOOD GAMING AT DAYTON RACEWAY 1 ,451,481 1,171,587 4,401 - 2 75,493 2 75,493",,2026-04-08T18:42:56.745418
OH,2023-01-01,2023-01-31,monthly,HOLLYWOOD COLUMBUS,Hollywood Columbus,ESPN Bet,PENN Entertainment,retail,,315179600,48586000,,0,48586000,,,,0.15415337794704986,31,False,False,OH_2023_sports.pdf,,,,2,0,https://dam.assets.ohio.gov/image/upload/v1745842746/casinocontrol.ohio.gov/revenue-reports/December_2023_Sports_Gaming_Revenue_Report.pdf,https://casinocontrol.ohio.gov/about/revenue-reports,OH/screenshots/OH_2023_12_OH_2023_sports_p1.png,"HOLLYWOOD COLUMBUS 3 ,151,796 2,647,141 18,795 - 4 85,860 4 85,860",,2026-04-08T18:42:56.745418
OH,2023-03-01,2023-03-31,monthly,JACK CLEVELAND (BETJACK),BetJACK,betJACK,JACK Entertainment,online,,344476600,39918900,,23077400,39918900,,,,0.11588276242856554,31,False,False,OH_2023_sports.pdf,,,,4,0,https://dam.assets.ohio.gov/image/upload/v1745842746/casinocontrol.ohio.gov/revenue-reports/December_2023_Sports_Gaming_Revenue_Report.pdf,https://casinocontrol.ohio.gov/about/revenue-reports,OH/screenshots/OH_2023_12_OH_2023_sports_p1.png,"JACK CLEVELAND (BETJACK) 3 ,444,766 3,044,380 1,197 230,774 399,189 3 99,189",,2026-04-08T18:42:56.745418
OH,2023-03-01,2023-03-31,monthly,MGM NORTHFIELD PARK - BETMGM,BetMGM,BetMGM,Entain/MGM Resorts,online,,5405498100,681575700,,463543600,681575700,,,,0.12608934225691432,31,False,False,OH_2023_sports.pdf,,,,4,0,https://dam.assets.ohio.gov/image/upload/v1745842746/casinocontrol.ohio.gov/revenue-reports/December_2023_Sports_Gaming_Revenue_Report.pdf,https://casinocontrol.ohio.gov/about/revenue-reports,OH/screenshots/OH_2023_12_OH_2023_sports_p1.png,"MGM NORTHFIELD PARK - BETMGM 5 4,054,981 47,015,990 2 23,234 4 ,635,436 6 ,815,757 6,815,757",,2026-04-08T18:42:56.745418
OH,2023-03-01,2023-03-31,monthly,MIAMI VALLEY GAMING AND RACING - MVGBET,MVGBet,MVGBet,Independent,online,,105665100,1391900,,6921300,1391900,,,,0.01317275051081199,31,False,False,OH_2023_sports.pdf,,,,4,0,https://dam.assets.ohio.gov/image/upload/v1745842746/casinocontrol.ohio.gov/revenue-reports/December_2023_Sports_Gaming_Revenue_Report.pdf,https://casinocontrol.ohio.gov/about/revenue-reports,OH/screenshots/OH_2023_12_OH_2023_sports_p1.png,"MIAMI VALLEY GAMING AND RACING - MVGBET 1 ,056,651 1,037,952 4,780 69,213 1 3,919 13,919",,2026-04-08T18:42:56.745418
OH,2023-04-01,2023-04-30,monthly,CLEVELAND CAVALIERS - CAESARS SPORTSBOOK,Caesars,Caesars,Caesars Entertainment,retail,,25202500,3099000,,0,3099000,,,,0.1229639916674933,30,False,False,OH_2023_sports.pdf,,,,5,0,https://dam.assets.ohio.gov/image/upload/v1745842746/casinocontrol.ohio.gov/revenue-reports/December_2023_Sports_Gaming_Revenue_Report.pdf,https://casinocontrol.ohio.gov/about/revenue-reports,OH/screenshots/OH_2023_12_OH_2023_sports_p1.png,"CLEVELAND CAVALIERS - CAESARS SPORTSBOOK 2 52,025 217,320 3 ,715 - 30,990 30,990",,2026-04-08T18:42:56.745418
OH,2023-05-01,2023-05-31,monthly,CLEVELAND GUARDIANS - BET365,bet365,bet365,bet365 Group,online,,3209446500,41928300,,3743669400,441928300,,,,0.013064028330118604,31,False,False,OH_2023_sports.pdf,,,,6,0,https://dam.assets.ohio.gov/image/upload/v1745842746/casinocontrol.ohio.gov/revenue-reports/December_2023_Sports_Gaming_Revenue_Report.pdf,https://casinocontrol.ohio.gov/about/revenue-reports,OH/screenshots/OH_2023_12_OH_2023_sports_p1.png,"CLEVELAND GUARDIANS - BET365 32,094,465 2 5,931,987 1 ,743,195 3,743,669 4 ,419,283 4 ,419,283",,2026-04-08T18:42:56.745418
OH,2023-05-01,2023-05-31,monthly,CINCINNATI BENGALS - BETFRED SPORTS,Betfred,Betfred,Betfred Group,online,,175570100,16105800,,15659000,16105800,,,,0.09173429872170717,31,False,False,OH_2023_sports.pdf,,,,6,0,https://dam.assets.ohio.gov/image/upload/v1745842746/casinocontrol.ohio.gov/revenue-reports/December_2023_Sports_Gaming_Revenue_Report.pdf,https://casinocontrol.ohio.gov/about/revenue-reports,OH/screenshots/OH_2023_12_OH_2023_sports_p1.png,"CINCINNATI BENGALS - BETFRED SPORTS 1,755,701 1 ,580,538 14,105 1 56,590 161,058 161,058",,2026-04-08T18:42:56.745418
OH,2023-05-01,2023-05-31,monthly,BELTERRA PARK - FANDUEL,FanDuel,FanDuel,Flutter Entertainment,online,,15851307400,2425148300,,676403700,2425148300,,,,0.1529935820940549,31,False,False,OH_2023_sports.pdf,,,,6,0,https://dam.assets.ohio.gov/image/upload/v1745842746/casinocontrol.ohio.gov/revenue-reports/December_2023_Sports_Gaming_Revenue_Report.pdf,https://casinocontrol.ohio.gov/about/revenue-reports,OH/screenshots/OH_2023_12_OH_2023_sports_p1.png,"BELTERRA PARK - FANDUEL 1 58,513,074 133,319,286 942,305 6,764,037 24,251,483 2 4,251,483",,2026-04-08T18:42:56.745418
OH,2023-05-01,2023-05-31,monthly,BELTERRA PARK - BETWAY,Betway,Betway,Digital Gaming USA,online,,68108600,6692200,,3775500,6692200,,,,0.09825778242395233,31,False,False,OH_2023_sports.pdf,,,,6,0,https://dam.assets.ohio.gov/image/upload/v1745842746/casinocontrol.ohio.gov/revenue-reports/December_2023_Sports_Gaming_Revenue_Report.pdf,https://casinocontrol.ohio.gov/about/revenue-reports,OH/screenshots/OH_2023_12_OH_2023_sports_p1.png,"BELTERRA PARK - BETWAY 6 81,086 606,287 7 ,877 3 7,755 66,922 66,922",,2026-04-08T18:42:56.745418
OH,2023-04-01,2023-04-30,monthly,SCIOTO DOWNS - CAESARS SPORTSBOOK,Caesars Sportsbook,Caesars,Caesars Entertainment,retail,,63266200,6879100,,0,6879100,,,,0.1087326250035564,30,False,False,OH_2023_sports.pdf,,,,5,0,https://dam.assets.ohio.gov/image/upload/v1745842746/casinocontrol.ohio.gov/revenue-reports/December_2023_Sports_Gaming_Revenue_Report.pdf,https://casinocontrol.ohio.gov/about/revenue-reports,OH/screenshots/OH_2023_12_OH_2023_sports_p1.png,"SCIOTO DOWNS - CAESARS SPORTSBOOK 6 32,662 560,153 3 ,718 - 68,791 68,791",,2026-04-08T18:42:56.745418
OH,2023-04-01,2023-04-30,monthly,MIAMI VALLEY GAMING AND RACING,MVGBet,MVGBet,Independent,retail,,40869500,2682600,,0,2682600,,,,0.0656381898481753,30,False,False,OH_2023_sports.pdf,,,,5,0,https://dam.assets.ohio.gov/image/upload/v1745842746/casinocontrol.ohio.gov/revenue-reports/December_2023_Sports_Gaming_Revenue_Report.pdf,https://casinocontrol.ohio.gov/about/revenue-reports,OH/screenshots/OH_2023_12_OH_2023_sports_p1.png,"MIAMI VALLEY GAMING AND RACING 4 08,695 380,319 1 ,550 - 26,826 26,826",,2026-04-08T18:42:56.745418
OH,2023-04-01,2023-04-30,monthly,JACK THISTLEDOWN - BETJACK,betJACK,betJACK,JACK Entertainment,retail,,103852600,12884900,,0,12884900,,,,0.12406911333948308,30,False,False,OH_2023_sports.pdf,,,,5,0,https://dam.assets.ohio.gov/image/upload/v1745842746/casinocontrol.ohio.gov/revenue-reports/December_2023_Sports_Gaming_Revenue_Report.pdf,https://casinocontrol.ohio.gov/about/revenue-reports,OH/screenshots/OH_2023_12_OH_2023_sports_p1.png,"JACK THISTLEDOWN - BETJACK 1,038,526 906,332 3 ,345 - 128,849 128,849",,2026-04-08T18:42:56.745418
OH,2023-04-01,2023-04-30,monthly,JACK CLEVELAND - BETJACK,BetJACK,betJACK,JACK Entertainment,retail,,166130600,26302100,,0,26302100,,,,0.15832182632218267,30,False,False,OH_2023_sports.pdf,,,,5,0,https://dam.assets.ohio.gov/image/upload/v1745842746/casinocontrol.ohio.gov/revenue-reports/December_2023_Sports_Gaming_Revenue_Report.pdf,https://casinocontrol.ohio.gov/about/revenue-reports,OH/screenshots/OH_2023_12_OH_2023_sports_p1.png,"JACK CLEVELAND - BETJACK 1,661,306 1 ,387,147 11,138 - 263,021 263,021",,2026-04-08T18:42:56.745418
OH,2023-04-01,2023-04-30,monthly,HOLLYWOOD TOLEDO,Hollywood Toledo,ESPN Bet,PENN Entertainment,retail,,88260900,9459900,,0,9459900,,,,0.10718109604592747,30,False,False,OH_2023_sports.pdf,,,,5,0,https://dam.assets.ohio.gov/image/upload/v1745842746/casinocontrol.ohio.gov/revenue-reports/December_2023_Sports_Gaming_Revenue_Report.pdf,https://casinocontrol.ohio.gov/about/revenue-reports,OH/screenshots/OH_2023_12_OH_2023_sports_p1.png,"HOLLYWOOD TOLEDO 8 82,609 785,320 2 ,690 - 94,599 94,599",,2026-04-08T18:42:56.745418
OH,2023-04-01,2023-04-30,monthly,HOLLYWOOD GAMING AT MAHONING VALLEY,Hollywood Mahoning Valley,ESPN Bet,PENN Entertainment,retail,,112766500,7164100,,0,7164100,,,,0.0635303924481118,30,False,False,OH_2023_sports.pdf,,,,5,0,https://dam.assets.ohio.gov/image/upload/v1745842746/casinocontrol.ohio.gov/revenue-reports/December_2023_Sports_Gaming_Revenue_Report.pdf,https://casinocontrol.ohio.gov/about/revenue-reports,OH/screenshots/OH_2023_12_OH_2023_sports_p1.png,"HOLLYWOOD GAMING AT MAHONING VALLEY 1,127,665 1 ,054,788 1 ,236 - 71,641 71,641",,2026-04-08T18:42:56.745418
OH,2023-04-01,2023-04-30,monthly,HOLLYWOOD GAMING AT DAYTON RACEWAY,Hollywood Dayton,ESPN Bet,PENN Entertainment,retail,,132442500,6073600,,0,6073600,,,,0.04585839137739019,30,False,False,OH_2023_sports.pdf,,,,5,0,https://dam.assets.ohio.gov/image/upload/v1745842746/casinocontrol.ohio.gov/revenue-reports/December_2023_Sports_Gaming_Revenue_Report.pdf,https://casinocontrol.ohio.gov/about/revenue-reports,OH/screenshots/OH_2023_12_OH_2023_sports_p1.png,"HOLLYWOOD GAMING AT DAYTON RACEWAY 1,324,425 1 ,262,612 1 ,077 - 60,736 60,736",,2026-04-08T18:42:56.745418
OH,2023-04-01,2023-04-30,monthly,HOLLYWOOD COLUMBUS,Hollywood Columbus,ESPN Bet,PENN Entertainment,retail,,298724900,6911300,,0,6911300,,,,0.023136002388819948,30,False,False,OH_2023_sports.pdf,,,,5,0,https://dam.assets.ohio.gov/image/upload/v1745842746/casinocontrol.ohio.gov/revenue-reports/December_2023_Sports_Gaming_Revenue_Report.pdf,https://casinocontrol.ohio.gov/about/revenue-reports,OH/screenshots/OH_2023_12_OH_2023_sports_p1.png,"HOLLYWOOD COLUMBUS 2,987,249 2 ,916,698 1 ,438 - 69,113 69,113",,2026-04-08T18:42:56.745418
OH,2023-04-01,2023-04-30,monthly,HARD ROCK CINCINNATI - SEMINOLE HARD ROCK DIGITAL,Hard Rock Bet,Hard Rock Bet,Seminole Tribe / Hard Rock Digital,retail,,281518000,39550400,,0,39550400,,,,0.14048977330046392,30,False,False,OH_2023_sports.pdf,,,,5,0,https://dam.assets.ohio.gov/image/upload/v1745842746/casinocontrol.ohio.gov/revenue-reports/December_2023_Sports_Gaming_Revenue_Report.pdf,https://casinocontrol.ohio.gov/about/revenue-reports,OH/screenshots/OH_2023_12_OH_2023_sports_p1.png,"HARD ROCK CINCINNATI - SEMINOLE HARD ROCK DIGITAL 2,815,180 2 ,308,063 111,613 - 395,504 395,504",,2026-04-08T18:42:56.745418
OH,2023-05-01,2023-05-31,monthly,COLUMBUS CREW SC - TIPICO,Tipico,Tipico,Tipico Group,online,,472278900,45255500,,46397100,45255500,,,,0.09582367537486854,31,False,False,OH_2023_sports.pdf,,,,6,0,https://dam.assets.ohio.gov/image/upload/v1745842746/casinocontrol.ohio.gov/revenue-reports/December_2023_Sports_Gaming_Revenue_Report.pdf,https://casinocontrol.ohio.gov/about/revenue-reports,OH/screenshots/OH_2023_12_OH_2023_sports_p1.png,"COLUMBUS CREW SC - TIPICO 4,722,789 4 ,237,426 32,808 4 63,971 452,555 452,555",,2026-04-08T18:42:56.745418
OH,2023-05-01,2023-05-31,monthly,FC CINCINNATI - SUPERBOOK,SuperBook,SuperBook,SuperBook Sports,online,,89818100,-1099000,,2483000,0,,,,-0.012235841105523275,31,False,False,OH_2023_sports.pdf,,,,6,0,https://dam.assets.ohio.gov/image/upload/v1745842746/casinocontrol.ohio.gov/revenue-reports/December_2023_Sports_Gaming_Revenue_Report.pdf,https://casinocontrol.ohio.gov/about/revenue-reports,OH/screenshots/OH_2023_12_OH_2023_sports_p1.png,"FC CINCINNATI - SUPERBOOK 8 98,181 905,401 3 ,770 2 4,830 (10,990) -",,2026-04-08T18:42:56.745418
OH,2023-05-01,2023-05-31,monthly,HARD ROCK CINCINNATI - SEMINOLE HARD ROCK DIGITAL,Hard Rock Bet,Hard Rock Bet,Seminole Tribe / Hard Rock Digital,online,,790702800,48162100,,15208800,48162100,,,,0.060910496333135535,31,False,False,OH_2023_sports.pdf,,,,6,0,https://dam.assets.ohio.gov/image/upload/v1745842746/casinocontrol.ohio.gov/revenue-reports/December_2023_Sports_Gaming_Revenue_Report.pdf,https://casinocontrol.ohio.gov/about/revenue-reports,OH/screenshots/OH_2023_12_OH_2023_sports_p1.png,"HARD ROCK CINCINNATI - SEMINOLE HARD ROCK DIGITAL 7,907,028 7 ,369,866 55,541 1 52,088 481,621 481,621",,2026-04-08T18:42:56.745418
OH,2023-05-01,2023-05-31,monthly,MUIRFIELD VILLAGE GOLF CLUB - PARX INTERACTIVE,BetRivers (Gun Lake),BetRivers,Rush Street Interactive,online,,82098400,2545700,,7841200,2545700,,,,0.031007912456271988,31,False,False,OH_2023_sports.pdf,,,,6,0,https://dam.assets.ohio.gov/image/upload/v1745842746/casinocontrol.ohio.gov/revenue-reports/December_2023_Sports_Gaming_Revenue_Report.pdf,https://casinocontrol.ohio.gov/about/revenue-reports,OH/screenshots/OH_2023_12_OH_2023_sports_p1.png,"MUIRFIELD VILLAGE GOLF CLUB - PARX INTERACTIVE 8 20,984 793,717 1 ,810 7 8,412 25,457 25,457",,2026-04-08T18:42:56.745418
OH,2023-05-01,2023-05-31,monthly,HARD ROCK CINCINNATI - SEMINOLE HARD ROCK DIGITAL,Hard Rock Bet,Hard Rock Bet,Seminole Tribe / Hard Rock Digital,retail,,155626000,30397500,,0,30397500,,,,0.19532404611054707,31,False,False,OH_2023_sports.pdf,,,,6,0,https://dam.assets.ohio.gov/image/upload/v1745842746/casinocontrol.ohio.gov/revenue-reports/December_2023_Sports_Gaming_Revenue_Report.pdf,https://casinocontrol.ohio.gov/about/revenue-reports,OH/screenshots/OH_2023_12_OH_2023_sports_p1.png,"HARD ROCK CINCINNATI - SEMINOLE HARD ROCK DIGITAL 1,556,260 1 ,237,282 15,003 - 303,975 303,975",,2026-04-08T18:42:56.745418
OH,2023-05-01,2023-05-31,monthly,FC CINCINNATI - SUPERBOOK,SuperBook,SuperBook,SuperBook Sports,retail,,1006100,159300,,0,159300,,,,0.15833416161415367,31,False,False,OH_2023_sports.pdf,,,,6,0,https://dam.assets.ohio.gov/image/upload/v1745842746/casinocontrol.ohio.gov/revenue-reports/December_2023_Sports_Gaming_Revenue_Report.pdf,https://casinocontrol.ohio.gov/about/revenue-reports,OH/screenshots/OH_2023_12_OH_2023_sports_p1.png,"FC CINCINNATI - SUPERBOOK 1 0,061 8 ,468 - - 1 ,593 1 ,593",,2026-04-08T18:42:56.745418
OH,2023-05-01,2023-05-31,monthly,CLEVELAND CAVALIERS - CAESARS SPORTSBOOK,Caesars,Caesars,Caesars Entertainment,retail,,120117500,11023800,,0,11023800,,,,0.09177513684517244,31,False,False,OH_2023_sports.pdf,,,,6,0,https://dam.assets.ohio.gov/image/upload/v1745842746/casinocontrol.ohio.gov/revenue-reports/December_2023_Sports_Gaming_Revenue_Report.pdf,https://casinocontrol.ohio.gov/about/revenue-reports,OH/screenshots/OH_2023_12_OH_2023_sports_p1.png,"CLEVELAND CAVALIERS - CAESARS SPORTSBOOK 1,201,175 978,545 112,392 - 110,238 110,238",,2026-04-08T18:42:56.745418
OH,2023-05-01,2023-05-31,monthly,CINCINNATI REDS - BETMGM,BetMGM,BetMGM,Entain/MGM Resorts,retail,,6328900,2295600,,0,2295600,,,,0.3627170598366225,31,False,False,OH_2023_sports.pdf,,,,6,0,https://dam.assets.ohio.gov/image/upload/v1745842746/casinocontrol.ohio.gov/revenue-reports/December_2023_Sports_Gaming_Revenue_Report.pdf,https://casinocontrol.ohio.gov/about/revenue-reports,OH/screenshots/OH_2023_12_OH_2023_sports_p1.png,"CINCINNATI REDS - BETMGM 6 3,289 40,263 70 - 22,956 22,956",,2026-04-08T18:42:56.745418
OH,2023-05-01,2023-05-31,monthly,BELTERRA PARK - FANDUEL,FanDuel,FanDuel,Flutter Entertainment,retail,,34166700,4990300,,0,4990300,,,,0.14605741848056733,31,False,False,OH_2023_sports.pdf,,,,6,0,https://dam.assets.ohio.gov/image/upload/v1745842746/casinocontrol.ohio.gov/revenue-reports/December_2023_Sports_Gaming_Revenue_Report.pdf,https://casinocontrol.ohio.gov/about/revenue-reports,OH/screenshots/OH_2023_12_OH_2023_sports_p1.png,"BELTERRA PARK - FANDUEL 3 41,667 291,514 250 - 49,903 49,903",,2026-04-08T18:42:56.745418
OH,2023-05-01,2023-05-31,monthly,SCIOTO DOWNS - CAESARS SPORTSBOOK,Caesars Sportsbook,Caesars,Caesars Entertainment,online,,2399004600,2863500,,371485200,202863500,,,,0.0011936200539173622,31,False,False,OH_2023_sports.pdf,,,,6,0,https://dam.assets.ohio.gov/image/upload/v1745842746/casinocontrol.ohio.gov/revenue-reports/December_2023_Sports_Gaming_Revenue_Report.pdf,https://casinocontrol.ohio.gov/about/revenue-reports,OH/screenshots/OH_2023_12_OH_2023_sports_p1.png,"SCIOTO DOWNS - CAESARS SPORTSBOOK 23,990,046 2 1,629,821 331,590 3 71,485 2 ,028,635 2 ,028,635",,2026-04-08T18:42:56.745418
OH,2023-05-01,2023-05-31,monthly,MIAMI VALLEY GAMING AND RACING - MVGBET,MVGBet,MVGBet,Independent,online,,86686800,6404900,,4483900,6404900,,,,0.07388552813115723,31,False,False,OH_2023_sports.pdf,,,,6,0,https://dam.assets.ohio.gov/image/upload/v1745842746/casinocontrol.ohio.gov/revenue-reports/December_2023_Sports_Gaming_Revenue_Report.pdf,https://casinocontrol.ohio.gov/about/revenue-reports,OH/screenshots/OH_2023_12_OH_2023_sports_p1.png,"MIAMI VALLEY GAMING AND RACING - MVGBET 8 66,868 800,865 1 ,954 4 4,839 64,049 64,049",,2026-04-08T18:42:56.745418
OH,2023-05-01,2023-05-31,monthly,HOF VILLAGE - BETR,Betr,Betr,Betr,online,,77008300,5426800,,11608300,5426800,,,,0.07047032592590668,31,False,False,OH_2023_sports.pdf,,,,6,0,https://dam.assets.ohio.gov/image/upload/v1745842746/casinocontrol.ohio.gov/revenue-reports/December_2023_Sports_Gaming_Revenue_Report.pdf,https://casinocontrol.ohio.gov/about/revenue-reports,OH/screenshots/OH_2023_12_OH_2023_sports_p1.png,"HOF VILLAGE - BETR 7 70,083 687,256 28,559 1 16,083 54,268 54,268",,2026-04-08T18:42:56.745418
OH,2023-05-01,2023-05-31,monthly,MGM NORTHFIELD PARK - BETMGM,BetMGM,BetMGM,Entain/MGM Resorts,online,,2978754700,92975600,,3221569300,392975600,,,,0.031212909206656057,31,False,False,OH_2023_sports.pdf,,,,6,0,https://dam.assets.ohio.gov/image/upload/v1745842746/casinocontrol.ohio.gov/revenue-reports/December_2023_Sports_Gaming_Revenue_Report.pdf,https://casinocontrol.ohio.gov/about/revenue-reports,OH/screenshots/OH_2023_12_OH_2023_sports_p1.png,"MGM NORTHFIELD PARK - BETMGM 29,787,547 2 5,623,544 234,247 3,221,569 3 ,929,756 3 ,929,756",,2026-04-08T18:42:56.745418
OH,2023-05-01,2023-05-31,monthly,JACK CLEVELAND (BETJACK),BetJACK,betJACK,JACK Entertainment,online,,345344800,33524000,,22826300,33524000,,,,0.0970739967707636,31,False,False,OH_2023_sports.pdf,,,,6,0,https://dam.assets.ohio.gov/image/upload/v1745842746/casinocontrol.ohio.gov/revenue-reports/December_2023_Sports_Gaming_Revenue_Report.pdf,https://casinocontrol.ohio.gov/about/revenue-reports,OH/screenshots/OH_2023_12_OH_2023_sports_p1.png,"JACK CLEVELAND (BETJACK) 3,453,448 3 ,108,815 9 ,393 2 28,263 335,240 335,240",,2026-04-08T18:42:56.745418
OH,2023-05-01,2023-05-31,monthly,HOLLYWOOD TOLEDO - DRAFTKINGS,DraftKings,DraftKings,DraftKings Inc,online,,13702263400,1747529700,,650704400,1747529700,,,,0.12753584199819135,31,False,False,OH_2023_sports.pdf,,,,6,0,https://dam.assets.ohio.gov/image/upload/v1745842746/casinocontrol.ohio.gov/revenue-reports/December_2023_Sports_Gaming_Revenue_Report.pdf,https://casinocontrol.ohio.gov/about/revenue-reports,OH/screenshots/OH_2023_12_OH_2023_sports_p1.png,"HOLLYWOOD TOLEDO - DRAFTKINGS 1 37,022,634 118,703,444 843,893 6,507,044 17,475,297 1 7,475,297",,2026-04-08T18:42:56.745418
OH,2023-05-01,2023-05-31,monthly,HOLLYWOOD MAHONING VALLEY - POINTSBET OHIO,Fanatics,Fanatics,Fanatics Inc,online,,352620900,47489900,,38950400,47489900,,,,0.13467692924611105,31,False,False,OH_2023_sports.pdf,,,,6,0,https://dam.assets.ohio.gov/image/upload/v1745842746/casinocontrol.ohio.gov/revenue-reports/December_2023_Sports_Gaming_Revenue_Report.pdf,https://casinocontrol.ohio.gov/about/revenue-reports,OH/screenshots/OH_2023_12_OH_2023_sports_p1.png,"HOLLYWOOD MAHONING VALLEY - POINTSBET OHIO 3,526,209 3 ,022,852 28,458 3 89,504 474,899 474,899",,2026-04-08T18:42:56.745418
OH,2023-05-01,2023-05-31,monthly,"HOLLYWOOD GAMING AT DAYTON RACEWAY - RSI OH, LLC",BetRivers,BetRivers,Rush Street Interactive,online,,302262000,34270300,,19942800,34270300,,,,0.11337945226326829,31,False,False,OH_2023_sports.pdf,,,,6,0,https://dam.assets.ohio.gov/image/upload/v1745842746/casinocontrol.ohio.gov/revenue-reports/December_2023_Sports_Gaming_Revenue_Report.pdf,https://casinocontrol.ohio.gov/about/revenue-reports,OH/screenshots/OH_2023_12_OH_2023_sports_p1.png,"HOLLYWOOD GAMING AT DAYTON RACEWAY - RSI OH, LLC 3,022,620 2 ,669,024 10,893 1 99,428 342,703 342,703",,2026-04-08T18:42:56.745418
OH,2023-05-01,2023-05-31,monthly,HOLLYWOOD COLUMBUS - PENN INTERACTIVE (ESPN BET),ESPN BET,ESPN Bet,PENN Entertainment,online,,1984378200,18514300,,157325100,118514300,,,,0.009330025899296818,31,False,False,OH_2023_sports.pdf,,,,6,0,https://dam.assets.ohio.gov/image/upload/v1745842746/casinocontrol.ohio.gov/revenue-reports/December_2023_Sports_Gaming_Revenue_Report.pdf,https://casinocontrol.ohio.gov/about/revenue-reports,OH/screenshots/OH_2023_12_OH_2023_sports_p1.png,"HOLLYWOOD COLUMBUS - PENN INTERACTIVE (ESPN BET) 19,843,782 1 8,603,353 55,286 1 57,325 1 ,185,143 1 ,185,143",,2026-04-08T18:42:56.745418
OH,2023-04-01,2023-04-30,monthly,FC CINCINNATI - SUPERBOOK,SuperBook,SuperBook,SuperBook Sports,retail,,1392700,-320700,,0,0,,,,-0.23027213326631724,30,False,False,OH_2023_sports.pdf,,,,5,0,https://dam.assets.ohio.gov/image/upload/v1745842746/casinocontrol.ohio.gov/revenue-reports/December_2023_Sports_Gaming_Revenue_Report.pdf,https://casinocontrol.ohio.gov/about/revenue-reports,OH/screenshots/OH_2023_12_OH_2023_sports_p1.png,"FC CINCINNATI - SUPERBOOK 1 3,927 17,124 10 - (3,207) -",,2026-04-08T18:42:56.745418
OH,2023-04-01,2023-04-30,monthly,CINCINNATI REDS - BETMGM,BetMGM,BetMGM,Entain/MGM Resorts,retail,,9881000,-3858000,,0,0,,,,-0.3904463111021152,30,False,False,OH_2023_sports.pdf,,,,5,0,https://dam.assets.ohio.gov/image/upload/v1745842746/casinocontrol.ohio.gov/revenue-reports/December_2023_Sports_Gaming_Revenue_Report.pdf,https://casinocontrol.ohio.gov/about/revenue-reports,OH/screenshots/OH_2023_12_OH_2023_sports_p1.png,"CINCINNATI REDS - BETMGM 9 8,810 137,295 95 - (38,580) -",,2026-04-08T18:42:56.745418
OH,2023-03-01,2023-03-31,monthly,MUIRFIELD VILLAGE GOLF CLUB - PARX INTERACTIVE,BetRivers (Gun Lake),BetRivers,Rush Street Interactive,online,,77610400,12046500,,13925500,12046500,,,,0.15521759970313256,31,False,False,OH_2023_sports.pdf,,,,4,0,https://dam.assets.ohio.gov/image/upload/v1745842746/casinocontrol.ohio.gov/revenue-reports/December_2023_Sports_Gaming_Revenue_Report.pdf,https://casinocontrol.ohio.gov/about/revenue-reports,OH/screenshots/OH_2023_12_OH_2023_sports_p1.png,"MUIRFIELD VILLAGE GOLF CLUB - PARX INTERACTIVE 776,104 6 55,357 2 82 139,255 120,465 1 20,465",,2026-04-08T18:42:56.745418
OH,2023-04-01,2023-04-30,monthly,BELTERRA PARK - FANDUEL,FanDuel,FanDuel,Flutter Entertainment,retail,,51345700,6934000,,0,6934000,,,,0.13504538841616728,30,False,False,OH_2023_sports.pdf,,,,5,0,https://dam.assets.ohio.gov/image/upload/v1745842746/casinocontrol.ohio.gov/revenue-reports/December_2023_Sports_Gaming_Revenue_Report.pdf,https://casinocontrol.ohio.gov/about/revenue-reports,OH/screenshots/OH_2023_12_OH_2023_sports_p1.png,"BELTERRA PARK - FANDUEL 5 13,457 442,543 1 ,574 - 69,340 69,340",,2026-04-08T18:42:56.745418
OH,2023-03-01,2023-03-31,monthly,SCIOTO DOWNS - CAESARS SPORTSBOOK,Caesars Sportsbook,Caesars,Caesars Entertainment,retail,,107860200,13197800,,0,13197800,,,,0.1223602403852394,31,False,False,OH_2023_sports.pdf,,,,4,0,https://dam.assets.ohio.gov/image/upload/v1745842746/casinocontrol.ohio.gov/revenue-reports/December_2023_Sports_Gaming_Revenue_Report.pdf,https://casinocontrol.ohio.gov/about/revenue-reports,OH/screenshots/OH_2023_12_OH_2023_sports_p1.png,"SCIOTO DOWNS - CAESARS SPORTSBOOK 1 ,078,602 9 38,581 8,043 - 131,978 1 31,978",,2026-04-08T18:42:56.745418
OH,2023-03-01,2023-03-31,monthly,MIAMI VALLEY GAMING AND RACING,MVGBet,MVGBet,Independent,retail,,55456800,10056400,,0,10056400,,,,0.18133754562109605,31,False,False,OH_2023_sports.pdf,,,,4,0,https://dam.assets.ohio.gov/image/upload/v1745842746/casinocontrol.ohio.gov/revenue-reports/December_2023_Sports_Gaming_Revenue_Report.pdf,https://casinocontrol.ohio.gov/about/revenue-reports,OH/screenshots/OH_2023_12_OH_2023_sports_p1.png,"MIAMI VALLEY GAMING AND RACING 554,568 4 53,434 5 70 - 100,564 1 00,564",,2026-04-08T18:42:56.745418
OH,2023-03-01,2023-03-31,monthly,JACK THISTLEDOWN - BETJACK,betJACK,betJACK,JACK Entertainment,retail,,156864700,20173900,,0,20173900,,,,0.12860700973514116,31,False,False,OH_2023_sports.pdf,,,,4,0,https://dam.assets.ohio.gov/image/upload/v1745842746/casinocontrol.ohio.gov/revenue-reports/December_2023_Sports_Gaming_Revenue_Report.pdf,https://casinocontrol.ohio.gov/about/revenue-reports,OH/screenshots/OH_2023_12_OH_2023_sports_p1.png,"JACK THISTLEDOWN - BETJACK 1 ,568,647 1,363,169 3,739 - 201,739 2 01,739",,2026-04-08T18:42:56.745418
OH,2023-03-01,2023-03-31,monthly,JACK CLEVELAND - BETJACK,BetJACK,betJACK,JACK Entertainment,retail,,247341400,28426400,,0,28426400,,,,0.11492778806944572,31,False,False,OH_2023_sports.pdf,,,,4,0,https://dam.assets.ohio.gov/image/upload/v1745842746/casinocontrol.ohio.gov/revenue-reports/December_2023_Sports_Gaming_Revenue_Report.pdf,https://casinocontrol.ohio.gov/about/revenue-reports,OH/screenshots/OH_2023_12_OH_2023_sports_p1.png,"JACK CLEVELAND - BETJACK 2 ,473,414 2,180,536 8,614 - 284,264 2 84,264",,2026-04-08T18:42:56.745418
OH,2023-03-01,2023-03-31,monthly,HOLLYWOOD TOLEDO,Hollywood Toledo,ESPN Bet,PENN Entertainment,retail,,146039800,28782200,,0,28782200,,,,0.19708463035419113,31,False,False,OH_2023_sports.pdf,,,,4,0,https://dam.assets.ohio.gov/image/upload/v1745842746/casinocontrol.ohio.gov/revenue-reports/December_2023_Sports_Gaming_Revenue_Report.pdf,https://casinocontrol.ohio.gov/about/revenue-reports,OH/screenshots/OH_2023_12_OH_2023_sports_p1.png,"HOLLYWOOD TOLEDO 1 ,460,398 1,170,064 2,512 - 287,822 2 87,822",,2026-04-08T18:42:56.745418
OH,2023-03-01,2023-03-31,monthly,HOLLYWOOD GAMING AT MAHONING VALLEY,Hollywood Mahoning Valley,ESPN Bet,PENN Entertainment,retail,,133842500,19160600,,0,19160600,,,,0.14315781608980704,31,False,False,OH_2023_sports.pdf,,,,4,0,https://dam.assets.ohio.gov/image/upload/v1745842746/casinocontrol.ohio.gov/revenue-reports/December_2023_Sports_Gaming_Revenue_Report.pdf,https://casinocontrol.ohio.gov/about/revenue-reports,OH/screenshots/OH_2023_12_OH_2023_sports_p1.png,"HOLLYWOOD GAMING AT MAHONING VALLEY 1 ,338,425 1,145,046 1,773 - 191,606 1 91,606",,2026-04-08T18:42:56.745418
OH,2023-03-01,2023-03-31,monthly,HOLLYWOOD GAMING AT DAYTON RACEWAY,Hollywood Dayton,ESPN Bet,PENN Entertainment,retail,,177037100,-3624500,,0,0,,,,-0.02047310987358017,31,False,False,OH_2023_sports.pdf,,,,4,0,https://dam.assets.ohio.gov/image/upload/v1745842746/casinocontrol.ohio.gov/revenue-reports/December_2023_Sports_Gaming_Revenue_Report.pdf,https://casinocontrol.ohio.gov/about/revenue-reports,OH/screenshots/OH_2023_12_OH_2023_sports_p1.png,"HOLLYWOOD GAMING AT DAYTON RACEWAY 1 ,770,371 1,801,720 4,896 - (36,245) -",,2026-04-08T18:42:56.745418
OH,2023-03-01,2023-03-31,monthly,HOLLYWOOD COLUMBUS,Hollywood Columbus,ESPN Bet,PENN Entertainment,retail,,407897700,64029600,,0,64029600,,,,0.15697465320348705,31,False,False,OH_2023_sports.pdf,,,,4,0,https://dam.assets.ohio.gov/image/upload/v1745842746/casinocontrol.ohio.gov/revenue-reports/December_2023_Sports_Gaming_Revenue_Report.pdf,https://casinocontrol.ohio.gov/about/revenue-reports,OH/screenshots/OH_2023_12_OH_2023_sports_p1.png,"HOLLYWOOD COLUMBUS 4 ,078,977 3,429,624 9,057 - 640,296 6 40,296",,2026-04-08T18:42:56.745418
OH,2023-03-01,2023-03-31,monthly,HARD ROCK CINCINNATI - SEMINOLE HARD ROCK DIGITAL,Hard Rock Bet,Hard Rock Bet,Seminole Tribe / Hard Rock Digital,retail,,336596600,40523200,,0,40523200,,,,0.12039099622515498,31,False,False,OH_2023_sports.pdf,,,,4,0,https://dam.assets.ohio.gov/image/upload/v1745842746/casinocontrol.ohio.gov/revenue-reports/December_2023_Sports_Gaming_Revenue_Report.pdf,https://casinocontrol.ohio.gov/about/revenue-reports,OH/screenshots/OH_2023_12_OH_2023_sports_p1.png,"HARD ROCK CINCINNATI - SEMINOLE HARD ROCK DIGITAL 3 ,365,966 2,894,115 66,619 - 405,232 4 05,232",,2026-04-08T18:42:56.745418
OH,2023-03-01,2023-03-31,monthly,FC CINCINNATI - SUPERBOOK,SuperBook,SuperBook,SuperBook Sports,retail,,1640800,1244600,,0,1244600,,,,0.7585324232081911,31,False,False,OH_2023_sports.pdf,,,,4,0,https://dam.assets.ohio.gov/image/upload/v1745842746/casinocontrol.ohio.gov/revenue-reports/December_2023_Sports_Gaming_Revenue_Report.pdf,https://casinocontrol.ohio.gov/about/revenue-reports,OH/screenshots/OH_2023_12_OH_2023_sports_p1.png,"FC CINCINNATI - SUPERBOOK 16,408 3,937 2 5 - 1 2,446 12,446",,2026-04-08T18:42:56.745418
OH,2023-03-01,2023-03-31,monthly,CLEVELAND CAVALIERS - CAESARS SPORTSBOOK,Caesars,Caesars,Caesars Entertainment,retail,,141879800,21022400,,0,21022400,,,,0.14817049361501777,31,False,False,OH_2023_sports.pdf,,,,4,0,https://dam.assets.ohio.gov/image/upload/v1745842746/casinocontrol.ohio.gov/revenue-reports/December_2023_Sports_Gaming_Revenue_Report.pdf,https://casinocontrol.ohio.gov/about/revenue-reports,OH/screenshots/OH_2023_12_OH_2023_sports_p1.png,"CLEVELAND CAVALIERS - CAESARS SPORTSBOOK 1 ,418,798 1,136,855 71,719 - 210,224 2 10,224",,2026-04-08T18:42:56.745418
OH,2023-03-01,2023-03-31,monthly,CINCINNATI REDS - BETMGM,BetMGM,BetMGM,Entain/MGM Resorts,retail,,23682100,1753500,,0,1753500,,,,0.07404326474425832,31,False,False,OH_2023_sports.pdf,,,,4,0,https://dam.assets.ohio.gov/image/upload/v1745842746/casinocontrol.ohio.gov/revenue-reports/December_2023_Sports_Gaming_Revenue_Report.pdf,https://casinocontrol.ohio.gov/about/revenue-reports,OH/screenshots/OH_2023_12_OH_2023_sports_p1.png,"CINCINNATI REDS - BETMGM 236,821 2 15,974 3,312 - 1 7,535 17,535",,2026-04-08T18:42:56.745418
OH,2023-03-01,2023-03-31,monthly,BELTERRA PARK - FANDUEL,FanDuel,FanDuel,Flutter Entertainment,retail,,81484700,17712000,,0,17712000,,,,0.21736595949914525,31,False,False,OH_2023_sports.pdf,,,,4,0,https://dam.assets.ohio.gov/image/upload/v1745842746/casinocontrol.ohio.gov/revenue-reports/December_2023_Sports_Gaming_Revenue_Report.pdf,https://casinocontrol.ohio.gov/about/revenue-reports,OH/screenshots/OH_2023_12_OH_2023_sports_p1.png,"BELTERRA PARK - FANDUEL 814,847 6 33,713 4,014 - 177,120 1 77,120",,2026-04-08T18:42:56.745418
OH,2023-03-01,2023-03-31,monthly,SCIOTO DOWNS - CAESARS SPORTSBOOK,Caesars Sportsbook,Caesars,Caesars Entertainment,online,,3641069200,296749900,,76913400,296749900,,,,0.08150075807402947,31,False,False,OH_2023_sports.pdf,,,,4,0,https://dam.assets.ohio.gov/image/upload/v1745842746/casinocontrol.ohio.gov/revenue-reports/December_2023_Sports_Gaming_Revenue_Report.pdf,https://casinocontrol.ohio.gov/about/revenue-reports,OH/screenshots/OH_2023_12_OH_2023_sports_p1.png,"SCIOTO DOWNS - CAESARS SPORTSBOOK 3 6,410,692 33,315,252 1 27,941 769,134 2 ,967,499 2,967,499",,2026-04-08T18:42:56.745418
OH,2023-04-01,2023-04-30,monthly,BELTERRA PARK - BETWAY,Betway,Betway,Digital Gaming USA,online,,97202500,7177700,,3738400,7177700,,,,0.07384275095805148,30,False,False,OH_2023_sports.pdf,,,,5,0,https://dam.assets.ohio.gov/image/upload/v1745842746/casinocontrol.ohio.gov/revenue-reports/December_2023_Sports_Gaming_Revenue_Report.pdf,https://casinocontrol.ohio.gov/about/revenue-reports,OH/screenshots/OH_2023_12_OH_2023_sports_p1.png,"BELTERRA PARK - BETWAY 9 72,025 890,216 10,032 3 7,384 71,777 71,777",,2026-04-08T18:42:56.745418
OH,2023-04-01,2023-04-30,monthly,BELTERRA PARK - FANDUEL,FanDuel,FanDuel,Flutter Entertainment,online,,18459205400,2798742100,,695237200,2798742100,,,,0.15161769097601568,30,False,False,OH_2023_sports.pdf,,,,5,0,https://dam.assets.ohio.gov/image/upload/v1745842746/casinocontrol.ohio.gov/revenue-reports/December_2023_Sports_Gaming_Revenue_Report.pdf,https://casinocontrol.ohio.gov/about/revenue-reports,OH/screenshots/OH_2023_12_OH_2023_sports_p1.png,"BELTERRA PARK - FANDUEL 1 84,592,054 155,537,847 1 ,066,786 6,952,372 27,987,421 2 7,987,421",,2026-04-08T18:42:56.745418
OH,2023-04-01,2023-04-30,monthly,CINCINNATI BENGALS - BETFRED SPORTS,Betfred,Betfred,Betfred Group,online,,179358400,7215500,,18235100,7215500,,,,0.04022950695367487,30,False,False,OH_2023_sports.pdf,,,,5,0,https://dam.assets.ohio.gov/image/upload/v1745842746/casinocontrol.ohio.gov/revenue-reports/December_2023_Sports_Gaming_Revenue_Report.pdf,https://casinocontrol.ohio.gov/about/revenue-reports,OH/screenshots/OH_2023_12_OH_2023_sports_p1.png,"CINCINNATI BENGALS - BETFRED SPORTS 1,793,584 1 ,708,879 12,550 1 82,351 72,155 72,155",,2026-04-08T18:42:56.745418
OH,2023-04-01,2023-04-30,monthly,SCIOTO DOWNS - CAESARS SPORTSBOOK,Caesars Sportsbook,Caesars,Caesars Entertainment,online,,2745948200,13615000,,545294200,213615000,,,,0.004958214433906655,30,False,False,OH_2023_sports.pdf,,,,5,0,https://dam.assets.ohio.gov/image/upload/v1745842746/casinocontrol.ohio.gov/revenue-reports/December_2023_Sports_Gaming_Revenue_Report.pdf,https://casinocontrol.ohio.gov/about/revenue-reports,OH/screenshots/OH_2023_12_OH_2023_sports_p1.png,"SCIOTO DOWNS - CAESARS SPORTSBOOK 27,459,482 2 5,039,316 284,016 5 45,294 2 ,136,150 2 ,136,150",,2026-04-08T18:42:56.745418
OH,2023-04-01,2023-04-30,monthly,MUIRFIELD VILLAGE GOLF CLUB - PARX INTERACTIVE,BetRivers (Gun Lake),BetRivers,Rush Street Interactive,online,,112394700,8727400,,18322000,8727400,,,,0.07764956888536559,30,False,False,OH_2023_sports.pdf,,,,5,0,https://dam.assets.ohio.gov/image/upload/v1745842746/casinocontrol.ohio.gov/revenue-reports/December_2023_Sports_Gaming_Revenue_Report.pdf,https://casinocontrol.ohio.gov/about/revenue-reports,OH/screenshots/OH_2023_12_OH_2023_sports_p1.png,"MUIRFIELD VILLAGE GOLF CLUB - PARX INTERACTIVE 1,123,947 1 ,033,034 3 ,639 1 83,220 87,274 87,274",,2026-04-08T18:42:56.745418
OH,2023-04-01,2023-04-30,monthly,MIAMI VALLEY GAMING AND RACING - MVGBET,MVGBet,MVGBet,Independent,online,,71991900,-3301700,,5188700,0,,,,-0.0458621039311367,30,False,False,OH_2023_sports.pdf,,,,5,0,https://dam.assets.ohio.gov/image/upload/v1745842746/casinocontrol.ohio.gov/revenue-reports/December_2023_Sports_Gaming_Revenue_Report.pdf,https://casinocontrol.ohio.gov/about/revenue-reports,OH/screenshots/OH_2023_12_OH_2023_sports_p1.png,"MIAMI VALLEY GAMING AND RACING - MVGBET 7 19,919 743,687 9 ,249 5 1,887 (33,017) -",,2026-04-08T18:42:56.745418
OH,2023-04-01,2023-04-30,monthly,MGM NORTHFIELD PARK - BETMGM,BetMGM,BetMGM,Entain/MGM Resorts,online,,3818310300,12520200,,2893562400,412520200,,,,0.0032789896619978736,30,False,False,OH_2023_sports.pdf,,,,5,0,https://dam.assets.ohio.gov/image/upload/v1745842746/casinocontrol.ohio.gov/revenue-reports/December_2023_Sports_Gaming_Revenue_Report.pdf,https://casinocontrol.ohio.gov/about/revenue-reports,OH/screenshots/OH_2023_12_OH_2023_sports_p1.png,"MGM NORTHFIELD PARK - BETMGM 38,183,103 3 3,634,838 423,063 2,893,562 4 ,125,202 4 ,125,202",,2026-04-08T18:42:56.745418
OH,2023-04-01,2023-04-30,monthly,JACK CLEVELAND (BETJACK),BetJACK,betJACK,JACK Entertainment,online,,365355900,43513900,,36182700,43513900,,,,0.11910003369317425,30,False,False,OH_2023_sports.pdf,,,,5,0,https://dam.assets.ohio.gov/image/upload/v1745842746/casinocontrol.ohio.gov/revenue-reports/December_2023_Sports_Gaming_Revenue_Report.pdf,https://casinocontrol.ohio.gov/about/revenue-reports,OH/screenshots/OH_2023_12_OH_2023_sports_p1.png,"JACK CLEVELAND (BETJACK) 3,653,559 3 ,209,397 9 ,023 3 61,827 435,139 435,139",,2026-04-08T18:42:56.745418
OH,2023-04-01,2023-04-30,monthly,HOLLYWOOD TOLEDO - DRAFTKINGS,DraftKings,DraftKings,DraftKings Inc,online,,16128871800,1722560500,,540341700,1722560500,,,,0.1067998134872645,30,False,False,OH_2023_sports.pdf,,,,5,0,https://dam.assets.ohio.gov/image/upload/v1745842746/casinocontrol.ohio.gov/revenue-reports/December_2023_Sports_Gaming_Revenue_Report.pdf,https://casinocontrol.ohio.gov/about/revenue-reports,OH/screenshots/OH_2023_12_OH_2023_sports_p1.png,"HOLLYWOOD TOLEDO - DRAFTKINGS 1 61,288,718 142,973,196 1 ,089,917 5,403,417 17,225,605 1 7,225,605",,2026-04-08T18:42:56.745418
OH,2023-04-01,2023-04-30,monthly,"HOLLYWOOD GAMING AT DAYTON RACEWAY - RSI OH, LLC",BetRivers,BetRivers,Rush Street Interactive,online,,373292300,18724300,,16740700,18724300,,,,0.050159888109130565,30,False,False,OH_2023_sports.pdf,,,,5,0,https://dam.assets.ohio.gov/image/upload/v1745842746/casinocontrol.ohio.gov/revenue-reports/December_2023_Sports_Gaming_Revenue_Report.pdf,https://casinocontrol.ohio.gov/about/revenue-reports,OH/screenshots/OH_2023_12_OH_2023_sports_p1.png,"HOLLYWOOD GAMING AT DAYTON RACEWAY - RSI OH, LLC 3,732,923 3 ,523,128 22,552 1 67,407 187,243 187,243",,2026-04-08T18:42:56.745418
OH,2023-04-01,2023-04-30,monthly,CLEVELAND GUARDIANS - BET365,bet365,bet365,bet365 Group,online,,3691485200,11067400,,4943844500,511067400,,,,0.0029980886825714485,30,False,False,OH_2023_sports.pdf,,,,5,0,https://dam.assets.ohio.gov/image/upload/v1745842746/casinocontrol.ohio.gov/revenue-reports/December_2023_Sports_Gaming_Revenue_Report.pdf,https://casinocontrol.ohio.gov/about/revenue-reports,OH/screenshots/OH_2023_12_OH_2023_sports_p1.png,"CLEVELAND GUARDIANS - BET365 36,914,852 2 9,806,666 1 ,997,512 4,943,844 5 ,110,674 5 ,110,674",,2026-04-08T18:42:56.745418
OH,2023-04-01,2023-04-30,monthly,HOLLYWOOD COLUMBUS - PENN INTERACTIVE (ESPN BET),ESPN BET,ESPN Bet,PENN Entertainment,online,,2346318200,12351300,,376825200,212351300,,,,0.005264119760056415,30,False,False,OH_2023_sports.pdf,,,,5,0,https://dam.assets.ohio.gov/image/upload/v1745842746/casinocontrol.ohio.gov/revenue-reports/December_2023_Sports_Gaming_Revenue_Report.pdf,https://casinocontrol.ohio.gov/about/revenue-reports,OH/screenshots/OH_2023_12_OH_2023_sports_p1.png,"HOLLYWOOD COLUMBUS - PENN INTERACTIVE (ESPN BET) 23,463,182 2 1,241,041 98,628 3 76,825 2 ,123,513 2 ,123,513",,2026-04-08T18:42:56.745418
OH,2023-04-01,2023-04-30,monthly,HOF VILLAGE - BETR,Betr,Betr,Betr,online,,75147500,3350100,,13356700,3350100,,,,0.044580325360125087,30,False,False,OH_2023_sports.pdf,,,,5,0,https://dam.assets.ohio.gov/image/upload/v1745842746/casinocontrol.ohio.gov/revenue-reports/December_2023_Sports_Gaming_Revenue_Report.pdf,https://casinocontrol.ohio.gov/about/revenue-reports,OH/screenshots/OH_2023_12_OH_2023_sports_p1.png,"HOF VILLAGE - BETR 7 51,475 695,637 22,337 1 33,567 33,501 33,501",,2026-04-08T18:42:56.745418
OH,2023-04-01,2023-04-30,monthly,HARD ROCK CINCINNATI - SEMINOLE HARD ROCK DIGITAL,Hard Rock Bet,Hard Rock Bet,Seminole Tribe / Hard Rock Digital,online,,874949900,88788600,,30259700,88788600,,,,0.10147849608303287,30,False,False,OH_2023_sports.pdf,,,,5,0,https://dam.assets.ohio.gov/image/upload/v1745842746/casinocontrol.ohio.gov/revenue-reports/December_2023_Sports_Gaming_Revenue_Report.pdf,https://casinocontrol.ohio.gov/about/revenue-reports,OH/screenshots/OH_2023_12_OH_2023_sports_p1.png,"HARD ROCK CINCINNATI - SEMINOLE HARD ROCK DIGITAL 8,749,499 7 ,743,221 118,392 3 02,597 887,886 887,886",,2026-04-08T18:42:56.745418
OH,2023-04-01,2023-04-30,monthly,FC CINCINNATI - SUPERBOOK,SuperBook,SuperBook,SuperBook Sports,online,,145180800,4085300,,4051000,4085300,,,,0.02813939584297648,30,False,False,OH_2023_sports.pdf,,,,5,0,https://dam.assets.ohio.gov/image/upload/v1745842746/casinocontrol.ohio.gov/revenue-reports/December_2023_Sports_Gaming_Revenue_Report.pdf,https://casinocontrol.ohio.gov/about/revenue-reports,OH/screenshots/OH_2023_12_OH_2023_sports_p1.png,"FC CINCINNATI - SUPERBOOK 1,451,808 1 ,396,606 14,349 4 0,510 40,853 40,853",,2026-04-08T18:42:56.745418
OH,2023-04-01,2023-04-30,monthly,COLUMBUS CREW SC - TIPICO,Tipico,Tipico,Tipico Group,online,,716499800,77902100,,101554900,77902100,,,,0.1087259200909756,30,False,False,OH_2023_sports.pdf,,,,5,0,https://dam.assets.ohio.gov/image/upload/v1745842746/casinocontrol.ohio.gov/revenue-reports/December_2023_Sports_Gaming_Revenue_Report.pdf,https://casinocontrol.ohio.gov/about/revenue-reports,OH/screenshots/OH_2023_12_OH_2023_sports_p1.png,"COLUMBUS CREW SC - TIPICO 7,164,998 6 ,337,027 48,950 1,015,549 779,021 779,021",,2026-04-08T18:42:56.745418
OH,2023-04-01,2023-04-30,monthly,COLUMBUS BLUE JACKETS - FANATICS,Fanatics,Fanatics,Fanatics Inc,online,,43170800,12403700,,23428800,12403700,,,,0.2873168901201738,30,False,False,OH_2023_sports.pdf,,,,5,0,https://dam.assets.ohio.gov/image/upload/v1745842746/casinocontrol.ohio.gov/revenue-reports/December_2023_Sports_Gaming_Revenue_Report.pdf,https://casinocontrol.ohio.gov/about/revenue-reports,OH/screenshots/OH_2023_12_OH_2023_sports_p1.png,"COLUMBUS BLUE JACKETS - FANATICS 4 31,708 305,929 1 ,742 2 34,288 124,037 124,037",,2026-04-08T18:42:56.745418
OH,2023-10-01,2023-10-31,monthly,COLUMBUS CREW SC - TIPICO,Tipico,Tipico,Tipico Group,online,,553583800,47294400,,47294400,,,,,0.08543313586849904,31,False,False,OH_2023_sports.pdf,,,,11,0,https://dam.assets.ohio.gov/image/upload/v1745842746/casinocontrol.ohio.gov/revenue-reports/December_2023_Sports_Gaming_Revenue_Report.pdf,https://casinocontrol.ohio.gov/about/revenue-reports,OH/screenshots/OH_2023_12_OH_2023_sports_p1.png,"COLUMBUS CREW SC - TIPICO 5,535,838 5 ,006,526 56,368 560,336 4 72,944 472,944",,2026-04-08T18:42:56.745418
OH,2023-10-01,2023-10-31,monthly,FC CINCINNATI - SUPERBOOK,SuperBook,SuperBook,SuperBook Sports,online,,42270500,0,,,,,,,0.0,31,False,False,OH_2023_sports.pdf,,,,11,0,https://dam.assets.ohio.gov/image/upload/v1745842746/casinocontrol.ohio.gov/revenue-reports/December_2023_Sports_Gaming_Revenue_Report.pdf,https://casinocontrol.ohio.gov/about/revenue-reports,OH/screenshots/OH_2023_12_OH_2023_sports_p1.png,"FC CINCINNATI - SUPERBOOK 422,705 425,811 2 ,446 1 5,601 (5,552) -",,2026-04-08T18:42:56.745418
OH,2024-03-01,2024-03-31,monthly,HOLLYWOOD COLUMBUS,Hollywood Columbus,ESPN Bet,PENN Entertainment,retail,,321982900,22283400,,22283400,,,,,0.06920678085699582,31,False,False,OH_2024_sports.pdf,,,,4,0,https://dam.assets.ohio.gov/image/upload/v1732715535/casinocontrol.ohio.gov/revenue-reports/2024/2024_Sports_Gaming_Revenue_Report.pdf.pdf,https://casinocontrol.ohio.gov/about/revenue-reports,OH/screenshots/OH_2024_12_OH_2024_sports_p1.png,"HOLLYWOOD COLUMBUS 3,219,829 2 ,990,390 6 ,605 - 222,834 222,834",,2026-04-08T18:42:59.510896
OH,2024-03-01,2024-03-31,monthly,FC CINCINNATI - SUPERBOOK,SuperBook,SuperBook,SuperBook Sports,retail,,0,0,,0,,,,,,31,False,False,OH_2024_sports.pdf,,,,4,0,https://dam.assets.ohio.gov/image/upload/v1732715535/casinocontrol.ohio.gov/revenue-reports/2024/2024_Sports_Gaming_Revenue_Report.pdf.pdf,https://casinocontrol.ohio.gov/about/revenue-reports,OH/screenshots/OH_2024_12_OH_2024_sports_p1.png,FC CINCINNATI - SUPERBOOK - - - - - -,,2026-04-08T18:42:59.510896
OH,2024-03-01,2024-03-31,monthly,CLEVELAND GUARDIANS - FANATICS,Fanatics,Fanatics,Fanatics Inc,retail,,1901800,400,,433800,33800,,,,0.0002103270585760858,31,False,False,OH_2024_sports.pdf,,,,4,0,https://dam.assets.ohio.gov/image/upload/v1732715535/casinocontrol.ohio.gov/revenue-reports/2024/2024_Sports_Gaming_Revenue_Report.pdf.pdf,https://casinocontrol.ohio.gov/about/revenue-reports,OH/screenshots/OH_2024_12_OH_2024_sports_p1.png,"CLEVELAND GUARDIANS - FANATICS 1 9,018 14,630 50 - 4 ,338 4 ,338",,2026-04-08T18:42:59.510896
OH,2024-03-01,2024-03-31,monthly,CLEVELAND CAVALIERS - CAESARS SPORTSBOOK,Caesars,Caesars,Caesars Entertainment,retail,,606431300,28716800,,28716800,,,,,0.047353756311720716,31,False,False,OH_2024_sports.pdf,,,,4,0,https://dam.assets.ohio.gov/image/upload/v1732715535/casinocontrol.ohio.gov/revenue-reports/2024/2024_Sports_Gaming_Revenue_Report.pdf.pdf,https://casinocontrol.ohio.gov/about/revenue-reports,OH/screenshots/OH_2024_12_OH_2024_sports_p1.png,"CLEVELAND CAVALIERS - CAESARS SPORTSBOOK 6,064,313 5 ,776,618 527 - 287,168 287,168",,2026-04-08T18:42:59.510896
OH,2024-03-01,2024-03-31,monthly,CLEVELAND BROWNS - BALLY'S INTERACTIVE,Bally Bet,Bally Bet,Bally's Corporation,retail,,0,0,,0,,,,,,31,False,False,OH_2024_sports.pdf,,,,4,0,https://dam.assets.ohio.gov/image/upload/v1732715535/casinocontrol.ohio.gov/revenue-reports/2024/2024_Sports_Gaming_Revenue_Report.pdf.pdf,https://casinocontrol.ohio.gov/about/revenue-reports,OH/screenshots/OH_2024_12_OH_2024_sports_p1.png,CLEVELAND BROWNS - BALLY'S INTERACTIVE - - - - - -,,2026-04-08T18:42:59.510896
OH,2024-03-01,2024-03-31,monthly,BELTERRA PARK - FANDUEL,FanDuel,FanDuel,Flutter Entertainment,retail,,42657800,5291600,,5291600,,,,,0.12404765365302477,31,False,False,OH_2024_sports.pdf,,,,4,0,https://dam.assets.ohio.gov/image/upload/v1732715535/casinocontrol.ohio.gov/revenue-reports/2024/2024_Sports_Gaming_Revenue_Report.pdf.pdf,https://casinocontrol.ohio.gov/about/revenue-reports,OH/screenshots/OH_2024_12_OH_2024_sports_p1.png,"BELTERRA PARK - FANDUEL 4 26,578 373,103 559 - 52,916 52,916",,2026-04-08T18:42:59.510896
OH,2024-03-01,2024-03-31,monthly,SCIOTO DOWNS - CAESARS SPORTSBOOK,Caesars Sportsbook,Caesars,Caesars Entertainment,online,,3588585200,129306000,,129306000,,,,,0.036032584652023865,31,False,False,OH_2024_sports.pdf,,,,4,0,https://dam.assets.ohio.gov/image/upload/v1732715535/casinocontrol.ohio.gov/revenue-reports/2024/2024_Sports_Gaming_Revenue_Report.pdf.pdf,https://casinocontrol.ohio.gov/about/revenue-reports,OH/screenshots/OH_2024_12_OH_2024_sports_p1.png,"SCIOTO DOWNS - CAESARS SPORTSBOOK 3 5,885,852 34,355,082 237,710 355,651 1 ,293,060 1 ,293,060",,2026-04-08T18:42:59.510896
OH,2024-03-01,2024-03-31,monthly,MUIRFIELD VILLAGE GOLF CLUB - PARX INTERACTIVE,BetRivers (Gun Lake),BetRivers,Rush Street Interactive,online,,55813300,400,,180488100,88100,,,,7.166750577371344e-06,31,False,False,OH_2024_sports.pdf,,,,4,0,https://dam.assets.ohio.gov/image/upload/v1732715535/casinocontrol.ohio.gov/revenue-reports/2024/2024_Sports_Gaming_Revenue_Report.pdf.pdf,https://casinocontrol.ohio.gov/about/revenue-reports,OH/screenshots/OH_2024_12_OH_2024_sports_p1.png,"MUIRFIELD VILLAGE GOLF CLUB - PARX INTERACTIVE 5 58,133 552,993 259 180 4 ,881 4 ,881",,2026-04-08T18:42:59.510896
OH,2024-03-01,2024-03-31,monthly,MIAMI VALLEY GAMING AND RACING - MVGBET,MVGBet,MVGBet,Independent,online,,29823700,700,,3265724800,24800,,,,2.347126614068677e-05,31,False,False,OH_2024_sports.pdf,,,,4,0,https://dam.assets.ohio.gov/image/upload/v1732715535/casinocontrol.ohio.gov/revenue-reports/2024/2024_Sports_Gaming_Revenue_Report.pdf.pdf,https://casinocontrol.ohio.gov/about/revenue-reports,OH/screenshots/OH_2024_12_OH_2024_sports_p1.png,"MIAMI VALLEY GAMING AND RACING - MVGBET 2 98,237 290,728 261 3,265 7 ,248 7 ,248",,2026-04-08T18:42:59.510896
OH,2024-03-01,2024-03-31,monthly,MGM NORTHFIELD PARK - BETMGM,BetMGM,BetMGM,Entain/MGM Resorts,online,,5385950700,317610800,,317610800,,,,,0.058970238996060624,31,False,False,OH_2024_sports.pdf,,,,4,0,https://dam.assets.ohio.gov/image/upload/v1732715535/casinocontrol.ohio.gov/revenue-reports/2024/2024_Sports_Gaming_Revenue_Report.pdf.pdf,https://casinocontrol.ohio.gov/about/revenue-reports,OH/screenshots/OH_2024_12_OH_2024_sports_p1.png,"MGM NORTHFIELD PARK - BETMGM 5 3,859,507 50,472,335 211,064 2,034,374 3 ,176,108 3 ,176,108",,2026-04-08T18:42:59.510896
OH,2024-03-01,2024-03-31,monthly,JACK CLEVELAND (BETJACK),BetJACK,betJACK,JACK Entertainment,online,,450735600,13912700,,13912700,,,,,0.030866654420019186,31,False,False,OH_2024_sports.pdf,,,,4,0,https://dam.assets.ohio.gov/image/upload/v1732715535/casinocontrol.ohio.gov/revenue-reports/2024/2024_Sports_Gaming_Revenue_Report.pdf.pdf,https://casinocontrol.ohio.gov/about/revenue-reports,OH/screenshots/OH_2024_12_OH_2024_sports_p1.png,"JACK CLEVELAND (BETJACK) 4,507,356 4 ,366,694 1 ,535 122,429 139,127 139,127",,2026-04-08T18:42:59.510896
OH,2024-03-01,2024-03-31,monthly,HOLLYWOOD TOLEDO - DRAFTKINGS,DraftKings,DraftKings,DraftKings Inc,online,,26062576100,2029679300,,2029679300,,,,,0.0778771558196045,31,False,False,OH_2024_sports.pdf,,,,4,0,https://dam.assets.ohio.gov/image/upload/v1732715535/casinocontrol.ohio.gov/revenue-reports/2024/2024_Sports_Gaming_Revenue_Report.pdf.pdf,https://casinocontrol.ohio.gov/about/revenue-reports,OH/screenshots/OH_2024_12_OH_2024_sports_p1.png,"HOLLYWOOD TOLEDO - DRAFTKINGS 2 60,625,761 239,601,847 727,121 6,606,733 20,296,793 20,296,793",,2026-04-08T18:42:59.510896
OH,2024-03-01,2024-03-31,monthly,"HOLLYWOOD GAMING AT DAYTON RACEWAY - RSI OH, LLC",BetRivers,BetRivers,Rush Street Interactive,online,,523047600,29877500,,29877500,,,,,0.05712195218943744,31,False,False,OH_2024_sports.pdf,,,,4,0,https://dam.assets.ohio.gov/image/upload/v1732715535/casinocontrol.ohio.gov/revenue-reports/2024/2024_Sports_Gaming_Revenue_Report.pdf.pdf,https://casinocontrol.ohio.gov/about/revenue-reports,OH/screenshots/OH_2024_12_OH_2024_sports_p1.png,"HOLLYWOOD GAMING AT DAYTON RACEWAY - RSI OH, LLC 5,230,476 4 ,922,593 9 ,108 103,211 298,775 298,775",,2026-04-08T18:42:59.510896
OH,2024-03-01,2024-03-31,monthly,HOLLYWOOD COLUMBUS - PENN INTERACTIVE (ESPN BET),ESPN BET,ESPN Bet,PENN Entertainment,online,,4425547300,330235900,,330235900,,,,,0.07462035260587996,31,False,False,OH_2024_sports.pdf,,,,4,0,https://dam.assets.ohio.gov/image/upload/v1732715535/casinocontrol.ohio.gov/revenue-reports/2024/2024_Sports_Gaming_Revenue_Report.pdf.pdf,https://casinocontrol.ohio.gov/about/revenue-reports,OH/screenshots/OH_2024_12_OH_2024_sports_p1.png,"HOLLYWOOD COLUMBUS - PENN INTERACTIVE (ESPN BET) 4 4,255,473 40,937,349 15,765 1,833,709 3 ,302,359 3 ,302,359",,2026-04-08T18:42:59.510896
OH,2024-03-01,2024-03-31,monthly,HARD ROCK CINCINNATI - SEMINOLE HARD ROCK DIGITAL,Hard Rock Bet,Hard Rock Bet,Seminole Tribe / Hard Rock Digital,retail,,233424800,4866200,,4866200,,,,,0.020846970844571783,31,False,False,OH_2024_sports.pdf,,,,4,0,https://dam.assets.ohio.gov/image/upload/v1732715535/casinocontrol.ohio.gov/revenue-reports/2024/2024_Sports_Gaming_Revenue_Report.pdf.pdf,https://casinocontrol.ohio.gov/about/revenue-reports,OH/screenshots/OH_2024_12_OH_2024_sports_p1.png,"HARD ROCK CINCINNATI - SEMINOLE HARD ROCK DIGITAL 2,334,248 2 ,246,468 39,118 - 48,662 48,662",,2026-04-08T18:42:59.510896
OH,2024-03-01,2024-03-31,monthly,HOLLYWOOD GAMING AT DAYTON RACEWAY,Hollywood Dayton,ESPN Bet,PENN Entertainment,retail,,209351100,16665000,,16665000,,,,,0.07960311648708795,31,False,False,OH_2024_sports.pdf,,,,4,0,https://dam.assets.ohio.gov/image/upload/v1732715535/casinocontrol.ohio.gov/revenue-reports/2024/2024_Sports_Gaming_Revenue_Report.pdf.pdf,https://casinocontrol.ohio.gov/about/revenue-reports,OH/screenshots/OH_2024_12_OH_2024_sports_p1.png,"HOLLYWOOD GAMING AT DAYTON RACEWAY 2,093,511 1 ,922,341 4 ,520 - 166,650 166,650",,2026-04-08T18:42:59.510896
OH,2023-10-01,2023-10-31,monthly,"GENEVA SPORTS, LLC - PRIME SPORTS",Prime Sports,Prime Sports,Independent,online,,231664300,6615300,,-6615300,,,,,0.028555543517063266,31,False,False,OH_2023_sports.pdf,,,,11,0,https://dam.assets.ohio.gov/image/upload/v1745842746/casinocontrol.ohio.gov/revenue-reports/December_2023_Sports_Gaming_Revenue_Report.pdf,https://casinocontrol.ohio.gov/about/revenue-reports,OH/screenshots/OH_2023_12_OH_2023_sports_p1.png,"GENEVA SPORTS, LLC - PRIME SPORTS 2,316,643 2 ,249,078 1 ,412 - 66,153 66,153",,2026-04-08T18:42:56.745418
OH,2024-03-01,2024-03-31,monthly,HOLLYWOOD GAMING AT MAHONING VALLEY,Hollywood Mahoning Valley,ESPN Bet,PENN Entertainment,retail,,146993000,18980800,,18980800,,,,,0.1291272373514385,31,False,False,OH_2024_sports.pdf,,,,4,0,https://dam.assets.ohio.gov/image/upload/v1732715535/casinocontrol.ohio.gov/revenue-reports/2024/2024_Sports_Gaming_Revenue_Report.pdf.pdf,https://casinocontrol.ohio.gov/about/revenue-reports,OH/screenshots/OH_2024_12_OH_2024_sports_p1.png,"HOLLYWOOD GAMING AT MAHONING VALLEY 1,469,930 1 ,277,806 2 ,316 - 189,808 189,808",,2026-04-08T18:42:59.510896
OH,2024-04-01,2024-04-30,monthly,"GENEVA SPORTS, LLC - PRIME SPORTS",Prime Sports,Prime Sports,Independent,online,,3576638300,32477600,,32477600,,,,,0.00908048208285417,30,False,False,OH_2024_sports.pdf,,,,5,0,https://dam.assets.ohio.gov/image/upload/v1732715535/casinocontrol.ohio.gov/revenue-reports/2024/2024_Sports_Gaming_Revenue_Report.pdf.pdf,https://casinocontrol.ohio.gov/about/revenue-reports,OH/screenshots/OH_2024_12_OH_2024_sports_p1.png,"GENEVA SPORTS, LLC - PRIME SPORTS 3,576,638 3 ,239,000 12,862 4 ,139 324,776 3 24,776",,2026-04-08T18:42:59.510896
OH,2024-04-01,2024-04-30,monthly,FC CINCINNATI - SUPERBOOK,SuperBook,SuperBook,SuperBook Sports,online,,48034500,1389900,,1389900,,,,,0.028935452643412546,30,False,False,OH_2024_sports.pdf,,,,5,0,https://dam.assets.ohio.gov/image/upload/v1732715535/casinocontrol.ohio.gov/revenue-reports/2024/2024_Sports_Gaming_Revenue_Report.pdf.pdf,https://casinocontrol.ohio.gov/about/revenue-reports,OH/screenshots/OH_2024_12_OH_2024_sports_p1.png,"FC CINCINNATI - SUPERBOOK 480,345 4 63,416 3,030 9 ,340 13,899 13,899",,2026-04-08T18:42:59.510896
OH,2024-04-01,2024-04-30,monthly,COLUMBUS CREW SC - TIPICO,Tipico,Tipico,Tipico Group,online,,6719435600,62515600,,62515600,,,,,0.009303698066545947,30,False,False,OH_2024_sports.pdf,,,,5,0,https://dam.assets.ohio.gov/image/upload/v1732715535/casinocontrol.ohio.gov/revenue-reports/2024/2024_Sports_Gaming_Revenue_Report.pdf.pdf,https://casinocontrol.ohio.gov/about/revenue-reports,OH/screenshots/OH_2024_12_OH_2024_sports_p1.png,"COLUMBUS CREW SC - TIPICO 6,719,435 6 ,064,238 30,041 311,097 625,156 6 25,156",,2026-04-08T18:42:59.510896
OH,2024-04-01,2024-04-30,monthly,COLUMBUS BLUE JACKETS - FANATICS,Fanatics,Fanatics,Fanatics Inc,online,,2177344200,181564000,,181564000,,,,,0.08338782632530034,30,False,False,OH_2024_sports.pdf,,,,5,0,https://dam.assets.ohio.gov/image/upload/v1732715535/casinocontrol.ohio.gov/revenue-reports/2024/2024_Sports_Gaming_Revenue_Report.pdf.pdf,https://casinocontrol.ohio.gov/about/revenue-reports,OH/screenshots/OH_2024_12_OH_2024_sports_p1.png,"COLUMBUS BLUE JACKETS - FANATICS 2 1,773,442 19,813,226 1 44,576 869,100 1 ,815,640 1 ,815,640",,2026-04-08T18:42:59.510896
OH,2024-04-01,2024-04-30,monthly,CLEVELAND GUARDIANS - BET365,bet365,bet365,bet365 Group,online,,4888651100,509359000,,509359000,,,,,0.10419213594523037,30,False,False,OH_2024_sports.pdf,,,,5,0,https://dam.assets.ohio.gov/image/upload/v1732715535/casinocontrol.ohio.gov/revenue-reports/2024/2024_Sports_Gaming_Revenue_Report.pdf.pdf,https://casinocontrol.ohio.gov/about/revenue-reports,OH/screenshots/OH_2024_12_OH_2024_sports_p1.png,"CLEVELAND GUARDIANS - BET365 4 8,886,511 41,386,155 2 ,406,766 1,582,158 5 ,093,590 5 ,093,590",,2026-04-08T18:42:59.510896
OH,2024-04-01,2024-04-30,monthly,CLEVELAND BROWNS - BALLY'S INTERACTIVE,Bally Bet,Bally Bet,Bally's Corporation,online,,1195483100,12763900,,12763900,,,,,0.01067677159133408,30,False,False,OH_2024_sports.pdf,,,,5,0,https://dam.assets.ohio.gov/image/upload/v1732715535/casinocontrol.ohio.gov/revenue-reports/2024/2024_Sports_Gaming_Revenue_Report.pdf.pdf,https://casinocontrol.ohio.gov/about/revenue-reports,OH/screenshots/OH_2024_12_OH_2024_sports_p1.png,"CLEVELAND BROWNS - BALLY'S INTERACTIVE 1,195,483 1 ,050,644 17,200 7 3,963 127,639 1 27,639",,2026-04-08T18:42:59.510896
OH,2024-04-01,2024-04-30,monthly,CINCINNATI BENGALS - BETFRED SPORTS,Betfred,Betfred,Betfred Group,online,,41957200,1845900,,1845900,,,,,0.04399483282964545,30,False,False,OH_2024_sports.pdf,,,,5,0,https://dam.assets.ohio.gov/image/upload/v1732715535/casinocontrol.ohio.gov/revenue-reports/2024/2024_Sports_Gaming_Revenue_Report.pdf.pdf,https://casinocontrol.ohio.gov/about/revenue-reports,OH/screenshots/OH_2024_12_OH_2024_sports_p1.png,"CINCINNATI BENGALS - BETFRED SPORTS 419,572 3 98,997 2,116 1 4,962 18,459 18,459",,2026-04-08T18:42:59.510896
OH,2024-04-01,2024-04-30,monthly,BELTERRA PARK - FANDUEL,FanDuel,FanDuel,Flutter Entertainment,online,,22671083400,3398030600,,3398030600,,,,,0.14988390894455444,30,False,False,OH_2024_sports.pdf,,,,5,0,https://dam.assets.ohio.gov/image/upload/v1732715535/casinocontrol.ohio.gov/revenue-reports/2024/2024_Sports_Gaming_Revenue_Report.pdf.pdf,https://casinocontrol.ohio.gov/about/revenue-reports,OH/screenshots/OH_2024_12_OH_2024_sports_p1.png,"BELTERRA PARK - FANDUEL 2 26,710,834 191,420,496 1 ,310,032 6,771,506 3 3,980,306 33,980,306",,2026-04-08T18:42:59.510896
OH,2024-04-01,2024-04-30,monthly,BELTERRA PARK - BETWAY,Betway,Betway,Digital Gaming USA,online,,55843500,7725200,,7725200,,,,,0.13833660139496987,30,False,False,OH_2024_sports.pdf,,,,5,0,https://dam.assets.ohio.gov/image/upload/v1732715535/casinocontrol.ohio.gov/revenue-reports/2024/2024_Sports_Gaming_Revenue_Report.pdf.pdf,https://casinocontrol.ohio.gov/about/revenue-reports,OH/screenshots/OH_2024_12_OH_2024_sports_p1.png,"BELTERRA PARK - BETWAY 558,435 4 73,284 7,899 3 ,325 77,252 77,252",,2026-04-08T18:42:59.510896
OH,2024-03-01,2024-03-31,monthly,SCIOTO DOWNS - CAESARS SPORTSBOOK,Caesars Sportsbook,Caesars,Caesars Entertainment,retail,,75325300,600,,651300,51300,,,,7.965451183068637e-06,31,False,False,OH_2024_sports.pdf,,,,4,0,https://dam.assets.ohio.gov/image/upload/v1732715535/casinocontrol.ohio.gov/revenue-reports/2024/2024_Sports_Gaming_Revenue_Report.pdf.pdf,https://casinocontrol.ohio.gov/about/revenue-reports,OH/screenshots/OH_2024_12_OH_2024_sports_p1.png,"SCIOTO DOWNS - CAESARS SPORTSBOOK 7 53,253 735,654 11,086 - 6 ,513 6 ,513",,2026-04-08T18:42:59.510896
OH,2024-03-01,2024-03-31,monthly,MIAMI VALLEY GAMING AND RACING,MVGBet,MVGBet,Independent,retail,,69541900,3920000,,3920000,,,,,0.05636889414870747,31,False,False,OH_2024_sports.pdf,,,,4,0,https://dam.assets.ohio.gov/image/upload/v1732715535/casinocontrol.ohio.gov/revenue-reports/2024/2024_Sports_Gaming_Revenue_Report.pdf.pdf,https://casinocontrol.ohio.gov/about/revenue-reports,OH/screenshots/OH_2024_12_OH_2024_sports_p1.png,"MIAMI VALLEY GAMING AND RACING 6 95,419 656,029 190 - 39,200 39,200",,2026-04-08T18:42:59.510896
OH,2024-03-01,2024-03-31,monthly,MGM NORTHFIELD PARK - BETMGM,BetMGM,BetMGM,Entain/MGM Resorts,retail,,134523200,13273900,,13273900,,,,,0.09867368602590483,31,False,False,OH_2024_sports.pdf,,,,4,0,https://dam.assets.ohio.gov/image/upload/v1732715535/casinocontrol.ohio.gov/revenue-reports/2024/2024_Sports_Gaming_Revenue_Report.pdf.pdf,https://casinocontrol.ohio.gov/about/revenue-reports,OH/screenshots/OH_2024_12_OH_2024_sports_p1.png,"MGM NORTHFIELD PARK - BETMGM 1,345,232 1 ,207,203 5 ,290 - 132,739 132,739",,2026-04-08T18:42:59.510896
OH,2024-03-01,2024-03-31,monthly,JACK THISTLEDOWN - BETJACK,betJACK,betJACK,JACK Entertainment,retail,,117242500,14628800,,14628800,,,,,0.12477386613216197,31,False,False,OH_2024_sports.pdf,,,,4,0,https://dam.assets.ohio.gov/image/upload/v1732715535/casinocontrol.ohio.gov/revenue-reports/2024/2024_Sports_Gaming_Revenue_Report.pdf.pdf,https://casinocontrol.ohio.gov/about/revenue-reports,OH/screenshots/OH_2024_12_OH_2024_sports_p1.png,"JACK THISTLEDOWN - BETJACK 1,172,425 1 ,024,279 1 ,858 - 146,288 146,288",,2026-04-08T18:42:59.510896
OH,2024-03-01,2024-03-31,monthly,JACK CLEVELAND - BETJACK,BetJACK,betJACK,JACK Entertainment,retail,,214797400,35979800,,35979800,,,,,0.1675057519318204,31,False,False,OH_2024_sports.pdf,,,,4,0,https://dam.assets.ohio.gov/image/upload/v1732715535/casinocontrol.ohio.gov/revenue-reports/2024/2024_Sports_Gaming_Revenue_Report.pdf.pdf,https://casinocontrol.ohio.gov/about/revenue-reports,OH/screenshots/OH_2024_12_OH_2024_sports_p1.png,"JACK CLEVELAND - BETJACK 2,147,974 1 ,783,157 5 ,019 - 359,798 359,798",,2026-04-08T18:42:59.510896
OH,2024-03-01,2024-03-31,monthly,HOLLYWOOD TOLEDO,Hollywood Toledo,ESPN Bet,PENN Entertainment,retail,,91084800,0,,-4663900,,,,,0.0,31,False,False,OH_2024_sports.pdf,,,,4,0,https://dam.assets.ohio.gov/image/upload/v1732715535/casinocontrol.ohio.gov/revenue-reports/2024/2024_Sports_Gaming_Revenue_Report.pdf.pdf,https://casinocontrol.ohio.gov/about/revenue-reports,OH/screenshots/OH_2024_12_OH_2024_sports_p1.png,"HOLLYWOOD TOLEDO 9 10,848 953,998 3 ,489 - (46,639) -",,2026-04-08T18:42:59.510896
OH,2024-03-01,2024-03-31,monthly,HOF VILLAGE - BETR,Betr,Betr,Betr,online,,59927100,3188200,,98853188200,,,,,0.05320130625376499,31,False,False,OH_2024_sports.pdf,,,,4,0,https://dam.assets.ohio.gov/image/upload/v1732715535/casinocontrol.ohio.gov/revenue-reports/2024/2024_Sports_Gaming_Revenue_Report.pdf.pdf,https://casinocontrol.ohio.gov/about/revenue-reports,OH/screenshots/OH_2024_12_OH_2024_sports_p1.png,"HOF VILLAGE - BETR 5 99,271 565,584 1 ,805 2 9,885 31,882 31,882",,2026-04-08T18:42:59.510896
OH,2024-03-01,2024-03-31,monthly,HARD ROCK CINCINNATI - SEMINOLE HARD ROCK DIGITAL,Hard Rock Bet,Hard Rock Bet,Seminole Tribe / Hard Rock Digital,online,,1248194300,0,,-695200,,,,,0.0,31,False,False,OH_2024_sports.pdf,,,,4,0,https://dam.assets.ohio.gov/image/upload/v1732715535/casinocontrol.ohio.gov/revenue-reports/2024/2024_Sports_Gaming_Revenue_Report.pdf.pdf,https://casinocontrol.ohio.gov/about/revenue-reports,OH/screenshots/OH_2024_12_OH_2024_sports_p1.png,"HARD ROCK CINCINNATI - SEMINOLE HARD ROCK DIGITAL 1 2,481,943 12,201,470 287,425 421,642 (6,952) -",,2026-04-08T18:42:59.510896
OH,2024-03-01,2024-03-31,monthly,"GENEVA SPORTS, LLC - PRIME SPORTS",Prime Sports,Prime Sports,Independent,online,,654514300,0,,,,,,,0.0,31,False,False,OH_2024_sports.pdf,,,,4,0,https://dam.assets.ohio.gov/image/upload/v1732715535/casinocontrol.ohio.gov/revenue-reports/2024/2024_Sports_Gaming_Revenue_Report.pdf.pdf,https://casinocontrol.ohio.gov/about/revenue-reports,OH/screenshots/OH_2024_12_OH_2024_sports_p1.png,"GENEVA SPORTS, LLC - PRIME SPORTS 6,545,143 6 ,639,135 11,048 488 ( 105,040) -",,2026-04-08T18:42:59.510896
OH,2024-03-01,2024-03-31,monthly,FC CINCINNATI - SUPERBOOK,SuperBook,SuperBook,SuperBook Sports,online,,48581300,4827300,,3134827300,,,,,0.0993653936802844,31,False,False,OH_2024_sports.pdf,,,,4,0,https://dam.assets.ohio.gov/image/upload/v1732715535/casinocontrol.ohio.gov/revenue-reports/2024/2024_Sports_Gaming_Revenue_Report.pdf.pdf,https://casinocontrol.ohio.gov/about/revenue-reports,OH/screenshots/OH_2024_12_OH_2024_sports_p1.png,"FC CINCINNATI - SUPERBOOK 4 85,813 435,189 2 ,351 1 0,313 48,273 48,273",,2026-04-08T18:42:59.510896
OH,2024-02-01,2024-02-29,monthly,CLEVELAND GUARDIANS - FANATICS,Fanatics,Fanatics,Fanatics Inc,retail,,27890800,0,,-23479300,,,,,0.0,29,False,False,OH_2024_sports.pdf,,,,3,0,https://dam.assets.ohio.gov/image/upload/v1732715535/casinocontrol.ohio.gov/revenue-reports/2024/2024_Sports_Gaming_Revenue_Report.pdf.pdf,https://casinocontrol.ohio.gov/about/revenue-reports,OH/screenshots/OH_2024_12_OH_2024_sports_p1.png,"CLEVELAND GUARDIANS - FANATICS 278,908 5 13,701 - - ( 234,793) -",,2026-04-08T18:42:59.510896
OH,2024-02-01,2024-02-29,monthly,CLEVELAND CAVALIERS - CAESARS SPORTSBOOK,Caesars,Caesars,Caesars Entertainment,retail,,24079400,0,,-6774900,,,,,0.0,29,False,False,OH_2024_sports.pdf,,,,3,0,https://dam.assets.ohio.gov/image/upload/v1732715535/casinocontrol.ohio.gov/revenue-reports/2024/2024_Sports_Gaming_Revenue_Report.pdf.pdf,https://casinocontrol.ohio.gov/about/revenue-reports,OH/screenshots/OH_2024_12_OH_2024_sports_p1.png,"CLEVELAND CAVALIERS - CAESARS SPORTSBOOK 240,794 3 08,352 1 91 - (67,749) -",,2026-04-08T18:42:59.510896
OH,2024-02-01,2024-02-29,monthly,CLEVELAND BROWNS - BALLY'S INTERACTIVE,Bally Bet,Bally Bet,Bally's Corporation,retail,,0,0,,0,,,,,,29,False,False,OH_2024_sports.pdf,,,,3,0,https://dam.assets.ohio.gov/image/upload/v1732715535/casinocontrol.ohio.gov/revenue-reports/2024/2024_Sports_Gaming_Revenue_Report.pdf.pdf,https://casinocontrol.ohio.gov/about/revenue-reports,OH/screenshots/OH_2024_12_OH_2024_sports_p1.png,CLEVELAND BROWNS - BALLY'S INTERACTIVE - - - - - -,,2026-04-08T18:42:59.510896
OH,2024-02-01,2024-02-29,monthly,BELTERRA PARK - FANDUEL,FanDuel,FanDuel,Flutter Entertainment,retail,,36447300,4160100,,4160100,,,,,0.11414014206813673,29,False,False,OH_2024_sports.pdf,,,,3,0,https://dam.assets.ohio.gov/image/upload/v1732715535/casinocontrol.ohio.gov/revenue-reports/2024/2024_Sports_Gaming_Revenue_Report.pdf.pdf,https://casinocontrol.ohio.gov/about/revenue-reports,OH/screenshots/OH_2024_12_OH_2024_sports_p1.png,"BELTERRA PARK - FANDUEL 364,473 3 21,595 1,277 - 41,601 41,601",,2026-04-08T18:42:59.510896
OH,2024-02-01,2024-02-29,monthly,SCIOTO DOWNS - CAESARS SPORTSBOOK,Caesars Sportsbook,Caesars,Caesars Entertainment,online,,2926666700,96372300,,96372300,,,,,0.03292903151561467,29,False,False,OH_2024_sports.pdf,,,,3,0,https://dam.assets.ohio.gov/image/upload/v1732715535/casinocontrol.ohio.gov/revenue-reports/2024/2024_Sports_Gaming_Revenue_Report.pdf.pdf,https://casinocontrol.ohio.gov/about/revenue-reports,OH/screenshots/OH_2024_12_OH_2024_sports_p1.png,"SCIOTO DOWNS - CAESARS SPORTSBOOK 2 9,266,667 28,137,431 1 65,513 345,330 963,723 9 63,723",,2026-04-08T18:42:59.510896
OH,2024-02-01,2024-02-29,monthly,MUIRFIELD VILLAGE GOLF CLUB - PARX INTERACTIVE,BetRivers (Gun Lake),BetRivers,Rush Street Interactive,online,,73810300,4220100,,4220100,,,,,0.05717494712797536,29,False,False,OH_2024_sports.pdf,,,,3,0,https://dam.assets.ohio.gov/image/upload/v1732715535/casinocontrol.ohio.gov/revenue-reports/2024/2024_Sports_Gaming_Revenue_Report.pdf.pdf,https://casinocontrol.ohio.gov/about/revenue-reports,OH/screenshots/OH_2024_12_OH_2024_sports_p1.png,"MUIRFIELD VILLAGE GOLF CLUB - PARX INTERACTIVE 738,103 6 94,938 9 64 2 ,630 42,201 42,201",,2026-04-08T18:42:59.510896
OH,2024-02-01,2024-02-29,monthly,MIAMI VALLEY GAMING AND RACING - MVGBET,MVGBet,MVGBet,Independent,online,,18132500,1960700,,1960700,,,,,0.10813180752791948,29,False,False,OH_2024_sports.pdf,,,,3,0,https://dam.assets.ohio.gov/image/upload/v1732715535/casinocontrol.ohio.gov/revenue-reports/2024/2024_Sports_Gaming_Revenue_Report.pdf.pdf,https://casinocontrol.ohio.gov/about/revenue-reports,OH/screenshots/OH_2024_12_OH_2024_sports_p1.png,"MIAMI VALLEY GAMING AND RACING - MVGBET 181,325 1 61,335 3 83 2 ,852 19,607 19,607",,2026-04-08T18:42:59.510896
OH,2024-02-01,2024-02-29,monthly,MGM NORTHFIELD PARK - BETMGM,BetMGM,BetMGM,Entain/MGM Resorts,online,,4256291700,312113400,,312113400,,,,,0.0733298894904219,29,False,False,OH_2024_sports.pdf,,,,3,0,https://dam.assets.ohio.gov/image/upload/v1732715535/casinocontrol.ohio.gov/revenue-reports/2024/2024_Sports_Gaming_Revenue_Report.pdf.pdf,https://casinocontrol.ohio.gov/about/revenue-reports,OH/screenshots/OH_2024_12_OH_2024_sports_p1.png,"MGM NORTHFIELD PARK - BETMGM 4 2,562,917 39,123,923 3 17,860 2,720,898 3 ,121,134 3 ,121,134",,2026-04-08T18:42:59.510896
OH,2024-02-01,2024-02-29,monthly,JACK CLEVELAND (BETJACK),BetJACK,betJACK,JACK Entertainment,online,,4858238400,23766400,,23766400,,,,,0.004891978952700222,29,False,False,OH_2024_sports.pdf,,,,3,0,https://dam.assets.ohio.gov/image/upload/v1732715535/casinocontrol.ohio.gov/revenue-reports/2024/2024_Sports_Gaming_Revenue_Report.pdf.pdf,https://casinocontrol.ohio.gov/about/revenue-reports,OH/screenshots/OH_2024_12_OH_2024_sports_p1.png,"JACK CLEVELAND (BETJACK) 4,858,238 4 ,611,018 9,556 112,283 237,664 2 37,664",,2026-04-08T18:42:59.510896
OH,2024-02-01,2024-02-29,monthly,HOLLYWOOD TOLEDO - DRAFTKINGS,DraftKings,DraftKings,DraftKings Inc,online,,22199923400,2416811200,,2416811200,,,,,0.10886574500522826,29,False,False,OH_2024_sports.pdf,,,,3,0,https://dam.assets.ohio.gov/image/upload/v1732715535/casinocontrol.ohio.gov/revenue-reports/2024/2024_Sports_Gaming_Revenue_Report.pdf.pdf,https://casinocontrol.ohio.gov/about/revenue-reports,OH/screenshots/OH_2024_12_OH_2024_sports_p1.png,"HOLLYWOOD TOLEDO - DRAFTKINGS 2 21,999,234 197,012,048 8 19,074 10,353,337 2 4,168,112 24,168,112",,2026-04-08T18:42:59.510896
OH,2024-02-01,2024-02-29,monthly,"HOLLYWOOD GAMING AT DAYTON RACEWAY - RSI OH, LLC",BetRivers,BetRivers,Rush Street Interactive,online,,4385269400,17435100,,17435100,,,,,0.00397583327491807,29,False,False,OH_2024_sports.pdf,,,,3,0,https://dam.assets.ohio.gov/image/upload/v1732715535/casinocontrol.ohio.gov/revenue-reports/2024/2024_Sports_Gaming_Revenue_Report.pdf.pdf,https://casinocontrol.ohio.gov/about/revenue-reports,OH/screenshots/OH_2024_12_OH_2024_sports_p1.png,"HOLLYWOOD GAMING AT DAYTON RACEWAY - RSI OH, LLC 4,385,269 4 ,199,913 11,005 9 9,996 174,351 1 74,351",,2026-04-08T18:42:59.510896
OH,2024-02-01,2024-02-29,monthly,HOLLYWOOD COLUMBUS - PENN INTERACTIVE (ESPN BET),ESPN BET,ESPN Bet,PENN Entertainment,online,,4086771500,326221400,,326221400,,,,,0.07982374351000539,29,False,False,OH_2024_sports.pdf,,,,3,0,https://dam.assets.ohio.gov/image/upload/v1732715535/casinocontrol.ohio.gov/revenue-reports/2024/2024_Sports_Gaming_Revenue_Report.pdf.pdf,https://casinocontrol.ohio.gov/about/revenue-reports,OH/screenshots/OH_2024_12_OH_2024_sports_p1.png,"HOLLYWOOD COLUMBUS - PENN INTERACTIVE (ESPN BET) 4 0,867,715 37,548,550 56,951 2,384,710 3 ,262,214 3 ,262,214",,2026-04-08T18:42:59.510896
OH,2024-02-01,2024-02-29,monthly,FC CINCINNATI - SUPERBOOK,SuperBook,SuperBook,SuperBook Sports,retail,,0,0,,0,,,,,,29,False,False,OH_2024_sports.pdf,,,,3,0,https://dam.assets.ohio.gov/image/upload/v1732715535/casinocontrol.ohio.gov/revenue-reports/2024/2024_Sports_Gaming_Revenue_Report.pdf.pdf,https://casinocontrol.ohio.gov/about/revenue-reports,OH/screenshots/OH_2024_12_OH_2024_sports_p1.png,FC CINCINNATI - SUPERBOOK - - - - - -,,2026-04-08T18:42:59.510896
OH,2024-02-01,2024-02-29,monthly,HARD ROCK CINCINNATI - SEMINOLE HARD ROCK DIGITAL,Hard Rock Bet,Hard Rock Bet,Seminole Tribe / Hard Rock Digital,retail,,1309354100,20969400,,20969400,,,,,0.016015071858712628,29,False,False,OH_2024_sports.pdf,,,,3,0,https://dam.assets.ohio.gov/image/upload/v1732715535/casinocontrol.ohio.gov/revenue-reports/2024/2024_Sports_Gaming_Revenue_Report.pdf.pdf,https://casinocontrol.ohio.gov/about/revenue-reports,OH/screenshots/OH_2024_12_OH_2024_sports_p1.png,"HARD ROCK CINCINNATI - SEMINOLE HARD ROCK DIGITAL 1,309,354 1 ,065,932 33,728 - 209,694 2 09,694",,2026-04-08T18:42:59.510896
OH,2024-02-01,2024-02-29,monthly,HOLLYWOOD COLUMBUS,Hollywood Columbus,ESPN Bet,PENN Entertainment,retail,,2004457100,5342500,,5342500,,,,,0.0026653102229027502,29,False,False,OH_2024_sports.pdf,,,,3,0,https://dam.assets.ohio.gov/image/upload/v1732715535/casinocontrol.ohio.gov/revenue-reports/2024/2024_Sports_Gaming_Revenue_Report.pdf.pdf,https://casinocontrol.ohio.gov/about/revenue-reports,OH/screenshots/OH_2024_12_OH_2024_sports_p1.png,"HOLLYWOOD COLUMBUS 2,004,457 1 ,947,475 3,557 - 53,425 53,425",,2026-04-08T18:42:59.510896
OH,2024-03-01,2024-03-31,monthly,BELTERRA PARK - BETWAY,Betway,Betway,Digital Gaming USA,online,,80312900,4986700,,62484986700,,,,,0.062090896979190145,31,False,False,OH_2024_sports.pdf,,,,4,0,https://dam.assets.ohio.gov/image/upload/v1732715535/casinocontrol.ohio.gov/revenue-reports/2024/2024_Sports_Gaming_Revenue_Report.pdf.pdf,https://casinocontrol.ohio.gov/about/revenue-reports,OH/screenshots/OH_2024_12_OH_2024_sports_p1.png,"BELTERRA PARK - BETWAY 8 03,129 747,008 6 ,254 2 6,248 49,867 49,867",,2026-04-08T18:42:59.510896
OH,2024-03-01,2024-03-31,monthly,COLUMBUS CREW SC - TIPICO,Tipico,Tipico,Tipico Group,online,,1022038200,52989400,,52989400,,,,,0.051846790071056054,31,False,False,OH_2024_sports.pdf,,,,4,0,https://dam.assets.ohio.gov/image/upload/v1732715535/casinocontrol.ohio.gov/revenue-reports/2024/2024_Sports_Gaming_Revenue_Report.pdf.pdf,https://casinocontrol.ohio.gov/about/revenue-reports,OH/screenshots/OH_2024_12_OH_2024_sports_p1.png,"COLUMBUS CREW SC - TIPICO 1 0,220,382 9 ,663,711 26,777 348,255 529,894 529,894",,2026-04-08T18:42:59.510896
OH,2024-03-01,2024-03-31,monthly,COLUMBUS BLUE JACKETS - FANATICS,Fanatics,Fanatics,Fanatics Inc,online,,2318885800,135611800,,135611800,,,,,0.05848144828865656,31,False,False,OH_2024_sports.pdf,,,,4,0,https://dam.assets.ohio.gov/image/upload/v1732715535/casinocontrol.ohio.gov/revenue-reports/2024/2024_Sports_Gaming_Revenue_Report.pdf.pdf,https://casinocontrol.ohio.gov/about/revenue-reports,OH/screenshots/OH_2024_12_OH_2024_sports_p1.png,"COLUMBUS BLUE JACKETS - FANATICS 2 3,188,858 21,733,344 99,396 1,226,189 1 ,356,118 1 ,356,118",,2026-04-08T18:42:59.510896
OH,2024-03-01,2024-03-31,monthly,CLEVELAND GUARDIANS - BET365,bet365,bet365,bet365 Group,online,,5725163000,459046000,,459046000,,,,,0.08018042455734448,31,False,False,OH_2024_sports.pdf,,,,4,0,https://dam.assets.ohio.gov/image/upload/v1732715535/casinocontrol.ohio.gov/revenue-reports/2024/2024_Sports_Gaming_Revenue_Report.pdf.pdf,https://casinocontrol.ohio.gov/about/revenue-reports,OH/screenshots/OH_2024_12_OH_2024_sports_p1.png,"CLEVELAND GUARDIANS - BET365 5 7,251,630 49,796,610 2 ,864,560 1,822,439 4 ,590,460 4 ,590,460",,2026-04-08T18:42:59.510896
OH,2024-03-01,2024-03-31,monthly,CLEVELAND BROWNS - BALLY'S INTERACTIVE,Bally Bet,Bally Bet,Bally's Corporation,online,,101139400,7791400,,71007791400,,,,,0.07703624897913178,31,False,False,OH_2024_sports.pdf,,,,4,0,https://dam.assets.ohio.gov/image/upload/v1732715535/casinocontrol.ohio.gov/revenue-reports/2024/2024_Sports_Gaming_Revenue_Report.pdf.pdf,https://casinocontrol.ohio.gov/about/revenue-reports,OH/screenshots/OH_2024_12_OH_2024_sports_p1.png,"CLEVELAND BROWNS - BALLY'S INTERACTIVE 1,011,394 922,156 11,324 7,100 77,914 77,914",,2026-04-08T18:42:59.510896
OH,2024-03-01,2024-03-31,monthly,CINCINNATI BENGALS - BETFRED SPORTS,Betfred,Betfred,Betfred Group,online,,103707600,4399600,,16544399600,,,,,0.042423120388476836,31,False,False,OH_2024_sports.pdf,,,,4,0,https://dam.assets.ohio.gov/image/upload/v1732715535/casinocontrol.ohio.gov/revenue-reports/2024/2024_Sports_Gaming_Revenue_Report.pdf.pdf,https://casinocontrol.ohio.gov/about/revenue-reports,OH/screenshots/OH_2024_12_OH_2024_sports_p1.png,"CINCINNATI BENGALS - BETFRED SPORTS 1,037,076 985,867 7 ,213 2 1,654 43,996 43,996",,2026-04-08T18:42:59.510896
OH,2024-03-01,2024-03-31,monthly,BELTERRA PARK - FANDUEL,FanDuel,FanDuel,Flutter Entertainment,online,,26585596400,2700726100,,2700726100,,,,,0.10158606409897955,31,False,False,OH_2024_sports.pdf,,,,4,0,https://dam.assets.ohio.gov/image/upload/v1732715535/casinocontrol.ohio.gov/revenue-reports/2024/2024_Sports_Gaming_Revenue_Report.pdf.pdf,https://casinocontrol.ohio.gov/about/revenue-reports,OH/screenshots/OH_2024_12_OH_2024_sports_p1.png,"BELTERRA PARK - FANDUEL 2 65,855,964 237,991,786 856,917 7,565,660 27,007,261 27,007,261",,2026-04-08T18:42:59.510896
OH,2024-02-01,2024-02-29,monthly,SCIOTO DOWNS - CAESARS SPORTSBOOK,Caesars Sportsbook,Caesars,Caesars Entertainment,retail,,84542300,6397200,,6397200,,,,,0.07566862978650923,29,False,False,OH_2024_sports.pdf,,,,3,0,https://dam.assets.ohio.gov/image/upload/v1732715535/casinocontrol.ohio.gov/revenue-reports/2024/2024_Sports_Gaming_Revenue_Report.pdf.pdf,https://casinocontrol.ohio.gov/about/revenue-reports,OH/screenshots/OH_2024_12_OH_2024_sports_p1.png,"SCIOTO DOWNS - CAESARS SPORTSBOOK 845,423 7 78,333 3,118 - 63,972 63,972",,2026-04-08T18:42:59.510896
OH,2024-02-01,2024-02-29,monthly,HOLLYWOOD GAMING AT DAYTON RACEWAY,Hollywood Dayton,ESPN Bet,PENN Entertainment,retail,,1524110100,0,,-10417500,,,,,0.0,29,False,False,OH_2024_sports.pdf,,,,3,0,https://dam.assets.ohio.gov/image/upload/v1732715535/casinocontrol.ohio.gov/revenue-reports/2024/2024_Sports_Gaming_Revenue_Report.pdf.pdf,https://casinocontrol.ohio.gov/about/revenue-reports,OH/screenshots/OH_2024_12_OH_2024_sports_p1.png,"HOLLYWOOD GAMING AT DAYTON RACEWAY 1,524,110 1 ,627,102 1,183 - ( 104,175) -",,2026-04-08T18:42:59.510896
OH,2024-02-01,2024-02-29,monthly,MIAMI VALLEY GAMING AND RACING,MVGBet,MVGBet,Independent,retail,,51159400,0,,-2234200,,,,,0.0,29,False,False,OH_2024_sports.pdf,,,,3,0,https://dam.assets.ohio.gov/image/upload/v1732715535/casinocontrol.ohio.gov/revenue-reports/2024/2024_Sports_Gaming_Revenue_Report.pdf.pdf,https://casinocontrol.ohio.gov/about/revenue-reports,OH/screenshots/OH_2024_12_OH_2024_sports_p1.png,"MIAMI VALLEY GAMING AND RACING 511,594 5 33,581 3 55 - (22,342) -",,2026-04-08T18:42:59.510896
OH,2024-02-01,2024-02-29,monthly,MGM NORTHFIELD PARK - BETMGM,BetMGM,BetMGM,Entain/MGM Resorts,retail,,1112518100,0,,-10447500,,,,,0.0,29,False,False,OH_2024_sports.pdf,,,,3,0,https://dam.assets.ohio.gov/image/upload/v1732715535/casinocontrol.ohio.gov/revenue-reports/2024/2024_Sports_Gaming_Revenue_Report.pdf.pdf,https://casinocontrol.ohio.gov/about/revenue-reports,OH/screenshots/OH_2024_12_OH_2024_sports_p1.png,"MGM NORTHFIELD PARK - BETMGM 1,112,518 1 ,211,919 5,074 - ( 104,475) -",,2026-04-08T18:42:59.510896
OH,2024-02-01,2024-02-29,monthly,JACK THISTLEDOWN - BETJACK,betJACK,betJACK,JACK Entertainment,retail,,120645600,21496400,,21496400,,,,,0.17817806865729044,29,False,False,OH_2024_sports.pdf,,,,3,0,https://dam.assets.ohio.gov/image/upload/v1732715535/casinocontrol.ohio.gov/revenue-reports/2024/2024_Sports_Gaming_Revenue_Report.pdf.pdf,https://casinocontrol.ohio.gov/about/revenue-reports,OH/screenshots/OH_2024_12_OH_2024_sports_p1.png,"JACK THISTLEDOWN - BETJACK 1,206,456 9 80,569 10,923 - 214,964 2 14,964",,2026-04-08T18:42:59.510896
OH,2024-02-01,2024-02-29,monthly,JACK CLEVELAND - BETJACK,BetJACK,betJACK,JACK Entertainment,retail,,1608996100,0,,-15045300,,,,,0.0,29,False,False,OH_2024_sports.pdf,,,,3,0,https://dam.assets.ohio.gov/image/upload/v1732715535/casinocontrol.ohio.gov/revenue-reports/2024/2024_Sports_Gaming_Revenue_Report.pdf.pdf,https://casinocontrol.ohio.gov/about/revenue-reports,OH/screenshots/OH_2024_12_OH_2024_sports_p1.png,"JACK CLEVELAND - BETJACK 1,608,996 1 ,737,657 21,792 - ( 150,453) -",,2026-04-08T18:42:59.510896
OH,2024-02-01,2024-02-29,monthly,HOLLYWOOD TOLEDO,Hollywood Toledo,ESPN Bet,PENN Entertainment,retail,,73148500,0,,-2141700,,,,,0.0,29,False,False,OH_2024_sports.pdf,,,,3,0,https://dam.assets.ohio.gov/image/upload/v1732715535/casinocontrol.ohio.gov/revenue-reports/2024/2024_Sports_Gaming_Revenue_Report.pdf.pdf,https://casinocontrol.ohio.gov/about/revenue-reports,OH/screenshots/OH_2024_12_OH_2024_sports_p1.png,"HOLLYWOOD TOLEDO 731,485 7 51,937 9 65 - (21,417) -",,2026-04-08T18:42:59.510896
OH,2024-02-01,2024-02-29,monthly,HOLLYWOOD GAMING AT MAHONING VALLEY,Hollywood Mahoning Valley,ESPN Bet,PENN Entertainment,retail,,95799400,2240700,,2240700,,,,,0.02338949930792886,29,False,False,OH_2024_sports.pdf,,,,3,0,https://dam.assets.ohio.gov/image/upload/v1732715535/casinocontrol.ohio.gov/revenue-reports/2024/2024_Sports_Gaming_Revenue_Report.pdf.pdf,https://casinocontrol.ohio.gov/about/revenue-reports,OH/screenshots/OH_2024_12_OH_2024_sports_p1.png,"HOLLYWOOD GAMING AT MAHONING VALLEY 957,994 9 34,412 1,175 - 22,407 22,407",,2026-04-08T18:42:59.510896
OH,2024-04-01,2024-04-30,monthly,HARD ROCK CINCINNATI - SEMINOLE HARD ROCK DIGITAL,Hard Rock Bet,Hard Rock Bet,Seminole Tribe / Hard Rock Digital,online,,1217953800,109698000,,109698000,,,,,0.09006745576063722,30,False,False,OH_2024_sports.pdf,,,,5,0,https://dam.assets.ohio.gov/image/upload/v1732715535/casinocontrol.ohio.gov/revenue-reports/2024/2024_Sports_Gaming_Revenue_Report.pdf.pdf,https://casinocontrol.ohio.gov/about/revenue-reports,OH/screenshots/OH_2024_12_OH_2024_sports_p1.png,"HARD ROCK CINCINNATI - SEMINOLE HARD ROCK DIGITAL 1 2,179,538 10,999,810 82,748 163,296 1 ,096,980 1 ,096,980",,2026-04-08T18:42:59.510896
OH,2024-04-01,2024-04-30,monthly,HOF VILLAGE - BETR,Betr,Betr,Betr,online,,32594000,2120300,,2120300,,,,,0.06505185003374854,30,False,False,OH_2024_sports.pdf,,,,5,0,https://dam.assets.ohio.gov/image/upload/v1732715535/casinocontrol.ohio.gov/revenue-reports/2024/2024_Sports_Gaming_Revenue_Report.pdf.pdf,https://casinocontrol.ohio.gov/about/revenue-reports,OH/screenshots/OH_2024_12_OH_2024_sports_p1.png,"HOF VILLAGE - BETR 325,940 2 96,432 8,305 1 2,348 21,203 21,203",,2026-04-08T18:42:59.510896
OH,2024-04-01,2024-04-30,monthly,HOLLYWOOD COLUMBUS - PENN INTERACTIVE (ESPN BET),ESPN BET,ESPN Bet,PENN Entertainment,online,,3578182000,324646300,,324646300,,,,,0.09072939833692081,30,False,False,OH_2024_sports.pdf,,,,5,0,https://dam.assets.ohio.gov/image/upload/v1732715535/casinocontrol.ohio.gov/revenue-reports/2024/2024_Sports_Gaming_Revenue_Report.pdf.pdf,https://casinocontrol.ohio.gov/about/revenue-reports,OH/screenshots/OH_2024_12_OH_2024_sports_p1.png,"HOLLYWOOD COLUMBUS - PENN INTERACTIVE (ESPN BET) 3 5,781,820 32,517,692 17,665 1,672,396 3 ,246,463 3 ,246,463",,2026-04-08T18:42:59.510896
OH,2024-05-01,2024-05-31,monthly,HOLLYWOOD COLUMBUS - PENN INTERACTIVE (ESPN BET),ESPN BET,ESPN Bet,PENN Entertainment,online,,2777560000,274272800,,274272800,,,,,0.0987459496824551,31,False,False,OH_2024_sports.pdf,,,,6,0,https://dam.assets.ohio.gov/image/upload/v1732715535/casinocontrol.ohio.gov/revenue-reports/2024/2024_Sports_Gaming_Revenue_Report.pdf.pdf,https://casinocontrol.ohio.gov/about/revenue-reports,OH/screenshots/OH_2024_12_OH_2024_sports_p1.png,"HOLLYWOOD COLUMBUS - PENN INTERACTIVE (ESPN BET) 2 7,775,600 25,022,641 10,231 983,988 2 ,742,728 2 ,742,728",,2026-04-08T18:42:59.510896
OH,2024-05-01,2024-05-31,monthly,HARD ROCK CINCINNATI - SEMINOLE HARD ROCK DIGITAL,Hard Rock Bet,Hard Rock Bet,Seminole Tribe / Hard Rock Digital,retail,,1300611100,20699100,,20699100,,,,,0.01591490338656959,31,False,False,OH_2024_sports.pdf,,,,6,0,https://dam.assets.ohio.gov/image/upload/v1732715535/casinocontrol.ohio.gov/revenue-reports/2024/2024_Sports_Gaming_Revenue_Report.pdf.pdf,https://casinocontrol.ohio.gov/about/revenue-reports,OH/screenshots/OH_2024_12_OH_2024_sports_p1.png,"HARD ROCK CINCINNATI - SEMINOLE HARD ROCK DIGITAL 1,300,611 1 ,084,344 9,276 - 206,991 2 06,991",,2026-04-08T18:42:59.510896
OH,2024-05-01,2024-05-31,monthly,FC CINCINNATI - SUPERBOOK,SuperBook,SuperBook,SuperBook Sports,retail,,0,0,,0,,,,,,31,False,False,OH_2024_sports.pdf,,,,6,0,https://dam.assets.ohio.gov/image/upload/v1732715535/casinocontrol.ohio.gov/revenue-reports/2024/2024_Sports_Gaming_Revenue_Report.pdf.pdf,https://casinocontrol.ohio.gov/about/revenue-reports,OH/screenshots/OH_2024_12_OH_2024_sports_p1.png,FC CINCINNATI - SUPERBOOK - - - - - -,,2026-04-08T18:42:59.510896
OH,2024-05-01,2024-05-31,monthly,COLUMBUS CREW SC - TIPICO,Tipico,Tipico,Tipico Group,retail,,0,0,,0,,,,,,31,False,False,OH_2024_sports.pdf,,,,6,0,https://dam.assets.ohio.gov/image/upload/v1732715535/casinocontrol.ohio.gov/revenue-reports/2024/2024_Sports_Gaming_Revenue_Report.pdf.pdf,https://casinocontrol.ohio.gov/about/revenue-reports,OH/screenshots/OH_2024_12_OH_2024_sports_p1.png,COLUMBUS CREW SC - TIPICO - - - - - -,,2026-04-08T18:42:59.510896
OH,2024-05-01,2024-05-31,monthly,CLEVELAND GUARDIANS - FANATICS,Fanatics,Fanatics,Fanatics Inc,retail,,1699200,444900,,444900,,,,,0.2618290960451977,31,False,False,OH_2024_sports.pdf,,,,6,0,https://dam.assets.ohio.gov/image/upload/v1732715535/casinocontrol.ohio.gov/revenue-reports/2024/2024_Sports_Gaming_Revenue_Report.pdf.pdf,https://casinocontrol.ohio.gov/about/revenue-reports,OH/screenshots/OH_2024_12_OH_2024_sports_p1.png,"CLEVELAND GUARDIANS - FANATICS 1 6,992 12,213 3 30 - 4 ,449 4,449",,2026-04-08T18:42:59.510896
OH,2024-05-01,2024-05-31,monthly,CLEVELAND CAVALIERS - CAESARS SPORTSBOOK,Caesars,Caesars,Caesars Entertainment,retail,,32813200,5350700,,5350700,,,,,0.16306547365084784,31,False,False,OH_2024_sports.pdf,,,,6,0,https://dam.assets.ohio.gov/image/upload/v1732715535/casinocontrol.ohio.gov/revenue-reports/2024/2024_Sports_Gaming_Revenue_Report.pdf.pdf,https://casinocontrol.ohio.gov/about/revenue-reports,OH/screenshots/OH_2024_12_OH_2024_sports_p1.png,"CLEVELAND CAVALIERS - CAESARS SPORTSBOOK 328,132 2 72,232 2,393 - 53,507 53,507",,2026-04-08T18:42:59.510896
OH,2024-05-01,2024-05-31,monthly,CLEVELAND BROWNS - BALLY'S INTERACTIVE,Bally Bet,Bally Bet,Bally's Corporation,retail,,0,0,,0,,,,,,31,False,False,OH_2024_sports.pdf,,,,6,0,https://dam.assets.ohio.gov/image/upload/v1732715535/casinocontrol.ohio.gov/revenue-reports/2024/2024_Sports_Gaming_Revenue_Report.pdf.pdf,https://casinocontrol.ohio.gov/about/revenue-reports,OH/screenshots/OH_2024_12_OH_2024_sports_p1.png,CLEVELAND BROWNS - BALLY'S INTERACTIVE - - - - - -,,2026-04-08T18:42:59.510896
OH,2024-05-01,2024-05-31,monthly,BELTERRA PARK - FANDUEL,FanDuel,FanDuel,Flutter Entertainment,retail,,29601400,2434400,,2434400,,,,,0.08223935354408914,31,False,False,OH_2024_sports.pdf,,,,6,0,https://dam.assets.ohio.gov/image/upload/v1732715535/casinocontrol.ohio.gov/revenue-reports/2024/2024_Sports_Gaming_Revenue_Report.pdf.pdf,https://casinocontrol.ohio.gov/about/revenue-reports,OH/screenshots/OH_2024_12_OH_2024_sports_p1.png,"BELTERRA PARK - FANDUEL 296,014 2 68,753 2,917 - 24,344 24,344",,2026-04-08T18:42:59.510896
OH,2024-05-01,2024-05-31,monthly,SCIOTO DOWNS - CAESARS SPORTSBOOK,Caesars Sportsbook,Caesars,Caesars Entertainment,online,,2946919300,165332700,,165332700,,,,,0.05610357229666927,31,False,False,OH_2024_sports.pdf,,,,6,0,https://dam.assets.ohio.gov/image/upload/v1732715535/casinocontrol.ohio.gov/revenue-reports/2024/2024_Sports_Gaming_Revenue_Report.pdf.pdf,https://casinocontrol.ohio.gov/about/revenue-reports,OH/screenshots/OH_2024_12_OH_2024_sports_p1.png,"SCIOTO DOWNS - CAESARS SPORTSBOOK 2 9,469,193 27,446,623 3 69,243 305,225 1 ,653,327 1 ,653,327",,2026-04-08T18:42:59.510896
OH,2024-05-01,2024-05-31,monthly,MUIRFIELD VILLAGE GOLF CLUB - PARX INTERACTIVE,BetRivers (Gun Lake),BetRivers,Rush Street Interactive,online,,34388600,1816500,,1816500,,,,,0.052822737767748616,31,False,False,OH_2024_sports.pdf,,,,6,0,https://dam.assets.ohio.gov/image/upload/v1732715535/casinocontrol.ohio.gov/revenue-reports/2024/2024_Sports_Gaming_Revenue_Report.pdf.pdf,https://casinocontrol.ohio.gov/about/revenue-reports,OH/screenshots/OH_2024_12_OH_2024_sports_p1.png,"MUIRFIELD VILLAGE GOLF CLUB - PARX INTERACTIVE 343,886 3 21,241 4,480 3 ,765 18,165 18,165",,2026-04-08T18:42:59.510896
OH,2024-05-01,2024-05-31,monthly,MIAMI VALLEY GAMING AND RACING - MVGBET,MVGBet,MVGBet,Independent,online,,32814700,3201200,,3201200,,,,,0.09755384019966662,31,False,False,OH_2024_sports.pdf,,,,6,0,https://dam.assets.ohio.gov/image/upload/v1732715535/casinocontrol.ohio.gov/revenue-reports/2024/2024_Sports_Gaming_Revenue_Report.pdf.pdf,https://casinocontrol.ohio.gov/about/revenue-reports,OH/screenshots/OH_2024_12_OH_2024_sports_p1.png,"MIAMI VALLEY GAMING AND RACING - MVGBET 328,147 2 95,309 8 26 3 ,721 32,012 32,012",,2026-04-08T18:42:59.510896
OH,2024-05-01,2024-05-31,monthly,MGM NORTHFIELD PARK - BETMGM,BetMGM,BetMGM,Entain/MGM Resorts,online,,4133242500,343613200,,343613200,,,,,0.08313405274430426,31,False,False,OH_2024_sports.pdf,,,,6,0,https://dam.assets.ohio.gov/image/upload/v1732715535/casinocontrol.ohio.gov/revenue-reports/2024/2024_Sports_Gaming_Revenue_Report.pdf.pdf,https://casinocontrol.ohio.gov/about/revenue-reports,OH/screenshots/OH_2024_12_OH_2024_sports_p1.png,"MGM NORTHFIELD PARK - BETMGM 4 1,332,425 37,389,636 5 06,657 1,232,930 3 ,436,132 3 ,436,132",,2026-04-08T18:42:59.510896
OH,2024-05-01,2024-05-31,monthly,JACK CLEVELAND (BETJACK),BetJACK,betJACK,JACK Entertainment,online,,3692072300,30857700,,30857700,,,,,0.008357826578856541,31,False,False,OH_2024_sports.pdf,,,,6,0,https://dam.assets.ohio.gov/image/upload/v1732715535/casinocontrol.ohio.gov/revenue-reports/2024/2024_Sports_Gaming_Revenue_Report.pdf.pdf,https://casinocontrol.ohio.gov/about/revenue-reports,OH/screenshots/OH_2024_12_OH_2024_sports_p1.png,"JACK CLEVELAND (BETJACK) 3,692,072 3 ,368,135 15,360 7 7,014 308,577 3 08,577",,2026-04-08T18:42:59.510896
OH,2024-05-01,2024-05-31,monthly,HOLLYWOOD TOLEDO - DRAFTKINGS,DraftKings,DraftKings,DraftKings Inc,online,,20415757700,2010481000,,2010481000,,,,,0.09847692304851365,31,False,False,OH_2024_sports.pdf,,,,6,0,https://dam.assets.ohio.gov/image/upload/v1732715535/casinocontrol.ohio.gov/revenue-reports/2024/2024_Sports_Gaming_Revenue_Report.pdf.pdf,https://casinocontrol.ohio.gov/about/revenue-reports,OH/screenshots/OH_2024_12_OH_2024_sports_p1.png,"HOLLYWOOD TOLEDO - DRAFTKINGS 2 04,157,577 182,880,652 1 ,172,115 6,916,869 2 0,104,810 20,104,810",,2026-04-08T18:42:59.510896
OH,2024-05-01,2024-05-31,monthly,HOLLYWOOD COLUMBUS,Hollywood Columbus,ESPN Bet,PENN Entertainment,retail,,1824930100,16195400,,16195400,,,,,0.008874531687542443,31,False,False,OH_2024_sports.pdf,,,,6,0,https://dam.assets.ohio.gov/image/upload/v1732715535/casinocontrol.ohio.gov/revenue-reports/2024/2024_Sports_Gaming_Revenue_Report.pdf.pdf,https://casinocontrol.ohio.gov/about/revenue-reports,OH/screenshots/OH_2024_12_OH_2024_sports_p1.png,"HOLLYWOOD COLUMBUS 1,824,930 1 ,656,946 6,030 - 161,954 1 61,954",,2026-04-08T18:42:59.510896
OH,2024-05-01,2024-05-31,monthly,HOLLYWOOD GAMING AT DAYTON RACEWAY,Hollywood Dayton,ESPN Bet,PENN Entertainment,retail,,1200069100,804900,,804900,,,,,0.0006707113782031385,31,False,False,OH_2024_sports.pdf,,,,6,0,https://dam.assets.ohio.gov/image/upload/v1732715535/casinocontrol.ohio.gov/revenue-reports/2024/2024_Sports_Gaming_Revenue_Report.pdf.pdf,https://casinocontrol.ohio.gov/about/revenue-reports,OH/screenshots/OH_2024_12_OH_2024_sports_p1.png,"HOLLYWOOD GAMING AT DAYTON RACEWAY 1,200,069 1 ,177,846 14,174 - 8 ,049 8,049",,2026-04-08T18:42:59.510896
OH,2024-05-01,2024-05-31,monthly,HOLLYWOOD GAMING AT MAHONING VALLEY,Hollywood Mahoning Valley,ESPN Bet,PENN Entertainment,retail,,99330400,6078800,,6078800,,,,,0.06119778033713747,31,False,False,OH_2024_sports.pdf,,,,6,0,https://dam.assets.ohio.gov/image/upload/v1732715535/casinocontrol.ohio.gov/revenue-reports/2024/2024_Sports_Gaming_Revenue_Report.pdf.pdf,https://casinocontrol.ohio.gov/about/revenue-reports,OH/screenshots/OH_2024_12_OH_2024_sports_p1.png,"HOLLYWOOD GAMING AT MAHONING VALLEY 993,304 9 27,425 5,091 - 60,788 60,788",,2026-04-08T18:42:59.510896
OH,2024-06-01,2024-06-30,monthly,CINCINNATI BENGALS - BETFRED SPORTS,Betfred,Betfred,Betfred Group,online,,45391200,6018000,,6018000,,,,,0.13258076455348172,30,False,False,OH_2024_sports.pdf,,,,7,0,https://dam.assets.ohio.gov/image/upload/v1732715535/casinocontrol.ohio.gov/revenue-reports/2024/2024_Sports_Gaming_Revenue_Report.pdf.pdf,https://casinocontrol.ohio.gov/about/revenue-reports,OH/screenshots/OH_2024_12_OH_2024_sports_p1.png,"CINCINNATI BENGALS - BETFRED SPORTS 453,912 3 88,416 5,316 7 ,249 60,180 60,180",,2026-04-08T18:42:59.510896
OH,2024-06-01,2024-06-30,monthly,"GENEVA SPORTS, LLC - PRIME SPORTS",Prime Sports,Prime Sports,Independent,online,,1550041100,6680400,,6680400,,,,,0.004309821204095814,30,False,False,OH_2024_sports.pdf,,,,7,0,https://dam.assets.ohio.gov/image/upload/v1732715535/casinocontrol.ohio.gov/revenue-reports/2024/2024_Sports_Gaming_Revenue_Report.pdf.pdf,https://casinocontrol.ohio.gov/about/revenue-reports,OH/screenshots/OH_2024_12_OH_2024_sports_p1.png,"GENEVA SPORTS, LLC - PRIME SPORTS 1,550,041 1 ,445,379 37,858 4 ,165 66,804 66,804",,2026-04-08T18:42:59.510896
OH,2024-06-01,2024-06-30,monthly,FC CINCINNATI - SUPERBOOK,SuperBook,SuperBook,SuperBook Sports,online,,45100200,0,,-1004400,,,,,0.0,30,False,False,OH_2024_sports.pdf,,,,7,0,https://dam.assets.ohio.gov/image/upload/v1732715535/casinocontrol.ohio.gov/revenue-reports/2024/2024_Sports_Gaming_Revenue_Report.pdf.pdf,https://casinocontrol.ohio.gov/about/revenue-reports,OH/screenshots/OH_2024_12_OH_2024_sports_p1.png,"FC CINCINNATI - SUPERBOOK 451,002 4 53,493 7,553 6 ,086 (10,044) -",,2026-04-08T18:42:59.510896
OH,2024-06-01,2024-06-30,monthly,COLUMBUS CREW SC - TIPICO,Tipico,Tipico,Tipico Group,online,,3315178200,35562500,,35562500,,,,,0.010727175993133642,30,False,False,OH_2024_sports.pdf,,,,7,0,https://dam.assets.ohio.gov/image/upload/v1732715535/casinocontrol.ohio.gov/revenue-reports/2024/2024_Sports_Gaming_Revenue_Report.pdf.pdf,https://casinocontrol.ohio.gov/about/revenue-reports,OH/screenshots/OH_2024_12_OH_2024_sports_p1.png,"COLUMBUS CREW SC - TIPICO 3,315,178 2 ,946,495 13,058 178,150 355,625 3 55,625",,2026-04-08T18:42:59.510896
OH,2024-06-01,2024-06-30,monthly,COLUMBUS BLUE JACKETS - FANATICS,Fanatics,Fanatics,Fanatics Inc,online,,1782613000,138386000,,138386000,,,,,0.07763098328128427,30,False,False,OH_2024_sports.pdf,,,,7,0,https://dam.assets.ohio.gov/image/upload/v1732715535/casinocontrol.ohio.gov/revenue-reports/2024/2024_Sports_Gaming_Revenue_Report.pdf.pdf,https://casinocontrol.ohio.gov/about/revenue-reports,OH/screenshots/OH_2024_12_OH_2024_sports_p1.png,"COLUMBUS BLUE JACKETS - FANATICS 1 7,826,130 16,375,048 67,222 871,994 1 ,383,860 1 ,383,860",,2026-04-08T18:42:59.510896
OH,2024-06-01,2024-06-30,monthly,CLEVELAND GUARDIANS - BET365,bet365,bet365,bet365 Group,online,,5197080100,457767900,,457767900,,,,,0.08808174805695221,30,False,False,OH_2024_sports.pdf,,,,7,0,https://dam.assets.ohio.gov/image/upload/v1732715535/casinocontrol.ohio.gov/revenue-reports/2024/2024_Sports_Gaming_Revenue_Report.pdf.pdf,https://casinocontrol.ohio.gov/about/revenue-reports,OH/screenshots/OH_2024_12_OH_2024_sports_p1.png,"CLEVELAND GUARDIANS - BET365 5 1,970,801 45,155,675 2 ,237,447 1,557,157 4 ,577,679 4 ,577,679",,2026-04-08T18:42:59.510896
OH,2024-06-01,2024-06-30,monthly,CLEVELAND BROWNS - BALLY'S INTERACTIVE,Bally Bet,Bally Bet,Bally's Corporation,online,,1391168100,13654300,,13654300,,,,,0.009814989288497918,30,False,False,OH_2024_sports.pdf,,,,7,0,https://dam.assets.ohio.gov/image/upload/v1732715535/casinocontrol.ohio.gov/revenue-reports/2024/2024_Sports_Gaming_Revenue_Report.pdf.pdf,https://casinocontrol.ohio.gov/about/revenue-reports,OH/screenshots/OH_2024_12_OH_2024_sports_p1.png,"CLEVELAND BROWNS - BALLY'S INTERACTIVE 1,391,168 1 ,237,167 17,458 7 3,004 136,543 1 36,543",,2026-04-08T18:42:59.510896
OH,2024-06-01,2024-06-30,monthly,BELTERRA PARK - FANDUEL,FanDuel,FanDuel,Flutter Entertainment,online,,15937604400,2265066300,,2265066300,,,,,0.14212087608348467,30,False,False,OH_2024_sports.pdf,,,,7,0,https://dam.assets.ohio.gov/image/upload/v1732715535/casinocontrol.ohio.gov/revenue-reports/2024/2024_Sports_Gaming_Revenue_Report.pdf.pdf,https://casinocontrol.ohio.gov/about/revenue-reports,OH/screenshots/OH_2024_12_OH_2024_sports_p1.png,"BELTERRA PARK - FANDUEL 1 59,376,044 136,290,070 4 35,311 6,270,762 2 2,650,663 22,650,663",,2026-04-08T18:42:59.510896
OH,2024-05-01,2024-05-31,monthly,HOLLYWOOD TOLEDO,Hollywood Toledo,ESPN Bet,PENN Entertainment,retail,,64323500,11737400,,11737400,,,,,0.18247452330796676,31,False,False,OH_2024_sports.pdf,,,,6,0,https://dam.assets.ohio.gov/image/upload/v1732715535/casinocontrol.ohio.gov/revenue-reports/2024/2024_Sports_Gaming_Revenue_Report.pdf.pdf,https://casinocontrol.ohio.gov/about/revenue-reports,OH/screenshots/OH_2024_12_OH_2024_sports_p1.png,"HOLLYWOOD TOLEDO 643,235 5 12,992 12,869 - 117,374 1 17,374",,2026-04-08T18:42:59.510896
OH,2024-06-01,2024-06-30,monthly,BELTERRA PARK - BETWAY,Betway,Betway,Digital Gaming USA,online,,50288400,2381900,,2381900,,,,,0.04736479983455429,30,False,False,OH_2024_sports.pdf,,,,7,0,https://dam.assets.ohio.gov/image/upload/v1732715535/casinocontrol.ohio.gov/revenue-reports/2024/2024_Sports_Gaming_Revenue_Report.pdf.pdf,https://casinocontrol.ohio.gov/about/revenue-reports,OH/screenshots/OH_2024_12_OH_2024_sports_p1.png,"BELTERRA PARK - BETWAY 502,884 4 73,991 5,074 1 ,820 23,819 23,819",,2026-04-08T18:42:59.510896
OH,2024-05-01,2024-05-31,monthly,SCIOTO DOWNS - CAESARS SPORTSBOOK,Caesars Sportsbook,Caesars,Caesars Entertainment,retail,,1918985100,7693200,,7693200,,,,,0.004008994129240503,31,False,False,OH_2024_sports.pdf,,,,6,0,https://dam.assets.ohio.gov/image/upload/v1732715535/casinocontrol.ohio.gov/revenue-reports/2024/2024_Sports_Gaming_Revenue_Report.pdf.pdf,https://casinocontrol.ohio.gov/about/revenue-reports,OH/screenshots/OH_2024_12_OH_2024_sports_p1.png,"SCIOTO DOWNS - CAESARS SPORTSBOOK 1,918,985 1 ,836,810 5,243 - 76,932 76,932",,2026-04-08T18:42:59.510896
OH,2024-05-01,2024-05-31,monthly,MIAMI VALLEY GAMING AND RACING,MVGBet,MVGBet,Independent,retail,,38038400,4236100,,4236100,,,,,0.11136377975940102,31,False,False,OH_2024_sports.pdf,,,,6,0,https://dam.assets.ohio.gov/image/upload/v1732715535/casinocontrol.ohio.gov/revenue-reports/2024/2024_Sports_Gaming_Revenue_Report.pdf.pdf,https://casinocontrol.ohio.gov/about/revenue-reports,OH/screenshots/OH_2024_12_OH_2024_sports_p1.png,"MIAMI VALLEY GAMING AND RACING 380,384 3 37,352 6 71 - 42,361 42,361",,2026-04-08T18:42:59.510896
OH,2024-05-01,2024-05-31,monthly,MGM NORTHFIELD PARK - BETMGM,BetMGM,BetMGM,Entain/MGM Resorts,retail,,2626476200,31274300,,31274300,,,,,0.01190732282287576,31,False,False,OH_2024_sports.pdf,,,,6,0,https://dam.assets.ohio.gov/image/upload/v1732715535/casinocontrol.ohio.gov/revenue-reports/2024/2024_Sports_Gaming_Revenue_Report.pdf.pdf,https://casinocontrol.ohio.gov/about/revenue-reports,OH/screenshots/OH_2024_12_OH_2024_sports_p1.png,"MGM NORTHFIELD PARK - BETMGM 2,626,476 2 ,288,405 25,328 - 312,743 3 12,743",,2026-04-08T18:42:59.510896
OH,2024-05-01,2024-05-31,monthly,JACK THISTLEDOWN - BETJACK,betJACK,betJACK,JACK Entertainment,retail,,2742558200,15146200,,15146200,,,,,0.0055226539950911525,31,False,False,OH_2024_sports.pdf,,,,6,0,https://dam.assets.ohio.gov/image/upload/v1732715535/casinocontrol.ohio.gov/revenue-reports/2024/2024_Sports_Gaming_Revenue_Report.pdf.pdf,https://casinocontrol.ohio.gov/about/revenue-reports,OH/screenshots/OH_2024_12_OH_2024_sports_p1.png,"JACK THISTLEDOWN - BETJACK 2,742,558 2 ,563,300 27,796 - 151,462 1 51,462",,2026-04-08T18:42:59.510896
OH,2024-05-01,2024-05-31,monthly,JACK CLEVELAND - BETJACK,BetJACK,betJACK,JACK Entertainment,retail,,1647848100,3832400,,3832400,,,,,0.0023256998020630662,31,False,False,OH_2024_sports.pdf,,,,6,0,https://dam.assets.ohio.gov/image/upload/v1732715535/casinocontrol.ohio.gov/revenue-reports/2024/2024_Sports_Gaming_Revenue_Report.pdf.pdf,https://casinocontrol.ohio.gov/about/revenue-reports,OH/screenshots/OH_2024_12_OH_2024_sports_p1.png,"JACK CLEVELAND - BETJACK 1,647,848 1 ,587,680 21,844 - 38,324 38,324",,2026-04-08T18:42:59.510896
OH,2024-05-01,2024-05-31,monthly,"HOLLYWOOD GAMING AT DAYTON RACEWAY - RSI OH, LLC",BetRivers,BetRivers,Rush Street Interactive,online,,4806862400,27936600,,27936600,,,,,0.005811816040334336,31,False,False,OH_2024_sports.pdf,,,,6,0,https://dam.assets.ohio.gov/image/upload/v1732715535/casinocontrol.ohio.gov/revenue-reports/2024/2024_Sports_Gaming_Revenue_Report.pdf.pdf,https://casinocontrol.ohio.gov/about/revenue-reports,OH/screenshots/OH_2024_12_OH_2024_sports_p1.png,"HOLLYWOOD GAMING AT DAYTON RACEWAY - RSI OH, LLC 4,806,862 4 ,504,210 23,286 9 5,782 279,366 2 79,366",,2026-04-08T18:42:59.510896
OH,2024-05-01,2024-05-31,monthly,HOF VILLAGE - BETR,Betr,Betr,Betr,online,,22067400,0,,-2455900,,,,,0.0,31,False,False,OH_2024_sports.pdf,,,,6,0,https://dam.assets.ohio.gov/image/upload/v1732715535/casinocontrol.ohio.gov/revenue-reports/2024/2024_Sports_Gaming_Revenue_Report.pdf.pdf,https://casinocontrol.ohio.gov/about/revenue-reports,OH/screenshots/OH_2024_12_OH_2024_sports_p1.png,"HOF VILLAGE - BETR 220,674 2 43,283 1,950 1 2,703 (24,559) -",,2026-04-08T18:42:59.510896
OH,2024-04-01,2024-04-30,monthly,"HOLLYWOOD GAMING AT DAYTON RACEWAY - RSI OH, LLC",BetRivers,BetRivers,Rush Street Interactive,online,,4015727300,15264500,,15264500,,,,,0.0038011794276966967,30,False,False,OH_2024_sports.pdf,,,,5,0,https://dam.assets.ohio.gov/image/upload/v1732715535/casinocontrol.ohio.gov/revenue-reports/2024/2024_Sports_Gaming_Revenue_Report.pdf.pdf,https://casinocontrol.ohio.gov/about/revenue-reports,OH/screenshots/OH_2024_12_OH_2024_sports_p1.png,"HOLLYWOOD GAMING AT DAYTON RACEWAY - RSI OH, LLC 4,015,727 3 ,832,589 30,493 8 2,738 152,645 1 52,645",,2026-04-08T18:42:59.510896
OH,2024-05-01,2024-05-31,monthly,HARD ROCK CINCINNATI - SEMINOLE HARD ROCK DIGITAL,Hard Rock Bet,Hard Rock Bet,Seminole Tribe / Hard Rock Digital,online,,9747461900,34324800,,34324800,,,,,0.003521408993658134,31,False,False,OH_2024_sports.pdf,,,,6,0,https://dam.assets.ohio.gov/image/upload/v1732715535/casinocontrol.ohio.gov/revenue-reports/2024/2024_Sports_Gaming_Revenue_Report.pdf.pdf,https://casinocontrol.ohio.gov/about/revenue-reports,OH/screenshots/OH_2024_12_OH_2024_sports_p1.png,"HARD ROCK CINCINNATI - SEMINOLE HARD ROCK DIGITAL 9,747,461 9 ,311,267 92,946 118,725 343,248 3 43,248",,2026-04-08T18:42:59.510896
OH,2024-04-01,2024-04-30,monthly,HARD ROCK CINCINNATI - SEMINOLE HARD ROCK DIGITAL,Hard Rock Bet,Hard Rock Bet,Seminole Tribe / Hard Rock Digital,retail,,1730498100,9670400,,9670400,,,,,0.00558821763514216,30,False,False,OH_2024_sports.pdf,,,,5,0,https://dam.assets.ohio.gov/image/upload/v1732715535/casinocontrol.ohio.gov/revenue-reports/2024/2024_Sports_Gaming_Revenue_Report.pdf.pdf,https://casinocontrol.ohio.gov/about/revenue-reports,OH/screenshots/OH_2024_12_OH_2024_sports_p1.png,"HARD ROCK CINCINNATI - SEMINOLE HARD ROCK DIGITAL 1,730,498 1 ,579,349 54,445 - 96,704 96,704",,2026-04-08T18:42:59.510896
OH,2024-04-01,2024-04-30,monthly,FC CINCINNATI - SUPERBOOK,SuperBook,SuperBook,SuperBook Sports,retail,,0,0,,-3800,,,,,,30,False,False,OH_2024_sports.pdf,,,,5,0,https://dam.assets.ohio.gov/image/upload/v1732715535/casinocontrol.ohio.gov/revenue-reports/2024/2024_Sports_Gaming_Revenue_Report.pdf.pdf,https://casinocontrol.ohio.gov/about/revenue-reports,OH/screenshots/OH_2024_12_OH_2024_sports_p1.png,FC CINCINNATI - SUPERBOOK - 3 8 - - ( 38) -,,2026-04-08T18:42:59.510896
OH,2024-04-01,2024-04-30,monthly,COLUMBUS CREW SC - TIPICO,Tipico,Tipico,Tipico Group,retail,,8700,2300,,2300,,,,,0.26436781609195403,30,False,False,OH_2024_sports.pdf,,,,5,0,https://dam.assets.ohio.gov/image/upload/v1732715535/casinocontrol.ohio.gov/revenue-reports/2024/2024_Sports_Gaming_Revenue_Report.pdf.pdf,https://casinocontrol.ohio.gov/about/revenue-reports,OH/screenshots/OH_2024_12_OH_2024_sports_p1.png,COLUMBUS CREW SC - TIPICO 87 6 4 - - 23 2 3,,2026-04-08T18:42:59.510896
OH,2024-04-01,2024-04-30,monthly,CLEVELAND GUARDIANS - FANATICS,Fanatics,Fanatics,Fanatics Inc,retail,,1193200,0,,-241100,,,,,0.0,30,False,False,OH_2024_sports.pdf,,,,5,0,https://dam.assets.ohio.gov/image/upload/v1732715535/casinocontrol.ohio.gov/revenue-reports/2024/2024_Sports_Gaming_Revenue_Report.pdf.pdf,https://casinocontrol.ohio.gov/about/revenue-reports,OH/screenshots/OH_2024_12_OH_2024_sports_p1.png,"CLEVELAND GUARDIANS - FANATICS 1 1,932 14,343 - - (2,411) -",,2026-04-08T18:42:59.510896
OH,2024-04-01,2024-04-30,monthly,CLEVELAND CAVALIERS - CAESARS SPORTSBOOK,Caesars,Caesars,Caesars Entertainment,retail,,56588600,5191800,,5191800,,,,,0.09174639415005849,30,False,False,OH_2024_sports.pdf,,,,5,0,https://dam.assets.ohio.gov/image/upload/v1732715535/casinocontrol.ohio.gov/revenue-reports/2024/2024_Sports_Gaming_Revenue_Report.pdf.pdf,https://casinocontrol.ohio.gov/about/revenue-reports,OH/screenshots/OH_2024_12_OH_2024_sports_p1.png,"CLEVELAND CAVALIERS - CAESARS SPORTSBOOK 565,886 5 07,823 6,145 - 51,918 51,918",,2026-04-08T18:42:59.510896
OH,2024-04-01,2024-04-30,monthly,CLEVELAND BROWNS - BALLY'S INTERACTIVE,Bally Bet,Bally Bet,Bally's Corporation,retail,,0,0,,0,,,,,,30,False,False,OH_2024_sports.pdf,,,,5,0,https://dam.assets.ohio.gov/image/upload/v1732715535/casinocontrol.ohio.gov/revenue-reports/2024/2024_Sports_Gaming_Revenue_Report.pdf.pdf,https://casinocontrol.ohio.gov/about/revenue-reports,OH/screenshots/OH_2024_12_OH_2024_sports_p1.png,CLEVELAND BROWNS - BALLY'S INTERACTIVE - - - - - -,,2026-04-08T18:42:59.510896
OH,2024-04-01,2024-04-30,monthly,BELTERRA PARK - FANDUEL,FanDuel,FanDuel,Flutter Entertainment,retail,,33376300,0,,-1444300,,,,,0.0,30,False,False,OH_2024_sports.pdf,,,,5,0,https://dam.assets.ohio.gov/image/upload/v1732715535/casinocontrol.ohio.gov/revenue-reports/2024/2024_Sports_Gaming_Revenue_Report.pdf.pdf,https://casinocontrol.ohio.gov/about/revenue-reports,OH/screenshots/OH_2024_12_OH_2024_sports_p1.png,"BELTERRA PARK - FANDUEL 333,763 3 47,174 1,032 - (14,443) -",,2026-04-08T18:42:59.510896
OH,2024-04-01,2024-04-30,monthly,SCIOTO DOWNS - CAESARS SPORTSBOOK,Caesars Sportsbook,Caesars,Caesars Entertainment,online,,2792123500,131084300,,131084300,,,,,0.046947887512855356,30,False,False,OH_2024_sports.pdf,,,,5,0,https://dam.assets.ohio.gov/image/upload/v1732715535/casinocontrol.ohio.gov/revenue-reports/2024/2024_Sports_Gaming_Revenue_Report.pdf.pdf,https://casinocontrol.ohio.gov/about/revenue-reports,OH/screenshots/OH_2024_12_OH_2024_sports_p1.png,"SCIOTO DOWNS - CAESARS SPORTSBOOK 2 7,921,235 26,323,646 2 86,746 324,946 1 ,310,843 1 ,310,843",,2026-04-08T18:42:59.510896
OH,2024-04-01,2024-04-30,monthly,MUIRFIELD VILLAGE GOLF CLUB - PARX INTERACTIVE,BetRivers (Gun Lake),BetRivers,Rush Street Interactive,online,,37688000,1297400,,1297400,,,,,0.034424750583740185,30,False,False,OH_2024_sports.pdf,,,,5,0,https://dam.assets.ohio.gov/image/upload/v1732715535/casinocontrol.ohio.gov/revenue-reports/2024/2024_Sports_Gaming_Revenue_Report.pdf.pdf,https://casinocontrol.ohio.gov/about/revenue-reports,OH/screenshots/OH_2024_12_OH_2024_sports_p1.png,"MUIRFIELD VILLAGE GOLF CLUB - PARX INTERACTIVE 376,880 3 61,807 2,099 5 ,545 12,974 12,974",,2026-04-08T18:42:59.510896
OH,2024-04-01,2024-04-30,monthly,MIAMI VALLEY GAMING AND RACING - MVGBET,MVGBet,MVGBet,Independent,online,,41656600,4201700,,4201700,,,,,0.1008651690248364,30,False,False,OH_2024_sports.pdf,,,,5,0,https://dam.assets.ohio.gov/image/upload/v1732715535/casinocontrol.ohio.gov/revenue-reports/2024/2024_Sports_Gaming_Revenue_Report.pdf.pdf,https://casinocontrol.ohio.gov/about/revenue-reports,OH/screenshots/OH_2024_12_OH_2024_sports_p1.png,"MIAMI VALLEY GAMING AND RACING - MVGBET 416,566 3 72,217 2,332 3 ,485 42,017 42,017",,2026-04-08T18:42:59.510896
OH,2024-04-01,2024-04-30,monthly,MGM NORTHFIELD PARK - BETMGM,BetMGM,BetMGM,Entain/MGM Resorts,online,,4517824200,387790400,,387790400,,,,,0.08583565513682449,30,False,False,OH_2024_sports.pdf,,,,5,0,https://dam.assets.ohio.gov/image/upload/v1732715535/casinocontrol.ohio.gov/revenue-reports/2024/2024_Sports_Gaming_Revenue_Report.pdf.pdf,https://casinocontrol.ohio.gov/about/revenue-reports,OH/screenshots/OH_2024_12_OH_2024_sports_p1.png,"MGM NORTHFIELD PARK - BETMGM 4 5,178,242 40,852,216 4 48,122 1,590,851 3 ,877,904 3 ,877,904",,2026-04-08T18:42:59.510896
OH,2024-04-01,2024-04-30,monthly,JACK CLEVELAND (BETJACK),BetJACK,betJACK,JACK Entertainment,online,,3742150300,27297900,,27297900,,,,,0.007294709675343612,30,False,False,OH_2024_sports.pdf,,,,5,0,https://dam.assets.ohio.gov/image/upload/v1732715535/casinocontrol.ohio.gov/revenue-reports/2024/2024_Sports_Gaming_Revenue_Report.pdf.pdf,https://casinocontrol.ohio.gov/about/revenue-reports,OH/screenshots/OH_2024_12_OH_2024_sports_p1.png,"JACK CLEVELAND (BETJACK) 3,742,150 3 ,460,238 8,933 6 4,344 272,979 2 72,979",,2026-04-08T18:42:59.510896
OH,2024-04-01,2024-04-30,monthly,HOLLYWOOD TOLEDO - DRAFTKINGS,DraftKings,DraftKings,DraftKings Inc,online,,21679045000,2076164200,,2076164200,,,,,0.09576824993905406,30,False,False,OH_2024_sports.pdf,,,,5,0,https://dam.assets.ohio.gov/image/upload/v1732715535/casinocontrol.ohio.gov/revenue-reports/2024/2024_Sports_Gaming_Revenue_Report.pdf.pdf,https://casinocontrol.ohio.gov/about/revenue-reports,OH/screenshots/OH_2024_12_OH_2024_sports_p1.png,"HOLLYWOOD TOLEDO - DRAFTKINGS 2 16,790,450 194,948,534 1 ,080,274 6,622,369 2 0,761,642 20,761,642",,2026-04-08T18:42:59.510896
OH,2024-04-01,2024-04-30,monthly,HOLLYWOOD COLUMBUS,Hollywood Columbus,ESPN Bet,PENN Entertainment,retail,,2761076200,43452800,,43452800,,,,,0.0157376315800339,30,False,False,OH_2024_sports.pdf,,,,5,0,https://dam.assets.ohio.gov/image/upload/v1732715535/casinocontrol.ohio.gov/revenue-reports/2024/2024_Sports_Gaming_Revenue_Report.pdf.pdf,https://casinocontrol.ohio.gov/about/revenue-reports,OH/screenshots/OH_2024_12_OH_2024_sports_p1.png,"HOLLYWOOD COLUMBUS 2,761,076 2 ,321,910 4,638 - 434,528 4 34,528",,2026-04-08T18:42:59.510896
OH,2024-04-01,2024-04-30,monthly,HOLLYWOOD GAMING AT DAYTON RACEWAY,Hollywood Dayton,ESPN Bet,PENN Entertainment,retail,,1705763100,2964400,,2964400,,,,,0.0017378732134608844,30,False,False,OH_2024_sports.pdf,,,,5,0,https://dam.assets.ohio.gov/image/upload/v1732715535/casinocontrol.ohio.gov/revenue-reports/2024/2024_Sports_Gaming_Revenue_Report.pdf.pdf,https://casinocontrol.ohio.gov/about/revenue-reports,OH/screenshots/OH_2024_12_OH_2024_sports_p1.png,"HOLLYWOOD GAMING AT DAYTON RACEWAY 1,705,763 1 ,674,846 1,273 - 29,644 29,644",,2026-04-08T18:42:59.510896
OH,2024-04-01,2024-04-30,monthly,HOLLYWOOD GAMING AT MAHONING VALLEY,Hollywood Mahoning Valley,ESPN Bet,PENN Entertainment,retail,,106032100,7395100,,7395100,,,,,0.06974397375889,30,False,False,OH_2024_sports.pdf,,,,5,0,https://dam.assets.ohio.gov/image/upload/v1732715535/casinocontrol.ohio.gov/revenue-reports/2024/2024_Sports_Gaming_Revenue_Report.pdf.pdf,https://casinocontrol.ohio.gov/about/revenue-reports,OH/screenshots/OH_2024_12_OH_2024_sports_p1.png,"HOLLYWOOD GAMING AT MAHONING VALLEY 1,060,321 9 79,837 6,533 - 73,951 73,951",,2026-04-08T18:42:59.510896
OH,2024-05-01,2024-05-31,monthly,CINCINNATI BENGALS - BETFRED SPORTS,Betfred,Betfred,Betfred Group,online,,47637900,228400,,228400,,,,,0.004794501856714927,31,False,False,OH_2024_sports.pdf,,,,6,0,https://dam.assets.ohio.gov/image/upload/v1732715535/casinocontrol.ohio.gov/revenue-reports/2024/2024_Sports_Gaming_Revenue_Report.pdf.pdf,https://casinocontrol.ohio.gov/about/revenue-reports,OH/screenshots/OH_2024_12_OH_2024_sports_p1.png,"CINCINNATI BENGALS - BETFRED SPORTS 476,379 4 62,699 11,396 9 ,150 2 ,284 2,284",,2026-04-08T18:42:59.510896
OH,2024-05-01,2024-05-31,monthly,"GENEVA SPORTS, LLC - PRIME SPORTS",Prime Sports,Prime Sports,Independent,online,,2753820200,0,,-10292700,,,,,0.0,31,False,False,OH_2024_sports.pdf,,,,6,0,https://dam.assets.ohio.gov/image/upload/v1732715535/casinocontrol.ohio.gov/revenue-reports/2024/2024_Sports_Gaming_Revenue_Report.pdf.pdf,https://casinocontrol.ohio.gov/about/revenue-reports,OH/screenshots/OH_2024_12_OH_2024_sports_p1.png,"GENEVA SPORTS, LLC - PRIME SPORTS 2,753,820 2 ,831,966 24,781 5 ,992 ( 102,927) -",,2026-04-08T18:42:59.510896
OH,2024-05-01,2024-05-31,monthly,FC CINCINNATI - SUPERBOOK,SuperBook,SuperBook,SuperBook Sports,online,,64207000,2026300,,2026300,,,,,0.031558864298285236,31,False,False,OH_2024_sports.pdf,,,,6,0,https://dam.assets.ohio.gov/image/upload/v1732715535/casinocontrol.ohio.gov/revenue-reports/2024/2024_Sports_Gaming_Revenue_Report.pdf.pdf,https://casinocontrol.ohio.gov/about/revenue-reports,OH/screenshots/OH_2024_12_OH_2024_sports_p1.png,"FC CINCINNATI - SUPERBOOK 642,070 6 14,527 7,280 1 0,105 20,263 20,263",,2026-04-08T18:42:59.510896
OH,2024-05-01,2024-05-31,monthly,COLUMBUS CREW SC - TIPICO,Tipico,Tipico,Tipico Group,online,,4096469300,41999300,,41999300,,,,,0.01025256066242215,31,False,False,OH_2024_sports.pdf,,,,6,0,https://dam.assets.ohio.gov/image/upload/v1732715535/casinocontrol.ohio.gov/revenue-reports/2024/2024_Sports_Gaming_Revenue_Report.pdf.pdf,https://casinocontrol.ohio.gov/about/revenue-reports,OH/screenshots/OH_2024_12_OH_2024_sports_p1.png,"COLUMBUS CREW SC - TIPICO 4,096,469 3 ,657,053 19,423 203,965 419,993 4 19,993",,2026-04-08T18:42:59.510896
OH,2024-05-01,2024-05-31,monthly,COLUMBUS BLUE JACKETS - FANATICS,Fanatics,Fanatics,Fanatics Inc,online,,1894641300,141931300,,141931300,,,,,0.07491196354687296,31,False,False,OH_2024_sports.pdf,,,,6,0,https://dam.assets.ohio.gov/image/upload/v1732715535/casinocontrol.ohio.gov/revenue-reports/2024/2024_Sports_Gaming_Revenue_Report.pdf.pdf,https://casinocontrol.ohio.gov/about/revenue-reports,OH/screenshots/OH_2024_12_OH_2024_sports_p1.png,"COLUMBUS BLUE JACKETS - FANATICS 1 8,946,413 17,448,751 78,349 768,839 1 ,419,313 1 ,419,313",,2026-04-08T18:42:59.510896
OH,2024-05-01,2024-05-31,monthly,CLEVELAND GUARDIANS - BET365,bet365,bet365,bet365 Group,online,,4500939800,471960800,,471960800,,,,,0.10485827870881544,31,False,False,OH_2024_sports.pdf,,,,6,0,https://dam.assets.ohio.gov/image/upload/v1732715535/casinocontrol.ohio.gov/revenue-reports/2024/2024_Sports_Gaming_Revenue_Report.pdf.pdf,https://casinocontrol.ohio.gov/about/revenue-reports,OH/screenshots/OH_2024_12_OH_2024_sports_p1.png,"CLEVELAND GUARDIANS - BET365 4 5,009,398 37,970,395 2 ,319,395 1,524,873 4 ,719,608 4 ,719,608",,2026-04-08T18:42:59.510896
OH,2024-05-01,2024-05-31,monthly,CLEVELAND BROWNS - BALLY'S INTERACTIVE,Bally Bet,Bally Bet,Bally's Corporation,online,,112243900,10705600,,10705600,,,,,0.09537801163359434,31,False,False,OH_2024_sports.pdf,,,,6,0,https://dam.assets.ohio.gov/image/upload/v1732715535/casinocontrol.ohio.gov/revenue-reports/2024/2024_Sports_Gaming_Revenue_Report.pdf.pdf,https://casinocontrol.ohio.gov/about/revenue-reports,OH/screenshots/OH_2024_12_OH_2024_sports_p1.png,"CLEVELAND BROWNS - BALLY'S INTERACTIVE 1,122,439 9 95,065 20,318 7 0,642 107,056 1 07,056",,2026-04-08T18:42:59.510896
OH,2024-05-01,2024-05-31,monthly,BELTERRA PARK - FANDUEL,FanDuel,FanDuel,Flutter Entertainment,online,,19984497100,3062772700,,3062772700,,,,,0.15325743173191983,31,False,False,OH_2024_sports.pdf,,,,6,0,https://dam.assets.ohio.gov/image/upload/v1732715535/casinocontrol.ohio.gov/revenue-reports/2024/2024_Sports_Gaming_Revenue_Report.pdf.pdf,https://casinocontrol.ohio.gov/about/revenue-reports,OH/screenshots/OH_2024_12_OH_2024_sports_p1.png,"BELTERRA PARK - FANDUEL 1 99,844,971 168,042,073 1 ,175,171 8,176,347 3 0,627,727 30,627,727",,2026-04-08T18:42:59.510896
OH,2024-04-01,2024-04-30,monthly,HOLLYWOOD TOLEDO,Hollywood Toledo,ESPN Bet,PENN Entertainment,retail,,97051700,4259200,,4259200,,,,,0.04388588762484325,30,False,False,OH_2024_sports.pdf,,,,5,0,https://dam.assets.ohio.gov/image/upload/v1732715535/casinocontrol.ohio.gov/revenue-reports/2024/2024_Sports_Gaming_Revenue_Report.pdf.pdf,https://casinocontrol.ohio.gov/about/revenue-reports,OH/screenshots/OH_2024_12_OH_2024_sports_p1.png,"HOLLYWOOD TOLEDO 970,517 9 21,427 6,498 - 42,592 42,592",,2026-04-08T18:42:59.510896
OH,2024-05-01,2024-05-31,monthly,BELTERRA PARK - BETWAY,Betway,Betway,Digital Gaming USA,online,,45040400,1493400,,1493400,,,,,0.03315689913943926,31,False,False,OH_2024_sports.pdf,,,,6,0,https://dam.assets.ohio.gov/image/upload/v1732715535/casinocontrol.ohio.gov/revenue-reports/2024/2024_Sports_Gaming_Revenue_Report.pdf.pdf,https://casinocontrol.ohio.gov/about/revenue-reports,OH/screenshots/OH_2024_12_OH_2024_sports_p1.png,"BELTERRA PARK - BETWAY 450,404 4 32,342 3,128 2 ,889 14,934 14,934",,2026-04-08T18:42:59.510896
OH,2024-04-01,2024-04-30,monthly,SCIOTO DOWNS - CAESARS SPORTSBOOK,Caesars Sportsbook,Caesars,Caesars Entertainment,retail,,116694300,25204600,,25204600,,,,,0.2159882702068567,30,False,False,OH_2024_sports.pdf,,,,5,0,https://dam.assets.ohio.gov/image/upload/v1732715535/casinocontrol.ohio.gov/revenue-reports/2024/2024_Sports_Gaming_Revenue_Report.pdf.pdf,https://casinocontrol.ohio.gov/about/revenue-reports,OH/screenshots/OH_2024_12_OH_2024_sports_p1.png,"SCIOTO DOWNS - CAESARS SPORTSBOOK 1,166,943 9 11,200 3,697 - 252,046 2 52,046",,2026-04-08T18:42:59.510896
OH,2024-04-01,2024-04-30,monthly,MIAMI VALLEY GAMING AND RACING,MVGBet,MVGBet,Independent,retail,,33995700,4009400,,4009400,,,,,0.11793844515629918,30,False,False,OH_2024_sports.pdf,,,,5,0,https://dam.assets.ohio.gov/image/upload/v1732715535/casinocontrol.ohio.gov/revenue-reports/2024/2024_Sports_Gaming_Revenue_Report.pdf.pdf,https://casinocontrol.ohio.gov/about/revenue-reports,OH/screenshots/OH_2024_12_OH_2024_sports_p1.png,"MIAMI VALLEY GAMING AND RACING 339,957 2 99,397 4 66 - 40,094 40,094",,2026-04-08T18:42:59.510896
OH,2024-04-01,2024-04-30,monthly,MGM NORTHFIELD PARK - BETMGM,BetMGM,BetMGM,Entain/MGM Resorts,retail,,1197296100,2880400,,2880400,,,,,0.002405754098756356,30,False,False,OH_2024_sports.pdf,,,,5,0,https://dam.assets.ohio.gov/image/upload/v1732715535/casinocontrol.ohio.gov/revenue-reports/2024/2024_Sports_Gaming_Revenue_Report.pdf.pdf,https://casinocontrol.ohio.gov/about/revenue-reports,OH/screenshots/OH_2024_12_OH_2024_sports_p1.png,"MGM NORTHFIELD PARK - BETMGM 1,197,296 1 ,156,601 11,891 - 28,804 28,804",,2026-04-08T18:42:59.510896
OH,2024-04-01,2024-04-30,monthly,JACK THISTLEDOWN - BETJACK,betJACK,betJACK,JACK Entertainment,retail,,1674885100,780700,,780700,,,,,0.0004661215267841358,30,False,False,OH_2024_sports.pdf,,,,5,0,https://dam.assets.ohio.gov/image/upload/v1732715535/casinocontrol.ohio.gov/revenue-reports/2024/2024_Sports_Gaming_Revenue_Report.pdf.pdf,https://casinocontrol.ohio.gov/about/revenue-reports,OH/screenshots/OH_2024_12_OH_2024_sports_p1.png,"JACK THISTLEDOWN - BETJACK 1,674,885 1 ,658,935 8,143 - 7 ,807 7,807",,2026-04-08T18:42:59.510896
OH,2024-04-01,2024-04-30,monthly,JACK CLEVELAND - BETJACK,BetJACK,betJACK,JACK Entertainment,retail,,2134056200,7275000,,7275000,,,,,0.0034090011312729253,30,False,False,OH_2024_sports.pdf,,,,5,0,https://dam.assets.ohio.gov/image/upload/v1732715535/casinocontrol.ohio.gov/revenue-reports/2024/2024_Sports_Gaming_Revenue_Report.pdf.pdf,https://casinocontrol.ohio.gov/about/revenue-reports,OH/screenshots/OH_2024_12_OH_2024_sports_p1.png,"JACK CLEVELAND - BETJACK 2,134,056 2 ,049,627 11,679 - 72,750 72,750",,2026-04-08T18:42:59.510896
OH,2024-02-01,2024-02-29,monthly,HOF VILLAGE - BETR,Betr,Betr,Betr,online,,39128500,1922500,,1922500,,,,,0.04913298490869826,29,False,False,OH_2024_sports.pdf,,,,3,0,https://dam.assets.ohio.gov/image/upload/v1732715535/casinocontrol.ohio.gov/revenue-reports/2024/2024_Sports_Gaming_Revenue_Report.pdf.pdf,https://casinocontrol.ohio.gov/about/revenue-reports,OH/screenshots/OH_2024_12_OH_2024_sports_p1.png,"HOF VILLAGE - BETR 391,285 3 71,457 6 03 2 1,358 19,225 19,225",,2026-04-08T18:42:59.510896
OH,2024-02-01,2024-02-29,monthly,HARD ROCK CINCINNATI - SEMINOLE HARD ROCK DIGITAL,Hard Rock Bet,Hard Rock Bet,Seminole Tribe / Hard Rock Digital,online,,1178446200,79447800,,79447800,,,,,0.06741741795255482,29,False,False,OH_2024_sports.pdf,,,,3,0,https://dam.assets.ohio.gov/image/upload/v1732715535/casinocontrol.ohio.gov/revenue-reports/2024/2024_Sports_Gaming_Revenue_Report.pdf.pdf,https://casinocontrol.ohio.gov/about/revenue-reports,OH/screenshots/OH_2024_12_OH_2024_sports_p1.png,"HARD ROCK CINCINNATI - SEMINOLE HARD ROCK DIGITAL 1 1,784,462 10,937,557 52,427 175,091 794,478 7 94,478",,2026-04-08T18:42:59.510896
OH,2024-02-01,2024-02-29,monthly,"GENEVA SPORTS, LLC - PRIME SPORTS",Prime Sports,Prime Sports,Independent,online,,1004006900,0,,-58314900,,,,,0.0,29,False,False,OH_2024_sports.pdf,,,,3,0,https://dam.assets.ohio.gov/image/upload/v1732715535/casinocontrol.ohio.gov/revenue-reports/2024/2024_Sports_Gaming_Revenue_Report.pdf.pdf,https://casinocontrol.ohio.gov/about/revenue-reports,OH/screenshots/OH_2024_12_OH_2024_sports_p1.png,"GENEVA SPORTS, LLC - PRIME SPORTS 1 0,040,069 10,605,478 17,740 938 ( 583,149) -",,2026-04-08T18:42:59.510896
OH,2023-11-01,2023-11-30,monthly,"GENEVA SPORTS, LLC - PRIME SPORTS",Prime Sports,Prime Sports,Independent,online,,581198300,1255000,,1255000,,,,,0.002159331849387722,30,False,False,OH_2023_sports.pdf,,,,12,0,https://dam.assets.ohio.gov/image/upload/v1745842746/casinocontrol.ohio.gov/revenue-reports/December_2023_Sports_Gaming_Revenue_Report.pdf,https://casinocontrol.ohio.gov/about/revenue-reports,OH/screenshots/OH_2023_12_OH_2023_sports_p1.png,"GENEVA SPORTS, LLC - PRIME SPORTS 5,811,983 5 ,798,896 537 5 0,000 12,550 12,550",,2026-04-08T18:42:56.745418
OH,2023-11-01,2023-11-30,monthly,CLEVELAND GUARDIANS - FANATICS,Fanatics,Fanatics,Fanatics Inc,retail,,5304600,0,,,,,,,0.0,30,False,False,OH_2023_sports.pdf,,,,12,0,https://dam.assets.ohio.gov/image/upload/v1745842746/casinocontrol.ohio.gov/revenue-reports/December_2023_Sports_Gaming_Revenue_Report.pdf,https://casinocontrol.ohio.gov/about/revenue-reports,OH/screenshots/OH_2023_12_OH_2023_sports_p1.png,"CLEVELAND GUARDIANS - FANATICS 5 3,046 65,796 25 - ( 12,775) -",,2026-04-08T18:42:56.745418
OH,2023-11-01,2023-11-30,monthly,CLEVELAND CAVALIERS - CAESARS SPORTSBOOK,Caesars,Caesars,Caesars Entertainment,retail,,51818900,7940800,,-7940800,,,,,0.15324138490010403,30,False,False,OH_2023_sports.pdf,,,,12,0,https://dam.assets.ohio.gov/image/upload/v1745842746/casinocontrol.ohio.gov/revenue-reports/December_2023_Sports_Gaming_Revenue_Report.pdf,https://casinocontrol.ohio.gov/about/revenue-reports,OH/screenshots/OH_2023_12_OH_2023_sports_p1.png,"CLEVELAND CAVALIERS - CAESARS SPORTSBOOK 518,189 432,322 6 ,459 - 79,408 79,408",,2026-04-08T18:42:56.745418
OH,2023-11-01,2023-11-30,monthly,BELTERRA PARK - FANDUEL,FanDuel,FanDuel,Flutter Entertainment,retail,,72134100,4898100,,-4898100,,,,,0.06790269789184311,30,False,False,OH_2023_sports.pdf,,,,12,0,https://dam.assets.ohio.gov/image/upload/v1745842746/casinocontrol.ohio.gov/revenue-reports/December_2023_Sports_Gaming_Revenue_Report.pdf,https://casinocontrol.ohio.gov/about/revenue-reports,OH/screenshots/OH_2023_12_OH_2023_sports_p1.png,"BELTERRA PARK - FANDUEL 721,341 670,053 2 ,307 - 48,981 48,981",,2026-04-08T18:42:56.745418
OH,2023-11-01,2023-11-30,monthly,SCIOTO DOWNS - CAESARS SPORTSBOOK,Caesars Sportsbook,Caesars,Caesars Entertainment,online,,3844086700,129911200,,129911200,,,,,0.03379507543365242,30,False,False,OH_2023_sports.pdf,,,,12,0,https://dam.assets.ohio.gov/image/upload/v1745842746/casinocontrol.ohio.gov/revenue-reports/December_2023_Sports_Gaming_Revenue_Report.pdf,https://casinocontrol.ohio.gov/about/revenue-reports,OH/screenshots/OH_2023_12_OH_2023_sports_p1.png,"SCIOTO DOWNS - CAESARS SPORTSBOOK 3 8,440,867 36,986,312 155,443 510,133 1,299,112 1 ,299,112",,2026-04-08T18:42:56.745418
OH,2023-11-01,2023-11-30,monthly,MUIRFIELD VILLAGE GOLF CLUB - PARX INTERACTIVE,BetRivers (Gun Lake),BetRivers,Rush Street Interactive,online,,84338400,3100300,,50503100300,,,,,0.03676024207241304,30,False,False,OH_2023_sports.pdf,,,,12,0,https://dam.assets.ohio.gov/image/upload/v1745842746/casinocontrol.ohio.gov/revenue-reports/December_2023_Sports_Gaming_Revenue_Report.pdf,https://casinocontrol.ohio.gov/about/revenue-reports,OH/screenshots/OH_2023_12_OH_2023_sports_p1.png,"MUIRFIELD VILLAGE GOLF CLUB - PARX INTERACTIVE 843,384 810,624 1 ,757 8 5,050 31,003 31,003",,2026-04-08T18:42:56.745418
OH,2023-11-01,2023-11-30,monthly,MIAMI VALLEY GAMING AND RACING - MVGBET,MVGBet,MVGBet,Independent,online,,104941100,0,,,,,,,0.0,30,False,False,OH_2023_sports.pdf,,,,12,0,https://dam.assets.ohio.gov/image/upload/v1745842746/casinocontrol.ohio.gov/revenue-reports/December_2023_Sports_Gaming_Revenue_Report.pdf,https://casinocontrol.ohio.gov/about/revenue-reports,OH/screenshots/OH_2023_12_OH_2023_sports_p1.png,"MIAMI VALLEY GAMING AND RACING - MVGBET 1,049,411 1 ,092,835 1 ,782 3 1,377 ( 45,206) -",,2026-04-08T18:42:56.745418
OH,2023-11-01,2023-11-30,monthly,MGM NORTHFIELD PARK - BETMGM,BetMGM,BetMGM,Entain/MGM Resorts,online,,5005294100,333266300,,333266300,,,,,0.06658276084116616,30,False,False,OH_2023_sports.pdf,,,,12,0,https://dam.assets.ohio.gov/image/upload/v1745842746/casinocontrol.ohio.gov/revenue-reports/December_2023_Sports_Gaming_Revenue_Report.pdf,https://casinocontrol.ohio.gov/about/revenue-reports,OH/screenshots/OH_2023_12_OH_2023_sports_p1.png,"MGM NORTHFIELD PARK - BETMGM 5 0,052,941 46,355,156 365,122 2,598,255 3,332,663 3 ,332,663",,2026-04-08T18:42:56.745418
OH,2023-11-01,2023-11-30,monthly,JACK CLEVELAND (BETJACK),BetJACK,betJACK,JACK Entertainment,online,,411048800,27364100,,54627364100,,,,,0.0665714143916732,30,False,False,OH_2023_sports.pdf,,,,12,0,https://dam.assets.ohio.gov/image/upload/v1745842746/casinocontrol.ohio.gov/revenue-reports/December_2023_Sports_Gaming_Revenue_Report.pdf,https://casinocontrol.ohio.gov/about/revenue-reports,OH/screenshots/OH_2023_12_OH_2023_sports_p1.png,"JACK CLEVELAND (BETJACK) 4,110,488 3 ,833,651 3 ,196 5 0,546 2 73,641 273,641",,2026-04-08T18:42:56.745418
OH,2023-11-01,2023-11-30,monthly,HOLLYWOOD TOLEDO - DRAFTKINGS,DraftKings,DraftKings,DraftKings Inc,online,,27578972900,2251682800,,2251682800,,,,,0.08164491143903332,30,False,False,OH_2023_sports.pdf,,,,12,0,https://dam.assets.ohio.gov/image/upload/v1745842746/casinocontrol.ohio.gov/revenue-reports/December_2023_Sports_Gaming_Revenue_Report.pdf,https://casinocontrol.ohio.gov/about/revenue-reports,OH/screenshots/OH_2023_12_OH_2023_sports_p1.png,"HOLLYWOOD TOLEDO - DRAFTKINGS 275,789,729 252,834,957 437,944 1 0,532,839 22,516,828 22,516,828",,2026-04-08T18:42:56.745418
OH,2023-11-01,2023-11-30,monthly,"HOLLYWOOD GAMING AT DAYTON RACEWAY - RSI OH, LLC",BetRivers,BetRivers,Rush Street Interactive,online,,559833500,9622500,,9622500,,,,,0.017188146118444145,30,False,False,OH_2023_sports.pdf,,,,12,0,https://dam.assets.ohio.gov/image/upload/v1745842746/casinocontrol.ohio.gov/revenue-reports/December_2023_Sports_Gaming_Revenue_Report.pdf,https://casinocontrol.ohio.gov/about/revenue-reports,OH/screenshots/OH_2023_12_OH_2023_sports_p1.png,"HOLLYWOOD GAMING AT DAYTON RACEWAY - RSI OH, LLC 5,598,335 5 ,490,591 11,519 138,024 96,225 96,225",,2026-04-08T18:42:56.745418
OH,2023-11-01,2023-11-30,monthly,HOLLYWOOD COLUMBUS - PENN INTERACTIVE (ESPN BET),ESPN BET,ESPN Bet,PENN Entertainment,online,,7084893700,1198566700,,1198566700,,,,,0.16917215003522212,30,False,False,OH_2023_sports.pdf,,,,12,0,https://dam.assets.ohio.gov/image/upload/v1745842746/casinocontrol.ohio.gov/revenue-reports/December_2023_Sports_Gaming_Revenue_Report.pdf,https://casinocontrol.ohio.gov/about/revenue-reports,OH/screenshots/OH_2023_12_OH_2023_sports_p1.png,"HOLLYWOOD COLUMBUS - PENN INTERACTIVE (ESPN BET) 7 0,848,937 58,839,480 23,790 2 9,020,106 11,985,667 11,985,667",,2026-04-08T18:42:56.745418
OH,2023-11-01,2023-11-30,monthly,HOF VILLAGE - BETR,Betr,Betr,Betr,online,,51522500,6521900,,16206521900,,,,,0.12658353146683488,30,False,False,OH_2023_sports.pdf,,,,12,0,https://dam.assets.ohio.gov/image/upload/v1745842746/casinocontrol.ohio.gov/revenue-reports/December_2023_Sports_Gaming_Revenue_Report.pdf,https://casinocontrol.ohio.gov/about/revenue-reports,OH/screenshots/OH_2023_12_OH_2023_sports_p1.png,"HOF VILLAGE - BETR 515,225 445,321 4 ,685 5 1,620 65,219 65,219",,2026-04-08T18:42:56.745418
OH,2023-11-01,2023-11-30,monthly,FC CINCINNATI - SUPERBOOK,SuperBook,SuperBook,SuperBook Sports,retail,,0,0,,,,,,,,30,False,False,OH_2023_sports.pdf,,,,12,0,https://dam.assets.ohio.gov/image/upload/v1745842746/casinocontrol.ohio.gov/revenue-reports/December_2023_Sports_Gaming_Revenue_Report.pdf,https://casinocontrol.ohio.gov/about/revenue-reports,OH/screenshots/OH_2023_12_OH_2023_sports_p1.png,FC CINCINNATI - SUPERBOOK - 55 - - ( 55) -,,2026-04-08T18:42:56.745418
OH,2023-11-01,2023-11-30,monthly,HARD ROCK CINCINNATI - SEMINOLE HARD ROCK DIGITAL,Hard Rock Bet,Hard Rock Bet,Seminole Tribe / Hard Rock Digital,retail,,184883900,15554200,,-15554200,,,,,0.08412955373615551,30,False,False,OH_2023_sports.pdf,,,,12,0,https://dam.assets.ohio.gov/image/upload/v1745842746/casinocontrol.ohio.gov/revenue-reports/December_2023_Sports_Gaming_Revenue_Report.pdf,https://casinocontrol.ohio.gov/about/revenue-reports,OH/screenshots/OH_2023_12_OH_2023_sports_p1.png,"HARD ROCK CINCINNATI - SEMINOLE HARD ROCK DIGITAL 1,848,839 1 ,675,335 17,962 - 1 55,542 155,542",,2026-04-08T18:42:56.745418
OH,2023-11-01,2023-11-30,monthly,HOLLYWOOD COLUMBUS,Hollywood Columbus,ESPN Bet,PENN Entertainment,retail,,408613100,26826500,,-26826500,,,,,0.06565256963127222,30,False,False,OH_2023_sports.pdf,,,,12,0,https://dam.assets.ohio.gov/image/upload/v1745842746/casinocontrol.ohio.gov/revenue-reports/December_2023_Sports_Gaming_Revenue_Report.pdf,https://casinocontrol.ohio.gov/about/revenue-reports,OH/screenshots/OH_2023_12_OH_2023_sports_p1.png,"HOLLYWOOD COLUMBUS 4,086,131 3 ,809,040 8 ,826 - 2 68,265 268,265",,2026-04-08T18:42:56.745418
OH,2023-12-01,2023-12-31,monthly,BELTERRA PARK - BETWAY,Betway,Betway,Digital Gaming USA,online,,108728400,14054600,,14054600,,,,,0.12926337553022024,31,False,False,OH_2023_sports.pdf,,,,13,0,https://dam.assets.ohio.gov/image/upload/v1745842746/casinocontrol.ohio.gov/revenue-reports/December_2023_Sports_Gaming_Revenue_Report.pdf,https://casinocontrol.ohio.gov/about/revenue-reports,OH/screenshots/OH_2023_12_OH_2023_sports_p1.png,"BELTERRA PARK - BETWAY 1 ,087,284 9 38,084 8,654 4 1,865 140,546 1 40,546",,2026-04-08T18:42:56.745418
OH,2023-12-01,2023-12-31,monthly,COLUMBUS CREW SC - TIPICO,Tipico,Tipico,Tipico Group,online,,6307021500,48066600,,48066600,,,,,0.007621125122214979,31,False,False,OH_2023_sports.pdf,,,,13,0,https://dam.assets.ohio.gov/image/upload/v1745842746/casinocontrol.ohio.gov/revenue-reports/December_2023_Sports_Gaming_Revenue_Report.pdf,https://casinocontrol.ohio.gov/about/revenue-reports,OH/screenshots/OH_2023_12_OH_2023_sports_p1.png,"COLUMBUS CREW SC - TIPICO 6 ,307,021 5 ,780,149 46,206 489,603 480,666 4 80,666",,2026-04-08T18:42:56.745418
OH,2023-12-01,2023-12-31,monthly,CLEVELAND GUARDIANS - BET365,bet365,bet365,bet365 Group,online,,4731449600,454932400,,454932400,,,,,0.09615074416094382,31,False,False,OH_2023_sports.pdf,,,,13,0,https://dam.assets.ohio.gov/image/upload/v1745842746/casinocontrol.ohio.gov/revenue-reports/December_2023_Sports_Gaming_Revenue_Report.pdf,https://casinocontrol.ohio.gov/about/revenue-reports,OH/screenshots/OH_2023_12_OH_2023_sports_p1.png,"CLEVELAND GUARDIANS - BET365 4 7,314,496 40,402,244 2 ,362,928 4,011,483 4 ,549,324 4 ,549,324",,2026-04-08T18:42:56.745418
OH,2023-12-01,2023-12-31,monthly,CLEVELAND BROWNS - BALLY'S INTERACTIVE,Bally Bet,Bally Bet,Bally's Corporation,online,,1915400100,35786400,,35786400,,,,,0.01868351160679171,31,False,False,OH_2023_sports.pdf,,,,13,0,https://dam.assets.ohio.gov/image/upload/v1745842746/casinocontrol.ohio.gov/revenue-reports/December_2023_Sports_Gaming_Revenue_Report.pdf,https://casinocontrol.ohio.gov/about/revenue-reports,OH/screenshots/OH_2023_12_OH_2023_sports_p1.png,"CLEVELAND BROWNS - BALLY'S INTERACTIVE 1 ,915,400 1 ,534,160 23,376 507,475 357,864 3 57,864",,2026-04-08T18:42:56.745418
OH,2023-12-01,2023-12-31,monthly,CINCINNATI BENGALS - BETFRED SPORTS,Betfred,Betfred,Betfred Group,online,,75633200,2705500,,2705500,,,,,0.03577132793535114,31,False,False,OH_2023_sports.pdf,,,,13,0,https://dam.assets.ohio.gov/image/upload/v1745842746/casinocontrol.ohio.gov/revenue-reports/December_2023_Sports_Gaming_Revenue_Report.pdf,https://casinocontrol.ohio.gov/about/revenue-reports,OH/screenshots/OH_2023_12_OH_2023_sports_p1.png,"CINCINNATI BENGALS - BETFRED SPORTS 756,332 7 26,329 2,948 2 6,855 27,055 27,055",,2026-04-08T18:42:56.745418
OH,2023-12-01,2023-12-31,monthly,BELTERRA PARK - FANDUEL,FanDuel,FanDuel,Flutter Entertainment,online,,28900697600,3742569000,,3742569000,,,,,0.12949753157515478,31,False,False,OH_2023_sports.pdf,,,,13,0,https://dam.assets.ohio.gov/image/upload/v1745842746/casinocontrol.ohio.gov/revenue-reports/December_2023_Sports_Gaming_Revenue_Report.pdf,https://casinocontrol.ohio.gov/about/revenue-reports,OH/screenshots/OH_2023_12_OH_2023_sports_p1.png,"BELTERRA PARK - FANDUEL 289,006,976 250,966,017 6 15,269 7,079,871 37,425,690 37,425,690",,2026-04-08T18:42:56.745418
OH,2023-11-01,2023-11-30,monthly,SCIOTO DOWNS - CAESARS SPORTSBOOK,Caesars Sportsbook,Caesars,Caesars Entertainment,retail,,128302900,5875500,,-5875500,,,,,0.04579397659756716,30,False,False,OH_2023_sports.pdf,,,,12,0,https://dam.assets.ohio.gov/image/upload/v1745842746/casinocontrol.ohio.gov/revenue-reports/December_2023_Sports_Gaming_Revenue_Report.pdf,https://casinocontrol.ohio.gov/about/revenue-reports,OH/screenshots/OH_2023_12_OH_2023_sports_p1.png,"SCIOTO DOWNS - CAESARS SPORTSBOOK 1,283,029 1 ,221,213 3 ,061 - 58,755 58,755",,2026-04-08T18:42:56.745418
OH,2023-11-01,2023-11-30,monthly,HOLLYWOOD GAMING AT DAYTON RACEWAY,Hollywood Dayton,ESPN Bet,PENN Entertainment,retail,,215761500,0,,,,,,,0.0,30,False,False,OH_2023_sports.pdf,,,,12,0,https://dam.assets.ohio.gov/image/upload/v1745842746/casinocontrol.ohio.gov/revenue-reports/December_2023_Sports_Gaming_Revenue_Report.pdf,https://casinocontrol.ohio.gov/about/revenue-reports,OH/screenshots/OH_2023_12_OH_2023_sports_p1.png,"HOLLYWOOD GAMING AT DAYTON RACEWAY 2,157,615 2 ,209,139 1 ,405 - ( 52,929) -",,2026-04-08T18:42:56.745418
OH,2023-11-01,2023-11-30,monthly,MIAMI VALLEY GAMING AND RACING,MVGBet,MVGBet,Independent,retail,,75894200,0,,,,,,,0.0,30,False,False,OH_2023_sports.pdf,,,,12,0,https://dam.assets.ohio.gov/image/upload/v1745842746/casinocontrol.ohio.gov/revenue-reports/December_2023_Sports_Gaming_Revenue_Report.pdf,https://casinocontrol.ohio.gov/about/revenue-reports,OH/screenshots/OH_2023_12_OH_2023_sports_p1.png,"MIAMI VALLEY GAMING AND RACING 758,942 826,120 200 - ( 67,378) -",,2026-04-08T18:42:56.745418
OH,2023-11-01,2023-11-30,monthly,MGM NORTHFIELD PARK - BETMGM,BetMGM,BetMGM,Entain/MGM Resorts,retail,,215274800,19801800,,-19801800,,,,,0.09198382718274503,30,False,False,OH_2023_sports.pdf,,,,12,0,https://dam.assets.ohio.gov/image/upload/v1745842746/casinocontrol.ohio.gov/revenue-reports/December_2023_Sports_Gaming_Revenue_Report.pdf,https://casinocontrol.ohio.gov/about/revenue-reports,OH/screenshots/OH_2023_12_OH_2023_sports_p1.png,"MGM NORTHFIELD PARK - BETMGM 2,152,748 1 ,923,868 30,862 - 1 98,018 198,018",,2026-04-08T18:42:56.745418
OH,2023-11-01,2023-11-30,monthly,JACK THISTLEDOWN - BETJACK,betJACK,betJACK,JACK Entertainment,retail,,183147000,4361900,,-4361900,,,,,0.023816387928822205,30,False,False,OH_2023_sports.pdf,,,,12,0,https://dam.assets.ohio.gov/image/upload/v1745842746/casinocontrol.ohio.gov/revenue-reports/December_2023_Sports_Gaming_Revenue_Report.pdf,https://casinocontrol.ohio.gov/about/revenue-reports,OH/screenshots/OH_2023_12_OH_2023_sports_p1.png,"JACK THISTLEDOWN - BETJACK 1,831,470 1 ,783,640 4 ,211 - 43,619 43,619",,2026-04-08T18:42:56.745418
OH,2023-11-01,2023-11-30,monthly,JACK CLEVELAND - BETJACK,BetJACK,betJACK,JACK Entertainment,retail,,358850500,26269100,,-26269100,,,,,0.07320346495267528,30,False,False,OH_2023_sports.pdf,,,,12,0,https://dam.assets.ohio.gov/image/upload/v1745842746/casinocontrol.ohio.gov/revenue-reports/December_2023_Sports_Gaming_Revenue_Report.pdf,https://casinocontrol.ohio.gov/about/revenue-reports,OH/screenshots/OH_2023_12_OH_2023_sports_p1.png,"JACK CLEVELAND - BETJACK 3,588,505 3 ,310,697 15,117 - 2 62,691 262,691",,2026-04-08T18:42:56.745418
OH,2023-11-01,2023-11-30,monthly,HOLLYWOOD TOLEDO,Hollywood Toledo,ESPN Bet,PENN Entertainment,retail,,205733500,0,,,,,,,0.0,30,False,False,OH_2023_sports.pdf,,,,12,0,https://dam.assets.ohio.gov/image/upload/v1745842746/casinocontrol.ohio.gov/revenue-reports/December_2023_Sports_Gaming_Revenue_Report.pdf,https://casinocontrol.ohio.gov/about/revenue-reports,OH/screenshots/OH_2023_12_OH_2023_sports_p1.png,"HOLLYWOOD TOLEDO 2,057,335 2 ,122,018 6 ,906 - ( 71,589) -",,2026-04-08T18:42:56.745418
OH,2023-11-01,2023-11-30,monthly,HOLLYWOOD GAMING AT MAHONING VALLEY,Hollywood Mahoning Valley,ESPN Bet,PENN Entertainment,retail,,150782200,9347800,,-9347800,,,,,0.061995381417700494,30,False,False,OH_2023_sports.pdf,,,,12,0,https://dam.assets.ohio.gov/image/upload/v1745842746/casinocontrol.ohio.gov/revenue-reports/December_2023_Sports_Gaming_Revenue_Report.pdf,https://casinocontrol.ohio.gov/about/revenue-reports,OH/screenshots/OH_2023_12_OH_2023_sports_p1.png,"HOLLYWOOD GAMING AT MAHONING VALLEY 1,507,822 1 ,408,475 5 ,869 - 93,478 93,478",,2026-04-08T18:42:56.745418
OH,2023-11-01,2023-11-30,monthly,HARD ROCK CINCINNATI - SEMINOLE HARD ROCK DIGITAL,Hard Rock Bet,Hard Rock Bet,Seminole Tribe / Hard Rock Digital,online,,799984400,40264100,,40264100,,,,,0.0503311064565759,30,False,False,OH_2023_sports.pdf,,,,12,0,https://dam.assets.ohio.gov/image/upload/v1745842746/casinocontrol.ohio.gov/revenue-reports/December_2023_Sports_Gaming_Revenue_Report.pdf,https://casinocontrol.ohio.gov/about/revenue-reports,OH/screenshots/OH_2023_12_OH_2023_sports_p1.png,"HARD ROCK CINCINNATI - SEMINOLE HARD ROCK DIGITAL 7,999,844 7 ,553,074 44,129 109,780 4 02,641 402,641",,2026-04-08T18:42:56.745418
OH,2023-11-01,2023-11-30,monthly,FC CINCINNATI - SUPERBOOK,SuperBook,SuperBook,SuperBook Sports,online,,51735400,0,,,,,,,0.0,30,False,False,OH_2023_sports.pdf,,,,12,0,https://dam.assets.ohio.gov/image/upload/v1745842746/casinocontrol.ohio.gov/revenue-reports/December_2023_Sports_Gaming_Revenue_Report.pdf,https://casinocontrol.ohio.gov/about/revenue-reports,OH/screenshots/OH_2023_12_OH_2023_sports_p1.png,"FC CINCINNATI - SUPERBOOK 517,354 543,583 4 ,907 1 1,738 ( 31,136) -",,2026-04-08T18:42:56.745418
OH,2023-12-01,2023-12-31,monthly,"GENEVA SPORTS, LLC - PRIME SPORTS",Prime Sports,Prime Sports,Independent,online,,4457367400,14027700,,14027700,,,,,0.0031470818402808795,31,False,False,OH_2023_sports.pdf,,,,13,0,https://dam.assets.ohio.gov/image/upload/v1745842746/casinocontrol.ohio.gov/revenue-reports/December_2023_Sports_Gaming_Revenue_Report.pdf,https://casinocontrol.ohio.gov/about/revenue-reports,OH/screenshots/OH_2023_12_OH_2023_sports_p1.png,"GENEVA SPORTS, LLC - PRIME SPORTS 4 ,457,367 4 ,215,555 1 01,535 5 0,000 140,277 1 40,277",,2026-04-08T18:42:56.745418
OH,2023-11-01,2023-11-30,monthly,COLUMBUS CREW SC - TIPICO,Tipico,Tipico,Tipico Group,online,,670259800,50332900,,50332900,,,,,0.07509461256664952,30,False,False,OH_2023_sports.pdf,,,,12,0,https://dam.assets.ohio.gov/image/upload/v1745842746/casinocontrol.ohio.gov/revenue-reports/December_2023_Sports_Gaming_Revenue_Report.pdf,https://casinocontrol.ohio.gov/about/revenue-reports,OH/screenshots/OH_2023_12_OH_2023_sports_p1.png,"COLUMBUS CREW SC - TIPICO 6,702,598 6 ,156,521 42,748 601,446 5 03,329 503,329",,2026-04-08T18:42:56.745418
OH,2023-10-01,2023-10-31,monthly,CLEVELAND CAVALIERS - CAESARS SPORTSBOOK,Caesars,Caesars,Caesars Entertainment,retail,,63408900,0,,,,,,,0.0,31,False,False,OH_2023_sports.pdf,,,,11,0,https://dam.assets.ohio.gov/image/upload/v1745842746/casinocontrol.ohio.gov/revenue-reports/December_2023_Sports_Gaming_Revenue_Report.pdf,https://casinocontrol.ohio.gov/about/revenue-reports,OH/screenshots/OH_2023_12_OH_2023_sports_p1.png,"CLEVELAND CAVALIERS - CAESARS SPORTSBOOK 634,089 734,593 6 ,100 - (106,604) -",,2026-04-08T18:42:56.745418
OH,2023-10-01,2023-10-31,monthly,BELTERRA PARK - FANDUEL,FanDuel,FanDuel,Flutter Entertainment,retail,,48166000,2368100,,-2368100,,,,,0.04916538637212972,31,False,False,OH_2023_sports.pdf,,,,11,0,https://dam.assets.ohio.gov/image/upload/v1745842746/casinocontrol.ohio.gov/revenue-reports/December_2023_Sports_Gaming_Revenue_Report.pdf,https://casinocontrol.ohio.gov/about/revenue-reports,OH/screenshots/OH_2023_12_OH_2023_sports_p1.png,"BELTERRA PARK - FANDUEL 481,660 455,997 1 ,982 - 23,681 23,681",,2026-04-08T18:42:56.745418
OH,2023-10-01,2023-10-31,monthly,SCIOTO DOWNS - CAESARS SPORTSBOOK,Caesars Sportsbook,Caesars,Caesars Entertainment,online,,3546230500,233261600,,233261600,,,,,0.06577733737273987,31,False,False,OH_2023_sports.pdf,,,,11,0,https://dam.assets.ohio.gov/image/upload/v1745842746/casinocontrol.ohio.gov/revenue-reports/December_2023_Sports_Gaming_Revenue_Report.pdf,https://casinocontrol.ohio.gov/about/revenue-reports,OH/screenshots/OH_2023_12_OH_2023_sports_p1.png,"SCIOTO DOWNS - CAESARS SPORTSBOOK 3 5,462,305 32,927,723 201,966 606,154 2,332,616 2 ,332,616",,2026-04-08T18:42:56.745418
OH,2023-10-01,2023-10-31,monthly,MUIRFIELD VILLAGE GOLF CLUB - PARX INTERACTIVE,BetRivers (Gun Lake),BetRivers,Rush Street Interactive,online,,151499000,6433500,,6433500,,,,,0.0424656268358207,31,False,False,OH_2023_sports.pdf,,,,11,0,https://dam.assets.ohio.gov/image/upload/v1745842746/casinocontrol.ohio.gov/revenue-reports/December_2023_Sports_Gaming_Revenue_Report.pdf,https://casinocontrol.ohio.gov/about/revenue-reports,OH/screenshots/OH_2023_12_OH_2023_sports_p1.png,"MUIRFIELD VILLAGE GOLF CLUB - PARX INTERACTIVE 1,514,990 1 ,449,665 990 105,789 64,335 64,335",,2026-04-08T18:42:56.745418
OH,2023-10-01,2023-10-31,monthly,MIAMI VALLEY GAMING AND RACING - MVGBET,MVGBet,MVGBet,Independent,online,,106143700,0,,,,,,,0.0,31,False,False,OH_2023_sports.pdf,,,,11,0,https://dam.assets.ohio.gov/image/upload/v1745842746/casinocontrol.ohio.gov/revenue-reports/December_2023_Sports_Gaming_Revenue_Report.pdf,https://casinocontrol.ohio.gov/about/revenue-reports,OH/screenshots/OH_2023_12_OH_2023_sports_p1.png,"MIAMI VALLEY GAMING AND RACING - MVGBET 1,061,437 1 ,067,464 8 ,939 4 8,024 ( 14,966) -",,2026-04-08T18:42:56.745418
OH,2023-10-01,2023-10-31,monthly,MGM NORTHFIELD PARK - BETMGM,BetMGM,BetMGM,Entain/MGM Resorts,online,,4544489200,567740800,,567740800,,,,,0.12492950802919721,31,False,False,OH_2023_sports.pdf,,,,11,0,https://dam.assets.ohio.gov/image/upload/v1745842746/casinocontrol.ohio.gov/revenue-reports/December_2023_Sports_Gaming_Revenue_Report.pdf,https://casinocontrol.ohio.gov/about/revenue-reports,OH/screenshots/OH_2023_12_OH_2023_sports_p1.png,"MGM NORTHFIELD PARK - BETMGM 4 5,444,892 39,323,716 443,768 3,031,801 5,677,408 5 ,677,408",,2026-04-08T18:42:56.745418
OH,2023-10-01,2023-10-31,monthly,JACK CLEVELAND (BETJACK),BetJACK,betJACK,JACK Entertainment,online,,427598300,43433300,,882043433300,,,,,0.10157500626171806,31,False,False,OH_2023_sports.pdf,,,,11,0,https://dam.assets.ohio.gov/image/upload/v1745842746/casinocontrol.ohio.gov/revenue-reports/December_2023_Sports_Gaming_Revenue_Report.pdf,https://casinocontrol.ohio.gov/about/revenue-reports,OH/screenshots/OH_2023_12_OH_2023_sports_p1.png,"JACK CLEVELAND (BETJACK) 4,275,983 3 ,838,686 2 ,964 6 8,820 4 34,333 434,333",,2026-04-08T18:42:56.745418
OH,2023-10-01,2023-10-31,monthly,HOLLYWOOD TOLEDO - DRAFTKINGS,DraftKings,DraftKings,DraftKings Inc,online,,25870395500,2860577900,,2860577900,,,,,0.11057341199132421,31,False,False,OH_2023_sports.pdf,,,,11,0,https://dam.assets.ohio.gov/image/upload/v1745842746/casinocontrol.ohio.gov/revenue-reports/December_2023_Sports_Gaming_Revenue_Report.pdf,https://casinocontrol.ohio.gov/about/revenue-reports,OH/screenshots/OH_2023_12_OH_2023_sports_p1.png,"HOLLYWOOD TOLEDO - DRAFTKINGS 258,703,955 229,441,040 657,136 1 3,004,275 28,605,779 28,605,779",,2026-04-08T18:42:56.745418
OH,2023-10-01,2023-10-31,monthly,HOLLYWOOD MAHONING VALLEY - POINTSBET OHIO,Fanatics,Fanatics,Fanatics Inc,online,,425694600,38316400,,38316400,,,,,0.0900091286100411,31,False,False,OH_2023_sports.pdf,,,,11,0,https://dam.assets.ohio.gov/image/upload/v1745842746/casinocontrol.ohio.gov/revenue-reports/December_2023_Sports_Gaming_Revenue_Report.pdf,https://casinocontrol.ohio.gov/about/revenue-reports,OH/screenshots/OH_2023_12_OH_2023_sports_p1.png,"HOLLYWOOD MAHONING VALLEY - POINTSBET OHIO 4,256,946 3 ,836,840 36,942 359,924 3 83,164 383,164",,2026-04-08T18:42:56.745418
OH,2023-10-01,2023-10-31,monthly,"HOLLYWOOD GAMING AT DAYTON RACEWAY - RSI OH, LLC",BetRivers,BetRivers,Rush Street Interactive,online,,474064400,26178400,,26178400,,,,,0.055221189357395326,31,False,False,OH_2023_sports.pdf,,,,11,0,https://dam.assets.ohio.gov/image/upload/v1745842746/casinocontrol.ohio.gov/revenue-reports/December_2023_Sports_Gaming_Revenue_Report.pdf,https://casinocontrol.ohio.gov/about/revenue-reports,OH/screenshots/OH_2023_12_OH_2023_sports_p1.png,"HOLLYWOOD GAMING AT DAYTON RACEWAY - RSI OH, LLC 4,740,644 4 ,471,848 7 ,012 132,121 2 61,784 261,784",,2026-04-08T18:42:56.745418
OH,2023-10-01,2023-10-31,monthly,HOLLYWOOD COLUMBUS - PENN INTERACTIVE (ESPN BET),ESPN BET,ESPN Bet,PENN Entertainment,online,,1983879600,163332100,,163332100,,,,,0.0823296433916655,31,False,False,OH_2023_sports.pdf,,,,11,0,https://dam.assets.ohio.gov/image/upload/v1745842746/casinocontrol.ohio.gov/revenue-reports/December_2023_Sports_Gaming_Revenue_Report.pdf,https://casinocontrol.ohio.gov/about/revenue-reports,OH/screenshots/OH_2023_12_OH_2023_sports_p1.png,"HOLLYWOOD COLUMBUS - PENN INTERACTIVE (ESPN BET) 1 9,838,796 18,205,475 - 236,216 1,633,321 1 ,633,321",,2026-04-08T18:42:56.745418
OH,2023-10-01,2023-10-31,monthly,HOF VILLAGE - BETR,Betr,Betr,Betr,online,,43048000,0,,,,,,,0.0,31,False,False,OH_2023_sports.pdf,,,,11,0,https://dam.assets.ohio.gov/image/upload/v1745842746/casinocontrol.ohio.gov/revenue-reports/December_2023_Sports_Gaming_Revenue_Report.pdf,https://casinocontrol.ohio.gov/about/revenue-reports,OH/screenshots/OH_2023_12_OH_2023_sports_p1.png,"HOF VILLAGE - BETR 430,480 429,703 5 ,457 4 5,063 (4,680) -",,2026-04-08T18:42:56.745418
OH,2023-10-01,2023-10-31,monthly,HARD ROCK CINCINNATI - SEMINOLE HARD ROCK DIGITAL,Hard Rock Bet,Hard Rock Bet,Seminole Tribe / Hard Rock Digital,online,,815034300,58792800,,58792800,,,,,0.07213536902680047,31,False,False,OH_2023_sports.pdf,,,,11,0,https://dam.assets.ohio.gov/image/upload/v1745842746/casinocontrol.ohio.gov/revenue-reports/December_2023_Sports_Gaming_Revenue_Report.pdf,https://casinocontrol.ohio.gov/about/revenue-reports,OH/screenshots/OH_2023_12_OH_2023_sports_p1.png,"HARD ROCK CINCINNATI - SEMINOLE HARD ROCK DIGITAL 8,150,343 7 ,508,553 53,862 227,501 5 87,928 587,928",,2026-04-08T18:42:56.745418
OH,2023-10-01,2023-10-31,monthly,COLUMBUS BLUE JACKETS - FANATICS,Fanatics,Fanatics,Fanatics Inc,retail,,54630700,0,,,,,,,0.0,31,False,False,OH_2023_sports.pdf,,,,11,0,https://dam.assets.ohio.gov/image/upload/v1745842746/casinocontrol.ohio.gov/revenue-reports/December_2023_Sports_Gaming_Revenue_Report.pdf,https://casinocontrol.ohio.gov/about/revenue-reports,OH/screenshots/OH_2023_12_OH_2023_sports_p1.png,"COLUMBUS BLUE JACKETS - FANATICS 546,307 760,411 398 - (214,502) -",,2026-04-08T18:42:56.745418
OH,2023-10-01,2023-10-31,monthly,FC CINCINNATI - SUPERBOOK,SuperBook,SuperBook,SuperBook Sports,retail,,0,0,,,,,,,,31,False,False,OH_2023_sports.pdf,,,,11,0,https://dam.assets.ohio.gov/image/upload/v1745842746/casinocontrol.ohio.gov/revenue-reports/December_2023_Sports_Gaming_Revenue_Report.pdf,https://casinocontrol.ohio.gov/about/revenue-reports,OH/screenshots/OH_2023_12_OH_2023_sports_p1.png,FC CINCINNATI - SUPERBOOK - 91 - - ( 91) -,,2026-04-08T18:42:56.745418
OH,2023-10-01,2023-10-31,monthly,HARD ROCK CINCINNATI - SEMINOLE HARD ROCK DIGITAL,Hard Rock Bet,Hard Rock Bet,Seminole Tribe / Hard Rock Digital,retail,,183118900,19145400,,-19145400,,,,,0.10455174206485512,31,False,False,OH_2023_sports.pdf,,,,11,0,https://dam.assets.ohio.gov/image/upload/v1745842746/casinocontrol.ohio.gov/revenue-reports/December_2023_Sports_Gaming_Revenue_Report.pdf,https://casinocontrol.ohio.gov/about/revenue-reports,OH/screenshots/OH_2023_12_OH_2023_sports_p1.png,"HARD ROCK CINCINNATI - SEMINOLE HARD ROCK DIGITAL 1,831,189 1 ,588,919 50,816 - 1 91,454 191,454",,2026-04-08T18:42:56.745418
OH,2023-10-01,2023-10-31,monthly,SCIOTO DOWNS - CAESARS SPORTSBOOK,Caesars Sportsbook,Caesars,Caesars Entertainment,retail,,87361700,4854300,,-4854300,,,,,0.0555655395900034,31,False,False,OH_2023_sports.pdf,,,,11,0,https://dam.assets.ohio.gov/image/upload/v1745842746/casinocontrol.ohio.gov/revenue-reports/December_2023_Sports_Gaming_Revenue_Report.pdf,https://casinocontrol.ohio.gov/about/revenue-reports,OH/screenshots/OH_2023_12_OH_2023_sports_p1.png,"SCIOTO DOWNS - CAESARS SPORTSBOOK 873,617 822,519 2 ,555 - 48,543 48,543",,2026-04-08T18:42:56.745418
OH,2023-11-01,2023-11-30,monthly,COLUMBUS BLUE JACKETS - FANATICS,Fanatics,Fanatics,Fanatics Inc,online,,2548325200,112686900,,112686900,,,,,0.0442199841684256,30,False,False,OH_2023_sports.pdf,,,,12,0,https://dam.assets.ohio.gov/image/upload/v1745842746/casinocontrol.ohio.gov/revenue-reports/December_2023_Sports_Gaming_Revenue_Report.pdf,https://casinocontrol.ohio.gov/about/revenue-reports,OH/screenshots/OH_2023_12_OH_2023_sports_p1.png,"COLUMBUS BLUE JACKETS - FANATICS 2 5,483,252 24,315,165 41,218 2,317,187 1,126,869 1 ,126,869",,2026-04-08T18:42:56.745418
OH,2023-11-01,2023-11-30,monthly,CLEVELAND GUARDIANS - BET365,bet365,bet365,bet365 Group,online,,4537596000,374700200,,374700200,,,,,0.08257680939422549,30,False,False,OH_2023_sports.pdf,,,,12,0,https://dam.assets.ohio.gov/image/upload/v1745842746/casinocontrol.ohio.gov/revenue-reports/December_2023_Sports_Gaming_Revenue_Report.pdf,https://casinocontrol.ohio.gov/about/revenue-reports,OH/screenshots/OH_2023_12_OH_2023_sports_p1.png,"CLEVELAND GUARDIANS - BET365 4 5,375,960 39,508,146 2 ,120,812 3,393,907 3,747,002 3 ,747,002",,2026-04-08T18:42:56.745418
OH,2023-11-01,2023-11-30,monthly,CLEVELAND BROWNS - BALLY'S INTERACTIVE,Bally Bet,Bally Bet,Bally's Corporation,online,,228179200,26163300,,26163300,,,,,0.1146611961125291,30,False,False,OH_2023_sports.pdf,,,,12,0,https://dam.assets.ohio.gov/image/upload/v1745842746/casinocontrol.ohio.gov/revenue-reports/December_2023_Sports_Gaming_Revenue_Report.pdf,https://casinocontrol.ohio.gov/about/revenue-reports,OH/screenshots/OH_2023_12_OH_2023_sports_p1.png,"CLEVELAND BROWNS - BALLY'S INTERACTIVE 2,281,792 1 ,994,154 26,005 365,884 2 61,633 261,633",,2026-04-08T18:42:56.745418
OH,2023-11-01,2023-11-30,monthly,CINCINNATI BENGALS - BETFRED SPORTS,Betfred,Betfred,Betfred Group,online,,142289400,6512200,,26286512200,,,,,0.04576728835738994,30,False,False,OH_2023_sports.pdf,,,,12,0,https://dam.assets.ohio.gov/image/upload/v1745842746/casinocontrol.ohio.gov/revenue-reports/December_2023_Sports_Gaming_Revenue_Report.pdf,https://casinocontrol.ohio.gov/about/revenue-reports,OH/screenshots/OH_2023_12_OH_2023_sports_p1.png,"CINCINNATI BENGALS - BETFRED SPORTS 1,422,894 1 ,353,843 3 ,929 5 2,628 65,122 65,122",,2026-04-08T18:42:56.745418
OH,2023-11-01,2023-11-30,monthly,BELTERRA PARK - FANDUEL,FanDuel,FanDuel,Flutter Entertainment,online,,29325186900,2098482200,,2098482200,,,,,0.07155903923667746,30,False,False,OH_2023_sports.pdf,,,,12,0,https://dam.assets.ohio.gov/image/upload/v1745842746/casinocontrol.ohio.gov/revenue-reports/December_2023_Sports_Gaming_Revenue_Report.pdf,https://casinocontrol.ohio.gov/about/revenue-reports,OH/screenshots/OH_2023_12_OH_2023_sports_p1.png,"BELTERRA PARK - FANDUEL 293,251,869 271,649,137 617,910 8,985,392 20,984,822 20,984,822",,2026-04-08T18:42:56.745418
OH,2023-11-01,2023-11-30,monthly,BELTERRA PARK - BETWAY,Betway,Betway,Digital Gaming USA,online,,69100300,7236100,,21757236100,,,,,0.10471879282723809,30,False,False,OH_2023_sports.pdf,,,,12,0,https://dam.assets.ohio.gov/image/upload/v1745842746/casinocontrol.ohio.gov/revenue-reports/December_2023_Sports_Gaming_Revenue_Report.pdf,https://casinocontrol.ohio.gov/about/revenue-reports,OH/screenshots/OH_2023_12_OH_2023_sports_p1.png,"BELTERRA PARK - BETWAY 691,003 613,471 5 ,171 4 2,175 72,361 72,361",,2026-04-08T18:42:56.745418
OH,2023-10-01,2023-10-31,monthly,MIAMI VALLEY GAMING AND RACING,MVGBet,MVGBet,Independent,retail,,80490500,7228500,,-7228500,,,,,0.08980562923574832,31,False,False,OH_2023_sports.pdf,,,,11,0,https://dam.assets.ohio.gov/image/upload/v1745842746/casinocontrol.ohio.gov/revenue-reports/December_2023_Sports_Gaming_Revenue_Report.pdf,https://casinocontrol.ohio.gov/about/revenue-reports,OH/screenshots/OH_2023_12_OH_2023_sports_p1.png,"MIAMI VALLEY GAMING AND RACING 804,905 729,195 3 ,425 - 72,285 72,285",,2026-04-08T18:42:56.745418
OH,2023-10-01,2023-10-31,monthly,HOLLYWOOD COLUMBUS,Hollywood Columbus,ESPN Bet,PENN Entertainment,retail,,422504000,57872000,,-57872000,,,,,0.1369738511351372,31,False,False,OH_2023_sports.pdf,,,,11,0,https://dam.assets.ohio.gov/image/upload/v1745842746/casinocontrol.ohio.gov/revenue-reports/December_2023_Sports_Gaming_Revenue_Report.pdf,https://casinocontrol.ohio.gov/about/revenue-reports,OH/screenshots/OH_2023_12_OH_2023_sports_p1.png,"HOLLYWOOD COLUMBUS 4,225,040 3 ,643,005 3 ,315 - 5 78,720 578,720",,2026-04-08T18:42:56.745418
OH,2023-10-01,2023-10-31,monthly,MGM NORTHFIELD PARK - BETMGM,BetMGM,BetMGM,Entain/MGM Resorts,retail,,259830500,32647000,,-32647000,,,,,0.125647296987844,31,False,False,OH_2023_sports.pdf,,,,11,0,https://dam.assets.ohio.gov/image/upload/v1745842746/casinocontrol.ohio.gov/revenue-reports/December_2023_Sports_Gaming_Revenue_Report.pdf,https://casinocontrol.ohio.gov/about/revenue-reports,OH/screenshots/OH_2023_12_OH_2023_sports_p1.png,"MGM NORTHFIELD PARK - BETMGM 2,598,305 2 ,243,494 28,341 - 3 26,470 326,470",,2026-04-08T18:42:56.745418
OH,2023-10-01,2023-10-31,monthly,JACK THISTLEDOWN - BETJACK,betJACK,betJACK,JACK Entertainment,retail,,201350000,24083000,,-24083000,,,,,0.11960764837347902,31,False,False,OH_2023_sports.pdf,,,,11,0,https://dam.assets.ohio.gov/image/upload/v1745842746/casinocontrol.ohio.gov/revenue-reports/December_2023_Sports_Gaming_Revenue_Report.pdf,https://casinocontrol.ohio.gov/about/revenue-reports,OH/screenshots/OH_2023_12_OH_2023_sports_p1.png,"JACK THISTLEDOWN - BETJACK 2,013,500 1 ,764,760 7 ,910 - 2 40,830 240,830",,2026-04-08T18:42:56.745418
OH,2023-10-01,2023-10-31,monthly,JACK CLEVELAND - BETJACK,BetJACK,betJACK,JACK Entertainment,retail,,286231200,34400300,,9034400300,,,,,0.12018361380590237,31,False,False,OH_2023_sports.pdf,,,,11,0,https://dam.assets.ohio.gov/image/upload/v1745842746/casinocontrol.ohio.gov/revenue-reports/December_2023_Sports_Gaming_Revenue_Report.pdf,https://casinocontrol.ohio.gov/about/revenue-reports,OH/screenshots/OH_2023_12_OH_2023_sports_p1.png,"JACK CLEVELAND - BETJACK 2,862,312 2 ,499,099 19,210 9 0 3 44,003 344,003",,2026-04-08T18:42:56.745418
OH,2023-10-01,2023-10-31,monthly,HOLLYWOOD TOLEDO,Hollywood Toledo,ESPN Bet,PENN Entertainment,retail,,199884100,30596800,,-30596800,,,,,0.15307270563291428,31,False,False,OH_2023_sports.pdf,,,,11,0,https://dam.assets.ohio.gov/image/upload/v1745842746/casinocontrol.ohio.gov/revenue-reports/December_2023_Sports_Gaming_Revenue_Report.pdf,https://casinocontrol.ohio.gov/about/revenue-reports,OH/screenshots/OH_2023_12_OH_2023_sports_p1.png,"HOLLYWOOD TOLEDO 1,998,841 1 ,684,433 8 ,440 - 3 05,968 305,968",,2026-04-08T18:42:56.745418
OH,2023-10-01,2023-10-31,monthly,HOLLYWOOD GAMING AT MAHONING VALLEY,Hollywood Mahoning Valley,ESPN Bet,PENN Entertainment,retail,,127234200,12890500,,-12890500,,,,,0.1013131689435702,31,False,False,OH_2023_sports.pdf,,,,11,0,https://dam.assets.ohio.gov/image/upload/v1745842746/casinocontrol.ohio.gov/revenue-reports/December_2023_Sports_Gaming_Revenue_Report.pdf,https://casinocontrol.ohio.gov/about/revenue-reports,OH/screenshots/OH_2023_12_OH_2023_sports_p1.png,"HOLLYWOOD GAMING AT MAHONING VALLEY 1,272,342 1 ,124,975 18,462 - 1 28,905 128,905",,2026-04-08T18:42:56.745418
OH,2023-10-01,2023-10-31,monthly,HOLLYWOOD GAMING AT DAYTON RACEWAY,Hollywood Dayton,ESPN Bet,PENN Entertainment,retail,,186349200,15390000,,-15390000,,,,,0.08258688526701483,31,False,False,OH_2023_sports.pdf,,,,11,0,https://dam.assets.ohio.gov/image/upload/v1745842746/casinocontrol.ohio.gov/revenue-reports/December_2023_Sports_Gaming_Revenue_Report.pdf,https://casinocontrol.ohio.gov/about/revenue-reports,OH/screenshots/OH_2023_12_OH_2023_sports_p1.png,"HOLLYWOOD GAMING AT DAYTON RACEWAY 1,863,492 1 ,707,451 2 ,141 - 1 53,900 153,900",,2026-04-08T18:42:56.745418
OH,2023-12-01,2023-12-31,monthly,FC CINCINNATI - SUPERBOOK,SuperBook,SuperBook,SuperBook Sports,online,,61482300,0,,-67400,,,,,0.0,31,False,False,OH_2023_sports.pdf,,,,13,0,https://dam.assets.ohio.gov/image/upload/v1745842746/casinocontrol.ohio.gov/revenue-reports/December_2023_Sports_Gaming_Revenue_Report.pdf,https://casinocontrol.ohio.gov/about/revenue-reports,OH/screenshots/OH_2023_12_OH_2023_sports_p1.png,"FC CINCINNATI - SUPERBOOK 614,823 6 12,828 2,669 1 2,474 (674) -",,2026-04-08T18:42:56.745418
OH,2023-12-01,2023-12-31,monthly,HARD ROCK CINCINNATI - SEMINOLE HARD ROCK DIGITAL,Hard Rock Bet,Hard Rock Bet,Seminole Tribe / Hard Rock Digital,online,,7504935700,39213100,,39213100,,,,,0.005224974812242562,31,False,False,OH_2023_sports.pdf,,,,13,0,https://dam.assets.ohio.gov/image/upload/v1745842746/casinocontrol.ohio.gov/revenue-reports/December_2023_Sports_Gaming_Revenue_Report.pdf,https://casinocontrol.ohio.gov/about/revenue-reports,OH/screenshots/OH_2023_12_OH_2023_sports_p1.png,"HARD ROCK CINCINNATI - SEMINOLE HARD ROCK DIGITAL 7 ,504,935 7 ,052,636 60,168 154,903 392,131 3 92,131",,2026-04-08T18:42:56.745418
OH,2024-02-01,2024-02-29,monthly,FC CINCINNATI - SUPERBOOK,SuperBook,SuperBook,SuperBook Sports,online,,59137400,0,,-810900,,,,,0.0,29,False,False,OH_2024_sports.pdf,,,,3,0,https://dam.assets.ohio.gov/image/upload/v1732715535/casinocontrol.ohio.gov/revenue-reports/2024/2024_Sports_Gaming_Revenue_Report.pdf.pdf,https://casinocontrol.ohio.gov/about/revenue-reports,OH/screenshots/OH_2024_12_OH_2024_sports_p1.png,"FC CINCINNATI - SUPERBOOK 591,374 5 96,728 2,755 9 ,418 (8,109) -",,2026-04-08T18:42:59.510896
OH,2024-01-01,2024-01-31,monthly,HARD ROCK CINCINNATI - SEMINOLE HARD ROCK DIGITAL,Hard Rock Bet,Hard Rock Bet,Seminole Tribe / Hard Rock Digital,online,,11009384900,88311300,,88311300,,,,,0.008021456312241385,31,False,False,OH_2024_sports.pdf,,,,2,0,https://dam.assets.ohio.gov/image/upload/v1732715535/casinocontrol.ohio.gov/revenue-reports/2024/2024_Sports_Gaming_Revenue_Report.pdf.pdf,https://casinocontrol.ohio.gov/about/revenue-reports,OH/screenshots/OH_2024_12_OH_2024_sports_p1.png,"HARD ROCK CINCINNATI - SEMINOLE HARD ROCK DIGITAL 1 1,009,384 9 ,945,365 1 80,906 215,285 883,113 8 83,113",,2026-04-08T18:42:59.510896
OH,2024-01-01,2024-01-31,monthly,CLEVELAND GUARDIANS - FANATICS,Fanatics,Fanatics,Fanatics Inc,retail,,2514200,0,,-1395500,,,,,0.0,31,False,False,OH_2024_sports.pdf,,,,2,0,https://dam.assets.ohio.gov/image/upload/v1732715535/casinocontrol.ohio.gov/revenue-reports/2024/2024_Sports_Gaming_Revenue_Report.pdf.pdf,https://casinocontrol.ohio.gov/about/revenue-reports,OH/screenshots/OH_2024_12_OH_2024_sports_p1.png,"CLEVELAND GUARDIANS - FANATICS 2 5,142 39,097 - - (13,955) -",,2026-04-08T18:42:59.510896
OH,2024-01-01,2024-01-31,monthly,CLEVELAND CAVALIERS - CAESARS SPORTSBOOK,Caesars,Caesars,Caesars Entertainment,retail,,25907800,7011700,,7011700,,,,,0.2706405020881742,31,False,False,OH_2024_sports.pdf,,,,2,0,https://dam.assets.ohio.gov/image/upload/v1732715535/casinocontrol.ohio.gov/revenue-reports/2024/2024_Sports_Gaming_Revenue_Report.pdf.pdf,https://casinocontrol.ohio.gov/about/revenue-reports,OH/screenshots/OH_2024_12_OH_2024_sports_p1.png,"CLEVELAND CAVALIERS - CAESARS SPORTSBOOK 259,078 1 87,061 1,900 - 70,117 70,117",,2026-04-08T18:42:59.510896
OH,2024-01-01,2024-01-31,monthly,CLEVELAND BROWNS - BALLY'S INTERACTIVE,Bally Bet,Bally Bet,Bally's Corporation,retail,,0,0,,0,,,,,,31,False,False,OH_2024_sports.pdf,,,,2,0,https://dam.assets.ohio.gov/image/upload/v1732715535/casinocontrol.ohio.gov/revenue-reports/2024/2024_Sports_Gaming_Revenue_Report.pdf.pdf,https://casinocontrol.ohio.gov/about/revenue-reports,OH/screenshots/OH_2024_12_OH_2024_sports_p1.png,CLEVELAND BROWNS - BALLY'S INTERACTIVE - - - - - -,,2026-04-08T18:42:59.510896
OH,2024-01-01,2024-01-31,monthly,BELTERRA PARK - FANDUEL,FanDuel,FanDuel,Flutter Entertainment,retail,,57526000,5163900,,5163900,,,,,0.08976636651253346,31,False,False,OH_2024_sports.pdf,,,,2,0,https://dam.assets.ohio.gov/image/upload/v1732715535/casinocontrol.ohio.gov/revenue-reports/2024/2024_Sports_Gaming_Revenue_Report.pdf.pdf,https://casinocontrol.ohio.gov/about/revenue-reports,OH/screenshots/OH_2024_12_OH_2024_sports_p1.png,"BELTERRA PARK - FANDUEL 575,260 5 21,890 1,731 - 51,639 51,639",,2026-04-08T18:42:59.510896
OH,2024-01-01,2024-01-31,monthly,SCIOTO DOWNS - CAESARS SPORTSBOOK,Caesars Sportsbook,Caesars,Caesars Entertainment,online,,3547600400,247619500,,247619500,,,,,0.06979915212547613,31,False,False,OH_2024_sports.pdf,,,,2,0,https://dam.assets.ohio.gov/image/upload/v1732715535/casinocontrol.ohio.gov/revenue-reports/2024/2024_Sports_Gaming_Revenue_Report.pdf.pdf,https://casinocontrol.ohio.gov/about/revenue-reports,OH/screenshots/OH_2024_12_OH_2024_sports_p1.png,"SCIOTO DOWNS - CAESARS SPORTSBOOK 3 5,476,004 32,816,629 1 83,180 423,637 2,476,195 2 ,476,195",,2026-04-08T18:42:59.510896
OH,2024-01-01,2024-01-31,monthly,MUIRFIELD VILLAGE GOLF CLUB - PARX INTERACTIVE,BetRivers (Gun Lake),BetRivers,Rush Street Interactive,online,,76558000,4197300,,4197300,,,,,0.05482509992424044,31,False,False,OH_2024_sports.pdf,,,,2,0,https://dam.assets.ohio.gov/image/upload/v1732715535/casinocontrol.ohio.gov/revenue-reports/2024/2024_Sports_Gaming_Revenue_Report.pdf.pdf,https://casinocontrol.ohio.gov/about/revenue-reports,OH/screenshots/OH_2024_12_OH_2024_sports_p1.png,"MUIRFIELD VILLAGE GOLF CLUB - PARX INTERACTIVE 765,580 7 23,363 2 44 3 8,277 41,973 41,973",,2026-04-08T18:42:59.510896
OH,2024-01-01,2024-01-31,monthly,MIAMI VALLEY GAMING AND RACING - MVGBET,MVGBet,MVGBet,Independent,online,,35501900,3081800,,3081800,,,,,0.08680662161743456,31,False,False,OH_2024_sports.pdf,,,,2,0,https://dam.assets.ohio.gov/image/upload/v1732715535/casinocontrol.ohio.gov/revenue-reports/2024/2024_Sports_Gaming_Revenue_Report.pdf.pdf,https://casinocontrol.ohio.gov/about/revenue-reports,OH/screenshots/OH_2024_12_OH_2024_sports_p1.png,"MIAMI VALLEY GAMING AND RACING - MVGBET 355,019 3 22,692 1,509 1 6,908 30,818 30,818",,2026-04-08T18:42:59.510896
OH,2024-01-01,2024-01-31,monthly,MGM NORTHFIELD PARK - BETMGM,BetMGM,BetMGM,Entain/MGM Resorts,online,,4968969400,588780700,,588780700,,,,,0.11849151254584099,31,False,False,OH_2024_sports.pdf,,,,2,0,https://dam.assets.ohio.gov/image/upload/v1732715535/casinocontrol.ohio.gov/revenue-reports/2024/2024_Sports_Gaming_Revenue_Report.pdf.pdf,https://casinocontrol.ohio.gov/about/revenue-reports,OH/screenshots/OH_2024_12_OH_2024_sports_p1.png,"MGM NORTHFIELD PARK - BETMGM 4 9,689,694 43,415,567 3 86,320 3,637,524 5,887,807 5 ,887,807",,2026-04-08T18:42:59.510896
OH,2024-01-01,2024-01-31,monthly,JACK CLEVELAND (BETJACK),BetJACK,betJACK,JACK Entertainment,online,,5535611500,46169100,,46169100,,,,,0.00834037937814097,31,False,False,OH_2024_sports.pdf,,,,2,0,https://dam.assets.ohio.gov/image/upload/v1732715535/casinocontrol.ohio.gov/revenue-reports/2024/2024_Sports_Gaming_Revenue_Report.pdf.pdf,https://casinocontrol.ohio.gov/about/revenue-reports,OH/screenshots/OH_2024_12_OH_2024_sports_p1.png,"JACK CLEVELAND (BETJACK) 5,535,611 5 ,071,752 2,168 8 3,314 461,691 4 61,691",,2026-04-08T18:42:59.510896
OH,2024-01-01,2024-01-31,monthly,HOLLYWOOD TOLEDO - DRAFTKINGS,DraftKings,DraftKings,DraftKings Inc,online,,25424044300,3399378900,,3399378900,,,,,0.13370724420897898,31,False,False,OH_2024_sports.pdf,,,,2,0,https://dam.assets.ohio.gov/image/upload/v1732715535/casinocontrol.ohio.gov/revenue-reports/2024/2024_Sports_Gaming_Revenue_Report.pdf.pdf,https://casinocontrol.ohio.gov/about/revenue-reports,OH/screenshots/OH_2024_12_OH_2024_sports_p1.png,"HOLLYWOOD TOLEDO - DRAFTKINGS 2 54,240,443 219,517,877 7 28,777 10,390,498 3 3,993,789 33,993,789",,2026-04-08T18:42:59.510896
OH,2024-01-01,2024-01-31,monthly,"HOLLYWOOD GAMING AT DAYTON RACEWAY - RSI OH, LLC",BetRivers,BetRivers,Rush Street Interactive,online,,5024956400,29989100,,29989100,,,,,0.0059680318818288655,31,False,False,OH_2024_sports.pdf,,,,2,0,https://dam.assets.ohio.gov/image/upload/v1732715535/casinocontrol.ohio.gov/revenue-reports/2024/2024_Sports_Gaming_Revenue_Report.pdf.pdf,https://casinocontrol.ohio.gov/about/revenue-reports,OH/screenshots/OH_2024_12_OH_2024_sports_p1.png,"HOLLYWOOD GAMING AT DAYTON RACEWAY - RSI OH, LLC 5,024,956 4 ,717,657 7,408 139,034 299,891 2 99,891",,2026-04-08T18:42:59.510896
OH,2024-01-01,2024-01-31,monthly,HOLLYWOOD COLUMBUS - PENN INTERACTIVE (ESPN BET),ESPN BET,ESPN Bet,PENN Entertainment,online,,5983498400,464116300,,464116300,,,,,0.0775660439718677,31,False,False,OH_2024_sports.pdf,,,,2,0,https://dam.assets.ohio.gov/image/upload/v1732715535/casinocontrol.ohio.gov/revenue-reports/2024/2024_Sports_Gaming_Revenue_Report.pdf.pdf,https://casinocontrol.ohio.gov/about/revenue-reports,OH/screenshots/OH_2024_12_OH_2024_sports_p1.png,"HOLLYWOOD COLUMBUS - PENN INTERACTIVE (ESPN BET) 5 9,834,984 55,146,318 47,503 2,560,682 4,641,163 4 ,641,163",,2026-04-08T18:42:59.510896
OH,2024-01-01,2024-01-31,monthly,FC CINCINNATI - SUPERBOOK,SuperBook,SuperBook,SuperBook Sports,retail,,0,0,,0,,,,,,31,False,False,OH_2024_sports.pdf,,,,2,0,https://dam.assets.ohio.gov/image/upload/v1732715535/casinocontrol.ohio.gov/revenue-reports/2024/2024_Sports_Gaming_Revenue_Report.pdf.pdf,https://casinocontrol.ohio.gov/about/revenue-reports,OH/screenshots/OH_2024_12_OH_2024_sports_p1.png,FC CINCINNATI - SUPERBOOK - - - - - -,,2026-04-08T18:42:59.510896
OH,2024-01-01,2024-01-31,monthly,HARD ROCK CINCINNATI - SEMINOLE HARD ROCK DIGITAL,Hard Rock Bet,Hard Rock Bet,Seminole Tribe / Hard Rock Digital,retail,,1500225100,31560700,,31560700,,,,,0.021037309667729195,31,False,False,OH_2024_sports.pdf,,,,2,0,https://dam.assets.ohio.gov/image/upload/v1732715535/casinocontrol.ohio.gov/revenue-reports/2024/2024_Sports_Gaming_Revenue_Report.pdf.pdf,https://casinocontrol.ohio.gov/about/revenue-reports,OH/screenshots/OH_2024_12_OH_2024_sports_p1.png,"HARD ROCK CINCINNATI - SEMINOLE HARD ROCK DIGITAL 1,500,225 1 ,161,080 23,538 - 315,607 3 15,607",,2026-04-08T18:42:59.510896
OH,2024-01-01,2024-01-31,monthly,HOLLYWOOD COLUMBUS,Hollywood Columbus,ESPN Bet,PENN Entertainment,retail,,3037889200,50161200,,50161200,,,,,0.016511859616209833,31,False,False,OH_2024_sports.pdf,,,,2,0,https://dam.assets.ohio.gov/image/upload/v1732715535/casinocontrol.ohio.gov/revenue-reports/2024/2024_Sports_Gaming_Revenue_Report.pdf.pdf,https://casinocontrol.ohio.gov/about/revenue-reports,OH/screenshots/OH_2024_12_OH_2024_sports_p1.png,"HOLLYWOOD COLUMBUS 3,037,889 2 ,534,198 2,079 - 501,612 5 01,612",,2026-04-08T18:42:59.510896
OH,2024-02-01,2024-02-29,monthly,BELTERRA PARK - BETWAY,Betway,Betway,Digital Gaming USA,online,,84522700,4139800,,4139800,,,,,0.0489785584227669,29,False,False,OH_2024_sports.pdf,,,,3,0,https://dam.assets.ohio.gov/image/upload/v1732715535/casinocontrol.ohio.gov/revenue-reports/2024/2024_Sports_Gaming_Revenue_Report.pdf.pdf,https://casinocontrol.ohio.gov/about/revenue-reports,OH/screenshots/OH_2024_12_OH_2024_sports_p1.png,"BELTERRA PARK - BETWAY 845,227 7 89,853 13,976 3 3,789 41,398 41,398",,2026-04-08T18:42:59.510896
OH,2024-02-01,2024-02-29,monthly,COLUMBUS CREW SC - TIPICO,Tipico,Tipico,Tipico Group,online,,5629561500,57253800,,57253800,,,,,0.010170205974301906,29,False,False,OH_2024_sports.pdf,,,,3,0,https://dam.assets.ohio.gov/image/upload/v1732715535/casinocontrol.ohio.gov/revenue-reports/2024/2024_Sports_Gaming_Revenue_Report.pdf.pdf,https://casinocontrol.ohio.gov/about/revenue-reports,OH/screenshots/OH_2024_12_OH_2024_sports_p1.png,"COLUMBUS CREW SC - TIPICO 5,629,561 5 ,027,586 29,437 381,732 572,538 5 72,538",,2026-04-08T18:42:59.510896
OH,2024-02-01,2024-02-29,monthly,COLUMBUS BLUE JACKETS - FANATICS,Fanatics,Fanatics,Fanatics Inc,online,,1461678000,129697900,,129697900,,,,,0.08873219683131306,29,False,False,OH_2024_sports.pdf,,,,3,0,https://dam.assets.ohio.gov/image/upload/v1732715535/casinocontrol.ohio.gov/revenue-reports/2024/2024_Sports_Gaming_Revenue_Report.pdf.pdf,https://casinocontrol.ohio.gov/about/revenue-reports,OH/screenshots/OH_2024_12_OH_2024_sports_p1.png,"COLUMBUS BLUE JACKETS - FANATICS 1 4,616,780 13,281,598 38,203 997,826 1 ,296,979 1 ,296,979",,2026-04-08T18:42:59.510896
OH,2024-02-01,2024-02-29,monthly,CLEVELAND GUARDIANS - BET365,bet365,bet365,bet365 Group,online,,4464489900,420349800,,420349800,,,,,0.0941540488197767,29,False,False,OH_2024_sports.pdf,,,,3,0,https://dam.assets.ohio.gov/image/upload/v1732715535/casinocontrol.ohio.gov/revenue-reports/2024/2024_Sports_Gaming_Revenue_Report.pdf.pdf,https://casinocontrol.ohio.gov/about/revenue-reports,OH/screenshots/OH_2024_12_OH_2024_sports_p1.png,"CLEVELAND GUARDIANS - BET365 4 4,644,899 38,052,003 2 ,389,398 2,615,078 4 ,203,498 4 ,203,498",,2026-04-08T18:42:59.510896
OH,2024-02-01,2024-02-29,monthly,CLEVELAND BROWNS - BALLY'S INTERACTIVE,Bally Bet,Bally Bet,Bally's Corporation,online,,1352750100,10602200,,10602200,,,,,0.00783751559138676,29,False,False,OH_2024_sports.pdf,,,,3,0,https://dam.assets.ohio.gov/image/upload/v1732715535/casinocontrol.ohio.gov/revenue-reports/2024/2024_Sports_Gaming_Revenue_Report.pdf.pdf,https://casinocontrol.ohio.gov/about/revenue-reports,OH/screenshots/OH_2024_12_OH_2024_sports_p1.png,"CLEVELAND BROWNS - BALLY'S INTERACTIVE 1,352,750 1 ,235,561 11,167 9 0,114 106,022 1 06,022",,2026-04-08T18:42:59.510896
OH,2024-02-01,2024-02-29,monthly,CINCINNATI BENGALS - BETFRED SPORTS,Betfred,Betfred,Betfred Group,online,,70255200,980000,,980000,,,,,0.01394914540133684,29,False,False,OH_2024_sports.pdf,,,,3,0,https://dam.assets.ohio.gov/image/upload/v1732715535/casinocontrol.ohio.gov/revenue-reports/2024/2024_Sports_Gaming_Revenue_Report.pdf.pdf,https://casinocontrol.ohio.gov/about/revenue-reports,OH/screenshots/OH_2024_12_OH_2024_sports_p1.png,"CINCINNATI BENGALS - BETFRED SPORTS 702,552 6 89,613 3,139 1 8,707 9 ,800 9,800",,2026-04-08T18:42:59.510896
OH,2024-02-01,2024-02-29,monthly,BELTERRA PARK - FANDUEL,FanDuel,FanDuel,Flutter Entertainment,online,,22221088200,2805429100,,2805429100,,,,,0.12625075220213564,29,False,False,OH_2024_sports.pdf,,,,3,0,https://dam.assets.ohio.gov/image/upload/v1732715535/casinocontrol.ohio.gov/revenue-reports/2024/2024_Sports_Gaming_Revenue_Report.pdf.pdf,https://casinocontrol.ohio.gov/about/revenue-reports,OH/screenshots/OH_2024_12_OH_2024_sports_p1.png,"BELTERRA PARK - FANDUEL 2 22,210,882 193,183,138 9 73,453 8,016,422 2 8,054,291 28,054,291",,2026-04-08T18:42:59.510896
OH,2024-01-01,2024-01-31,monthly,SCIOTO DOWNS - CAESARS SPORTSBOOK,Caesars Sportsbook,Caesars,Caesars Entertainment,retail,,77985000,10356800,,10356800,,,,,0.13280502660768095,31,False,False,OH_2024_sports.pdf,,,,2,0,https://dam.assets.ohio.gov/image/upload/v1732715535/casinocontrol.ohio.gov/revenue-reports/2024/2024_Sports_Gaming_Revenue_Report.pdf.pdf,https://casinocontrol.ohio.gov/about/revenue-reports,OH/screenshots/OH_2024_12_OH_2024_sports_p1.png,"SCIOTO DOWNS - CAESARS SPORTSBOOK 779,850 6 75,196 1,086 - 103,568 1 03,568",,2026-04-08T18:42:59.510896
OH,2024-01-01,2024-01-31,monthly,HOLLYWOOD GAMING AT DAYTON RACEWAY,Hollywood Dayton,ESPN Bet,PENN Entertainment,retail,,2043915100,45943800,,45943800,,,,,0.02247833092480211,31,False,False,OH_2024_sports.pdf,,,,2,0,https://dam.assets.ohio.gov/image/upload/v1732715535/casinocontrol.ohio.gov/revenue-reports/2024/2024_Sports_Gaming_Revenue_Report.pdf.pdf,https://casinocontrol.ohio.gov/about/revenue-reports,OH/screenshots/OH_2024_12_OH_2024_sports_p1.png,"HOLLYWOOD GAMING AT DAYTON RACEWAY 2,043,915 1 ,582,322 2,155 - 459,438 4 59,438",,2026-04-08T18:42:59.510896
OH,2024-01-01,2024-01-31,monthly,MIAMI VALLEY GAMING AND RACING,MVGBet,MVGBet,Independent,retail,,71940800,602700,,602700,,,,,0.00837772168227209,31,False,False,OH_2024_sports.pdf,,,,2,0,https://dam.assets.ohio.gov/image/upload/v1732715535/casinocontrol.ohio.gov/revenue-reports/2024/2024_Sports_Gaming_Revenue_Report.pdf.pdf,https://casinocontrol.ohio.gov/about/revenue-reports,OH/screenshots/OH_2024_12_OH_2024_sports_p1.png,"MIAMI VALLEY GAMING AND RACING 719,408 7 12,576 8 05 - 6 ,027 6,027",,2026-04-08T18:42:59.510896
OH,2024-01-01,2024-01-31,monthly,MGM NORTHFIELD PARK - BETMGM,BetMGM,BetMGM,Entain/MGM Resorts,retail,,1922999100,8223300,,8223300,,,,,0.004276289052865392,31,False,False,OH_2024_sports.pdf,,,,2,0,https://dam.assets.ohio.gov/image/upload/v1732715535/casinocontrol.ohio.gov/revenue-reports/2024/2024_Sports_Gaming_Revenue_Report.pdf.pdf,https://casinocontrol.ohio.gov/about/revenue-reports,OH/screenshots/OH_2024_12_OH_2024_sports_p1.png,"MGM NORTHFIELD PARK - BETMGM 1,922,999 1 ,772,673 68,093 - 82,233 82,233",,2026-04-08T18:42:59.510896
OH,2024-01-01,2024-01-31,monthly,JACK THISTLEDOWN - BETJACK,betJACK,betJACK,JACK Entertainment,retail,,1443606100,28988400,,28988400,,,,,0.02008054690264886,31,False,False,OH_2024_sports.pdf,,,,2,0,https://dam.assets.ohio.gov/image/upload/v1732715535/casinocontrol.ohio.gov/revenue-reports/2024/2024_Sports_Gaming_Revenue_Report.pdf.pdf,https://casinocontrol.ohio.gov/about/revenue-reports,OH/screenshots/OH_2024_12_OH_2024_sports_p1.png,"JACK THISTLEDOWN - BETJACK 1,443,606 1 ,122,843 30,879 - 289,884 2 89,884",,2026-04-08T18:42:59.510896
OH,2024-01-01,2024-01-31,monthly,JACK CLEVELAND - BETJACK,BetJACK,betJACK,JACK Entertainment,retail,,2505328200,22407300,,22407300,,,,,0.008943858134036092,31,False,False,OH_2024_sports.pdf,,,,2,0,https://dam.assets.ohio.gov/image/upload/v1732715535/casinocontrol.ohio.gov/revenue-reports/2024/2024_Sports_Gaming_Revenue_Report.pdf.pdf,https://casinocontrol.ohio.gov/about/revenue-reports,OH/screenshots/OH_2024_12_OH_2024_sports_p1.png,"JACK CLEVELAND - BETJACK 2,505,328 2 ,266,143 15,112 - 224,073 2 24,073",,2026-04-08T18:42:59.510896
OH,2024-01-01,2024-01-31,monthly,HOLLYWOOD TOLEDO,Hollywood Toledo,ESPN Bet,PENN Entertainment,retail,,1387108100,12215000,,12215000,,,,,0.00880609088794161,31,False,False,OH_2024_sports.pdf,,,,2,0,https://dam.assets.ohio.gov/image/upload/v1732715535/casinocontrol.ohio.gov/revenue-reports/2024/2024_Sports_Gaming_Revenue_Report.pdf.pdf,https://casinocontrol.ohio.gov/about/revenue-reports,OH/screenshots/OH_2024_12_OH_2024_sports_p1.png,"HOLLYWOOD TOLEDO 1,387,108 1 ,260,704 4,254 - 122,150 1 22,150",,2026-04-08T18:42:59.510896
OH,2024-01-01,2024-01-31,monthly,HOLLYWOOD GAMING AT MAHONING VALLEY,Hollywood Mahoning Valley,ESPN Bet,PENN Entertainment,retail,,1590174100,18679700,,18679700,,,,,0.011746952739325838,31,False,False,OH_2024_sports.pdf,,,,2,0,https://dam.assets.ohio.gov/image/upload/v1732715535/casinocontrol.ohio.gov/revenue-reports/2024/2024_Sports_Gaming_Revenue_Report.pdf.pdf,https://casinocontrol.ohio.gov/about/revenue-reports,OH/screenshots/OH_2024_12_OH_2024_sports_p1.png,"HOLLYWOOD GAMING AT MAHONING VALLEY 1,590,174 1 ,337,388 65,989 - 186,797 1 86,797",,2026-04-08T18:42:59.510896
OH,2024-01-01,2024-01-31,monthly,HOF VILLAGE - BETR,Betr,Betr,Betr,online,,43386100,6032600,,6032600,,,,,0.13904453269595562,31,False,False,OH_2024_sports.pdf,,,,2,0,https://dam.assets.ohio.gov/image/upload/v1732715535/casinocontrol.ohio.gov/revenue-reports/2024/2024_Sports_Gaming_Revenue_Report.pdf.pdf,https://casinocontrol.ohio.gov/about/revenue-reports,OH/screenshots/OH_2024_12_OH_2024_sports_p1.png,"HOF VILLAGE - BETR 433,861 3 70,573 2,962 7 7,053 60,326 60,326",,2026-04-08T18:42:59.510896
OH,2024-01-01,2024-01-31,monthly,"GENEVA SPORTS, LLC - PRIME SPORTS",Prime Sports,Prime Sports,Independent,online,,9703293900,0,,-6506300,,,,,0.0,31,False,False,OH_2024_sports.pdf,,,,2,0,https://dam.assets.ohio.gov/image/upload/v1732715535/casinocontrol.ohio.gov/revenue-reports/2024/2024_Sports_Gaming_Revenue_Report.pdf.pdf,https://casinocontrol.ohio.gov/about/revenue-reports,OH/screenshots/OH_2024_12_OH_2024_sports_p1.png,"GENEVA SPORTS, LLC - PRIME SPORTS 9,703,293 9 ,721,277 47,079 - (65,063) -",,2026-04-08T18:42:59.510896
OH,2023-12-01,2023-12-31,monthly,HOF VILLAGE - BETR,Betr,Betr,Betr,online,,62204700,1714600,,1714600,,,,,0.027563833600997994,31,False,False,OH_2023_sports.pdf,,,,13,0,https://dam.assets.ohio.gov/image/upload/v1745842746/casinocontrol.ohio.gov/revenue-reports/December_2023_Sports_Gaming_Revenue_Report.pdf,https://casinocontrol.ohio.gov/about/revenue-reports,OH/screenshots/OH_2023_12_OH_2023_sports_p1.png,"HOF VILLAGE - BETR 622,047 5 99,058 5,843 6 4,798 17,146 17,146",,2026-04-08T18:42:56.745418
OH,2024-01-01,2024-01-31,monthly,FC CINCINNATI - SUPERBOOK,SuperBook,SuperBook,SuperBook Sports,online,,73683700,361900,,361900,,,,,0.00491153402991435,31,False,False,OH_2024_sports.pdf,,,,2,0,https://dam.assets.ohio.gov/image/upload/v1732715535/casinocontrol.ohio.gov/revenue-reports/2024/2024_Sports_Gaming_Revenue_Report.pdf.pdf,https://casinocontrol.ohio.gov/about/revenue-reports,OH/screenshots/OH_2024_12_OH_2024_sports_p1.png,"FC CINCINNATI - SUPERBOOK 736,837 7 29,705 3,513 1 1,790 3 ,619 3,619",,2026-04-08T18:42:59.510896
OH,2023-12-01,2023-12-31,monthly,CLEVELAND GUARDIANS - FANATICS,Fanatics,Fanatics,Fanatics Inc,retail,,4527200,1027400,,1027400,,,,,0.22693938858455556,31,False,False,OH_2023_sports.pdf,,,,13,0,https://dam.assets.ohio.gov/image/upload/v1745842746/casinocontrol.ohio.gov/revenue-reports/December_2023_Sports_Gaming_Revenue_Report.pdf,https://casinocontrol.ohio.gov/about/revenue-reports,OH/screenshots/OH_2023_12_OH_2023_sports_p1.png,"CLEVELAND GUARDIANS - FANATICS 45,272 34,998 - - 10,274 10,274",,2026-04-08T18:42:56.745418
OH,2023-12-01,2023-12-31,monthly,CLEVELAND CAVALIERS - CAESARS SPORTSBOOK,Caesars,Caesars,Caesars Entertainment,retail,,54848900,3221300,,3221300,,,,,0.05873043944363515,31,False,False,OH_2023_sports.pdf,,,,13,0,https://dam.assets.ohio.gov/image/upload/v1745842746/casinocontrol.ohio.gov/revenue-reports/December_2023_Sports_Gaming_Revenue_Report.pdf,https://casinocontrol.ohio.gov/about/revenue-reports,OH/screenshots/OH_2023_12_OH_2023_sports_p1.png,"CLEVELAND CAVALIERS - CAESARS SPORTSBOOK 548,489 5 13,917 2,359 - 32,213 32,213",,2026-04-08T18:42:56.745418
OH,2023-12-01,2023-12-31,monthly,CLEVELAND BROWNS - BALLY'S INTERACTIVE,Bally Bet,Bally Bet,Bally's Corporation,retail,,2000,2000,,2000,,,,,1.0,31,False,False,OH_2023_sports.pdf,,,,13,0,https://dam.assets.ohio.gov/image/upload/v1745842746/casinocontrol.ohio.gov/revenue-reports/December_2023_Sports_Gaming_Revenue_Report.pdf,https://casinocontrol.ohio.gov/about/revenue-reports,OH/screenshots/OH_2023_12_OH_2023_sports_p1.png,CLEVELAND BROWNS - BALLY'S INTERACTIVE 20 - - - 20 2 0,,2026-04-08T18:42:56.745418
OH,2023-12-01,2023-12-31,monthly,BELTERRA PARK - FANDUEL,FanDuel,FanDuel,Flutter Entertainment,retail,,58069900,11786200,,11786200,,,,,0.2029657361214674,31,False,False,OH_2023_sports.pdf,,,,13,0,https://dam.assets.ohio.gov/image/upload/v1745842746/casinocontrol.ohio.gov/revenue-reports/December_2023_Sports_Gaming_Revenue_Report.pdf,https://casinocontrol.ohio.gov/about/revenue-reports,OH/screenshots/OH_2023_12_OH_2023_sports_p1.png,"BELTERRA PARK - FANDUEL 580,699 4 62,515 3 22 - 117,862 1 17,862",,2026-04-08T18:42:56.745418
OH,2023-12-01,2023-12-31,monthly,SCIOTO DOWNS - CAESARS SPORTSBOOK,Caesars Sportsbook,Caesars,Caesars Entertainment,online,,3709157000,174856800,,174856800,,,,,0.04714192470148877,31,False,False,OH_2023_sports.pdf,,,,13,0,https://dam.assets.ohio.gov/image/upload/v1745842746/casinocontrol.ohio.gov/revenue-reports/December_2023_Sports_Gaming_Revenue_Report.pdf,https://casinocontrol.ohio.gov/about/revenue-reports,OH/screenshots/OH_2023_12_OH_2023_sports_p1.png,"SCIOTO DOWNS - CAESARS SPORTSBOOK 3 7,091,570 35,182,436 1 60,566 496,344 1 ,748,568 1 ,748,568",,2026-04-08T18:42:56.745418
OH,2023-12-01,2023-12-31,monthly,MUIRFIELD VILLAGE GOLF CLUB - PARX INTERACTIVE,BetRivers (Gun Lake),BetRivers,Rush Street Interactive,online,,104744200,6613200,,6613200,,,,,0.06313667009724644,31,False,False,OH_2023_sports.pdf,,,,13,0,https://dam.assets.ohio.gov/image/upload/v1745842746/casinocontrol.ohio.gov/revenue-reports/December_2023_Sports_Gaming_Revenue_Report.pdf,https://casinocontrol.ohio.gov/about/revenue-reports,OH/screenshots/OH_2023_12_OH_2023_sports_p1.png,"MUIRFIELD VILLAGE GOLF CLUB - PARX INTERACTIVE 1 ,047,442 9 81,159 1 51 115,428 66,132 66,132",,2026-04-08T18:42:56.745418
OH,2023-12-01,2023-12-31,monthly,MIAMI VALLEY GAMING AND RACING - MVGBET,MVGBet,MVGBet,Independent,online,,60763800,556500,,556500,,,,,0.009158413397450455,31,False,False,OH_2023_sports.pdf,,,,13,0,https://dam.assets.ohio.gov/image/upload/v1745842746/casinocontrol.ohio.gov/revenue-reports/December_2023_Sports_Gaming_Revenue_Report.pdf,https://casinocontrol.ohio.gov/about/revenue-reports,OH/screenshots/OH_2023_12_OH_2023_sports_p1.png,"MIAMI VALLEY GAMING AND RACING - MVGBET 607,638 6 00,496 1,577 3 3,862 5,565 5,565",,2026-04-08T18:42:56.745418
OH,2023-12-01,2023-12-31,monthly,MGM NORTHFIELD PARK - BETMGM,BetMGM,BetMGM,Entain/MGM Resorts,online,,4639564400,359956200,,359956200,,,,,0.07758405077856016,31,False,False,OH_2023_sports.pdf,,,,13,0,https://dam.assets.ohio.gov/image/upload/v1745842746/casinocontrol.ohio.gov/revenue-reports/December_2023_Sports_Gaming_Revenue_Report.pdf,https://casinocontrol.ohio.gov/about/revenue-reports,OH/screenshots/OH_2023_12_OH_2023_sports_p1.png,"MGM NORTHFIELD PARK - BETMGM 4 6,395,644 42,342,721 4 53,361 1,401,008 3 ,599,562 3 ,599,562",,2026-04-08T18:42:56.745418
OH,2023-12-01,2023-12-31,monthly,JACK CLEVELAND (BETJACK),BetJACK,betJACK,JACK Entertainment,online,,5457948500,35239100,,35239100,,,,,0.006456473526637344,31,False,False,OH_2023_sports.pdf,,,,13,0,https://dam.assets.ohio.gov/image/upload/v1745842746/casinocontrol.ohio.gov/revenue-reports/December_2023_Sports_Gaming_Revenue_Report.pdf,https://casinocontrol.ohio.gov/about/revenue-reports,OH/screenshots/OH_2023_12_OH_2023_sports_p1.png,"JACK CLEVELAND (BETJACK) 5 ,457,948 5 ,102,203 3,354 7 0,463 352,391 3 52,391",,2026-04-08T18:42:56.745418
OH,2023-12-01,2023-12-31,monthly,HOLLYWOOD TOLEDO - DRAFTKINGS,DraftKings,DraftKings,DraftKings Inc,online,,26131670300,2543235100,,2543235100,,,,,0.09732386299087815,31,False,False,OH_2023_sports.pdf,,,,13,0,https://dam.assets.ohio.gov/image/upload/v1745842746/casinocontrol.ohio.gov/revenue-reports/December_2023_Sports_Gaming_Revenue_Report.pdf,https://casinocontrol.ohio.gov/about/revenue-reports,OH/screenshots/OH_2023_12_OH_2023_sports_p1.png,"HOLLYWOOD TOLEDO - DRAFTKINGS 261,316,703 235,215,923 6 68,429 9,247,674 25,432,351 25,432,351",,2026-04-08T18:42:56.745418
OH,2023-12-01,2023-12-31,monthly,HOLLYWOOD MAHONING VALLEY - POINTSBET OHIO,Fanatics,Fanatics,Fanatics Inc,online,,1515814100,0,,-1671400,,,,,0.0,31,False,False,OH_2023_sports.pdf,,,,13,0,https://dam.assets.ohio.gov/image/upload/v1745842746/casinocontrol.ohio.gov/revenue-reports/December_2023_Sports_Gaming_Revenue_Report.pdf,https://casinocontrol.ohio.gov/about/revenue-reports,OH/screenshots/OH_2023_12_OH_2023_sports_p1.png,"HOLLYWOOD MAHONING VALLEY - POINTSBET OHIO 1 ,515,814 1 ,516,182 16,346 6 2,668 ( 16,714) -",,2026-04-08T18:42:56.745418
OH,2023-12-01,2023-12-31,monthly,"HOLLYWOOD GAMING AT DAYTON RACEWAY - RSI OH, LLC",BetRivers,BetRivers,Rush Street Interactive,online,,5148045400,20399100,,20399100,,,,,0.003962494192456034,31,False,False,OH_2023_sports.pdf,,,,13,0,https://dam.assets.ohio.gov/image/upload/v1745842746/casinocontrol.ohio.gov/revenue-reports/December_2023_Sports_Gaming_Revenue_Report.pdf,https://casinocontrol.ohio.gov/about/revenue-reports,OH/screenshots/OH_2023_12_OH_2023_sports_p1.png,"HOLLYWOOD GAMING AT DAYTON RACEWAY - RSI OH, LLC 5 ,148,045 4 ,934,915 9,139 128,299 203,991 2 03,991",,2026-04-08T18:42:56.745418
OH,2023-12-01,2023-12-31,monthly,HOLLYWOOD COLUMBUS - PENN INTERACTIVE (ESPN BET),ESPN BET,ESPN Bet,PENN Entertainment,online,,7286264700,823849700,,823849700,,,,,0.11306886778351602,31,False,False,OH_2023_sports.pdf,,,,13,0,https://dam.assets.ohio.gov/image/upload/v1745842746/casinocontrol.ohio.gov/revenue-reports/December_2023_Sports_Gaming_Revenue_Report.pdf,https://casinocontrol.ohio.gov/about/revenue-reports,OH/screenshots/OH_2023_12_OH_2023_sports_p1.png,"HOLLYWOOD COLUMBUS - PENN INTERACTIVE (ESPN BET) 7 2,862,647 64,503,332 1 20,818 11,318,859 8 ,238,497 8 ,238,497",,2026-04-08T18:42:56.745418
OH,2023-12-01,2023-12-31,monthly,FC CINCINNATI - SUPERBOOK,SuperBook,SuperBook,SuperBook Sports,retail,,0,0,,0,,,,,,31,False,False,OH_2023_sports.pdf,,,,13,0,https://dam.assets.ohio.gov/image/upload/v1745842746/casinocontrol.ohio.gov/revenue-reports/December_2023_Sports_Gaming_Revenue_Report.pdf,https://casinocontrol.ohio.gov/about/revenue-reports,OH/screenshots/OH_2023_12_OH_2023_sports_p1.png,FC CINCINNATI - SUPERBOOK - - - - - -,,2026-04-08T18:42:56.745418
OH,2023-12-01,2023-12-31,monthly,HARD ROCK CINCINNATI - SEMINOLE HARD ROCK DIGITAL,Hard Rock Bet,Hard Rock Bet,Seminole Tribe / Hard Rock Digital,retail,,1689023100,40720800,,40720800,,,,,0.02410908412087437,31,False,False,OH_2023_sports.pdf,,,,13,0,https://dam.assets.ohio.gov/image/upload/v1745842746/casinocontrol.ohio.gov/revenue-reports/December_2023_Sports_Gaming_Revenue_Report.pdf,https://casinocontrol.ohio.gov/about/revenue-reports,OH/screenshots/OH_2023_12_OH_2023_sports_p1.png,"HARD ROCK CINCINNATI - SEMINOLE HARD ROCK DIGITAL 1 ,689,023 1 ,244,487 37,328 - 407,208 4 07,208",,2026-04-08T18:42:56.745418
OH,2023-12-01,2023-12-31,monthly,HOLLYWOOD COLUMBUS,Hollywood Columbus,ESPN Bet,PENN Entertainment,retail,,3355440200,50412800,,50412800,,,,,0.015024198613344383,31,False,False,OH_2023_sports.pdf,,,,13,0,https://dam.assets.ohio.gov/image/upload/v1745842746/casinocontrol.ohio.gov/revenue-reports/December_2023_Sports_Gaming_Revenue_Report.pdf,https://casinocontrol.ohio.gov/about/revenue-reports,OH/screenshots/OH_2023_12_OH_2023_sports_p1.png,"HOLLYWOOD COLUMBUS 3 ,355,440 2 ,850,155 1,157 - 504,128 5 04,128",,2026-04-08T18:42:56.745418
OH,2024-01-01,2024-01-31,monthly,BELTERRA PARK - BETWAY,Betway,Betway,Digital Gaming USA,online,,1313030100,14003900,,14003900,,,,,0.010665330520602688,31,False,False,OH_2024_sports.pdf,,,,2,0,https://dam.assets.ohio.gov/image/upload/v1732715535/casinocontrol.ohio.gov/revenue-reports/2024/2024_Sports_Gaming_Revenue_Report.pdf.pdf,https://casinocontrol.ohio.gov/about/revenue-reports,OH/screenshots/OH_2024_12_OH_2024_sports_p1.png,"BELTERRA PARK - BETWAY 1,313,030 1 ,161,873 11,118 173,985 140,039 1 40,039",,2026-04-08T18:42:59.510896
OH,2024-01-01,2024-01-31,monthly,COLUMBUS CREW SC - TIPICO,Tipico,Tipico,Tipico Group,online,,5884543500,78142900,,78142900,,,,,0.013279347837262142,31,False,False,OH_2024_sports.pdf,,,,2,0,https://dam.assets.ohio.gov/image/upload/v1732715535/casinocontrol.ohio.gov/revenue-reports/2024/2024_Sports_Gaming_Revenue_Report.pdf.pdf,https://casinocontrol.ohio.gov/about/revenue-reports,OH/screenshots/OH_2024_12_OH_2024_sports_p1.png,"COLUMBUS CREW SC - TIPICO 5,884,543 5 ,075,097 28,017 493,131 781,429 7 81,429",,2026-04-08T18:42:59.510896
OH,2024-01-01,2024-01-31,monthly,COLUMBUS BLUE JACKETS - FANATICS,Fanatics,Fanatics,Fanatics Inc,online,,1573793400,170389000,,170389000,,,,,0.10826643446338001,31,False,False,OH_2024_sports.pdf,,,,2,0,https://dam.assets.ohio.gov/image/upload/v1732715535/casinocontrol.ohio.gov/revenue-reports/2024/2024_Sports_Gaming_Revenue_Report.pdf.pdf,https://casinocontrol.ohio.gov/about/revenue-reports,OH/screenshots/OH_2024_12_OH_2024_sports_p1.png,"COLUMBUS BLUE JACKETS - FANATICS 1 5,737,934 13,996,861 37,183 1,048,747 1,703,890 1 ,703,890",,2026-04-08T18:42:59.510896
OH,2024-01-01,2024-01-31,monthly,CLEVELAND GUARDIANS - BET365,bet365,bet365,bet365 Group,online,,5004841200,627975000,,627975000,,,,,0.1254735115271989,31,False,False,OH_2024_sports.pdf,,,,2,0,https://dam.assets.ohio.gov/image/upload/v1732715535/casinocontrol.ohio.gov/revenue-reports/2024/2024_Sports_Gaming_Revenue_Report.pdf.pdf,https://casinocontrol.ohio.gov/about/revenue-reports,OH/screenshots/OH_2024_12_OH_2024_sports_p1.png,"CLEVELAND GUARDIANS - BET365 5 0,048,412 41,474,404 2 ,294,258 4,108,880 6,279,750 6 ,279,750",,2026-04-08T18:42:59.510896
OH,2024-01-01,2024-01-31,monthly,CLEVELAND BROWNS - BALLY'S INTERACTIVE,Bally Bet,Bally Bet,Bally's Corporation,online,,3026203200,52882000,,52882000,,,,,0.01747470229361994,31,False,False,OH_2024_sports.pdf,,,,2,0,https://dam.assets.ohio.gov/image/upload/v1732715535/casinocontrol.ohio.gov/revenue-reports/2024/2024_Sports_Gaming_Revenue_Report.pdf.pdf,https://casinocontrol.ohio.gov/about/revenue-reports,OH/screenshots/OH_2024_12_OH_2024_sports_p1.png,"CLEVELAND BROWNS - BALLY'S INTERACTIVE 3,026,203 2 ,472,162 25,221 539,785 528,820 5 28,820",,2026-04-08T18:42:59.510896
OH,2024-01-01,2024-01-31,monthly,CINCINNATI BENGALS - BETFRED SPORTS,Betfred,Betfred,Betfred Group,online,,80387200,3053300,,3053300,,,,,0.03798241511086342,31,False,False,OH_2024_sports.pdf,,,,2,0,https://dam.assets.ohio.gov/image/upload/v1732715535/casinocontrol.ohio.gov/revenue-reports/2024/2024_Sports_Gaming_Revenue_Report.pdf.pdf,https://casinocontrol.ohio.gov/about/revenue-reports,OH/screenshots/OH_2024_12_OH_2024_sports_p1.png,"CINCINNATI BENGALS - BETFRED SPORTS 803,872 7 71,033 2,306 1 8,956 30,533 30,533",,2026-04-08T18:42:59.510896
OH,2024-01-01,2024-01-31,monthly,BELTERRA PARK - FANDUEL,FanDuel,FanDuel,Flutter Entertainment,online,,28273735400,5299170700,,5299170700,,,,,0.18742379190547281,31,False,False,OH_2024_sports.pdf,,,,2,0,https://dam.assets.ohio.gov/image/upload/v1732715535/casinocontrol.ohio.gov/revenue-reports/2024/2024_Sports_Gaming_Revenue_Report.pdf.pdf,https://casinocontrol.ohio.gov/about/revenue-reports,OH/screenshots/OH_2024_12_OH_2024_sports_p1.png,"BELTERRA PARK - FANDUEL 2 82,737,354 228,754,283 9 91,364 16,562,421 5 2,991,707 52,991,707",,2026-04-08T18:42:59.510896
OH,2023-12-01,2023-12-31,monthly,SCIOTO DOWNS - CAESARS SPORTSBOOK,Caesars Sportsbook,Caesars,Caesars Entertainment,retail,,92468700,14532500,,14532500,,,,,0.15716128808991583,31,False,False,OH_2023_sports.pdf,,,,13,0,https://dam.assets.ohio.gov/image/upload/v1745842746/casinocontrol.ohio.gov/revenue-reports/December_2023_Sports_Gaming_Revenue_Report.pdf,https://casinocontrol.ohio.gov/about/revenue-reports,OH/screenshots/OH_2023_12_OH_2023_sports_p1.png,"SCIOTO DOWNS - CAESARS SPORTSBOOK 924,687 7 76,675 2,687 - 145,325 1 45,325",,2026-04-08T18:42:56.745418
OH,2023-12-01,2023-12-31,monthly,HOLLYWOOD GAMING AT DAYTON RACEWAY,Hollywood Dayton,ESPN Bet,PENN Entertainment,retail,,2368352200,17606400,,17606400,,,,,0.007434029448829443,31,False,False,OH_2023_sports.pdf,,,,13,0,https://dam.assets.ohio.gov/image/upload/v1745842746/casinocontrol.ohio.gov/revenue-reports/December_2023_Sports_Gaming_Revenue_Report.pdf,https://casinocontrol.ohio.gov/about/revenue-reports,OH/screenshots/OH_2023_12_OH_2023_sports_p1.png,"HOLLYWOOD GAMING AT DAYTON RACEWAY 2 ,368,352 2 ,191,613 6 75 - 176,064 1 76,064",,2026-04-08T18:42:56.745418
OH,2023-12-01,2023-12-31,monthly,MIAMI VALLEY GAMING AND RACING,MVGBet,MVGBet,Independent,retail,,77433100,16522500,,16522500,,,,,0.21337774156013384,31,False,False,OH_2023_sports.pdf,,,,13,0,https://dam.assets.ohio.gov/image/upload/v1745842746/casinocontrol.ohio.gov/revenue-reports/December_2023_Sports_Gaming_Revenue_Report.pdf,https://casinocontrol.ohio.gov/about/revenue-reports,OH/screenshots/OH_2023_12_OH_2023_sports_p1.png,"MIAMI VALLEY GAMING AND RACING 774,331 6 08,886 2 20 - 165,225 1 65,225",,2026-04-08T18:42:56.745418
OH,2023-12-01,2023-12-31,monthly,MGM NORTHFIELD PARK - BETMGM,BetMGM,BetMGM,Entain/MGM Resorts,retail,,1817515100,25986600,,25986600,,,,,0.014297872958524527,31,False,False,OH_2023_sports.pdf,,,,13,0,https://dam.assets.ohio.gov/image/upload/v1745842746/casinocontrol.ohio.gov/revenue-reports/December_2023_Sports_Gaming_Revenue_Report.pdf,https://casinocontrol.ohio.gov/about/revenue-reports,OH/screenshots/OH_2023_12_OH_2023_sports_p1.png,"MGM NORTHFIELD PARK - BETMGM 1 ,817,515 1 ,446,284 1 11,365 - 259,866 2 59,866",,2026-04-08T18:42:56.745418
OH,2023-12-01,2023-12-31,monthly,JACK THISTLEDOWN - BETJACK,betJACK,betJACK,JACK Entertainment,retail,,1511386100,12223400,,12223400,,,,,0.008087542951466868,31,False,False,OH_2023_sports.pdf,,,,13,0,https://dam.assets.ohio.gov/image/upload/v1745842746/casinocontrol.ohio.gov/revenue-reports/December_2023_Sports_Gaming_Revenue_Report.pdf,https://casinocontrol.ohio.gov/about/revenue-reports,OH/screenshots/OH_2023_12_OH_2023_sports_p1.png,"JACK THISTLEDOWN - BETJACK 1 ,511,386 1 ,381,829 7,323 - 122,234 1 22,234",,2026-04-08T18:42:56.745418
OH,2023-12-01,2023-12-31,monthly,JACK CLEVELAND - BETJACK,BetJACK,betJACK,JACK Entertainment,retail,,2831921200,28882800,,28882800,,,,,0.01019901259964437,31,False,False,OH_2023_sports.pdf,,,,13,0,https://dam.assets.ohio.gov/image/upload/v1745842746/casinocontrol.ohio.gov/revenue-reports/December_2023_Sports_Gaming_Revenue_Report.pdf,https://casinocontrol.ohio.gov/about/revenue-reports,OH/screenshots/OH_2023_12_OH_2023_sports_p1.png,"JACK CLEVELAND - BETJACK 2 ,831,921 2 ,538,628 4,465 - 288,828 2 88,828",,2026-04-08T18:42:56.745418
OH,2023-12-01,2023-12-31,monthly,HOLLYWOOD TOLEDO,Hollywood Toledo,ESPN Bet,PENN Entertainment,retail,,1566656100,20501100,,20501100,,,,,0.013085896770835668,31,False,False,OH_2023_sports.pdf,,,,13,0,https://dam.assets.ohio.gov/image/upload/v1745842746/casinocontrol.ohio.gov/revenue-reports/December_2023_Sports_Gaming_Revenue_Report.pdf,https://casinocontrol.ohio.gov/about/revenue-reports,OH/screenshots/OH_2023_12_OH_2023_sports_p1.png,"HOLLYWOOD TOLEDO 1 ,566,656 1 ,357,475 4,170 - 205,011 2 05,011",,2026-04-08T18:42:56.745418
OH,2023-12-01,2023-12-31,monthly,HOLLYWOOD GAMING AT MAHONING VALLEY,Hollywood Mahoning Valley,ESPN Bet,PENN Entertainment,retail,,1496726100,33870500,,33870500,,,,,0.022629724971055157,31,False,False,OH_2023_sports.pdf,,,,13,0,https://dam.assets.ohio.gov/image/upload/v1745842746/casinocontrol.ohio.gov/revenue-reports/December_2023_Sports_Gaming_Revenue_Report.pdf,https://casinocontrol.ohio.gov/about/revenue-reports,OH/screenshots/OH_2023_12_OH_2023_sports_p1.png,"HOLLYWOOD GAMING AT MAHONING VALLEY 1 ,496,726 1 ,154,571 3,450 - 338,705 3 38,705",,2026-04-08T18:42:56.745418
OH,2026-02-01,2026-02-28,monthly,SCIOTO DOWNS - CAESARS SPORTSBOOK,Caesars Sportsbook,Caesars,Caesars Entertainment,retail,,32095600,-2701000,,0,0,,,,-0.0841548374231982,28,False,False,OH_2026_sports.pdf,,,,3,0,https://dam.assets.ohio.gov/image/upload/v1774973347/casinocontrol.ohio.gov/revenue-reports/2026/Sports/2026_Sports_Gaming_Revenue_Report02.pdf,https://casinocontrol.ohio.gov/about/revenue-reports,OH/screenshots/OH_2026_12_OH_2026_sports_p1.png,"SCIOTO DOWNS - CAESARS SPORTSBOOK 320,956 3 41,754 6,212 - (27,010) -",,2026-04-08T18:43:02.947786
