state_code,period_start,period_end,period_type,operator_raw,operator_reported,operator_standard,parent_company,channel,sport_category,handle,gross_revenue,standard_ggr,promo_credits,net_revenue,payouts,tax_paid,federal_excise_tax,hold_pct,days_in_period,is_partial_period,data_is_revised,source_file,source_sheet,source_row,source_column,source_page,source_table_index,source_url,source_report_url,source_screenshot,source_raw_line,source_context,scrape_timestamp
SD,2023-01-01,2023-01-31,monthly,Deadwood Casinos,Deadwood Casinos,Deadwood Casinos,Deadwood Gaming Association,retail,boxing,13300,12595,12595,,,705,1134,,0.9469924812030075,31,False,False,SD_2023_01.pdf,,,,,,https://dor.sd.gov/media/sruhx0et/january-2023-stats.pdf,https://dor.sd.gov/businesses/gaming/,SD/screenshots/SD_2023_01_SD_2023_01_p1.png,BOXING $133.00 $125.95 5.30%,,2026-04-08T18:44:54.236718
SD,2023-01-01,2023-01-31,monthly,Deadwood Casinos,Deadwood Casinos,Deadwood Casinos,Deadwood Gaming Association,retail,baseball,17100,-36175,-36175,,,53275,0,,-2.115497076023392,31,False,False,SD_2023_01.pdf,,,,,,https://dor.sd.gov/media/sruhx0et/january-2023-stats.pdf,https://dor.sd.gov/businesses/gaming/,SD/screenshots/SD_2023_01_SD_2023_01_p1.png,MLB $171.00 ($361.75) 311.55%,,2026-04-08T18:44:54.236718
SD,2023-01-01,2023-01-31,monthly,Deadwood Casinos,Deadwood Casinos,Deadwood Casinos,Deadwood Gaming Association,retail,mma,758860,252003,252003,,,506857,22680,,0.33208101626123393,31,False,False,SD_2023_01.pdf,,,,,,https://dor.sd.gov/media/sruhx0et/january-2023-stats.pdf,https://dor.sd.gov/businesses/gaming/,SD/screenshots/SD_2023_01_SD_2023_01_p1.png,"MMA/UFC $7,588.60 $2,520.03 66.79%",,2026-04-08T18:44:54.236718
SD,2023-01-01,2023-01-31,monthly,Deadwood Casinos,Deadwood Casinos,Deadwood Casinos,Deadwood Gaming Association,retail,motorsports,38000,38000,38000,,,0,3420,,1.0,31,False,False,SD_2023_01.pdf,,,,,,https://dor.sd.gov/media/sruhx0et/january-2023-stats.pdf,https://dor.sd.gov/businesses/gaming/,SD/screenshots/SD_2023_01_SD_2023_01_p1.png,NASCAR $380.00 $380.00 0.00%,,2026-04-08T18:44:54.236718
SD,2023-01-01,2023-01-31,monthly,Deadwood Casinos,Deadwood Casinos,Deadwood Casinos,Deadwood Gaming Association,retail,basketball,5850634,920253,920253,,,4930381,82823,,0.15729115853085324,31,False,False,SD_2023_01.pdf,,,,,,https://dor.sd.gov/media/sruhx0et/january-2023-stats.pdf,https://dor.sd.gov/businesses/gaming/,SD/screenshots/SD_2023_01_SD_2023_01_p1.png,"NBA $58,506.34 $9,202.53 84.27%",,2026-04-08T18:44:54.236718
SD,2023-01-01,2023-01-31,monthly,Deadwood Casinos,Deadwood Casinos,Deadwood Casinos,Deadwood Gaming Association,retail,football_college,3715700,-3852870,-3852870,,,7568570,0,,-1.036916328013564,31,False,False,SD_2023_01.pdf,,,,,,https://dor.sd.gov/media/sruhx0et/january-2023-stats.pdf,https://dor.sd.gov/businesses/gaming/,SD/screenshots/SD_2023_01_SD_2023_01_p1.png,"NCAA FB $37,157.00 ($38,528.70) 203.69%",,2026-04-08T18:44:54.236718
SD,2023-01-01,2023-01-31,monthly,Deadwood Casinos,Deadwood Casinos,Deadwood Casinos,Deadwood Gaming Association,retail,basketball_college,17724201,1381707,1381707,,,16342494,124354,,0.07795595412171188,31,False,False,SD_2023_01.pdf,,,,,,https://dor.sd.gov/media/sruhx0et/january-2023-stats.pdf,https://dor.sd.gov/businesses/gaming/,SD/screenshots/SD_2023_01_SD_2023_01_p1.png,"NCAA Mens BB $177,242.01 $13,817.07 92.20%",,2026-04-08T18:44:54.236718
SD,2023-01-01,2023-01-31,monthly,Deadwood Casinos,Deadwood Casinos,Deadwood Casinos,Deadwood Gaming Association,retail,football,56879735,13074164,13074164,,,43805571,1176675,,0.22985627482265872,31,False,False,SD_2023_01.pdf,,,,,,https://dor.sd.gov/media/sruhx0et/january-2023-stats.pdf,https://dor.sd.gov/businesses/gaming/,SD/screenshots/SD_2023_01_SD_2023_01_p1.png,"NFL $568,797.35 $130,741.64 77.01%",,2026-04-08T18:44:54.236718
SD,2023-01-01,2023-01-31,monthly,Deadwood Casinos,Deadwood Casinos,Deadwood Casinos,Deadwood Gaming Association,retail,hockey,5010765,266154,266154,,,4744611,23954,,0.05311644030402543,31,False,False,SD_2023_01.pdf,,,,,,https://dor.sd.gov/media/sruhx0et/january-2023-stats.pdf,https://dor.sd.gov/businesses/gaming/,SD/screenshots/SD_2023_01_SD_2023_01_p1.png,"NHL $50,107.65 $2,661.54 94.69%",,2026-04-08T18:44:54.236718
SD,2023-01-01,2023-01-31,monthly,Deadwood Casinos,Deadwood Casinos,Deadwood Casinos,Deadwood Gaming Association,retail,golf,69600,-23900,-23900,,,93500,0,,-0.34339080459770116,31,False,False,SD_2023_01.pdf,,,,,,https://dor.sd.gov/media/sruhx0et/january-2023-stats.pdf,https://dor.sd.gov/businesses/gaming/,SD/screenshots/SD_2023_01_SD_2023_01_p1.png,PGA $696.00 ($239.00) 134.34%,,2026-04-08T18:44:54.236718
SD,2023-01-01,2023-01-31,monthly,Deadwood Casinos,Deadwood Casinos,Deadwood Casinos,Deadwood Gaming Association,retail,soccer,561900,162273,162273,,,399627,14605,,0.2887933796049119,31,False,False,SD_2023_01.pdf,,,,,,https://dor.sd.gov/media/sruhx0et/january-2023-stats.pdf,https://dor.sd.gov/businesses/gaming/,SD/screenshots/SD_2023_01_SD_2023_01_p1.png,"SOCCER $5,619.00 $1,622.73 71.12%",,2026-04-08T18:44:54.236718
SD,2023-01-01,2023-01-31,monthly,Deadwood Casinos,Deadwood Casinos,Deadwood Casinos,Deadwood Gaming Association,retail,tennis,391360,142341,142341,,,249019,12811,,0.3637086058871627,31,False,False,SD_2023_01.pdf,,,,,,https://dor.sd.gov/media/sruhx0et/january-2023-stats.pdf,https://dor.sd.gov/businesses/gaming/,SD/screenshots/SD_2023_01_SD_2023_01_p1.png,"TENNIS $3,913.60 $1,423.41 63.63%",,2026-04-08T18:44:54.236718
SD,2023-01-01,2023-01-31,monthly,Deadwood Casinos,Deadwood Casinos,Deadwood Casinos,Deadwood Gaming Association,retail,,91031155,12336545,12336545,,,78694610,1110289,,0.13552003157600273,31,False,False,SD_2023_01.pdf,,,,,,https://dor.sd.gov/media/sruhx0et/january-2023-stats.pdf,https://dor.sd.gov/businesses/gaming/,SD/screenshots/SD_2023_01_SD_2023_01_p1.png,"Totals $910,311.55 $123,365.45 86.45%",,2026-04-08T18:44:54.236718
SD,2023-02-01,2023-02-28,monthly,Deadwood Casinos,Deadwood Casinos,Deadwood Casinos,Deadwood Gaming Association,retail,boxing,1500,1500,1500,,,0,135,,1.0,28,False,False,SD_2023_02.pdf,,,,,,https://dor.sd.gov/media/v53hc32h/february-2023-stats.pdf,https://dor.sd.gov/businesses/gaming/,SD/screenshots/SD_2023_02_SD_2023_02_p1.png,BOXING $15.00 $15.00 0.00%,,2026-04-08T18:44:55.253935
SD,2023-02-01,2023-02-28,monthly,Deadwood Casinos,Deadwood Casinos,Deadwood Casinos,Deadwood Gaming Association,retail,motorsports,985925,651625,651625,,,334300,58646,,0.6609275553414307,28,False,False,SD_2023_02.pdf,,,,,,https://dor.sd.gov/media/v53hc32h/february-2023-stats.pdf,https://dor.sd.gov/businesses/gaming/,SD/screenshots/SD_2023_02_SD_2023_02_p1.png,"FORMULA 1 $20.00 $20.00 0.00% | NASCAR $9,839.25 $6,496.25 33.98%",,2026-04-08T18:44:55.253935
SD,2023-02-01,2023-02-28,monthly,Deadwood Casinos,Deadwood Casinos,Deadwood Casinos,Deadwood Gaming Association,retail,baseball,591590,542458,542458,,,49132,48821,,0.9169492384928751,28,False,False,SD_2023_02.pdf,,,,,,https://dor.sd.gov/media/v53hc32h/february-2023-stats.pdf,https://dor.sd.gov/businesses/gaming/,SD/screenshots/SD_2023_02_SD_2023_02_p1.png,"MLB $5,915.90 $5,424.58 8.31%",,2026-04-08T18:44:55.253935
SD,2023-02-01,2023-02-28,monthly,Deadwood Casinos,Deadwood Casinos,Deadwood Casinos,Deadwood Gaming Association,retail,mma,1705180,973156,973156,,,732024,87584,,0.5707057319461875,28,False,False,SD_2023_02.pdf,,,,,,https://dor.sd.gov/media/v53hc32h/february-2023-stats.pdf,https://dor.sd.gov/businesses/gaming/,SD/screenshots/SD_2023_02_SD_2023_02_p1.png,"MMA/UFC $17,051.80 $9,731.56 42.93%",,2026-04-08T18:44:55.253935
SD,2023-02-01,2023-02-28,monthly,Deadwood Casinos,Deadwood Casinos,Deadwood Casinos,Deadwood Gaming Association,retail,basketball,4996635,648438,648438,,,4348197,58359,,0.12977493853363314,28,False,False,SD_2023_02.pdf,,,,,,https://dor.sd.gov/media/v53hc32h/february-2023-stats.pdf,https://dor.sd.gov/businesses/gaming/,SD/screenshots/SD_2023_02_SD_2023_02_p1.png,"NBA $49,966.35 $6,484.38 87.02%",,2026-04-08T18:44:55.253935
SD,2023-02-01,2023-02-28,monthly,Deadwood Casinos,Deadwood Casinos,Deadwood Casinos,Deadwood Gaming Association,retail,football_college,1000,-354011,-354011,,,355011,0,,-354.011,28,False,False,SD_2023_02.pdf,,,,,,https://dor.sd.gov/media/v53hc32h/february-2023-stats.pdf,https://dor.sd.gov/businesses/gaming/,SD/screenshots/SD_2023_02_SD_2023_02_p1.png,"NCAA FB $10.00 ($3,540.11) 35501.10%",,2026-04-08T18:44:55.253935
SD,2023-02-01,2023-02-28,monthly,Deadwood Casinos,Deadwood Casinos,Deadwood Casinos,Deadwood Gaming Association,retail,basketball_college,32925171,5661883,5661883,,,27263288,509569,,0.17196214409941865,28,False,False,SD_2023_02.pdf,,,,,,https://dor.sd.gov/media/v53hc32h/february-2023-stats.pdf,https://dor.sd.gov/businesses/gaming/,SD/screenshots/SD_2023_02_SD_2023_02_p1.png,"NCAA Mens BB $329,251.71 $56,618.83 82.80%",,2026-04-08T18:44:55.253935
SD,2023-02-01,2023-02-28,monthly,Deadwood Casinos,Deadwood Casinos,Deadwood Casinos,Deadwood Gaming Association,retail,football,22619035,-2092152,-2092152,,,24711187,0,,-0.09249519265521275,28,False,False,SD_2023_02.pdf,,,,,,https://dor.sd.gov/media/v53hc32h/february-2023-stats.pdf,https://dor.sd.gov/businesses/gaming/,SD/screenshots/SD_2023_02_SD_2023_02_p1.png,"NFL $226,190.35 ($20,921.52) 109.25%",,2026-04-08T18:44:55.253935
SD,2023-02-01,2023-02-28,monthly,Deadwood Casinos,Deadwood Casinos,Deadwood Casinos,Deadwood Gaming Association,retail,hockey,6712778,1993855,1993855,,,4718923,179447,,0.29702382530749566,28,False,False,SD_2023_02.pdf,,,,,,https://dor.sd.gov/media/v53hc32h/february-2023-stats.pdf,https://dor.sd.gov/businesses/gaming/,SD/screenshots/SD_2023_02_SD_2023_02_p1.png,"NHL $67,127.78 $19,938.55 70.30%",,2026-04-08T18:44:55.253935
SD,2023-02-01,2023-02-28,monthly,Deadwood Casinos,Deadwood Casinos,Deadwood Casinos,Deadwood Gaming Association,retail,golf,454835,381180,381180,,,73655,34306,,0.8380621544076423,28,False,False,SD_2023_02.pdf,,,,,,https://dor.sd.gov/media/v53hc32h/february-2023-stats.pdf,https://dor.sd.gov/businesses/gaming/,SD/screenshots/SD_2023_02_SD_2023_02_p1.png,"PGA $4,548.35 $3,811.80 16.19%",,2026-04-08T18:44:55.253935
SD,2023-02-01,2023-02-28,monthly,Deadwood Casinos,Deadwood Casinos,Deadwood Casinos,Deadwood Gaming Association,retail,soccer,175321,-47096,-47096,,,222417,0,,-0.26862726085294975,28,False,False,SD_2023_02.pdf,,,,,,https://dor.sd.gov/media/v53hc32h/february-2023-stats.pdf,https://dor.sd.gov/businesses/gaming/,SD/screenshots/SD_2023_02_SD_2023_02_p1.png,"SOCCER $1,753.21 ($470.96) 126.86%",,2026-04-08T18:44:55.253935
SD,2023-02-01,2023-02-28,monthly,Deadwood Casinos,Deadwood Casinos,Deadwood Casinos,Deadwood Gaming Association,retail,tennis,544700,-75495,-75495,,,620195,0,,-0.1385992289333578,28,False,False,SD_2023_02.pdf,,,,,,https://dor.sd.gov/media/v53hc32h/february-2023-stats.pdf,https://dor.sd.gov/businesses/gaming/,SD/screenshots/SD_2023_02_SD_2023_02_p1.png,"TENNIS $5,447.00 ($754.95) 113.86%",,2026-04-08T18:44:55.253935
SD,2023-02-01,2023-02-28,monthly,Deadwood Casinos,Deadwood Casinos,Deadwood Casinos,Deadwood Gaming Association,retail,,71713670,8285341,8285341,,,63428329,745681,,0.11553363535850278,28,False,False,SD_2023_02.pdf,,,,,,https://dor.sd.gov/media/v53hc32h/february-2023-stats.pdf,https://dor.sd.gov/businesses/gaming/,SD/screenshots/SD_2023_02_SD_2023_02_p1.png,"Totals $717,136.70 $82,853.41 88.45%",,2026-04-08T18:44:55.253935
SD,2023-03-01,2023-03-31,monthly,Deadwood Casinos,Deadwood Casinos,Deadwood Casinos,Deadwood Gaming Association,retail,boxing,29500,29500,29500,,,0,2655,,1.0,31,False,False,SD_2023_03.pdf,,,,,,https://dor.sd.gov/media/kxqbdvye/march-2023-stats.pdf,https://dor.sd.gov/businesses/gaming/,SD/screenshots/SD_2023_03_SD_2023_03_p1.png,BOXING $295.00 $295.00 0.00%,,2026-04-08T18:44:56.241112
SD,2023-03-01,2023-03-31,monthly,Deadwood Casinos,Deadwood Casinos,Deadwood Casinos,Deadwood Gaming Association,retail,motorsports,752710,707422,707422,,,45288,63668,,0.9398334019741998,31,False,False,SD_2023_03.pdf,,,,,,https://dor.sd.gov/media/kxqbdvye/march-2023-stats.pdf,https://dor.sd.gov/businesses/gaming/,SD/screenshots/SD_2023_03_SD_2023_03_p1.png,"FORMULA 1 $345.00 $310.00 10.14% | NASCAR $7,182.10 $6,764.22 5.82%",,2026-04-08T18:44:56.241112
SD,2023-03-01,2023-03-31,monthly,Deadwood Casinos,Deadwood Casinos,Deadwood Casinos,Deadwood Gaming Association,retail,baseball,3638491,2362700,2362700,,,1275791,212643,,0.6493626066410498,31,False,False,SD_2023_03.pdf,,,,,,https://dor.sd.gov/media/kxqbdvye/march-2023-stats.pdf,https://dor.sd.gov/businesses/gaming/,SD/screenshots/SD_2023_03_SD_2023_03_p1.png,"MLB $36,379.91 $23,622.00 35.07% | NCAA BASEBALL $5.00 $5.00 0.00%",,2026-04-08T18:44:56.241112
SD,2023-03-01,2023-03-31,monthly,Deadwood Casinos,Deadwood Casinos,Deadwood Casinos,Deadwood Gaming Association,retail,mma,3470780,-623039,-623039,,,4093819,0,,-0.17950979318769844,31,False,False,SD_2023_03.pdf,,,,,,https://dor.sd.gov/media/kxqbdvye/march-2023-stats.pdf,https://dor.sd.gov/businesses/gaming/,SD/screenshots/SD_2023_03_SD_2023_03_p1.png,"MMA/UFC $34,707.80 ($6,230.39) 117.95%",,2026-04-08T18:44:56.241112
SD,2023-03-01,2023-03-31,monthly,Deadwood Casinos,Deadwood Casinos,Deadwood Casinos,Deadwood Gaming Association,retail,basketball,6042989,628097,628097,,,5414892,56529,,0.10393813392677034,31,False,False,SD_2023_03.pdf,,,,,,https://dor.sd.gov/media/kxqbdvye/march-2023-stats.pdf,https://dor.sd.gov/businesses/gaming/,SD/screenshots/SD_2023_03_SD_2023_03_p1.png,"NBA $60,334.89 $6,185.97 89.75% | WNBA $95.00 $95.00 0.00%",,2026-04-08T18:44:56.241112
SD,2023-03-01,2023-03-31,monthly,Deadwood Casinos,Deadwood Casinos,Deadwood Casinos,Deadwood Gaming Association,retail,football_college,8800,-154208,-154208,,,163008,0,,-17.523636363636363,31,False,False,SD_2023_03.pdf,,,,,,https://dor.sd.gov/media/kxqbdvye/march-2023-stats.pdf,https://dor.sd.gov/businesses/gaming/,SD/screenshots/SD_2023_03_SD_2023_03_p1.png,"NCAA FB $88.00 ($1,542.08) 1852.36%",,2026-04-08T18:44:56.241112
SD,2023-03-01,2023-03-31,monthly,Deadwood Casinos,Deadwood Casinos,Deadwood Casinos,Deadwood Gaming Association,retail,hockey,4491525,1016549,1016549,,,3474976,91489,,0.2263260251250967,31,False,False,SD_2023_03.pdf,,,,,,https://dor.sd.gov/media/kxqbdvye/march-2023-stats.pdf,https://dor.sd.gov/businesses/gaming/,SD/screenshots/SD_2023_03_SD_2023_03_p1.png,"NCAA HOCKEY $470.00 ($130.35) 127.73% | NHL $44,445.25 $10,295.84 76.83%",,2026-04-08T18:44:56.241112
SD,2023-03-01,2023-03-31,monthly,Deadwood Casinos,Deadwood Casinos,Deadwood Casinos,Deadwood Gaming Association,retail,basketball_college,72906095,15056777,15056777,,,57849318,1355110,,0.20652288399207228,31,False,False,SD_2023_03.pdf,,,,,,https://dor.sd.gov/media/kxqbdvye/march-2023-stats.pdf,https://dor.sd.gov/businesses/gaming/,SD/screenshots/SD_2023_03_SD_2023_03_p1.png,"NCAA Mens BB $729,060.95 $150,567.77 79.35%",,2026-04-08T18:44:56.241112
SD,2023-03-01,2023-03-31,monthly,Deadwood Casinos,Deadwood Casinos,Deadwood Casinos,Deadwood Gaming Association,retail,football,294880,-3199085,-3199085,,,3493965,0,,-10.848768990775909,31,False,False,SD_2023_03.pdf,,,,,,https://dor.sd.gov/media/kxqbdvye/march-2023-stats.pdf,https://dor.sd.gov/businesses/gaming/,SD/screenshots/SD_2023_03_SD_2023_03_p1.png,"NFL $2,948.80 ($31,990.85) 1184.88%",,2026-04-08T18:44:56.241112
SD,2023-03-01,2023-03-31,monthly,Deadwood Casinos,Deadwood Casinos,Deadwood Casinos,Deadwood Gaming Association,retail,golf,463350,333400,333400,,,129950,30006,,0.7195424625013489,31,False,False,SD_2023_03.pdf,,,,,,https://dor.sd.gov/media/kxqbdvye/march-2023-stats.pdf,https://dor.sd.gov/businesses/gaming/,SD/screenshots/SD_2023_03_SD_2023_03_p1.png,"PGA $4,633.50 $3,334.00 28.05%",,2026-04-08T18:44:56.241112
SD,2023-03-01,2023-03-31,monthly,Deadwood Casinos,Deadwood Casinos,Deadwood Casinos,Deadwood Gaming Association,retail,soccer,85844,-22867,-22867,,,108711,0,,-0.26637854713200687,31,False,False,SD_2023_03.pdf,,,,,,https://dor.sd.gov/media/kxqbdvye/march-2023-stats.pdf,https://dor.sd.gov/businesses/gaming/,SD/screenshots/SD_2023_03_SD_2023_03_p1.png,SOCCER $858.44 ($228.67) 126.64%,,2026-04-08T18:44:56.241112
SD,2023-03-01,2023-03-31,monthly,Deadwood Casinos,Deadwood Casinos,Deadwood Casinos,Deadwood Gaming Association,retail,tennis,205450,1564,1564,,,203886,141,,0.007612557799951326,31,False,False,SD_2023_03.pdf,,,,,,https://dor.sd.gov/media/kxqbdvye/march-2023-stats.pdf,https://dor.sd.gov/businesses/gaming/,SD/screenshots/SD_2023_03_SD_2023_03_p1.png,"TENNIS $2,054.50 $15.64 99.24%",,2026-04-08T18:44:56.241112
SD,2023-03-01,2023-03-31,monthly,Deadwood Casinos,Deadwood Casinos,Deadwood Casinos,Deadwood Gaming Association,retail,,92390414,16136810,16136810,,,76253604,1452313,,0.17465892078370815,31,False,False,SD_2023_03.pdf,,,,,,https://dor.sd.gov/media/kxqbdvye/march-2023-stats.pdf,https://dor.sd.gov/businesses/gaming/,SD/screenshots/SD_2023_03_SD_2023_03_p1.png,"Totals $923,904.14 $161,368.10 82.53%",,2026-04-08T18:44:56.241112
SD,2023-04-01,2023-04-30,monthly,Deadwood Casinos,Deadwood Casinos,Deadwood Casinos,Deadwood Gaming Association,retail,boxing,247980,76169,76169,,,171811,6855,,0.30715783530929913,30,False,False,SD_2023_04.pdf,,,,,,https://dor.sd.gov/media/dhndr3py/april-2023-stats.pdf,https://dor.sd.gov/businesses/gaming/,SD/screenshots/SD_2023_04_SD_2023_04_p1.png,"BOXING $2,479.80 $761.69 69.28%",,2026-04-08T18:44:57.238941
SD,2023-04-01,2023-04-30,monthly,Deadwood Casinos,Deadwood Casinos,Deadwood Casinos,Deadwood Gaming Association,retail,motorsports,388100,-42610,-42610,,,430710,0,,-0.10979129090440608,30,False,False,SD_2023_04.pdf,,,,,,https://dor.sd.gov/media/dhndr3py/april-2023-stats.pdf,https://dor.sd.gov/businesses/gaming/,SD/screenshots/SD_2023_04_SD_2023_04_p1.png,"FORMULA 1 $140.00 $6.65 95.25% | NASCAR $3,741.00 ($432.75) 111.57%",,2026-04-08T18:44:57.238941
SD,2023-04-01,2023-04-30,monthly,Deadwood Casinos,Deadwood Casinos,Deadwood Casinos,Deadwood Gaming Association,retail,baseball,22592408,4509801,4509801,,,18082607,405882,,0.19961577358199267,30,False,False,SD_2023_04.pdf,,,,,,https://dor.sd.gov/media/dhndr3py/april-2023-stats.pdf,https://dor.sd.gov/businesses/gaming/,SD/screenshots/SD_2023_04_SD_2023_04_p1.png,"MLB $225,924.08 $45,098.01 80.04%",,2026-04-08T18:44:57.238941
SD,2023-04-01,2023-04-30,monthly,Deadwood Casinos,Deadwood Casinos,Deadwood Casinos,Deadwood Gaming Association,retail,mma,2542875,814168,814168,,,1728707,73275,,0.32017617853807206,30,False,False,SD_2023_04.pdf,,,,,,https://dor.sd.gov/media/dhndr3py/april-2023-stats.pdf,https://dor.sd.gov/businesses/gaming/,SD/screenshots/SD_2023_04_SD_2023_04_p1.png,"MMA/UFC $25,428.75 $8,141.68 67.98%",,2026-04-08T18:44:57.238941
SD,2023-04-01,2023-04-30,monthly,Deadwood Casinos,Deadwood Casinos,Deadwood Casinos,Deadwood Gaming Association,retail,basketball,10709884,2168352,2168352,,,8541532,195152,,0.20246269707496364,30,False,False,SD_2023_04.pdf,,,,,,https://dor.sd.gov/media/dhndr3py/april-2023-stats.pdf,https://dor.sd.gov/businesses/gaming/,SD/screenshots/SD_2023_04_SD_2023_04_p1.png,"NBA $107,098.84 $21,683.52 79.75%",,2026-04-08T18:44:57.238941
SD,2023-04-01,2023-04-30,monthly,Deadwood Casinos,Deadwood Casinos,Deadwood Casinos,Deadwood Gaming Association,retail,football_college,3000,-78793,-78793,,,81793,0,,-26.264333333333333,30,False,False,SD_2023_04.pdf,,,,,,https://dor.sd.gov/media/dhndr3py/april-2023-stats.pdf,https://dor.sd.gov/businesses/gaming/,SD/screenshots/SD_2023_04_SD_2023_04_p1.png,NCAA FB $30.00 ($787.93) 2726.43%,,2026-04-08T18:44:57.238941
SD,2023-04-01,2023-04-30,monthly,Deadwood Casinos,Deadwood Casinos,Deadwood Casinos,Deadwood Gaming Association,retail,basketball_college,6327318,-4698715,-4698715,,,11026033,0,,-0.7426076893875099,30,False,False,SD_2023_04.pdf,,,,,,https://dor.sd.gov/media/dhndr3py/april-2023-stats.pdf,https://dor.sd.gov/businesses/gaming/,SD/screenshots/SD_2023_04_SD_2023_04_p1.png,"NCAA Mens BB $63,273.18 ($46,987.15) 174.26%",,2026-04-08T18:44:57.238941
SD,2023-04-01,2023-04-30,monthly,Deadwood Casinos,Deadwood Casinos,Deadwood Casinos,Deadwood Gaming Association,retail,football,290855,-805558,-805558,,,1096413,0,,-2.7696206013305598,30,False,False,SD_2023_04.pdf,,,,,,https://dor.sd.gov/media/dhndr3py/april-2023-stats.pdf,https://dor.sd.gov/businesses/gaming/,SD/screenshots/SD_2023_04_SD_2023_04_p1.png,"NFL $2,908.55 ($8,055.58) 376.96%",,2026-04-08T18:44:57.238941
SD,2023-04-01,2023-04-30,monthly,Deadwood Casinos,Deadwood Casinos,Deadwood Casinos,Deadwood Gaming Association,retail,hockey,4878845,172097,172097,,,4706748,15489,,0.03527412738055831,30,False,False,SD_2023_04.pdf,,,,,,https://dor.sd.gov/media/dhndr3py/april-2023-stats.pdf,https://dor.sd.gov/businesses/gaming/,SD/screenshots/SD_2023_04_SD_2023_04_p1.png,"NHL $48,788.45 $1,720.97 96.47%",,2026-04-08T18:44:57.238941
SD,2023-04-01,2023-04-30,monthly,Deadwood Casinos,Deadwood Casinos,Deadwood Casinos,Deadwood Gaming Association,retail,golf,847360,111022,111022,,,736338,9992,,0.13102105362537764,30,False,False,SD_2023_04.pdf,,,,,,https://dor.sd.gov/media/dhndr3py/april-2023-stats.pdf,https://dor.sd.gov/businesses/gaming/,SD/screenshots/SD_2023_04_SD_2023_04_p1.png,"PGA $8,473.60 $1,110.22 86.90%",,2026-04-08T18:44:57.238941
SD,2023-04-01,2023-04-30,monthly,Deadwood Casinos,Deadwood Casinos,Deadwood Casinos,Deadwood Gaming Association,retail,soccer,373685,38037,38037,,,335648,3423,,0.10178893988252137,30,False,False,SD_2023_04.pdf,,,,,,https://dor.sd.gov/media/dhndr3py/april-2023-stats.pdf,https://dor.sd.gov/businesses/gaming/,SD/screenshots/SD_2023_04_SD_2023_04_p1.png,"SOCCER $3,736.85 $380.37 89.82%",,2026-04-08T18:44:57.238941
SD,2023-04-01,2023-04-30,monthly,Deadwood Casinos,Deadwood Casinos,Deadwood Casinos,Deadwood Gaming Association,retail,tennis,69180,16357,16357,,,52823,1472,,0.2364411679676207,30,False,False,SD_2023_04.pdf,,,,,,https://dor.sd.gov/media/dhndr3py/april-2023-stats.pdf,https://dor.sd.gov/businesses/gaming/,SD/screenshots/SD_2023_04_SD_2023_04_p1.png,TENNIS $691.80 $163.57 76.36%,,2026-04-08T18:44:57.238941
SD,2023-04-01,2023-04-30,monthly,Deadwood Casinos,Deadwood Casinos,Deadwood Casinos,Deadwood Gaming Association,retail,other,33000,-30000,-30000,,,63000,0,,-0.9090909090909091,30,False,False,SD_2023_04.pdf,,,,,,https://dor.sd.gov/media/dhndr3py/april-2023-stats.pdf,https://dor.sd.gov/businesses/gaming/,SD/screenshots/SD_2023_04_SD_2023_04_p1.png,USFL $330.00 ($300.00) 190.91%,,2026-04-08T18:44:57.238941
SD,2023-04-01,2023-04-30,monthly,Deadwood Casinos,Deadwood Casinos,Deadwood Casinos,Deadwood Gaming Association,retail,,49304490,2250327,2250327,,,47054163,202529,,0.04564142129854705,30,False,False,SD_2023_04.pdf,,,,,,https://dor.sd.gov/media/dhndr3py/april-2023-stats.pdf,https://dor.sd.gov/businesses/gaming/,SD/screenshots/SD_2023_04_SD_2023_04_p1.png,"Totals $493,044.90 $22,503.27 95.44%",,2026-04-08T18:44:57.238941
SD,2023-05-01,2023-05-31,monthly,Deadwood Casinos,Deadwood Casinos,Deadwood Casinos,Deadwood Gaming Association,retail,boxing,60000,18802,18802,,,41198,1692,,0.3133666666666667,31,False,False,SD_2023_05.pdf,,,,,,https://dor.sd.gov/media/kyvhx4c2/may-2023-stats.pdf,https://dor.sd.gov/businesses/gaming/,SD/screenshots/SD_2023_05_SD_2023_05_p1.png,BOXING $600.00 $188.02 68.66%,,2026-04-08T18:44:58.240890
SD,2023-05-01,2023-05-31,monthly,Deadwood Casinos,Deadwood Casinos,Deadwood Casinos,Deadwood Gaming Association,retail,other,84500,-24597,-24597,,,109097,0,,-0.2910887573964497,31,False,False,SD_2023_05.pdf,,,,,,https://dor.sd.gov/media/kyvhx4c2/may-2023-stats.pdf,https://dor.sd.gov/businesses/gaming/,SD/screenshots/SD_2023_05_SD_2023_05_p1.png,CFL $100.00 ($119.53) 219.53% | USFL $745.00 ($126.44) 116.97%,,2026-04-08T18:44:58.240890
SD,2023-05-01,2023-05-31,monthly,Deadwood Casinos,Deadwood Casinos,Deadwood Casinos,Deadwood Gaming Association,retail,motorsports,379675,154656,154656,,,225019,13919,,0.4073378547441891,31,False,False,SD_2023_05.pdf,,,,,,https://dor.sd.gov/media/kyvhx4c2/may-2023-stats.pdf,https://dor.sd.gov/businesses/gaming/,SD/screenshots/SD_2023_05_SD_2023_05_p1.png,"FORMULA 1 $298.00 $298.00 0.00% | INDYCAR $20.00 $20.00 0.00% | NASCAR $3,478.75 $1,228.56 64.68%",,2026-04-08T18:44:58.240890
SD,2023-05-01,2023-05-31,monthly,Deadwood Casinos,Deadwood Casinos,Deadwood Casinos,Deadwood Gaming Association,retail,baseball,30662102,1782655,1782655,,,28879447,160439,,0.05813870816814842,31,False,False,SD_2023_05.pdf,,,,,,https://dor.sd.gov/media/kyvhx4c2/may-2023-stats.pdf,https://dor.sd.gov/businesses/gaming/,SD/screenshots/SD_2023_05_SD_2023_05_p1.png,"MLB $306,511.02 $17,716.55 94.22% | NCAA Baseball $110.00 $110.00 0.00%",,2026-04-08T18:44:58.240890
SD,2023-05-01,2023-05-31,monthly,Deadwood Casinos,Deadwood Casinos,Deadwood Casinos,Deadwood Gaming Association,retail,mma,1296545,159647,159647,,,1136898,14368,,0.12313263326764594,31,False,False,SD_2023_05.pdf,,,,,,https://dor.sd.gov/media/kyvhx4c2/may-2023-stats.pdf,https://dor.sd.gov/businesses/gaming/,SD/screenshots/SD_2023_05_SD_2023_05_p1.png,"MMA/UFC $12,965.45 $1,596.47 87.69%",,2026-04-08T18:44:58.240890
SD,2023-05-01,2023-05-31,monthly,Deadwood Casinos,Deadwood Casinos,Deadwood Casinos,Deadwood Gaming Association,retail,basketball,16364181,622446,622446,,,15741735,56020,,0.0380371006651662,31,False,False,SD_2023_05.pdf,,,,,,https://dor.sd.gov/media/kyvhx4c2/may-2023-stats.pdf,https://dor.sd.gov/businesses/gaming/,SD/screenshots/SD_2023_05_SD_2023_05_p1.png,"NBA $162,962.91 $5,663.31 96.52% | WNBA $678.90 $561.15 17.34%",,2026-04-08T18:44:58.240890
SD,2023-05-01,2023-05-31,monthly,Deadwood Casinos,Deadwood Casinos,Deadwood Casinos,Deadwood Gaming Association,retail,football_college,49100,-29059,-29059,,,78159,0,,-0.5918329938900204,31,False,False,SD_2023_05.pdf,,,,,,https://dor.sd.gov/media/kyvhx4c2/may-2023-stats.pdf,https://dor.sd.gov/businesses/gaming/,SD/screenshots/SD_2023_05_SD_2023_05_p1.png,NCAA FB $491.00 ($290.59) 159.18%,,2026-04-08T18:44:58.240890
SD,2023-05-01,2023-05-31,monthly,Deadwood Casinos,Deadwood Casinos,Deadwood Casinos,Deadwood Gaming Association,retail,basketball_college,11100,-274932,-274932,,,286032,0,,-24.76864864864865,31,False,False,SD_2023_05.pdf,,,,,,https://dor.sd.gov/media/kyvhx4c2/may-2023-stats.pdf,https://dor.sd.gov/businesses/gaming/,SD/screenshots/SD_2023_05_SD_2023_05_p1.png,"NCAA Mens BB $111.00 ($2,749.32) 2576.86%",,2026-04-08T18:44:58.240890
SD,2023-05-01,2023-05-31,monthly,Deadwood Casinos,Deadwood Casinos,Deadwood Casinos,Deadwood Gaming Association,retail,football,231500,30623,30623,,,200877,2756,,0.132280777537797,31,False,False,SD_2023_05.pdf,,,,,,https://dor.sd.gov/media/kyvhx4c2/may-2023-stats.pdf,https://dor.sd.gov/businesses/gaming/,SD/screenshots/SD_2023_05_SD_2023_05_p1.png,"NFL $2,315.00 $306.23 86.77%",,2026-04-08T18:44:58.240890
SD,2023-05-01,2023-05-31,monthly,Deadwood Casinos,Deadwood Casinos,Deadwood Casinos,Deadwood Gaming Association,retail,hockey,2627204,130045,130045,,,2497159,11704,,0.04949939174879454,31,False,False,SD_2023_05.pdf,,,,,,https://dor.sd.gov/media/kyvhx4c2/may-2023-stats.pdf,https://dor.sd.gov/businesses/gaming/,SD/screenshots/SD_2023_05_SD_2023_05_p1.png,"NHL $26,272.04 $1,300.45 95.05%",,2026-04-08T18:44:58.240890
SD,2023-05-01,2023-05-31,monthly,Deadwood Casinos,Deadwood Casinos,Deadwood Casinos,Deadwood Gaming Association,retail,golf,485130,-250275,-250275,,,735405,0,,-0.5158926473316431,31,False,False,SD_2023_05.pdf,,,,,,https://dor.sd.gov/media/kyvhx4c2/may-2023-stats.pdf,https://dor.sd.gov/businesses/gaming/,SD/screenshots/SD_2023_05_SD_2023_05_p1.png,"PGA $4,851.30 ($2,502.75) 151.59%",,2026-04-08T18:44:58.240890
SD,2023-05-01,2023-05-31,monthly,Deadwood Casinos,Deadwood Casinos,Deadwood Casinos,Deadwood Gaming Association,retail,soccer,306946,-33840,-33840,,,340786,0,,-0.11024740508102403,31,False,False,SD_2023_05.pdf,,,,,,https://dor.sd.gov/media/kyvhx4c2/may-2023-stats.pdf,https://dor.sd.gov/businesses/gaming/,SD/screenshots/SD_2023_05_SD_2023_05_p1.png,"SOCCER $3,069.46 ($338.40) 111.02%",,2026-04-08T18:44:58.240890
SD,2023-05-01,2023-05-31,monthly,Deadwood Casinos,Deadwood Casinos,Deadwood Casinos,Deadwood Gaming Association,retail,tennis,298265,-32613,-32613,,,330878,0,,-0.10934236333461854,31,False,False,SD_2023_05.pdf,,,,,,https://dor.sd.gov/media/kyvhx4c2/may-2023-stats.pdf,https://dor.sd.gov/businesses/gaming/,SD/screenshots/SD_2023_05_SD_2023_05_p1.png,"TENNIS $2,982.65 ($326.13) 110.93%",,2026-04-08T18:44:58.240890
SD,2023-05-01,2023-05-31,monthly,Deadwood Casinos,Deadwood Casinos,Deadwood Casinos,Deadwood Gaming Association,retail,,52856248,2253558,2253558,,,50602690,202820,,0.04263560289031488,31,False,False,SD_2023_05.pdf,,,,,,https://dor.sd.gov/media/kyvhx4c2/may-2023-stats.pdf,https://dor.sd.gov/businesses/gaming/,SD/screenshots/SD_2023_05_SD_2023_05_p1.png,"Totals $528,562.48 $22,535.58 95.74%",,2026-04-08T18:44:58.240890
SD,2023-06-01,2023-06-30,monthly,Deadwood Casinos,Deadwood Casinos,Deadwood Casinos,Deadwood Gaming Association,retail,boxing,3500,3500,3500,,,0,315,,1.0,30,False,False,SD_2023_06.pdf,,,,,,https://dor.sd.gov/media/vczl30k0/june-2023-stats.pdf,https://dor.sd.gov/businesses/gaming/,SD/screenshots/SD_2023_06_SD_2023_06_p1.png,BOXING $35.00 $35.00 0.00%,,2026-04-08T18:44:59.240172
SD,2023-06-01,2023-06-30,monthly,Deadwood Casinos,Deadwood Casinos,Deadwood Casinos,Deadwood Gaming Association,retail,other,111330,-77210,-77210,,,188540,0,,-0.6935237581963531,30,False,False,SD_2023_06.pdf,,,,,,https://dor.sd.gov/media/vczl30k0/june-2023-stats.pdf,https://dor.sd.gov/businesses/gaming/,SD/screenshots/SD_2023_06_SD_2023_06_p1.png,CFL $340.00 ($300.00) 188.24% | USFL $773.30 ($472.10) 161.05%,,2026-04-08T18:44:59.240172
SD,2023-06-01,2023-06-30,monthly,Deadwood Casinos,Deadwood Casinos,Deadwood Casinos,Deadwood Gaming Association,retail,motorsports,353400,-267080,-267080,,,620480,0,,-0.7557441992076966,30,False,False,SD_2023_06.pdf,,,,,,https://dor.sd.gov/media/vczl30k0/june-2023-stats.pdf,https://dor.sd.gov/businesses/gaming/,SD/screenshots/SD_2023_06_SD_2023_06_p1.png,"FORMULA 1 $250.00 $150.00 40.00% | NASCAR $3,284.00 ($2,820.80) 185.90%",,2026-04-08T18:44:59.240172
SD,2023-06-01,2023-06-30,monthly,Deadwood Casinos,Deadwood Casinos,Deadwood Casinos,Deadwood Gaming Association,retail,baseball,31844995,1076445,1076445,,,30768550,96880,,0.0338026430841016,30,False,False,SD_2023_06.pdf,,,,,,https://dor.sd.gov/media/vczl30k0/june-2023-stats.pdf,https://dor.sd.gov/businesses/gaming/,SD/screenshots/SD_2023_06_SD_2023_06_p1.png,"MLB $311,522.93 $10,367.32 96.67% | NCAA Baseball $6,927.02 $397.13 94.27%",,2026-04-08T18:44:59.240172
SD,2023-06-01,2023-06-30,monthly,Deadwood Casinos,Deadwood Casinos,Deadwood Casinos,Deadwood Gaming Association,retail,mma,1514135,162502,162502,,,1351633,14625,,0.10732332321754665,30,False,False,SD_2023_06.pdf,,,,,,https://dor.sd.gov/media/vczl30k0/june-2023-stats.pdf,https://dor.sd.gov/businesses/gaming/,SD/screenshots/SD_2023_06_SD_2023_06_p1.png,"MMA/UFC $15,141.35 $1,625.02 89.27%",,2026-04-08T18:44:59.240172
SD,2023-06-01,2023-06-30,monthly,Deadwood Casinos,Deadwood Casinos,Deadwood Casinos,Deadwood Gaming Association,retail,basketball,4617635,-951330,-951330,,,5568965,0,,-0.20602104757088857,30,False,False,SD_2023_06.pdf,,,,,,https://dor.sd.gov/media/vczl30k0/june-2023-stats.pdf,https://dor.sd.gov/businesses/gaming/,SD/screenshots/SD_2023_06_SD_2023_06_p1.png,"NBA $45,774.52 ($9,224.63) 120.15% | WNBA $401.83 ($288.67) 171.84%",,2026-04-08T18:44:59.240172
SD,2023-06-01,2023-06-30,monthly,Deadwood Casinos,Deadwood Casinos,Deadwood Casinos,Deadwood Gaming Association,retail,football_college,12700,-2850,-2850,,,15550,0,,-0.22440944881889763,30,False,False,SD_2023_06.pdf,,,,,,https://dor.sd.gov/media/vczl30k0/june-2023-stats.pdf,https://dor.sd.gov/businesses/gaming/,SD/screenshots/SD_2023_06_SD_2023_06_p1.png,NCAA FB $127.00 ($28.50) 122.44%,,2026-04-08T18:44:59.240172
SD,2023-06-01,2023-06-30,monthly,Deadwood Casinos,Deadwood Casinos,Deadwood Casinos,Deadwood Gaming Association,retail,basketball_college,2000,-226885,-226885,,,228885,0,,-113.4425,30,False,False,SD_2023_06.pdf,,,,,,https://dor.sd.gov/media/vczl30k0/june-2023-stats.pdf,https://dor.sd.gov/businesses/gaming/,SD/screenshots/SD_2023_06_SD_2023_06_p1.png,"NCAA Mens BB $20.00 ($2,268.85) 11444.25%",,2026-04-08T18:44:59.240172
SD,2023-06-01,2023-06-30,monthly,Deadwood Casinos,Deadwood Casinos,Deadwood Casinos,Deadwood Gaming Association,retail,football,298950,156183,156183,,,142767,14056,,0.5224385348720522,30,False,False,SD_2023_06.pdf,,,,,,https://dor.sd.gov/media/vczl30k0/june-2023-stats.pdf,https://dor.sd.gov/businesses/gaming/,SD/screenshots/SD_2023_06_SD_2023_06_p1.png,"NFL $2,989.50 $1,561.83 47.76%",,2026-04-08T18:44:59.240172
SD,2023-06-01,2023-06-30,monthly,Deadwood Casinos,Deadwood Casinos,Deadwood Casinos,Deadwood Gaming Association,retail,hockey,1620587,-981000,-981000,,,2601587,0,,-0.6053362145938478,30,False,False,SD_2023_06.pdf,,,,,,https://dor.sd.gov/media/vczl30k0/june-2023-stats.pdf,https://dor.sd.gov/businesses/gaming/,SD/screenshots/SD_2023_06_SD_2023_06_p1.png,"NHL $16,205.87 ($9,810.00) 160.53%",,2026-04-08T18:44:59.240172
SD,2023-06-01,2023-06-30,monthly,Deadwood Casinos,Deadwood Casinos,Deadwood Casinos,Deadwood Gaming Association,retail,golf,489191,54871,54871,,,434320,4938,,0.11216682236590617,30,False,False,SD_2023_06.pdf,,,,,,https://dor.sd.gov/media/vczl30k0/june-2023-stats.pdf,https://dor.sd.gov/businesses/gaming/,SD/screenshots/SD_2023_06_SD_2023_06_p1.png,"PGA $4,891.91 $548.71 88.78%",,2026-04-08T18:44:59.240172
SD,2023-06-01,2023-06-30,monthly,Deadwood Casinos,Deadwood Casinos,Deadwood Casinos,Deadwood Gaming Association,retail,soccer,142944,93314,93314,,,49630,8398,,0.6528010969330647,30,False,False,SD_2023_06.pdf,,,,,,https://dor.sd.gov/media/vczl30k0/june-2023-stats.pdf,https://dor.sd.gov/businesses/gaming/,SD/screenshots/SD_2023_06_SD_2023_06_p1.png,"SOCCER $1,429.44 $933.14 34.72%",,2026-04-08T18:44:59.240172
SD,2023-06-01,2023-06-30,monthly,Deadwood Casinos,Deadwood Casinos,Deadwood Casinos,Deadwood Gaming Association,retail,tennis,691100,34114,34114,,,656986,3070,,0.04936188684705542,30,False,False,SD_2023_06.pdf,,,,,,https://dor.sd.gov/media/vczl30k0/june-2023-stats.pdf,https://dor.sd.gov/businesses/gaming/,SD/screenshots/SD_2023_06_SD_2023_06_p1.png,"TENNIS $6,911.00 $341.14 95.06%",,2026-04-08T18:44:59.240172
SD,2023-06-01,2023-06-30,monthly,Deadwood Casinos,Deadwood Casinos,Deadwood Casinos,Deadwood Gaming Association,retail,,41702467,-925426,-925426,,,42627893,0,,-0.022191157180221497,30,False,False,SD_2023_06.pdf,,,,,,https://dor.sd.gov/media/vczl30k0/june-2023-stats.pdf,https://dor.sd.gov/businesses/gaming/,SD/screenshots/SD_2023_06_SD_2023_06_p1.png,"Totals $417,024.67 ($9,254.26) 102.22%",,2026-04-08T18:44:59.240172
SD,2023-07-01,2023-07-31,monthly,Deadwood Casinos,Deadwood Casinos,Deadwood Casinos,Deadwood Gaming Association,retail,boxing,215900,87702,87702,,,128198,7893,,0.40621584066697547,31,False,False,SD_2023_07.pdf,,,,,,https://dor.sd.gov/media/rm0l5cjc/july-2023-stats.pdf,https://dor.sd.gov/businesses/gaming/,SD/screenshots/SD_2023_07_SD_2023_07_p1.png,"BOXING $2,159.00 $877.02 59.38%",,2026-04-08T18:45:00.413390
SD,2023-07-01,2023-07-31,monthly,Deadwood Casinos,Deadwood Casinos,Deadwood Casinos,Deadwood Gaming Association,retail,other,185500,78610,78610,,,106890,7075,,0.42377358490566036,31,False,False,SD_2023_07.pdf,,,,,,https://dor.sd.gov/media/rm0l5cjc/july-2023-stats.pdf,https://dor.sd.gov/businesses/gaming/,SD/screenshots/SD_2023_07_SD_2023_07_p1.png,"CFL $1,855.00 $786.10 57.62%",,2026-04-08T18:45:00.413390
SD,2023-07-01,2023-07-31,monthly,Deadwood Casinos,Deadwood Casinos,Deadwood Casinos,Deadwood Gaming Association,retail,motorsports,482735,202830,202830,,,279905,18255,,0.4201684153831812,31,False,False,SD_2023_07.pdf,,,,,,https://dor.sd.gov/media/rm0l5cjc/july-2023-stats.pdf,https://dor.sd.gov/businesses/gaming/,SD/screenshots/SD_2023_07_SD_2023_07_p1.png,"FORMULA 1 $736.35 $513.05 30.33% | NASCAR $4,091.00 $1,515.25 62.96%",,2026-04-08T18:45:00.413390
SD,2023-07-01,2023-07-31,monthly,Deadwood Casinos,Deadwood Casinos,Deadwood Casinos,Deadwood Gaming Association,retail,baseball,32337125,627474,627474,,,31709651,56473,,0.0194041368860095,31,False,False,SD_2023_07.pdf,,,,,,https://dor.sd.gov/media/rm0l5cjc/july-2023-stats.pdf,https://dor.sd.gov/businesses/gaming/,SD/screenshots/SD_2023_07_SD_2023_07_p1.png,"MLB $323,371.25 $6,274.74 98.06%",,2026-04-08T18:45:00.413390
SD,2023-07-01,2023-07-31,monthly,Deadwood Casinos,Deadwood Casinos,Deadwood Casinos,Deadwood Gaming Association,retail,mma,4394865,192289,192289,,,4202576,17306,,0.04375310731956499,31,False,False,SD_2023_07.pdf,,,,,,https://dor.sd.gov/media/rm0l5cjc/july-2023-stats.pdf,https://dor.sd.gov/businesses/gaming/,SD/screenshots/SD_2023_07_SD_2023_07_p1.png,"MMA/UFC $43,948.65 $1,922.89 95.62%",,2026-04-08T18:45:00.413390
SD,2023-07-01,2023-07-31,monthly,Deadwood Casinos,Deadwood Casinos,Deadwood Casinos,Deadwood Gaming Association,retail,basketball,345972,-57398,-57398,,,403370,0,,-0.16590359913519012,31,False,False,SD_2023_07.pdf,,,,,,https://dor.sd.gov/media/rm0l5cjc/july-2023-stats.pdf,https://dor.sd.gov/businesses/gaming/,SD/screenshots/SD_2023_07_SD_2023_07_p1.png,"NBA $2,501.72 ($1,466.53) 158.62% | WNBA $958.00 $892.55 6.83%",,2026-04-08T18:45:00.413390
SD,2023-07-01,2023-07-31,monthly,Deadwood Casinos,Deadwood Casinos,Deadwood Casinos,Deadwood Gaming Association,retail,football_college,124400,120623,120623,,,3777,10856,,0.9696382636655948,31,False,False,SD_2023_07.pdf,,,,,,https://dor.sd.gov/media/rm0l5cjc/july-2023-stats.pdf,https://dor.sd.gov/businesses/gaming/,SD/screenshots/SD_2023_07_SD_2023_07_p1.png,"NCAA FB $1,244.00 $1,206.23 3.04%",,2026-04-08T18:45:00.413390
SD,2023-07-01,2023-07-31,monthly,Deadwood Casinos,Deadwood Casinos,Deadwood Casinos,Deadwood Gaming Association,retail,basketball_college,102000,70230,70230,,,31770,6321,,0.6885294117647058,31,False,False,SD_2023_07.pdf,,,,,,https://dor.sd.gov/media/rm0l5cjc/july-2023-stats.pdf,https://dor.sd.gov/businesses/gaming/,SD/screenshots/SD_2023_07_SD_2023_07_p1.png,"NCAA Mens BB $1,020.00 $702.30 31.15%",,2026-04-08T18:45:00.413390
SD,2023-07-01,2023-07-31,monthly,Deadwood Casinos,Deadwood Casinos,Deadwood Casinos,Deadwood Gaming Association,retail,football,798555,542500,542500,,,256055,48825,,0.6793520796939472,31,False,False,SD_2023_07.pdf,,,,,,https://dor.sd.gov/media/rm0l5cjc/july-2023-stats.pdf,https://dor.sd.gov/businesses/gaming/,SD/screenshots/SD_2023_07_SD_2023_07_p1.png,"NFL $7,985.55 $5,425.00 32.06%",,2026-04-08T18:45:00.413390
SD,2023-07-01,2023-07-31,monthly,Deadwood Casinos,Deadwood Casinos,Deadwood Casinos,Deadwood Gaming Association,retail,hockey,34600,-128411,-128411,,,163011,0,,-3.711300578034682,31,False,False,SD_2023_07.pdf,,,,,,https://dor.sd.gov/media/rm0l5cjc/july-2023-stats.pdf,https://dor.sd.gov/businesses/gaming/,SD/screenshots/SD_2023_07_SD_2023_07_p1.png,"NHL $346.00 ($1,284.11) 471.13%",,2026-04-08T18:45:00.413390
SD,2023-07-01,2023-07-31,monthly,Deadwood Casinos,Deadwood Casinos,Deadwood Casinos,Deadwood Gaming Association,retail,golf,672025,220074,220074,,,451951,19807,,0.32747888843421,31,False,False,SD_2023_07.pdf,,,,,,https://dor.sd.gov/media/rm0l5cjc/july-2023-stats.pdf,https://dor.sd.gov/businesses/gaming/,SD/screenshots/SD_2023_07_SD_2023_07_p1.png,"PGA $6,720.25 $2,200.74 67.25%",,2026-04-08T18:45:00.413390
SD,2023-07-01,2023-07-31,monthly,Deadwood Casinos,Deadwood Casinos,Deadwood Casinos,Deadwood Gaming Association,retail,soccer,386708,60664,60664,,,326044,5460,,0.15687288600184118,31,False,False,SD_2023_07.pdf,,,,,,https://dor.sd.gov/media/rm0l5cjc/july-2023-stats.pdf,https://dor.sd.gov/businesses/gaming/,SD/screenshots/SD_2023_07_SD_2023_07_p1.png,"SOCCER $3,867.08 $606.64 84.31%",,2026-04-08T18:45:00.413390
SD,2023-07-01,2023-07-31,monthly,Deadwood Casinos,Deadwood Casinos,Deadwood Casinos,Deadwood Gaming Association,retail,tennis,1256460,-8506,-8506,,,1264966,0,,-0.006769813603298155,31,False,False,SD_2023_07.pdf,,,,,,https://dor.sd.gov/media/rm0l5cjc/july-2023-stats.pdf,https://dor.sd.gov/businesses/gaming/,SD/screenshots/SD_2023_07_SD_2023_07_p1.png,"TENNIS $12,564.60 ($85.06) 100.68%",,2026-04-08T18:45:00.413390
SD,2023-07-01,2023-07-31,monthly,Deadwood Casinos,Deadwood Casinos,Deadwood Casinos,Deadwood Gaming Association,retail,,41336845,2008681,2008681,,,39328164,180781,,0.04859299252277236,31,False,False,SD_2023_07.pdf,,,,,,https://dor.sd.gov/media/rm0l5cjc/july-2023-stats.pdf,https://dor.sd.gov/businesses/gaming/,SD/screenshots/SD_2023_07_SD_2023_07_p1.png,"Totals $413,368.45 $20,086.81 95.14%",,2026-04-08T18:45:00.413390
SD,2023-08-01,2023-08-31,monthly,Deadwood Casinos,Deadwood Casinos,Deadwood Casinos,Deadwood Gaming Association,retail,boxing,28500,-28500,-28500,,,57000,0,,-1.0,31,False,False,SD_2023_08.pdf,,,,,,https://dor.sd.gov/media/krgly3or/august-2023-stats.pdf,https://dor.sd.gov/businesses/gaming/,SD/screenshots/SD_2023_08_SD_2023_08_p1.png,BOXING $285.00 ($285.00) 200.00%,,2026-04-08T18:45:01.807029
SD,2023-08-01,2023-08-31,monthly,Deadwood Casinos,Deadwood Casinos,Deadwood Casinos,Deadwood Gaming Association,retail,motorsports,391390,-400840,-400840,,,792230,0,,-1.0241447149901632,31,False,False,SD_2023_08.pdf,,,,,,https://dor.sd.gov/media/krgly3or/august-2023-stats.pdf,https://dor.sd.gov/businesses/gaming/,SD/screenshots/SD_2023_08_SD_2023_08_p1.png,"FORMULA 1 $80.00 ($434.30) 642.88% | NASCAR $3,833.90 ($3,574.10) 193.22%",,2026-04-08T18:45:01.807029
SD,2023-08-01,2023-08-31,monthly,Deadwood Casinos,Deadwood Casinos,Deadwood Casinos,Deadwood Gaming Association,retail,baseball,36328593,1339480,1339480,,,34989113,120553,,0.03687123253025516,31,False,False,SD_2023_08.pdf,,,,,,https://dor.sd.gov/media/krgly3or/august-2023-stats.pdf,https://dor.sd.gov/businesses/gaming/,SD/screenshots/SD_2023_08_SD_2023_08_p1.png,"MLB $363,285.93 $13,394.80 96.31%",,2026-04-08T18:45:01.807029
SD,2023-08-01,2023-08-31,monthly,Deadwood Casinos,Deadwood Casinos,Deadwood Casinos,Deadwood Gaming Association,retail,mma,3110020,-2752887,-2752887,,,5862907,0,,-0.8851669764181581,31,False,False,SD_2023_08.pdf,,,,,,https://dor.sd.gov/media/krgly3or/august-2023-stats.pdf,https://dor.sd.gov/businesses/gaming/,SD/screenshots/SD_2023_08_SD_2023_08_p1.png,"MMA/UFC $31,100.20 ($27,528.87) 188.52%",,2026-04-08T18:45:01.807029
SD,2023-08-01,2023-08-31,monthly,Deadwood Casinos,Deadwood Casinos,Deadwood Casinos,Deadwood Gaming Association,retail,basketball,705683,363782,363782,,,341901,32740,,0.5155034200908907,31,False,False,SD_2023_08.pdf,,,,,,https://dor.sd.gov/media/krgly3or/august-2023-stats.pdf,https://dor.sd.gov/businesses/gaming/,SD/screenshots/SD_2023_08_SD_2023_08_p1.png,"NBA $1,582.83 $1,056.59 33.25% | WNBA $5,474.00 $2,581.23 52.85%",,2026-04-08T18:45:01.807029
SD,2023-08-01,2023-08-31,monthly,Deadwood Casinos,Deadwood Casinos,Deadwood Casinos,Deadwood Gaming Association,retail,football_college,2762514,1906854,1906854,,,855660,171617,,0.6902603932504957,31,False,False,SD_2023_08.pdf,,,,,,https://dor.sd.gov/media/krgly3or/august-2023-stats.pdf,https://dor.sd.gov/businesses/gaming/,SD/screenshots/SD_2023_08_SD_2023_08_p1.png,"NCAA FB $27,625.14 $19,068.54 30.97%",,2026-04-08T18:45:01.807029
SD,2023-08-01,2023-08-31,monthly,Deadwood Casinos,Deadwood Casinos,Deadwood Casinos,Deadwood Gaming Association,retail,basketball_college,0,-25716,-25716,,,25716,0,,,31,False,False,SD_2023_08.pdf,,,,,,https://dor.sd.gov/media/krgly3or/august-2023-stats.pdf,https://dor.sd.gov/businesses/gaming/,SD/screenshots/SD_2023_08_SD_2023_08_p1.png,NCAA Mens BB $0.00 ($257.16) #DIV/0!,,2026-04-08T18:45:01.807029
SD,2023-08-01,2023-08-31,monthly,Deadwood Casinos,Deadwood Casinos,Deadwood Casinos,Deadwood Gaming Association,retail,football,5672181,3105365,3105365,,,2566816,279483,,0.5474728327604497,31,False,False,SD_2023_08.pdf,,,,,,https://dor.sd.gov/media/krgly3or/august-2023-stats.pdf,https://dor.sd.gov/businesses/gaming/,SD/screenshots/SD_2023_08_SD_2023_08_p1.png,"NFL $56,721.81 $31,053.65 45.25%",,2026-04-08T18:45:01.807029
SD,2023-08-01,2023-08-31,monthly,Deadwood Casinos,Deadwood Casinos,Deadwood Casinos,Deadwood Gaming Association,retail,hockey,112500,80260,80260,,,32240,7223,,0.7134222222222222,31,False,False,SD_2023_08.pdf,,,,,,https://dor.sd.gov/media/krgly3or/august-2023-stats.pdf,https://dor.sd.gov/businesses/gaming/,SD/screenshots/SD_2023_08_SD_2023_08_p1.png,"NHL $1,125.00 $802.60 28.66%",,2026-04-08T18:45:01.807029
SD,2023-08-01,2023-08-31,monthly,Deadwood Casinos,Deadwood Casinos,Deadwood Casinos,Deadwood Gaming Association,retail,golf,306000,-56215,-56215,,,362215,0,,-0.18370915032679738,31,False,False,SD_2023_08.pdf,,,,,,https://dor.sd.gov/media/krgly3or/august-2023-stats.pdf,https://dor.sd.gov/businesses/gaming/,SD/screenshots/SD_2023_08_SD_2023_08_p1.png,"PGA $3,060.00 ($562.15) 118.37%",,2026-04-08T18:45:01.807029
SD,2023-08-01,2023-08-31,monthly,Deadwood Casinos,Deadwood Casinos,Deadwood Casinos,Deadwood Gaming Association,retail,soccer,1092759,4672,4672,,,1088087,420,,0.004275416628918179,31,False,False,SD_2023_08.pdf,,,,,,https://dor.sd.gov/media/krgly3or/august-2023-stats.pdf,https://dor.sd.gov/businesses/gaming/,SD/screenshots/SD_2023_08_SD_2023_08_p1.png,"SOCCER $10,927.59 $46.72 99.57%",,2026-04-08T18:45:01.807029
SD,2023-08-01,2023-08-31,monthly,Deadwood Casinos,Deadwood Casinos,Deadwood Casinos,Deadwood Gaming Association,retail,tennis,1295055,208997,208997,,,1086058,18810,,0.16138079077722567,31,False,False,SD_2023_08.pdf,,,,,,https://dor.sd.gov/media/krgly3or/august-2023-stats.pdf,https://dor.sd.gov/businesses/gaming/,SD/screenshots/SD_2023_08_SD_2023_08_p1.png,"TENNIS $12,950.55 $2,089.97 83.86%",,2026-04-08T18:45:01.807029
SD,2023-08-01,2023-08-31,monthly,Deadwood Casinos,Deadwood Casinos,Deadwood Casinos,Deadwood Gaming Association,retail,,51805195,3745252,3745252,,,48059943,337073,,0.07229491173616855,31,False,False,SD_2023_08.pdf,,,,,,https://dor.sd.gov/media/krgly3or/august-2023-stats.pdf,https://dor.sd.gov/businesses/gaming/,SD/screenshots/SD_2023_08_SD_2023_08_p1.png,"Totals $518,051.95 $37,452.52 92.77%",,2026-04-08T18:45:01.807029
SD,2023-09-01,2023-09-30,monthly,Deadwood Casinos,Deadwood Casinos,Deadwood Casinos,Deadwood Gaming Association,retail,boxing,83000,83000,83000,,,0,7470,,1.0,30,False,False,SD_2023_09.pdf,,,,,,https://dor.sd.gov/media/p1nnriau/september-2023-stats.pdf,https://dor.sd.gov/businesses/gaming/,SD/screenshots/SD_2023_09_SD_2023_09_p1.png,BOXING $830.00 $830.00 0.00%,,2026-04-08T18:45:02.836686
SD,2023-09-01,2023-09-30,monthly,Deadwood Casinos,Deadwood Casinos,Deadwood Casinos,Deadwood Gaming Association,retail,motorsports,241585,103955,103955,,,137630,9356,,0.4303040337769315,30,False,False,SD_2023_09.pdf,,,,,,https://dor.sd.gov/media/p1nnriau/september-2023-stats.pdf,https://dor.sd.gov/businesses/gaming/,SD/screenshots/SD_2023_09_SD_2023_09_p1.png,"FORMULA 1 $115.00 ($7.20) 106.26% | NASCAR $2,300.85 $1,046.75 54.51%",,2026-04-08T18:45:02.836686
SD,2023-09-01,2023-09-30,monthly,Deadwood Casinos,Deadwood Casinos,Deadwood Casinos,Deadwood Gaming Association,retail,baseball,15564177,-1412774,-1412774,,,16976951,0,,-0.09077087725229545,30,False,False,SD_2023_09.pdf,,,,,,https://dor.sd.gov/media/p1nnriau/september-2023-stats.pdf,https://dor.sd.gov/businesses/gaming/,SD/screenshots/SD_2023_09_SD_2023_09_p1.png,"MLB $155,641.77 ($14,079.74) 109.05% | NCAA Baseball $0.00 ($48.00) #DIV/0!",,2026-04-08T18:45:02.836686
SD,2023-09-01,2023-09-30,monthly,Deadwood Casinos,Deadwood Casinos,Deadwood Casinos,Deadwood Gaming Association,retail,mma,1528455,128535,128535,,,1399920,11568,,0.084094723102741,30,False,False,SD_2023_09.pdf,,,,,,https://dor.sd.gov/media/p1nnriau/september-2023-stats.pdf,https://dor.sd.gov/businesses/gaming/,SD/screenshots/SD_2023_09_SD_2023_09_p1.png,"MMA/UFC $15,284.55 $1,285.35 91.59%",,2026-04-08T18:45:02.836686
SD,2023-09-01,2023-09-30,monthly,Deadwood Casinos,Deadwood Casinos,Deadwood Casinos,Deadwood Gaming Association,retail,basketball,515157,218264,218264,,,296893,19644,,0.42368443018341984,30,False,False,SD_2023_09.pdf,,,,,,https://dor.sd.gov/media/p1nnriau/september-2023-stats.pdf,https://dor.sd.gov/businesses/gaming/,SD/screenshots/SD_2023_09_SD_2023_09_p1.png,"NBA $1,317.57 ($540.46) 141.02% | WNBA $3,834.00 $2,723.10 28.97%",,2026-04-08T18:45:02.836686
SD,2023-09-01,2023-09-30,monthly,Deadwood Casinos,Deadwood Casinos,Deadwood Casinos,Deadwood Gaming Association,retail,football_college,32480406,4457526,4457526,,,28022880,401177,,0.1372373855179027,30,False,False,SD_2023_09.pdf,,,,,,https://dor.sd.gov/media/p1nnriau/september-2023-stats.pdf,https://dor.sd.gov/businesses/gaming/,SD/screenshots/SD_2023_09_SD_2023_09_p1.png,"NCAA FB $324,804.06 $44,575.26 86.28%",,2026-04-08T18:45:02.836686
SD,2023-09-01,2023-09-30,monthly,Deadwood Casinos,Deadwood Casinos,Deadwood Casinos,Deadwood Gaming Association,retail,basketball_college,294750,6713,6713,,,288037,604,,0.02277523324851569,30,False,False,SD_2023_09.pdf,,,,,,https://dor.sd.gov/media/p1nnriau/september-2023-stats.pdf,https://dor.sd.gov/businesses/gaming/,SD/screenshots/SD_2023_09_SD_2023_09_p1.png,"NCAA Mens BB $2,947.50 $67.13 97.72%",,2026-04-08T18:45:02.836686
SD,2023-09-01,2023-09-30,monthly,Deadwood Casinos,Deadwood Casinos,Deadwood Casinos,Deadwood Gaming Association,retail,football,42593796,12936850,12936850,,,29656946,1164316,,0.3037261576779867,30,False,False,SD_2023_09.pdf,,,,,,https://dor.sd.gov/media/p1nnriau/september-2023-stats.pdf,https://dor.sd.gov/businesses/gaming/,SD/screenshots/SD_2023_09_SD_2023_09_p1.png,"NFL $425,937.96 $129,368.50 69.63%",,2026-04-08T18:45:02.836686
SD,2023-09-01,2023-09-30,monthly,Deadwood Casinos,Deadwood Casinos,Deadwood Casinos,Deadwood Gaming Association,retail,hockey,56823,25083,25083,,,31740,2257,,0.4414233672984531,30,False,False,SD_2023_09.pdf,,,,,,https://dor.sd.gov/media/p1nnriau/september-2023-stats.pdf,https://dor.sd.gov/businesses/gaming/,SD/screenshots/SD_2023_09_SD_2023_09_p1.png,NHL $568.23 $250.83 55.86%,,2026-04-08T18:45:02.836686
SD,2023-09-01,2023-09-30,monthly,Deadwood Casinos,Deadwood Casinos,Deadwood Casinos,Deadwood Gaming Association,retail,golf,155100,-197310,-197310,,,352410,0,,-1.272147001934236,30,False,False,SD_2023_09.pdf,,,,,,https://dor.sd.gov/media/p1nnriau/september-2023-stats.pdf,https://dor.sd.gov/businesses/gaming/,SD/screenshots/SD_2023_09_SD_2023_09_p1.png,"PGA $1,551.00 ($1,973.10) 227.21%",,2026-04-08T18:45:02.836686
SD,2023-09-01,2023-09-30,monthly,Deadwood Casinos,Deadwood Casinos,Deadwood Casinos,Deadwood Gaming Association,retail,soccer,505968,300056,300056,,,205912,27005,,0.5930335515289504,30,False,False,SD_2023_09.pdf,,,,,,https://dor.sd.gov/media/p1nnriau/september-2023-stats.pdf,https://dor.sd.gov/businesses/gaming/,SD/screenshots/SD_2023_09_SD_2023_09_p1.png,"SOCCER $5,059.68 $3,000.56 40.70%",,2026-04-08T18:45:02.836686
SD,2023-09-01,2023-09-30,monthly,Deadwood Casinos,Deadwood Casinos,Deadwood Casinos,Deadwood Gaming Association,retail,tennis,3950150,362953,362953,,,3587197,32666,,0.09188334620204296,30,False,False,SD_2023_09.pdf,,,,,,https://dor.sd.gov/media/p1nnriau/september-2023-stats.pdf,https://dor.sd.gov/businesses/gaming/,SD/screenshots/SD_2023_09_SD_2023_09_p1.png,"TENNIS $39,501.50 $3,629.53 90.81%",,2026-04-08T18:45:02.836686
SD,2023-09-01,2023-09-30,monthly,Deadwood Casinos,Deadwood Casinos,Deadwood Casinos,Deadwood Gaming Association,retail,,97969367,17012851,17012851,,,80956516,1531157,,0.17365480170959968,30,False,False,SD_2023_09.pdf,,,,,,https://dor.sd.gov/media/p1nnriau/september-2023-stats.pdf,https://dor.sd.gov/businesses/gaming/,SD/screenshots/SD_2023_09_SD_2023_09_p1.png,"Totals $979,693.67 $170,128.51 82.63%",,2026-04-08T18:45:02.836686
SD,2023-10-01,2023-10-31,monthly,Deadwood Casinos,Deadwood Casinos,Deadwood Casinos,Deadwood Gaming Association,retail,boxing,5000,5000,5000,,,0,450,,1.0,31,False,False,SD_2023_10.pdf,,,,,,https://dor.sd.gov/media/ithcqlny/october-2023-stats.pdf,https://dor.sd.gov/businesses/gaming/,SD/screenshots/SD_2023_10_SD_2023_10_p1.png,BOXING $50.00 $50.00 0.00%,,2026-04-08T18:45:03.942305
SD,2023-10-01,2023-10-31,monthly,Deadwood Casinos,Deadwood Casinos,Deadwood Casinos,Deadwood Gaming Association,retail,motorsports,188930,-38920,-38920,,,227850,0,,-0.20600222304557245,31,False,False,SD_2023_10.pdf,,,,,,https://dor.sd.gov/media/ithcqlny/october-2023-stats.pdf,https://dor.sd.gov/businesses/gaming/,SD/screenshots/SD_2023_10_SD_2023_10_p1.png,"FORMULA 1 $80.00 $80.00 0.00% | NASCAR $1,809.30 ($469.20) 125.93%",,2026-04-08T18:45:03.942305
SD,2023-10-01,2023-10-31,monthly,Deadwood Casinos,Deadwood Casinos,Deadwood Casinos,Deadwood Gaming Association,retail,baseball,11689331,1565474,1565474,,,10123857,140893,,0.13392331862276807,31,False,False,SD_2023_10.pdf,,,,,,https://dor.sd.gov/media/ithcqlny/october-2023-stats.pdf,https://dor.sd.gov/businesses/gaming/,SD/screenshots/SD_2023_10_SD_2023_10_p1.png,"MLB $116,893.31 $15,654.74 86.61%",,2026-04-08T18:45:03.942305
SD,2023-10-01,2023-10-31,monthly,Deadwood Casinos,Deadwood Casinos,Deadwood Casinos,Deadwood Gaming Association,retail,mma,1444018,758005,758005,,,686013,68220,,0.5249276671066427,31,False,False,SD_2023_10.pdf,,,,,,https://dor.sd.gov/media/ithcqlny/october-2023-stats.pdf,https://dor.sd.gov/businesses/gaming/,SD/screenshots/SD_2023_10_SD_2023_10_p1.png,"MMA/UFC $14,440.18 $7,580.05 47.51%",,2026-04-08T18:45:03.942305
SD,2023-10-01,2023-10-31,monthly,Deadwood Casinos,Deadwood Casinos,Deadwood Casinos,Deadwood Gaming Association,retail,basketball,2430321,1131385,1131385,,,1298936,101825,,0.465529039168077,31,False,False,SD_2023_10.pdf,,,,,,https://dor.sd.gov/media/ithcqlny/october-2023-stats.pdf,https://dor.sd.gov/businesses/gaming/,SD/screenshots/SD_2023_10_SD_2023_10_p1.png,"NBA $23,753.21 $10,967.35 53.83% | WNBA $550.00 $346.50 37.00%",,2026-04-08T18:45:03.942305
SD,2023-10-01,2023-10-31,monthly,Deadwood Casinos,Deadwood Casinos,Deadwood Casinos,Deadwood Gaming Association,retail,football_college,29795803,7131968,7131968,,,22663835,641877,,0.2393614966510552,31,False,False,SD_2023_10.pdf,,,,,,https://dor.sd.gov/media/ithcqlny/october-2023-stats.pdf,https://dor.sd.gov/businesses/gaming/,SD/screenshots/SD_2023_10_SD_2023_10_p1.png,"NCAA FB $297,958.03 $71,319.68 76.06%",,2026-04-08T18:45:03.942305
SD,2023-10-01,2023-10-31,monthly,Deadwood Casinos,Deadwood Casinos,Deadwood Casinos,Deadwood Gaming Association,retail,basketball_college,19600,8555,8555,,,11045,770,,0.4364795918367347,31,False,False,SD_2023_10.pdf,,,,,,https://dor.sd.gov/media/ithcqlny/october-2023-stats.pdf,https://dor.sd.gov/businesses/gaming/,SD/screenshots/SD_2023_10_SD_2023_10_p1.png,NCAA Mens BB $196.00 $85.55 56.35%,,2026-04-08T18:45:03.942305
SD,2023-10-01,2023-10-31,monthly,Deadwood Casinos,Deadwood Casinos,Deadwood Casinos,Deadwood Gaming Association,retail,football,52494839,6979682,6979682,,,45515157,628171,,0.1329593943511285,31,False,False,SD_2023_10.pdf,,,,,,https://dor.sd.gov/media/ithcqlny/october-2023-stats.pdf,https://dor.sd.gov/businesses/gaming/,SD/screenshots/SD_2023_10_SD_2023_10_p1.png,"NFL $524,948.39 $69,796.82 86.70%",,2026-04-08T18:45:03.942305
SD,2023-10-01,2023-10-31,monthly,Deadwood Casinos,Deadwood Casinos,Deadwood Casinos,Deadwood Gaming Association,retail,hockey,1951458,267410,267410,,,1684048,24067,,0.13703087640113187,31,False,False,SD_2023_10.pdf,,,,,,https://dor.sd.gov/media/ithcqlny/october-2023-stats.pdf,https://dor.sd.gov/businesses/gaming/,SD/screenshots/SD_2023_10_SD_2023_10_p1.png,"NHL $19,514.58 $2,674.10 86.30%",,2026-04-08T18:45:03.942305
SD,2023-10-01,2023-10-31,monthly,Deadwood Casinos,Deadwood Casinos,Deadwood Casinos,Deadwood Gaming Association,retail,golf,234700,1730,1730,,,232970,156,,0.007371112057946314,31,False,False,SD_2023_10.pdf,,,,,,https://dor.sd.gov/media/ithcqlny/october-2023-stats.pdf,https://dor.sd.gov/businesses/gaming/,SD/screenshots/SD_2023_10_SD_2023_10_p1.png,"PGA $2,347.00 $17.30 99.26%",,2026-04-08T18:45:03.942305
SD,2023-10-01,2023-10-31,monthly,Deadwood Casinos,Deadwood Casinos,Deadwood Casinos,Deadwood Gaming Association,retail,soccer,712502,-470808,-470808,,,1183310,0,,-0.6607813030700265,31,False,False,SD_2023_10.pdf,,,,,,https://dor.sd.gov/media/ithcqlny/october-2023-stats.pdf,https://dor.sd.gov/businesses/gaming/,SD/screenshots/SD_2023_10_SD_2023_10_p1.png,"SOCCER $7,125.02 ($4,708.08) 166.08%",,2026-04-08T18:45:03.942305
SD,2023-10-01,2023-10-31,monthly,Deadwood Casinos,Deadwood Casinos,Deadwood Casinos,Deadwood Gaming Association,retail,tennis,1199500,151151,151151,,,1048349,13604,,0.12601167152980408,31,False,False,SD_2023_10.pdf,,,,,,https://dor.sd.gov/media/ithcqlny/october-2023-stats.pdf,https://dor.sd.gov/businesses/gaming/,SD/screenshots/SD_2023_10_SD_2023_10_p1.png,"TENNIS $11,995.00 $1,511.51 87.40%",,2026-04-08T18:45:03.942305
SD,2023-10-01,2023-10-31,monthly,Deadwood Casinos,Deadwood Casinos,Deadwood Casinos,Deadwood Gaming Association,retail,,102166002,17490632,17490632,,,84675370,1574157,,0.17119816433650795,31,False,False,SD_2023_10.pdf,,,,,,https://dor.sd.gov/media/ithcqlny/october-2023-stats.pdf,https://dor.sd.gov/businesses/gaming/,SD/screenshots/SD_2023_10_SD_2023_10_p1.png,"Totals $1,021,660.02 $174,906.32 82.88%",,2026-04-08T18:45:03.942305
SD,2023-11-01,2023-11-30,monthly,Deadwood Casinos,Deadwood Casinos,Deadwood Casinos,Deadwood Gaming Association,retail,boxing,4000,4000,4000,,,0,360,,1.0,30,False,False,SD_2023_11.pdf,,,,,,https://dor.sd.gov/media/pbtkxzau/november-2023-stats.pdf,https://dor.sd.gov/businesses/gaming/,SD/screenshots/SD_2023_11_SD_2023_11_p1.png,BOXING $40.00 $40.00 0.00%,,2026-04-08T18:45:08.633831
SD,2023-11-01,2023-11-30,monthly,Deadwood Casinos,Deadwood Casinos,Deadwood Casinos,Deadwood Gaming Association,retail,other,30000,6500,6500,,,23500,585,,0.21666666666666667,30,False,False,SD_2023_11.pdf,,,,,,https://dor.sd.gov/media/pbtkxzau/november-2023-stats.pdf,https://dor.sd.gov/businesses/gaming/,SD/screenshots/SD_2023_11_SD_2023_11_p1.png,CFL $300.00 $65.00 78.33%,,2026-04-08T18:45:08.633831
SD,2023-11-01,2023-11-30,monthly,Deadwood Casinos,Deadwood Casinos,Deadwood Casinos,Deadwood Gaming Association,retail,motorsports,83400,62144,62144,,,21256,5593,,0.7451318944844124,30,False,False,SD_2023_11.pdf,,,,,,https://dor.sd.gov/media/pbtkxzau/november-2023-stats.pdf,https://dor.sd.gov/businesses/gaming/,SD/screenshots/SD_2023_11_SD_2023_11_p1.png,FORMULA 1 $180.00 $180.00 0.00% | NASCAR $654.00 $441.44 32.50%,,2026-04-08T18:45:08.633831
SD,2023-11-01,2023-11-30,monthly,Deadwood Casinos,Deadwood Casinos,Deadwood Casinos,Deadwood Gaming Association,retail,baseball,349975,-1734412,-1734412,,,2084387,0,,-4.95581684406029,30,False,False,SD_2023_11.pdf,,,,,,https://dor.sd.gov/media/pbtkxzau/november-2023-stats.pdf,https://dor.sd.gov/businesses/gaming/,SD/screenshots/SD_2023_11_SD_2023_11_p1.png,"MLB $3,499.75 ($17,344.12) 595.58%",,2026-04-08T18:45:08.633831
SD,2023-11-01,2023-11-30,monthly,Deadwood Casinos,Deadwood Casinos,Deadwood Casinos,Deadwood Gaming Association,retail,mma,1238240,367264,367264,,,870976,33054,,0.2966016281173278,30,False,False,SD_2023_11.pdf,,,,,,https://dor.sd.gov/media/pbtkxzau/november-2023-stats.pdf,https://dor.sd.gov/businesses/gaming/,SD/screenshots/SD_2023_11_SD_2023_11_p1.png,"MMA/UFC $12,382.40 $3,672.64 70.34%",,2026-04-08T18:45:08.633831
SD,2023-11-01,2023-11-30,monthly,Deadwood Casinos,Deadwood Casinos,Deadwood Casinos,Deadwood Gaming Association,retail,basketball,6977692,1412966,1412966,,,5564726,127167,,0.20249761669044722,30,False,False,SD_2023_11.pdf,,,,,,https://dor.sd.gov/media/pbtkxzau/november-2023-stats.pdf,https://dor.sd.gov/businesses/gaming/,SD/screenshots/SD_2023_11_SD_2023_11_p1.png,"NBA $69,776.92 $14,129.66 79.75%",,2026-04-08T18:45:08.633831
SD,2023-11-01,2023-11-30,monthly,Deadwood Casinos,Deadwood Casinos,Deadwood Casinos,Deadwood Gaming Association,retail,football_college,29382306,1479597,1479597,,,27902709,133164,,0.05035673510445368,30,False,False,SD_2023_11.pdf,,,,,,https://dor.sd.gov/media/pbtkxzau/november-2023-stats.pdf,https://dor.sd.gov/businesses/gaming/,SD/screenshots/SD_2023_11_SD_2023_11_p1.png,"NCAA FB $293,823.06 $14,795.97 94.96%",,2026-04-08T18:45:08.633831
SD,2023-11-01,2023-11-30,monthly,Deadwood Casinos,Deadwood Casinos,Deadwood Casinos,Deadwood Gaming Association,retail,basketball_college,12260824,1584110,1584110,,,10676714,142570,,0.1292009411439231,30,False,False,SD_2023_11.pdf,,,,,,https://dor.sd.gov/media/pbtkxzau/november-2023-stats.pdf,https://dor.sd.gov/businesses/gaming/,SD/screenshots/SD_2023_11_SD_2023_11_p1.png,"NCAA Mens BB $122,608.24 $15,841.10 87.08%",,2026-04-08T18:45:08.633831
SD,2023-11-01,2023-11-30,monthly,Deadwood Casinos,Deadwood Casinos,Deadwood Casinos,Deadwood Gaming Association,retail,football,41474494,222500,222500,,,41251994,20025,,0.005364742967087194,30,False,False,SD_2023_11.pdf,,,,,,https://dor.sd.gov/media/pbtkxzau/november-2023-stats.pdf,https://dor.sd.gov/businesses/gaming/,SD/screenshots/SD_2023_11_SD_2023_11_p1.png,"NFL $414,744.94 $2,225.00 99.46%",,2026-04-08T18:45:08.633831
SD,2023-11-01,2023-11-30,monthly,Deadwood Casinos,Deadwood Casinos,Deadwood Casinos,Deadwood Gaming Association,retail,hockey,3616684,1584815,1584815,,,2031869,142633,,0.43819559574461026,30,False,False,SD_2023_11.pdf,,,,,,https://dor.sd.gov/media/pbtkxzau/november-2023-stats.pdf,https://dor.sd.gov/businesses/gaming/,SD/screenshots/SD_2023_11_SD_2023_11_p1.png,"NHL $36,166.84 $15,848.15 56.18%",,2026-04-08T18:45:08.633831
SD,2023-11-01,2023-11-30,monthly,Deadwood Casinos,Deadwood Casinos,Deadwood Casinos,Deadwood Gaming Association,retail,golf,317600,-23500,-23500,,,341100,0,,-0.07399244332493703,30,False,False,SD_2023_11.pdf,,,,,,https://dor.sd.gov/media/pbtkxzau/november-2023-stats.pdf,https://dor.sd.gov/businesses/gaming/,SD/screenshots/SD_2023_11_SD_2023_11_p1.png,"PGA $3,176.00 ($235.00) 107.40%",,2026-04-08T18:45:08.633831
SD,2023-11-01,2023-11-30,monthly,Deadwood Casinos,Deadwood Casinos,Deadwood Casinos,Deadwood Gaming Association,retail,soccer,235083,111768,111768,,,123315,10059,,0.47544058906854175,30,False,False,SD_2023_11.pdf,,,,,,https://dor.sd.gov/media/pbtkxzau/november-2023-stats.pdf,https://dor.sd.gov/businesses/gaming/,SD/screenshots/SD_2023_11_SD_2023_11_p1.png,"SOCCER $2,350.83 $1,117.68 52.46%",,2026-04-08T18:45:08.633831
SD,2023-11-01,2023-11-30,monthly,Deadwood Casinos,Deadwood Casinos,Deadwood Casinos,Deadwood Gaming Association,retail,tennis,829070,-89008,-89008,,,918078,0,,-0.10735884786568083,30,False,False,SD_2023_11.pdf,,,,,,https://dor.sd.gov/media/pbtkxzau/november-2023-stats.pdf,https://dor.sd.gov/businesses/gaming/,SD/screenshots/SD_2023_11_SD_2023_11_p1.png,"TENNIS $8,290.70 ($890.08) 110.74%",,2026-04-08T18:45:08.633831
SD,2023-11-01,2023-11-30,monthly,Deadwood Casinos,Deadwood Casinos,Deadwood Casinos,Deadwood Gaming Association,retail,,96799368,4988744,4988744,,,91810624,448987,,0.05153694805114843,30,False,False,SD_2023_11.pdf,,,,,,https://dor.sd.gov/media/pbtkxzau/november-2023-stats.pdf,https://dor.sd.gov/businesses/gaming/,SD/screenshots/SD_2023_11_SD_2023_11_p1.png,"Totals $967,993.68 $49,887.44 94.85%",,2026-04-08T18:45:08.633831
SD,2023-12-01,2023-12-31,monthly,Deadwood Casinos,Deadwood Casinos,Deadwood Casinos,Deadwood Gaming Association,retail,boxing,26000,26000,26000,,,0,2340,,1.0,31,False,False,SD_2023_12.pdf,,,,,,https://dor.sd.gov/media/g0onzz2j/dec-23-gaming-stats.pdf,https://dor.sd.gov/businesses/gaming/,SD/screenshots/SD_2023_12_SD_2023_12_p1.png,BOXING $260.00 $260.00 0.00%,,2026-04-08T18:45:09.771632
SD,2023-12-01,2023-12-31,monthly,Deadwood Casinos,Deadwood Casinos,Deadwood Casinos,Deadwood Gaming Association,retail,baseball,9500,-255353,-255353,,,264853,0,,-26.879263157894737,31,False,False,SD_2023_12.pdf,,,,,,https://dor.sd.gov/media/g0onzz2j/dec-23-gaming-stats.pdf,https://dor.sd.gov/businesses/gaming/,SD/screenshots/SD_2023_12_SD_2023_12_p1.png,"MLB $95.00 ($2,553.53) 2787.93%",,2026-04-08T18:45:09.771632
SD,2023-12-01,2023-12-31,monthly,Deadwood Casinos,Deadwood Casinos,Deadwood Casinos,Deadwood Gaming Association,retail,mma,1864650,194197,194197,,,1670453,17478,,0.10414662269058536,31,False,False,SD_2023_12.pdf,,,,,,https://dor.sd.gov/media/g0onzz2j/dec-23-gaming-stats.pdf,https://dor.sd.gov/businesses/gaming/,SD/screenshots/SD_2023_12_SD_2023_12_p1.png,"MMA/UFC $18,646.50 $1,941.97 89.59%",,2026-04-08T18:45:09.771632
SD,2023-12-01,2023-12-31,monthly,Deadwood Casinos,Deadwood Casinos,Deadwood Casinos,Deadwood Gaming Association,retail,motorsports,0,-18500,-18500,,,18500,0,,,31,False,False,SD_2023_12.pdf,,,,,,https://dor.sd.gov/media/g0onzz2j/dec-23-gaming-stats.pdf,https://dor.sd.gov/businesses/gaming/,SD/screenshots/SD_2023_12_SD_2023_12_p1.png,NASCAR $0.00 ($185.00) #DIV/0!,,2026-04-08T18:45:09.771632
SD,2023-12-01,2023-12-31,monthly,Deadwood Casinos,Deadwood Casinos,Deadwood Casinos,Deadwood Gaming Association,retail,basketball,8497701,597794,597794,,,7899907,53801,,0.07034773287504467,31,False,False,SD_2023_12.pdf,,,,,,https://dor.sd.gov/media/g0onzz2j/dec-23-gaming-stats.pdf,https://dor.sd.gov/businesses/gaming/,SD/screenshots/SD_2023_12_SD_2023_12_p1.png,"NBA $84,977.01 $5,977.94 92.97%",,2026-04-08T18:45:09.771632
SD,2023-12-01,2023-12-31,monthly,Deadwood Casinos,Deadwood Casinos,Deadwood Casinos,Deadwood Gaming Association,retail,football_college,25126356,5373501,5373501,,,19752855,483615,,0.21385914455721314,31,False,False,SD_2023_12.pdf,,,,,,https://dor.sd.gov/media/g0onzz2j/dec-23-gaming-stats.pdf,https://dor.sd.gov/businesses/gaming/,SD/screenshots/SD_2023_12_SD_2023_12_p1.png,"NCAA FB $251,263.56 $53,735.01 78.61%",,2026-04-08T18:45:09.771632
SD,2023-12-01,2023-12-31,monthly,Deadwood Casinos,Deadwood Casinos,Deadwood Casinos,Deadwood Gaming Association,retail,basketball_college,18556444,-986191,-986191,,,19542635,0,,-0.05314547334607859,31,False,False,SD_2023_12.pdf,,,,,,https://dor.sd.gov/media/g0onzz2j/dec-23-gaming-stats.pdf,https://dor.sd.gov/businesses/gaming/,SD/screenshots/SD_2023_12_SD_2023_12_p1.png,"NCAA Mens BB $185,564.44 ($9,861.91) 105.31%",,2026-04-08T18:45:09.771632
SD,2023-12-01,2023-12-31,monthly,Deadwood Casinos,Deadwood Casinos,Deadwood Casinos,Deadwood Gaming Association,retail,football,57657801,10637309,10637309,,,47020492,957358,,0.18449036930839594,31,False,False,SD_2023_12.pdf,,,,,,https://dor.sd.gov/media/g0onzz2j/dec-23-gaming-stats.pdf,https://dor.sd.gov/businesses/gaming/,SD/screenshots/SD_2023_12_SD_2023_12_p1.png,"NFL $576,578.01 $106,373.09 81.55%",,2026-04-08T18:45:09.771632
SD,2023-12-01,2023-12-31,monthly,Deadwood Casinos,Deadwood Casinos,Deadwood Casinos,Deadwood Gaming Association,retail,hockey,2063974,-241247,-241247,,,2305221,0,,-0.11688470881900644,31,False,False,SD_2023_12.pdf,,,,,,https://dor.sd.gov/media/g0onzz2j/dec-23-gaming-stats.pdf,https://dor.sd.gov/businesses/gaming/,SD/screenshots/SD_2023_12_SD_2023_12_p1.png,"NHL $20,639.74 ($2,412.47) 111.69%",,2026-04-08T18:45:09.771632
SD,2023-12-01,2023-12-31,monthly,Deadwood Casinos,Deadwood Casinos,Deadwood Casinos,Deadwood Gaming Association,retail,golf,67800,-24300,-24300,,,92100,0,,-0.3584070796460177,31,False,False,SD_2023_12.pdf,,,,,,https://dor.sd.gov/media/g0onzz2j/dec-23-gaming-stats.pdf,https://dor.sd.gov/businesses/gaming/,SD/screenshots/SD_2023_12_SD_2023_12_p1.png,PGA $678.00 ($243.00) 135.84%,,2026-04-08T18:45:09.771632
SD,2023-12-01,2023-12-31,monthly,Deadwood Casinos,Deadwood Casinos,Deadwood Casinos,Deadwood Gaming Association,retail,soccer,484811,103358,103358,,,381453,9302,,0.21319235743413412,31,False,False,SD_2023_12.pdf,,,,,,https://dor.sd.gov/media/g0onzz2j/dec-23-gaming-stats.pdf,https://dor.sd.gov/businesses/gaming/,SD/screenshots/SD_2023_12_SD_2023_12_p1.png,"SOCCER $4,848.11 $1,033.58 78.68%",,2026-04-08T18:45:09.771632
SD,2023-12-01,2023-12-31,monthly,Deadwood Casinos,Deadwood Casinos,Deadwood Casinos,Deadwood Gaming Association,retail,tennis,38800,3241,3241,,,35559,292,,0.08353092783505155,31,False,False,SD_2023_12.pdf,,,,,,https://dor.sd.gov/media/g0onzz2j/dec-23-gaming-stats.pdf,https://dor.sd.gov/businesses/gaming/,SD/screenshots/SD_2023_12_SD_2023_12_p1.png,TENNIS $388.00 $32.41 91.65%,,2026-04-08T18:45:09.771632
SD,2023-12-01,2023-12-31,monthly,Deadwood Casinos,Deadwood Casinos,Deadwood Casinos,Deadwood Gaming Association,retail,,114393837,15409809,15409809,,,98984028,1386883,,0.13470838468334617,31,False,False,SD_2023_12.pdf,,,,,,https://dor.sd.gov/media/g0onzz2j/dec-23-gaming-stats.pdf,https://dor.sd.gov/businesses/gaming/,SD/screenshots/SD_2023_12_SD_2023_12_p1.png,"Totals $1,143,938.37 $154,098.09 86.53%",,2026-04-08T18:45:09.771632
SD,2024-01-01,2024-01-31,monthly,Deadwood Casinos,Deadwood Casinos,Deadwood Casinos,Deadwood Gaming Association,retail,boxing,0,-33790,-33790,,,33790,0,,,31,False,False,SD_2024_01.pdf,,,,,,https://dor.sd.gov/media/qa0pt1kx/jan-2024-gaming-stats.pdf,https://dor.sd.gov/businesses/gaming/,SD/screenshots/SD_2024_01_SD_2024_01_p1.png,BOXING $0.00 ($337.90) #DIV/0!,,2026-04-08T18:45:10.803402
SD,2024-01-01,2024-01-31,monthly,Deadwood Casinos,Deadwood Casinos,Deadwood Casinos,Deadwood Gaming Association,retail,baseball,57960,20835,20835,,,37125,1875,,0.359472049689441,31,False,False,SD_2024_01.pdf,,,,,,https://dor.sd.gov/media/qa0pt1kx/jan-2024-gaming-stats.pdf,https://dor.sd.gov/businesses/gaming/,SD/screenshots/SD_2024_01_SD_2024_01_p1.png,MLB $579.60 $208.35 64.05%,,2026-04-08T18:45:10.803402
SD,2024-01-01,2024-01-31,monthly,Deadwood Casinos,Deadwood Casinos,Deadwood Casinos,Deadwood Gaming Association,retail,mma,1001220,119002,119002,,,882218,10710,,0.11885699446675056,31,False,False,SD_2024_01.pdf,,,,,,https://dor.sd.gov/media/qa0pt1kx/jan-2024-gaming-stats.pdf,https://dor.sd.gov/businesses/gaming/,SD/screenshots/SD_2024_01_SD_2024_01_p1.png,"MMA/UFC $10,012.20 $1,190.02 88.11%",,2026-04-08T18:45:10.803402
SD,2024-01-01,2024-01-31,monthly,Deadwood Casinos,Deadwood Casinos,Deadwood Casinos,Deadwood Gaming Association,retail,motorsports,5500,5500,5500,,,0,495,,1.0,31,False,False,SD_2024_01.pdf,,,,,,https://dor.sd.gov/media/qa0pt1kx/jan-2024-gaming-stats.pdf,https://dor.sd.gov/businesses/gaming/,SD/screenshots/SD_2024_01_SD_2024_01_p1.png,NASCAR $55.00 $55.00 0.00%,,2026-04-08T18:45:10.803402
SD,2024-01-01,2024-01-31,monthly,Deadwood Casinos,Deadwood Casinos,Deadwood Casinos,Deadwood Gaming Association,retail,basketball,8018637,1343773,1343773,,,6674864,120940,,0.16758122359198951,31,False,False,SD_2024_01.pdf,,,,,,https://dor.sd.gov/media/qa0pt1kx/jan-2024-gaming-stats.pdf,https://dor.sd.gov/businesses/gaming/,SD/screenshots/SD_2024_01_SD_2024_01_p1.png,"NBA $80,186.37 $13,437.73 83.24%",,2026-04-08T18:45:10.803402
SD,2024-01-01,2024-01-31,monthly,Deadwood Casinos,Deadwood Casinos,Deadwood Casinos,Deadwood Gaming Association,retail,football_college,8013587,-3009222,-3009222,,,11022809,0,,-0.37551498473779593,31,False,False,SD_2024_01.pdf,,,,,,https://dor.sd.gov/media/qa0pt1kx/jan-2024-gaming-stats.pdf,https://dor.sd.gov/businesses/gaming/,SD/screenshots/SD_2024_01_SD_2024_01_p1.png,"NCAA FB $80,135.87 ($30,092.22) 137.55%",,2026-04-08T18:45:10.803402
SD,2024-01-01,2024-01-31,monthly,Deadwood Casinos,Deadwood Casinos,Deadwood Casinos,Deadwood Gaming Association,retail,basketball_college,16698921,1071959,1071959,,,15626962,96476,,0.0641933092563286,31,False,False,SD_2024_01.pdf,,,,,,https://dor.sd.gov/media/qa0pt1kx/jan-2024-gaming-stats.pdf,https://dor.sd.gov/businesses/gaming/,SD/screenshots/SD_2024_01_SD_2024_01_p1.png,"NCAA Mens BB $166,989.21 $10,719.59 93.58%",,2026-04-08T18:45:10.803402
SD,2024-01-01,2024-01-31,monthly,Deadwood Casinos,Deadwood Casinos,Deadwood Casinos,Deadwood Gaming Association,retail,football,48147362,9663768,9663768,,,38483594,869739,,0.20071230486106384,31,False,False,SD_2024_01.pdf,,,,,,https://dor.sd.gov/media/qa0pt1kx/jan-2024-gaming-stats.pdf,https://dor.sd.gov/businesses/gaming/,SD/screenshots/SD_2024_01_SD_2024_01_p1.png,"NFL $481,473.62 $96,637.68 79.93%",,2026-04-08T18:45:10.803402
SD,2024-01-01,2024-01-31,monthly,Deadwood Casinos,Deadwood Casinos,Deadwood Casinos,Deadwood Gaming Association,retail,hockey,3892358,-44668,-44668,,,3937026,0,,-0.011475820055606396,31,False,False,SD_2024_01.pdf,,,,,,https://dor.sd.gov/media/qa0pt1kx/jan-2024-gaming-stats.pdf,https://dor.sd.gov/businesses/gaming/,SD/screenshots/SD_2024_01_SD_2024_01_p1.png,"NHL $38,923.58 ($446.68) 101.15%",,2026-04-08T18:45:10.803402
SD,2024-01-01,2024-01-31,monthly,Deadwood Casinos,Deadwood Casinos,Deadwood Casinos,Deadwood Gaming Association,retail,golf,423670,23090,23090,,,400580,2078,,0.0544999645950858,31,False,False,SD_2024_01.pdf,,,,,,https://dor.sd.gov/media/qa0pt1kx/jan-2024-gaming-stats.pdf,https://dor.sd.gov/businesses/gaming/,SD/screenshots/SD_2024_01_SD_2024_01_p1.png,"PGA $4,236.70 $230.90 94.55%",,2026-04-08T18:45:10.803402
SD,2024-01-01,2024-01-31,monthly,Deadwood Casinos,Deadwood Casinos,Deadwood Casinos,Deadwood Gaming Association,retail,soccer,292188,170175,170175,,,122013,15316,,0.5824161156515668,31,False,False,SD_2024_01.pdf,,,,,,https://dor.sd.gov/media/qa0pt1kx/jan-2024-gaming-stats.pdf,https://dor.sd.gov/businesses/gaming/,SD/screenshots/SD_2024_01_SD_2024_01_p1.png,"SOCCER $2,921.88 $1,701.75 41.76%",,2026-04-08T18:45:10.803402
SD,2024-01-01,2024-01-31,monthly,Deadwood Casinos,Deadwood Casinos,Deadwood Casinos,Deadwood Gaming Association,retail,tennis,330100,145139,145139,,,184961,13063,,0.43968191457134204,31,False,False,SD_2024_01.pdf,,,,,,https://dor.sd.gov/media/qa0pt1kx/jan-2024-gaming-stats.pdf,https://dor.sd.gov/businesses/gaming/,SD/screenshots/SD_2024_01_SD_2024_01_p1.png,"TENNIS $3,301.00 $1,451.39 56.03%",,2026-04-08T18:45:10.803402
SD,2024-01-01,2024-01-31,monthly,Deadwood Casinos,Deadwood Casinos,Deadwood Casinos,Deadwood Gaming Association,retail,,86881503,9475561,9475561,,,77405942,852800,,0.10906304187670418,31,False,False,SD_2024_01.pdf,,,,,,https://dor.sd.gov/media/qa0pt1kx/jan-2024-gaming-stats.pdf,https://dor.sd.gov/businesses/gaming/,SD/screenshots/SD_2024_01_SD_2024_01_p1.png,"Totals $868,815.03 $94,755.61 89.09%",,2026-04-08T18:45:10.803402
SD,2024-02-01,2024-02-29,monthly,Deadwood Casinos,Deadwood Casinos,Deadwood Casinos,Deadwood Gaming Association,retail,boxing,800,800,800,,,0,72,,1.0,29,False,False,SD_2024_02.pdf,,,,,,https://dor.sd.gov/media/wpdfwoii/feb-24-gaming-stats.pdf,https://dor.sd.gov/businesses/gaming/,SD/screenshots/SD_2024_02_SD_2024_02_p1.png,BOXING $8.00 $8.00 0.00%,,2026-04-08T18:45:11.859699
SD,2024-02-01,2024-02-29,monthly,Deadwood Casinos,Deadwood Casinos,Deadwood Casinos,Deadwood Gaming Association,retail,baseball,302450,218595,218595,,,83855,19674,,0.7227475615804265,29,False,False,SD_2024_02.pdf,,,,,,https://dor.sd.gov/media/wpdfwoii/feb-24-gaming-stats.pdf,https://dor.sd.gov/businesses/gaming/,SD/screenshots/SD_2024_02_SD_2024_02_p1.png,"MLB $2,924.50 $2,295.95 21.49% | NCAA Baseball $100.00 ($110.00) 210.00%",,2026-04-08T18:45:11.859699
SD,2024-02-01,2024-02-29,monthly,Deadwood Casinos,Deadwood Casinos,Deadwood Casinos,Deadwood Gaming Association,retail,mma,2492342,995986,995986,,,1496356,89639,,0.3996185114241946,29,False,False,SD_2024_02.pdf,,,,,,https://dor.sd.gov/media/wpdfwoii/feb-24-gaming-stats.pdf,https://dor.sd.gov/businesses/gaming/,SD/screenshots/SD_2024_02_SD_2024_02_p1.png,"MMA/UFC $24,923.42 $9,959.86 60.04%",,2026-04-08T18:45:11.859699
SD,2024-02-01,2024-02-29,monthly,Deadwood Casinos,Deadwood Casinos,Deadwood Casinos,Deadwood Gaming Association,retail,motorsports,552410,472510,472510,,,79900,42526,,0.8553610542893865,29,False,False,SD_2024_02.pdf,,,,,,https://dor.sd.gov/media/wpdfwoii/feb-24-gaming-stats.pdf,https://dor.sd.gov/businesses/gaming/,SD/screenshots/SD_2024_02_SD_2024_02_p1.png,"NASCAR $5,524.10 $4,725.10 14.46%",,2026-04-08T18:45:11.859699
SD,2024-02-01,2024-02-29,monthly,Deadwood Casinos,Deadwood Casinos,Deadwood Casinos,Deadwood Gaming Association,retail,basketball,8617559,1938692,1938692,,,6678867,174482,,0.22496997119485923,29,False,False,SD_2024_02.pdf,,,,,,https://dor.sd.gov/media/wpdfwoii/feb-24-gaming-stats.pdf,https://dor.sd.gov/businesses/gaming/,SD/screenshots/SD_2024_02_SD_2024_02_p1.png,"NBA $86,175.59 $19,386.92 77.50%",,2026-04-08T18:45:11.859699
SD,2024-02-01,2024-02-29,monthly,Deadwood Casinos,Deadwood Casinos,Deadwood Casinos,Deadwood Gaming Association,retail,football_college,19450,-427621,-427621,,,447071,0,,-21.98565552699229,29,False,False,SD_2024_02.pdf,,,,,,https://dor.sd.gov/media/wpdfwoii/feb-24-gaming-stats.pdf,https://dor.sd.gov/businesses/gaming/,SD/screenshots/SD_2024_02_SD_2024_02_p1.png,"NCAA FB $194.50 ($4,276.21) 2298.57%",,2026-04-08T18:45:11.859699
SD,2024-02-01,2024-02-29,monthly,Deadwood Casinos,Deadwood Casinos,Deadwood Casinos,Deadwood Gaming Association,retail,basketball_college,27631959,2684008,2684008,,,24947951,241561,,0.09713419160762363,29,False,False,SD_2024_02.pdf,,,,,,https://dor.sd.gov/media/wpdfwoii/feb-24-gaming-stats.pdf,https://dor.sd.gov/businesses/gaming/,SD/screenshots/SD_2024_02_SD_2024_02_p1.png,"NCAA Mens BB $276,319.59 $26,840.08 90.29%",,2026-04-08T18:45:11.859699
SD,2024-02-01,2024-02-29,monthly,Deadwood Casinos,Deadwood Casinos,Deadwood Casinos,Deadwood Gaming Association,retail,football,25474841,-11060132,-11060132,,,36534973,0,,-0.4341590198737649,29,False,False,SD_2024_02.pdf,,,,,,https://dor.sd.gov/media/wpdfwoii/feb-24-gaming-stats.pdf,https://dor.sd.gov/businesses/gaming/,SD/screenshots/SD_2024_02_SD_2024_02_p1.png,"NFL $254,748.41 ($110,601.32) 143.42%",,2026-04-08T18:45:11.859699
SD,2024-02-01,2024-02-29,monthly,Deadwood Casinos,Deadwood Casinos,Deadwood Casinos,Deadwood Gaming Association,retail,hockey,2589604,404415,404415,,,2185189,36397,,0.1561686651704276,29,False,False,SD_2024_02.pdf,,,,,,https://dor.sd.gov/media/wpdfwoii/feb-24-gaming-stats.pdf,https://dor.sd.gov/businesses/gaming/,SD/screenshots/SD_2024_02_SD_2024_02_p1.png,"NHL $25,896.04 $4,044.15 84.38%",,2026-04-08T18:45:11.859699
SD,2024-02-01,2024-02-29,monthly,Deadwood Casinos,Deadwood Casinos,Deadwood Casinos,Deadwood Gaming Association,retail,golf,549830,392705,392705,,,157125,35343,,0.7142298528636124,29,False,False,SD_2024_02.pdf,,,,,,https://dor.sd.gov/media/wpdfwoii/feb-24-gaming-stats.pdf,https://dor.sd.gov/businesses/gaming/,SD/screenshots/SD_2024_02_SD_2024_02_p1.png,"PGA $5,498.30 $3,927.05 28.58%",,2026-04-08T18:45:11.859699
SD,2024-02-01,2024-02-29,monthly,Deadwood Casinos,Deadwood Casinos,Deadwood Casinos,Deadwood Gaming Association,retail,soccer,578159,385657,385657,,,192502,34709,,0.6670431490299381,29,False,False,SD_2024_02.pdf,,,,,,https://dor.sd.gov/media/wpdfwoii/feb-24-gaming-stats.pdf,https://dor.sd.gov/businesses/gaming/,SD/screenshots/SD_2024_02_SD_2024_02_p1.png,"SOCCER $5,781.59 $3,856.57 33.30%",,2026-04-08T18:45:11.859699
SD,2024-02-01,2024-02-29,monthly,Deadwood Casinos,Deadwood Casinos,Deadwood Casinos,Deadwood Gaming Association,retail,tennis,792290,153810,153810,,,638480,13843,,0.19413346123262948,29,False,False,SD_2024_02.pdf,,,,,,https://dor.sd.gov/media/wpdfwoii/feb-24-gaming-stats.pdf,https://dor.sd.gov/businesses/gaming/,SD/screenshots/SD_2024_02_SD_2024_02_p1.png,"TENNIS $7,922.90 $1,538.10 80.59%",,2026-04-08T18:45:11.859699
SD,2024-02-01,2024-02-29,monthly,Deadwood Casinos,Deadwood Casinos,Deadwood Casinos,Deadwood Gaming Association,retail,,69601694,-3840575,-3840575,,,73442269,0,,-0.05517933227314841,29,False,False,SD_2024_02.pdf,,,,,,https://dor.sd.gov/media/wpdfwoii/feb-24-gaming-stats.pdf,https://dor.sd.gov/businesses/gaming/,SD/screenshots/SD_2024_02_SD_2024_02_p1.png,"Totals $696,016.94 ($38,405.75) 105.52%",,2026-04-08T18:45:11.859699
SD,2024-03-01,2024-03-31,monthly,Deadwood Casinos,Deadwood Casinos,Deadwood Casinos,Deadwood Gaming Association,retail,boxing,22000,22000,22000,,,0,1980,,1.0,31,False,False,SD_2024_03.pdf,,,,,,https://dor.sd.gov/media/o4qd0unn/march-2024-gaming-stats.pdf,https://dor.sd.gov/businesses/gaming/,SD/screenshots/SD_2024_03_SD_2024_03_p1.png,BOXING $220.00 $220.00 0.00%,,2026-04-08T18:45:12.906268
SD,2024-03-01,2024-03-31,monthly,Deadwood Casinos,Deadwood Casinos,Deadwood Casinos,Deadwood Gaming Association,retail,motorsports,488600,326625,326625,,,161975,29396,,0.6684916086778551,31,False,False,SD_2024_03.pdf,,,,,,https://dor.sd.gov/media/o4qd0unn/march-2024-gaming-stats.pdf,https://dor.sd.gov/businesses/gaming/,SD/screenshots/SD_2024_03_SD_2024_03_p1.png,"FORMULA 1 $115.00 $115.00 0.00% | NASCAR $4,771.00 $3,151.25 33.95%",,2026-04-08T18:45:12.906268
SD,2024-03-01,2024-03-31,monthly,Deadwood Casinos,Deadwood Casinos,Deadwood Casinos,Deadwood Gaming Association,retail,baseball,2415076,438664,438664,,,1976412,39480,,0.1816356917960346,31,False,False,SD_2024_03.pdf,,,,,,https://dor.sd.gov/media/o4qd0unn/march-2024-gaming-stats.pdf,https://dor.sd.gov/businesses/gaming/,SD/screenshots/SD_2024_03_SD_2024_03_p1.png,"MLB $23,836.76 $4,327.74 81.84% | NCAA Baseball $314.00 $58.90 81.24%",,2026-04-08T18:45:12.906268
SD,2024-03-01,2024-03-31,monthly,Deadwood Casinos,Deadwood Casinos,Deadwood Casinos,Deadwood Gaming Association,retail,mma,3739865,-218903,-218903,,,3958768,0,,-0.058532326701632276,31,False,False,SD_2024_03.pdf,,,,,,https://dor.sd.gov/media/o4qd0unn/march-2024-gaming-stats.pdf,https://dor.sd.gov/businesses/gaming/,SD/screenshots/SD_2024_03_SD_2024_03_p1.png,"MMA/UFC $37,398.65 ($2,189.03) 105.85%",,2026-04-08T18:45:12.906268
SD,2024-03-01,2024-03-31,monthly,Deadwood Casinos,Deadwood Casinos,Deadwood Casinos,Deadwood Gaming Association,retail,basketball,11664425,1668481,1668481,,,9995944,150163,,0.14304014128428963,31,False,False,SD_2024_03.pdf,,,,,,https://dor.sd.gov/media/o4qd0unn/march-2024-gaming-stats.pdf,https://dor.sd.gov/businesses/gaming/,SD/screenshots/SD_2024_03_SD_2024_03_p1.png,"NBA $116,644.25 $16,684.81 85.70%",,2026-04-08T18:45:12.906268
SD,2024-03-01,2024-03-31,monthly,Deadwood Casinos,Deadwood Casinos,Deadwood Casinos,Deadwood Gaming Association,retail,football_college,7500,-180898,-180898,,,188398,0,,-24.119733333333333,31,False,False,SD_2024_03.pdf,,,,,,https://dor.sd.gov/media/o4qd0unn/march-2024-gaming-stats.pdf,https://dor.sd.gov/businesses/gaming/,SD/screenshots/SD_2024_03_SD_2024_03_p1.png,"NCAA FB $75.00 ($1,808.98) 2511.97%",,2026-04-08T18:45:12.906268
SD,2024-03-01,2024-03-31,monthly,Deadwood Casinos,Deadwood Casinos,Deadwood Casinos,Deadwood Gaming Association,retail,basketball_college,99776174,9587922,9587922,,,90188252,862913,,0.09609430403695375,31,False,False,SD_2024_03.pdf,,,,,,https://dor.sd.gov/media/o4qd0unn/march-2024-gaming-stats.pdf,https://dor.sd.gov/businesses/gaming/,SD/screenshots/SD_2024_03_SD_2024_03_p1.png,"NCAA Mens BB $997,761.74 $95,879.22 90.39%",,2026-04-08T18:45:12.906268
SD,2024-03-01,2024-03-31,monthly,Deadwood Casinos,Deadwood Casinos,Deadwood Casinos,Deadwood Gaming Association,retail,football,198000,-3267217,-3267217,,,3465217,0,,-16.50109595959596,31,False,False,SD_2024_03.pdf,,,,,,https://dor.sd.gov/media/o4qd0unn/march-2024-gaming-stats.pdf,https://dor.sd.gov/businesses/gaming/,SD/screenshots/SD_2024_03_SD_2024_03_p1.png,"NFL $1,980.00 ($32,672.17) 1750.11%",,2026-04-08T18:45:12.906268
SD,2024-03-01,2024-03-31,monthly,Deadwood Casinos,Deadwood Casinos,Deadwood Casinos,Deadwood Gaming Association,retail,hockey,3428106,131705,131705,,,3296401,11853,,0.038419173736168016,31,False,False,SD_2024_03.pdf,,,,,,https://dor.sd.gov/media/o4qd0unn/march-2024-gaming-stats.pdf,https://dor.sd.gov/businesses/gaming/,SD/screenshots/SD_2024_03_SD_2024_03_p1.png,"NHL $34,281.06 $1,317.05 96.16%",,2026-04-08T18:45:12.906268
SD,2024-03-01,2024-03-31,monthly,Deadwood Casinos,Deadwood Casinos,Deadwood Casinos,Deadwood Gaming Association,retail,golf,711600,314545,314545,,,397055,28309,,0.44202501405283867,31,False,False,SD_2024_03.pdf,,,,,,https://dor.sd.gov/media/o4qd0unn/march-2024-gaming-stats.pdf,https://dor.sd.gov/businesses/gaming/,SD/screenshots/SD_2024_03_SD_2024_03_p1.png,"PGA $7,116.00 $3,145.45 55.80%",,2026-04-08T18:45:12.906268
SD,2024-03-01,2024-03-31,monthly,Deadwood Casinos,Deadwood Casinos,Deadwood Casinos,Deadwood Gaming Association,retail,soccer,961981,265795,265795,,,696186,23922,,0.2762996358555938,31,False,False,SD_2024_03.pdf,,,,,,https://dor.sd.gov/media/o4qd0unn/march-2024-gaming-stats.pdf,https://dor.sd.gov/businesses/gaming/,SD/screenshots/SD_2024_03_SD_2024_03_p1.png,"SOCCER $9,619.81 $2,657.95 72.37%",,2026-04-08T18:45:12.906268
SD,2024-03-01,2024-03-31,monthly,Deadwood Casinos,Deadwood Casinos,Deadwood Casinos,Deadwood Gaming Association,retail,tennis,813700,32819,32819,,,780881,2954,,0.04033304657736266,31,False,False,SD_2024_03.pdf,,,,,,https://dor.sd.gov/media/o4qd0unn/march-2024-gaming-stats.pdf,https://dor.sd.gov/businesses/gaming/,SD/screenshots/SD_2024_03_SD_2024_03_p1.png,"TENNIS $8,137.00 $328.19 95.97%",,2026-04-08T18:45:12.906268
SD,2024-03-01,2024-03-31,monthly,Deadwood Casinos,Deadwood Casinos,Deadwood Casinos,Deadwood Gaming Association,retail,,124227027,9121538,9121538,,,115105489,820938,,0.0734263567299248,31,False,False,SD_2024_03.pdf,,,,,,https://dor.sd.gov/media/o4qd0unn/march-2024-gaming-stats.pdf,https://dor.sd.gov/businesses/gaming/,SD/screenshots/SD_2024_03_SD_2024_03_p1.png,"Totals $1,242,270.27 $91,215.38 92.66%",,2026-04-08T18:45:12.906268
SD,2024-04-01,2024-04-30,monthly,Deadwood Casinos,Deadwood Casinos,Deadwood Casinos,Deadwood Gaming Association,retail,boxing,146500,-406160,-406160,,,552660,0,,-2.7724232081911264,30,False,False,SD_2024_04.pdf,,,,,,https://dor.sd.gov/media/jcalr2dc/april-2024-gaming-stats.pdf,https://dor.sd.gov/businesses/gaming/,SD/screenshots/SD_2024_04_SD_2024_04_p1.png,"BOXING $1,465.00 ($4,061.60) 377.24%",,2026-04-08T18:45:13.977964
SD,2024-04-01,2024-04-30,monthly,Deadwood Casinos,Deadwood Casinos,Deadwood Casinos,Deadwood Gaming Association,retail,motorsports,357905,125440,125440,,,232465,11290,,0.3504840670010198,30,False,False,SD_2024_04.pdf,,,,,,https://dor.sd.gov/media/jcalr2dc/april-2024-gaming-stats.pdf,https://dor.sd.gov/businesses/gaming/,SD/screenshots/SD_2024_04_SD_2024_04_p1.png,"FORMULA 1 $1,020.15 $102.50 89.95% | NASCAR $2,558.90 $1,151.90 54.98%",,2026-04-08T18:45:13.977964
SD,2024-04-01,2024-04-30,monthly,Deadwood Casinos,Deadwood Casinos,Deadwood Casinos,Deadwood Gaming Association,retail,baseball,13900470,3112695,3112695,,,10787775,280143,,0.22392732044312172,30,False,False,SD_2024_04.pdf,,,,,,https://dor.sd.gov/media/jcalr2dc/april-2024-gaming-stats.pdf,https://dor.sd.gov/businesses/gaming/,SD/screenshots/SD_2024_04_SD_2024_04_p1.png,"MLB $136,372.70 $30,823.65 77.40% | NCAA Baseball $2,632.00 $303.30 88.48%",,2026-04-08T18:45:13.977964
SD,2024-04-01,2024-04-30,monthly,Deadwood Casinos,Deadwood Casinos,Deadwood Casinos,Deadwood Gaming Association,retail,mma,3225725,219111,219111,,,3006614,19720,,0.06792612513465965,30,False,False,SD_2024_04.pdf,,,,,,https://dor.sd.gov/media/jcalr2dc/april-2024-gaming-stats.pdf,https://dor.sd.gov/businesses/gaming/,SD/screenshots/SD_2024_04_SD_2024_04_p1.png,"MMA/UFC $32,257.25 $2,191.11 93.21%",,2026-04-08T18:45:13.977964
SD,2024-04-01,2024-04-30,monthly,Deadwood Casinos,Deadwood Casinos,Deadwood Casinos,Deadwood Gaming Association,retail,basketball,16557291,2422480,2422480,,,14134811,218023,,0.14630895839180455,30,False,False,SD_2024_04.pdf,,,,,,https://dor.sd.gov/media/jcalr2dc/april-2024-gaming-stats.pdf,https://dor.sd.gov/businesses/gaming/,SD/screenshots/SD_2024_04_SD_2024_04_p1.png,"NBA $165,572.91 $24,224.80 85.37%",,2026-04-08T18:45:13.977964
SD,2024-04-01,2024-04-30,monthly,Deadwood Casinos,Deadwood Casinos,Deadwood Casinos,Deadwood Gaming Association,retail,football_college,6100,-87641,-87641,,,93741,0,,-14.367377049180329,30,False,False,SD_2024_04.pdf,,,,,,https://dor.sd.gov/media/jcalr2dc/april-2024-gaming-stats.pdf,https://dor.sd.gov/businesses/gaming/,SD/screenshots/SD_2024_04_SD_2024_04_p1.png,NCAA FB $61.00 ($876.41) 1536.74%,,2026-04-08T18:45:13.977964
SD,2024-04-01,2024-04-30,monthly,Deadwood Casinos,Deadwood Casinos,Deadwood Casinos,Deadwood Gaming Association,retail,basketball_college,9637951,-6584736,-6584736,,,16222687,0,,-0.6832091177886254,30,False,False,SD_2024_04.pdf,,,,,,https://dor.sd.gov/media/jcalr2dc/april-2024-gaming-stats.pdf,https://dor.sd.gov/businesses/gaming/,SD/screenshots/SD_2024_04_SD_2024_04_p1.png,"NCAA Mens BB $96,379.51 ($65,847.36) 168.32%",,2026-04-08T18:45:13.977964
SD,2024-04-01,2024-04-30,monthly,Deadwood Casinos,Deadwood Casinos,Deadwood Casinos,Deadwood Gaming Association,retail,football,317900,-2036164,-2036164,,,2354064,0,,-6.405045611827619,30,False,False,SD_2024_04.pdf,,,,,,https://dor.sd.gov/media/jcalr2dc/april-2024-gaming-stats.pdf,https://dor.sd.gov/businesses/gaming/,SD/screenshots/SD_2024_04_SD_2024_04_p1.png,"NFL $3,179.00 ($20,361.64) 740.50%",,2026-04-08T18:45:13.977964
SD,2024-04-01,2024-04-30,monthly,Deadwood Casinos,Deadwood Casinos,Deadwood Casinos,Deadwood Gaming Association,retail,hockey,3714618,1262082,1262082,,,2452536,113587,,0.33976091215839693,30,False,False,SD_2024_04.pdf,,,,,,https://dor.sd.gov/media/jcalr2dc/april-2024-gaming-stats.pdf,https://dor.sd.gov/businesses/gaming/,SD/screenshots/SD_2024_04_SD_2024_04_p1.png,"NHL $37,146.18 $12,620.82 66.02%",,2026-04-08T18:45:13.977964
SD,2024-04-01,2024-04-30,monthly,Deadwood Casinos,Deadwood Casinos,Deadwood Casinos,Deadwood Gaming Association,retail,golf,1172640,457204,457204,,,715436,41148,,0.3898928912539228,30,False,False,SD_2024_04.pdf,,,,,,https://dor.sd.gov/media/jcalr2dc/april-2024-gaming-stats.pdf,https://dor.sd.gov/businesses/gaming/,SD/screenshots/SD_2024_04_SD_2024_04_p1.png,"PGA $11,726.40 $4,572.04 61.01%",,2026-04-08T18:45:13.977964
SD,2024-04-01,2024-04-30,monthly,Deadwood Casinos,Deadwood Casinos,Deadwood Casinos,Deadwood Gaming Association,retail,soccer,551470,161919,161919,,,389551,14573,,0.2936134331876621,30,False,False,SD_2024_04.pdf,,,,,,https://dor.sd.gov/media/jcalr2dc/april-2024-gaming-stats.pdf,https://dor.sd.gov/businesses/gaming/,SD/screenshots/SD_2024_04_SD_2024_04_p1.png,"SOCCER $5,514.70 $1,619.19 70.64%",,2026-04-08T18:45:13.977964
SD,2024-04-01,2024-04-30,monthly,Deadwood Casinos,Deadwood Casinos,Deadwood Casinos,Deadwood Gaming Association,retail,tennis,762200,183769,183769,,,578431,16539,,0.24110338493833638,30,False,False,SD_2024_04.pdf,,,,,,https://dor.sd.gov/media/jcalr2dc/april-2024-gaming-stats.pdf,https://dor.sd.gov/businesses/gaming/,SD/screenshots/SD_2024_04_SD_2024_04_p1.png,"TENNIS $7,622.00 $1,837.69 75.89%",,2026-04-08T18:45:13.977964
SD,2024-04-01,2024-04-30,monthly,Deadwood Casinos,Deadwood Casinos,Deadwood Casinos,Deadwood Gaming Association,retail,,50350770,-1170001,-1170001,,,51520771,0,,-0.023237003128254045,30,False,False,SD_2024_04.pdf,,,,,,https://dor.sd.gov/media/jcalr2dc/april-2024-gaming-stats.pdf,https://dor.sd.gov/businesses/gaming/,SD/screenshots/SD_2024_04_SD_2024_04_p1.png,"Totals $503,507.70 ($11,700.01) 102.32%",,2026-04-08T18:45:13.977964
SD,2024-05-01,2024-05-31,monthly,Deadwood Casinos,Deadwood Casinos,Deadwood Casinos,Deadwood Gaming Association,retail,boxing,76800,-196775,-196775,,,273575,0,,-2.5621744791666665,31,False,False,SD_2024_05.pdf,,,,,,https://dor.sd.gov/media/abbhnhlu/may-2024-gaming-stats.pdf,https://dor.sd.gov/businesses/gaming/,SD/screenshots/SD_2024_05_SD_2024_05_p1.png,"BOXING $768.00 ($1,967.75) 356.22%",,2026-04-08T18:45:15.190793
SD,2024-05-01,2024-05-31,monthly,Deadwood Casinos,Deadwood Casinos,Deadwood Casinos,Deadwood Gaming Association,retail,motorsports,334000,90965,90965,,,243035,8187,,0.2723502994011976,31,False,False,SD_2024_05.pdf,,,,,,https://dor.sd.gov/media/abbhnhlu/may-2024-gaming-stats.pdf,https://dor.sd.gov/businesses/gaming/,SD/screenshots/SD_2024_05_SD_2024_05_p1.png,"FORMULA 1 $2,460.00 $1,028.40 58.20% | NASCAR $880.00 ($118.75) 113.49%",,2026-04-08T18:45:15.190793
SD,2024-05-01,2024-05-31,monthly,Deadwood Casinos,Deadwood Casinos,Deadwood Casinos,Deadwood Gaming Association,retail,other,6500,6500,6500,,,0,585,,1.0,31,False,False,SD_2024_05.pdf,,,,,,https://dor.sd.gov/media/abbhnhlu/may-2024-gaming-stats.pdf,https://dor.sd.gov/businesses/gaming/,SD/screenshots/SD_2024_05_SD_2024_05_p1.png,INDY CAR $65.00 $65.00 0.00%,,2026-04-08T18:45:15.190793
SD,2024-05-01,2024-05-31,monthly,Deadwood Casinos,Deadwood Casinos,Deadwood Casinos,Deadwood Gaming Association,retail,baseball,17383594,28767,28767,,,17354827,2589,,0.0016548361633388355,31,False,False,SD_2024_05.pdf,,,,,,https://dor.sd.gov/media/abbhnhlu/may-2024-gaming-stats.pdf,https://dor.sd.gov/businesses/gaming/,SD/screenshots/SD_2024_05_SD_2024_05_p1.png,"MLB $171,731.94 ($299.53) 100.17% | NCAA Baseball $2,104.00 $587.20 72.09%",,2026-04-08T18:45:15.190793
SD,2024-05-01,2024-05-31,monthly,Deadwood Casinos,Deadwood Casinos,Deadwood Casinos,Deadwood Gaming Association,retail,mma,1600565,231318,231318,,,1369247,20819,,0.1445227154161187,31,False,False,SD_2024_05.pdf,,,,,,https://dor.sd.gov/media/abbhnhlu/may-2024-gaming-stats.pdf,https://dor.sd.gov/businesses/gaming/,SD/screenshots/SD_2024_05_SD_2024_05_p1.png,"MMA/UFC $16,005.65 $2,313.18 85.55%",,2026-04-08T18:45:15.190793
SD,2024-05-01,2024-05-31,monthly,Deadwood Casinos,Deadwood Casinos,Deadwood Casinos,Deadwood Gaming Association,retail,basketball,21408606,4379077,4379077,,,17029529,394117,,0.20454750767051344,31,False,False,SD_2024_05.pdf,,,,,,https://dor.sd.gov/media/abbhnhlu/may-2024-gaming-stats.pdf,https://dor.sd.gov/businesses/gaming/,SD/screenshots/SD_2024_05_SD_2024_05_p1.png,"NBA $205,933.21 $42,835.40 79.20% | WNBA $8,152.85 $955.37 88.28%",,2026-04-08T18:45:15.190793
SD,2024-05-01,2024-05-31,monthly,Deadwood Casinos,Deadwood Casinos,Deadwood Casinos,Deadwood Gaming Association,retail,football_college,23500,12310,12310,,,11190,1108,,0.5238297872340425,31,False,False,SD_2024_05.pdf,,,,,,https://dor.sd.gov/media/abbhnhlu/may-2024-gaming-stats.pdf,https://dor.sd.gov/businesses/gaming/,SD/screenshots/SD_2024_05_SD_2024_05_p1.png,NCAA FB $235.00 $123.10 47.62%,,2026-04-08T18:45:15.190793
SD,2024-05-01,2024-05-31,monthly,Deadwood Casinos,Deadwood Casinos,Deadwood Casinos,Deadwood Gaming Association,retail,basketball_college,58000,-498616,-498616,,,556616,0,,-8.596827586206896,31,False,False,SD_2024_05.pdf,,,,,,https://dor.sd.gov/media/abbhnhlu/may-2024-gaming-stats.pdf,https://dor.sd.gov/businesses/gaming/,SD/screenshots/SD_2024_05_SD_2024_05_p1.png,"NCAA Mens BB $580.00 ($4,986.16) 959.68%",,2026-04-08T18:45:15.190793
SD,2024-05-01,2024-05-31,monthly,Deadwood Casinos,Deadwood Casinos,Deadwood Casinos,Deadwood Gaming Association,retail,football,512926,-208543,-208543,,,721469,0,,-0.4065752174777648,31,False,False,SD_2024_05.pdf,,,,,,https://dor.sd.gov/media/abbhnhlu/may-2024-gaming-stats.pdf,https://dor.sd.gov/businesses/gaming/,SD/screenshots/SD_2024_05_SD_2024_05_p1.png,"NFL $5,129.26 ($2,085.43) 140.66%",,2026-04-08T18:45:15.190793
SD,2024-05-01,2024-05-31,monthly,Deadwood Casinos,Deadwood Casinos,Deadwood Casinos,Deadwood Gaming Association,retail,hockey,4968819,933913,933913,,,4034906,84052,,0.1879547232451011,31,False,False,SD_2024_05.pdf,,,,,,https://dor.sd.gov/media/abbhnhlu/may-2024-gaming-stats.pdf,https://dor.sd.gov/businesses/gaming/,SD/screenshots/SD_2024_05_SD_2024_05_p1.png,"NHL $49,688.19 $9,339.13 81.20%",,2026-04-08T18:45:15.190793
SD,2024-05-01,2024-05-31,monthly,Deadwood Casinos,Deadwood Casinos,Deadwood Casinos,Deadwood Gaming Association,retail,golf,608700,110350,110350,,,498350,9931,,0.18128799080006572,31,False,False,SD_2024_05.pdf,,,,,,https://dor.sd.gov/media/abbhnhlu/may-2024-gaming-stats.pdf,https://dor.sd.gov/businesses/gaming/,SD/screenshots/SD_2024_05_SD_2024_05_p1.png,"PGA $6,087.00 $1,103.50 81.87%",,2026-04-08T18:45:15.190793
SD,2024-05-01,2024-05-31,monthly,Deadwood Casinos,Deadwood Casinos,Deadwood Casinos,Deadwood Gaming Association,retail,soccer,494525,242215,242215,,,252310,21799,,0.4897932359334715,31,False,False,SD_2024_05.pdf,,,,,,https://dor.sd.gov/media/abbhnhlu/may-2024-gaming-stats.pdf,https://dor.sd.gov/businesses/gaming/,SD/screenshots/SD_2024_05_SD_2024_05_p1.png,"SOCCER $4,945.25 $2,422.15 51.02%",,2026-04-08T18:45:15.190793
SD,2024-05-01,2024-05-31,monthly,Deadwood Casinos,Deadwood Casinos,Deadwood Casinos,Deadwood Gaming Association,retail,tennis,2072550,17152,17152,,,2055398,1544,,0.008275795517599093,31,False,False,SD_2024_05.pdf,,,,,,https://dor.sd.gov/media/abbhnhlu/may-2024-gaming-stats.pdf,https://dor.sd.gov/businesses/gaming/,SD/screenshots/SD_2024_05_SD_2024_05_p1.png,"TENNIS $20,725.50 $171.52 99.17%",,2026-04-08T18:45:15.190793
SD,2024-05-01,2024-05-31,monthly,Deadwood Casinos,Deadwood Casinos,Deadwood Casinos,Deadwood Gaming Association,retail,,49549085,5148633,5148633,,,44400452,463377,,0.1039097492920404,31,False,False,SD_2024_05.pdf,,,,,,https://dor.sd.gov/media/abbhnhlu/may-2024-gaming-stats.pdf,https://dor.sd.gov/businesses/gaming/,SD/screenshots/SD_2024_05_SD_2024_05_p1.png,"Totals $495,490.85 $51,486.33 89.61%",,2026-04-08T18:45:15.190793
SD,2024-06-01,2024-06-30,monthly,Deadwood Casinos,Deadwood Casinos,Deadwood Casinos,Deadwood Gaming Association,retail,boxing,29900,20620,20620,,,9280,1856,,0.6896321070234114,30,False,False,SD_2024_06.pdf,,,,,,https://dor.sd.gov/media/d4vlnuv5/june-2024-gaming-stats.pdf,https://dor.sd.gov/businesses/gaming/,SD/screenshots/SD_2024_06_SD_2024_06_p1.png,BOXING $299.00 $206.20 31.04%,,2026-04-08T18:45:16.251028
SD,2024-06-01,2024-06-30,monthly,Deadwood Casinos,Deadwood Casinos,Deadwood Casinos,Deadwood Gaming Association,retail,other,86500,-80000,-80000,,,166500,0,,-0.9248554913294798,30,False,False,SD_2024_06.pdf,,,,,,https://dor.sd.gov/media/d4vlnuv5/june-2024-gaming-stats.pdf,https://dor.sd.gov/businesses/gaming/,SD/screenshots/SD_2024_06_SD_2024_06_p1.png,CFL $865.00 ($800.00) 192.49%,,2026-04-08T18:45:16.251028
SD,2024-06-01,2024-06-30,monthly,Deadwood Casinos,Deadwood Casinos,Deadwood Casinos,Deadwood Gaming Association,retail,motorsports,317500,56460,56460,,,261040,5081,,0.1778267716535433,30,False,False,SD_2024_06.pdf,,,,,,https://dor.sd.gov/media/d4vlnuv5/june-2024-gaming-stats.pdf,https://dor.sd.gov/businesses/gaming/,SD/screenshots/SD_2024_06_SD_2024_06_p1.png,"FORMULA 1 $215.00 $186.10 13.44% | INDYCAR $25.00 $25.00 0.00% | NASCAR $2,935.00 $353.50 87.96%",,2026-04-08T18:45:16.251028
SD,2024-06-01,2024-06-30,monthly,Deadwood Casinos,Deadwood Casinos,Deadwood Casinos,Deadwood Gaming Association,retail,baseball,31137962,477159,477159,,,30660803,42944,,0.015324027950191473,30,False,False,SD_2024_06.pdf,,,,,,https://dor.sd.gov/media/d4vlnuv5/june-2024-gaming-stats.pdf,https://dor.sd.gov/businesses/gaming/,SD/screenshots/SD_2024_06_SD_2024_06_p1.png,"MLB $308,532.62 $4,324.09 98.60% | NCAA Baseball $2,847.00 $447.50 84.28%",,2026-04-08T18:45:16.251028
SD,2024-06-01,2024-06-30,monthly,Deadwood Casinos,Deadwood Casinos,Deadwood Casinos,Deadwood Gaming Association,retail,mma,4324885,126185,126185,,,4198700,11357,,0.0291764983346378,30,False,False,SD_2024_06.pdf,,,,,,https://dor.sd.gov/media/d4vlnuv5/june-2024-gaming-stats.pdf,https://dor.sd.gov/businesses/gaming/,SD/screenshots/SD_2024_06_SD_2024_06_p1.png,"MMA/UFC $43,248.85 $1,261.85 97.08%",,2026-04-08T18:45:16.251028
SD,2024-06-01,2024-06-30,monthly,Deadwood Casinos,Deadwood Casinos,Deadwood Casinos,Deadwood Gaming Association,retail,basketball,9986754,-1216839,-1216839,,,11203593,0,,-0.12184529627945176,30,False,False,SD_2024_06.pdf,,,,,,https://dor.sd.gov/media/d4vlnuv5/june-2024-gaming-stats.pdf,https://dor.sd.gov/businesses/gaming/,SD/screenshots/SD_2024_06_SD_2024_06_p1.png,"NBA $49,140.39 $23,585.46 52.00% | WNBA $50,727.15 ($35,753.85) 170.48%",,2026-04-08T18:45:16.251028
SD,2024-06-01,2024-06-30,monthly,Deadwood Casinos,Deadwood Casinos,Deadwood Casinos,Deadwood Gaming Association,retail,football_college,193000,177045,177045,,,15955,15934,,0.9173316062176166,30,False,False,SD_2024_06.pdf,,,,,,https://dor.sd.gov/media/d4vlnuv5/june-2024-gaming-stats.pdf,https://dor.sd.gov/businesses/gaming/,SD/screenshots/SD_2024_06_SD_2024_06_p1.png,"NCAA FB $1,930.00 $1,770.45 8.27%",,2026-04-08T18:45:16.251028
SD,2024-06-01,2024-06-30,monthly,Deadwood Casinos,Deadwood Casinos,Deadwood Casinos,Deadwood Gaming Association,retail,basketball_college,3000,-81413,-81413,,,84413,0,,-27.137666666666668,30,False,False,SD_2024_06.pdf,,,,,,https://dor.sd.gov/media/d4vlnuv5/june-2024-gaming-stats.pdf,https://dor.sd.gov/businesses/gaming/,SD/screenshots/SD_2024_06_SD_2024_06_p1.png,NCAA Mens BB $30.00 ($814.13) 2813.77%,,2026-04-08T18:45:16.251028
SD,2024-06-01,2024-06-30,monthly,Deadwood Casinos,Deadwood Casinos,Deadwood Casinos,Deadwood Gaming Association,retail,football,1170766,967507,967507,,,203259,87076,,0.826388022884163,30,False,False,SD_2024_06.pdf,,,,,,https://dor.sd.gov/media/d4vlnuv5/june-2024-gaming-stats.pdf,https://dor.sd.gov/businesses/gaming/,SD/screenshots/SD_2024_06_SD_2024_06_p1.png,"NFL $11,707.66 $9,675.07 17.36%",,2026-04-08T18:45:16.251028
SD,2024-06-01,2024-06-30,monthly,Deadwood Casinos,Deadwood Casinos,Deadwood Casinos,Deadwood Gaming Association,retail,hockey,2421532,442606,442606,,,1978926,39835,,0.182779331431507,30,False,False,SD_2024_06.pdf,,,,,,https://dor.sd.gov/media/d4vlnuv5/june-2024-gaming-stats.pdf,https://dor.sd.gov/businesses/gaming/,SD/screenshots/SD_2024_06_SD_2024_06_p1.png,"NHL $24,215.32 $4,426.06 81.72%",,2026-04-08T18:45:16.251028
SD,2024-06-01,2024-06-30,monthly,Deadwood Casinos,Deadwood Casinos,Deadwood Casinos,Deadwood Gaming Association,retail,golf,963860,-130254,-130254,,,1094114,0,,-0.1351378830950553,30,False,False,SD_2024_06.pdf,,,,,,https://dor.sd.gov/media/d4vlnuv5/june-2024-gaming-stats.pdf,https://dor.sd.gov/businesses/gaming/,SD/screenshots/SD_2024_06_SD_2024_06_p1.png,"PGA $9,638.60 ($1,302.54) 113.51%",,2026-04-08T18:45:16.251028
SD,2024-06-01,2024-06-30,monthly,Deadwood Casinos,Deadwood Casinos,Deadwood Casinos,Deadwood Gaming Association,retail,soccer,2482836,1043824,1043824,,,1439012,93944,,0.42041600814552393,30,False,False,SD_2024_06.pdf,,,,,,https://dor.sd.gov/media/d4vlnuv5/june-2024-gaming-stats.pdf,https://dor.sd.gov/businesses/gaming/,SD/screenshots/SD_2024_06_SD_2024_06_p1.png,"SOCCER $24,828.36 $10,438.24 57.96%",,2026-04-08T18:45:16.251028
SD,2024-06-01,2024-06-30,monthly,Deadwood Casinos,Deadwood Casinos,Deadwood Casinos,Deadwood Gaming Association,retail,tennis,2641000,265068,265068,,,2375932,23856,,0.10036652783036729,30,False,False,SD_2024_06.pdf,,,,,,https://dor.sd.gov/media/d4vlnuv5/june-2024-gaming-stats.pdf,https://dor.sd.gov/businesses/gaming/,SD/screenshots/SD_2024_06_SD_2024_06_p1.png,"TENNIS $26,410.00 $2,650.68 89.96%",,2026-04-08T18:45:16.251028
SD,2024-06-01,2024-06-30,monthly,Deadwood Casinos,Deadwood Casinos,Deadwood Casinos,Deadwood Gaming Association,retail,,55759495,2067968,2067968,,,53691527,186117,,0.03708727993322034,30,False,False,SD_2024_06.pdf,,,,,,https://dor.sd.gov/media/d4vlnuv5/june-2024-gaming-stats.pdf,https://dor.sd.gov/businesses/gaming/,SD/screenshots/SD_2024_06_SD_2024_06_p1.png,"Totals $557,594.95 $20,679.68 96.29%",,2026-04-08T18:45:16.251028
SD,2024-07-01,2024-07-31,monthly,Deadwood Casinos,Deadwood Casinos,Deadwood Casinos,Deadwood Gaming Association,retail,boxing,6200,-29316,-29316,,,35516,0,,-4.728387096774194,31,False,False,SD_2024_07.pdf,,,,,,https://dor.sd.gov/media/dhqkhf5r/july-2024-gaming-stats.pdf,https://dor.sd.gov/businesses/gaming/,SD/screenshots/SD_2024_07_SD_2024_07_p1.png,BOXING $62.00 ($293.16) 572.84%,,2026-04-08T18:45:17.233758
SD,2024-07-01,2024-07-31,monthly,Deadwood Casinos,Deadwood Casinos,Deadwood Casinos,Deadwood Gaming Association,retail,other,107090,26090,26090,,,81000,2348,,0.24362685591558503,31,False,False,SD_2024_07.pdf,,,,,,https://dor.sd.gov/media/dhqkhf5r/july-2024-gaming-stats.pdf,https://dor.sd.gov/businesses/gaming/,SD/screenshots/SD_2024_07_SD_2024_07_p1.png,CFL $344.00 ($286.00) 183.14% | OLYMPICS $726.90 $546.90 24.76%,,2026-04-08T18:45:17.233758
SD,2024-07-01,2024-07-31,monthly,Deadwood Casinos,Deadwood Casinos,Deadwood Casinos,Deadwood Gaming Association,retail,motorsports,235550,-64950,-64950,,,300500,0,,-0.2757376353215878,31,False,False,SD_2024_07.pdf,,,,,,https://dor.sd.gov/media/dhqkhf5r/july-2024-gaming-stats.pdf,https://dor.sd.gov/businesses/gaming/,SD/screenshots/SD_2024_07_SD_2024_07_p1.png,"FORMULA 1 $65.00 $65.00 0.00% | NASCAR $2,290.50 ($714.50) 131.19%",,2026-04-08T18:45:17.233758
SD,2024-07-01,2024-07-31,monthly,Deadwood Casinos,Deadwood Casinos,Deadwood Casinos,Deadwood Gaming Association,retail,baseball,31467379,4864539,4864539,,,26602840,437809,,0.15458990086209595,31,False,False,SD_2024_07.pdf,,,,,,https://dor.sd.gov/media/dhqkhf5r/july-2024-gaming-stats.pdf,https://dor.sd.gov/businesses/gaming/,SD/screenshots/SD_2024_07_SD_2024_07_p1.png,"MLB $314,673.79 $48,645.39 84.54%",,2026-04-08T18:45:17.233758
SD,2024-07-01,2024-07-31,monthly,Deadwood Casinos,Deadwood Casinos,Deadwood Casinos,Deadwood Gaming Association,retail,mma,3096010,880272,880272,,,2215738,79224,,0.28432466303403414,31,False,False,SD_2024_07.pdf,,,,,,https://dor.sd.gov/media/dhqkhf5r/july-2024-gaming-stats.pdf,https://dor.sd.gov/businesses/gaming/,SD/screenshots/SD_2024_07_SD_2024_07_p1.png,"MMA/UFC $30,960.10 $8,802.72 71.57%",,2026-04-08T18:45:17.233758
SD,2024-07-01,2024-07-31,monthly,Deadwood Casinos,Deadwood Casinos,Deadwood Casinos,Deadwood Gaming Association,retail,basketball,2943786,1511742,1511742,,,1432044,136057,,0.5135366497428822,31,False,False,SD_2024_07.pdf,,,,,,https://dor.sd.gov/media/dhqkhf5r/july-2024-gaming-stats.pdf,https://dor.sd.gov/businesses/gaming/,SD/screenshots/SD_2024_07_SD_2024_07_p1.png,"NBA $7,279.66 ($3,402.45) 146.74% | WNBA $22,158.20 $18,519.87 16.42%",,2026-04-08T18:45:17.233758
SD,2024-07-01,2024-07-31,monthly,Deadwood Casinos,Deadwood Casinos,Deadwood Casinos,Deadwood Gaming Association,retail,football_college,349500,344920,344920,,,4580,31043,,0.98689556509299,31,False,False,SD_2024_07.pdf,,,,,,https://dor.sd.gov/media/dhqkhf5r/july-2024-gaming-stats.pdf,https://dor.sd.gov/businesses/gaming/,SD/screenshots/SD_2024_07_SD_2024_07_p1.png,"NCAA FB $3,495.00 $3,449.20 1.31%",,2026-04-08T18:45:17.233758
SD,2024-07-01,2024-07-31,monthly,Deadwood Casinos,Deadwood Casinos,Deadwood Casinos,Deadwood Gaming Association,retail,basketball_college,2000,-257161,-257161,,,259161,0,,-128.5805,31,False,False,SD_2024_07.pdf,,,,,,https://dor.sd.gov/media/dhqkhf5r/july-2024-gaming-stats.pdf,https://dor.sd.gov/businesses/gaming/,SD/screenshots/SD_2024_07_SD_2024_07_p1.png,"NCAA Mens BB $20.00 ($2,571.61) 12958.05%",,2026-04-08T18:45:17.233758
SD,2024-07-01,2024-07-31,monthly,Deadwood Casinos,Deadwood Casinos,Deadwood Casinos,Deadwood Gaming Association,retail,football,1312425,915731,915731,,,396694,82416,,0.6977396803626874,31,False,False,SD_2024_07.pdf,,,,,,https://dor.sd.gov/media/dhqkhf5r/july-2024-gaming-stats.pdf,https://dor.sd.gov/businesses/gaming/,SD/screenshots/SD_2024_07_SD_2024_07_p1.png,"NFL $13,124.25 $9,157.31 30.23%",,2026-04-08T18:45:17.233758
SD,2024-07-01,2024-07-31,monthly,Deadwood Casinos,Deadwood Casinos,Deadwood Casinos,Deadwood Gaming Association,retail,hockey,25000,-385861,-385861,,,410861,0,,-15.43444,31,False,False,SD_2024_07.pdf,,,,,,https://dor.sd.gov/media/dhqkhf5r/july-2024-gaming-stats.pdf,https://dor.sd.gov/businesses/gaming/,SD/screenshots/SD_2024_07_SD_2024_07_p1.png,"NHL $250.00 ($3,858.61) 1643.44%",,2026-04-08T18:45:17.233758
SD,2024-07-01,2024-07-31,monthly,Deadwood Casinos,Deadwood Casinos,Deadwood Casinos,Deadwood Gaming Association,retail,golf,1104535,381365,381365,,,723170,34323,,0.34527199228634675,31,False,False,SD_2024_07.pdf,,,,,,https://dor.sd.gov/media/dhqkhf5r/july-2024-gaming-stats.pdf,https://dor.sd.gov/businesses/gaming/,SD/screenshots/SD_2024_07_SD_2024_07_p1.png,"PGA $11,045.35 $3,813.65 65.47%",,2026-04-08T18:45:17.233758
SD,2024-07-01,2024-07-31,monthly,Deadwood Casinos,Deadwood Casinos,Deadwood Casinos,Deadwood Gaming Association,retail,soccer,1702335,-142411,-142411,,,1844746,0,,-0.08365627212035234,31,False,False,SD_2024_07.pdf,,,,,,https://dor.sd.gov/media/dhqkhf5r/july-2024-gaming-stats.pdf,https://dor.sd.gov/businesses/gaming/,SD/screenshots/SD_2024_07_SD_2024_07_p1.png,"SOCCER $17,023.35 ($1,424.11) 108.37%",,2026-04-08T18:45:17.233758
SD,2024-07-01,2024-07-31,monthly,Deadwood Casinos,Deadwood Casinos,Deadwood Casinos,Deadwood Gaming Association,retail,tennis,2923675,-302845,-302845,,,3226520,0,,-0.10358367465604076,31,False,False,SD_2024_07.pdf,,,,,,https://dor.sd.gov/media/dhqkhf5r/july-2024-gaming-stats.pdf,https://dor.sd.gov/businesses/gaming/,SD/screenshots/SD_2024_07_SD_2024_07_p1.png,"TENNIS $29,236.75 ($3,028.45) 110.36%",,2026-04-08T18:45:17.233758
SD,2024-07-01,2024-07-31,monthly,Deadwood Casinos,Deadwood Casinos,Deadwood Casinos,Deadwood Gaming Association,retail,,45275485,7742115,7742115,,,37533370,696790,,0.1710001560447116,31,False,False,SD_2024_07.pdf,,,,,,https://dor.sd.gov/media/dhqkhf5r/july-2024-gaming-stats.pdf,https://dor.sd.gov/businesses/gaming/,SD/screenshots/SD_2024_07_SD_2024_07_p1.png,"Totals $452,754.85 $77,421.15 82.90%",,2026-04-08T18:45:17.233758
SD,2024-08-01,2024-08-31,monthly,Deadwood Casinos,Deadwood Casinos,Deadwood Casinos,Deadwood Gaming Association,retail,boxing,17000,-38189,-38189,,,55189,0,,-2.2464117647058823,31,False,False,SD_2024_08.pdf,,,,,,https://dor.sd.gov/media/txohdaax/august-2024-stats.pdf,https://dor.sd.gov/businesses/gaming/,SD/screenshots/SD_2024_08_SD_2024_08_p1.png,BOXING $170.00 ($381.89) 324.64%,,2026-04-08T18:45:18.204576
SD,2024-08-01,2024-08-31,monthly,Deadwood Casinos,Deadwood Casinos,Deadwood Casinos,Deadwood Gaming Association,retail,other,44000,29200,29200,,,14800,2628,,0.6636363636363637,31,False,False,SD_2024_08.pdf,,,,,,https://dor.sd.gov/media/txohdaax/august-2024-stats.pdf,https://dor.sd.gov/businesses/gaming/,SD/screenshots/SD_2024_08_SD_2024_08_p1.png,CFL $5.00 $5.00 0.00% | OLYMPICS $435.00 $287.00 34.02%,,2026-04-08T18:45:18.204576
SD,2024-08-01,2024-08-31,monthly,Deadwood Casinos,Deadwood Casinos,Deadwood Casinos,Deadwood Gaming Association,retail,motorsports,315500,229750,229750,,,85750,20678,,0.7282091917591125,31,False,False,SD_2024_08.pdf,,,,,,https://dor.sd.gov/media/txohdaax/august-2024-stats.pdf,https://dor.sd.gov/businesses/gaming/,SD/screenshots/SD_2024_08_SD_2024_08_p1.png,"FORMULA 1 $250.00 $250.00 0.00% | NASCAR $2,905.00 $2,047.50 29.52%",,2026-04-08T18:45:18.204576
SD,2024-08-01,2024-08-31,monthly,Deadwood Casinos,Deadwood Casinos,Deadwood Casinos,Deadwood Gaming Association,retail,baseball,27838968,2175178,2175178,,,25663790,195766,,0.07813429003546396,31,False,False,SD_2024_08.pdf,,,,,,https://dor.sd.gov/media/txohdaax/august-2024-stats.pdf,https://dor.sd.gov/businesses/gaming/,SD/screenshots/SD_2024_08_SD_2024_08_p1.png,"MLB $278,389.68 $21,781.68 92.18% | NCAA Baseball $0.00 ($29.90) #DIV/0!",,2026-04-08T18:45:18.204576
SD,2024-08-01,2024-08-31,monthly,Deadwood Casinos,Deadwood Casinos,Deadwood Casinos,Deadwood Gaming Association,retail,mma,2723260,787990,787990,,,1935270,70919,,0.28935540491910433,31,False,False,SD_2024_08.pdf,,,,,,https://dor.sd.gov/media/txohdaax/august-2024-stats.pdf,https://dor.sd.gov/businesses/gaming/,SD/screenshots/SD_2024_08_SD_2024_08_p1.png,"MMA/UFC $27,232.60 $7,879.90 71.06%",,2026-04-08T18:45:18.204576
SD,2024-08-01,2024-08-31,monthly,Deadwood Casinos,Deadwood Casinos,Deadwood Casinos,Deadwood Gaming Association,retail,basketball,1088465,-80901,-80901,,,1169366,0,,-0.07432577069542888,31,False,False,SD_2024_08.pdf,,,,,,https://dor.sd.gov/media/txohdaax/august-2024-stats.pdf,https://dor.sd.gov/businesses/gaming/,SD/screenshots/SD_2024_08_SD_2024_08_p1.png,"NBA $8,197.65 ($1,881.21) 122.95% | WNBA $2,687.00 $1,072.20 60.10%",,2026-04-08T18:45:18.204576
SD,2024-08-01,2024-08-31,monthly,Deadwood Casinos,Deadwood Casinos,Deadwood Casinos,Deadwood Gaming Association,retail,football_college,7898770,4880382,4880382,,,3018388,439234,,0.6178660728189326,31,False,False,SD_2024_08.pdf,,,,,,https://dor.sd.gov/media/txohdaax/august-2024-stats.pdf,https://dor.sd.gov/businesses/gaming/,SD/screenshots/SD_2024_08_SD_2024_08_p1.png,"NCAA FB $78,987.70 $48,803.82 38.21%",,2026-04-08T18:45:18.204576
SD,2024-08-01,2024-08-31,monthly,Deadwood Casinos,Deadwood Casinos,Deadwood Casinos,Deadwood Gaming Association,retail,basketball_college,13500,-456391,-456391,,,469891,0,,-33.80674074074074,31,False,False,SD_2024_08.pdf,,,,,,https://dor.sd.gov/media/txohdaax/august-2024-stats.pdf,https://dor.sd.gov/businesses/gaming/,SD/screenshots/SD_2024_08_SD_2024_08_p1.png,"NCAA Mens BB $135.00 ($4,563.91) 3480.67%",,2026-04-08T18:45:18.204576
SD,2024-08-01,2024-08-31,monthly,Deadwood Casinos,Deadwood Casinos,Deadwood Casinos,Deadwood Gaming Association,retail,football,6473338,3064881,3064881,,,3408457,275839,,0.4734622230447414,31,False,False,SD_2024_08.pdf,,,,,,https://dor.sd.gov/media/txohdaax/august-2024-stats.pdf,https://dor.sd.gov/businesses/gaming/,SD/screenshots/SD_2024_08_SD_2024_08_p1.png,"NFL $64,733.38 $30,648.81 52.65%",,2026-04-08T18:45:18.204576
SD,2024-08-01,2024-08-31,monthly,Deadwood Casinos,Deadwood Casinos,Deadwood Casinos,Deadwood Gaming Association,retail,hockey,36910,-20782,-20782,,,57692,0,,-0.5630452451910052,31,False,False,SD_2024_08.pdf,,,,,,https://dor.sd.gov/media/txohdaax/august-2024-stats.pdf,https://dor.sd.gov/businesses/gaming/,SD/screenshots/SD_2024_08_SD_2024_08_p1.png,NHL $369.10 ($207.82) 156.30%,,2026-04-08T18:45:18.204576
SD,2024-08-01,2024-08-31,monthly,Deadwood Casinos,Deadwood Casinos,Deadwood Casinos,Deadwood Gaming Association,retail,golf,631290,-683260,-683260,,,1314550,0,,-1.0823234963329056,31,False,False,SD_2024_08.pdf,,,,,,https://dor.sd.gov/media/txohdaax/august-2024-stats.pdf,https://dor.sd.gov/businesses/gaming/,SD/screenshots/SD_2024_08_SD_2024_08_p1.png,"PGA $6,312.90 ($6,832.60) 208.23%",,2026-04-08T18:45:18.204576
SD,2024-08-01,2024-08-31,monthly,Deadwood Casinos,Deadwood Casinos,Deadwood Casinos,Deadwood Gaming Association,retail,soccer,558379,-9755,-9755,,,568134,0,,-0.017470212884080526,31,False,False,SD_2024_08.pdf,,,,,,https://dor.sd.gov/media/txohdaax/august-2024-stats.pdf,https://dor.sd.gov/businesses/gaming/,SD/screenshots/SD_2024_08_SD_2024_08_p1.png,"SOCCER $5,583.79 ($97.55) 101.75%",,2026-04-08T18:45:18.204576
SD,2024-08-01,2024-08-31,monthly,Deadwood Casinos,Deadwood Casinos,Deadwood Casinos,Deadwood Gaming Association,retail,tennis,2959235,693802,693802,,,2265433,62442,,0.23445316103655167,31,False,False,SD_2024_08.pdf,,,,,,https://dor.sd.gov/media/txohdaax/august-2024-stats.pdf,https://dor.sd.gov/businesses/gaming/,SD/screenshots/SD_2024_08_SD_2024_08_p1.png,"TENNIS $29,592.35 $6,938.02 76.55%",,2026-04-08T18:45:18.204576
SD,2024-08-01,2024-08-31,monthly,Deadwood Casinos,Deadwood Casinos,Deadwood Casinos,Deadwood Gaming Association,retail,,50598615,10571905,10571905,,,40026710,951471,,0.2089366477718807,31,False,False,SD_2024_08.pdf,,,,,,https://dor.sd.gov/media/txohdaax/august-2024-stats.pdf,https://dor.sd.gov/businesses/gaming/,SD/screenshots/SD_2024_08_SD_2024_08_p1.png,"Totals $505,986.15 $105,719.05 79.11%",,2026-04-08T18:45:18.204576
SD,2024-09-01,2024-09-30,monthly,Deadwood Casinos,Deadwood Casinos,Deadwood Casinos,Deadwood Gaming Association,retail,boxing,41000,7425,7425,,,33575,668,,0.18109756097560975,30,False,False,SD_2024_09.pdf,,,,,,https://dor.sd.gov/media/vdpn2yj0/september-2024-gaming-stats.pdf,https://dor.sd.gov/businesses/gaming/,SD/screenshots/SD_2024_09_SD_2024_09_p1.png,BOXING $410.00 $74.25 81.89%,,2026-04-08T18:45:21.586943
SD,2024-09-01,2024-09-30,monthly,Deadwood Casinos,Deadwood Casinos,Deadwood Casinos,Deadwood Gaming Association,retail,other,677696,78166,78166,,,599530,7035,,0.11534080177542733,30,False,False,SD_2024_09.pdf,,,,,,https://dor.sd.gov/media/vdpn2yj0/september-2024-gaming-stats.pdf,https://dor.sd.gov/businesses/gaming/,SD/screenshots/SD_2024_09_SD_2024_09_p1.png,"CFL $6,776.96 $781.66 88.47%",,2026-04-08T18:45:21.586943
SD,2024-09-01,2024-09-30,monthly,Deadwood Casinos,Deadwood Casinos,Deadwood Casinos,Deadwood Gaming Association,retail,motorsports,371640,-119785,-119785,,,491425,0,,-0.3223146055322355,30,False,False,SD_2024_09.pdf,,,,,,https://dor.sd.gov/media/vdpn2yj0/september-2024-gaming-stats.pdf,https://dor.sd.gov/businesses/gaming/,SD/screenshots/SD_2024_09_SD_2024_09_p1.png,"FORMULA 1 $762.40 ($775.85) 201.76% | NASCAR $2,954.00 ($422.00) 114.29%",,2026-04-08T18:45:21.586943
SD,2024-09-01,2024-09-30,monthly,Deadwood Casinos,Deadwood Casinos,Deadwood Casinos,Deadwood Gaming Association,retail,baseball,17918741,3139879,3139879,,,14778862,282589,,0.17522877304828502,30,False,False,SD_2024_09.pdf,,,,,,https://dor.sd.gov/media/vdpn2yj0/september-2024-gaming-stats.pdf,https://dor.sd.gov/businesses/gaming/,SD/screenshots/SD_2024_09_SD_2024_09_p1.png,"MLB $179,187.41 $31,398.79 82.48%",,2026-04-08T18:45:21.586943
SD,2024-09-01,2024-09-30,monthly,Deadwood Casinos,Deadwood Casinos,Deadwood Casinos,Deadwood Gaming Association,retail,mma,2804370,2032318,2032318,,,772052,182909,,0.7246968124748161,30,False,False,SD_2024_09.pdf,,,,,,https://dor.sd.gov/media/vdpn2yj0/september-2024-gaming-stats.pdf,https://dor.sd.gov/businesses/gaming/,SD/screenshots/SD_2024_09_SD_2024_09_p1.png,"MMA/UFC $28,043.70 $20,323.18 27.53%",,2026-04-08T18:45:21.586943
SD,2024-09-01,2024-09-30,monthly,Deadwood Casinos,Deadwood Casinos,Deadwood Casinos,Deadwood Gaming Association,retail,basketball,2035298,1508684,1508684,,,526614,135782,,0.7412595108922625,30,False,False,SD_2024_09.pdf,,,,,,https://dor.sd.gov/media/vdpn2yj0/september-2024-gaming-stats.pdf,https://dor.sd.gov/businesses/gaming/,SD/screenshots/SD_2024_09_SD_2024_09_p1.png,"NBA $10,102.98 $10,363.58 -2.58% | WNBA $10,250.00 $4,723.26 53.92%",,2026-04-08T18:45:21.586943
SD,2024-09-01,2024-09-30,monthly,Deadwood Casinos,Deadwood Casinos,Deadwood Casinos,Deadwood Gaming Association,retail,football_college,26841062,1827327,1827327,,,25013735,164459,,0.06807953425985902,30,False,False,SD_2024_09.pdf,,,,,,https://dor.sd.gov/media/vdpn2yj0/september-2024-gaming-stats.pdf,https://dor.sd.gov/businesses/gaming/,SD/screenshots/SD_2024_09_SD_2024_09_p1.png,"NCAA FB $268,410.62 $18,273.27 93.19%",,2026-04-08T18:45:21.586943
SD,2024-09-01,2024-09-30,monthly,Deadwood Casinos,Deadwood Casinos,Deadwood Casinos,Deadwood Gaming Association,retail,basketball_college,30900,-148219,-148219,,,179119,0,,-4.796731391585761,30,False,False,SD_2024_09.pdf,,,,,,https://dor.sd.gov/media/vdpn2yj0/september-2024-gaming-stats.pdf,https://dor.sd.gov/businesses/gaming/,SD/screenshots/SD_2024_09_SD_2024_09_p1.png,"NCAA Mens BB $309.00 ($1,482.19) 579.67%",,2026-04-08T18:45:21.586943
SD,2024-09-01,2024-09-30,monthly,Deadwood Casinos,Deadwood Casinos,Deadwood Casinos,Deadwood Gaming Association,retail,football,44038625,12738316,12738316,,,31300309,1146448,,0.2892532634704194,30,False,False,SD_2024_09.pdf,,,,,,https://dor.sd.gov/media/vdpn2yj0/september-2024-gaming-stats.pdf,https://dor.sd.gov/businesses/gaming/,SD/screenshots/SD_2024_09_SD_2024_09_p1.png,"NFL $440,386.25 $127,383.16 71.07%",,2026-04-08T18:45:21.586943
SD,2024-09-01,2024-09-30,monthly,Deadwood Casinos,Deadwood Casinos,Deadwood Casinos,Deadwood Gaming Association,retail,hockey,74940,30755,30755,,,44185,2768,,0.4103949826527889,30,False,False,SD_2024_09.pdf,,,,,,https://dor.sd.gov/media/vdpn2yj0/september-2024-gaming-stats.pdf,https://dor.sd.gov/businesses/gaming/,SD/screenshots/SD_2024_09_SD_2024_09_p1.png,NHL $749.40 $307.55 58.96%,,2026-04-08T18:45:21.586943
SD,2024-09-01,2024-09-30,monthly,Deadwood Casinos,Deadwood Casinos,Deadwood Casinos,Deadwood Gaming Association,retail,golf,22000,-91050,-91050,,,113050,0,,-4.138636363636364,30,False,False,SD_2024_09.pdf,,,,,,https://dor.sd.gov/media/vdpn2yj0/september-2024-gaming-stats.pdf,https://dor.sd.gov/businesses/gaming/,SD/screenshots/SD_2024_09_SD_2024_09_p1.png,PGA $220.00 ($910.50) 513.86%,,2026-04-08T18:45:21.586943
SD,2024-09-01,2024-09-30,monthly,Deadwood Casinos,Deadwood Casinos,Deadwood Casinos,Deadwood Gaming Association,retail,soccer,974874,323711,323711,,,651163,29134,,0.3320541936701564,30,False,False,SD_2024_09.pdf,,,,,,https://dor.sd.gov/media/vdpn2yj0/september-2024-gaming-stats.pdf,https://dor.sd.gov/businesses/gaming/,SD/screenshots/SD_2024_09_SD_2024_09_p1.png,"SOCCER $9,748.74 $3,237.11 66.79%",,2026-04-08T18:45:21.586943
SD,2024-09-01,2024-09-30,monthly,Deadwood Casinos,Deadwood Casinos,Deadwood Casinos,Deadwood Gaming Association,retail,tennis,952520,254447,254447,,,698073,22900,,0.2671303489690505,30,False,False,SD_2024_09.pdf,,,,,,https://dor.sd.gov/media/vdpn2yj0/september-2024-gaming-stats.pdf,https://dor.sd.gov/businesses/gaming/,SD/screenshots/SD_2024_09_SD_2024_09_p1.png,"TENNIS $9,525.20 $2,544.47 73.29%",,2026-04-08T18:45:21.586943
SD,2024-09-01,2024-09-30,monthly,Deadwood Casinos,Deadwood Casinos,Deadwood Casinos,Deadwood Gaming Association,retail,,96783666,21581974,21581974,,,75201692,1942378,,0.22299190443974296,30,False,False,SD_2024_09.pdf,,,,,,https://dor.sd.gov/media/vdpn2yj0/september-2024-gaming-stats.pdf,https://dor.sd.gov/businesses/gaming/,SD/screenshots/SD_2024_09_SD_2024_09_p1.png,"Totais $967,836.66 $215,819.74 77.70%",,2026-04-08T18:45:21.586943
SD,2024-10-01,2024-10-31,monthly,Deadwood Casinos,Deadwood Casinos,Deadwood Casinos,Deadwood Gaming Association,retail,boxing,52000,49500,49500,,,2500,4455,,0.9519230769230769,31,False,False,SD_2024_10.pdf,,,,,,https://dor.sd.gov/media/3cuntgej/october-2024-stats.pdf,https://dor.sd.gov/businesses/gaming/,SD/screenshots/SD_2024_10_SD_2024_10_p1.png,BOXING $520.00 $495.00 481%,,2026-04-08T18:45:25.049227
SD,2024-10-01,2024-10-31,monthly,Deadwood Casinos,Deadwood Casinos,Deadwood Casinos,Deadwood Gaming Association,retail,other,605318,338432,338432,,,266886,30459,,0.5590978626110573,31,False,False,SD_2024_10.pdf,,,,,,https://dor.sd.gov/media/3cuntgej/october-2024-stats.pdf,https://dor.sd.gov/businesses/gaming/,SD/screenshots/SD_2024_10_SD_2024_10_p1.png,"CFL $5,598.18 $3,160.42 43.55% | NCAA Mens 8B $455.00 $223.90 50.79%",,2026-04-08T18:45:25.049227
SD,2024-10-01,2024-10-31,monthly,Deadwood Casinos,Deadwood Casinos,Deadwood Casinos,Deadwood Gaming Association,retail,motorsports,311550,-109220,-109220,,,420770,0,,-0.3505697319852351,31,False,False,SD_2024_10.pdf,,,,,,https://dor.sd.gov/media/3cuntgej/october-2024-stats.pdf,https://dor.sd.gov/businesses/gaming/,SD/screenshots/SD_2024_10_SD_2024_10_p1.png,"FORMULA 1 $342.00 ($1,809.45) 629.08% | NASCAR $2,773.50 $717.25 74.14%",,2026-04-08T18:45:25.049227
SD,2024-10-01,2024-10-31,monthly,Deadwood Casinos,Deadwood Casinos,Deadwood Casinos,Deadwood Gaming Association,retail,baseball,9351787,-8393,-8393,,,9360180,0,,-0.0008974755306124915,31,False,False,SD_2024_10.pdf,,,,,,https://dor.sd.gov/media/3cuntgej/october-2024-stats.pdf,https://dor.sd.gov/businesses/gaming/,SD/screenshots/SD_2024_10_SD_2024_10_p1.png,"MLB $93,517.87 ($83.93) 100,09%",,2026-04-08T18:45:25.049227
SD,2024-10-01,2024-10-31,monthly,Deadwood Casinos,Deadwood Casinos,Deadwood Casinos,Deadwood Gaming Association,retail,mma,2051050,396994,396994,,,1654056,35729,,0.19355647107579044,31,False,False,SD_2024_10.pdf,,,,,,https://dor.sd.gov/media/3cuntgej/october-2024-stats.pdf,https://dor.sd.gov/businesses/gaming/,SD/screenshots/SD_2024_10_SD_2024_10_p1.png,"MMA/UFC $20,510.50 $3,969.94 80.64%",,2026-04-08T18:45:25.049227
SD,2024-10-01,2024-10-31,monthly,Deadwood Casinos,Deadwood Casinos,Deadwood Casinos,Deadwood Gaming Association,retail,basketball,4563439,1486850,1486850,,,3076589,133816,,0.3258178755101142,31,False,False,SD_2024_10.pdf,,,,,,https://dor.sd.gov/media/3cuntgej/october-2024-stats.pdf,https://dor.sd.gov/businesses/gaming/,SD/screenshots/SD_2024_10_SD_2024_10_p1.png,"NBA $39,200.39 $13,702.89 65.04% | WNBA $6,434.00 $1,165.61 81.88%",,2026-04-08T18:45:25.049227
SD,2024-10-01,2024-10-31,monthly,Deadwood Casinos,Deadwood Casinos,Deadwood Casinos,Deadwood Gaming Association,retail,football_college,29686857,4705909,4705909,,,24980948,423532,,0.1585182628123954,31,False,False,SD_2024_10.pdf,,,,,,https://dor.sd.gov/media/3cuntgej/october-2024-stats.pdf,https://dor.sd.gov/businesses/gaming/,SD/screenshots/SD_2024_10_SD_2024_10_p1.png,"NCAA FB $296,868.57 $47,059.09 84.15%",,2026-04-08T18:45:25.049227
SD,2024-10-01,2024-10-31,monthly,Deadwood Casinos,Deadwood Casinos,Deadwood Casinos,Deadwood Gaming Association,retail,football,40799232,-3560851,-3560851,,,44360083,0,,-0.08727740267267776,31,False,False,SD_2024_10.pdf,,,,,,https://dor.sd.gov/media/3cuntgej/october-2024-stats.pdf,https://dor.sd.gov/businesses/gaming/,SD/screenshots/SD_2024_10_SD_2024_10_p1.png,"NFL $407,992.32 ($35,608.51) 108.73%",,2026-04-08T18:45:25.049227
SD,2024-10-01,2024-10-31,monthly,Deadwood Casinos,Deadwood Casinos,Deadwood Casinos,Deadwood Gaming Association,retail,hockey,2316809,810604,810604,,,1506205,72954,,0.3498795109998278,31,False,False,SD_2024_10.pdf,,,,,,https://dor.sd.gov/media/3cuntgej/october-2024-stats.pdf,https://dor.sd.gov/businesses/gaming/,SD/screenshots/SD_2024_10_SD_2024_10_p1.png,"NHL $23,168.09 $8,106.04 65.01%",,2026-04-08T18:45:25.049227
SD,2024-10-01,2024-10-31,monthly,Deadwood Casinos,Deadwood Casinos,Deadwood Casinos,Deadwood Gaming Association,retail,golf,41500,-47943,-47943,,,89443,0,,-1.1552530120481928,31,False,False,SD_2024_10.pdf,,,,,,https://dor.sd.gov/media/3cuntgej/october-2024-stats.pdf,https://dor.sd.gov/businesses/gaming/,SD/screenshots/SD_2024_10_SD_2024_10_p1.png,PGA $415.00 ($479.43) 215.53%,,2026-04-08T18:45:25.049227
SD,2024-10-01,2024-10-31,monthly,Deadwood Casinos,Deadwood Casinos,Deadwood Casinos,Deadwood Gaming Association,retail,soccer,949121,409743,409743,,,539378,36877,,0.4317078644345663,31,False,False,SD_2024_10.pdf,,,,,,https://dor.sd.gov/media/3cuntgej/october-2024-stats.pdf,https://dor.sd.gov/businesses/gaming/,SD/screenshots/SD_2024_10_SD_2024_10_p1.png,"SOCCER $9,491.21 $4,097.43 56.83%",,2026-04-08T18:45:25.049227
SD,2024-10-01,2024-10-31,monthly,Deadwood Casinos,Deadwood Casinos,Deadwood Casinos,Deadwood Gaming Association,retail,tennis,830585,107590,107590,,,722995,9683,,0.12953520711305888,31,False,False,SD_2024_10.pdf,,,,,,https://dor.sd.gov/media/3cuntgej/october-2024-stats.pdf,https://dor.sd.gov/businesses/gaming/,SD/screenshots/SD_2024_10_SD_2024_10_p1.png,"TENNIS $8,305.85 $1,075.90 87.05%",,2026-04-08T18:45:25.049227
SD,2024-10-01,2024-10-31,monthly,Deadwood Casinos,Deadwood Casinos,Deadwood Casinos,Deadwood Gaming Association,retail,,91559248,4579215,4579215,,,86980033,412129,,0.050013680758933275,31,False,False,SD_2024_10.pdf,,,,,,https://dor.sd.gov/media/3cuntgej/october-2024-stats.pdf,https://dor.sd.gov/businesses/gaming/,SD/screenshots/SD_2024_10_SD_2024_10_p1.png,"Totals $915,592.48 $45,792.15 95.00%",,2026-04-08T18:45:25.049227
SD,2024-11-01,2024-11-30,monthly,Deadwood Casinos,Deadwood Casinos,Deadwood Casinos,Deadwood Gaming Association,retail,boxing,118070,-50790,-50790,,,168860,0,,-0.43016854408401795,30,False,False,SD_2024_11.pdf,,,,,,https://dor.sd.gov/media/kx0pb2rb/nov-2024-monthly-statistics.pdf,https://dor.sd.gov/businesses/gaming/,SD/screenshots/SD_2024_11_SD_2024_11_p1.png,"BOXING $1,180.70 ($507.90) 143.02%",,2026-04-08T18:45:26.080293
SD,2024-11-01,2024-11-30,monthly,Deadwood Casinos,Deadwood Casinos,Deadwood Casinos,Deadwood Gaming Association,retail,motorsports,136000,55125,55125,,,80875,4961,,0.4053308823529412,30,False,False,SD_2024_11.pdf,,,,,,https://dor.sd.gov/media/kx0pb2rb/nov-2024-monthly-statistics.pdf,https://dor.sd.gov/businesses/gaming/,SD/screenshots/SD_2024_11_SD_2024_11_p1.png,"FORMULA 1 $265.00 ($55.00) 120.75% | INDYCAR $65.00 $65.00 0.00% | NASCAR $1,030.00 $541.25 47.45%",,2026-04-08T18:45:26.080293
SD,2024-11-01,2024-11-30,monthly,Deadwood Casinos,Deadwood Casinos,Deadwood Casinos,Deadwood Gaming Association,retail,baseball,28500,-1046659,-1046659,,,1075159,0,,-36.724877192982454,30,False,False,SD_2024_11.pdf,,,,,,https://dor.sd.gov/media/kx0pb2rb/nov-2024-monthly-statistics.pdf,https://dor.sd.gov/businesses/gaming/,SD/screenshots/SD_2024_11_SD_2024_11_p1.png,"MLB $285.00 ($10,466.59) 3772.49%",,2026-04-08T18:45:26.080293
SD,2024-11-01,2024-11-30,monthly,Deadwood Casinos,Deadwood Casinos,Deadwood Casinos,Deadwood Gaming Association,retail,mma,1165980,554795,554795,,,611185,49932,,0.47581862467623803,30,False,False,SD_2024_11.pdf,,,,,,https://dor.sd.gov/media/kx0pb2rb/nov-2024-monthly-statistics.pdf,https://dor.sd.gov/businesses/gaming/,SD/screenshots/SD_2024_11_SD_2024_11_p1.png,"MMA/UFC $11,659.80 $5,547.95 52.42%",,2026-04-08T18:45:26.080293
SD,2024-11-01,2024-11-30,monthly,Deadwood Casinos,Deadwood Casinos,Deadwood Casinos,Deadwood Gaming Association,retail,basketball,7054054,1851546,1851546,,,5202508,166639,,0.262479703160764,30,False,False,SD_2024_11.pdf,,,,,,https://dor.sd.gov/media/kx0pb2rb/nov-2024-monthly-statistics.pdf,https://dor.sd.gov/businesses/gaming/,SD/screenshots/SD_2024_11_SD_2024_11_p1.png,"NBA $70,540.54 $18,534.96 73.72% | WNBA $0.00 ($19.50) #DIV/0!",,2026-04-08T18:45:26.080293
SD,2024-11-01,2024-11-30,monthly,Deadwood Casinos,Deadwood Casinos,Deadwood Casinos,Deadwood Gaming Association,retail,football_college,33492291,8229522,8229522,,,25262769,740657,,0.24571391667413853,30,False,False,SD_2024_11.pdf,,,,,,https://dor.sd.gov/media/kx0pb2rb/nov-2024-monthly-statistics.pdf,https://dor.sd.gov/businesses/gaming/,SD/screenshots/SD_2024_11_SD_2024_11_p1.png,"NCAA FB $334,922.91 $82,295.22 75.43%",,2026-04-08T18:45:26.080293
SD,2024-11-01,2024-11-30,monthly,Deadwood Casinos,Deadwood Casinos,Deadwood Casinos,Deadwood Gaming Association,retail,basketball_college,11492118,2513059,2513059,,,8979059,226175,,0.21867674870724438,30,False,False,SD_2024_11.pdf,,,,,,https://dor.sd.gov/media/kx0pb2rb/nov-2024-monthly-statistics.pdf,https://dor.sd.gov/businesses/gaming/,SD/screenshots/SD_2024_11_SD_2024_11_p1.png,"NCAA Mens BB $114,921.18 $25,130.59 78.13%",,2026-04-08T18:45:26.080293
SD,2024-11-01,2024-11-30,monthly,Deadwood Casinos,Deadwood Casinos,Deadwood Casinos,Deadwood Gaming Association,retail,football,43324803,1588816,1588816,,,41735987,142993,,0.03667220367972591,30,False,False,SD_2024_11.pdf,,,,,,https://dor.sd.gov/media/kx0pb2rb/nov-2024-monthly-statistics.pdf,https://dor.sd.gov/businesses/gaming/,SD/screenshots/SD_2024_11_SD_2024_11_p1.png,"NFL $433,248.03 $15,888.16 96.33%",,2026-04-08T18:45:26.080293
SD,2024-11-01,2024-11-30,monthly,Deadwood Casinos,Deadwood Casinos,Deadwood Casinos,Deadwood Gaming Association,retail,hockey,2337807,329299,329299,,,2008508,29637,,0.14085807767707087,30,False,False,SD_2024_11.pdf,,,,,,https://dor.sd.gov/media/kx0pb2rb/nov-2024-monthly-statistics.pdf,https://dor.sd.gov/businesses/gaming/,SD/screenshots/SD_2024_11_SD_2024_11_p1.png,"NHL $23,378.07 $3,292.99 85.91%",,2026-04-08T18:45:26.080293
SD,2024-11-01,2024-11-30,monthly,Deadwood Casinos,Deadwood Casinos,Deadwood Casinos,Deadwood Gaming Association,retail,golf,28560,9460,9460,,,19100,851,,0.33123249299719887,30,False,False,SD_2024_11.pdf,,,,,,https://dor.sd.gov/media/kx0pb2rb/nov-2024-monthly-statistics.pdf,https://dor.sd.gov/businesses/gaming/,SD/screenshots/SD_2024_11_SD_2024_11_p1.png,PGA $285.60 $94.60 66.88%,,2026-04-08T18:45:26.080293
SD,2024-11-01,2024-11-30,monthly,Deadwood Casinos,Deadwood Casinos,Deadwood Casinos,Deadwood Gaming Association,retail,soccer,589548,407956,407956,,,181592,36716,,0.6919809752556195,30,False,False,SD_2024_11.pdf,,,,,,https://dor.sd.gov/media/kx0pb2rb/nov-2024-monthly-statistics.pdf,https://dor.sd.gov/businesses/gaming/,SD/screenshots/SD_2024_11_SD_2024_11_p1.png,"SOCCER $5,895.48 $4,079.56 30.80%",,2026-04-08T18:45:26.080293
SD,2024-11-01,2024-11-30,monthly,Deadwood Casinos,Deadwood Casinos,Deadwood Casinos,Deadwood Gaming Association,retail,tennis,412900,116990,116990,,,295910,10529,,0.28333736982320173,30,False,False,SD_2024_11.pdf,,,,,,https://dor.sd.gov/media/kx0pb2rb/nov-2024-monthly-statistics.pdf,https://dor.sd.gov/businesses/gaming/,SD/screenshots/SD_2024_11_SD_2024_11_p1.png,"TENNIS $4,129.00 $1,169.90 71.67%",,2026-04-08T18:45:26.080293
SD,2024-11-01,2024-11-30,monthly,Deadwood Casinos,Deadwood Casinos,Deadwood Casinos,Deadwood Gaming Association,retail,,100180631,14559119,14559119,,,85621512,1310321,,0.14532868134959143,30,False,False,SD_2024_11.pdf,,,,,,https://dor.sd.gov/media/kx0pb2rb/nov-2024-monthly-statistics.pdf,https://dor.sd.gov/businesses/gaming/,SD/screenshots/SD_2024_11_SD_2024_11_p1.png,"Totals $1,001,806.31 $145,591.19 85.47%",,2026-04-08T18:45:26.080293
SD,2024-12-01,2024-12-31,monthly,Deadwood Casinos,Deadwood Casinos,Deadwood Casinos,Deadwood Gaming Association,retail,boxing,3000,-8105,-8105,,,11105,0,,-2.7016666666666667,31,False,False,SD_2024_12.pdf,,,,,,https://dor.sd.gov/media/qahkap11/dec-2024-stats.pdf,https://dor.sd.gov/businesses/gaming/,SD/screenshots/SD_2024_12_SD_2024_12_p1.png,BOXING $30.00 ($81.05) 370.17%,,2026-04-08T18:45:27.059714
SD,2024-12-01,2024-12-31,monthly,Deadwood Casinos,Deadwood Casinos,Deadwood Casinos,Deadwood Gaming Association,retail,motorsports,3000,-38000,-38000,,,41000,0,,-12.666666666666666,31,False,False,SD_2024_12.pdf,,,,,,https://dor.sd.gov/media/qahkap11/dec-2024-stats.pdf,https://dor.sd.gov/businesses/gaming/,SD/screenshots/SD_2024_12_SD_2024_12_p1.png,FORMULA 1 $30.00 ($292.50) 1075.00% | NASCAR $0.00 ($87.50) #DIV/0!,,2026-04-08T18:45:27.059714
SD,2024-12-01,2024-12-31,monthly,Deadwood Casinos,Deadwood Casinos,Deadwood Casinos,Deadwood Gaming Association,retail,baseball,55000,-214052,-214052,,,269052,0,,-3.8918545454545455,31,False,False,SD_2024_12.pdf,,,,,,https://dor.sd.gov/media/qahkap11/dec-2024-stats.pdf,https://dor.sd.gov/businesses/gaming/,SD/screenshots/SD_2024_12_SD_2024_12_p1.png,"MLB $550.00 ($2,140.52) 489.19%",,2026-04-08T18:45:27.059714
SD,2024-12-01,2024-12-31,monthly,Deadwood Casinos,Deadwood Casinos,Deadwood Casinos,Deadwood Gaming Association,retail,mma,806050,315074,315074,,,490976,28357,,0.39088642143787605,31,False,False,SD_2024_12.pdf,,,,,,https://dor.sd.gov/media/qahkap11/dec-2024-stats.pdf,https://dor.sd.gov/businesses/gaming/,SD/screenshots/SD_2024_12_SD_2024_12_p1.png,"MMA/UFC $8,060.50 $3,150.74 60.91%",,2026-04-08T18:45:27.059714
SD,2024-12-01,2024-12-31,monthly,Deadwood Casinos,Deadwood Casinos,Deadwood Casinos,Deadwood Gaming Association,retail,basketball,7615222,1527689,1527689,,,6087533,137492,,0.2006099099934316,31,False,False,SD_2024_12.pdf,,,,,,https://dor.sd.gov/media/qahkap11/dec-2024-stats.pdf,https://dor.sd.gov/businesses/gaming/,SD/screenshots/SD_2024_12_SD_2024_12_p1.png,"NBA $76,152.22 $15,276.89 79.94%",,2026-04-08T18:45:27.059714
SD,2024-12-01,2024-12-31,monthly,Deadwood Casinos,Deadwood Casinos,Deadwood Casinos,Deadwood Gaming Association,retail,football_college,28754191,-91505,-91505,,,28845696,0,,-0.0031823187096447956,31,False,False,SD_2024_12.pdf,,,,,,https://dor.sd.gov/media/qahkap11/dec-2024-stats.pdf,https://dor.sd.gov/businesses/gaming/,SD/screenshots/SD_2024_12_SD_2024_12_p1.png,"NCAA FB $287,541.91 ($915.05) 100.32%",,2026-04-08T18:45:27.059714
SD,2024-12-01,2024-12-31,monthly,Deadwood Casinos,Deadwood Casinos,Deadwood Casinos,Deadwood Gaming Association,retail,basketball_college,12462877,1137003,1137003,,,11325874,102330,,0.09123118201359125,31,False,False,SD_2024_12.pdf,,,,,,https://dor.sd.gov/media/qahkap11/dec-2024-stats.pdf,https://dor.sd.gov/businesses/gaming/,SD/screenshots/SD_2024_12_SD_2024_12_p1.png,"NCAA Mens BB $124,628.77 $11,370.03 90.88%",,2026-04-08T18:45:27.059714
SD,2024-12-01,2024-12-31,monthly,Deadwood Casinos,Deadwood Casinos,Deadwood Casinos,Deadwood Gaming Association,retail,football,49828509,-5943409,-5943409,,,55771918,0,,-0.11927727959911463,31,False,False,SD_2024_12.pdf,,,,,,https://dor.sd.gov/media/qahkap11/dec-2024-stats.pdf,https://dor.sd.gov/businesses/gaming/,SD/screenshots/SD_2024_12_SD_2024_12_p1.png,"NFL $498,285.09 ($59,434.09) 111.93%",,2026-04-08T18:45:27.059714
SD,2024-12-01,2024-12-31,monthly,Deadwood Casinos,Deadwood Casinos,Deadwood Casinos,Deadwood Gaming Association,retail,hockey,2779692,907148,907148,,,1872544,81643,,0.3263483867996886,31,False,False,SD_2024_12.pdf,,,,,,https://dor.sd.gov/media/qahkap11/dec-2024-stats.pdf,https://dor.sd.gov/businesses/gaming/,SD/screenshots/SD_2024_12_SD_2024_12_p1.png,"NHL $27,796.92 $9,071.48 67.37%",,2026-04-08T18:45:27.059714
SD,2024-12-01,2024-12-31,monthly,Deadwood Casinos,Deadwood Casinos,Deadwood Casinos,Deadwood Gaming Association,retail,golf,49500,25073,25073,,,24427,2257,,0.5065252525252525,31,False,False,SD_2024_12.pdf,,,,,,https://dor.sd.gov/media/qahkap11/dec-2024-stats.pdf,https://dor.sd.gov/businesses/gaming/,SD/screenshots/SD_2024_12_SD_2024_12_p1.png,PGA $495.00 $250.73 49.35%,,2026-04-08T18:45:27.059714
SD,2024-12-01,2024-12-31,monthly,Deadwood Casinos,Deadwood Casinos,Deadwood Casinos,Deadwood Gaming Association,retail,soccer,400185,102781,102781,,,297404,9250,,0.25683371440708674,31,False,False,SD_2024_12.pdf,,,,,,https://dor.sd.gov/media/qahkap11/dec-2024-stats.pdf,https://dor.sd.gov/businesses/gaming/,SD/screenshots/SD_2024_12_SD_2024_12_p1.png,"SOCCER $4,001.85 $1,027.81 74.32%",,2026-04-08T18:45:27.059714
SD,2024-12-01,2024-12-31,monthly,Deadwood Casinos,Deadwood Casinos,Deadwood Casinos,Deadwood Gaming Association,retail,tennis,147000,47075,47075,,,99925,4237,,0.3202380952380952,31,False,False,SD_2024_12.pdf,,,,,,https://dor.sd.gov/media/qahkap11/dec-2024-stats.pdf,https://dor.sd.gov/businesses/gaming/,SD/screenshots/SD_2024_12_SD_2024_12_p1.png,"TENNIS $1,470.00 $470.75 67.98%",,2026-04-08T18:45:27.059714
SD,2024-12-01,2024-12-31,monthly,Deadwood Casinos,Deadwood Casinos,Deadwood Casinos,Deadwood Gaming Association,retail,,102904226,-2233228,-2233228,,,105137454,0,,-0.021702004735937665,31,False,False,SD_2024_12.pdf,,,,,,https://dor.sd.gov/media/qahkap11/dec-2024-stats.pdf,https://dor.sd.gov/businesses/gaming/,SD/screenshots/SD_2024_12_SD_2024_12_p1.png,"Totals $1,029,042.26 ($22,332.28) 102.17%",,2026-04-08T18:45:27.059714
SD,2025-01-01,2025-01-31,monthly,Deadwood Casinos,Deadwood Casinos,Deadwood Casinos,Deadwood Gaming Association,retail,motorsports,13000,13000,13000,,,0,1170,,1.0,31,False,False,SD_2025_01.pdf,,,,,,https://dor.sd.gov/media/fqnm5vzw/jan-2025-gaming-stats.pdf,https://dor.sd.gov/businesses/gaming/,SD/screenshots/SD_2025_01_SD_2025_01_p1.png,FORMULA 1 $30.00 $30.00 0.00% | NASCAR $100.00 $100.00 0.00%,,2026-04-08T18:45:28.116883
SD,2025-01-01,2025-01-31,monthly,Deadwood Casinos,Deadwood Casinos,Deadwood Casinos,Deadwood Gaming Association,retail,baseball,84000,-64046,-64046,,,148046,0,,-0.762452380952381,31,False,False,SD_2025_01.pdf,,,,,,https://dor.sd.gov/media/fqnm5vzw/jan-2025-gaming-stats.pdf,https://dor.sd.gov/businesses/gaming/,SD/screenshots/SD_2025_01_SD_2025_01_p1.png,MLB $840.00 ($640.46) 176.25%,,2026-04-08T18:45:28.116883
SD,2025-01-01,2025-01-31,monthly,Deadwood Casinos,Deadwood Casinos,Deadwood Casinos,Deadwood Gaming Association,retail,mma,1094600,225050,225050,,,869550,20254,,0.2056002192581765,31,False,False,SD_2025_01.pdf,,,,,,https://dor.sd.gov/media/fqnm5vzw/jan-2025-gaming-stats.pdf,https://dor.sd.gov/businesses/gaming/,SD/screenshots/SD_2025_01_SD_2025_01_p1.png,"MMA/UFC $10,946.00 $2,250.50 79.44%",,2026-04-08T18:45:28.116883
SD,2025-01-01,2025-01-31,monthly,Deadwood Casinos,Deadwood Casinos,Deadwood Casinos,Deadwood Gaming Association,retail,basketball,7610684,1263578,1263578,,,6347106,113722,,0.16602686433965724,31,False,False,SD_2025_01.pdf,,,,,,https://dor.sd.gov/media/fqnm5vzw/jan-2025-gaming-stats.pdf,https://dor.sd.gov/businesses/gaming/,SD/screenshots/SD_2025_01_SD_2025_01_p1.png,"NBA $76,106.84 $12,635.78 83.40%",,2026-04-08T18:45:28.116883
SD,2025-01-01,2025-01-31,monthly,Deadwood Casinos,Deadwood Casinos,Deadwood Casinos,Deadwood Gaming Association,retail,football_college,16988625,-6318532,-6318532,,,23307157,0,,-0.37192721600482676,31,False,False,SD_2025_01.pdf,,,,,,https://dor.sd.gov/media/fqnm5vzw/jan-2025-gaming-stats.pdf,https://dor.sd.gov/businesses/gaming/,SD/screenshots/SD_2025_01_SD_2025_01_p1.png,"NCAA FB $169,886.25 ($63,185.32) 137.19%",,2026-04-08T18:45:28.116883
SD,2025-01-01,2025-01-31,monthly,Deadwood Casinos,Deadwood Casinos,Deadwood Casinos,Deadwood Gaming Association,retail,basketball_college,24636109,3848881,3848881,,,20787228,346399,,0.15622925681973562,31,False,False,SD_2025_01.pdf,,,,,,https://dor.sd.gov/media/fqnm5vzw/jan-2025-gaming-stats.pdf,https://dor.sd.gov/businesses/gaming/,SD/screenshots/SD_2025_01_SD_2025_01_p1.png,"NCAA Mens BB $246,361.09 $38,488.81 84.38%",,2026-04-08T18:45:28.116883
SD,2025-01-01,2025-01-31,monthly,Deadwood Casinos,Deadwood Casinos,Deadwood Casinos,Deadwood Gaming Association,retail,football,47887930,10985673,10985673,,,36902257,988711,,0.22940379757487953,31,False,False,SD_2025_01.pdf,,,,,,https://dor.sd.gov/media/fqnm5vzw/jan-2025-gaming-stats.pdf,https://dor.sd.gov/businesses/gaming/,SD/screenshots/SD_2025_01_SD_2025_01_p1.png,"NFL $478,879.30 $109,856.73 77.06%",,2026-04-08T18:45:28.116883
SD,2025-01-01,2025-01-31,monthly,Deadwood Casinos,Deadwood Casinos,Deadwood Casinos,Deadwood Gaming Association,retail,hockey,3128105,757265,757265,,,2370840,68154,,0.24208426507422226,31,False,False,SD_2025_01.pdf,,,,,,https://dor.sd.gov/media/fqnm5vzw/jan-2025-gaming-stats.pdf,https://dor.sd.gov/businesses/gaming/,SD/screenshots/SD_2025_01_SD_2025_01_p1.png,"NHL $31,281.05 $7,572.65 75.79%",,2026-04-08T18:45:28.116883
SD,2025-01-01,2025-01-31,monthly,Deadwood Casinos,Deadwood Casinos,Deadwood Casinos,Deadwood Gaming Association,retail,golf,136320,127320,127320,,,9000,11459,,0.9339788732394366,31,False,False,SD_2025_01.pdf,,,,,,https://dor.sd.gov/media/fqnm5vzw/jan-2025-gaming-stats.pdf,https://dor.sd.gov/businesses/gaming/,SD/screenshots/SD_2025_01_SD_2025_01_p1.png,"PGA $1,363.20 $1,273.20 6.60%",,2026-04-08T18:45:28.116883
SD,2025-01-01,2025-01-31,monthly,Deadwood Casinos,Deadwood Casinos,Deadwood Casinos,Deadwood Gaming Association,retail,soccer,585082,-93941,-93941,,,679023,0,,-0.16056040008067246,31,False,False,SD_2025_01.pdf,,,,,,https://dor.sd.gov/media/fqnm5vzw/jan-2025-gaming-stats.pdf,https://dor.sd.gov/businesses/gaming/,SD/screenshots/SD_2025_01_SD_2025_01_p1.png,"SOCCER $5,850.82 ($939.41) 116.06%",,2026-04-08T18:45:28.116883
SD,2025-01-01,2025-01-31,monthly,Deadwood Casinos,Deadwood Casinos,Deadwood Casinos,Deadwood Gaming Association,retail,tennis,327500,153372,153372,,,174128,13803,,0.4683114503816794,31,False,False,SD_2025_01.pdf,,,,,,https://dor.sd.gov/media/fqnm5vzw/jan-2025-gaming-stats.pdf,https://dor.sd.gov/businesses/gaming/,SD/screenshots/SD_2025_01_SD_2025_01_p1.png,"TENNIS $3,275.00 $1,533.72 53.17%",,2026-04-08T18:45:28.116883
SD,2025-01-01,2025-01-31,monthly,Deadwood Casinos,Deadwood Casinos,Deadwood Casinos,Deadwood Gaming Association,retail,,102491955,10897620,10897620,,,91594335,980786,,0.10632658924302887,31,False,False,SD_2025_01.pdf,,,,,,https://dor.sd.gov/media/fqnm5vzw/jan-2025-gaming-stats.pdf,https://dor.sd.gov/businesses/gaming/,SD/screenshots/SD_2025_01_SD_2025_01_p1.png,"Totals $1,024,919.55 $108,976.20 89.37%",,2026-04-08T18:45:28.116883
SD,2025-02-01,2025-02-28,monthly,Deadwood Casinos,Deadwood Casinos,Deadwood Casinos,Deadwood Gaming Association,retail,boxing,8500,8500,8500,,,0,765,,1.0,28,False,False,SD_2025_02.pdf,,,,,,https://dor.sd.gov/media/ppcleppd/february-2025-stats.pdf,https://dor.sd.gov/businesses/gaming/,SD/screenshots/SD_2025_02_SD_2025_02_p1.png,BOXING $85.00 $85.00 0.00%,,2026-04-08T18:45:31.603416
SD,2025-02-01,2025-02-28,monthly,Deadwood Casinos,Deadwood Casinos,Deadwood Casinos,Deadwood Gaming Association,retail,motorsports,4926485,270435,270435,,,4656050,24339,,0.05489410807096744,28,False,False,SD_2025_02.pdf,,,,,,https://dor.sd.gov/media/ppcleppd/february-2025-stats.pdf,https://dor.sd.gov/businesses/gaming/,SD/screenshots/SD_2025_02_SD_2025_02_p1.png,"FORMULA 1 $440,00 $440.00 0.00% | NASCAR $5,264.85 $2,264.35 56.99%",,2026-04-08T18:45:31.603416
SD,2025-02-01,2025-02-28,monthly,Deadwood Casinos,Deadwood Casinos,Deadwood Casinos,Deadwood Gaming Association,retail,baseball,435825,151268,151268,,,284557,13614,,0.3470842654735272,28,False,False,SD_2025_02.pdf,,,,,,https://dor.sd.gov/media/ppcleppd/february-2025-stats.pdf,https://dor.sd.gov/businesses/gaming/,SD/screenshots/SD_2025_02_SD_2025_02_p1.png,"MLB $3,385.25 $1,433.28 57.66% | NCAA Baseball $973.00 $79.40 91.84%",,2026-04-08T18:45:31.603416
SD,2025-02-01,2025-02-28,monthly,Deadwood Casinos,Deadwood Casinos,Deadwood Casinos,Deadwood Gaming Association,retail,mma,1083815,310615,310615,,,773200,27955,,0.28659411430917636,28,False,False,SD_2025_02.pdf,,,,,,https://dor.sd.gov/media/ppcleppd/february-2025-stats.pdf,https://dor.sd.gov/businesses/gaming/,SD/screenshots/SD_2025_02_SD_2025_02_p1.png,"MMA/UFC $10,838.15 $3,106.15 71.34%",,2026-04-08T18:45:31.603416
SD,2025-02-01,2025-02-28,monthly,Deadwood Casinos,Deadwood Casinos,Deadwood Casinos,Deadwood Gaming Association,retail,basketball,10527094,-158252,-158252,,,10685346,0,,-0.015032828622979904,28,False,False,SD_2025_02.pdf,,,,,,https://dor.sd.gov/media/ppcleppd/february-2025-stats.pdf,https://dor.sd.gov/businesses/gaming/,SD/screenshots/SD_2025_02_SD_2025_02_p1.png,"NBA $105,270.94 ($1,582.52) 101.50%",,2026-04-08T18:45:31.603416
SD,2025-02-01,2025-02-28,monthly,Deadwood Casinos,Deadwood Casinos,Deadwood Casinos,Deadwood Gaming Association,retail,football_college,14275,-1426690,-1426690,,,1440965,0,,-99.94325744308232,28,False,False,SD_2025_02.pdf,,,,,,https://dor.sd.gov/media/ppcleppd/february-2025-stats.pdf,https://dor.sd.gov/businesses/gaming/,SD/screenshots/SD_2025_02_SD_2025_02_p1.png,"NCAA FB $142.75 ($14,266.90)  10094.33%",,2026-04-08T18:45:31.603416
SD,2025-02-01,2025-02-28,monthly,Deadwood Casinos,Deadwood Casinos,Deadwood Casinos,Deadwood Gaming Association,retail,basketball_college,36269661,4750885,4750885,,,31518776,427580,,0.1309878523540653,28,False,False,SD_2025_02.pdf,,,,,,https://dor.sd.gov/media/ppcleppd/february-2025-stats.pdf,https://dor.sd.gov/businesses/gaming/,SD/screenshots/SD_2025_02_SD_2025_02_p1.png,"NCAA Mens BB $362,696.61 $47,508.85 86.90%",,2026-04-08T18:45:31.603416
SD,2025-02-01,2025-02-28,monthly,Deadwood Casinos,Deadwood Casinos,Deadwood Casinos,Deadwood Gaming Association,retail,football,20285010,-6254549,-6254549,,,26539559,0,,-0.3083335428476496,28,False,False,SD_2025_02.pdf,,,,,,https://dor.sd.gov/media/ppcleppd/february-2025-stats.pdf,https://dor.sd.gov/businesses/gaming/,SD/screenshots/SD_2025_02_SD_2025_02_p1.png,"NFL $202,850.10 ($62,545.49) 130.83%",,2026-04-08T18:45:31.603416
SD,2025-02-01,2025-02-28,monthly,Deadwood Casinos,Deadwood Casinos,Deadwood Casinos,Deadwood Gaming Association,retail,hockey,2210039,330190,330190,,,1879849,29717,,0.14940460326718216,28,False,False,SD_2025_02.pdf,,,,,,https://dor.sd.gov/media/ppcleppd/february-2025-stats.pdf,https://dor.sd.gov/businesses/gaming/,SD/screenshots/SD_2025_02_SD_2025_02_p1.png,"NHL $22,100.39 $3,301.90 85.06%",,2026-04-08T18:45:31.603416
SD,2025-02-01,2025-02-28,monthly,Deadwood Casinos,Deadwood Casinos,Deadwood Casinos,Deadwood Gaming Association,retail,golf,446486,266852,266852,,,179634,24017,,0.5976715955259515,28,False,False,SD_2025_02.pdf,,,,,,https://dor.sd.gov/media/ppcleppd/february-2025-stats.pdf,https://dor.sd.gov/businesses/gaming/,SD/screenshots/SD_2025_02_SD_2025_02_p1.png,"PGA $4,464.86 $2,668.52 40.23%",,2026-04-08T18:45:31.603416
SD,2025-02-01,2025-02-28,monthly,Deadwood Casinos,Deadwood Casinos,Deadwood Casinos,Deadwood Gaming Association,retail,soccer,688315,-193574,-193574,,,881889,0,,-0.2812287978614442,28,False,False,SD_2025_02.pdf,,,,,,https://dor.sd.gov/media/ppcleppd/february-2025-stats.pdf,https://dor.sd.gov/businesses/gaming/,SD/screenshots/SD_2025_02_SD_2025_02_p1.png,"SOCCER $6,883.15 ($1,935.74) 128.12%",,2026-04-08T18:45:31.603416
SD,2025-02-01,2025-02-28,monthly,Deadwood Casinos,Deadwood Casinos,Deadwood Casinos,Deadwood Gaming Association,retail,tennis,821600,114767,114767,,,706833,10329,,0.13968719571567673,28,False,False,SD_2025_02.pdf,,,,,,https://dor.sd.gov/media/ppcleppd/february-2025-stats.pdf,https://dor.sd.gov/businesses/gaming/,SD/screenshots/SD_2025_02_SD_2025_02_p1.png,"TENNIS $8,216.00 $1,147.67 86.03%",,2026-04-08T18:45:31.603416
SD,2025-02-01,2025-02-28,monthly,Deadwood Casinos,Deadwood Casinos,Deadwood Casinos,Deadwood Gaming Association,retail,,73361105,-1829553,-1829553,,,75190658,0,,-0.024939005485263614,28,False,False,SD_2025_02.pdf,,,,,,https://dor.sd.gov/media/ppcleppd/february-2025-stats.pdf,https://dor.sd.gov/businesses/gaming/,SD/screenshots/SD_2025_02_SD_2025_02_p1.png,"Totals $733,611.05 ($18,295.53) 102.49%",,2026-04-08T18:45:31.603416
SD,2025-03-01,2025-03-31,monthly,Deadwood Casinos,Deadwood Casinos,Deadwood Casinos,Deadwood Gaming Association,retail,boxing,4500,3500,3500,,,1000,315,,0.7777777777777778,31,False,False,SD_2025_03.pdf,,,,,,https://dor.sd.gov/media/gh3j3lyp/march-2025-gaming-statistics.pdf,https://dor.sd.gov/businesses/gaming/,SD/screenshots/SD_2025_03_SD_2025_03_p1.png,BOXING $45.00 $35.00 22.22%,,2026-04-08T18:45:34.540323
SD,2025-03-01,2025-03-31,monthly,Deadwood Casinos,Deadwood Casinos,Deadwood Casinos,Deadwood Gaming Association,retail,motorsports,547825,190588,190588,,,357237,17153,,0.347899420435358,31,False,False,SD_2025_03.pdf,,,,,,https://dor.sd.gov/media/gh3j3lyp/march-2025-gaming-statistics.pdf,https://dor.sd.gov/businesses/gaming/,SD/screenshots/SD_2025_03_SD_2025_03_p1.png,"FORMULA 1 $1,825.00 $680.00 62.74% | NASCAR $3,653.25 $1,225.88 66.44%",,2026-04-08T18:45:34.540323
SD,2025-03-01,2025-03-31,monthly,Deadwood Casinos,Deadwood Casinos,Deadwood Casinos,Deadwood Gaming Association,retail,baseball,4518496,1794973,1794973,,,2723523,161548,,0.3972501026890364,31,False,False,SD_2025_03.pdf,,,,,,https://dor.sd.gov/media/gh3j3lyp/march-2025-gaming-statistics.pdf,https://dor.sd.gov/businesses/gaming/,SD/screenshots/SD_2025_03_SD_2025_03_p1.png,"MLB $41,685.96 $18,808.38 54.88% | NCAA Baseball $3,499.00 ($858.65) 124.54%",,2026-04-08T18:45:34.540323
SD,2025-03-01,2025-03-31,monthly,Deadwood Casinos,Deadwood Casinos,Deadwood Casinos,Deadwood Gaming Association,retail,mma,2137155,606271,606271,,,1530884,54564,,0.2836813427196436,31,False,False,SD_2025_03.pdf,,,,,,https://dor.sd.gov/media/gh3j3lyp/march-2025-gaming-statistics.pdf,https://dor.sd.gov/businesses/gaming/,SD/screenshots/SD_2025_03_SD_2025_03_p1.png,"MMA/UFC $21,371.55 $6,062.71 71.63%",,2026-04-08T18:45:34.540323
SD,2025-03-01,2025-03-31,monthly,Deadwood Casinos,Deadwood Casinos,Deadwood Casinos,Deadwood Gaming Association,retail,basketball,14949661,1971748,1971748,,,12977913,177457,,0.1318924890671434,31,False,False,SD_2025_03.pdf,,,,,,https://dor.sd.gov/media/gh3j3lyp/march-2025-gaming-statistics.pdf,https://dor.sd.gov/businesses/gaming/,SD/screenshots/SD_2025_03_SD_2025_03_p1.png,"NBA $149,476.61 $19,697.48 86.82% | WNBA $20.00 $20.00 0.00%",,2026-04-08T18:45:34.540323
SD,2025-03-01,2025-03-31,monthly,Deadwood Casinos,Deadwood Casinos,Deadwood Casinos,Deadwood Gaming Association,retail,football_college,5500,-233602,-233602,,,239102,0,,-42.47309090909091,31,False,False,SD_2025_03.pdf,,,,,,https://dor.sd.gov/media/gh3j3lyp/march-2025-gaming-statistics.pdf,https://dor.sd.gov/businesses/gaming/,SD/screenshots/SD_2025_03_SD_2025_03_p1.png,"NCAA FB $55.00 ($2,336.02) 4347.31%",,2026-04-08T18:45:34.540323
SD,2025-03-01,2025-03-31,monthly,Deadwood Casinos,Deadwood Casinos,Deadwood Casinos,Deadwood Gaming Association,retail,basketball_college,128705183,12250600,12250600,,,116454583,1102554,,0.09518342396514055,31,False,False,SD_2025_03.pdf,,,,,,https://dor.sd.gov/media/gh3j3lyp/march-2025-gaming-statistics.pdf,https://dor.sd.gov/businesses/gaming/,SD/screenshots/SD_2025_03_SD_2025_03_p1.png,"NCAA Mens BB $1,287,051.83 $122,506.00 90.48%",,2026-04-08T18:45:34.540323
SD,2025-03-01,2025-03-31,monthly,Deadwood Casinos,Deadwood Casinos,Deadwood Casinos,Deadwood Gaming Association,retail,football,1377185,-1368117,-1368117,,,2745302,0,,-0.9934155541920657,31,False,False,SD_2025_03.pdf,,,,,,https://dor.sd.gov/media/gh3j3lyp/march-2025-gaming-statistics.pdf,https://dor.sd.gov/businesses/gaming/,SD/screenshots/SD_2025_03_SD_2025_03_p1.png,"NFL $13,771.85 ($13,681.17) 199.34%",,2026-04-08T18:45:34.540323
SD,2025-03-01,2025-03-31,monthly,Deadwood Casinos,Deadwood Casinos,Deadwood Casinos,Deadwood Gaming Association,retail,hockey,3469862,16212,16212,,,3453650,1459,,0.004672231921615326,31,False,False,SD_2025_03.pdf,,,,,,https://dor.sd.gov/media/gh3j3lyp/march-2025-gaming-statistics.pdf,https://dor.sd.gov/businesses/gaming/,SD/screenshots/SD_2025_03_SD_2025_03_p1.png,"NHL $34,698.62 $162.12 99.53%",,2026-04-08T18:45:34.540323
SD,2025-03-01,2025-03-31,monthly,Deadwood Casinos,Deadwood Casinos,Deadwood Casinos,Deadwood Gaming Association,retail,golf,738590,584715,584715,,,153875,52624,,0.7916638459767936,31,False,False,SD_2025_03.pdf,,,,,,https://dor.sd.gov/media/gh3j3lyp/march-2025-gaming-statistics.pdf,https://dor.sd.gov/businesses/gaming/,SD/screenshots/SD_2025_03_SD_2025_03_p1.png,"PGA $7,385.90 $5,847.15 20.83%",,2026-04-08T18:45:34.540323
SD,2025-03-01,2025-03-31,monthly,Deadwood Casinos,Deadwood Casinos,Deadwood Casinos,Deadwood Gaming Association,retail,soccer,485962,-559233,-559233,,,1045195,0,,-1.1507751634901495,31,False,False,SD_2025_03.pdf,,,,,,https://dor.sd.gov/media/gh3j3lyp/march-2025-gaming-statistics.pdf,https://dor.sd.gov/businesses/gaming/,SD/screenshots/SD_2025_03_SD_2025_03_p1.png,"SOCCER $4,859.62 ($5,592.33) 215.08%",,2026-04-08T18:45:34.540323
SD,2025-03-01,2025-03-31,monthly,Deadwood Casinos,Deadwood Casinos,Deadwood Casinos,Deadwood Gaming Association,retail,tennis,574100,-33250,-33250,,,607350,0,,-0.05791673924403414,31,False,False,SD_2025_03.pdf,,,,,,https://dor.sd.gov/media/gh3j3lyp/march-2025-gaming-statistics.pdf,https://dor.sd.gov/businesses/gaming/,SD/screenshots/SD_2025_03_SD_2025_03_p1.png,"TENNIS $5,741.00 ($332.50) 105.79%",,2026-04-08T18:45:34.540323
SD,2025-03-01,2025-03-31,monthly,Deadwood Casinos,Deadwood Casinos,Deadwood Casinos,Deadwood Gaming Association,retail,,157514019,15224405,15224405,,,142289614,1370196,,0.09665428573694129,31,False,False,SD_2025_03.pdf,,,,,,https://dor.sd.gov/media/gh3j3lyp/march-2025-gaming-statistics.pdf,https://dor.sd.gov/businesses/gaming/,SD/screenshots/SD_2025_03_SD_2025_03_p1.png,"Totals $1,575,140.19 $152,244.05 90.33%",,2026-04-08T18:45:34.540323
SD,2025-04-01,2025-04-30,monthly,Deadwood Casinos,Deadwood Casinos,Deadwood Casinos,Deadwood Gaming Association,retail,boxing,4500,4500,4500,,,0,405,,1.0,30,False,False,SD_2025_04.pdf,,,,,,https://dor.sd.gov/media/tlsp5ehu/april-2025-gaming-stats.pdf,https://dor.sd.gov/businesses/gaming/,SD/screenshots/SD_2025_04_SD_2025_04_p1.png,BOXING $45.00 $45.00 0.00%,,2026-04-08T18:45:35.598220
SD,2025-04-01,2025-04-30,monthly,Deadwood Casinos,Deadwood Casinos,Deadwood Casinos,Deadwood Gaming Association,retail,motorsports,166500,142883,142883,,,23617,12859,,0.8581561561561561,30,False,False,SD_2025_04.pdf,,,,,,https://dor.sd.gov/media/tlsp5ehu/april-2025-gaming-stats.pdf,https://dor.sd.gov/businesses/gaming/,SD/screenshots/SD_2025_04_SD_2025_04_p1.png,"FORMULA 1 $45.00 ($15.17) 133.71% | NASCAR $1,620.00 $1,444.00 10.86%",,2026-04-08T18:45:35.598220
SD,2025-04-01,2025-04-30,monthly,Deadwood Casinos,Deadwood Casinos,Deadwood Casinos,Deadwood Gaming Association,retail,baseball,25138686,1172324,1172324,,,23966362,105509,,0.046634259244894505,30,False,False,SD_2025_04.pdf,,,,,,https://dor.sd.gov/media/tlsp5ehu/april-2025-gaming-stats.pdf,https://dor.sd.gov/businesses/gaming/,SD/screenshots/SD_2025_04_SD_2025_04_p1.png,"MLB $250,031.86 $11,466.44 95.41% | NCAA Baseball $1,355.00 $256.80 81.05%",,2026-04-08T18:45:35.598220
SD,2025-04-01,2025-04-30,monthly,Deadwood Casinos,Deadwood Casinos,Deadwood Casinos,Deadwood Gaming Association,retail,mma,2864180,489607,489607,,,2374573,44065,,0.17094142127938886,30,False,False,SD_2025_04.pdf,,,,,,https://dor.sd.gov/media/tlsp5ehu/april-2025-gaming-stats.pdf,https://dor.sd.gov/businesses/gaming/,SD/screenshots/SD_2025_04_SD_2025_04_p1.png,"MMA/UFC $28,641.80 $4,896.07 82.91%",,2026-04-08T18:45:35.598220
SD,2025-04-01,2025-04-30,monthly,Deadwood Casinos,Deadwood Casinos,Deadwood Casinos,Deadwood Gaming Association,retail,basketball,15034605,2854819,2854819,,,12179786,256934,,0.1898832061101705,30,False,False,SD_2025_04.pdf,,,,,,https://dor.sd.gov/media/tlsp5ehu/april-2025-gaming-stats.pdf,https://dor.sd.gov/businesses/gaming/,SD/screenshots/SD_2025_04_SD_2025_04_p1.png,"NBA $150,346.05 $28,548.19 81.01%",,2026-04-08T18:45:35.598220
SD,2025-04-01,2025-04-30,monthly,Deadwood Casinos,Deadwood Casinos,Deadwood Casinos,Deadwood Gaming Association,retail,football_college,239350,-79807,-79807,,,319157,0,,-0.33343221224148734,30,False,False,SD_2025_04.pdf,,,,,,https://dor.sd.gov/media/tlsp5ehu/april-2025-gaming-stats.pdf,https://dor.sd.gov/businesses/gaming/,SD/screenshots/SD_2025_04_SD_2025_04_p1.png,"NCAA FB $2,393.50 ($798.07) 133.34%",,2026-04-08T18:45:35.598220
SD,2025-04-01,2025-04-30,monthly,Deadwood Casinos,Deadwood Casinos,Deadwood Casinos,Deadwood Gaming Association,retail,hockey,5292182,602832,602832,,,4689350,54255,,0.11390991466279882,30,False,False,SD_2025_04.pdf,,,,,,https://dor.sd.gov/media/tlsp5ehu/april-2025-gaming-stats.pdf,https://dor.sd.gov/businesses/gaming/,SD/screenshots/SD_2025_04_SD_2025_04_p1.png,"NCAA Hockey $350.00 ($244.50) 169.86% | NHL $52,571.82 $6,272.82 88.07%",,2026-04-08T18:45:35.598220
SD,2025-04-01,2025-04-30,monthly,Deadwood Casinos,Deadwood Casinos,Deadwood Casinos,Deadwood Gaming Association,retail,basketball_college,10621131,-853301,-853301,,,11474432,0,,-0.08033993743227534,30,False,False,SD_2025_04.pdf,,,,,,https://dor.sd.gov/media/tlsp5ehu/april-2025-gaming-stats.pdf,https://dor.sd.gov/businesses/gaming/,SD/screenshots/SD_2025_04_SD_2025_04_p1.png,"NCAA Mens BB $106,211.31 ($8,533.01) 108.03%",,2026-04-08T18:45:35.598220
SD,2025-04-01,2025-04-30,monthly,Deadwood Casinos,Deadwood Casinos,Deadwood Casinos,Deadwood Gaming Association,retail,football,745000,177266,177266,,,567734,15954,,0.23794093959731544,30,False,False,SD_2025_04.pdf,,,,,,https://dor.sd.gov/media/tlsp5ehu/april-2025-gaming-stats.pdf,https://dor.sd.gov/businesses/gaming/,SD/screenshots/SD_2025_04_SD_2025_04_p1.png,"NFL $7,450.00 $1,772.66 76.21%",,2026-04-08T18:45:35.598220
SD,2025-04-01,2025-04-30,monthly,Deadwood Casinos,Deadwood Casinos,Deadwood Casinos,Deadwood Gaming Association,retail,golf,1634105,455321,455321,,,1178784,40979,,0.2786363177396801,30,False,False,SD_2025_04.pdf,,,,,,https://dor.sd.gov/media/tlsp5ehu/april-2025-gaming-stats.pdf,https://dor.sd.gov/businesses/gaming/,SD/screenshots/SD_2025_04_SD_2025_04_p1.png,"PGA $16,341.05 $4,553.21 72.14%",,2026-04-08T18:45:35.598220
SD,2025-04-01,2025-04-30,monthly,Deadwood Casinos,Deadwood Casinos,Deadwood Casinos,Deadwood Gaming Association,retail,soccer,774308,58346,58346,,,715962,5251,,0.07535244373040186,30,False,False,SD_2025_04.pdf,,,,,,https://dor.sd.gov/media/tlsp5ehu/april-2025-gaming-stats.pdf,https://dor.sd.gov/businesses/gaming/,SD/screenshots/SD_2025_04_SD_2025_04_p1.png,"SOCCER $7,743.08 $583.46 92.46%",,2026-04-08T18:45:35.598220
SD,2025-04-01,2025-04-30,monthly,Deadwood Casinos,Deadwood Casinos,Deadwood Casinos,Deadwood Gaming Association,retail,tennis,1024700,157066,157066,,,867634,14136,,0.15327998438567386,30,False,False,SD_2025_04.pdf,,,,,,https://dor.sd.gov/media/tlsp5ehu/april-2025-gaming-stats.pdf,https://dor.sd.gov/businesses/gaming/,SD/screenshots/SD_2025_04_SD_2025_04_p1.png,"TENNIS $10,247.00 $1,570.66 84.67%",,2026-04-08T18:45:35.598220
SD,2025-04-01,2025-04-30,monthly,Deadwood Casinos,Deadwood Casinos,Deadwood Casinos,Deadwood Gaming Association,retail,,63539247,5181856,5181856,,,58357391,466367,,0.08155362621782408,30,False,False,SD_2025_04.pdf,,,,,,https://dor.sd.gov/media/tlsp5ehu/april-2025-gaming-stats.pdf,https://dor.sd.gov/businesses/gaming/,SD/screenshots/SD_2025_04_SD_2025_04_p1.png,"Totals $635,392.47 $51,818.56 91.84%",,2026-04-08T18:45:35.598220
SD,2025-05-01,2025-05-31,monthly,Deadwood Casinos,Deadwood Casinos,Deadwood Casinos,Deadwood Gaming Association,retail,boxing,43000,23150,23150,,,19850,2084,,0.5383720930232558,31,False,False,SD_2025_05.pdf,,,,,,https://dor.sd.gov/media/ppll3tbh/may-2025-monthly-statistics.pdf,https://dor.sd.gov/businesses/gaming/,SD/screenshots/SD_2025_05_SD_2025_05_p1.png,BOXING $430.00 $231.50 46.16%,,2026-04-08T18:45:36.576394
SD,2025-05-01,2025-05-31,monthly,Deadwood Casinos,Deadwood Casinos,Deadwood Casinos,Deadwood Gaming Association,retail,motorsports,579710,181016,181016,,,398694,16291,,0.31225267806316953,31,False,False,SD_2025_05.pdf,,,,,,https://dor.sd.gov/media/ppll3tbh/may-2025-monthly-statistics.pdf,https://dor.sd.gov/businesses/gaming/,SD/screenshots/SD_2025_05_SD_2025_05_p1.png,"FORMULA 1 $25.00 $25.00 0.00% | NASCAR $5,772.10 $1,785.16 69.07%",,2026-04-08T18:45:36.576394
SD,2025-05-01,2025-05-31,monthly,Deadwood Casinos,Deadwood Casinos,Deadwood Casinos,Deadwood Gaming Association,retail,baseball,31633586,3895135,3895135,,,27738451,350562,,0.12313289425991729,31,False,False,SD_2025_05.pdf,,,,,,https://dor.sd.gov/media/ppll3tbh/may-2025-monthly-statistics.pdf,https://dor.sd.gov/businesses/gaming/,SD/screenshots/SD_2025_05_SD_2025_05_p1.png,"MLB $313,135.86 $38,879.35 87.58% | NCAA Baseball $3,200.00 $72.00 97.75%",,2026-04-08T18:45:36.576394
SD,2025-05-01,2025-05-31,monthly,Deadwood Casinos,Deadwood Casinos,Deadwood Casinos,Deadwood Gaming Association,retail,mma,1791925,-20393,-20393,,,1812318,0,,-0.011380498625779539,31,False,False,SD_2025_05.pdf,,,,,,https://dor.sd.gov/media/ppll3tbh/may-2025-monthly-statistics.pdf,https://dor.sd.gov/businesses/gaming/,SD/screenshots/SD_2025_05_SD_2025_05_p1.png,"MMA/UFC $17,919.25 ($203.93) 101.14%",,2026-04-08T18:45:36.576394
SD,2025-05-01,2025-05-31,monthly,Deadwood Casinos,Deadwood Casinos,Deadwood Casinos,Deadwood Gaming Association,retail,basketball,17937412,-1854982,-1854982,,,19792394,0,,-0.10341413800385474,31,False,False,SD_2025_05.pdf,,,,,,https://dor.sd.gov/media/ppll3tbh/may-2025-monthly-statistics.pdf,https://dor.sd.gov/businesses/gaming/,SD/screenshots/SD_2025_05_SD_2025_05_p1.png,"NBA $175,551.12 ($18,472.94) 110.52% | WNBA $3,823.00 ($76.88) 102.01%",,2026-04-08T18:45:36.576394
SD,2025-05-01,2025-05-31,monthly,Deadwood Casinos,Deadwood Casinos,Deadwood Casinos,Deadwood Gaming Association,retail,football_college,1000,-212290,-212290,,,213290,0,,-212.29,31,False,False,SD_2025_05.pdf,,,,,,https://dor.sd.gov/media/ppll3tbh/may-2025-monthly-statistics.pdf,https://dor.sd.gov/businesses/gaming/,SD/screenshots/SD_2025_05_SD_2025_05_p1.png,"NCAA FB $10.00 ($2,122.90) 21329.00%",,2026-04-08T18:45:36.576394
SD,2025-05-01,2025-05-31,monthly,Deadwood Casinos,Deadwood Casinos,Deadwood Casinos,Deadwood Gaming Association,retail,basketball_college,26000,-1254396,-1254396,,,1280396,0,,-48.246,31,False,False,SD_2025_05.pdf,,,,,,https://dor.sd.gov/media/ppll3tbh/may-2025-monthly-statistics.pdf,https://dor.sd.gov/businesses/gaming/,SD/screenshots/SD_2025_05_SD_2025_05_p1.png,"NCAA Mens BB $260.00 ($12,543.96) 4924.60%",,2026-04-08T18:45:36.576394
SD,2025-05-01,2025-05-31,monthly,Deadwood Casinos,Deadwood Casinos,Deadwood Casinos,Deadwood Gaming Association,retail,football,866226,-506650,-506650,,,1372876,0,,-0.5848935497202808,31,False,False,SD_2025_05.pdf,,,,,,https://dor.sd.gov/media/ppll3tbh/may-2025-monthly-statistics.pdf,https://dor.sd.gov/businesses/gaming/,SD/screenshots/SD_2025_05_SD_2025_05_p1.png,"NFL $8,662.26 ($5,066.50) 158.49%",,2026-04-08T18:45:36.576394
SD,2025-05-01,2025-05-31,monthly,Deadwood Casinos,Deadwood Casinos,Deadwood Casinos,Deadwood Gaming Association,retail,hockey,5182405,-339742,-339742,,,5522147,0,,-0.06555682159151976,31,False,False,SD_2025_05.pdf,,,,,,https://dor.sd.gov/media/ppll3tbh/may-2025-monthly-statistics.pdf,https://dor.sd.gov/businesses/gaming/,SD/screenshots/SD_2025_05_SD_2025_05_p1.png,"NHL $51,824.05 ($3,397.42) 106.56%",,2026-04-08T18:45:36.576394
SD,2025-05-01,2025-05-31,monthly,Deadwood Casinos,Deadwood Casinos,Deadwood Casinos,Deadwood Gaming Association,retail,golf,621650,150130,150130,,,471520,13512,,0.241502453148878,31,False,False,SD_2025_05.pdf,,,,,,https://dor.sd.gov/media/ppll3tbh/may-2025-monthly-statistics.pdf,https://dor.sd.gov/businesses/gaming/,SD/screenshots/SD_2025_05_SD_2025_05_p1.png,"PGA $6,216.50 $1,501.30 75.85%",,2026-04-08T18:45:36.576394
SD,2025-05-01,2025-05-31,monthly,Deadwood Casinos,Deadwood Casinos,Deadwood Casinos,Deadwood Gaming Association,retail,soccer,861426,-255805,-255805,,,1117231,0,,-0.2969552811268757,31,False,False,SD_2025_05.pdf,,,,,,https://dor.sd.gov/media/ppll3tbh/may-2025-monthly-statistics.pdf,https://dor.sd.gov/businesses/gaming/,SD/screenshots/SD_2025_05_SD_2025_05_p1.png,"SOCCER $8,614.26 ($2,558.05) 129.70%",,2026-04-08T18:45:36.576394
SD,2025-05-01,2025-05-31,monthly,Deadwood Casinos,Deadwood Casinos,Deadwood Casinos,Deadwood Gaming Association,retail,tennis,1639385,147062,147062,,,1492323,13236,,0.08970559081606821,31,False,False,SD_2025_05.pdf,,,,,,https://dor.sd.gov/media/ppll3tbh/may-2025-monthly-statistics.pdf,https://dor.sd.gov/businesses/gaming/,SD/screenshots/SD_2025_05_SD_2025_05_p1.png,"TENNIS $16,393.85 $1,470.62 91.03%",,2026-04-08T18:45:36.576394
SD,2025-05-01,2025-05-31,monthly,Deadwood Casinos,Deadwood Casinos,Deadwood Casinos,Deadwood Gaming Association,retail,,61183725,-47765,-47765,,,61231490,0,,-0.0007806814639023695,31,False,False,SD_2025_05.pdf,,,,,,https://dor.sd.gov/media/ppll3tbh/may-2025-monthly-statistics.pdf,https://dor.sd.gov/businesses/gaming/,SD/screenshots/SD_2025_05_SD_2025_05_p1.png,"Totals $611,837.25 ($477.65) 100.08%",,2026-04-08T18:45:36.576394
SD,2025-06-01,2025-06-30,monthly,Deadwood Casinos,Deadwood Casinos,Deadwood Casinos,Deadwood Gaming Association,retail,boxing,8500,8500,8500,,,0,765,,1.0,30,False,False,SD_2025_06.pdf,,,,,,https://dor.sd.gov/media/zslp53bq/june-2025-gaming-statistics.pdf,https://dor.sd.gov/businesses/gaming/,SD/screenshots/SD_2025_06_SD_2025_06_p1.png,BOXING $85.00 $85.00 0.00%,,2026-04-08T18:45:37.655699
SD,2025-06-01,2025-06-30,monthly,Deadwood Casinos,Deadwood Casinos,Deadwood Casinos,Deadwood Gaming Association,retail,motorsports,174360,51165,51165,,,123195,4605,,0.2934445973847213,30,False,False,SD_2025_06.pdf,,,,,,https://dor.sd.gov/media/zslp53bq/june-2025-gaming-statistics.pdf,https://dor.sd.gov/businesses/gaming/,SD/screenshots/SD_2025_06_SD_2025_06_p1.png,"FORMULA 1 $30.00 $30.00 0.00% | NASCAR $1,713.60 $481.65 71.89%",,2026-04-08T18:45:37.655699
SD,2025-06-01,2025-06-30,monthly,Deadwood Casinos,Deadwood Casinos,Deadwood Casinos,Deadwood Gaming Association,retail,baseball,33066918,4168254,4168254,,,28898664,375143,,0.1260551104278905,30,False,False,SD_2025_06.pdf,,,,,,https://dor.sd.gov/media/zslp53bq/june-2025-gaming-statistics.pdf,https://dor.sd.gov/businesses/gaming/,SD/screenshots/SD_2025_06_SD_2025_06_p1.png,"MLB $324,732.18 $41,190.06 87.32% | NCAA Baseball $5,937.00 $492.48 91.70%",,2026-04-08T18:45:37.655699
SD,2025-06-01,2025-06-30,monthly,Deadwood Casinos,Deadwood Casinos,Deadwood Casinos,Deadwood Gaming Association,retail,mma,4209002,1942419,1942419,,,2266583,174818,,0.46149158399069423,30,False,False,SD_2025_06.pdf,,,,,,https://dor.sd.gov/media/zslp53bq/june-2025-gaming-statistics.pdf,https://dor.sd.gov/businesses/gaming/,SD/screenshots/SD_2025_06_SD_2025_06_p1.png,"MMA/UFC $42,090.02 $19,424.19 53.85%",,2026-04-08T18:45:37.655699
SD,2025-06-01,2025-06-30,monthly,Deadwood Casinos,Deadwood Casinos,Deadwood Casinos,Deadwood Gaming Association,retail,basketball,7214519,-808066,-808066,,,8022585,0,,-0.11200552663316847,30,False,False,SD_2025_06.pdf,,,,,,https://dor.sd.gov/media/zslp53bq/june-2025-gaming-statistics.pdf,https://dor.sd.gov/businesses/gaming/,SD/screenshots/SD_2025_06_SD_2025_06_p1.png,"NBA $64,667.19 ($12,081.31) 118.68% | WNBA $7,478.00 $4,000.65 46.50%",,2026-04-08T18:45:37.655699
SD,2025-06-01,2025-06-30,monthly,Deadwood Casinos,Deadwood Casinos,Deadwood Casinos,Deadwood Gaming Association,retail,football_college,48500,37045,37045,,,11455,3334,,0.7638144329896908,30,False,False,SD_2025_06.pdf,,,,,,https://dor.sd.gov/media/zslp53bq/june-2025-gaming-statistics.pdf,https://dor.sd.gov/businesses/gaming/,SD/screenshots/SD_2025_06_SD_2025_06_p1.png,NCAA FB $485.00 $370.45 23.62%,,2026-04-08T18:45:37.655699
SD,2025-06-01,2025-06-30,monthly,Deadwood Casinos,Deadwood Casinos,Deadwood Casinos,Deadwood Gaming Association,retail,basketball_college,20000,-409994,-409994,,,429994,0,,-20.4997,30,False,False,SD_2025_06.pdf,,,,,,https://dor.sd.gov/media/zslp53bq/june-2025-gaming-statistics.pdf,https://dor.sd.gov/businesses/gaming/,SD/screenshots/SD_2025_06_SD_2025_06_p1.png,"NCAA Mens BB $200.00 ($4,099.94) 2149.97%",,2026-04-08T18:45:37.655699
SD,2025-06-01,2025-06-30,monthly,Deadwood Casinos,Deadwood Casinos,Deadwood Casinos,Deadwood Gaming Association,retail,football,870000,621606,621606,,,248394,55945,,0.7144896551724138,30,False,False,SD_2025_06.pdf,,,,,,https://dor.sd.gov/media/zslp53bq/june-2025-gaming-statistics.pdf,https://dor.sd.gov/businesses/gaming/,SD/screenshots/SD_2025_06_SD_2025_06_p1.png,"NFL $8,700.00 $6,216.06 28.55%",,2026-04-08T18:45:37.655699
SD,2025-06-01,2025-06-30,monthly,Deadwood Casinos,Deadwood Casinos,Deadwood Casinos,Deadwood Gaming Association,retail,hockey,2060961,-351413,-351413,,,2412374,0,,-0.17050929153923824,30,False,False,SD_2025_06.pdf,,,,,,https://dor.sd.gov/media/zslp53bq/june-2025-gaming-statistics.pdf,https://dor.sd.gov/businesses/gaming/,SD/screenshots/SD_2025_06_SD_2025_06_p1.png,"NHL $20,609.61 ($3,514.13) 117.05%",,2026-04-08T18:45:37.655699
SD,2025-06-01,2025-06-30,monthly,Deadwood Casinos,Deadwood Casinos,Deadwood Casinos,Deadwood Gaming Association,retail,golf,707725,278070,278070,,,429655,25026,,0.39290684941184784,30,False,False,SD_2025_06.pdf,,,,,,https://dor.sd.gov/media/zslp53bq/june-2025-gaming-statistics.pdf,https://dor.sd.gov/businesses/gaming/,SD/screenshots/SD_2025_06_SD_2025_06_p1.png,"PGA $7,077.25 $2,780.70 60.71%",,2026-04-08T18:45:37.655699
SD,2025-06-01,2025-06-30,monthly,Deadwood Casinos,Deadwood Casinos,Deadwood Casinos,Deadwood Gaming Association,retail,soccer,627581,272860,272860,,,354721,24557,,0.43478053032198233,30,False,False,SD_2025_06.pdf,,,,,,https://dor.sd.gov/media/zslp53bq/june-2025-gaming-statistics.pdf,https://dor.sd.gov/businesses/gaming/,SD/screenshots/SD_2025_06_SD_2025_06_p1.png,"SOCCER $6,275.81 $2,728.60 56.52%",,2026-04-08T18:45:37.655699
SD,2025-06-01,2025-06-30,monthly,Deadwood Casinos,Deadwood Casinos,Deadwood Casinos,Deadwood Gaming Association,retail,tennis,2137580,509687,509687,,,1627893,45872,,0.2384411343669009,30,False,False,SD_2025_06.pdf,,,,,,https://dor.sd.gov/media/zslp53bq/june-2025-gaming-statistics.pdf,https://dor.sd.gov/businesses/gaming/,SD/screenshots/SD_2025_06_SD_2025_06_p1.png,"TENNIS $21,375.80 $5,096.87 76.16%",,2026-04-08T18:45:37.655699
SD,2025-06-01,2025-06-30,monthly,Deadwood Casinos,Deadwood Casinos,Deadwood Casinos,Deadwood Gaming Association,retail,,51145646,6320133,6320133,,,44825513,568812,,0.12357128112136857,30,False,False,SD_2025_06.pdf,,,,,,https://dor.sd.gov/media/zslp53bq/june-2025-gaming-statistics.pdf,https://dor.sd.gov/businesses/gaming/,SD/screenshots/SD_2025_06_SD_2025_06_p1.png,"Totals $511,456.46 $63,201.33 87.64%",,2026-04-08T18:45:37.655699
SD,2025-07-01,2025-07-31,monthly,Deadwood Casinos,Deadwood Casinos,Deadwood Casinos,Deadwood Gaming Association,retail,boxing,98500,29975,29975,,,68525,2698,,0.30431472081218275,31,False,False,SD_2025_07.pdf,,,,,,https://dor.sd.gov/media/hfqbk5da/july-2025-gaming-stats.pdf,https://dor.sd.gov/businesses/gaming/,SD/screenshots/SD_2025_07_SD_2025_07_p1.png,BOXING $985.00 $299.75 69.57%,,2026-04-08T18:45:38.588068
SD,2025-07-01,2025-07-31,monthly,Deadwood Casinos,Deadwood Casinos,Deadwood Casinos,Deadwood Gaming Association,retail,other,17500,17500,17500,,,0,1575,,1.0,31,False,False,SD_2025_07.pdf,,,,,,https://dor.sd.gov/media/hfqbk5da/july-2025-gaming-stats.pdf,https://dor.sd.gov/businesses/gaming/,SD/screenshots/SD_2025_07_SD_2025_07_p1.png,CFL $175.00 $175.00 0.00%,,2026-04-08T18:45:38.588068
SD,2025-07-01,2025-07-31,monthly,Deadwood Casinos,Deadwood Casinos,Deadwood Casinos,Deadwood Gaming Association,retail,motorsports,310500,202425,202425,,,108075,18218,,0.6519323671497584,31,False,False,SD_2025_07.pdf,,,,,,https://dor.sd.gov/media/hfqbk5da/july-2025-gaming-stats.pdf,https://dor.sd.gov/businesses/gaming/,SD/screenshots/SD_2025_07_SD_2025_07_p1.png,"FORMULA 1 $20.00 $20.00 0.00% | NASCAR $3,085.00 $2,004.25 35.03%",,2026-04-08T18:45:38.588068
SD,2025-07-01,2025-07-31,monthly,Deadwood Casinos,Deadwood Casinos,Deadwood Casinos,Deadwood Gaming Association,retail,baseball,40680444,3265300,3265300,,,37415144,293877,,0.08026706886483344,31,False,False,SD_2025_07.pdf,,,,,,https://dor.sd.gov/media/hfqbk5da/july-2025-gaming-stats.pdf,https://dor.sd.gov/businesses/gaming/,SD/screenshots/SD_2025_07_SD_2025_07_p1.png,"MLB $406,804.44 $32,672.85 91.97% | NCAA Baseball $0.00 ($19.85) #DIV/0!",,2026-04-08T18:45:38.588068
SD,2025-07-01,2025-07-31,monthly,Deadwood Casinos,Deadwood Casinos,Deadwood Casinos,Deadwood Gaming Association,retail,mma,3313240,622637,622637,,,2690603,56037,,0.18792390530115535,31,False,False,SD_2025_07.pdf,,,,,,https://dor.sd.gov/media/hfqbk5da/july-2025-gaming-stats.pdf,https://dor.sd.gov/businesses/gaming/,SD/screenshots/SD_2025_07_SD_2025_07_p1.png,"MMA/UFC $33,132.40 $6,226.37 81.21%",,2026-04-08T18:45:38.588068
SD,2025-07-01,2025-07-31,monthly,Deadwood Casinos,Deadwood Casinos,Deadwood Casinos,Deadwood Gaming Association,retail,basketball,1744054,366205,366205,,,1377849,32958,,0.20997342972178615,31,False,False,SD_2025_07.pdf,,,,,,https://dor.sd.gov/media/hfqbk5da/july-2025-gaming-stats.pdf,https://dor.sd.gov/businesses/gaming/,SD/screenshots/SD_2025_07_SD_2025_07_p1.png,"NBA $12,403.54 $2,756.90 77.77% | WNBA $5,037.00 $905.15 82.03%",,2026-04-08T18:45:38.588068
SD,2025-07-01,2025-07-31,monthly,Deadwood Casinos,Deadwood Casinos,Deadwood Casinos,Deadwood Gaming Association,retail,football_college,207400,207400,207400,,,0,18666,,1.0,31,False,False,SD_2025_07.pdf,,,,,,https://dor.sd.gov/media/hfqbk5da/july-2025-gaming-stats.pdf,https://dor.sd.gov/businesses/gaming/,SD/screenshots/SD_2025_07_SD_2025_07_p1.png,"NCAA FB $2,074.00 $2,074.00 0.00%",,2026-04-08T18:45:38.588068
SD,2025-07-01,2025-07-31,monthly,Deadwood Casinos,Deadwood Casinos,Deadwood Casinos,Deadwood Gaming Association,retail,basketball_college,0,-557901,-557901,,,557901,0,,,31,False,False,SD_2025_07.pdf,,,,,,https://dor.sd.gov/media/hfqbk5da/july-2025-gaming-stats.pdf,https://dor.sd.gov/businesses/gaming/,SD/screenshots/SD_2025_07_SD_2025_07_p1.png,"NCAA Mens BB $0.00 ($5,579.01) #DIV/0!",,2026-04-08T18:45:38.588068
SD,2025-07-01,2025-07-31,monthly,Deadwood Casinos,Deadwood Casinos,Deadwood Casinos,Deadwood Gaming Association,retail,football,1561379,1404266,1404266,,,157113,126384,,0.8993754879500749,31,False,False,SD_2025_07.pdf,,,,,,https://dor.sd.gov/media/hfqbk5da/july-2025-gaming-stats.pdf,https://dor.sd.gov/businesses/gaming/,SD/screenshots/SD_2025_07_SD_2025_07_p1.png,"NFL $15,613.79 $14,042.66 10.06%",,2026-04-08T18:45:38.588068
SD,2025-07-01,2025-07-31,monthly,Deadwood Casinos,Deadwood Casinos,Deadwood Casinos,Deadwood Gaming Association,retail,hockey,4500,-137474,-137474,,,141974,0,,-30.549777777777777,31,False,False,SD_2025_07.pdf,,,,,,https://dor.sd.gov/media/hfqbk5da/july-2025-gaming-stats.pdf,https://dor.sd.gov/businesses/gaming/,SD/screenshots/SD_2025_07_SD_2025_07_p1.png,"NHL $45.00 ($1,374.74) 3154.98%",,2026-04-08T18:45:38.588068
SD,2025-07-01,2025-07-31,monthly,Deadwood Casinos,Deadwood Casinos,Deadwood Casinos,Deadwood Gaming Association,retail,golf,444515,169960,169960,,,274555,15296,,0.3823493020482998,31,False,False,SD_2025_07.pdf,,,,,,https://dor.sd.gov/media/hfqbk5da/july-2025-gaming-stats.pdf,https://dor.sd.gov/businesses/gaming/,SD/screenshots/SD_2025_07_SD_2025_07_p1.png,"PGA $4,445.15 $1,699.60 61.77%",,2026-04-08T18:45:38.588068
SD,2025-07-01,2025-07-31,monthly,Deadwood Casinos,Deadwood Casinos,Deadwood Casinos,Deadwood Gaming Association,retail,soccer,1029279,-73511,-73511,,,1102790,0,,-0.07141989684040964,31,False,False,SD_2025_07.pdf,,,,,,https://dor.sd.gov/media/hfqbk5da/july-2025-gaming-stats.pdf,https://dor.sd.gov/businesses/gaming/,SD/screenshots/SD_2025_07_SD_2025_07_p1.png,"SOCCER $10,292.79 ($735.11) 107.14%",,2026-04-08T18:45:38.588068
SD,2025-07-01,2025-07-31,monthly,Deadwood Casinos,Deadwood Casinos,Deadwood Casinos,Deadwood Gaming Association,retail,tennis,3596576,879945,879945,,,2716631,79195,,0.24466186728710862,31,False,False,SD_2025_07.pdf,,,,,,https://dor.sd.gov/media/hfqbk5da/july-2025-gaming-stats.pdf,https://dor.sd.gov/businesses/gaming/,SD/screenshots/SD_2025_07_SD_2025_07_p1.png,"TENNIS $35,965.76 $8,799.45 75.53%",,2026-04-08T18:45:38.588068
SD,2025-07-01,2025-07-31,monthly,Deadwood Casinos,Deadwood Casinos,Deadwood Casinos,Deadwood Gaming Association,retail,,53007887,6396727,6396727,,,46611160,575705,,0.12067500445735556,31,False,False,SD_2025_07.pdf,,,,,,https://dor.sd.gov/media/hfqbk5da/july-2025-gaming-stats.pdf,https://dor.sd.gov/businesses/gaming/,SD/screenshots/SD_2025_07_SD_2025_07_p1.png,"Totals $530,078.87 $63,967.27 87.93%",,2026-04-08T18:45:38.588068
SD,2025-08-01,2025-08-31,monthly,Deadwood Casinos,Deadwood Casinos,Deadwood Casinos,Deadwood Gaming Association,retail,boxing,3800,-1400,-1400,,,5200,0,,-0.3684210526315789,31,False,False,SD_2025_08.pdf,,,,,,https://dor.sd.gov/media/zq1pn4tn/august-2025-gaming-stats.pdf,https://dor.sd.gov/businesses/gaming/,SD/screenshots/SD_2025_08_SD_2025_08_p1.png,BOXING $38.00 ($14.00) 136.84%,,2026-04-08T18:45:39.561467
SD,2025-08-01,2025-08-31,monthly,Deadwood Casinos,Deadwood Casinos,Deadwood Casinos,Deadwood Gaming Association,retail,other,14000,1345,1345,,,12655,121,,0.09607142857142857,31,False,False,SD_2025_08.pdf,,,,,,https://dor.sd.gov/media/zq1pn4tn/august-2025-gaming-stats.pdf,https://dor.sd.gov/businesses/gaming/,SD/screenshots/SD_2025_08_SD_2025_08_p1.png,CFL $140.00 $13.45 90.39%,,2026-04-08T18:45:39.561467
SD,2025-08-01,2025-08-31,monthly,Deadwood Casinos,Deadwood Casinos,Deadwood Casinos,Deadwood Gaming Association,retail,motorsports,461300,227725,227725,,,233575,20495,,0.49365922393236505,31,False,False,SD_2025_08.pdf,,,,,,https://dor.sd.gov/media/zq1pn4tn/august-2025-gaming-stats.pdf,https://dor.sd.gov/businesses/gaming/,SD/screenshots/SD_2025_08_SD_2025_08_p1.png,"FORMULA 1 $240.00 $240.00 0.00% | NASCAR $4,373.00 $2,037.25 53.41%",,2026-04-08T18:45:39.561467
SD,2025-08-01,2025-08-31,monthly,Deadwood Casinos,Deadwood Casinos,Deadwood Casinos,Deadwood Gaming Association,retail,baseball,34561602,3660649,3660649,,,30900953,329458,,0.10591664703505353,31,False,False,SD_2025_08.pdf,,,,,,https://dor.sd.gov/media/zq1pn4tn/august-2025-gaming-stats.pdf,https://dor.sd.gov/businesses/gaming/,SD/screenshots/SD_2025_08_SD_2025_08_p1.png,"MLB $345,616.02 $36,606.49 89.41%",,2026-04-08T18:45:39.561467
SD,2025-08-01,2025-08-31,monthly,Deadwood Casinos,Deadwood Casinos,Deadwood Casinos,Deadwood Gaming Association,retail,soccer,1018431,-1673390,-1673390,,,2691821,0,,-1.6431059148827951,31,False,False,SD_2025_08.pdf,,,,,,https://dor.sd.gov/media/zq1pn4tn/august-2025-gaming-stats.pdf,https://dor.sd.gov/businesses/gaming/,SD/screenshots/SD_2025_08_SD_2025_08_p1.png,"MLS $328.12 ($199.18) 160.70% | SOCCER $9,856.19 ($16,534.72) 267.76%",,2026-04-08T18:45:39.561467
SD,2025-08-01,2025-08-31,monthly,Deadwood Casinos,Deadwood Casinos,Deadwood Casinos,Deadwood Gaming Association,retail,mma,3056268,1207562,1207562,,,1848706,108681,,0.3951099838103203,31,False,False,SD_2025_08.pdf,,,,,,https://dor.sd.gov/media/zq1pn4tn/august-2025-gaming-stats.pdf,https://dor.sd.gov/businesses/gaming/,SD/screenshots/SD_2025_08_SD_2025_08_p1.png,"MMA/UFC $30,562.68 $12,075.62 60.49%",,2026-04-08T18:45:39.561467
SD,2025-08-01,2025-08-31,monthly,Deadwood Casinos,Deadwood Casinos,Deadwood Casinos,Deadwood Gaming Association,retail,basketball,1954387,162289,162289,,,1792098,14606,,0.0830383132920962,31,False,False,SD_2025_08.pdf,,,,,,https://dor.sd.gov/media/zq1pn4tn/august-2025-gaming-stats.pdf,https://dor.sd.gov/businesses/gaming/,SD/screenshots/SD_2025_08_SD_2025_08_p1.png,"NBA $460.00 $218.47 52.51% | WNBA $19,083.87 $1,404.42 92.64%",,2026-04-08T18:45:39.561467
SD,2025-08-01,2025-08-31,monthly,Deadwood Casinos,Deadwood Casinos,Deadwood Casinos,Deadwood Gaming Association,retail,football_college,13023518,6757510,6757510,,,6266008,608176,,0.5188697861821975,31,False,False,SD_2025_08.pdf,,,,,,https://dor.sd.gov/media/zq1pn4tn/august-2025-gaming-stats.pdf,https://dor.sd.gov/businesses/gaming/,SD/screenshots/SD_2025_08_SD_2025_08_p1.png,"NCAA FB $130,235.18 $67,575.10 48.11%",,2026-04-08T18:45:39.561467
SD,2025-08-01,2025-08-31,monthly,Deadwood Casinos,Deadwood Casinos,Deadwood Casinos,Deadwood Gaming Association,retail,hockey,84000,45029,45029,,,38971,4053,,0.5360595238095238,31,False,False,SD_2025_08.pdf,,,,,,https://dor.sd.gov/media/zq1pn4tn/august-2025-gaming-stats.pdf,https://dor.sd.gov/businesses/gaming/,SD/screenshots/SD_2025_08_SD_2025_08_p1.png,NCAA Hockey $140.00 $140.00 0.00% | NHL $700.00 $310.29 55.67%,,2026-04-08T18:45:39.561467
SD,2025-08-01,2025-08-31,monthly,Deadwood Casinos,Deadwood Casinos,Deadwood Casinos,Deadwood Gaming Association,retail,basketball_college,11760,-96170,-96170,,,107930,0,,-8.177721088435375,31,False,False,SD_2025_08.pdf,,,,,,https://dor.sd.gov/media/zq1pn4tn/august-2025-gaming-stats.pdf,https://dor.sd.gov/businesses/gaming/,SD/screenshots/SD_2025_08_SD_2025_08_p1.png,NCAA Mens BB $117.60 ($961.70) 917.77%,,2026-04-08T18:45:39.561467
SD,2025-08-01,2025-08-31,monthly,Deadwood Casinos,Deadwood Casinos,Deadwood Casinos,Deadwood Gaming Association,retail,football,6748352,3886261,3886261,,,2862091,349763,,0.5758829711313221,31,False,False,SD_2025_08.pdf,,,,,,https://dor.sd.gov/media/zq1pn4tn/august-2025-gaming-stats.pdf,https://dor.sd.gov/businesses/gaming/,SD/screenshots/SD_2025_08_SD_2025_08_p1.png,"NFL $67,483.52 $38,862.61 42.41%",,2026-04-08T18:45:39.561467
SD,2025-08-01,2025-08-31,monthly,Deadwood Casinos,Deadwood Casinos,Deadwood Casinos,Deadwood Gaming Association,retail,golf,302210,-59035,-59035,,,361245,0,,-0.1953442970120115,31,False,False,SD_2025_08.pdf,,,,,,https://dor.sd.gov/media/zq1pn4tn/august-2025-gaming-stats.pdf,https://dor.sd.gov/businesses/gaming/,SD/screenshots/SD_2025_08_SD_2025_08_p1.png,"PGA $3,022.10 ($590.35) 119.53%",,2026-04-08T18:45:39.561467
SD,2025-08-01,2025-08-31,monthly,Deadwood Casinos,Deadwood Casinos,Deadwood Casinos,Deadwood Gaming Association,retail,tennis,3621544,578432,578432,,,3043112,52059,,0.1597197217540364,31,False,False,SD_2025_08.pdf,,,,,,https://dor.sd.gov/media/zq1pn4tn/august-2025-gaming-stats.pdf,https://dor.sd.gov/businesses/gaming/,SD/screenshots/SD_2025_08_SD_2025_08_p1.png,"TENNIS $36,215.44 $5,784.32 84.03%",,2026-04-08T18:45:39.561467
SD,2025-08-01,2025-08-31,monthly,Deadwood Casinos,Deadwood Casinos,Deadwood Casinos,Deadwood Gaming Association,retail,,64861172,14696807,14696807,,,50164365,1322713,,0.2265886746542292,31,False,False,SD_2025_08.pdf,,,,,,https://dor.sd.gov/media/zq1pn4tn/august-2025-gaming-stats.pdf,https://dor.sd.gov/businesses/gaming/,SD/screenshots/SD_2025_08_SD_2025_08_p1.png,"Totals $648,611.72 $146,968.07 77.34%",,2026-04-08T18:45:39.561467
SD,2025-09-01,2025-09-30,monthly,Deadwood Casinos,Deadwood Casinos,Deadwood Casinos,Deadwood Gaming Association,retail,boxing,1291500,-273258,-273258,,,1564758,0,,-0.21158188153310103,30,False,False,SD_2025_09.pdf,,,,,,https://dor.sd.gov/media/yqcjtnec/september-2025-gaming-stats.pdf,https://dor.sd.gov/businesses/gaming/,SD/screenshots/SD_2025_09_SD_2025_09_p1.png,"BOXING $12,915.00 ($2,732.58) 121.16%",,2026-04-08T18:45:40.549593
SD,2025-09-01,2025-09-30,monthly,Deadwood Casinos,Deadwood Casinos,Deadwood Casinos,Deadwood Gaming Association,retail,other,18000,-15085,-15085,,,33085,0,,-0.8380555555555556,30,False,False,SD_2025_09.pdf,,,,,,https://dor.sd.gov/media/yqcjtnec/september-2025-gaming-stats.pdf,https://dor.sd.gov/businesses/gaming/,SD/screenshots/SD_2025_09_SD_2025_09_p1.png,CFL $180.00 ($150.85) 183.81%,,2026-04-08T18:45:40.549593
SD,2025-09-01,2025-09-30,monthly,Deadwood Casinos,Deadwood Casinos,Deadwood Casinos,Deadwood Gaming Association,retail,motorsports,305800,88475,88475,,,217325,7963,,0.2893230869849575,30,False,False,SD_2025_09.pdf,,,,,,https://dor.sd.gov/media/yqcjtnec/september-2025-gaming-stats.pdf,https://dor.sd.gov/businesses/gaming/,SD/screenshots/SD_2025_09_SD_2025_09_p1.png,"FORMULA 1 $165.00 ($27.25) 116.52% | NASCAR $2,893.00 $912.00 68.48%",,2026-04-08T18:45:40.549593
SD,2025-09-01,2025-09-30,monthly,Deadwood Casinos,Deadwood Casinos,Deadwood Casinos,Deadwood Gaming Association,retail,baseball,22386277,-68668,-68668,,,22454945,0,,-0.003067414916736713,30,False,False,SD_2025_09.pdf,,,,,,https://dor.sd.gov/media/yqcjtnec/september-2025-gaming-stats.pdf,https://dor.sd.gov/businesses/gaming/,SD/screenshots/SD_2025_09_SD_2025_09_p1.png,"MLB $223,862.77 ($686.68) 100.31%",,2026-04-08T18:45:40.549593
SD,2025-09-01,2025-09-30,monthly,Deadwood Casinos,Deadwood Casinos,Deadwood Casinos,Deadwood Gaming Association,retail,soccer,567602,29590,29590,,,538012,2663,,0.052131599254407135,30,False,False,SD_2025_09.pdf,,,,,,https://dor.sd.gov/media/yqcjtnec/september-2025-gaming-stats.pdf,https://dor.sd.gov/businesses/gaming/,SD/screenshots/SD_2025_09_SD_2025_09_p1.png,"MLS $435.43 $104.58 75.98% | SOCCER $5,240.59 $191.32 96.35%",,2026-04-08T18:45:40.549593
SD,2025-09-01,2025-09-30,monthly,Deadwood Casinos,Deadwood Casinos,Deadwood Casinos,Deadwood Gaming Association,retail,mma,414480,66870,66870,,,347610,6018,,0.1613346844238564,30,False,False,SD_2025_09.pdf,,,,,,https://dor.sd.gov/media/yqcjtnec/september-2025-gaming-stats.pdf,https://dor.sd.gov/businesses/gaming/,SD/screenshots/SD_2025_09_SD_2025_09_p1.png,"MMA/UFC $4,144.80 $668.70 83.87%",,2026-04-08T18:45:40.549593
SD,2025-09-01,2025-09-30,monthly,Deadwood Casinos,Deadwood Casinos,Deadwood Casinos,Deadwood Gaming Association,retail,basketball,1302202,-155455,-155455,,,1457657,0,,-0.11937856031552709,30,False,False,SD_2025_09.pdf,,,,,,https://dor.sd.gov/media/yqcjtnec/september-2025-gaming-stats.pdf,https://dor.sd.gov/businesses/gaming/,SD/screenshots/SD_2025_09_SD_2025_09_p1.png,"NBA $375.00 ($459.38) 222.50% | WNBA $12,647.02 ($1,095.17) 108.66%",,2026-04-08T18:45:40.549593
SD,2025-09-01,2025-09-30,monthly,Deadwood Casinos,Deadwood Casinos,Deadwood Casinos,Deadwood Gaming Association,retail,football_college,29644146,1941387,1941387,,,27702759,174725,,0.06548972603224934,30,False,False,SD_2025_09.pdf,,,,,,https://dor.sd.gov/media/yqcjtnec/september-2025-gaming-stats.pdf,https://dor.sd.gov/businesses/gaming/,SD/screenshots/SD_2025_09_SD_2025_09_p1.png,"NCAA FB $296,441.46 $19,413.87 93.45%",,2026-04-08T18:45:40.549593
SD,2025-09-01,2025-09-30,monthly,Deadwood Casinos,Deadwood Casinos,Deadwood Casinos,Deadwood Gaming Association,retail,hockey,126000,89783,89783,,,36217,8080,,0.712563492063492,30,False,False,SD_2025_09.pdf,,,,,,https://dor.sd.gov/media/yqcjtnec/september-2025-gaming-stats.pdf,https://dor.sd.gov/businesses/gaming/,SD/screenshots/SD_2025_09_SD_2025_09_p1.png,"NCAA Hockey $205.00 $205.00 0.00% | NHL $1,055.00 $692.83 34.33%",,2026-04-08T18:45:40.549593
SD,2025-09-01,2025-09-30,monthly,Deadwood Casinos,Deadwood Casinos,Deadwood Casinos,Deadwood Gaming Association,retail,basketball_college,8500,-106616,-106616,,,115116,0,,-12.543058823529412,30,False,False,SD_2025_09.pdf,,,,,,https://dor.sd.gov/media/yqcjtnec/september-2025-gaming-stats.pdf,https://dor.sd.gov/businesses/gaming/,SD/screenshots/SD_2025_09_SD_2025_09_p1.png,"NCAA Mens BB $85.00 ($1,066.16) 1354.31%",,2026-04-08T18:45:40.549593
SD,2025-09-01,2025-09-30,monthly,Deadwood Casinos,Deadwood Casinos,Deadwood Casinos,Deadwood Gaming Association,retail,football,53552062,11434170,11434170,,,42117892,1029075,,0.21351502767531155,30,False,False,SD_2025_09.pdf,,,,,,https://dor.sd.gov/media/yqcjtnec/september-2025-gaming-stats.pdf,https://dor.sd.gov/businesses/gaming/,SD/screenshots/SD_2025_09_SD_2025_09_p1.png,"NFL $535,520.62 $114,341.70 78.65%",,2026-04-08T18:45:40.549593
SD,2025-09-01,2025-09-30,monthly,Deadwood Casinos,Deadwood Casinos,Deadwood Casinos,Deadwood Gaming Association,retail,golf,557505,-339830,-339830,,,897335,0,,-0.6095550712549663,30,False,False,SD_2025_09.pdf,,,,,,https://dor.sd.gov/media/yqcjtnec/september-2025-gaming-stats.pdf,https://dor.sd.gov/businesses/gaming/,SD/screenshots/SD_2025_09_SD_2025_09_p1.png,"PGA $5,575.05 ($3,398.30) 160.96%",,2026-04-08T18:45:40.549593
SD,2025-09-01,2025-09-30,monthly,Deadwood Casinos,Deadwood Casinos,Deadwood Casinos,Deadwood Gaming Association,retail,tennis,1850172,643261,643261,,,1206911,57893,,0.3476763241471604,30,False,False,SD_2025_09.pdf,,,,,,https://dor.sd.gov/media/yqcjtnec/september-2025-gaming-stats.pdf,https://dor.sd.gov/businesses/gaming/,SD/screenshots/SD_2025_09_SD_2025_09_p1.png,"TENNIS $18,501.72 $6,432.61 65.23%",,2026-04-08T18:45:40.549593
SD,2025-09-01,2025-09-30,monthly,Deadwood Casinos,Deadwood Casinos,Deadwood Casinos,Deadwood Gaming Association,retail,,112024246,13334624,13334624,,,98689622,1200116,,0.11903337425721214,30,False,False,SD_2025_09.pdf,,,,,,https://dor.sd.gov/media/yqcjtnec/september-2025-gaming-stats.pdf,https://dor.sd.gov/businesses/gaming/,SD/screenshots/SD_2025_09_SD_2025_09_p1.png,"Totals $1,120,242.46 $133,346.24 88.10%",,2026-04-08T18:45:40.549593
SD,2025-10-01,2025-10-31,monthly,Deadwood Casinos,Deadwood Casinos,Deadwood Casinos,Deadwood Gaming Association,retail,boxing,2000,-117805,-117805,,,119805,0,,-58.9025,31,False,False,SD_2025_10.pdf,,,,,,https://dor.sd.gov/media/echpimey/october-2025-gaming-stats.pdf,https://dor.sd.gov/businesses/gaming/,SD/screenshots/SD_2025_10_SD_2025_10_p1.png,"BOXING $20.00 ($1,178.05) 5990.25%",,2026-04-08T18:45:41.572413
SD,2025-10-01,2025-10-31,monthly,Deadwood Casinos,Deadwood Casinos,Deadwood Casinos,Deadwood Gaming Association,retail,other,51515,-11425,-11425,,,62940,0,,-0.22178006405901193,31,False,False,SD_2025_10.pdf,,,,,,https://dor.sd.gov/media/echpimey/october-2025-gaming-stats.pdf,https://dor.sd.gov/businesses/gaming/,SD/screenshots/SD_2025_10_SD_2025_10_p1.png,CFL $515.15 ($114.25) 122.18%,,2026-04-08T18:45:41.572413
SD,2025-10-01,2025-10-31,monthly,Deadwood Casinos,Deadwood Casinos,Deadwood Casinos,Deadwood Gaming Association,retail,motorsports,507415,-192780,-192780,,,700195,0,,-0.3799257018416878,31,False,False,SD_2025_10.pdf,,,,,,https://dor.sd.gov/media/echpimey/october-2025-gaming-stats.pdf,https://dor.sd.gov/businesses/gaming/,SD/screenshots/SD_2025_10_SD_2025_10_p1.png,"FORMULA 1 $46.00 $28.50 38.04% | NASCAR $5,028.15 ($1,956.30) 138.91%",,2026-04-08T18:45:41.572413
SD,2025-10-01,2025-10-31,monthly,Deadwood Casinos,Deadwood Casinos,Deadwood Casinos,Deadwood Gaming Association,retail,baseball,11587289,-2276946,-2276946,,,13864235,0,,-0.1965037723664267,31,False,False,SD_2025_10.pdf,,,,,,https://dor.sd.gov/media/echpimey/october-2025-gaming-stats.pdf,https://dor.sd.gov/businesses/gaming/,SD/screenshots/SD_2025_10_SD_2025_10_p1.png,"MLB $115,872.89 ($22,769.46) 119.65%",,2026-04-08T18:45:41.572413
SD,2025-10-01,2025-10-31,monthly,Deadwood Casinos,Deadwood Casinos,Deadwood Casinos,Deadwood Gaming Association,retail,soccer,807880,208160,208160,,,599720,18734,,0.25766202901421004,31,False,False,SD_2025_10.pdf,,,,,,https://dor.sd.gov/media/echpimey/october-2025-gaming-stats.pdf,https://dor.sd.gov/businesses/gaming/,SD/screenshots/SD_2025_10_SD_2025_10_p1.png,"MLS $573.00 $404.85 29.35% | SOCCER $7,505.80 $1,676.75 77.66%",,2026-04-08T18:45:41.572413
SD,2025-10-01,2025-10-31,monthly,Deadwood Casinos,Deadwood Casinos,Deadwood Casinos,Deadwood Gaming Association,retail,mma,1521940,-121543,-121543,,,1643483,0,,-0.07986057269011919,31,False,False,SD_2025_10.pdf,,,,,,https://dor.sd.gov/media/echpimey/october-2025-gaming-stats.pdf,https://dor.sd.gov/businesses/gaming/,SD/screenshots/SD_2025_10_SD_2025_10_p1.png,"MMA/UFC $15,219.40 ($1,215.43) 107.99%",,2026-04-08T18:45:41.572413
SD,2025-10-01,2025-10-31,monthly,Deadwood Casinos,Deadwood Casinos,Deadwood Casinos,Deadwood Gaming Association,retail,basketball,3636944,1544926,1544926,,,2092018,139043,,0.42478685401809874,31,False,False,SD_2025_10.pdf,,,,,,https://dor.sd.gov/media/echpimey/october-2025-gaming-stats.pdf,https://dor.sd.gov/businesses/gaming/,SD/screenshots/SD_2025_10_SD_2025_10_p1.png,"NBA $34,029.16 $15,435.13 54.64% | WNBA $2,340.28 $14.13 99.40%",,2026-04-08T18:45:41.572413
SD,2025-10-01,2025-10-31,monthly,Deadwood Casinos,Deadwood Casinos,Deadwood Casinos,Deadwood Gaming Association,retail,football_college,33919640,2979995,2979995,,,30939645,268200,,0.08785455859790965,31,False,False,SD_2025_10.pdf,,,,,,https://dor.sd.gov/media/echpimey/october-2025-gaming-stats.pdf,https://dor.sd.gov/businesses/gaming/,SD/screenshots/SD_2025_10_SD_2025_10_p1.png,"NCAA FB $339,196.40 $29,799.95 91.21%",,2026-04-08T18:45:41.572413
SD,2025-10-01,2025-10-31,monthly,Deadwood Casinos,Deadwood Casinos,Deadwood Casinos,Deadwood Gaming Association,retail,basketball_college,16800,13157,13157,,,3643,1184,,0.7831547619047619,31,False,False,SD_2025_10.pdf,,,,,,https://dor.sd.gov/media/echpimey/october-2025-gaming-stats.pdf,https://dor.sd.gov/businesses/gaming/,SD/screenshots/SD_2025_10_SD_2025_10_p1.png,NCAA Mens BB $168.00 $131.57 21.68%,,2026-04-08T18:45:41.572413
SD,2025-10-01,2025-10-31,monthly,Deadwood Casinos,Deadwood Casinos,Deadwood Casinos,Deadwood Gaming Association,retail,football,42187506,986625,986625,,,41200881,88796,,0.023386663340563437,31,False,False,SD_2025_10.pdf,,,,,,https://dor.sd.gov/media/echpimey/october-2025-gaming-stats.pdf,https://dor.sd.gov/businesses/gaming/,SD/screenshots/SD_2025_10_SD_2025_10_p1.png,"NFL $421,875.06 $9,866.25 97.66%",,2026-04-08T18:45:41.572413
SD,2025-10-01,2025-10-31,monthly,Deadwood Casinos,Deadwood Casinos,Deadwood Casinos,Deadwood Gaming Association,retail,hockey,2832446,496860,496860,,,2335586,44717,,0.175417289508785,31,False,False,SD_2025_10.pdf,,,,,,https://dor.sd.gov/media/echpimey/october-2025-gaming-stats.pdf,https://dor.sd.gov/businesses/gaming/,SD/screenshots/SD_2025_10_SD_2025_10_p1.png,"NHL $28,324.46 $4,968.60 82.46%",,2026-04-08T18:45:41.572413
SD,2025-10-01,2025-10-31,monthly,Deadwood Casinos,Deadwood Casinos,Deadwood Casinos,Deadwood Gaming Association,retail,golf,69850,-27455,-27455,,,97305,0,,-0.39305654974946314,31,False,False,SD_2025_10.pdf,,,,,,https://dor.sd.gov/media/echpimey/october-2025-gaming-stats.pdf,https://dor.sd.gov/businesses/gaming/,SD/screenshots/SD_2025_10_SD_2025_10_p1.png,PGA $698.50 ($274.55) 139.31%,,2026-04-08T18:45:41.572413
SD,2025-10-01,2025-10-31,monthly,Deadwood Casinos,Deadwood Casinos,Deadwood Casinos,Deadwood Gaming Association,retail,tennis,2811815,-92786,-92786,,,2904601,0,,-0.03299861477373156,31,False,False,SD_2025_10.pdf,,,,,,https://dor.sd.gov/media/echpimey/october-2025-gaming-stats.pdf,https://dor.sd.gov/businesses/gaming/,SD/screenshots/SD_2025_10_SD_2025_10_p1.png,"TENNIS $28,118.15 ($927.86) 103.30%",,2026-04-08T18:45:41.572413
SD,2025-10-01,2025-10-31,monthly,Deadwood Casinos,Deadwood Casinos,Deadwood Casinos,Deadwood Gaming Association,retail,,99953040,3388983,3388983,,,96564057,305008,,0.03390575214120551,31,False,False,SD_2025_10.pdf,,,,,,https://dor.sd.gov/media/echpimey/october-2025-gaming-stats.pdf,https://dor.sd.gov/businesses/gaming/,SD/screenshots/SD_2025_10_SD_2025_10_p1.png,"Totals $999,530.40 $33,889.83 96.61%",,2026-04-08T18:45:41.572413
SD,2025-11-01,2025-11-30,monthly,Deadwood Casinos,Deadwood Casinos,Deadwood Casinos,Deadwood Gaming Association,retail,boxing,85500,85500,85500,,,0,7695,,1.0,30,False,False,SD_2025_11.pdf,,,,,,https://dor.sd.gov/media/wyudyiur/november-2025-gaming-stats.pdf,https://dor.sd.gov/businesses/gaming/,SD/screenshots/SD_2025_11_SD_2025_11_p1.png,BOXING $855.00 $855.00 0.00%,,2026-04-08T18:45:42.571645
SD,2025-11-01,2025-11-30,monthly,Deadwood Casinos,Deadwood Casinos,Deadwood Casinos,Deadwood Gaming Association,retail,motorsports,179700,58600,58600,,,121100,5274,,0.32609905397885364,30,False,False,SD_2025_11.pdf,,,,,,https://dor.sd.gov/media/wyudyiur/november-2025-gaming-stats.pdf,https://dor.sd.gov/businesses/gaming/,SD/screenshots/SD_2025_11_SD_2025_11_p1.png,"FORMULA 1 $70.00 $70.00 0.00% | NASCAR $1,727.00 $516.00 70.12%",,2026-04-08T18:45:42.571645
SD,2025-11-01,2025-11-30,monthly,Deadwood Casinos,Deadwood Casinos,Deadwood Casinos,Deadwood Gaming Association,retail,baseball,1020492,-1410092,-1410092,,,2430584,0,,-1.3817766332318138,30,False,False,SD_2025_11.pdf,,,,,,https://dor.sd.gov/media/wyudyiur/november-2025-gaming-stats.pdf,https://dor.sd.gov/businesses/gaming/,SD/screenshots/SD_2025_11_SD_2025_11_p1.png,"MLB $10,204.92 ($14,100.92) 238.18%",,2026-04-08T18:45:42.571645
SD,2025-11-01,2025-11-30,monthly,Deadwood Casinos,Deadwood Casinos,Deadwood Casinos,Deadwood Gaming Association,retail,soccer,1467315,74992,74992,,,1392323,6749,,0.05110831689173763,30,False,False,SD_2025_11.pdf,,,,,,https://dor.sd.gov/media/wyudyiur/november-2025-gaming-stats.pdf,https://dor.sd.gov/businesses/gaming/,SD/screenshots/SD_2025_11_SD_2025_11_p1.png,"MLS $245.50 ($61.85) 125.19% | SOCCER $14,427.65 $811.77 94.37%",,2026-04-08T18:45:42.571645
SD,2025-11-01,2025-11-30,monthly,Deadwood Casinos,Deadwood Casinos,Deadwood Casinos,Deadwood Gaming Association,retail,mma,996860,182384,182384,,,814476,16415,,0.18295848965752462,30,False,False,SD_2025_11.pdf,,,,,,https://dor.sd.gov/media/wyudyiur/november-2025-gaming-stats.pdf,https://dor.sd.gov/businesses/gaming/,SD/screenshots/SD_2025_11_SD_2025_11_p1.png,"MMA/UFC $9,968.60 $1,823.84 81.70%",,2026-04-08T18:45:42.571645
SD,2025-11-01,2025-11-30,monthly,Deadwood Casinos,Deadwood Casinos,Deadwood Casinos,Deadwood Gaming Association,retail,basketball,5641036,128737,128737,,,5512299,11586,,0.02282151718230481,30,False,False,SD_2025_11.pdf,,,,,,https://dor.sd.gov/media/wyudyiur/november-2025-gaming-stats.pdf,https://dor.sd.gov/businesses/gaming/,SD/screenshots/SD_2025_11_SD_2025_11_p1.png,"NBA $56,215.36 $1,092.37 98.06% | WNBA $195.00 $195.00 0.00%",,2026-04-08T18:45:42.571645
SD,2025-11-01,2025-11-30,monthly,Deadwood Casinos,Deadwood Casinos,Deadwood Casinos,Deadwood Gaming Association,retail,football_college,45511110,3826190,3826190,,,41684920,344357,,0.08407155966971581,30,False,False,SD_2025_11.pdf,,,,,,https://dor.sd.gov/media/wyudyiur/november-2025-gaming-stats.pdf,https://dor.sd.gov/businesses/gaming/,SD/screenshots/SD_2025_11_SD_2025_11_p1.png,"NCAA FB $455,111.10 $38,261.90 91.59%",,2026-04-08T18:45:42.571645
SD,2025-11-01,2025-11-30,monthly,Deadwood Casinos,Deadwood Casinos,Deadwood Casinos,Deadwood Gaming Association,retail,basketball_college,15488222,2059810,2059810,,,13428412,185383,,0.1329920245203097,30,False,False,SD_2025_11.pdf,,,,,,https://dor.sd.gov/media/wyudyiur/november-2025-gaming-stats.pdf,https://dor.sd.gov/businesses/gaming/,SD/screenshots/SD_2025_11_SD_2025_11_p1.png,"NCAA Mens BB $154,882.22 $20,598.10 86.70%",,2026-04-08T18:45:42.571645
SD,2025-11-01,2025-11-30,monthly,Deadwood Casinos,Deadwood Casinos,Deadwood Casinos,Deadwood Gaming Association,retail,football,46027568,10582377,10582377,,,35445191,952414,,0.22991388552182465,30,False,False,SD_2025_11.pdf,,,,,,https://dor.sd.gov/media/wyudyiur/november-2025-gaming-stats.pdf,https://dor.sd.gov/businesses/gaming/,SD/screenshots/SD_2025_11_SD_2025_11_p1.png,"NFL $460,275.68 $105,823.77 77.01%",,2026-04-08T18:45:42.571645
SD,2025-11-01,2025-11-30,monthly,Deadwood Casinos,Deadwood Casinos,Deadwood Casinos,Deadwood Gaming Association,retail,hockey,1830840,418908,418908,,,1411932,37702,,0.2288064494985908,30,False,False,SD_2025_11.pdf,,,,,,https://dor.sd.gov/media/wyudyiur/november-2025-gaming-stats.pdf,https://dor.sd.gov/businesses/gaming/,SD/screenshots/SD_2025_11_SD_2025_11_p1.png,"NHL $18,308.40 $4,189.08 77.12%",,2026-04-08T18:45:42.571645
SD,2025-11-01,2025-11-30,monthly,Deadwood Casinos,Deadwood Casinos,Deadwood Casinos,Deadwood Gaming Association,retail,golf,145000,-33990,-33990,,,178990,0,,-0.2344137931034483,30,False,False,SD_2025_11.pdf,,,,,,https://dor.sd.gov/media/wyudyiur/november-2025-gaming-stats.pdf,https://dor.sd.gov/businesses/gaming/,SD/screenshots/SD_2025_11_SD_2025_11_p1.png,"PGA $1,450.00 ($339.90) 123.44%",,2026-04-08T18:45:42.571645
SD,2025-11-01,2025-11-30,monthly,Deadwood Casinos,Deadwood Casinos,Deadwood Casinos,Deadwood Gaming Association,retail,tennis,747018,-96516,-96516,,,843534,0,,-0.12920170598298836,30,False,False,SD_2025_11.pdf,,,,,,https://dor.sd.gov/media/wyudyiur/november-2025-gaming-stats.pdf,https://dor.sd.gov/businesses/gaming/,SD/screenshots/SD_2025_11_SD_2025_11_p1.png,"TENNIS $7,470.18 ($965.16) 112.92%",,2026-04-08T18:45:42.571645
SD,2025-11-01,2025-11-30,monthly,Deadwood Casinos,Deadwood Casinos,Deadwood Casinos,Deadwood Gaming Association,retail,,119140661,15876900,15876900,,,103263761,1428921,,0.13326180891341538,30,False,False,SD_2025_11.pdf,,,,,,https://dor.sd.gov/media/wyudyiur/november-2025-gaming-stats.pdf,https://dor.sd.gov/businesses/gaming/,SD/screenshots/SD_2025_11_SD_2025_11_p1.png,"Totals $1,191,406.61 $158,769.00 86.67%",,2026-04-08T18:45:42.571645
SD,2025-12-01,2025-12-31,monthly,Deadwood Casinos,Deadwood Casinos,Deadwood Casinos,Deadwood Gaming Association,retail,boxing,117000,54700,54700,,,62300,4923,,0.4675213675213675,31,False,False,SD_2025_12.pdf,,,,,,https://dor.sd.gov/media/akbeiczz/december-2025-gaming-stats.pdf,https://dor.sd.gov/businesses/gaming/,SD/screenshots/SD_2025_12_SD_2025_12_p1.png,"BOXING $1,170.00 $547.00 53.25%",,2026-04-08T18:45:43.568884
SD,2025-12-01,2025-12-31,monthly,Deadwood Casinos,Deadwood Casinos,Deadwood Casinos,Deadwood Gaming Association,retail,baseball,20000,-214886,-214886,,,234886,0,,-10.7443,31,False,False,SD_2025_12.pdf,,,,,,https://dor.sd.gov/media/akbeiczz/december-2025-gaming-stats.pdf,https://dor.sd.gov/businesses/gaming/,SD/screenshots/SD_2025_12_SD_2025_12_p1.png,"MLB $200.00 ($2,148.86) 1174.43%",,2026-04-08T18:45:43.568884
SD,2025-12-01,2025-12-31,monthly,Deadwood Casinos,Deadwood Casinos,Deadwood Casinos,Deadwood Gaming Association,retail,soccer,613087,183261,183261,,,429826,16493,,0.29891516212217845,31,False,False,SD_2025_12.pdf,,,,,,https://dor.sd.gov/media/akbeiczz/december-2025-gaming-stats.pdf,https://dor.sd.gov/businesses/gaming/,SD/screenshots/SD_2025_12_SD_2025_12_p1.png,"MLS $10.00 $10.00 0.00% | SOCCER $6,120.87 $1,822.61 70.22%",,2026-04-08T18:45:43.568884
SD,2025-12-01,2025-12-31,monthly,Deadwood Casinos,Deadwood Casinos,Deadwood Casinos,Deadwood Gaming Association,retail,mma,1091500,372948,372948,,,718552,33565,,0.34168392120934493,31,False,False,SD_2025_12.pdf,,,,,,https://dor.sd.gov/media/akbeiczz/december-2025-gaming-stats.pdf,https://dor.sd.gov/businesses/gaming/,SD/screenshots/SD_2025_12_SD_2025_12_p1.png,"MMA/UFC $10,915.00 $3,729.48 65.83%",,2026-04-08T18:45:43.568884
SD,2025-12-01,2025-12-31,monthly,Deadwood Casinos,Deadwood Casinos,Deadwood Casinos,Deadwood Gaming Association,retail,motorsports,22000,12850,12850,,,9150,1156,,0.5840909090909091,31,False,False,SD_2025_12.pdf,,,,,,https://dor.sd.gov/media/akbeiczz/december-2025-gaming-stats.pdf,https://dor.sd.gov/businesses/gaming/,SD/screenshots/SD_2025_12_SD_2025_12_p1.png,NASCAR $220.00 $128.50 41.59%,,2026-04-08T18:45:43.568884
SD,2025-12-01,2025-12-31,monthly,Deadwood Casinos,Deadwood Casinos,Deadwood Casinos,Deadwood Gaming Association,retail,basketball,12995291,682540,682540,,,12312751,61429,,0.05252210204450212,31,False,False,SD_2025_12.pdf,,,,,,https://dor.sd.gov/media/akbeiczz/december-2025-gaming-stats.pdf,https://dor.sd.gov/businesses/gaming/,SD/screenshots/SD_2025_12_SD_2025_12_p1.png,"NBA $129,887.91 $6,760.40 94.80% | WNBA $65.00 $65.00 0.00%",,2026-04-08T18:45:43.568884
SD,2025-12-01,2025-12-31,monthly,Deadwood Casinos,Deadwood Casinos,Deadwood Casinos,Deadwood Gaming Association,retail,football_college,35702261,5334236,5334236,,,30368025,480081,,0.14940891278566362,31,False,False,SD_2025_12.pdf,,,,,,https://dor.sd.gov/media/akbeiczz/december-2025-gaming-stats.pdf,https://dor.sd.gov/businesses/gaming/,SD/screenshots/SD_2025_12_SD_2025_12_p1.png,"NCAA FB $357,022.61 $53,342.36 85.06%",,2026-04-08T18:45:43.568884
SD,2025-12-01,2025-12-31,monthly,Deadwood Casinos,Deadwood Casinos,Deadwood Casinos,Deadwood Gaming Association,retail,hockey,3987655,-141082,-141082,,,4128737,0,,-0.03537969057002173,31,False,False,SD_2025_12.pdf,,,,,,https://dor.sd.gov/media/akbeiczz/december-2025-gaming-stats.pdf,https://dor.sd.gov/businesses/gaming/,SD/screenshots/SD_2025_12_SD_2025_12_p1.png,"NCAA Hockey $220.00 $220.00 0.00% | NHL $39,656.55 ($1,630.82) 104.11%",,2026-04-08T18:45:43.568884
SD,2025-12-01,2025-12-31,monthly,Deadwood Casinos,Deadwood Casinos,Deadwood Casinos,Deadwood Gaming Association,retail,basketball_college,24281841,2199125,2199125,,,22082716,197921,,0.09056665019756945,31,False,False,SD_2025_12.pdf,,,,,,https://dor.sd.gov/media/akbeiczz/december-2025-gaming-stats.pdf,https://dor.sd.gov/businesses/gaming/,SD/screenshots/SD_2025_12_SD_2025_12_p1.png,"NCAA Mens BB $242,813.41 $21,986.25 90.95% | NCAA Womens BB $5.00 $5.00 0.00%",,2026-04-08T18:45:43.568884
SD,2025-12-01,2025-12-31,monthly,Deadwood Casinos,Deadwood Casinos,Deadwood Casinos,Deadwood Gaming Association,retail,football,41101661,3247849,3247849,,,37853812,292306,,0.07901989654384041,31,False,False,SD_2025_12.pdf,,,,,,https://dor.sd.gov/media/akbeiczz/december-2025-gaming-stats.pdf,https://dor.sd.gov/businesses/gaming/,SD/screenshots/SD_2025_12_SD_2025_12_p1.png,"NFL $411,016.61 $32,478.49 92.10%",,2026-04-08T18:45:43.568884
SD,2025-12-01,2025-12-31,monthly,Deadwood Casinos,Deadwood Casinos,Deadwood Casinos,Deadwood Gaming Association,retail,golf,1006800,935725,935725,,,71075,84215,,0.9294050456893127,31,False,False,SD_2025_12.pdf,,,,,,https://dor.sd.gov/media/akbeiczz/december-2025-gaming-stats.pdf,https://dor.sd.gov/businesses/gaming/,SD/screenshots/SD_2025_12_SD_2025_12_p1.png,"PGA $10,068.00 $9,357.25 7.06%",,2026-04-08T18:45:43.568884
SD,2025-12-01,2025-12-31,monthly,Deadwood Casinos,Deadwood Casinos,Deadwood Casinos,Deadwood Gaming Association,retail,tennis,620535,-108170,-108170,,,728705,0,,-0.1743173229551919,31,False,False,SD_2025_12.pdf,,,,,,https://dor.sd.gov/media/akbeiczz/december-2025-gaming-stats.pdf,https://dor.sd.gov/businesses/gaming/,SD/screenshots/SD_2025_12_SD_2025_12_p1.png,"TENNIS $6,205.35 ($1,081.70) 117.43%",,2026-04-08T18:45:43.568884
SD,2025-12-01,2025-12-31,monthly,Deadwood Casinos,Deadwood Casinos,Deadwood Casinos,Deadwood Gaming Association,retail,,121559631,12559096,12559096,,,109000535,1130319,,0.10331633862889893,31,False,False,SD_2025_12.pdf,,,,,,https://dor.sd.gov/media/akbeiczz/december-2025-gaming-stats.pdf,https://dor.sd.gov/businesses/gaming/,SD/screenshots/SD_2025_12_SD_2025_12_p1.png,"Totals $1,215,596.31 $125,590.96 89.67%",,2026-04-08T18:45:43.568884
SD,2026-01-01,2026-01-31,monthly,Deadwood Casinos,Deadwood Casinos,Deadwood Casinos,Deadwood Gaming Association,retail,boxing,60000,58845,58845,,,1155,5296,,0.98075,31,False,False,SD_2026_01.pdf,,,,,,https://dor.sd.gov/media/rjapbnlj/january-2026-gaming-stats.pdf,https://dor.sd.gov/businesses/gaming/,SD/screenshots/SD_2026_01_SD_2026_01_p1.png,BOXING $600.00 $588.45 1.92%,,2026-04-08T18:45:44.556472
SD,2026-01-01,2026-01-31,monthly,Deadwood Casinos,Deadwood Casinos,Deadwood Casinos,Deadwood Gaming Association,retail,baseball,68500,-467338,-467338,,,535838,0,,-6.822452554744525,31,False,False,SD_2026_01.pdf,,,,,,https://dor.sd.gov/media/rjapbnlj/january-2026-gaming-stats.pdf,https://dor.sd.gov/businesses/gaming/,SD/screenshots/SD_2026_01_SD_2026_01_p1.png,"MLB $685.00 ($4,673.38) 782.25%",,2026-04-08T18:45:44.556472
SD,2026-01-01,2026-01-31,monthly,Deadwood Casinos,Deadwood Casinos,Deadwood Casinos,Deadwood Gaming Association,retail,mma,2230280,964241,964241,,,1266039,86782,,0.4323407823232957,31,False,False,SD_2026_01.pdf,,,,,,https://dor.sd.gov/media/rjapbnlj/january-2026-gaming-stats.pdf,https://dor.sd.gov/businesses/gaming/,SD/screenshots/SD_2026_01_SD_2026_01_p1.png,"MMA/UFC $22,302.80 $9,642.41 56.77%",,2026-04-08T18:45:44.556472
SD,2026-01-01,2026-01-31,monthly,Deadwood Casinos,Deadwood Casinos,Deadwood Casinos,Deadwood Gaming Association,retail,motorsports,34200,23075,23075,,,11125,2077,,0.6747076023391813,31,False,False,SD_2026_01.pdf,,,,,,https://dor.sd.gov/media/rjapbnlj/january-2026-gaming-stats.pdf,https://dor.sd.gov/businesses/gaming/,SD/screenshots/SD_2026_01_SD_2026_01_p1.png,NASCAR $342.00 $230.75 32.53%,,2026-04-08T18:45:44.556472
SD,2026-01-01,2026-01-31,monthly,Deadwood Casinos,Deadwood Casinos,Deadwood Casinos,Deadwood Gaming Association,retail,basketball,6723723,1968438,1968438,,,4755285,177159,,0.29276012709030397,31,False,False,SD_2026_01.pdf,,,,,,https://dor.sd.gov/media/rjapbnlj/january-2026-gaming-stats.pdf,https://dor.sd.gov/businesses/gaming/,SD/screenshots/SD_2026_01_SD_2026_01_p1.png,"NBA $67,147.23 $19,670.73 70.71% | WNBA $90.00 $13.65 84.83%",,2026-04-08T18:45:44.556472
SD,2026-01-01,2026-01-31,monthly,Deadwood Casinos,Deadwood Casinos,Deadwood Casinos,Deadwood Gaming Association,retail,football_college,19410686,-8684750,-8684750,,,28095436,0,,-0.4474210751747774,31,False,False,SD_2026_01.pdf,,,,,,https://dor.sd.gov/media/rjapbnlj/january-2026-gaming-stats.pdf,https://dor.sd.gov/businesses/gaming/,SD/screenshots/SD_2026_01_SD_2026_01_p1.png,"NCAA FB $194,106.86 ($86,847.50) 144.74%",,2026-04-08T18:45:44.556472
SD,2026-01-01,2026-01-31,monthly,Deadwood Casinos,Deadwood Casinos,Deadwood Casinos,Deadwood Gaming Association,retail,hockey,3942295,-265509,-265509,,,4207804,0,,-0.06734884122065954,31,False,False,SD_2026_01.pdf,,,,,,https://dor.sd.gov/media/rjapbnlj/january-2026-gaming-stats.pdf,https://dor.sd.gov/businesses/gaming/,SD/screenshots/SD_2026_01_SD_2026_01_p1.png,"NCAA Hockey $20.00 $20.00 0.00% | NHL $39,402.95 ($2,675.09) 106.79%",,2026-04-08T18:45:44.556472
SD,2026-01-01,2026-01-31,monthly,Deadwood Casinos,Deadwood Casinos,Deadwood Casinos,Deadwood Gaming Association,retail,basketball_college,29640419,3791745,3791745,,,25848674,341257,,0.12792481104939846,31,False,False,SD_2026_01.pdf,,,,,,https://dor.sd.gov/media/rjapbnlj/january-2026-gaming-stats.pdf,https://dor.sd.gov/businesses/gaming/,SD/screenshots/SD_2026_01_SD_2026_01_p1.png,"NCAA Mens BB $175,333.79 $32,023.36 81.74% | NCAA Womens BB $121,070.40 $5,894.09 95.13%",,2026-04-08T18:45:44.556472
SD,2026-01-01,2026-01-31,monthly,Deadwood Casinos,Deadwood Casinos,Deadwood Casinos,Deadwood Gaming Association,retail,football,44034004,5698904,5698904,,,38335100,512901,,0.12942052691824255,31,False,False,SD_2026_01.pdf,,,,,,https://dor.sd.gov/media/rjapbnlj/january-2026-gaming-stats.pdf,https://dor.sd.gov/businesses/gaming/,SD/screenshots/SD_2026_01_SD_2026_01_p1.png,"NFL $440,340.04 $56,989.04 87.06%",,2026-04-08T18:45:44.556472
SD,2026-01-01,2026-01-31,monthly,Deadwood Casinos,Deadwood Casinos,Deadwood Casinos,Deadwood Gaming Association,retail,other,4000,-7700,-7700,,,11700,0,,-1.925,31,False,False,SD_2026_01.pdf,,,,,,https://dor.sd.gov/media/rjapbnlj/january-2026-gaming-stats.pdf,https://dor.sd.gov/businesses/gaming/,SD/screenshots/SD_2026_01_SD_2026_01_p1.png,OLYMPICS $40.00 ($77.00) 292.50%,,2026-04-08T18:45:44.556472
SD,2026-01-01,2026-01-31,monthly,Deadwood Casinos,Deadwood Casinos,Deadwood Casinos,Deadwood Gaming Association,retail,golf,204500,81340,81340,,,123160,7321,,0.3977506112469438,31,False,False,SD_2026_01.pdf,,,,,,https://dor.sd.gov/media/rjapbnlj/january-2026-gaming-stats.pdf,https://dor.sd.gov/businesses/gaming/,SD/screenshots/SD_2026_01_SD_2026_01_p1.png,"PGA $2,045.00 $813.40 60.22%",,2026-04-08T18:45:44.556472
SD,2026-01-01,2026-01-31,monthly,Deadwood Casinos,Deadwood Casinos,Deadwood Casinos,Deadwood Gaming Association,retail,soccer,1179703,317361,317361,,,862342,28562,,0.2690177103898185,31,False,False,SD_2026_01.pdf,,,,,,https://dor.sd.gov/media/rjapbnlj/january-2026-gaming-stats.pdf,https://dor.sd.gov/businesses/gaming/,SD/screenshots/SD_2026_01_SD_2026_01_p1.png,"SOCCER $11,797.03 $3,173.61 73.10%",,2026-04-08T18:45:44.556472
SD,2026-01-01,2026-01-31,monthly,Deadwood Casinos,Deadwood Casinos,Deadwood Casinos,Deadwood Gaming Association,retail,tennis,399685,206642,206642,,,193043,18598,,0.5170121470658143,31,False,False,SD_2026_01.pdf,,,,,,https://dor.sd.gov/media/rjapbnlj/january-2026-gaming-stats.pdf,https://dor.sd.gov/businesses/gaming/,SD/screenshots/SD_2026_01_SD_2026_01_p1.png,"TENNIS $3,996.85 $2,066.42 48.30%",,2026-04-08T18:45:44.556472
SD,2026-01-01,2026-01-31,monthly,Deadwood Casinos,Deadwood Casinos,Deadwood Casinos,Deadwood Gaming Association,retail,,107931995,3685294,3685294,,,104246701,331676,,0.03414459262056631,31,False,False,SD_2026_01.pdf,,,,,,https://dor.sd.gov/media/rjapbnlj/january-2026-gaming-stats.pdf,https://dor.sd.gov/businesses/gaming/,SD/screenshots/SD_2026_01_SD_2026_01_p1.png,"Totals $1,079,319.95 $36,852.94 96.59%",,2026-04-08T18:45:44.556472
SD,2026-02-01,2026-02-28,monthly,Deadwood Casinos,Deadwood Casinos,Deadwood Casinos,Deadwood Gaming Association,retail,boxing,17000,16345,16345,,,655,1471,,0.9614705882352941,28,False,False,SD_2026_02.pdf,,,,,,https://dor.sd.gov/media/n0slcqs1/february-2026-monthly-gaming-stats.pdf,https://dor.sd.gov/businesses/gaming/,SD/screenshots/SD_2026_02_SD_2026_02_p1.png,BOXING $170.00 $163.45 3.85%,,2026-04-08T18:45:45.622349
SD,2026-02-01,2026-02-28,monthly,Deadwood Casinos,Deadwood Casinos,Deadwood Casinos,Deadwood Gaming Association,retail,motorsports,1307835,1122665,1122665,,,185170,101040,,0.85841486120191,28,False,False,SD_2026_02.pdf,,,,,,https://dor.sd.gov/media/n0slcqs1/february-2026-monthly-gaming-stats.pdf,https://dor.sd.gov/businesses/gaming/,SD/screenshots/SD_2026_02_SD_2026_02_p1.png,"FORMULA 1 $40.00 $40.00 0.00% | NASCAR $13,038.35 $11,186.65 14.20%",,2026-04-08T18:45:45.622349
SD,2026-02-01,2026-02-28,monthly,Deadwood Casinos,Deadwood Casinos,Deadwood Casinos,Deadwood Gaming Association,retail,baseball,519970,68126,68126,,,451844,6131,,0.1310190972556109,28,False,False,SD_2026_02.pdf,,,,,,https://dor.sd.gov/media/n0slcqs1/february-2026-monthly-gaming-stats.pdf,https://dor.sd.gov/businesses/gaming/,SD/screenshots/SD_2026_02_SD_2026_02_p1.png,"MLB $1,949.65 ($757.04) 138.83% | NCAA Baseball $3,250.05 $1,438.30 55.75%",,2026-04-08T18:45:45.622349
SD,2026-02-01,2026-02-28,monthly,Deadwood Casinos,Deadwood Casinos,Deadwood Casinos,Deadwood Gaming Association,retail,mma,443315,-254751,-254751,,,698066,0,,-0.5746500795145664,28,False,False,SD_2026_02.pdf,,,,,,https://dor.sd.gov/media/n0slcqs1/february-2026-monthly-gaming-stats.pdf,https://dor.sd.gov/businesses/gaming/,SD/screenshots/SD_2026_02_SD_2026_02_p1.png,"MMA/UFC $4,433.15 ($2,547.51) 157.47%",,2026-04-08T18:45:45.622349
SD,2026-02-01,2026-02-28,monthly,Deadwood Casinos,Deadwood Casinos,Deadwood Casinos,Deadwood Gaming Association,retail,basketball,6916018,-53115,-53115,,,6969133,0,,-0.007679997362644227,28,False,False,SD_2026_02.pdf,,,,,,https://dor.sd.gov/media/n0slcqs1/february-2026-monthly-gaming-stats.pdf,https://dor.sd.gov/businesses/gaming/,SD/screenshots/SD_2026_02_SD_2026_02_p1.png,"NBA $68,948.08 ($323.25) 100.47% | WNBA $212.10 ($207.90) 198.02%",,2026-04-08T18:45:45.622349
SD,2026-02-01,2026-02-28,monthly,Deadwood Casinos,Deadwood Casinos,Deadwood Casinos,Deadwood Gaming Association,retail,football_college,27000,-1175530,-1175530,,,1202530,0,,-43.538148148148146,28,False,False,SD_2026_02.pdf,,,,,,https://dor.sd.gov/media/n0slcqs1/february-2026-monthly-gaming-stats.pdf,https://dor.sd.gov/businesses/gaming/,SD/screenshots/SD_2026_02_SD_2026_02_p1.png,"NCAA FB $270.00 ($11,755.30) 4453.81%",,2026-04-08T18:45:45.622349
SD,2026-02-01,2026-02-28,monthly,Deadwood Casinos,Deadwood Casinos,Deadwood Casinos,Deadwood Gaming Association,retail,hockey,1155080,-350959,-350959,,,1506039,0,,-0.303839560896215,28,False,False,SD_2026_02.pdf,,,,,,https://dor.sd.gov/media/n0slcqs1/february-2026-monthly-gaming-stats.pdf,https://dor.sd.gov/businesses/gaming/,SD/screenshots/SD_2026_02_SD_2026_02_p1.png,"NCAA Hockey $223.00 $223.00 0.00% | NHL $11,327.80 ($3,732.59) 132.95%",,2026-04-08T18:45:45.622349
SD,2026-02-01,2026-02-28,monthly,Deadwood Casinos,Deadwood Casinos,Deadwood Casinos,Deadwood Gaming Association,retail,basketball_college,38392650,6760422,6760422,,,31632228,608438,,0.17608636027989732,28,False,False,SD_2026_02.pdf,,,,,,https://dor.sd.gov/media/n0slcqs1/february-2026-monthly-gaming-stats.pdf,https://dor.sd.gov/businesses/gaming/,SD/screenshots/SD_2026_02_SD_2026_02_p1.png,"NCAA Mens BB $383,609.35 $67,423.17 82.42% | NCAA Womens BB $317.15 $181.05 42.91%",,2026-04-08T18:45:45.622349
SD,2026-02-01,2026-02-28,monthly,Deadwood Casinos,Deadwood Casinos,Deadwood Casinos,Deadwood Gaming Association,retail,football,19605645,-8434145,-8434145,,,28039790,0,,-0.4301896214075079,28,False,False,SD_2026_02.pdf,,,,,,https://dor.sd.gov/media/n0slcqs1/february-2026-monthly-gaming-stats.pdf,https://dor.sd.gov/businesses/gaming/,SD/screenshots/SD_2026_02_SD_2026_02_p1.png,"NFL $196,056.45 ($84,341.45) 143.02%",,2026-04-08T18:45:45.622349
SD,2026-02-01,2026-02-28,monthly,Deadwood Casinos,Deadwood Casinos,Deadwood Casinos,Deadwood Gaming Association,retail,other,687695,-17535,-17535,,,705230,0,,-0.02549822232239583,28,False,False,SD_2026_02.pdf,,,,,,https://dor.sd.gov/media/n0slcqs1/february-2026-monthly-gaming-stats.pdf,https://dor.sd.gov/businesses/gaming/,SD/screenshots/SD_2026_02_SD_2026_02_p1.png,"OLYMPICS $6,876.95 ($175.35) 102.55%",,2026-04-08T18:45:45.622349
SD,2026-02-01,2026-02-28,monthly,Deadwood Casinos,Deadwood Casinos,Deadwood Casinos,Deadwood Gaming Association,retail,golf,2207500,2003335,2003335,,,204165,180300,,0.9075130237825595,28,False,False,SD_2026_02.pdf,,,,,,https://dor.sd.gov/media/n0slcqs1/february-2026-monthly-gaming-stats.pdf,https://dor.sd.gov/businesses/gaming/,SD/screenshots/SD_2026_02_SD_2026_02_p1.png,"PGA $22,075.00 $20,033.35 9.25%",,2026-04-08T18:45:45.622349
SD,2026-02-01,2026-02-28,monthly,Deadwood Casinos,Deadwood Casinos,Deadwood Casinos,Deadwood Gaming Association,retail,soccer,2581743,81106,81106,,,2500637,7300,,0.03141521057673052,28,False,False,SD_2026_02.pdf,,,,,,https://dor.sd.gov/media/n0slcqs1/february-2026-monthly-gaming-stats.pdf,https://dor.sd.gov/businesses/gaming/,SD/screenshots/SD_2026_02_SD_2026_02_p1.png,"SOCCER $25,817.43 $811.06 96.86%",,2026-04-08T18:45:45.622349
SD,2026-02-01,2026-02-28,monthly,Deadwood Casinos,Deadwood Casinos,Deadwood Casinos,Deadwood Gaming Association,retail,tennis,1470272,479522,479522,,,990750,43157,,0.3261450942410656,28,False,False,SD_2026_02.pdf,,,,,,https://dor.sd.gov/media/n0slcqs1/february-2026-monthly-gaming-stats.pdf,https://dor.sd.gov/businesses/gaming/,SD/screenshots/SD_2026_02_SD_2026_02_p1.png,"TENNIS $14,702.72 $4,795.22 67.39%",,2026-04-08T18:45:45.622349
SD,2026-02-01,2026-02-28,monthly,Deadwood Casinos,Deadwood Casinos,Deadwood Casinos,Deadwood Gaming Association,retail,,75331723,245486,245486,,,75086237,22094,,0.0032587333758448615,28,False,False,SD_2026_02.pdf,,,,,,https://dor.sd.gov/media/n0slcqs1/february-2026-monthly-gaming-stats.pdf,https://dor.sd.gov/businesses/gaming/,SD/screenshots/SD_2026_02_SD_2026_02_p1.png,"Totals $753,317.23 $2,454.86 99.67%",,2026-04-08T18:45:45.622349
