state_code,period_start,period_end,period_type,operator_raw,operator_reported,operator_standard,parent_company,channel,sport_category,handle,gross_revenue,standard_ggr,promo_credits,net_revenue,payouts,tax_paid,federal_excise_tax,hold_pct,days_in_period,is_partial_period,data_is_revised,source_file,source_sheet,source_row,source_column,source_page,source_table_index,source_url,source_report_url,source_screenshot,source_raw_line,source_context,scrape_timestamp
AZ,2021-09-01,2021-09-30,monthly,BetMGM,BetMGM,BetMGM,Entain/MGM Resorts,retail,,0,0,0,0,0,0,0,0,,30,False,False,AZ_2021_09.pdf,,,,,,https://gaming.az.gov/sites/default/files/EW%20Website%20Report%20-%20Sept%202021.pdf,https://gaming.az.gov/blog-terms/event-wagering-revenue-reports,AZ/screenshots/AZ_2021_09_AZ_2021_09_p1.png,"BetMGM $ - $ 58,918,282.65 $ - $ 48,191,351.30 $ - $ 10,612,668.25 $ - $ 10,612,668.25 $ - $ - $ - $ -",,2026-04-08T18:25:21.052678
AZ,2021-09-01,2021-09-30,monthly,BetMGM,BetMGM,BetMGM,Entain/MGM Resorts,online,,5891828265,1061266825,1072693135,1061266825,0,4819135130,0,11426310,0.1801252136462263,30,False,False,AZ_2021_09.pdf,,,,,,https://gaming.az.gov/sites/default/files/EW%20Website%20Report%20-%20Sept%202021.pdf,https://gaming.az.gov/blog-terms/event-wagering-revenue-reports,AZ/screenshots/AZ_2021_09_AZ_2021_09_p1.png,"BetMGM $ - $ 58,918,282.65 $ - $ 48,191,351.30 $ - $ 10,612,668.25 $ - $ 10,612,668.25 $ - $ - $ - $ -",,2026-04-08T18:25:21.052678
AZ,2021-09-01,2021-09-30,monthly,Caesars (American Wagering),Caesars,Caesars,Caesars Entertainment,retail,,84079710,11496856,11707055,0,11496856,72372655,919748,210199,0.1367375791377016,30,False,False,AZ_2021_09.pdf,,,,,,https://gaming.az.gov/sites/default/files/EW%20Website%20Report%20-%20Sept%202021.pdf,https://gaming.az.gov/blog-terms/event-wagering-revenue-reports,AZ/screenshots/AZ_2021_09_AZ_2021_09_p1.png,"Caesars (American Wagering) $ 8 40,797.10 $ 42,172,453.39 $ 723,726.55 $ 38,443,230.37 $ 114,968.56 $ 3,623,791.89 $ - $ 3,623,791.89 $ 114,968.56 $ - $ 9,197.48 $ -",,2026-04-08T18:25:21.052678
AZ,2021-09-01,2021-09-30,monthly,Caesars (American Wagering),Caesars,Caesars,Caesars Entertainment,online,,4217245339,362379189,372922302,362379189,0,3844323037,0,10543113,0.0859279363353159,30,False,False,AZ_2021_09.pdf,,,,,,https://gaming.az.gov/sites/default/files/EW%20Website%20Report%20-%20Sept%202021.pdf,https://gaming.az.gov/blog-terms/event-wagering-revenue-reports,AZ/screenshots/AZ_2021_09_AZ_2021_09_p1.png,"Caesars (American Wagering) $ 8 40,797.10 $ 42,172,453.39 $ 723,726.55 $ 38,443,230.37 $ 114,968.56 $ 3,623,791.89 $ - $ 3,623,791.89 $ 114,968.56 $ - $ 9,197.48 $ -",,2026-04-08T18:25:21.052678
AZ,2021-09-01,2021-09-30,monthly,Churchill Downs/Twin Spires,TwinSpires,TwinSpires,Churchill Downs Inc,retail,,0,0,0,0,0,0,0,0,,30,False,False,AZ_2021_09.pdf,,,,,,https://gaming.az.gov/sites/default/files/EW%20Website%20Report%20-%20Sept%202021.pdf,https://gaming.az.gov/blog-terms/event-wagering-revenue-reports,AZ/screenshots/AZ_2021_09_AZ_2021_09_p1.png,"Churchill Downs/Twin Spires $ - $ 489,556.40 $ - $ 460,525.95 $ - $ 27,806.56 $ - $ 27,806.56 $ - $ - $ - $ -",,2026-04-08T18:25:21.052678
AZ,2021-09-01,2021-09-30,monthly,Churchill Downs/Twin Spires,TwinSpires,TwinSpires,Churchill Downs Inc,online,,48955640,2780656,2903045,2780656,0,46052595,0,122389,0.0567995025700818,30,False,False,AZ_2021_09.pdf,,,,,,https://gaming.az.gov/sites/default/files/EW%20Website%20Report%20-%20Sept%202021.pdf,https://gaming.az.gov/blog-terms/event-wagering-revenue-reports,AZ/screenshots/AZ_2021_09_AZ_2021_09_p1.png,"Churchill Downs/Twin Spires $ - $ 489,556.40 $ - $ 460,525.95 $ - $ 27,806.56 $ - $ 27,806.56 $ - $ - $ - $ -",,2026-04-08T18:25:21.052678
AZ,2021-09-01,2021-09-30,monthly,Draft Kings/Crown Gaming,DraftKings,DraftKings,DraftKings Inc,retail,,0,0,0,0,0,0,0,0,,30,False,False,AZ_2021_09.pdf,,,,,,https://gaming.az.gov/sites/default/files/EW%20Website%20Report%20-%20Sept%202021.pdf,https://gaming.az.gov/blog-terms/event-wagering-revenue-reports,AZ/screenshots/AZ_2021_09_AZ_2021_09_p1.png,"Draft Kings/Crown Gaming $ - $ 97,726,411.17 $ - $ 85,022,290.16 $ - $ 12,459,804.98 $ - $ 12,459,804.98 $ - $ - $ - $ -",,2026-04-08T18:25:21.052678
AZ,2021-09-01,2021-09-30,monthly,Draft Kings/Crown Gaming,DraftKings,DraftKings,DraftKings Inc,online,,9772641117,1245980498,1270412101,1245980498,0,8502229016,0,24431603,0.1274968028686282,30,False,False,AZ_2021_09.pdf,,,,,,https://gaming.az.gov/sites/default/files/EW%20Website%20Report%20-%20Sept%202021.pdf,https://gaming.az.gov/blog-terms/event-wagering-revenue-reports,AZ/screenshots/AZ_2021_09_AZ_2021_09_p1.png,"Draft Kings/Crown Gaming $ - $ 97,726,411.17 $ - $ 85,022,290.16 $ - $ 12,459,804.98 $ - $ 12,459,804.98 $ - $ - $ - $ -",,2026-04-08T18:25:21.052678
AZ,2021-09-01,2021-09-30,monthly,Fan Duel,FanDuel,FanDuel,Flutter Entertainment,retail,,224349200,31606127,32167000,3861200,27744927,192182200,2219594,560873,0.1408791607012639,30,False,False,AZ_2021_09.pdf,,,,,,https://gaming.az.gov/sites/default/files/EW%20Website%20Report%20-%20Sept%202021.pdf,https://gaming.az.gov/blog-terms/event-wagering-revenue-reports,AZ/screenshots/AZ_2021_09_AZ_2021_09_p1.png,"Fan Duel $ 2 ,243,492.00 $ 57,927,039.02 $ 1,921,822.00 $ 57,653,812.25 $ 316,061.27 $ 145,737.57 $ 38,612.00 $ 145,737.57 $ 277,449.27 $ - $ 22,195.94 $ -",,2026-04-08T18:25:21.052678
AZ,2021-09-01,2021-09-30,monthly,Fan Duel,FanDuel,FanDuel,Flutter Entertainment,online,,5792703902,14573757,27322677,14573757,0,5765381225,0,12748920,0.0025158815721563,30,False,False,AZ_2021_09.pdf,,,,,,https://gaming.az.gov/sites/default/files/EW%20Website%20Report%20-%20Sept%202021.pdf,https://gaming.az.gov/blog-terms/event-wagering-revenue-reports,AZ/screenshots/AZ_2021_09_AZ_2021_09_p1.png,"Fan Duel $ 2 ,243,492.00 $ 57,927,039.02 $ 1,921,822.00 $ 57,653,812.25 $ 316,061.27 $ 145,737.57 $ 38,612.00 $ 145,737.57 $ 277,449.27 $ - $ 22,195.94 $ -",,2026-04-08T18:25:21.052678
AZ,2021-09-01,2021-09-30,monthly,Penn Sports (Barstool Sports),ESPN Bet,ESPN Bet,PENN Entertainment,retail,,0,0,0,0,0,0,0,0,,30,False,False,AZ_2021_09.pdf,,,,,,https://gaming.az.gov/sites/default/files/EW%20Website%20Report%20-%20Sept%202021.pdf,https://gaming.az.gov/blog-terms/event-wagering-revenue-reports,AZ/screenshots/AZ_2021_09_AZ_2021_09_p1.png,"Penn Sports (Barstool Sports) $ - $ 13,045,514.00 $ - $ 12,179,486.12 $ - $ 833,414.09 $ - $ 833,414.09 $ - $ - $ - $ -",,2026-04-08T18:25:21.052678
AZ,2021-09-01,2021-09-30,monthly,Penn Sports (Barstool Sports),ESPN Bet,ESPN Bet,PENN Entertainment,online,,1304551400,83341409,86602788,83341409,0,1217948612,0,3261379,0.0638851094713477,30,False,False,AZ_2021_09.pdf,,,,,,https://gaming.az.gov/sites/default/files/EW%20Website%20Report%20-%20Sept%202021.pdf,https://gaming.az.gov/blog-terms/event-wagering-revenue-reports,AZ/screenshots/AZ_2021_09_AZ_2021_09_p1.png,"Penn Sports (Barstool Sports) $ - $ 13,045,514.00 $ - $ 12,179,486.12 $ - $ 833,414.09 $ - $ 833,414.09 $ - $ - $ - $ -",,2026-04-08T18:25:21.052678
AZ,2021-09-01,2021-09-30,monthly,Unibet AZ (Kindred),Unibet,Unibet,Kindred Group,retail,,0,0,0,0,0,0,0,0,,30,False,False,AZ_2021_09.pdf,,,,,,https://gaming.az.gov/sites/default/files/EW%20Website%20Report%20-%20Sept%202021.pdf,https://gaming.az.gov/blog-terms/event-wagering-revenue-reports,AZ/screenshots/AZ_2021_09_AZ_2021_09_p1.png,"Unibet AZ (Kindred) $ - $ 420,983.37 $ - $ 403,833.63 $ - $ 16,251.94 $ - $ 16,251.94 $ - $ - $ - $ -",,2026-04-08T18:25:21.052678
AZ,2021-09-01,2021-09-30,monthly,Unibet AZ (Kindred),Unibet,Unibet,Kindred Group,online,,42098337,1625194,1714974,1625194,0,40383363,0,89780,0.0386047078296703,30,False,False,AZ_2021_09.pdf,,,,,,https://gaming.az.gov/sites/default/files/EW%20Website%20Report%20-%20Sept%202021.pdf,https://gaming.az.gov/blog-terms/event-wagering-revenue-reports,AZ/screenshots/AZ_2021_09_AZ_2021_09_p1.png,"Unibet AZ (Kindred) $ - $ 420,983.37 $ - $ 403,833.63 $ - $ 16,251.94 $ - $ 16,251.94 $ - $ - $ - $ -",,2026-04-08T18:25:21.052678
AZ,2021-09-01,2021-09-30,monthly,WSI US (WynnBet),WynnBET,ESPN Bet,PENN Entertainment,retail,,0,0,0,0,0,0,0,0,,30,False,False,AZ_2021_09.pdf,,,,,,https://gaming.az.gov/sites/default/files/EW%20Website%20Report%20-%20Sept%202021.pdf,https://gaming.az.gov/blog-terms/event-wagering-revenue-reports,AZ/screenshots/AZ_2021_09_AZ_2021_09_p1.png,"WSI US (WynnBet) $ - $ 17,428,339.18 $ - $ 13,904,447.96 $ - $ 3,480,235.10 $ - $ 3,480,235.10 $ - $ - $ - $ -",,2026-04-08T18:25:21.052678
AZ,2021-09-01,2021-09-30,monthly,WSI US (WynnBet),WynnBET,ESPN Bet,PENN Entertainment,online,,1742833918,348023510,352389122,348023510,0,1390444796,0,4365612,0.1996882814854651,30,False,False,AZ_2021_09.pdf,,,,,,https://gaming.az.gov/sites/default/files/EW%20Website%20Report%20-%20Sept%202021.pdf,https://gaming.az.gov/blog-terms/event-wagering-revenue-reports,AZ/screenshots/AZ_2021_09_AZ_2021_09_p1.png,"WSI US (WynnBet) $ - $ 17,428,339.18 $ - $ 13,904,447.96 $ - $ 3,480,235.10 $ - $ 3,480,235.10 $ - $ - $ - $ -",,2026-04-08T18:25:21.052678
AZ,2021-10-01,2021-10-31,monthly,BetMGM,BetMGM,BetMGM,Entain/MGM Resorts,retail,,0,0,0,0,0,0,0,0,,31,False,False,AZ_2021_10.pdf,,,,,,https://gaming.az.gov/sites/default/files/EW%20Website%20Report%20-%20Oct%202021.pdf,https://gaming.az.gov/blog-terms/event-wagering-revenue-reports,AZ/screenshots/AZ_2021_10_AZ_2021_10_p1.png,"BetMGM $ - $ 92,083,455.03 $ - $ 84,226,047.88 $ - $ 7,639,284.13 $ - $ 4,834,248.26 $ - $ 2,805,035.87 $ - $ 280,503.59",,2026-04-08T18:25:21.525122
AZ,2021-10-01,2021-10-31,monthly,BetMGM,BetMGM,BetMGM,Entain/MGM Resorts,online,,9208345503,763928413,785740715,483424826,280503587,8422604788,28050359,21812302,0.0829604419980895,31,False,False,AZ_2021_10.pdf,,,,,,https://gaming.az.gov/sites/default/files/EW%20Website%20Report%20-%20Oct%202021.pdf,https://gaming.az.gov/blog-terms/event-wagering-revenue-reports,AZ/screenshots/AZ_2021_10_AZ_2021_10_p1.png,"BetMGM $ - $ 92,083,455.03 $ - $ 84,226,047.88 $ - $ 7,639,284.13 $ - $ 4,834,248.26 $ - $ 2,805,035.87 $ - $ 280,503.59",,2026-04-08T18:25:21.525122
AZ,2021-10-01,2021-10-31,monthly,Caesars (American Wagering),Caesars,Caesars,Caesars Entertainment,retail,,199290508,10500190,10989033,0,10500190,188301475,840015,488843,0.0526878580689854,31,False,False,AZ_2021_10.pdf,,,,,,https://gaming.az.gov/sites/default/files/EW%20Website%20Report%20-%20Oct%202021.pdf,https://gaming.az.gov/blog-terms/event-wagering-revenue-reports,AZ/screenshots/AZ_2021_10_AZ_2021_10_p1.png,"Caesars (American Wagering) $ 1,992,905.08 $ 69,184,843.01 $ 1,883,014.75 $ 64,359,537.58 $ 105,001.90 $ 4,655,505.31 $ - $ 3,958,042.20 $ 105,001.90 $ 697,463.11 $ 8,400.15 $ 69,746.31",,2026-04-08T18:25:21.525122
AZ,2021-10-01,2021-10-31,monthly,Caesars (American Wagering),Caesars,Caesars,Caesars Entertainment,online,,6918484301,465550531,482530543,395804220,69746311,6435953758,6974631,16980012,0.0672908271155156,31,False,False,AZ_2021_10.pdf,,,,,,https://gaming.az.gov/sites/default/files/EW%20Website%20Report%20-%20Oct%202021.pdf,https://gaming.az.gov/blog-terms/event-wagering-revenue-reports,AZ/screenshots/AZ_2021_10_AZ_2021_10_p1.png,"Caesars (American Wagering) $ 1,992,905.08 $ 69,184,843.01 $ 1,883,014.75 $ 64,359,537.58 $ 105,001.90 $ 4,655,505.31 $ - $ 3,958,042.20 $ 105,001.90 $ 697,463.11 $ 8,400.15 $ 69,746.31",,2026-04-08T18:25:21.525122
AZ,2021-10-01,2021-10-31,monthly,Churchill Downs/TwinSpires,TwinSpires,TwinSpires,Churchill Downs Inc,retail,,0,0,0,0,0,0,0,0,,31,False,False,AZ_2021_10.pdf,,,,,,https://gaming.az.gov/sites/default/files/EW%20Website%20Report%20-%20Oct%202021.pdf,https://gaming.az.gov/blog-terms/event-wagering-revenue-reports,AZ/screenshots/AZ_2021_10_AZ_2021_10_p1.png,"Churchill Downs/TwinSpires $ - $ 1,643,242.96 $ - $ 1,443,253.22 $ - $ 195,881.65 $ - $ 195,881.65 $ - $ - $ - $ -",,2026-04-08T18:25:21.525122
AZ,2021-10-01,2021-10-31,monthly,Churchill Downs/TwinSpires,TwinSpires,TwinSpires,Churchill Downs Inc,online,,164324296,19588165,19998974,19588165,0,144325322,0,410809,0.1192043141325857,31,False,False,AZ_2021_10.pdf,,,,,,https://gaming.az.gov/sites/default/files/EW%20Website%20Report%20-%20Oct%202021.pdf,https://gaming.az.gov/blog-terms/event-wagering-revenue-reports,AZ/screenshots/AZ_2021_10_AZ_2021_10_p1.png,"Churchill Downs/TwinSpires $ - $ 1,643,242.96 $ - $ 1,443,253.22 $ - $ 195,881.65 $ - $ 195,881.65 $ - $ - $ - $ -",,2026-04-08T18:25:21.525122
AZ,2021-10-01,2021-10-31,monthly,Draft Kings/Crown Gaming,DraftKings,DraftKings,DraftKings Inc,retail,,0,0,0,0,0,0,0,0,,31,False,False,AZ_2021_10.pdf,,,,,,https://gaming.az.gov/sites/default/files/EW%20Website%20Report%20-%20Oct%202021.pdf,https://gaming.az.gov/blog-terms/event-wagering-revenue-reports,AZ/screenshots/AZ_2021_10_AZ_2021_10_p1.png,"Draft Kings/Crown Gaming $ - $ 151,449,866.56 $ - $ 140,089,742.28 $ - $ 10,981,499.61 $ - $ 8,528,335.63 $ - $ 2,453,163.98 $ - $ 245,316.40",,2026-04-08T18:25:21.525122
AZ,2021-10-01,2021-10-31,monthly,Draft Kings/Crown Gaming,DraftKings,DraftKings,DraftKings Inc,online,,15144986656,1098149961,1136012428,852833563,245316398,14008974228,24531640,37862467,0.0725091402153824,31,False,False,AZ_2021_10.pdf,,,,,,https://gaming.az.gov/sites/default/files/EW%20Website%20Report%20-%20Oct%202021.pdf,https://gaming.az.gov/blog-terms/event-wagering-revenue-reports,AZ/screenshots/AZ_2021_10_AZ_2021_10_p1.png,"Draft Kings/Crown Gaming $ - $ 151,449,866.56 $ - $ 140,089,742.28 $ - $ 10,981,499.61 $ - $ 8,528,335.63 $ - $ 2,453,163.98 $ - $ 245,316.40",,2026-04-08T18:25:21.525122
AZ,2021-10-01,2021-10-31,monthly,Fan Duel,FanDuel,FanDuel,Flutter Entertainment,retail,,484937525,55281131,56493475,2197650,53083481,428444050,4246678,1212344,0.1139963977834051,31,False,False,AZ_2021_10.pdf,,,,,,https://gaming.az.gov/sites/default/files/EW%20Website%20Report%20-%20Oct%202021.pdf,https://gaming.az.gov/blog-terms/event-wagering-revenue-reports,AZ/screenshots/AZ_2021_10_AZ_2021_10_p1.png,"Fan Duel $ 4,849,375.25 $ 115,930,787.32 $ 4,284,440.50 $ 107,106,264.05 $ 552,811.31 $ 8,550,411.32 $ 21,976.50 $ 6,286,011.95 $ 530,834.81 $ 2,264,399.37 $ 42,466.78 $ 226,439.94",,2026-04-08T18:25:21.525122
AZ,2021-10-01,2021-10-31,monthly,Fan Duel,FanDuel,FanDuel,Flutter Entertainment,online,,11593078732,855041132,882452327,628601195,226439937,10710626405,22643994,27411195,0.0737544488195234,31,False,False,AZ_2021_10.pdf,,,,,,https://gaming.az.gov/sites/default/files/EW%20Website%20Report%20-%20Oct%202021.pdf,https://gaming.az.gov/blog-terms/event-wagering-revenue-reports,AZ/screenshots/AZ_2021_10_AZ_2021_10_p1.png,"Fan Duel $ 4,849,375.25 $ 115,930,787.32 $ 4,284,440.50 $ 107,106,264.05 $ 552,811.31 $ 8,550,411.32 $ 21,976.50 $ 6,286,011.95 $ 530,834.81 $ 2,264,399.37 $ 42,466.78 $ 226,439.94",,2026-04-08T18:25:21.525122
AZ,2021-10-01,2021-10-31,monthly,Penn Sports (Barstool Sports),ESPN Bet,ESPN Bet,PENN Entertainment,retail,,0,0,0,0,0,0,0,0,,31,False,False,AZ_2021_10.pdf,,,,,,https://gaming.az.gov/sites/default/files/EW%20Website%20Report%20-%20Oct%202021.pdf,https://gaming.az.gov/blog-terms/event-wagering-revenue-reports,AZ/screenshots/AZ_2021_10_AZ_2021_10_p1.png,"Penn Sports (Barstool Sports) $ - $ 26,302,770.04 $ - $ 24,433,917.26 $ - $ 1,803,095.85 $ - $ 640,285.51 $ - $ 1,162,810.34 $ - $ 116,281.03",,2026-04-08T18:25:21.525122
AZ,2021-10-01,2021-10-31,monthly,Penn Sports (Barstool Sports),ESPN Bet,ESPN Bet,PENN Entertainment,online,,2630277004,180309585,186885278,64028551,116281034,2443391726,11628103,6575693,0.0685515573933064,31,False,False,AZ_2021_10.pdf,,,,,,https://gaming.az.gov/sites/default/files/EW%20Website%20Report%20-%20Oct%202021.pdf,https://gaming.az.gov/blog-terms/event-wagering-revenue-reports,AZ/screenshots/AZ_2021_10_AZ_2021_10_p1.png,"Penn Sports (Barstool Sports) $ - $ 26,302,770.04 $ - $ 24,433,917.26 $ - $ 1,803,095.85 $ - $ 640,285.51 $ - $ 1,162,810.34 $ - $ 116,281.03",,2026-04-08T18:25:21.525122
AZ,2021-10-01,2021-10-31,monthly,RSI (Rush Street Interactive),BetRivers,BetRivers,Rush Street Interactive,retail,,0,0,0,0,0,0,0,0,,31,False,False,AZ_2021_10.pdf,,,,,,https://gaming.az.gov/sites/default/files/EW%20Website%20Report%20-%20Oct%202021.pdf,https://gaming.az.gov/blog-terms/event-wagering-revenue-reports,AZ/screenshots/AZ_2021_10_AZ_2021_10_p1.png,"RSI (Rush Street Interactive) $ - $ 681,570.69 $ - $ 614,101.69 $ - $ 65,765.02 $ - $ 65,765.02 $ - $ - $ - $ -",,2026-04-08T18:25:21.525122
AZ,2021-10-01,2021-10-31,monthly,RSI (Rush Street Interactive),BetRivers,BetRivers,Rush Street Interactive,online,,68157069,6576502,6746900,6576502,0,61410169,0,170398,0.0964903875194515,31,False,False,AZ_2021_10.pdf,,,,,,https://gaming.az.gov/sites/default/files/EW%20Website%20Report%20-%20Oct%202021.pdf,https://gaming.az.gov/blog-terms/event-wagering-revenue-reports,AZ/screenshots/AZ_2021_10_AZ_2021_10_p1.png,"RSI (Rush Street Interactive) $ - $ 681,570.69 $ - $ 614,101.69 $ - $ 65,765.02 $ - $ 65,765.02 $ - $ - $ - $ -",,2026-04-08T18:25:21.525122
AZ,2021-10-01,2021-10-31,monthly,Unibet AZ (Kindred),Unibet,Unibet,Kindred Group,retail,,0,0,0,0,0,0,0,0,,31,False,False,AZ_2021_10.pdf,,,,,,https://gaming.az.gov/sites/default/files/EW%20Website%20Report%20-%20Oct%202021.pdf,https://gaming.az.gov/blog-terms/event-wagering-revenue-reports,AZ/screenshots/AZ_2021_10_AZ_2021_10_p1.png,"Unibet AZ (Kindred) $ - $ 1,242,323.55 $ - $ 1,210,999.76 $ - $ 28,576.02 $ - $ 28,576.02 $ - $ - $ - $ -",,2026-04-08T18:25:21.525122
AZ,2021-10-01,2021-10-31,monthly,Unibet AZ (Kindred),Unibet,Unibet,Kindred Group,online,,124232355,2857602,3132379,2857602,0,121099976,0,274777,0.0230020754255201,31,False,False,AZ_2021_10.pdf,,,,,,https://gaming.az.gov/sites/default/files/EW%20Website%20Report%20-%20Oct%202021.pdf,https://gaming.az.gov/blog-terms/event-wagering-revenue-reports,AZ/screenshots/AZ_2021_10_AZ_2021_10_p1.png,"Unibet AZ (Kindred) $ - $ 1,242,323.55 $ - $ 1,210,999.76 $ - $ 28,576.02 $ - $ 28,576.02 $ - $ - $ - $ -",,2026-04-08T18:25:21.525122
AZ,2021-10-01,2021-10-31,monthly,WSI US (WynnBet),WynnBET,ESPN Bet,PENN Entertainment,retail,,0,0,0,0,0,0,0,0,,31,False,False,AZ_2021_10.pdf,,,,,,https://gaming.az.gov/sites/default/files/EW%20Website%20Report%20-%20Oct%202021.pdf,https://gaming.az.gov/blog-terms/event-wagering-revenue-reports,AZ/screenshots/AZ_2021_10_AZ_2021_10_p1.png,"WSI US (WynnBet) $ - $ 20,736,212.68 $ - $ 18,935,661.80 $ - $ 1,748,710.35 $ - $ 1,411,839.43 $ - $ 336,870.92 $ - $ 33,687.09",,2026-04-08T18:25:21.525122
AZ,2021-10-01,2021-10-31,monthly,WSI US (WynnBet),WynnBET,ESPN Bet,PENN Entertainment,online,,2073621268,174871035,180055088,141183943,33687092,1893566180,3368709,5184053,0.0843312314059464,31,False,False,AZ_2021_10.pdf,,,,,,https://gaming.az.gov/sites/default/files/EW%20Website%20Report%20-%20Oct%202021.pdf,https://gaming.az.gov/blog-terms/event-wagering-revenue-reports,AZ/screenshots/AZ_2021_10_AZ_2021_10_p1.png,"WSI US (WynnBet) $ - $ 20,736,212.68 $ - $ 18,935,661.80 $ - $ 1,748,710.35 $ - $ 1,411,839.43 $ - $ 336,870.92 $ - $ 33,687.09",,2026-04-08T18:25:21.525122
AZ,2021-11-01,2021-11-30,monthly,BetMGM,BetMGM,BetMGM,Entain/MGM Resorts,retail,,0,0,0,0,0,0,0,0,,30,False,False,AZ_2021_11.pdf,,,,,,https://gaming.az.gov/sites/default/files/EW%20Report%20for%20Website%20-%20Nov%202021.pdf,https://gaming.az.gov/blog-terms/event-wagering-revenue-reports,AZ/screenshots/AZ_2021_11_AZ_2021_11_p1.png,"BetMGM $ - $ 93,159,931.75 $ - $ 83,414,508.29 $ - $ 9,520,816.74 $ - $ 3,317,245.39 $ - $ 6,203,571.35 $ - $ 6 20,357.14",,2026-04-08T18:25:23.256017
AZ,2021-11-01,2021-11-30,monthly,BetMGM,BetMGM,BetMGM,Entain/MGM Resorts,online,,9315993175,952081674,974542346,331724539,620357135,8341450829,62035714,22460672,0.1021986229610993,30,False,False,AZ_2021_11.pdf,,,,,,https://gaming.az.gov/sites/default/files/EW%20Report%20for%20Website%20-%20Nov%202021.pdf,https://gaming.az.gov/blog-terms/event-wagering-revenue-reports,AZ/screenshots/AZ_2021_11_AZ_2021_11_p1.png,"BetMGM $ - $ 93,159,931.75 $ - $ 83,414,508.29 $ - $ 9,520,816.74 $ - $ 3,317,245.39 $ - $ 6,203,571.35 $ - $ 6 20,357.14",,2026-04-08T18:25:23.256017
AZ,2021-11-01,2021-11-30,monthly,Caesars (American Wagering),Caesars,Caesars,Caesars Entertainment,retail,,275634499,6461572,7124304,0,6461572,268510195,516926,662732,0.0234425372130213,30,False,False,AZ_2021_11.pdf,,,,,,https://gaming.az.gov/sites/default/files/EW%20Report%20for%20Website%20-%20Nov%202021.pdf,https://gaming.az.gov/blog-terms/event-wagering-revenue-reports,AZ/screenshots/AZ_2021_11_AZ_2021_11_p1.png,"Caesars (American Wagering) $ 2,756,344.99 $ 63,465,223.69 $ 2,685,101.95 $ 55,948,923.75 $ 6 4,615.72 $ 7,357,803.14 $ - $ 3,856,736.56 $ 6 4,615.72 $ 3,501,066.58 $ 5,169.26 $ 3 50,106.66",,2026-04-08T18:25:23.256017
AZ,2021-11-01,2021-11-30,monthly,Caesars (American Wagering),Caesars,Caesars,Caesars Entertainment,online,,6346522369,735780314,751629994,385673656,350106658,5594892375,35010666,15849680,0.1159344080458877,30,False,False,AZ_2021_11.pdf,,,,,,https://gaming.az.gov/sites/default/files/EW%20Report%20for%20Website%20-%20Nov%202021.pdf,https://gaming.az.gov/blog-terms/event-wagering-revenue-reports,AZ/screenshots/AZ_2021_11_AZ_2021_11_p1.png,"Caesars (American Wagering) $ 2,756,344.99 $ 63,465,223.69 $ 2,685,101.95 $ 55,948,923.75 $ 6 4,615.72 $ 7,357,803.14 $ - $ 3,856,736.56 $ 6 4,615.72 $ 3,501,066.58 $ 5,169.26 $ 3 50,106.66",,2026-04-08T18:25:23.256017
AZ,2021-11-01,2021-11-30,monthly,Churchill Downs/TwinSpires,TwinSpires,TwinSpires,Churchill Downs Inc,retail,,0,0,0,0,0,0,0,0,,30,False,False,AZ_2021_11.pdf,,,,,,https://gaming.az.gov/sites/default/files/EW%20Report%20for%20Website%20-%20Nov%202021.pdf,https://gaming.az.gov/blog-terms/event-wagering-revenue-reports,AZ/screenshots/AZ_2021_11_AZ_2021_11_p1.png,"Churchill Downs/TwinSpires $ - $ 1 ,472,481.73 $ - $ 1,201,686.03 $ - $ 267,098.24 $ - $ 267,098.24 $ - $ - $ - $ -",,2026-04-08T18:25:23.256017
AZ,2021-11-01,2021-11-30,monthly,Churchill Downs/TwinSpires,TwinSpires,TwinSpires,Churchill Downs Inc,online,,147248173,26709824,27079570,26709824,0,120168603,0,369746,0.1813932455379259,30,False,False,AZ_2021_11.pdf,,,,,,https://gaming.az.gov/sites/default/files/EW%20Report%20for%20Website%20-%20Nov%202021.pdf,https://gaming.az.gov/blog-terms/event-wagering-revenue-reports,AZ/screenshots/AZ_2021_11_AZ_2021_11_p1.png,"Churchill Downs/TwinSpires $ - $ 1 ,472,481.73 $ - $ 1,201,686.03 $ - $ 267,098.24 $ - $ 267,098.24 $ - $ - $ - $ -",,2026-04-08T18:25:23.256017
AZ,2021-11-01,2021-11-30,monthly,Draft Kings/Crown Gaming,DraftKings,DraftKings,DraftKings Inc,retail,,0,0,0,0,0,0,0,0,,30,False,False,AZ_2021_11.pdf,,,,,,https://gaming.az.gov/sites/default/files/EW%20Report%20for%20Website%20-%20Nov%202021.pdf,https://gaming.az.gov/blog-terms/event-wagering-revenue-reports,AZ/screenshots/AZ_2021_11_AZ_2021_11_p1.png,"Draft Kings/Crown Gaming $ - $ 148,716,688.66 $ - $ 135,823,434.02 $ - $ 12,521,462.92 $ - $ 4,576,705.72 $ - $ 7,944,757.20 $ - $ 7 94,475.72",,2026-04-08T18:25:23.256017
AZ,2021-11-01,2021-11-30,monthly,Draft Kings/Crown Gaming,DraftKings,DraftKings,DraftKings Inc,online,,14871668866,1252146292,1289325464,457670572,794475720,13582343402,79447572,37179172,0.0841967571549881,30,False,False,AZ_2021_11.pdf,,,,,,https://gaming.az.gov/sites/default/files/EW%20Report%20for%20Website%20-%20Nov%202021.pdf,https://gaming.az.gov/blog-terms/event-wagering-revenue-reports,AZ/screenshots/AZ_2021_11_AZ_2021_11_p1.png,"Draft Kings/Crown Gaming $ - $ 148,716,688.66 $ - $ 135,823,434.02 $ - $ 12,521,462.92 $ - $ 4,576,705.72 $ - $ 7,944,757.20 $ - $ 7 94,475.72",,2026-04-08T18:25:23.256017
AZ,2021-11-01,2021-11-30,monthly,Fan Duel,FanDuel,FanDuel,Flutter Entertainment,retail,,467007350,58900807,60068325,1527925,57372882,406939025,4589831,1167518,0.1261239400193594,30,False,False,AZ_2021_11.pdf,,,,,,https://gaming.az.gov/sites/default/files/EW%20Report%20for%20Website%20-%20Nov%202021.pdf,https://gaming.az.gov/blog-terms/event-wagering-revenue-reports,AZ/screenshots/AZ_2021_11_AZ_2021_11_p1.png,"Fan Duel $ 4,670,073.50 $ 113,298,991.43 $ 4,069,390.25 $ 97,602,904.31 $ 589,008.07 $ 15,424,571.73 $ 1 5,279.25 $ 4,692,829.13 $ 573,728.82 $ 10,731,742.60 $ 45,898.31 $ 1,073,174.26",,2026-04-08T18:25:23.256017
AZ,2021-11-01,2021-11-30,monthly,Fan Duel,FanDuel,FanDuel,Flutter Entertainment,online,,11329899143,1542457173,1569608712,469282913,1073174260,9760290431,107317426,27151539,0.1361404151556797,30,False,False,AZ_2021_11.pdf,,,,,,https://gaming.az.gov/sites/default/files/EW%20Report%20for%20Website%20-%20Nov%202021.pdf,https://gaming.az.gov/blog-terms/event-wagering-revenue-reports,AZ/screenshots/AZ_2021_11_AZ_2021_11_p1.png,"Fan Duel $ 4,670,073.50 $ 113,298,991.43 $ 4,069,390.25 $ 97,602,904.31 $ 589,008.07 $ 15,424,571.73 $ 1 5,279.25 $ 4,692,829.13 $ 573,728.82 $ 10,731,742.60 $ 45,898.31 $ 1,073,174.26",,2026-04-08T18:25:23.256017
AZ,2021-11-01,2021-11-30,monthly,Penn Sports (Barstool Sports),ESPN Bet,ESPN Bet,PENN Entertainment,retail,,0,0,0,0,0,0,0,0,,30,False,False,AZ_2021_11.pdf,,,,,,https://gaming.az.gov/sites/default/files/EW%20Report%20for%20Website%20-%20Nov%202021.pdf,https://gaming.az.gov/blog-terms/event-wagering-revenue-reports,AZ/screenshots/AZ_2021_11_AZ_2021_11_p1.png,"Penn Sports (Barstool Sports) $ - $ 17,825,088.40 $ - $ 15,648,212.22 $ - $ 2,132,313.46 $ - $ 524,087.46 $ - $ 1,608,226.00 $ - $ 1 60,822.60",,2026-04-08T18:25:23.256017
AZ,2021-11-01,2021-11-30,monthly,Penn Sports (Barstool Sports),ESPN Bet,ESPN Bet,PENN Entertainment,online,,1782508840,213231346,217687618,52408746,160822600,1564821222,16082260,4456272,0.1196242852854519,30,False,False,AZ_2021_11.pdf,,,,,,https://gaming.az.gov/sites/default/files/EW%20Report%20for%20Website%20-%20Nov%202021.pdf,https://gaming.az.gov/blog-terms/event-wagering-revenue-reports,AZ/screenshots/AZ_2021_11_AZ_2021_11_p1.png,"Penn Sports (Barstool Sports) $ - $ 17,825,088.40 $ - $ 15,648,212.22 $ - $ 2,132,313.46 $ - $ 524,087.46 $ - $ 1,608,226.00 $ - $ 1 60,822.60",,2026-04-08T18:25:23.256017
AZ,2021-11-01,2021-11-30,monthly,RSI (Rush Street Interactive),BetRivers,BetRivers,Rush Street Interactive,retail,,0,0,0,0,0,0,0,0,,30,False,False,AZ_2021_11.pdf,,,,,,https://gaming.az.gov/sites/default/files/EW%20Report%20for%20Website%20-%20Nov%202021.pdf,https://gaming.az.gov/blog-terms/event-wagering-revenue-reports,AZ/screenshots/AZ_2021_11_AZ_2021_11_p1.png,"RSI (Rush Street Interactive) $ - $ 2 ,725,624.32 $ - $ 2,472,846.27 $ - $ 245,963.99 $ - $ 245,963.99 $ - $ - $ - $ -",,2026-04-08T18:25:23.256017
AZ,2021-11-01,2021-11-30,monthly,RSI (Rush Street Interactive),BetRivers,BetRivers,Rush Street Interactive,online,,272562432,24596399,25277805,24596399,0,247284627,0,681406,0.0902413396428749,30,False,False,AZ_2021_11.pdf,,,,,,https://gaming.az.gov/sites/default/files/EW%20Report%20for%20Website%20-%20Nov%202021.pdf,https://gaming.az.gov/blog-terms/event-wagering-revenue-reports,AZ/screenshots/AZ_2021_11_AZ_2021_11_p1.png,"RSI (Rush Street Interactive) $ - $ 2 ,725,624.32 $ - $ 2,472,846.27 $ - $ 245,963.99 $ - $ 245,963.99 $ - $ - $ - $ -",,2026-04-08T18:25:23.256017
AZ,2021-11-01,2021-11-30,monthly,Unibet AZ (Kindred),Unibet,Unibet,Kindred Group,retail,,0,0,0,0,0,0,0,0,,30,False,False,AZ_2021_11.pdf,,,,,,https://gaming.az.gov/sites/default/files/EW%20Report%20for%20Website%20-%20Nov%202021.pdf,https://gaming.az.gov/blog-terms/event-wagering-revenue-reports,AZ/screenshots/AZ_2021_11_AZ_2021_11_p1.png,"Unibet AZ (Kindred) $ - $ 881,937.29 $ - $ 786,635.15 $ - $ 9 3,395.85 $ - $ 6 0,885.18 $ - $ 3 2,510.67 $ - $ 3,251.07",,2026-04-08T18:25:23.256017
AZ,2021-11-01,2021-11-30,monthly,Unibet AZ (Kindred),Unibet,Unibet,Kindred Group,online,,88193729,9339585,9530214,6088518,3251067,78663515,325107,190629,0.1058985157550147,30,False,False,AZ_2021_11.pdf,,,,,,https://gaming.az.gov/sites/default/files/EW%20Report%20for%20Website%20-%20Nov%202021.pdf,https://gaming.az.gov/blog-terms/event-wagering-revenue-reports,AZ/screenshots/AZ_2021_11_AZ_2021_11_p1.png,"Unibet AZ (Kindred) $ - $ 881,937.29 $ - $ 786,635.15 $ - $ 9 3,395.85 $ - $ 6 0,885.18 $ - $ 3 2,510.67 $ - $ 3,251.07",,2026-04-08T18:25:23.256017
AZ,2021-11-01,2021-11-30,monthly,WSI US (WynnBet),WynnBET,ESPN Bet,PENN Entertainment,retail,,0,0,0,0,0,0,0,0,,30,False,False,AZ_2021_11.pdf,,,,,,https://gaming.az.gov/sites/default/files/EW%20Report%20for%20Website%20-%20Nov%202021.pdf,https://gaming.az.gov/blog-terms/event-wagering-revenue-reports,AZ/screenshots/AZ_2021_11_AZ_2021_11_p1.png,"WSI US (WynnBet) $ - $ 17,753,301.73 $ - $ 15,655,902.67 $ - $ 2,053,015.81 $ - $ 814,087.58 $ - $ 1,238,928.23 $ - $ 1 23,892.82",,2026-04-08T18:25:23.256017
AZ,2021-11-01,2021-11-30,monthly,WSI US (WynnBet),WynnBET,ESPN Bet,PENN Entertainment,online,,1775330173,205301581,209739906,81408758,123892823,1565590267,12389282,4438325,0.1156413517453353,30,False,False,AZ_2021_11.pdf,,,,,,https://gaming.az.gov/sites/default/files/EW%20Report%20for%20Website%20-%20Nov%202021.pdf,https://gaming.az.gov/blog-terms/event-wagering-revenue-reports,AZ/screenshots/AZ_2021_11_AZ_2021_11_p1.png,"WSI US (WynnBet) $ - $ 17,753,301.73 $ - $ 15,655,902.67 $ - $ 2,053,015.81 $ - $ 814,087.58 $ - $ 1,238,928.23 $ - $ 1 23,892.82",,2026-04-08T18:25:23.256017
AZ,2021-12-01,2021-12-31,monthly,BetMGM,BetMGM,BetMGM,Entain/MGM Resorts,retail,,0,0,0,0,0,0,0,0,,31,False,False,AZ_2021_12.pdf,,,,,,https://gaming.az.gov/sites/default/files/EW%20Revenue%20Report%20for%20Website-Dec%202021.pdf,https://gaming.az.gov/blog-terms/event-wagering-revenue-reports,AZ/screenshots/AZ_2021_12_AZ_2021_12_p1.png,"BetMGM $ - $ 103,764,192.25 $ - $ 94,703,851.26 $ - $ 8,812,073.52 $ - $ 7,581,482.31 $ - $ 1,230,591.21 $ - $ 123,059.12",,2026-04-08T18:25:25.127235
AZ,2021-12-01,2021-12-31,monthly,BetMGM,BetMGM,BetMGM,Entain/MGM Resorts,online,,10376419225,881207352,906034099,758148231,123059121,9470385126,12305912,24826747,0.0849240313919564,31,False,False,AZ_2021_12.pdf,,,,,,https://gaming.az.gov/sites/default/files/EW%20Revenue%20Report%20for%20Website-Dec%202021.pdf,https://gaming.az.gov/blog-terms/event-wagering-revenue-reports,AZ/screenshots/AZ_2021_12_AZ_2021_12_p1.png,"BetMGM $ - $ 103,764,192.25 $ - $ 94,703,851.26 $ - $ 8,812,073.52 $ - $ 7,581,482.31 $ - $ 1,230,591.21 $ - $ 123,059.12",,2026-04-08T18:25:25.127235
AZ,2021-12-01,2021-12-31,monthly,Caesars (American Wagering),Caesars,Caesars,Caesars Entertainment,retail,,208766295,17090652,17632235,0,17090652,191134060,1367252,541583,0.0818649964545282,31,False,False,AZ_2021_12.pdf,,,,,,https://gaming.az.gov/sites/default/files/EW%20Revenue%20Report%20for%20Website-Dec%202021.pdf,https://gaming.az.gov/blog-terms/event-wagering-revenue-reports,AZ/screenshots/AZ_2021_12_AZ_2021_12_p1.png,"Caesars (American Wagering) $ 2,087,662.95 $ 73,880,771.24 $ 1,911,340.60 $ 68,756,109.52 $ 170,906.52 $ 4,941,709.66 $ - $ 4,422,453.49 $ 170,906.52 $ 519,256.17 $ 1 3,672.52 $ 5 1,925.62",,2026-04-08T18:25:25.127235
AZ,2021-12-01,2021-12-31,monthly,Caesars (American Wagering),Caesars,Caesars,Caesars Entertainment,online,,7388077124,494170966,512466172,442245349,51925617,6875610952,5192562,18295206,0.0668876295828987,31,False,False,AZ_2021_12.pdf,,,,,,https://gaming.az.gov/sites/default/files/EW%20Revenue%20Report%20for%20Website-Dec%202021.pdf,https://gaming.az.gov/blog-terms/event-wagering-revenue-reports,AZ/screenshots/AZ_2021_12_AZ_2021_12_p1.png,"Caesars (American Wagering) $ 2,087,662.95 $ 73,880,771.24 $ 1,911,340.60 $ 68,756,109.52 $ 170,906.52 $ 4,941,709.66 $ - $ 4,422,453.49 $ 170,906.52 $ 519,256.17 $ 1 3,672.52 $ 5 1,925.62",,2026-04-08T18:25:25.127235
AZ,2021-12-01,2021-12-31,monthly,Churchill Downs/TwinSpires,TwinSpires,TwinSpires,Churchill Downs Inc,retail,,0,0,0,0,0,0,0,0,,31,False,False,AZ_2021_12.pdf,,,,,,https://gaming.az.gov/sites/default/files/EW%20Revenue%20Report%20for%20Website-Dec%202021.pdf,https://gaming.az.gov/blog-terms/event-wagering-revenue-reports,AZ/screenshots/AZ_2021_12_AZ_2021_12_p1.png,"Churchill Downs/TwinSpires $ - $ 1 ,735,263.86 $ - $ 1,512,161.80 $ - $ 218,763.90 $ - $ 218,763.90 $ - $ - $ - $ -",,2026-04-08T18:25:25.127235
AZ,2021-12-01,2021-12-31,monthly,Churchill Downs/TwinSpires,TwinSpires,TwinSpires,Churchill Downs Inc,online,,173526386,21876390,22310206,21876390,0,151216180,0,433816,0.1260695304286461,31,False,False,AZ_2021_12.pdf,,,,,,https://gaming.az.gov/sites/default/files/EW%20Revenue%20Report%20for%20Website-Dec%202021.pdf,https://gaming.az.gov/blog-terms/event-wagering-revenue-reports,AZ/screenshots/AZ_2021_12_AZ_2021_12_p1.png,"Churchill Downs/TwinSpires $ - $ 1 ,735,263.86 $ - $ 1,512,161.80 $ - $ 218,763.90 $ - $ 218,763.90 $ - $ - $ - $ -",,2026-04-08T18:25:25.127235
AZ,2021-12-01,2021-12-31,monthly,Draft Kings/Crown Gaming,DraftKings,DraftKings,DraftKings Inc,retail,,0,0,0,0,0,0,0,0,,31,False,False,AZ_2021_12.pdf,,,,,,https://gaming.az.gov/sites/default/files/EW%20Revenue%20Report%20for%20Website-Dec%202021.pdf,https://gaming.az.gov/blog-terms/event-wagering-revenue-reports,AZ/screenshots/AZ_2021_12_AZ_2021_12_p1.png,"Draft Kings/Crown Gaming $ - $ 146,002,339.28 $ - $ 134,653,751.56 $ - $ 10,983,581.87 $ - $ 4,305,090.59 $ - $ 6,678,491.28 $ - $ 667,849.13",,2026-04-08T18:25:25.127235
AZ,2021-12-01,2021-12-31,monthly,Draft Kings/Crown Gaming,DraftKings,DraftKings,DraftKings Inc,online,,14600233928,1098358187,1134858772,430509059,667849128,13465375156,66784913,36500585,0.075228807457228,31,False,False,AZ_2021_12.pdf,,,,,,https://gaming.az.gov/sites/default/files/EW%20Revenue%20Report%20for%20Website-Dec%202021.pdf,https://gaming.az.gov/blog-terms/event-wagering-revenue-reports,AZ/screenshots/AZ_2021_12_AZ_2021_12_p1.png,"Draft Kings/Crown Gaming $ - $ 146,002,339.28 $ - $ 134,653,751.56 $ - $ 10,983,581.87 $ - $ 4,305,090.59 $ - $ 6,678,491.28 $ - $ 667,849.13",,2026-04-08T18:25:25.127235
AZ,2021-12-01,2021-12-31,monthly,Fan Duel,FanDuel,FanDuel,Flutter Entertainment,retail,,263759500,5113526,5772925,911775,4201751,257986575,336140,659399,0.0193870780009819,31,False,False,AZ_2021_12.pdf,,,,,,https://gaming.az.gov/sites/default/files/EW%20Revenue%20Report%20for%20Website-Dec%202021.pdf,https://gaming.az.gov/blog-terms/event-wagering-revenue-reports,AZ/screenshots/AZ_2021_12_AZ_2021_12_p1.png,"Fan Duel $ 2,637,595.00 $ 128,456,855.87 $ 2,579,865.75 $ 117,457,750.75 $ 51,135.26 $ 10,686,774.11 $ 9 ,117.75 $ 3,524,440.61 $ 42,017.51 $ 7,162,333.50 $ 3,361.40 $ 716,233.35",,2026-04-08T18:25:25.127235
AZ,2021-12-01,2021-12-31,monthly,Fan Duel,FanDuel,FanDuel,Flutter Entertainment,online,,12845685587,1068677411,1099910512,352444061,716233350,11745775075,71623335,31233101,0.0831934896555085,31,False,False,AZ_2021_12.pdf,,,,,,https://gaming.az.gov/sites/default/files/EW%20Revenue%20Report%20for%20Website-Dec%202021.pdf,https://gaming.az.gov/blog-terms/event-wagering-revenue-reports,AZ/screenshots/AZ_2021_12_AZ_2021_12_p1.png,"Fan Duel $ 2,637,595.00 $ 128,456,855.87 $ 2,579,865.75 $ 117,457,750.75 $ 51,135.26 $ 10,686,774.11 $ 9 ,117.75 $ 3,524,440.61 $ 42,017.51 $ 7,162,333.50 $ 3,361.40 $ 716,233.35",,2026-04-08T18:25:25.127235
AZ,2021-12-01,2021-12-31,monthly,Fubo.TV,Fubo Sportsbook (defunct),Fubo Sportsbook (defunct),fuboTV,retail,,0,0,0,0,0,0,0,0,,31,False,False,AZ_2021_12.pdf,,,,,,https://gaming.az.gov/sites/default/files/EW%20Revenue%20Report%20for%20Website-Dec%202021.pdf,https://gaming.az.gov/blog-terms/event-wagering-revenue-reports,AZ/screenshots/AZ_2021_12_AZ_2021_12_p1.png,"Fubo.TV $ - $ 34,496.89 $ - $ 37,878.22 $ - $ (3,467.57) $ - $ - $ - $ - $ - $ -",,2026-04-08T18:25:25.127235
AZ,2021-12-01,2021-12-31,monthly,Fubo.TV,Fubo Sportsbook (defunct),Fubo Sportsbook (defunct),fuboTV,online,,3449689,-346757,-338133,0,0,3787822,0,8624,-0.1005183365804859,31,False,False,AZ_2021_12.pdf,,,,,,https://gaming.az.gov/sites/default/files/EW%20Revenue%20Report%20for%20Website-Dec%202021.pdf,https://gaming.az.gov/blog-terms/event-wagering-revenue-reports,AZ/screenshots/AZ_2021_12_AZ_2021_12_p1.png,"Fubo.TV $ - $ 34,496.89 $ - $ 37,878.22 $ - $ (3,467.57) $ - $ - $ - $ - $ - $ -",,2026-04-08T18:25:25.127235
AZ,2021-12-01,2021-12-31,monthly,Penn Sports (Barstool Sports),ESPN Bet,ESPN Bet,PENN Entertainment,retail,,0,0,0,0,0,0,0,0,,31,False,False,AZ_2021_12.pdf,,,,,,https://gaming.az.gov/sites/default/files/EW%20Revenue%20Report%20for%20Website-Dec%202021.pdf,https://gaming.az.gov/blog-terms/event-wagering-revenue-reports,AZ/screenshots/AZ_2021_12_AZ_2021_12_p1.png,"Penn Sports (Barstool Sports) $ - $ 20,576,436.36 $ - $ 19,161,042.28 $ - $ 1,363,952.99 $ - $ 433,997.46 $ - $ 929,955.53 $ - $ 9 2,995.55",,2026-04-08T18:25:25.127235
AZ,2021-12-01,2021-12-31,monthly,Penn Sports (Barstool Sports),ESPN Bet,ESPN Bet,PENN Entertainment,online,,2057643636,136395299,141539408,43399746,92995553,1916104228,9299555,5144109,0.0662871337940463,31,False,False,AZ_2021_12.pdf,,,,,,https://gaming.az.gov/sites/default/files/EW%20Revenue%20Report%20for%20Website-Dec%202021.pdf,https://gaming.az.gov/blog-terms/event-wagering-revenue-reports,AZ/screenshots/AZ_2021_12_AZ_2021_12_p1.png,"Penn Sports (Barstool Sports) $ - $ 20,576,436.36 $ - $ 19,161,042.28 $ - $ 1,363,952.99 $ - $ 433,997.46 $ - $ 929,955.53 $ - $ 9 2,995.55",,2026-04-08T18:25:25.127235
AZ,2021-12-01,2021-12-31,monthly,RSI (Rush Street Interactive),BetRivers,BetRivers,Rush Street Interactive,retail,,0,0,0,0,0,0,0,0,,31,False,False,AZ_2021_12.pdf,,,,,,https://gaming.az.gov/sites/default/files/EW%20Revenue%20Report%20for%20Website-Dec%202021.pdf,https://gaming.az.gov/blog-terms/event-wagering-revenue-reports,AZ/screenshots/AZ_2021_12_AZ_2021_12_p1.png,"RSI (Rush Street Interactive) $ - $ 4 ,886,094.40 $ - $ 4,621,284.96 $ - $ 252,594.20 $ - $ 252,594.20 $ - $ - $ - $ -",,2026-04-08T18:25:25.127235
AZ,2021-12-01,2021-12-31,monthly,RSI (Rush Street Interactive),BetRivers,BetRivers,Rush Street Interactive,online,,488609440,25259420,26480944,25259420,0,462128496,0,1221524,0.0516965451997816,31,False,False,AZ_2021_12.pdf,,,,,,https://gaming.az.gov/sites/default/files/EW%20Revenue%20Report%20for%20Website-Dec%202021.pdf,https://gaming.az.gov/blog-terms/event-wagering-revenue-reports,AZ/screenshots/AZ_2021_12_AZ_2021_12_p1.png,"RSI (Rush Street Interactive) $ - $ 4 ,886,094.40 $ - $ 4,621,284.96 $ - $ 252,594.20 $ - $ 252,594.20 $ - $ - $ - $ -",,2026-04-08T18:25:25.127235
AZ,2021-12-01,2021-12-31,monthly,"SBOpco, LLC (SuperBook)",SuperBook,SuperBook,SuperBook Sports,retail,,0,0,0,0,0,0,0,0,,31,False,False,AZ_2021_12.pdf,,,,,,https://gaming.az.gov/sites/default/files/EW%20Revenue%20Report%20for%20Website-Dec%202021.pdf,https://gaming.az.gov/blog-terms/event-wagering-revenue-reports,AZ/screenshots/AZ_2021_12_AZ_2021_12_p1.png,"SBOpco, LLC (SuperBook) $ - $ 171,091.94 $ - $ 134,790.95 $ - $ 35,972.37 $ - $ 34,218.39 $ - $ 1 ,753.98 $ - $ 175.40",,2026-04-08T18:25:25.127235
AZ,2021-12-01,2021-12-31,monthly,"SBOpco, LLC (SuperBook)",SuperBook,SuperBook,SuperBook Sports,online,,17109194,3597237,3630099,3421839,175398,13479095,17540,32862,0.2102516927448481,31,False,False,AZ_2021_12.pdf,,,,,,https://gaming.az.gov/sites/default/files/EW%20Revenue%20Report%20for%20Website-Dec%202021.pdf,https://gaming.az.gov/blog-terms/event-wagering-revenue-reports,AZ/screenshots/AZ_2021_12_AZ_2021_12_p1.png,"SBOpco, LLC (SuperBook) $ - $ 171,091.94 $ - $ 134,790.95 $ - $ 35,972.37 $ - $ 34,218.39 $ - $ 1 ,753.98 $ - $ 175.40",,2026-04-08T18:25:25.127235
AZ,2021-12-01,2021-12-31,monthly,Unibet AZ (Kindred),Unibet,Unibet,Kindred Group,retail,,0,0,0,0,0,0,0,0,,31,False,False,AZ_2021_12.pdf,,,,,,https://gaming.az.gov/sites/default/files/EW%20Revenue%20Report%20for%20Website-Dec%202021.pdf,https://gaming.az.gov/blog-terms/event-wagering-revenue-reports,AZ/screenshots/AZ_2021_12_AZ_2021_12_p1.png,"Unibet AZ (Kindred) $ - $ 703,114.90 $ - $ 668,137.97 $ - $ 33,219.14 $ - $ 33,219.14 $ - $ - $ - $ -",,2026-04-08T18:25:25.127235
AZ,2021-12-01,2021-12-31,monthly,Unibet AZ (Kindred),Unibet,Unibet,Kindred Group,online,,70311490,3321914,3497693,3321914,0,66813797,0,175779,0.0472456777690246,31,False,False,AZ_2021_12.pdf,,,,,,https://gaming.az.gov/sites/default/files/EW%20Revenue%20Report%20for%20Website-Dec%202021.pdf,https://gaming.az.gov/blog-terms/event-wagering-revenue-reports,AZ/screenshots/AZ_2021_12_AZ_2021_12_p1.png,"Unibet AZ (Kindred) $ - $ 703,114.90 $ - $ 668,137.97 $ - $ 33,219.14 $ - $ 33,219.14 $ - $ - $ - $ -",,2026-04-08T18:25:25.127235
AZ,2021-12-01,2021-12-31,monthly,WSI US (WynnBet),WynnBET,ESPN Bet,PENN Entertainment,retail,,0,0,0,0,0,0,0,0,,31,False,False,AZ_2021_12.pdf,,,,,,https://gaming.az.gov/sites/default/files/EW%20Revenue%20Report%20for%20Website-Dec%202021.pdf,https://gaming.az.gov/blog-terms/event-wagering-revenue-reports,AZ/screenshots/AZ_2021_12_AZ_2021_12_p1.png,"WSI US (WynnBet) $ - $ 14,277,818.45 $ - $ 13,192,839.95 $ - $ 1,049,283.95 $ - $ 502,989.51 $ - $ 546,294.44 $ - $ 5 4,629.44",,2026-04-08T18:25:25.127235
AZ,2021-12-01,2021-12-31,monthly,WSI US (WynnBet),WynnBET,ESPN Bet,PENN Entertainment,online,,1427781845,104928395,108497850,50298951,54629444,1319283995,5462944,3569455,0.0734904953214333,31,False,False,AZ_2021_12.pdf,,,,,,https://gaming.az.gov/sites/default/files/EW%20Revenue%20Report%20for%20Website-Dec%202021.pdf,https://gaming.az.gov/blog-terms/event-wagering-revenue-reports,AZ/screenshots/AZ_2021_12_AZ_2021_12_p1.png,"WSI US (WynnBet) $ - $ 14,277,818.45 $ - $ 13,192,839.95 $ - $ 1,049,283.95 $ - $ 502,989.51 $ - $ 546,294.44 $ - $ 5 4,629.44",,2026-04-08T18:25:25.127235
AZ,2022-01-01,2022-01-31,monthly,"Bally Interactive, LLC",Bally Bet,Bally Bet,Bally's Corporation,retail,,0,0,0,0,0,0,0,0,,31,False,False,AZ_2022_01.pdf,,,,,,https://gaming.az.gov/sites/default/files/EW%20Revenue%20Report%20for%20Website%20-%20Jan%202022.pdf,https://gaming.az.gov/blog-terms/event-wagering-revenue-reports,AZ/screenshots/AZ_2022_01_AZ_2022_01_p1.png,"Bally Interactive, LLC $ - $ - $ - $ - $ - $ - $ - $ - $ - $ - $ - $ -",,2026-04-08T18:25:25.780484
AZ,2022-01-01,2022-01-31,monthly,"Bally Interactive, LLC",Bally Bet,Bally Bet,Bally's Corporation,online,,0,0,0,0,0,0,0,0,,31,False,False,AZ_2022_01.pdf,,,,,,https://gaming.az.gov/sites/default/files/EW%20Revenue%20Report%20for%20Website%20-%20Jan%202022.pdf,https://gaming.az.gov/blog-terms/event-wagering-revenue-reports,AZ/screenshots/AZ_2022_01_AZ_2022_01_p1.png,"Bally Interactive, LLC $ - $ - $ - $ - $ - $ - $ - $ - $ - $ - $ - $ -",,2026-04-08T18:25:25.780484
AZ,2022-01-01,2022-01-31,monthly,BetFred,Betfred,Betfred,Betfred Group,retail,,0,0,0,0,0,0,0,0,,31,False,False,AZ_2022_01.pdf,,,,,,https://gaming.az.gov/sites/default/files/EW%20Revenue%20Report%20for%20Website%20-%20Jan%202022.pdf,https://gaming.az.gov/blog-terms/event-wagering-revenue-reports,AZ/screenshots/AZ_2022_01_AZ_2022_01_p1.png,BetFred $ - $ - $ - $ - $ - $ - $ - $ - $ - $ - $ - $ -,,2026-04-08T18:25:25.780484
AZ,2022-01-01,2022-01-31,monthly,BetFred,Betfred,Betfred,Betfred Group,online,,0,0,0,0,0,0,0,0,,31,False,False,AZ_2022_01.pdf,,,,,,https://gaming.az.gov/sites/default/files/EW%20Revenue%20Report%20for%20Website%20-%20Jan%202022.pdf,https://gaming.az.gov/blog-terms/event-wagering-revenue-reports,AZ/screenshots/AZ_2022_01_AZ_2022_01_p1.png,BetFred $ - $ - $ - $ - $ - $ - $ - $ - $ - $ - $ - $ -,,2026-04-08T18:25:25.780484
AZ,2022-01-01,2022-01-31,monthly,BetMGM,BetMGM,BetMGM,Entain/MGM Resorts,retail,,0,0,0,0,0,0,0,0,,31,False,False,AZ_2022_01.pdf,,,,,,https://gaming.az.gov/sites/default/files/EW%20Revenue%20Report%20for%20Website%20-%20Jan%202022.pdf,https://gaming.az.gov/blog-terms/event-wagering-revenue-reports,AZ/screenshots/AZ_2022_01_AZ_2022_01_p1.png,"BetMGM $ - $ 120,046,505.95 $ - $ 109,074,664.66 $ - $ 10,692,509.71 $ - $ 8 ,653,822.69 $ - $ 2 ,038,687.02 $ - $ 203,868.70",,2026-04-08T18:25:25.780484
AZ,2022-01-01,2022-01-31,monthly,BetMGM,BetMGM,BetMGM,Entain/MGM Resorts,online,,12004650595,1069250971,1097184129,865382269,203868702,10907466466,20386870,27933158,0.0890697286471085,31,False,False,AZ_2022_01.pdf,,,,,,https://gaming.az.gov/sites/default/files/EW%20Revenue%20Report%20for%20Website%20-%20Jan%202022.pdf,https://gaming.az.gov/blog-terms/event-wagering-revenue-reports,AZ/screenshots/AZ_2022_01_AZ_2022_01_p1.png,"BetMGM $ - $ 120,046,505.95 $ - $ 109,074,664.66 $ - $ 10,692,509.71 $ - $ 8 ,653,822.69 $ - $ 2 ,038,687.02 $ - $ 203,868.70",,2026-04-08T18:25:25.780484
AZ,2022-01-01,2022-01-31,monthly,Caesars (American Wagering),Caesars,Caesars,Caesars Entertainment,retail,,105269683,994980,1269768,0,994980,103999915,79598,274788,0.0094517241018005,31,False,False,AZ_2022_01.pdf,,,,,,https://gaming.az.gov/sites/default/files/EW%20Revenue%20Report%20for%20Website%20-%20Jan%202022.pdf,https://gaming.az.gov/blog-terms/event-wagering-revenue-reports,AZ/screenshots/AZ_2022_01_AZ_2022_01_p1.png,"Caesars (American Wagering) $ 1,052,696.83 $ 72,415,442.79 $ 1 ,039,999.15 $ 68,577,521.53 $ 9,949.80 $ 3 ,654,855.88 $ - $ 2 ,023,408.88 $ 9,949.80 $ 1 ,631,447.00 $ 7 95.98 $ 163,144.70",,2026-04-08T18:25:25.780484
AZ,2022-01-01,2022-01-31,monthly,Caesars (American Wagering),Caesars,Caesars,Caesars Entertainment,online,,7241544279,365485588,383792126,202340888,163144700,6857752153,16314470,18306538,0.0504706695034488,31,False,False,AZ_2022_01.pdf,,,,,,https://gaming.az.gov/sites/default/files/EW%20Revenue%20Report%20for%20Website%20-%20Jan%202022.pdf,https://gaming.az.gov/blog-terms/event-wagering-revenue-reports,AZ/screenshots/AZ_2022_01_AZ_2022_01_p1.png,"Caesars (American Wagering) $ 1,052,696.83 $ 72,415,442.79 $ 1 ,039,999.15 $ 68,577,521.53 $ 9,949.80 $ 3 ,654,855.88 $ - $ 2 ,023,408.88 $ 9,949.80 $ 1 ,631,447.00 $ 7 95.98 $ 163,144.70",,2026-04-08T18:25:25.780484
AZ,2022-01-01,2022-01-31,monthly,Churchill Downs/TwinSpires,TwinSpires,TwinSpires,Churchill Downs Inc,retail,,0,0,0,0,0,0,0,0,,31,False,False,AZ_2022_01.pdf,,,,,,https://gaming.az.gov/sites/default/files/EW%20Revenue%20Report%20for%20Website%20-%20Jan%202022.pdf,https://gaming.az.gov/blog-terms/event-wagering-revenue-reports,AZ/screenshots/AZ_2022_01_AZ_2022_01_p1.png,"Churchill Downs/TwinSpires $ - $ 2 ,145,363.13 $ - $ 1 ,919,327.40 $ - $ 2 20,623.73 $ - $ 2 20,623.73 $ - $ - $ - $ -",,2026-04-08T18:25:25.780484
AZ,2022-01-01,2022-01-31,monthly,Churchill Downs/TwinSpires,TwinSpires,TwinSpires,Churchill Downs Inc,online,,214536313,22062373,22603573,22062373,0,191932740,0,541200,0.1028374762830943,31,False,False,AZ_2022_01.pdf,,,,,,https://gaming.az.gov/sites/default/files/EW%20Revenue%20Report%20for%20Website%20-%20Jan%202022.pdf,https://gaming.az.gov/blog-terms/event-wagering-revenue-reports,AZ/screenshots/AZ_2022_01_AZ_2022_01_p1.png,"Churchill Downs/TwinSpires $ - $ 2 ,145,363.13 $ - $ 1 ,919,327.40 $ - $ 2 20,623.73 $ - $ 2 20,623.73 $ - $ - $ - $ -",,2026-04-08T18:25:25.780484
AZ,2022-01-01,2022-01-31,monthly,Desert Diamond Mobile,Desert Diamond,Desert Diamond,Tohono O'odham Nation,retail,,0,0,0,0,0,0,0,0,,31,False,False,AZ_2022_01.pdf,,,,,,https://gaming.az.gov/sites/default/files/EW%20Revenue%20Report%20for%20Website%20-%20Jan%202022.pdf,https://gaming.az.gov/blog-terms/event-wagering-revenue-reports,AZ/screenshots/AZ_2022_01_AZ_2022_01_p1.png,Desert Diamond Mobile $ - $ - $ - $ - $ - $ - $ - $ - $ - $ - $ - $ -,,2026-04-08T18:25:25.780484
AZ,2022-01-01,2022-01-31,monthly,Desert Diamond Mobile,Desert Diamond,Desert Diamond,Tohono O'odham Nation,online,,0,0,0,0,0,0,0,0,,31,False,False,AZ_2022_01.pdf,,,,,,https://gaming.az.gov/sites/default/files/EW%20Revenue%20Report%20for%20Website%20-%20Jan%202022.pdf,https://gaming.az.gov/blog-terms/event-wagering-revenue-reports,AZ/screenshots/AZ_2022_01_AZ_2022_01_p1.png,Desert Diamond Mobile $ - $ - $ - $ - $ - $ - $ - $ - $ - $ - $ - $ -,,2026-04-08T18:25:25.780484
AZ,2022-01-01,2022-01-31,monthly,Digital Gaming USA,Betway,Betway,Digital Gaming USA,retail,,0,0,0,0,0,0,0,0,,31,False,False,AZ_2022_01.pdf,,,,,,https://gaming.az.gov/sites/default/files/EW%20Revenue%20Report%20for%20Website%20-%20Jan%202022.pdf,https://gaming.az.gov/blog-terms/event-wagering-revenue-reports,AZ/screenshots/AZ_2022_01_AZ_2022_01_p1.png,Digital Gaming USA $ - $ - $ - $ - $ - $ - $ - $ - $ - $ - $ - $ -,,2026-04-08T18:25:25.780484
AZ,2022-01-01,2022-01-31,monthly,Digital Gaming USA,Betway,Betway,Digital Gaming USA,online,,0,0,0,0,0,0,0,0,,31,False,False,AZ_2022_01.pdf,,,,,,https://gaming.az.gov/sites/default/files/EW%20Revenue%20Report%20for%20Website%20-%20Jan%202022.pdf,https://gaming.az.gov/blog-terms/event-wagering-revenue-reports,AZ/screenshots/AZ_2022_01_AZ_2022_01_p1.png,Digital Gaming USA $ - $ - $ - $ - $ - $ - $ - $ - $ - $ - $ - $ -,,2026-04-08T18:25:25.780484
AZ,2022-01-01,2022-01-31,monthly,Draft Kings/Crown Gaming,DraftKings,DraftKings,DraftKings Inc,retail,,0,0,0,0,0,0,0,0,,31,False,False,AZ_2022_01.pdf,,,,,,https://gaming.az.gov/sites/default/files/EW%20Revenue%20Report%20for%20Website%20-%20Jan%202022.pdf,https://gaming.az.gov/blog-terms/event-wagering-revenue-reports,AZ/screenshots/AZ_2022_01_AZ_2022_01_p1.png,"Draft Kings/Crown Gaming $ - $ 173,086,461.18 $ - $ 161,177,982.38 $ - $ 11,475,762.65 $ - $ 4 ,825,683.02 $ - $ 6 ,650,079.63 $ - $ 665,007.96",,2026-04-08T18:25:25.780484
AZ,2022-01-01,2022-01-31,monthly,Draft Kings/Crown Gaming,DraftKings,DraftKings,DraftKings Inc,online,,17308646118,1147576265,1190847880,482568302,665007963,16117798238,66500796,43271615,0.0663007526513923,31,False,False,AZ_2022_01.pdf,,,,,,https://gaming.az.gov/sites/default/files/EW%20Revenue%20Report%20for%20Website%20-%20Jan%202022.pdf,https://gaming.az.gov/blog-terms/event-wagering-revenue-reports,AZ/screenshots/AZ_2022_01_AZ_2022_01_p1.png,"Draft Kings/Crown Gaming $ - $ 173,086,461.18 $ - $ 161,177,982.38 $ - $ 11,475,762.65 $ - $ 4 ,825,683.02 $ - $ 6 ,650,079.63 $ - $ 665,007.96",,2026-04-08T18:25:25.780484
AZ,2022-01-01,2022-01-31,monthly,Fan Duel,FanDuel,FanDuel,Flutter Entertainment,retail,,394704215,46217276,47204037,894075,45323201,347500178,3625856,986761,0.1170934442643334,31,False,False,AZ_2022_01.pdf,,,,,,https://gaming.az.gov/sites/default/files/EW%20Revenue%20Report%20for%20Website%20-%20Jan%202022.pdf,https://gaming.az.gov/blog-terms/event-wagering-revenue-reports,AZ/screenshots/AZ_2022_01_AZ_2022_01_p1.png,"Fan Duel $ 3,947,042.15 $ 149,903,177.03 $ 3 ,475,001.78 $ 137,596,822.41 $ 4 62,172.76 $ 11,941,497.41 $ 8,940.75 $ 3 ,960,298.98 $ 4 53,232.01 $ 7 ,981,198.43 $ 3 6,258.56 $ 798,119.84",,2026-04-08T18:25:25.780484
AZ,2022-01-01,2022-01-31,monthly,Fan Duel,FanDuel,FanDuel,Flutter Entertainment,online,,14990317703,1194149741,1230635462,396029898,798119843,13759682241,79811984,36485721,0.0796614030909442,31,False,False,AZ_2022_01.pdf,,,,,,https://gaming.az.gov/sites/default/files/EW%20Revenue%20Report%20for%20Website%20-%20Jan%202022.pdf,https://gaming.az.gov/blog-terms/event-wagering-revenue-reports,AZ/screenshots/AZ_2022_01_AZ_2022_01_p1.png,"Fan Duel $ 3,947,042.15 $ 149,903,177.03 $ 3 ,475,001.78 $ 137,596,822.41 $ 4 62,172.76 $ 11,941,497.41 $ 8,940.75 $ 3 ,960,298.98 $ 4 53,232.01 $ 7 ,981,198.43 $ 3 6,258.56 $ 798,119.84",,2026-04-08T18:25:25.780484
AZ,2022-01-01,2022-01-31,monthly,Fubo.TV,Fubo Sportsbook (defunct),Fubo Sportsbook (defunct),fuboTV,retail,,0,0,0,0,0,0,0,0,,31,False,False,AZ_2022_01.pdf,,,,,,https://gaming.az.gov/sites/default/files/EW%20Revenue%20Report%20for%20Website%20-%20Jan%202022.pdf,https://gaming.az.gov/blog-terms/event-wagering-revenue-reports,AZ/screenshots/AZ_2022_01_AZ_2022_01_p1.png,"Fubo.TV $ - $ 4 53,211.49 $ - $ 3 89,184.65 $ - $ 6 2,893.81 $ - $ 6 2,893.81 $ - $ - $ - $ -",,2026-04-08T18:25:25.780484
AZ,2022-01-01,2022-01-31,monthly,Fubo.TV,Fubo Sportsbook (defunct),Fubo Sportsbook (defunct),fuboTV,online,,45321149,6289381,6402684,6289381,0,38918465,0,113303,0.1387736440662614,31,False,False,AZ_2022_01.pdf,,,,,,https://gaming.az.gov/sites/default/files/EW%20Revenue%20Report%20for%20Website%20-%20Jan%202022.pdf,https://gaming.az.gov/blog-terms/event-wagering-revenue-reports,AZ/screenshots/AZ_2022_01_AZ_2022_01_p1.png,"Fubo.TV $ - $ 4 53,211.49 $ - $ 3 89,184.65 $ - $ 6 2,893.81 $ - $ 6 2,893.81 $ - $ - $ - $ -",,2026-04-08T18:25:25.780484
AZ,2022-01-01,2022-01-31,monthly,Golden Nugget Online Gaming,DraftKings (Golden Nugget),DraftKings,DraftKings Inc,retail,,0,0,0,0,0,0,0,0,,31,False,False,AZ_2022_01.pdf,,,,,,https://gaming.az.gov/sites/default/files/EW%20Revenue%20Report%20for%20Website%20-%20Jan%202022.pdf,https://gaming.az.gov/blog-terms/event-wagering-revenue-reports,AZ/screenshots/AZ_2022_01_AZ_2022_01_p1.png,Golden Nugget Online Gaming $ - $ - $ - $ - $ - $ - $ - $ - $ - $ - $ - $ -,,2026-04-08T18:25:25.780484
AZ,2022-01-01,2022-01-31,monthly,Golden Nugget Online Gaming,DraftKings (Golden Nugget),DraftKings,DraftKings Inc,online,,0,0,0,0,0,0,0,0,,31,False,False,AZ_2022_01.pdf,,,,,,https://gaming.az.gov/sites/default/files/EW%20Revenue%20Report%20for%20Website%20-%20Jan%202022.pdf,https://gaming.az.gov/blog-terms/event-wagering-revenue-reports,AZ/screenshots/AZ_2022_01_AZ_2022_01_p1.png,Golden Nugget Online Gaming $ - $ - $ - $ - $ - $ - $ - $ - $ - $ - $ - $ -,,2026-04-08T18:25:25.780484
AZ,2022-01-01,2022-01-31,monthly,Penn Sports (Barstool Sports),ESPN Bet,ESPN Bet,PENN Entertainment,retail,,0,0,0,0,0,0,0,0,,31,False,False,AZ_2022_01.pdf,,,,,,https://gaming.az.gov/sites/default/files/EW%20Revenue%20Report%20for%20Website%20-%20Jan%202022.pdf,https://gaming.az.gov/blog-terms/event-wagering-revenue-reports,AZ/screenshots/AZ_2022_01_AZ_2022_01_p1.png,"Penn Sports (Barstool Sports) $ - $ 21,415,471.41 $ - $ 20,539,737.25 $ - $ 8 22,195.48 $ - $ 4 79,978.23 $ - $ 3 42,217.25 $ - $ 3 4,221.73",,2026-04-08T18:25:25.780484
AZ,2022-01-01,2022-01-31,monthly,Penn Sports (Barstool Sports),ESPN Bet,ESPN Bet,PENN Entertainment,online,,2141547141,82219548,87573416,47997823,34221725,2053973725,3422173,5353868,0.0383925931051918,31,False,False,AZ_2022_01.pdf,,,,,,https://gaming.az.gov/sites/default/files/EW%20Revenue%20Report%20for%20Website%20-%20Jan%202022.pdf,https://gaming.az.gov/blog-terms/event-wagering-revenue-reports,AZ/screenshots/AZ_2022_01_AZ_2022_01_p1.png,"Penn Sports (Barstool Sports) $ - $ 21,415,471.41 $ - $ 20,539,737.25 $ - $ 8 22,195.48 $ - $ 4 79,978.23 $ - $ 3 42,217.25 $ - $ 3 4,221.73",,2026-04-08T18:25:25.780484
AZ,2022-01-01,2022-01-31,monthly,RSI (Rush Street Interactive),BetRivers,BetRivers,Rush Street Interactive,retail,,0,0,0,0,0,0,0,0,,31,False,False,AZ_2022_01.pdf,,,,,,https://gaming.az.gov/sites/default/files/EW%20Revenue%20Report%20for%20Website%20-%20Jan%202022.pdf,https://gaming.az.gov/blog-terms/event-wagering-revenue-reports,AZ/screenshots/AZ_2022_01_AZ_2022_01_p1.png,"RSI (Rush Street Interactive) $ - $ 4 ,837,795.55 $ - $ 4 ,740,770.29 $ - $ 8 4,930.77 $ - $ 8 4,930.77 $ - $ - $ - $ -",,2026-04-08T18:25:25.780484
AZ,2022-01-01,2022-01-31,monthly,RSI (Rush Street Interactive),BetRivers,BetRivers,Rush Street Interactive,online,,483779555,8493077,9702526,8493077,0,474077029,0,1209449,0.0175556757457433,31,False,False,AZ_2022_01.pdf,,,,,,https://gaming.az.gov/sites/default/files/EW%20Revenue%20Report%20for%20Website%20-%20Jan%202022.pdf,https://gaming.az.gov/blog-terms/event-wagering-revenue-reports,AZ/screenshots/AZ_2022_01_AZ_2022_01_p1.png,"RSI (Rush Street Interactive) $ - $ 4 ,837,795.55 $ - $ 4 ,740,770.29 $ - $ 8 4,930.77 $ - $ 8 4,930.77 $ - $ - $ - $ -",,2026-04-08T18:25:25.780484
AZ,2022-01-01,2022-01-31,monthly,Sahara Bets,Sahara Bets,Sahara Bets,Sahara Bets,retail,,0,0,0,0,0,0,0,0,,31,False,False,AZ_2022_01.pdf,,,,,,https://gaming.az.gov/sites/default/files/EW%20Revenue%20Report%20for%20Website%20-%20Jan%202022.pdf,https://gaming.az.gov/blog-terms/event-wagering-revenue-reports,AZ/screenshots/AZ_2022_01_AZ_2022_01_p1.png,"Sahara Bets $ - $ 6 2,805.97 $ - $ 6 3,139.05 $ - $ (490.09) $ - $ - $ - $ - $ - $ -",,2026-04-08T18:25:25.780484
AZ,2022-01-01,2022-01-31,monthly,Sahara Bets,Sahara Bets,Sahara Bets,Sahara Bets,online,,6280597,-49009,-33308,0,0,6313905,0,15701,-0.0078032390869848,31,False,False,AZ_2022_01.pdf,,,,,,https://gaming.az.gov/sites/default/files/EW%20Revenue%20Report%20for%20Website%20-%20Jan%202022.pdf,https://gaming.az.gov/blog-terms/event-wagering-revenue-reports,AZ/screenshots/AZ_2022_01_AZ_2022_01_p1.png,"Sahara Bets $ - $ 6 2,805.97 $ - $ 6 3,139.05 $ - $ (490.09) $ - $ - $ - $ - $ - $ -",,2026-04-08T18:25:25.780484
AZ,2022-01-01,2022-01-31,monthly,"SBOpco, LLC (SuperBook)",SuperBook,SuperBook,SuperBook Sports,retail,,0,0,0,0,0,0,0,0,,31,False,False,AZ_2022_01.pdf,,,,,,https://gaming.az.gov/sites/default/files/EW%20Revenue%20Report%20for%20Website%20-%20Jan%202022.pdf,https://gaming.az.gov/blog-terms/event-wagering-revenue-reports,AZ/screenshots/AZ_2022_01_AZ_2022_01_p1.png,"SBOpco, LLC (SuperBook) $ - $ 1 ,015,205.46 $ - $ 9 36,703.05 $ - $ 7 6,453.70 $ - $ 7 6,453.70 $ - $ - $ - $ -",,2026-04-08T18:25:25.780484
AZ,2022-01-01,2022-01-31,monthly,"SBOpco, LLC (SuperBook)",SuperBook,SuperBook,SuperBook Sports,online,,101520546,7645370,7850241,7645370,0,93670305,0,204871,0.0753085981235758,31,False,False,AZ_2022_01.pdf,,,,,,https://gaming.az.gov/sites/default/files/EW%20Revenue%20Report%20for%20Website%20-%20Jan%202022.pdf,https://gaming.az.gov/blog-terms/event-wagering-revenue-reports,AZ/screenshots/AZ_2022_01_AZ_2022_01_p1.png,"SBOpco, LLC (SuperBook) $ - $ 1 ,015,205.46 $ - $ 9 36,703.05 $ - $ 7 6,453.70 $ - $ 7 6,453.70 $ - $ - $ - $ -",,2026-04-08T18:25:25.780484
AZ,2022-01-01,2022-01-31,monthly,Seminole Hard Rock Digital,Hard Rock Bet,Hard Rock Bet,Seminole Tribe / Hard Rock Digital,retail,,0,0,0,0,0,0,0,0,,31,False,False,AZ_2022_01.pdf,,,,,,https://gaming.az.gov/sites/default/files/EW%20Revenue%20Report%20for%20Website%20-%20Jan%202022.pdf,https://gaming.az.gov/blog-terms/event-wagering-revenue-reports,AZ/screenshots/AZ_2022_01_AZ_2022_01_p1.png,Seminole Hard Rock Digital $ - $ - $ - $ - $ - $ - $ - $ - $ - $ - $ - $ -,,2026-04-08T18:25:25.780484
AZ,2022-01-01,2022-01-31,monthly,Seminole Hard Rock Digital,Hard Rock Bet,Hard Rock Bet,Seminole Tribe / Hard Rock Digital,online,,0,0,0,0,0,0,0,0,,31,False,False,AZ_2022_01.pdf,,,,,,https://gaming.az.gov/sites/default/files/EW%20Revenue%20Report%20for%20Website%20-%20Jan%202022.pdf,https://gaming.az.gov/blog-terms/event-wagering-revenue-reports,AZ/screenshots/AZ_2022_01_AZ_2022_01_p1.png,Seminole Hard Rock Digital $ - $ - $ - $ - $ - $ - $ - $ - $ - $ - $ - $ -,,2026-04-08T18:25:25.780484
AZ,2022-01-01,2022-01-31,monthly,Unibet AZ (Kindred),Unibet,Unibet,Kindred Group,retail,,0,0,0,0,0,0,0,0,,31,False,False,AZ_2022_01.pdf,,,,,,https://gaming.az.gov/sites/default/files/EW%20Revenue%20Report%20for%20Website%20-%20Jan%202022.pdf,https://gaming.az.gov/blog-terms/event-wagering-revenue-reports,AZ/screenshots/AZ_2022_01_AZ_2022_01_p1.png,"Unibet AZ (Kindred) $ - $ 5 29,019.66 $ - $ 4 66,019.73 $ - $ 6 1,677.38 $ - $ 3 4,635.89 $ - $ 2 7,041.49 $ - $ 2 ,704.15",,2026-04-08T18:25:25.780484
AZ,2022-01-01,2022-01-31,monthly,Unibet AZ (Kindred),Unibet,Unibet,Kindred Group,online,,52901966,6167738,6299993,3463589,2704149,46601973,270415,132255,0.1165880678234151,31,False,False,AZ_2022_01.pdf,,,,,,https://gaming.az.gov/sites/default/files/EW%20Revenue%20Report%20for%20Website%20-%20Jan%202022.pdf,https://gaming.az.gov/blog-terms/event-wagering-revenue-reports,AZ/screenshots/AZ_2022_01_AZ_2022_01_p1.png,"Unibet AZ (Kindred) $ - $ 5 29,019.66 $ - $ 4 66,019.73 $ - $ 6 1,677.38 $ - $ 3 4,635.89 $ - $ 2 7,041.49 $ - $ 2 ,704.15",,2026-04-08T18:25:25.780484
AZ,2022-01-01,2022-01-31,monthly,WSI US (WynnBet),WynnBET,ESPN Bet,PENN Entertainment,retail,,0,0,0,0,0,0,0,0,,31,False,False,AZ_2022_01.pdf,,,,,,https://gaming.az.gov/sites/default/files/EW%20Revenue%20Report%20for%20Website%20-%20Jan%202022.pdf,https://gaming.az.gov/blog-terms/event-wagering-revenue-reports,AZ/screenshots/AZ_2022_01_AZ_2022_01_p1.png,"WSI US (WynnBet) $ - $ 12,784,392.58 $ - $ 11,807,517.65 $ - $ 9 44,913.95 $ - $ 4 56,416.06 $ - $ 4 88,497.89 $ - $ 4 8,849.79",,2026-04-08T18:25:25.780484
AZ,2022-01-01,2022-01-31,monthly,WSI US (WynnBet),WynnBET,ESPN Bet,PENN Entertainment,online,,1278439258,94491395,97687493,45641606,48849789,1180751765,4884979,3196098,0.0739115248602605,31,False,False,AZ_2022_01.pdf,,,,,,https://gaming.az.gov/sites/default/files/EW%20Revenue%20Report%20for%20Website%20-%20Jan%202022.pdf,https://gaming.az.gov/blog-terms/event-wagering-revenue-reports,AZ/screenshots/AZ_2022_01_AZ_2022_01_p1.png,"WSI US (WynnBet) $ - $ 12,784,392.58 $ - $ 11,807,517.65 $ - $ 9 44,913.95 $ - $ 4 56,416.06 $ - $ 4 88,497.89 $ - $ 4 8,849.79",,2026-04-08T18:25:25.780484
AZ,2022-02-01,2022-02-28,monthly,"Bally Interactive, LLC",Bally Bet,Bally Bet,Bally's Corporation,retail,,0,0,0,0,0,0,0,0,,28,False,False,AZ_2022_02.pdf,,,,,,https://gaming.az.gov/sites/default/files/EW%20Revenue%20Rpt%20for%20Website%20-%20Feb%202022.pdf,https://gaming.az.gov/blog-terms/event-wagering-revenue-reports,AZ/screenshots/AZ_2022_02_AZ_2022_02_p1.png,"Bally Interactive, LLC $ - $ 7 0.00 $ - $ 95.98 $ - $ - $ - $ - $ - $ - $ - $ -",,2026-04-08T18:25:27.645696
AZ,2022-02-01,2022-02-28,monthly,"Bally Interactive, LLC",Bally Bet,Bally Bet,Bally's Corporation,online,,7000,0,-2598,0,0,9598,0,-2598,0.0,28,False,False,AZ_2022_02.pdf,,,,,,https://gaming.az.gov/sites/default/files/EW%20Revenue%20Rpt%20for%20Website%20-%20Feb%202022.pdf,https://gaming.az.gov/blog-terms/event-wagering-revenue-reports,AZ/screenshots/AZ_2022_02_AZ_2022_02_p1.png,"Bally Interactive, LLC $ - $ 7 0.00 $ - $ 95.98 $ - $ - $ - $ - $ - $ - $ - $ -",,2026-04-08T18:25:27.645696
AZ,2022-02-01,2022-02-28,monthly,BetFred,Betfred,Betfred,Betfred Group,retail,,0,0,0,0,0,0,0,0,,28,False,False,AZ_2022_02.pdf,,,,,,https://gaming.az.gov/sites/default/files/EW%20Revenue%20Rpt%20for%20Website%20-%20Feb%202022.pdf,https://gaming.az.gov/blog-terms/event-wagering-revenue-reports,AZ/screenshots/AZ_2022_02_AZ_2022_02_p1.png,"BetFred $ - $ 5 9,051.09 $ - $ 48,303.62 $ - $ 10,599.84 $ - $ 10,599.84 $ - $ - $ - $ -",,2026-04-08T18:25:27.645696
AZ,2022-02-01,2022-02-28,monthly,BetFred,Betfred,Betfred,Betfred Group,online,,5905109,1059984,1074747,1059984,0,4830362,0,14763,0.179502867770942,28,False,False,AZ_2022_02.pdf,,,,,,https://gaming.az.gov/sites/default/files/EW%20Revenue%20Rpt%20for%20Website%20-%20Feb%202022.pdf,https://gaming.az.gov/blog-terms/event-wagering-revenue-reports,AZ/screenshots/AZ_2022_02_AZ_2022_02_p1.png,"BetFred $ - $ 5 9,051.09 $ - $ 48,303.62 $ - $ 10,599.84 $ - $ 10,599.84 $ - $ - $ - $ -",,2026-04-08T18:25:27.645696
AZ,2022-02-01,2022-02-28,monthly,BetMGM,BetMGM,BetMGM,Entain/MGM Resorts,retail,,0,0,0,0,0,0,0,0,,28,False,False,AZ_2022_02.pdf,,,,,,https://gaming.az.gov/sites/default/files/EW%20Revenue%20Rpt%20for%20Website%20-%20Feb%202022.pdf,https://gaming.az.gov/blog-terms/event-wagering-revenue-reports,AZ/screenshots/AZ_2022_02_AZ_2022_02_p1.png,"BetMGM $ - $ 9 9,840,969.54 $ - $ 91,035,888.56 $ - $ 8,575,603.90 $ - $ 7,916,999.07 $ - $ 658,604.83 $ - $ 6 5,860.48",,2026-04-08T18:25:27.645696
AZ,2022-02-01,2022-02-28,monthly,BetMGM,BetMGM,BetMGM,Entain/MGM Resorts,online,,9984096954,857560390,880508098,791699907,65860483,9103588856,6586048,22947708,0.0858926344516746,28,False,False,AZ_2022_02.pdf,,,,,,https://gaming.az.gov/sites/default/files/EW%20Revenue%20Rpt%20for%20Website%20-%20Feb%202022.pdf,https://gaming.az.gov/blog-terms/event-wagering-revenue-reports,AZ/screenshots/AZ_2022_02_AZ_2022_02_p1.png,"BetMGM $ - $ 9 9,840,969.54 $ - $ 91,035,888.56 $ - $ 8,575,603.90 $ - $ 7,916,999.07 $ - $ 658,604.83 $ - $ 6 5,860.48",,2026-04-08T18:25:27.645696
AZ,2022-02-01,2022-02-28,monthly,Caesars (American Wagering),Caesars,Caesars,Caesars Entertainment,retail,,58012565,6235089,6380435,0,6235089,51632130,498807,145346,0.1074782506169137,28,False,False,AZ_2022_02.pdf,,,,,,https://gaming.az.gov/sites/default/files/EW%20Revenue%20Rpt%20for%20Website%20-%20Feb%202022.pdf,https://gaming.az.gov/blog-terms/event-wagering-revenue-reports,AZ/screenshots/AZ_2022_02_AZ_2022_02_p1.png,"Caesars (American Wagering) $ 580,125.65 $ 7 8,443,886.70 $ 516,321.30 $ 76,029,292.08 $ 62,350.89 $ 2,218,061.60 $ - $ 2,218,061.60 $ 62,350.89 $ - $ 4 ,988.07 $ -",,2026-04-08T18:25:27.645696
AZ,2022-02-01,2022-02-28,monthly,Caesars (American Wagering),Caesars,Caesars,Caesars Entertainment,online,,7844388670,221806160,241459462,221806160,0,7602929208,0,19653302,0.0282757738468866,28,False,False,AZ_2022_02.pdf,,,,,,https://gaming.az.gov/sites/default/files/EW%20Revenue%20Rpt%20for%20Website%20-%20Feb%202022.pdf,https://gaming.az.gov/blog-terms/event-wagering-revenue-reports,AZ/screenshots/AZ_2022_02_AZ_2022_02_p1.png,"Caesars (American Wagering) $ 580,125.65 $ 7 8,443,886.70 $ 516,321.30 $ 76,029,292.08 $ 62,350.89 $ 2,218,061.60 $ - $ 2,218,061.60 $ 62,350.89 $ - $ 4 ,988.07 $ -",,2026-04-08T18:25:27.645696
AZ,2022-02-01,2022-02-28,monthly,Churchill Downs/TwinSpires,TwinSpires,TwinSpires,Churchill Downs Inc,retail,,0,0,0,0,0,0,0,0,,28,False,False,AZ_2022_02.pdf,,,,,,https://gaming.az.gov/sites/default/files/EW%20Revenue%20Rpt%20for%20Website%20-%20Feb%202022.pdf,https://gaming.az.gov/blog-terms/event-wagering-revenue-reports,AZ/screenshots/AZ_2022_02_AZ_2022_02_p1.png,"Churchill Downs/TwinSpires $ - $ 1 ,205,614.36 $ - $ 1,176,389.03 $ - $ 26,199.33 $ - $ 26,199.33 $ - $ - $ - $ -",,2026-04-08T18:25:27.645696
AZ,2022-02-01,2022-02-28,monthly,Churchill Downs/TwinSpires,TwinSpires,TwinSpires,Churchill Downs Inc,online,,120561436,2619933,2922533,2619933,0,117638903,0,302600,0.0217311031364954,28,False,False,AZ_2022_02.pdf,,,,,,https://gaming.az.gov/sites/default/files/EW%20Revenue%20Rpt%20for%20Website%20-%20Feb%202022.pdf,https://gaming.az.gov/blog-terms/event-wagering-revenue-reports,AZ/screenshots/AZ_2022_02_AZ_2022_02_p1.png,"Churchill Downs/TwinSpires $ - $ 1 ,205,614.36 $ - $ 1,176,389.03 $ - $ 26,199.33 $ - $ 26,199.33 $ - $ - $ - $ -",,2026-04-08T18:25:27.645696
AZ,2022-02-01,2022-02-28,monthly,Desert Diamond Mobile,Desert Diamond,Desert Diamond,Tohono O'odham Nation,retail,,0,0,0,0,0,0,0,0,,28,False,False,AZ_2022_02.pdf,,,,,,https://gaming.az.gov/sites/default/files/EW%20Revenue%20Rpt%20for%20Website%20-%20Feb%202022.pdf,https://gaming.az.gov/blog-terms/event-wagering-revenue-reports,AZ/screenshots/AZ_2022_02_AZ_2022_02_p1.png,"Desert Diamond Mobile $ - $ 1 05,556.16 $ - $ 91,363.99 $ - $ 13,928.28 $ - $ 13,928.28 $ - $ - $ - $ -",,2026-04-08T18:25:27.645696
AZ,2022-02-01,2022-02-28,monthly,Desert Diamond Mobile,Desert Diamond,Desert Diamond,Tohono O'odham Nation,online,,10555616,1392828,1419217,1392828,0,9136399,0,26389,0.1319513707205718,28,False,False,AZ_2022_02.pdf,,,,,,https://gaming.az.gov/sites/default/files/EW%20Revenue%20Rpt%20for%20Website%20-%20Feb%202022.pdf,https://gaming.az.gov/blog-terms/event-wagering-revenue-reports,AZ/screenshots/AZ_2022_02_AZ_2022_02_p1.png,"Desert Diamond Mobile $ - $ 1 05,556.16 $ - $ 91,363.99 $ - $ 13,928.28 $ - $ 13,928.28 $ - $ - $ - $ -",,2026-04-08T18:25:27.645696
AZ,2022-02-01,2022-02-28,monthly,Digital Gaming USA,Betway,Betway,Digital Gaming USA,retail,,0,0,0,0,0,0,0,0,,28,False,False,AZ_2022_02.pdf,,,,,,https://gaming.az.gov/sites/default/files/EW%20Revenue%20Rpt%20for%20Website%20-%20Feb%202022.pdf,https://gaming.az.gov/blog-terms/event-wagering-revenue-reports,AZ/screenshots/AZ_2022_02_AZ_2022_02_p1.png,"Digital Gaming USA $ - $ 1 6,078.73 $ - $ 18,797.96 $ - $ - $ - $ - $ - $ - $ - $ -",,2026-04-08T18:25:27.645696
AZ,2022-02-01,2022-02-28,monthly,Digital Gaming USA,Betway,Betway,Digital Gaming USA,online,,1607873,0,-271923,0,0,1879796,0,-271923,0.0,28,False,False,AZ_2022_02.pdf,,,,,,https://gaming.az.gov/sites/default/files/EW%20Revenue%20Rpt%20for%20Website%20-%20Feb%202022.pdf,https://gaming.az.gov/blog-terms/event-wagering-revenue-reports,AZ/screenshots/AZ_2022_02_AZ_2022_02_p1.png,"Digital Gaming USA $ - $ 1 6,078.73 $ - $ 18,797.96 $ - $ - $ - $ - $ - $ - $ - $ -",,2026-04-08T18:25:27.645696
AZ,2022-02-01,2022-02-28,monthly,Draft Kings/Crown Gaming,DraftKings,DraftKings,DraftKings Inc,retail,,0,0,0,0,0,0,0,0,,28,False,False,AZ_2022_02.pdf,,,,,,https://gaming.az.gov/sites/default/files/EW%20Revenue%20Rpt%20for%20Website%20-%20Feb%202022.pdf,https://gaming.az.gov/blog-terms/event-wagering-revenue-reports,AZ/screenshots/AZ_2022_02_AZ_2022_02_p1.png,"Draft Kings/Crown Gaming $ - $ 1 31,653,739.30 $ - $ 121,519,059.00 $ - $ 9,805,545.95 $ - $ 5,410,471.64 $ - $ 4,395,074.31 $ - $ 4 39,507.43",,2026-04-08T18:25:27.645696
AZ,2022-02-01,2022-02-28,monthly,Draft Kings/Crown Gaming,DraftKings,DraftKings,DraftKings Inc,online,,13165373930,980554595,1013468030,541047164,439507431,12151905900,43950743,32913435,0.0744798135027221,28,False,False,AZ_2022_02.pdf,,,,,,https://gaming.az.gov/sites/default/files/EW%20Revenue%20Rpt%20for%20Website%20-%20Feb%202022.pdf,https://gaming.az.gov/blog-terms/event-wagering-revenue-reports,AZ/screenshots/AZ_2022_02_AZ_2022_02_p1.png,"Draft Kings/Crown Gaming $ - $ 1 31,653,739.30 $ - $ 121,519,059.00 $ - $ 9,805,545.95 $ - $ 5,410,471.64 $ - $ 4,395,074.31 $ - $ 4 39,507.43",,2026-04-08T18:25:27.645696
AZ,2022-02-01,2022-02-28,monthly,Fan Duel,FanDuel,FanDuel,Flutter Entertainment,retail,,277476565,73894974,74588665,280625,73614349,202887900,5889148,693691,0.2663106846518732,28,False,False,AZ_2022_02.pdf,,,,,,https://gaming.az.gov/sites/default/files/EW%20Revenue%20Rpt%20for%20Website%20-%20Feb%202022.pdf,https://gaming.az.gov/blog-terms/event-wagering-revenue-reports,AZ/screenshots/AZ_2022_02_AZ_2022_02_p1.png,"Fan Duel $ 2,774,765.65 $ 1 42,445,277.66 $ 2,028,879.00 $ 140,816,245.20 $ 738,949.74 $ 1,279,929.97 $ 2,806.25 $ 1,279,929.97 $ 736,143.49 $ - $ 5 8,891.48 $ -",,2026-04-08T18:25:27.645696
AZ,2022-02-01,2022-02-28,monthly,Fan Duel,FanDuel,FanDuel,Flutter Entertainment,online,,14244527766,127992997,162903246,127992997,0,14081624520,0,34910249,0.0089854152487598,28,False,False,AZ_2022_02.pdf,,,,,,https://gaming.az.gov/sites/default/files/EW%20Revenue%20Rpt%20for%20Website%20-%20Feb%202022.pdf,https://gaming.az.gov/blog-terms/event-wagering-revenue-reports,AZ/screenshots/AZ_2022_02_AZ_2022_02_p1.png,"Fan Duel $ 2,774,765.65 $ 1 42,445,277.66 $ 2,028,879.00 $ 140,816,245.20 $ 738,949.74 $ 1,279,929.97 $ 2,806.25 $ 1,279,929.97 $ 736,143.49 $ - $ 5 8,891.48 $ -",,2026-04-08T18:25:27.645696
AZ,2022-02-01,2022-02-28,monthly,Fubo.TV,Fubo Sportsbook (defunct),Fubo Sportsbook (defunct),fuboTV,retail,,0,0,0,0,0,0,0,0,,28,False,False,AZ_2022_02.pdf,,,,,,https://gaming.az.gov/sites/default/files/EW%20Revenue%20Rpt%20for%20Website%20-%20Feb%202022.pdf,https://gaming.az.gov/blog-terms/event-wagering-revenue-reports,AZ/screenshots/AZ_2022_02_AZ_2022_02_p1.png,"Fubo.TV $ - $ 8 95,231.94 $ - $ 818,167.59 $ - $ 74,826.27 $ - $ 74,826.27 $ - $ - $ - $ -",,2026-04-08T18:25:27.645696
AZ,2022-02-01,2022-02-28,monthly,Fubo.TV,Fubo Sportsbook (defunct),Fubo Sportsbook (defunct),fuboTV,online,,89523194,7482627,7706435,7482627,0,81816759,0,223808,0.0835831103166404,28,False,False,AZ_2022_02.pdf,,,,,,https://gaming.az.gov/sites/default/files/EW%20Revenue%20Rpt%20for%20Website%20-%20Feb%202022.pdf,https://gaming.az.gov/blog-terms/event-wagering-revenue-reports,AZ/screenshots/AZ_2022_02_AZ_2022_02_p1.png,"Fubo.TV $ - $ 8 95,231.94 $ - $ 818,167.59 $ - $ 74,826.27 $ - $ 74,826.27 $ - $ - $ - $ -",,2026-04-08T18:25:27.645696
AZ,2022-02-01,2022-02-28,monthly,Golden Nugget Online Gaming,DraftKings (Golden Nugget),DraftKings,DraftKings Inc,retail,,0,0,0,0,0,0,0,0,,28,False,False,AZ_2022_02.pdf,,,,,,https://gaming.az.gov/sites/default/files/EW%20Revenue%20Rpt%20for%20Website%20-%20Feb%202022.pdf,https://gaming.az.gov/blog-terms/event-wagering-revenue-reports,AZ/screenshots/AZ_2022_02_AZ_2022_02_p1.png,"Golden Nugget Online Gaming $ - $ 4 ,100.07 $ - $ 3,380.99 $ - $ 708.83 $ - $ - $ - $ 708.83 $ - $ 7 0.88",,2026-04-08T18:25:27.645696
AZ,2022-02-01,2022-02-28,monthly,Golden Nugget Online Gaming,DraftKings (Golden Nugget),DraftKings,DraftKings Inc,online,,410007,70883,71908,0,70883,338099,7088,1025,0.1728824142026843,28,False,False,AZ_2022_02.pdf,,,,,,https://gaming.az.gov/sites/default/files/EW%20Revenue%20Rpt%20for%20Website%20-%20Feb%202022.pdf,https://gaming.az.gov/blog-terms/event-wagering-revenue-reports,AZ/screenshots/AZ_2022_02_AZ_2022_02_p1.png,"Golden Nugget Online Gaming $ - $ 4 ,100.07 $ - $ 3,380.99 $ - $ 708.83 $ - $ - $ - $ 708.83 $ - $ 7 0.88",,2026-04-08T18:25:27.645696
AZ,2022-02-01,2022-02-28,monthly,Penn Sports (Barstool Sports),ESPN Bet,ESPN Bet,PENN Entertainment,retail,,0,0,0,0,0,0,0,0,,28,False,False,AZ_2022_02.pdf,,,,,,https://gaming.az.gov/sites/default/files/EW%20Revenue%20Rpt%20for%20Website%20-%20Feb%202022.pdf,https://gaming.az.gov/blog-terms/event-wagering-revenue-reports,AZ/screenshots/AZ_2022_02_AZ_2022_02_p1.png,"Penn Sports (Barstool Sports) $ - $ 1 7,916,489.98 $ - $ 16,873,239.75 $ - $ 998,459.01 $ - $ 266,451.43 $ - $ 732,007.58 $ - $ 7 3,200.76",,2026-04-08T18:25:27.645696
AZ,2022-02-01,2022-02-28,monthly,Penn Sports (Barstool Sports),ESPN Bet,ESPN Bet,PENN Entertainment,online,,1791648998,99845901,104325023,26645143,73200758,1687323975,7320076,4479122,0.0557284943152687,28,False,False,AZ_2022_02.pdf,,,,,,https://gaming.az.gov/sites/default/files/EW%20Revenue%20Rpt%20for%20Website%20-%20Feb%202022.pdf,https://gaming.az.gov/blog-terms/event-wagering-revenue-reports,AZ/screenshots/AZ_2022_02_AZ_2022_02_p1.png,"Penn Sports (Barstool Sports) $ - $ 1 7,916,489.98 $ - $ 16,873,239.75 $ - $ 998,459.01 $ - $ 266,451.43 $ - $ 732,007.58 $ - $ 7 3,200.76",,2026-04-08T18:25:27.645696
AZ,2022-02-01,2022-02-28,monthly,RSI (Rush Street Interactive),BetRivers,BetRivers,Rush Street Interactive,retail,,0,0,0,0,0,0,0,0,,28,False,False,AZ_2022_02.pdf,,,,,,https://gaming.az.gov/sites/default/files/EW%20Revenue%20Rpt%20for%20Website%20-%20Feb%202022.pdf,https://gaming.az.gov/blog-terms/event-wagering-revenue-reports,AZ/screenshots/AZ_2022_02_AZ_2022_02_p1.png,"RSI (Rush Street Interactive) $ - $ 4 ,570,159.43 $ - $ 4,492,213.46 $ - $ 66,520.57 $ - $ 66,520.57 $ - $ - $ - $ -",,2026-04-08T18:25:27.645696
AZ,2022-02-01,2022-02-28,monthly,RSI (Rush Street Interactive),BetRivers,BetRivers,Rush Street Interactive,online,,457015943,6652057,7794597,6652057,0,449221346,0,1142540,0.0145554156302157,28,False,False,AZ_2022_02.pdf,,,,,,https://gaming.az.gov/sites/default/files/EW%20Revenue%20Rpt%20for%20Website%20-%20Feb%202022.pdf,https://gaming.az.gov/blog-terms/event-wagering-revenue-reports,AZ/screenshots/AZ_2022_02_AZ_2022_02_p1.png,"RSI (Rush Street Interactive) $ - $ 4 ,570,159.43 $ - $ 4,492,213.46 $ - $ 66,520.57 $ - $ 66,520.57 $ - $ - $ - $ -",,2026-04-08T18:25:27.645696
AZ,2022-02-01,2022-02-28,monthly,Sahara Bets,Sahara Bets,Sahara Bets,Sahara Bets,retail,,0,0,0,0,0,0,0,0,,28,False,False,AZ_2022_02.pdf,,,,,,https://gaming.az.gov/sites/default/files/EW%20Revenue%20Rpt%20for%20Website%20-%20Feb%202022.pdf,https://gaming.az.gov/blog-terms/event-wagering-revenue-reports,AZ/screenshots/AZ_2022_02_AZ_2022_02_p1.png,"Sahara Bets $ - $ 6 3,495.11 $ - $ 70,471.48 $ - $ - $ - $ - $ - $ - $ - $ -",,2026-04-08T18:25:27.645696
AZ,2022-02-01,2022-02-28,monthly,Sahara Bets,Sahara Bets,Sahara Bets,Sahara Bets,online,,6349511,0,-697637,0,0,7047148,0,-697637,0.0,28,False,False,AZ_2022_02.pdf,,,,,,https://gaming.az.gov/sites/default/files/EW%20Revenue%20Rpt%20for%20Website%20-%20Feb%202022.pdf,https://gaming.az.gov/blog-terms/event-wagering-revenue-reports,AZ/screenshots/AZ_2022_02_AZ_2022_02_p1.png,"Sahara Bets $ - $ 6 3,495.11 $ - $ 70,471.48 $ - $ - $ - $ - $ - $ - $ - $ -",,2026-04-08T18:25:27.645696
AZ,2022-02-01,2022-02-28,monthly,"SBOpco, LLC (SuperBook)",SuperBook,SuperBook,SuperBook Sports,retail,,0,0,0,0,0,0,0,0,,28,False,False,AZ_2022_02.pdf,,,,,,https://gaming.az.gov/sites/default/files/EW%20Revenue%20Rpt%20for%20Website%20-%20Feb%202022.pdf,https://gaming.az.gov/blog-terms/event-wagering-revenue-reports,AZ/screenshots/AZ_2022_02_AZ_2022_02_p1.png,"SBOpco, LLC (SuperBook) $ - $ 1 ,415,818.77 $ - $ 1,393,273.25 $ - $ 19,545.93 $ - $ 19,545.93 $ - $ - $ - $ -",,2026-04-08T18:25:27.645696
AZ,2022-02-01,2022-02-28,monthly,"SBOpco, LLC (SuperBook)",SuperBook,SuperBook,SuperBook Sports,online,,141581877,1954593,2254552,1954593,0,139327325,0,299959,0.0138053897957575,28,False,False,AZ_2022_02.pdf,,,,,,https://gaming.az.gov/sites/default/files/EW%20Revenue%20Rpt%20for%20Website%20-%20Feb%202022.pdf,https://gaming.az.gov/blog-terms/event-wagering-revenue-reports,AZ/screenshots/AZ_2022_02_AZ_2022_02_p1.png,"SBOpco, LLC (SuperBook) $ - $ 1 ,415,818.77 $ - $ 1,393,273.25 $ - $ 19,545.93 $ - $ 19,545.93 $ - $ - $ - $ -",,2026-04-08T18:25:27.645696
AZ,2022-02-01,2022-02-28,monthly,Seminole Hard Rock Digital,Hard Rock Bet,Hard Rock Bet,Seminole Tribe / Hard Rock Digital,retail,,0,0,0,0,0,0,0,0,,28,False,False,AZ_2022_02.pdf,,,,,,https://gaming.az.gov/sites/default/files/EW%20Revenue%20Rpt%20for%20Website%20-%20Feb%202022.pdf,https://gaming.az.gov/blog-terms/event-wagering-revenue-reports,AZ/screenshots/AZ_2022_02_AZ_2022_02_p1.png,"Seminole Hard Rock Digital $ - $ 1 9,209.00 $ - $ 18,635.88 $ - $ 525.10 $ - $ 525.10 $ - $ - $ - $ -",,2026-04-08T18:25:27.645696
AZ,2022-02-01,2022-02-28,monthly,Seminole Hard Rock Digital,Hard Rock Bet,Hard Rock Bet,Seminole Tribe / Hard Rock Digital,online,,1920900,52510,57312,52510,0,1863588,0,4802,0.0273361445155916,28,False,False,AZ_2022_02.pdf,,,,,,https://gaming.az.gov/sites/default/files/EW%20Revenue%20Rpt%20for%20Website%20-%20Feb%202022.pdf,https://gaming.az.gov/blog-terms/event-wagering-revenue-reports,AZ/screenshots/AZ_2022_02_AZ_2022_02_p1.png,"Seminole Hard Rock Digital $ - $ 1 9,209.00 $ - $ 18,635.88 $ - $ 525.10 $ - $ 525.10 $ - $ - $ - $ -",,2026-04-08T18:25:27.645696
AZ,2022-02-01,2022-02-28,monthly,Unibet AZ (Kindred),Unibet,Unibet,Kindred Group,retail,,0,0,0,0,0,0,0,0,,28,False,False,AZ_2022_02.pdf,,,,,,https://gaming.az.gov/sites/default/files/EW%20Revenue%20Rpt%20for%20Website%20-%20Feb%202022.pdf,https://gaming.az.gov/blog-terms/event-wagering-revenue-reports,AZ/screenshots/AZ_2022_02_AZ_2022_02_p1.png,"Unibet AZ (Kindred) $ - $ 8 10,458.50 $ - $ 778,346.92 $ - $ 30,085.43 $ - $ 30,085.43 $ - $ - $ - $ -",,2026-04-08T18:25:27.645696
AZ,2022-02-01,2022-02-28,monthly,Unibet AZ (Kindred),Unibet,Unibet,Kindred Group,online,,81045850,3008543,3211158,3008543,0,77834692,0,202615,0.0371214935743162,28,False,False,AZ_2022_02.pdf,,,,,,https://gaming.az.gov/sites/default/files/EW%20Revenue%20Rpt%20for%20Website%20-%20Feb%202022.pdf,https://gaming.az.gov/blog-terms/event-wagering-revenue-reports,AZ/screenshots/AZ_2022_02_AZ_2022_02_p1.png,"Unibet AZ (Kindred) $ - $ 8 10,458.50 $ - $ 778,346.92 $ - $ 30,085.43 $ - $ 30,085.43 $ - $ - $ - $ -",,2026-04-08T18:25:27.645696
AZ,2022-02-01,2022-02-28,monthly,WSI US (WynnBet),WynnBET,ESPN Bet,PENN Entertainment,retail,,0,0,0,0,0,0,0,0,,28,False,False,AZ_2022_02.pdf,,,,,,https://gaming.az.gov/sites/default/files/EW%20Revenue%20Rpt%20for%20Website%20-%20Feb%202022.pdf,https://gaming.az.gov/blog-terms/event-wagering-revenue-reports,AZ/screenshots/AZ_2022_02_AZ_2022_02_p1.png,"WSI US (WynnBet) $ - $ 8 ,845,456.12 $ - $ 8,307,353.95 $ - $ 515,988.53 $ - $ 234,322.99 $ - $ 281,665.54 $ - $ 2 8,166.55",,2026-04-08T18:25:27.645696
AZ,2022-02-01,2022-02-28,monthly,WSI US (WynnBet),WynnBET,ESPN Bet,PENN Entertainment,online,,884545612,51598853,53810217,23432299,28166554,830735395,2816655,2211364,0.0583337391537475,28,False,False,AZ_2022_02.pdf,,,,,,https://gaming.az.gov/sites/default/files/EW%20Revenue%20Rpt%20for%20Website%20-%20Feb%202022.pdf,https://gaming.az.gov/blog-terms/event-wagering-revenue-reports,AZ/screenshots/AZ_2022_02_AZ_2022_02_p1.png,"WSI US (WynnBet) $ - $ 8 ,845,456.12 $ - $ 8,307,353.95 $ - $ 515,988.53 $ - $ 234,322.99 $ - $ 281,665.54 $ - $ 2 8,166.55",,2026-04-08T18:25:27.645696
AZ,2022-03-01,2022-03-31,monthly,"Bally Interactive, LLC",Bally Bet,Bally Bet,Bally's Corporation,retail,,0,0,0,0,0,0,0,0,,31,False,False,AZ_2022_03.pdf,,,,,,https://gaming.az.gov/sites/default/files/EW%20Revenue%20Report%20for%20Website%20-%20Mar%202022.pdf,https://gaming.az.gov/blog-terms/event-wagering-revenue-reports,AZ/screenshots/AZ_2022_03_AZ_2022_03_p1.png,"Bally Interactive, LLC $ - $ - $ - $ - $ - $ - $ - $ - $ - $ - $ - $ -",,2026-04-08T18:25:29.587273
AZ,2022-03-01,2022-03-31,monthly,"Bally Interactive, LLC",Bally Bet,Bally Bet,Bally's Corporation,online,,0,0,0,0,0,0,0,0,,31,False,False,AZ_2022_03.pdf,,,,,,https://gaming.az.gov/sites/default/files/EW%20Revenue%20Report%20for%20Website%20-%20Mar%202022.pdf,https://gaming.az.gov/blog-terms/event-wagering-revenue-reports,AZ/screenshots/AZ_2022_03_AZ_2022_03_p1.png,"Bally Interactive, LLC $ - $ - $ - $ - $ - $ - $ - $ - $ - $ - $ - $ -",,2026-04-08T18:25:29.587273
AZ,2022-03-01,2022-03-31,monthly,BetFred,Betfred,Betfred,Betfred Group,retail,,0,0,0,0,0,0,0,0,,31,False,False,AZ_2022_03.pdf,,,,,,https://gaming.az.gov/sites/default/files/EW%20Revenue%20Report%20for%20Website%20-%20Mar%202022.pdf,https://gaming.az.gov/blog-terms/event-wagering-revenue-reports,AZ/screenshots/AZ_2022_03_AZ_2022_03_p1.png,"BetFred $ - $ 3 ,496,735.39 $ - $ 3,097,824.40 $ - $ 390,169.15 $ - $ 390,169.15 $ - $ - $ - $ -",,2026-04-08T18:25:29.587273
AZ,2022-03-01,2022-03-31,monthly,BetFred,Betfred,Betfred,Betfred Group,online,,349673539,39016915,39891099,39016915,0,309782440,0,874184,0.111580976677792,31,False,False,AZ_2022_03.pdf,,,,,,https://gaming.az.gov/sites/default/files/EW%20Revenue%20Report%20for%20Website%20-%20Mar%202022.pdf,https://gaming.az.gov/blog-terms/event-wagering-revenue-reports,AZ/screenshots/AZ_2022_03_AZ_2022_03_p1.png,"BetFred $ - $ 3 ,496,735.39 $ - $ 3,097,824.40 $ - $ 390,169.15 $ - $ 390,169.15 $ - $ - $ - $ -",,2026-04-08T18:25:29.587273
AZ,2022-03-01,2022-03-31,monthly,BetMGM,BetMGM,BetMGM,Entain/MGM Resorts,retail,,0,0,0,0,0,0,0,0,,31,False,False,AZ_2022_03.pdf,,,,,,https://gaming.az.gov/sites/default/files/EW%20Revenue%20Report%20for%20Website%20-%20Mar%202022.pdf,https://gaming.az.gov/blog-terms/event-wagering-revenue-reports,AZ/screenshots/AZ_2022_03_AZ_2022_03_p1.png,"BetMGM $ - $ 1 33,747,501.08 $ - $ 123,085,758.90 $ - $ 10,342,969.78 $ - $ 6,693,649.10 $ - $ 3,649,320.68 $ - $ 3 64,932.07",,2026-04-08T18:25:29.587273
AZ,2022-03-01,2022-03-31,monthly,BetMGM,BetMGM,BetMGM,Entain/MGM Resorts,online,,13374750108,1034296978,1066174218,669364910,364932068,12308575890,36493207,31877240,0.0773320600121974,31,False,False,AZ_2022_03.pdf,,,,,,https://gaming.az.gov/sites/default/files/EW%20Revenue%20Report%20for%20Website%20-%20Mar%202022.pdf,https://gaming.az.gov/blog-terms/event-wagering-revenue-reports,AZ/screenshots/AZ_2022_03_AZ_2022_03_p1.png,"BetMGM $ - $ 1 33,747,501.08 $ - $ 123,085,758.90 $ - $ 10,342,969.78 $ - $ 6,693,649.10 $ - $ 3,649,320.68 $ - $ 3 64,932.07",,2026-04-08T18:25:29.587273
AZ,2022-03-01,2022-03-31,monthly,Caesars (American Wagering),Caesars,Caesars,Caesars Entertainment,retail,,45875838,4511640,4623528,0,4511640,41252310,360931,111888,0.0983445795584159,31,False,False,AZ_2022_03.pdf,,,,,,https://gaming.az.gov/sites/default/files/EW%20Revenue%20Report%20for%20Website%20-%20Mar%202022.pdf,https://gaming.az.gov/blog-terms/event-wagering-revenue-reports,AZ/screenshots/AZ_2022_03_AZ_2022_03_p1.png,"Caesars (American Wagering) $ 458,758.38 $ 9 5,311,604.35 $ 412,523.10 $ 90,255,347.74 $ 45,116.40 $ 4,822,706.78 $ - $ 2,457,734.14 $ 45,116.40 $ 2,364,972.64 $ 3 ,609.31 $ 2 36,497.26",,2026-04-08T18:25:29.587273
AZ,2022-03-01,2022-03-31,monthly,Caesars (American Wagering),Caesars,Caesars,Caesars Entertainment,online,,9531160435,482270678,505625661,245773414,236497264,9025534774,23649726,23354983,0.0505993662879728,31,False,False,AZ_2022_03.pdf,,,,,,https://gaming.az.gov/sites/default/files/EW%20Revenue%20Report%20for%20Website%20-%20Mar%202022.pdf,https://gaming.az.gov/blog-terms/event-wagering-revenue-reports,AZ/screenshots/AZ_2022_03_AZ_2022_03_p1.png,"Caesars (American Wagering) $ 458,758.38 $ 9 5,311,604.35 $ 412,523.10 $ 90,255,347.74 $ 45,116.40 $ 4,822,706.78 $ - $ 2,457,734.14 $ 45,116.40 $ 2,364,972.64 $ 3 ,609.31 $ 2 36,497.26",,2026-04-08T18:25:29.587273
AZ,2022-03-01,2022-03-31,monthly,Churchill Downs/TwinSpires,TwinSpires,TwinSpires,Churchill Downs Inc,retail,,0,0,0,0,0,0,0,0,,31,False,False,AZ_2022_03.pdf,,,,,,https://gaming.az.gov/sites/default/files/EW%20Revenue%20Report%20for%20Website%20-%20Mar%202022.pdf,https://gaming.az.gov/blog-terms/event-wagering-revenue-reports,AZ/screenshots/AZ_2022_03_AZ_2022_03_p1.png,"Churchill Downs/TwinSpires $ - $ 1 ,089,792.11 $ - $ 970,453.80 $ - $ 116,611.31 $ - $ 18,074.07 $ - $ 98,537.24 $ - $ 9 ,853.72",,2026-04-08T18:25:29.587273
AZ,2022-03-01,2022-03-31,monthly,Churchill Downs/TwinSpires,TwinSpires,TwinSpires,Churchill Downs Inc,online,,108979211,11661131,11933831,1807407,9853724,97045380,985372,272700,0.1070032613834945,31,False,False,AZ_2022_03.pdf,,,,,,https://gaming.az.gov/sites/default/files/EW%20Revenue%20Report%20for%20Website%20-%20Mar%202022.pdf,https://gaming.az.gov/blog-terms/event-wagering-revenue-reports,AZ/screenshots/AZ_2022_03_AZ_2022_03_p1.png,"Churchill Downs/TwinSpires $ - $ 1 ,089,792.11 $ - $ 970,453.80 $ - $ 116,611.31 $ - $ 18,074.07 $ - $ 98,537.24 $ - $ 9 ,853.72",,2026-04-08T18:25:29.587273
AZ,2022-03-01,2022-03-31,monthly,Desert Diamond Mobile,Desert Diamond,Desert Diamond,Tohono O'odham Nation,retail,,0,0,0,0,0,0,0,0,,31,False,False,AZ_2022_03.pdf,,,,,,https://gaming.az.gov/sites/default/files/EW%20Revenue%20Report%20for%20Website%20-%20Mar%202022.pdf,https://gaming.az.gov/blog-terms/event-wagering-revenue-reports,AZ/screenshots/AZ_2022_03_AZ_2022_03_p1.png,"Desert Diamond Mobile $ - $ 1 ,009,956.96 $ - $ 1,028,356.72 $ - $ - $ - $ - $ - $ - $ - $ -",,2026-04-08T18:25:29.587273
AZ,2022-03-01,2022-03-31,monthly,Desert Diamond Mobile,Desert Diamond,Desert Diamond,Tohono O'odham Nation,online,,100995696,0,-1839976,0,0,102835672,0,-1839976,0.0,31,False,False,AZ_2022_03.pdf,,,,,,https://gaming.az.gov/sites/default/files/EW%20Revenue%20Report%20for%20Website%20-%20Mar%202022.pdf,https://gaming.az.gov/blog-terms/event-wagering-revenue-reports,AZ/screenshots/AZ_2022_03_AZ_2022_03_p1.png,"Desert Diamond Mobile $ - $ 1 ,009,956.96 $ - $ 1,028,356.72 $ - $ - $ - $ - $ - $ - $ - $ -",,2026-04-08T18:25:29.587273
AZ,2022-03-01,2022-03-31,monthly,Digital Gaming USA,Betway,Betway,Digital Gaming USA,retail,,0,0,0,0,0,0,0,0,,31,False,False,AZ_2022_03.pdf,,,,,,https://gaming.az.gov/sites/default/files/EW%20Revenue%20Report%20for%20Website%20-%20Mar%202022.pdf,https://gaming.az.gov/blog-terms/event-wagering-revenue-reports,AZ/screenshots/AZ_2022_03_AZ_2022_03_p1.png,"Digital Gaming USA $ - $ 1 11,923.86 $ - $ 101,546.87 $ - $ 10,097.18 $ - $ 10,097.18 $ - $ - $ - $ -",,2026-04-08T18:25:29.587273
AZ,2022-03-01,2022-03-31,monthly,Digital Gaming USA,Betway,Betway,Digital Gaming USA,online,,11192386,1009718,1037699,1009718,0,10154687,0,27981,0.0902147227588469,31,False,False,AZ_2022_03.pdf,,,,,,https://gaming.az.gov/sites/default/files/EW%20Revenue%20Report%20for%20Website%20-%20Mar%202022.pdf,https://gaming.az.gov/blog-terms/event-wagering-revenue-reports,AZ/screenshots/AZ_2022_03_AZ_2022_03_p1.png,"Digital Gaming USA $ - $ 1 11,923.86 $ - $ 101,546.87 $ - $ 10,097.18 $ - $ 10,097.18 $ - $ - $ - $ -",,2026-04-08T18:25:29.587273
AZ,2022-03-01,2022-03-31,monthly,Draft Kings/Crown Gaming,DraftKings,DraftKings,DraftKings Inc,retail,,0,0,0,0,0,0,0,0,,31,False,False,AZ_2022_03.pdf,,,,,,https://gaming.az.gov/sites/default/files/EW%20Revenue%20Report%20for%20Website%20-%20Mar%202022.pdf,https://gaming.az.gov/blog-terms/event-wagering-revenue-reports,AZ/screenshots/AZ_2022_03_AZ_2022_03_p1.png,"Draft Kings/Crown Gaming $ - $ 2 30,235,477.28 $ - $ 223,005,382.11 $ - $ 6,662,749.75 $ - $ 3,439,252.36 $ - $ 3,223,497.39 $ - $ 3 22,349.74",,2026-04-08T18:25:29.587273
AZ,2022-03-01,2022-03-31,monthly,Draft Kings/Crown Gaming,DraftKings,DraftKings,DraftKings Inc,online,,23023547728,666274975,723009517,343925236,322349739,22300538211,32234974,56734542,0.0289388491674422,31,False,False,AZ_2022_03.pdf,,,,,,https://gaming.az.gov/sites/default/files/EW%20Revenue%20Report%20for%20Website%20-%20Mar%202022.pdf,https://gaming.az.gov/blog-terms/event-wagering-revenue-reports,AZ/screenshots/AZ_2022_03_AZ_2022_03_p1.png,"Draft Kings/Crown Gaming $ - $ 2 30,235,477.28 $ - $ 223,005,382.11 $ - $ 6,662,749.75 $ - $ 3,439,252.36 $ - $ 3,223,497.39 $ - $ 3 22,349.74",,2026-04-08T18:25:29.587273
AZ,2022-03-01,2022-03-31,monthly,Fan Duel,FanDuel,FanDuel,Flutter Entertainment,retail,,286803365,8434695,9151703,1169900,7264795,277651662,581184,717008,0.0294093306750428,31,False,False,AZ_2022_03.pdf,,,,,,https://gaming.az.gov/sites/default/files/EW%20Revenue%20Report%20for%20Website%20-%20Mar%202022.pdf,https://gaming.az.gov/blog-terms/event-wagering-revenue-reports,AZ/screenshots/AZ_2022_03_AZ_2022_03_p1.png,"Fan Duel $ 2,868,033.65 $ 1 84,579,444.95 $ 2,776,516.62 $ 171,232,026.86 $ 84,346.95 $ 12,896,825.92 $ 11,699.00 $ 4,342,577.37 $ 72,647.95 $ 8,554,248.55 $ 5 ,811.84 $ 8 55,424.86",,2026-04-08T18:25:29.587273
AZ,2022-03-01,2022-03-31,monthly,Fan Duel,FanDuel,FanDuel,Flutter Entertainment,online,,18457944495,1289682592,1334741809,434257737,855424855,17123202686,85542486,45059217,0.0698714091566023,31,False,False,AZ_2022_03.pdf,,,,,,https://gaming.az.gov/sites/default/files/EW%20Revenue%20Report%20for%20Website%20-%20Mar%202022.pdf,https://gaming.az.gov/blog-terms/event-wagering-revenue-reports,AZ/screenshots/AZ_2022_03_AZ_2022_03_p1.png,"Fan Duel $ 2,868,033.65 $ 1 84,579,444.95 $ 2,776,516.62 $ 171,232,026.86 $ 84,346.95 $ 12,896,825.92 $ 11,699.00 $ 4,342,577.37 $ 72,647.95 $ 8,554,248.55 $ 5 ,811.84 $ 8 55,424.86",,2026-04-08T18:25:29.587273
AZ,2022-03-01,2022-03-31,monthly,Fubo.TV,Fubo Sportsbook (defunct),Fubo Sportsbook (defunct),fuboTV,retail,,0,0,0,0,0,0,0,0,,31,False,False,AZ_2022_03.pdf,,,,,,https://gaming.az.gov/sites/default/files/EW%20Revenue%20Report%20for%20Website%20-%20Mar%202022.pdf,https://gaming.az.gov/blog-terms/event-wagering-revenue-reports,AZ/screenshots/AZ_2022_03_AZ_2022_03_p1.png,"Fubo.TV $ - $ 8 79,565.17 $ - $ 770,478.79 $ - $ 106,887.47 $ - $ 106,887.47 $ - $ - $ - $ -",,2026-04-08T18:25:29.587273
AZ,2022-03-01,2022-03-31,monthly,Fubo.TV,Fubo Sportsbook (defunct),Fubo Sportsbook (defunct),fuboTV,online,,87956517,10688747,10908638,10688747,0,77047879,0,219891,0.121523081683646,31,False,False,AZ_2022_03.pdf,,,,,,https://gaming.az.gov/sites/default/files/EW%20Revenue%20Report%20for%20Website%20-%20Mar%202022.pdf,https://gaming.az.gov/blog-terms/event-wagering-revenue-reports,AZ/screenshots/AZ_2022_03_AZ_2022_03_p1.png,"Fubo.TV $ - $ 8 79,565.17 $ - $ 770,478.79 $ - $ 106,887.47 $ - $ 106,887.47 $ - $ - $ - $ -",,2026-04-08T18:25:29.587273
AZ,2022-03-01,2022-03-31,monthly,Golden Nugget Online Gaming,DraftKings (Golden Nugget),DraftKings,DraftKings Inc,retail,,0,0,0,0,0,0,0,0,,31,False,False,AZ_2022_03.pdf,,,,,,https://gaming.az.gov/sites/default/files/EW%20Revenue%20Report%20for%20Website%20-%20Mar%202022.pdf,https://gaming.az.gov/blog-terms/event-wagering-revenue-reports,AZ/screenshots/AZ_2022_03_AZ_2022_03_p1.png,"Golden Nugget Online Gaming $ - $ 1 8,566.01 $ - $ 11,298.00 $ - $ 7,221.59 $ - $ - $ - $ 7,221.59 $ - $ 7 22.16",,2026-04-08T18:25:29.587273
AZ,2022-03-01,2022-03-31,monthly,Golden Nugget Online Gaming,DraftKings (Golden Nugget),DraftKings,DraftKings Inc,online,,1856601,722159,726801,0,722159,1129800,72216,4642,0.3889683351457852,31,False,False,AZ_2022_03.pdf,,,,,,https://gaming.az.gov/sites/default/files/EW%20Revenue%20Report%20for%20Website%20-%20Mar%202022.pdf,https://gaming.az.gov/blog-terms/event-wagering-revenue-reports,AZ/screenshots/AZ_2022_03_AZ_2022_03_p1.png,"Golden Nugget Online Gaming $ - $ 1 8,566.01 $ - $ 11,298.00 $ - $ 7,221.59 $ - $ - $ - $ 7,221.59 $ - $ 7 22.16",,2026-04-08T18:25:29.587273
AZ,2022-03-01,2022-03-31,monthly,Penn Sports (Barstool Sports),ESPN Bet,ESPN Bet,PENN Entertainment,retail,,0,0,0,0,0,0,0,0,,31,False,False,AZ_2022_03.pdf,,,,,,https://gaming.az.gov/sites/default/files/EW%20Revenue%20Report%20for%20Website%20-%20Mar%202022.pdf,https://gaming.az.gov/blog-terms/event-wagering-revenue-reports,AZ/screenshots/AZ_2022_03_AZ_2022_03_p1.png,"Penn Sports (Barstool Sports) $ - $ 1 9,102,062.05 $ - $ 18,246,666.49 $ - $ 807,640.40 $ - $ 389,681.21 $ - $ 417,959.19 $ - $ 4 1,795.92",,2026-04-08T18:25:29.587273
AZ,2022-03-01,2022-03-31,monthly,Penn Sports (Barstool Sports),ESPN Bet,ESPN Bet,PENN Entertainment,online,,1910206205,80764040,85539556,38968121,41795919,1824666649,4179592,4775516,0.0422802730870618,31,False,False,AZ_2022_03.pdf,,,,,,https://gaming.az.gov/sites/default/files/EW%20Revenue%20Report%20for%20Website%20-%20Mar%202022.pdf,https://gaming.az.gov/blog-terms/event-wagering-revenue-reports,AZ/screenshots/AZ_2022_03_AZ_2022_03_p1.png,"Penn Sports (Barstool Sports) $ - $ 1 9,102,062.05 $ - $ 18,246,666.49 $ - $ 807,640.40 $ - $ 389,681.21 $ - $ 417,959.19 $ - $ 4 1,795.92",,2026-04-08T18:25:29.587273
AZ,2022-03-01,2022-03-31,monthly,RSI (Rush Street Interactive),BetRivers,BetRivers,Rush Street Interactive,retail,,0,0,0,0,0,0,0,0,,31,False,False,AZ_2022_03.pdf,,,,,,https://gaming.az.gov/sites/default/files/EW%20Revenue%20Report%20for%20Website%20-%20Mar%202022.pdf,https://gaming.az.gov/blog-terms/event-wagering-revenue-reports,AZ/screenshots/AZ_2022_03_AZ_2022_03_p1.png,"RSI (Rush Street Interactive) $ - $ 5 ,760,039.63 $ - $ 5,416,798.09 $ - $ 328,841.44 $ - $ 314,605.83 $ - $ 14,235.61 $ - $ 1 ,423.56",,2026-04-08T18:25:29.587273
AZ,2022-03-01,2022-03-31,monthly,RSI (Rush Street Interactive),BetRivers,BetRivers,Rush Street Interactive,online,,576003963,32884144,34324154,31460583,1423561,541679809,142356,1440010,0.0570901349857553,31,False,False,AZ_2022_03.pdf,,,,,,https://gaming.az.gov/sites/default/files/EW%20Revenue%20Report%20for%20Website%20-%20Mar%202022.pdf,https://gaming.az.gov/blog-terms/event-wagering-revenue-reports,AZ/screenshots/AZ_2022_03_AZ_2022_03_p1.png,"RSI (Rush Street Interactive) $ - $ 5 ,760,039.63 $ - $ 5,416,798.09 $ - $ 328,841.44 $ - $ 314,605.83 $ - $ 14,235.61 $ - $ 1 ,423.56",,2026-04-08T18:25:29.587273
AZ,2022-03-01,2022-03-31,monthly,Sahara Bets,Sahara Bets,Sahara Bets,Sahara Bets,retail,,0,0,0,0,0,0,0,0,,31,False,False,AZ_2022_03.pdf,,,,,,https://gaming.az.gov/sites/default/files/EW%20Revenue%20Report%20for%20Website%20-%20Mar%202022.pdf,https://gaming.az.gov/blog-terms/event-wagering-revenue-reports,AZ/screenshots/AZ_2022_03_AZ_2022_03_p1.png,"Sahara Bets $ - $ 7 2,891.19 $ - $ 69,246.50 $ - $ 3,462.46 $ - $ 3,462.46 $ - $ - $ - $ -",,2026-04-08T18:25:29.587273
AZ,2022-03-01,2022-03-31,monthly,Sahara Bets,Sahara Bets,Sahara Bets,Sahara Bets,online,,7289119,346246,364469,346246,0,6924650,0,18223,0.047501762558685,31,False,False,AZ_2022_03.pdf,,,,,,https://gaming.az.gov/sites/default/files/EW%20Revenue%20Report%20for%20Website%20-%20Mar%202022.pdf,https://gaming.az.gov/blog-terms/event-wagering-revenue-reports,AZ/screenshots/AZ_2022_03_AZ_2022_03_p1.png,"Sahara Bets $ - $ 7 2,891.19 $ - $ 69,246.50 $ - $ 3,462.46 $ - $ 3,462.46 $ - $ - $ - $ -",,2026-04-08T18:25:29.587273
AZ,2022-03-01,2022-03-31,monthly,"SBOpco, LLC (SuperBook)",SuperBook,SuperBook,SuperBook Sports,retail,,0,0,0,0,0,0,0,0,,31,False,False,AZ_2022_03.pdf,,,,,,https://gaming.az.gov/sites/default/files/EW%20Revenue%20Report%20for%20Website%20-%20Mar%202022.pdf,https://gaming.az.gov/blog-terms/event-wagering-revenue-reports,AZ/screenshots/AZ_2022_03_AZ_2022_03_p1.png,"SBOpco, LLC (SuperBook) $ - $ 1 ,242,622.54 $ - $ 1,104,865.39 $ - $ 134,976.03 $ - $ 134,976.03 $ - $ - $ - $ -",,2026-04-08T18:25:29.587273
AZ,2022-03-01,2022-03-31,monthly,"SBOpco, LLC (SuperBook)",SuperBook,SuperBook,SuperBook Sports,online,,124262254,13497603,13775715,13497603,0,110486539,0,278112,0.108621907019327,31,False,False,AZ_2022_03.pdf,,,,,,https://gaming.az.gov/sites/default/files/EW%20Revenue%20Report%20for%20Website%20-%20Mar%202022.pdf,https://gaming.az.gov/blog-terms/event-wagering-revenue-reports,AZ/screenshots/AZ_2022_03_AZ_2022_03_p1.png,"SBOpco, LLC (SuperBook) $ - $ 1 ,242,622.54 $ - $ 1,104,865.39 $ - $ 134,976.03 $ - $ 134,976.03 $ - $ - $ - $ -",,2026-04-08T18:25:29.587273
AZ,2022-03-01,2022-03-31,monthly,Seminole Hard Rock Digital,Hard Rock Bet,Hard Rock Bet,Seminole Tribe / Hard Rock Digital,retail,,0,0,0,0,0,0,0,0,,31,False,False,AZ_2022_03.pdf,,,,,,https://gaming.az.gov/sites/default/files/EW%20Revenue%20Report%20for%20Website%20-%20Mar%202022.pdf,https://gaming.az.gov/blog-terms/event-wagering-revenue-reports,AZ/screenshots/AZ_2022_03_AZ_2022_03_p1.png,"Seminole Hard Rock Digital $ - $ 2 78,258.85 $ - $ 268,129.07 $ - $ 9,434.13 $ - $ 9,434.13 $ - $ - $ - $ -",,2026-04-08T18:25:29.587273
AZ,2022-03-01,2022-03-31,monthly,Seminole Hard Rock Digital,Hard Rock Bet,Hard Rock Bet,Seminole Tribe / Hard Rock Digital,online,,27825885,943413,1012978,943413,0,26812907,0,69565,0.0339041507574691,31,False,False,AZ_2022_03.pdf,,,,,,https://gaming.az.gov/sites/default/files/EW%20Revenue%20Report%20for%20Website%20-%20Mar%202022.pdf,https://gaming.az.gov/blog-terms/event-wagering-revenue-reports,AZ/screenshots/AZ_2022_03_AZ_2022_03_p1.png,"Seminole Hard Rock Digital $ - $ 2 78,258.85 $ - $ 268,129.07 $ - $ 9,434.13 $ - $ 9,434.13 $ - $ - $ - $ -",,2026-04-08T18:25:29.587273
AZ,2022-03-01,2022-03-31,monthly,Unibet AZ (Kindred),Unibet,Unibet,Kindred Group,retail,,0,0,0,0,0,0,0,0,,31,False,False,AZ_2022_03.pdf,,,,,,https://gaming.az.gov/sites/default/files/EW%20Revenue%20Report%20for%20Website%20-%20Mar%202022.pdf,https://gaming.az.gov/blog-terms/event-wagering-revenue-reports,AZ/screenshots/AZ_2022_03_AZ_2022_03_p1.png,"Unibet AZ (Kindred) $ - $ 8 42,767.58 $ - $ 816,611.19 $ - $ 24,049.47 $ - $ 24,049.47 $ - $ - $ - $ -",,2026-04-08T18:25:29.587273
AZ,2022-03-01,2022-03-31,monthly,Unibet AZ (Kindred),Unibet,Unibet,Kindred Group,online,,84276758,2404947,2615639,2404947,0,81661119,0,210692,0.0285363017879733,31,False,False,AZ_2022_03.pdf,,,,,,https://gaming.az.gov/sites/default/files/EW%20Revenue%20Report%20for%20Website%20-%20Mar%202022.pdf,https://gaming.az.gov/blog-terms/event-wagering-revenue-reports,AZ/screenshots/AZ_2022_03_AZ_2022_03_p1.png,"Unibet AZ (Kindred) $ - $ 8 42,767.58 $ - $ 816,611.19 $ - $ 24,049.47 $ - $ 24,049.47 $ - $ - $ - $ -",,2026-04-08T18:25:29.587273
AZ,2022-03-01,2022-03-31,monthly,WSI US (WynnBet),WynnBET,ESPN Bet,PENN Entertainment,retail,,0,0,0,0,0,0,0,0,,31,False,False,AZ_2022_03.pdf,,,,,,https://gaming.az.gov/sites/default/files/EW%20Revenue%20Report%20for%20Website%20-%20Mar%202022.pdf,https://gaming.az.gov/blog-terms/event-wagering-revenue-reports,AZ/screenshots/AZ_2022_03_AZ_2022_03_p1.png,"WSI US (WynnBet) $ - $ 9 ,873,293.02 $ - $ 9,411,070.08 $ - $ 437,539.71 $ - $ 217,171.00 $ - $ 220,368.71 $ - $ 2 2,036.87",,2026-04-08T18:25:29.587273
AZ,2022-03-01,2022-03-31,monthly,WSI US (WynnBet),WynnBET,ESPN Bet,PENN Entertainment,online,,987329302,43753971,46222294,21717100,22036871,941107008,2203687,2468323,0.0443154790517905,31,False,False,AZ_2022_03.pdf,,,,,,https://gaming.az.gov/sites/default/files/EW%20Revenue%20Report%20for%20Website%20-%20Mar%202022.pdf,https://gaming.az.gov/blog-terms/event-wagering-revenue-reports,AZ/screenshots/AZ_2022_03_AZ_2022_03_p1.png,"WSI US (WynnBet) $ - $ 9 ,873,293.02 $ - $ 9,411,070.08 $ - $ 437,539.71 $ - $ 217,171.00 $ - $ 220,368.71 $ - $ 2 2,036.87",,2026-04-08T18:25:29.587273
AZ,2022-04-01,2022-04-30,monthly,"Bally Interactive, LLC",Bally Bet,Bally Bet,Bally's Corporation,retail,,0,0,0,0,0,0,0,0,,30,False,False,AZ_2022_04.pdf,,,,,,https://gaming.az.gov/sites/default/files/EW%20April%202022%20Revenue%20Report.pdf,https://gaming.az.gov/blog-terms/event-wagering-revenue-reports,AZ/screenshots/AZ_2022_04_AZ_2022_04_p1.png,"Bally Interactive, LLC $ - $ 1 9,422.00 $ - $ 30,179.00 $ - $ - $ - $ - $ - $ - $ - $ -",,2026-04-08T18:25:31.443355
AZ,2022-04-01,2022-04-30,monthly,"Bally Interactive, LLC",Bally Bet,Bally Bet,Bally's Corporation,online,,1942200,0,-1075700,0,0,3017900,0,-1075700,0.0,30,False,False,AZ_2022_04.pdf,,,,,,https://gaming.az.gov/sites/default/files/EW%20April%202022%20Revenue%20Report.pdf,https://gaming.az.gov/blog-terms/event-wagering-revenue-reports,AZ/screenshots/AZ_2022_04_AZ_2022_04_p1.png,"Bally Interactive, LLC $ - $ 1 9,422.00 $ - $ 30,179.00 $ - $ - $ - $ - $ - $ - $ - $ -",,2026-04-08T18:25:31.443355
AZ,2022-04-01,2022-04-30,monthly,BetFred,Betfred,Betfred,Betfred Group,retail,,0,0,0,0,0,0,0,0,,30,False,False,AZ_2022_04.pdf,,,,,,https://gaming.az.gov/sites/default/files/EW%20April%202022%20Revenue%20Report.pdf,https://gaming.az.gov/blog-terms/event-wagering-revenue-reports,AZ/screenshots/AZ_2022_04_AZ_2022_04_p1.png,"BetFred $ - $ 1 ,772,406.96 $ - $ 1,531,841.26 $ - $ 236,134.68 $ - $ 236,134.68 $ - $ - $ - $ -",,2026-04-08T18:25:31.443355
AZ,2022-04-01,2022-04-30,monthly,BetFred,Betfred,Betfred,Betfred Group,online,,177240696,23613468,24056570,23613468,0,153184126,0,443102,0.1332282513717955,30,False,False,AZ_2022_04.pdf,,,,,,https://gaming.az.gov/sites/default/files/EW%20April%202022%20Revenue%20Report.pdf,https://gaming.az.gov/blog-terms/event-wagering-revenue-reports,AZ/screenshots/AZ_2022_04_AZ_2022_04_p1.png,"BetFred $ - $ 1 ,772,406.96 $ - $ 1,531,841.26 $ - $ 236,134.68 $ - $ 236,134.68 $ - $ - $ - $ -",,2026-04-08T18:25:31.443355
AZ,2022-04-01,2022-04-30,monthly,BetMGM,BetMGM,BetMGM,Entain/MGM Resorts,retail,,0,0,0,0,0,0,0,0,,30,False,False,AZ_2022_04.pdf,,,,,,https://gaming.az.gov/sites/default/files/EW%20April%202022%20Revenue%20Report.pdf,https://gaming.az.gov/blog-terms/event-wagering-revenue-reports,AZ/screenshots/AZ_2022_04_AZ_2022_04_p1.png,"BetMGM $ - $ 1 00,607,702.28 $ - $ 92,618,521.98 $ - $ 7,749,638.82 $ - $ 5,076,416.71 $ - $ 2,673,222.11 $ - $ 2 67,322.21",,2026-04-08T18:25:31.443355
AZ,2022-04-01,2022-04-30,monthly,BetMGM,BetMGM,BetMGM,Entain/MGM Resorts,online,,10060770228,774963882,798918030,507641671,267322211,9261852198,26732221,23954148,0.0770282855524528,30,False,False,AZ_2022_04.pdf,,,,,,https://gaming.az.gov/sites/default/files/EW%20April%202022%20Revenue%20Report.pdf,https://gaming.az.gov/blog-terms/event-wagering-revenue-reports,AZ/screenshots/AZ_2022_04_AZ_2022_04_p1.png,"BetMGM $ - $ 1 00,607,702.28 $ - $ 92,618,521.98 $ - $ 7,749,638.82 $ - $ 5,076,416.71 $ - $ 2,673,222.11 $ - $ 2 67,322.21",,2026-04-08T18:25:31.443355
AZ,2022-04-01,2022-04-30,monthly,Caesars (American Wagering),Caesars,Caesars,Caesars Entertainment,retail,,66836653,4653686,4820003,0,4653686,62016650,372295,166317,0.0696277535022587,30,False,False,AZ_2022_04.pdf,,,,,,https://gaming.az.gov/sites/default/files/EW%20April%202022%20Revenue%20Report.pdf,https://gaming.az.gov/blog-terms/event-wagering-revenue-reports,AZ/screenshots/AZ_2022_04_AZ_2022_04_p1.png,"Caesars (American Wagering) $ 668,366.53 $ 6 2,308,719.32 $ 620,166.50 $ 60,462,291.33 $ 46,536.86 $ 1,689,443.86 $ - $ 1,048,787.07 $ 46,536.86 $ 640,656.79 $ 3 ,722.95 $ 6 4,065.68",,2026-04-08T18:25:31.443355
AZ,2022-04-01,2022-04-30,monthly,Caesars (American Wagering),Caesars,Caesars,Caesars Entertainment,online,,6230871932,168944386,184642799,104878707,64065679,6046229133,6406568,15698413,0.0271140841673136,30,False,False,AZ_2022_04.pdf,,,,,,https://gaming.az.gov/sites/default/files/EW%20April%202022%20Revenue%20Report.pdf,https://gaming.az.gov/blog-terms/event-wagering-revenue-reports,AZ/screenshots/AZ_2022_04_AZ_2022_04_p1.png,"Caesars (American Wagering) $ 668,366.53 $ 6 2,308,719.32 $ 620,166.50 $ 60,462,291.33 $ 46,536.86 $ 1,689,443.86 $ - $ 1,048,787.07 $ 46,536.86 $ 640,656.79 $ 3 ,722.95 $ 6 4,065.68",,2026-04-08T18:25:31.443355
AZ,2022-04-01,2022-04-30,monthly,Churchill Downs/TwinSpires,TwinSpires,TwinSpires,Churchill Downs Inc,retail,,0,0,0,0,0,0,0,0,,30,False,False,AZ_2022_04.pdf,,,,,,https://gaming.az.gov/sites/default/files/EW%20April%202022%20Revenue%20Report.pdf,https://gaming.az.gov/blog-terms/event-wagering-revenue-reports,AZ/screenshots/AZ_2022_04_AZ_2022_04_p1.png,"Churchill Downs/TwinSpires $ - $ 5 05,134.15 $ - $ 437,402.19 $ - $ 66,467.96 $ - $ 6,237.38 $ - $ 60,230.58 $ - $ 6 ,023.06",,2026-04-08T18:25:31.443355
AZ,2022-04-01,2022-04-30,monthly,Churchill Downs/TwinSpires,TwinSpires,TwinSpires,Churchill Downs Inc,online,,50513415,6646796,6773196,623738,6023058,43740219,602306,126400,0.1315847681254573,30,False,False,AZ_2022_04.pdf,,,,,,https://gaming.az.gov/sites/default/files/EW%20April%202022%20Revenue%20Report.pdf,https://gaming.az.gov/blog-terms/event-wagering-revenue-reports,AZ/screenshots/AZ_2022_04_AZ_2022_04_p1.png,"Churchill Downs/TwinSpires $ - $ 5 05,134.15 $ - $ 437,402.19 $ - $ 66,467.96 $ - $ 6,237.38 $ - $ 60,230.58 $ - $ 6 ,023.06",,2026-04-08T18:25:31.443355
AZ,2022-04-01,2022-04-30,monthly,Desert Diamond Mobile,Desert Diamond,Desert Diamond,Tohono O'odham Nation,retail,,0,0,0,0,0,0,0,0,,30,False,False,AZ_2022_04.pdf,,,,,,https://gaming.az.gov/sites/default/files/EW%20April%202022%20Revenue%20Report.pdf,https://gaming.az.gov/blog-terms/event-wagering-revenue-reports,AZ/screenshots/AZ_2022_04_AZ_2022_04_p1.png,"Desert Diamond Mobile $ - $ 1 ,090,272.47 $ - $ 1,132,336.79 $ - $ - $ - $ - $ - $ - $ - $ -",,2026-04-08T18:25:31.443355
AZ,2022-04-01,2022-04-30,monthly,Desert Diamond Mobile,Desert Diamond,Desert Diamond,Tohono O'odham Nation,online,,109027247,0,-4206432,0,0,113233679,0,-4206432,0.0,30,False,False,AZ_2022_04.pdf,,,,,,https://gaming.az.gov/sites/default/files/EW%20April%202022%20Revenue%20Report.pdf,https://gaming.az.gov/blog-terms/event-wagering-revenue-reports,AZ/screenshots/AZ_2022_04_AZ_2022_04_p1.png,"Desert Diamond Mobile $ - $ 1 ,090,272.47 $ - $ 1,132,336.79 $ - $ - $ - $ - $ - $ - $ - $ -",,2026-04-08T18:25:31.443355
AZ,2022-04-01,2022-04-30,monthly,Digital Gaming USA,Betway,Betway,Digital Gaming USA,retail,,0,0,0,0,0,0,0,0,,30,False,False,AZ_2022_04.pdf,,,,,,https://gaming.az.gov/sites/default/files/EW%20April%202022%20Revenue%20Report.pdf,https://gaming.az.gov/blog-terms/event-wagering-revenue-reports,AZ/screenshots/AZ_2022_04_AZ_2022_04_p1.png,"Digital Gaming USA $ - $ 6 6,480.96 $ - $ 60,229.70 $ - $ 6,085.06 $ - $ 6,085.06 $ - $ - $ - $ -",,2026-04-08T18:25:31.443355
AZ,2022-04-01,2022-04-30,monthly,Digital Gaming USA,Betway,Betway,Digital Gaming USA,online,,6648096,608506,625126,608506,0,6022970,0,16620,0.0915308683869787,30,False,False,AZ_2022_04.pdf,,,,,,https://gaming.az.gov/sites/default/files/EW%20April%202022%20Revenue%20Report.pdf,https://gaming.az.gov/blog-terms/event-wagering-revenue-reports,AZ/screenshots/AZ_2022_04_AZ_2022_04_p1.png,"Digital Gaming USA $ - $ 6 6,480.96 $ - $ 60,229.70 $ - $ 6,085.06 $ - $ 6,085.06 $ - $ - $ - $ -",,2026-04-08T18:25:31.443355
AZ,2022-04-01,2022-04-30,monthly,Draft Kings/Crown Gaming,DraftKings,DraftKings,DraftKings Inc,retail,,0,0,0,0,0,0,0,0,,30,False,False,AZ_2022_04.pdf,,,,,,https://gaming.az.gov/sites/default/files/EW%20April%202022%20Revenue%20Report.pdf,https://gaming.az.gov/blog-terms/event-wagering-revenue-reports,AZ/screenshots/AZ_2022_04_AZ_2022_04_p1.png,"Draft Kings/Crown Gaming $ - $ 1 55,945,786.41 $ - $ 154,053,506.30 $ - $ 1,508,110.73 $ - $ 1,508,110.73 $ - $ - $ - $ -",,2026-04-08T18:25:31.443355
AZ,2022-04-01,2022-04-30,monthly,Draft Kings/Crown Gaming,DraftKings,DraftKings,DraftKings Inc,online,,15594578641,150811073,189228011,150811073,0,15405350630,0,38416938,0.009670737278114,30,False,False,AZ_2022_04.pdf,,,,,,https://gaming.az.gov/sites/default/files/EW%20April%202022%20Revenue%20Report.pdf,https://gaming.az.gov/blog-terms/event-wagering-revenue-reports,AZ/screenshots/AZ_2022_04_AZ_2022_04_p1.png,"Draft Kings/Crown Gaming $ - $ 1 55,945,786.41 $ - $ 154,053,506.30 $ - $ 1,508,110.73 $ - $ 1,508,110.73 $ - $ - $ - $ -",,2026-04-08T18:25:31.443355
AZ,2022-04-01,2022-04-30,monthly,Fan Duel,FanDuel,FanDuel,Flutter Entertainment,retail,,266676285,9370194,10036885,471600,8898594,256639400,711888,666691,0.0351369601537684,30,False,False,AZ_2022_04.pdf,,,,,,https://gaming.az.gov/sites/default/files/EW%20April%202022%20Revenue%20Report.pdf,https://gaming.az.gov/blog-terms/event-wagering-revenue-reports,AZ/screenshots/AZ_2022_04_AZ_2022_04_p1.png,"Fan Duel $ 2,666,762.85 $ 1 49,833,842.04 $ 2,566,394.00 $ 133,291,782.68 $ 93,701.94 $ 16,177,146.74 $ 4,716.00 $ 3,868,797.68 $ 88,985.94 $ 12,308,349.06 $ 7 ,118.88 $ 1 ,230,834.91",,2026-04-08T18:25:31.443355
AZ,2022-04-01,2022-04-30,monthly,Fan Duel,FanDuel,FanDuel,Flutter Entertainment,online,,14983384204,1617714674,1654205936,386879768,1230834906,13329178268,123083491,36491262,0.1079672423782693,30,False,False,AZ_2022_04.pdf,,,,,,https://gaming.az.gov/sites/default/files/EW%20April%202022%20Revenue%20Report.pdf,https://gaming.az.gov/blog-terms/event-wagering-revenue-reports,AZ/screenshots/AZ_2022_04_AZ_2022_04_p1.png,"Fan Duel $ 2,666,762.85 $ 1 49,833,842.04 $ 2,566,394.00 $ 133,291,782.68 $ 93,701.94 $ 16,177,146.74 $ 4,716.00 $ 3,868,797.68 $ 88,985.94 $ 12,308,349.06 $ 7 ,118.88 $ 1 ,230,834.91",,2026-04-08T18:25:31.443355
AZ,2022-04-01,2022-04-30,monthly,Fubo.TV,Fubo Sportsbook (defunct),Fubo Sportsbook (defunct),fuboTV,retail,,0,0,0,0,0,0,0,0,,30,False,False,AZ_2022_04.pdf,,,,,,https://gaming.az.gov/sites/default/files/EW%20April%202022%20Revenue%20Report.pdf,https://gaming.az.gov/blog-terms/event-wagering-revenue-reports,AZ/screenshots/AZ_2022_04_AZ_2022_04_p1.png,"Fubo.TV $ - $ 6 17,551.66 $ - $ 550,298.19 $ - $ 65,709.59 $ - $ 65,709.59 $ - $ - $ - $ -",,2026-04-08T18:25:31.443355
AZ,2022-04-01,2022-04-30,monthly,Fubo.TV,Fubo Sportsbook (defunct),Fubo Sportsbook (defunct),fuboTV,online,,61755166,6570959,6725347,6570959,0,55029819,0,154388,0.1064033897990007,30,False,False,AZ_2022_04.pdf,,,,,,https://gaming.az.gov/sites/default/files/EW%20April%202022%20Revenue%20Report.pdf,https://gaming.az.gov/blog-terms/event-wagering-revenue-reports,AZ/screenshots/AZ_2022_04_AZ_2022_04_p1.png,"Fubo.TV $ - $ 6 17,551.66 $ - $ 550,298.19 $ - $ 65,709.59 $ - $ 65,709.59 $ - $ - $ - $ -",,2026-04-08T18:25:31.443355
AZ,2022-04-01,2022-04-30,monthly,Golden Nugget Online Gaming,DraftKings (Golden Nugget),DraftKings,DraftKings Inc,retail,,0,0,0,0,0,0,0,0,,30,False,False,AZ_2022_04.pdf,,,,,,https://gaming.az.gov/sites/default/files/EW%20April%202022%20Revenue%20Report.pdf,https://gaming.az.gov/blog-terms/event-wagering-revenue-reports,AZ/screenshots/AZ_2022_04_AZ_2022_04_p1.png,"Golden Nugget Online Gaming $ - $ 4 7,364.77 $ - $ 47,495.02 $ - $ - $ - $ - $ - $ - $ - $ -",,2026-04-08T18:25:31.443355
AZ,2022-04-01,2022-04-30,monthly,Golden Nugget Online Gaming,DraftKings (Golden Nugget),DraftKings,DraftKings Inc,online,,4736477,0,-13025,0,0,4749502,0,-13025,0.0,30,False,False,AZ_2022_04.pdf,,,,,,https://gaming.az.gov/sites/default/files/EW%20April%202022%20Revenue%20Report.pdf,https://gaming.az.gov/blog-terms/event-wagering-revenue-reports,AZ/screenshots/AZ_2022_04_AZ_2022_04_p1.png,"Golden Nugget Online Gaming $ - $ 4 7,364.77 $ - $ 47,495.02 $ - $ - $ - $ - $ - $ - $ - $ -",,2026-04-08T18:25:31.443355
AZ,2022-04-01,2022-04-30,monthly,Penn Sports (Barstool Sports),ESPN Bet,ESPN Bet,PENN Entertainment,retail,,0,0,0,0,0,0,0,0,,30,False,False,AZ_2022_04.pdf,,,,,,https://gaming.az.gov/sites/default/files/EW%20April%202022%20Revenue%20Report.pdf,https://gaming.az.gov/blog-terms/event-wagering-revenue-reports,AZ/screenshots/AZ_2022_04_AZ_2022_04_p1.png,"Penn Sports (Barstool Sports) $ - $ 1 6,807,300.26 $ - $ 16,221,088.67 $ - $ 544,193.34 $ - $ 226,024.09 $ - $ 318,169.25 $ - $ 3 1,816.92",,2026-04-08T18:25:31.443355
AZ,2022-04-01,2022-04-30,monthly,Penn Sports (Barstool Sports),ESPN Bet,ESPN Bet,PENN Entertainment,online,,1680730026,54419334,58621159,22602409,31816925,1622108867,3181692,4201825,0.0323783910313743,30,False,False,AZ_2022_04.pdf,,,,,,https://gaming.az.gov/sites/default/files/EW%20April%202022%20Revenue%20Report.pdf,https://gaming.az.gov/blog-terms/event-wagering-revenue-reports,AZ/screenshots/AZ_2022_04_AZ_2022_04_p1.png,"Penn Sports (Barstool Sports) $ - $ 1 6,807,300.26 $ - $ 16,221,088.67 $ - $ 544,193.34 $ - $ 226,024.09 $ - $ 318,169.25 $ - $ 3 1,816.92",,2026-04-08T18:25:31.443355
AZ,2022-04-01,2022-04-30,monthly,RSI (Rush Street Interactive),BetRivers,BetRivers,Rush Street Interactive,retail,,0,0,0,0,0,0,0,0,,30,False,False,AZ_2022_04.pdf,,,,,,https://gaming.az.gov/sites/default/files/EW%20April%202022%20Revenue%20Report.pdf,https://gaming.az.gov/blog-terms/event-wagering-revenue-reports,AZ/screenshots/AZ_2022_04_AZ_2022_04_p1.png,"RSI (Rush Street Interactive) $ - $ 6 ,220,640.78 $ - $ 5,912,461.85 $ - $ 292,627.33 $ - $ 260,642.61 $ - $ 31,984.72 $ - $ 3 ,198.47",,2026-04-08T18:25:31.443355
AZ,2022-04-01,2022-04-30,monthly,RSI (Rush Street Interactive),BetRivers,BetRivers,Rush Street Interactive,online,,622064078,29262733,30817893,26064261,3198472,591246185,319847,1555160,0.04704134836733,30,False,False,AZ_2022_04.pdf,,,,,,https://gaming.az.gov/sites/default/files/EW%20April%202022%20Revenue%20Report.pdf,https://gaming.az.gov/blog-terms/event-wagering-revenue-reports,AZ/screenshots/AZ_2022_04_AZ_2022_04_p1.png,"RSI (Rush Street Interactive) $ - $ 6 ,220,640.78 $ - $ 5,912,461.85 $ - $ 292,627.33 $ - $ 260,642.61 $ - $ 31,984.72 $ - $ 3 ,198.47",,2026-04-08T18:25:31.443355
AZ,2022-04-01,2022-04-30,monthly,Sahara Bets,Sahara Bets,Sahara Bets,Sahara Bets,retail,,0,0,0,0,0,0,0,0,,30,False,False,AZ_2022_04.pdf,,,,,,https://gaming.az.gov/sites/default/files/EW%20April%202022%20Revenue%20Report.pdf,https://gaming.az.gov/blog-terms/event-wagering-revenue-reports,AZ/screenshots/AZ_2022_04_AZ_2022_04_p1.png,"Sahara Bets $ - $ 6 7,543.53 $ - $ 70,110.06 $ - $ - $ - $ - $ - $ - $ - $ -",,2026-04-08T18:25:31.443355
AZ,2022-04-01,2022-04-30,monthly,Sahara Bets,Sahara Bets,Sahara Bets,Sahara Bets,online,,6754353,0,-256653,0,0,7011006,0,-256653,0.0,30,False,False,AZ_2022_04.pdf,,,,,,https://gaming.az.gov/sites/default/files/EW%20April%202022%20Revenue%20Report.pdf,https://gaming.az.gov/blog-terms/event-wagering-revenue-reports,AZ/screenshots/AZ_2022_04_AZ_2022_04_p1.png,"Sahara Bets $ - $ 6 7,543.53 $ - $ 70,110.06 $ - $ - $ - $ - $ - $ - $ - $ -",,2026-04-08T18:25:31.443355
AZ,2022-04-01,2022-04-30,monthly,"SBOpco, LLC (SuperBook)",SuperBook,SuperBook,SuperBook Sports,retail,,0,0,0,0,0,0,0,0,,30,False,False,AZ_2022_04.pdf,,,,,,https://gaming.az.gov/sites/default/files/EW%20April%202022%20Revenue%20Report.pdf,https://gaming.az.gov/blog-terms/event-wagering-revenue-reports,AZ/screenshots/AZ_2022_04_AZ_2022_04_p1.png,"SBOpco, LLC (SuperBook) $ - $ 1 ,936,434.92 $ - $ 1,789,111.30 $ - $ 142,976.88 $ - $ 142,976.88 $ - $ - $ - $ -",,2026-04-08T18:25:31.443355
AZ,2022-04-01,2022-04-30,monthly,"SBOpco, LLC (SuperBook)",SuperBook,SuperBook,SuperBook Sports,online,,193643492,14297688,14732362,14297688,0,178911130,0,434674,0.0738351072495635,30,False,False,AZ_2022_04.pdf,,,,,,https://gaming.az.gov/sites/default/files/EW%20April%202022%20Revenue%20Report.pdf,https://gaming.az.gov/blog-terms/event-wagering-revenue-reports,AZ/screenshots/AZ_2022_04_AZ_2022_04_p1.png,"SBOpco, LLC (SuperBook) $ - $ 1 ,936,434.92 $ - $ 1,789,111.30 $ - $ 142,976.88 $ - $ 142,976.88 $ - $ - $ - $ -",,2026-04-08T18:25:31.443355
AZ,2022-04-01,2022-04-30,monthly,Seminole Hard Rock Digital,Hard Rock Bet,Hard Rock Bet,Seminole Tribe / Hard Rock Digital,retail,,0,0,0,0,0,0,0,0,,30,False,False,AZ_2022_04.pdf,,,,,,https://gaming.az.gov/sites/default/files/EW%20April%202022%20Revenue%20Report.pdf,https://gaming.az.gov/blog-terms/event-wagering-revenue-reports,AZ/screenshots/AZ_2022_04_AZ_2022_04_p1.png,"Seminole Hard Rock Digital $ - $ 8 76,932.15 $ - $ 864,535.17 $ - $ 10,204.65 $ - $ 10,204.65 $ - $ - $ - $ -",,2026-04-08T18:25:31.443355
AZ,2022-04-01,2022-04-30,monthly,Seminole Hard Rock Digital,Hard Rock Bet,Hard Rock Bet,Seminole Tribe / Hard Rock Digital,online,,87693215,1020465,1239698,1020465,0,86453517,0,219233,0.0116367611792999,30,False,False,AZ_2022_04.pdf,,,,,,https://gaming.az.gov/sites/default/files/EW%20April%202022%20Revenue%20Report.pdf,https://gaming.az.gov/blog-terms/event-wagering-revenue-reports,AZ/screenshots/AZ_2022_04_AZ_2022_04_p1.png,"Seminole Hard Rock Digital $ - $ 8 76,932.15 $ - $ 864,535.17 $ - $ 10,204.65 $ - $ 10,204.65 $ - $ - $ - $ -",,2026-04-08T18:25:31.443355
AZ,2022-04-01,2022-04-30,monthly,Unibet AZ (Kindred),Unibet,Unibet,Kindred Group,retail,,0,0,0,0,0,0,0,0,,30,False,False,AZ_2022_04.pdf,,,,,,https://gaming.az.gov/sites/default/files/EW%20April%202022%20Revenue%20Report.pdf,https://gaming.az.gov/blog-terms/event-wagering-revenue-reports,AZ/screenshots/AZ_2022_04_AZ_2022_04_p1.png,"Unibet AZ (Kindred) $ - $ 8 52,885.27 $ - $ 809,430.01 $ - $ 41,323.05 $ - $ 41,323.05 $ - $ - $ - $ -",,2026-04-08T18:25:31.443355
AZ,2022-04-01,2022-04-30,monthly,Unibet AZ (Kindred),Unibet,Unibet,Kindred Group,online,,85288527,4132305,4345526,4132305,0,80943001,0,213221,0.0484508895317186,30,False,False,AZ_2022_04.pdf,,,,,,https://gaming.az.gov/sites/default/files/EW%20April%202022%20Revenue%20Report.pdf,https://gaming.az.gov/blog-terms/event-wagering-revenue-reports,AZ/screenshots/AZ_2022_04_AZ_2022_04_p1.png,"Unibet AZ (Kindred) $ - $ 8 52,885.27 $ - $ 809,430.01 $ - $ 41,323.05 $ - $ 41,323.05 $ - $ - $ - $ -",,2026-04-08T18:25:31.443355
AZ,2022-04-01,2022-04-30,monthly,WSI US (WynnBet),WynnBET,ESPN Bet,PENN Entertainment,retail,,0,0,0,0,0,0,0,0,,30,False,False,AZ_2022_04.pdf,,,,,,https://gaming.az.gov/sites/default/files/EW%20April%202022%20Revenue%20Report.pdf,https://gaming.az.gov/blog-terms/event-wagering-revenue-reports,AZ/screenshots/AZ_2022_04_AZ_2022_04_p1.png,"WSI US (WynnBet) $ - $ 9 ,940,251.91 $ - $ 9,336,427.85 $ - $ 578,973.43 $ - $ 245,505.00 $ - $ 333,468.43 $ - $ 3 3,346.84",,2026-04-08T18:25:31.443355
AZ,2022-04-01,2022-04-30,monthly,WSI US (WynnBet),WynnBET,ESPN Bet,PENN Entertainment,online,,994025191,57897343,60382406,24550500,33346843,933642785,3334684,2485063,0.0582453478284133,30,False,False,AZ_2022_04.pdf,,,,,,https://gaming.az.gov/sites/default/files/EW%20April%202022%20Revenue%20Report.pdf,https://gaming.az.gov/blog-terms/event-wagering-revenue-reports,AZ/screenshots/AZ_2022_04_AZ_2022_04_p1.png,"WSI US (WynnBet) $ - $ 9 ,940,251.91 $ - $ 9,336,427.85 $ - $ 578,973.43 $ - $ 245,505.00 $ - $ 333,468.43 $ - $ 3 3,346.84",,2026-04-08T18:25:31.443355
AZ,2022-05-01,2022-05-31,monthly,"Bally Interactive, LLC",Bally Bet,Bally Bet,Bally's Corporation,retail,,0,0,0,0,0,0,0,0,,31,False,False,AZ_2022_05.pdf,,,,,,https://gaming.az.gov/sites/default/files/EW%20Website%20Revenue%20Report-May%202022.pdf,https://gaming.az.gov/blog-terms/event-wagering-revenue-reports,AZ/screenshots/AZ_2022_05_AZ_2022_05_p1.png,"Bally Interactive, LLC $ - $ 1 67,362.24 $ - $ 133,647.11 $ - $ 33,296.72 $ - $ 33,472.45 $ - $ - $ - $ -",,2026-04-08T18:25:33.397835
AZ,2022-05-01,2022-05-31,monthly,"Bally Interactive, LLC",Bally Bet,Bally Bet,Bally's Corporation,online,,16736224,3329672,3371513,3347245,0,13364711,0,41841,0.1989500140533492,31,False,False,AZ_2022_05.pdf,,,,,,https://gaming.az.gov/sites/default/files/EW%20Website%20Revenue%20Report-May%202022.pdf,https://gaming.az.gov/blog-terms/event-wagering-revenue-reports,AZ/screenshots/AZ_2022_05_AZ_2022_05_p1.png,"Bally Interactive, LLC $ - $ 1 67,362.24 $ - $ 133,647.11 $ - $ 33,296.72 $ - $ 33,472.45 $ - $ - $ - $ -",,2026-04-08T18:25:33.397835
AZ,2022-05-01,2022-05-31,monthly,BetFred,Betfred,Betfred,Betfred Group,retail,,0,0,0,0,0,0,0,0,,31,False,False,AZ_2022_05.pdf,,,,,,https://gaming.az.gov/sites/default/files/EW%20Website%20Revenue%20Report-May%202022.pdf,https://gaming.az.gov/blog-terms/event-wagering-revenue-reports,AZ/screenshots/AZ_2022_05_AZ_2022_05_p1.png,"BetFred $ - $ 1 ,211,427.44 $ - $ 1,084,523.86 $ - $ 123,875.01 $ - $ 123,875.01 $ - $ - $ - $ -",,2026-04-08T18:25:33.397835
AZ,2022-05-01,2022-05-31,monthly,BetFred,Betfred,Betfred,Betfred Group,online,,121142744,12387501,12690358,12387501,0,108452386,0,302857,0.1022554103611851,31,False,False,AZ_2022_05.pdf,,,,,,https://gaming.az.gov/sites/default/files/EW%20Website%20Revenue%20Report-May%202022.pdf,https://gaming.az.gov/blog-terms/event-wagering-revenue-reports,AZ/screenshots/AZ_2022_05_AZ_2022_05_p1.png,"BetFred $ - $ 1 ,211,427.44 $ - $ 1,084,523.86 $ - $ 123,875.01 $ - $ 123,875.01 $ - $ - $ - $ -",,2026-04-08T18:25:33.397835
AZ,2022-05-01,2022-05-31,monthly,BetMGM,BetMGM,BetMGM,Entain/MGM Resorts,retail,,0,0,0,0,0,0,0,0,,31,False,False,AZ_2022_05.pdf,,,,,,https://gaming.az.gov/sites/default/files/EW%20Website%20Revenue%20Report-May%202022.pdf,https://gaming.az.gov/blog-terms/event-wagering-revenue-reports,AZ/screenshots/AZ_2022_05_AZ_2022_05_p1.png,"BetMGM $ - $ 8 4,195,599.46 $ - $ 74,001,813.02 $ - $ 9,995,750.16 $ - $ 5,133,192.39 $ - $ 4,862,557.77 $ - $ 4 86,255.78",,2026-04-08T18:25:33.397835
AZ,2022-05-01,2022-05-31,monthly,BetMGM,BetMGM,BetMGM,Entain/MGM Resorts,online,,8419559946,999575016,1019378644,513319239,486255777,7400181302,48625578,19803628,0.1187205771335926,31,False,False,AZ_2022_05.pdf,,,,,,https://gaming.az.gov/sites/default/files/EW%20Website%20Revenue%20Report-May%202022.pdf,https://gaming.az.gov/blog-terms/event-wagering-revenue-reports,AZ/screenshots/AZ_2022_05_AZ_2022_05_p1.png,"BetMGM $ - $ 8 4,195,599.46 $ - $ 74,001,813.02 $ - $ 9,995,750.16 $ - $ 5,133,192.39 $ - $ 4,862,557.77 $ - $ 4 86,255.78",,2026-04-08T18:25:33.397835
AZ,2022-05-01,2022-05-31,monthly,Caesars (American Wagering),Caesars,Caesars,Caesars Entertainment,retail,,94058816,0,-8885924,0,0,102944740,0,-8885924,0.0,31,False,False,AZ_2022_05.pdf,,,,,,https://gaming.az.gov/sites/default/files/EW%20Website%20Revenue%20Report-May%202022.pdf,https://gaming.az.gov/blog-terms/event-wagering-revenue-reports,AZ/screenshots/AZ_2022_05_AZ_2022_05_p1.png,"Caesars (American Wagering) $ 940,588.16 $ 4 7,504,342.87 $ 1,029,447.40 $ 43,906,610.84 $ - $ 3,477,315.70 $ - $ 887,073.21 $ - $ 2,590,242.49 $ - $ 2 59,024.25",,2026-04-08T18:25:33.397835
AZ,2022-05-01,2022-05-31,monthly,Caesars (American Wagering),Caesars,Caesars,Caesars Entertainment,online,,4750434287,347731570,359773203,88707321,259024249,4390661084,25902425,12041633,0.0731999537287779,31,False,False,AZ_2022_05.pdf,,,,,,https://gaming.az.gov/sites/default/files/EW%20Website%20Revenue%20Report-May%202022.pdf,https://gaming.az.gov/blog-terms/event-wagering-revenue-reports,AZ/screenshots/AZ_2022_05_AZ_2022_05_p1.png,"Caesars (American Wagering) $ 940,588.16 $ 4 7,504,342.87 $ 1,029,447.40 $ 43,906,610.84 $ - $ 3,477,315.70 $ - $ 887,073.21 $ - $ 2,590,242.49 $ - $ 2 59,024.25",,2026-04-08T18:25:33.397835
AZ,2022-05-01,2022-05-31,monthly,Churchill Downs/TwinSpires,TwinSpires,TwinSpires,Churchill Downs Inc,retail,,0,0,0,0,0,0,0,0,,31,False,False,AZ_2022_05.pdf,,,,,,https://gaming.az.gov/sites/default/files/EW%20Website%20Revenue%20Report-May%202022.pdf,https://gaming.az.gov/blog-terms/event-wagering-revenue-reports,AZ/screenshots/AZ_2022_05_AZ_2022_05_p1.png,"Churchill Downs/TwinSpires $ - $ 6 47,980.80 $ - $ 613,933.49 $ - $ 32,423.96 $ - $ 1,463.87 $ - $ 30,960.09 $ - $ 3 ,096.01",,2026-04-08T18:25:33.397835
AZ,2022-05-01,2022-05-31,monthly,Churchill Downs/TwinSpires,TwinSpires,TwinSpires,Churchill Downs Inc,online,,64798080,3242396,3404731,146387,3096009,61393349,309601,162335,0.0500384579296176,31,False,False,AZ_2022_05.pdf,,,,,,https://gaming.az.gov/sites/default/files/EW%20Website%20Revenue%20Report-May%202022.pdf,https://gaming.az.gov/blog-terms/event-wagering-revenue-reports,AZ/screenshots/AZ_2022_05_AZ_2022_05_p1.png,"Churchill Downs/TwinSpires $ - $ 6 47,980.80 $ - $ 613,933.49 $ - $ 32,423.96 $ - $ 1,463.87 $ - $ 30,960.09 $ - $ 3 ,096.01",,2026-04-08T18:25:33.397835
AZ,2022-05-01,2022-05-31,monthly,Desert Diamond Mobile,Desert Diamond,Desert Diamond,Tohono O'odham Nation,retail,,0,0,0,0,0,0,0,0,,31,False,False,AZ_2022_05.pdf,,,,,,https://gaming.az.gov/sites/default/files/EW%20Website%20Revenue%20Report-May%202022.pdf,https://gaming.az.gov/blog-terms/event-wagering-revenue-reports,AZ/screenshots/AZ_2022_05_AZ_2022_05_p1.png,"Desert Diamond Mobile $ - $ 5 07,575.31 $ - $ 456,337.86 $ - $ 49,968.51 $ - $ 48,226.74 $ - $ 1,741.77 $ - $ 1 74.18",,2026-04-08T18:25:33.397835
AZ,2022-05-01,2022-05-31,monthly,Desert Diamond Mobile,Desert Diamond,Desert Diamond,Tohono O'odham Nation,online,,50757531,4996851,5123745,4822674,174177,45633786,17418,126894,0.0984455094949358,31,False,False,AZ_2022_05.pdf,,,,,,https://gaming.az.gov/sites/default/files/EW%20Website%20Revenue%20Report-May%202022.pdf,https://gaming.az.gov/blog-terms/event-wagering-revenue-reports,AZ/screenshots/AZ_2022_05_AZ_2022_05_p1.png,"Desert Diamond Mobile $ - $ 5 07,575.31 $ - $ 456,337.86 $ - $ 49,968.51 $ - $ 48,226.74 $ - $ 1,741.77 $ - $ 1 74.18",,2026-04-08T18:25:33.397835
AZ,2022-05-01,2022-05-31,monthly,Digital Gaming USA,Betway,Betway,Digital Gaming USA,retail,,0,0,0,0,0,0,0,0,,31,False,False,AZ_2022_05.pdf,,,,,,https://gaming.az.gov/sites/default/files/EW%20Website%20Revenue%20Report-May%202022.pdf,https://gaming.az.gov/blog-terms/event-wagering-revenue-reports,AZ/screenshots/AZ_2022_05_AZ_2022_05_p1.png,"Digital Gaming USA $ - $ 5 3,525.47 $ - $ 45,545.96 $ - $ 7,845.70 $ - $ 7,821.00 $ - $ 24.70 $ - $ 2 .47",,2026-04-08T18:25:33.397835
AZ,2022-05-01,2022-05-31,monthly,Digital Gaming USA,Betway,Betway,Digital Gaming USA,online,,5352547,784570,797951,782100,2470,4554596,247,13381,0.1465788156554253,31,False,False,AZ_2022_05.pdf,,,,,,https://gaming.az.gov/sites/default/files/EW%20Website%20Revenue%20Report-May%202022.pdf,https://gaming.az.gov/blog-terms/event-wagering-revenue-reports,AZ/screenshots/AZ_2022_05_AZ_2022_05_p1.png,"Digital Gaming USA $ - $ 5 3,525.47 $ - $ 45,545.96 $ - $ 7,845.70 $ - $ 7,821.00 $ - $ 24.70 $ - $ 2 .47",,2026-04-08T18:25:33.397835
AZ,2022-05-01,2022-05-31,monthly,Draft Kings/Crown Gaming,DraftKings,DraftKings,DraftKings Inc,retail,,0,0,0,0,0,0,0,0,,31,False,False,AZ_2022_05.pdf,,,,,,https://gaming.az.gov/sites/default/files/EW%20Website%20Revenue%20Report-May%202022.pdf,https://gaming.az.gov/blog-terms/event-wagering-revenue-reports,AZ/screenshots/AZ_2022_05_AZ_2022_05_p1.png,"Draft Kings/Crown Gaming $ - $ 1 41,062,921.52 $ - $ 126,427,750.49 $ - $ 14,287,730.92 $ - $ 2,097,498.24 $ - $ 12,190,232.68 $ - $ 1 ,219,023.27",,2026-04-08T18:25:33.397835
AZ,2022-05-01,2022-05-31,monthly,Draft Kings/Crown Gaming,DraftKings,DraftKings,DraftKings Inc,online,,14106292152,1428773092,1463517103,209749824,1219023268,12642775049,121902327,34744011,0.1012862257923268,31,False,False,AZ_2022_05.pdf,,,,,,https://gaming.az.gov/sites/default/files/EW%20Website%20Revenue%20Report-May%202022.pdf,https://gaming.az.gov/blog-terms/event-wagering-revenue-reports,AZ/screenshots/AZ_2022_05_AZ_2022_05_p1.png,"Draft Kings/Crown Gaming $ - $ 1 41,062,921.52 $ - $ 126,427,750.49 $ - $ 14,287,730.92 $ - $ 2,097,498.24 $ - $ 12,190,232.68 $ - $ 1 ,219,023.27",,2026-04-08T18:25:33.397835
AZ,2022-05-01,2022-05-31,monthly,Fan Duel,FanDuel,FanDuel,Flutter Entertainment,retail,,364234230,77052594,77963180,7465375,69587219,286271050,5566978,910586,0.2115468224938661,31,False,False,AZ_2022_05.pdf,,,,,,https://gaming.az.gov/sites/default/files/EW%20Website%20Revenue%20Report-May%202022.pdf,https://gaming.az.gov/blog-terms/event-wagering-revenue-reports,AZ/screenshots/AZ_2022_05_AZ_2022_05_p1.png,"Fan Duel $ 3,642,342.30 $ 1 48,709,126.83 $ 2,862,710.50 $ 124,367,169.10 $ 770,525.94 $ 23,981,352.87 $ 74,653.75 $ 4,467,170.79 $ 695,872.19 $ 19,514,182.08 $ 5 5,669.78 $ 1 ,951,418.21",,2026-04-08T18:25:33.397835
AZ,2022-05-01,2022-05-31,monthly,Fan Duel,FanDuel,FanDuel,Flutter Entertainment,online,,14870912683,2398135287,2434195773,446717079,1951418208,12436716910,195141821,36060486,0.1612634905550538,31,False,False,AZ_2022_05.pdf,,,,,,https://gaming.az.gov/sites/default/files/EW%20Website%20Revenue%20Report-May%202022.pdf,https://gaming.az.gov/blog-terms/event-wagering-revenue-reports,AZ/screenshots/AZ_2022_05_AZ_2022_05_p1.png,"Fan Duel $ 3,642,342.30 $ 1 48,709,126.83 $ 2,862,710.50 $ 124,367,169.10 $ 770,525.94 $ 23,981,352.87 $ 74,653.75 $ 4,467,170.79 $ 695,872.19 $ 19,514,182.08 $ 5 5,669.78 $ 1 ,951,418.21",,2026-04-08T18:25:33.397835
AZ,2022-05-01,2022-05-31,monthly,Fubo.TV,Fubo Sportsbook (defunct),Fubo Sportsbook (defunct),fuboTV,retail,,0,0,0,0,0,0,0,0,,31,False,False,AZ_2022_05.pdf,,,,,,https://gaming.az.gov/sites/default/files/EW%20Website%20Revenue%20Report-May%202022.pdf,https://gaming.az.gov/blog-terms/event-wagering-revenue-reports,AZ/screenshots/AZ_2022_05_AZ_2022_05_p1.png,"Fubo.TV $ - $ 4 49,999.24 $ - $ 390,021.83 $ - $ 58,852.41 $ - $ 58,852.41 $ - $ - $ - $ -",,2026-04-08T18:25:33.397835
AZ,2022-05-01,2022-05-31,monthly,Fubo.TV,Fubo Sportsbook (defunct),Fubo Sportsbook (defunct),fuboTV,online,,44999924,5885241,5997741,5885241,0,39002183,0,112500,0.1307833542118871,31,False,False,AZ_2022_05.pdf,,,,,,https://gaming.az.gov/sites/default/files/EW%20Website%20Revenue%20Report-May%202022.pdf,https://gaming.az.gov/blog-terms/event-wagering-revenue-reports,AZ/screenshots/AZ_2022_05_AZ_2022_05_p1.png,"Fubo.TV $ - $ 4 49,999.24 $ - $ 390,021.83 $ - $ 58,852.41 $ - $ 58,852.41 $ - $ - $ - $ -",,2026-04-08T18:25:33.397835
AZ,2022-05-01,2022-05-31,monthly,Golden Nugget Online Gaming,DraftKings (Golden Nugget),DraftKings,DraftKings Inc,retail,,0,0,0,0,0,0,0,0,,31,False,False,AZ_2022_05.pdf,,,,,,https://gaming.az.gov/sites/default/files/EW%20Website%20Revenue%20Report-May%202022.pdf,https://gaming.az.gov/blog-terms/event-wagering-revenue-reports,AZ/screenshots/AZ_2022_05_AZ_2022_05_p1.png,"Golden Nugget Online Gaming $ - $ 2 69,157.94 $ - $ 273,072.47 $ - $ - $ - $ - $ - $ - $ - $ -",,2026-04-08T18:25:33.397835
AZ,2022-05-01,2022-05-31,monthly,Golden Nugget Online Gaming,DraftKings (Golden Nugget),DraftKings,DraftKings Inc,online,,26915794,0,-391453,0,0,27307247,0,-391453,0.0,31,False,False,AZ_2022_05.pdf,,,,,,https://gaming.az.gov/sites/default/files/EW%20Website%20Revenue%20Report-May%202022.pdf,https://gaming.az.gov/blog-terms/event-wagering-revenue-reports,AZ/screenshots/AZ_2022_05_AZ_2022_05_p1.png,"Golden Nugget Online Gaming $ - $ 2 69,157.94 $ - $ 273,072.47 $ - $ - $ - $ - $ - $ - $ - $ -",,2026-04-08T18:25:33.397835
AZ,2022-05-01,2022-05-31,monthly,Penn Sports (Barstool Sports),ESPN Bet,ESPN Bet,PENN Entertainment,retail,,0,0,0,0,0,0,0,0,,31,False,False,AZ_2022_05.pdf,,,,,,https://gaming.az.gov/sites/default/files/EW%20Website%20Revenue%20Report-May%202022.pdf,https://gaming.az.gov/blog-terms/event-wagering-revenue-reports,AZ/screenshots/AZ_2022_05_AZ_2022_05_p1.png,"Penn Sports (Barstool Sports) $ - $ 1 4,552,023.33 $ - $ 13,635,261.59 $ - $ 880,381.68 $ - $ 244,633.80 $ - $ 635,747.88 $ - $ 6 3,574.79",,2026-04-08T18:25:33.397835
AZ,2022-05-01,2022-05-31,monthly,Penn Sports (Barstool Sports),ESPN Bet,ESPN Bet,PENN Entertainment,online,,1455202333,88038168,91676174,24463380,63574788,1363526159,6357479,3638006,0.0604989189499876,31,False,False,AZ_2022_05.pdf,,,,,,https://gaming.az.gov/sites/default/files/EW%20Website%20Revenue%20Report-May%202022.pdf,https://gaming.az.gov/blog-terms/event-wagering-revenue-reports,AZ/screenshots/AZ_2022_05_AZ_2022_05_p1.png,"Penn Sports (Barstool Sports) $ - $ 1 4,552,023.33 $ - $ 13,635,261.59 $ - $ 880,381.68 $ - $ 244,633.80 $ - $ 635,747.88 $ - $ 6 3,574.79",,2026-04-08T18:25:33.397835
AZ,2022-05-01,2022-05-31,monthly,RSI (Rush Street Interactive),BetRivers,BetRivers,Rush Street Interactive,retail,,0,0,0,0,0,0,0,0,,31,False,False,AZ_2022_05.pdf,,,,,,https://gaming.az.gov/sites/default/files/EW%20Website%20Revenue%20Report-May%202022.pdf,https://gaming.az.gov/blog-terms/event-wagering-revenue-reports,AZ/screenshots/AZ_2022_05_AZ_2022_05_p1.png,"RSI (Rush Street Interactive) $ - $ 4 ,228,945.05 $ - $ 3,842,533.94 $ - $ 375,838.75 $ - $ 229,174.21 $ - $ 146,664.54 $ - $ 1 4,666.45",,2026-04-08T18:25:33.397835
AZ,2022-05-01,2022-05-31,monthly,RSI (Rush Street Interactive),BetRivers,BetRivers,Rush Street Interactive,online,,422894505,37583875,38641111,22917421,14666454,384253394,1466645,1057236,0.0888729329788761,31,False,False,AZ_2022_05.pdf,,,,,,https://gaming.az.gov/sites/default/files/EW%20Website%20Revenue%20Report-May%202022.pdf,https://gaming.az.gov/blog-terms/event-wagering-revenue-reports,AZ/screenshots/AZ_2022_05_AZ_2022_05_p1.png,"RSI (Rush Street Interactive) $ - $ 4 ,228,945.05 $ - $ 3,842,533.94 $ - $ 375,838.75 $ - $ 229,174.21 $ - $ 146,664.54 $ - $ 1 4,666.45",,2026-04-08T18:25:33.397835
AZ,2022-05-01,2022-05-31,monthly,Sahara Bets,Sahara Bets,Sahara Bets,Sahara Bets,retail,,0,0,0,0,0,0,0,0,,31,False,False,AZ_2022_05.pdf,,,,,,https://gaming.az.gov/sites/default/files/EW%20Website%20Revenue%20Report-May%202022.pdf,https://gaming.az.gov/blog-terms/event-wagering-revenue-reports,AZ/screenshots/AZ_2022_05_AZ_2022_05_p1.png,"Sahara Bets $ - $ 7 2,227.58 $ - $ 66,693.27 $ - $ 5,353.74 $ - $ 3,650.00 $ - $ 1,703.74 $ - $ 1 70.37",,2026-04-08T18:25:33.397835
AZ,2022-05-01,2022-05-31,monthly,Sahara Bets,Sahara Bets,Sahara Bets,Sahara Bets,online,,7222758,535374,553431,365000,170374,6669327,17037,18057,0.074123208890565,31,False,False,AZ_2022_05.pdf,,,,,,https://gaming.az.gov/sites/default/files/EW%20Website%20Revenue%20Report-May%202022.pdf,https://gaming.az.gov/blog-terms/event-wagering-revenue-reports,AZ/screenshots/AZ_2022_05_AZ_2022_05_p1.png,"Sahara Bets $ - $ 7 2,227.58 $ - $ 66,693.27 $ - $ 5,353.74 $ - $ 3,650.00 $ - $ 1,703.74 $ - $ 1 70.37",,2026-04-08T18:25:33.397835
AZ,2022-05-01,2022-05-31,monthly,"SBOpco, LLC (SuperBook)",SuperBook,SuperBook,SuperBook Sports,retail,,0,0,0,0,0,0,0,0,,31,False,False,AZ_2022_05.pdf,,,,,,https://gaming.az.gov/sites/default/files/EW%20Website%20Revenue%20Report-May%202022.pdf,https://gaming.az.gov/blog-terms/event-wagering-revenue-reports,AZ/screenshots/AZ_2022_05_AZ_2022_05_p1.png,"SBOpco, LLC (SuperBook) $ - $ 2 ,422,794.80 $ - $ 2,283,186.29 $ - $ 133,805.36 $ - $ 133,805.36 $ - $ - $ - $ -",,2026-04-08T18:25:33.397835
AZ,2022-05-01,2022-05-31,monthly,"SBOpco, LLC (SuperBook)",SuperBook,SuperBook,SuperBook Sports,online,,242279480,13380536,13960851,13380536,0,228318629,0,580315,0.0552276899389085,31,False,False,AZ_2022_05.pdf,,,,,,https://gaming.az.gov/sites/default/files/EW%20Website%20Revenue%20Report-May%202022.pdf,https://gaming.az.gov/blog-terms/event-wagering-revenue-reports,AZ/screenshots/AZ_2022_05_AZ_2022_05_p1.png,"SBOpco, LLC (SuperBook) $ - $ 2 ,422,794.80 $ - $ 2,283,186.29 $ - $ 133,805.36 $ - $ 133,805.36 $ - $ - $ - $ -",,2026-04-08T18:25:33.397835
AZ,2022-05-01,2022-05-31,monthly,Seminole Hard Rock Digital,Hard Rock Bet,Hard Rock Bet,Seminole Tribe / Hard Rock Digital,retail,,0,0,0,0,0,0,0,0,,31,False,False,AZ_2022_05.pdf,,,,,,https://gaming.az.gov/sites/default/files/EW%20Website%20Revenue%20Report-May%202022.pdf,https://gaming.az.gov/blog-terms/event-wagering-revenue-reports,AZ/screenshots/AZ_2022_05_AZ_2022_05_p1.png,"Seminole Hard Rock Digital $ - $ 7 97,244.05 $ - $ 764,668.81 $ - $ 30,582.13 $ - $ 30,582.13 $ - $ - $ - $ -",,2026-04-08T18:25:33.397835
AZ,2022-05-01,2022-05-31,monthly,Seminole Hard Rock Digital,Hard Rock Bet,Hard Rock Bet,Seminole Tribe / Hard Rock Digital,online,,79724405,3058213,3257524,3058213,0,76466881,0,199311,0.0383598096467449,31,False,False,AZ_2022_05.pdf,,,,,,https://gaming.az.gov/sites/default/files/EW%20Website%20Revenue%20Report-May%202022.pdf,https://gaming.az.gov/blog-terms/event-wagering-revenue-reports,AZ/screenshots/AZ_2022_05_AZ_2022_05_p1.png,"Seminole Hard Rock Digital $ - $ 7 97,244.05 $ - $ 764,668.81 $ - $ 30,582.13 $ - $ 30,582.13 $ - $ - $ - $ -",,2026-04-08T18:25:33.397835
AZ,2022-05-01,2022-05-31,monthly,Unibet AZ (Kindred),Unibet,Unibet,Kindred Group,retail,,0,0,0,0,0,0,0,0,,31,False,False,AZ_2022_05.pdf,,,,,,https://gaming.az.gov/sites/default/files/EW%20Website%20Revenue%20Report-May%202022.pdf,https://gaming.az.gov/blog-terms/event-wagering-revenue-reports,AZ/screenshots/AZ_2022_05_AZ_2022_05_p1.png,"Unibet AZ (Kindred) $ - $ 9 33,691.28 $ - $ 889,286.02 $ - $ 42,071.03 $ - $ 34,852.91 $ - $ 7,218.12 $ - $ 7 21.81",,2026-04-08T18:25:33.397835
AZ,2022-05-01,2022-05-31,monthly,Unibet AZ (Kindred),Unibet,Unibet,Kindred Group,online,,93369128,4207103,4440526,3485291,721812,88928602,72181,233423,0.0450588228691607,31,False,False,AZ_2022_05.pdf,,,,,,https://gaming.az.gov/sites/default/files/EW%20Website%20Revenue%20Report-May%202022.pdf,https://gaming.az.gov/blog-terms/event-wagering-revenue-reports,AZ/screenshots/AZ_2022_05_AZ_2022_05_p1.png,"Unibet AZ (Kindred) $ - $ 9 33,691.28 $ - $ 889,286.02 $ - $ 42,071.03 $ - $ 34,852.91 $ - $ 7,218.12 $ - $ 7 21.81",,2026-04-08T18:25:33.397835
AZ,2022-05-01,2022-05-31,monthly,WSI US (WynnBet),WynnBET,ESPN Bet,PENN Entertainment,retail,,0,0,0,0,0,0,0,0,,31,False,False,AZ_2022_05.pdf,,,,,,https://gaming.az.gov/sites/default/files/EW%20Website%20Revenue%20Report-May%202022.pdf,https://gaming.az.gov/blog-terms/event-wagering-revenue-reports,AZ/screenshots/AZ_2022_05_AZ_2022_05_p1.png,"WSI US (WynnBet) $ - $ 8 ,868,168.59 $ - $ 8,030,028.32 $ - $ 815,969.85 $ - $ 150,650.00 $ - $ 665,319.85 $ - $ 6 6,531.98",,2026-04-08T18:25:33.397835
AZ,2022-05-01,2022-05-31,monthly,WSI US (WynnBet),WynnBET,ESPN Bet,PENN Entertainment,online,,886816859,81596985,83814027,15065000,66531985,803002832,6653198,2217042,0.0920110890674891,31,False,False,AZ_2022_05.pdf,,,,,,https://gaming.az.gov/sites/default/files/EW%20Website%20Revenue%20Report-May%202022.pdf,https://gaming.az.gov/blog-terms/event-wagering-revenue-reports,AZ/screenshots/AZ_2022_05_AZ_2022_05_p1.png,"WSI US (WynnBet) $ - $ 8 ,868,168.59 $ - $ 8,030,028.32 $ - $ 815,969.85 $ - $ 150,650.00 $ - $ 665,319.85 $ - $ 6 6,531.98",,2026-04-08T18:25:33.397835
AZ,2022-06-01,2022-06-30,monthly,"Bally Interactive, LLC",Bally Bet,Bally Bet,Bally's Corporation,retail,,0,0,0,0,0,0,0,0,,30,False,False,AZ_2022_06.pdf,,,,,,https://gaming.az.gov/sites/default/files/EW%20Revenue%20Report%20for%20Website%20June%202022.pdf,https://gaming.az.gov/blog-terms/event-wagering-revenue-reports,AZ/screenshots/AZ_2022_06_AZ_2022_06_p1.png,"Bally Interactive, LLC $ - $ 1 53,722.01 $ - $ 134,323.50 $ - $ 19,014.20 $ - $ 30,744.40 $ - $ - $ - $ -",,2026-04-08T18:25:36.099312
AZ,2022-06-01,2022-06-30,monthly,"Bally Interactive, LLC",Bally Bet,Bally Bet,Bally's Corporation,online,,15372201,1901420,1939851,3074440,0,13432350,0,38431,0.1236921114939884,30,False,False,AZ_2022_06.pdf,,,,,,https://gaming.az.gov/sites/default/files/EW%20Revenue%20Report%20for%20Website%20June%202022.pdf,https://gaming.az.gov/blog-terms/event-wagering-revenue-reports,AZ/screenshots/AZ_2022_06_AZ_2022_06_p1.png,"Bally Interactive, LLC $ - $ 1 53,722.01 $ - $ 134,323.50 $ - $ 19,014.20 $ - $ 30,744.40 $ - $ - $ - $ -",,2026-04-08T18:25:36.099312
AZ,2022-06-01,2022-06-30,monthly,BetFred,Betfred,Betfred,Betfred Group,retail,,0,0,0,0,0,0,0,0,,30,False,False,AZ_2022_06.pdf,,,,,,https://gaming.az.gov/sites/default/files/EW%20Revenue%20Report%20for%20Website%20June%202022.pdf,https://gaming.az.gov/blog-terms/event-wagering-revenue-reports,AZ/screenshots/AZ_2022_06_AZ_2022_06_p1.png,"BetFred $ - $ 1 ,054,023.23 $ - $ 925,768.89 $ - $ 125,619.28 $ - $ 106,162.86 $ - $ 19,456.42 $ - $ 1 ,945.64",,2026-04-08T18:25:36.099312
AZ,2022-06-01,2022-06-30,monthly,BetFred,Betfred,Betfred,Betfred Group,online,,105402323,12561928,12825434,10616286,1945642,92576889,194564,263506,0.1191807508834506,30,False,False,AZ_2022_06.pdf,,,,,,https://gaming.az.gov/sites/default/files/EW%20Revenue%20Report%20for%20Website%20June%202022.pdf,https://gaming.az.gov/blog-terms/event-wagering-revenue-reports,AZ/screenshots/AZ_2022_06_AZ_2022_06_p1.png,"BetFred $ - $ 1 ,054,023.23 $ - $ 925,768.89 $ - $ 125,619.28 $ - $ 106,162.86 $ - $ 19,456.42 $ - $ 1 ,945.64",,2026-04-08T18:25:36.099312
AZ,2022-06-01,2022-06-30,monthly,BetMGM,BetMGM,BetMGM,Entain/MGM Resorts,retail,,0,0,0,0,0,0,0,0,,30,False,False,AZ_2022_06.pdf,,,,,,https://gaming.az.gov/sites/default/files/EW%20Revenue%20Report%20for%20Website%20June%202022.pdf,https://gaming.az.gov/blog-terms/event-wagering-revenue-reports,AZ/screenshots/AZ_2022_06_AZ_2022_06_p1.png,"BetMGM $ - $ 5 9,700,716.54 $ - $ 54,307,087.58 $ - $ 5,252,763.00 $ - $ 2,711,267.96 $ - $ 2,541,495.04 $ - $ 2 54,149.50",,2026-04-08T18:25:36.099312
AZ,2022-06-01,2022-06-30,monthly,BetMGM,BetMGM,BetMGM,Entain/MGM Resorts,online,,5970071654,525276300,539362896,271126796,254149504,5430708758,25414950,14086596,0.0879849238740811,30,False,False,AZ_2022_06.pdf,,,,,,https://gaming.az.gov/sites/default/files/EW%20Revenue%20Report%20for%20Website%20June%202022.pdf,https://gaming.az.gov/blog-terms/event-wagering-revenue-reports,AZ/screenshots/AZ_2022_06_AZ_2022_06_p1.png,"BetMGM $ - $ 5 9,700,716.54 $ - $ 54,307,087.58 $ - $ 5,252,763.00 $ - $ 2,711,267.96 $ - $ 2,541,495.04 $ - $ 2 54,149.50",,2026-04-08T18:25:36.099312
AZ,2022-06-01,2022-06-30,monthly,Caesars (American Wagering),Caesars,Caesars,Caesars Entertainment,retail,,33158350,4063878,4140800,0,4063878,29017550,325110,76922,0.1225597172356284,30,False,False,AZ_2022_06.pdf,,,,,,https://gaming.az.gov/sites/default/files/EW%20Revenue%20Report%20for%20Website%20June%202022.pdf,https://gaming.az.gov/blog-terms/event-wagering-revenue-reports,AZ/screenshots/AZ_2022_06_AZ_2022_06_p1.png,"Caesars (American Wagering) $ 331,583.50 $ 3 3,245,754.94 $ 290,175.50 $ 32,227,216.08 $ 40,638.78 $ 934,947.31 $ - $ 842,095.17 $ 40,638.78 $ 92,852.14 $ 3 ,251.10 $ 9 ,285.21",,2026-04-08T18:25:36.099312
AZ,2022-06-01,2022-06-30,monthly,Caesars (American Wagering),Caesars,Caesars,Caesars Entertainment,online,,3324575494,93494731,101853886,84209517,9285214,3222721608,928521,8359155,0.0281223064925834,30,False,False,AZ_2022_06.pdf,,,,,,https://gaming.az.gov/sites/default/files/EW%20Revenue%20Report%20for%20Website%20June%202022.pdf,https://gaming.az.gov/blog-terms/event-wagering-revenue-reports,AZ/screenshots/AZ_2022_06_AZ_2022_06_p1.png,"Caesars (American Wagering) $ 331,583.50 $ 3 3,245,754.94 $ 290,175.50 $ 32,227,216.08 $ 40,638.78 $ 934,947.31 $ - $ 842,095.17 $ 40,638.78 $ 92,852.14 $ 3 ,251.10 $ 9 ,285.21",,2026-04-08T18:25:36.099312
AZ,2022-06-01,2022-06-30,monthly,Churchill Downs/TwinSpires,TwinSpires,TwinSpires,Churchill Downs Inc,retail,,0,0,0,0,0,0,0,0,,30,False,False,AZ_2022_06.pdf,,,,,,https://gaming.az.gov/sites/default/files/EW%20Revenue%20Report%20for%20Website%20June%202022.pdf,https://gaming.az.gov/blog-terms/event-wagering-revenue-reports,AZ/screenshots/AZ_2022_06_AZ_2022_06_p1.png,"Churchill Downs/TwinSpires $ - $ 2 30,037.34 $ - $ 215,263.93 $ - $ 14,197.89 $ - $ 2,095.00 $ - $ 12,102.89 $ - $ 1 ,210.29",,2026-04-08T18:25:36.099312
AZ,2022-06-01,2022-06-30,monthly,Churchill Downs/TwinSpires,TwinSpires,TwinSpires,Churchill Downs Inc,online,,23003734,1419789,1477341,209500,1210289,21526393,121029,57552,0.0617199364242344,30,False,False,AZ_2022_06.pdf,,,,,,https://gaming.az.gov/sites/default/files/EW%20Revenue%20Report%20for%20Website%20June%202022.pdf,https://gaming.az.gov/blog-terms/event-wagering-revenue-reports,AZ/screenshots/AZ_2022_06_AZ_2022_06_p1.png,"Churchill Downs/TwinSpires $ - $ 2 30,037.34 $ - $ 215,263.93 $ - $ 14,197.89 $ - $ 2,095.00 $ - $ 12,102.89 $ - $ 1 ,210.29",,2026-04-08T18:25:36.099312
AZ,2022-06-01,2022-06-30,monthly,Desert Diamond Mobile,Desert Diamond,Desert Diamond,Tohono O'odham Nation,retail,,0,0,0,0,0,0,0,0,,30,False,False,AZ_2022_06.pdf,,,,,,https://gaming.az.gov/sites/default/files/EW%20Revenue%20Report%20for%20Website%20June%202022.pdf,https://gaming.az.gov/blog-terms/event-wagering-revenue-reports,AZ/screenshots/AZ_2022_06_AZ_2022_06_p1.png,"Desert Diamond Mobile $ - $ 5 92,740.15 $ - $ 583,888.31 $ - $ 7,369.99 $ - $ 58,078.03 $ - $ - $ - $ -",,2026-04-08T18:25:36.099312
AZ,2022-06-01,2022-06-30,monthly,Desert Diamond Mobile,Desert Diamond,Desert Diamond,Tohono O'odham Nation,online,,59274015,736999,885184,5807803,0,58388831,0,148185,0.0124337620793867,30,False,False,AZ_2022_06.pdf,,,,,,https://gaming.az.gov/sites/default/files/EW%20Revenue%20Report%20for%20Website%20June%202022.pdf,https://gaming.az.gov/blog-terms/event-wagering-revenue-reports,AZ/screenshots/AZ_2022_06_AZ_2022_06_p1.png,"Desert Diamond Mobile $ - $ 5 92,740.15 $ - $ 583,888.31 $ - $ 7,369.99 $ - $ 58,078.03 $ - $ - $ - $ -",,2026-04-08T18:25:36.099312
AZ,2022-06-01,2022-06-30,monthly,Digital Gaming USA,Betway,Betway,Digital Gaming USA,retail,,0,0,0,0,0,0,0,0,,30,False,False,AZ_2022_06.pdf,,,,,,https://gaming.az.gov/sites/default/files/EW%20Revenue%20Report%20for%20Website%20June%202022.pdf,https://gaming.az.gov/blog-terms/event-wagering-revenue-reports,AZ/screenshots/AZ_2022_06_AZ_2022_06_p1.png,"Digital Gaming USA $ - $ 1 27,246.82 $ - $ 62,010.08 $ - $ 64,918.62 $ - $ 10,195.75 $ - $ 54,722.87 $ - $ 5 ,472.29",,2026-04-08T18:25:36.099312
AZ,2022-06-01,2022-06-30,monthly,Digital Gaming USA,Betway,Betway,Digital Gaming USA,online,,12724682,6491862,6523674,1019575,5472287,6201008,547229,31812,0.5101787219515584,30,False,False,AZ_2022_06.pdf,,,,,,https://gaming.az.gov/sites/default/files/EW%20Revenue%20Report%20for%20Website%20June%202022.pdf,https://gaming.az.gov/blog-terms/event-wagering-revenue-reports,AZ/screenshots/AZ_2022_06_AZ_2022_06_p1.png,"Digital Gaming USA $ - $ 1 27,246.82 $ - $ 62,010.08 $ - $ 64,918.62 $ - $ 10,195.75 $ - $ 54,722.87 $ - $ 5 ,472.29",,2026-04-08T18:25:36.099312
AZ,2022-06-01,2022-06-30,monthly,Draft Kings/Crown Gaming,DraftKings,DraftKings,DraftKings Inc,retail,,0,0,0,0,0,0,0,0,,30,False,False,AZ_2022_06.pdf,,,,,,https://gaming.az.gov/sites/default/files/EW%20Revenue%20Report%20for%20Website%20June%202022.pdf,https://gaming.az.gov/blog-terms/event-wagering-revenue-reports,AZ/screenshots/AZ_2022_06_AZ_2022_06_p1.png,"Draft Kings/Crown Gaming $ - $ 9 2,823,243.70 $ - $ 95,983,586.61 $ - $ - $ - $ 1,365,672.16 $ - $ - $ - $ -",,2026-04-08T18:25:36.099312
AZ,2022-06-01,2022-06-30,monthly,Draft Kings/Crown Gaming,DraftKings,DraftKings,DraftKings Inc,online,,9282324370,0,-316034291,136567216,0,9598358661,0,-316034291,0.0,30,False,False,AZ_2022_06.pdf,,,,,,https://gaming.az.gov/sites/default/files/EW%20Revenue%20Report%20for%20Website%20June%202022.pdf,https://gaming.az.gov/blog-terms/event-wagering-revenue-reports,AZ/screenshots/AZ_2022_06_AZ_2022_06_p1.png,"Draft Kings/Crown Gaming $ - $ 9 2,823,243.70 $ - $ 95,983,586.61 $ - $ - $ - $ 1,365,672.16 $ - $ - $ - $ -",,2026-04-08T18:25:36.099312
AZ,2022-06-01,2022-06-30,monthly,Fan Duel,FanDuel,FanDuel,Flutter Entertainment,retail,,231100980,0,-13056520,0,0,244157500,0,-13056520,0.0,30,False,False,AZ_2022_06.pdf,,,,,,https://gaming.az.gov/sites/default/files/EW%20Revenue%20Report%20for%20Website%20June%202022.pdf,https://gaming.az.gov/blog-terms/event-wagering-revenue-reports,AZ/screenshots/AZ_2022_06_AZ_2022_06_p1.png,"Fan Duel $ 2,311,009.80 $ 1 03,976,614.04 $ 2,441,575.00 $ 96,350,145.59 $ - $ 7,374,800.00 $ - $ 3,309,235.89 $ - $ 4,065,564.11 $ - $ 4 06,556.41",,2026-04-08T18:25:36.099312
AZ,2022-06-01,2022-06-30,monthly,Fan Duel,FanDuel,FanDuel,Flutter Entertainment,online,,10397661404,737480000,762646845,330923589,406556411,9635014559,40655641,25166845,0.0709274875710311,30,False,False,AZ_2022_06.pdf,,,,,,https://gaming.az.gov/sites/default/files/EW%20Revenue%20Report%20for%20Website%20June%202022.pdf,https://gaming.az.gov/blog-terms/event-wagering-revenue-reports,AZ/screenshots/AZ_2022_06_AZ_2022_06_p1.png,"Fan Duel $ 2,311,009.80 $ 1 03,976,614.04 $ 2,441,575.00 $ 96,350,145.59 $ - $ 7,374,800.00 $ - $ 3,309,235.89 $ - $ 4,065,564.11 $ - $ 4 06,556.41",,2026-04-08T18:25:36.099312
AZ,2022-06-01,2022-06-30,monthly,Fubo.TV,Fubo Sportsbook (defunct),Fubo Sportsbook (defunct),fuboTV,retail,,0,0,0,0,0,0,0,0,,30,False,False,AZ_2022_06.pdf,,,,,,https://gaming.az.gov/sites/default/files/EW%20Revenue%20Report%20for%20Website%20June%202022.pdf,https://gaming.az.gov/blog-terms/event-wagering-revenue-reports,AZ/screenshots/AZ_2022_06_AZ_2022_06_p1.png,"Fubo.TV $ - $ 4 59,181.15 $ - $ 436,634.29 $ - $ 21,398.91 $ - $ 70,193.20 $ - $ - $ - $ -",,2026-04-08T18:25:36.099312
AZ,2022-06-01,2022-06-30,monthly,Fubo.TV,Fubo Sportsbook (defunct),Fubo Sportsbook (defunct),fuboTV,online,,45918115,2139891,2254686,7019320,0,43663429,0,114795,0.0466023267723424,30,False,False,AZ_2022_06.pdf,,,,,,https://gaming.az.gov/sites/default/files/EW%20Revenue%20Report%20for%20Website%20June%202022.pdf,https://gaming.az.gov/blog-terms/event-wagering-revenue-reports,AZ/screenshots/AZ_2022_06_AZ_2022_06_p1.png,"Fubo.TV $ - $ 4 59,181.15 $ - $ 436,634.29 $ - $ 21,398.91 $ - $ 70,193.20 $ - $ - $ - $ -",,2026-04-08T18:25:36.099312
AZ,2022-06-01,2022-06-30,monthly,Golden Nugget Online Gaming,DraftKings (Golden Nugget),DraftKings,DraftKings Inc,retail,,0,0,0,0,0,0,0,0,,30,False,False,AZ_2022_06.pdf,,,,,,https://gaming.az.gov/sites/default/files/EW%20Revenue%20Report%20for%20Website%20June%202022.pdf,https://gaming.az.gov/blog-terms/event-wagering-revenue-reports,AZ/screenshots/AZ_2022_06_AZ_2022_06_p1.png,"Golden Nugget Online Gaming $ - $ 2 07,891.89 $ - $ 219,213.21 $ - $ - $ - $ - $ - $ - $ - $ -",,2026-04-08T18:25:36.099312
AZ,2022-06-01,2022-06-30,monthly,Golden Nugget Online Gaming,DraftKings (Golden Nugget),DraftKings,DraftKings Inc,online,,20789189,0,-1132132,0,0,21921321,0,-1132132,0.0,30,False,False,AZ_2022_06.pdf,,,,,,https://gaming.az.gov/sites/default/files/EW%20Revenue%20Report%20for%20Website%20June%202022.pdf,https://gaming.az.gov/blog-terms/event-wagering-revenue-reports,AZ/screenshots/AZ_2022_06_AZ_2022_06_p1.png,"Golden Nugget Online Gaming $ - $ 2 07,891.89 $ - $ 219,213.21 $ - $ - $ - $ - $ - $ - $ - $ -",,2026-04-08T18:25:36.099312
AZ,2022-06-01,2022-06-30,monthly,Penn Sports (Barstool Sports),ESPN Bet,ESPN Bet,PENN Entertainment,retail,,0,0,0,0,0,0,0,0,,30,False,False,AZ_2022_06.pdf,,,,,,https://gaming.az.gov/sites/default/files/EW%20Revenue%20Report%20for%20Website%20June%202022.pdf,https://gaming.az.gov/blog-terms/event-wagering-revenue-reports,AZ/screenshots/AZ_2022_06_AZ_2022_06_p1.png,"Penn Sports (Barstool Sports) $ - $ 9 ,324,913.78 $ - $ 8,501,614.36 $ - $ 799,987.14 $ - $ 236,502.03 $ - $ 563,485.11 $ - $ 5 6,348.51",,2026-04-08T18:25:36.099312
AZ,2022-06-01,2022-06-30,monthly,Penn Sports (Barstool Sports),ESPN Bet,ESPN Bet,PENN Entertainment,online,,932491378,79998714,82329942,23650203,56348511,850161436,5634851,2331228,0.08579029885679,30,False,False,AZ_2022_06.pdf,,,,,,https://gaming.az.gov/sites/default/files/EW%20Revenue%20Report%20for%20Website%20June%202022.pdf,https://gaming.az.gov/blog-terms/event-wagering-revenue-reports,AZ/screenshots/AZ_2022_06_AZ_2022_06_p1.png,"Penn Sports (Barstool Sports) $ - $ 9 ,324,913.78 $ - $ 8,501,614.36 $ - $ 799,987.14 $ - $ 236,502.03 $ - $ 563,485.11 $ - $ 5 6,348.51",,2026-04-08T18:25:36.099312
AZ,2022-06-01,2022-06-30,monthly,RSI (Rush Street Interactive),BetRivers,BetRivers,Rush Street Interactive,retail,,0,0,0,0,0,0,0,0,,30,False,False,AZ_2022_06.pdf,,,,,,https://gaming.az.gov/sites/default/files/EW%20Revenue%20Report%20for%20Website%20June%202022.pdf,https://gaming.az.gov/blog-terms/event-wagering-revenue-reports,AZ/screenshots/AZ_2022_06_AZ_2022_06_p1.png,"RSI (Rush Street Interactive) $ - $ 3 ,010,780.48 $ - $ 2,664,407.53 $ - $ 338,846.00 $ - $ 168,680.65 $ - $ 170,165.35 $ - $ 1 7,016.54",,2026-04-08T18:25:36.099312
AZ,2022-06-01,2022-06-30,monthly,RSI (Rush Street Interactive),BetRivers,BetRivers,Rush Street Interactive,online,,301078048,33884600,34637295,16868065,17016535,266440753,1701654,752695,0.1125442396916297,30,False,False,AZ_2022_06.pdf,,,,,,https://gaming.az.gov/sites/default/files/EW%20Revenue%20Report%20for%20Website%20June%202022.pdf,https://gaming.az.gov/blog-terms/event-wagering-revenue-reports,AZ/screenshots/AZ_2022_06_AZ_2022_06_p1.png,"RSI (Rush Street Interactive) $ - $ 3 ,010,780.48 $ - $ 2,664,407.53 $ - $ 338,846.00 $ - $ 168,680.65 $ - $ 170,165.35 $ - $ 1 7,016.54",,2026-04-08T18:25:36.099312
AZ,2022-06-01,2022-06-30,monthly,Sahara Bets,Sahara Bets,Sahara Bets,Sahara Bets,retail,,0,0,0,0,0,0,0,0,,30,False,False,AZ_2022_06.pdf,,,,,,https://gaming.az.gov/sites/default/files/EW%20Revenue%20Report%20for%20Website%20June%202022.pdf,https://gaming.az.gov/blog-terms/event-wagering-revenue-reports,AZ/screenshots/AZ_2022_06_AZ_2022_06_p1.png,"Sahara Bets $ - $ 3 7,053.48 $ - $ 33,514.66 $ - $ 3,446.19 $ - $ 3,302.00 $ - $ 144.19 $ - $ 1 4.42",,2026-04-08T18:25:36.099312
AZ,2022-06-01,2022-06-30,monthly,Sahara Bets,Sahara Bets,Sahara Bets,Sahara Bets,online,,3705348,344619,353882,330200,14419,3351466,1442,9263,0.0930058391276608,30,False,False,AZ_2022_06.pdf,,,,,,https://gaming.az.gov/sites/default/files/EW%20Revenue%20Report%20for%20Website%20June%202022.pdf,https://gaming.az.gov/blog-terms/event-wagering-revenue-reports,AZ/screenshots/AZ_2022_06_AZ_2022_06_p1.png,"Sahara Bets $ - $ 3 7,053.48 $ - $ 33,514.66 $ - $ 3,446.19 $ - $ 3,302.00 $ - $ 144.19 $ - $ 1 4.42",,2026-04-08T18:25:36.099312
AZ,2022-06-01,2022-06-30,monthly,"SBOpco, LLC (SuperBook)",SuperBook,SuperBook,SuperBook Sports,retail,,0,0,0,0,0,0,0,0,,30,False,False,AZ_2022_06.pdf,,,,,,https://gaming.az.gov/sites/default/files/EW%20Revenue%20Report%20for%20Website%20June%202022.pdf,https://gaming.az.gov/blog-terms/event-wagering-revenue-reports,AZ/screenshots/AZ_2022_06_AZ_2022_06_p1.png,"SBOpco, LLC (SuperBook) $ - $ 2 ,663,508.12 $ - $ 2,531,636.32 $ - $ 125,618.47 $ - $ 174,420.77 $ - $ - $ - $ -",,2026-04-08T18:25:36.099312
AZ,2022-06-01,2022-06-30,monthly,"SBOpco, LLC (SuperBook)",SuperBook,SuperBook,SuperBook Sports,online,,266350812,12561847,13187180,17442077,0,253163632,0,625333,0.0471627884505942,30,False,False,AZ_2022_06.pdf,,,,,,https://gaming.az.gov/sites/default/files/EW%20Revenue%20Report%20for%20Website%20June%202022.pdf,https://gaming.az.gov/blog-terms/event-wagering-revenue-reports,AZ/screenshots/AZ_2022_06_AZ_2022_06_p1.png,"SBOpco, LLC (SuperBook) $ - $ 2 ,663,508.12 $ - $ 2,531,636.32 $ - $ 125,618.47 $ - $ 174,420.77 $ - $ - $ - $ -",,2026-04-08T18:25:36.099312
AZ,2022-06-01,2022-06-30,monthly,Seminole Hard Rock Digital,Hard Rock Bet,Hard Rock Bet,Seminole Tribe / Hard Rock Digital,retail,,0,0,0,0,0,0,0,0,,30,False,False,AZ_2022_06.pdf,,,,,,https://gaming.az.gov/sites/default/files/EW%20Revenue%20Report%20for%20Website%20June%202022.pdf,https://gaming.az.gov/blog-terms/event-wagering-revenue-reports,AZ/screenshots/AZ_2022_06_AZ_2022_06_p1.png,"Seminole Hard Rock Digital $ - $ 9 22,015.87 $ - $ 841,729.07 $ - $ 77,981.76 $ - $ 28,784.41 $ - $ 49,197.35 $ - $ 4 ,919.74",,2026-04-08T18:25:36.099312
AZ,2022-06-01,2022-06-30,monthly,Seminole Hard Rock Digital,Hard Rock Bet,Hard Rock Bet,Seminole Tribe / Hard Rock Digital,online,,92201587,7798176,8028680,2878441,4919735,84172907,491974,230504,0.0845774596048981,30,False,False,AZ_2022_06.pdf,,,,,,https://gaming.az.gov/sites/default/files/EW%20Revenue%20Report%20for%20Website%20June%202022.pdf,https://gaming.az.gov/blog-terms/event-wagering-revenue-reports,AZ/screenshots/AZ_2022_06_AZ_2022_06_p1.png,"Seminole Hard Rock Digital $ - $ 9 22,015.87 $ - $ 841,729.07 $ - $ 77,981.76 $ - $ 28,784.41 $ - $ 49,197.35 $ - $ 4 ,919.74",,2026-04-08T18:25:36.099312
AZ,2022-06-01,2022-06-30,monthly,Unibet AZ (Kindred),Unibet,Unibet,Kindred Group,retail,,0,0,0,0,0,0,0,0,,30,False,False,AZ_2022_06.pdf,,,,,,https://gaming.az.gov/sites/default/files/EW%20Revenue%20Report%20for%20Website%20June%202022.pdf,https://gaming.az.gov/blog-terms/event-wagering-revenue-reports,AZ/screenshots/AZ_2022_06_AZ_2022_06_p1.png,"Unibet AZ (Kindred) $ - $ 6 00,929.31 $ - $ 597,345.95 $ - $ 2,081.04 $ - $ 31,288.57 $ - $ - $ - $ -",,2026-04-08T18:25:36.099312
AZ,2022-06-01,2022-06-30,monthly,Unibet AZ (Kindred),Unibet,Unibet,Kindred Group,online,,60092931,208104,358336,3128857,0,59734595,0,150232,0.0034630362762635,30,False,False,AZ_2022_06.pdf,,,,,,https://gaming.az.gov/sites/default/files/EW%20Revenue%20Report%20for%20Website%20June%202022.pdf,https://gaming.az.gov/blog-terms/event-wagering-revenue-reports,AZ/screenshots/AZ_2022_06_AZ_2022_06_p1.png,"Unibet AZ (Kindred) $ - $ 6 00,929.31 $ - $ 597,345.95 $ - $ 2,081.04 $ - $ 31,288.57 $ - $ - $ - $ -",,2026-04-08T18:25:36.099312
AZ,2022-06-01,2022-06-30,monthly,WSI US (WynnBet),WynnBET,ESPN Bet,PENN Entertainment,retail,,0,0,0,0,0,0,0,0,,30,False,False,AZ_2022_06.pdf,,,,,,https://gaming.az.gov/sites/default/files/EW%20Revenue%20Report%20for%20Website%20June%202022.pdf,https://gaming.az.gov/blog-terms/event-wagering-revenue-reports,AZ/screenshots/AZ_2022_06_AZ_2022_06_p1.png,"WSI US (WynnBet) $ - $ 6 ,823,510.08 $ - $ 6,663,076.40 $ - $ 143,374.90 $ - $ 94,550.00 $ - $ 48,824.90 $ - $ 4 ,882.49",,2026-04-08T18:25:36.099312
AZ,2022-06-01,2022-06-30,monthly,WSI US (WynnBet),WynnBET,ESPN Bet,PENN Entertainment,online,,682351008,14337490,16043368,9455000,4882490,666307640,488249,1705878,0.021011898321985,30,False,False,AZ_2022_06.pdf,,,,,,https://gaming.az.gov/sites/default/files/EW%20Revenue%20Report%20for%20Website%20June%202022.pdf,https://gaming.az.gov/blog-terms/event-wagering-revenue-reports,AZ/screenshots/AZ_2022_06_AZ_2022_06_p1.png,"WSI US (WynnBet) $ - $ 6 ,823,510.08 $ - $ 6,663,076.40 $ - $ 143,374.90 $ - $ 94,550.00 $ - $ 48,824.90 $ - $ 4 ,882.49",,2026-04-08T18:25:36.099312
AZ,2022-07-01,2022-07-31,monthly,"Bally Interactive, LLC",Bally Bet,Bally Bet,Bally's Corporation,retail,,0,0,0,0,0,0,0,0,,31,False,False,AZ_2022_07.pdf,,,,,,https://gaming.az.gov/sites/default/files/EW%20Revenue%20Report%20for%20Website%20July%202022.pdf,https://gaming.az.gov/blog-terms/event-wagering-revenue-reports,AZ/screenshots/AZ_2022_07_AZ_2022_07_p1.png,"Bally Interactive, LLC $ - $ 3 35,434.43 $ - $ 310,739.27 $ - $ 23,856.57 $ - $ 23,856.57 $ - $ - $ - $ -",,2026-04-08T18:25:38.190629
AZ,2022-07-01,2022-07-31,monthly,"Bally Interactive, LLC",Bally Bet,Bally Bet,Bally's Corporation,online,,33543443,2385657,2469516,2385657,0,31073927,0,83859,0.0711214111204982,31,False,False,AZ_2022_07.pdf,,,,,,https://gaming.az.gov/sites/default/files/EW%20Revenue%20Report%20for%20Website%20July%202022.pdf,https://gaming.az.gov/blog-terms/event-wagering-revenue-reports,AZ/screenshots/AZ_2022_07_AZ_2022_07_p1.png,"Bally Interactive, LLC $ - $ 3 35,434.43 $ - $ 310,739.27 $ - $ 23,856.57 $ - $ 23,856.57 $ - $ - $ - $ -",,2026-04-08T18:25:38.190629
AZ,2022-07-01,2022-07-31,monthly,BetFred,Betfred,Betfred,Betfred Group,retail,,0,0,0,0,0,0,0,0,,31,False,False,AZ_2022_07.pdf,,,,,,https://gaming.az.gov/sites/default/files/EW%20Revenue%20Report%20for%20Website%20July%202022.pdf,https://gaming.az.gov/blog-terms/event-wagering-revenue-reports,AZ/screenshots/AZ_2022_07_AZ_2022_07_p1.png,"BetFred $ - $ 1 ,329,585.47 $ - $ 1,253,492.08 $ - $ 72,769.43 $ - $ 72,769.43 $ - $ - $ - $ -",,2026-04-08T18:25:38.190629
AZ,2022-07-01,2022-07-31,monthly,BetFred,Betfred,Betfred,Betfred Group,online,,132958547,7276943,7609339,7276943,0,125349208,0,332396,0.0547309154935334,31,False,False,AZ_2022_07.pdf,,,,,,https://gaming.az.gov/sites/default/files/EW%20Revenue%20Report%20for%20Website%20July%202022.pdf,https://gaming.az.gov/blog-terms/event-wagering-revenue-reports,AZ/screenshots/AZ_2022_07_AZ_2022_07_p1.png,"BetFred $ - $ 1 ,329,585.47 $ - $ 1,253,492.08 $ - $ 72,769.43 $ - $ 72,769.43 $ - $ - $ - $ -",,2026-04-08T18:25:38.190629
AZ,2022-07-01,2022-07-31,monthly,BetMGM,BetMGM,BetMGM,Entain/MGM Resorts,retail,,0,0,0,0,0,0,0,0,,31,False,False,AZ_2022_07.pdf,,,,,,https://gaming.az.gov/sites/default/files/EW%20Revenue%20Report%20for%20Website%20July%202022.pdf,https://gaming.az.gov/blog-terms/event-wagering-revenue-reports,AZ/screenshots/AZ_2022_07_AZ_2022_07_p1.png,"BetMGM $ - $ 5 3,579,718.68 $ - $ 47,876,629.31 $ - $ 5,574,966.83 $ - $ 1,621,380.38 $ - $ 3,953,586.45 $ - $ 3 95,358.65",,2026-04-08T18:25:38.190629
AZ,2022-07-01,2022-07-31,monthly,BetMGM,BetMGM,BetMGM,Entain/MGM Resorts,online,,5357971868,557496683,570308937,162138038,395358645,4787662931,39535865,12812254,0.1040499459001638,31,False,False,AZ_2022_07.pdf,,,,,,https://gaming.az.gov/sites/default/files/EW%20Revenue%20Report%20for%20Website%20July%202022.pdf,https://gaming.az.gov/blog-terms/event-wagering-revenue-reports,AZ/screenshots/AZ_2022_07_AZ_2022_07_p1.png,"BetMGM $ - $ 5 3,579,718.68 $ - $ 47,876,629.31 $ - $ 5,574,966.83 $ - $ 1,621,380.38 $ - $ 3,953,586.45 $ - $ 3 95,358.65",,2026-04-08T18:25:38.190629
AZ,2022-07-01,2022-07-31,monthly,Caesars (American Wagering),Caesars,Caesars,Caesars Entertainment,retail,,60348449,4995508,5148724,0,4995508,55199725,399641,153216,0.0827777363424866,31,False,False,AZ_2022_07.pdf,,,,,,https://gaming.az.gov/sites/default/files/EW%20Revenue%20Report%20for%20Website%20July%202022.pdf,https://gaming.az.gov/blog-terms/event-wagering-revenue-reports,AZ/screenshots/AZ_2022_07_AZ_2022_07_p1.png,"Caesars (American Wagering) $ 603,484.49 $ 2 7,101,300.33 $ 551,997.25 $ 24,499,681.02 $ 49,955.08 $ 2,533,941.54 $ - $ 801,229.67 $ 49,955.08 $ 1,732,711.87 $ 3 ,996.41 $ 1 73,271.19",,2026-04-08T18:25:38.190629
AZ,2022-07-01,2022-07-31,monthly,Caesars (American Wagering),Caesars,Caesars,Caesars Entertainment,online,,2710130033,253394154,260161931,80122967,173271187,2449968102,17327119,6767777,0.0934988915345524,31,False,False,AZ_2022_07.pdf,,,,,,https://gaming.az.gov/sites/default/files/EW%20Revenue%20Report%20for%20Website%20July%202022.pdf,https://gaming.az.gov/blog-terms/event-wagering-revenue-reports,AZ/screenshots/AZ_2022_07_AZ_2022_07_p1.png,"Caesars (American Wagering) $ 603,484.49 $ 2 7,101,300.33 $ 551,997.25 $ 24,499,681.02 $ 49,955.08 $ 2,533,941.54 $ - $ 801,229.67 $ 49,955.08 $ 1,732,711.87 $ 3 ,996.41 $ 1 73,271.19",,2026-04-08T18:25:38.190629
AZ,2022-07-01,2022-07-31,monthly,Churchill Downs/TwinSpires,TwinSpires,TwinSpires,Churchill Downs Inc,retail,,0,0,0,0,0,0,0,0,,31,False,False,AZ_2022_07.pdf,,,,,,https://gaming.az.gov/sites/default/files/EW%20Revenue%20Report%20for%20Website%20July%202022.pdf,https://gaming.az.gov/blog-terms/event-wagering-revenue-reports,AZ/screenshots/AZ_2022_07_AZ_2022_07_p1.png,"Churchill Downs/TwinSpires $ - $ 1 73,062.76 $ - $ 171,111.44 $ - $ 1,517.32 $ - $ 1,517.32 $ - $ - $ - $ -",,2026-04-08T18:25:38.190629
AZ,2022-07-01,2022-07-31,monthly,Churchill Downs/TwinSpires,TwinSpires,TwinSpires,Churchill Downs Inc,online,,17306276,151732,195132,151732,0,17111144,0,43400,0.0087674552283807,31,False,False,AZ_2022_07.pdf,,,,,,https://gaming.az.gov/sites/default/files/EW%20Revenue%20Report%20for%20Website%20July%202022.pdf,https://gaming.az.gov/blog-terms/event-wagering-revenue-reports,AZ/screenshots/AZ_2022_07_AZ_2022_07_p1.png,"Churchill Downs/TwinSpires $ - $ 1 73,062.76 $ - $ 171,111.44 $ - $ 1,517.32 $ - $ 1,517.32 $ - $ - $ - $ -",,2026-04-08T18:25:38.190629
AZ,2022-07-01,2022-07-31,monthly,Desert Diamond Mobile,Desert Diamond,Desert Diamond,Tohono O'odham Nation,retail,,0,0,0,0,0,0,0,0,,31,False,False,AZ_2022_07.pdf,,,,,,https://gaming.az.gov/sites/default/files/EW%20Revenue%20Report%20for%20Website%20July%202022.pdf,https://gaming.az.gov/blog-terms/event-wagering-revenue-reports,AZ/screenshots/AZ_2022_07_AZ_2022_07_p1.png,"Desert Diamond Mobile $ - $ 7 31,754.11 $ - $ 730,744.60 $ - $ - $ - $ - $ - $ - $ - $ -",,2026-04-08T18:25:38.190629
AZ,2022-07-01,2022-07-31,monthly,Desert Diamond Mobile,Desert Diamond,Desert Diamond,Tohono O'odham Nation,online,,73175411,0,100951,0,0,73074460,0,100951,0.0,31,False,False,AZ_2022_07.pdf,,,,,,https://gaming.az.gov/sites/default/files/EW%20Revenue%20Report%20for%20Website%20July%202022.pdf,https://gaming.az.gov/blog-terms/event-wagering-revenue-reports,AZ/screenshots/AZ_2022_07_AZ_2022_07_p1.png,"Desert Diamond Mobile $ - $ 7 31,754.11 $ - $ 730,744.60 $ - $ - $ - $ - $ - $ - $ - $ -",,2026-04-08T18:25:38.190629
AZ,2022-07-01,2022-07-31,monthly,Digital Gaming USA,Betway,Betway,Digital Gaming USA,retail,,0,0,0,0,0,0,0,0,,31,False,False,AZ_2022_07.pdf,,,,,,https://gaming.az.gov/sites/default/files/EW%20Revenue%20Report%20for%20Website%20July%202022.pdf,https://gaming.az.gov/blog-terms/event-wagering-revenue-reports,AZ/screenshots/AZ_2022_07_AZ_2022_07_p1.png,"Digital Gaming USA $ - $ 1 62,583.62 $ - $ 156,344.49 $ - $ 5,832.67 $ - $ 5,832.67 $ - $ - $ - $ -",,2026-04-08T18:25:38.190629
AZ,2022-07-01,2022-07-31,monthly,Digital Gaming USA,Betway,Betway,Digital Gaming USA,online,,16258362,583267,623913,583267,0,15634449,0,40646,0.0358748931780458,31,False,False,AZ_2022_07.pdf,,,,,,https://gaming.az.gov/sites/default/files/EW%20Revenue%20Report%20for%20Website%20July%202022.pdf,https://gaming.az.gov/blog-terms/event-wagering-revenue-reports,AZ/screenshots/AZ_2022_07_AZ_2022_07_p1.png,"Digital Gaming USA $ - $ 1 62,583.62 $ - $ 156,344.49 $ - $ 5,832.67 $ - $ 5,832.67 $ - $ - $ - $ -",,2026-04-08T18:25:38.190629
AZ,2022-07-01,2022-07-31,monthly,Draft Kings/Crown Gaming,DraftKings,DraftKings,DraftKings Inc,retail,,0,0,0,0,0,0,0,0,,31,False,False,AZ_2022_07.pdf,,,,,,https://gaming.az.gov/sites/default/files/EW%20Revenue%20Report%20for%20Website%20July%202022.pdf,https://gaming.az.gov/blog-terms/event-wagering-revenue-reports,AZ/screenshots/AZ_2022_07_AZ_2022_07_p1.png,"Draft Kings/Crown Gaming $ - $ 9 0,196,463.13 $ - $ 86,822,940.76 $ - $ 3,152,317.00 $ - $ 1,726,136.30 $ - $ 1,426,180.70 $ - $ 1 42,618.07",,2026-04-08T18:25:38.190629
AZ,2022-07-01,2022-07-31,monthly,Draft Kings/Crown Gaming,DraftKings,DraftKings,DraftKings Inc,online,,9019646313,315231700,337352237,172613630,142618070,8682294076,14261807,22120537,0.0349494524575378,31,False,False,AZ_2022_07.pdf,,,,,,https://gaming.az.gov/sites/default/files/EW%20Revenue%20Report%20for%20Website%20July%202022.pdf,https://gaming.az.gov/blog-terms/event-wagering-revenue-reports,AZ/screenshots/AZ_2022_07_AZ_2022_07_p1.png,"Draft Kings/Crown Gaming $ - $ 9 0,196,463.13 $ - $ 86,822,940.76 $ - $ 3,152,317.00 $ - $ 1,726,136.30 $ - $ 1,426,180.70 $ - $ 1 42,618.07",,2026-04-08T18:25:38.190629
AZ,2022-07-01,2022-07-31,monthly,Fan Duel,FanDuel,FanDuel,Flutter Entertainment,retail,,135671405,0,-1405970,0,0,137077375,0,-1405970,0.0,31,False,False,AZ_2022_07.pdf,,,,,,https://gaming.az.gov/sites/default/files/EW%20Revenue%20Report%20for%20Website%20July%202022.pdf,https://gaming.az.gov/blog-terms/event-wagering-revenue-reports,AZ/screenshots/AZ_2022_07_AZ_2022_07_p1.png,"Fan Duel $ 1,356,714.05 $ 9 1,031,155.09 $ 1,370,773.75 $ 81,614,025.79 $ - $ 9,195,162.02 $ - $ 2,244,247.12 $ - $ 6,950,914.90 $ - $ 6 95,091.49",,2026-04-08T18:25:38.190629
AZ,2022-07-01,2022-07-31,monthly,Fan Duel,FanDuel,FanDuel,Flutter Entertainment,online,,9103115509,919516202,941712930,224424712,695091490,8161402579,69509149,22196728,0.1010111539385499,31,False,False,AZ_2022_07.pdf,,,,,,https://gaming.az.gov/sites/default/files/EW%20Revenue%20Report%20for%20Website%20July%202022.pdf,https://gaming.az.gov/blog-terms/event-wagering-revenue-reports,AZ/screenshots/AZ_2022_07_AZ_2022_07_p1.png,"Fan Duel $ 1,356,714.05 $ 9 1,031,155.09 $ 1,370,773.75 $ 81,614,025.79 $ - $ 9,195,162.02 $ - $ 2,244,247.12 $ - $ 6,950,914.90 $ - $ 6 95,091.49",,2026-04-08T18:25:38.190629
AZ,2022-07-01,2022-07-31,monthly,Fubo.TV,Fubo Sportsbook (defunct),Fubo Sportsbook (defunct),fuboTV,retail,,0,0,0,0,0,0,0,0,,31,False,False,AZ_2022_07.pdf,,,,,,https://gaming.az.gov/sites/default/files/EW%20Revenue%20Report%20for%20Website%20July%202022.pdf,https://gaming.az.gov/blog-terms/event-wagering-revenue-reports,AZ/screenshots/AZ_2022_07_AZ_2022_07_p1.png,"Fubo.TV $ - $ 2 10,376.53 $ - $ 203,912.64 $ - $ 5,937.95 $ - $ 5,937.95 $ - $ - $ - $ -",,2026-04-08T18:25:38.190629
AZ,2022-07-01,2022-07-31,monthly,Fubo.TV,Fubo Sportsbook (defunct),Fubo Sportsbook (defunct),fuboTV,online,,21037653,593795,646389,593795,0,20391264,0,52594,0.0282253443385533,31,False,False,AZ_2022_07.pdf,,,,,,https://gaming.az.gov/sites/default/files/EW%20Revenue%20Report%20for%20Website%20July%202022.pdf,https://gaming.az.gov/blog-terms/event-wagering-revenue-reports,AZ/screenshots/AZ_2022_07_AZ_2022_07_p1.png,"Fubo.TV $ - $ 2 10,376.53 $ - $ 203,912.64 $ - $ 5,937.95 $ - $ 5,937.95 $ - $ - $ - $ -",,2026-04-08T18:25:38.190629
AZ,2022-07-01,2022-07-31,monthly,Golden Nugget Online Gaming,DraftKings (Golden Nugget),DraftKings,DraftKings Inc,retail,,0,0,0,0,0,0,0,0,,31,False,False,AZ_2022_07.pdf,,,,,,https://gaming.az.gov/sites/default/files/EW%20Revenue%20Report%20for%20Website%20July%202022.pdf,https://gaming.az.gov/blog-terms/event-wagering-revenue-reports,AZ/screenshots/AZ_2022_07_AZ_2022_07_p1.png,"Golden Nugget Online Gaming $ - $ 3 9,369.41 $ - $ 29,545.31 $ - $ 9,725.68 $ - $ - $ - $ 9,725.68 $ - $ 9 72.57",,2026-04-08T18:25:38.190629
AZ,2022-07-01,2022-07-31,monthly,Golden Nugget Online Gaming,DraftKings (Golden Nugget),DraftKings,DraftKings Inc,online,,3936941,972568,982410,0,972568,2954531,97257,9842,0.2470364681614482,31,False,False,AZ_2022_07.pdf,,,,,,https://gaming.az.gov/sites/default/files/EW%20Revenue%20Report%20for%20Website%20July%202022.pdf,https://gaming.az.gov/blog-terms/event-wagering-revenue-reports,AZ/screenshots/AZ_2022_07_AZ_2022_07_p1.png,"Golden Nugget Online Gaming $ - $ 3 9,369.41 $ - $ 29,545.31 $ - $ 9,725.68 $ - $ - $ - $ 9,725.68 $ - $ 9 72.57",,2026-04-08T18:25:38.190629
AZ,2022-07-01,2022-07-31,monthly,Penn Sports (Barstool Sports),ESPN Bet,ESPN Bet,PENN Entertainment,retail,,0,0,0,0,0,0,0,0,,31,False,False,AZ_2022_07.pdf,,,,,,https://gaming.az.gov/sites/default/files/EW%20Revenue%20Report%20for%20Website%20July%202022.pdf,https://gaming.az.gov/blog-terms/event-wagering-revenue-reports,AZ/screenshots/AZ_2022_07_AZ_2022_07_p1.png,"Penn Sports (Barstool Sports) $ - $ 9 ,107,129.21 $ - $ 8,308,630.39 $ - $ 775,731.00 $ - $ 155,888.78 $ - $ 619,842.22 $ - $ 6 1,984.22",,2026-04-08T18:25:38.190629
AZ,2022-07-01,2022-07-31,monthly,Penn Sports (Barstool Sports),ESPN Bet,ESPN Bet,PENN Entertainment,online,,910712921,77573100,79849882,15588878,61984222,830863039,6198422,2276782,0.0851784335230706,31,False,False,AZ_2022_07.pdf,,,,,,https://gaming.az.gov/sites/default/files/EW%20Revenue%20Report%20for%20Website%20July%202022.pdf,https://gaming.az.gov/blog-terms/event-wagering-revenue-reports,AZ/screenshots/AZ_2022_07_AZ_2022_07_p1.png,"Penn Sports (Barstool Sports) $ - $ 9 ,107,129.21 $ - $ 8,308,630.39 $ - $ 775,731.00 $ - $ 155,888.78 $ - $ 619,842.22 $ - $ 6 1,984.22",,2026-04-08T18:25:38.190629
AZ,2022-07-01,2022-07-31,monthly,RSI (Rush Street Interactive),BetRivers,BetRivers,Rush Street Interactive,retail,,0,0,0,0,0,0,0,0,,31,False,False,AZ_2022_07.pdf,,,,,,https://gaming.az.gov/sites/default/files/EW%20Revenue%20Report%20for%20Website%20July%202022.pdf,https://gaming.az.gov/blog-terms/event-wagering-revenue-reports,AZ/screenshots/AZ_2022_07_AZ_2022_07_p1.png,"RSI (Rush Street Interactive) $ - $ 3 ,328,586.23 $ - $ 3,145,164.45 $ - $ 175,100.31 $ - $ 138,009.70 $ - $ 37,090.61 $ - $ 3 ,709.06",,2026-04-08T18:25:38.190629
AZ,2022-07-01,2022-07-31,monthly,RSI (Rush Street Interactive),BetRivers,BetRivers,Rush Street Interactive,online,,332858623,17510031,18342178,13800970,3709061,314516445,370906,832147,0.0526050094246769,31,False,False,AZ_2022_07.pdf,,,,,,https://gaming.az.gov/sites/default/files/EW%20Revenue%20Report%20for%20Website%20July%202022.pdf,https://gaming.az.gov/blog-terms/event-wagering-revenue-reports,AZ/screenshots/AZ_2022_07_AZ_2022_07_p1.png,"RSI (Rush Street Interactive) $ - $ 3 ,328,586.23 $ - $ 3,145,164.45 $ - $ 175,100.31 $ - $ 138,009.70 $ - $ 37,090.61 $ - $ 3 ,709.06",,2026-04-08T18:25:38.190629
AZ,2022-07-01,2022-07-31,monthly,Sahara Bets,Sahara Bets,Sahara Bets,Sahara Bets,retail,,0,0,0,0,0,0,0,0,,31,False,False,AZ_2022_07.pdf,,,,,,https://gaming.az.gov/sites/default/files/EW%20Revenue%20Report%20for%20Website%20July%202022.pdf,https://gaming.az.gov/blog-terms/event-wagering-revenue-reports,AZ/screenshots/AZ_2022_07_AZ_2022_07_p1.png,"Sahara Bets $ - $ 3 9,907.29 $ - $ 36,282.41 $ - $ 3,525.11 $ - $ 3,083.00 $ - $ 442.11 $ - $ 4 4.21",,2026-04-08T18:25:38.190629
AZ,2022-07-01,2022-07-31,monthly,Sahara Bets,Sahara Bets,Sahara Bets,Sahara Bets,online,,3990729,352511,362488,308300,44211,3628241,4421,9977,0.0883324826115729,31,False,False,AZ_2022_07.pdf,,,,,,https://gaming.az.gov/sites/default/files/EW%20Revenue%20Report%20for%20Website%20July%202022.pdf,https://gaming.az.gov/blog-terms/event-wagering-revenue-reports,AZ/screenshots/AZ_2022_07_AZ_2022_07_p1.png,"Sahara Bets $ - $ 3 9,907.29 $ - $ 36,282.41 $ - $ 3,525.11 $ - $ 3,083.00 $ - $ 442.11 $ - $ 4 4.21",,2026-04-08T18:25:38.190629
AZ,2022-07-01,2022-07-31,monthly,"SBOpco, LLC (SuperBook)",SuperBook,SuperBook,SuperBook Sports,retail,,0,0,0,0,0,0,0,0,,31,False,False,AZ_2022_07.pdf,,,,,,https://gaming.az.gov/sites/default/files/EW%20Revenue%20Report%20for%20Website%20July%202022.pdf,https://gaming.az.gov/blog-terms/event-wagering-revenue-reports,AZ/screenshots/AZ_2022_07_AZ_2022_07_p1.png,"SBOpco, LLC (SuperBook) $ - $ 1 ,938,574.66 $ - $ 1,861,925.30 $ - $ 72,056.96 $ - $ 72,056.96 $ - $ - $ - $ -",,2026-04-08T18:25:38.190629
AZ,2022-07-01,2022-07-31,monthly,"SBOpco, LLC (SuperBook)",SuperBook,SuperBook,SuperBook Sports,online,,193857466,7205696,7664936,7205696,0,186192530,0,459240,0.0371700721601302,31,False,False,AZ_2022_07.pdf,,,,,,https://gaming.az.gov/sites/default/files/EW%20Revenue%20Report%20for%20Website%20July%202022.pdf,https://gaming.az.gov/blog-terms/event-wagering-revenue-reports,AZ/screenshots/AZ_2022_07_AZ_2022_07_p1.png,"SBOpco, LLC (SuperBook) $ - $ 1 ,938,574.66 $ - $ 1,861,925.30 $ - $ 72,056.96 $ - $ 72,056.96 $ - $ - $ - $ -",,2026-04-08T18:25:38.190629
AZ,2022-07-01,2022-07-31,monthly,Seminole Hard Rock Digital,Hard Rock Bet,Hard Rock Bet,Seminole Tribe / Hard Rock Digital,retail,,0,0,0,0,0,0,0,0,,31,False,False,AZ_2022_07.pdf,,,,,,https://gaming.az.gov/sites/default/files/EW%20Revenue%20Report%20for%20Website%20July%202022.pdf,https://gaming.az.gov/blog-terms/event-wagering-revenue-reports,AZ/screenshots/AZ_2022_07_AZ_2022_07_p1.png,"Seminole Hard Rock Digital $ - $ 1 ,471,046.10 $ - $ 1,402,962.75 $ - $ 64,405.73 $ - $ 37,034.31 $ - $ 27,371.42 $ - $ 2 ,737.14",,2026-04-08T18:25:38.190629
AZ,2022-07-01,2022-07-31,monthly,Seminole Hard Rock Digital,Hard Rock Bet,Hard Rock Bet,Seminole Tribe / Hard Rock Digital,online,,147104610,6440573,6808335,3703431,2737142,140296275,273714,367762,0.0437822648793943,31,False,False,AZ_2022_07.pdf,,,,,,https://gaming.az.gov/sites/default/files/EW%20Revenue%20Report%20for%20Website%20July%202022.pdf,https://gaming.az.gov/blog-terms/event-wagering-revenue-reports,AZ/screenshots/AZ_2022_07_AZ_2022_07_p1.png,"Seminole Hard Rock Digital $ - $ 1 ,471,046.10 $ - $ 1,402,962.75 $ - $ 64,405.73 $ - $ 37,034.31 $ - $ 27,371.42 $ - $ 2 ,737.14",,2026-04-08T18:25:38.190629
AZ,2022-07-01,2022-07-31,monthly,Unibet AZ (Kindred),Unibet,Unibet,Kindred Group,retail,,0,0,0,0,0,0,0,0,,31,False,False,AZ_2022_07.pdf,,,,,,https://gaming.az.gov/sites/default/files/EW%20Revenue%20Report%20for%20Website%20July%202022.pdf,https://gaming.az.gov/blog-terms/event-wagering-revenue-reports,AZ/screenshots/AZ_2022_07_AZ_2022_07_p1.png,"Unibet AZ (Kindred) $ - $ 5 05,962.31 $ - $ 456,681.06 $ - $ 48,016.34 $ - $ 14,715.68 $ - $ 33,300.66 $ - $ 3 ,330.07",,2026-04-08T18:25:38.190629
AZ,2022-07-01,2022-07-31,monthly,Unibet AZ (Kindred),Unibet,Unibet,Kindred Group,online,,50596231,4801634,4928125,1471568,3330066,45668106,333007,126491,0.0949010213824029,31,False,False,AZ_2022_07.pdf,,,,,,https://gaming.az.gov/sites/default/files/EW%20Revenue%20Report%20for%20Website%20July%202022.pdf,https://gaming.az.gov/blog-terms/event-wagering-revenue-reports,AZ/screenshots/AZ_2022_07_AZ_2022_07_p1.png,"Unibet AZ (Kindred) $ - $ 5 05,962.31 $ - $ 456,681.06 $ - $ 48,016.34 $ - $ 14,715.68 $ - $ 33,300.66 $ - $ 3 ,330.07",,2026-04-08T18:25:38.190629
AZ,2022-07-01,2022-07-31,monthly,WSI US (WynnBet),WynnBET,ESPN Bet,PENN Entertainment,retail,,0,0,0,0,0,0,0,0,,31,False,False,AZ_2022_07.pdf,,,,,,https://gaming.az.gov/sites/default/files/EW%20Revenue%20Report%20for%20Website%20July%202022.pdf,https://gaming.az.gov/blog-terms/event-wagering-revenue-reports,AZ/screenshots/AZ_2022_07_AZ_2022_07_p1.png,"WSI US (WynnBet) $ - $ 6 ,980,413.31 $ - $ 6,793,836.10 $ - $ 169,126.18 $ - $ 82,930.00 $ - $ 86,196.18 $ - $ 8 ,619.62",,2026-04-08T18:25:38.190629
AZ,2022-07-01,2022-07-31,monthly,WSI US (WynnBet),WynnBET,ESPN Bet,PENN Entertainment,online,,698041331,16912618,18657721,8293000,8619618,679383610,861962,1745103,0.0242286770838788,31,False,False,AZ_2022_07.pdf,,,,,,https://gaming.az.gov/sites/default/files/EW%20Revenue%20Report%20for%20Website%20July%202022.pdf,https://gaming.az.gov/blog-terms/event-wagering-revenue-reports,AZ/screenshots/AZ_2022_07_AZ_2022_07_p1.png,"WSI US (WynnBet) $ - $ 6 ,980,413.31 $ - $ 6,793,836.10 $ - $ 169,126.18 $ - $ 82,930.00 $ - $ 86,196.18 $ - $ 8 ,619.62",,2026-04-08T18:25:38.190629
AZ,2022-08-01,2022-08-31,monthly,"Bally Interactive, LLC",Bally Bet,Bally Bet,Bally's Corporation,retail,,0,0,0,0,0,0,0,0,,31,False,False,AZ_2022_08.pdf,,,,,,https://gaming.az.gov/sites/default/files/EW%20Report%20for%20Website%20-%20Aug%202022.pdf,https://gaming.az.gov/blog-terms/event-wagering-revenue-reports,AZ/screenshots/AZ_2022_08_AZ_2022_08_p1.png,"Bally Interactive, LLC $ - $ 513,023.87 $ - $ 439,377.02 $ - $ 7 2,364.29 $ - $ 44,188.00 $ - $ 2 8,176.29 $ - $ 2,817.63",,2026-04-08T18:25:40.807433
AZ,2022-08-01,2022-08-31,monthly,"Bally Interactive, LLC",Bally Bet,Bally Bet,Bally's Corporation,online,,51302387,7236429,7364685,4418800,2817629,43937702,281763,128256,0.1410544308591333,31,False,False,AZ_2022_08.pdf,,,,,,https://gaming.az.gov/sites/default/files/EW%20Report%20for%20Website%20-%20Aug%202022.pdf,https://gaming.az.gov/blog-terms/event-wagering-revenue-reports,AZ/screenshots/AZ_2022_08_AZ_2022_08_p1.png,"Bally Interactive, LLC $ - $ 513,023.87 $ - $ 439,377.02 $ - $ 7 2,364.29 $ - $ 44,188.00 $ - $ 2 8,176.29 $ - $ 2,817.63",,2026-04-08T18:25:40.807433
AZ,2022-08-01,2022-08-31,monthly,BetFred,Betfred,Betfred,Betfred Group,retail,,0,0,0,0,0,0,0,0,,31,False,False,AZ_2022_08.pdf,,,,,,https://gaming.az.gov/sites/default/files/EW%20Report%20for%20Website%20-%20Aug%202022.pdf,https://gaming.az.gov/blog-terms/event-wagering-revenue-reports,AZ/screenshots/AZ_2022_08_AZ_2022_08_p1.png,"BetFred $ - $ 2 ,537,320.88 $ - $ 2,221,617.37 $ - $ 309,359.69 $ - $ 193,988.77 $ - $ 115,370.92 $ - $ 11,537.09",,2026-04-08T18:25:40.807433
AZ,2022-08-01,2022-08-31,monthly,BetFred,Betfred,Betfred,Betfred Group,online,,253732088,30935969,31570351,19398877,11537092,222161737,1153709,634382,0.1219237552642533,31,False,False,AZ_2022_08.pdf,,,,,,https://gaming.az.gov/sites/default/files/EW%20Report%20for%20Website%20-%20Aug%202022.pdf,https://gaming.az.gov/blog-terms/event-wagering-revenue-reports,AZ/screenshots/AZ_2022_08_AZ_2022_08_p1.png,"BetFred $ - $ 2 ,537,320.88 $ - $ 2,221,617.37 $ - $ 309,359.69 $ - $ 193,988.77 $ - $ 115,370.92 $ - $ 11,537.09",,2026-04-08T18:25:40.807433
AZ,2022-08-01,2022-08-31,monthly,BetMGM,BetMGM,BetMGM,Entain/MGM Resorts,retail,,0,0,0,0,0,0,0,0,,31,False,False,AZ_2022_08.pdf,,,,,,https://gaming.az.gov/sites/default/files/EW%20Report%20for%20Website%20-%20Aug%202022.pdf,https://gaming.az.gov/blog-terms/event-wagering-revenue-reports,AZ/screenshots/AZ_2022_08_AZ_2022_08_p1.png,"BetMGM $ - $ 58,205,051.95 $ - $ 50,821,985.99 $ - $ 7,243,514.07 $ - $ 1,687,195.59 $ - $ 5,556,318.48 $ - $ 5 55,631.85",,2026-04-08T18:25:40.807433
AZ,2022-08-01,2022-08-31,monthly,BetMGM,BetMGM,BetMGM,Entain/MGM Resorts,online,,5820505195,724351407,738306596,168719559,555631848,5082198599,55563185,13955189,0.1244482021289562,31,False,False,AZ_2022_08.pdf,,,,,,https://gaming.az.gov/sites/default/files/EW%20Report%20for%20Website%20-%20Aug%202022.pdf,https://gaming.az.gov/blog-terms/event-wagering-revenue-reports,AZ/screenshots/AZ_2022_08_AZ_2022_08_p1.png,"BetMGM $ - $ 58,205,051.95 $ - $ 50,821,985.99 $ - $ 7,243,514.07 $ - $ 1,687,195.59 $ - $ 5,556,318.48 $ - $ 5 55,631.85",,2026-04-08T18:25:40.807433
AZ,2022-08-01,2022-08-31,monthly,Caesars (American Wagering),Caesars,Caesars,Caesars Entertainment,retail,,43796668,14562286,14654843,0,14562286,29141825,1164983,92557,0.3324975772129515,31,False,False,AZ_2022_08.pdf,,,,,,https://gaming.az.gov/sites/default/files/EW%20Report%20for%20Website%20-%20Aug%202022.pdf,https://gaming.az.gov/blog-terms/event-wagering-revenue-reports,AZ/screenshots/AZ_2022_08_AZ_2022_08_p1.png,"Caesars (American Wagering) $ 437,966.68 $ 30,506,031.50 $ 291,418.25 $ 27,133,540.68 $ 145,622.86 $ 3,298,307.89 $ - $ 759,412.32 $ 145,622.86 $ 2,538,895.57 $ 11,649.83 $ 2 53,889.56",,2026-04-08T18:25:40.807433
AZ,2022-08-01,2022-08-31,monthly,Caesars (American Wagering),Caesars,Caesars,Caesars Entertainment,online,,3050603150,329830789,337249082,75941232,253889557,2713354068,25388956,7418293,0.1081198611494254,31,False,False,AZ_2022_08.pdf,,,,,,https://gaming.az.gov/sites/default/files/EW%20Report%20for%20Website%20-%20Aug%202022.pdf,https://gaming.az.gov/blog-terms/event-wagering-revenue-reports,AZ/screenshots/AZ_2022_08_AZ_2022_08_p1.png,"Caesars (American Wagering) $ 437,966.68 $ 30,506,031.50 $ 291,418.25 $ 27,133,540.68 $ 145,622.86 $ 3,298,307.89 $ - $ 759,412.32 $ 145,622.86 $ 2,538,895.57 $ 11,649.83 $ 2 53,889.56",,2026-04-08T18:25:40.807433
AZ,2022-08-01,2022-08-31,monthly,Churchill Downs/TwinSpires,TwinSpires,TwinSpires,Churchill Downs Inc,retail,,0,0,0,0,0,0,0,0,,31,False,False,AZ_2022_08.pdf,,,,,,https://gaming.az.gov/sites/default/files/EW%20Report%20for%20Website%20-%20Aug%202022.pdf,https://gaming.az.gov/blog-terms/event-wagering-revenue-reports,AZ/screenshots/AZ_2022_08_AZ_2022_08_p1.png,"Churchill Downs/TwinSpires $ - $ 139,709.51 $ - $ 117,258.19 $ - $ 2 2,101.32 $ - $ 3,000.00 $ - $ 1 9,101.32 $ - $ 1,910.13",,2026-04-08T18:25:40.807433
AZ,2022-08-01,2022-08-31,monthly,Churchill Downs/TwinSpires,TwinSpires,TwinSpires,Churchill Downs Inc,online,,13970951,2210132,2245132,300000,1910132,11725819,191013,35000,0.158194814368757,31,False,False,AZ_2022_08.pdf,,,,,,https://gaming.az.gov/sites/default/files/EW%20Report%20for%20Website%20-%20Aug%202022.pdf,https://gaming.az.gov/blog-terms/event-wagering-revenue-reports,AZ/screenshots/AZ_2022_08_AZ_2022_08_p1.png,"Churchill Downs/TwinSpires $ - $ 139,709.51 $ - $ 117,258.19 $ - $ 2 2,101.32 $ - $ 3,000.00 $ - $ 1 9,101.32 $ - $ 1,910.13",,2026-04-08T18:25:40.807433
AZ,2022-08-01,2022-08-31,monthly,Desert Diamond Mobile,Desert Diamond,Desert Diamond,Tohono O'odham Nation,retail,,0,0,0,0,0,0,0,0,,31,False,False,AZ_2022_08.pdf,,,,,,https://gaming.az.gov/sites/default/files/EW%20Report%20for%20Website%20-%20Aug%202022.pdf,https://gaming.az.gov/blog-terms/event-wagering-revenue-reports,AZ/screenshots/AZ_2022_08_AZ_2022_08_p1.png,"Desert Diamond Mobile $ - $ 1 ,154,526.00 $ - $ 1,051,295.00 $ - $ 100,344.69 $ - $ 100,344.69 $ - $ - $ - $ -",,2026-04-08T18:25:40.807433
AZ,2022-08-01,2022-08-31,monthly,Desert Diamond Mobile,Desert Diamond,Desert Diamond,Tohono O'odham Nation,online,,115452600,10034469,10323100,10034469,0,105129500,0,288631,0.0869141881603359,31,False,False,AZ_2022_08.pdf,,,,,,https://gaming.az.gov/sites/default/files/EW%20Report%20for%20Website%20-%20Aug%202022.pdf,https://gaming.az.gov/blog-terms/event-wagering-revenue-reports,AZ/screenshots/AZ_2022_08_AZ_2022_08_p1.png,"Desert Diamond Mobile $ - $ 1 ,154,526.00 $ - $ 1,051,295.00 $ - $ 100,344.69 $ - $ 100,344.69 $ - $ - $ - $ -",,2026-04-08T18:25:40.807433
AZ,2022-08-01,2022-08-31,monthly,Digital Gaming USA,Betway,Betway,Digital Gaming USA,retail,,0,0,0,0,0,0,0,0,,31,False,False,AZ_2022_08.pdf,,,,,,https://gaming.az.gov/sites/default/files/EW%20Report%20for%20Website%20-%20Aug%202022.pdf,https://gaming.az.gov/blog-terms/event-wagering-revenue-reports,AZ/screenshots/AZ_2022_08_AZ_2022_08_p1.png,"Digital Gaming USA $ - $ 206,748.58 $ - $ 189,974.82 $ - $ 1 6,256.89 $ - $ 15,144.00 $ - $ 1,112.89 $ - $ 111.29",,2026-04-08T18:25:40.807433
AZ,2022-08-01,2022-08-31,monthly,Digital Gaming USA,Betway,Betway,Digital Gaming USA,online,,20674858,1625689,1677376,1514400,111289,18997482,11129,51687,0.0786312051091233,31,False,False,AZ_2022_08.pdf,,,,,,https://gaming.az.gov/sites/default/files/EW%20Report%20for%20Website%20-%20Aug%202022.pdf,https://gaming.az.gov/blog-terms/event-wagering-revenue-reports,AZ/screenshots/AZ_2022_08_AZ_2022_08_p1.png,"Digital Gaming USA $ - $ 206,748.58 $ - $ 189,974.82 $ - $ 1 6,256.89 $ - $ 15,144.00 $ - $ 1,112.89 $ - $ 111.29",,2026-04-08T18:25:40.807433
AZ,2022-08-01,2022-08-31,monthly,Draft Kings/Crown Gaming,DraftKings,DraftKings,DraftKings Inc,retail,,0,0,0,0,0,0,0,0,,31,False,False,AZ_2022_08.pdf,,,,,,https://gaming.az.gov/sites/default/files/EW%20Report%20for%20Website%20-%20Aug%202022.pdf,https://gaming.az.gov/blog-terms/event-wagering-revenue-reports,AZ/screenshots/AZ_2022_08_AZ_2022_08_p1.png,"Draft Kings/Crown Gaming $ - $ 129,813,207.39 $ - $ 118,294,088.83 $ - $ 11,199,871.21 $ - $ 2,157,535.98 $ - $ 9,042,335.23 $ - $ 9 04,233.52",,2026-04-08T18:25:40.807433
AZ,2022-08-01,2022-08-31,monthly,Draft Kings/Crown Gaming,DraftKings,DraftKings,DraftKings Inc,online,,12981320739,1119987121,1151911856,215753598,904233523,11829408883,90423352,31924735,0.086276823716034,31,False,False,AZ_2022_08.pdf,,,,,,https://gaming.az.gov/sites/default/files/EW%20Report%20for%20Website%20-%20Aug%202022.pdf,https://gaming.az.gov/blog-terms/event-wagering-revenue-reports,AZ/screenshots/AZ_2022_08_AZ_2022_08_p1.png,"Draft Kings/Crown Gaming $ - $ 129,813,207.39 $ - $ 118,294,088.83 $ - $ 11,199,871.21 $ - $ 2,157,535.98 $ - $ 9,042,335.23 $ - $ 9 04,233.52",,2026-04-08T18:25:40.807433
AZ,2022-08-01,2022-08-31,monthly,Fan Duel,FanDuel,FanDuel,Flutter Entertainment,retail,,101849755,19166406,19421030,0,19166406,82428725,1533312,254624,0.1881831330865744,31,False,False,AZ_2022_08.pdf,,,,,,https://gaming.az.gov/sites/default/files/EW%20Report%20for%20Website%20-%20Aug%202022.pdf,https://gaming.az.gov/blog-terms/event-wagering-revenue-reports,AZ/screenshots/AZ_2022_08_AZ_2022_08_p1.png,"Fan Duel $ 1,018,497.55 $ 108,720,682.50 $ 824,287.25 $ 96,951,792.29 $ 191,664.06 $ 11,503,780.78 $ - $ 2,676,904.81 $ 191,664.06 $ 8,826,875.97 $ 15,333.12 $ 8 82,687.60",,2026-04-08T18:25:40.807433
AZ,2022-08-01,2022-08-31,monthly,Fan Duel,FanDuel,FanDuel,Flutter Entertainment,online,,10872068250,1150378078,1176889021,267690481,882687597,9695179229,88268760,26510943,0.105810417258924,31,False,False,AZ_2022_08.pdf,,,,,,https://gaming.az.gov/sites/default/files/EW%20Report%20for%20Website%20-%20Aug%202022.pdf,https://gaming.az.gov/blog-terms/event-wagering-revenue-reports,AZ/screenshots/AZ_2022_08_AZ_2022_08_p1.png,"Fan Duel $ 1,018,497.55 $ 108,720,682.50 $ 824,287.25 $ 96,951,792.29 $ 191,664.06 $ 11,503,780.78 $ - $ 2,676,904.81 $ 191,664.06 $ 8,826,875.97 $ 15,333.12 $ 8 82,687.60",,2026-04-08T18:25:40.807433
AZ,2022-08-01,2022-08-31,monthly,Fubo.TV,Fubo Sportsbook (defunct),Fubo Sportsbook (defunct),fuboTV,retail,,0,0,0,0,0,0,0,0,,31,False,False,AZ_2022_08.pdf,,,,,,https://gaming.az.gov/sites/default/files/EW%20Report%20for%20Website%20-%20Aug%202022.pdf,https://gaming.az.gov/blog-terms/event-wagering-revenue-reports,AZ/screenshots/AZ_2022_08_AZ_2022_08_p1.png,"Fubo.TV $ - $ 404,494.07 $ - $ 326,167.81 $ - $ 7 7,315.02 $ - $ 51,826.00 $ - $ 2 5,489.02 $ - $ 2,548.90",,2026-04-08T18:25:40.807433
AZ,2022-08-01,2022-08-31,monthly,Fubo.TV,Fubo Sportsbook (defunct),Fubo Sportsbook (defunct),fuboTV,online,,40449407,7731502,7832626,5182600,2548902,32616781,254890,101124,0.1911400579988725,31,False,False,AZ_2022_08.pdf,,,,,,https://gaming.az.gov/sites/default/files/EW%20Report%20for%20Website%20-%20Aug%202022.pdf,https://gaming.az.gov/blog-terms/event-wagering-revenue-reports,AZ/screenshots/AZ_2022_08_AZ_2022_08_p1.png,"Fubo.TV $ - $ 404,494.07 $ - $ 326,167.81 $ - $ 7 7,315.02 $ - $ 51,826.00 $ - $ 2 5,489.02 $ - $ 2,548.90",,2026-04-08T18:25:40.807433
AZ,2022-08-01,2022-08-31,monthly,Golden Nugget Online Gaming,DraftKings (Golden Nugget),DraftKings,DraftKings Inc,retail,,0,0,0,0,0,0,0,0,,31,False,False,AZ_2022_08.pdf,,,,,,https://gaming.az.gov/sites/default/files/EW%20Report%20for%20Website%20-%20Aug%202022.pdf,https://gaming.az.gov/blog-terms/event-wagering-revenue-reports,AZ/screenshots/AZ_2022_08_AZ_2022_08_p1.png,"Golden Nugget Online Gaming $ - $ 46,943.78 $ - $ 2 7,000.06 $ - $ 1 9,826.36 $ - $ - $ - $ 1 9,826.36 $ - $ 1,982.64",,2026-04-08T18:25:40.807433
AZ,2022-08-01,2022-08-31,monthly,Golden Nugget Online Gaming,DraftKings (Golden Nugget),DraftKings,DraftKings Inc,online,,4694378,1982636,1994372,0,1982636,2700006,198264,11736,0.4223426404946512,31,False,False,AZ_2022_08.pdf,,,,,,https://gaming.az.gov/sites/default/files/EW%20Report%20for%20Website%20-%20Aug%202022.pdf,https://gaming.az.gov/blog-terms/event-wagering-revenue-reports,AZ/screenshots/AZ_2022_08_AZ_2022_08_p1.png,"Golden Nugget Online Gaming $ - $ 46,943.78 $ - $ 2 7,000.06 $ - $ 1 9,826.36 $ - $ - $ - $ 1 9,826.36 $ - $ 1,982.64",,2026-04-08T18:25:40.807433
AZ,2022-08-01,2022-08-31,monthly,Penn Sports (Barstool Sports),ESPN Bet,ESPN Bet,PENN Entertainment,retail,,0,0,0,0,0,0,0,0,,31,False,False,AZ_2022_08.pdf,,,,,,https://gaming.az.gov/sites/default/files/EW%20Report%20for%20Website%20-%20Aug%202022.pdf,https://gaming.az.gov/blog-terms/event-wagering-revenue-reports,AZ/screenshots/AZ_2022_08_AZ_2022_08_p1.png,"Penn Sports (Barstool Sports) $ - $ 7 ,654,954.18 $ - $ 6,912,684.07 $ - $ 723,132.72 $ - $ 191,772.06 $ - $ 531,360.66 $ - $ 53,136.07",,2026-04-08T18:25:40.807433
AZ,2022-08-01,2022-08-31,monthly,Penn Sports (Barstool Sports),ESPN Bet,ESPN Bet,PENN Entertainment,online,,765495418,72313272,74227011,19177206,53136066,691268407,5313607,1913739,0.0944659762809971,31,False,False,AZ_2022_08.pdf,,,,,,https://gaming.az.gov/sites/default/files/EW%20Report%20for%20Website%20-%20Aug%202022.pdf,https://gaming.az.gov/blog-terms/event-wagering-revenue-reports,AZ/screenshots/AZ_2022_08_AZ_2022_08_p1.png,"Penn Sports (Barstool Sports) $ - $ 7 ,654,954.18 $ - $ 6,912,684.07 $ - $ 723,132.72 $ - $ 191,772.06 $ - $ 531,360.66 $ - $ 53,136.07",,2026-04-08T18:25:40.807433
AZ,2022-08-01,2022-08-31,monthly,RSI (Rush Street Interactive),BetRivers,BetRivers,Rush Street Interactive,retail,,0,0,0,0,0,0,0,0,,31,False,False,AZ_2022_08.pdf,,,,,,https://gaming.az.gov/sites/default/files/EW%20Report%20for%20Website%20-%20Aug%202022.pdf,https://gaming.az.gov/blog-terms/event-wagering-revenue-reports,AZ/screenshots/AZ_2022_08_AZ_2022_08_p1.png,"RSI (Rush Street Interactive) $ - $ 4 ,485,066.87 $ - $ 4,186,060.45 $ - $ 287,793.75 $ - $ 154,366.27 $ - $ 133,427.48 $ - $ 13,342.75",,2026-04-08T18:25:40.807433
AZ,2022-08-01,2022-08-31,monthly,RSI (Rush Street Interactive),BetRivers,BetRivers,Rush Street Interactive,online,,448506687,28779375,29900642,15436627,13342748,418606045,1334275,1121267,0.0641671034884703,31,False,False,AZ_2022_08.pdf,,,,,,https://gaming.az.gov/sites/default/files/EW%20Report%20for%20Website%20-%20Aug%202022.pdf,https://gaming.az.gov/blog-terms/event-wagering-revenue-reports,AZ/screenshots/AZ_2022_08_AZ_2022_08_p1.png,"RSI (Rush Street Interactive) $ - $ 4 ,485,066.87 $ - $ 4,186,060.45 $ - $ 287,793.75 $ - $ 154,366.27 $ - $ 133,427.48 $ - $ 13,342.75",,2026-04-08T18:25:40.807433
AZ,2022-08-01,2022-08-31,monthly,Sahara Bets,Sahara Bets,Sahara Bets,Sahara Bets,retail,,0,0,0,0,0,0,0,0,,31,False,False,AZ_2022_08.pdf,,,,,,https://gaming.az.gov/sites/default/files/EW%20Report%20for%20Website%20-%20Aug%202022.pdf,https://gaming.az.gov/blog-terms/event-wagering-revenue-reports,AZ/screenshots/AZ_2022_08_AZ_2022_08_p1.png,"Sahara Bets $ - $ 45,892.16 $ - $ 3 7,251.69 $ - $ 8,525.74 $ - $ 3,342.33 $ - $ 5,183.41 $ - $ 518.34",,2026-04-08T18:25:40.807433
AZ,2022-08-01,2022-08-31,monthly,Sahara Bets,Sahara Bets,Sahara Bets,Sahara Bets,online,,4589216,852574,864047,334233,518341,3725169,51834,11473,0.1857777014636051,31,False,False,AZ_2022_08.pdf,,,,,,https://gaming.az.gov/sites/default/files/EW%20Report%20for%20Website%20-%20Aug%202022.pdf,https://gaming.az.gov/blog-terms/event-wagering-revenue-reports,AZ/screenshots/AZ_2022_08_AZ_2022_08_p1.png,"Sahara Bets $ - $ 45,892.16 $ - $ 3 7,251.69 $ - $ 8,525.74 $ - $ 3,342.33 $ - $ 5,183.41 $ - $ 518.34",,2026-04-08T18:25:40.807433
AZ,2022-08-01,2022-08-31,monthly,"SBOpco, LLC (SuperBook)",SuperBook,SuperBook,SuperBook Sports,retail,,0,0,0,0,0,0,0,0,,31,False,False,AZ_2022_08.pdf,,,,,,https://gaming.az.gov/sites/default/files/EW%20Report%20for%20Website%20-%20Aug%202022.pdf,https://gaming.az.gov/blog-terms/event-wagering-revenue-reports,AZ/screenshots/AZ_2022_08_AZ_2022_08_p1.png,"SBOpco, LLC (SuperBook) $ - $ 1 ,937,075.95 $ - $ 1,843,405.59 $ - $ 8 8,932.17 $ - $ 88,932.17 $ - $ - $ - $ -",,2026-04-08T18:25:40.807433
AZ,2022-08-01,2022-08-31,monthly,"SBOpco, LLC (SuperBook)",SuperBook,SuperBook,SuperBook Sports,online,,193707595,8893217,9367036,8893217,0,184340559,0,473819,0.0459105230231163,31,False,False,AZ_2022_08.pdf,,,,,,https://gaming.az.gov/sites/default/files/EW%20Report%20for%20Website%20-%20Aug%202022.pdf,https://gaming.az.gov/blog-terms/event-wagering-revenue-reports,AZ/screenshots/AZ_2022_08_AZ_2022_08_p1.png,"SBOpco, LLC (SuperBook) $ - $ 1 ,937,075.95 $ - $ 1,843,405.59 $ - $ 8 8,932.17 $ - $ 88,932.17 $ - $ - $ - $ -",,2026-04-08T18:25:40.807433
AZ,2022-08-01,2022-08-31,monthly,Seminole Hard Rock Digital,Hard Rock Bet,Hard Rock Bet,Seminole Tribe / Hard Rock Digital,retail,,0,0,0,0,0,0,0,0,,31,False,False,AZ_2022_08.pdf,,,,,,https://gaming.az.gov/sites/default/files/EW%20Report%20for%20Website%20-%20Aug%202022.pdf,https://gaming.az.gov/blog-terms/event-wagering-revenue-reports,AZ/screenshots/AZ_2022_08_AZ_2022_08_p1.png,"Seminole Hard Rock Digital $ - $ 4 ,418,756.83 $ - $ 4,043,889.06 $ - $ 363,820.88 $ - $ 363,820.88 $ - $ - $ - $ -",,2026-04-08T18:25:40.807433
AZ,2022-08-01,2022-08-31,monthly,Seminole Hard Rock Digital,Hard Rock Bet,Hard Rock Bet,Seminole Tribe / Hard Rock Digital,online,,441875683,36382088,37486777,36382088,0,404388906,0,1104689,0.0823355740080406,31,False,False,AZ_2022_08.pdf,,,,,,https://gaming.az.gov/sites/default/files/EW%20Report%20for%20Website%20-%20Aug%202022.pdf,https://gaming.az.gov/blog-terms/event-wagering-revenue-reports,AZ/screenshots/AZ_2022_08_AZ_2022_08_p1.png,"Seminole Hard Rock Digital $ - $ 4 ,418,756.83 $ - $ 4,043,889.06 $ - $ 363,820.88 $ - $ 363,820.88 $ - $ - $ - $ -",,2026-04-08T18:25:40.807433
AZ,2022-08-01,2022-08-31,monthly,Unibet AZ (Kindred),Unibet,Unibet,Kindred Group,retail,,0,0,0,0,0,0,0,0,,31,False,False,AZ_2022_08.pdf,,,,,,https://gaming.az.gov/sites/default/files/EW%20Report%20for%20Website%20-%20Aug%202022.pdf,https://gaming.az.gov/blog-terms/event-wagering-revenue-reports,AZ/screenshots/AZ_2022_08_AZ_2022_08_p1.png,"Unibet AZ (Kindred) $ - $ 481,169.36 $ - $ 483,473.87 $ - $ - $ - $ - $ - $ - $ - $ -",,2026-04-08T18:25:40.807433
AZ,2022-08-01,2022-08-31,monthly,Unibet AZ (Kindred),Unibet,Unibet,Kindred Group,online,,48116936,0,-230451,0,0,48347387,0,-230451,0.0,31,False,False,AZ_2022_08.pdf,,,,,,https://gaming.az.gov/sites/default/files/EW%20Report%20for%20Website%20-%20Aug%202022.pdf,https://gaming.az.gov/blog-terms/event-wagering-revenue-reports,AZ/screenshots/AZ_2022_08_AZ_2022_08_p1.png,"Unibet AZ (Kindred) $ - $ 481,169.36 $ - $ 483,473.87 $ - $ - $ - $ - $ - $ - $ - $ -",,2026-04-08T18:25:40.807433
AZ,2022-08-01,2022-08-31,monthly,WSI US (WynnBet),WynnBET,ESPN Bet,PENN Entertainment,retail,,0,0,0,0,0,0,0,0,,31,False,False,AZ_2022_08.pdf,,,,,,https://gaming.az.gov/sites/default/files/EW%20Report%20for%20Website%20-%20Aug%202022.pdf,https://gaming.az.gov/blog-terms/event-wagering-revenue-reports,AZ/screenshots/AZ_2022_08_AZ_2022_08_p1.png,"WSI US (WynnBet) $ - $ 7 ,950,886.62 $ - $ 7,355,046.74 $ - $ 575,962.66 $ - $ 56,270.00 $ - $ 519,692.66 $ - $ 51,969.27",,2026-04-08T18:25:40.807433
AZ,2022-08-01,2022-08-31,monthly,WSI US (WynnBet),WynnBET,ESPN Bet,PENN Entertainment,online,,795088662,57596266,59583988,5627000,51969266,735504674,5196927,1987722,0.0724400544904261,31,False,False,AZ_2022_08.pdf,,,,,,https://gaming.az.gov/sites/default/files/EW%20Report%20for%20Website%20-%20Aug%202022.pdf,https://gaming.az.gov/blog-terms/event-wagering-revenue-reports,AZ/screenshots/AZ_2022_08_AZ_2022_08_p1.png,"WSI US (WynnBet) $ - $ 7 ,950,886.62 $ - $ 7,355,046.74 $ - $ 575,962.66 $ - $ 56,270.00 $ - $ 519,692.66 $ - $ 51,969.27",,2026-04-08T18:25:40.807433
AZ,2022-09-01,2022-09-30,monthly,"Bally Interactive, LLC",Bally Bet,Bally Bet,Bally's Corporation,retail,,0,0,0,0,0,0,0,0,,30,False,False,AZ_2022_09.pdf,,,,,,https://gaming.az.gov/sites/default/files/EW%20Revenue%20Report%20for%20Website%20-Sep%202022.pdf,https://gaming.az.gov/blog-terms/event-wagering-revenue-reports,AZ/screenshots/AZ_2022_09_AZ_2022_09_p1.png,"Bally Interactive, LLC $ - $ 219,772.49 $ - $ 197,965.86 $ - $ 2 1,257.20 $ - $ 21,257.20 $ - $ - $ - $ -",,2026-04-08T18:25:43.789655
AZ,2022-09-01,2022-09-30,monthly,"Bally Interactive, LLC",Bally Bet,Bally Bet,Bally's Corporation,online,,21977249,2125720,2180663,2125720,0,19796586,0,54943,0.096723661819548,30,False,False,AZ_2022_09.pdf,,,,,,https://gaming.az.gov/sites/default/files/EW%20Revenue%20Report%20for%20Website%20-Sep%202022.pdf,https://gaming.az.gov/blog-terms/event-wagering-revenue-reports,AZ/screenshots/AZ_2022_09_AZ_2022_09_p1.png,"Bally Interactive, LLC $ - $ 219,772.49 $ - $ 197,965.86 $ - $ 2 1,257.20 $ - $ 21,257.20 $ - $ - $ - $ -",,2026-04-08T18:25:43.789655
AZ,2022-09-01,2022-09-30,monthly,BetFred,Betfred,Betfred,Betfred Group,retail,,0,0,0,0,0,0,0,0,,30,False,False,AZ_2022_09.pdf,,,,,,https://gaming.az.gov/sites/default/files/EW%20Revenue%20Report%20for%20Website%20-Sep%202022.pdf,https://gaming.az.gov/blog-terms/event-wagering-revenue-reports,AZ/screenshots/AZ_2022_09_AZ_2022_09_p1.png,"BetFred $ - $ 3 ,479,640.24 $ - $ 3,176,584.40 $ - $ 294,356.74 $ - $ 294,356.74 $ - $ - $ - $ -",,2026-04-08T18:25:43.789655
AZ,2022-09-01,2022-09-30,monthly,BetFred,Betfred,Betfred,Betfred Group,online,,347964024,29435674,30305584,29435674,0,317658440,0,869910,0.0845940153859124,30,False,False,AZ_2022_09.pdf,,,,,,https://gaming.az.gov/sites/default/files/EW%20Revenue%20Report%20for%20Website%20-Sep%202022.pdf,https://gaming.az.gov/blog-terms/event-wagering-revenue-reports,AZ/screenshots/AZ_2022_09_AZ_2022_09_p1.png,"BetFred $ - $ 3 ,479,640.24 $ - $ 3,176,584.40 $ - $ 294,356.74 $ - $ 294,356.74 $ - $ - $ - $ -",,2026-04-08T18:25:43.789655
AZ,2022-09-01,2022-09-30,monthly,BetMGM,BetMGM,BetMGM,Entain/MGM Resorts,retail,,38076210,11442169,11537360,0,11442169,26538850,915374,95191,0.3005070357580232,30,False,False,AZ_2022_09.pdf,,,,,,https://gaming.az.gov/sites/default/files/EW%20Revenue%20Report%20for%20Website%20-Sep%202022.pdf,https://gaming.az.gov/blog-terms/event-wagering-revenue-reports,AZ/screenshots/AZ_2022_09_AZ_2022_09_p1.png,"BetMGM $ 380,762.10 $ 80,448,328.61 $ 265,388.50 $ 69,229,272.26 $ 114,421.69 $ 11,031,345.17 $ - $ 5,732,388.03 $ 114,421.69 $ 5,298,957.14 $ 9,153.74 $ 5 29,895.71",,2026-04-08T18:25:43.789655
AZ,2022-09-01,2022-09-30,monthly,BetMGM,BetMGM,BetMGM,Entain/MGM Resorts,online,,8044832861,1103134517,1121905635,573238803,529895714,6922927226,52989571,18771118,0.1371233605545506,30,False,False,AZ_2022_09.pdf,,,,,,https://gaming.az.gov/sites/default/files/EW%20Revenue%20Report%20for%20Website%20-Sep%202022.pdf,https://gaming.az.gov/blog-terms/event-wagering-revenue-reports,AZ/screenshots/AZ_2022_09_AZ_2022_09_p1.png,"BetMGM $ 380,762.10 $ 80,448,328.61 $ 265,388.50 $ 69,229,272.26 $ 114,421.69 $ 11,031,345.17 $ - $ 5,732,388.03 $ 114,421.69 $ 5,298,957.14 $ 9,153.74 $ 5 29,895.71",,2026-04-08T18:25:43.789655
AZ,2022-09-01,2022-09-30,monthly,Caesars (American Wagering),Caesars,Caesars,Caesars Entertainment,retail,,110608126,2945920,3222341,0,2945920,107385785,235674,276421,0.026633847860328,30,False,False,AZ_2022_09.pdf,,,,,,https://gaming.az.gov/sites/default/files/EW%20Revenue%20Report%20for%20Website%20-Sep%202022.pdf,https://gaming.az.gov/blog-terms/event-wagering-revenue-reports,AZ/screenshots/AZ_2022_09_AZ_2022_09_p1.png,"Caesars (American Wagering) $ 1,106,081.26 $ 46,141,604.28 $ 1,073,857.85 $ 39,715,019.22 $ 2 9,459.20 $ 6,314,752.95 $ - $ 1,229,601.19 $ 2 9,459.20 $ 5,085,151.76 $ 2,356.74 $ 5 08,515.18",,2026-04-08T18:25:43.789655
AZ,2022-09-01,2022-09-30,monthly,Caesars (American Wagering),Caesars,Caesars,Caesars Entertainment,online,,4614160428,631475295,642658506,122960119,508515176,3971501922,50851518,11183211,0.1368559470034967,30,False,False,AZ_2022_09.pdf,,,,,,https://gaming.az.gov/sites/default/files/EW%20Revenue%20Report%20for%20Website%20-Sep%202022.pdf,https://gaming.az.gov/blog-terms/event-wagering-revenue-reports,AZ/screenshots/AZ_2022_09_AZ_2022_09_p1.png,"Caesars (American Wagering) $ 1,106,081.26 $ 46,141,604.28 $ 1,073,857.85 $ 39,715,019.22 $ 2 9,459.20 $ 6,314,752.95 $ - $ 1,229,601.19 $ 2 9,459.20 $ 5,085,151.76 $ 2,356.74 $ 5 08,515.18",,2026-04-08T18:25:43.789655
AZ,2022-09-01,2022-09-30,monthly,Churchill Downs/TwinSpires,TwinSpires,TwinSpires,Churchill Downs Inc,retail,,0,0,0,0,0,0,0,0,,30,False,False,AZ_2022_09.pdf,,,,,,https://gaming.az.gov/sites/default/files/EW%20Revenue%20Report%20for%20Website%20-Sep%202022.pdf,https://gaming.az.gov/blog-terms/event-wagering-revenue-reports,AZ/screenshots/AZ_2022_09_AZ_2022_09_p1.png,"Churchill Downs/TwinSpires $ - $ 213,295.23 $ - $ 188,604.54 $ - $ 2 4,157.69 $ - $ 110.00 $ - $ 2 4,047.69 $ - $ 2,404.77",,2026-04-08T18:25:43.789655
AZ,2022-09-01,2022-09-30,monthly,Churchill Downs/TwinSpires,TwinSpires,TwinSpires,Churchill Downs Inc,online,,21329523,2415769,2469069,11000,2404769,18860454,240477,53300,0.1132594010658372,30,False,False,AZ_2022_09.pdf,,,,,,https://gaming.az.gov/sites/default/files/EW%20Revenue%20Report%20for%20Website%20-Sep%202022.pdf,https://gaming.az.gov/blog-terms/event-wagering-revenue-reports,AZ/screenshots/AZ_2022_09_AZ_2022_09_p1.png,"Churchill Downs/TwinSpires $ - $ 213,295.23 $ - $ 188,604.54 $ - $ 2 4,157.69 $ - $ 110.00 $ - $ 2 4,047.69 $ - $ 2,404.77",,2026-04-08T18:25:43.789655
AZ,2022-09-01,2022-09-30,monthly,Desert Diamond Mobile,Desert Diamond,Desert Diamond,Tohono O'odham Nation,retail,,0,0,0,0,0,0,0,0,,30,False,False,AZ_2022_09.pdf,,,,,,https://gaming.az.gov/sites/default/files/EW%20Revenue%20Report%20for%20Website%20-Sep%202022.pdf,https://gaming.az.gov/blog-terms/event-wagering-revenue-reports,AZ/screenshots/AZ_2022_09_AZ_2022_09_p1.png,"Desert Diamond Mobile $ - $ 1 ,922,110.37 $ - $ 1,678,571.50 $ - $ 238,733.59 $ - $ 235,803.95 $ - $ 2,929.64 $ - $ 292.96",,2026-04-08T18:25:43.789655
AZ,2022-09-01,2022-09-30,monthly,Desert Diamond Mobile,Desert Diamond,Desert Diamond,Tohono O'odham Nation,online,,192211037,23873359,24353887,23580395,292964,167857150,29296,480528,0.1242038926203805,30,False,False,AZ_2022_09.pdf,,,,,,https://gaming.az.gov/sites/default/files/EW%20Revenue%20Report%20for%20Website%20-Sep%202022.pdf,https://gaming.az.gov/blog-terms/event-wagering-revenue-reports,AZ/screenshots/AZ_2022_09_AZ_2022_09_p1.png,"Desert Diamond Mobile $ - $ 1 ,922,110.37 $ - $ 1,678,571.50 $ - $ 238,733.59 $ - $ 235,803.95 $ - $ 2,929.64 $ - $ 292.96",,2026-04-08T18:25:43.789655
AZ,2022-09-01,2022-09-30,monthly,Digital Gaming USA,Betway,Betway,Digital Gaming USA,retail,,0,0,0,0,0,0,0,0,,30,False,False,AZ_2022_09.pdf,,,,,,https://gaming.az.gov/sites/default/files/EW%20Revenue%20Report%20for%20Website%20-Sep%202022.pdf,https://gaming.az.gov/blog-terms/event-wagering-revenue-reports,AZ/screenshots/AZ_2022_09_AZ_2022_09_p1.png,"Digital Gaming USA $ - $ 555,953.98 $ - $ 482,026.48 $ - $ 7 2,537.62 $ - $ 35,429.93 $ - $ 3 7,107.69 $ - $ 3,710.77",,2026-04-08T18:25:43.789655
AZ,2022-09-01,2022-09-30,monthly,Digital Gaming USA,Betway,Betway,Digital Gaming USA,online,,55595398,7253762,7392750,3542993,3710769,48202648,371077,138988,0.130474144640533,30,False,False,AZ_2022_09.pdf,,,,,,https://gaming.az.gov/sites/default/files/EW%20Revenue%20Report%20for%20Website%20-Sep%202022.pdf,https://gaming.az.gov/blog-terms/event-wagering-revenue-reports,AZ/screenshots/AZ_2022_09_AZ_2022_09_p1.png,"Digital Gaming USA $ - $ 555,953.98 $ - $ 482,026.48 $ - $ 7 2,537.62 $ - $ 35,429.93 $ - $ 3 7,107.69 $ - $ 3,710.77",,2026-04-08T18:25:43.789655
AZ,2022-09-01,2022-09-30,monthly,Draft Kings/Crown Gaming,DraftKings,DraftKings,DraftKings Inc,retail,,0,0,0,0,0,0,0,0,,30,False,False,AZ_2022_09.pdf,,,,,,https://gaming.az.gov/sites/default/files/EW%20Revenue%20Report%20for%20Website%20-Sep%202022.pdf,https://gaming.az.gov/blog-terms/event-wagering-revenue-reports,AZ/screenshots/AZ_2022_09_AZ_2022_09_p1.png,"Draft Kings/Crown Gaming $ - $ 215,630,411.32 $ - $ 201,951,615.10 $ - $ 13,157,596.59 $ - $ 7,275,851.15 $ - $ 5,881,745.44 $ - $ 5 88,174.54",,2026-04-08T18:25:43.789655
AZ,2022-09-01,2022-09-30,monthly,Draft Kings/Crown Gaming,DraftKings,DraftKings,DraftKings Inc,online,,21563041132,1315759659,1367879622,727585115,588174544,20195161510,58817454,52119963,0.0610192064721049,30,False,False,AZ_2022_09.pdf,,,,,,https://gaming.az.gov/sites/default/files/EW%20Revenue%20Report%20for%20Website%20-Sep%202022.pdf,https://gaming.az.gov/blog-terms/event-wagering-revenue-reports,AZ/screenshots/AZ_2022_09_AZ_2022_09_p1.png,"Draft Kings/Crown Gaming $ - $ 215,630,411.32 $ - $ 201,951,615.10 $ - $ 13,157,596.59 $ - $ 7,275,851.15 $ - $ 5,881,745.44 $ - $ 5 88,174.54",,2026-04-08T18:25:43.789655
AZ,2022-09-01,2022-09-30,monthly,Fan Duel,FanDuel,FanDuel,Flutter Entertainment,retail,,253855805,38727790,39362430,845550,37882240,214493375,3030579,634640,0.1525582209947887,30,False,False,AZ_2022_09.pdf,,,,,,https://gaming.az.gov/sites/default/files/EW%20Revenue%20Report%20for%20Website%20-Sep%202022.pdf,https://gaming.az.gov/blog-terms/event-wagering-revenue-reports,AZ/screenshots/AZ_2022_09_AZ_2022_09_p1.png,"Fan Duel $ 2,538,558.05 $ 144,822,217.36 $ 2,144,933.75 $ 125,173,915.97 $ 387,277.90 $ 19,304,734.29 $ 8,455.50 $ 7,395,375.26 $ 378,822.40 $ 11,909,359.03 $ 30,305.79 $ 1,190,935.90",,2026-04-08T18:25:43.789655
AZ,2022-09-01,2022-09-30,monthly,Fan Duel,FanDuel,FanDuel,Flutter Entertainment,online,,14482221736,1930473429,1964830139,739537526,1190935903,12517391597,119093590,34356710,0.1332995354021694,30,False,False,AZ_2022_09.pdf,,,,,,https://gaming.az.gov/sites/default/files/EW%20Revenue%20Report%20for%20Website%20-Sep%202022.pdf,https://gaming.az.gov/blog-terms/event-wagering-revenue-reports,AZ/screenshots/AZ_2022_09_AZ_2022_09_p1.png,"Fan Duel $ 2,538,558.05 $ 144,822,217.36 $ 2,144,933.75 $ 125,173,915.97 $ 387,277.90 $ 19,304,734.29 $ 8,455.50 $ 7,395,375.26 $ 378,822.40 $ 11,909,359.03 $ 30,305.79 $ 1,190,935.90",,2026-04-08T18:25:43.789655
AZ,2022-09-01,2022-09-30,monthly,Fubo.TV,Fubo Sportsbook (defunct),Fubo Sportsbook (defunct),fuboTV,retail,,0,0,0,0,0,0,0,0,,30,False,False,AZ_2022_09.pdf,,,,,,https://gaming.az.gov/sites/default/files/EW%20Revenue%20Report%20for%20Website%20-Sep%202022.pdf,https://gaming.az.gov/blog-terms/event-wagering-revenue-reports,AZ/screenshots/AZ_2022_09_AZ_2022_09_p1.png,"Fubo.TV $ - $ 512,129.54 $ - $ 523,277.91 $ - $ - $ - $ - $ - $ - $ - $ -",,2026-04-08T18:25:43.789655
AZ,2022-09-01,2022-09-30,monthly,Fubo.TV,Fubo Sportsbook (defunct),Fubo Sportsbook (defunct),fuboTV,online,,51212954,0,-1114837,0,0,52327791,0,-1114837,0.0,30,False,False,AZ_2022_09.pdf,,,,,,https://gaming.az.gov/sites/default/files/EW%20Revenue%20Report%20for%20Website%20-Sep%202022.pdf,https://gaming.az.gov/blog-terms/event-wagering-revenue-reports,AZ/screenshots/AZ_2022_09_AZ_2022_09_p1.png,"Fubo.TV $ - $ 512,129.54 $ - $ 523,277.91 $ - $ - $ - $ - $ - $ - $ - $ -",,2026-04-08T18:25:43.789655
AZ,2022-09-01,2022-09-30,monthly,Golden Nugget Online Gaming,DraftKings (Golden Nugget),DraftKings,DraftKings Inc,retail,,0,0,0,0,0,0,0,0,,30,False,False,AZ_2022_09.pdf,,,,,,https://gaming.az.gov/sites/default/files/EW%20Revenue%20Report%20for%20Website%20-Sep%202022.pdf,https://gaming.az.gov/blog-terms/event-wagering-revenue-reports,AZ/screenshots/AZ_2022_09_AZ_2022_09_p1.png,"Golden Nugget Online Gaming $ - $ 188,866.67 $ - $ 204,826.05 $ - $ - $ - $ - $ - $ - $ - $ -",,2026-04-08T18:25:43.789655
AZ,2022-09-01,2022-09-30,monthly,Golden Nugget Online Gaming,DraftKings (Golden Nugget),DraftKings,DraftKings Inc,online,,18886667,0,-1595938,0,0,20482605,0,-1595938,0.0,30,False,False,AZ_2022_09.pdf,,,,,,https://gaming.az.gov/sites/default/files/EW%20Revenue%20Report%20for%20Website%20-Sep%202022.pdf,https://gaming.az.gov/blog-terms/event-wagering-revenue-reports,AZ/screenshots/AZ_2022_09_AZ_2022_09_p1.png,"Golden Nugget Online Gaming $ - $ 188,866.67 $ - $ 204,826.05 $ - $ - $ - $ - $ - $ - $ - $ -",,2026-04-08T18:25:43.789655
AZ,2022-09-01,2022-09-30,monthly,Penn Sports (Barstool Sports),ESPN Bet,ESPN Bet,PENN Entertainment,retail,,0,0,0,0,0,0,0,0,,30,False,False,AZ_2022_09.pdf,,,,,,https://gaming.az.gov/sites/default/files/EW%20Revenue%20Report%20for%20Website%20-Sep%202022.pdf,https://gaming.az.gov/blog-terms/event-wagering-revenue-reports,AZ/screenshots/AZ_2022_09_AZ_2022_09_p1.png,"Penn Sports (Barstool Sports) $ - $ 14,649,445.03 $ - $ 13,069,811.21 $ - $ 1,543,010.21 $ - $ 461,115.11 $ - $ 1,081,895.10 $ - $ 1 08,189.51",,2026-04-08T18:25:43.789655
AZ,2022-09-01,2022-09-30,monthly,Penn Sports (Barstool Sports),ESPN Bet,ESPN Bet,PENN Entertainment,online,,1464944503,154301021,157963382,46111511,108189510,1306981121,10818951,3662361,0.1053289190710045,30,False,False,AZ_2022_09.pdf,,,,,,https://gaming.az.gov/sites/default/files/EW%20Revenue%20Report%20for%20Website%20-Sep%202022.pdf,https://gaming.az.gov/blog-terms/event-wagering-revenue-reports,AZ/screenshots/AZ_2022_09_AZ_2022_09_p1.png,"Penn Sports (Barstool Sports) $ - $ 14,649,445.03 $ - $ 13,069,811.21 $ - $ 1,543,010.21 $ - $ 461,115.11 $ - $ 1,081,895.10 $ - $ 1 08,189.51",,2026-04-08T18:25:43.789655
AZ,2022-09-01,2022-09-30,monthly,RSI (Rush Street Interactive),BetRivers,BetRivers,Rush Street Interactive,retail,,0,0,0,0,0,0,0,0,,30,False,False,AZ_2022_09.pdf,,,,,,https://gaming.az.gov/sites/default/files/EW%20Revenue%20Report%20for%20Website%20-Sep%202022.pdf,https://gaming.az.gov/blog-terms/event-wagering-revenue-reports,AZ/screenshots/AZ_2022_09_AZ_2022_09_p1.png,"RSI (Rush Street Interactive) $ - $ 5 ,151,490.13 $ - $ 4,928,551.38 $ - $ 210,060.02 $ - $ 192,976.89 $ - $ 1 7,083.13 $ - $ 1,708.31",,2026-04-08T18:25:43.789655
AZ,2022-09-01,2022-09-30,monthly,RSI (Rush Street Interactive),BetRivers,BetRivers,Rush Street Interactive,online,,515149013,21006002,22293875,19297689,1708313,492855138,170831,1287873,0.0407765548800537,30,False,False,AZ_2022_09.pdf,,,,,,https://gaming.az.gov/sites/default/files/EW%20Revenue%20Report%20for%20Website%20-Sep%202022.pdf,https://gaming.az.gov/blog-terms/event-wagering-revenue-reports,AZ/screenshots/AZ_2022_09_AZ_2022_09_p1.png,"RSI (Rush Street Interactive) $ - $ 5 ,151,490.13 $ - $ 4,928,551.38 $ - $ 210,060.02 $ - $ 192,976.89 $ - $ 1 7,083.13 $ - $ 1,708.31",,2026-04-08T18:25:43.789655
AZ,2022-09-01,2022-09-30,monthly,Sahara Bets,Sahara Bets,Sahara Bets,Sahara Bets,retail,,0,0,0,0,0,0,0,0,,30,False,False,AZ_2022_09.pdf,,,,,,https://gaming.az.gov/sites/default/files/EW%20Revenue%20Report%20for%20Website%20-Sep%202022.pdf,https://gaming.az.gov/blog-terms/event-wagering-revenue-reports,AZ/screenshots/AZ_2022_09_AZ_2022_09_p1.png,"Sahara Bets $ - $ 228,067.71 $ - $ 212,182.63 $ - $ 1 5,314.91 $ - $ 7,321.11 $ - $ 7,993.80 $ - $ 799.38",,2026-04-08T18:25:43.789655
AZ,2022-09-01,2022-09-30,monthly,Sahara Bets,Sahara Bets,Sahara Bets,Sahara Bets,online,,22806771,1531491,1588508,732111,799380,21218263,79938,57017,0.0671507158992388,30,False,False,AZ_2022_09.pdf,,,,,,https://gaming.az.gov/sites/default/files/EW%20Revenue%20Report%20for%20Website%20-Sep%202022.pdf,https://gaming.az.gov/blog-terms/event-wagering-revenue-reports,AZ/screenshots/AZ_2022_09_AZ_2022_09_p1.png,"Sahara Bets $ - $ 228,067.71 $ - $ 212,182.63 $ - $ 1 5,314.91 $ - $ 7,321.11 $ - $ 7,993.80 $ - $ 799.38",,2026-04-08T18:25:43.789655
AZ,2022-09-01,2022-09-30,monthly,"SBOpco, LLC (SuperBook)",SuperBook,SuperBook,SuperBook Sports,retail,,0,0,0,0,0,0,0,0,,30,False,False,AZ_2022_09.pdf,,,,,,https://gaming.az.gov/sites/default/files/EW%20Revenue%20Report%20for%20Website%20-Sep%202022.pdf,https://gaming.az.gov/blog-terms/event-wagering-revenue-reports,AZ/screenshots/AZ_2022_09_AZ_2022_09_p1.png,"SBOpco, LLC (SuperBook) $ - $ 2 ,812,448.77 $ - $ 2,550,565.49 $ - $ 255,244.08 $ - $ 239,213.33 $ - $ 1 6,030.75 $ - $ 1,603.07",,2026-04-08T18:25:43.789655
AZ,2022-09-01,2022-09-30,monthly,"SBOpco, LLC (SuperBook)",SuperBook,SuperBook,SuperBook Sports,online,,281244877,25524408,26188328,23921333,1603075,255056549,160307,663920,0.0907551037809659,30,False,False,AZ_2022_09.pdf,,,,,,https://gaming.az.gov/sites/default/files/EW%20Revenue%20Report%20for%20Website%20-Sep%202022.pdf,https://gaming.az.gov/blog-terms/event-wagering-revenue-reports,AZ/screenshots/AZ_2022_09_AZ_2022_09_p1.png,"SBOpco, LLC (SuperBook) $ - $ 2 ,812,448.77 $ - $ 2,550,565.49 $ - $ 255,244.08 $ - $ 239,213.33 $ - $ 1 6,030.75 $ - $ 1,603.07",,2026-04-08T18:25:43.789655
AZ,2022-09-01,2022-09-30,monthly,Seminole Hard Rock Digital,Hard Rock Bet,Hard Rock Bet,Seminole Tribe / Hard Rock Digital,retail,,0,0,0,0,0,0,0,0,,30,False,False,AZ_2022_09.pdf,,,,,,https://gaming.az.gov/sites/default/files/EW%20Revenue%20Report%20for%20Website%20-Sep%202022.pdf,https://gaming.az.gov/blog-terms/event-wagering-revenue-reports,AZ/screenshots/AZ_2022_09_AZ_2022_09_p1.png,"Seminole Hard Rock Digital $ - $ 7 ,248,403.93 $ - $ 5,913,241.71 $ - $ 1,317,041.21 $ - $ 1,254,222.46 $ - $ 6 2,818.75 $ - $ 6,281.87",,2026-04-08T18:25:43.789655
AZ,2022-09-01,2022-09-30,monthly,Seminole Hard Rock Digital,Hard Rock Bet,Hard Rock Bet,Seminole Tribe / Hard Rock Digital,online,,724840393,131704121,133516222,125422246,6281875,591324171,628187,1812101,0.181700857556927,30,False,False,AZ_2022_09.pdf,,,,,,https://gaming.az.gov/sites/default/files/EW%20Revenue%20Report%20for%20Website%20-Sep%202022.pdf,https://gaming.az.gov/blog-terms/event-wagering-revenue-reports,AZ/screenshots/AZ_2022_09_AZ_2022_09_p1.png,"Seminole Hard Rock Digital $ - $ 7 ,248,403.93 $ - $ 5,913,241.71 $ - $ 1,317,041.21 $ - $ 1,254,222.46 $ - $ 6 2,818.75 $ - $ 6,281.87",,2026-04-08T18:25:43.789655
AZ,2022-09-01,2022-09-30,monthly,Unibet AZ (Kindred),Unibet,Unibet,Kindred Group,retail,,0,0,0,0,0,0,0,0,,30,False,False,AZ_2022_09.pdf,,,,,,https://gaming.az.gov/sites/default/files/EW%20Revenue%20Report%20for%20Website%20-Sep%202022.pdf,https://gaming.az.gov/blog-terms/event-wagering-revenue-reports,AZ/screenshots/AZ_2022_09_AZ_2022_09_p1.png,"Unibet AZ (Kindred) $ - $ 601,477.28 $ - $ 567,491.10 $ - $ 3 2,482.49 $ - $ 20,271.42 $ - $ 1 2,211.07 $ - $ 1,221.11",,2026-04-08T18:25:43.789655
AZ,2022-09-01,2022-09-30,monthly,Unibet AZ (Kindred),Unibet,Unibet,Kindred Group,online,,60147728,3248249,3398618,2027142,1221107,56749110,122111,150369,0.0540045170118478,30,False,False,AZ_2022_09.pdf,,,,,,https://gaming.az.gov/sites/default/files/EW%20Revenue%20Report%20for%20Website%20-Sep%202022.pdf,https://gaming.az.gov/blog-terms/event-wagering-revenue-reports,AZ/screenshots/AZ_2022_09_AZ_2022_09_p1.png,"Unibet AZ (Kindred) $ - $ 601,477.28 $ - $ 567,491.10 $ - $ 3 2,482.49 $ - $ 20,271.42 $ - $ 1 2,211.07 $ - $ 1,221.11",,2026-04-08T18:25:43.789655
AZ,2022-09-01,2022-09-30,monthly,WSI US (WynnBet),WynnBET,ESPN Bet,PENN Entertainment,retail,,0,0,0,0,0,0,0,0,,30,False,False,AZ_2022_09.pdf,,,,,,https://gaming.az.gov/sites/default/files/EW%20Revenue%20Report%20for%20Website%20-Sep%202022.pdf,https://gaming.az.gov/blog-terms/event-wagering-revenue-reports,AZ/screenshots/AZ_2022_09_AZ_2022_09_p1.png,"WSI US (WynnBet) $ - $ 8 ,524,143.95 $ - $ 7,811,512.29 $ - $ 691,321.30 $ - $ 57,100.00 $ - $ 634,221.30 $ - $ 63,422.13",,2026-04-08T18:25:43.789655
AZ,2022-09-01,2022-09-30,monthly,WSI US (WynnBet),WynnBET,ESPN Bet,PENN Entertainment,online,,852414395,69132130,71263166,5710000,63422130,781151229,6342213,2131036,0.0811015515522822,30,False,False,AZ_2022_09.pdf,,,,,,https://gaming.az.gov/sites/default/files/EW%20Revenue%20Report%20for%20Website%20-Sep%202022.pdf,https://gaming.az.gov/blog-terms/event-wagering-revenue-reports,AZ/screenshots/AZ_2022_09_AZ_2022_09_p1.png,"WSI US (WynnBet) $ - $ 8 ,524,143.95 $ - $ 7,811,512.29 $ - $ 691,321.30 $ - $ 57,100.00 $ - $ 634,221.30 $ - $ 63,422.13",,2026-04-08T18:25:43.789655
AZ,2022-10-01,2022-10-31,monthly,"Bally Interactive, LLC",Bally Bet,Bally Bet,Bally's Corporation,retail,,0,0,0,0,0,0,0,0,,31,False,False,AZ_2022_10.pdf,,,,,,https://gaming.az.gov/sites/default/files/EW%20Revenue%20Report%20for%20Website%20-%20Oct%202022.pdf,https://gaming.az.gov/blog-terms/event-wagering-revenue-reports,AZ/screenshots/AZ_2022_10_AZ_2022_10_p1.png,"Bally Interactive, LLC $ - $ 255,861.99 $ - $ 264,679.97 $ - $ - $ - $ - $ - $ - $ - $ -",,2026-04-08T18:25:45.891554
AZ,2022-10-01,2022-10-31,monthly,"Bally Interactive, LLC",Bally Bet,Bally Bet,Bally's Corporation,online,,25586199,0,-881798,0,0,26467997,0,-881798,0.0,31,False,False,AZ_2022_10.pdf,,,,,,https://gaming.az.gov/sites/default/files/EW%20Revenue%20Report%20for%20Website%20-%20Oct%202022.pdf,https://gaming.az.gov/blog-terms/event-wagering-revenue-reports,AZ/screenshots/AZ_2022_10_AZ_2022_10_p1.png,"Bally Interactive, LLC $ - $ 255,861.99 $ - $ 264,679.97 $ - $ - $ - $ - $ - $ - $ - $ -",,2026-04-08T18:25:45.891554
AZ,2022-10-01,2022-10-31,monthly,BetFred,Betfred,Betfred,Betfred Group,retail,,0,0,0,0,0,0,0,0,,31,False,False,AZ_2022_10.pdf,,,,,,https://gaming.az.gov/sites/default/files/EW%20Revenue%20Report%20for%20Website%20-%20Oct%202022.pdf,https://gaming.az.gov/blog-terms/event-wagering-revenue-reports,AZ/screenshots/AZ_2022_10_AZ_2022_10_p1.png,"BetFred $ - $ 2 ,455,920.41 $ - $ 2,352,624.99 $ - $ 9 7,155.62 $ - $ 97,155.62 $ - $ - $ - $ -",,2026-04-08T18:25:45.891554
AZ,2022-10-01,2022-10-31,monthly,BetFred,Betfred,Betfred,Betfred Group,online,,245592041,9715562,10329542,9715562,0,235262499,0,613980,0.03955975918617,31,False,False,AZ_2022_10.pdf,,,,,,https://gaming.az.gov/sites/default/files/EW%20Revenue%20Report%20for%20Website%20-%20Oct%202022.pdf,https://gaming.az.gov/blog-terms/event-wagering-revenue-reports,AZ/screenshots/AZ_2022_10_AZ_2022_10_p1.png,"BetFred $ - $ 2 ,455,920.41 $ - $ 2,352,624.99 $ - $ 9 7,155.62 $ - $ 97,155.62 $ - $ - $ - $ -",,2026-04-08T18:25:45.891554
AZ,2022-10-01,2022-10-31,monthly,BetMGM,BetMGM,BetMGM,Entain/MGM Resorts,retail,,234201805,18453205,19038710,0,18453205,215163095,1476256,585505,0.078791899148685,31,False,False,AZ_2022_10.pdf,,,,,,https://gaming.az.gov/sites/default/files/EW%20Revenue%20Report%20for%20Website%20-%20Oct%202022.pdf,https://gaming.az.gov/blog-terms/event-wagering-revenue-reports,AZ/screenshots/AZ_2022_10_AZ_2022_10_p1.png,"BetMGM $ 2,342,018.05 $ 93,974,368.51 $ 2,151,630.95 $ 83,896,424.84 $ 184,532.05 $ 9,855,256.70 $ - $ 5,403,905.22 $ 184,532.05 $ 4,451,351.48 $ 14,762.56 $ 4 45,135.15",,2026-04-08T18:25:45.891554
AZ,2022-10-01,2022-10-31,monthly,BetMGM,BetMGM,BetMGM,Entain/MGM Resorts,online,,9397436851,985525670,1007794367,540390522,445135148,8389642484,44513515,22268697,0.1048717523326723,31,False,False,AZ_2022_10.pdf,,,,,,https://gaming.az.gov/sites/default/files/EW%20Revenue%20Report%20for%20Website%20-%20Oct%202022.pdf,https://gaming.az.gov/blog-terms/event-wagering-revenue-reports,AZ/screenshots/AZ_2022_10_AZ_2022_10_p1.png,"BetMGM $ 2,342,018.05 $ 93,974,368.51 $ 2,151,630.95 $ 83,896,424.84 $ 184,532.05 $ 9,855,256.70 $ - $ 5,403,905.22 $ 184,532.05 $ 4,451,351.48 $ 14,762.56 $ 4 45,135.15",,2026-04-08T18:25:45.891554
AZ,2022-10-01,2022-10-31,monthly,Caesars (American Wagering),Caesars,Caesars,Caesars Entertainment,retail,,98454977,10636319,10884472,0,10636319,87570505,850906,248153,0.1080323141002815,31,False,False,AZ_2022_10.pdf,,,,,,https://gaming.az.gov/sites/default/files/EW%20Revenue%20Report%20for%20Website%20-%20Oct%202022.pdf,https://gaming.az.gov/blog-terms/event-wagering-revenue-reports,AZ/screenshots/AZ_2022_10_AZ_2022_10_p1.png,"Caesars (American Wagering) $ 984,549.77 $ 57,158,224.52 $ 875,705.05 $ 53,246,694.80 $ 106,363.19 $ 3,765,752.01 $ - $ 1,011,909.87 $ 106,363.19 $ 2,753,842.14 $ 8,509.06 $ 2 75,384.21",,2026-04-08T18:25:45.891554
AZ,2022-10-01,2022-10-31,monthly,Caesars (American Wagering),Caesars,Caesars,Caesars Entertainment,online,,5715822452,376575201,391152972,101190987,275384214,5324669480,27538421,14577771,0.0658829423346126,31,False,False,AZ_2022_10.pdf,,,,,,https://gaming.az.gov/sites/default/files/EW%20Revenue%20Report%20for%20Website%20-%20Oct%202022.pdf,https://gaming.az.gov/blog-terms/event-wagering-revenue-reports,AZ/screenshots/AZ_2022_10_AZ_2022_10_p1.png,"Caesars (American Wagering) $ 984,549.77 $ 57,158,224.52 $ 875,705.05 $ 53,246,694.80 $ 106,363.19 $ 3,765,752.01 $ - $ 1,011,909.87 $ 106,363.19 $ 2,753,842.14 $ 8,509.06 $ 2 75,384.21",,2026-04-08T18:25:45.891554
AZ,2022-10-01,2022-10-31,monthly,Churchill Downs/TwinSpires,TwinSpires,TwinSpires,Churchill Downs Inc,retail,,0,0,0,0,0,0,0,0,,31,False,False,AZ_2022_10.pdf,,,,,,https://gaming.az.gov/sites/default/files/EW%20Revenue%20Report%20for%20Website%20-%20Oct%202022.pdf,https://gaming.az.gov/blog-terms/event-wagering-revenue-reports,AZ/screenshots/AZ_2022_10_AZ_2022_10_p1.png,"Churchill Downs/TwinSpires $ - $ 87,485.37 $ - $ 8 0,951.29 $ - $ 6,311.08 $ - $ 2,087.00 $ - $ 4,224.08 $ - $ 422.41",,2026-04-08T18:25:45.891554
AZ,2022-10-01,2022-10-31,monthly,Churchill Downs/TwinSpires,TwinSpires,TwinSpires,Churchill Downs Inc,online,,8748537,631108,653408,208700,422408,8095129,42241,22300,0.0721386901604233,31,False,False,AZ_2022_10.pdf,,,,,,https://gaming.az.gov/sites/default/files/EW%20Revenue%20Report%20for%20Website%20-%20Oct%202022.pdf,https://gaming.az.gov/blog-terms/event-wagering-revenue-reports,AZ/screenshots/AZ_2022_10_AZ_2022_10_p1.png,"Churchill Downs/TwinSpires $ - $ 87,485.37 $ - $ 8 0,951.29 $ - $ 6,311.08 $ - $ 2,087.00 $ - $ 4,224.08 $ - $ 422.41",,2026-04-08T18:25:45.891554
AZ,2022-10-01,2022-10-31,monthly,Desert Diamond Mobile,Desert Diamond,Desert Diamond,Tohono O'odham Nation,retail,,0,0,0,0,0,0,0,0,,31,False,False,AZ_2022_10.pdf,,,,,,https://gaming.az.gov/sites/default/files/EW%20Revenue%20Report%20for%20Website%20-%20Oct%202022.pdf,https://gaming.az.gov/blog-terms/event-wagering-revenue-reports,AZ/screenshots/AZ_2022_10_AZ_2022_10_p1.png,"Desert Diamond Mobile $ - $ 4 ,991,010.67 $ - $ 4,582,017.94 $ - $ 396,515.20 $ - $ 241,116.90 $ - $ 155,398.30 $ - $ 15,539.83",,2026-04-08T18:25:45.891554
AZ,2022-10-01,2022-10-31,monthly,Desert Diamond Mobile,Desert Diamond,Desert Diamond,Tohono O'odham Nation,online,,499101067,39651520,40899273,24111690,15539830,458201794,1553983,1247753,0.079445873033968,31,False,False,AZ_2022_10.pdf,,,,,,https://gaming.az.gov/sites/default/files/EW%20Revenue%20Report%20for%20Website%20-%20Oct%202022.pdf,https://gaming.az.gov/blog-terms/event-wagering-revenue-reports,AZ/screenshots/AZ_2022_10_AZ_2022_10_p1.png,"Desert Diamond Mobile $ - $ 4 ,991,010.67 $ - $ 4,582,017.94 $ - $ 396,515.20 $ - $ 241,116.90 $ - $ 155,398.30 $ - $ 15,539.83",,2026-04-08T18:25:45.891554
AZ,2022-10-01,2022-10-31,monthly,Digital Gaming USA,Betway,Betway,Digital Gaming USA,retail,,0,0,0,0,0,0,0,0,,31,False,False,AZ_2022_10.pdf,,,,,,https://gaming.az.gov/sites/default/files/EW%20Revenue%20Report%20for%20Website%20-%20Oct%202022.pdf,https://gaming.az.gov/blog-terms/event-wagering-revenue-reports,AZ/screenshots/AZ_2022_10_AZ_2022_10_p1.png,"Digital Gaming USA $ - $ 780,437.96 $ - $ 744,075.45 $ - $ 3 4,411.42 $ - $ 33,824.55 $ - $ 586.87 $ - $ 58.69",,2026-04-08T18:25:45.891554
AZ,2022-10-01,2022-10-31,monthly,Digital Gaming USA,Betway,Betway,Digital Gaming USA,online,,78043796,3441142,3636251,3382455,58687,74407545,5869,195109,0.0440924477840621,31,False,False,AZ_2022_10.pdf,,,,,,https://gaming.az.gov/sites/default/files/EW%20Revenue%20Report%20for%20Website%20-%20Oct%202022.pdf,https://gaming.az.gov/blog-terms/event-wagering-revenue-reports,AZ/screenshots/AZ_2022_10_AZ_2022_10_p1.png,"Digital Gaming USA $ - $ 780,437.96 $ - $ 744,075.45 $ - $ 3 4,411.42 $ - $ 33,824.55 $ - $ 586.87 $ - $ 58.69",,2026-04-08T18:25:45.891554
AZ,2022-10-01,2022-10-31,monthly,Draft Kings/Crown Gaming,DraftKings,DraftKings,DraftKings Inc,retail,,0,0,0,0,0,0,0,0,,31,False,False,AZ_2022_10.pdf,,,,,,https://gaming.az.gov/sites/default/files/EW%20Revenue%20Report%20for%20Website%20-%20Oct%202022.pdf,https://gaming.az.gov/blog-terms/event-wagering-revenue-reports,AZ/screenshots/AZ_2022_10_AZ_2022_10_p1.png,"Draft Kings/Crown Gaming $ - $ 214,693,286.42 $ - $ 202,897,492.50 $ - $ 11,269,250.99 $ - $ 4,043,452.62 $ - $ 7,225,798.37 $ - $ 7 22,579.84",,2026-04-08T18:25:45.891554
AZ,2022-10-01,2022-10-31,monthly,Draft Kings/Crown Gaming,DraftKings,DraftKings,DraftKings Inc,online,,21469328642,1126925099,1179579392,404345262,722579837,20289749250,72257984,52654293,0.0524900017970482,31,False,False,AZ_2022_10.pdf,,,,,,https://gaming.az.gov/sites/default/files/EW%20Revenue%20Report%20for%20Website%20-%20Oct%202022.pdf,https://gaming.az.gov/blog-terms/event-wagering-revenue-reports,AZ/screenshots/AZ_2022_10_AZ_2022_10_p1.png,"Draft Kings/Crown Gaming $ - $ 214,693,286.42 $ - $ 202,897,492.50 $ - $ 11,269,250.99 $ - $ 4,043,452.62 $ - $ 7,225,798.37 $ - $ 7 22,579.84",,2026-04-08T18:25:45.891554
AZ,2022-10-01,2022-10-31,monthly,Fan Duel,FanDuel,FanDuel,Flutter Entertainment,retail,,284697840,0,-18613195,0,0,303311035,0,-18613195,0.0,31,False,False,AZ_2022_10.pdf,,,,,,https://gaming.az.gov/sites/default/files/EW%20Revenue%20Report%20for%20Website%20-%20Oct%202022.pdf,https://gaming.az.gov/blog-terms/event-wagering-revenue-reports,AZ/screenshots/AZ_2022_10_AZ_2022_10_p1.png,"Fan Duel $ 2,846,978.40 $ 194,157,500.73 $ 3,033,110.35 $ 173,710,920.15 $ - $ 19,977,070.17 $ - $ 6,353,333.56 $ - $ 13,623,736.61 $ - $ 1,362,373.66",,2026-04-08T18:25:45.891554
AZ,2022-10-01,2022-10-31,monthly,Fan Duel,FanDuel,FanDuel,Flutter Entertainment,online,,19415750073,1997707017,2044658058,635333356,1362373661,17371092015,136237366,46951041,0.1028910554312325,31,False,False,AZ_2022_10.pdf,,,,,,https://gaming.az.gov/sites/default/files/EW%20Revenue%20Report%20for%20Website%20-%20Oct%202022.pdf,https://gaming.az.gov/blog-terms/event-wagering-revenue-reports,AZ/screenshots/AZ_2022_10_AZ_2022_10_p1.png,"Fan Duel $ 2,846,978.40 $ 194,157,500.73 $ 3,033,110.35 $ 173,710,920.15 $ - $ 19,977,070.17 $ - $ 6,353,333.56 $ - $ 13,623,736.61 $ - $ 1,362,373.66",,2026-04-08T18:25:45.891554
AZ,2022-10-01,2022-10-31,monthly,Fubo.TV,Fubo Sportsbook (defunct),Fubo Sportsbook (defunct),fuboTV,retail,,0,0,0,0,0,0,0,0,,31,False,False,AZ_2022_10.pdf,,,,,,https://gaming.az.gov/sites/default/files/EW%20Revenue%20Report%20for%20Website%20-%20Oct%202022.pdf,https://gaming.az.gov/blog-terms/event-wagering-revenue-reports,AZ/screenshots/AZ_2022_10_AZ_2022_10_p1.png,"Fubo.TV $ - $ 320,948.75 $ - $ 314,453.38 $ - $ 5,693.00 $ - $ 5,693.00 $ - $ - $ - $ -",,2026-04-08T18:25:45.891554
AZ,2022-10-01,2022-10-31,monthly,Fubo.TV,Fubo Sportsbook (defunct),Fubo Sportsbook (defunct),fuboTV,online,,32094875,569300,649537,569300,0,31445338,0,80237,0.0177380344992775,31,False,False,AZ_2022_10.pdf,,,,,,https://gaming.az.gov/sites/default/files/EW%20Revenue%20Report%20for%20Website%20-%20Oct%202022.pdf,https://gaming.az.gov/blog-terms/event-wagering-revenue-reports,AZ/screenshots/AZ_2022_10_AZ_2022_10_p1.png,"Fubo.TV $ - $ 320,948.75 $ - $ 314,453.38 $ - $ 5,693.00 $ - $ 5,693.00 $ - $ - $ - $ -",,2026-04-08T18:25:45.891554
AZ,2022-10-01,2022-10-31,monthly,Golden Nugget Online Gaming,DraftKings (Golden Nugget),DraftKings,DraftKings Inc,retail,,0,0,0,0,0,0,0,0,,31,False,False,AZ_2022_10.pdf,,,,,,https://gaming.az.gov/sites/default/files/EW%20Revenue%20Report%20for%20Website%20-%20Oct%202022.pdf,https://gaming.az.gov/blog-terms/event-wagering-revenue-reports,AZ/screenshots/AZ_2022_10_AZ_2022_10_p1.png,"Golden Nugget Online Gaming $ - $ 150,767.36 $ - $ 123,107.36 $ - $ 2 7,283.08 $ - $ - $ - $ 2 7,283.08 $ - $ 2,728.31",,2026-04-08T18:25:45.891554
AZ,2022-10-01,2022-10-31,monthly,Golden Nugget Online Gaming,DraftKings (Golden Nugget),DraftKings,DraftKings Inc,online,,15076736,2728308,2766000,0,2728308,12310736,272831,37692,0.1809614494808425,31,False,False,AZ_2022_10.pdf,,,,,,https://gaming.az.gov/sites/default/files/EW%20Revenue%20Report%20for%20Website%20-%20Oct%202022.pdf,https://gaming.az.gov/blog-terms/event-wagering-revenue-reports,AZ/screenshots/AZ_2022_10_AZ_2022_10_p1.png,"Golden Nugget Online Gaming $ - $ 150,767.36 $ - $ 123,107.36 $ - $ 2 7,283.08 $ - $ - $ - $ 2 7,283.08 $ - $ 2,728.31",,2026-04-08T18:25:45.891554
AZ,2022-10-01,2022-10-31,monthly,Penn Sports (Barstool Sports),ESPN Bet,ESPN Bet,PENN Entertainment,retail,,0,0,0,0,0,0,0,0,,31,False,False,AZ_2022_10.pdf,,,,,,https://gaming.az.gov/sites/default/files/EW%20Revenue%20Report%20for%20Website%20-%20Oct%202022.pdf,https://gaming.az.gov/blog-terms/event-wagering-revenue-reports,AZ/screenshots/AZ_2022_10_AZ_2022_10_p1.png,"Penn Sports (Barstool Sports) $ - $ 17,534,061.23 $ - $ 16,624,126.29 $ - $ 866,099.79 $ - $ 353,626.92 $ - $ 512,472.87 $ - $ 51,247.29",,2026-04-08T18:25:45.891554
AZ,2022-10-01,2022-10-31,monthly,Penn Sports (Barstool Sports),ESPN Bet,ESPN Bet,PENN Entertainment,online,,1753406123,86609979,90993494,35362692,51247287,1662412629,5124729,4383515,0.0493952757800424,31,False,False,AZ_2022_10.pdf,,,,,,https://gaming.az.gov/sites/default/files/EW%20Revenue%20Report%20for%20Website%20-%20Oct%202022.pdf,https://gaming.az.gov/blog-terms/event-wagering-revenue-reports,AZ/screenshots/AZ_2022_10_AZ_2022_10_p1.png,"Penn Sports (Barstool Sports) $ - $ 17,534,061.23 $ - $ 16,624,126.29 $ - $ 866,099.79 $ - $ 353,626.92 $ - $ 512,472.87 $ - $ 51,247.29",,2026-04-08T18:25:45.891554
AZ,2022-10-01,2022-10-31,monthly,RSI (Rush Street Interactive),BetRivers,BetRivers,Rush Street Interactive,retail,,0,0,0,0,0,0,0,0,,31,False,False,AZ_2022_10.pdf,,,,,,https://gaming.az.gov/sites/default/files/EW%20Revenue%20Report%20for%20Website%20-%20Oct%202022.pdf,https://gaming.az.gov/blog-terms/event-wagering-revenue-reports,AZ/screenshots/AZ_2022_10_AZ_2022_10_p1.png,"RSI (Rush Street Interactive) $ - $ 6 ,034,706.42 $ - $ 5,770,390.74 $ - $ 249,228.91 $ - $ 177,806.65 $ - $ 7 1,422.26 $ - $ 7,142.23",,2026-04-08T18:25:45.891554
AZ,2022-10-01,2022-10-31,monthly,RSI (Rush Street Interactive),BetRivers,BetRivers,Rush Street Interactive,online,,603470642,24922891,26431568,17780665,7142226,577039074,714223,1508677,0.0412992600889439,31,False,False,AZ_2022_10.pdf,,,,,,https://gaming.az.gov/sites/default/files/EW%20Revenue%20Report%20for%20Website%20-%20Oct%202022.pdf,https://gaming.az.gov/blog-terms/event-wagering-revenue-reports,AZ/screenshots/AZ_2022_10_AZ_2022_10_p1.png,"RSI (Rush Street Interactive) $ - $ 6 ,034,706.42 $ - $ 5,770,390.74 $ - $ 249,228.91 $ - $ 177,806.65 $ - $ 7 1,422.26 $ - $ 7,142.23",,2026-04-08T18:25:45.891554
AZ,2022-10-01,2022-10-31,monthly,Sahara Bets,Sahara Bets,Sahara Bets,Sahara Bets,retail,,0,0,0,0,0,0,0,0,,31,False,False,AZ_2022_10.pdf,,,,,,https://gaming.az.gov/sites/default/files/EW%20Revenue%20Report%20for%20Website%20-%20Oct%202022.pdf,https://gaming.az.gov/blog-terms/event-wagering-revenue-reports,AZ/screenshots/AZ_2022_10_AZ_2022_10_p1.png,"Sahara Bets $ - $ 155,556.94 $ - $ 142,010.70 $ - $ 1 3,157.35 $ - $ 3,401.60 $ - $ 9,755.75 $ - $ 975.57",,2026-04-08T18:25:45.891554
AZ,2022-10-01,2022-10-31,monthly,Sahara Bets,Sahara Bets,Sahara Bets,Sahara Bets,online,,15555694,1315735,1354624,340160,975575,14201070,97557,38889,0.0845822115040319,31,False,False,AZ_2022_10.pdf,,,,,,https://gaming.az.gov/sites/default/files/EW%20Revenue%20Report%20for%20Website%20-%20Oct%202022.pdf,https://gaming.az.gov/blog-terms/event-wagering-revenue-reports,AZ/screenshots/AZ_2022_10_AZ_2022_10_p1.png,"Sahara Bets $ - $ 155,556.94 $ - $ 142,010.70 $ - $ 1 3,157.35 $ - $ 3,401.60 $ - $ 9,755.75 $ - $ 975.57",,2026-04-08T18:25:45.891554
AZ,2022-10-01,2022-10-31,monthly,"SBOpco, LLC (SuperBook)",SuperBook,SuperBook,SuperBook Sports,retail,,0,0,0,0,0,0,0,0,,31,False,False,AZ_2022_10.pdf,,,,,,https://gaming.az.gov/sites/default/files/EW%20Revenue%20Report%20for%20Website%20-%20Oct%202022.pdf,https://gaming.az.gov/blog-terms/event-wagering-revenue-reports,AZ/screenshots/AZ_2022_10_AZ_2022_10_p1.png,"SBOpco, LLC (SuperBook) $ - $ 3 ,385,694.80 $ - $ 3,338,497.29 $ - $ 3 9,482.41 $ - $ 39,482.41 $ - $ - $ - $ -",,2026-04-08T18:25:45.891554
AZ,2022-10-01,2022-10-31,monthly,"SBOpco, LLC (SuperBook)",SuperBook,SuperBook,SuperBook Sports,online,,338569480,3948241,4719751,3948241,0,333849729,0,771510,0.0116615384233688,31,False,False,AZ_2022_10.pdf,,,,,,https://gaming.az.gov/sites/default/files/EW%20Revenue%20Report%20for%20Website%20-%20Oct%202022.pdf,https://gaming.az.gov/blog-terms/event-wagering-revenue-reports,AZ/screenshots/AZ_2022_10_AZ_2022_10_p1.png,"SBOpco, LLC (SuperBook) $ - $ 3 ,385,694.80 $ - $ 3,338,497.29 $ - $ 3 9,482.41 $ - $ 39,482.41 $ - $ - $ - $ -",,2026-04-08T18:25:45.891554
AZ,2022-10-01,2022-10-31,monthly,Seminole Hard Rock Digital,Hard Rock Bet,Hard Rock Bet,Seminole Tribe / Hard Rock Digital,retail,,0,0,0,0,0,0,0,0,,31,False,False,AZ_2022_10.pdf,,,,,,https://gaming.az.gov/sites/default/files/EW%20Revenue%20Report%20for%20Website%20-%20Oct%202022.pdf,https://gaming.az.gov/blog-terms/event-wagering-revenue-reports,AZ/screenshots/AZ_2022_10_AZ_2022_10_p1.png,"Seminole Hard Rock Digital $ - $ 6 ,148,110.81 $ - $ 5,648,116.11 $ - $ 484,624.42 $ - $ 472,367.46 $ - $ 1 2,256.96 $ - $ 1,225.70",,2026-04-08T18:25:45.891554
AZ,2022-10-01,2022-10-31,monthly,Seminole Hard Rock Digital,Hard Rock Bet,Hard Rock Bet,Seminole Tribe / Hard Rock Digital,online,,614811081,48462442,49999470,47236746,1225696,564811611,122570,1537028,0.0788249325649353,31,False,False,AZ_2022_10.pdf,,,,,,https://gaming.az.gov/sites/default/files/EW%20Revenue%20Report%20for%20Website%20-%20Oct%202022.pdf,https://gaming.az.gov/blog-terms/event-wagering-revenue-reports,AZ/screenshots/AZ_2022_10_AZ_2022_10_p1.png,"Seminole Hard Rock Digital $ - $ 6 ,148,110.81 $ - $ 5,648,116.11 $ - $ 484,624.42 $ - $ 472,367.46 $ - $ 1 2,256.96 $ - $ 1,225.70",,2026-04-08T18:25:45.891554
AZ,2022-10-01,2022-10-31,monthly,Unibet AZ (Kindred),Unibet,Unibet,Kindred Group,retail,,0,0,0,0,0,0,0,0,,31,False,False,AZ_2022_10.pdf,,,,,,https://gaming.az.gov/sites/default/files/EW%20Revenue%20Report%20for%20Website%20-%20Oct%202022.pdf,https://gaming.az.gov/blog-terms/event-wagering-revenue-reports,AZ/screenshots/AZ_2022_10_AZ_2022_10_p1.png,"Unibet AZ (Kindred) $ - $ 730,382.22 $ - $ 737,197.01 $ - $ - $ - $ - $ - $ - $ - $ -",,2026-04-08T18:25:45.891554
AZ,2022-10-01,2022-10-31,monthly,Unibet AZ (Kindred),Unibet,Unibet,Kindred Group,online,,73038222,0,-681479,0,0,73719701,0,-681479,0.0,31,False,False,AZ_2022_10.pdf,,,,,,https://gaming.az.gov/sites/default/files/EW%20Revenue%20Report%20for%20Website%20-%20Oct%202022.pdf,https://gaming.az.gov/blog-terms/event-wagering-revenue-reports,AZ/screenshots/AZ_2022_10_AZ_2022_10_p1.png,"Unibet AZ (Kindred) $ - $ 730,382.22 $ - $ 737,197.01 $ - $ - $ - $ - $ - $ - $ - $ -",,2026-04-08T18:25:45.891554
AZ,2022-10-01,2022-10-31,monthly,WSI US (WynnBet),WynnBET,ESPN Bet,PENN Entertainment,retail,,0,0,0,0,0,0,0,0,,31,False,False,AZ_2022_10.pdf,,,,,,https://gaming.az.gov/sites/default/files/EW%20Revenue%20Report%20for%20Website%20-%20Oct%202022.pdf,https://gaming.az.gov/blog-terms/event-wagering-revenue-reports,AZ/screenshots/AZ_2022_10_AZ_2022_10_p1.png,"WSI US (WynnBet) $ - $ 8 ,368,171.44 $ - $ 7,696,211.65 $ - $ 651,039.36 $ - $ 146,595.78 $ - $ 504,443.58 $ - $ 50,444.36",,2026-04-08T18:25:45.891554
AZ,2022-10-01,2022-10-31,monthly,WSI US (WynnBet),WynnBET,ESPN Bet,PENN Entertainment,online,,836817144,65103936,67195979,14659578,50444358,769621165,5044436,2092043,0.0777994768233381,31,False,False,AZ_2022_10.pdf,,,,,,https://gaming.az.gov/sites/default/files/EW%20Revenue%20Report%20for%20Website%20-%20Oct%202022.pdf,https://gaming.az.gov/blog-terms/event-wagering-revenue-reports,AZ/screenshots/AZ_2022_10_AZ_2022_10_p1.png,"WSI US (WynnBet) $ - $ 8 ,368,171.44 $ - $ 7,696,211.65 $ - $ 651,039.36 $ - $ 146,595.78 $ - $ 504,443.58 $ - $ 50,444.36",,2026-04-08T18:25:45.891554
AZ,2022-11-01,2022-11-30,monthly,"Bally Interactive, LLC",Bally Bet,Bally Bet,Bally's Corporation,retail,,0,0,0,0,0,0,0,0,,30,False,False,AZ_2022_11.pdf,,,,,,https://gaming.az.gov/sites/default/files/EW%20Revenue%20Report%20for%20Website%20-%20Nov%202022.pdf,https://gaming.az.gov/blog-terms/event-wagering-revenue-reports,AZ/screenshots/AZ_2022_11_AZ_2022_11_p1.png,"Bally Interactive, LLC $ - $ 122,227.86 $ - $ 103,032.95 $ - $ 1 8,889.34 $ - $ 791.00 $ - $ 1 8,098.34 $ - $ 1,809.83",,2026-04-08T18:25:47.948809
AZ,2022-11-01,2022-11-30,monthly,"Bally Interactive, LLC",Bally Bet,Bally Bet,Bally's Corporation,online,,12222786,1888934,1919491,79100,1809834,10303295,180983,30557,0.1545420168527862,30,False,False,AZ_2022_11.pdf,,,,,,https://gaming.az.gov/sites/default/files/EW%20Revenue%20Report%20for%20Website%20-%20Nov%202022.pdf,https://gaming.az.gov/blog-terms/event-wagering-revenue-reports,AZ/screenshots/AZ_2022_11_AZ_2022_11_p1.png,"Bally Interactive, LLC $ - $ 122,227.86 $ - $ 103,032.95 $ - $ 1 8,889.34 $ - $ 791.00 $ - $ 1 8,098.34 $ - $ 1,809.83",,2026-04-08T18:25:47.948809
AZ,2022-11-01,2022-11-30,monthly,BetFred,Betfred,Betfred,Betfred Group,retail,,0,0,0,0,0,0,0,0,,30,False,False,AZ_2022_11.pdf,,,,,,https://gaming.az.gov/sites/default/files/EW%20Revenue%20Report%20for%20Website%20-%20Nov%202022.pdf,https://gaming.az.gov/blog-terms/event-wagering-revenue-reports,AZ/screenshots/AZ_2022_11_AZ_2022_11_p1.png,"BetFred $ - $ 2 ,461,438.44 $ - $ 2,355,876.20 $ - $ 9 9,408.64 $ - $ 99,408.64 $ - $ - $ - $ -",,2026-04-08T18:25:47.948809
AZ,2022-11-01,2022-11-30,monthly,BetFred,Betfred,Betfred,Betfred Group,online,,246143844,9940864,10556224,9940864,0,235587620,0,615360,0.0403864010509237,30,False,False,AZ_2022_11.pdf,,,,,,https://gaming.az.gov/sites/default/files/EW%20Revenue%20Report%20for%20Website%20-%20Nov%202022.pdf,https://gaming.az.gov/blog-terms/event-wagering-revenue-reports,AZ/screenshots/AZ_2022_11_AZ_2022_11_p1.png,"BetFred $ - $ 2 ,461,438.44 $ - $ 2,355,876.20 $ - $ 9 9,408.64 $ - $ 99,408.64 $ - $ - $ - $ -",,2026-04-08T18:25:47.948809
AZ,2022-11-01,2022-11-30,monthly,BetMGM,BetMGM,BetMGM,Entain/MGM Resorts,retail,,89366325,12630419,12853835,0,12630419,76512490,1010434,223416,0.1413330916315513,30,False,False,AZ_2022_11.pdf,,,,,,https://gaming.az.gov/sites/default/files/EW%20Revenue%20Report%20for%20Website%20-%20Nov%202022.pdf,https://gaming.az.gov/blog-terms/event-wagering-revenue-reports,AZ/screenshots/AZ_2022_11_AZ_2022_11_p1.png,"BetMGM $ 893,663.25 $ 93,936,313.91 $ 765,124.90 $ 83,692,924.68 $ 126,304.19 $ 10,019,119.26 $ - $ 4,647,877.04 $ 126,304.19 $ 5,371,242.22 $ 10,104.34 $ 5 37,124.22",,2026-04-08T18:25:47.948809
AZ,2022-11-01,2022-11-30,monthly,BetMGM,BetMGM,BetMGM,Entain/MGM Resorts,online,,9393631391,1001911926,1024338923,464787704,537124222,8369292468,53712422,22426997,0.106658637570123,30,False,False,AZ_2022_11.pdf,,,,,,https://gaming.az.gov/sites/default/files/EW%20Revenue%20Report%20for%20Website%20-%20Nov%202022.pdf,https://gaming.az.gov/blog-terms/event-wagering-revenue-reports,AZ/screenshots/AZ_2022_11_AZ_2022_11_p1.png,"BetMGM $ 893,663.25 $ 93,936,313.91 $ 765,124.90 $ 83,692,924.68 $ 126,304.19 $ 10,019,119.26 $ - $ 4,647,877.04 $ 126,304.19 $ 5,371,242.22 $ 10,104.34 $ 5 37,124.22",,2026-04-08T18:25:47.948809
AZ,2022-11-01,2022-11-30,monthly,Caesars (American Wagering),Caesars,Caesars,Caesars Entertainment,retail,,103846947,0,-10925313,0,0,114772260,0,-10925313,0.0,30,False,False,AZ_2022_11.pdf,,,,,,https://gaming.az.gov/sites/default/files/EW%20Revenue%20Report%20for%20Website%20-%20Nov%202022.pdf,https://gaming.az.gov/blog-terms/event-wagering-revenue-reports,AZ/screenshots/AZ_2022_11_AZ_2022_11_p1.png,"Caesars (American Wagering) $ 1,038,469.47 $ 61,739,856.27 $ 1,147,722.60 $ 56,471,187.42 $ - $ 5,116,551.28 $ - $ 1,063,277.97 $ - $ 4,053,273.31 $ - $ 4 05,327.33",,2026-04-08T18:25:47.948809
AZ,2022-11-01,2022-11-30,monthly,Caesars (American Wagering),Caesars,Caesars,Caesars Entertainment,online,,6173985627,511655128,526866885,106327797,405327331,5647118742,40532733,15211757,0.0828727436232497,30,False,False,AZ_2022_11.pdf,,,,,,https://gaming.az.gov/sites/default/files/EW%20Revenue%20Report%20for%20Website%20-%20Nov%202022.pdf,https://gaming.az.gov/blog-terms/event-wagering-revenue-reports,AZ/screenshots/AZ_2022_11_AZ_2022_11_p1.png,"Caesars (American Wagering) $ 1,038,469.47 $ 61,739,856.27 $ 1,147,722.60 $ 56,471,187.42 $ - $ 5,116,551.28 $ - $ 1,063,277.97 $ - $ 4,053,273.31 $ - $ 4 05,327.33",,2026-04-08T18:25:47.948809
AZ,2022-11-01,2022-11-30,monthly,Churchill Downs/TwinSpires,TwinSpires,TwinSpires,Churchill Downs Inc,retail,,0,0,0,0,0,0,0,0,,30,False,False,AZ_2022_11.pdf,,,,,,https://gaming.az.gov/sites/default/files/EW%20Revenue%20Report%20for%20Website%20-%20Nov%202022.pdf,https://gaming.az.gov/blog-terms/event-wagering-revenue-reports,AZ/screenshots/AZ_2022_11_AZ_2022_11_p1.png,"Churchill Downs/TwinSpires $ - $ 269,060.05 $ - $ 223,362.05 $ - $ 4 5,025.00 $ - $ 5,200.00 $ - $ 3 9,825.00 $ - $ 3,982.50",,2026-04-08T18:25:47.948809
AZ,2022-11-01,2022-11-30,monthly,Churchill Downs/TwinSpires,TwinSpires,TwinSpires,Churchill Downs Inc,online,,26906005,4502500,4569800,520000,3982500,22336205,398250,67300,0.1673418257374143,30,False,False,AZ_2022_11.pdf,,,,,,https://gaming.az.gov/sites/default/files/EW%20Revenue%20Report%20for%20Website%20-%20Nov%202022.pdf,https://gaming.az.gov/blog-terms/event-wagering-revenue-reports,AZ/screenshots/AZ_2022_11_AZ_2022_11_p1.png,"Churchill Downs/TwinSpires $ - $ 269,060.05 $ - $ 223,362.05 $ - $ 4 5,025.00 $ - $ 5,200.00 $ - $ 3 9,825.00 $ - $ 3,982.50",,2026-04-08T18:25:47.948809
AZ,2022-11-01,2022-11-30,monthly,Desert Diamond Mobile,Desert Diamond,Desert Diamond,Tohono O'odham Nation,retail,,0,0,0,0,0,0,0,0,,30,False,False,AZ_2022_11.pdf,,,,,,https://gaming.az.gov/sites/default/files/EW%20Revenue%20Report%20for%20Website%20-%20Nov%202022.pdf,https://gaming.az.gov/blog-terms/event-wagering-revenue-reports,AZ/screenshots/AZ_2022_11_AZ_2022_11_p1.png,"Desert Diamond Mobile $ - $ 11,019,880.77 $ - $ 10,607,590.38 $ - $ 384,740.69 $ - $ 202,338.21 $ - $ 182,402.48 $ - $ 18,240.25",,2026-04-08T18:25:47.948809
AZ,2022-11-01,2022-11-30,monthly,Desert Diamond Mobile,Desert Diamond,Desert Diamond,Tohono O'odham Nation,online,,1101988077,38474069,41229039,20233821,18240248,1060759038,1824025,2754970,0.0349133260177732,30,False,False,AZ_2022_11.pdf,,,,,,https://gaming.az.gov/sites/default/files/EW%20Revenue%20Report%20for%20Website%20-%20Nov%202022.pdf,https://gaming.az.gov/blog-terms/event-wagering-revenue-reports,AZ/screenshots/AZ_2022_11_AZ_2022_11_p1.png,"Desert Diamond Mobile $ - $ 11,019,880.77 $ - $ 10,607,590.38 $ - $ 384,740.69 $ - $ 202,338.21 $ - $ 182,402.48 $ - $ 18,240.25",,2026-04-08T18:25:47.948809
AZ,2022-11-01,2022-11-30,monthly,Digital Gaming USA,Betway,Betway,Digital Gaming USA,retail,,0,0,0,0,0,0,0,0,,30,False,False,AZ_2022_11.pdf,,,,,,https://gaming.az.gov/sites/default/files/EW%20Revenue%20Report%20for%20Website%20-%20Nov%202022.pdf,https://gaming.az.gov/blog-terms/event-wagering-revenue-reports,AZ/screenshots/AZ_2022_11_AZ_2022_11_p1.png,"Digital Gaming USA $ - $ 644,786.47 $ - $ 582,952.42 $ - $ 6 0,222.08 $ - $ 27,553.00 $ - $ 3 2,669.08 $ - $ 3,266.91",,2026-04-08T18:25:47.948809
AZ,2022-11-01,2022-11-30,monthly,Digital Gaming USA,Betway,Betway,Digital Gaming USA,online,,64478647,6022208,6183405,2755300,3266908,58295242,326691,161197,0.0933984858584269,30,False,False,AZ_2022_11.pdf,,,,,,https://gaming.az.gov/sites/default/files/EW%20Revenue%20Report%20for%20Website%20-%20Nov%202022.pdf,https://gaming.az.gov/blog-terms/event-wagering-revenue-reports,AZ/screenshots/AZ_2022_11_AZ_2022_11_p1.png,"Digital Gaming USA $ - $ 644,786.47 $ - $ 582,952.42 $ - $ 6 0,222.08 $ - $ 27,553.00 $ - $ 3 2,669.08 $ - $ 3,266.91",,2026-04-08T18:25:47.948809
AZ,2022-11-01,2022-11-30,monthly,Draft Kings/Crown Gaming,DraftKings,DraftKings,DraftKings Inc,retail,,0,0,0,0,0,0,0,0,,30,False,False,AZ_2022_11.pdf,,,,,,https://gaming.az.gov/sites/default/files/EW%20Revenue%20Report%20for%20Website%20-%20Nov%202022.pdf,https://gaming.az.gov/blog-terms/event-wagering-revenue-reports,AZ/screenshots/AZ_2022_11_AZ_2022_11_p1.png,"Draft Kings/Crown Gaming $ - $ 200,314,573.17 $ - $ 188,436,603.37 $ - $ 11,385,302.90 $ - $ 3,304,261.60 $ - $ 8,081,041.30 $ - $ 8 08,104.13",,2026-04-08T18:25:47.948809
AZ,2022-11-01,2022-11-30,monthly,Draft Kings/Crown Gaming,DraftKings,DraftKings,DraftKings Inc,online,,20031457317,1138530290,1187796980,330426160,808104130,18843660337,80810413,49266690,0.0568371173391248,30,False,False,AZ_2022_11.pdf,,,,,,https://gaming.az.gov/sites/default/files/EW%20Revenue%20Report%20for%20Website%20-%20Nov%202022.pdf,https://gaming.az.gov/blog-terms/event-wagering-revenue-reports,AZ/screenshots/AZ_2022_11_AZ_2022_11_p1.png,"Draft Kings/Crown Gaming $ - $ 200,314,573.17 $ - $ 188,436,603.37 $ - $ 11,385,302.90 $ - $ 3,304,261.60 $ - $ 8,081,041.30 $ - $ 8 08,104.13",,2026-04-08T18:25:47.948809
AZ,2022-11-01,2022-11-30,monthly,Fan Duel,FanDuel,FanDuel,Flutter Entertainment,retail,,293627735,0,-4471954,0,0,298099689,0,-4471954,0.0,30,False,False,AZ_2022_11.pdf,,,,,,https://gaming.az.gov/sites/default/files/EW%20Revenue%20Report%20for%20Website%20-%20Nov%202022.pdf,https://gaming.az.gov/blog-terms/event-wagering-revenue-reports,AZ/screenshots/AZ_2022_11_AZ_2022_11_p1.png,"Fan Duel $ 2,936,277.35 $ 193,639,430.64 $ 2,980,996.89 $ 168,566,396.36 $ - $ 24,602,606.73 $ - $ 5,468,424.15 $ - $ 19,134,182.58 $ - $ 1,913,418.26",,2026-04-08T18:25:47.948809
AZ,2022-11-01,2022-11-30,monthly,Fan Duel,FanDuel,FanDuel,Flutter Entertainment,online,,19363943064,2460260673,2507303428,546842415,1913418258,16856639636,191341826,47042755,0.1270537031052282,30,False,False,AZ_2022_11.pdf,,,,,,https://gaming.az.gov/sites/default/files/EW%20Revenue%20Report%20for%20Website%20-%20Nov%202022.pdf,https://gaming.az.gov/blog-terms/event-wagering-revenue-reports,AZ/screenshots/AZ_2022_11_AZ_2022_11_p1.png,"Fan Duel $ 2,936,277.35 $ 193,639,430.64 $ 2,980,996.89 $ 168,566,396.36 $ - $ 24,602,606.73 $ - $ 5,468,424.15 $ - $ 19,134,182.58 $ - $ 1,913,418.26",,2026-04-08T18:25:47.948809
AZ,2022-11-01,2022-11-30,monthly,Fubo.TV,Fubo Sportsbook (defunct),Fubo Sportsbook (defunct),fuboTV,retail,,0,0,0,0,0,0,0,0,,30,False,False,AZ_2022_11.pdf,,,,,,https://gaming.az.gov/sites/default/files/EW%20Revenue%20Report%20for%20Website%20-%20Nov%202022.pdf,https://gaming.az.gov/blog-terms/event-wagering-revenue-reports,AZ/screenshots/AZ_2022_11_AZ_2022_11_p1.png,"Fubo.TV $ - $ - $ - $ 1 8,307.65 $ - $ - $ - $ - $ - $ - $ - $ -",,2026-04-08T18:25:47.948809
AZ,2022-11-01,2022-11-30,monthly,Fubo.TV,Fubo Sportsbook (defunct),Fubo Sportsbook (defunct),fuboTV,online,,0,0,-1830765,0,0,1830765,0,-1830765,,30,False,False,AZ_2022_11.pdf,,,,,,https://gaming.az.gov/sites/default/files/EW%20Revenue%20Report%20for%20Website%20-%20Nov%202022.pdf,https://gaming.az.gov/blog-terms/event-wagering-revenue-reports,AZ/screenshots/AZ_2022_11_AZ_2022_11_p1.png,"Fubo.TV $ - $ - $ - $ 1 8,307.65 $ - $ - $ - $ - $ - $ - $ - $ -",,2026-04-08T18:25:47.948809
AZ,2022-11-01,2022-11-30,monthly,Golden Nugget Online Gaming,DraftKings (Golden Nugget),DraftKings,DraftKings Inc,retail,,0,0,0,0,0,0,0,0,,30,False,False,AZ_2022_11.pdf,,,,,,https://gaming.az.gov/sites/default/files/EW%20Revenue%20Report%20for%20Website%20-%20Nov%202022.pdf,https://gaming.az.gov/blog-terms/event-wagering-revenue-reports,AZ/screenshots/AZ_2022_11_AZ_2022_11_p1.png,"Golden Nugget Online Gaming $ - $ 88,980.14 $ - $ 6 9,656.19 $ - $ 1 9,101.50 $ - $ - $ - $ 1 9,101.50 $ - $ 1,910.15",,2026-04-08T18:25:47.948809
AZ,2022-11-01,2022-11-30,monthly,Golden Nugget Online Gaming,DraftKings (Golden Nugget),DraftKings,DraftKings Inc,online,,8898014,1910150,1932395,0,1910150,6965619,191015,22245,0.2146714986063182,30,False,False,AZ_2022_11.pdf,,,,,,https://gaming.az.gov/sites/default/files/EW%20Revenue%20Report%20for%20Website%20-%20Nov%202022.pdf,https://gaming.az.gov/blog-terms/event-wagering-revenue-reports,AZ/screenshots/AZ_2022_11_AZ_2022_11_p1.png,"Golden Nugget Online Gaming $ - $ 88,980.14 $ - $ 6 9,656.19 $ - $ 1 9,101.50 $ - $ - $ - $ 1 9,101.50 $ - $ 1,910.15",,2026-04-08T18:25:47.948809
AZ,2022-11-01,2022-11-30,monthly,Penn Sports (Barstool Sports),ESPN Bet,ESPN Bet,PENN Entertainment,retail,,0,0,0,0,0,0,0,0,,30,False,False,AZ_2022_11.pdf,,,,,,https://gaming.az.gov/sites/default/files/EW%20Revenue%20Report%20for%20Website%20-%20Nov%202022.pdf,https://gaming.az.gov/blog-terms/event-wagering-revenue-reports,AZ/screenshots/AZ_2022_11_AZ_2022_11_p1.png,"Penn Sports (Barstool Sports) $ - $ 20,024,987.56 $ - $ 18,776,880.99 $ - $ 1,198,044.10 $ - $ 318,659.06 $ - $ 879,385.04 $ - $ 87,938.50",,2026-04-08T18:25:47.948809
AZ,2022-11-01,2022-11-30,monthly,Penn Sports (Barstool Sports),ESPN Bet,ESPN Bet,PENN Entertainment,online,,2002498756,119804410,124810657,31865906,87938504,1877688099,8793850,5006247,0.0598274578903159,30,False,False,AZ_2022_11.pdf,,,,,,https://gaming.az.gov/sites/default/files/EW%20Revenue%20Report%20for%20Website%20-%20Nov%202022.pdf,https://gaming.az.gov/blog-terms/event-wagering-revenue-reports,AZ/screenshots/AZ_2022_11_AZ_2022_11_p1.png,"Penn Sports (Barstool Sports) $ - $ 20,024,987.56 $ - $ 18,776,880.99 $ - $ 1,198,044.10 $ - $ 318,659.06 $ - $ 879,385.04 $ - $ 87,938.50",,2026-04-08T18:25:47.948809
AZ,2022-11-01,2022-11-30,monthly,RSI (Rush Street Interactive),BetRivers,BetRivers,Rush Street Interactive,retail,,0,0,0,0,0,0,0,0,,30,False,False,AZ_2022_11.pdf,,,,,,https://gaming.az.gov/sites/default/files/EW%20Revenue%20Report%20for%20Website%20-%20Nov%202022.pdf,https://gaming.az.gov/blog-terms/event-wagering-revenue-reports,AZ/screenshots/AZ_2022_11_AZ_2022_11_p1.png,"RSI (Rush Street Interactive) $ - $ 7 ,321,253.73 $ - $ 7,213,533.05 $ - $ 8 9,417.55 $ - $ 89,417.55 $ - $ - $ - $ -",,2026-04-08T18:25:47.948809
AZ,2022-11-01,2022-11-30,monthly,RSI (Rush Street Interactive),BetRivers,BetRivers,Rush Street Interactive,online,,732125373,8941755,10772068,8941755,0,721353305,0,1830313,0.0122134204465004,30,False,False,AZ_2022_11.pdf,,,,,,https://gaming.az.gov/sites/default/files/EW%20Revenue%20Report%20for%20Website%20-%20Nov%202022.pdf,https://gaming.az.gov/blog-terms/event-wagering-revenue-reports,AZ/screenshots/AZ_2022_11_AZ_2022_11_p1.png,"RSI (Rush Street Interactive) $ - $ 7 ,321,253.73 $ - $ 7,213,533.05 $ - $ 8 9,417.55 $ - $ 89,417.55 $ - $ - $ - $ -",,2026-04-08T18:25:47.948809
AZ,2022-11-01,2022-11-30,monthly,Sahara Bets,Sahara Bets,Sahara Bets,Sahara Bets,retail,,0,0,0,0,0,0,0,0,,30,False,False,AZ_2022_11.pdf,,,,,,https://gaming.az.gov/sites/default/files/EW%20Revenue%20Report%20for%20Website%20-%20Nov%202022.pdf,https://gaming.az.gov/blog-terms/event-wagering-revenue-reports,AZ/screenshots/AZ_2022_11_AZ_2022_11_p1.png,"Sahara Bets $ - $ 279,750.09 $ - $ 271,829.46 $ - $ 7,221.25 $ - $ 4,186.69 $ - $ 3,034.56 $ - $ 303.46",,2026-04-08T18:25:47.948809
AZ,2022-11-01,2022-11-30,monthly,Sahara Bets,Sahara Bets,Sahara Bets,Sahara Bets,online,,27975009,722125,792063,418669,303456,27182946,30346,69938,0.0258132177902069,30,False,False,AZ_2022_11.pdf,,,,,,https://gaming.az.gov/sites/default/files/EW%20Revenue%20Report%20for%20Website%20-%20Nov%202022.pdf,https://gaming.az.gov/blog-terms/event-wagering-revenue-reports,AZ/screenshots/AZ_2022_11_AZ_2022_11_p1.png,"Sahara Bets $ - $ 279,750.09 $ - $ 271,829.46 $ - $ 7,221.25 $ - $ 4,186.69 $ - $ 3,034.56 $ - $ 303.46",,2026-04-08T18:25:47.948809
AZ,2022-11-01,2022-11-30,monthly,"SBOpco, LLC (SuperBook)",SuperBook,SuperBook,SuperBook Sports,retail,,0,0,0,0,0,0,0,0,,30,False,False,AZ_2022_11.pdf,,,,,,https://gaming.az.gov/sites/default/files/EW%20Revenue%20Report%20for%20Website%20-%20Nov%202022.pdf,https://gaming.az.gov/blog-terms/event-wagering-revenue-reports,AZ/screenshots/AZ_2022_11_AZ_2022_11_p1.png,"SBOpco, LLC (SuperBook) $ - $ 3 ,614,563.11 $ - $ 3,279,998.09 $ - $ 326,229.06 $ - $ 264,327.09 $ - $ 6 1,901.97 $ - $ 6,190.20",,2026-04-08T18:25:47.948809
AZ,2022-11-01,2022-11-30,monthly,"SBOpco, LLC (SuperBook)",SuperBook,SuperBook,SuperBook Sports,online,,361456311,32622906,33456502,26432709,6190197,327999809,619020,833596,0.0902540777604516,30,False,False,AZ_2022_11.pdf,,,,,,https://gaming.az.gov/sites/default/files/EW%20Revenue%20Report%20for%20Website%20-%20Nov%202022.pdf,https://gaming.az.gov/blog-terms/event-wagering-revenue-reports,AZ/screenshots/AZ_2022_11_AZ_2022_11_p1.png,"SBOpco, LLC (SuperBook) $ - $ 3 ,614,563.11 $ - $ 3,279,998.09 $ - $ 326,229.06 $ - $ 264,327.09 $ - $ 6 1,901.97 $ - $ 6,190.20",,2026-04-08T18:25:47.948809
AZ,2022-11-01,2022-11-30,monthly,Seminole Hard Rock Digital,Hard Rock Bet,Hard Rock Bet,Seminole Tribe / Hard Rock Digital,retail,,0,0,0,0,0,0,0,0,,30,False,False,AZ_2022_11.pdf,,,,,,https://gaming.az.gov/sites/default/files/EW%20Revenue%20Report%20for%20Website%20-%20Nov%202022.pdf,https://gaming.az.gov/blog-terms/event-wagering-revenue-reports,AZ/screenshots/AZ_2022_11_AZ_2022_11_p1.png,"Seminole Hard Rock Digital $ - $ 6 ,263,880.65 $ - $ 5,804,292.20 $ - $ 443,928.75 $ - $ 348,944.54 $ - $ 9 4,984.21 $ - $ 9,498.42",,2026-04-08T18:25:47.948809
AZ,2022-11-01,2022-11-30,monthly,Seminole Hard Rock Digital,Hard Rock Bet,Hard Rock Bet,Seminole Tribe / Hard Rock Digital,online,,626388065,44392875,45958845,34894454,9498421,580429220,949842,1565970,0.0708712018642947,30,False,False,AZ_2022_11.pdf,,,,,,https://gaming.az.gov/sites/default/files/EW%20Revenue%20Report%20for%20Website%20-%20Nov%202022.pdf,https://gaming.az.gov/blog-terms/event-wagering-revenue-reports,AZ/screenshots/AZ_2022_11_AZ_2022_11_p1.png,"Seminole Hard Rock Digital $ - $ 6 ,263,880.65 $ - $ 5,804,292.20 $ - $ 443,928.75 $ - $ 348,944.54 $ - $ 9 4,984.21 $ - $ 9,498.42",,2026-04-08T18:25:47.948809
AZ,2022-11-01,2022-11-30,monthly,Unibet AZ (Kindred),Unibet,Unibet,Kindred Group,retail,,0,0,0,0,0,0,0,0,,30,False,False,AZ_2022_11.pdf,,,,,,https://gaming.az.gov/sites/default/files/EW%20Revenue%20Report%20for%20Website%20-%20Nov%202022.pdf,https://gaming.az.gov/blog-terms/event-wagering-revenue-reports,AZ/screenshots/AZ_2022_11_AZ_2022_11_p1.png,"Unibet AZ (Kindred) $ - $ 1 ,193,615.50 $ - $ 1,185,311.55 $ - $ 5,319.91 $ - $ 4,859.21 $ - $ 460.70 $ - $ 46.07",,2026-04-08T18:25:47.948809
AZ,2022-11-01,2022-11-30,monthly,Unibet AZ (Kindred),Unibet,Unibet,Kindred Group,online,,119361550,531991,830395,485921,46070,118531155,4607,298404,0.0044569712776015,30,False,False,AZ_2022_11.pdf,,,,,,https://gaming.az.gov/sites/default/files/EW%20Revenue%20Report%20for%20Website%20-%20Nov%202022.pdf,https://gaming.az.gov/blog-terms/event-wagering-revenue-reports,AZ/screenshots/AZ_2022_11_AZ_2022_11_p1.png,"Unibet AZ (Kindred) $ - $ 1 ,193,615.50 $ - $ 1,185,311.55 $ - $ 5,319.91 $ - $ 4,859.21 $ - $ 460.70 $ - $ 46.07",,2026-04-08T18:25:47.948809
AZ,2022-11-01,2022-11-30,monthly,WSI US (WynnBet),WynnBET,ESPN Bet,PENN Entertainment,retail,,0,0,0,0,0,0,0,0,,30,False,False,AZ_2022_11.pdf,,,,,,https://gaming.az.gov/sites/default/files/EW%20Revenue%20Report%20for%20Website%20-%20Nov%202022.pdf,https://gaming.az.gov/blog-terms/event-wagering-revenue-reports,AZ/screenshots/AZ_2022_11_AZ_2022_11_p1.png,"WSI US (WynnBet) $ - $ 8 ,257,924.42 $ - $ 7,525,504.50 $ - $ 711,775.11 $ - $ 78,766.58 $ - $ 633,008.53 $ - $ 63,300.85",,2026-04-08T18:25:47.948809
AZ,2022-11-01,2022-11-30,monthly,WSI US (WynnBet),WynnBET,ESPN Bet,PENN Entertainment,online,,825792442,71177511,73241992,7876658,63300853,752550450,6330085,2064481,0.0861929794702577,30,False,False,AZ_2022_11.pdf,,,,,,https://gaming.az.gov/sites/default/files/EW%20Revenue%20Report%20for%20Website%20-%20Nov%202022.pdf,https://gaming.az.gov/blog-terms/event-wagering-revenue-reports,AZ/screenshots/AZ_2022_11_AZ_2022_11_p1.png,"WSI US (WynnBet) $ - $ 8 ,257,924.42 $ - $ 7,525,504.50 $ - $ 711,775.11 $ - $ 78,766.58 $ - $ 633,008.53 $ - $ 63,300.85",,2026-04-08T18:25:47.948809
AZ,2022-12-01,2022-12-31,monthly,"Bally Interactive, LLC",Bally Bet,Bally Bet,Bally's Corporation,retail,,0,0,0,0,0,0,0,0,,31,False,False,AZ_2022_12.pdf,,,,,,https://gaming.az.gov/sites/default/files/EW%20Revenue%20Report%20for%20Website%20-%20Dec%202022.pdf,https://gaming.az.gov/blog-terms/event-wagering-revenue-reports,AZ/screenshots/AZ_2022_12_AZ_2022_12_p1.png,"Bally Interactive, LLC $ - $ 99,001.01 $ - $ 9 0,265.02 $ - $ 8,488.49 $ - $ 325.00 $ - $ 8,163.49 $ - $ 816.35",,2026-04-08T18:25:50.162653
AZ,2022-12-01,2022-12-31,monthly,"Bally Interactive, LLC",Bally Bet,Bally Bet,Bally's Corporation,online,,9900101,848849,873599,32500,816349,9026502,81635,24750,0.0857414484963335,31,False,False,AZ_2022_12.pdf,,,,,,https://gaming.az.gov/sites/default/files/EW%20Revenue%20Report%20for%20Website%20-%20Dec%202022.pdf,https://gaming.az.gov/blog-terms/event-wagering-revenue-reports,AZ/screenshots/AZ_2022_12_AZ_2022_12_p1.png,"Bally Interactive, LLC $ - $ 99,001.01 $ - $ 9 0,265.02 $ - $ 8,488.49 $ - $ 325.00 $ - $ 8,163.49 $ - $ 816.35",,2026-04-08T18:25:50.162653
AZ,2022-12-01,2022-12-31,monthly,BetFred,Betfred,Betfred,Betfred Group,retail,,0,0,0,0,0,0,0,0,,31,False,False,AZ_2022_12.pdf,,,,,,https://gaming.az.gov/sites/default/files/EW%20Revenue%20Report%20for%20Website%20-%20Dec%202022.pdf,https://gaming.az.gov/blog-terms/event-wagering-revenue-reports,AZ/screenshots/AZ_2022_12_AZ_2022_12_p1.png,"BetFred $ - $ 3 ,075,633.86 $ - $ 2,954,672.65 $ - $ 113,272.13 $ - $ 113,272.13 $ - $ - $ - $ -",,2026-04-08T18:25:50.162653
AZ,2022-12-01,2022-12-31,monthly,BetFred,Betfred,Betfred,Betfred Group,online,,307563386,11327213,12096121,11327213,0,295467265,0,768908,0.0368288733822172,31,False,False,AZ_2022_12.pdf,,,,,,https://gaming.az.gov/sites/default/files/EW%20Revenue%20Report%20for%20Website%20-%20Dec%202022.pdf,https://gaming.az.gov/blog-terms/event-wagering-revenue-reports,AZ/screenshots/AZ_2022_12_AZ_2022_12_p1.png,"BetFred $ - $ 3 ,075,633.86 $ - $ 2,954,672.65 $ - $ 113,272.13 $ - $ 113,272.13 $ - $ - $ - $ -",,2026-04-08T18:25:50.162653
AZ,2022-12-01,2022-12-31,monthly,BetMGM,BetMGM,BetMGM,Entain/MGM Resorts,retail,,92412125,11038135,11269165,0,11038135,81142960,883051,231030,0.119444661617726,31,False,False,AZ_2022_12.pdf,,,,,,https://gaming.az.gov/sites/default/files/EW%20Revenue%20Report%20for%20Website%20-%20Dec%202022.pdf,https://gaming.az.gov/blog-terms/event-wagering-revenue-reports,AZ/screenshots/AZ_2022_12_AZ_2022_12_p1.png,"BetMGM $ 924,121.25 $ 94,237,003.24 $ 811,429.60 $ 82,673,056.45 $ 110,381.35 $ 11,344,467.25 $ - $ 6,356,741.76 $ 110,381.35 $ 4,987,725.49 $ 8,830.51 $ 4 98,772.55",,2026-04-08T18:25:50.162653
AZ,2022-12-01,2022-12-31,monthly,BetMGM,BetMGM,BetMGM,Entain/MGM Resorts,online,,9423700324,1134446725,1156394679,635674176,498772549,8267305645,49877255,21947954,0.1203823005821635,31,False,False,AZ_2022_12.pdf,,,,,,https://gaming.az.gov/sites/default/files/EW%20Revenue%20Report%20for%20Website%20-%20Dec%202022.pdf,https://gaming.az.gov/blog-terms/event-wagering-revenue-reports,AZ/screenshots/AZ_2022_12_AZ_2022_12_p1.png,"BetMGM $ 924,121.25 $ 94,237,003.24 $ 811,429.60 $ 82,673,056.45 $ 110,381.35 $ 11,344,467.25 $ - $ 6,356,741.76 $ 110,381.35 $ 4,987,725.49 $ 8,830.51 $ 4 98,772.55",,2026-04-08T18:25:50.162653
AZ,2022-12-01,2022-12-31,monthly,Caesars (American Wagering),Caesars,Caesars,Caesars Entertainment,retail,,73210722,3959280,4141152,0,3959280,69069570,316742,181872,0.0540806031116589,31,False,False,AZ_2022_12.pdf,,,,,,https://gaming.az.gov/sites/default/files/EW%20Revenue%20Report%20for%20Website%20-%20Dec%202022.pdf,https://gaming.az.gov/blog-terms/event-wagering-revenue-reports,AZ/screenshots/AZ_2022_12_AZ_2022_12_p1.png,"Caesars (American Wagering) $ 732,107.22 $ 64,012,821.66 $ 690,695.70 $ 58,695,957.99 $ 3 9,592.80 $ 5,160,310.51 $ - $ 950,156.18 $ 3 9,592.80 $ 4,210,154.33 $ 3,167.42 $ 4 21,015.43",,2026-04-08T18:25:50.162653
AZ,2022-12-01,2022-12-31,monthly,Caesars (American Wagering),Caesars,Caesars,Caesars Entertainment,online,,6401282166,516031051,531686367,95015618,421015433,5869595799,42101543,15655316,0.0806137016957111,31,False,False,AZ_2022_12.pdf,,,,,,https://gaming.az.gov/sites/default/files/EW%20Revenue%20Report%20for%20Website%20-%20Dec%202022.pdf,https://gaming.az.gov/blog-terms/event-wagering-revenue-reports,AZ/screenshots/AZ_2022_12_AZ_2022_12_p1.png,"Caesars (American Wagering) $ 732,107.22 $ 64,012,821.66 $ 690,695.70 $ 58,695,957.99 $ 3 9,592.80 $ 5,160,310.51 $ - $ 950,156.18 $ 3 9,592.80 $ 4,210,154.33 $ 3,167.42 $ 4 21,015.43",,2026-04-08T18:25:50.162653
AZ,2022-12-01,2022-12-31,monthly,Churchill Downs/TwinSpires,TwinSpires,TwinSpires,Churchill Downs Inc,retail,,0,0,0,0,0,0,0,0,,31,False,False,AZ_2022_12.pdf,,,,,,https://gaming.az.gov/sites/default/files/EW%20Revenue%20Report%20for%20Website%20-%20Dec%202022.pdf,https://gaming.az.gov/blog-terms/event-wagering-revenue-reports,AZ/screenshots/AZ_2022_12_AZ_2022_12_p1.png,"Churchill Downs/TwinSpires $ - $ 87,511.91 $ - $ 8 1,473.68 $ - $ 5,819.23 $ - $ 2,864.05 $ - $ 2,955.18 $ - $ 295.52",,2026-04-08T18:25:50.162653
AZ,2022-12-01,2022-12-31,monthly,Churchill Downs/TwinSpires,TwinSpires,TwinSpires,Churchill Downs Inc,online,,8751191,581923,603823,286405,295518,8147368,29552,21900,0.0664964345995876,31,False,False,AZ_2022_12.pdf,,,,,,https://gaming.az.gov/sites/default/files/EW%20Revenue%20Report%20for%20Website%20-%20Dec%202022.pdf,https://gaming.az.gov/blog-terms/event-wagering-revenue-reports,AZ/screenshots/AZ_2022_12_AZ_2022_12_p1.png,"Churchill Downs/TwinSpires $ - $ 87,511.91 $ - $ 8 1,473.68 $ - $ 5,819.23 $ - $ 2,864.05 $ - $ 2,955.18 $ - $ 295.52",,2026-04-08T18:25:50.162653
AZ,2022-12-01,2022-12-31,monthly,Desert Diamond Mobile,Desert Diamond,Desert Diamond,Tohono O'odham Nation,retail,,0,0,0,0,0,0,0,0,,31,False,False,AZ_2022_12.pdf,,,,,,https://gaming.az.gov/sites/default/files/EW%20Revenue%20Report%20for%20Website%20-%20Dec%202022.pdf,https://gaming.az.gov/blog-terms/event-wagering-revenue-reports,AZ/screenshots/AZ_2022_12_AZ_2022_12_p1.png,"Desert Diamond Mobile $ - $ 5 ,476,259.98 $ - $ 4,190,439.91 $ - $ 1,272,129.42 $ - $ 262,537.84 $ - $ 1,009,591.58 $ - $ 1 00,959.16",,2026-04-08T18:25:50.162653
AZ,2022-12-01,2022-12-31,monthly,Desert Diamond Mobile,Desert Diamond,Desert Diamond,Tohono O'odham Nation,online,,547625998,127212942,128582007,26253784,100959158,419043991,10095916,1369065,0.232298945748737,31,False,False,AZ_2022_12.pdf,,,,,,https://gaming.az.gov/sites/default/files/EW%20Revenue%20Report%20for%20Website%20-%20Dec%202022.pdf,https://gaming.az.gov/blog-terms/event-wagering-revenue-reports,AZ/screenshots/AZ_2022_12_AZ_2022_12_p1.png,"Desert Diamond Mobile $ - $ 5 ,476,259.98 $ - $ 4,190,439.91 $ - $ 1,272,129.42 $ - $ 262,537.84 $ - $ 1,009,591.58 $ - $ 1 00,959.16",,2026-04-08T18:25:50.162653
AZ,2022-12-01,2022-12-31,monthly,Digital Gaming USA (Betway),Betway,Betway,Digital Gaming USA,retail,,0,0,0,0,0,0,0,0,,31,False,False,AZ_2022_12.pdf,,,,,,https://gaming.az.gov/sites/default/files/EW%20Revenue%20Report%20for%20Website%20-%20Dec%202022.pdf,https://gaming.az.gov/blog-terms/event-wagering-revenue-reports,AZ/screenshots/AZ_2022_12_AZ_2022_12_p1.png,"Digital Gaming USA (Betway) $ - $ 789,811.56 $ - $ 818,566.78 $ - $ - $ - $ - $ - $ - $ - $ -",,2026-04-08T18:25:50.162653
AZ,2022-12-01,2022-12-31,monthly,Digital Gaming USA (Betway),Betway,Betway,Digital Gaming USA,online,,78981156,0,-2875522,0,0,81856678,0,-2875522,0.0,31,False,False,AZ_2022_12.pdf,,,,,,https://gaming.az.gov/sites/default/files/EW%20Revenue%20Report%20for%20Website%20-%20Dec%202022.pdf,https://gaming.az.gov/blog-terms/event-wagering-revenue-reports,AZ/screenshots/AZ_2022_12_AZ_2022_12_p1.png,"Digital Gaming USA (Betway) $ - $ 789,811.56 $ - $ 818,566.78 $ - $ - $ - $ - $ - $ - $ - $ -",,2026-04-08T18:25:50.162653
AZ,2022-12-01,2022-12-31,monthly,Draft Kings/Crown Gaming,DraftKings,DraftKings,DraftKings Inc,retail,,0,0,0,0,0,0,0,0,,31,False,False,AZ_2022_12.pdf,,,,,,https://gaming.az.gov/sites/default/files/EW%20Revenue%20Report%20for%20Website%20-%20Dec%202022.pdf,https://gaming.az.gov/blog-terms/event-wagering-revenue-reports,AZ/screenshots/AZ_2022_12_AZ_2022_12_p1.png,"Draft Kings/Crown Gaming $ - $ 171,935,120.95 $ - $ 158,515,387.82 $ - $ 12,998,249.48 $ - $ 3,398,671.30 $ - $ 9,599,578.18 $ - $ 9 59,957.82",,2026-04-08T18:25:50.162653
AZ,2022-12-01,2022-12-31,monthly,Draft Kings/Crown Gaming,DraftKings,DraftKings,DraftKings Inc,online,,17193512095,1299824948,1341973313,339867130,959957818,15851538782,95995782,42148365,0.0755997344124938,31,False,False,AZ_2022_12.pdf,,,,,,https://gaming.az.gov/sites/default/files/EW%20Revenue%20Report%20for%20Website%20-%20Dec%202022.pdf,https://gaming.az.gov/blog-terms/event-wagering-revenue-reports,AZ/screenshots/AZ_2022_12_AZ_2022_12_p1.png,"Draft Kings/Crown Gaming $ - $ 171,935,120.95 $ - $ 158,515,387.82 $ - $ 12,998,249.48 $ - $ 3,398,671.30 $ - $ 9,599,578.18 $ - $ 9 59,957.82",,2026-04-08T18:25:50.162653
AZ,2022-12-01,2022-12-31,monthly,Fan Duel,FanDuel,FanDuel,Flutter Entertainment,retail,,336295275,6149337,6990075,380475,5768862,329305200,461509,840738,0.018285528989368,31,False,False,AZ_2022_12.pdf,,,,,,https://gaming.az.gov/sites/default/files/EW%20Revenue%20Report%20for%20Website%20-%20Dec%202022.pdf,https://gaming.az.gov/blog-terms/event-wagering-revenue-reports,AZ/screenshots/AZ_2022_12_AZ_2022_12_p1.png,"Fan Duel $ 3,362,952.75 $ 182,086,414.71 $ 3,293,052.00 $ 160,882,146.07 $ 6 1,493.37 $ 20,762,457.87 $ 3,804.75 $ 5,362,099.55 $ 5 7,688.62 $ 15,400,358.32 $ 4,615.09 $ 1,540,035.83",,2026-04-08T18:25:50.162653
AZ,2022-12-01,2022-12-31,monthly,Fan Duel,FanDuel,FanDuel,Flutter Entertainment,online,,18208641471,2076245787,2120426864,536209955,1540035832,16088214607,154003583,44181077,0.1140252989387886,31,False,False,AZ_2022_12.pdf,,,,,,https://gaming.az.gov/sites/default/files/EW%20Revenue%20Report%20for%20Website%20-%20Dec%202022.pdf,https://gaming.az.gov/blog-terms/event-wagering-revenue-reports,AZ/screenshots/AZ_2022_12_AZ_2022_12_p1.png,"Fan Duel $ 3,362,952.75 $ 182,086,414.71 $ 3,293,052.00 $ 160,882,146.07 $ 6 1,493.37 $ 20,762,457.87 $ 3,804.75 $ 5,362,099.55 $ 5 7,688.62 $ 15,400,358.32 $ 4,615.09 $ 1,540,035.83",,2026-04-08T18:25:50.162653
AZ,2022-12-01,2022-12-31,monthly,Golden Nugget Online Gaming,DraftKings (Golden Nugget),DraftKings,DraftKings Inc,retail,,0,0,0,0,0,0,0,0,,31,False,False,AZ_2022_12.pdf,,,,,,https://gaming.az.gov/sites/default/files/EW%20Revenue%20Report%20for%20Website%20-%20Dec%202022.pdf,https://gaming.az.gov/blog-terms/event-wagering-revenue-reports,AZ/screenshots/AZ_2022_12_AZ_2022_12_p1.png,"Golden Nugget Online Gaming $ - $ 246,375.42 $ - $ 265,090.74 $ - $ - $ - $ - $ - $ - $ - $ -",,2026-04-08T18:25:50.162653
AZ,2022-12-01,2022-12-31,monthly,Golden Nugget Online Gaming,DraftKings (Golden Nugget),DraftKings,DraftKings Inc,online,,24637542,0,-1871532,0,0,26509074,0,-1871532,0.0,31,False,False,AZ_2022_12.pdf,,,,,,https://gaming.az.gov/sites/default/files/EW%20Revenue%20Report%20for%20Website%20-%20Dec%202022.pdf,https://gaming.az.gov/blog-terms/event-wagering-revenue-reports,AZ/screenshots/AZ_2022_12_AZ_2022_12_p1.png,"Golden Nugget Online Gaming $ - $ 246,375.42 $ - $ 265,090.74 $ - $ - $ - $ - $ - $ - $ - $ -",,2026-04-08T18:25:50.162653
AZ,2022-12-01,2022-12-31,monthly,Penn Sports (Barstool Sports),ESPN Bet,ESPN Bet,PENN Entertainment,retail,,0,0,0,0,0,0,0,0,,31,False,False,AZ_2022_12.pdf,,,,,,https://gaming.az.gov/sites/default/files/EW%20Revenue%20Report%20for%20Website%20-%20Dec%202022.pdf,https://gaming.az.gov/blog-terms/event-wagering-revenue-reports,AZ/screenshots/AZ_2022_12_AZ_2022_12_p1.png,"Penn Sports (Barstool Sports) $ - $ 20,192,897.17 $ - $ 18,817,876.38 $ - $ 1,324,538.55 $ - $ 324,453.65 $ - $ 1,000,084.90 $ - $ 1 00,008.49",,2026-04-08T18:25:50.162653
AZ,2022-12-01,2022-12-31,monthly,Penn Sports (Barstool Sports),ESPN Bet,ESPN Bet,PENN Entertainment,online,,2019289717,132453855,137502079,32445365,100008490,1881787638,10000849,5048224,0.0655942799514587,31,False,False,AZ_2022_12.pdf,,,,,,https://gaming.az.gov/sites/default/files/EW%20Revenue%20Report%20for%20Website%20-%20Dec%202022.pdf,https://gaming.az.gov/blog-terms/event-wagering-revenue-reports,AZ/screenshots/AZ_2022_12_AZ_2022_12_p1.png,"Penn Sports (Barstool Sports) $ - $ 20,192,897.17 $ - $ 18,817,876.38 $ - $ 1,324,538.55 $ - $ 324,453.65 $ - $ 1,000,084.90 $ - $ 1 00,008.49",,2026-04-08T18:25:50.162653
AZ,2022-12-01,2022-12-31,monthly,RSI (Rush Street Interactive),BetRivers,BetRivers,Rush Street Interactive,retail,,0,0,0,0,0,0,0,0,,31,False,False,AZ_2022_12.pdf,,,,,,https://gaming.az.gov/sites/default/files/EW%20Revenue%20Report%20for%20Website%20-%20Dec%202022.pdf,https://gaming.az.gov/blog-terms/event-wagering-revenue-reports,AZ/screenshots/AZ_2022_12_AZ_2022_12_p1.png,"RSI (Rush Street Interactive) $ - $ 7 ,587,920.68 $ - $ 7,657,619.33 $ - $ - $ - $ - $ - $ - $ - $ -",,2026-04-08T18:25:50.162653
AZ,2022-12-01,2022-12-31,monthly,RSI (Rush Street Interactive),BetRivers,BetRivers,Rush Street Interactive,online,,758792068,0,-6969865,0,0,765761933,0,-6969865,0.0,31,False,False,AZ_2022_12.pdf,,,,,,https://gaming.az.gov/sites/default/files/EW%20Revenue%20Report%20for%20Website%20-%20Dec%202022.pdf,https://gaming.az.gov/blog-terms/event-wagering-revenue-reports,AZ/screenshots/AZ_2022_12_AZ_2022_12_p1.png,"RSI (Rush Street Interactive) $ - $ 7 ,587,920.68 $ - $ 7,657,619.33 $ - $ - $ - $ - $ - $ - $ - $ -",,2026-04-08T18:25:50.162653
AZ,2022-12-01,2022-12-31,monthly,Sahara Bets,Sahara Bets,Sahara Bets,Sahara Bets,retail,,0,0,0,0,0,0,0,0,,31,False,False,AZ_2022_12.pdf,,,,,,https://gaming.az.gov/sites/default/files/EW%20Revenue%20Report%20for%20Website%20-%20Dec%202022.pdf,https://gaming.az.gov/blog-terms/event-wagering-revenue-reports,AZ/screenshots/AZ_2022_12_AZ_2022_12_p1.png,"Sahara Bets $ - $ 299,933.89 $ - $ 257,698.34 $ - $ 4 1,485.72 $ - $ 2,308.86 $ - $ 3 9,176.86 $ - $ 3,917.69",,2026-04-08T18:25:50.162653
AZ,2022-12-01,2022-12-31,monthly,Sahara Bets,Sahara Bets,Sahara Bets,Sahara Bets,online,,29993389,4148572,4223555,230886,3917686,25769834,391769,74983,0.1383162136162739,31,False,False,AZ_2022_12.pdf,,,,,,https://gaming.az.gov/sites/default/files/EW%20Revenue%20Report%20for%20Website%20-%20Dec%202022.pdf,https://gaming.az.gov/blog-terms/event-wagering-revenue-reports,AZ/screenshots/AZ_2022_12_AZ_2022_12_p1.png,"Sahara Bets $ - $ 299,933.89 $ - $ 257,698.34 $ - $ 4 1,485.72 $ - $ 2,308.86 $ - $ 3 9,176.86 $ - $ 3,917.69",,2026-04-08T18:25:50.162653
AZ,2022-12-01,2022-12-31,monthly,"SBOpco, LLC (SuperBook)",SuperBook,SuperBook,SuperBook Sports,retail,,0,0,0,0,0,0,0,0,,31,False,False,AZ_2022_12.pdf,,,,,,https://gaming.az.gov/sites/default/files/EW%20Revenue%20Report%20for%20Website%20-%20Dec%202022.pdf,https://gaming.az.gov/blog-terms/event-wagering-revenue-reports,AZ/screenshots/AZ_2022_12_AZ_2022_12_p1.png,"SBOpco, LLC (SuperBook) $ - $ 4 ,046,659.77 $ - $ 4,143,228.23 $ - $ - $ - $ - $ - $ - $ - $ -",,2026-04-08T18:25:50.162653
AZ,2022-12-01,2022-12-31,monthly,"SBOpco, LLC (SuperBook)",SuperBook,SuperBook,SuperBook Sports,online,,404665977,0,-9656846,0,0,414322823,0,-9656846,0.0,31,False,False,AZ_2022_12.pdf,,,,,,https://gaming.az.gov/sites/default/files/EW%20Revenue%20Report%20for%20Website%20-%20Dec%202022.pdf,https://gaming.az.gov/blog-terms/event-wagering-revenue-reports,AZ/screenshots/AZ_2022_12_AZ_2022_12_p1.png,"SBOpco, LLC (SuperBook) $ - $ 4 ,046,659.77 $ - $ 4,143,228.23 $ - $ - $ - $ - $ - $ - $ - $ -",,2026-04-08T18:25:50.162653
AZ,2022-12-01,2022-12-31,monthly,Seminole Hard Rock Digital,Hard Rock Bet,Hard Rock Bet,Seminole Tribe / Hard Rock Digital,retail,,0,0,0,0,0,0,0,0,,31,False,False,AZ_2022_12.pdf,,,,,,https://gaming.az.gov/sites/default/files/EW%20Revenue%20Report%20for%20Website%20-%20Dec%202022.pdf,https://gaming.az.gov/blog-terms/event-wagering-revenue-reports,AZ/screenshots/AZ_2022_12_AZ_2022_12_p1.png,"Seminole Hard Rock Digital $ - $ 5 ,493,959.35 $ - $ 4,992,242.26 $ - $ 487,982.19 $ - $ 288,723.38 $ - $ 199,258.81 $ - $ 19,925.88",,2026-04-08T18:25:50.162653
AZ,2022-12-01,2022-12-31,monthly,Seminole Hard Rock Digital,Hard Rock Bet,Hard Rock Bet,Seminole Tribe / Hard Rock Digital,online,,549395935,48798219,50171709,28872338,19925881,499224226,1992588,1373490,0.0888215872947804,31,False,False,AZ_2022_12.pdf,,,,,,https://gaming.az.gov/sites/default/files/EW%20Revenue%20Report%20for%20Website%20-%20Dec%202022.pdf,https://gaming.az.gov/blog-terms/event-wagering-revenue-reports,AZ/screenshots/AZ_2022_12_AZ_2022_12_p1.png,"Seminole Hard Rock Digital $ - $ 5 ,493,959.35 $ - $ 4,992,242.26 $ - $ 487,982.19 $ - $ 288,723.38 $ - $ 199,258.81 $ - $ 19,925.88",,2026-04-08T18:25:50.162653
AZ,2022-12-01,2022-12-31,monthly,Unibet AZ (Kindred),Unibet,Unibet,Kindred Group,retail,,0,0,0,0,0,0,0,0,,31,False,False,AZ_2022_12.pdf,,,,,,https://gaming.az.gov/sites/default/files/EW%20Revenue%20Report%20for%20Website%20-%20Dec%202022.pdf,https://gaming.az.gov/blog-terms/event-wagering-revenue-reports,AZ/screenshots/AZ_2022_12_AZ_2022_12_p1.png,"Unibet AZ (Kindred) $ - $ 646,173.84 $ - $ 648,220.67 $ - $ - $ - $ - $ - $ - $ - $ -",,2026-04-08T18:25:50.162653
AZ,2022-12-01,2022-12-31,monthly,Unibet AZ (Kindred),Unibet,Unibet,Kindred Group,online,,64617384,0,-204683,0,0,64822067,0,-204683,0.0,31,False,False,AZ_2022_12.pdf,,,,,,https://gaming.az.gov/sites/default/files/EW%20Revenue%20Report%20for%20Website%20-%20Dec%202022.pdf,https://gaming.az.gov/blog-terms/event-wagering-revenue-reports,AZ/screenshots/AZ_2022_12_AZ_2022_12_p1.png,"Unibet AZ (Kindred) $ - $ 646,173.84 $ - $ 648,220.67 $ - $ - $ - $ - $ - $ - $ - $ -",,2026-04-08T18:25:50.162653
AZ,2022-12-01,2022-12-31,monthly,WSI US (WynnBet),WynnBET,ESPN Bet,PENN Entertainment,retail,,0,0,0,0,0,0,0,0,,31,False,False,AZ_2022_12.pdf,,,,,,https://gaming.az.gov/sites/default/files/EW%20Revenue%20Report%20for%20Website%20-%20Dec%202022.pdf,https://gaming.az.gov/blog-terms/event-wagering-revenue-reports,AZ/screenshots/AZ_2022_12_AZ_2022_12_p1.png,"WSI US (WynnBet) $ - $ 6 ,164,061.88 $ - $ 5,586,675.19 $ - $ 561,976.54 $ - $ 59,821.00 $ - $ 502,155.54 $ - $ 50,215.55",,2026-04-08T18:25:50.162653
AZ,2022-12-01,2022-12-31,monthly,WSI US (WynnBet),WynnBET,ESPN Bet,PENN Entertainment,online,,616406188,56197654,57738669,5982100,50215554,558667519,5021555,1541015,0.0911698407544215,31,False,False,AZ_2022_12.pdf,,,,,,https://gaming.az.gov/sites/default/files/EW%20Revenue%20Report%20for%20Website%20-%20Dec%202022.pdf,https://gaming.az.gov/blog-terms/event-wagering-revenue-reports,AZ/screenshots/AZ_2022_12_AZ_2022_12_p1.png,"WSI US (WynnBet) $ - $ 6 ,164,061.88 $ - $ 5,586,675.19 $ - $ 561,976.54 $ - $ 59,821.00 $ - $ 502,155.54 $ - $ 50,215.55",,2026-04-08T18:25:50.162653
AZ,2023-02-01,2023-02-28,monthly,"Bally Interactive, LLC",Bally Bet,Bally Bet,Bally's Corporation,retail,,0,0,0,0,0,0,0,0,,28,False,False,AZ_2023_02.pdf,,,,,,https://gaming.az.gov/sites/default/files/EW%20Website%20Revenue%20Report-Feb%202023.pdf,https://gaming.az.gov/blog-terms/event-wagering-revenue-reports,AZ/screenshots/AZ_2023_02_AZ_2023_02_p1.png,"Bally Interactive, LLC $ - $ 184,630.88 $ - $ 189,645.32 $ - $ - $ - $ - $ - $ - $ - $ -",,2026-04-08T18:25:53.484356
AZ,2023-02-01,2023-02-28,monthly,"Bally Interactive, LLC",Bally Bet,Bally Bet,Bally's Corporation,online,,18463088,0,-501444,0,0,18964532,0,-501444,0.0,28,False,False,AZ_2023_02.pdf,,,,,,https://gaming.az.gov/sites/default/files/EW%20Website%20Revenue%20Report-Feb%202023.pdf,https://gaming.az.gov/blog-terms/event-wagering-revenue-reports,AZ/screenshots/AZ_2023_02_AZ_2023_02_p1.png,"Bally Interactive, LLC $ - $ 184,630.88 $ - $ 189,645.32 $ - $ - $ - $ - $ - $ - $ - $ -",,2026-04-08T18:25:53.484356
AZ,2023-02-01,2023-02-28,monthly,BetFred,Betfred,Betfred,Betfred Group,retail,,0,0,0,0,0,0,0,0,,28,False,False,AZ_2023_02.pdf,,,,,,https://gaming.az.gov/sites/default/files/EW%20Website%20Revenue%20Report-Feb%202023.pdf,https://gaming.az.gov/blog-terms/event-wagering-revenue-reports,AZ/screenshots/AZ_2023_02_AZ_2023_02_p1.png,"BetFred $ - $ 4 ,588,601.34 $ - $ 4,567,615.27 $ - $ 9,514.57 $ - $ 9,514.57 $ - $ - $ - $ -",,2026-04-08T18:25:53.484356
AZ,2023-02-01,2023-02-28,monthly,BetFred,Betfred,Betfred,Betfred Group,online,,458860134,951457,2098607,951457,0,456761527,0,1147150,0.0020735229092706,28,False,False,AZ_2023_02.pdf,,,,,,https://gaming.az.gov/sites/default/files/EW%20Website%20Revenue%20Report-Feb%202023.pdf,https://gaming.az.gov/blog-terms/event-wagering-revenue-reports,AZ/screenshots/AZ_2023_02_AZ_2023_02_p1.png,"BetFred $ - $ 4 ,588,601.34 $ - $ 4,567,615.27 $ - $ 9,514.57 $ - $ 9,514.57 $ - $ - $ - $ -",,2026-04-08T18:25:53.484356
AZ,2023-02-01,2023-02-28,monthly,BetMGM,BetMGM,BetMGM,Entain/MGM Resorts,retail,,129164850,12937758,13260670,0,12937758,115904180,1035021,322912,0.1001646965099251,28,False,False,AZ_2023_02.pdf,,,,,,https://gaming.az.gov/sites/default/files/EW%20Website%20Revenue%20Report-Feb%202023.pdf,https://gaming.az.gov/blog-terms/event-wagering-revenue-reports,AZ/screenshots/AZ_2023_02_AZ_2023_02_p1.png,"BetMGM $ 1,291,648.50 $ 80,771,256.98 $ 1,159,041.80 $ 75,537,263.59 $ 129,377.58 $ 5,031,319.28 $ - $ 3,355,748.62 $ 129,377.58 $ 1,675,570.66 $ 10,350.21 $ 1 67,557.07",,2026-04-08T18:25:53.484356
AZ,2023-02-01,2023-02-28,monthly,BetMGM,BetMGM,BetMGM,Entain/MGM Resorts,online,,8077125698,503131928,523399339,335574862,167557066,7553726359,16755707,20267411,0.0622909617618779,28,False,False,AZ_2023_02.pdf,,,,,,https://gaming.az.gov/sites/default/files/EW%20Website%20Revenue%20Report-Feb%202023.pdf,https://gaming.az.gov/blog-terms/event-wagering-revenue-reports,AZ/screenshots/AZ_2023_02_AZ_2023_02_p1.png,"BetMGM $ 1,291,648.50 $ 80,771,256.98 $ 1,159,041.80 $ 75,537,263.59 $ 129,377.58 $ 5,031,319.28 $ - $ 3,355,748.62 $ 129,377.58 $ 1,675,570.66 $ 10,350.21 $ 1 67,557.07",,2026-04-08T18:25:53.484356
AZ,2023-02-01,2023-02-28,monthly,Caesars (American Wagering),Caesars,Caesars,Caesars Entertainment,retail,,49516303,3203565,3333823,0,3203565,46182480,256285,130258,0.0646971766046427,28,False,False,AZ_2023_02.pdf,,,,,,https://gaming.az.gov/sites/default/files/EW%20Website%20Revenue%20Report-Feb%202023.pdf,https://gaming.az.gov/blog-terms/event-wagering-revenue-reports,AZ/screenshots/AZ_2023_02_AZ_2023_02_p1.png,"Caesars (American Wagering) $ 495,163.03 $ 53,057,580.44 $ 461,824.80 $ 51,837,074.43 $ 3 2,035.65 $ 1,085,420.66 $ - $ 1,085,420.66 $ 3 2,035.65 $ - $ 2,562.85 $ -",,2026-04-08T18:25:53.484356
AZ,2023-02-01,2023-02-28,monthly,Caesars (American Wagering),Caesars,Caesars,Caesars Entertainment,online,,5305758044,108542066,122050601,108542066,0,5183707443,0,13508535,0.0204574096858307,28,False,False,AZ_2023_02.pdf,,,,,,https://gaming.az.gov/sites/default/files/EW%20Website%20Revenue%20Report-Feb%202023.pdf,https://gaming.az.gov/blog-terms/event-wagering-revenue-reports,AZ/screenshots/AZ_2023_02_AZ_2023_02_p1.png,"Caesars (American Wagering) $ 495,163.03 $ 53,057,580.44 $ 461,824.80 $ 51,837,074.43 $ 3 2,035.65 $ 1,085,420.66 $ - $ 1,085,420.66 $ 3 2,035.65 $ - $ 2,562.85 $ -",,2026-04-08T18:25:53.484356
AZ,2023-02-01,2023-02-28,monthly,Churchill Downs/TwinSpires,TwinSpires,TwinSpires,Churchill Downs Inc,retail,,0,0,0,0,0,0,0,0,,28,False,False,AZ_2023_02.pdf,,,,,,https://gaming.az.gov/sites/default/files/EW%20Website%20Revenue%20Report-Feb%202023.pdf,https://gaming.az.gov/blog-terms/event-wagering-revenue-reports,AZ/screenshots/AZ_2023_02_AZ_2023_02_p1.png,"Churchill Downs/TwinSpires $ - $ 248,854.54 $ - $ 232,835.58 $ - $ 1 5,395.96 $ - $ 1,200.00 $ - $ 1 4,195.96 $ - $ 1,419.60",,2026-04-08T18:25:53.484356
AZ,2023-02-01,2023-02-28,monthly,Churchill Downs/TwinSpires,TwinSpires,TwinSpires,Churchill Downs Inc,online,,24885454,1539596,1601896,120000,1419596,23283558,141960,62300,0.061867306097771,28,False,False,AZ_2023_02.pdf,,,,,,https://gaming.az.gov/sites/default/files/EW%20Website%20Revenue%20Report-Feb%202023.pdf,https://gaming.az.gov/blog-terms/event-wagering-revenue-reports,AZ/screenshots/AZ_2023_02_AZ_2023_02_p1.png,"Churchill Downs/TwinSpires $ - $ 248,854.54 $ - $ 232,835.58 $ - $ 1 5,395.96 $ - $ 1,200.00 $ - $ 1 4,195.96 $ - $ 1,419.60",,2026-04-08T18:25:53.484356
AZ,2023-02-01,2023-02-28,monthly,Desert Diamond Mobile,Desert Diamond,Desert Diamond,Tohono O'odham Nation,retail,,0,0,0,0,0,0,0,0,,28,False,False,AZ_2023_02.pdf,,,,,,https://gaming.az.gov/sites/default/files/EW%20Website%20Revenue%20Report-Feb%202023.pdf,https://gaming.az.gov/blog-terms/event-wagering-revenue-reports,AZ/screenshots/AZ_2023_02_AZ_2023_02_p1.png,"Desert Diamond Mobile $ - $ 43,679,630.76 $ - $ 43,378,423.06 $ - $ 192,008.62 $ - $ 192,008.62 $ - $ - $ - $ -",,2026-04-08T18:25:53.484356
AZ,2023-02-01,2023-02-28,monthly,Desert Diamond Mobile,Desert Diamond,Desert Diamond,Tohono O'odham Nation,online,,4367963076,19200862,30120770,19200862,0,4337842306,0,10919908,0.0043958388992572,28,False,False,AZ_2023_02.pdf,,,,,,https://gaming.az.gov/sites/default/files/EW%20Website%20Revenue%20Report-Feb%202023.pdf,https://gaming.az.gov/blog-terms/event-wagering-revenue-reports,AZ/screenshots/AZ_2023_02_AZ_2023_02_p1.png,"Desert Diamond Mobile $ - $ 43,679,630.76 $ - $ 43,378,423.06 $ - $ 192,008.62 $ - $ 192,008.62 $ - $ - $ - $ -",,2026-04-08T18:25:53.484356
AZ,2023-02-01,2023-02-28,monthly,Digital Gaming USA (Betway),Betway,Betway,Digital Gaming USA,retail,,0,0,0,0,0,0,0,0,,28,False,False,AZ_2023_02.pdf,,,,,,https://gaming.az.gov/sites/default/files/EW%20Website%20Revenue%20Report-Feb%202023.pdf,https://gaming.az.gov/blog-terms/event-wagering-revenue-reports,AZ/screenshots/AZ_2023_02_AZ_2023_02_p1.png,"Digital Gaming USA (Betway) $ - $ 987,578.41 $ - $ 837,371.66 $ - $ 147,737.80 $ - $ 28,820.15 $ - $ 118,917.65 $ - $ 11,891.77",,2026-04-08T18:25:53.484356
AZ,2023-02-01,2023-02-28,monthly,Digital Gaming USA (Betway),Betway,Betway,Digital Gaming USA,online,,98757841,14773780,15020675,2882015,11891765,83737166,1189177,246895,0.1495960204314308,28,False,False,AZ_2023_02.pdf,,,,,,https://gaming.az.gov/sites/default/files/EW%20Website%20Revenue%20Report-Feb%202023.pdf,https://gaming.az.gov/blog-terms/event-wagering-revenue-reports,AZ/screenshots/AZ_2023_02_AZ_2023_02_p1.png,"Digital Gaming USA (Betway) $ - $ 987,578.41 $ - $ 837,371.66 $ - $ 147,737.80 $ - $ 28,820.15 $ - $ 118,917.65 $ - $ 11,891.77",,2026-04-08T18:25:53.484356
AZ,2023-02-01,2023-02-28,monthly,Draft Kings/Crown Gaming,DraftKings,DraftKings,DraftKings Inc,retail,,0,0,0,0,0,0,0,0,,28,False,False,AZ_2023_02.pdf,,,,,,https://gaming.az.gov/sites/default/files/EW%20Website%20Revenue%20Report-Feb%202023.pdf,https://gaming.az.gov/blog-terms/event-wagering-revenue-reports,AZ/screenshots/AZ_2023_02_AZ_2023_02_p1.png,"Draft Kings/Crown Gaming $ - $ 161,519,155.78 $ - $ 149,928,028.22 $ - $ 11,202,132.48 $ - $ 5,972,604.75 $ - $ 5,229,527.73 $ - $ 5 22,952.77",,2026-04-08T18:25:53.484356
AZ,2023-02-01,2023-02-28,monthly,Draft Kings/Crown Gaming,DraftKings,DraftKings,DraftKings Inc,online,,16151915578,1120213248,1159112756,597260475,522952773,14992802822,52295277,38899508,0.0693548231223921,28,False,False,AZ_2023_02.pdf,,,,,,https://gaming.az.gov/sites/default/files/EW%20Website%20Revenue%20Report-Feb%202023.pdf,https://gaming.az.gov/blog-terms/event-wagering-revenue-reports,AZ/screenshots/AZ_2023_02_AZ_2023_02_p1.png,"Draft Kings/Crown Gaming $ - $ 161,519,155.78 $ - $ 149,928,028.22 $ - $ 11,202,132.48 $ - $ 5,972,604.75 $ - $ 5,229,527.73 $ - $ 5 22,952.77",,2026-04-08T18:25:53.484356
AZ,2023-02-01,2023-02-28,monthly,Fan Duel,FanDuel,FanDuel,Flutter Entertainment,retail,,180359320,14960922,15411820,2389500,12571422,164947500,1005714,450898,0.082950645411615,28,False,False,AZ_2023_02.pdf,,,,,,https://gaming.az.gov/sites/default/files/EW%20Website%20Revenue%20Report-Feb%202023.pdf,https://gaming.az.gov/blog-terms/event-wagering-revenue-reports,AZ/screenshots/AZ_2023_02_AZ_2023_02_p1.png,"Fan Duel $ 1,803,593.20 $ 218,927,511.67 $ 1,649,475.00 $ 203,237,670.81 $ 149,609.22 $ 15,158,784.32 $ 2 3,895.00 $ 6,504,898.35 $ 125,714.22 $ 8,653,885.97 $ 10,057.14 $ 8 65,388.60",,2026-04-08T18:25:53.484356
AZ,2023-02-01,2023-02-28,monthly,Fan Duel,FanDuel,FanDuel,Flutter Entertainment,online,,21892751167,1515878432,1568984086,650489835,865388597,20323767081,86538860,53105654,0.069241111838194,28,False,False,AZ_2023_02.pdf,,,,,,https://gaming.az.gov/sites/default/files/EW%20Website%20Revenue%20Report-Feb%202023.pdf,https://gaming.az.gov/blog-terms/event-wagering-revenue-reports,AZ/screenshots/AZ_2023_02_AZ_2023_02_p1.png,"Fan Duel $ 1,803,593.20 $ 218,927,511.67 $ 1,649,475.00 $ 203,237,670.81 $ 149,609.22 $ 15,158,784.32 $ 2 3,895.00 $ 6,504,898.35 $ 125,714.22 $ 8,653,885.97 $ 10,057.14 $ 8 65,388.60",,2026-04-08T18:25:53.484356
AZ,2023-02-01,2023-02-28,monthly,Golden Nugget Online Gaming,DraftKings (Golden Nugget),DraftKings,DraftKings Inc,retail,,0,0,0,0,0,0,0,0,,28,False,False,AZ_2023_02.pdf,,,,,,https://gaming.az.gov/sites/default/files/EW%20Website%20Revenue%20Report-Feb%202023.pdf,https://gaming.az.gov/blog-terms/event-wagering-revenue-reports,AZ/screenshots/AZ_2023_02_AZ_2023_02_p1.png,"Golden Nugget Online Gaming $ - $ 148,700.58 $ - $ 161,693.26 $ - $ - $ - $ - $ - $ - $ - $ -",,2026-04-08T18:25:53.484356
AZ,2023-02-01,2023-02-28,monthly,Golden Nugget Online Gaming,DraftKings (Golden Nugget),DraftKings,DraftKings Inc,online,,14870058,0,-1299268,0,0,16169326,0,-1299268,0.0,28,False,False,AZ_2023_02.pdf,,,,,,https://gaming.az.gov/sites/default/files/EW%20Website%20Revenue%20Report-Feb%202023.pdf,https://gaming.az.gov/blog-terms/event-wagering-revenue-reports,AZ/screenshots/AZ_2023_02_AZ_2023_02_p1.png,"Golden Nugget Online Gaming $ - $ 148,700.58 $ - $ 161,693.26 $ - $ - $ - $ - $ - $ - $ - $ -",,2026-04-08T18:25:53.484356
AZ,2023-02-01,2023-02-28,monthly,Penn Sports (Barstool Sports),ESPN Bet,ESPN Bet,PENN Entertainment,retail,,0,0,0,0,0,0,0,0,,28,False,False,AZ_2023_02.pdf,,,,,,https://gaming.az.gov/sites/default/files/EW%20Website%20Revenue%20Report-Feb%202023.pdf,https://gaming.az.gov/blog-terms/event-wagering-revenue-reports,AZ/screenshots/AZ_2023_02_AZ_2023_02_p1.png,"Penn Sports (Barstool Sports) $ - $ 22,636,888.32 $ - $ 22,347,718.17 $ - $ 232,577.93 $ - $ 232,577.93 $ - $ - $ - $ -",,2026-04-08T18:25:53.484356
AZ,2023-02-01,2023-02-28,monthly,Penn Sports (Barstool Sports),ESPN Bet,ESPN Bet,PENN Entertainment,online,,2263688832,23257793,28917015,23257793,0,2234771817,0,5659222,0.0102742888824748,28,False,False,AZ_2023_02.pdf,,,,,,https://gaming.az.gov/sites/default/files/EW%20Website%20Revenue%20Report-Feb%202023.pdf,https://gaming.az.gov/blog-terms/event-wagering-revenue-reports,AZ/screenshots/AZ_2023_02_AZ_2023_02_p1.png,"Penn Sports (Barstool Sports) $ - $ 22,636,888.32 $ - $ 22,347,718.17 $ - $ 232,577.93 $ - $ 232,577.93 $ - $ - $ - $ -",,2026-04-08T18:25:53.484356
AZ,2023-02-01,2023-02-28,monthly,RSI (Rush Street Interactive),BetRivers,BetRivers,Rush Street Interactive,retail,,0,0,0,0,0,0,0,0,,28,False,False,AZ_2023_02.pdf,,,,,,https://gaming.az.gov/sites/default/files/EW%20Website%20Revenue%20Report-Feb%202023.pdf,https://gaming.az.gov/blog-terms/event-wagering-revenue-reports,AZ/screenshots/AZ_2023_02_AZ_2023_02_p1.png,"RSI (Rush Street Interactive) $ - $ 5 ,669,347.29 $ - $ 5,501,586.15 $ - $ 153,587.77 $ - $ 153,587.77 $ - $ - $ - $ -",,2026-04-08T18:25:53.484356
AZ,2023-02-01,2023-02-28,monthly,RSI (Rush Street Interactive),BetRivers,BetRivers,Rush Street Interactive,online,,566934729,15358777,16776114,15358777,0,550158615,0,1417337,0.0270909087314,28,False,False,AZ_2023_02.pdf,,,,,,https://gaming.az.gov/sites/default/files/EW%20Website%20Revenue%20Report-Feb%202023.pdf,https://gaming.az.gov/blog-terms/event-wagering-revenue-reports,AZ/screenshots/AZ_2023_02_AZ_2023_02_p1.png,"RSI (Rush Street Interactive) $ - $ 5 ,669,347.29 $ - $ 5,501,586.15 $ - $ 153,587.77 $ - $ 153,587.77 $ - $ - $ - $ -",,2026-04-08T18:25:53.484356
AZ,2023-02-01,2023-02-28,monthly,Sahara Bets,Sahara Bets,Sahara Bets,Sahara Bets,retail,,0,0,0,0,0,0,0,0,,28,False,False,AZ_2023_02.pdf,,,,,,https://gaming.az.gov/sites/default/files/EW%20Website%20Revenue%20Report-Feb%202023.pdf,https://gaming.az.gov/blog-terms/event-wagering-revenue-reports,AZ/screenshots/AZ_2023_02_AZ_2023_02_p1.png,"Sahara Bets $ - $ 211,935.64 $ - $ 207,311.73 $ - $ 4,094.07 $ - $ 4,094.07 $ - $ - $ - $ -",,2026-04-08T18:25:53.484356
AZ,2023-02-01,2023-02-28,monthly,Sahara Bets,Sahara Bets,Sahara Bets,Sahara Bets,online,,21193564,409407,462391,409407,0,20731173,0,52984,0.0193175154495015,28,False,False,AZ_2023_02.pdf,,,,,,https://gaming.az.gov/sites/default/files/EW%20Website%20Revenue%20Report-Feb%202023.pdf,https://gaming.az.gov/blog-terms/event-wagering-revenue-reports,AZ/screenshots/AZ_2023_02_AZ_2023_02_p1.png,"Sahara Bets $ - $ 211,935.64 $ - $ 207,311.73 $ - $ 4,094.07 $ - $ 4,094.07 $ - $ - $ - $ -",,2026-04-08T18:25:53.484356
AZ,2023-02-01,2023-02-28,monthly,"SBOpco, LLC (SuperBook)",SuperBook,SuperBook,SuperBook Sports,retail,,0,0,0,0,0,0,0,0,,28,False,False,AZ_2023_02.pdf,,,,,,https://gaming.az.gov/sites/default/files/EW%20Website%20Revenue%20Report-Feb%202023.pdf,https://gaming.az.gov/blog-terms/event-wagering-revenue-reports,AZ/screenshots/AZ_2023_02_AZ_2023_02_p1.png,"SBOpco, LLC (SuperBook) $ - $ 2 ,120,035.20 $ - $ 2,061,587.82 $ - $ 5 3,449.10 $ - $ 55,449.10 $ - $ - $ - $ -",,2026-04-08T18:25:53.484356
AZ,2023-02-01,2023-02-28,monthly,"SBOpco, LLC (SuperBook)",SuperBook,SuperBook,SuperBook Sports,online,,212003520,5344910,5844738,5544910,0,206158782,0,499828,0.0252114210179151,28,False,False,AZ_2023_02.pdf,,,,,,https://gaming.az.gov/sites/default/files/EW%20Website%20Revenue%20Report-Feb%202023.pdf,https://gaming.az.gov/blog-terms/event-wagering-revenue-reports,AZ/screenshots/AZ_2023_02_AZ_2023_02_p1.png,"SBOpco, LLC (SuperBook) $ - $ 2 ,120,035.20 $ - $ 2,061,587.82 $ - $ 5 3,449.10 $ - $ 55,449.10 $ - $ - $ - $ -",,2026-04-08T18:25:53.484356
AZ,2023-02-01,2023-02-28,monthly,Seminole Hard Rock Digital,Hard Rock Bet,Hard Rock Bet,Seminole Tribe / Hard Rock Digital,retail,,0,0,0,0,0,0,0,0,,28,False,False,AZ_2023_02.pdf,,,,,,https://gaming.az.gov/sites/default/files/EW%20Website%20Revenue%20Report-Feb%202023.pdf,https://gaming.az.gov/blog-terms/event-wagering-revenue-reports,AZ/screenshots/AZ_2023_02_AZ_2023_02_p1.png,"Seminole Hard Rock Digital $ - $ 4 ,321,834.27 $ - $ 4,098,024.40 $ - $ 213,005.28 $ - $ 105,731.86 $ - $ 107,273.42 $ - $ 10,727.34",,2026-04-08T18:25:53.484356
AZ,2023-02-01,2023-02-28,monthly,Seminole Hard Rock Digital,Hard Rock Bet,Hard Rock Bet,Seminole Tribe / Hard Rock Digital,online,,432183427,21300528,22380987,10573186,10727342,409802440,1072734,1080459,0.0492858510282487,28,False,False,AZ_2023_02.pdf,,,,,,https://gaming.az.gov/sites/default/files/EW%20Website%20Revenue%20Report-Feb%202023.pdf,https://gaming.az.gov/blog-terms/event-wagering-revenue-reports,AZ/screenshots/AZ_2023_02_AZ_2023_02_p1.png,"Seminole Hard Rock Digital $ - $ 4 ,321,834.27 $ - $ 4,098,024.40 $ - $ 213,005.28 $ - $ 105,731.86 $ - $ 107,273.42 $ - $ 10,727.34",,2026-04-08T18:25:53.484356
AZ,2023-02-01,2023-02-28,monthly,Unibet AZ (Kindred),Unibet,Unibet,Kindred Group,retail,,0,0,0,0,0,0,0,0,,28,False,False,AZ_2023_02.pdf,,,,,,https://gaming.az.gov/sites/default/files/EW%20Website%20Revenue%20Report-Feb%202023.pdf,https://gaming.az.gov/blog-terms/event-wagering-revenue-reports,AZ/screenshots/AZ_2023_02_AZ_2023_02_p1.png,"Unibet AZ (Kindred) $ - $ 683,995.14 $ - $ 686,428.43 $ - $ - $ - $ - $ - $ - $ - $ -",,2026-04-08T18:25:53.484356
AZ,2023-02-01,2023-02-28,monthly,Unibet AZ (Kindred),Unibet,Unibet,Kindred Group,online,,68399514,0,-243329,0,0,68642843,0,-243329,0.0,28,False,False,AZ_2023_02.pdf,,,,,,https://gaming.az.gov/sites/default/files/EW%20Website%20Revenue%20Report-Feb%202023.pdf,https://gaming.az.gov/blog-terms/event-wagering-revenue-reports,AZ/screenshots/AZ_2023_02_AZ_2023_02_p1.png,"Unibet AZ (Kindred) $ - $ 683,995.14 $ - $ 686,428.43 $ - $ - $ - $ - $ - $ - $ - $ -",,2026-04-08T18:25:53.484356
AZ,2023-02-01,2023-02-28,monthly,WSI US (WynnBet),WynnBET,ESPN Bet,PENN Entertainment,retail,,0,0,0,0,0,0,0,0,,28,False,False,AZ_2023_02.pdf,,,,,,https://gaming.az.gov/sites/default/files/EW%20Website%20Revenue%20Report-Feb%202023.pdf,https://gaming.az.gov/blog-terms/event-wagering-revenue-reports,AZ/screenshots/AZ_2023_02_AZ_2023_02_p1.png,"WSI US (WynnBet) $ - $ 5 ,167,648.97 $ - $ 5,097,317.57 $ - $ 5 7,412.28 $ - $ 57,412.28 $ - $ - $ - $ -",,2026-04-08T18:25:53.484356
AZ,2023-02-01,2023-02-28,monthly,WSI US (WynnBet),WynnBET,ESPN Bet,PENN Entertainment,online,,516764897,5741228,7033140,5741228,0,509731757,0,1291912,0.011109941935549,28,False,False,AZ_2023_02.pdf,,,,,,https://gaming.az.gov/sites/default/files/EW%20Website%20Revenue%20Report-Feb%202023.pdf,https://gaming.az.gov/blog-terms/event-wagering-revenue-reports,AZ/screenshots/AZ_2023_02_AZ_2023_02_p1.png,"WSI US (WynnBet) $ - $ 5 ,167,648.97 $ - $ 5,097,317.57 $ - $ 5 7,412.28 $ - $ 57,412.28 $ - $ - $ - $ -",,2026-04-08T18:25:53.484356
AZ,2023-03-01,2023-03-31,monthly,"Bally Interactive, LLC",Bally Bet,Bally Bet,Bally's Corporation,retail,,0,0,0,0,0,0,0,0,,31,False,False,AZ_2023_03.pdf,,,,,,https://gaming.az.gov/sites/default/files/EW%20Website%20Revenue%20Report-Mar%202023.pdf,https://gaming.az.gov/blog-terms/event-wagering-revenue-reports,AZ/screenshots/AZ_2023_03_AZ_2023_03_p1.png,"Bally Interactive, LLC $ - $ 247,073.30 $ - $ 240,383.29 $ - $ 6,072.33 $ - $ - $ - $ 6,072.33 $ - $ 607.23",,2026-04-08T18:25:55.479530
AZ,2023-03-01,2023-03-31,monthly,"Bally Interactive, LLC",Bally Bet,Bally Bet,Bally's Corporation,online,,24707330,607233,669001,0,607233,24038329,60723,61768,0.0245770384740075,31,False,False,AZ_2023_03.pdf,,,,,,https://gaming.az.gov/sites/default/files/EW%20Website%20Revenue%20Report-Mar%202023.pdf,https://gaming.az.gov/blog-terms/event-wagering-revenue-reports,AZ/screenshots/AZ_2023_03_AZ_2023_03_p1.png,"Bally Interactive, LLC $ - $ 247,073.30 $ - $ 240,383.29 $ - $ 6,072.33 $ - $ - $ - $ 6,072.33 $ - $ 607.23",,2026-04-08T18:25:55.479530
AZ,2023-03-01,2023-03-31,monthly,BetFred,Betfred,Betfred,Betfred Group,retail,,0,0,0,0,0,0,0,0,,31,False,False,AZ_2023_03.pdf,,,,,,https://gaming.az.gov/sites/default/files/EW%20Website%20Revenue%20Report-Mar%202023.pdf,https://gaming.az.gov/blog-terms/event-wagering-revenue-reports,AZ/screenshots/AZ_2023_03_AZ_2023_03_p1.png,"BetFred $ - $ 3 ,960,148.36 $ - $ 3,843,813.45 $ - $ 106,434.54 $ - $ 106,434.99 $ - $ - $ - $ -",,2026-04-08T18:25:55.479530
AZ,2023-03-01,2023-03-31,monthly,BetFred,Betfred,Betfred,Betfred Group,online,,396014836,10643454,11633491,10643499,0,384381345,0,990037,0.0268764021760033,31,False,False,AZ_2023_03.pdf,,,,,,https://gaming.az.gov/sites/default/files/EW%20Website%20Revenue%20Report-Mar%202023.pdf,https://gaming.az.gov/blog-terms/event-wagering-revenue-reports,AZ/screenshots/AZ_2023_03_AZ_2023_03_p1.png,"BetFred $ - $ 3 ,960,148.36 $ - $ 3,843,813.45 $ - $ 106,434.54 $ - $ 106,434.99 $ - $ - $ - $ -",,2026-04-08T18:25:55.479530
AZ,2023-03-01,2023-03-31,monthly,BetMGM,BetMGM,BetMGM,Entain/MGM Resorts,retail,,128820355,18601334,18923385,0,18601334,109896970,1488107,322051,0.1443974750729417,31,False,False,AZ_2023_03.pdf,,,,,,https://gaming.az.gov/sites/default/files/EW%20Website%20Revenue%20Report-Mar%202023.pdf,https://gaming.az.gov/blog-terms/event-wagering-revenue-reports,AZ/screenshots/AZ_2023_03_AZ_2023_03_p1.png,"BetMGM $ 1,288,203.55 $ 87,498,580.41 $ 1,098,969.70 $ 77,923,223.98 $ 186,013.34 $ 9,366,755.21 $ - $ 4,289,691.91 $ 186,013.34 $ 5,077,063.30 $ 14,881.07 $ 5 07,706.33",,2026-04-08T18:25:55.479530
AZ,2023-03-01,2023-03-31,monthly,BetMGM,BetMGM,BetMGM,Entain/MGM Resorts,online,,8749858041,936675521,957535643,428969191,507706330,7792322398,50770633,20860122,0.1070503677443605,31,False,False,AZ_2023_03.pdf,,,,,,https://gaming.az.gov/sites/default/files/EW%20Website%20Revenue%20Report-Mar%202023.pdf,https://gaming.az.gov/blog-terms/event-wagering-revenue-reports,AZ/screenshots/AZ_2023_03_AZ_2023_03_p1.png,"BetMGM $ 1,288,203.55 $ 87,498,580.41 $ 1,098,969.70 $ 77,923,223.98 $ 186,013.34 $ 9,366,755.21 $ - $ 4,289,691.91 $ 186,013.34 $ 5,077,063.30 $ 14,881.07 $ 5 07,706.33",,2026-04-08T18:25:55.479530
AZ,2023-03-01,2023-03-31,monthly,Caesars (American Wagering),Caesars,Caesars,Caesars Entertainment,retail,,47501114,6296714,6414494,0,6296714,41086620,503737,117780,0.1325592911357826,31,False,False,AZ_2023_03.pdf,,,,,,https://gaming.az.gov/sites/default/files/EW%20Website%20Revenue%20Report-Mar%202023.pdf,https://gaming.az.gov/blog-terms/event-wagering-revenue-reports,AZ/screenshots/AZ_2023_03_AZ_2023_03_p1.png,"Caesars (American Wagering) $ 475,011.14 $ 56,031,949.51 $ 410,866.20 $ 51,135,742.11 $ 6 2,967.14 $ 4,758,279.00 $ - $ 1,064,886.09 $ 6 2,967.14 $ 3,693,392.91 $ 5,037.37 $ 3 69,339.29",,2026-04-08T18:25:55.479530
AZ,2023-03-01,2023-03-31,monthly,Caesars (American Wagering),Caesars,Caesars,Caesars Entertainment,online,,5603194951,475827900,489620740,106488609,369339291,5113574211,36933929,13792840,0.0849208182405074,31,False,False,AZ_2023_03.pdf,,,,,,https://gaming.az.gov/sites/default/files/EW%20Website%20Revenue%20Report-Mar%202023.pdf,https://gaming.az.gov/blog-terms/event-wagering-revenue-reports,AZ/screenshots/AZ_2023_03_AZ_2023_03_p1.png,"Caesars (American Wagering) $ 475,011.14 $ 56,031,949.51 $ 410,866.20 $ 51,135,742.11 $ 6 2,967.14 $ 4,758,279.00 $ - $ 1,064,886.09 $ 6 2,967.14 $ 3,693,392.91 $ 5,037.37 $ 3 69,339.29",,2026-04-08T18:25:55.479530
AZ,2023-03-01,2023-03-31,monthly,Churchill Downs/TwinSpires,TwinSpires,TwinSpires,Churchill Downs Inc,retail,,0,0,0,0,0,0,0,0,,31,False,False,AZ_2023_03.pdf,,,,,,https://gaming.az.gov/sites/default/files/EW%20Website%20Revenue%20Report-Mar%202023.pdf,https://gaming.az.gov/blog-terms/event-wagering-revenue-reports,AZ/screenshots/AZ_2023_03_AZ_2023_03_p1.png,"Churchill Downs/TwinSpires $ - $ 173,799.00 $ - $ 165,032.67 $ - $ 8,330.33 $ - $ 200.00 $ - $ 8,130.33 $ - $ 813.03",,2026-04-08T18:25:55.479530
AZ,2023-03-01,2023-03-31,monthly,Churchill Downs/TwinSpires,TwinSpires,TwinSpires,Churchill Downs Inc,online,,17379900,833033,876633,20000,813033,16503267,81303,43600,0.0479308281405531,31,False,False,AZ_2023_03.pdf,,,,,,https://gaming.az.gov/sites/default/files/EW%20Website%20Revenue%20Report-Mar%202023.pdf,https://gaming.az.gov/blog-terms/event-wagering-revenue-reports,AZ/screenshots/AZ_2023_03_AZ_2023_03_p1.png,"Churchill Downs/TwinSpires $ - $ 173,799.00 $ - $ 165,032.67 $ - $ 8,330.33 $ - $ 200.00 $ - $ 8,130.33 $ - $ 813.03",,2026-04-08T18:25:55.479530
AZ,2023-03-01,2023-03-31,monthly,Desert Diamond Mobile,Desert Diamond,Desert Diamond,Tohono O'odham Nation,retail,,0,0,0,0,0,0,0,0,,31,False,False,AZ_2023_03.pdf,,,,,,https://gaming.az.gov/sites/default/files/EW%20Website%20Revenue%20Report-Mar%202023.pdf,https://gaming.az.gov/blog-terms/event-wagering-revenue-reports,AZ/screenshots/AZ_2023_03_AZ_2023_03_p1.png,"Desert Diamond Mobile $ - $ 28,060,156.42 $ - $ 29,337,025.16 $ - $ - $ - $ - $ - $ - $ - $ -",,2026-04-08T18:25:55.479530
AZ,2023-03-01,2023-03-31,monthly,Desert Diamond Mobile,Desert Diamond,Desert Diamond,Tohono O'odham Nation,online,,2806015642,0,-127686874,0,0,2933702516,0,-127686874,0.0,31,False,False,AZ_2023_03.pdf,,,,,,https://gaming.az.gov/sites/default/files/EW%20Website%20Revenue%20Report-Mar%202023.pdf,https://gaming.az.gov/blog-terms/event-wagering-revenue-reports,AZ/screenshots/AZ_2023_03_AZ_2023_03_p1.png,"Desert Diamond Mobile $ - $ 28,060,156.42 $ - $ 29,337,025.16 $ - $ - $ - $ - $ - $ - $ - $ -",,2026-04-08T18:25:55.479530
AZ,2023-03-01,2023-03-31,monthly,Digital Gaming USA (Betway),Betway,Betway,Digital Gaming USA,retail,,0,0,0,0,0,0,0,0,,31,False,False,AZ_2023_03.pdf,,,,,,https://gaming.az.gov/sites/default/files/EW%20Website%20Revenue%20Report-Mar%202023.pdf,https://gaming.az.gov/blog-terms/event-wagering-revenue-reports,AZ/screenshots/AZ_2023_03_AZ_2023_03_p1.png,"Digital Gaming USA (Betway) $ - $ 1 ,356,883.41 $ - $ 1,199,523.32 $ - $ 153,967.88 $ - $ 14,731.98 $ - $ 139,235.90 $ - $ 13,923.59",,2026-04-08T18:25:55.479530
AZ,2023-03-01,2023-03-31,monthly,Digital Gaming USA (Betway),Betway,Betway,Digital Gaming USA,online,,135688341,15396788,15736009,1473198,13923590,119952332,1392359,339221,0.1134717094079586,31,False,False,AZ_2023_03.pdf,,,,,,https://gaming.az.gov/sites/default/files/EW%20Website%20Revenue%20Report-Mar%202023.pdf,https://gaming.az.gov/blog-terms/event-wagering-revenue-reports,AZ/screenshots/AZ_2023_03_AZ_2023_03_p1.png,"Digital Gaming USA (Betway) $ - $ 1 ,356,883.41 $ - $ 1,199,523.32 $ - $ 153,967.88 $ - $ 14,731.98 $ - $ 139,235.90 $ - $ 13,923.59",,2026-04-08T18:25:55.479530
AZ,2023-03-01,2023-03-31,monthly,Draft Kings/Crown Gaming,DraftKings,DraftKings,DraftKings Inc,retail,,0,0,0,0,0,0,0,0,,31,False,False,AZ_2023_03.pdf,,,,,,https://gaming.az.gov/sites/default/files/EW%20Website%20Revenue%20Report-Mar%202023.pdf,https://gaming.az.gov/blog-terms/event-wagering-revenue-reports,AZ/screenshots/AZ_2023_03_AZ_2023_03_p1.png,"Draft Kings/Crown Gaming $ - $ 168,830,063.76 $ - $ 153,766,100.71 $ - $ 14,652,380.43 $ - $ 4,320,007.22 $ - $ 10,332,373.21 $ - $ 1,033,237.32",,2026-04-08T18:25:55.479530
AZ,2023-03-01,2023-03-31,monthly,Draft Kings/Crown Gaming,DraftKings,DraftKings,DraftKings Inc,online,,16883006376,1465238043,1506396305,432000722,1033237321,15376610071,103323732,41158262,0.0867877444554487,31,False,False,AZ_2023_03.pdf,,,,,,https://gaming.az.gov/sites/default/files/EW%20Website%20Revenue%20Report-Mar%202023.pdf,https://gaming.az.gov/blog-terms/event-wagering-revenue-reports,AZ/screenshots/AZ_2023_03_AZ_2023_03_p1.png,"Draft Kings/Crown Gaming $ - $ 168,830,063.76 $ - $ 153,766,100.71 $ - $ 14,652,380.43 $ - $ 4,320,007.22 $ - $ 10,332,373.21 $ - $ 1,033,237.32",,2026-04-08T18:25:55.479530
AZ,2023-03-01,2023-03-31,monthly,Fan Duel,FanDuel,FanDuel,Flutter Entertainment,retail,,234862825,6977943,7565100,549125,6428818,227297725,514305,587157,0.0297107173091356,31,False,False,AZ_2023_03.pdf,,,,,,https://gaming.az.gov/sites/default/files/EW%20Website%20Revenue%20Report-Mar%202023.pdf,https://gaming.az.gov/blog-terms/event-wagering-revenue-reports,AZ/screenshots/AZ_2023_03_AZ_2023_03_p1.png,"Fan Duel $ 2,348,628.25 $ 254,909,572.41 $ 2,272,977.25 $ 232,989,080.88 $ 6 9,779.43 $ 21,297,110.69 $ 5,491.25 $ 5,557,238.30 $ 6 4,288.18 $ 15,739,872.39 $ 5,143.05 $ 1,573,987.24",,2026-04-08T18:25:55.479530
AZ,2023-03-01,2023-03-31,monthly,Fan Duel,FanDuel,FanDuel,Flutter Entertainment,online,,25490957241,2129711069,2192049153,555723830,1573987239,23298908088,157398724,62338084,0.083547708658604,31,False,False,AZ_2023_03.pdf,,,,,,https://gaming.az.gov/sites/default/files/EW%20Website%20Revenue%20Report-Mar%202023.pdf,https://gaming.az.gov/blog-terms/event-wagering-revenue-reports,AZ/screenshots/AZ_2023_03_AZ_2023_03_p1.png,"Fan Duel $ 2,348,628.25 $ 254,909,572.41 $ 2,272,977.25 $ 232,989,080.88 $ 6 9,779.43 $ 21,297,110.69 $ 5,491.25 $ 5,557,238.30 $ 6 4,288.18 $ 15,739,872.39 $ 5,143.05 $ 1,573,987.24",,2026-04-08T18:25:55.479530
AZ,2023-03-01,2023-03-31,monthly,Golden Nugget Online Gaming,DraftKings (Golden Nugget),DraftKings,DraftKings Inc,retail,,0,0,0,0,0,0,0,0,,31,False,False,AZ_2023_03.pdf,,,,,,https://gaming.az.gov/sites/default/files/EW%20Website%20Revenue%20Report-Mar%202023.pdf,https://gaming.az.gov/blog-terms/event-wagering-revenue-reports,AZ/screenshots/AZ_2023_03_AZ_2023_03_p1.png,"Golden Nugget Online Gaming $ - $ 90,128.03 $ - $ 7 7,024.55 $ - $ 1 2,878.16 $ - $ - $ - $ 1 2,878.16 $ - $ 1,287.82",,2026-04-08T18:25:55.479530
AZ,2023-03-01,2023-03-31,monthly,Golden Nugget Online Gaming,DraftKings (Golden Nugget),DraftKings,DraftKings Inc,online,,9012803,1287816,1310348,0,1287816,7702455,128782,22532,0.1428874013999862,31,False,False,AZ_2023_03.pdf,,,,,,https://gaming.az.gov/sites/default/files/EW%20Website%20Revenue%20Report-Mar%202023.pdf,https://gaming.az.gov/blog-terms/event-wagering-revenue-reports,AZ/screenshots/AZ_2023_03_AZ_2023_03_p1.png,"Golden Nugget Online Gaming $ - $ 90,128.03 $ - $ 7 7,024.55 $ - $ 1 2,878.16 $ - $ - $ - $ 1 2,878.16 $ - $ 1,287.82",,2026-04-08T18:25:55.479530
AZ,2023-03-01,2023-03-31,monthly,Penn Sports (Barstool Sports),ESPN Bet,ESPN Bet,PENN Entertainment,retail,,0,0,0,0,0,0,0,0,,31,False,False,AZ_2023_03.pdf,,,,,,https://gaming.az.gov/sites/default/files/EW%20Website%20Revenue%20Report-Mar%202023.pdf,https://gaming.az.gov/blog-terms/event-wagering-revenue-reports,AZ/screenshots/AZ_2023_03_AZ_2023_03_p1.png,"Penn Sports (Barstool Sports) $ - $ 19,738,839.64 $ - $ 18,082,892.11 $ - $ 1,606,600.43 $ - $ 336,116.72 $ - $ 1,270,483.71 $ - $ 1 27,048.37",,2026-04-08T18:25:55.479530
AZ,2023-03-01,2023-03-31,monthly,Penn Sports (Barstool Sports),ESPN Bet,ESPN Bet,PENN Entertainment,online,,1973883964,160660043,165594753,33611672,127048371,1808289211,12704837,4934710,0.0813928508109608,31,False,False,AZ_2023_03.pdf,,,,,,https://gaming.az.gov/sites/default/files/EW%20Website%20Revenue%20Report-Mar%202023.pdf,https://gaming.az.gov/blog-terms/event-wagering-revenue-reports,AZ/screenshots/AZ_2023_03_AZ_2023_03_p1.png,"Penn Sports (Barstool Sports) $ - $ 19,738,839.64 $ - $ 18,082,892.11 $ - $ 1,606,600.43 $ - $ 336,116.72 $ - $ 1,270,483.71 $ - $ 1 27,048.37",,2026-04-08T18:25:55.479530
AZ,2023-03-01,2023-03-31,monthly,RSI (Rush Street Interactive),BetRivers,BetRivers,Rush Street Interactive,retail,,0,0,0,0,0,0,0,0,,31,False,False,AZ_2023_03.pdf,,,,,,https://gaming.az.gov/sites/default/files/EW%20Website%20Revenue%20Report-Mar%202023.pdf,https://gaming.az.gov/blog-terms/event-wagering-revenue-reports,AZ/screenshots/AZ_2023_03_AZ_2023_03_p1.png,"RSI (Rush Street Interactive) $ - $ 6 ,318,544.03 $ - $ 6,070,848.78 $ - $ 231,898.89 $ - $ 231,898.89 $ - $ - $ - $ -",,2026-04-08T18:25:55.479530
AZ,2023-03-01,2023-03-31,monthly,RSI (Rush Street Interactive),BetRivers,BetRivers,Rush Street Interactive,online,,631854403,23189889,24769525,23189889,0,607084878,0,1579636,0.0367013174077699,31,False,False,AZ_2023_03.pdf,,,,,,https://gaming.az.gov/sites/default/files/EW%20Website%20Revenue%20Report-Mar%202023.pdf,https://gaming.az.gov/blog-terms/event-wagering-revenue-reports,AZ/screenshots/AZ_2023_03_AZ_2023_03_p1.png,"RSI (Rush Street Interactive) $ - $ 6 ,318,544.03 $ - $ 6,070,848.78 $ - $ 231,898.89 $ - $ 231,898.89 $ - $ - $ - $ -",,2026-04-08T18:25:55.479530
AZ,2023-03-01,2023-03-31,monthly,Sahara Bets,Sahara Bets,Sahara Bets,Sahara Bets,retail,,0,0,0,0,0,0,0,0,,31,False,False,AZ_2023_03.pdf,,,,,,https://gaming.az.gov/sites/default/files/EW%20Website%20Revenue%20Report-Mar%202023.pdf,https://gaming.az.gov/blog-terms/event-wagering-revenue-reports,AZ/screenshots/AZ_2023_03_AZ_2023_03_p1.png,"Sahara Bets $ - $ 437,685.95 $ - $ 393,555.69 $ - $ 4 3,036.05 $ - $ 4,952.64 $ - $ 3 8,083.41 $ - $ 3,808.34",,2026-04-08T18:25:55.479530
AZ,2023-03-01,2023-03-31,monthly,Sahara Bets,Sahara Bets,Sahara Bets,Sahara Bets,online,,43768595,4303605,4413026,495264,3808341,39355569,380834,109421,0.0983263227892053,31,False,False,AZ_2023_03.pdf,,,,,,https://gaming.az.gov/sites/default/files/EW%20Website%20Revenue%20Report-Mar%202023.pdf,https://gaming.az.gov/blog-terms/event-wagering-revenue-reports,AZ/screenshots/AZ_2023_03_AZ_2023_03_p1.png,"Sahara Bets $ - $ 437,685.95 $ - $ 393,555.69 $ - $ 4 3,036.05 $ - $ 4,952.64 $ - $ 3 8,083.41 $ - $ 3,808.34",,2026-04-08T18:25:55.479530
AZ,2023-03-01,2023-03-31,monthly,"SBOpco, LLC (SuperBook)",SuperBook,SuperBook,SuperBook Sports,retail,,0,0,0,0,0,0,0,0,,31,False,False,AZ_2023_03.pdf,,,,,,https://gaming.az.gov/sites/default/files/EW%20Website%20Revenue%20Report-Mar%202023.pdf,https://gaming.az.gov/blog-terms/event-wagering-revenue-reports,AZ/screenshots/AZ_2023_03_AZ_2023_03_p1.png,"SBOpco, LLC (SuperBook) $ - $ 1 ,490,790.79 $ - $ 1,472,618.21 $ - $ 1 4,288.02 $ - $ 14,288.02 $ - $ - $ - $ -",,2026-04-08T18:25:55.479530
AZ,2023-03-01,2023-03-31,monthly,"SBOpco, LLC (SuperBook)",SuperBook,SuperBook,SuperBook Sports,online,,149079079,1428802,1817258,1428802,0,147261821,0,388456,0.0095841885366088,31,False,False,AZ_2023_03.pdf,,,,,,https://gaming.az.gov/sites/default/files/EW%20Website%20Revenue%20Report-Mar%202023.pdf,https://gaming.az.gov/blog-terms/event-wagering-revenue-reports,AZ/screenshots/AZ_2023_03_AZ_2023_03_p1.png,"SBOpco, LLC (SuperBook) $ - $ 1 ,490,790.79 $ - $ 1,472,618.21 $ - $ 1 4,288.02 $ - $ 14,288.02 $ - $ - $ - $ -",,2026-04-08T18:25:55.479530
AZ,2023-03-01,2023-03-31,monthly,Seminole Hard Rock Digital,Hard Rock Bet,Hard Rock Bet,Seminole Tribe / Hard Rock Digital,retail,,0,0,0,0,0,0,0,0,,31,False,False,AZ_2023_03.pdf,,,,,,https://gaming.az.gov/sites/default/files/EW%20Website%20Revenue%20Report-Mar%202023.pdf,https://gaming.az.gov/blog-terms/event-wagering-revenue-reports,AZ/screenshots/AZ_2023_03_AZ_2023_03_p1.png,"Seminole Hard Rock Digital $ - $ 4 ,400,684.78 $ - $ 4,111,208.32 $ - $ 278,474.75 $ - $ 224,535.86 $ - $ 5 3,938.89 $ - $ 5,393.89",,2026-04-08T18:25:55.479530
AZ,2023-03-01,2023-03-31,monthly,Seminole Hard Rock Digital,Hard Rock Bet,Hard Rock Bet,Seminole Tribe / Hard Rock Digital,online,,440068478,27847475,28947646,22453586,5393889,411120832,539389,1100171,0.06327986754825,31,False,False,AZ_2023_03.pdf,,,,,,https://gaming.az.gov/sites/default/files/EW%20Website%20Revenue%20Report-Mar%202023.pdf,https://gaming.az.gov/blog-terms/event-wagering-revenue-reports,AZ/screenshots/AZ_2023_03_AZ_2023_03_p1.png,"Seminole Hard Rock Digital $ - $ 4 ,400,684.78 $ - $ 4,111,208.32 $ - $ 278,474.75 $ - $ 224,535.86 $ - $ 5 3,938.89 $ - $ 5,393.89",,2026-04-08T18:25:55.479530
AZ,2023-03-01,2023-03-31,monthly,Unibet AZ (Kindred),Unibet,Unibet,Kindred Group,retail,,0,0,0,0,0,0,0,0,,31,False,False,AZ_2023_03.pdf,,,,,,https://gaming.az.gov/sites/default/files/EW%20Website%20Revenue%20Report-Mar%202023.pdf,https://gaming.az.gov/blog-terms/event-wagering-revenue-reports,AZ/screenshots/AZ_2023_03_AZ_2023_03_p1.png,"Unibet AZ (Kindred) $ - $ 684,178.23 $ - $ 737,091.48 $ - $ - $ - $ - $ - $ - $ - $ -",,2026-04-08T18:25:55.479530
AZ,2023-03-01,2023-03-31,monthly,Unibet AZ (Kindred),Unibet,Unibet,Kindred Group,online,,68417823,0,-5291325,0,0,73709148,0,-5291325,0.0,31,False,False,AZ_2023_03.pdf,,,,,,https://gaming.az.gov/sites/default/files/EW%20Website%20Revenue%20Report-Mar%202023.pdf,https://gaming.az.gov/blog-terms/event-wagering-revenue-reports,AZ/screenshots/AZ_2023_03_AZ_2023_03_p1.png,"Unibet AZ (Kindred) $ - $ 684,178.23 $ - $ 737,091.48 $ - $ - $ - $ - $ - $ - $ - $ -",,2026-04-08T18:25:55.479530
AZ,2023-03-01,2023-03-31,monthly,WSI US (WynnBet),WynnBET,ESPN Bet,PENN Entertainment,retail,,0,0,0,0,0,0,0,0,,31,False,False,AZ_2023_03.pdf,,,,,,https://gaming.az.gov/sites/default/files/EW%20Website%20Revenue%20Report-Mar%202023.pdf,https://gaming.az.gov/blog-terms/event-wagering-revenue-reports,AZ/screenshots/AZ_2023_03_AZ_2023_03_p1.png,"WSI US (WynnBet) $ - $ 5 ,676,193.86 $ - $ 5,231,786.78 $ - $ 430,216.60 $ - $ 67,064.30 $ - $ 363,152.30 $ - $ 36,315.23",,2026-04-08T18:25:55.479530
AZ,2023-03-01,2023-03-31,monthly,WSI US (WynnBet),WynnBET,ESPN Bet,PENN Entertainment,online,,567619386,43021660,44440708,6706430,36315230,523178678,3631523,1419048,0.0757931477696218,31,False,False,AZ_2023_03.pdf,,,,,,https://gaming.az.gov/sites/default/files/EW%20Website%20Revenue%20Report-Mar%202023.pdf,https://gaming.az.gov/blog-terms/event-wagering-revenue-reports,AZ/screenshots/AZ_2023_03_AZ_2023_03_p1.png,"WSI US (WynnBet) $ - $ 5 ,676,193.86 $ - $ 5,231,786.78 $ - $ 430,216.60 $ - $ 67,064.30 $ - $ 363,152.30 $ - $ 36,315.23",,2026-04-08T18:25:55.479530
AZ,2023-04-01,2023-04-30,monthly,"Bally Interactive, LLC",Bally Bet,Bally Bet,Bally's Corporation,retail,,0,0,0,0,0,0,0,0,,30,False,False,AZ_2023_04.pdf,,,,,,https://gaming.az.gov/sites/default/files/EW%20Website%20Revenue%20Report-Apr%202023%20%281%29.pdf,https://gaming.az.gov/blog-terms/event-wagering-revenue-reports,AZ/screenshots/AZ_2023_04_AZ_2023_04_p1.png,"Bally Interactive, LLC $ - $ 177,079.97 $ - $ 155,713.41 $ - $ 2 0,923.86 $ - $ - $ - $ 2 0,923.86 $ - $ 2,092.39",,2026-04-08T18:25:57.474401
AZ,2023-04-01,2023-04-30,monthly,"Bally Interactive, LLC",Bally Bet,Bally Bet,Bally's Corporation,online,,17707997,2092386,2136656,0,2092386,15571341,209239,44270,0.1181605124509564,30,False,False,AZ_2023_04.pdf,,,,,,https://gaming.az.gov/sites/default/files/EW%20Website%20Revenue%20Report-Apr%202023%20%281%29.pdf,https://gaming.az.gov/blog-terms/event-wagering-revenue-reports,AZ/screenshots/AZ_2023_04_AZ_2023_04_p1.png,"Bally Interactive, LLC $ - $ 177,079.97 $ - $ 155,713.41 $ - $ 2 0,923.86 $ - $ - $ - $ 2 0,923.86 $ - $ 2,092.39",,2026-04-08T18:25:57.474401
AZ,2023-04-01,2023-04-30,monthly,BetFred,Betfred,Betfred,Betfred Group,retail,,0,0,0,0,0,0,0,0,,30,False,False,AZ_2023_04.pdf,,,,,,https://gaming.az.gov/sites/default/files/EW%20Website%20Revenue%20Report-Apr%202023%20%281%29.pdf,https://gaming.az.gov/blog-terms/event-wagering-revenue-reports,AZ/screenshots/AZ_2023_04_AZ_2023_04_p1.png,"BetFred $ - $ 3 ,059,475.89 $ - $ 3,139,308.11 $ - $ - $ - $ - $ - $ - $ - $ -",,2026-04-08T18:25:57.474401
AZ,2023-04-01,2023-04-30,monthly,BetFred,Betfred,Betfred,Betfred Group,online,,305947589,0,-7983222,0,0,313930811,0,-7983222,0.0,30,False,False,AZ_2023_04.pdf,,,,,,https://gaming.az.gov/sites/default/files/EW%20Website%20Revenue%20Report-Apr%202023%20%281%29.pdf,https://gaming.az.gov/blog-terms/event-wagering-revenue-reports,AZ/screenshots/AZ_2023_04_AZ_2023_04_p1.png,"BetFred $ - $ 3 ,059,475.89 $ - $ 3,139,308.11 $ - $ - $ - $ - $ - $ - $ - $ -",,2026-04-08T18:25:57.474401
AZ,2023-04-01,2023-04-30,monthly,BetMGM,BetMGM,BetMGM,Entain/MGM Resorts,retail,,88538825,2276048,2497395,0,2276048,86041430,182084,221347,0.0257067789187398,30,False,False,AZ_2023_04.pdf,,,,,,https://gaming.az.gov/sites/default/files/EW%20Website%20Revenue%20Report-Apr%202023%20%281%29.pdf,https://gaming.az.gov/blog-terms/event-wagering-revenue-reports,AZ/screenshots/AZ_2023_04_AZ_2023_04_p1.png,"BetMGM $ 885,388.25 $ 72,388,392.76 $ 860,414.30 $ 64,714,897.80 $ 2 2,760.48 $ 7,499,372.38 $ - $ 3,144,350.92 $ 2 2,760.48 $ 4,355,021.46 $ 1,820.84 $ 4 35,502.15",,2026-04-08T18:25:57.474401
AZ,2023-04-01,2023-04-30,monthly,BetMGM,BetMGM,BetMGM,Entain/MGM Resorts,online,,7238839276,749937238,767349496,314435092,435502146,6471489780,43550215,17412258,0.1035991005472905,30,False,False,AZ_2023_04.pdf,,,,,,https://gaming.az.gov/sites/default/files/EW%20Website%20Revenue%20Report-Apr%202023%20%281%29.pdf,https://gaming.az.gov/blog-terms/event-wagering-revenue-reports,AZ/screenshots/AZ_2023_04_AZ_2023_04_p1.png,"BetMGM $ 885,388.25 $ 72,388,392.76 $ 860,414.30 $ 64,714,897.80 $ 2 2,760.48 $ 7,499,372.38 $ - $ 3,144,350.92 $ 2 2,760.48 $ 4,355,021.46 $ 1,820.84 $ 4 35,502.15",,2026-04-08T18:25:57.474401
AZ,2023-04-01,2023-04-30,monthly,Caesars (American Wagering),Caesars,Caesars,Caesars Entertainment,retail,,94075668,0,-2176062,0,0,96251730,0,-2176062,0.0,30,False,False,AZ_2023_04.pdf,,,,,,https://gaming.az.gov/sites/default/files/EW%20Website%20Revenue%20Report-Apr%202023%20%281%29.pdf,https://gaming.az.gov/blog-terms/event-wagering-revenue-reports,AZ/screenshots/AZ_2023_04_AZ_2023_04_p1.png,"Caesars (American Wagering) $ 940,756.68 $ 49,941,546.65 $ 962,517.30 $ 47,523,720.96 $ - $ 2,291,791.26 $ - $ 967,752.48 $ - $ 1,324,038.78 $ - $ 1 32,403.88",,2026-04-08T18:25:57.474401
AZ,2023-04-01,2023-04-30,monthly,Caesars (American Wagering),Caesars,Caesars,Caesars Entertainment,online,,4994154665,229179126,241782569,96775248,132403878,4752372096,13240388,12603443,0.0458894730686119,30,False,False,AZ_2023_04.pdf,,,,,,https://gaming.az.gov/sites/default/files/EW%20Website%20Revenue%20Report-Apr%202023%20%281%29.pdf,https://gaming.az.gov/blog-terms/event-wagering-revenue-reports,AZ/screenshots/AZ_2023_04_AZ_2023_04_p1.png,"Caesars (American Wagering) $ 940,756.68 $ 49,941,546.65 $ 962,517.30 $ 47,523,720.96 $ - $ 2,291,791.26 $ - $ 967,752.48 $ - $ 1,324,038.78 $ - $ 1 32,403.88",,2026-04-08T18:25:57.474401
AZ,2023-04-01,2023-04-30,monthly,Churchill Downs/TwinSpires,TwinSpires,TwinSpires,Churchill Downs Inc,retail,,0,0,0,0,0,0,0,0,,30,False,False,AZ_2023_04.pdf,,,,,,https://gaming.az.gov/sites/default/files/EW%20Website%20Revenue%20Report-Apr%202023%20%281%29.pdf,https://gaming.az.gov/blog-terms/event-wagering-revenue-reports,AZ/screenshots/AZ_2023_04_AZ_2023_04_p1.png,"Churchill Downs/TwinSpires $ - $ 178,040.48 $ - $ 173,906.51 $ - $ 3,687.97 $ - $ 7 5.00 $ - $ 3,612.97 $ - $ 361.30",,2026-04-08T18:25:57.474401
AZ,2023-04-01,2023-04-30,monthly,Churchill Downs/TwinSpires,TwinSpires,TwinSpires,Churchill Downs Inc,online,,17804048,368797,413397,7500,361297,17390651,36130,44600,0.0207142218443805,30,False,False,AZ_2023_04.pdf,,,,,,https://gaming.az.gov/sites/default/files/EW%20Website%20Revenue%20Report-Apr%202023%20%281%29.pdf,https://gaming.az.gov/blog-terms/event-wagering-revenue-reports,AZ/screenshots/AZ_2023_04_AZ_2023_04_p1.png,"Churchill Downs/TwinSpires $ - $ 178,040.48 $ - $ 173,906.51 $ - $ 3,687.97 $ - $ 7 5.00 $ - $ 3,612.97 $ - $ 361.30",,2026-04-08T18:25:57.474401
AZ,2023-04-01,2023-04-30,monthly,Desert Diamond Mobile,Desert Diamond,Desert Diamond,Tohono O'odham Nation,retail,,0,0,0,0,0,0,0,0,,30,False,False,AZ_2023_04.pdf,,,,,,https://gaming.az.gov/sites/default/files/EW%20Website%20Revenue%20Report-Apr%202023%20%281%29.pdf,https://gaming.az.gov/blog-terms/event-wagering-revenue-reports,AZ/screenshots/AZ_2023_04_AZ_2023_04_p1.png,"Desert Diamond Mobile $ - $ 12,115,941.45 $ - $ 10,761,818.38 $ - $ 1,323,833.22 $ - $ 639,390.03 $ - $ 684,443.19 $ - $ 68,444.32",,2026-04-08T18:25:57.474401
AZ,2023-04-01,2023-04-30,monthly,Desert Diamond Mobile,Desert Diamond,Desert Diamond,Tohono O'odham Nation,online,,1211594145,132383322,135412307,63939003,68444319,1076181838,6844432,3028985,0.10926375184819,30,False,False,AZ_2023_04.pdf,,,,,,https://gaming.az.gov/sites/default/files/EW%20Website%20Revenue%20Report-Apr%202023%20%281%29.pdf,https://gaming.az.gov/blog-terms/event-wagering-revenue-reports,AZ/screenshots/AZ_2023_04_AZ_2023_04_p1.png,"Desert Diamond Mobile $ - $ 12,115,941.45 $ - $ 10,761,818.38 $ - $ 1,323,833.22 $ - $ 639,390.03 $ - $ 684,443.19 $ - $ 68,444.32",,2026-04-08T18:25:57.474401
AZ,2023-04-01,2023-04-30,monthly,Digital Gaming USA (Betway),Betway,Betway,Digital Gaming USA,retail,,0,0,0,0,0,0,0,0,,30,False,False,AZ_2023_04.pdf,,,,,,https://gaming.az.gov/sites/default/files/EW%20Website%20Revenue%20Report-Apr%202023%20%281%29.pdf,https://gaming.az.gov/blog-terms/event-wagering-revenue-reports,AZ/screenshots/AZ_2023_04_AZ_2023_04_p1.png,"Digital Gaming USA (Betway) $ - $ 1 ,015,470.35 $ - $ 895,979.19 $ - $ 116,952.48 $ - $ 12,263.16 $ - $ 104,689.32 $ - $ 10,468.93",,2026-04-08T18:25:57.474401
AZ,2023-04-01,2023-04-30,monthly,Digital Gaming USA (Betway),Betway,Betway,Digital Gaming USA,online,,101547035,11695248,11949116,1226316,10468932,89597919,1046893,253868,0.1151707482153467,30,False,False,AZ_2023_04.pdf,,,,,,https://gaming.az.gov/sites/default/files/EW%20Website%20Revenue%20Report-Apr%202023%20%281%29.pdf,https://gaming.az.gov/blog-terms/event-wagering-revenue-reports,AZ/screenshots/AZ_2023_04_AZ_2023_04_p1.png,"Digital Gaming USA (Betway) $ - $ 1 ,015,470.35 $ - $ 895,979.19 $ - $ 116,952.48 $ - $ 12,263.16 $ - $ 104,689.32 $ - $ 10,468.93",,2026-04-08T18:25:57.474401
AZ,2023-04-01,2023-04-30,monthly,Draft Kings/Crown Gaming,DraftKings,DraftKings,DraftKings Inc,retail,,0,0,0,0,0,0,0,0,,30,False,False,AZ_2023_04.pdf,,,,,,https://gaming.az.gov/sites/default/files/EW%20Website%20Revenue%20Report-Apr%202023%20%281%29.pdf,https://gaming.az.gov/blog-terms/event-wagering-revenue-reports,AZ/screenshots/AZ_2023_04_AZ_2023_04_p1.png,"Draft Kings/Crown Gaming $ - $ 148,683,669.34 $ - $ 134,806,943.13 $ - $ 13,512,783.66 $ - $ 3,159,610.65 $ - $ 10,353,173.01 $ - $ 1,035,317.30",,2026-04-08T18:25:57.474401
AZ,2023-04-01,2023-04-30,monthly,Draft Kings/Crown Gaming,DraftKings,DraftKings,DraftKings Inc,online,,14868366934,1351278366,1387672621,315961065,1035317301,13480694313,103531730,36394255,0.0908827695737038,30,False,False,AZ_2023_04.pdf,,,,,,https://gaming.az.gov/sites/default/files/EW%20Website%20Revenue%20Report-Apr%202023%20%281%29.pdf,https://gaming.az.gov/blog-terms/event-wagering-revenue-reports,AZ/screenshots/AZ_2023_04_AZ_2023_04_p1.png,"Draft Kings/Crown Gaming $ - $ 148,683,669.34 $ - $ 134,806,943.13 $ - $ 13,512,783.66 $ - $ 3,159,610.65 $ - $ 10,353,173.01 $ - $ 1,035,317.30",,2026-04-08T18:25:57.474401
AZ,2023-04-01,2023-04-30,monthly,Fan Duel,FanDuel,FanDuel,Flutter Entertainment,retail,,184118375,21223593,21683889,392500,20831093,162434486,1666487,460296,0.1152714551168507,30,False,False,AZ_2023_04.pdf,,,,,,https://gaming.az.gov/sites/default/files/EW%20Website%20Revenue%20Report-Apr%202023%20%281%29.pdf,https://gaming.az.gov/blog-terms/event-wagering-revenue-reports,AZ/screenshots/AZ_2023_04_AZ_2023_04_p1.png,"Fan Duel $ 1,841,183.75 $ 212,918,457.34 $ 1,624,344.86 $ 191,026,266.71 $ 212,235.93 $ 21,372,086.25 $ 3,925.00 $ 4,876,694.33 $ 208,310.93 $ 16,495,391.92 $ 16,664.87 $ 1,649,539.19",,2026-04-08T18:25:57.474401
AZ,2023-04-01,2023-04-30,monthly,Fan Duel,FanDuel,FanDuel,Flutter Entertainment,online,,21291845734,2137208625,2189219063,487669433,1649539192,19102626671,164953919,52010438,0.1003768603107614,30,False,False,AZ_2023_04.pdf,,,,,,https://gaming.az.gov/sites/default/files/EW%20Website%20Revenue%20Report-Apr%202023%20%281%29.pdf,https://gaming.az.gov/blog-terms/event-wagering-revenue-reports,AZ/screenshots/AZ_2023_04_AZ_2023_04_p1.png,"Fan Duel $ 1,841,183.75 $ 212,918,457.34 $ 1,624,344.86 $ 191,026,266.71 $ 212,235.93 $ 21,372,086.25 $ 3,925.00 $ 4,876,694.33 $ 208,310.93 $ 16,495,391.92 $ 16,664.87 $ 1,649,539.19",,2026-04-08T18:25:57.474401
AZ,2023-04-01,2023-04-30,monthly,Golden Nugget Online Gaming,DraftKings (Golden Nugget),DraftKings,DraftKings Inc,retail,,0,0,0,0,0,0,0,0,,30,False,False,AZ_2023_04.pdf,,,,,,https://gaming.az.gov/sites/default/files/EW%20Website%20Revenue%20Report-Apr%202023%20%281%29.pdf,https://gaming.az.gov/blog-terms/event-wagering-revenue-reports,AZ/screenshots/AZ_2023_04_AZ_2023_04_p1.png,"Golden Nugget Online Gaming $ - $ 199,367.50 $ - $ 204,410.28 $ - $ - $ - $ - $ - $ - $ - $ -",,2026-04-08T18:25:57.474401
AZ,2023-04-01,2023-04-30,monthly,Golden Nugget Online Gaming,DraftKings (Golden Nugget),DraftKings,DraftKings Inc,online,,19936750,0,-504278,0,0,20441028,0,-504278,0.0,30,False,False,AZ_2023_04.pdf,,,,,,https://gaming.az.gov/sites/default/files/EW%20Website%20Revenue%20Report-Apr%202023%20%281%29.pdf,https://gaming.az.gov/blog-terms/event-wagering-revenue-reports,AZ/screenshots/AZ_2023_04_AZ_2023_04_p1.png,"Golden Nugget Online Gaming $ - $ 199,367.50 $ - $ 204,410.28 $ - $ - $ - $ - $ - $ - $ - $ -",,2026-04-08T18:25:57.474401
AZ,2023-04-01,2023-04-30,monthly,Penn Sports (Barstool Sports),ESPN Bet,ESPN Bet,PENN Entertainment,retail,,0,0,0,0,0,0,0,0,,30,False,False,AZ_2023_04.pdf,,,,,,https://gaming.az.gov/sites/default/files/EW%20Website%20Revenue%20Report-Apr%202023%20%281%29.pdf,https://gaming.az.gov/blog-terms/event-wagering-revenue-reports,AZ/screenshots/AZ_2023_04_AZ_2023_04_p1.png,"Penn Sports (Barstool Sports) $ - $ 12,432,244.28 $ - $ 11,801,723.02 $ - $ 599,440.65 $ - $ 254,169.79 $ - $ 345,270.86 $ - $ 34,527.09",,2026-04-08T18:25:57.474401
AZ,2023-04-01,2023-04-30,monthly,Penn Sports (Barstool Sports),ESPN Bet,ESPN Bet,PENN Entertainment,online,,1243224428,59944065,63052126,25416979,34527086,1180172302,3452709,3108061,0.0482166080797119,30,False,False,AZ_2023_04.pdf,,,,,,https://gaming.az.gov/sites/default/files/EW%20Website%20Revenue%20Report-Apr%202023%20%281%29.pdf,https://gaming.az.gov/blog-terms/event-wagering-revenue-reports,AZ/screenshots/AZ_2023_04_AZ_2023_04_p1.png,"Penn Sports (Barstool Sports) $ - $ 12,432,244.28 $ - $ 11,801,723.02 $ - $ 599,440.65 $ - $ 254,169.79 $ - $ 345,270.86 $ - $ 34,527.09",,2026-04-08T18:25:57.474401
AZ,2023-04-01,2023-04-30,monthly,RSI (Rush Street Interactive),BetRivers,BetRivers,Rush Street Interactive,retail,,0,0,0,0,0,0,0,0,,30,False,False,AZ_2023_04.pdf,,,,,,https://gaming.az.gov/sites/default/files/EW%20Website%20Revenue%20Report-Apr%202023%20%281%29.pdf,https://gaming.az.gov/blog-terms/event-wagering-revenue-reports,AZ/screenshots/AZ_2023_04_AZ_2023_04_p1.png,"RSI (Rush Street Interactive) $ - $ 4 ,955,199.46 $ - $ 4,724,429.01 $ - $ 218,382.45 $ - $ 218,382.45 $ - $ - $ - $ -",,2026-04-08T18:25:57.474401
AZ,2023-04-01,2023-04-30,monthly,RSI (Rush Street Interactive),BetRivers,BetRivers,Rush Street Interactive,online,,495519946,21838245,23077045,21838245,0,472442901,0,1238800,0.0440713742731962,30,False,False,AZ_2023_04.pdf,,,,,,https://gaming.az.gov/sites/default/files/EW%20Website%20Revenue%20Report-Apr%202023%20%281%29.pdf,https://gaming.az.gov/blog-terms/event-wagering-revenue-reports,AZ/screenshots/AZ_2023_04_AZ_2023_04_p1.png,"RSI (Rush Street Interactive) $ - $ 4 ,955,199.46 $ - $ 4,724,429.01 $ - $ 218,382.45 $ - $ 218,382.45 $ - $ - $ - $ -",,2026-04-08T18:25:57.474401
AZ,2023-04-01,2023-04-30,monthly,Sahara Bets,Sahara Bets,Sahara Bets,Sahara Bets,retail,,0,0,0,0,0,0,0,0,,30,False,False,AZ_2023_04.pdf,,,,,,https://gaming.az.gov/sites/default/files/EW%20Website%20Revenue%20Report-Apr%202023%20%281%29.pdf,https://gaming.az.gov/blog-terms/event-wagering-revenue-reports,AZ/screenshots/AZ_2023_04_AZ_2023_04_p1.png,"Sahara Bets $ - $ 472,461.15 $ - $ 466,371.77 $ - $ 4,908.23 $ - $ 4,616.50 $ - $ 291.73 $ - $ 29.17",,2026-04-08T18:25:57.474401
AZ,2023-04-01,2023-04-30,monthly,Sahara Bets,Sahara Bets,Sahara Bets,Sahara Bets,online,,47246115,490823,608938,461650,29173,46637177,2917,118115,0.0103886425370636,30,False,False,AZ_2023_04.pdf,,,,,,https://gaming.az.gov/sites/default/files/EW%20Website%20Revenue%20Report-Apr%202023%20%281%29.pdf,https://gaming.az.gov/blog-terms/event-wagering-revenue-reports,AZ/screenshots/AZ_2023_04_AZ_2023_04_p1.png,"Sahara Bets $ - $ 472,461.15 $ - $ 466,371.77 $ - $ 4,908.23 $ - $ 4,616.50 $ - $ 291.73 $ - $ 29.17",,2026-04-08T18:25:57.474401
AZ,2023-04-01,2023-04-30,monthly,"SBOpco, LLC (SuperBook)",SuperBook,SuperBook,SuperBook Sports,retail,,0,0,0,0,0,0,0,0,,30,False,False,AZ_2023_04.pdf,,,,,,https://gaming.az.gov/sites/default/files/EW%20Website%20Revenue%20Report-Apr%202023%20%281%29.pdf,https://gaming.az.gov/blog-terms/event-wagering-revenue-reports,AZ/screenshots/AZ_2023_04_AZ_2023_04_p1.png,"SBOpco, LLC (SuperBook) $ - $ 1 ,904,994.01 $ - $ 1,860,679.20 $ - $ 3 9,704.67 $ - $ 20,199.07 $ - $ 1 9,505.60 $ - $ 1,950.56",,2026-04-08T18:25:57.474401
AZ,2023-04-01,2023-04-30,monthly,"SBOpco, LLC (SuperBook)",SuperBook,SuperBook,SuperBook Sports,online,,190499401,3970467,4431481,2019907,1950560,186067920,195056,461014,0.020842411992676,30,False,False,AZ_2023_04.pdf,,,,,,https://gaming.az.gov/sites/default/files/EW%20Website%20Revenue%20Report-Apr%202023%20%281%29.pdf,https://gaming.az.gov/blog-terms/event-wagering-revenue-reports,AZ/screenshots/AZ_2023_04_AZ_2023_04_p1.png,"SBOpco, LLC (SuperBook) $ - $ 1 ,904,994.01 $ - $ 1,860,679.20 $ - $ 3 9,704.67 $ - $ 20,199.07 $ - $ 1 9,505.60 $ - $ 1,950.56",,2026-04-08T18:25:57.474401
AZ,2023-04-01,2023-04-30,monthly,Seminole Hard Rock Digital,Hard Rock Bet,Hard Rock Bet,Seminole Tribe / Hard Rock Digital,retail,,0,0,0,0,0,0,0,0,,30,False,False,AZ_2023_04.pdf,,,,,,https://gaming.az.gov/sites/default/files/EW%20Website%20Revenue%20Report-Apr%202023%20%281%29.pdf,https://gaming.az.gov/blog-terms/event-wagering-revenue-reports,AZ/screenshots/AZ_2023_04_AZ_2023_04_p1.png,"Seminole Hard Rock Digital $ - $ 5 ,692,583.87 $ - $ 5,261,129.62 $ - $ 417,222.79 $ - $ 258,852.88 $ - $ 158,369.91 $ - $ 15,836.99",,2026-04-08T18:25:57.474401
AZ,2023-04-01,2023-04-30,monthly,Seminole Hard Rock Digital,Hard Rock Bet,Hard Rock Bet,Seminole Tribe / Hard Rock Digital,online,,569258387,41722279,43145425,25885288,15836991,526112962,1583699,1423146,0.0732923395645991,30,False,False,AZ_2023_04.pdf,,,,,,https://gaming.az.gov/sites/default/files/EW%20Website%20Revenue%20Report-Apr%202023%20%281%29.pdf,https://gaming.az.gov/blog-terms/event-wagering-revenue-reports,AZ/screenshots/AZ_2023_04_AZ_2023_04_p1.png,"Seminole Hard Rock Digital $ - $ 5 ,692,583.87 $ - $ 5,261,129.62 $ - $ 417,222.79 $ - $ 258,852.88 $ - $ 158,369.91 $ - $ 15,836.99",,2026-04-08T18:25:57.474401
AZ,2023-04-01,2023-04-30,monthly,Unibet AZ (Kindred),Unibet,Unibet,Kindred Group,retail,,0,0,0,0,0,0,0,0,,30,False,False,AZ_2023_04.pdf,,,,,,https://gaming.az.gov/sites/default/files/EW%20Website%20Revenue%20Report-Apr%202023%20%281%29.pdf,https://gaming.az.gov/blog-terms/event-wagering-revenue-reports,AZ/screenshots/AZ_2023_04_AZ_2023_04_p1.png,"Unibet AZ (Kindred) $ - $ 504,189.40 $ - $ 469,146.73 $ - $ 3 3,782.20 $ - $ 2,160.02 $ - $ 3 1,622.18 $ - $ 3,162.22",,2026-04-08T18:25:57.474401
AZ,2023-04-01,2023-04-30,monthly,Unibet AZ (Kindred),Unibet,Unibet,Kindred Group,online,,50418940,3378220,3504267,216002,3162218,46914673,316222,126047,0.0670029953029556,30,False,False,AZ_2023_04.pdf,,,,,,https://gaming.az.gov/sites/default/files/EW%20Website%20Revenue%20Report-Apr%202023%20%281%29.pdf,https://gaming.az.gov/blog-terms/event-wagering-revenue-reports,AZ/screenshots/AZ_2023_04_AZ_2023_04_p1.png,"Unibet AZ (Kindred) $ - $ 504,189.40 $ - $ 469,146.73 $ - $ 3 3,782.20 $ - $ 2,160.02 $ - $ 3 1,622.18 $ - $ 3,162.22",,2026-04-08T18:25:57.474401
AZ,2023-04-01,2023-04-30,monthly,WSI US (WynnBet),WynnBET,ESPN Bet,PENN Entertainment,retail,,0,0,0,0,0,0,0,0,,30,False,False,AZ_2023_04.pdf,,,,,,https://gaming.az.gov/sites/default/files/EW%20Website%20Revenue%20Report-Apr%202023%20%281%29.pdf,https://gaming.az.gov/blog-terms/event-wagering-revenue-reports,AZ/screenshots/AZ_2023_04_AZ_2023_04_p1.png,"WSI US (WynnBet) $ - $ 4 ,511,383.95 $ - $ 4,302,109.18 $ - $ 197,996.31 $ - $ 55,420.40 $ - $ 142,575.91 $ - $ 14,257.59",,2026-04-08T18:25:57.474401
AZ,2023-04-01,2023-04-30,monthly,WSI US (WynnBet),WynnBET,ESPN Bet,PENN Entertainment,online,,451138395,19799631,20927477,5542040,14257591,430210918,1425759,1127846,0.0438881532129403,30,False,False,AZ_2023_04.pdf,,,,,,https://gaming.az.gov/sites/default/files/EW%20Website%20Revenue%20Report-Apr%202023%20%281%29.pdf,https://gaming.az.gov/blog-terms/event-wagering-revenue-reports,AZ/screenshots/AZ_2023_04_AZ_2023_04_p1.png,"WSI US (WynnBet) $ - $ 4 ,511,383.95 $ - $ 4,302,109.18 $ - $ 197,996.31 $ - $ 55,420.40 $ - $ 142,575.91 $ - $ 14,257.59",,2026-04-08T18:25:57.474401
AZ,2023-05-01,2023-05-31,monthly,"Bally Interactive, LLC",Bally Bet,Bally Bet,Bally's Corporation,retail,,0,0,0,0,0,0,0,0,,31,False,False,AZ_2023_05.pdf,,,,,,https://gaming.az.gov/sites/default/files/EW%20Website%20Revenue%20Report-May%202023.pdf,https://gaming.az.gov/blog-terms/event-wagering-revenue-reports,AZ/screenshots/AZ_2023_05_AZ_2023_05_p1.png,"Bally Interactive, LLC $ - $ 135,127.00 $ - $ 121,530.02 $ - $ 13,259.16 $ - $ 11.00 $ - $ 13,248.16 $ - $ 1,324.82",,2026-04-08T18:25:58.073719
AZ,2023-05-01,2023-05-31,monthly,"Bally Interactive, LLC",Bally Bet,Bally Bet,Bally's Corporation,online,,13512700,1325916,1359698,1100,1324816,12153002,132482,33782,0.0981236910462009,31,False,False,AZ_2023_05.pdf,,,,,,https://gaming.az.gov/sites/default/files/EW%20Website%20Revenue%20Report-May%202023.pdf,https://gaming.az.gov/blog-terms/event-wagering-revenue-reports,AZ/screenshots/AZ_2023_05_AZ_2023_05_p1.png,"Bally Interactive, LLC $ - $ 135,127.00 $ - $ 121,530.02 $ - $ 13,259.16 $ - $ 11.00 $ - $ 13,248.16 $ - $ 1,324.82",,2026-04-08T18:25:58.073719
AZ,2023-05-01,2023-05-31,monthly,BetFred,Betfred,Betfred,Betfred Group,retail,,0,0,0,0,0,0,0,0,,31,False,False,AZ_2023_05.pdf,,,,,,https://gaming.az.gov/sites/default/files/EW%20Website%20Revenue%20Report-May%202023.pdf,https://gaming.az.gov/blog-terms/event-wagering-revenue-reports,AZ/screenshots/AZ_2023_05_AZ_2023_05_p1.png,"BetFred $ - $ 2,417,901.79 $ - $ 2,370,925.36 $ - $ 40,931.68 $ - $ 40,931.68 $ - $ - $ - $ -",,2026-04-08T18:25:58.073719
AZ,2023-05-01,2023-05-31,monthly,BetFred,Betfred,Betfred,Betfred Group,online,,241790179,4093168,4697643,4093168,0,237092536,0,604475,0.0169285949368522,31,False,False,AZ_2023_05.pdf,,,,,,https://gaming.az.gov/sites/default/files/EW%20Website%20Revenue%20Report-May%202023.pdf,https://gaming.az.gov/blog-terms/event-wagering-revenue-reports,AZ/screenshots/AZ_2023_05_AZ_2023_05_p1.png,"BetFred $ - $ 2,417,901.79 $ - $ 2,370,925.36 $ - $ 40,931.68 $ - $ 40,931.68 $ - $ - $ - $ -",,2026-04-08T18:25:58.073719
AZ,2023-05-01,2023-05-31,monthly,BetMGM,BetMGM,BetMGM,Entain/MGM Resorts,retail,,61090895,0,-2764365,0,0,63855260,0,-2764365,0.0,31,False,False,AZ_2023_05.pdf,,,,,,https://gaming.az.gov/sites/default/files/EW%20Website%20Revenue%20Report-May%202023.pdf,https://gaming.az.gov/blog-terms/event-wagering-revenue-reports,AZ/screenshots/AZ_2023_05_AZ_2023_05_p1.png,"BetMGM $ 610,908.95 $ 66,842,411.85 $ 638,552.60 $ 59,461,674.23 $ - $ 7,221,725.25 $ - $ 3,307,969.81 $ - $ 3,913,755.44 $ - $ 391,375.54",,2026-04-08T18:25:58.073719
AZ,2023-05-01,2023-05-31,monthly,BetMGM,BetMGM,BetMGM,Entain/MGM Resorts,online,,6684241185,722172525,738073762,330796981,391375544,5946167423,39137554,15901237,0.1080410633028347,31,False,False,AZ_2023_05.pdf,,,,,,https://gaming.az.gov/sites/default/files/EW%20Website%20Revenue%20Report-May%202023.pdf,https://gaming.az.gov/blog-terms/event-wagering-revenue-reports,AZ/screenshots/AZ_2023_05_AZ_2023_05_p1.png,"BetMGM $ 610,908.95 $ 66,842,411.85 $ 638,552.60 $ 59,461,674.23 $ - $ 7,221,725.25 $ - $ 3,307,969.81 $ - $ 3,913,755.44 $ - $ 391,375.54",,2026-04-08T18:25:58.073719
AZ,2023-05-01,2023-05-31,monthly,Caesars (American Wagering),Caesars,Caesars,Caesars Entertainment,retail,,87677130,18851876,19062020,0,18851876,68615110,1508150,210144,0.2150147478595615,31,False,False,AZ_2023_05.pdf,,,,,,https://gaming.az.gov/sites/default/files/EW%20Website%20Revenue%20Report-May%202023.pdf,https://gaming.az.gov/blog-terms/event-wagering-revenue-reports,AZ/screenshots/AZ_2023_05_AZ_2023_05_p1.png,"Caesars (American Wagering) $ 876,771.30 $ 45,526,180.22 $ 686,151.10 $ 41,881,572.53 $ 188,518.76 $ 3,530,795.56 $ - $ 910,716.76 $ 188,518.76 $ 2,620,078.80 $ 15,081.50 $ 262,007.88",,2026-04-08T18:25:58.073719
AZ,2023-05-01,2023-05-31,monthly,Caesars (American Wagering),Caesars,Caesars,Caesars Entertainment,online,,4552618022,353079556,364460769,91071676,262007880,4188157253,26200788,11381213,0.0775552779288277,31,False,False,AZ_2023_05.pdf,,,,,,https://gaming.az.gov/sites/default/files/EW%20Website%20Revenue%20Report-May%202023.pdf,https://gaming.az.gov/blog-terms/event-wagering-revenue-reports,AZ/screenshots/AZ_2023_05_AZ_2023_05_p1.png,"Caesars (American Wagering) $ 876,771.30 $ 45,526,180.22 $ 686,151.10 $ 41,881,572.53 $ 188,518.76 $ 3,530,795.56 $ - $ 910,716.76 $ 188,518.76 $ 2,620,078.80 $ 15,081.50 $ 262,007.88",,2026-04-08T18:25:58.073719
AZ,2023-05-01,2023-05-31,monthly,Churchill Downs/TwinSpires,TwinSpires,TwinSpires,Churchill Downs Inc,retail,,0,0,0,0,0,0,0,0,,31,False,False,AZ_2023_05.pdf,,,,,,https://gaming.az.gov/sites/default/files/EW%20Website%20Revenue%20Report-May%202023.pdf,https://gaming.az.gov/blog-terms/event-wagering-revenue-reports,AZ/screenshots/AZ_2023_05_AZ_2023_05_p1.png,"Churchill Downs/TwinSpires $ - $ 188,479.02 $ - $ 168,695.35 $ - $ 19,311.67 $ - $ 200.00 $ - $ 19,111.67 $ - $ 1,911.17",,2026-04-08T18:25:58.073719
AZ,2023-05-01,2023-05-31,monthly,Churchill Downs/TwinSpires,TwinSpires,TwinSpires,Churchill Downs Inc,online,,18847902,1931167,1978367,20000,1911167,16869535,191117,47200,0.102460581554382,31,False,False,AZ_2023_05.pdf,,,,,,https://gaming.az.gov/sites/default/files/EW%20Website%20Revenue%20Report-May%202023.pdf,https://gaming.az.gov/blog-terms/event-wagering-revenue-reports,AZ/screenshots/AZ_2023_05_AZ_2023_05_p1.png,"Churchill Downs/TwinSpires $ - $ 188,479.02 $ - $ 168,695.35 $ - $ 19,311.67 $ - $ 200.00 $ - $ 19,111.67 $ - $ 1,911.17",,2026-04-08T18:25:58.073719
AZ,2023-05-01,2023-05-31,monthly,Desert Diamond Mobile,Desert Diamond,Desert Diamond,Tohono O'odham Nation,retail,,0,0,0,0,0,0,0,0,,31,False,False,AZ_2023_05.pdf,,,,,,https://gaming.az.gov/sites/default/files/EW%20Website%20Revenue%20Report-May%202023.pdf,https://gaming.az.gov/blog-terms/event-wagering-revenue-reports,AZ/screenshots/AZ_2023_05_AZ_2023_05_p1.png,"Desert Diamond Mobile $ - $ 10,189,482.44 $ - $ 10,366,813.73 $ - $ - $ - $ - $ - $ - $ - $ -",,2026-04-08T18:25:58.073719
AZ,2023-05-01,2023-05-31,monthly,Desert Diamond Mobile,Desert Diamond,Desert Diamond,Tohono O'odham Nation,online,,1018948244,0,-17733129,0,0,1036681373,0,-17733129,0.0,31,False,False,AZ_2023_05.pdf,,,,,,https://gaming.az.gov/sites/default/files/EW%20Website%20Revenue%20Report-May%202023.pdf,https://gaming.az.gov/blog-terms/event-wagering-revenue-reports,AZ/screenshots/AZ_2023_05_AZ_2023_05_p1.png,"Desert Diamond Mobile $ - $ 10,189,482.44 $ - $ 10,366,813.73 $ - $ - $ - $ - $ - $ - $ - $ -",,2026-04-08T18:25:58.073719
AZ,2023-05-01,2023-05-31,monthly,Digital Gaming USA (Betway),Betway,Betway,Digital Gaming USA,retail,,0,0,0,0,0,0,0,0,,31,False,False,AZ_2023_05.pdf,,,,,,https://gaming.az.gov/sites/default/files/EW%20Website%20Revenue%20Report-May%202023.pdf,https://gaming.az.gov/blog-terms/event-wagering-revenue-reports,AZ/screenshots/AZ_2023_05_AZ_2023_05_p1.png,"Digital Gaming USA (Betway) $ - $ 634,498.62 $ - $ 570,621.37 $ - $ 62,291.00 $ - $ 18,024.07 $ - $ 44,266.93 $ - $ 4,426.69",,2026-04-08T18:25:58.073719
AZ,2023-05-01,2023-05-31,monthly,Digital Gaming USA (Betway),Betway,Betway,Digital Gaming USA,online,,63449862,6229100,6387725,1802407,4426693,57062137,442669,158625,0.0981735783759466,31,False,False,AZ_2023_05.pdf,,,,,,https://gaming.az.gov/sites/default/files/EW%20Website%20Revenue%20Report-May%202023.pdf,https://gaming.az.gov/blog-terms/event-wagering-revenue-reports,AZ/screenshots/AZ_2023_05_AZ_2023_05_p1.png,"Digital Gaming USA (Betway) $ - $ 634,498.62 $ - $ 570,621.37 $ - $ 62,291.00 $ - $ 18,024.07 $ - $ 44,266.93 $ - $ 4,426.69",,2026-04-08T18:25:58.073719
AZ,2023-05-01,2023-05-31,monthly,Draft Kings/Crown Gaming,DraftKings,DraftKings,DraftKings Inc,retail,,0,0,0,0,0,0,0,0,,31,False,False,AZ_2023_05.pdf,,,,,,https://gaming.az.gov/sites/default/files/EW%20Website%20Revenue%20Report-May%202023.pdf,https://gaming.az.gov/blog-terms/event-wagering-revenue-reports,AZ/screenshots/AZ_2023_05_AZ_2023_05_p1.png,"Draft Kings/Crown Gaming $ - $ 130,479,464.26 $ - $ 115,263,941.00 $ - $ 14,901,264.02 $ - $ 4,792,761.08 $ - $ 10,108,502.94 $ - $ 1,010,850.29",,2026-04-08T18:25:58.073719
AZ,2023-05-01,2023-05-31,monthly,Draft Kings/Crown Gaming,DraftKings,DraftKings,DraftKings Inc,online,,13047946426,1490126402,1521552326,479276108,1010850294,11526394100,101085029,31425924,0.114203902541376,31,False,False,AZ_2023_05.pdf,,,,,,https://gaming.az.gov/sites/default/files/EW%20Website%20Revenue%20Report-May%202023.pdf,https://gaming.az.gov/blog-terms/event-wagering-revenue-reports,AZ/screenshots/AZ_2023_05_AZ_2023_05_p1.png,"Draft Kings/Crown Gaming $ - $ 130,479,464.26 $ - $ 115,263,941.00 $ - $ 14,901,264.02 $ - $ 4,792,761.08 $ - $ 10,108,502.94 $ - $ 1,010,850.29",,2026-04-08T18:25:58.073719
AZ,2023-05-01,2023-05-31,monthly,Fan Duel,FanDuel,FanDuel,Flutter Entertainment,retail,,242421850,37094996,37698575,1188300,35906696,204723275,2872536,603579,0.1530183686000251,31,False,False,AZ_2023_05.pdf,,,,,,https://gaming.az.gov/sites/default/files/EW%20Website%20Revenue%20Report-May%202023.pdf,https://gaming.az.gov/blog-terms/event-wagering-revenue-reports,AZ/screenshots/AZ_2023_05_AZ_2023_05_p1.png,"Fan Duel $ 2,424,218.50 $ 162,322,278.17 $ 2,047,232.75 $ 141,128,081.90 $ 370,949.96 $ 20,800,936.98 $ 11,883.00 $ 5,018,561.72 $ 359,066.96 $ 15,782,375.26 $ 28,725.36 $ 1,578,237.53",,2026-04-08T18:25:58.073719
AZ,2023-05-01,2023-05-31,monthly,Fan Duel,FanDuel,FanDuel,Flutter Entertainment,online,,16232227817,2080093698,2119419627,501856172,1578237526,14112808190,157823753,39325929,0.1281459157332377,31,False,False,AZ_2023_05.pdf,,,,,,https://gaming.az.gov/sites/default/files/EW%20Website%20Revenue%20Report-May%202023.pdf,https://gaming.az.gov/blog-terms/event-wagering-revenue-reports,AZ/screenshots/AZ_2023_05_AZ_2023_05_p1.png,"Fan Duel $ 2,424,218.50 $ 162,322,278.17 $ 2,047,232.75 $ 141,128,081.90 $ 370,949.96 $ 20,800,936.98 $ 11,883.00 $ 5,018,561.72 $ 359,066.96 $ 15,782,375.26 $ 28,725.36 $ 1,578,237.53",,2026-04-08T18:25:58.073719
AZ,2023-05-01,2023-05-31,monthly,Golden Nugget Online Gaming,DraftKings (Golden Nugget),DraftKings,DraftKings Inc,retail,,0,0,0,0,0,0,0,0,,31,False,False,AZ_2023_05.pdf,,,,,,https://gaming.az.gov/sites/default/files/EW%20Website%20Revenue%20Report-May%202023.pdf,https://gaming.az.gov/blog-terms/event-wagering-revenue-reports,AZ/screenshots/AZ_2023_05_AZ_2023_05_p1.png,"Golden Nugget Online Gaming $ - $ 158,678.73 $ - $ 154,322.74 $ - $ 3,959.29 $ - $ - $ - $ 3,959.29 $ - $ 395.93",,2026-04-08T18:25:58.073719
AZ,2023-05-01,2023-05-31,monthly,Golden Nugget Online Gaming,DraftKings (Golden Nugget),DraftKings,DraftKings Inc,online,,15867873,395929,435599,0,395929,15432274,39593,39670,0.024951611347028,31,False,False,AZ_2023_05.pdf,,,,,,https://gaming.az.gov/sites/default/files/EW%20Website%20Revenue%20Report-May%202023.pdf,https://gaming.az.gov/blog-terms/event-wagering-revenue-reports,AZ/screenshots/AZ_2023_05_AZ_2023_05_p1.png,"Golden Nugget Online Gaming $ - $ 158,678.73 $ - $ 154,322.74 $ - $ 3,959.29 $ - $ - $ - $ 3,959.29 $ - $ 395.93",,2026-04-08T18:25:58.073719
AZ,2023-05-01,2023-05-31,monthly,Penn Sports (Barstool Sports),ESPN Bet,ESPN Bet,PENN Entertainment,retail,,0,0,0,0,0,0,0,0,,31,False,False,AZ_2023_05.pdf,,,,,,https://gaming.az.gov/sites/default/files/EW%20Website%20Revenue%20Report-May%202023.pdf,https://gaming.az.gov/blog-terms/event-wagering-revenue-reports,AZ/screenshots/AZ_2023_05_AZ_2023_05_p1.png,"Penn Sports (Barstool Sports) $ - $ 12,055,643.38 $ - $ 11,496,125.30 $ - $ 529,378.97 $ - $ 241,145.03 $ - $ 288,233.94 $ - $ 28,823.39",,2026-04-08T18:25:58.073719
AZ,2023-05-01,2023-05-31,monthly,Penn Sports (Barstool Sports),ESPN Bet,ESPN Bet,PENN Entertainment,online,,1205564338,52937897,55951808,24114503,28823394,1149612530,2882339,3013911,0.0439112997385295,31,False,False,AZ_2023_05.pdf,,,,,,https://gaming.az.gov/sites/default/files/EW%20Website%20Revenue%20Report-May%202023.pdf,https://gaming.az.gov/blog-terms/event-wagering-revenue-reports,AZ/screenshots/AZ_2023_05_AZ_2023_05_p1.png,"Penn Sports (Barstool Sports) $ - $ 12,055,643.38 $ - $ 11,496,125.30 $ - $ 529,378.97 $ - $ 241,145.03 $ - $ 288,233.94 $ - $ 28,823.39",,2026-04-08T18:25:58.073719
AZ,2023-05-01,2023-05-31,monthly,RSI (Rush Street Interactive),BetRivers,BetRivers,Rush Street Interactive,retail,,0,0,0,0,0,0,0,0,,31,False,False,AZ_2023_05.pdf,,,,,,https://gaming.az.gov/sites/default/files/EW%20Website%20Revenue%20Report-May%202023.pdf,https://gaming.az.gov/blog-terms/event-wagering-revenue-reports,AZ/screenshots/AZ_2023_05_AZ_2023_05_p1.png,"RSI (Rush Street Interactive) $ - $ 4,328,094.81 $ - $ 3,939,019.28 $ - $ 378,255.29 $ - $ 238,328.34 $ - $ 139,926.95 $ - $ 13,992.70",,2026-04-08T18:25:58.073719
AZ,2023-05-01,2023-05-31,monthly,RSI (Rush Street Interactive),BetRivers,BetRivers,Rush Street Interactive,online,,432809481,37825529,38907553,23832834,13992695,393901928,1399270,1082024,0.0873953336525915,31,False,False,AZ_2023_05.pdf,,,,,,https://gaming.az.gov/sites/default/files/EW%20Website%20Revenue%20Report-May%202023.pdf,https://gaming.az.gov/blog-terms/event-wagering-revenue-reports,AZ/screenshots/AZ_2023_05_AZ_2023_05_p1.png,"RSI (Rush Street Interactive) $ - $ 4,328,094.81 $ - $ 3,939,019.28 $ - $ 378,255.29 $ - $ 238,328.34 $ - $ 139,926.95 $ - $ 13,992.70",,2026-04-08T18:25:58.073719
AZ,2023-05-01,2023-05-31,monthly,Sahara Bets,Sahara Bets,Sahara Bets,Sahara Bets,retail,,0,0,0,0,0,0,0,0,,31,False,False,AZ_2023_05.pdf,,,,,,https://gaming.az.gov/sites/default/files/EW%20Website%20Revenue%20Report-May%202023.pdf,https://gaming.az.gov/blog-terms/event-wagering-revenue-reports,AZ/screenshots/AZ_2023_05_AZ_2023_05_p1.png,"Sahara Bets $ - $ 308,066.22 $ - $ 224,958.27 $ - $ 82,337.78 $ - $ 5,117.42 $ - $ 77,220.36 $ - $ 7,722.04",,2026-04-08T18:25:58.073719
AZ,2023-05-01,2023-05-31,monthly,Sahara Bets,Sahara Bets,Sahara Bets,Sahara Bets,online,,30806622,8233778,8310795,511742,7722036,22495827,772204,77017,0.2672729908524213,31,False,False,AZ_2023_05.pdf,,,,,,https://gaming.az.gov/sites/default/files/EW%20Website%20Revenue%20Report-May%202023.pdf,https://gaming.az.gov/blog-terms/event-wagering-revenue-reports,AZ/screenshots/AZ_2023_05_AZ_2023_05_p1.png,"Sahara Bets $ - $ 308,066.22 $ - $ 224,958.27 $ - $ 82,337.78 $ - $ 5,117.42 $ - $ 77,220.36 $ - $ 7,722.04",,2026-04-08T18:25:58.073719
AZ,2023-05-01,2023-05-31,monthly,"SBOpco, LLC (SuperBook)",SuperBook,SuperBook,SuperBook Sports,retail,,0,0,0,0,0,0,0,0,,31,False,False,AZ_2023_05.pdf,,,,,,https://gaming.az.gov/sites/default/files/EW%20Website%20Revenue%20Report-May%202023.pdf,https://gaming.az.gov/blog-terms/event-wagering-revenue-reports,AZ/screenshots/AZ_2023_05_AZ_2023_05_p1.png,"SBOpco, LLC (SuperBook) $ - $ 1,348,190.77 $ - $ 1,247,680.97 $ - $ 97,086.66 $ - $ 16,033.07 $ - $ 81,053.59 $ - $ 8,105.36",,2026-04-08T18:25:58.073719
AZ,2023-05-01,2023-05-31,monthly,"SBOpco, LLC (SuperBook)",SuperBook,SuperBook,SuperBook Sports,online,,134819077,9708666,10050980,1603307,8105359,124768097,810536,342314,0.0720125535349867,31,False,False,AZ_2023_05.pdf,,,,,,https://gaming.az.gov/sites/default/files/EW%20Website%20Revenue%20Report-May%202023.pdf,https://gaming.az.gov/blog-terms/event-wagering-revenue-reports,AZ/screenshots/AZ_2023_05_AZ_2023_05_p1.png,"SBOpco, LLC (SuperBook) $ - $ 1,348,190.77 $ - $ 1,247,680.97 $ - $ 97,086.66 $ - $ 16,033.07 $ - $ 81,053.59 $ - $ 8,105.36",,2026-04-08T18:25:58.073719
AZ,2023-05-01,2023-05-31,monthly,Seminole Hard Rock Digital,Hard Rock Bet,Hard Rock Bet,Seminole Tribe / Hard Rock Digital,retail,,0,0,0,0,0,0,0,0,,31,False,False,AZ_2023_05.pdf,,,,,,https://gaming.az.gov/sites/default/files/EW%20Website%20Revenue%20Report-May%202023.pdf,https://gaming.az.gov/blog-terms/event-wagering-revenue-reports,AZ/screenshots/AZ_2023_05_AZ_2023_05_p1.png,"Seminole Hard Rock Digital $ - $ 5,678,419.85 $ - $ 5,583,237.74 $ - $ 80,986.06 $ - $ 59,387.10 $ - $ 21,598.96 $ - $ 2,159.90",,2026-04-08T18:25:58.073719
AZ,2023-05-01,2023-05-31,monthly,Seminole Hard Rock Digital,Hard Rock Bet,Hard Rock Bet,Seminole Tribe / Hard Rock Digital,online,,567841985,8098606,9518211,5938710,2159896,558323774,215990,1419605,0.014262076799411,31,False,False,AZ_2023_05.pdf,,,,,,https://gaming.az.gov/sites/default/files/EW%20Website%20Revenue%20Report-May%202023.pdf,https://gaming.az.gov/blog-terms/event-wagering-revenue-reports,AZ/screenshots/AZ_2023_05_AZ_2023_05_p1.png,"Seminole Hard Rock Digital $ - $ 5,678,419.85 $ - $ 5,583,237.74 $ - $ 80,986.06 $ - $ 59,387.10 $ - $ 21,598.96 $ - $ 2,159.90",,2026-04-08T18:25:58.073719
AZ,2023-05-01,2023-05-31,monthly,Unibet AZ (Kindred),Unibet,Unibet,Kindred Group,retail,,0,0,0,0,0,0,0,0,,31,False,False,AZ_2023_05.pdf,,,,,,https://gaming.az.gov/sites/default/files/EW%20Website%20Revenue%20Report-May%202023.pdf,https://gaming.az.gov/blog-terms/event-wagering-revenue-reports,AZ/screenshots/AZ_2023_05_AZ_2023_05_p1.png,"Unibet AZ (Kindred) $ - $ 421,174.95 $ - $ 403,423.04 $ - $ 16,698.97 $ - $ 4,400.63 $ - $ 12,298.34 $ - $ 1,229.83",,2026-04-08T18:25:58.073719
AZ,2023-05-01,2023-05-31,monthly,Unibet AZ (Kindred),Unibet,Unibet,Kindred Group,online,,42117495,1669897,1775191,440063,1229834,40342304,122983,105294,0.0396485356026041,31,False,False,AZ_2023_05.pdf,,,,,,https://gaming.az.gov/sites/default/files/EW%20Website%20Revenue%20Report-May%202023.pdf,https://gaming.az.gov/blog-terms/event-wagering-revenue-reports,AZ/screenshots/AZ_2023_05_AZ_2023_05_p1.png,"Unibet AZ (Kindred) $ - $ 421,174.95 $ - $ 403,423.04 $ - $ 16,698.97 $ - $ 4,400.63 $ - $ 12,298.34 $ - $ 1,229.83",,2026-04-08T18:25:58.073719
AZ,2023-05-01,2023-05-31,monthly,WSI US (WynnBet),WynnBET,ESPN Bet,PENN Entertainment,retail,,0,0,0,0,0,0,0,0,,31,False,False,AZ_2023_05.pdf,,,,,,https://gaming.az.gov/sites/default/files/EW%20Website%20Revenue%20Report-May%202023.pdf,https://gaming.az.gov/blog-terms/event-wagering-revenue-reports,AZ/screenshots/AZ_2023_05_AZ_2023_05_p1.png,"WSI US (WynnBet) $ - $ 3,959,860.67 $ - $ 3,775,546.48 $ - $ 174,414.54 $ - $ 43,530.00 $ - $ 130,884.54 $ - $ 13,088.45",,2026-04-08T18:25:58.073719
AZ,2023-05-01,2023-05-31,monthly,WSI US (WynnBet),WynnBET,ESPN Bet,PENN Entertainment,online,,395986067,17441454,18431419,4353000,13088454,377554648,1308845,989965,0.0440456254739892,31,False,False,AZ_2023_05.pdf,,,,,,https://gaming.az.gov/sites/default/files/EW%20Website%20Revenue%20Report-May%202023.pdf,https://gaming.az.gov/blog-terms/event-wagering-revenue-reports,AZ/screenshots/AZ_2023_05_AZ_2023_05_p1.png,"WSI US (WynnBet) $ - $ 3,959,860.67 $ - $ 3,775,546.48 $ - $ 174,414.54 $ - $ 43,530.00 $ - $ 130,884.54 $ - $ 13,088.45",,2026-04-08T18:25:58.073719
AZ,2023-06-01,2023-06-30,monthly,"Bally Interactive, LLC",Bally Bet,Bally Bet,Bally's Corporation,retail,,0,0,0,0,0,0,0,0,,30,False,False,AZ_2023_06.pdf,,,,,,https://gaming.az.gov/sites/default/files/EW%20Website%20Revenue%20Report%20-%20Jun%202023.pdf,https://gaming.az.gov/blog-terms/event-wagering-revenue-reports,AZ/screenshots/AZ_2023_06_AZ_2023_06_p1.png,"Bally Interactive, LLC $ - $ 220,033.61 $ - $ 231,124.75 $ - $ - $ - $ - $ - $ - $ - $ -",,2026-04-08T18:26:00.001238
AZ,2023-06-01,2023-06-30,monthly,"Bally Interactive, LLC",Bally Bet,Bally Bet,Bally's Corporation,online,,22003361,0,-1109114,0,0,23112475,0,-1109114,0.0,30,False,False,AZ_2023_06.pdf,,,,,,https://gaming.az.gov/sites/default/files/EW%20Website%20Revenue%20Report%20-%20Jun%202023.pdf,https://gaming.az.gov/blog-terms/event-wagering-revenue-reports,AZ/screenshots/AZ_2023_06_AZ_2023_06_p1.png,"Bally Interactive, LLC $ - $ 220,033.61 $ - $ 231,124.75 $ - $ - $ - $ - $ - $ - $ - $ -",,2026-04-08T18:26:00.001238
AZ,2023-06-01,2023-06-30,monthly,BetFred,Betfred,Betfred,Betfred Group,retail,,0,0,0,0,0,0,0,0,,30,False,False,AZ_2023_06.pdf,,,,,,https://gaming.az.gov/sites/default/files/EW%20Website%20Revenue%20Report%20-%20Jun%202023.pdf,https://gaming.az.gov/blog-terms/event-wagering-revenue-reports,AZ/screenshots/AZ_2023_06_AZ_2023_06_p1.png,"BetFred $ - $ 2 ,256,835.70 $ - $ 2,186,318.23 $ - $ 6 4,875.38 $ - $ 58,279.51 $ - $ 6,595.87 $ - $ 659.59",,2026-04-08T18:26:00.001238
AZ,2023-06-01,2023-06-30,monthly,BetFred,Betfred,Betfred,Betfred Group,online,,225683570,6487538,7051747,5827951,659587,218631823,65959,564209,0.028746168806174,30,False,False,AZ_2023_06.pdf,,,,,,https://gaming.az.gov/sites/default/files/EW%20Website%20Revenue%20Report%20-%20Jun%202023.pdf,https://gaming.az.gov/blog-terms/event-wagering-revenue-reports,AZ/screenshots/AZ_2023_06_AZ_2023_06_p1.png,"BetFred $ - $ 2 ,256,835.70 $ - $ 2,186,318.23 $ - $ 6 4,875.38 $ - $ 58,279.51 $ - $ 6,595.87 $ - $ 659.59",,2026-04-08T18:26:00.001238
AZ,2023-06-01,2023-06-30,monthly,BetMGM,BetMGM,BetMGM,Entain/MGM Resorts,retail,,50511320,3106002,3232280,0,3106002,47279040,248480,126278,0.0614912063276113,30,False,False,AZ_2023_06.pdf,,,,,,https://gaming.az.gov/sites/default/files/EW%20Website%20Revenue%20Report%20-%20Jun%202023.pdf,https://gaming.az.gov/blog-terms/event-wagering-revenue-reports,AZ/screenshots/AZ_2023_06_AZ_2023_06_p1.png,"BetMGM $ 505,113.20 $ 55,762,768.41 $ 472,790.40 $ 50,738,692.62 $ 3 1,060.02 $ 4,892,693.71 $ - $ 3,231,752.38 $ 3 1,060.02 $ 1,660,941.33 $ 2,484.80 $ 1 66,094.13",,2026-04-08T18:26:00.001238
AZ,2023-06-01,2023-06-30,monthly,BetMGM,BetMGM,BetMGM,Entain/MGM Resorts,online,,5576276841,489269371,502407579,323175238,166094133,5073869262,16609413,13138208,0.0877412267989655,30,False,False,AZ_2023_06.pdf,,,,,,https://gaming.az.gov/sites/default/files/EW%20Website%20Revenue%20Report%20-%20Jun%202023.pdf,https://gaming.az.gov/blog-terms/event-wagering-revenue-reports,AZ/screenshots/AZ_2023_06_AZ_2023_06_p1.png,"BetMGM $ 505,113.20 $ 55,762,768.41 $ 472,790.40 $ 50,738,692.62 $ 3 1,060.02 $ 4,892,693.71 $ - $ 3,231,752.38 $ 3 1,060.02 $ 1,660,941.33 $ 2,484.80 $ 1 66,094.13",,2026-04-08T18:26:00.001238
AZ,2023-06-01,2023-06-30,monthly,Caesars (American Wagering),Caesars,Caesars,Caesars Entertainment,retail,,41917455,0,-8065210,0,0,49982665,0,-8065210,0.0,30,False,False,AZ_2023_06.pdf,,,,,,https://gaming.az.gov/sites/default/files/EW%20Website%20Revenue%20Report%20-%20Jun%202023.pdf,https://gaming.az.gov/blog-terms/event-wagering-revenue-reports,AZ/screenshots/AZ_2023_06_AZ_2023_06_p1.png,"Caesars (American Wagering) $ 419,174.55 $ 39,876,480.06 $ 499,826.65 $ 38,332,065.79 $ - $ 1,444,691.60 $ - $ 652,966.67 $ - $ 791,724.93 $ - $ 79,172.49",,2026-04-08T18:26:00.001238
AZ,2023-06-01,2023-06-30,monthly,Caesars (American Wagering),Caesars,Caesars,Caesars Entertainment,online,,3987648006,144469160,154441427,65296667,79172493,3833206579,7917249,9972267,0.036229165609057,30,False,False,AZ_2023_06.pdf,,,,,,https://gaming.az.gov/sites/default/files/EW%20Website%20Revenue%20Report%20-%20Jun%202023.pdf,https://gaming.az.gov/blog-terms/event-wagering-revenue-reports,AZ/screenshots/AZ_2023_06_AZ_2023_06_p1.png,"Caesars (American Wagering) $ 419,174.55 $ 39,876,480.06 $ 499,826.65 $ 38,332,065.79 $ - $ 1,444,691.60 $ - $ 652,966.67 $ - $ 791,724.93 $ - $ 79,172.49",,2026-04-08T18:26:00.001238
AZ,2023-06-01,2023-06-30,monthly,Churchill Downs/TwinSpires,TwinSpires,TwinSpires,Churchill Downs Inc,retail,,0,0,0,0,0,0,0,0,,30,False,False,AZ_2023_06.pdf,,,,,,https://gaming.az.gov/sites/default/files/EW%20Website%20Revenue%20Report%20-%20Jun%202023.pdf,https://gaming.az.gov/blog-terms/event-wagering-revenue-reports,AZ/screenshots/AZ_2023_06_AZ_2023_06_p1.png,"Churchill Downs/TwinSpires $ - $ 96,369.10 $ - $ 8 2,176.38 $ - $ 1 3,950.72 $ - $ 100.00 $ - $ 1 3,850.72 $ - $ 1,385.07",,2026-04-08T18:26:00.001238
AZ,2023-06-01,2023-06-30,monthly,Churchill Downs/TwinSpires,TwinSpires,TwinSpires,Churchill Downs Inc,online,,9636910,1395072,1419272,10000,1385072,8217638,138507,24200,0.1447634148290271,30,False,False,AZ_2023_06.pdf,,,,,,https://gaming.az.gov/sites/default/files/EW%20Website%20Revenue%20Report%20-%20Jun%202023.pdf,https://gaming.az.gov/blog-terms/event-wagering-revenue-reports,AZ/screenshots/AZ_2023_06_AZ_2023_06_p1.png,"Churchill Downs/TwinSpires $ - $ 96,369.10 $ - $ 8 2,176.38 $ - $ 1 3,950.72 $ - $ 100.00 $ - $ 1 3,850.72 $ - $ 1,385.07",,2026-04-08T18:26:00.001238
AZ,2023-06-01,2023-06-30,monthly,Desert Diamond Mobile,Desert Diamond,Desert Diamond,Tohono O'odham Nation,retail,,0,0,0,0,0,0,0,0,,30,False,False,AZ_2023_06.pdf,,,,,,https://gaming.az.gov/sites/default/files/EW%20Website%20Revenue%20Report%20-%20Jun%202023.pdf,https://gaming.az.gov/blog-terms/event-wagering-revenue-reports,AZ/screenshots/AZ_2023_06_AZ_2023_06_p1.png,"Desert Diamond Mobile $ - $ 9 ,939,629.37 $ - $ 8,888,216.42 $ - $ 1,027,632.77 $ - $ 427,557.06 $ - $ 600,075.71 $ - $ 60,007.57",,2026-04-08T18:26:00.001238
AZ,2023-06-01,2023-06-30,monthly,Desert Diamond Mobile,Desert Diamond,Desert Diamond,Tohono O'odham Nation,online,,993962937,102763277,105141295,42755706,60007571,888821642,6000757,2378018,0.1033874334491407,30,False,False,AZ_2023_06.pdf,,,,,,https://gaming.az.gov/sites/default/files/EW%20Website%20Revenue%20Report%20-%20Jun%202023.pdf,https://gaming.az.gov/blog-terms/event-wagering-revenue-reports,AZ/screenshots/AZ_2023_06_AZ_2023_06_p1.png,"Desert Diamond Mobile $ - $ 9 ,939,629.37 $ - $ 8,888,216.42 $ - $ 1,027,632.77 $ - $ 427,557.06 $ - $ 600,075.71 $ - $ 60,007.57",,2026-04-08T18:26:00.001238
AZ,2023-06-01,2023-06-30,monthly,Digital Gaming USA (Betway),Betway,Betway,Digital Gaming USA,retail,,0,0,0,0,0,0,0,0,,30,False,False,AZ_2023_06.pdf,,,,,,https://gaming.az.gov/sites/default/files/EW%20Website%20Revenue%20Report%20-%20Jun%202023.pdf,https://gaming.az.gov/blog-terms/event-wagering-revenue-reports,AZ/screenshots/AZ_2023_06_AZ_2023_06_p1.png,"Digital Gaming USA (Betway) $ - $ 643,075.95 $ - $ 613,430.58 $ - $ 2 8,037.68 $ - $ 15,790.00 $ - $ 1 2,247.68 $ - $ 1,224.77",,2026-04-08T18:26:00.001238
AZ,2023-06-01,2023-06-30,monthly,Digital Gaming USA (Betway),Betway,Betway,Digital Gaming USA,online,,64307595,2803768,2964537,1579000,1224768,61343058,122477,160769,0.0435993291305638,30,False,False,AZ_2023_06.pdf,,,,,,https://gaming.az.gov/sites/default/files/EW%20Website%20Revenue%20Report%20-%20Jun%202023.pdf,https://gaming.az.gov/blog-terms/event-wagering-revenue-reports,AZ/screenshots/AZ_2023_06_AZ_2023_06_p1.png,"Digital Gaming USA (Betway) $ - $ 643,075.95 $ - $ 613,430.58 $ - $ 2 8,037.68 $ - $ 15,790.00 $ - $ 1 2,247.68 $ - $ 1,224.77",,2026-04-08T18:26:00.001238
AZ,2023-06-01,2023-06-30,monthly,Draft Kings/Crown Gaming,DraftKings,DraftKings,DraftKings Inc,retail,,0,0,0,0,0,0,0,0,,30,False,False,AZ_2023_06.pdf,,,,,,https://gaming.az.gov/sites/default/files/EW%20Website%20Revenue%20Report%20-%20Jun%202023.pdf,https://gaming.az.gov/blog-terms/event-wagering-revenue-reports,AZ/screenshots/AZ_2023_06_AZ_2023_06_p1.png,"Draft Kings/Crown Gaming $ - $ 111,345,903.68 $ - $ 103,926,262.66 $ - $ 7,147,176.95 $ - $ 2,378,204.82 $ - $ 4,768,972.13 $ - $ 4 76,897.21",,2026-04-08T18:26:00.001238
AZ,2023-06-01,2023-06-30,monthly,Draft Kings/Crown Gaming,DraftKings,DraftKings,DraftKings Inc,online,,11134590368,714717695,741964102,237820482,476897213,10392626266,47689721,27246407,0.06418895274801,30,False,False,AZ_2023_06.pdf,,,,,,https://gaming.az.gov/sites/default/files/EW%20Website%20Revenue%20Report%20-%20Jun%202023.pdf,https://gaming.az.gov/blog-terms/event-wagering-revenue-reports,AZ/screenshots/AZ_2023_06_AZ_2023_06_p1.png,"Draft Kings/Crown Gaming $ - $ 111,345,903.68 $ - $ 103,926,262.66 $ - $ 7,147,176.95 $ - $ 2,378,204.82 $ - $ 4,768,972.13 $ - $ 4 76,897.21",,2026-04-08T18:26:00.001238
AZ,2023-06-01,2023-06-30,monthly,Fan Duel,FanDuel,FanDuel,Flutter Entertainment,retail,,139765425,0,-19706750,0,0,159472175,0,-19706750,0.0,30,False,False,AZ_2023_06.pdf,,,,,,https://gaming.az.gov/sites/default/files/EW%20Website%20Revenue%20Report%20-%20Jun%202023.pdf,https://gaming.az.gov/blog-terms/event-wagering-revenue-reports,AZ/screenshots/AZ_2023_06_AZ_2023_06_p1.png,"Fan Duel $ 1,397,654.25 $ 146,278,210.47 $ 1,594,721.75 $ 133,901,041.13 $ - $ 12,021,996.95 $ - $ 4,209,248.38 $ - $ 7,812,748.57 $ - $ 7 81,274.86",,2026-04-08T18:26:00.001238
AZ,2023-06-01,2023-06-30,monthly,Fan Duel,FanDuel,FanDuel,Flutter Entertainment,online,,14627821047,1202199695,1237716934,420924838,781274857,13390104113,78127486,35517239,0.0821858355483886,30,False,False,AZ_2023_06.pdf,,,,,,https://gaming.az.gov/sites/default/files/EW%20Website%20Revenue%20Report%20-%20Jun%202023.pdf,https://gaming.az.gov/blog-terms/event-wagering-revenue-reports,AZ/screenshots/AZ_2023_06_AZ_2023_06_p1.png,"Fan Duel $ 1,397,654.25 $ 146,278,210.47 $ 1,594,721.75 $ 133,901,041.13 $ - $ 12,021,996.95 $ - $ 4,209,248.38 $ - $ 7,812,748.57 $ - $ 7 81,274.86",,2026-04-08T18:26:00.001238
AZ,2023-06-01,2023-06-30,monthly,Golden Nugget Online Gaming,DraftKings (Golden Nugget),DraftKings,DraftKings Inc,retail,,0,0,0,0,0,0,0,0,,30,False,False,AZ_2023_06.pdf,,,,,,https://gaming.az.gov/sites/default/files/EW%20Website%20Revenue%20Report%20-%20Jun%202023.pdf,https://gaming.az.gov/blog-terms/event-wagering-revenue-reports,AZ/screenshots/AZ_2023_06_AZ_2023_06_p1.png,"Golden Nugget Online Gaming $ - $ 136,602.02 $ - $ 140,212.65 $ - $ - $ - $ - $ - $ - $ - $ -",,2026-04-08T18:26:00.001238
AZ,2023-06-01,2023-06-30,monthly,Golden Nugget Online Gaming,DraftKings (Golden Nugget),DraftKings,DraftKings Inc,online,,13660202,0,-361063,0,0,14021265,0,-361063,0.0,30,False,False,AZ_2023_06.pdf,,,,,,https://gaming.az.gov/sites/default/files/EW%20Website%20Revenue%20Report%20-%20Jun%202023.pdf,https://gaming.az.gov/blog-terms/event-wagering-revenue-reports,AZ/screenshots/AZ_2023_06_AZ_2023_06_p1.png,"Golden Nugget Online Gaming $ - $ 136,602.02 $ - $ 140,212.65 $ - $ - $ - $ - $ - $ - $ - $ -",,2026-04-08T18:26:00.001238
AZ,2023-06-01,2023-06-30,monthly,Penn Sports (Barstool Sports),ESPN Bet,ESPN Bet,PENN Entertainment,retail,,0,0,0,0,0,0,0,0,,30,False,False,AZ_2023_06.pdf,,,,,,https://gaming.az.gov/sites/default/files/EW%20Website%20Revenue%20Report%20-%20Jun%202023.pdf,https://gaming.az.gov/blog-terms/event-wagering-revenue-reports,AZ/screenshots/AZ_2023_06_AZ_2023_06_p1.png,"Penn Sports (Barstool Sports) $ - $ 11,254,117.05 $ - $ 10,628,688.54 $ - $ 597,293.22 $ - $ 189,684.55 $ - $ 407,608.67 $ - $ 40,760.87",,2026-04-08T18:26:00.001238
AZ,2023-06-01,2023-06-30,monthly,Penn Sports (Barstool Sports),ESPN Bet,ESPN Bet,PENN Entertainment,online,,1125411705,59729322,62542851,18968455,40760867,1062868854,4076087,2813529,0.053073307958886,30,False,False,AZ_2023_06.pdf,,,,,,https://gaming.az.gov/sites/default/files/EW%20Website%20Revenue%20Report%20-%20Jun%202023.pdf,https://gaming.az.gov/blog-terms/event-wagering-revenue-reports,AZ/screenshots/AZ_2023_06_AZ_2023_06_p1.png,"Penn Sports (Barstool Sports) $ - $ 11,254,117.05 $ - $ 10,628,688.54 $ - $ 597,293.22 $ - $ 189,684.55 $ - $ 407,608.67 $ - $ 40,760.87",,2026-04-08T18:26:00.001238
AZ,2023-06-01,2023-06-30,monthly,RSI (Rush Street Interactive),BetRivers,BetRivers,Rush Street Interactive,retail,,0,0,0,0,0,0,0,0,,30,False,False,AZ_2023_06.pdf,,,,,,https://gaming.az.gov/sites/default/files/EW%20Website%20Revenue%20Report%20-%20Jun%202023.pdf,https://gaming.az.gov/blog-terms/event-wagering-revenue-reports,AZ/screenshots/AZ_2023_06_AZ_2023_06_p1.png,"RSI (Rush Street Interactive) $ - $ 3 ,372,326.12 $ - $ 3,119,468.68 $ - $ 244,426.62 $ - $ 158,401.89 $ - $ 8 6,024.73 $ - $ 8,602.47",,2026-04-08T18:26:00.001238
AZ,2023-06-01,2023-06-30,monthly,RSI (Rush Street Interactive),BetRivers,BetRivers,Rush Street Interactive,online,,337232612,24442662,25285744,15840189,8602473,311946868,860247,843082,0.0724801253800448,30,False,False,AZ_2023_06.pdf,,,,,,https://gaming.az.gov/sites/default/files/EW%20Website%20Revenue%20Report%20-%20Jun%202023.pdf,https://gaming.az.gov/blog-terms/event-wagering-revenue-reports,AZ/screenshots/AZ_2023_06_AZ_2023_06_p1.png,"RSI (Rush Street Interactive) $ - $ 3 ,372,326.12 $ - $ 3,119,468.68 $ - $ 244,426.62 $ - $ 158,401.89 $ - $ 8 6,024.73 $ - $ 8,602.47",,2026-04-08T18:26:00.001238
AZ,2023-06-01,2023-06-30,monthly,Sahara Bets,Sahara Bets,Sahara Bets,Sahara Bets,retail,,0,0,0,0,0,0,0,0,,30,False,False,AZ_2023_06.pdf,,,,,,https://gaming.az.gov/sites/default/files/EW%20Website%20Revenue%20Report%20-%20Jun%202023.pdf,https://gaming.az.gov/blog-terms/event-wagering-revenue-reports,AZ/screenshots/AZ_2023_06_AZ_2023_06_p1.png,"Sahara Bets $ - $ 212,773.83 $ - $ 225,008.82 $ - $ - $ - $ - $ - $ - $ - $ -",,2026-04-08T18:26:00.001238
AZ,2023-06-01,2023-06-30,monthly,Sahara Bets,Sahara Bets,Sahara Bets,Sahara Bets,online,,21277383,0,-1223499,0,0,22500882,0,-1223499,0.0,30,False,False,AZ_2023_06.pdf,,,,,,https://gaming.az.gov/sites/default/files/EW%20Website%20Revenue%20Report%20-%20Jun%202023.pdf,https://gaming.az.gov/blog-terms/event-wagering-revenue-reports,AZ/screenshots/AZ_2023_06_AZ_2023_06_p1.png,"Sahara Bets $ - $ 212,773.83 $ - $ 225,008.82 $ - $ - $ - $ - $ - $ - $ - $ -",,2026-04-08T18:26:00.001238
AZ,2023-06-01,2023-06-30,monthly,"SBOpco, LLC (SuperBook)",SuperBook,SuperBook,SuperBook Sports,retail,,0,0,0,0,0,0,0,0,,30,False,False,AZ_2023_06.pdf,,,,,,https://gaming.az.gov/sites/default/files/EW%20Website%20Revenue%20Report%20-%20Jun%202023.pdf,https://gaming.az.gov/blog-terms/event-wagering-revenue-reports,AZ/screenshots/AZ_2023_06_AZ_2023_06_p1.png,"SBOpco, LLC (SuperBook) $ - $ 829,720.03 $ - $ 829,125.80 $ - $ - $ - $ - $ - $ - $ - $ -",,2026-04-08T18:26:00.001238
AZ,2023-06-01,2023-06-30,monthly,"SBOpco, LLC (SuperBook)",SuperBook,SuperBook,SuperBook Sports,online,,82972003,0,59423,0,0,82912580,0,59423,0.0,30,False,False,AZ_2023_06.pdf,,,,,,https://gaming.az.gov/sites/default/files/EW%20Website%20Revenue%20Report%20-%20Jun%202023.pdf,https://gaming.az.gov/blog-terms/event-wagering-revenue-reports,AZ/screenshots/AZ_2023_06_AZ_2023_06_p1.png,"SBOpco, LLC (SuperBook) $ - $ 829,720.03 $ - $ 829,125.80 $ - $ - $ - $ - $ - $ - $ - $ -",,2026-04-08T18:26:00.001238
AZ,2023-06-01,2023-06-30,monthly,Seminole Hard Rock Digital,Hard Rock Bet,Hard Rock Bet,Seminole Tribe / Hard Rock Digital,retail,,0,0,0,0,0,0,0,0,,30,False,False,AZ_2023_06.pdf,,,,,,https://gaming.az.gov/sites/default/files/EW%20Website%20Revenue%20Report%20-%20Jun%202023.pdf,https://gaming.az.gov/blog-terms/event-wagering-revenue-reports,AZ/screenshots/AZ_2023_06_AZ_2023_06_p1.png,"Seminole Hard Rock Digital $ - $ 4 ,167,383.82 $ - $ 4,048,083.24 $ - $ 108,882.12 $ - $ 28,135.68 $ - $ 8 0,746.44 $ - $ 8,074.64",,2026-04-08T18:26:00.001238
AZ,2023-06-01,2023-06-30,monthly,Seminole Hard Rock Digital,Hard Rock Bet,Hard Rock Bet,Seminole Tribe / Hard Rock Digital,online,,416738382,10888212,11930058,2813568,8074644,404808324,807464,1041846,0.0261272118679003,30,False,False,AZ_2023_06.pdf,,,,,,https://gaming.az.gov/sites/default/files/EW%20Website%20Revenue%20Report%20-%20Jun%202023.pdf,https://gaming.az.gov/blog-terms/event-wagering-revenue-reports,AZ/screenshots/AZ_2023_06_AZ_2023_06_p1.png,"Seminole Hard Rock Digital $ - $ 4 ,167,383.82 $ - $ 4,048,083.24 $ - $ 108,882.12 $ - $ 28,135.68 $ - $ 8 0,746.44 $ - $ 8,074.64",,2026-04-08T18:26:00.001238
AZ,2023-06-01,2023-06-30,monthly,Unibet AZ (Kindred),Unibet,Unibet,Kindred Group,retail,,0,0,0,0,0,0,0,0,,30,False,False,AZ_2023_06.pdf,,,,,,https://gaming.az.gov/sites/default/files/EW%20Website%20Revenue%20Report%20-%20Jun%202023.pdf,https://gaming.az.gov/blog-terms/event-wagering-revenue-reports,AZ/screenshots/AZ_2023_06_AZ_2023_06_p1.png,"Unibet AZ (Kindred) $ - $ 259,069.86 $ - $ 243,595.61 $ - $ 1 4,826.58 $ - $ 1,966.07 $ - $ 1 2,860.51 $ - $ 1,286.05",,2026-04-08T18:26:00.001238
AZ,2023-06-01,2023-06-30,monthly,Unibet AZ (Kindred),Unibet,Unibet,Kindred Group,online,,25906986,1482658,1547425,196607,1286051,24359561,128605,64767,0.0572300459806478,30,False,False,AZ_2023_06.pdf,,,,,,https://gaming.az.gov/sites/default/files/EW%20Website%20Revenue%20Report%20-%20Jun%202023.pdf,https://gaming.az.gov/blog-terms/event-wagering-revenue-reports,AZ/screenshots/AZ_2023_06_AZ_2023_06_p1.png,"Unibet AZ (Kindred) $ - $ 259,069.86 $ - $ 243,595.61 $ - $ 1 4,826.58 $ - $ 1,966.07 $ - $ 1 2,860.51 $ - $ 1,286.05",,2026-04-08T18:26:00.001238
AZ,2023-06-01,2023-06-30,monthly,WSI US (WynnBet),WynnBET,ESPN Bet,PENN Entertainment,retail,,0,0,0,0,0,0,0,0,,30,False,False,AZ_2023_06.pdf,,,,,,https://gaming.az.gov/sites/default/files/EW%20Website%20Revenue%20Report%20-%20Jun%202023.pdf,https://gaming.az.gov/blog-terms/event-wagering-revenue-reports,AZ/screenshots/AZ_2023_06_AZ_2023_06_p1.png,"WSI US (WynnBet) $ - $ 3 ,645,350.20 $ - $ 3,631,413.91 $ - $ 4,822.91 $ - $ 4,822.91 $ - $ - $ - $ -",,2026-04-08T18:26:00.001238
AZ,2023-06-01,2023-06-30,monthly,WSI US (WynnBet),WynnBET,ESPN Bet,PENN Entertainment,online,,364535020,482291,1393629,482291,0,363141391,0,911338,0.0013230306377697,30,False,False,AZ_2023_06.pdf,,,,,,https://gaming.az.gov/sites/default/files/EW%20Website%20Revenue%20Report%20-%20Jun%202023.pdf,https://gaming.az.gov/blog-terms/event-wagering-revenue-reports,AZ/screenshots/AZ_2023_06_AZ_2023_06_p1.png,"WSI US (WynnBet) $ - $ 3 ,645,350.20 $ - $ 3,631,413.91 $ - $ 4,822.91 $ - $ 4,822.91 $ - $ - $ - $ -",,2026-04-08T18:26:00.001238
AZ,2023-07-01,2023-07-31,monthly,"Bally Interactive, LLC",Bally Bet,Bally Bet,Bally's Corporation,retail,,0,0,0,0,0,0,0,0,,31,False,False,AZ_2023_07.pdf,,,,,,https://gaming.az.gov/sites/default/files/EW%20Website%20Revenue%20Report-July%202023.pdf,https://gaming.az.gov/blog-terms/event-wagering-revenue-reports,AZ/screenshots/AZ_2023_07_AZ_2023_07_p1.png,"Bally Interactive, LLC $ - $ - $ - $ - $ - $ - $ - $ - $ - $ - $ - $ -",,2026-04-08T18:26:02.153680
AZ,2023-07-01,2023-07-31,monthly,"Bally Interactive, LLC",Bally Bet,Bally Bet,Bally's Corporation,online,,0,0,0,0,0,0,0,0,,31,False,False,AZ_2023_07.pdf,,,,,,https://gaming.az.gov/sites/default/files/EW%20Website%20Revenue%20Report-July%202023.pdf,https://gaming.az.gov/blog-terms/event-wagering-revenue-reports,AZ/screenshots/AZ_2023_07_AZ_2023_07_p1.png,"Bally Interactive, LLC $ - $ - $ - $ - $ - $ - $ - $ - $ - $ - $ - $ -",,2026-04-08T18:26:02.153680
AZ,2023-07-01,2023-07-31,monthly,BetFred,Betfred,Betfred,Betfred Group,retail,,0,0,0,0,0,0,0,0,,31,False,False,AZ_2023_07.pdf,,,,,,https://gaming.az.gov/sites/default/files/EW%20Website%20Revenue%20Report-July%202023.pdf,https://gaming.az.gov/blog-terms/event-wagering-revenue-reports,AZ/screenshots/AZ_2023_07_AZ_2023_07_p1.png,"BetFred $ - $ 2 ,148,391.22 $ - $ 2,010,193.63 $ - $ 132,826.61 $ - $ 100,352.80 $ - $ 3 2,473.81 $ - $ 3,247.38",,2026-04-08T18:26:02.153680
AZ,2023-07-01,2023-07-31,monthly,BetFred,Betfred,Betfred,Betfred Group,online,,214839122,13282661,13819759,10035280,3247381,201019363,324738,537098,0.0618260811920465,31,False,False,AZ_2023_07.pdf,,,,,,https://gaming.az.gov/sites/default/files/EW%20Website%20Revenue%20Report-July%202023.pdf,https://gaming.az.gov/blog-terms/event-wagering-revenue-reports,AZ/screenshots/AZ_2023_07_AZ_2023_07_p1.png,"BetFred $ - $ 2 ,148,391.22 $ - $ 2,010,193.63 $ - $ 132,826.61 $ - $ 100,352.80 $ - $ 3 2,473.81 $ - $ 3,247.38",,2026-04-08T18:26:02.153680
AZ,2023-07-01,2023-07-31,monthly,BetMGM,BetMGM,BetMGM,Entain/MGM Resorts,retail,,32469140,3961947,4043120,0,3961947,28426020,316956,81173,0.1220219260503974,31,False,False,AZ_2023_07.pdf,,,,,,https://gaming.az.gov/sites/default/files/EW%20Website%20Revenue%20Report-July%202023.pdf,https://gaming.az.gov/blog-terms/event-wagering-revenue-reports,AZ/screenshots/AZ_2023_07_AZ_2023_07_p1.png,"BetMGM $ 324,691.40 $ 43,287,645.00 $ 284,260.20 $ 37,275,615.53 $ 3 9,619.47 $ 5,908,135.74 $ - $ 1,714,592.44 $ 3 9,619.47 $ 4,193,543.30 $ 3,169.56 $ 4 19,354.33",,2026-04-08T18:26:02.153680
AZ,2023-07-01,2023-07-31,monthly,BetMGM,BetMGM,BetMGM,Entain/MGM Resorts,online,,4328764500,590813574,601202947,171459244,419354330,3727561553,41935433,10389373,0.1364854969587742,31,False,False,AZ_2023_07.pdf,,,,,,https://gaming.az.gov/sites/default/files/EW%20Website%20Revenue%20Report-July%202023.pdf,https://gaming.az.gov/blog-terms/event-wagering-revenue-reports,AZ/screenshots/AZ_2023_07_AZ_2023_07_p1.png,"BetMGM $ 324,691.40 $ 43,287,645.00 $ 284,260.20 $ 37,275,615.53 $ 3 9,619.47 $ 5,908,135.74 $ - $ 1,714,592.44 $ 3 9,619.47 $ 4,193,543.30 $ 3,169.56 $ 4 19,354.33",,2026-04-08T18:26:02.153680
AZ,2023-07-01,2023-07-31,monthly,Caesars (American Wagering),Caesars,Caesars,Caesars Entertainment,retail,,24387330,1051130,1109910,0,1051130,23277420,84090,58780,0.043101479333736,31,False,False,AZ_2023_07.pdf,,,,,,https://gaming.az.gov/sites/default/files/EW%20Website%20Revenue%20Report-July%202023.pdf,https://gaming.az.gov/blog-terms/event-wagering-revenue-reports,AZ/screenshots/AZ_2023_07_AZ_2023_07_p1.png,"Caesars (American Wagering) $ 243,873.30 $ 32,605,846.44 $ 232,774.20 $ 30,058,615.60 $ 1 0,511.30 $ 2,466,456.11 $ - $ 523,235.20 $ 1 0,511.30 $ 1,943,220.91 $ 840.90 $ 1 94,322.09",,2026-04-08T18:26:02.153680
AZ,2023-07-01,2023-07-31,monthly,Caesars (American Wagering),Caesars,Caesars,Caesars Entertainment,online,,3260584644,246645611,254723084,52323520,194322091,3005861560,19432209,8077473,0.0756445968835275,31,False,False,AZ_2023_07.pdf,,,,,,https://gaming.az.gov/sites/default/files/EW%20Website%20Revenue%20Report-July%202023.pdf,https://gaming.az.gov/blog-terms/event-wagering-revenue-reports,AZ/screenshots/AZ_2023_07_AZ_2023_07_p1.png,"Caesars (American Wagering) $ 243,873.30 $ 32,605,846.44 $ 232,774.20 $ 30,058,615.60 $ 1 0,511.30 $ 2,466,456.11 $ - $ 523,235.20 $ 1 0,511.30 $ 1,943,220.91 $ 840.90 $ 1 94,322.09",,2026-04-08T18:26:02.153680
AZ,2023-07-01,2023-07-31,monthly,Churchill Downs/TwinSpires,TwinSpires,TwinSpires,Churchill Downs Inc,retail,,0,0,0,0,0,0,0,0,,31,False,False,AZ_2023_07.pdf,,,,,,https://gaming.az.gov/sites/default/files/EW%20Website%20Revenue%20Report-July%202023.pdf,https://gaming.az.gov/blog-terms/event-wagering-revenue-reports,AZ/screenshots/AZ_2023_07_AZ_2023_07_p1.png,"Churchill Downs/TwinSpires $ - $ 241,205.25 $ - $ 221,379.15 $ - $ 1 9,222.10 $ - $ - $ - $ 1 9,222.10 $ - $ 1,922.21",,2026-04-08T18:26:02.153680
AZ,2023-07-01,2023-07-31,monthly,Churchill Downs/TwinSpires,TwinSpires,TwinSpires,Churchill Downs Inc,online,,24120525,1922210,1982610,0,1922210,22137915,192221,60400,0.0796918806700932,31,False,False,AZ_2023_07.pdf,,,,,,https://gaming.az.gov/sites/default/files/EW%20Website%20Revenue%20Report-July%202023.pdf,https://gaming.az.gov/blog-terms/event-wagering-revenue-reports,AZ/screenshots/AZ_2023_07_AZ_2023_07_p1.png,"Churchill Downs/TwinSpires $ - $ 241,205.25 $ - $ 221,379.15 $ - $ 1 9,222.10 $ - $ - $ - $ 1 9,222.10 $ - $ 1,922.21",,2026-04-08T18:26:02.153680
AZ,2023-07-01,2023-07-31,monthly,Desert Diamond Mobile,Desert Diamond,Desert Diamond,Tohono O'odham Nation,retail,,0,0,0,0,0,0,0,0,,31,False,False,AZ_2023_07.pdf,,,,,,https://gaming.az.gov/sites/default/files/EW%20Website%20Revenue%20Report-July%202023.pdf,https://gaming.az.gov/blog-terms/event-wagering-revenue-reports,AZ/screenshots/AZ_2023_07_AZ_2023_07_p1.png,"Desert Diamond Mobile $ - $ 7 ,036,129.93 $ - $ 6,433,417.86 $ - $ 586,062.28 $ - $ 376,215.90 $ - $ 209,846.38 $ - $ 20,984.64",,2026-04-08T18:26:02.153680
AZ,2023-07-01,2023-07-31,monthly,Desert Diamond Mobile,Desert Diamond,Desert Diamond,Tohono O'odham Nation,online,,703612993,58606228,60271207,37621590,20984638,643341786,2098464,1664979,0.0832932714191649,31,False,False,AZ_2023_07.pdf,,,,,,https://gaming.az.gov/sites/default/files/EW%20Website%20Revenue%20Report-July%202023.pdf,https://gaming.az.gov/blog-terms/event-wagering-revenue-reports,AZ/screenshots/AZ_2023_07_AZ_2023_07_p1.png,"Desert Diamond Mobile $ - $ 7 ,036,129.93 $ - $ 6,433,417.86 $ - $ 586,062.28 $ - $ 376,215.90 $ - $ 209,846.38 $ - $ 20,984.64",,2026-04-08T18:26:02.153680
AZ,2023-07-01,2023-07-31,monthly,Digital Gaming USA (Betway),Betway,Betway,Digital Gaming USA,retail,,0,0,0,0,0,0,0,0,,31,False,False,AZ_2023_07.pdf,,,,,,https://gaming.az.gov/sites/default/files/EW%20Website%20Revenue%20Report-July%202023.pdf,https://gaming.az.gov/blog-terms/event-wagering-revenue-reports,AZ/screenshots/AZ_2023_07_AZ_2023_07_p1.png,"Digital Gaming USA (Betway) $ - $ 768,168.03 $ - $ 671,851.16 $ - $ 9 4,396.45 $ - $ 12,791.17 $ - $ 8 1,605.28 $ - $ 8,160.53",,2026-04-08T18:26:02.153680
AZ,2023-07-01,2023-07-31,monthly,Digital Gaming USA (Betway),Betway,Betway,Digital Gaming USA,online,,76816803,9439645,9631687,1279117,8160528,67185116,816053,192042,0.1228851583422444,31,False,False,AZ_2023_07.pdf,,,,,,https://gaming.az.gov/sites/default/files/EW%20Website%20Revenue%20Report-July%202023.pdf,https://gaming.az.gov/blog-terms/event-wagering-revenue-reports,AZ/screenshots/AZ_2023_07_AZ_2023_07_p1.png,"Digital Gaming USA (Betway) $ - $ 768,168.03 $ - $ 671,851.16 $ - $ 9 4,396.45 $ - $ 12,791.17 $ - $ 8 1,605.28 $ - $ 8,160.53",,2026-04-08T18:26:02.153680
AZ,2023-07-01,2023-07-31,monthly,Draft Kings/Crown Gaming,DraftKings,DraftKings,DraftKings Inc,retail,,0,0,0,0,0,0,0,0,,31,False,False,AZ_2023_07.pdf,,,,,,https://gaming.az.gov/sites/default/files/EW%20Website%20Revenue%20Report-July%202023.pdf,https://gaming.az.gov/blog-terms/event-wagering-revenue-reports,AZ/screenshots/AZ_2023_07_AZ_2023_07_p1.png,"Draft Kings/Crown Gaming $ - $ 102,360,911.88 $ - $ 91,863,606.16 $ - $ 10,246,499.84 $ - $ 2,054,226.08 $ - $ 8,192,273.76 $ - $ 8 19,227.38",,2026-04-08T18:26:02.153680
AZ,2023-07-01,2023-07-31,monthly,Draft Kings/Crown Gaming,DraftKings,DraftKings,DraftKings Inc,online,,10236091188,1024649984,1049730572,205422608,819227376,9186360616,81922738,25080588,0.100101685807686,31,False,False,AZ_2023_07.pdf,,,,,,https://gaming.az.gov/sites/default/files/EW%20Website%20Revenue%20Report-July%202023.pdf,https://gaming.az.gov/blog-terms/event-wagering-revenue-reports,AZ/screenshots/AZ_2023_07_AZ_2023_07_p1.png,"Draft Kings/Crown Gaming $ - $ 102,360,911.88 $ - $ 91,863,606.16 $ - $ 10,246,499.84 $ - $ 2,054,226.08 $ - $ 8,192,273.76 $ - $ 8 19,227.38",,2026-04-08T18:26:02.153680
AZ,2023-07-01,2023-07-31,monthly,Fan Duel,FanDuel,FanDuel,Flutter Entertainment,retail,,186746075,10109150,10572125,578900,9530250,176173950,762420,462975,0.0541331323831036,31,False,False,AZ_2023_07.pdf,,,,,,https://gaming.az.gov/sites/default/files/EW%20Website%20Revenue%20Report-July%202023.pdf,https://gaming.az.gov/blog-terms/event-wagering-revenue-reports,AZ/screenshots/AZ_2023_07_AZ_2023_07_p1.png,"Fan Duel $ 1,867,460.75 $ 113,657,023.99 $ 1,761,739.50 $ 99,788,122.22 $ 101,091.50 $ 13,591,511.78 $ 5,789.00 $ 2,701,023.57 $ 9 5,302.50 $ 10,890,488.21 $ 7,624.20 $ 1,089,048.82",,2026-04-08T18:26:02.153680
AZ,2023-07-01,2023-07-31,monthly,Fan Duel,FanDuel,FanDuel,Flutter Entertainment,online,,11365702399,1359151178,1386890177,270102357,1089048821,9978812222,108904882,27738999,0.1195835620436079,31,False,False,AZ_2023_07.pdf,,,,,,https://gaming.az.gov/sites/default/files/EW%20Website%20Revenue%20Report-July%202023.pdf,https://gaming.az.gov/blog-terms/event-wagering-revenue-reports,AZ/screenshots/AZ_2023_07_AZ_2023_07_p1.png,"Fan Duel $ 1,867,460.75 $ 113,657,023.99 $ 1,761,739.50 $ 99,788,122.22 $ 101,091.50 $ 13,591,511.78 $ 5,789.00 $ 2,701,023.57 $ 9 5,302.50 $ 10,890,488.21 $ 7,624.20 $ 1,089,048.82",,2026-04-08T18:26:02.153680
AZ,2023-07-01,2023-07-31,monthly,Golden Nugget Online Gaming,DraftKings (Golden Nugget),DraftKings,DraftKings Inc,retail,,0,0,0,0,0,0,0,0,,31,False,False,AZ_2023_07.pdf,,,,,,https://gaming.az.gov/sites/default/files/EW%20Website%20Revenue%20Report-July%202023.pdf,https://gaming.az.gov/blog-terms/event-wagering-revenue-reports,AZ/screenshots/AZ_2023_07_AZ_2023_07_p1.png,"Golden Nugget Online Gaming $ - $ 99,166.34 $ - $ 9 5,375.02 $ - $ 3,543.40 $ - $ - $ - $ 3,543.40 $ - $ 354.34",,2026-04-08T18:26:02.153680
AZ,2023-07-01,2023-07-31,monthly,Golden Nugget Online Gaming,DraftKings (Golden Nugget),DraftKings,DraftKings Inc,online,,9916634,354340,379132,0,354340,9537502,35434,24792,0.0357318824109067,31,False,False,AZ_2023_07.pdf,,,,,,https://gaming.az.gov/sites/default/files/EW%20Website%20Revenue%20Report-July%202023.pdf,https://gaming.az.gov/blog-terms/event-wagering-revenue-reports,AZ/screenshots/AZ_2023_07_AZ_2023_07_p1.png,"Golden Nugget Online Gaming $ - $ 99,166.34 $ - $ 9 5,375.02 $ - $ 3,543.40 $ - $ - $ - $ 3,543.40 $ - $ 354.34",,2026-04-08T18:26:02.153680
AZ,2023-07-01,2023-07-31,monthly,Penn Sports (Barstool Sports),ESPN Bet,ESPN Bet,PENN Entertainment,retail,,0,0,0,0,0,0,0,0,,31,False,False,AZ_2023_07.pdf,,,,,,https://gaming.az.gov/sites/default/files/EW%20Website%20Revenue%20Report-July%202023.pdf,https://gaming.az.gov/blog-terms/event-wagering-revenue-reports,AZ/screenshots/AZ_2023_07_AZ_2023_07_p1.png,"Penn Sports (Barstool Sports) $ - $ 8 ,945,459.77 $ - $ 8,263,676.80 $ - $ 659,419.32 $ - $ 78,335.66 $ - $ 581,083.66 $ - $ 58,108.37",,2026-04-08T18:26:02.153680
AZ,2023-07-01,2023-07-31,monthly,Penn Sports (Barstool Sports),ESPN Bet,ESPN Bet,PENN Entertainment,online,,894545977,65941932,68178297,7833566,58108366,826367680,5810837,2236365,0.0737155313370773,31,False,False,AZ_2023_07.pdf,,,,,,https://gaming.az.gov/sites/default/files/EW%20Website%20Revenue%20Report-July%202023.pdf,https://gaming.az.gov/blog-terms/event-wagering-revenue-reports,AZ/screenshots/AZ_2023_07_AZ_2023_07_p1.png,"Penn Sports (Barstool Sports) $ - $ 8 ,945,459.77 $ - $ 8,263,676.80 $ - $ 659,419.32 $ - $ 78,335.66 $ - $ 581,083.66 $ - $ 58,108.37",,2026-04-08T18:26:02.153680
AZ,2023-07-01,2023-07-31,monthly,RSI (Rush Street Interactive),BetRivers,BetRivers,Rush Street Interactive,retail,,0,0,0,0,0,0,0,0,,31,False,False,AZ_2023_07.pdf,,,,,,https://gaming.az.gov/sites/default/files/EW%20Website%20Revenue%20Report-July%202023.pdf,https://gaming.az.gov/blog-terms/event-wagering-revenue-reports,AZ/screenshots/AZ_2023_07_AZ_2023_07_p1.png,"RSI (Rush Street Interactive) $ - $ 2 ,328,909.28 $ - $ 2,137,665.45 $ - $ 185,421.56 $ - $ 103,247.20 $ - $ 8 2,174.36 $ - $ 8,217.44",,2026-04-08T18:26:02.153680
AZ,2023-07-01,2023-07-31,monthly,RSI (Rush Street Interactive),BetRivers,BetRivers,Rush Street Interactive,online,,232890928,18542156,19124383,10324720,8217436,213766545,821744,582227,0.0796173391519999,31,False,False,AZ_2023_07.pdf,,,,,,https://gaming.az.gov/sites/default/files/EW%20Website%20Revenue%20Report-July%202023.pdf,https://gaming.az.gov/blog-terms/event-wagering-revenue-reports,AZ/screenshots/AZ_2023_07_AZ_2023_07_p1.png,"RSI (Rush Street Interactive) $ - $ 2 ,328,909.28 $ - $ 2,137,665.45 $ - $ 185,421.56 $ - $ 103,247.20 $ - $ 8 2,174.36 $ - $ 8,217.44",,2026-04-08T18:26:02.153680
AZ,2023-07-01,2023-07-31,monthly,Sahara Bets,Sahara Bets,Sahara Bets,Sahara Bets,retail,,0,0,0,0,0,0,0,0,,31,False,False,AZ_2023_07.pdf,,,,,,https://gaming.az.gov/sites/default/files/EW%20Website%20Revenue%20Report-July%202023.pdf,https://gaming.az.gov/blog-terms/event-wagering-revenue-reports,AZ/screenshots/AZ_2023_07_AZ_2023_07_p1.png,"Sahara Bets $ - $ 281,819.73 $ - $ 236,059.52 $ - $ 4 5,055.66 $ - $ 4,193.63 $ - $ 4 0,862.03 $ - $ 4,086.20",,2026-04-08T18:26:02.153680
AZ,2023-07-01,2023-07-31,monthly,Sahara Bets,Sahara Bets,Sahara Bets,Sahara Bets,online,,28181973,4505566,4576021,419363,4086203,23605952,408620,70455,0.1598740443048469,31,False,False,AZ_2023_07.pdf,,,,,,https://gaming.az.gov/sites/default/files/EW%20Website%20Revenue%20Report-July%202023.pdf,https://gaming.az.gov/blog-terms/event-wagering-revenue-reports,AZ/screenshots/AZ_2023_07_AZ_2023_07_p1.png,"Sahara Bets $ - $ 281,819.73 $ - $ 236,059.52 $ - $ 4 5,055.66 $ - $ 4,193.63 $ - $ 4 0,862.03 $ - $ 4,086.20",,2026-04-08T18:26:02.153680
AZ,2023-07-01,2023-07-31,monthly,"SBOpco, LLC (SuperBook)",SuperBook,SuperBook,SuperBook Sports,retail,,0,0,0,0,0,0,0,0,,31,False,False,AZ_2023_07.pdf,,,,,,https://gaming.az.gov/sites/default/files/EW%20Website%20Revenue%20Report-July%202023.pdf,https://gaming.az.gov/blog-terms/event-wagering-revenue-reports,AZ/screenshots/AZ_2023_07_AZ_2023_07_p1.png,"SBOpco, LLC (SuperBook) $ - $ 738,553.19 $ - $ 745,349.24 $ - $ - $ - $ - $ - $ - $ - $ -",,2026-04-08T18:26:02.153680
AZ,2023-07-01,2023-07-31,monthly,"SBOpco, LLC (SuperBook)",SuperBook,SuperBook,SuperBook Sports,online,,73855319,0,-679605,0,0,74534924,0,-679605,0.0,31,False,False,AZ_2023_07.pdf,,,,,,https://gaming.az.gov/sites/default/files/EW%20Website%20Revenue%20Report-July%202023.pdf,https://gaming.az.gov/blog-terms/event-wagering-revenue-reports,AZ/screenshots/AZ_2023_07_AZ_2023_07_p1.png,"SBOpco, LLC (SuperBook) $ - $ 738,553.19 $ - $ 745,349.24 $ - $ - $ - $ - $ - $ - $ - $ -",,2026-04-08T18:26:02.153680
AZ,2023-07-01,2023-07-31,monthly,Seminole Hard Rock Digital,Hard Rock Bet,Hard Rock Bet,Seminole Tribe / Hard Rock Digital,retail,,0,0,0,0,0,0,0,0,,31,False,False,AZ_2023_07.pdf,,,,,,https://gaming.az.gov/sites/default/files/EW%20Website%20Revenue%20Report-July%202023.pdf,https://gaming.az.gov/blog-terms/event-wagering-revenue-reports,AZ/screenshots/AZ_2023_07_AZ_2023_07_p1.png,"Seminole Hard Rock Digital $ - $ 1 ,944,531.26 $ - $ 1,804,671.42 $ - $ 134,998.51 $ - $ 41,215.48 $ - $ 9 3,783.03 $ - $ 9,378.30",,2026-04-08T18:26:02.153680
AZ,2023-07-01,2023-07-31,monthly,Seminole Hard Rock Digital,Hard Rock Bet,Hard Rock Bet,Seminole Tribe / Hard Rock Digital,online,,194453126,13499851,13985984,4121548,9378303,180467142,937830,486133,0.0694247054686073,31,False,False,AZ_2023_07.pdf,,,,,,https://gaming.az.gov/sites/default/files/EW%20Website%20Revenue%20Report-July%202023.pdf,https://gaming.az.gov/blog-terms/event-wagering-revenue-reports,AZ/screenshots/AZ_2023_07_AZ_2023_07_p1.png,"Seminole Hard Rock Digital $ - $ 1 ,944,531.26 $ - $ 1,804,671.42 $ - $ 134,998.51 $ - $ 41,215.48 $ - $ 9 3,783.03 $ - $ 9,378.30",,2026-04-08T18:26:02.153680
AZ,2023-07-01,2023-07-31,monthly,Unibet AZ (Kindred),Unibet,Unibet,Kindred Group,retail,,0,0,0,0,0,0,0,0,,31,False,False,AZ_2023_07.pdf,,,,,,https://gaming.az.gov/sites/default/files/EW%20Website%20Revenue%20Report-July%202023.pdf,https://gaming.az.gov/blog-terms/event-wagering-revenue-reports,AZ/screenshots/AZ_2023_07_AZ_2023_07_p1.png,"Unibet AZ (Kindred) $ - $ 281,027.37 $ - $ 255,215.68 $ - $ 2 5,109.12 $ - $ 1,804.31 $ - $ 2 3,304.81 $ - $ 2,330.48",,2026-04-08T18:26:02.153680
AZ,2023-07-01,2023-07-31,monthly,Unibet AZ (Kindred),Unibet,Unibet,Kindred Group,online,,28102737,2510912,2581169,180431,2330481,25521568,233048,70257,0.0893475962857283,31,False,False,AZ_2023_07.pdf,,,,,,https://gaming.az.gov/sites/default/files/EW%20Website%20Revenue%20Report-July%202023.pdf,https://gaming.az.gov/blog-terms/event-wagering-revenue-reports,AZ/screenshots/AZ_2023_07_AZ_2023_07_p1.png,"Unibet AZ (Kindred) $ - $ 281,027.37 $ - $ 255,215.68 $ - $ 2 5,109.12 $ - $ 1,804.31 $ - $ 2 3,304.81 $ - $ 2,330.48",,2026-04-08T18:26:02.153680
AZ,2023-07-01,2023-07-31,monthly,WSI US (WynnBet),WynnBET,ESPN Bet,PENN Entertainment,retail,,0,0,0,0,0,0,0,0,,31,False,False,AZ_2023_07.pdf,,,,,,https://gaming.az.gov/sites/default/files/EW%20Website%20Revenue%20Report-July%202023.pdf,https://gaming.az.gov/blog-terms/event-wagering-revenue-reports,AZ/screenshots/AZ_2023_07_AZ_2023_07_p1.png,"WSI US (WynnBet) $ - $ 3 ,450,821.38 $ - $ 3,210,083.76 $ - $ 232,110.57 $ - $ 28,563.00 $ - $ 203,547.57 $ - $ 20,354.76",,2026-04-08T18:26:02.153680
AZ,2023-07-01,2023-07-31,monthly,WSI US (WynnBet),WynnBET,ESPN Bet,PENN Entertainment,online,,345082138,23211057,24073762,2856300,20354757,321008376,2035476,862705,0.0672624121738807,31,False,False,AZ_2023_07.pdf,,,,,,https://gaming.az.gov/sites/default/files/EW%20Website%20Revenue%20Report-July%202023.pdf,https://gaming.az.gov/blog-terms/event-wagering-revenue-reports,AZ/screenshots/AZ_2023_07_AZ_2023_07_p1.png,"WSI US (WynnBet) $ - $ 3 ,450,821.38 $ - $ 3,210,083.76 $ - $ 232,110.57 $ - $ 28,563.00 $ - $ 203,547.57 $ - $ 20,354.76",,2026-04-08T18:26:02.153680
AZ,2023-08-01,2023-08-31,monthly,"Bally Interactive, LLC",Bally Bet,Bally Bet,Bally's Corporation,retail,,0,0,0,0,0,0,0,0,,31,False,False,AZ_2023_08.pdf,,,,,,https://gaming.az.gov/sites/default/files/EW%20Website%20Revenue%20Report%20-Aug%202023.pdf,https://gaming.az.gov/blog-terms/event-wagering-revenue-reports,AZ/screenshots/AZ_2023_08_AZ_2023_08_p1.png,"Bally Interactive, LLC $ - $ - $ - $ - $ - $ - $ - $ - $ - $ - $ - $ -",,2026-04-08T18:26:04.385674
AZ,2023-08-01,2023-08-31,monthly,"Bally Interactive, LLC",Bally Bet,Bally Bet,Bally's Corporation,online,,0,0,0,0,0,0,0,0,,31,False,False,AZ_2023_08.pdf,,,,,,https://gaming.az.gov/sites/default/files/EW%20Website%20Revenue%20Report%20-Aug%202023.pdf,https://gaming.az.gov/blog-terms/event-wagering-revenue-reports,AZ/screenshots/AZ_2023_08_AZ_2023_08_p1.png,"Bally Interactive, LLC $ - $ - $ - $ - $ - $ - $ - $ - $ - $ - $ - $ -",,2026-04-08T18:26:04.385674
AZ,2023-08-01,2023-08-31,monthly,BetFred,Betfred,Betfred,Betfred Group,retail,,0,0,0,0,0,0,0,0,,31,False,False,AZ_2023_08.pdf,,,,,,https://gaming.az.gov/sites/default/files/EW%20Website%20Revenue%20Report%20-Aug%202023.pdf,https://gaming.az.gov/blog-terms/event-wagering-revenue-reports,AZ/screenshots/AZ_2023_08_AZ_2023_08_p1.png,"BetFred $ - $ 2 ,811,489.32 $ - $ 2,651,394.63 $ - $ 153,065.97 $ - $ 99,403.63 $ - $ 5 3,662.34 $ - $ 5,366.23",,2026-04-08T18:26:04.385674
AZ,2023-08-01,2023-08-31,monthly,BetFred,Betfred,Betfred,Betfred Group,online,,281148932,15306597,16009469,9940363,5366234,265139463,536623,702872,0.054443020256609,31,False,False,AZ_2023_08.pdf,,,,,,https://gaming.az.gov/sites/default/files/EW%20Website%20Revenue%20Report%20-Aug%202023.pdf,https://gaming.az.gov/blog-terms/event-wagering-revenue-reports,AZ/screenshots/AZ_2023_08_AZ_2023_08_p1.png,"BetFred $ - $ 2 ,811,489.32 $ - $ 2,651,394.63 $ - $ 153,065.97 $ - $ 99,403.63 $ - $ 5 3,662.34 $ - $ 5,366.23",,2026-04-08T18:26:04.385674
AZ,2023-08-01,2023-08-31,monthly,BetMGM,BetMGM,BetMGM,Entain/MGM Resorts,retail,,47983680,12216461,12336420,0,12216461,35647260,977317,119959,0.2545961668634002,31,False,False,AZ_2023_08.pdf,,,,,,https://gaming.az.gov/sites/default/files/EW%20Website%20Revenue%20Report%20-Aug%202023.pdf,https://gaming.az.gov/blog-terms/event-wagering-revenue-reports,AZ/screenshots/AZ_2023_08_AZ_2023_08_p1.png,"BetMGM $ 479,836.80 $ 50,472,636.59 $ 356,472.60 $ 45,363,785.68 $ 122,164.61 $ 4,988,398.62 $ - $ 2,320,988.15 $ 122,164.61 $ 2,667,410.47 $ 9,773.17 $ 2 66,741.05",,2026-04-08T18:26:04.385674
AZ,2023-08-01,2023-08-31,monthly,BetMGM,BetMGM,BetMGM,Entain/MGM Resorts,online,,5047263659,498839862,510885091,232098815,266741047,4536378568,26674105,12045229,0.0988337237169087,31,False,False,AZ_2023_08.pdf,,,,,,https://gaming.az.gov/sites/default/files/EW%20Website%20Revenue%20Report%20-Aug%202023.pdf,https://gaming.az.gov/blog-terms/event-wagering-revenue-reports,AZ/screenshots/AZ_2023_08_AZ_2023_08_p1.png,"BetMGM $ 479,836.80 $ 50,472,636.59 $ 356,472.60 $ 45,363,785.68 $ 122,164.61 $ 4,988,398.62 $ - $ 2,320,988.15 $ 122,164.61 $ 2,667,410.47 $ 9,773.17 $ 2 66,741.05",,2026-04-08T18:26:04.385674
AZ,2023-08-01,2023-08-31,monthly,Caesars (American Wagering),Caesars,Caesars,Caesars Entertainment,retail,,42881179,4585451,4683219,0,4585451,38197960,366836,97768,0.106933883510992,31,False,False,AZ_2023_08.pdf,,,,,,https://gaming.az.gov/sites/default/files/EW%20Website%20Revenue%20Report%20-Aug%202023.pdf,https://gaming.az.gov/blog-terms/event-wagering-revenue-reports,AZ/screenshots/AZ_2023_08_AZ_2023_08_p1.png,"Caesars (American Wagering) $ 428,811.79 $ 33,606,554.60 $ 381,979.60 $ 31,213,747.82 $ 4 5,854.51 $ 2,311,013.17 $ - $ 504,020.77 $ 4 5,854.51 $ 1,806,992.40 $ 3,668.36 $ 1 80,699.24",,2026-04-08T18:26:04.385674
AZ,2023-08-01,2023-08-31,monthly,Caesars (American Wagering),Caesars,Caesars,Caesars Entertainment,online,,3360655460,231101317,239280678,50402077,180699240,3121374782,18069924,8179361,0.0687667390337002,31,False,False,AZ_2023_08.pdf,,,,,,https://gaming.az.gov/sites/default/files/EW%20Website%20Revenue%20Report%20-Aug%202023.pdf,https://gaming.az.gov/blog-terms/event-wagering-revenue-reports,AZ/screenshots/AZ_2023_08_AZ_2023_08_p1.png,"Caesars (American Wagering) $ 428,811.79 $ 33,606,554.60 $ 381,979.60 $ 31,213,747.82 $ 4 5,854.51 $ 2,311,013.17 $ - $ 504,020.77 $ 4 5,854.51 $ 1,806,992.40 $ 3,668.36 $ 1 80,699.24",,2026-04-08T18:26:04.385674
AZ,2023-08-01,2023-08-31,monthly,Churchill Downs/TwinSpires,TwinSpires,TwinSpires,Churchill Downs Inc,retail,,0,0,0,0,0,0,0,0,,31,False,False,AZ_2023_08.pdf,,,,,,https://gaming.az.gov/sites/default/files/EW%20Website%20Revenue%20Report%20-Aug%202023.pdf,https://gaming.az.gov/blog-terms/event-wagering-revenue-reports,AZ/screenshots/AZ_2023_08_AZ_2023_08_p1.png,"Churchill Downs/TwinSpires $ - $ 134,607.69 $ - $ 119,205.04 $ - $ 1 5,063.65 $ - $ - $ - $ 1 5,063.65 $ - $ 1,506.37",,2026-04-08T18:26:04.385674
AZ,2023-08-01,2023-08-31,monthly,Churchill Downs/TwinSpires,TwinSpires,TwinSpires,Churchill Downs Inc,online,,13460769,1506365,1540265,0,1506365,11920504,150637,33900,0.1119077966496565,31,False,False,AZ_2023_08.pdf,,,,,,https://gaming.az.gov/sites/default/files/EW%20Website%20Revenue%20Report%20-Aug%202023.pdf,https://gaming.az.gov/blog-terms/event-wagering-revenue-reports,AZ/screenshots/AZ_2023_08_AZ_2023_08_p1.png,"Churchill Downs/TwinSpires $ - $ 134,607.69 $ - $ 119,205.04 $ - $ 1 5,063.65 $ - $ - $ - $ 1 5,063.65 $ - $ 1,506.37",,2026-04-08T18:26:04.385674
AZ,2023-08-01,2023-08-31,monthly,Desert Diamond Mobile,Desert Diamond,Desert Diamond,Tohono O'odham Nation,retail,,0,0,0,0,0,0,0,0,,31,False,False,AZ_2023_08.pdf,,,,,,https://gaming.az.gov/sites/default/files/EW%20Website%20Revenue%20Report%20-Aug%202023.pdf,https://gaming.az.gov/blog-terms/event-wagering-revenue-reports,AZ/screenshots/AZ_2023_08_AZ_2023_08_p1.png,"Desert Diamond Mobile $ - $ 15,336,932.94 $ - $ 15,195,196.97 $ - $ 104,093.40 $ - $ 104,093.40 $ - $ - $ - $ -",,2026-04-08T18:26:04.385674
AZ,2023-08-01,2023-08-31,monthly,Desert Diamond Mobile,Desert Diamond,Desert Diamond,Tohono O'odham Nation,online,,1533693294,10409340,14173597,10409340,0,1519519697,0,3764257,0.0067871066794923,31,False,False,AZ_2023_08.pdf,,,,,,https://gaming.az.gov/sites/default/files/EW%20Website%20Revenue%20Report%20-Aug%202023.pdf,https://gaming.az.gov/blog-terms/event-wagering-revenue-reports,AZ/screenshots/AZ_2023_08_AZ_2023_08_p1.png,"Desert Diamond Mobile $ - $ 15,336,932.94 $ - $ 15,195,196.97 $ - $ 104,093.40 $ - $ 104,093.40 $ - $ - $ - $ -",,2026-04-08T18:26:04.385674
AZ,2023-08-01,2023-08-31,monthly,Digital Gaming USA (Betway),Betway,Betway,Digital Gaming USA,retail,,0,0,0,0,0,0,0,0,,31,False,False,AZ_2023_08.pdf,,,,,,https://gaming.az.gov/sites/default/files/EW%20Website%20Revenue%20Report%20-Aug%202023.pdf,https://gaming.az.gov/blog-terms/event-wagering-revenue-reports,AZ/screenshots/AZ_2023_08_AZ_2023_08_p1.png,"Digital Gaming USA (Betway) $ - $ 1 ,221,630.49 $ - $ 1,081,998.17 $ - $ 136,578.22 $ - $ 22,396.11 $ - $ 114,182.11 $ - $ 11,418.21",,2026-04-08T18:26:04.385674
AZ,2023-08-01,2023-08-31,monthly,Digital Gaming USA (Betway),Betway,Betway,Digital Gaming USA,online,,122163049,13657822,13963232,2239611,11418211,108199817,1141821,305410,0.1117999436965591,31,False,False,AZ_2023_08.pdf,,,,,,https://gaming.az.gov/sites/default/files/EW%20Website%20Revenue%20Report%20-Aug%202023.pdf,https://gaming.az.gov/blog-terms/event-wagering-revenue-reports,AZ/screenshots/AZ_2023_08_AZ_2023_08_p1.png,"Digital Gaming USA (Betway) $ - $ 1 ,221,630.49 $ - $ 1,081,998.17 $ - $ 136,578.22 $ - $ 22,396.11 $ - $ 114,182.11 $ - $ 11,418.21",,2026-04-08T18:26:04.385674
AZ,2023-08-01,2023-08-31,monthly,Draft Kings/Crown Gaming,DraftKings,DraftKings,DraftKings Inc,retail,,0,0,0,0,0,0,0,0,,31,False,False,AZ_2023_08.pdf,,,,,,https://gaming.az.gov/sites/default/files/EW%20Website%20Revenue%20Report%20-Aug%202023.pdf,https://gaming.az.gov/blog-terms/event-wagering-revenue-reports,AZ/screenshots/AZ_2023_08_AZ_2023_08_p1.png,"Draft Kings/Crown Gaming $ - $ 115,548,417.38 $ - $ 105,841,730.17 $ - $ 9,425,365.44 $ - $ 3,101,403.02 $ - $ 6,323,962.42 $ - $ 6 32,396.24",,2026-04-08T18:26:04.385674
AZ,2023-08-01,2023-08-31,monthly,Draft Kings/Crown Gaming,DraftKings,DraftKings,DraftKings Inc,online,,11554841738,942536544,970668721,310140302,632396242,10584173017,63239624,28132177,0.0815707013018026,31,False,False,AZ_2023_08.pdf,,,,,,https://gaming.az.gov/sites/default/files/EW%20Website%20Revenue%20Report%20-Aug%202023.pdf,https://gaming.az.gov/blog-terms/event-wagering-revenue-reports,AZ/screenshots/AZ_2023_08_AZ_2023_08_p1.png,"Draft Kings/Crown Gaming $ - $ 115,548,417.38 $ - $ 105,841,730.17 $ - $ 9,425,365.44 $ - $ 3,101,403.02 $ - $ 6,323,962.42 $ - $ 6 32,396.24",,2026-04-08T18:26:04.385674
AZ,2023-08-01,2023-08-31,monthly,Fan Duel,FanDuel,FanDuel,Flutter Entertainment,retail,,250334000,43871202,44494150,600400,43270802,205839850,3461664,622948,0.1752506731007374,31,False,False,AZ_2023_08.pdf,,,,,,https://gaming.az.gov/sites/default/files/EW%20Website%20Revenue%20Report%20-Aug%202023.pdf,https://gaming.az.gov/blog-terms/event-wagering-revenue-reports,AZ/screenshots/AZ_2023_08_AZ_2023_08_p1.png,"Fan Duel $ 2,503,340.00 $ 115,093,336.44 $ 2,058,398.50 $ 102,586,184.81 $ 438,712.02 $ 12,227,136.24 $ 6,004.00 $ 3,087,176.18 $ 432,708.02 $ 9,139,960.06 $ 34,616.64 $ 9 13,996.01",,2026-04-08T18:26:04.385674
AZ,2023-08-01,2023-08-31,monthly,Fan Duel,FanDuel,FanDuel,Flutter Entertainment,online,,11509333644,1222713624,1250715163,308717618,913996006,10258618481,91399601,28001539,0.1062366998664097,31,False,False,AZ_2023_08.pdf,,,,,,https://gaming.az.gov/sites/default/files/EW%20Website%20Revenue%20Report%20-Aug%202023.pdf,https://gaming.az.gov/blog-terms/event-wagering-revenue-reports,AZ/screenshots/AZ_2023_08_AZ_2023_08_p1.png,"Fan Duel $ 2,503,340.00 $ 115,093,336.44 $ 2,058,398.50 $ 102,586,184.81 $ 438,712.02 $ 12,227,136.24 $ 6,004.00 $ 3,087,176.18 $ 432,708.02 $ 9,139,960.06 $ 34,616.64 $ 9 13,996.01",,2026-04-08T18:26:04.385674
AZ,2023-08-01,2023-08-31,monthly,Golden Nugget Online Gaming,DraftKings (Golden Nugget),DraftKings,DraftKings Inc,retail,,0,0,0,0,0,0,0,0,,31,False,False,AZ_2023_08.pdf,,,,,,https://gaming.az.gov/sites/default/files/EW%20Website%20Revenue%20Report%20-Aug%202023.pdf,https://gaming.az.gov/blog-terms/event-wagering-revenue-reports,AZ/screenshots/AZ_2023_08_AZ_2023_08_p1.png,"Golden Nugget Online Gaming $ - $ 126,574.80 $ - $ 113,817.75 $ - $ 1 2,440.61 $ - $ - $ - $ 1 2,440.61 $ - $ 1,244.06",,2026-04-08T18:26:04.385674
AZ,2023-08-01,2023-08-31,monthly,Golden Nugget Online Gaming,DraftKings (Golden Nugget),DraftKings,DraftKings Inc,online,,12657480,1244061,1275705,0,1244061,11381775,124406,31644,0.0982866257738507,31,False,False,AZ_2023_08.pdf,,,,,,https://gaming.az.gov/sites/default/files/EW%20Website%20Revenue%20Report%20-Aug%202023.pdf,https://gaming.az.gov/blog-terms/event-wagering-revenue-reports,AZ/screenshots/AZ_2023_08_AZ_2023_08_p1.png,"Golden Nugget Online Gaming $ - $ 126,574.80 $ - $ 113,817.75 $ - $ 1 2,440.61 $ - $ - $ - $ 1 2,440.61 $ - $ 1,244.06",,2026-04-08T18:26:04.385674
AZ,2023-08-01,2023-08-31,monthly,Penn Sports (Barstool Sports),ESPN Bet,ESPN Bet,PENN Entertainment,retail,,0,0,0,0,0,0,0,0,,31,False,False,AZ_2023_08.pdf,,,,,,https://gaming.az.gov/sites/default/files/EW%20Website%20Revenue%20Report%20-Aug%202023.pdf,https://gaming.az.gov/blog-terms/event-wagering-revenue-reports,AZ/screenshots/AZ_2023_08_AZ_2023_08_p1.png,"Penn Sports (Barstool Sports) $ - $ 10,954,732.73 $ - $ 10,387,271.66 $ - $ 540,074.24 $ - $ 167,454.95 $ - $ 372,619.29 $ - $ 37,261.93",,2026-04-08T18:26:04.385674
AZ,2023-08-01,2023-08-31,monthly,Penn Sports (Barstool Sports),ESPN Bet,ESPN Bet,PENN Entertainment,online,,1095473273,54007424,56746107,16745495,37261929,1038727166,3726193,2738683,0.0493005400780782,31,False,False,AZ_2023_08.pdf,,,,,,https://gaming.az.gov/sites/default/files/EW%20Website%20Revenue%20Report%20-Aug%202023.pdf,https://gaming.az.gov/blog-terms/event-wagering-revenue-reports,AZ/screenshots/AZ_2023_08_AZ_2023_08_p1.png,"Penn Sports (Barstool Sports) $ - $ 10,954,732.73 $ - $ 10,387,271.66 $ - $ 540,074.24 $ - $ 167,454.95 $ - $ 372,619.29 $ - $ 37,261.93",,2026-04-08T18:26:04.385674
AZ,2023-08-01,2023-08-31,monthly,RSI (Rush Street Interactive),BetRivers,BetRivers,Rush Street Interactive,retail,,0,0,0,0,0,0,0,0,,31,False,False,AZ_2023_08.pdf,,,,,,https://gaming.az.gov/sites/default/files/EW%20Website%20Revenue%20Report%20-Aug%202023.pdf,https://gaming.az.gov/blog-terms/event-wagering-revenue-reports,AZ/screenshots/AZ_2023_08_AZ_2023_08_p1.png,"RSI (Rush Street Interactive) $ - $ 3 ,835,626.00 $ - $ 3,896,832.54 $ - $ - $ - $ - $ - $ - $ - $ -",,2026-04-08T18:26:04.385674
AZ,2023-08-01,2023-08-31,monthly,RSI (Rush Street Interactive),BetRivers,BetRivers,Rush Street Interactive,online,,383562600,0,-6120654,0,0,389683254,0,-6120654,0.0,31,False,False,AZ_2023_08.pdf,,,,,,https://gaming.az.gov/sites/default/files/EW%20Website%20Revenue%20Report%20-Aug%202023.pdf,https://gaming.az.gov/blog-terms/event-wagering-revenue-reports,AZ/screenshots/AZ_2023_08_AZ_2023_08_p1.png,"RSI (Rush Street Interactive) $ - $ 3 ,835,626.00 $ - $ 3,896,832.54 $ - $ - $ - $ - $ - $ - $ - $ -",,2026-04-08T18:26:04.385674
AZ,2023-08-01,2023-08-31,monthly,Sahara Bets,Sahara Bets,Sahara Bets,Sahara Bets,retail,,0,0,0,0,0,0,0,0,,31,False,False,AZ_2023_08.pdf,,,,,,https://gaming.az.gov/sites/default/files/EW%20Website%20Revenue%20Report%20-Aug%202023.pdf,https://gaming.az.gov/blog-terms/event-wagering-revenue-reports,AZ/screenshots/AZ_2023_08_AZ_2023_08_p1.png,"Sahara Bets $ - $ 455,940.37 $ - $ 455,102.63 $ - $ - $ - $ - $ - $ - $ - $ -",,2026-04-08T18:26:04.385674
AZ,2023-08-01,2023-08-31,monthly,Sahara Bets,Sahara Bets,Sahara Bets,Sahara Bets,online,,45594037,0,83774,0,0,45510263,0,83774,0.0,31,False,False,AZ_2023_08.pdf,,,,,,https://gaming.az.gov/sites/default/files/EW%20Website%20Revenue%20Report%20-Aug%202023.pdf,https://gaming.az.gov/blog-terms/event-wagering-revenue-reports,AZ/screenshots/AZ_2023_08_AZ_2023_08_p1.png,"Sahara Bets $ - $ 455,940.37 $ - $ 455,102.63 $ - $ - $ - $ - $ - $ - $ - $ -",,2026-04-08T18:26:04.385674
AZ,2023-08-01,2023-08-31,monthly,"SBOpco, LLC (SuperBook)",SuperBook,SuperBook,SuperBook Sports,retail,,0,0,0,0,0,0,0,0,,31,False,False,AZ_2023_08.pdf,,,,,,https://gaming.az.gov/sites/default/files/EW%20Website%20Revenue%20Report%20-Aug%202023.pdf,https://gaming.az.gov/blog-terms/event-wagering-revenue-reports,AZ/screenshots/AZ_2023_08_AZ_2023_08_p1.png,"SBOpco, LLC (SuperBook) $ - $ 805,450.80 $ - $ 792,895.99 $ - $ 1 0,450.99 $ - $ 7,498.34 $ - $ 2,952.65 $ - $ 295.27",,2026-04-08T18:26:04.385674
AZ,2023-08-01,2023-08-31,monthly,"SBOpco, LLC (SuperBook)",SuperBook,SuperBook,SuperBook Sports,online,,80545080,1045099,1255481,749834,295265,79289599,29527,210382,0.0129753300884423,31,False,False,AZ_2023_08.pdf,,,,,,https://gaming.az.gov/sites/default/files/EW%20Website%20Revenue%20Report%20-Aug%202023.pdf,https://gaming.az.gov/blog-terms/event-wagering-revenue-reports,AZ/screenshots/AZ_2023_08_AZ_2023_08_p1.png,"SBOpco, LLC (SuperBook) $ - $ 805,450.80 $ - $ 792,895.99 $ - $ 1 0,450.99 $ - $ 7,498.34 $ - $ 2,952.65 $ - $ 295.27",,2026-04-08T18:26:04.385674
AZ,2023-08-01,2023-08-31,monthly,Seminole Hard Rock Digital,Hard Rock Bet,Hard Rock Bet,Seminole Tribe / Hard Rock Digital,retail,,0,0,0,0,0,0,0,0,,31,False,False,AZ_2023_08.pdf,,,,,,https://gaming.az.gov/sites/default/files/EW%20Website%20Revenue%20Report%20-Aug%202023.pdf,https://gaming.az.gov/blog-terms/event-wagering-revenue-reports,AZ/screenshots/AZ_2023_08_AZ_2023_08_p1.png,"Seminole Hard Rock Digital $ - $ 2 ,705,462.63 $ - $ 2,488,530.82 $ - $ 210,168.15 $ - $ 48,299.26 $ - $ 161,868.89 $ - $ 16,186.89",,2026-04-08T18:26:04.385674
AZ,2023-08-01,2023-08-31,monthly,Seminole Hard Rock Digital,Hard Rock Bet,Hard Rock Bet,Seminole Tribe / Hard Rock Digital,online,,270546263,21016815,21693181,4829926,16186889,248853082,1618689,676366,0.0776828878246231,31,False,False,AZ_2023_08.pdf,,,,,,https://gaming.az.gov/sites/default/files/EW%20Website%20Revenue%20Report%20-Aug%202023.pdf,https://gaming.az.gov/blog-terms/event-wagering-revenue-reports,AZ/screenshots/AZ_2023_08_AZ_2023_08_p1.png,"Seminole Hard Rock Digital $ - $ 2 ,705,462.63 $ - $ 2,488,530.82 $ - $ 210,168.15 $ - $ 48,299.26 $ - $ 161,868.89 $ - $ 16,186.89",,2026-04-08T18:26:04.385674
AZ,2023-08-01,2023-08-31,monthly,Unibet AZ (Kindred),Unibet,Unibet,Kindred Group,retail,,0,0,0,0,0,0,0,0,,31,False,False,AZ_2023_08.pdf,,,,,,https://gaming.az.gov/sites/default/files/EW%20Website%20Revenue%20Report%20-Aug%202023.pdf,https://gaming.az.gov/blog-terms/event-wagering-revenue-reports,AZ/screenshots/AZ_2023_08_AZ_2023_08_p1.png,"Unibet AZ (Kindred) $ - $ 492,520.39 $ - $ 417,371.49 $ - $ 7 3,917.60 $ - $ 1,100.20 $ - $ 7 2,817.40 $ - $ 7,281.74",,2026-04-08T18:26:04.385674
AZ,2023-08-01,2023-08-31,monthly,Unibet AZ (Kindred),Unibet,Unibet,Kindred Group,online,,49252039,7391760,7514890,110020,7281740,41737149,728174,123130,0.1500802839858061,31,False,False,AZ_2023_08.pdf,,,,,,https://gaming.az.gov/sites/default/files/EW%20Website%20Revenue%20Report%20-Aug%202023.pdf,https://gaming.az.gov/blog-terms/event-wagering-revenue-reports,AZ/screenshots/AZ_2023_08_AZ_2023_08_p1.png,"Unibet AZ (Kindred) $ - $ 492,520.39 $ - $ 417,371.49 $ - $ 7 3,917.60 $ - $ 1,100.20 $ - $ 7 2,817.40 $ - $ 7,281.74",,2026-04-08T18:26:04.385674
AZ,2023-08-01,2023-08-31,monthly,WSI US (WynnBet),WynnBET,ESPN Bet,PENN Entertainment,retail,,0,0,0,0,0,0,0,0,,31,False,False,AZ_2023_08.pdf,,,,,,https://gaming.az.gov/sites/default/files/EW%20Website%20Revenue%20Report%20-Aug%202023.pdf,https://gaming.az.gov/blog-terms/event-wagering-revenue-reports,AZ/screenshots/AZ_2023_08_AZ_2023_08_p1.png,"WSI US (WynnBet) $ - $ 1 ,019,568.35 $ - $ 987,325.53 $ - $ 2 9,693.90 $ - $ 10,520.00 $ - $ 1 9,173.90 $ - $ 1,917.39",,2026-04-08T18:26:04.385674
AZ,2023-08-01,2023-08-31,monthly,WSI US (WynnBet),WynnBET,ESPN Bet,PENN Entertainment,online,,101956835,2969390,3224282,1052000,1917390,98732553,191739,254892,0.0291239915401453,31,False,False,AZ_2023_08.pdf,,,,,,https://gaming.az.gov/sites/default/files/EW%20Website%20Revenue%20Report%20-Aug%202023.pdf,https://gaming.az.gov/blog-terms/event-wagering-revenue-reports,AZ/screenshots/AZ_2023_08_AZ_2023_08_p1.png,"WSI US (WynnBet) $ - $ 1 ,019,568.35 $ - $ 987,325.53 $ - $ 2 9,693.90 $ - $ 10,520.00 $ - $ 1 9,173.90 $ - $ 1,917.39",,2026-04-08T18:26:04.385674
AZ,2023-09-01,2023-09-30,monthly,"Bally Interactive, LLC",Bally Bet,Bally Bet,Bally's Corporation,retail,,0,0,0,0,0,0,0,0,,30,False,False,AZ_2023_09.pdf,,,,,,https://gaming.az.gov/sites/default/files/EW%20Website%20Revenue%20Report%20-Sep%202023.pdf,https://gaming.az.gov/blog-terms/event-wagering-revenue-reports,AZ/screenshots/AZ_2023_09_AZ_2023_09_p1.png,"Bally Interactive, LLC $ - $ 273,056.11 $ - $ 248,102.29 $ - $ 2 4,271.18 $ - $ 1,810.06 $ - $ 2 2,461.12 $ - $ 2,246.11",,2026-04-08T18:26:06.379937
AZ,2023-09-01,2023-09-30,monthly,"Bally Interactive, LLC",Bally Bet,Bally Bet,Bally's Corporation,online,,27305611,2427118,2495382,181006,2246112,24810229,224611,68264,0.088887152168102,30,False,False,AZ_2023_09.pdf,,,,,,https://gaming.az.gov/sites/default/files/EW%20Website%20Revenue%20Report%20-Sep%202023.pdf,https://gaming.az.gov/blog-terms/event-wagering-revenue-reports,AZ/screenshots/AZ_2023_09_AZ_2023_09_p1.png,"Bally Interactive, LLC $ - $ 273,056.11 $ - $ 248,102.29 $ - $ 2 4,271.18 $ - $ 1,810.06 $ - $ 2 2,461.12 $ - $ 2,246.11",,2026-04-08T18:26:06.379937
AZ,2023-09-01,2023-09-30,monthly,BetFred,Betfred,Betfred,Betfred Group,retail,,0,0,0,0,0,0,0,0,,30,False,False,AZ_2023_09.pdf,,,,,,https://gaming.az.gov/sites/default/files/EW%20Website%20Revenue%20Report%20-Sep%202023.pdf,https://gaming.az.gov/blog-terms/event-wagering-revenue-reports,AZ/screenshots/AZ_2023_09_AZ_2023_09_p1.png,"BetFred $ - $ 5 ,083,858.39 $ - $ 4,982,876.86 $ - $ 8 8,271.88 $ - $ 88,271.88 $ - $ - $ - $ -",,2026-04-08T18:26:06.379937
AZ,2023-09-01,2023-09-30,monthly,BetFred,Betfred,Betfred,Betfred Group,online,,508385839,8827188,10098153,8827188,0,498287686,0,1270965,0.0173631665613722,30,False,False,AZ_2023_09.pdf,,,,,,https://gaming.az.gov/sites/default/files/EW%20Website%20Revenue%20Report%20-Sep%202023.pdf,https://gaming.az.gov/blog-terms/event-wagering-revenue-reports,AZ/screenshots/AZ_2023_09_AZ_2023_09_p1.png,"BetFred $ - $ 5 ,083,858.39 $ - $ 4,982,876.86 $ - $ 8 8,271.88 $ - $ 88,271.88 $ - $ - $ - $ -",,2026-04-08T18:26:06.379937
AZ,2023-09-01,2023-09-30,monthly,BetMGM,BetMGM,BetMGM,Entain/MGM Resorts,retail,,63613880,6660475,6819510,0,6660475,56794370,532838,159035,0.1047015997137731,30,False,False,AZ_2023_09.pdf,,,,,,https://gaming.az.gov/sites/default/files/EW%20Website%20Revenue%20Report%20-Sep%202023.pdf,https://gaming.az.gov/blog-terms/event-wagering-revenue-reports,AZ/screenshots/AZ_2023_09_AZ_2023_09_p1.png,"BetMGM $ 636,138.80 $ 89,939,404.80 $ 567,943.70 $ 80,074,281.57 $ 6 6,604.75 $ 9,653,147.25 $ - $ 5,324,593.08 $ 6 6,604.75 $ 4,328,554.17 $ 5,328.38 $ 4 32,855.42",,2026-04-08T18:26:06.379937
AZ,2023-09-01,2023-09-30,monthly,BetMGM,BetMGM,BetMGM,Entain/MGM Resorts,online,,8993940480,965314725,986512323,532459308,432855417,8007428157,43285542,21197598,0.1073294544417532,30,False,False,AZ_2023_09.pdf,,,,,,https://gaming.az.gov/sites/default/files/EW%20Website%20Revenue%20Report%20-Sep%202023.pdf,https://gaming.az.gov/blog-terms/event-wagering-revenue-reports,AZ/screenshots/AZ_2023_09_AZ_2023_09_p1.png,"BetMGM $ 636,138.80 $ 89,939,404.80 $ 567,943.70 $ 80,074,281.57 $ 6 6,604.75 $ 9,653,147.25 $ - $ 5,324,593.08 $ 6 6,604.75 $ 4,328,554.17 $ 5,328.38 $ 4 32,855.42",,2026-04-08T18:26:06.379937
AZ,2023-09-01,2023-09-30,monthly,Caesars (American Wagering),Caesars,Caesars,Caesars Entertainment,retail,,90600869,5109863,5341289,0,5109863,85259580,408789,231426,0.056399712899001,30,False,False,AZ_2023_09.pdf,,,,,,https://gaming.az.gov/sites/default/files/EW%20Website%20Revenue%20Report%20-Sep%202023.pdf,https://gaming.az.gov/blog-terms/event-wagering-revenue-reports,AZ/screenshots/AZ_2023_09_AZ_2023_09_p1.png,"Caesars (American Wagering) $ 906,008.69 $ 56,218,260.49 $ 852,595.80 $ 51,738,608.80 $ 5 1,098.63 $ 4,341,151.69 $ - $ 1,087,588.14 $ 5 1,098.63 $ 3,253,563.55 $ 4,087.89 $ 3 25,356.36",,2026-04-08T18:26:06.379937
AZ,2023-09-01,2023-09-30,monthly,Caesars (American Wagering),Caesars,Caesars,Caesars Entertainment,online,,5621826049,434115169,447965169,108758814,325356355,5173860880,32535636,13850000,0.0772196018190957,30,False,False,AZ_2023_09.pdf,,,,,,https://gaming.az.gov/sites/default/files/EW%20Website%20Revenue%20Report%20-Sep%202023.pdf,https://gaming.az.gov/blog-terms/event-wagering-revenue-reports,AZ/screenshots/AZ_2023_09_AZ_2023_09_p1.png,"Caesars (American Wagering) $ 906,008.69 $ 56,218,260.49 $ 852,595.80 $ 51,738,608.80 $ 5 1,098.63 $ 4,341,151.69 $ - $ 1,087,588.14 $ 5 1,098.63 $ 3,253,563.55 $ 4,087.89 $ 3 25,356.36",,2026-04-08T18:26:06.379937
AZ,2023-09-01,2023-09-30,monthly,Churchill Downs/TwinSpires,TwinSpires,TwinSpires,Churchill Downs Inc,retail,,0,0,0,0,0,0,0,0,,30,False,False,AZ_2023_09.pdf,,,,,,https://gaming.az.gov/sites/default/files/EW%20Website%20Revenue%20Report%20-Sep%202023.pdf,https://gaming.az.gov/blog-terms/event-wagering-revenue-reports,AZ/screenshots/AZ_2023_09_AZ_2023_09_p1.png,"Churchill Downs/TwinSpires $ - $ 277,960.55 $ - $ 291,988.56 $ - $ - $ - $ - $ - $ - $ - $ -",,2026-04-08T18:26:06.379937
AZ,2023-09-01,2023-09-30,monthly,Churchill Downs/TwinSpires,TwinSpires,TwinSpires,Churchill Downs Inc,online,,27796055,0,-1402801,0,0,29198856,0,-1402801,0.0,30,False,False,AZ_2023_09.pdf,,,,,,https://gaming.az.gov/sites/default/files/EW%20Website%20Revenue%20Report%20-Sep%202023.pdf,https://gaming.az.gov/blog-terms/event-wagering-revenue-reports,AZ/screenshots/AZ_2023_09_AZ_2023_09_p1.png,"Churchill Downs/TwinSpires $ - $ 277,960.55 $ - $ 291,988.56 $ - $ - $ - $ - $ - $ - $ - $ -",,2026-04-08T18:26:06.379937
AZ,2023-09-01,2023-09-30,monthly,Desert Diamond Mobile,Desert Diamond,Desert Diamond,Tohono O'odham Nation,retail,,0,0,0,0,0,0,0,0,,30,False,False,AZ_2023_09.pdf,,,,,,https://gaming.az.gov/sites/default/files/EW%20Website%20Revenue%20Report%20-Sep%202023.pdf,https://gaming.az.gov/blog-terms/event-wagering-revenue-reports,AZ/screenshots/AZ_2023_09_AZ_2023_09_p1.png,"Desert Diamond Mobile $ - $ 25,118,812.23 $ - $ 26,042,026.04 $ - $ - $ - $ - $ - $ - $ - $ -",,2026-04-08T18:26:06.379937
AZ,2023-09-01,2023-09-30,monthly,Desert Diamond Mobile,Desert Diamond,Desert Diamond,Tohono O'odham Nation,online,,2511881223,0,-92321381,0,0,2604202604,0,-92321381,0.0,30,False,False,AZ_2023_09.pdf,,,,,,https://gaming.az.gov/sites/default/files/EW%20Website%20Revenue%20Report%20-Sep%202023.pdf,https://gaming.az.gov/blog-terms/event-wagering-revenue-reports,AZ/screenshots/AZ_2023_09_AZ_2023_09_p1.png,"Desert Diamond Mobile $ - $ 25,118,812.23 $ - $ 26,042,026.04 $ - $ - $ - $ - $ - $ - $ - $ -",,2026-04-08T18:26:06.379937
AZ,2023-09-01,2023-09-30,monthly,Digital Gaming USA (Betway),Betway,Betway,Digital Gaming USA,retail,,0,0,0,0,0,0,0,0,,30,False,False,AZ_2023_09.pdf,,,,,,https://gaming.az.gov/sites/default/files/EW%20Website%20Revenue%20Report%20-Sep%202023.pdf,https://gaming.az.gov/blog-terms/event-wagering-revenue-reports,AZ/screenshots/AZ_2023_09_AZ_2023_09_p1.png,"Digital Gaming USA (Betway) $ - $ 1 ,821,743.32 $ - $ 1,658,828.86 $ - $ 158,358.14 $ - $ 40,557.38 $ - $ 117,800.76 $ - $ 11,780.08",,2026-04-08T18:26:06.379937
AZ,2023-09-01,2023-09-30,monthly,Digital Gaming USA (Betway),Betway,Betway,Digital Gaming USA,online,,182174332,15835814,16291446,4055738,11780076,165882886,1178008,455632,0.0869267027146283,30,False,False,AZ_2023_09.pdf,,,,,,https://gaming.az.gov/sites/default/files/EW%20Website%20Revenue%20Report%20-Sep%202023.pdf,https://gaming.az.gov/blog-terms/event-wagering-revenue-reports,AZ/screenshots/AZ_2023_09_AZ_2023_09_p1.png,"Digital Gaming USA (Betway) $ - $ 1 ,821,743.32 $ - $ 1,658,828.86 $ - $ 158,358.14 $ - $ 40,557.38 $ - $ 117,800.76 $ - $ 11,780.08",,2026-04-08T18:26:06.379937
AZ,2023-09-01,2023-09-30,monthly,Draft Kings/Crown Gaming,DraftKings,DraftKings,DraftKings Inc,retail,,0,0,0,0,0,0,0,0,,30,False,False,AZ_2023_09.pdf,,,,,,https://gaming.az.gov/sites/default/files/EW%20Website%20Revenue%20Report%20-Sep%202023.pdf,https://gaming.az.gov/blog-terms/event-wagering-revenue-reports,AZ/screenshots/AZ_2023_09_AZ_2023_09_p1.png,"Draft Kings/Crown Gaming $ - $ 218,028,437.94 $ - $ 197,146,267.84 $ - $ 20,364,815.51 $ - $ 11,406,591.40 $ - $ 8,958,224.11 $ - $ 8 95,822.41",,2026-04-08T18:26:06.379937
AZ,2023-09-01,2023-09-30,monthly,Draft Kings/Crown Gaming,DraftKings,DraftKings,DraftKings Inc,online,,21802843794,2036481551,2088217010,1140659140,895822411,19714626784,89582241,51735459,0.0934044003727819,30,False,False,AZ_2023_09.pdf,,,,,,https://gaming.az.gov/sites/default/files/EW%20Website%20Revenue%20Report%20-Sep%202023.pdf,https://gaming.az.gov/blog-terms/event-wagering-revenue-reports,AZ/screenshots/AZ_2023_09_AZ_2023_09_p1.png,"Draft Kings/Crown Gaming $ - $ 218,028,437.94 $ - $ 197,146,267.84 $ - $ 20,364,815.51 $ - $ 11,406,591.40 $ - $ 8,958,224.11 $ - $ 8 95,822.41",,2026-04-08T18:26:06.379937
AZ,2023-09-01,2023-09-30,monthly,Fan Duel,FanDuel,FanDuel,Flutter Entertainment,retail,,249706575,35549599,36172450,2560600,32988999,213534125,2639120,622851,0.1423654903760543,30,False,False,AZ_2023_09.pdf,,,,,,https://gaming.az.gov/sites/default/files/EW%20Website%20Revenue%20Report%20-Sep%202023.pdf,https://gaming.az.gov/blog-terms/event-wagering-revenue-reports,AZ/screenshots/AZ_2023_09_AZ_2023_09_p1.png,"Fan Duel $ 2,497,065.75 $ 179,179,301.18 $ 2,135,341.25 $ 156,478,887.72 $ 355,495.99 $ 22,273,243.90 $ 2 5,606.00 $ 8,311,466.03 $ 329,889.99 $ 13,961,777.87 $ 26,391.20 $ 1,396,177.79",,2026-04-08T18:26:06.379937
AZ,2023-09-01,2023-09-30,monthly,Fan Duel,FanDuel,FanDuel,Flutter Entertainment,online,,17917930118,2227324390,2270041346,831146603,1396177787,15647888772,139617779,42716956,0.1243070139983676,30,False,False,AZ_2023_09.pdf,,,,,,https://gaming.az.gov/sites/default/files/EW%20Website%20Revenue%20Report%20-Sep%202023.pdf,https://gaming.az.gov/blog-terms/event-wagering-revenue-reports,AZ/screenshots/AZ_2023_09_AZ_2023_09_p1.png,"Fan Duel $ 2,497,065.75 $ 179,179,301.18 $ 2,135,341.25 $ 156,478,887.72 $ 355,495.99 $ 22,273,243.90 $ 2 5,606.00 $ 8,311,466.03 $ 329,889.99 $ 13,961,777.87 $ 26,391.20 $ 1,396,177.79",,2026-04-08T18:26:06.379937
AZ,2023-09-01,2023-09-30,monthly,Golden Nugget Online Gaming,DraftKings (Golden Nugget),DraftKings,DraftKings Inc,retail,,0,0,0,0,0,0,0,0,,30,False,False,AZ_2023_09.pdf,,,,,,https://gaming.az.gov/sites/default/files/EW%20Website%20Revenue%20Report%20-Sep%202023.pdf,https://gaming.az.gov/blog-terms/event-wagering-revenue-reports,AZ/screenshots/AZ_2023_09_AZ_2023_09_p1.png,"Golden Nugget Online Gaming $ - $ 269,920.92 $ - $ 257,096.77 $ - $ 1 2,149.35 $ - $ - $ - $ 1 2,149.35 $ - $ 1,214.94",,2026-04-08T18:26:06.379937
AZ,2023-09-01,2023-09-30,monthly,Golden Nugget Online Gaming,DraftKings (Golden Nugget),DraftKings,DraftKings Inc,online,,26992092,1214935,1282415,0,1214935,25709677,121494,67480,0.0450107757486896,30,False,False,AZ_2023_09.pdf,,,,,,https://gaming.az.gov/sites/default/files/EW%20Website%20Revenue%20Report%20-Sep%202023.pdf,https://gaming.az.gov/blog-terms/event-wagering-revenue-reports,AZ/screenshots/AZ_2023_09_AZ_2023_09_p1.png,"Golden Nugget Online Gaming $ - $ 269,920.92 $ - $ 257,096.77 $ - $ 1 2,149.35 $ - $ - $ - $ 1 2,149.35 $ - $ 1,214.94",,2026-04-08T18:26:06.379937
AZ,2023-09-01,2023-09-30,monthly,Penn Sports (Barstool Sports),ESPN Bet,ESPN Bet,PENN Entertainment,retail,,0,0,0,0,0,0,0,0,,30,False,False,AZ_2023_09.pdf,,,,,,https://gaming.az.gov/sites/default/files/EW%20Website%20Revenue%20Report%20-Sep%202023.pdf,https://gaming.az.gov/blog-terms/event-wagering-revenue-reports,AZ/screenshots/AZ_2023_09_AZ_2023_09_p1.png,"Penn Sports (Barstool Sports) $ - $ 13,320,194.21 $ - $ 12,185,070.54 $ - $ 1,101,823.18 $ - $ 342,142.35 $ - $ 759,680.83 $ - $ 75,968.08",,2026-04-08T18:26:06.379937
AZ,2023-09-01,2023-09-30,monthly,Penn Sports (Barstool Sports),ESPN Bet,ESPN Bet,PENN Entertainment,online,,1332019421,110182318,113512367,34214235,75968083,1218507054,7596808,3330049,0.0827182518985209,30,False,False,AZ_2023_09.pdf,,,,,,https://gaming.az.gov/sites/default/files/EW%20Website%20Revenue%20Report%20-Sep%202023.pdf,https://gaming.az.gov/blog-terms/event-wagering-revenue-reports,AZ/screenshots/AZ_2023_09_AZ_2023_09_p1.png,"Penn Sports (Barstool Sports) $ - $ 13,320,194.21 $ - $ 12,185,070.54 $ - $ 1,101,823.18 $ - $ 342,142.35 $ - $ 759,680.83 $ - $ 75,968.08",,2026-04-08T18:26:06.379937
AZ,2023-09-01,2023-09-30,monthly,RSI (Rush Street Interactive),BetRivers,BetRivers,Rush Street Interactive,retail,,0,0,0,0,0,0,0,0,,30,False,False,AZ_2023_09.pdf,,,,,,https://gaming.az.gov/sites/default/files/EW%20Website%20Revenue%20Report%20-Sep%202023.pdf,https://gaming.az.gov/blog-terms/event-wagering-revenue-reports,AZ/screenshots/AZ_2023_09_AZ_2023_09_p1.png,"RSI (Rush Street Interactive) $ - $ 5 ,696,413.68 $ - $ 5,173,612.95 $ - $ 508,559.70 $ - $ 161,055.11 $ - $ 347,504.59 $ - $ 34,750.46",,2026-04-08T18:26:06.379937
AZ,2023-09-01,2023-09-30,monthly,RSI (Rush Street Interactive),BetRivers,BetRivers,Rush Street Interactive,online,,569641368,50855970,52280073,16105511,34750459,517361295,3475046,1424103,0.089277171316673,30,False,False,AZ_2023_09.pdf,,,,,,https://gaming.az.gov/sites/default/files/EW%20Website%20Revenue%20Report%20-Sep%202023.pdf,https://gaming.az.gov/blog-terms/event-wagering-revenue-reports,AZ/screenshots/AZ_2023_09_AZ_2023_09_p1.png,"RSI (Rush Street Interactive) $ - $ 5 ,696,413.68 $ - $ 5,173,612.95 $ - $ 508,559.70 $ - $ 161,055.11 $ - $ 347,504.59 $ - $ 34,750.46",,2026-04-08T18:26:06.379937
AZ,2023-09-01,2023-09-30,monthly,Sahara Bets,Sahara Bets,Sahara Bets,Sahara Bets,retail,,0,0,0,0,0,0,0,0,,30,False,False,AZ_2023_09.pdf,,,,,,https://gaming.az.gov/sites/default/files/EW%20Website%20Revenue%20Report%20-Sep%202023.pdf,https://gaming.az.gov/blog-terms/event-wagering-revenue-reports,AZ/screenshots/AZ_2023_09_AZ_2023_09_p1.png,"Sahara Bets $ - $ 591,888.00 $ - $ 522,937.95 $ - $ 6 7,470.33 $ - $ 5,218.78 $ - $ 6 2,251.55 $ - $ 6,225.16",,2026-04-08T18:26:06.379937
AZ,2023-09-01,2023-09-30,monthly,Sahara Bets,Sahara Bets,Sahara Bets,Sahara Bets,online,,59188800,6747033,6895005,521878,6225155,52293795,622516,147972,0.1139917180277349,30,False,False,AZ_2023_09.pdf,,,,,,https://gaming.az.gov/sites/default/files/EW%20Website%20Revenue%20Report%20-Sep%202023.pdf,https://gaming.az.gov/blog-terms/event-wagering-revenue-reports,AZ/screenshots/AZ_2023_09_AZ_2023_09_p1.png,"Sahara Bets $ - $ 591,888.00 $ - $ 522,937.95 $ - $ 6 7,470.33 $ - $ 5,218.78 $ - $ 6 2,251.55 $ - $ 6,225.16",,2026-04-08T18:26:06.379937
AZ,2023-09-01,2023-09-30,monthly,"SBOpco, LLC (SuperBook)",SuperBook,SuperBook,SuperBook Sports,retail,,0,0,0,0,0,0,0,0,,30,False,False,AZ_2023_09.pdf,,,,,,https://gaming.az.gov/sites/default/files/EW%20Website%20Revenue%20Report%20-Sep%202023.pdf,https://gaming.az.gov/blog-terms/event-wagering-revenue-reports,AZ/screenshots/AZ_2023_09_AZ_2023_09_p1.png,"SBOpco, LLC (SuperBook) $ - $ 995,263.78 $ - $ 970,055.18 $ - $ 2 2,806.97 $ - $ 12,766.65 $ - $ 1 0,040.32 $ - $ 1,004.03",,2026-04-08T18:26:06.379937
AZ,2023-09-01,2023-09-30,monthly,"SBOpco, LLC (SuperBook)",SuperBook,SuperBook,SuperBook Sports,online,,99526378,2280697,2520860,1276665,1004032,97005518,100403,240163,0.0229155028629696,30,False,False,AZ_2023_09.pdf,,,,,,https://gaming.az.gov/sites/default/files/EW%20Website%20Revenue%20Report%20-Sep%202023.pdf,https://gaming.az.gov/blog-terms/event-wagering-revenue-reports,AZ/screenshots/AZ_2023_09_AZ_2023_09_p1.png,"SBOpco, LLC (SuperBook) $ - $ 995,263.78 $ - $ 970,055.18 $ - $ 2 2,806.97 $ - $ 12,766.65 $ - $ 1 0,040.32 $ - $ 1,004.03",,2026-04-08T18:26:06.379937
AZ,2023-09-01,2023-09-30,monthly,Seminole Hard Rock Digital,Hard Rock Bet,Hard Rock Bet,Seminole Tribe / Hard Rock Digital,retail,,0,0,0,0,0,0,0,0,,30,False,False,AZ_2023_09.pdf,,,,,,https://gaming.az.gov/sites/default/files/EW%20Website%20Revenue%20Report%20-Sep%202023.pdf,https://gaming.az.gov/blog-terms/event-wagering-revenue-reports,AZ/screenshots/AZ_2023_09_AZ_2023_09_p1.png,"Seminole Hard Rock Digital $ - $ 6 ,793,433.39 $ - $ 6,428,173.93 $ - $ 348,275.88 $ - $ 278,790.54 $ - $ 6 9,485.34 $ - $ 6,948.53",,2026-04-08T18:26:06.379937
AZ,2023-09-01,2023-09-30,monthly,Seminole Hard Rock Digital,Hard Rock Bet,Hard Rock Bet,Seminole Tribe / Hard Rock Digital,online,,679343339,34827588,36525946,27879054,6948534,642817393,694853,1698358,0.0512665481511404,30,False,False,AZ_2023_09.pdf,,,,,,https://gaming.az.gov/sites/default/files/EW%20Website%20Revenue%20Report%20-Sep%202023.pdf,https://gaming.az.gov/blog-terms/event-wagering-revenue-reports,AZ/screenshots/AZ_2023_09_AZ_2023_09_p1.png,"Seminole Hard Rock Digital $ - $ 6 ,793,433.39 $ - $ 6,428,173.93 $ - $ 348,275.88 $ - $ 278,790.54 $ - $ 6 9,485.34 $ - $ 6,948.53",,2026-04-08T18:26:06.379937
AZ,2023-09-01,2023-09-30,monthly,Unibet AZ (Kindred),Unibet,Unibet,Kindred Group,retail,,0,0,0,0,0,0,0,0,,30,False,False,AZ_2023_09.pdf,,,,,,https://gaming.az.gov/sites/default/files/EW%20Website%20Revenue%20Report%20-Sep%202023.pdf,https://gaming.az.gov/blog-terms/event-wagering-revenue-reports,AZ/screenshots/AZ_2023_09_AZ_2023_09_p1.png,"Unibet AZ (Kindred) $ - $ 569,639.33 $ - $ 534,161.70 $ - $ 3 4,053.53 $ - $ 7,280.67 $ - $ 2 6,772.86 $ - $ 2,677.29",,2026-04-08T18:26:06.379937
AZ,2023-09-01,2023-09-30,monthly,Unibet AZ (Kindred),Unibet,Unibet,Kindred Group,online,,56963933,3405353,3547763,728067,2677286,53416170,267729,142410,0.0597808616901505,30,False,False,AZ_2023_09.pdf,,,,,,https://gaming.az.gov/sites/default/files/EW%20Website%20Revenue%20Report%20-Sep%202023.pdf,https://gaming.az.gov/blog-terms/event-wagering-revenue-reports,AZ/screenshots/AZ_2023_09_AZ_2023_09_p1.png,"Unibet AZ (Kindred) $ - $ 569,639.33 $ - $ 534,161.70 $ - $ 3 4,053.53 $ - $ 7,280.67 $ - $ 2 6,772.86 $ - $ 2,677.29",,2026-04-08T18:26:06.379937
AZ,2023-09-01,2023-09-30,monthly,WSI US (WynnBet),WynnBET,ESPN Bet,PENN Entertainment,retail,,0,0,0,0,0,0,0,0,,30,False,False,AZ_2023_09.pdf,,,,,,https://gaming.az.gov/sites/default/files/EW%20Website%20Revenue%20Report%20-Sep%202023.pdf,https://gaming.az.gov/blog-terms/event-wagering-revenue-reports,AZ/screenshots/AZ_2023_09_AZ_2023_09_p1.png,"WSI US (WynnBet) $ - $ 1 ,045,659.39 $ - $ 1,009,810.16 $ - $ 3 3,235.08 $ - $ 7,730.00 $ - $ 2 5,505.08 $ - $ 2,550.51",,2026-04-08T18:26:06.379937
AZ,2023-09-01,2023-09-30,monthly,WSI US (WynnBet),WynnBET,ESPN Bet,PENN Entertainment,online,,104565939,3323508,3584923,773000,2550508,100981016,255051,261415,0.0317838488496717,30,False,False,AZ_2023_09.pdf,,,,,,https://gaming.az.gov/sites/default/files/EW%20Website%20Revenue%20Report%20-Sep%202023.pdf,https://gaming.az.gov/blog-terms/event-wagering-revenue-reports,AZ/screenshots/AZ_2023_09_AZ_2023_09_p1.png,"WSI US (WynnBet) $ - $ 1 ,045,659.39 $ - $ 1,009,810.16 $ - $ 3 3,235.08 $ - $ 7,730.00 $ - $ 2 5,505.08 $ - $ 2,550.51",,2026-04-08T18:26:06.379937
AZ,2023-10-01,2023-10-31,monthly,"Bally Interactive, LLC",Bally Bet,Bally Bet,Bally's Corporation,retail,,0,0,0,0,0,0,0,0,,31,False,False,AZ_2023_10.pdf,,,,,,https://gaming.az.gov/sites/default/files/EW%20Revenue%20Report%20for%20Website%20-%20Oct%202023.pdf,https://gaming.az.gov/blog-terms/event-wagering-revenue-reports,AZ/screenshots/AZ_2023_10_AZ_2023_10_p1.png,"Bally Interactive, LLC $ - $ 3 49,126.02 $ - $ 318,737.19 $ - $ 29,516.01 $ - $ 3,413.98 $ - $ 26,102.03 $ - $ 2 ,610.20",,2026-04-08T18:26:08.339208
AZ,2023-10-01,2023-10-31,monthly,"Bally Interactive, LLC",Bally Bet,Bally Bet,Bally's Corporation,online,,34912602,2951601,3038883,341398,2610203,31873719,261020,87282,0.0845425671796104,31,False,False,AZ_2023_10.pdf,,,,,,https://gaming.az.gov/sites/default/files/EW%20Revenue%20Report%20for%20Website%20-%20Oct%202023.pdf,https://gaming.az.gov/blog-terms/event-wagering-revenue-reports,AZ/screenshots/AZ_2023_10_AZ_2023_10_p1.png,"Bally Interactive, LLC $ - $ 3 49,126.02 $ - $ 318,737.19 $ - $ 29,516.01 $ - $ 3,413.98 $ - $ 26,102.03 $ - $ 2 ,610.20",,2026-04-08T18:26:08.339208
AZ,2023-10-01,2023-10-31,monthly,BetFred,Betfred,Betfred,Betfred Group,retail,,0,0,0,0,0,0,0,0,,31,False,False,AZ_2023_10.pdf,,,,,,https://gaming.az.gov/sites/default/files/EW%20Revenue%20Report%20for%20Website%20-%20Oct%202023.pdf,https://gaming.az.gov/blog-terms/event-wagering-revenue-reports,AZ/screenshots/AZ_2023_10_AZ_2023_10_p1.png,"BetFred $ - $ 3 ,747,981.53 $ - $ 3,716,676.07 $ - $ 21,935.51 $ - $ 21,935.51 $ - $ - $ - $ -",,2026-04-08T18:26:08.339208
AZ,2023-10-01,2023-10-31,monthly,BetFred,Betfred,Betfred,Betfred Group,online,,374798153,2193551,3130546,2193551,0,371667607,0,936995,0.0058526195565323,31,False,False,AZ_2023_10.pdf,,,,,,https://gaming.az.gov/sites/default/files/EW%20Revenue%20Report%20for%20Website%20-%20Oct%202023.pdf,https://gaming.az.gov/blog-terms/event-wagering-revenue-reports,AZ/screenshots/AZ_2023_10_AZ_2023_10_p1.png,"BetFred $ - $ 3 ,747,981.53 $ - $ 3,716,676.07 $ - $ 21,935.51 $ - $ 21,935.51 $ - $ - $ - $ -",,2026-04-08T18:26:08.339208
AZ,2023-10-01,2023-10-31,monthly,BetMGM,BetMGM,BetMGM,Entain/MGM Resorts,retail,,91930910,7543988,7773815,0,7543988,84157095,603519,229827,0.0820614959647413,31,False,False,AZ_2023_10.pdf,,,,,,https://gaming.az.gov/sites/default/files/EW%20Revenue%20Report%20for%20Website%20-%20Oct%202023.pdf,https://gaming.az.gov/blog-terms/event-wagering-revenue-reports,AZ/screenshots/AZ_2023_10_AZ_2023_10_p1.png,"BetMGM $ 919,309.10 $ 9 0,491,332.65 $ 841,570.95 $ 81,338,981.19 $ 75,439.88 $ 8,934,250.96 $ - $ 3,555,118.28 $ 75,439.88 $ 5,379,132.68 $ 6 ,035.19 $ 5 37,913.27",,2026-04-08T18:26:08.339208
AZ,2023-10-01,2023-10-31,monthly,BetMGM,BetMGM,BetMGM,Entain/MGM Resorts,online,,9049133265,893425096,915235146,355511828,537913268,8133898119,53791327,21810050,0.0987304606790979,31,False,False,AZ_2023_10.pdf,,,,,,https://gaming.az.gov/sites/default/files/EW%20Revenue%20Report%20for%20Website%20-%20Oct%202023.pdf,https://gaming.az.gov/blog-terms/event-wagering-revenue-reports,AZ/screenshots/AZ_2023_10_AZ_2023_10_p1.png,"BetMGM $ 919,309.10 $ 9 0,491,332.65 $ 841,570.95 $ 81,338,981.19 $ 75,439.88 $ 8,934,250.96 $ - $ 3,555,118.28 $ 75,439.88 $ 5,379,132.68 $ 6 ,035.19 $ 5 37,913.27",,2026-04-08T18:26:08.339208
AZ,2023-10-01,2023-10-31,monthly,Caesars (American Wagering),Caesars,Caesars,Caesars Entertainment,retail,,158353090,4572119,4964725,0,4572119,153388365,365770,392606,0.0288729383177808,31,False,False,AZ_2023_10.pdf,,,,,,https://gaming.az.gov/sites/default/files/EW%20Revenue%20Report%20for%20Website%20-%20Oct%202023.pdf,https://gaming.az.gov/blog-terms/event-wagering-revenue-reports,AZ/screenshots/AZ_2023_10_AZ_2023_10_p1.png,"Caesars (American Wagering) $ 1,583,530.90 $ 5 9,099,809.95 $ 1,533,883.65 $ 56,110,444.47 $ 45,721.19 $ 2,839,730.18 $ - $ 1,017,655.86 $ 45,721.19 $ 1,822,074.32 $ 3 ,657.70 $ 1 82,207.43",,2026-04-08T18:26:08.339208
AZ,2023-10-01,2023-10-31,monthly,Caesars (American Wagering),Caesars,Caesars,Caesars Entertainment,online,,5909980995,283973018,298936548,101765586,182207432,5611044447,18220743,14963530,0.048049734549104,31,False,False,AZ_2023_10.pdf,,,,,,https://gaming.az.gov/sites/default/files/EW%20Revenue%20Report%20for%20Website%20-%20Oct%202023.pdf,https://gaming.az.gov/blog-terms/event-wagering-revenue-reports,AZ/screenshots/AZ_2023_10_AZ_2023_10_p1.png,"Caesars (American Wagering) $ 1,583,530.90 $ 5 9,099,809.95 $ 1,533,883.65 $ 56,110,444.47 $ 45,721.19 $ 2,839,730.18 $ - $ 1,017,655.86 $ 45,721.19 $ 1,822,074.32 $ 3 ,657.70 $ 1 82,207.43",,2026-04-08T18:26:08.339208
AZ,2023-10-01,2023-10-31,monthly,Churchill Downs/TwinSpires,TwinSpires,TwinSpires,Churchill Downs Inc,retail,,0,0,0,0,0,0,0,0,,31,False,False,AZ_2023_10.pdf,,,,,,https://gaming.az.gov/sites/default/files/EW%20Revenue%20Report%20for%20Website%20-%20Oct%202023.pdf,https://gaming.az.gov/blog-terms/event-wagering-revenue-reports,AZ/screenshots/AZ_2023_10_AZ_2023_10_p1.png,"Churchill Downs/TwinSpires $ - $ 7 7,099.11 $ - $ 82,172.48 $ - $ - $ - $ - $ - $ - $ - $ -",,2026-04-08T18:26:08.339208
AZ,2023-10-01,2023-10-31,monthly,Churchill Downs/TwinSpires,TwinSpires,TwinSpires,Churchill Downs Inc,online,,7709911,0,-507337,0,0,8217248,0,-507337,0.0,31,False,False,AZ_2023_10.pdf,,,,,,https://gaming.az.gov/sites/default/files/EW%20Revenue%20Report%20for%20Website%20-%20Oct%202023.pdf,https://gaming.az.gov/blog-terms/event-wagering-revenue-reports,AZ/screenshots/AZ_2023_10_AZ_2023_10_p1.png,"Churchill Downs/TwinSpires $ - $ 7 7,099.11 $ - $ 82,172.48 $ - $ - $ - $ - $ - $ - $ - $ -",,2026-04-08T18:26:08.339208
AZ,2023-10-01,2023-10-31,monthly,Desert Diamond Mobile,Desert Diamond,Desert Diamond,Tohono O'odham Nation,retail,,0,0,0,0,0,0,0,0,,31,False,False,AZ_2023_10.pdf,,,,,,https://gaming.az.gov/sites/default/files/EW%20Revenue%20Report%20for%20Website%20-%20Oct%202023.pdf,https://gaming.az.gov/blog-terms/event-wagering-revenue-reports,AZ/screenshots/AZ_2023_10_AZ_2023_10_p1.png,"Desert Diamond Mobile $ - $ 1 3,528,990.02 $ - $ 12,920,135.36 $ - $ 575,993.17 $ - $ 384,394.05 $ - $ 191,599.12 $ - $ 1 9,159.91",,2026-04-08T18:26:08.339208
AZ,2023-10-01,2023-10-31,monthly,Desert Diamond Mobile,Desert Diamond,Desert Diamond,Tohono O'odham Nation,online,,1352899002,57599317,60885466,38439405,19159912,1292013536,1915991,3286149,0.0425747353755531,31,False,False,AZ_2023_10.pdf,,,,,,https://gaming.az.gov/sites/default/files/EW%20Revenue%20Report%20for%20Website%20-%20Oct%202023.pdf,https://gaming.az.gov/blog-terms/event-wagering-revenue-reports,AZ/screenshots/AZ_2023_10_AZ_2023_10_p1.png,"Desert Diamond Mobile $ - $ 1 3,528,990.02 $ - $ 12,920,135.36 $ - $ 575,993.17 $ - $ 384,394.05 $ - $ 191,599.12 $ - $ 1 9,159.91",,2026-04-08T18:26:08.339208
AZ,2023-10-01,2023-10-31,monthly,Digital Gaming USA (Betway),Betway,Betway,Digital Gaming USA,retail,,0,0,0,0,0,0,0,0,,31,False,False,AZ_2023_10.pdf,,,,,,https://gaming.az.gov/sites/default/files/EW%20Revenue%20Report%20for%20Website%20-%20Oct%202023.pdf,https://gaming.az.gov/blog-terms/event-wagering-revenue-reports,AZ/screenshots/AZ_2023_10_AZ_2023_10_p1.png,"Digital Gaming USA (Betway) $ - $ 2 ,062,553.77 $ - $ 2,004,473.92 $ - $ 52,923.47 $ - $ 33,370.58 $ - $ 19,552.89 $ - $ 1 ,955.29",,2026-04-08T18:26:08.339208
AZ,2023-10-01,2023-10-31,monthly,Digital Gaming USA (Betway),Betway,Betway,Digital Gaming USA,online,,206255377,5292347,5807985,3337058,1955289,200447392,195529,515638,0.0256591952994272,31,False,False,AZ_2023_10.pdf,,,,,,https://gaming.az.gov/sites/default/files/EW%20Revenue%20Report%20for%20Website%20-%20Oct%202023.pdf,https://gaming.az.gov/blog-terms/event-wagering-revenue-reports,AZ/screenshots/AZ_2023_10_AZ_2023_10_p1.png,"Digital Gaming USA (Betway) $ - $ 2 ,062,553.77 $ - $ 2,004,473.92 $ - $ 52,923.47 $ - $ 33,370.58 $ - $ 19,552.89 $ - $ 1 ,955.29",,2026-04-08T18:26:08.339208
AZ,2023-10-01,2023-10-31,monthly,Draft Kings/Crown Gaming,DraftKings,DraftKings,DraftKings Inc,retail,,75939912,20810715,21000565,0,20810715,54939347,1664857,189850,0.2740418635196733,31,False,False,AZ_2023_10.pdf,,,,,,https://gaming.az.gov/sites/default/files/EW%20Revenue%20Report%20for%20Website%20-%20Oct%202023.pdf,https://gaming.az.gov/blog-terms/event-wagering-revenue-reports,AZ/screenshots/AZ_2023_10_AZ_2023_10_p1.png,"Draft Kings/Crown Gaming $ 759,399.12 $ 2 20,623,043.50 $ 549,393.47 $ 198,164,353.21 $ 208,107.15 $ 21,929,952.30 $ - $ 9,180,568.06 $ 208,107.15 $ 12,749,384.24 $ 1 6,648.57 $ 1 ,274,938.42",,2026-04-08T18:26:08.339208
AZ,2023-10-01,2023-10-31,monthly,Draft Kings/Crown Gaming,DraftKings,DraftKings,DraftKings Inc,online,,22062304350,2192995230,2245869029,918056806,1274938424,19816435321,127493842,52873799,0.0994000987027449,31,False,False,AZ_2023_10.pdf,,,,,,https://gaming.az.gov/sites/default/files/EW%20Revenue%20Report%20for%20Website%20-%20Oct%202023.pdf,https://gaming.az.gov/blog-terms/event-wagering-revenue-reports,AZ/screenshots/AZ_2023_10_AZ_2023_10_p1.png,"Draft Kings/Crown Gaming $ 759,399.12 $ 2 20,623,043.50 $ 549,393.47 $ 198,164,353.21 $ 208,107.15 $ 21,929,952.30 $ - $ 9,180,568.06 $ 208,107.15 $ 12,749,384.24 $ 1 6,648.57 $ 1 ,274,938.42",,2026-04-08T18:26:08.339208
AZ,2023-10-01,2023-10-31,monthly,Fan Duel,FanDuel,FanDuel,Flutter Entertainment,retail,,212923800,11386444,11918550,711000,10675444,201005250,854036,532106,0.0534766146386641,31,False,False,AZ_2023_10.pdf,,,,,,https://gaming.az.gov/sites/default/files/EW%20Revenue%20Report%20for%20Website%20-%20Oct%202023.pdf,https://gaming.az.gov/blog-terms/event-wagering-revenue-reports,AZ/screenshots/AZ_2023_10_AZ_2023_10_p1.png,"Fan Duel $ 2,129,238.00 $ 2 20,302,787.36 $ 2,010,052.50 $ 200,115,181.03 $ 113,864.44 $ 19,657,021.85 $ 7,110.00 $ 8,069,004.67 $ 106,754.44 $ 11,588,017.18 $ 8 ,540.36 $ 1 ,158,801.72",,2026-04-08T18:26:08.339208
AZ,2023-10-01,2023-10-31,monthly,Fan Duel,FanDuel,FanDuel,Flutter Entertainment,online,,22030278736,1965702185,2018760633,806900467,1158801718,20011518103,115880172,53058448,0.0892272952401558,31,False,False,AZ_2023_10.pdf,,,,,,https://gaming.az.gov/sites/default/files/EW%20Revenue%20Report%20for%20Website%20-%20Oct%202023.pdf,https://gaming.az.gov/blog-terms/event-wagering-revenue-reports,AZ/screenshots/AZ_2023_10_AZ_2023_10_p1.png,"Fan Duel $ 2,129,238.00 $ 2 20,302,787.36 $ 2,010,052.50 $ 200,115,181.03 $ 113,864.44 $ 19,657,021.85 $ 7,110.00 $ 8,069,004.67 $ 106,754.44 $ 11,588,017.18 $ 8 ,540.36 $ 1 ,158,801.72",,2026-04-08T18:26:08.339208
AZ,2023-10-01,2023-10-31,monthly,Golden Nugget Online Gaming,DraftKings (Golden Nugget),DraftKings,DraftKings Inc,retail,,0,0,0,0,0,0,0,0,,31,False,False,AZ_2023_10.pdf,,,,,,https://gaming.az.gov/sites/default/files/EW%20Revenue%20Report%20for%20Website%20-%20Oct%202023.pdf,https://gaming.az.gov/blog-terms/event-wagering-revenue-reports,AZ/screenshots/AZ_2023_10_AZ_2023_10_p1.png,"Golden Nugget Online Gaming $ - $ 6 20,360.33 $ - $ 680,366.16 $ - $ - $ - $ - $ - $ - $ - $ -",,2026-04-08T18:26:08.339208
AZ,2023-10-01,2023-10-31,monthly,Golden Nugget Online Gaming,DraftKings (Golden Nugget),DraftKings,DraftKings Inc,online,,62036033,0,-6000583,0,0,68036616,0,-6000583,0.0,31,False,False,AZ_2023_10.pdf,,,,,,https://gaming.az.gov/sites/default/files/EW%20Revenue%20Report%20for%20Website%20-%20Oct%202023.pdf,https://gaming.az.gov/blog-terms/event-wagering-revenue-reports,AZ/screenshots/AZ_2023_10_AZ_2023_10_p1.png,"Golden Nugget Online Gaming $ - $ 6 20,360.33 $ - $ 680,366.16 $ - $ - $ - $ - $ - $ - $ - $ -",,2026-04-08T18:26:08.339208
AZ,2023-10-01,2023-10-31,monthly,Penn Sports (Barstool Sports),ESPN Bet,ESPN Bet,PENN Entertainment,retail,,0,0,0,0,0,0,0,0,,31,False,False,AZ_2023_10.pdf,,,,,,https://gaming.az.gov/sites/default/files/EW%20Revenue%20Report%20for%20Website%20-%20Oct%202023.pdf,https://gaming.az.gov/blog-terms/event-wagering-revenue-reports,AZ/screenshots/AZ_2023_10_AZ_2023_10_p1.png,"Penn Sports (Barstool Sports) $ - $ 1 3,870,165.75 $ - $ 13,240,421.73 $ - $ 595,068.61 $ - $ 218,606.40 $ - $ 376,462.21 $ - $ 3 7,646.22",,2026-04-08T18:26:08.339208
AZ,2023-10-01,2023-10-31,monthly,Penn Sports (Barstool Sports),ESPN Bet,ESPN Bet,PENN Entertainment,online,,1387016575,59506861,62974402,21860640,37646221,1324042173,3764622,3467541,0.0429027756932176,31,False,False,AZ_2023_10.pdf,,,,,,https://gaming.az.gov/sites/default/files/EW%20Revenue%20Report%20for%20Website%20-%20Oct%202023.pdf,https://gaming.az.gov/blog-terms/event-wagering-revenue-reports,AZ/screenshots/AZ_2023_10_AZ_2023_10_p1.png,"Penn Sports (Barstool Sports) $ - $ 1 3,870,165.75 $ - $ 13,240,421.73 $ - $ 595,068.61 $ - $ 218,606.40 $ - $ 376,462.21 $ - $ 3 7,646.22",,2026-04-08T18:26:08.339208
AZ,2023-10-01,2023-10-31,monthly,RSI (Rush Street Interactive),BetRivers,BetRivers,Rush Street Interactive,retail,,0,0,0,0,0,0,0,0,,31,False,False,AZ_2023_10.pdf,,,,,,https://gaming.az.gov/sites/default/files/EW%20Revenue%20Report%20for%20Website%20-%20Oct%202023.pdf,https://gaming.az.gov/blog-terms/event-wagering-revenue-reports,AZ/screenshots/AZ_2023_10_AZ_2023_10_p1.png,"RSI (Rush Street Interactive) $ - $ 6 ,458,764.60 $ - $ 6,565,885.01 $ - $ - $ - $ - $ - $ - $ - $ -",,2026-04-08T18:26:08.339208
AZ,2023-10-01,2023-10-31,monthly,RSI (Rush Street Interactive),BetRivers,BetRivers,Rush Street Interactive,online,,645876460,0,-10712041,0,0,656588501,0,-10712041,0.0,31,False,False,AZ_2023_10.pdf,,,,,,https://gaming.az.gov/sites/default/files/EW%20Revenue%20Report%20for%20Website%20-%20Oct%202023.pdf,https://gaming.az.gov/blog-terms/event-wagering-revenue-reports,AZ/screenshots/AZ_2023_10_AZ_2023_10_p1.png,"RSI (Rush Street Interactive) $ - $ 6 ,458,764.60 $ - $ 6,565,885.01 $ - $ - $ - $ - $ - $ - $ - $ -",,2026-04-08T18:26:08.339208
AZ,2023-10-01,2023-10-31,monthly,Sahara Bets,Sahara Bets,Sahara Bets,Sahara Bets,retail,,0,0,0,0,0,0,0,0,,31,False,False,AZ_2023_10.pdf,,,,,,https://gaming.az.gov/sites/default/files/EW%20Revenue%20Report%20for%20Website%20-%20Oct%202023.pdf,https://gaming.az.gov/blog-terms/event-wagering-revenue-reports,AZ/screenshots/AZ_2023_10_AZ_2023_10_p1.png,"Sahara Bets $ - $ 5 54,586.83 $ - $ 530,804.59 $ - $ 22,395.77 $ - $ 8,577.35 $ - $ 13,818.42 $ - $ 1 ,381.84",,2026-04-08T18:26:08.339208
AZ,2023-10-01,2023-10-31,monthly,Sahara Bets,Sahara Bets,Sahara Bets,Sahara Bets,online,,55458683,2239577,2378224,857735,1381842,53080459,138184,138647,0.0403828017336798,31,False,False,AZ_2023_10.pdf,,,,,,https://gaming.az.gov/sites/default/files/EW%20Revenue%20Report%20for%20Website%20-%20Oct%202023.pdf,https://gaming.az.gov/blog-terms/event-wagering-revenue-reports,AZ/screenshots/AZ_2023_10_AZ_2023_10_p1.png,"Sahara Bets $ - $ 5 54,586.83 $ - $ 530,804.59 $ - $ 22,395.77 $ - $ 8,577.35 $ - $ 13,818.42 $ - $ 1 ,381.84",,2026-04-08T18:26:08.339208
AZ,2023-10-01,2023-10-31,monthly,"SBOpco, LLC (SuperBook)",SuperBook,SuperBook,SuperBook Sports,retail,,0,0,0,0,0,0,0,0,,31,False,False,AZ_2023_10.pdf,,,,,,https://gaming.az.gov/sites/default/files/EW%20Revenue%20Report%20for%20Website%20-%20Oct%202023.pdf,https://gaming.az.gov/blog-terms/event-wagering-revenue-reports,AZ/screenshots/AZ_2023_10_AZ_2023_10_p1.png,"SBOpco, LLC (SuperBook) $ - $ 7 99,560.62 $ - $ 720,733.18 $ - $ 76,921.36 $ - $ 9,885.64 $ - $ 67,035.72 $ - $ 6 ,703.57",,2026-04-08T18:26:08.339208
AZ,2023-10-01,2023-10-31,monthly,"SBOpco, LLC (SuperBook)",SuperBook,SuperBook,SuperBook Sports,online,,79956062,7692136,7882744,988564,6703572,72073318,670357,190608,0.0962045379373486,31,False,False,AZ_2023_10.pdf,,,,,,https://gaming.az.gov/sites/default/files/EW%20Revenue%20Report%20for%20Website%20-%20Oct%202023.pdf,https://gaming.az.gov/blog-terms/event-wagering-revenue-reports,AZ/screenshots/AZ_2023_10_AZ_2023_10_p1.png,"SBOpco, LLC (SuperBook) $ - $ 7 99,560.62 $ - $ 720,733.18 $ - $ 76,921.36 $ - $ 9,885.64 $ - $ 67,035.72 $ - $ 6 ,703.57",,2026-04-08T18:26:08.339208
AZ,2023-10-01,2023-10-31,monthly,Seminole Hard Rock Digital,Hard Rock Bet,Hard Rock Bet,Seminole Tribe / Hard Rock Digital,retail,,0,0,0,0,0,0,0,0,,31,False,False,AZ_2023_10.pdf,,,,,,https://gaming.az.gov/sites/default/files/EW%20Revenue%20Report%20for%20Website%20-%20Oct%202023.pdf,https://gaming.az.gov/blog-terms/event-wagering-revenue-reports,AZ/screenshots/AZ_2023_10_AZ_2023_10_p1.png,"Seminole Hard Rock Digital $ - $ 6 ,408,445.89 $ - $ 6,183,680.32 $ - $ 208,744.46 $ - $ 86,164.96 $ - $ 122,579.50 $ - $ 1 2,257.95",,2026-04-08T18:26:08.339208
AZ,2023-10-01,2023-10-31,monthly,Seminole Hard Rock Digital,Hard Rock Bet,Hard Rock Bet,Seminole Tribe / Hard Rock Digital,online,,640844589,20874446,22476557,8616496,12257950,618368032,1225795,1602111,0.0325733358107514,31,False,False,AZ_2023_10.pdf,,,,,,https://gaming.az.gov/sites/default/files/EW%20Revenue%20Report%20for%20Website%20-%20Oct%202023.pdf,https://gaming.az.gov/blog-terms/event-wagering-revenue-reports,AZ/screenshots/AZ_2023_10_AZ_2023_10_p1.png,"Seminole Hard Rock Digital $ - $ 6 ,408,445.89 $ - $ 6,183,680.32 $ - $ 208,744.46 $ - $ 86,164.96 $ - $ 122,579.50 $ - $ 1 2,257.95",,2026-04-08T18:26:08.339208
AZ,2023-10-01,2023-10-31,monthly,Unibet AZ (Kindred),Unibet,Unibet,Kindred Group,retail,,0,0,0,0,0,0,0,0,,31,False,False,AZ_2023_10.pdf,,,,,,https://gaming.az.gov/sites/default/files/EW%20Revenue%20Report%20for%20Website%20-%20Oct%202023.pdf,https://gaming.az.gov/blog-terms/event-wagering-revenue-reports,AZ/screenshots/AZ_2023_10_AZ_2023_10_p1.png,"Unibet AZ (Kindred) $ - $ 7 99,121.18 $ - $ 709,884.52 $ - $ 87,238.86 $ - $ 2,676.68 $ - $ 84,562.18 $ - $ 8 ,456.22",,2026-04-08T18:26:08.339208
AZ,2023-10-01,2023-10-31,monthly,Unibet AZ (Kindred),Unibet,Unibet,Kindred Group,online,,79912118,8723886,8923666,267668,8456218,70988452,845622,199780,0.1091684993257217,31,False,False,AZ_2023_10.pdf,,,,,,https://gaming.az.gov/sites/default/files/EW%20Revenue%20Report%20for%20Website%20-%20Oct%202023.pdf,https://gaming.az.gov/blog-terms/event-wagering-revenue-reports,AZ/screenshots/AZ_2023_10_AZ_2023_10_p1.png,"Unibet AZ (Kindred) $ - $ 7 99,121.18 $ - $ 709,884.52 $ - $ 87,238.86 $ - $ 2,676.68 $ - $ 84,562.18 $ - $ 8 ,456.22",,2026-04-08T18:26:08.339208
AZ,2023-10-01,2023-10-31,monthly,WSI US (WynnBet),WynnBET,ESPN Bet,PENN Entertainment,retail,,0,0,0,0,0,0,0,0,,31,False,False,AZ_2023_10.pdf,,,,,,https://gaming.az.gov/sites/default/files/EW%20Revenue%20Report%20for%20Website%20-%20Oct%202023.pdf,https://gaming.az.gov/blog-terms/event-wagering-revenue-reports,AZ/screenshots/AZ_2023_10_AZ_2023_10_p1.png,"WSI US (WynnBet) $ - $ 1 ,225,684.52 $ - $ 1,296,893.94 $ - $ - $ - $ - $ - $ - $ - $ -",,2026-04-08T18:26:08.339208
AZ,2023-10-01,2023-10-31,monthly,WSI US (WynnBet),WynnBET,ESPN Bet,PENN Entertainment,online,,122568452,0,-7120942,0,0,129689394,0,-7120942,0.0,31,False,False,AZ_2023_10.pdf,,,,,,https://gaming.az.gov/sites/default/files/EW%20Revenue%20Report%20for%20Website%20-%20Oct%202023.pdf,https://gaming.az.gov/blog-terms/event-wagering-revenue-reports,AZ/screenshots/AZ_2023_10_AZ_2023_10_p1.png,"WSI US (WynnBet) $ - $ 1 ,225,684.52 $ - $ 1,296,893.94 $ - $ - $ - $ - $ - $ - $ - $ -",,2026-04-08T18:26:08.339208
AZ,2023-11-01,2023-11-30,monthly,"Bally Interactive, LLC",Bally Bet,Bally Bet,Bally's Corporation,retail,,0,0,0,0,0,0,0,0,,30,False,False,AZ_2023_11.pdf,,,,,,https://gaming.az.gov/sites/default/files/EW%20Revenue%20Report%20for%20Website%20-%20Nov%202023.pdf,https://gaming.az.gov/blog-terms/event-wagering-revenue-reports,AZ/screenshots/AZ_2023_11_AZ_2023_11_p1.png,"Bally Interactive, LLC $ - $ 1 ,238,094.36 $ - $ 1,261,196.06 $ - $ - $ - $ - $ - $ - $ - $ -",,2026-04-08T18:26:10.513933
AZ,2023-11-01,2023-11-30,monthly,"Bally Interactive, LLC",Bally Bet,Bally Bet,Bally's Corporation,online,,123809436,0,-2310170,0,0,126119606,0,-2310170,0.0,30,False,False,AZ_2023_11.pdf,,,,,,https://gaming.az.gov/sites/default/files/EW%20Revenue%20Report%20for%20Website%20-%20Nov%202023.pdf,https://gaming.az.gov/blog-terms/event-wagering-revenue-reports,AZ/screenshots/AZ_2023_11_AZ_2023_11_p1.png,"Bally Interactive, LLC $ - $ 1 ,238,094.36 $ - $ 1,261,196.06 $ - $ - $ - $ - $ - $ - $ - $ -",,2026-04-08T18:26:10.513933
AZ,2023-11-01,2023-11-30,monthly,BetFred,Betfred,Betfred,Betfred Group,retail,,0,0,0,0,0,0,0,0,,30,False,False,AZ_2023_11.pdf,,,,,,https://gaming.az.gov/sites/default/files/EW%20Revenue%20Report%20for%20Website%20-%20Nov%202023.pdf,https://gaming.az.gov/blog-terms/event-wagering-revenue-reports,AZ/screenshots/AZ_2023_11_AZ_2023_11_p1.png,"BetFred $ - $ 3 ,818,178.64 $ - $ 3,818,506.25 $ - $ - $ - $ - $ - $ - $ - $ -",,2026-04-08T18:26:10.513933
AZ,2023-11-01,2023-11-30,monthly,BetFred,Betfred,Betfred,Betfred Group,online,,381817864,0,-32761,0,0,381850625,0,-32761,0.0,30,False,False,AZ_2023_11.pdf,,,,,,https://gaming.az.gov/sites/default/files/EW%20Revenue%20Report%20for%20Website%20-%20Nov%202023.pdf,https://gaming.az.gov/blog-terms/event-wagering-revenue-reports,AZ/screenshots/AZ_2023_11_AZ_2023_11_p1.png,"BetFred $ - $ 3 ,818,178.64 $ - $ 3,818,506.25 $ - $ - $ - $ - $ - $ - $ - $ -",,2026-04-08T18:26:10.513933
AZ,2023-11-01,2023-11-30,monthly,BetMGM,BetMGM,BetMGM,Entain/MGM Resorts,retail,,66024165,8457735,8622795,0,8457735,57401370,676619,165060,0.1281005977129737,30,False,False,AZ_2023_11.pdf,,,,,,https://gaming.az.gov/sites/default/files/EW%20Revenue%20Report%20for%20Website%20-%20Nov%202023.pdf,https://gaming.az.gov/blog-terms/event-wagering-revenue-reports,AZ/screenshots/AZ_2023_11_AZ_2023_11_p1.png,"BetMGM $ 660,241.65 $ 9 1,741,885.56 $ 574,013.70 $ 86,892,479.46 $ 84,577.35 $ 4,626,556.73 $ - $ 2,688,255.09 $ 84,577.35 $ 1,938,301.64 $ 6 ,766.19 $ 1 93,830.16",,2026-04-08T18:26:10.513933
AZ,2023-11-01,2023-11-30,monthly,BetMGM,BetMGM,BetMGM,Entain/MGM Resorts,online,,9174188556,462655673,484940610,268825509,193830164,8689247946,19383016,22284937,0.0504301465111504,30,False,False,AZ_2023_11.pdf,,,,,,https://gaming.az.gov/sites/default/files/EW%20Revenue%20Report%20for%20Website%20-%20Nov%202023.pdf,https://gaming.az.gov/blog-terms/event-wagering-revenue-reports,AZ/screenshots/AZ_2023_11_AZ_2023_11_p1.png,"BetMGM $ 660,241.65 $ 9 1,741,885.56 $ 574,013.70 $ 86,892,479.46 $ 84,577.35 $ 4,626,556.73 $ - $ 2,688,255.09 $ 84,577.35 $ 1,938,301.64 $ 6 ,766.19 $ 1 93,830.16",,2026-04-08T18:26:10.513933
AZ,2023-11-01,2023-11-30,monthly,Caesars (American Wagering),Caesars,Caesars,Caesars Entertainment,retail,,114633378,11197862,11497603,0,11197862,103135775,895829,299741,0.0976841317543656,30,False,False,AZ_2023_11.pdf,,,,,,https://gaming.az.gov/sites/default/files/EW%20Revenue%20Report%20for%20Website%20-%20Nov%202023.pdf,https://gaming.az.gov/blog-terms/event-wagering-revenue-reports,AZ/screenshots/AZ_2023_11_AZ_2023_11_p1.png,"Caesars (American Wagering) $ 1,146,333.78 $ 6 6,503,243.89 $ 1,031,357.75 $ 65,239,219.32 $ 111,978.62 $ 1,098,138.94 $ - $ 915,164.51 $ 111,978.62 $ 182,974.43 $ 8 ,958.29 $ 1 8,297.44",,2026-04-08T18:26:10.513933
AZ,2023-11-01,2023-11-30,monthly,Caesars (American Wagering),Caesars,Caesars,Caesars Entertainment,online,,6650324389,109813894,126402457,91516451,18297443,6523921932,1829744,16588563,0.0165125620310549,30,False,False,AZ_2023_11.pdf,,,,,,https://gaming.az.gov/sites/default/files/EW%20Revenue%20Report%20for%20Website%20-%20Nov%202023.pdf,https://gaming.az.gov/blog-terms/event-wagering-revenue-reports,AZ/screenshots/AZ_2023_11_AZ_2023_11_p1.png,"Caesars (American Wagering) $ 1,146,333.78 $ 6 6,503,243.89 $ 1,031,357.75 $ 65,239,219.32 $ 111,978.62 $ 1,098,138.94 $ - $ 915,164.51 $ 111,978.62 $ 182,974.43 $ 8 ,958.29 $ 1 8,297.44",,2026-04-08T18:26:10.513933
AZ,2023-11-01,2023-11-30,monthly,Churchill Downs/TwinSpires,TwinSpires,TwinSpires,Churchill Downs Inc,retail,,0,0,0,0,0,0,0,0,,30,False,False,AZ_2023_11.pdf,,,,,,https://gaming.az.gov/sites/default/files/EW%20Revenue%20Report%20for%20Website%20-%20Nov%202023.pdf,https://gaming.az.gov/blog-terms/event-wagering-revenue-reports,AZ/screenshots/AZ_2023_11_AZ_2023_11_p1.png,"Churchill Downs/TwinSpires $ - $ 1 68,831.65 $ - $ 168,805.93 $ - $ - $ - $ - $ - $ - $ - $ -",,2026-04-08T18:26:10.513933
AZ,2023-11-01,2023-11-30,monthly,Churchill Downs/TwinSpires,TwinSpires,TwinSpires,Churchill Downs Inc,online,,16883165,0,2572,0,0,16880593,0,2572,0.0,30,False,False,AZ_2023_11.pdf,,,,,,https://gaming.az.gov/sites/default/files/EW%20Revenue%20Report%20for%20Website%20-%20Nov%202023.pdf,https://gaming.az.gov/blog-terms/event-wagering-revenue-reports,AZ/screenshots/AZ_2023_11_AZ_2023_11_p1.png,"Churchill Downs/TwinSpires $ - $ 1 68,831.65 $ - $ 168,805.93 $ - $ - $ - $ - $ - $ - $ - $ -",,2026-04-08T18:26:10.513933
AZ,2023-11-01,2023-11-30,monthly,Desert Diamond Mobile,Desert Diamond,Desert Diamond,Tohono O'odham Nation,retail,,0,0,0,0,0,0,0,0,,30,False,False,AZ_2023_11.pdf,,,,,,https://gaming.az.gov/sites/default/files/EW%20Revenue%20Report%20for%20Website%20-%20Nov%202023.pdf,https://gaming.az.gov/blog-terms/event-wagering-revenue-reports,AZ/screenshots/AZ_2023_11_AZ_2023_11_p1.png,"Desert Diamond Mobile $ - $ 6 ,227,461.79 $ - $ 6,160,662.27 $ - $ 51,885.82 $ - $ 51,885.82 $ - $ - $ - $ -",,2026-04-08T18:26:10.513933
AZ,2023-11-01,2023-11-30,monthly,Desert Diamond Mobile,Desert Diamond,Desert Diamond,Tohono O'odham Nation,online,,622746179,5188582,6679952,5188582,0,616066227,0,1491370,0.0083317765326666,30,False,False,AZ_2023_11.pdf,,,,,,https://gaming.az.gov/sites/default/files/EW%20Revenue%20Report%20for%20Website%20-%20Nov%202023.pdf,https://gaming.az.gov/blog-terms/event-wagering-revenue-reports,AZ/screenshots/AZ_2023_11_AZ_2023_11_p1.png,"Desert Diamond Mobile $ - $ 6 ,227,461.79 $ - $ 6,160,662.27 $ - $ 51,885.82 $ - $ 51,885.82 $ - $ - $ - $ -",,2026-04-08T18:26:10.513933
AZ,2023-11-01,2023-11-30,monthly,Digital Gaming USA (Betway),Betway,Betway,Digital Gaming USA,retail,,0,0,0,0,0,0,0,0,,30,False,False,AZ_2023_11.pdf,,,,,,https://gaming.az.gov/sites/default/files/EW%20Revenue%20Report%20for%20Website%20-%20Nov%202023.pdf,https://gaming.az.gov/blog-terms/event-wagering-revenue-reports,AZ/screenshots/AZ_2023_11_AZ_2023_11_p1.png,"Digital Gaming USA (Betway) $ - $ 1 ,518,216.82 $ - $ 1,411,646.51 $ - $ 102,774.77 $ - $ 37,213.45 $ - $ 65,561.32 $ - $ 6 ,556.13",,2026-04-08T18:26:10.513933
AZ,2023-11-01,2023-11-30,monthly,Digital Gaming USA (Betway),Betway,Betway,Digital Gaming USA,online,,151821682,10277477,10657031,3721345,6556132,141164651,655613,379554,0.0676943955870545,30,False,False,AZ_2023_11.pdf,,,,,,https://gaming.az.gov/sites/default/files/EW%20Revenue%20Report%20for%20Website%20-%20Nov%202023.pdf,https://gaming.az.gov/blog-terms/event-wagering-revenue-reports,AZ/screenshots/AZ_2023_11_AZ_2023_11_p1.png,"Digital Gaming USA (Betway) $ - $ 1 ,518,216.82 $ - $ 1,411,646.51 $ - $ 102,774.77 $ - $ 37,213.45 $ - $ 65,561.32 $ - $ 6 ,556.13",,2026-04-08T18:26:10.513933
AZ,2023-11-01,2023-11-30,monthly,Draft Kings/Crown Gaming,DraftKings,DraftKings,DraftKings Inc,retail,,238248275,2686035,3281656,0,2686035,234966619,214883,595621,0.0112741005155231,30,False,False,AZ_2023_11.pdf,,,,,,https://gaming.az.gov/sites/default/files/EW%20Revenue%20Report%20for%20Website%20-%20Nov%202023.pdf,https://gaming.az.gov/blog-terms/event-wagering-revenue-reports,AZ/screenshots/AZ_2023_11_AZ_2023_11_p1.png,"Draft Kings/Crown Gaming $ 2,382,482.75 $ 2 29,454,613.36 $ 2,349,666.19 $ 212,169,413.93 $ 26,860.35 $ 16,729,052.81 $ - $ 7,039,960.26 $ 26,860.35 $ 9,689,092.55 $ 2 ,148.83 $ 9 68,909.26",,2026-04-08T18:26:10.513933
AZ,2023-11-01,2023-11-30,monthly,Draft Kings/Crown Gaming,DraftKings,DraftKings,DraftKings Inc,online,,22945461336,1672905281,1728519943,703996026,968909255,21216941393,96890926,55614662,0.0729078947903006,30,False,False,AZ_2023_11.pdf,,,,,,https://gaming.az.gov/sites/default/files/EW%20Revenue%20Report%20for%20Website%20-%20Nov%202023.pdf,https://gaming.az.gov/blog-terms/event-wagering-revenue-reports,AZ/screenshots/AZ_2023_11_AZ_2023_11_p1.png,"Draft Kings/Crown Gaming $ 2,382,482.75 $ 2 29,454,613.36 $ 2,349,666.19 $ 212,169,413.93 $ 26,860.35 $ 16,729,052.81 $ - $ 7,039,960.26 $ 26,860.35 $ 9,689,092.55 $ 2 ,148.83 $ 9 68,909.26",,2026-04-08T18:26:10.513933
AZ,2023-11-01,2023-11-30,monthly,Fan Duel,FanDuel,FanDuel,Flutter Entertainment,retail,,190748125,12383470,12858200,877475,11505995,177889925,920480,474730,0.0649205332948882,30,False,False,AZ_2023_11.pdf,,,,,,https://gaming.az.gov/sites/default/files/EW%20Revenue%20Report%20for%20Website%20-%20Nov%202023.pdf,https://gaming.az.gov/blog-terms/event-wagering-revenue-reports,AZ/screenshots/AZ_2023_11_AZ_2023_11_p1.png,"Fan Duel $ 1,907,481.25 $ 2 49,251,143.95 $ 1,778,899.25 $ 235,093,319.87 $ 123,834.70 $ 13,549,265.60 $ 8,774.75 $ 5,827,750.99 $ 115,059.95 $ 7,721,514.61 $ 9 ,204.80 $ 7 72,151.46",,2026-04-08T18:26:10.513933
AZ,2023-11-01,2023-11-30,monthly,Fan Duel,FanDuel,FanDuel,Flutter Entertainment,online,,24925114395,1354926560,1415782408,582775099,772151461,23509331987,77215146,60855848,0.0543598933400201,30,False,False,AZ_2023_11.pdf,,,,,,https://gaming.az.gov/sites/default/files/EW%20Revenue%20Report%20for%20Website%20-%20Nov%202023.pdf,https://gaming.az.gov/blog-terms/event-wagering-revenue-reports,AZ/screenshots/AZ_2023_11_AZ_2023_11_p1.png,"Fan Duel $ 1,907,481.25 $ 2 49,251,143.95 $ 1,778,899.25 $ 235,093,319.87 $ 123,834.70 $ 13,549,265.60 $ 8,774.75 $ 5,827,750.99 $ 115,059.95 $ 7,721,514.61 $ 9 ,204.80 $ 7 72,151.46",,2026-04-08T18:26:10.513933
AZ,2023-11-01,2023-11-30,monthly,Golden Nugget Online Gaming,DraftKings (Golden Nugget),DraftKings,DraftKings Inc,retail,,0,0,0,0,0,0,0,0,,30,False,False,AZ_2023_11.pdf,,,,,,https://gaming.az.gov/sites/default/files/EW%20Revenue%20Report%20for%20Website%20-%20Nov%202023.pdf,https://gaming.az.gov/blog-terms/event-wagering-revenue-reports,AZ/screenshots/AZ_2023_11_AZ_2023_11_p1.png,"Golden Nugget Online Gaming $ - $ 2 58,889.21 $ - $ 264,450.48 $ - $ - $ - $ - $ - $ - $ - $ -",,2026-04-08T18:26:10.513933
AZ,2023-11-01,2023-11-30,monthly,Golden Nugget Online Gaming,DraftKings (Golden Nugget),DraftKings,DraftKings Inc,online,,25888921,0,-556127,0,0,26445048,0,-556127,0.0,30,False,False,AZ_2023_11.pdf,,,,,,https://gaming.az.gov/sites/default/files/EW%20Revenue%20Report%20for%20Website%20-%20Nov%202023.pdf,https://gaming.az.gov/blog-terms/event-wagering-revenue-reports,AZ/screenshots/AZ_2023_11_AZ_2023_11_p1.png,"Golden Nugget Online Gaming $ - $ 2 58,889.21 $ - $ 264,450.48 $ - $ - $ - $ - $ - $ - $ - $ -",,2026-04-08T18:26:10.513933
AZ,2023-11-01,2023-11-30,monthly,Penn Sports (Barstool Sports),ESPN Bet,ESPN Bet,PENN Entertainment,retail,,0,0,0,0,0,0,0,0,,30,False,False,AZ_2023_11.pdf,,,,,,https://gaming.az.gov/sites/default/files/EW%20Revenue%20Report%20for%20Website%20-%20Nov%202023.pdf,https://gaming.az.gov/blog-terms/event-wagering-revenue-reports,AZ/screenshots/AZ_2023_11_AZ_2023_11_p1.png,"Penn Sports (Barstool Sports) $ - $ 3 9,024,966.56 $ - $ 35,142,123.17 $ - $ 3,785,280.97 $ - $ 3,785,280.97 $ - $ - $ - $ -",,2026-04-08T18:26:10.513933
AZ,2023-11-01,2023-11-30,monthly,Penn Sports (Barstool Sports),ESPN Bet,ESPN Bet,PENN Entertainment,online,,3902496656,378528097,388284339,378528097,0,3514212317,0,9756242,0.0969963924038273,30,False,False,AZ_2023_11.pdf,,,,,,https://gaming.az.gov/sites/default/files/EW%20Revenue%20Report%20for%20Website%20-%20Nov%202023.pdf,https://gaming.az.gov/blog-terms/event-wagering-revenue-reports,AZ/screenshots/AZ_2023_11_AZ_2023_11_p1.png,"Penn Sports (Barstool Sports) $ - $ 3 9,024,966.56 $ - $ 35,142,123.17 $ - $ 3,785,280.97 $ - $ 3,785,280.97 $ - $ - $ - $ -",,2026-04-08T18:26:10.513933
AZ,2023-11-01,2023-11-30,monthly,RSI (Rush Street Interactive),BetRivers,BetRivers,Rush Street Interactive,retail,,0,0,0,0,0,0,0,0,,30,False,False,AZ_2023_11.pdf,,,,,,https://gaming.az.gov/sites/default/files/EW%20Revenue%20Report%20for%20Website%20-%20Nov%202023.pdf,https://gaming.az.gov/blog-terms/event-wagering-revenue-reports,AZ/screenshots/AZ_2023_11_AZ_2023_11_p1.png,"RSI (Rush Street Interactive) $ - $ 7 ,279,523.73 $ - $ 6,933,471.52 $ - $ 327,853.40 $ - $ 151,434.20 $ - $ 176,419.20 $ - $ 1 7,641.92",,2026-04-08T18:26:10.513933
AZ,2023-11-01,2023-11-30,monthly,RSI (Rush Street Interactive),BetRivers,BetRivers,Rush Street Interactive,online,,727952373,32785340,34605221,15143420,17641920,693347152,1764192,1819881,0.0450377541388961,30,False,False,AZ_2023_11.pdf,,,,,,https://gaming.az.gov/sites/default/files/EW%20Revenue%20Report%20for%20Website%20-%20Nov%202023.pdf,https://gaming.az.gov/blog-terms/event-wagering-revenue-reports,AZ/screenshots/AZ_2023_11_AZ_2023_11_p1.png,"RSI (Rush Street Interactive) $ - $ 7 ,279,523.73 $ - $ 6,933,471.52 $ - $ 327,853.40 $ - $ 151,434.20 $ - $ 176,419.20 $ - $ 1 7,641.92",,2026-04-08T18:26:10.513933
AZ,2023-11-01,2023-11-30,monthly,Sahara Bets,Sahara Bets,Sahara Bets,Sahara Bets,retail,,0,0,0,0,0,0,0,0,,30,False,False,AZ_2023_11.pdf,,,,,,https://gaming.az.gov/sites/default/files/EW%20Revenue%20Report%20for%20Website%20-%20Nov%202023.pdf,https://gaming.az.gov/blog-terms/event-wagering-revenue-reports,AZ/screenshots/AZ_2023_11_AZ_2023_11_p1.png,"Sahara Bets $ - $ 5 71,101.23 $ - $ 499,910.15 $ - $ 69,763.33 $ - $ 8,079.23 $ - $ 61,684.10 $ - $ 6 ,168.41",,2026-04-08T18:26:10.513933
AZ,2023-11-01,2023-11-30,monthly,Sahara Bets,Sahara Bets,Sahara Bets,Sahara Bets,online,,57110123,6976333,7119108,807923,6168410,49991015,616841,142775,0.1221558041470161,30,False,False,AZ_2023_11.pdf,,,,,,https://gaming.az.gov/sites/default/files/EW%20Revenue%20Report%20for%20Website%20-%20Nov%202023.pdf,https://gaming.az.gov/blog-terms/event-wagering-revenue-reports,AZ/screenshots/AZ_2023_11_AZ_2023_11_p1.png,"Sahara Bets $ - $ 5 71,101.23 $ - $ 499,910.15 $ - $ 69,763.33 $ - $ 8,079.23 $ - $ 61,684.10 $ - $ 6 ,168.41",,2026-04-08T18:26:10.513933
AZ,2023-11-01,2023-11-30,monthly,"SBOpco, LLC (SuperBook)",SuperBook,SuperBook,SuperBook Sports,retail,,0,0,0,0,0,0,0,0,,30,False,False,AZ_2023_11.pdf,,,,,,https://gaming.az.gov/sites/default/files/EW%20Revenue%20Report%20for%20Website%20-%20Nov%202023.pdf,https://gaming.az.gov/blog-terms/event-wagering-revenue-reports,AZ/screenshots/AZ_2023_11_AZ_2023_11_p1.png,"SBOpco, LLC (SuperBook) $ - $ 9 74,985.57 $ - $ 946,581.81 $ - $ 26,129.00 $ - $ 9,499.23 $ - $ 16,629.77 $ - $ 1 ,662.98",,2026-04-08T18:26:10.513933
AZ,2023-11-01,2023-11-30,monthly,"SBOpco, LLC (SuperBook)",SuperBook,SuperBook,SuperBook Sports,online,,97498557,2612900,2840376,949923,1662977,94658181,166298,227476,0.026799370989665,30,False,False,AZ_2023_11.pdf,,,,,,https://gaming.az.gov/sites/default/files/EW%20Revenue%20Report%20for%20Website%20-%20Nov%202023.pdf,https://gaming.az.gov/blog-terms/event-wagering-revenue-reports,AZ/screenshots/AZ_2023_11_AZ_2023_11_p1.png,"SBOpco, LLC (SuperBook) $ - $ 9 74,985.57 $ - $ 946,581.81 $ - $ 26,129.00 $ - $ 9,499.23 $ - $ 16,629.77 $ - $ 1 ,662.98",,2026-04-08T18:26:10.513933
AZ,2023-11-01,2023-11-30,monthly,Seminole Hard Rock Digital,Hard Rock Bet,Hard Rock Bet,Seminole Tribe / Hard Rock Digital,retail,,0,0,0,0,0,0,0,0,,30,False,False,AZ_2023_11.pdf,,,,,,https://gaming.az.gov/sites/default/files/EW%20Revenue%20Report%20for%20Website%20-%20Nov%202023.pdf,https://gaming.az.gov/blog-terms/event-wagering-revenue-reports,AZ/screenshots/AZ_2023_11_AZ_2023_11_p1.png,"Seminole Hard Rock Digital $ - $ 5 ,403,712.79 $ - $ 5,554,998.50 $ - $ - $ - $ - $ - $ - $ - $ -",,2026-04-08T18:26:10.513933
AZ,2023-11-01,2023-11-30,monthly,Seminole Hard Rock Digital,Hard Rock Bet,Hard Rock Bet,Seminole Tribe / Hard Rock Digital,online,,540371279,0,-15128571,0,0,555499850,0,-15128571,0.0,30,False,False,AZ_2023_11.pdf,,,,,,https://gaming.az.gov/sites/default/files/EW%20Revenue%20Report%20for%20Website%20-%20Nov%202023.pdf,https://gaming.az.gov/blog-terms/event-wagering-revenue-reports,AZ/screenshots/AZ_2023_11_AZ_2023_11_p1.png,"Seminole Hard Rock Digital $ - $ 5 ,403,712.79 $ - $ 5,554,998.50 $ - $ - $ - $ - $ - $ - $ - $ -",,2026-04-08T18:26:10.513933
AZ,2023-11-01,2023-11-30,monthly,Unibet AZ (Kindred),Unibet,Unibet,Kindred Group,retail,,0,0,0,0,0,0,0,0,,30,False,False,AZ_2023_11.pdf,,,,,,https://gaming.az.gov/sites/default/files/EW%20Revenue%20Report%20for%20Website%20-%20Nov%202023.pdf,https://gaming.az.gov/blog-terms/event-wagering-revenue-reports,AZ/screenshots/AZ_2023_11_AZ_2023_11_p1.png,"Unibet AZ (Kindred) $ - $ 9 83,242.30 $ - $ 937,742.60 $ - $ 43,041.59 $ - $ 4,718.22 $ - $ 38,323.37 $ - $ 3 ,832.34",,2026-04-08T18:26:10.513933
AZ,2023-11-01,2023-11-30,monthly,Unibet AZ (Kindred),Unibet,Unibet,Kindred Group,online,,98324230,4304159,4549970,471822,3832337,93774260,383234,245811,0.0437751610157537,30,False,False,AZ_2023_11.pdf,,,,,,https://gaming.az.gov/sites/default/files/EW%20Revenue%20Report%20for%20Website%20-%20Nov%202023.pdf,https://gaming.az.gov/blog-terms/event-wagering-revenue-reports,AZ/screenshots/AZ_2023_11_AZ_2023_11_p1.png,"Unibet AZ (Kindred) $ - $ 9 83,242.30 $ - $ 937,742.60 $ - $ 43,041.59 $ - $ 4,718.22 $ - $ 38,323.37 $ - $ 3 ,832.34",,2026-04-08T18:26:10.513933
AZ,2023-11-01,2023-11-30,monthly,WSI US (WynnBet),WynnBET,ESPN Bet,PENN Entertainment,retail,,0,0,0,0,0,0,0,0,,30,False,False,AZ_2023_11.pdf,,,,,,https://gaming.az.gov/sites/default/files/EW%20Revenue%20Report%20for%20Website%20-%20Nov%202023.pdf,https://gaming.az.gov/blog-terms/event-wagering-revenue-reports,AZ/screenshots/AZ_2023_11_AZ_2023_11_p1.png,"WSI US (WynnBet) $ - $ 1 ,256,067.10 $ - $ 1,281,292.89 $ - $ - $ - $ - $ - $ - $ - $ -",,2026-04-08T18:26:10.513933
AZ,2023-11-01,2023-11-30,monthly,WSI US (WynnBet),WynnBET,ESPN Bet,PENN Entertainment,online,,125606710,0,-2522579,0,0,128129289,0,-2522579,0.0,30,False,False,AZ_2023_11.pdf,,,,,,https://gaming.az.gov/sites/default/files/EW%20Revenue%20Report%20for%20Website%20-%20Nov%202023.pdf,https://gaming.az.gov/blog-terms/event-wagering-revenue-reports,AZ/screenshots/AZ_2023_11_AZ_2023_11_p1.png,"WSI US (WynnBet) $ - $ 1 ,256,067.10 $ - $ 1,281,292.89 $ - $ - $ - $ - $ - $ - $ - $ -",,2026-04-08T18:26:10.513933
AZ,2023-12-01,2023-12-31,monthly,"Bally Interactive, LLC",Bally Bet,Bally Bet,Bally's Corporation,retail,,0,0,0,0,0,0,0,0,,31,False,False,AZ_2023_12.pdf,,,,,,https://gaming.az.gov/sites/default/files/EW%20Website%20Revenue%20Report-Dec%202023_0.pdf,https://gaming.az.gov/blog-terms/event-wagering-revenue-reports,AZ/screenshots/AZ_2023_12_AZ_2023_12_p1.png,"Bally Interactive, LLC $ - $ 1 ,050,243.19 $ - $ 963,048.10 $ - $ 8 4,569.48 $ - $ 48,548.32 $ - $ 3 6,021.16 $ - $ 3,602.12",,2026-04-08T18:26:12.678718
AZ,2023-12-01,2023-12-31,monthly,"Bally Interactive, LLC",Bally Bet,Bally Bet,Bally's Corporation,online,,105024319,8456948,8719509,4854832,3602116,96304810,360212,262561,0.0805237118462058,31,False,False,AZ_2023_12.pdf,,,,,,https://gaming.az.gov/sites/default/files/EW%20Website%20Revenue%20Report-Dec%202023_0.pdf,https://gaming.az.gov/blog-terms/event-wagering-revenue-reports,AZ/screenshots/AZ_2023_12_AZ_2023_12_p1.png,"Bally Interactive, LLC $ - $ 1 ,050,243.19 $ - $ 963,048.10 $ - $ 8 4,569.48 $ - $ 48,548.32 $ - $ 3 6,021.16 $ - $ 3,602.12",,2026-04-08T18:26:12.678718
AZ,2023-12-01,2023-12-31,monthly,Bet365,bet365,bet365,bet365 Group,retail,,0,0,0,0,0,0,0,0,,31,False,False,AZ_2023_12.pdf,,,,,,https://gaming.az.gov/sites/default/files/EW%20Website%20Revenue%20Report-Dec%202023_0.pdf,https://gaming.az.gov/blog-terms/event-wagering-revenue-reports,AZ/screenshots/AZ_2023_12_AZ_2023_12_p1.png,Bet365 $ - $ - $ - $ - $ - $ - $ - $ - $ - $ - $ - $ -,,2026-04-08T18:26:12.678718
AZ,2023-12-01,2023-12-31,monthly,Bet365,bet365,bet365,bet365 Group,online,,0,0,0,0,0,0,0,0,,31,False,False,AZ_2023_12.pdf,,,,,,https://gaming.az.gov/sites/default/files/EW%20Website%20Revenue%20Report-Dec%202023_0.pdf,https://gaming.az.gov/blog-terms/event-wagering-revenue-reports,AZ/screenshots/AZ_2023_12_AZ_2023_12_p1.png,Bet365 $ - $ - $ - $ - $ - $ - $ - $ - $ - $ - $ - $ -,,2026-04-08T18:26:12.678718
AZ,2023-12-01,2023-12-31,monthly,BetFred,Betfred,Betfred,Betfred Group,retail,,0,0,0,0,0,0,0,0,,31,False,False,AZ_2023_12.pdf,,,,,,https://gaming.az.gov/sites/default/files/EW%20Website%20Revenue%20Report-Dec%202023_0.pdf,https://gaming.az.gov/blog-terms/event-wagering-revenue-reports,AZ/screenshots/AZ_2023_12_AZ_2023_12_p1.png,"BetFred $ - $ 1 ,907,084.51 $ - $ 1,645,196.15 $ - $ 257,120.65 $ - $ 37,643.09 $ - $ 219,477.56 $ - $ 21,947.76",,2026-04-08T18:26:12.678718
AZ,2023-12-01,2023-12-31,monthly,BetFred,Betfred,Betfred,Betfred Group,online,,190708451,25712065,26188836,3764309,21947756,164519615,2194776,476771,0.1348239412840703,31,False,False,AZ_2023_12.pdf,,,,,,https://gaming.az.gov/sites/default/files/EW%20Website%20Revenue%20Report-Dec%202023_0.pdf,https://gaming.az.gov/blog-terms/event-wagering-revenue-reports,AZ/screenshots/AZ_2023_12_AZ_2023_12_p1.png,"BetFred $ - $ 1 ,907,084.51 $ - $ 1,645,196.15 $ - $ 257,120.65 $ - $ 37,643.09 $ - $ 219,477.56 $ - $ 21,947.76",,2026-04-08T18:26:12.678718
AZ,2023-12-01,2023-12-31,monthly,BetMGM,BetMGM,BetMGM,Entain/MGM Resorts,retail,,67822375,0,-6566570,0,0,74388945,0,-6566570,0.0,31,False,False,AZ_2023_12.pdf,,,,,,https://gaming.az.gov/sites/default/files/EW%20Website%20Revenue%20Report-Dec%202023_0.pdf,https://gaming.az.gov/blog-terms/event-wagering-revenue-reports,AZ/screenshots/AZ_2023_12_AZ_2023_12_p1.png,"BetMGM $ 678,223.75 $ 82,673,813.80 $ 743,889.45 $ 73,994,926.50 $ - $ 8,477,516.00 $ - $ 2,368,681.62 $ - $ 6,108,834.38 $ - $ 6 10,883.44",,2026-04-08T18:26:12.678718
AZ,2023-12-01,2023-12-31,monthly,BetMGM,BetMGM,BetMGM,Entain/MGM Resorts,online,,8267381380,847751600,867888730,236868162,610883438,7399492650,61088344,20137130,0.1025417312972684,31,False,False,AZ_2023_12.pdf,,,,,,https://gaming.az.gov/sites/default/files/EW%20Website%20Revenue%20Report-Dec%202023_0.pdf,https://gaming.az.gov/blog-terms/event-wagering-revenue-reports,AZ/screenshots/AZ_2023_12_AZ_2023_12_p1.png,"BetMGM $ 678,223.75 $ 82,673,813.80 $ 743,889.45 $ 73,994,926.50 $ - $ 8,477,516.00 $ - $ 2,368,681.62 $ - $ 6,108,834.38 $ - $ 6 10,883.44",,2026-04-08T18:26:12.678718
AZ,2023-12-01,2023-12-31,monthly,Caesars (American Wagering),Caesars,Caesars,Caesars Entertainment,retail,,92911757,0,-459693,0,0,93371450,0,-459693,0.0,31,False,False,AZ_2023_12.pdf,,,,,,https://gaming.az.gov/sites/default/files/EW%20Website%20Revenue%20Report-Dec%202023_0.pdf,https://gaming.az.gov/blog-terms/event-wagering-revenue-reports,AZ/screenshots/AZ_2023_12_AZ_2023_12_p1.png,"Caesars (American Wagering) $ 929,117.57 $ 56,798,449.12 $ 933,714.50 $ 52,949,151.91 $ - $ 3,709,185.59 $ - $ 907,861.16 $ - $ 2,801,324.43 $ - $ 2 80,132.44",,2026-04-08T18:26:12.678718
AZ,2023-12-01,2023-12-31,monthly,Caesars (American Wagering),Caesars,Caesars,Caesars Entertainment,online,,5679844912,370918559,384929721,90786116,280132443,5294915191,28013244,14011162,0.0653043462888128,31,False,False,AZ_2023_12.pdf,,,,,,https://gaming.az.gov/sites/default/files/EW%20Website%20Revenue%20Report-Dec%202023_0.pdf,https://gaming.az.gov/blog-terms/event-wagering-revenue-reports,AZ/screenshots/AZ_2023_12_AZ_2023_12_p1.png,"Caesars (American Wagering) $ 929,117.57 $ 56,798,449.12 $ 933,714.50 $ 52,949,151.91 $ - $ 3,709,185.59 $ - $ 907,861.16 $ - $ 2,801,324.43 $ - $ 2 80,132.44",,2026-04-08T18:26:12.678718
AZ,2023-12-01,2023-12-31,monthly,Churchill Downs/TwinSpires,TwinSpires,TwinSpires,Churchill Downs Inc,retail,,0,0,0,0,0,0,0,0,,31,False,False,AZ_2023_12.pdf,,,,,,https://gaming.az.gov/sites/default/files/EW%20Website%20Revenue%20Report-Dec%202023_0.pdf,https://gaming.az.gov/blog-terms/event-wagering-revenue-reports,AZ/screenshots/AZ_2023_12_AZ_2023_12_p1.png,"Churchill Downs/TwinSpires $ - $ 37,705.36 $ - $ 4 3,748.81 $ - $ - $ - $ - $ - $ - $ - $ -",,2026-04-08T18:26:12.678718
AZ,2023-12-01,2023-12-31,monthly,Churchill Downs/TwinSpires,TwinSpires,TwinSpires,Churchill Downs Inc,online,,3770536,0,-604345,0,0,4374881,0,-604345,0.0,31,False,False,AZ_2023_12.pdf,,,,,,https://gaming.az.gov/sites/default/files/EW%20Website%20Revenue%20Report-Dec%202023_0.pdf,https://gaming.az.gov/blog-terms/event-wagering-revenue-reports,AZ/screenshots/AZ_2023_12_AZ_2023_12_p1.png,"Churchill Downs/TwinSpires $ - $ 37,705.36 $ - $ 4 3,748.81 $ - $ - $ - $ - $ - $ - $ - $ -",,2026-04-08T18:26:12.678718
AZ,2023-12-01,2023-12-31,monthly,Desert Diamond Mobile,Desert Diamond,Desert Diamond,Tohono O'odham Nation,retail,,0,0,0,0,0,0,0,0,,31,False,False,AZ_2023_12.pdf,,,,,,https://gaming.az.gov/sites/default/files/EW%20Website%20Revenue%20Report-Dec%202023_0.pdf,https://gaming.az.gov/blog-terms/event-wagering-revenue-reports,AZ/screenshots/AZ_2023_12_AZ_2023_12_p1.png,"Desert Diamond Mobile $ - $ 7 ,396,653.56 $ - $ 6,982,444.54 $ - $ 396,463.99 $ - $ 298,640.64 $ - $ 9 7,823.35 $ - $ 9,782.33",,2026-04-08T18:26:12.678718
AZ,2023-12-01,2023-12-31,monthly,Desert Diamond Mobile,Desert Diamond,Desert Diamond,Tohono O'odham Nation,online,,739665356,39646399,41420902,29864064,9782335,698244454,978233,1774503,0.0536004541491598,31,False,False,AZ_2023_12.pdf,,,,,,https://gaming.az.gov/sites/default/files/EW%20Website%20Revenue%20Report-Dec%202023_0.pdf,https://gaming.az.gov/blog-terms/event-wagering-revenue-reports,AZ/screenshots/AZ_2023_12_AZ_2023_12_p1.png,"Desert Diamond Mobile $ - $ 7 ,396,653.56 $ - $ 6,982,444.54 $ - $ 396,463.99 $ - $ 298,640.64 $ - $ 9 7,823.35 $ - $ 9,782.33",,2026-04-08T18:26:12.678718
AZ,2023-12-01,2023-12-31,monthly,Digital Gaming USA (Betway),Betway,Betway,Digital Gaming USA,retail,,0,0,0,0,0,0,0,0,,31,False,False,AZ_2023_12.pdf,,,,,,https://gaming.az.gov/sites/default/files/EW%20Website%20Revenue%20Report-Dec%202023_0.pdf,https://gaming.az.gov/blog-terms/event-wagering-revenue-reports,AZ/screenshots/AZ_2023_12_AZ_2023_12_p1.png,"Digital Gaming USA (Betway) $ - $ 1 ,467,564.75 $ - $ 1,360,384.92 $ - $ 103,510.92 $ - $ 34,680.23 $ - $ 6 8,830.69 $ - $ 6,883.07",,2026-04-08T18:26:12.678718
AZ,2023-12-01,2023-12-31,monthly,Digital Gaming USA (Betway),Betway,Betway,Digital Gaming USA,online,,146756475,10351092,10717983,3468023,6883069,136038492,688307,366891,0.0705324381769186,31,False,False,AZ_2023_12.pdf,,,,,,https://gaming.az.gov/sites/default/files/EW%20Website%20Revenue%20Report-Dec%202023_0.pdf,https://gaming.az.gov/blog-terms/event-wagering-revenue-reports,AZ/screenshots/AZ_2023_12_AZ_2023_12_p1.png,"Digital Gaming USA (Betway) $ - $ 1 ,467,564.75 $ - $ 1,360,384.92 $ - $ 103,510.92 $ - $ 34,680.23 $ - $ 6 8,830.69 $ - $ 6,883.07",,2026-04-08T18:26:12.678718
AZ,2023-12-01,2023-12-31,monthly,Draft Kings/Crown Gaming,DraftKings,DraftKings,DraftKings Inc,retail,,273533220,36103701,36787534,0,36103701,236745686,2888296,683833,0.1319901875172602,31,False,False,AZ_2023_12.pdf,,,,,,https://gaming.az.gov/sites/default/files/EW%20Website%20Revenue%20Report-Dec%202023_0.pdf,https://gaming.az.gov/blog-terms/event-wagering-revenue-reports,AZ/screenshots/AZ_2023_12_AZ_2023_12_p1.png,"Draft Kings/Crown Gaming $ 2,735,332.20 $ 228,461,396.63 $ 2,367,456.86 $ 208,004,510.01 $ 361,037.01 $ 19,900,873.74 $ - $ 6,093,118.72 $ 361,037.01 $ 13,807,755.02 $ 28,882.96 $ 1,380,775.50",,2026-04-08T18:26:12.678718
AZ,2023-12-01,2023-12-31,monthly,Draft Kings/Crown Gaming,DraftKings,DraftKings,DraftKings Inc,online,,22846139663,1990087374,2045688662,609311872,1380775502,20800451001,138077550,55601288,0.0871082556333578,31,False,False,AZ_2023_12.pdf,,,,,,https://gaming.az.gov/sites/default/files/EW%20Website%20Revenue%20Report-Dec%202023_0.pdf,https://gaming.az.gov/blog-terms/event-wagering-revenue-reports,AZ/screenshots/AZ_2023_12_AZ_2023_12_p1.png,"Draft Kings/Crown Gaming $ 2,735,332.20 $ 228,461,396.63 $ 2,367,456.86 $ 208,004,510.01 $ 361,037.01 $ 19,900,873.74 $ - $ 6,093,118.72 $ 361,037.01 $ 13,807,755.02 $ 28,882.96 $ 1,380,775.50",,2026-04-08T18:26:12.678718
AZ,2023-12-01,2023-12-31,monthly,Fan Duel,FanDuel,FanDuel,Flutter Entertainment,retail,,210357500,26494849,27018400,470000,26024849,183339100,2081988,523551,0.1259515301332255,31,False,False,AZ_2023_12.pdf,,,,,,https://gaming.az.gov/sites/default/files/EW%20Website%20Revenue%20Report-Dec%202023_0.pdf,https://gaming.az.gov/blog-terms/event-wagering-revenue-reports,AZ/screenshots/AZ_2023_12_AZ_2023_12_p1.png,"Fan Duel $ 2,103,575.00 $ 236,283,702.35 $ 1,833,391.00 $ 207,139,956.81 $ 264,948.49 $ 28,565,172.52 $ 4,700.00 $ 4,854,489.73 $ 260,248.49 $ 23,710,682.79 $ 20,819.88 $ 2,371,068.28",,2026-04-08T18:26:12.678718
AZ,2023-12-01,2023-12-31,monthly,Fan Duel,FanDuel,FanDuel,Flutter Entertainment,online,,23628370235,2856517252,2914374554,485448973,2371068279,20713995681,237106828,57857302,0.1208935370315438,31,False,False,AZ_2023_12.pdf,,,,,,https://gaming.az.gov/sites/default/files/EW%20Website%20Revenue%20Report-Dec%202023_0.pdf,https://gaming.az.gov/blog-terms/event-wagering-revenue-reports,AZ/screenshots/AZ_2023_12_AZ_2023_12_p1.png,"Fan Duel $ 2,103,575.00 $ 236,283,702.35 $ 1,833,391.00 $ 207,139,956.81 $ 264,948.49 $ 28,565,172.52 $ 4,700.00 $ 4,854,489.73 $ 260,248.49 $ 23,710,682.79 $ 20,819.88 $ 2,371,068.28",,2026-04-08T18:26:12.678718
AZ,2023-12-01,2023-12-31,monthly,Fubo.TV,Fubo Sportsbook (defunct),Fubo Sportsbook (defunct),fuboTV,retail,,0,0,0,0,0,0,0,0,,31,False,False,AZ_2023_12.pdf,,,,,,https://gaming.az.gov/sites/default/files/EW%20Website%20Revenue%20Report-Dec%202023_0.pdf,https://gaming.az.gov/blog-terms/event-wagering-revenue-reports,AZ/screenshots/AZ_2023_12_AZ_2023_12_p1.png,Fubo.TV $ - $ - $ - $ - $ - $ - $ - $ - $ - $ - $ - $ -,,2026-04-08T18:26:12.678718
AZ,2023-12-01,2023-12-31,monthly,Fubo.TV,Fubo Sportsbook (defunct),Fubo Sportsbook (defunct),fuboTV,online,,0,0,0,0,0,0,0,0,,31,False,False,AZ_2023_12.pdf,,,,,,https://gaming.az.gov/sites/default/files/EW%20Website%20Revenue%20Report-Dec%202023_0.pdf,https://gaming.az.gov/blog-terms/event-wagering-revenue-reports,AZ/screenshots/AZ_2023_12_AZ_2023_12_p1.png,Fubo.TV $ - $ - $ - $ - $ - $ - $ - $ - $ - $ - $ - $ -,,2026-04-08T18:26:12.678718
AZ,2023-12-01,2023-12-31,monthly,Golden Nugget Online Gaming,DraftKings (Golden Nugget),DraftKings,DraftKings Inc,retail,,0,0,0,0,0,0,0,0,,31,False,False,AZ_2023_12.pdf,,,,,,https://gaming.az.gov/sites/default/files/EW%20Website%20Revenue%20Report-Dec%202023_0.pdf,https://gaming.az.gov/blog-terms/event-wagering-revenue-reports,AZ/screenshots/AZ_2023_12_AZ_2023_12_p1.png,"Golden Nugget Online Gaming $ - $ 220,920.15 $ - $ 190,053.87 $ - $ 3 0,313.98 $ - $ - $ - $ 3 0,313.98 $ - $ 3,031.40",,2026-04-08T18:26:12.678718
AZ,2023-12-01,2023-12-31,monthly,Golden Nugget Online Gaming,DraftKings (Golden Nugget),DraftKings,DraftKings Inc,online,,22092015,3031398,3086628,0,3031398,19005387,303140,55230,0.1372169084621751,31,False,False,AZ_2023_12.pdf,,,,,,https://gaming.az.gov/sites/default/files/EW%20Website%20Revenue%20Report-Dec%202023_0.pdf,https://gaming.az.gov/blog-terms/event-wagering-revenue-reports,AZ/screenshots/AZ_2023_12_AZ_2023_12_p1.png,"Golden Nugget Online Gaming $ - $ 220,920.15 $ - $ 190,053.87 $ - $ 3 0,313.98 $ - $ - $ - $ 3 0,313.98 $ - $ 3,031.40",,2026-04-08T18:26:12.678718
AZ,2023-12-01,2023-12-31,monthly,Penn Sports (Barstool Sports),ESPN Bet,ESPN Bet,PENN Entertainment,retail,,0,0,0,0,0,0,0,0,,31,False,False,AZ_2023_12.pdf,,,,,,https://gaming.az.gov/sites/default/files/EW%20Website%20Revenue%20Report-Dec%202023_0.pdf,https://gaming.az.gov/blog-terms/event-wagering-revenue-reports,AZ/screenshots/AZ_2023_12_AZ_2023_12_p1.png,"Penn Sports (Barstool Sports) $ - $ 52,960,717.69 $ - $ 49,952,174.04 $ - $ 2,876,141.86 $ - $ 2,876,141.86 $ - $ - $ - $ -",,2026-04-08T18:26:12.678718
AZ,2023-12-01,2023-12-31,monthly,Penn Sports (Barstool Sports),ESPN Bet,ESPN Bet,PENN Entertainment,online,,5296071769,287614186,300854365,287614186,0,4995217404,0,13240179,0.054307078632038,31,False,False,AZ_2023_12.pdf,,,,,,https://gaming.az.gov/sites/default/files/EW%20Website%20Revenue%20Report-Dec%202023_0.pdf,https://gaming.az.gov/blog-terms/event-wagering-revenue-reports,AZ/screenshots/AZ_2023_12_AZ_2023_12_p1.png,"Penn Sports (Barstool Sports) $ - $ 52,960,717.69 $ - $ 49,952,174.04 $ - $ 2,876,141.86 $ - $ 2,876,141.86 $ - $ - $ - $ -",,2026-04-08T18:26:12.678718
AZ,2023-12-01,2023-12-31,monthly,RSI (Rush Street Interactive),BetRivers,BetRivers,Rush Street Interactive,retail,,0,0,0,0,0,0,0,0,,31,False,False,AZ_2023_12.pdf,,,,,,https://gaming.az.gov/sites/default/files/EW%20Website%20Revenue%20Report-Dec%202023_0.pdf,https://gaming.az.gov/blog-terms/event-wagering-revenue-reports,AZ/screenshots/AZ_2023_12_AZ_2023_12_p1.png,"RSI (Rush Street Interactive) $ - $ 6 ,531,288.82 $ - $ 6,252,655.22 $ - $ 262,305.38 $ - $ 141,742.56 $ - $ 120,562.82 $ - $ 12,056.28",,2026-04-08T18:26:12.678718
AZ,2023-12-01,2023-12-31,monthly,RSI (Rush Street Interactive),BetRivers,BetRivers,Rush Street Interactive,online,,653128882,26230538,27863360,14174256,12056282,625265522,1205628,1632822,0.0401613505739897,31,False,False,AZ_2023_12.pdf,,,,,,https://gaming.az.gov/sites/default/files/EW%20Website%20Revenue%20Report-Dec%202023_0.pdf,https://gaming.az.gov/blog-terms/event-wagering-revenue-reports,AZ/screenshots/AZ_2023_12_AZ_2023_12_p1.png,"RSI (Rush Street Interactive) $ - $ 6 ,531,288.82 $ - $ 6,252,655.22 $ - $ 262,305.38 $ - $ 141,742.56 $ - $ 120,562.82 $ - $ 12,056.28",,2026-04-08T18:26:12.678718
AZ,2023-12-01,2023-12-31,monthly,Sahara Bets,Sahara Bets,Sahara Bets,Sahara Bets,retail,,0,0,0,0,0,0,0,0,,31,False,False,AZ_2023_12.pdf,,,,,,https://gaming.az.gov/sites/default/files/EW%20Website%20Revenue%20Report-Dec%202023_0.pdf,https://gaming.az.gov/blog-terms/event-wagering-revenue-reports,AZ/screenshots/AZ_2023_12_AZ_2023_12_p1.png,"Sahara Bets $ - $ 954,013.75 $ - $ 861,243.32 $ - $ 9 0,385.40 $ - $ 13,524.62 $ - $ 7 6,860.78 $ - $ 7,686.08",,2026-04-08T18:26:12.678718
AZ,2023-12-01,2023-12-31,monthly,Sahara Bets,Sahara Bets,Sahara Bets,Sahara Bets,online,,95401375,9038540,9277043,1352462,7686078,86124332,768608,238503,0.0947422403503094,31,False,False,AZ_2023_12.pdf,,,,,,https://gaming.az.gov/sites/default/files/EW%20Website%20Revenue%20Report-Dec%202023_0.pdf,https://gaming.az.gov/blog-terms/event-wagering-revenue-reports,AZ/screenshots/AZ_2023_12_AZ_2023_12_p1.png,"Sahara Bets $ - $ 954,013.75 $ - $ 861,243.32 $ - $ 9 0,385.40 $ - $ 13,524.62 $ - $ 7 6,860.78 $ - $ 7,686.08",,2026-04-08T18:26:12.678718
AZ,2023-12-01,2023-12-31,monthly,"SBOpco, LLC (SuperBook)",SuperBook,SuperBook,SuperBook Sports,retail,,0,0,0,0,0,0,0,0,,31,False,False,AZ_2023_12.pdf,,,,,,https://gaming.az.gov/sites/default/files/EW%20Website%20Revenue%20Report-Dec%202023_0.pdf,https://gaming.az.gov/blog-terms/event-wagering-revenue-reports,AZ/screenshots/AZ_2023_12_AZ_2023_12_p1.png,"SBOpco, LLC (SuperBook) $ - $ 1 ,164,734.23 $ - $ 1,190,575.14 $ - $ - $ - $ - $ - $ - $ - $ -",,2026-04-08T18:26:12.678718
AZ,2023-12-01,2023-12-31,monthly,"SBOpco, LLC (SuperBook)",SuperBook,SuperBook,SuperBook Sports,online,,116473423,0,-2584091,0,0,119057514,0,-2584091,0.0,31,False,False,AZ_2023_12.pdf,,,,,,https://gaming.az.gov/sites/default/files/EW%20Website%20Revenue%20Report-Dec%202023_0.pdf,https://gaming.az.gov/blog-terms/event-wagering-revenue-reports,AZ/screenshots/AZ_2023_12_AZ_2023_12_p1.png,"SBOpco, LLC (SuperBook) $ - $ 1 ,164,734.23 $ - $ 1,190,575.14 $ - $ - $ - $ - $ - $ - $ - $ -",,2026-04-08T18:26:12.678718
AZ,2023-12-01,2023-12-31,monthly,Seminole Hard Rock Digital,Hard Rock Bet,Hard Rock Bet,Seminole Tribe / Hard Rock Digital,retail,,0,0,0,0,0,0,0,0,,31,False,False,AZ_2023_12.pdf,,,,,,https://gaming.az.gov/sites/default/files/EW%20Website%20Revenue%20Report-Dec%202023_0.pdf,https://gaming.az.gov/blog-terms/event-wagering-revenue-reports,AZ/screenshots/AZ_2023_12_AZ_2023_12_p1.png,"Seminole Hard Rock Digital $ - $ 5 ,673,578.03 $ - $ 5,185,894.81 $ - $ 473,499.27 $ - $ 85,377.63 $ - $ 388,121.64 $ - $ 38,812.16",,2026-04-08T18:26:12.678718
AZ,2023-12-01,2023-12-31,monthly,Seminole Hard Rock Digital,Hard Rock Bet,Hard Rock Bet,Seminole Tribe / Hard Rock Digital,online,,567357803,47349927,48768322,8537763,38812164,518589481,3881216,1418395,0.0834569062937519,31,False,False,AZ_2023_12.pdf,,,,,,https://gaming.az.gov/sites/default/files/EW%20Website%20Revenue%20Report-Dec%202023_0.pdf,https://gaming.az.gov/blog-terms/event-wagering-revenue-reports,AZ/screenshots/AZ_2023_12_AZ_2023_12_p1.png,"Seminole Hard Rock Digital $ - $ 5 ,673,578.03 $ - $ 5,185,894.81 $ - $ 473,499.27 $ - $ 85,377.63 $ - $ 388,121.64 $ - $ 38,812.16",,2026-04-08T18:26:12.678718
AZ,2023-12-01,2023-12-31,monthly,Unibet AZ (Kindred),Unibet,Unibet,Kindred Group,retail,,0,0,0,0,0,0,0,0,,31,False,False,AZ_2023_12.pdf,,,,,,https://gaming.az.gov/sites/default/files/EW%20Website%20Revenue%20Report-Dec%202023_0.pdf,https://gaming.az.gov/blog-terms/event-wagering-revenue-reports,AZ/screenshots/AZ_2023_12_AZ_2023_12_p1.png,"Unibet AZ (Kindred) $ - $ 1 ,045,929.77 $ - $ 1,033,531.26 $ - $ 9,783.69 $ - $ 997.57 $ - $ 8,786.12 $ - $ 878.61",,2026-04-08T18:26:12.678718
AZ,2023-12-01,2023-12-31,monthly,Unibet AZ (Kindred),Unibet,Unibet,Kindred Group,online,,104592977,978369,1239851,99757,878612,103353126,87861,261482,0.0093540601679212,31,False,False,AZ_2023_12.pdf,,,,,,https://gaming.az.gov/sites/default/files/EW%20Website%20Revenue%20Report-Dec%202023_0.pdf,https://gaming.az.gov/blog-terms/event-wagering-revenue-reports,AZ/screenshots/AZ_2023_12_AZ_2023_12_p1.png,"Unibet AZ (Kindred) $ - $ 1 ,045,929.77 $ - $ 1,033,531.26 $ - $ 9,783.69 $ - $ 997.57 $ - $ 8,786.12 $ - $ 878.61",,2026-04-08T18:26:12.678718
AZ,2023-12-01,2023-12-31,monthly,WSI US (WynnBet),WynnBET,ESPN Bet,PENN Entertainment,retail,,0,0,0,0,0,0,0,0,,31,False,False,AZ_2023_12.pdf,,,,,,https://gaming.az.gov/sites/default/files/EW%20Website%20Revenue%20Report-Dec%202023_0.pdf,https://gaming.az.gov/blog-terms/event-wagering-revenue-reports,AZ/screenshots/AZ_2023_12_AZ_2023_12_p1.png,"WSI US (WynnBet) $ - $ 472,598.63 $ - $ 461,956.34 $ - $ 9,460.79 $ - $ 1,115.00 $ - $ 8,345.79 $ - $ 834.58",,2026-04-08T18:26:12.678718
AZ,2023-12-01,2023-12-31,monthly,WSI US (WynnBet),WynnBET,ESPN Bet,PENN Entertainment,online,,47259863,946079,1064229,111500,834579,46195634,83458,118150,0.0200186572694889,31,False,False,AZ_2023_12.pdf,,,,,,https://gaming.az.gov/sites/default/files/EW%20Website%20Revenue%20Report-Dec%202023_0.pdf,https://gaming.az.gov/blog-terms/event-wagering-revenue-reports,AZ/screenshots/AZ_2023_12_AZ_2023_12_p1.png,"WSI US (WynnBet) $ - $ 472,598.63 $ - $ 461,956.34 $ - $ 9,460.79 $ - $ 1,115.00 $ - $ 8,345.79 $ - $ 834.58",,2026-04-08T18:26:12.678718
AZ,2024-01-01,2024-01-31,monthly,"Bally Interactive, LLC",Bally Bet,Bally Bet,Bally's Corporation,retail,,0,0,0,0,0,0,0,0,,31,False,False,AZ_2024_01.pdf,,,,,,https://gaming.az.gov/sites/default/files/EW%20Website%20Report%20January%202024.pdf,https://gaming.az.gov/blog-terms/event-wagering-revenue-reports,AZ/screenshots/AZ_2024_01_AZ_2024_01_p1.png,"Bally Interactive, LLC $ - $ 1 ,047,977.29 $ - $ 929,263.19 $ - $ 116,094.16 $ - $ 98,596.73 $ - $ 17,497.43 $ - $ 1 ,749.74",,2026-04-08T18:26:14.691508
AZ,2024-01-01,2024-01-31,monthly,"Bally Interactive, LLC",Bally Bet,Bally Bet,Bally's Corporation,online,,104797729,11609416,11871410,9859673,1749743,92926319,174974,261994,0.1107792707988929,31,False,False,AZ_2024_01.pdf,,,,,,https://gaming.az.gov/sites/default/files/EW%20Website%20Report%20January%202024.pdf,https://gaming.az.gov/blog-terms/event-wagering-revenue-reports,AZ/screenshots/AZ_2024_01_AZ_2024_01_p1.png,"Bally Interactive, LLC $ - $ 1 ,047,977.29 $ - $ 929,263.19 $ - $ 116,094.16 $ - $ 98,596.73 $ - $ 17,497.43 $ - $ 1 ,749.74",,2026-04-08T18:26:14.691508
AZ,2024-01-01,2024-01-31,monthly,BetFred,Betfred,Betfred,Betfred Group,retail,,0,0,0,0,0,0,0,0,,31,False,False,AZ_2024_01.pdf,,,,,,https://gaming.az.gov/sites/default/files/EW%20Website%20Report%20January%202024.pdf,https://gaming.az.gov/blog-terms/event-wagering-revenue-reports,AZ/screenshots/AZ_2024_01_AZ_2024_01_p1.png,"BetFred $ - $ 1 ,436,447.88 $ - $ 1,421,698.96 $ - $ 11,157.80 $ - $ 11,157.80 $ - $ - $ - $ -",,2026-04-08T18:26:14.691508
AZ,2024-01-01,2024-01-31,monthly,BetFred,Betfred,Betfred,Betfred Group,online,,143644788,1115780,1474892,1115780,0,142169896,0,359112,0.0077676330310014,31,False,False,AZ_2024_01.pdf,,,,,,https://gaming.az.gov/sites/default/files/EW%20Website%20Report%20January%202024.pdf,https://gaming.az.gov/blog-terms/event-wagering-revenue-reports,AZ/screenshots/AZ_2024_01_AZ_2024_01_p1.png,"BetFred $ - $ 1 ,436,447.88 $ - $ 1,421,698.96 $ - $ 11,157.80 $ - $ 11,157.80 $ - $ - $ - $ -",,2026-04-08T18:26:14.691508
AZ,2024-01-01,2024-01-31,monthly,BetMGM,BetMGM,BetMGM,Entain/MGM Resorts,retail,,31504225,2333224,2411985,0,2333224,29092240,186658,78761,0.0740606696403418,31,False,False,AZ_2024_01.pdf,,,,,,https://gaming.az.gov/sites/default/files/EW%20Website%20Report%20January%202024.pdf,https://gaming.az.gov/blog-terms/event-wagering-revenue-reports,AZ/screenshots/AZ_2024_01_AZ_2024_01_p1.png,"BetMGM $ 315,042.25 $ 8 4,651,815.81 $ 290,922.40 $ 74,764,399.77 $ 23,332.24 $ 9,684,108.81 $ - $ 3,469,885.10 $ 23,332.24 $ 6,214,223.71 $ 1 ,866.58 $ 6 21,422.37",,2026-04-08T18:26:14.691508
AZ,2024-01-01,2024-01-31,monthly,BetMGM,BetMGM,BetMGM,Entain/MGM Resorts,online,,8465181581,968410881,988741604,346988510,621422371,7476439977,62142237,20330723,0.1143993039881845,31,False,False,AZ_2024_01.pdf,,,,,,https://gaming.az.gov/sites/default/files/EW%20Website%20Report%20January%202024.pdf,https://gaming.az.gov/blog-terms/event-wagering-revenue-reports,AZ/screenshots/AZ_2024_01_AZ_2024_01_p1.png,"BetMGM $ 315,042.25 $ 8 4,651,815.81 $ 290,922.40 $ 74,764,399.77 $ 23,332.24 $ 9,684,108.81 $ - $ 3,469,885.10 $ 23,332.24 $ 6,214,223.71 $ 1 ,866.58 $ 6 21,422.37",,2026-04-08T18:26:14.691508
AZ,2024-01-01,2024-01-31,monthly,Caesars (American Wagering),Caesars,Caesars,Caesars Entertainment,retail,,97934192,0,-4551273,0,0,102485465,0,-4551273,0.0,31,False,False,AZ_2024_01.pdf,,,,,,https://gaming.az.gov/sites/default/files/EW%20Website%20Report%20January%202024.pdf,https://gaming.az.gov/blog-terms/event-wagering-revenue-reports,AZ/screenshots/AZ_2024_01_AZ_2024_01_p1.png,"Caesars (American Wagering) $ 979,341.92 $ 5 0,283,693.66 $ 1,024,854.65 $ 46,756,682.29 $ - $ 3,401,494.96 $ - $ 837,791.19 $ - $ 2,563,703.77 $ - $ 2 56,370.38",,2026-04-08T18:26:14.691508
AZ,2024-01-01,2024-01-31,monthly,Caesars (American Wagering),Caesars,Caesars,Caesars Entertainment,online,,5028369366,340149496,352701137,83779119,256370377,4675668229,25637038,12551641,0.067646083897489,31,False,False,AZ_2024_01.pdf,,,,,,https://gaming.az.gov/sites/default/files/EW%20Website%20Report%20January%202024.pdf,https://gaming.az.gov/blog-terms/event-wagering-revenue-reports,AZ/screenshots/AZ_2024_01_AZ_2024_01_p1.png,"Caesars (American Wagering) $ 979,341.92 $ 5 0,283,693.66 $ 1,024,854.65 $ 46,756,682.29 $ - $ 3,401,494.96 $ - $ 837,791.19 $ - $ 2,563,703.77 $ - $ 2 56,370.38",,2026-04-08T18:26:14.691508
AZ,2024-01-01,2024-01-31,monthly,Desert Diamond Mobile,Desert Diamond,Desert Diamond,Tohono O'odham Nation,retail,,0,0,0,0,0,0,0,0,,31,False,False,AZ_2024_01.pdf,,,,,,https://gaming.az.gov/sites/default/files/EW%20Website%20Report%20January%202024.pdf,https://gaming.az.gov/blog-terms/event-wagering-revenue-reports,AZ/screenshots/AZ_2024_01_AZ_2024_01_p1.png,"Desert Diamond Mobile $ - $ 5 ,653,507.20 $ - $ 5,295,174.72 $ - $ 344,736.30 $ - $ 214,967.97 $ - $ 129,768.33 $ - $ 1 2,976.83",,2026-04-08T18:26:14.691508
AZ,2024-01-01,2024-01-31,monthly,Desert Diamond Mobile,Desert Diamond,Desert Diamond,Tohono O'odham Nation,online,,565350720,34473630,35833248,21496797,12976833,529517472,1297683,1359618,0.0609774230056698,31,False,False,AZ_2024_01.pdf,,,,,,https://gaming.az.gov/sites/default/files/EW%20Website%20Report%20January%202024.pdf,https://gaming.az.gov/blog-terms/event-wagering-revenue-reports,AZ/screenshots/AZ_2024_01_AZ_2024_01_p1.png,"Desert Diamond Mobile $ - $ 5 ,653,507.20 $ - $ 5,295,174.72 $ - $ 344,736.30 $ - $ 214,967.97 $ - $ 129,768.33 $ - $ 1 2,976.83",,2026-04-08T18:26:14.691508
AZ,2024-01-01,2024-01-31,monthly,Digital Gaming USA (Betway),Betway,Betway,Digital Gaming USA,retail,,0,0,0,0,0,0,0,0,,31,False,False,AZ_2024_01.pdf,,,,,,https://gaming.az.gov/sites/default/files/EW%20Website%20Report%20January%202024.pdf,https://gaming.az.gov/blog-terms/event-wagering-revenue-reports,AZ/screenshots/AZ_2024_01_AZ_2024_01_p1.png,"Digital Gaming USA (Betway) $ - $ 1 ,901,254.47 $ - $ 1,710,897.09 $ - $ 185,604.24 $ - $ 93,441.44 $ - $ 92,162.80 $ - $ 9 ,216.28",,2026-04-08T18:26:14.691508
AZ,2024-01-01,2024-01-31,monthly,Digital Gaming USA (Betway),Betway,Betway,Digital Gaming USA,online,,190125447,18560424,19035738,9344144,9216280,171089709,921628,475314,0.0976219874449526,31,False,False,AZ_2024_01.pdf,,,,,,https://gaming.az.gov/sites/default/files/EW%20Website%20Report%20January%202024.pdf,https://gaming.az.gov/blog-terms/event-wagering-revenue-reports,AZ/screenshots/AZ_2024_01_AZ_2024_01_p1.png,"Digital Gaming USA (Betway) $ - $ 1 ,901,254.47 $ - $ 1,710,897.09 $ - $ 185,604.24 $ - $ 93,441.44 $ - $ 92,162.80 $ - $ 9 ,216.28",,2026-04-08T18:26:14.691508
AZ,2024-01-01,2024-01-31,monthly,Draft Kings/Crown Gaming,DraftKings,DraftKings,DraftKings Inc,retail,,326963621,14451960,15269369,0,14451960,311694252,1156157,817409,0.0442005136712135,31,False,False,AZ_2024_01.pdf,,,,,,https://gaming.az.gov/sites/default/files/EW%20Website%20Report%20January%202024.pdf,https://gaming.az.gov/blog-terms/event-wagering-revenue-reports,AZ/screenshots/AZ_2024_01_AZ_2024_01_p1.png,"Draft Kings/Crown Gaming $ 3,269,636.21 $ 2 28,228,531.79 $ 3,116,942.52 $ 205,141,062.58 $ 144,519.60 $ 22,533,778.24 $ - $ 6,806,970.49 $ 144,519.60 $ 15,726,807.75 $ 1 1,561.57 $ 1 ,572,680.78",,2026-04-08T18:26:14.691508
AZ,2024-01-01,2024-01-31,monthly,Draft Kings/Crown Gaming,DraftKings,DraftKings,DraftKings Inc,online,,22822853179,2253377824,2308746921,680697049,1572680775,20514106258,157268078,55369097,0.0987333970177489,31,False,False,AZ_2024_01.pdf,,,,,,https://gaming.az.gov/sites/default/files/EW%20Website%20Report%20January%202024.pdf,https://gaming.az.gov/blog-terms/event-wagering-revenue-reports,AZ/screenshots/AZ_2024_01_AZ_2024_01_p1.png,"Draft Kings/Crown Gaming $ 3,269,636.21 $ 2 28,228,531.79 $ 3,116,942.52 $ 205,141,062.58 $ 144,519.60 $ 22,533,778.24 $ - $ 6,806,970.49 $ 144,519.60 $ 15,726,807.75 $ 1 1,561.57 $ 1 ,572,680.78",,2026-04-08T18:26:14.691508
AZ,2024-01-01,2024-01-31,monthly,Fan Duel,FanDuel,FanDuel,Flutter Entertainment,retail,,175677525,6281044,6718325,360000,5921044,168959200,473684,437281,0.0357532587051189,31,False,False,AZ_2024_01.pdf,,,,,,https://gaming.az.gov/sites/default/files/EW%20Website%20Report%20January%202024.pdf,https://gaming.az.gov/blog-terms/event-wagering-revenue-reports,AZ/screenshots/AZ_2024_01_AZ_2024_01_p1.png,"Fan Duel $ 1,756,775.25 $ 2 58,107,670.60 $ 1,689,592.00 $ 226,242,348.69 $ 62,810.44 $ 31,247,574.47 $ 3,600.00 $ 11,008,694.37 $ 59,210.44 $ 20,238,880.10 $ 4 ,736.84 $ 2 ,023,888.01",,2026-04-08T18:26:14.691508
AZ,2024-01-01,2024-01-31,monthly,Fan Duel,FanDuel,FanDuel,Flutter Entertainment,online,,25810767060,3124757447,3186532191,1100869437,2023888010,22624234869,202388801,61774744,0.1210641062985905,31,False,False,AZ_2024_01.pdf,,,,,,https://gaming.az.gov/sites/default/files/EW%20Website%20Report%20January%202024.pdf,https://gaming.az.gov/blog-terms/event-wagering-revenue-reports,AZ/screenshots/AZ_2024_01_AZ_2024_01_p1.png,"Fan Duel $ 1,756,775.25 $ 2 58,107,670.60 $ 1,689,592.00 $ 226,242,348.69 $ 62,810.44 $ 31,247,574.47 $ 3,600.00 $ 11,008,694.37 $ 59,210.44 $ 20,238,880.10 $ 4 ,736.84 $ 2 ,023,888.01",,2026-04-08T18:26:14.691508
AZ,2024-01-01,2024-01-31,monthly,Golden Nugget Online Gaming,DraftKings (Golden Nugget),DraftKings,DraftKings Inc,retail,,0,0,0,0,0,0,0,0,,31,False,False,AZ_2024_01.pdf,,,,,,https://gaming.az.gov/sites/default/files/EW%20Website%20Report%20January%202024.pdf,https://gaming.az.gov/blog-terms/event-wagering-revenue-reports,AZ/screenshots/AZ_2024_01_AZ_2024_01_p1.png,"Golden Nugget Online Gaming $ - $ 1 31,267.80 $ - $ 128,639.54 $ - $ 2,300.09 $ - $ - $ - $ 2,300.09 $ - $ 2 30.01",,2026-04-08T18:26:14.691508
AZ,2024-01-01,2024-01-31,monthly,Golden Nugget Online Gaming,DraftKings (Golden Nugget),DraftKings,DraftKings Inc,online,,13126780,230009,262826,0,230009,12863954,23001,32817,0.017522118905017,31,False,False,AZ_2024_01.pdf,,,,,,https://gaming.az.gov/sites/default/files/EW%20Website%20Report%20January%202024.pdf,https://gaming.az.gov/blog-terms/event-wagering-revenue-reports,AZ/screenshots/AZ_2024_01_AZ_2024_01_p1.png,"Golden Nugget Online Gaming $ - $ 1 31,267.80 $ - $ 128,639.54 $ - $ 2,300.09 $ - $ - $ - $ 2,300.09 $ - $ 2 30.01",,2026-04-08T18:26:14.691508
AZ,2024-01-01,2024-01-31,monthly,PENN/ESPN Bet,ESPN Bet,ESPN Bet,PENN Entertainment,retail,,0,0,0,0,0,0,0,0,,31,False,False,AZ_2024_01.pdf,,,,,,https://gaming.az.gov/sites/default/files/EW%20Website%20Report%20January%202024.pdf,https://gaming.az.gov/blog-terms/event-wagering-revenue-reports,AZ/screenshots/AZ_2024_01_AZ_2024_01_p1.png,"PENN/ESPN Bet $ - $ 4 9,539,902.82 $ - $ 49,067,729.58 $ - $ 348,323.48 $ - $ 348,323.48 $ - $ - $ - $ -",,2026-04-08T18:26:14.691508
AZ,2024-01-01,2024-01-31,monthly,PENN/ESPN Bet,ESPN Bet,ESPN Bet,PENN Entertainment,online,,4953990282,34832348,47217324,34832348,0,4906772958,0,12384976,0.0070311700300586,31,False,False,AZ_2024_01.pdf,,,,,,https://gaming.az.gov/sites/default/files/EW%20Website%20Report%20January%202024.pdf,https://gaming.az.gov/blog-terms/event-wagering-revenue-reports,AZ/screenshots/AZ_2024_01_AZ_2024_01_p1.png,"PENN/ESPN Bet $ - $ 4 9,539,902.82 $ - $ 49,067,729.58 $ - $ 348,323.48 $ - $ 348,323.48 $ - $ - $ - $ -",,2026-04-08T18:26:14.691508
AZ,2024-01-01,2024-01-31,monthly,RSI (Rush Street Interactive),BetRivers,BetRivers,Rush Street Interactive,retail,,0,0,0,0,0,0,0,0,,31,False,False,AZ_2024_01.pdf,,,,,,https://gaming.az.gov/sites/default/files/EW%20Website%20Report%20January%202024.pdf,https://gaming.az.gov/blog-terms/event-wagering-revenue-reports,AZ/screenshots/AZ_2024_01_AZ_2024_01_p1.png,"RSI (Rush Street Interactive) $ - $ 6 ,777,328.00 $ - $ 6,244,110.57 $ - $ 516,274.11 $ - $ 155,005.06 $ - $ 361,269.05 $ - $ 3 6,126.91",,2026-04-08T18:26:14.691508
AZ,2024-01-01,2024-01-31,monthly,RSI (Rush Street Interactive),BetRivers,BetRivers,Rush Street Interactive,online,,677732800,51627411,53321743,15500506,36126905,624411057,3612691,1694332,0.0761766451321228,31,False,False,AZ_2024_01.pdf,,,,,,https://gaming.az.gov/sites/default/files/EW%20Website%20Report%20January%202024.pdf,https://gaming.az.gov/blog-terms/event-wagering-revenue-reports,AZ/screenshots/AZ_2024_01_AZ_2024_01_p1.png,"RSI (Rush Street Interactive) $ - $ 6 ,777,328.00 $ - $ 6,244,110.57 $ - $ 516,274.11 $ - $ 155,005.06 $ - $ 361,269.05 $ - $ 3 6,126.91",,2026-04-08T18:26:14.691508
AZ,2024-01-01,2024-01-31,monthly,Sahara Bets,Sahara Bets,Sahara Bets,Sahara Bets,retail,,0,0,0,0,0,0,0,0,,31,False,False,AZ_2024_01.pdf,,,,,,https://gaming.az.gov/sites/default/files/EW%20Website%20Report%20January%202024.pdf,https://gaming.az.gov/blog-terms/event-wagering-revenue-reports,AZ/screenshots/AZ_2024_01_AZ_2024_01_p1.png,"Sahara Bets $ - $ 9 46,999.00 $ - $ 911,613.70 $ - $ 33,017.80 $ - $ 14,205.77 $ - $ 18,812.03 $ - $ 1 ,881.20",,2026-04-08T18:26:14.691508
AZ,2024-01-01,2024-01-31,monthly,Sahara Bets,Sahara Bets,Sahara Bets,Sahara Bets,online,,94699900,3301780,3538530,1420577,1881203,91161370,188120,236750,0.0348657179152248,31,False,False,AZ_2024_01.pdf,,,,,,https://gaming.az.gov/sites/default/files/EW%20Website%20Report%20January%202024.pdf,https://gaming.az.gov/blog-terms/event-wagering-revenue-reports,AZ/screenshots/AZ_2024_01_AZ_2024_01_p1.png,"Sahara Bets $ - $ 9 46,999.00 $ - $ 911,613.70 $ - $ 33,017.80 $ - $ 14,205.77 $ - $ 18,812.03 $ - $ 1 ,881.20",,2026-04-08T18:26:14.691508
AZ,2024-01-01,2024-01-31,monthly,"SBOpco, LLC (SuperBook)",SuperBook,SuperBook,SuperBook Sports,retail,,0,0,0,0,0,0,0,0,,31,False,False,AZ_2024_01.pdf,,,,,,https://gaming.az.gov/sites/default/files/EW%20Website%20Report%20January%202024.pdf,https://gaming.az.gov/blog-terms/event-wagering-revenue-reports,AZ/screenshots/AZ_2024_01_AZ_2024_01_p1.png,"SBOpco, LLC (SuperBook) $ - $ 1 ,003,320.55 $ - $ 1,032,972.19 $ - $ - $ - $ - $ - $ - $ - $ -",,2026-04-08T18:26:14.691508
AZ,2024-01-01,2024-01-31,monthly,"SBOpco, LLC (SuperBook)",SuperBook,SuperBook,SuperBook Sports,online,,100332055,0,-2965164,0,0,103297219,0,-2965164,0.0,31,False,False,AZ_2024_01.pdf,,,,,,https://gaming.az.gov/sites/default/files/EW%20Website%20Report%20January%202024.pdf,https://gaming.az.gov/blog-terms/event-wagering-revenue-reports,AZ/screenshots/AZ_2024_01_AZ_2024_01_p1.png,"SBOpco, LLC (SuperBook) $ - $ 1 ,003,320.55 $ - $ 1,032,972.19 $ - $ - $ - $ - $ - $ - $ - $ -",,2026-04-08T18:26:14.691508
AZ,2024-01-01,2024-01-31,monthly,Seminole Hard Rock Digital,Hard Rock Bet,Hard Rock Bet,Seminole Tribe / Hard Rock Digital,retail,,0,0,0,0,0,0,0,0,,31,False,False,AZ_2024_01.pdf,,,,,,https://gaming.az.gov/sites/default/files/EW%20Website%20Report%20January%202024.pdf,https://gaming.az.gov/blog-terms/event-wagering-revenue-reports,AZ/screenshots/AZ_2024_01_AZ_2024_01_p1.png,"Seminole Hard Rock Digital $ - $ 7 ,110,277.33 $ - $ 6,582,354.93 $ - $ 510,146.71 $ - $ 106,257.02 $ - $ 403,889.69 $ - $ 4 0,388.97",,2026-04-08T18:26:14.691508
AZ,2024-01-01,2024-01-31,monthly,Seminole Hard Rock Digital,Hard Rock Bet,Hard Rock Bet,Seminole Tribe / Hard Rock Digital,online,,711027733,51014671,52792240,10625702,40388969,658235493,4038897,1777569,0.0717477935561762,31,False,False,AZ_2024_01.pdf,,,,,,https://gaming.az.gov/sites/default/files/EW%20Website%20Report%20January%202024.pdf,https://gaming.az.gov/blog-terms/event-wagering-revenue-reports,AZ/screenshots/AZ_2024_01_AZ_2024_01_p1.png,"Seminole Hard Rock Digital $ - $ 7 ,110,277.33 $ - $ 6,582,354.93 $ - $ 510,146.71 $ - $ 106,257.02 $ - $ 403,889.69 $ - $ 4 0,388.97",,2026-04-08T18:26:14.691508
AZ,2024-01-01,2024-01-31,monthly,Unibet AZ (Kindred),Unibet,Unibet,Kindred Group,retail,,0,0,0,0,0,0,0,0,,31,False,False,AZ_2024_01.pdf,,,,,,https://gaming.az.gov/sites/default/files/EW%20Website%20Report%20January%202024.pdf,https://gaming.az.gov/blog-terms/event-wagering-revenue-reports,AZ/screenshots/AZ_2024_01_AZ_2024_01_p1.png,"Unibet AZ (Kindred) $ - $ 6 69,689.45 $ - $ 662,796.26 $ - $ 5,218.97 $ - $ 351.81 $ - $ 4,867.16 $ - $ 4 86.72",,2026-04-08T18:26:14.691508
AZ,2024-01-01,2024-01-31,monthly,Unibet AZ (Kindred),Unibet,Unibet,Kindred Group,online,,66968945,521897,689319,35181,486716,66279626,48672,167422,0.0077931196317935,31,False,False,AZ_2024_01.pdf,,,,,,https://gaming.az.gov/sites/default/files/EW%20Website%20Report%20January%202024.pdf,https://gaming.az.gov/blog-terms/event-wagering-revenue-reports,AZ/screenshots/AZ_2024_01_AZ_2024_01_p1.png,"Unibet AZ (Kindred) $ - $ 6 69,689.45 $ - $ 662,796.26 $ - $ 5,218.97 $ - $ 351.81 $ - $ 4,867.16 $ - $ 4 86.72",,2026-04-08T18:26:14.691508
AZ,2024-01-01,2024-01-31,monthly,WSI US (WynnBet),WynnBET,ESPN Bet,PENN Entertainment,retail,,0,0,0,0,0,0,0,0,,31,False,False,AZ_2024_01.pdf,,,,,,https://gaming.az.gov/sites/default/files/EW%20Website%20Report%20January%202024.pdf,https://gaming.az.gov/blog-terms/event-wagering-revenue-reports,AZ/screenshots/AZ_2024_01_AZ_2024_01_p1.png,"WSI US (WynnBet) $ - $ 5 19,226.22 $ - $ 490,404.83 $ - $ 27,523.32 $ - $ 265.00 $ - $ 27,258.32 $ - $ 2 ,725.83",,2026-04-08T18:26:14.691508
AZ,2024-01-01,2024-01-31,monthly,WSI US (WynnBet),WynnBET,ESPN Bet,PENN Entertainment,online,,51922622,2752332,2882139,26500,2725832,49040483,272583,129807,0.0530083399871447,31,False,False,AZ_2024_01.pdf,,,,,,https://gaming.az.gov/sites/default/files/EW%20Website%20Report%20January%202024.pdf,https://gaming.az.gov/blog-terms/event-wagering-revenue-reports,AZ/screenshots/AZ_2024_01_AZ_2024_01_p1.png,"WSI US (WynnBet) $ - $ 5 19,226.22 $ - $ 490,404.83 $ - $ 27,523.32 $ - $ 265.00 $ - $ 27,258.32 $ - $ 2 ,725.83",,2026-04-08T18:26:14.691508
AZ,2024-02-01,2024-02-29,monthly,"Bally Interactive, LLC",Bally Bet,Bally Bet,Bally's Corporation,retail,,0,0,0,0,0,0,0,0,,29,False,False,AZ_2024_02.pdf,,,,,,https://gaming.az.gov/sites/default/files/EW%20Website%20Revenue%20Report%20-%20Feb%202024.pdf,https://gaming.az.gov/blog-terms/event-wagering-revenue-reports,AZ/screenshots/AZ_2024_02_AZ_2024_02_p1.png,"Bally Interactive, LLC $ - $ 4 43,472.74 $ - $ 430,801.76 $ - $ 11,562.30 $ - $ 11,562.30 $ - $ - $ - $ -",,2026-04-08T18:26:16.598214
AZ,2024-02-01,2024-02-29,monthly,"Bally Interactive, LLC",Bally Bet,Bally Bet,Bally's Corporation,online,,44347274,1156230,1267098,1156230,0,43080176,0,110868,0.0260721775142255,29,False,False,AZ_2024_02.pdf,,,,,,https://gaming.az.gov/sites/default/files/EW%20Website%20Revenue%20Report%20-%20Feb%202024.pdf,https://gaming.az.gov/blog-terms/event-wagering-revenue-reports,AZ/screenshots/AZ_2024_02_AZ_2024_02_p1.png,"Bally Interactive, LLC $ - $ 4 43,472.74 $ - $ 430,801.76 $ - $ 11,562.30 $ - $ 11,562.30 $ - $ - $ - $ -",,2026-04-08T18:26:16.598214
AZ,2024-02-01,2024-02-29,monthly,Bet365,bet365,bet365,bet365 Group,retail,,0,0,0,0,0,0,0,0,,29,False,False,AZ_2024_02.pdf,,,,,,https://gaming.az.gov/sites/default/files/EW%20Website%20Revenue%20Report%20-%20Feb%202024.pdf,https://gaming.az.gov/blog-terms/event-wagering-revenue-reports,AZ/screenshots/AZ_2024_02_AZ_2024_02_p1.png,"Bet365 $ - $ 2 4,483,441.26 $ - $ 21,047,010.78 $ - $ 3,436,430.48 $ - $ 3,436,430.48 $ - $ - $ - $ -",,2026-04-08T18:26:16.598214
AZ,2024-02-01,2024-02-29,monthly,Bet365,bet365,bet365,bet365 Group,online,,2448344126,343643048,343643048,343643048,0,2104701078,0,0,0.1403573314513713,29,False,False,AZ_2024_02.pdf,,,,,,https://gaming.az.gov/sites/default/files/EW%20Website%20Revenue%20Report%20-%20Feb%202024.pdf,https://gaming.az.gov/blog-terms/event-wagering-revenue-reports,AZ/screenshots/AZ_2024_02_AZ_2024_02_p1.png,"Bet365 $ - $ 2 4,483,441.26 $ - $ 21,047,010.78 $ - $ 3,436,430.48 $ - $ 3,436,430.48 $ - $ - $ - $ -",,2026-04-08T18:26:16.598214
AZ,2024-02-01,2024-02-29,monthly,BetFred,Betfred,Betfred,Betfred Group,retail,,0,0,0,0,0,0,0,0,,29,False,False,AZ_2024_02.pdf,,,,,,https://gaming.az.gov/sites/default/files/EW%20Website%20Revenue%20Report%20-%20Feb%202024.pdf,https://gaming.az.gov/blog-terms/event-wagering-revenue-reports,AZ/screenshots/AZ_2024_02_AZ_2024_02_p1.png,"BetFred $ - $ 2 ,814,222.20 $ - $ 2,549,906.30 $ - $ 257,280.34 $ - $ 45,241.75 $ - $ 212,038.59 $ - $ 2 1,203.86",,2026-04-08T18:26:16.598214
AZ,2024-02-01,2024-02-29,monthly,BetFred,Betfred,Betfred,Betfred Group,online,,281422220,25728034,26431590,4524175,21203859,254990630,2120386,703556,0.091421473400359,29,False,False,AZ_2024_02.pdf,,,,,,https://gaming.az.gov/sites/default/files/EW%20Website%20Revenue%20Report%20-%20Feb%202024.pdf,https://gaming.az.gov/blog-terms/event-wagering-revenue-reports,AZ/screenshots/AZ_2024_02_AZ_2024_02_p1.png,"BetFred $ - $ 2 ,814,222.20 $ - $ 2,549,906.30 $ - $ 257,280.34 $ - $ 45,241.75 $ - $ 212,038.59 $ - $ 2 1,203.86",,2026-04-08T18:26:16.598214
AZ,2024-02-01,2024-02-29,monthly,BetMGM,BetMGM,BetMGM,Entain/MGM Resorts,retail,,35016810,14304068,14391610,0,14304068,20625200,1144325,87542,0.4084914645280367,29,False,False,AZ_2024_02.pdf,,,,,,https://gaming.az.gov/sites/default/files/EW%20Website%20Revenue%20Report%20-%20Feb%202024.pdf,https://gaming.az.gov/blog-terms/event-wagering-revenue-reports,AZ/screenshots/AZ_2024_02_AZ_2024_02_p1.png,"BetMGM $ 350,168.10 $ 7 3,253,246.75 $ 206,252.00 $ 67,151,620.75 $ 143,040.68 $ 5,926,551.01 $ - $ 3,480,270.58 $ 143,040.68 $ 2,446,280.43 $ 1 1,443.25 $ 2 44,628.04",,2026-04-08T18:26:16.598214
AZ,2024-02-01,2024-02-29,monthly,BetMGM,BetMGM,BetMGM,Entain/MGM Resorts,online,,7325324675,592655101,610162600,348027058,244628043,6715162075,24462804,17507499,0.0809049601613733,29,False,False,AZ_2024_02.pdf,,,,,,https://gaming.az.gov/sites/default/files/EW%20Website%20Revenue%20Report%20-%20Feb%202024.pdf,https://gaming.az.gov/blog-terms/event-wagering-revenue-reports,AZ/screenshots/AZ_2024_02_AZ_2024_02_p1.png,"BetMGM $ 350,168.10 $ 7 3,253,246.75 $ 206,252.00 $ 67,151,620.75 $ 143,040.68 $ 5,926,551.01 $ - $ 3,480,270.58 $ 143,040.68 $ 2,446,280.43 $ 1 1,443.25 $ 2 44,628.04",,2026-04-08T18:26:16.598214
AZ,2024-02-01,2024-02-29,monthly,Caesars (American Wagering),Caesars,Caesars,Caesars Entertainment,retail,,78458575,0,-286530,0,0,78745105,0,-286530,0.0,29,False,False,AZ_2024_02.pdf,,,,,,https://gaming.az.gov/sites/default/files/EW%20Website%20Revenue%20Report%20-%20Feb%202024.pdf,https://gaming.az.gov/blog-terms/event-wagering-revenue-reports,AZ/screenshots/AZ_2024_02_AZ_2024_02_p1.png,"Caesars (American Wagering) $ 784,585.75 $ 4 3,645,490.71 $ 787,451.05 $ 42,099,805.40 $ - $ 1,437,611.20 $ - $ 720,245.75 $ - $ 717,365.45 $ - $ 7 1,736.54",,2026-04-08T18:26:16.598214
AZ,2024-02-01,2024-02-29,monthly,Caesars (American Wagering),Caesars,Caesars,Caesars Entertainment,online,,4364549071,143761120,154568531,72024575,71736545,4209980540,7173654,10807411,0.0329383672084735,29,False,False,AZ_2024_02.pdf,,,,,,https://gaming.az.gov/sites/default/files/EW%20Website%20Revenue%20Report%20-%20Feb%202024.pdf,https://gaming.az.gov/blog-terms/event-wagering-revenue-reports,AZ/screenshots/AZ_2024_02_AZ_2024_02_p1.png,"Caesars (American Wagering) $ 784,585.75 $ 4 3,645,490.71 $ 787,451.05 $ 42,099,805.40 $ - $ 1,437,611.20 $ - $ 720,245.75 $ - $ 717,365.45 $ - $ 7 1,736.54",,2026-04-08T18:26:16.598214
AZ,2024-02-01,2024-02-29,monthly,Desert Diamond Mobile,Desert Diamond,Desert Diamond,Tohono O'odham Nation,retail,,0,0,0,0,0,0,0,0,,29,False,False,AZ_2024_02.pdf,,,,,,https://gaming.az.gov/sites/default/files/EW%20Website%20Revenue%20Report%20-%20Feb%202024.pdf,https://gaming.az.gov/blog-terms/event-wagering-revenue-reports,AZ/screenshots/AZ_2024_02_AZ_2024_02_p1.png,"Desert Diamond Mobile $ - $ 5 ,309,806.71 $ - $ 5,119,075.54 $ - $ 178,050.44 $ - $ 178,050.44 $ - $ - $ - $ -",,2026-04-08T18:26:16.598214
AZ,2024-02-01,2024-02-29,monthly,Desert Diamond Mobile,Desert Diamond,Desert Diamond,Tohono O'odham Nation,online,,530980671,17805044,19073117,17805044,0,511907554,0,1268073,0.0335323769252609,29,False,False,AZ_2024_02.pdf,,,,,,https://gaming.az.gov/sites/default/files/EW%20Website%20Revenue%20Report%20-%20Feb%202024.pdf,https://gaming.az.gov/blog-terms/event-wagering-revenue-reports,AZ/screenshots/AZ_2024_02_AZ_2024_02_p1.png,"Desert Diamond Mobile $ - $ 5 ,309,806.71 $ - $ 5,119,075.54 $ - $ 178,050.44 $ - $ 178,050.44 $ - $ - $ - $ -",,2026-04-08T18:26:16.598214
AZ,2024-02-01,2024-02-29,monthly,Digital Gaming USA (Betway),Betway,Betway,Digital Gaming USA,retail,,0,0,0,0,0,0,0,0,,29,False,False,AZ_2024_02.pdf,,,,,,https://gaming.az.gov/sites/default/files/EW%20Website%20Revenue%20Report%20-%20Feb%202024.pdf,https://gaming.az.gov/blog-terms/event-wagering-revenue-reports,AZ/screenshots/AZ_2024_02_AZ_2024_02_p1.png,"Digital Gaming USA (Betway) $ - $ 1 ,644,929.57 $ - $ 1,517,684.49 $ - $ 123,132.76 $ - $ 116,882.06 $ - $ 6,250.70 $ - $ 6 25.07",,2026-04-08T18:26:16.598214
AZ,2024-02-01,2024-02-29,monthly,Digital Gaming USA (Betway),Betway,Betway,Digital Gaming USA,online,,164492957,12313276,12724508,11688206,625070,151768449,62507,411232,0.0748559465679737,29,False,False,AZ_2024_02.pdf,,,,,,https://gaming.az.gov/sites/default/files/EW%20Website%20Revenue%20Report%20-%20Feb%202024.pdf,https://gaming.az.gov/blog-terms/event-wagering-revenue-reports,AZ/screenshots/AZ_2024_02_AZ_2024_02_p1.png,"Digital Gaming USA (Betway) $ - $ 1 ,644,929.57 $ - $ 1,517,684.49 $ - $ 123,132.76 $ - $ 116,882.06 $ - $ 6,250.70 $ - $ 6 25.07",,2026-04-08T18:26:16.598214
AZ,2024-02-01,2024-02-29,monthly,Draft Kings/Crown Gaming,DraftKings,DraftKings,DraftKings Inc,retail,,166584319,14748253,15164714,0,14748253,151419605,1179860,416461,0.0885332610448165,29,False,False,AZ_2024_02.pdf,,,,,,https://gaming.az.gov/sites/default/files/EW%20Website%20Revenue%20Report%20-%20Feb%202024.pdf,https://gaming.az.gov/blog-terms/event-wagering-revenue-reports,AZ/screenshots/AZ_2024_02_AZ_2024_02_p1.png,"Draft Kings/Crown Gaming $ 1,665,843.19 $ 2 06,226,397.31 $ 1,514,196.05 $ 186,540,093.86 $ 147,482.53 $ 19,191,343.29 $ - $ 8,267,965.31 $ 147,482.53 $ 10,923,377.98 $ 1 1,798.60 $ 1 ,092,337.80",,2026-04-08T18:26:16.598214
AZ,2024-02-01,2024-02-29,monthly,Draft Kings/Crown Gaming,DraftKings,DraftKings,DraftKings Inc,online,,20622639731,1919134329,1968630345,826796531,1092337798,18654009386,109233780,49496016,0.0930595866500617,29,False,False,AZ_2024_02.pdf,,,,,,https://gaming.az.gov/sites/default/files/EW%20Website%20Revenue%20Report%20-%20Feb%202024.pdf,https://gaming.az.gov/blog-terms/event-wagering-revenue-reports,AZ/screenshots/AZ_2024_02_AZ_2024_02_p1.png,"Draft Kings/Crown Gaming $ 1,665,843.19 $ 2 06,226,397.31 $ 1,514,196.05 $ 186,540,093.86 $ 147,482.53 $ 19,191,343.29 $ - $ 8,267,965.31 $ 147,482.53 $ 10,923,377.98 $ 1 1,798.60 $ 1 ,092,337.80",,2026-04-08T18:26:16.598214
AZ,2024-02-01,2024-02-29,monthly,Fan Duel,FanDuel,FanDuel,Flutter Entertainment,retail,,184291800,0,-4974200,0,0,189266000,0,-4974200,0.0,29,False,False,AZ_2024_02.pdf,,,,,,https://gaming.az.gov/sites/default/files/EW%20Website%20Revenue%20Report%20-%20Feb%202024.pdf,https://gaming.az.gov/blog-terms/event-wagering-revenue-reports,AZ/screenshots/AZ_2024_02_AZ_2024_02_p1.png,"Fan Duel $ 1,842,918.00 $ 2 30,286,514.63 $ 1,892,660.00 $ 210,063,991.05 $ - $ 19,663,734.88 $ - $ 6,771,024.62 $ - $ 12,892,710.26 $ - $ 1 ,289,271.03",,2026-04-08T18:26:16.598214
AZ,2024-02-01,2024-02-29,monthly,Fan Duel,FanDuel,FanDuel,Flutter Entertainment,online,,23028651463,1966373488,2022252358,677102462,1289271026,21006399105,128927103,55878870,0.0853881301369018,29,False,False,AZ_2024_02.pdf,,,,,,https://gaming.az.gov/sites/default/files/EW%20Website%20Revenue%20Report%20-%20Feb%202024.pdf,https://gaming.az.gov/blog-terms/event-wagering-revenue-reports,AZ/screenshots/AZ_2024_02_AZ_2024_02_p1.png,"Fan Duel $ 1,842,918.00 $ 2 30,286,514.63 $ 1,892,660.00 $ 210,063,991.05 $ - $ 19,663,734.88 $ - $ 6,771,024.62 $ - $ 12,892,710.26 $ - $ 1 ,289,271.03",,2026-04-08T18:26:16.598214
AZ,2024-02-01,2024-02-29,monthly,Golden Nugget Online Gaming,DraftKings (Golden Nugget),DraftKings,DraftKings Inc,retail,,0,0,0,0,0,0,0,0,,29,False,False,AZ_2024_02.pdf,,,,,,https://gaming.az.gov/sites/default/files/EW%20Website%20Revenue%20Report%20-%20Feb%202024.pdf,https://gaming.az.gov/blog-terms/event-wagering-revenue-reports,AZ/screenshots/AZ_2024_02_AZ_2024_02_p1.png,"Golden Nugget Online Gaming $ - $ 4 34,598.41 $ - $ 412,859.95 $ - $ 20,651.96 $ - $ - $ - $ 20,651.96 $ - $ 2 ,065.20",,2026-04-08T18:26:16.598214
AZ,2024-02-01,2024-02-29,monthly,Golden Nugget Online Gaming,DraftKings (Golden Nugget),DraftKings,DraftKings Inc,online,,43459841,2065196,2173846,0,2065196,41285995,206520,108650,0.0475196400281354,29,False,False,AZ_2024_02.pdf,,,,,,https://gaming.az.gov/sites/default/files/EW%20Website%20Revenue%20Report%20-%20Feb%202024.pdf,https://gaming.az.gov/blog-terms/event-wagering-revenue-reports,AZ/screenshots/AZ_2024_02_AZ_2024_02_p1.png,"Golden Nugget Online Gaming $ - $ 4 34,598.41 $ - $ 412,859.95 $ - $ 20,651.96 $ - $ - $ - $ 20,651.96 $ - $ 2 ,065.20",,2026-04-08T18:26:16.598214
AZ,2024-02-01,2024-02-29,monthly,PENN / ESPN Bet,ESPN Bet,ESPN Bet,PENN Entertainment,retail,,0,0,0,0,0,0,0,0,,29,False,False,AZ_2024_02.pdf,,,,,,https://gaming.az.gov/sites/default/files/EW%20Website%20Revenue%20Report%20-%20Feb%202024.pdf,https://gaming.az.gov/blog-terms/event-wagering-revenue-reports,AZ/screenshots/AZ_2024_02_AZ_2024_02_p1.png,"PENN / ESPN Bet $ - $ 2 6,578,422.36 $ - $ 24,551,358.82 $ - $ 1,960,617.48 $ - $ 1,831,286.43 $ - $ 129,331.05 $ - $ 1 2,933.11",,2026-04-08T18:26:16.598214
AZ,2024-02-01,2024-02-29,monthly,PENN / ESPN Bet,ESPN Bet,ESPN Bet,PENN Entertainment,online,,2657842236,196061748,202706354,183128643,12933105,2455135882,1293311,6644606,0.0737672632876317,29,False,False,AZ_2024_02.pdf,,,,,,https://gaming.az.gov/sites/default/files/EW%20Website%20Revenue%20Report%20-%20Feb%202024.pdf,https://gaming.az.gov/blog-terms/event-wagering-revenue-reports,AZ/screenshots/AZ_2024_02_AZ_2024_02_p1.png,"PENN / ESPN Bet $ - $ 2 6,578,422.36 $ - $ 24,551,358.82 $ - $ 1,960,617.48 $ - $ 1,831,286.43 $ - $ 129,331.05 $ - $ 1 2,933.11",,2026-04-08T18:26:16.598214
AZ,2024-02-01,2024-02-29,monthly,RSI (Rush Street Interactive),BetRivers,BetRivers,Rush Street Interactive,retail,,0,0,0,0,0,0,0,0,,29,False,False,AZ_2024_02.pdf,,,,,,https://gaming.az.gov/sites/default/files/EW%20Website%20Revenue%20Report%20-%20Feb%202024.pdf,https://gaming.az.gov/blog-terms/event-wagering-revenue-reports,AZ/screenshots/AZ_2024_02_AZ_2024_02_p1.png,"RSI (Rush Street Interactive) $ - $ 4 ,521,508.62 $ - $ 4,357,220.88 $ - $ 152,983.97 $ - $ 99,812.80 $ - $ 53,171.17 $ - $ 5 ,317.12",,2026-04-08T18:26:16.598214
AZ,2024-02-01,2024-02-29,monthly,RSI (Rush Street Interactive),BetRivers,BetRivers,Rush Street Interactive,online,,452150862,15298397,16428774,9981280,5317117,435722088,531712,1130377,0.0338347182007584,29,False,False,AZ_2024_02.pdf,,,,,,https://gaming.az.gov/sites/default/files/EW%20Website%20Revenue%20Report%20-%20Feb%202024.pdf,https://gaming.az.gov/blog-terms/event-wagering-revenue-reports,AZ/screenshots/AZ_2024_02_AZ_2024_02_p1.png,"RSI (Rush Street Interactive) $ - $ 4 ,521,508.62 $ - $ 4,357,220.88 $ - $ 152,983.97 $ - $ 99,812.80 $ - $ 53,171.17 $ - $ 5 ,317.12",,2026-04-08T18:26:16.598214
AZ,2024-02-01,2024-02-29,monthly,Sahara Bets,Sahara Bets,Sahara Bets,Sahara Bets,retail,,0,0,0,0,0,0,0,0,,29,False,False,AZ_2024_02.pdf,,,,,,https://gaming.az.gov/sites/default/files/EW%20Website%20Revenue%20Report%20-%20Feb%202024.pdf,https://gaming.az.gov/blog-terms/event-wagering-revenue-reports,AZ/screenshots/AZ_2024_02_AZ_2024_02_p1.png,"Sahara Bets $ - $ 1 ,502,626.79 $ - $ 1,474,845.69 $ - $ 24,024.53 $ - $ 24,024.53 $ - $ - $ - $ -",,2026-04-08T18:26:16.598214
AZ,2024-02-01,2024-02-29,monthly,Sahara Bets,Sahara Bets,Sahara Bets,Sahara Bets,online,,150262679,2402453,2778110,2402453,0,147484569,0,375657,0.0159883546332885,29,False,False,AZ_2024_02.pdf,,,,,,https://gaming.az.gov/sites/default/files/EW%20Website%20Revenue%20Report%20-%20Feb%202024.pdf,https://gaming.az.gov/blog-terms/event-wagering-revenue-reports,AZ/screenshots/AZ_2024_02_AZ_2024_02_p1.png,"Sahara Bets $ - $ 1 ,502,626.79 $ - $ 1,474,845.69 $ - $ 24,024.53 $ - $ 24,024.53 $ - $ - $ - $ -",,2026-04-08T18:26:16.598214
AZ,2024-02-01,2024-02-29,monthly,"SBOpco, LLC (SuperBook)",SuperBook,SuperBook,SuperBook Sports,retail,,0,0,0,0,0,0,0,0,,29,False,False,AZ_2024_02.pdf,,,,,,https://gaming.az.gov/sites/default/files/EW%20Website%20Revenue%20Report%20-%20Feb%202024.pdf,https://gaming.az.gov/blog-terms/event-wagering-revenue-reports,AZ/screenshots/AZ_2024_02_AZ_2024_02_p1.png,"SBOpco, LLC (SuperBook) $ - $ 7 64,096.74 $ - $ 781,640.00 $ - $ - $ - $ - $ - $ - $ - $ -",,2026-04-08T18:26:16.598214
AZ,2024-02-01,2024-02-29,monthly,"SBOpco, LLC (SuperBook)",SuperBook,SuperBook,SuperBook Sports,online,,76409674,0,-1754326,0,0,78164000,0,-1754326,0.0,29,False,False,AZ_2024_02.pdf,,,,,,https://gaming.az.gov/sites/default/files/EW%20Website%20Revenue%20Report%20-%20Feb%202024.pdf,https://gaming.az.gov/blog-terms/event-wagering-revenue-reports,AZ/screenshots/AZ_2024_02_AZ_2024_02_p1.png,"SBOpco, LLC (SuperBook) $ - $ 7 64,096.74 $ - $ 781,640.00 $ - $ - $ - $ - $ - $ - $ - $ -",,2026-04-08T18:26:16.598214
AZ,2024-02-01,2024-02-29,monthly,Seminole Hard Rock Digital,Hard Rock Bet,Hard Rock Bet,Seminole Tribe / Hard Rock Digital,retail,,0,0,0,0,0,0,0,0,,29,False,False,AZ_2024_02.pdf,,,,,,https://gaming.az.gov/sites/default/files/EW%20Website%20Revenue%20Report%20-%20Feb%202024.pdf,https://gaming.az.gov/blog-terms/event-wagering-revenue-reports,AZ/screenshots/AZ_2024_02_AZ_2024_02_p1.png,"Seminole Hard Rock Digital $ - $ 8 ,023,473.78 $ - $ 7,747,608.25 $ - $ 255,806.85 $ - $ 88,330.79 $ - $ 167,476.06 $ - $ 1 6,747.61",,2026-04-08T18:26:16.598214
AZ,2024-02-01,2024-02-29,monthly,Seminole Hard Rock Digital,Hard Rock Bet,Hard Rock Bet,Seminole Tribe / Hard Rock Digital,online,,802347378,25580685,27586553,8833079,16747606,774760825,1674761,2005868,0.0318823064690067,29,False,False,AZ_2024_02.pdf,,,,,,https://gaming.az.gov/sites/default/files/EW%20Website%20Revenue%20Report%20-%20Feb%202024.pdf,https://gaming.az.gov/blog-terms/event-wagering-revenue-reports,AZ/screenshots/AZ_2024_02_AZ_2024_02_p1.png,"Seminole Hard Rock Digital $ - $ 8 ,023,473.78 $ - $ 7,747,608.25 $ - $ 255,806.85 $ - $ 88,330.79 $ - $ 167,476.06 $ - $ 1 6,747.61",,2026-04-08T18:26:16.598214
AZ,2024-02-01,2024-02-29,monthly,Unibet AZ (Kindred),Unibet,Unibet,Kindred Group,retail,,0,0,0,0,0,0,0,0,,29,False,False,AZ_2024_02.pdf,,,,,,https://gaming.az.gov/sites/default/files/EW%20Website%20Revenue%20Report%20-%20Feb%202024.pdf,https://gaming.az.gov/blog-terms/event-wagering-revenue-reports,AZ/screenshots/AZ_2024_02_AZ_2024_02_p1.png,"Unibet AZ (Kindred) $ - $ 8 40,838.56 $ - $ 812,987.40 $ - $ 25,749.06 $ - $ 419.87 $ - $ 25,329.19 $ - $ 2 ,532.92",,2026-04-08T18:26:16.598214
AZ,2024-02-01,2024-02-29,monthly,Unibet AZ (Kindred),Unibet,Unibet,Kindred Group,online,,84083856,2574906,2785116,41987,2532919,81298740,253292,210210,0.0306230722815566,29,False,False,AZ_2024_02.pdf,,,,,,https://gaming.az.gov/sites/default/files/EW%20Website%20Revenue%20Report%20-%20Feb%202024.pdf,https://gaming.az.gov/blog-terms/event-wagering-revenue-reports,AZ/screenshots/AZ_2024_02_AZ_2024_02_p1.png,"Unibet AZ (Kindred) $ - $ 8 40,838.56 $ - $ 812,987.40 $ - $ 25,749.06 $ - $ 419.87 $ - $ 25,329.19 $ - $ 2 ,532.92",,2026-04-08T18:26:16.598214
AZ,2024-02-01,2024-02-29,monthly,WSI US (WynnBet),WynnBET,ESPN Bet,PENN Entertainment,retail,,0,0,0,0,0,0,0,0,,29,False,False,AZ_2024_02.pdf,,,,,,https://gaming.az.gov/sites/default/files/EW%20Website%20Revenue%20Report%20-%20Feb%202024.pdf,https://gaming.az.gov/blog-terms/event-wagering-revenue-reports,AZ/screenshots/AZ_2024_02_AZ_2024_02_p1.png,"WSI US (WynnBet) $ - $ 4 75,626.17 $ - $ 463,189.85 $ - $ 11,247.25 $ - $ 595.00 $ - $ 10,652.25 $ - $ 1 ,065.23",,2026-04-08T18:26:16.598214
AZ,2024-02-01,2024-02-29,monthly,WSI US (WynnBet),WynnBET,ESPN Bet,PENN Entertainment,online,,47562617,1124725,1243632,59500,1065225,46318985,106523,118907,0.0236472480057184,29,False,False,AZ_2024_02.pdf,,,,,,https://gaming.az.gov/sites/default/files/EW%20Website%20Revenue%20Report%20-%20Feb%202024.pdf,https://gaming.az.gov/blog-terms/event-wagering-revenue-reports,AZ/screenshots/AZ_2024_02_AZ_2024_02_p1.png,"WSI US (WynnBet) $ - $ 4 75,626.17 $ - $ 463,189.85 $ - $ 11,247.25 $ - $ 595.00 $ - $ 10,652.25 $ - $ 1 ,065.23",,2026-04-08T18:26:16.598214
AZ,2024-03-01,2024-03-31,monthly,"Bally Interactive, LLC",Bally Bet,Bally Bet,Bally's Corporation,retail,,0,0,0,0,0,0,0,0,,31,False,False,AZ_2024_03.pdf,,,,,,https://gaming.az.gov/sites/default/files/EW%20Website%20Revenue%20Report%20-%20Mar%202024.pdf,https://gaming.az.gov/blog-terms/event-wagering-revenue-reports,AZ/screenshots/AZ_2024_03_AZ_2024_03_p1.png,"Bally Interactive, LLC $ - $ 798,700.95 $ - $ 718,076.98 $ - $ 78,627.22 $ - $ 7,605.09 $ - $ 71,022.13 $ - $ 7 ,102.21",,2026-04-08T18:26:17.372452
AZ,2024-03-01,2024-03-31,monthly,"Bally Interactive, LLC",Bally Bet,Bally Bet,Bally's Corporation,online,,79870095,7862722,8062397,760509,7102213,71807698,710221,199675,0.0984438794019213,31,False,False,AZ_2024_03.pdf,,,,,,https://gaming.az.gov/sites/default/files/EW%20Website%20Revenue%20Report%20-%20Mar%202024.pdf,https://gaming.az.gov/blog-terms/event-wagering-revenue-reports,AZ/screenshots/AZ_2024_03_AZ_2024_03_p1.png,"Bally Interactive, LLC $ - $ 798,700.95 $ - $ 718,076.98 $ - $ 78,627.22 $ - $ 7,605.09 $ - $ 71,022.13 $ - $ 7 ,102.21",,2026-04-08T18:26:17.372452
AZ,2024-03-01,2024-03-31,monthly,Bet365,bet365,bet365,bet365 Group,retail,,0,0,0,0,0,0,0,0,,31,False,False,AZ_2024_03.pdf,,,,,,https://gaming.az.gov/sites/default/files/EW%20Website%20Revenue%20Report%20-%20Mar%202024.pdf,https://gaming.az.gov/blog-terms/event-wagering-revenue-reports,AZ/screenshots/AZ_2024_03_AZ_2024_03_p1.png,"Bet365 $ - $ 2 9,299,084.50 $ - $ 27,353,179.74 $ - $ 1 ,898,916.85 $ - $ 1,898,916.85 $ - $ - $ - $ -",,2026-04-08T18:26:17.372452
AZ,2024-03-01,2024-03-31,monthly,Bet365,bet365,bet365,bet365 Group,online,,2929908450,189891685,194590476,189891685,0,2735317974,0,4698791,0.0648114738875202,31,False,False,AZ_2024_03.pdf,,,,,,https://gaming.az.gov/sites/default/files/EW%20Website%20Revenue%20Report%20-%20Mar%202024.pdf,https://gaming.az.gov/blog-terms/event-wagering-revenue-reports,AZ/screenshots/AZ_2024_03_AZ_2024_03_p1.png,"Bet365 $ - $ 2 9,299,084.50 $ - $ 27,353,179.74 $ - $ 1 ,898,916.85 $ - $ 1,898,916.85 $ - $ - $ - $ -",,2026-04-08T18:26:17.372452
AZ,2024-03-01,2024-03-31,monthly,BetFred,Betfred,Betfred,Betfred Group,retail,,0,0,0,0,0,0,0,0,,31,False,False,AZ_2024_03.pdf,,,,,,https://gaming.az.gov/sites/default/files/EW%20Website%20Revenue%20Report%20-%20Mar%202024.pdf,https://gaming.az.gov/blog-terms/event-wagering-revenue-reports,AZ/screenshots/AZ_2024_03_AZ_2024_03_p1.png,"BetFred $ - $ 2,772,366.03 $ - $ 2 ,676,250.67 $ - $ 89,184.44 $ - $ 49,492.07 $ - $ 39,692.37 $ - $ 3 ,969.24",,2026-04-08T18:26:17.372452
AZ,2024-03-01,2024-03-31,monthly,BetFred,Betfred,Betfred,Betfred Group,online,,277236603,8918444,9611536,4949207,3969237,267625067,396924,693092,0.0321690711237,31,False,False,AZ_2024_03.pdf,,,,,,https://gaming.az.gov/sites/default/files/EW%20Website%20Revenue%20Report%20-%20Mar%202024.pdf,https://gaming.az.gov/blog-terms/event-wagering-revenue-reports,AZ/screenshots/AZ_2024_03_AZ_2024_03_p1.png,"BetFred $ - $ 2,772,366.03 $ - $ 2 ,676,250.67 $ - $ 89,184.44 $ - $ 49,492.07 $ - $ 39,692.37 $ - $ 3 ,969.24",,2026-04-08T18:26:17.372452
AZ,2024-03-01,2024-03-31,monthly,BetMGM,BetMGM,BetMGM,Entain/MGM Resorts,retail,,65051235,3451727,3614355,0,3451727,61436880,276138,162628,0.0530616674687267,31,False,False,AZ_2024_03.pdf,,,,,,https://gaming.az.gov/sites/default/files/EW%20Website%20Revenue%20Report%20-%20Mar%202024.pdf,https://gaming.az.gov/blog-terms/event-wagering-revenue-reports,AZ/screenshots/AZ_2024_03_AZ_2024_03_p1.png,"BetMGM $ 6 50,512.35 $ 9 3,966,415.30 $ 614,368.80 $ 86,373,774.90 $ 34,517.27 $ 7 ,365,093.38 $ - $ 3,285,756.09 $ 34,517.27 $ 4 ,079,337.29 $ 2 ,761.38 $ 407,933.73",,2026-04-08T18:26:17.372452
AZ,2024-03-01,2024-03-31,monthly,BetMGM,BetMGM,BetMGM,Entain/MGM Resorts,online,,9396641530,736509338,759264040,328575609,407933729,8637377490,40793373,22754702,0.0783800611791562,31,False,False,AZ_2024_03.pdf,,,,,,https://gaming.az.gov/sites/default/files/EW%20Website%20Revenue%20Report%20-%20Mar%202024.pdf,https://gaming.az.gov/blog-terms/event-wagering-revenue-reports,AZ/screenshots/AZ_2024_03_AZ_2024_03_p1.png,"BetMGM $ 6 50,512.35 $ 9 3,966,415.30 $ 614,368.80 $ 86,373,774.90 $ 34,517.27 $ 7 ,365,093.38 $ - $ 3,285,756.09 $ 34,517.27 $ 4 ,079,337.29 $ 2 ,761.38 $ 407,933.73",,2026-04-08T18:26:17.372452
AZ,2024-03-01,2024-03-31,monthly,Caesars (American Wagering),Caesars,Caesars,Caesars Entertainment,retail,,70561295,10811118,10984395,0,10811118,59576900,864889,173277,0.1532159805173643,31,False,False,AZ_2024_03.pdf,,,,,,https://gaming.az.gov/sites/default/files/EW%20Website%20Revenue%20Report%20-%20Mar%202024.pdf,https://gaming.az.gov/blog-terms/event-wagering-revenue-reports,AZ/screenshots/AZ_2024_03_AZ_2024_03_p1.png,"Caesars (American Wagering) $ 7 05,612.95 $ 5 0,707,405.19 $ 595,769.00 $ 47,598,403.54 $ 108,111.18 $ 2 ,984,418.01 $ - $ 7 34,023.87 $ 1 08,111.18 $ 2 ,250,394.14 $ 8 ,648.89 $ 225,039.41",,2026-04-08T18:26:17.372452
AZ,2024-03-01,2024-03-31,monthly,Caesars (American Wagering),Caesars,Caesars,Caesars Entertainment,online,,5070740519,298441801,310900165,73402387,225039414,4759840354,22503941,12458364,0.0588556641543266,31,False,False,AZ_2024_03.pdf,,,,,,https://gaming.az.gov/sites/default/files/EW%20Website%20Revenue%20Report%20-%20Mar%202024.pdf,https://gaming.az.gov/blog-terms/event-wagering-revenue-reports,AZ/screenshots/AZ_2024_03_AZ_2024_03_p1.png,"Caesars (American Wagering) $ 7 05,612.95 $ 5 0,707,405.19 $ 595,769.00 $ 47,598,403.54 $ 108,111.18 $ 2 ,984,418.01 $ - $ 7 34,023.87 $ 1 08,111.18 $ 2 ,250,394.14 $ 8 ,648.89 $ 225,039.41",,2026-04-08T18:26:17.372452
AZ,2024-03-01,2024-03-31,monthly,Desert Diamond Mobile,Desert Diamond,Desert Diamond,Tohono O'odham Nation,retail,,0,0,0,0,0,0,0,0,,31,False,False,AZ_2024_03.pdf,,,,,,https://gaming.az.gov/sites/default/files/EW%20Website%20Revenue%20Report%20-%20Mar%202024.pdf,https://gaming.az.gov/blog-terms/event-wagering-revenue-reports,AZ/screenshots/AZ_2024_03_AZ_2024_03_p1.png,"Desert Diamond Mobile $ - $ 6,452,733.69 $ - $ 6 ,440,524.90 $ - $ - $ - $ - $ - $ - $ - $ -",,2026-04-08T18:26:17.372452
AZ,2024-03-01,2024-03-31,monthly,Desert Diamond Mobile,Desert Diamond,Desert Diamond,Tohono O'odham Nation,online,,645273369,0,1220879,0,0,644052490,0,1220879,0.0,31,False,False,AZ_2024_03.pdf,,,,,,https://gaming.az.gov/sites/default/files/EW%20Website%20Revenue%20Report%20-%20Mar%202024.pdf,https://gaming.az.gov/blog-terms/event-wagering-revenue-reports,AZ/screenshots/AZ_2024_03_AZ_2024_03_p1.png,"Desert Diamond Mobile $ - $ 6,452,733.69 $ - $ 6 ,440,524.90 $ - $ - $ - $ - $ - $ - $ - $ -",,2026-04-08T18:26:17.372452
AZ,2024-03-01,2024-03-31,monthly,Digital Gaming USA (Betway),Betway,Betway,Digital Gaming USA,retail,,0,0,0,0,0,0,0,0,,31,False,False,AZ_2024_03.pdf,,,,,,https://gaming.az.gov/sites/default/files/EW%20Website%20Revenue%20Report%20-%20Mar%202024.pdf,https://gaming.az.gov/blog-terms/event-wagering-revenue-reports,AZ/screenshots/AZ_2024_03_AZ_2024_03_p1.png,"Digital Gaming USA (Betway) $ - $ 2,103,619.69 $ - $ 1 ,902,132.68 $ - $ 196,227.96 $ - $ 1 56,064.83 $ - $ 40,163.13 $ - $ 4 ,016.31",,2026-04-08T18:26:17.372452
AZ,2024-03-01,2024-03-31,monthly,Digital Gaming USA (Betway),Betway,Betway,Digital Gaming USA,online,,210361969,19622796,20148701,15606483,4016313,190213268,401631,525905,0.0932811006346874,31,False,False,AZ_2024_03.pdf,,,,,,https://gaming.az.gov/sites/default/files/EW%20Website%20Revenue%20Report%20-%20Mar%202024.pdf,https://gaming.az.gov/blog-terms/event-wagering-revenue-reports,AZ/screenshots/AZ_2024_03_AZ_2024_03_p1.png,"Digital Gaming USA (Betway) $ - $ 2,103,619.69 $ - $ 1 ,902,132.68 $ - $ 196,227.96 $ - $ 1 56,064.83 $ - $ 40,163.13 $ - $ 4 ,016.31",,2026-04-08T18:26:17.372452
AZ,2024-03-01,2024-03-31,monthly,Draft Kings/Crown Gaming,DraftKings,DraftKings,DraftKings Inc,retail,,217558234,25748177,26292073,0,25748177,191266161,2059854,543896,0.118350735463315,31,False,False,AZ_2024_03.pdf,,,,,,https://gaming.az.gov/sites/default/files/EW%20Website%20Revenue%20Report%20-%20Mar%202024.pdf,https://gaming.az.gov/blog-terms/event-wagering-revenue-reports,AZ/screenshots/AZ_2024_03_AZ_2024_03_p1.png,"Draft Kings/Crown Gaming $ 2,175,582.34 $ 255,323,927.07 $ 1 ,912,661.61 $ 236,548,178.66 $ 257,481.77 $ 18,149,833.28 $ - $ 5,094,844.97 $ 2 57,481.77 $ 13,054,988.31 $ 20,598.54 $ 1 ,305,498.83",,2026-04-08T18:26:17.372452
AZ,2024-03-01,2024-03-31,monthly,Draft Kings/Crown Gaming,DraftKings,DraftKings,DraftKings Inc,online,,25532392707,1814983328,1877574841,509484497,1305498831,23654817866,130549883,62591513,0.0710855166935608,31,False,False,AZ_2024_03.pdf,,,,,,https://gaming.az.gov/sites/default/files/EW%20Website%20Revenue%20Report%20-%20Mar%202024.pdf,https://gaming.az.gov/blog-terms/event-wagering-revenue-reports,AZ/screenshots/AZ_2024_03_AZ_2024_03_p1.png,"Draft Kings/Crown Gaming $ 2,175,582.34 $ 255,323,927.07 $ 1 ,912,661.61 $ 236,548,178.66 $ 257,481.77 $ 18,149,833.28 $ - $ 5,094,844.97 $ 2 57,481.77 $ 13,054,988.31 $ 20,598.54 $ 1 ,305,498.83",,2026-04-08T18:26:17.372452
AZ,2024-03-01,2024-03-31,monthly,Fan Duel,FanDuel,FanDuel,Flutter Entertainment,retail,,177567700,29436909,29879325,401000,29035909,147688375,2322873,442416,0.1657785115198315,31,False,False,AZ_2024_03.pdf,,,,,,https://gaming.az.gov/sites/default/files/EW%20Website%20Revenue%20Report%20-%20Mar%202024.pdf,https://gaming.az.gov/blog-terms/event-wagering-revenue-reports,AZ/screenshots/AZ_2024_03_AZ_2024_03_p1.png,"Fan Duel $ 1,775,677.00 $ 265,101,736.35 $ 1 ,476,883.75 $ 240,718,445.33 $ 294,369.09 $ 23,737,135.26 $ 4 ,010.00 $ 6,639,444.32 $ 2 90,359.09 $ 17,097,690.94 $ 23,228.73 $ 1 ,709,769.09",,2026-04-08T18:26:17.372452
AZ,2024-03-01,2024-03-31,monthly,Fan Duel,FanDuel,FanDuel,Flutter Entertainment,online,,26510173635,2373713526,2438329102,663944432,1709769094,24071844533,170976909,64615576,0.0895397200592496,31,False,False,AZ_2024_03.pdf,,,,,,https://gaming.az.gov/sites/default/files/EW%20Website%20Revenue%20Report%20-%20Mar%202024.pdf,https://gaming.az.gov/blog-terms/event-wagering-revenue-reports,AZ/screenshots/AZ_2024_03_AZ_2024_03_p1.png,"Fan Duel $ 1,775,677.00 $ 265,101,736.35 $ 1 ,476,883.75 $ 240,718,445.33 $ 294,369.09 $ 23,737,135.26 $ 4 ,010.00 $ 6,639,444.32 $ 2 90,359.09 $ 17,097,690.94 $ 23,228.73 $ 1 ,709,769.09",,2026-04-08T18:26:17.372452
AZ,2024-03-01,2024-03-31,monthly,Golden Nugget Online Gaming,DraftKings (Golden Nugget),DraftKings,DraftKings Inc,retail,,0,0,0,0,0,0,0,0,,31,False,False,AZ_2024_03.pdf,,,,,,https://gaming.az.gov/sites/default/files/EW%20Website%20Revenue%20Report%20-%20Mar%202024.pdf,https://gaming.az.gov/blog-terms/event-wagering-revenue-reports,AZ/screenshots/AZ_2024_03_AZ_2024_03_p1.png,"Golden Nugget Online Gaming $ - $ 284,269.02 $ - $ 303,107.19 $ - $ - $ - $ - $ - $ - $ - $ -",,2026-04-08T18:26:17.372452
AZ,2024-03-01,2024-03-31,monthly,Golden Nugget Online Gaming,DraftKings (Golden Nugget),DraftKings,DraftKings Inc,online,,28426902,0,-1883817,0,0,30310719,0,-1883817,0.0,31,False,False,AZ_2024_03.pdf,,,,,,https://gaming.az.gov/sites/default/files/EW%20Website%20Revenue%20Report%20-%20Mar%202024.pdf,https://gaming.az.gov/blog-terms/event-wagering-revenue-reports,AZ/screenshots/AZ_2024_03_AZ_2024_03_p1.png,"Golden Nugget Online Gaming $ - $ 284,269.02 $ - $ 303,107.19 $ - $ - $ - $ - $ - $ - $ - $ -",,2026-04-08T18:26:17.372452
AZ,2024-03-01,2024-03-31,monthly,PENN / ESPN Bet,ESPN Bet,ESPN Bet,PENN Entertainment,retail,,0,0,0,0,0,0,0,0,,31,False,False,AZ_2024_03.pdf,,,,,,https://gaming.az.gov/sites/default/files/EW%20Website%20Revenue%20Report%20-%20Mar%202024.pdf,https://gaming.az.gov/blog-terms/event-wagering-revenue-reports,AZ/screenshots/AZ_2024_03_AZ_2024_03_p1.png,"PENN / ESPN Bet $ - $ 2 6,945,688.69 $ - $ 25,231,393.26 $ - $ 1 ,646,931.21 $ - $ 1,436,029.56 $ - $ 210,901.65 $ - $ 21,090.16",,2026-04-08T18:26:17.372452
AZ,2024-03-01,2024-03-31,monthly,PENN / ESPN Bet,ESPN Bet,ESPN Bet,PENN Entertainment,online,,2694568869,164693121,171429543,143602956,21090165,2523139326,2109016,6736422,0.0611203977358798,31,False,False,AZ_2024_03.pdf,,,,,,https://gaming.az.gov/sites/default/files/EW%20Website%20Revenue%20Report%20-%20Mar%202024.pdf,https://gaming.az.gov/blog-terms/event-wagering-revenue-reports,AZ/screenshots/AZ_2024_03_AZ_2024_03_p1.png,"PENN / ESPN Bet $ - $ 2 6,945,688.69 $ - $ 25,231,393.26 $ - $ 1 ,646,931.21 $ - $ 1,436,029.56 $ - $ 210,901.65 $ - $ 21,090.16",,2026-04-08T18:26:17.372452
AZ,2024-03-01,2024-03-31,monthly,RSI (Rush Street Interactive),BetRivers,BetRivers,Rush Street Interactive,retail,,0,0,0,0,0,0,0,0,,31,False,False,AZ_2024_03.pdf,,,,,,https://gaming.az.gov/sites/default/files/EW%20Website%20Revenue%20Report%20-%20Mar%202024.pdf,https://gaming.az.gov/blog-terms/event-wagering-revenue-reports,AZ/screenshots/AZ_2024_03_AZ_2024_03_p1.png,"RSI (Rush Street Interactive) $ - $ 6,822,044.75 $ - $ 6 ,471,690.13 $ - $ 333,299.51 $ - $ 1 05,385.28 $ - $ 227,914.23 $ - $ 22,791.42",,2026-04-08T18:26:17.372452
AZ,2024-03-01,2024-03-31,monthly,RSI (Rush Street Interactive),BetRivers,BetRivers,Rush Street Interactive,online,,682204475,33329951,35035462,10538528,22791423,647169013,2279142,1705511,0.0488562479746266,31,False,False,AZ_2024_03.pdf,,,,,,https://gaming.az.gov/sites/default/files/EW%20Website%20Revenue%20Report%20-%20Mar%202024.pdf,https://gaming.az.gov/blog-terms/event-wagering-revenue-reports,AZ/screenshots/AZ_2024_03_AZ_2024_03_p1.png,"RSI (Rush Street Interactive) $ - $ 6,822,044.75 $ - $ 6 ,471,690.13 $ - $ 333,299.51 $ - $ 1 05,385.28 $ - $ 227,914.23 $ - $ 22,791.42",,2026-04-08T18:26:17.372452
AZ,2024-03-01,2024-03-31,monthly,Sahara Bets,Sahara Bets,Sahara Bets,Sahara Bets,retail,,0,0,0,0,0,0,0,0,,31,False,False,AZ_2024_03.pdf,,,,,,https://gaming.az.gov/sites/default/files/EW%20Website%20Revenue%20Report%20-%20Mar%202024.pdf,https://gaming.az.gov/blog-terms/event-wagering-revenue-reports,AZ/screenshots/AZ_2024_03_AZ_2024_03_p1.png,"Sahara Bets $ - $ 1,303,495.87 $ - $ 1 ,192,102.28 $ - $ 108,134.85 $ - $ 11,466.92 $ - $ 96,667.93 $ - $ 9 ,666.79",,2026-04-08T18:26:17.372452
AZ,2024-03-01,2024-03-31,monthly,Sahara Bets,Sahara Bets,Sahara Bets,Sahara Bets,online,,130349587,10813485,11139359,1146692,9666793,119210228,966679,325874,0.0829575700918791,31,False,False,AZ_2024_03.pdf,,,,,,https://gaming.az.gov/sites/default/files/EW%20Website%20Revenue%20Report%20-%20Mar%202024.pdf,https://gaming.az.gov/blog-terms/event-wagering-revenue-reports,AZ/screenshots/AZ_2024_03_AZ_2024_03_p1.png,"Sahara Bets $ - $ 1,303,495.87 $ - $ 1 ,192,102.28 $ - $ 108,134.85 $ - $ 11,466.92 $ - $ 96,667.93 $ - $ 9 ,666.79",,2026-04-08T18:26:17.372452
AZ,2024-03-01,2024-03-31,monthly,"SBOpco, LLC (SuperBook)",SuperBook,SuperBook,SuperBook Sports,retail,,0,0,0,0,0,0,0,0,,31,False,False,AZ_2024_03.pdf,,,,,,https://gaming.az.gov/sites/default/files/EW%20Website%20Revenue%20Report%20-%20Mar%202024.pdf,https://gaming.az.gov/blog-terms/event-wagering-revenue-reports,AZ/screenshots/AZ_2024_03_AZ_2024_03_p1.png,"SBOpco, LLC (SuperBook) $ - $ 784,428.30 $ - $ 747,819.16 $ - $ 34,572.53 $ - $ 7,537.33 $ - $ 27,035.20 $ - $ 2 ,703.52",,2026-04-08T18:26:17.372452
AZ,2024-03-01,2024-03-31,monthly,"SBOpco, LLC (SuperBook)",SuperBook,SuperBook,SuperBook Sports,online,,78442830,3457253,3660914,753733,2703520,74781916,270352,203661,0.044073537377476,31,False,False,AZ_2024_03.pdf,,,,,,https://gaming.az.gov/sites/default/files/EW%20Website%20Revenue%20Report%20-%20Mar%202024.pdf,https://gaming.az.gov/blog-terms/event-wagering-revenue-reports,AZ/screenshots/AZ_2024_03_AZ_2024_03_p1.png,"SBOpco, LLC (SuperBook) $ - $ 784,428.30 $ - $ 747,819.16 $ - $ 34,572.53 $ - $ 7,537.33 $ - $ 27,035.20 $ - $ 2 ,703.52",,2026-04-08T18:26:17.372452
AZ,2024-03-01,2024-03-31,monthly,Seminole Hard Rock Digital,Hard Rock Bet,Hard Rock Bet,Seminole Tribe / Hard Rock Digital,retail,,0,0,0,0,0,0,0,0,,31,False,False,AZ_2024_03.pdf,,,,,,https://gaming.az.gov/sites/default/files/EW%20Website%20Revenue%20Report%20-%20Mar%202024.pdf,https://gaming.az.gov/blog-terms/event-wagering-revenue-reports,AZ/screenshots/AZ_2024_03_AZ_2024_03_p1.png,"Seminole Hard Rock Digital $ - $ 9,074,118.14 $ - $ 8 ,961,593.79 $ - $ 89,839.05 $ - $ 89,839.05 $ - $ - $ - $ -",,2026-04-08T18:26:17.372452
AZ,2024-03-01,2024-03-31,monthly,Seminole Hard Rock Digital,Hard Rock Bet,Hard Rock Bet,Seminole Tribe / Hard Rock Digital,online,,907411814,8983905,11252435,8983905,0,896159379,0,2268530,0.0099005819203495,31,False,False,AZ_2024_03.pdf,,,,,,https://gaming.az.gov/sites/default/files/EW%20Website%20Revenue%20Report%20-%20Mar%202024.pdf,https://gaming.az.gov/blog-terms/event-wagering-revenue-reports,AZ/screenshots/AZ_2024_03_AZ_2024_03_p1.png,"Seminole Hard Rock Digital $ - $ 9,074,118.14 $ - $ 8 ,961,593.79 $ - $ 89,839.05 $ - $ 89,839.05 $ - $ - $ - $ -",,2026-04-08T18:26:17.372452
AZ,2024-03-01,2024-03-31,monthly,Unibet AZ (Kindred),Unibet,Unibet,Kindred Group,retail,,0,0,0,0,0,0,0,0,,31,False,False,AZ_2024_03.pdf,,,,,,https://gaming.az.gov/sites/default/files/EW%20Website%20Revenue%20Report%20-%20Mar%202024.pdf,https://gaming.az.gov/blog-terms/event-wagering-revenue-reports,AZ/screenshots/AZ_2024_03_AZ_2024_03_p1.png,"Unibet AZ (Kindred) $ - $ 650,981.02 $ - $ 656,506.99 $ - $ - $ - $ - $ - $ - $ - $ -",,2026-04-08T18:26:17.372452
AZ,2024-03-01,2024-03-31,monthly,Unibet AZ (Kindred),Unibet,Unibet,Kindred Group,online,,65098102,0,-552597,0,0,65650699,0,-552597,0.0,31,False,False,AZ_2024_03.pdf,,,,,,https://gaming.az.gov/sites/default/files/EW%20Website%20Revenue%20Report%20-%20Mar%202024.pdf,https://gaming.az.gov/blog-terms/event-wagering-revenue-reports,AZ/screenshots/AZ_2024_03_AZ_2024_03_p1.png,"Unibet AZ (Kindred) $ - $ 650,981.02 $ - $ 656,506.99 $ - $ - $ - $ - $ - $ - $ - $ -",,2026-04-08T18:26:17.372452
AZ,2024-04-01,2024-04-30,monthly,"Bally Interactive, LLC",Bally Bet,Bally Bet,Bally's Corporation,retail,,0,0,0,0,0,0,0,0,,30,False,False,AZ_2024_04.pdf,,,,,,https://gaming.az.gov/sites/default/files/EW%20Website%20Revenue%20Report-Apr%202024.pdf,https://gaming.az.gov/blog-terms/event-wagering-revenue-reports,AZ/screenshots/AZ_2024_04_AZ_2024_04_p1.png,"Bally Interactive, LLC $ - $ 703,458.26 $ - $ 610,553.35 $ - $ 91,146.26 $ - $ 69,514.98 $ - $ 21,631.28 $ - $ 2,163.13",,2026-04-08T18:26:18.010207
AZ,2024-04-01,2024-04-30,monthly,"Bally Interactive, LLC",Bally Bet,Bally Bet,Bally's Corporation,online,,70345826,9114626,9290491,6951498,2163128,61055335,216313,175865,0.1295688247373767,30,False,False,AZ_2024_04.pdf,,,,,,https://gaming.az.gov/sites/default/files/EW%20Website%20Revenue%20Report-Apr%202024.pdf,https://gaming.az.gov/blog-terms/event-wagering-revenue-reports,AZ/screenshots/AZ_2024_04_AZ_2024_04_p1.png,"Bally Interactive, LLC $ - $ 703,458.26 $ - $ 610,553.35 $ - $ 91,146.26 $ - $ 69,514.98 $ - $ 21,631.28 $ - $ 2,163.13",,2026-04-08T18:26:18.010207
AZ,2024-04-01,2024-04-30,monthly,Bet365,bet365,bet365,bet365 Group,retail,,0,0,0,0,0,0,0,0,,30,False,False,AZ_2024_04.pdf,,,,,,https://gaming.az.gov/sites/default/files/EW%20Website%20Revenue%20Report-Apr%202024.pdf,https://gaming.az.gov/blog-terms/event-wagering-revenue-reports,AZ/screenshots/AZ_2024_04_AZ_2024_04_p1.png,"Bet365 $ - $ 30,186,758.09 $ - $ 28,230,445.58 $ - $ 1,886,131.46 $ - $ 1,262,793.84 $ - $ 623,337.62 $ - $ 62,333.76",,2026-04-08T18:26:18.010207
AZ,2024-04-01,2024-04-30,monthly,Bet365,bet365,bet365,bet365 Group,online,,3018675809,188613146,195631251,126279384,62333762,2823044558,6233376,7018105,0.062482080863954,30,False,False,AZ_2024_04.pdf,,,,,,https://gaming.az.gov/sites/default/files/EW%20Website%20Revenue%20Report-Apr%202024.pdf,https://gaming.az.gov/blog-terms/event-wagering-revenue-reports,AZ/screenshots/AZ_2024_04_AZ_2024_04_p1.png,"Bet365 $ - $ 30,186,758.09 $ - $ 28,230,445.58 $ - $ 1,886,131.46 $ - $ 1,262,793.84 $ - $ 623,337.62 $ - $ 62,333.76",,2026-04-08T18:26:18.010207
AZ,2024-04-01,2024-04-30,monthly,BetFred,Betfred,Betfred,Betfred Group,retail,,0,0,0,0,0,0,0,0,,30,False,False,AZ_2024_04.pdf,,,,,,https://gaming.az.gov/sites/default/files/EW%20Website%20Revenue%20Report-Apr%202024.pdf,https://gaming.az.gov/blog-terms/event-wagering-revenue-reports,AZ/screenshots/AZ_2024_04_AZ_2024_04_p1.png,"BetFred $ - $ 3,820,315.76 $ - $ 3,870,724.85 $ - $ - $ - $ - $ - $ - $ - $ -",,2026-04-08T18:26:18.010207
AZ,2024-04-01,2024-04-30,monthly,BetFred,Betfred,Betfred,Betfred Group,online,,382031576,0,-5040909,0,0,387072485,0,-5040909,0.0,30,False,False,AZ_2024_04.pdf,,,,,,https://gaming.az.gov/sites/default/files/EW%20Website%20Revenue%20Report-Apr%202024.pdf,https://gaming.az.gov/blog-terms/event-wagering-revenue-reports,AZ/screenshots/AZ_2024_04_AZ_2024_04_p1.png,"BetFred $ - $ 3,820,315.76 $ - $ 3,870,724.85 $ - $ - $ - $ - $ - $ - $ - $ -",,2026-04-08T18:26:18.010207
AZ,2024-04-01,2024-04-30,monthly,BetMGM,BetMGM,BetMGM,Entain/MGM Resorts,retail,,46736205,3569874,3686715,0,3569874,43049490,285590,116841,0.0763834804302146,30,False,False,AZ_2024_04.pdf,,,,,,https://gaming.az.gov/sites/default/files/EW%20Website%20Revenue%20Report-Apr%202024.pdf,https://gaming.az.gov/blog-terms/event-wagering-revenue-reports,AZ/screenshots/AZ_2024_04_AZ_2024_04_p1.png,"BetMGM $ 467,362.05 $ 76,406,653.88 $ 430,494.90 $ 67,862,412.24 $ 35,698.74 $ 8,360,020.87 $ - $ 2,845,602.05 $ 3 5,698.74 $ 5,514,418.82 $ 2,855.90 $ 551,441.88",,2026-04-08T18:26:18.010207
AZ,2024-04-01,2024-04-30,monthly,BetMGM,BetMGM,BetMGM,Entain/MGM Resorts,online,,7640665388,836002087,854424164,284560205,551441882,6786241224,55144188,18422077,0.1094148277076729,30,False,False,AZ_2024_04.pdf,,,,,,https://gaming.az.gov/sites/default/files/EW%20Website%20Revenue%20Report-Apr%202024.pdf,https://gaming.az.gov/blog-terms/event-wagering-revenue-reports,AZ/screenshots/AZ_2024_04_AZ_2024_04_p1.png,"BetMGM $ 467,362.05 $ 76,406,653.88 $ 430,494.90 $ 67,862,412.24 $ 35,698.74 $ 8,360,020.87 $ - $ 2,845,602.05 $ 3 5,698.74 $ 5,514,418.82 $ 2,855.90 $ 551,441.88",,2026-04-08T18:26:18.010207
AZ,2024-04-01,2024-04-30,monthly,Caesars (American Wagering),Caesars,Caesars,Caesars Entertainment,retail,,82712260,13346566,13549370,0,13346566,69162890,1067725,202804,0.1613613991444557,30,False,False,AZ_2024_04.pdf,,,,,,https://gaming.az.gov/sites/default/files/EW%20Website%20Revenue%20Report-Apr%202024.pdf,https://gaming.az.gov/blog-terms/event-wagering-revenue-reports,AZ/screenshots/AZ_2024_04_AZ_2024_04_p1.png,"Caesars (American Wagering) $ 827,122.60 $ 39,086,231.87 $ 691,628.90 $ 35,847,553.27 $ 133,465.66 $ 3,142,286.31 $ - $ 595,775.04 $ 1 33,465.66 $ 2,546,511.27 $ 10,677.25 $ 254,651.13",,2026-04-08T18:26:18.010207
AZ,2024-04-01,2024-04-30,monthly,Caesars (American Wagering),Caesars,Caesars,Caesars Entertainment,online,,3908623187,314228631,323867860,59577504,254651127,3584755327,25465113,9639229,0.0803936874869693,30,False,False,AZ_2024_04.pdf,,,,,,https://gaming.az.gov/sites/default/files/EW%20Website%20Revenue%20Report-Apr%202024.pdf,https://gaming.az.gov/blog-terms/event-wagering-revenue-reports,AZ/screenshots/AZ_2024_04_AZ_2024_04_p1.png,"Caesars (American Wagering) $ 827,122.60 $ 39,086,231.87 $ 691,628.90 $ 35,847,553.27 $ 133,465.66 $ 3,142,286.31 $ - $ 595,775.04 $ 1 33,465.66 $ 2,546,511.27 $ 10,677.25 $ 254,651.13",,2026-04-08T18:26:18.010207
AZ,2024-04-01,2024-04-30,monthly,Desert Diamond Mobile,Desert Diamond,Desert Diamond,Tohono O'odham Nation,retail,,0,0,0,0,0,0,0,0,,30,False,False,AZ_2024_04.pdf,,,,,,https://gaming.az.gov/sites/default/files/EW%20Website%20Revenue%20Report-Apr%202024.pdf,https://gaming.az.gov/blog-terms/event-wagering-revenue-reports,AZ/screenshots/AZ_2024_04_AZ_2024_04_p1.png,"Desert Diamond Mobile $ - $ 4,407,650.94 $ - $ 4,162,556.41 $ - $ 234,433.14 $ - $ 143,039.96 $ - $ 91,393.18 $ - $ 9,139.32",,2026-04-08T18:26:18.010207
AZ,2024-04-01,2024-04-30,monthly,Desert Diamond Mobile,Desert Diamond,Desert Diamond,Tohono O'odham Nation,online,,440765094,23443314,24509453,14303996,9139318,416255641,913932,1066139,0.0531877735309048,30,False,False,AZ_2024_04.pdf,,,,,,https://gaming.az.gov/sites/default/files/EW%20Website%20Revenue%20Report-Apr%202024.pdf,https://gaming.az.gov/blog-terms/event-wagering-revenue-reports,AZ/screenshots/AZ_2024_04_AZ_2024_04_p1.png,"Desert Diamond Mobile $ - $ 4,407,650.94 $ - $ 4,162,556.41 $ - $ 234,433.14 $ - $ 143,039.96 $ - $ 91,393.18 $ - $ 9,139.32",,2026-04-08T18:26:18.010207
AZ,2024-04-01,2024-04-30,monthly,Digital Gaming USA (Betway),Betway,Betway,Digital Gaming USA,retail,,0,0,0,0,0,0,0,0,,30,False,False,AZ_2024_04.pdf,,,,,,https://gaming.az.gov/sites/default/files/EW%20Website%20Revenue%20Report-Apr%202024.pdf,https://gaming.az.gov/blog-terms/event-wagering-revenue-reports,AZ/screenshots/AZ_2024_04_AZ_2024_04_p1.png,"Digital Gaming USA (Betway) $ - $ 1,697,645.51 $ - $ 1,554,278.84 $ - $ 139,122.56 $ - $ 71,547.68 $ - $ 67,574.88 $ - $ 6,757.49",,2026-04-08T18:26:18.010207
AZ,2024-04-01,2024-04-30,monthly,Digital Gaming USA (Betway),Betway,Betway,Digital Gaming USA,online,,169764551,13912256,14336667,7154768,6757488,155427884,675749,424411,0.0819503006843872,30,False,False,AZ_2024_04.pdf,,,,,,https://gaming.az.gov/sites/default/files/EW%20Website%20Revenue%20Report-Apr%202024.pdf,https://gaming.az.gov/blog-terms/event-wagering-revenue-reports,AZ/screenshots/AZ_2024_04_AZ_2024_04_p1.png,"Digital Gaming USA (Betway) $ - $ 1,697,645.51 $ - $ 1,554,278.84 $ - $ 139,122.56 $ - $ 71,547.68 $ - $ 67,574.88 $ - $ 6,757.49",,2026-04-08T18:26:18.010207
AZ,2024-04-01,2024-04-30,monthly,Draft Kings/Crown Gaming,DraftKings,DraftKings,DraftKings Inc,retail,,246654067,0,-24100236,0,0,270754303,0,-24100236,0.0,30,False,False,AZ_2024_04.pdf,,,,,,https://gaming.az.gov/sites/default/files/EW%20Website%20Revenue%20Report-Apr%202024.pdf,https://gaming.az.gov/blog-terms/event-wagering-revenue-reports,AZ/screenshots/AZ_2024_04_AZ_2024_04_p1.png,"Draft Kings/Crown Gaming $ 2,466,540.67 $ 209,802,967.13 $ 2,707,543.03 $ 190,285,593.53 $ - $ 19,006,753.58 $ - $ 5,581,072.85 $ - $ 13,425,680.73 $ - $ 1,342,568.07",,2026-04-08T18:26:18.010207
AZ,2024-04-01,2024-04-30,monthly,Draft Kings/Crown Gaming,DraftKings,DraftKings,DraftKings Inc,online,,20980296713,1900675358,1951737360,558107285,1342568073,19028559353,134256807,51062002,0.090593349750973,30,False,False,AZ_2024_04.pdf,,,,,,https://gaming.az.gov/sites/default/files/EW%20Website%20Revenue%20Report-Apr%202024.pdf,https://gaming.az.gov/blog-terms/event-wagering-revenue-reports,AZ/screenshots/AZ_2024_04_AZ_2024_04_p1.png,"Draft Kings/Crown Gaming $ 2,466,540.67 $ 209,802,967.13 $ 2,707,543.03 $ 190,285,593.53 $ - $ 19,006,753.58 $ - $ 5,581,072.85 $ - $ 13,425,680.73 $ - $ 1,342,568.07",,2026-04-08T18:26:18.010207
AZ,2024-04-01,2024-04-30,monthly,Fanatics Sports Book,Fanatics,Fanatics,Fanatics Inc,retail,,0,0,0,0,0,0,0,0,,30,False,False,AZ_2024_04.pdf,,,,,,https://gaming.az.gov/sites/default/files/EW%20Website%20Revenue%20Report-Apr%202024.pdf,https://gaming.az.gov/blog-terms/event-wagering-revenue-reports,AZ/screenshots/AZ_2024_04_AZ_2024_04_p1.png,"Fanatics Sports Book $ - $ 15,655,266.40 $ - $ 14,197,966.06 $ - $ 1,421,998.83 $ - $ 1,421,998.83 $ - $ - $ - $ -",,2026-04-08T18:26:18.010207
AZ,2024-04-01,2024-04-30,monthly,Fanatics Sports Book,Fanatics,Fanatics,Fanatics Inc,online,,1565526640,142199883,145730034,142199883,0,1419796606,0,3530151,0.0908319790712727,30,False,False,AZ_2024_04.pdf,,,,,,https://gaming.az.gov/sites/default/files/EW%20Website%20Revenue%20Report-Apr%202024.pdf,https://gaming.az.gov/blog-terms/event-wagering-revenue-reports,AZ/screenshots/AZ_2024_04_AZ_2024_04_p1.png,"Fanatics Sports Book $ - $ 15,655,266.40 $ - $ 14,197,966.06 $ - $ 1,421,998.83 $ - $ 1,421,998.83 $ - $ - $ - $ -",,2026-04-08T18:26:18.010207
AZ,2024-04-01,2024-04-30,monthly,Fan Duel,FanDuel,FanDuel,Flutter Entertainment,retail,,127855250,12929319,13248350,925000,12004319,114606900,960346,319031,0.1011246624600867,30,False,False,AZ_2024_04.pdf,,,,,,https://gaming.az.gov/sites/default/files/EW%20Website%20Revenue%20Report-Apr%202024.pdf,https://gaming.az.gov/blog-terms/event-wagering-revenue-reports,AZ/screenshots/AZ_2024_04_AZ_2024_04_p1.png,"Fan Duel $ 1,278,552.50 $ 230,316,055.84 $ 1,146,069.00 $ 203,355,139.49 $ 129,293.19 $ 26,401,368.04 $ 9,250.00 $ 6,496,740.31 $ 1 20,043.19 $ 19,904,627.73 $ 9,603.46 $ 1,990,462.77",,2026-04-08T18:26:18.010207
AZ,2024-04-01,2024-04-30,monthly,Fan Duel,FanDuel,FanDuel,Flutter Entertainment,online,,23031605584,2640136804,2696091635,649674031,1990462773,20335513949,199046277,55954831,0.114631035789971,30,False,False,AZ_2024_04.pdf,,,,,,https://gaming.az.gov/sites/default/files/EW%20Website%20Revenue%20Report-Apr%202024.pdf,https://gaming.az.gov/blog-terms/event-wagering-revenue-reports,AZ/screenshots/AZ_2024_04_AZ_2024_04_p1.png,"Fan Duel $ 1,278,552.50 $ 230,316,055.84 $ 1,146,069.00 $ 203,355,139.49 $ 129,293.19 $ 26,401,368.04 $ 9,250.00 $ 6,496,740.31 $ 1 20,043.19 $ 19,904,627.73 $ 9,603.46 $ 1,990,462.77",,2026-04-08T18:26:18.010207
AZ,2024-04-01,2024-04-30,monthly,Golden Nugget Online Gaming,DraftKings (Golden Nugget),DraftKings,DraftKings Inc,retail,,0,0,0,0,0,0,0,0,,30,False,False,AZ_2024_04.pdf,,,,,,https://gaming.az.gov/sites/default/files/EW%20Website%20Revenue%20Report-Apr%202024.pdf,https://gaming.az.gov/blog-terms/event-wagering-revenue-reports,AZ/screenshots/AZ_2024_04_AZ_2024_04_p1.png,"Golden Nugget Online Gaming $ - $ 153,713.84 $ - $ 165,320.97 $ - $ - $ - $ - $ - $ - $ - $ -",,2026-04-08T18:26:18.010207
AZ,2024-04-01,2024-04-30,monthly,Golden Nugget Online Gaming,DraftKings (Golden Nugget),DraftKings,DraftKings Inc,online,,15371384,0,-1160713,0,0,16532097,0,-1160713,0.0,30,False,False,AZ_2024_04.pdf,,,,,,https://gaming.az.gov/sites/default/files/EW%20Website%20Revenue%20Report-Apr%202024.pdf,https://gaming.az.gov/blog-terms/event-wagering-revenue-reports,AZ/screenshots/AZ_2024_04_AZ_2024_04_p1.png,"Golden Nugget Online Gaming $ - $ 153,713.84 $ - $ 165,320.97 $ - $ - $ - $ - $ - $ - $ - $ -",,2026-04-08T18:26:18.010207
AZ,2024-04-01,2024-04-30,monthly,PENN / ESPN Bet,ESPN Bet,ESPN Bet,PENN Entertainment,retail,,0,0,0,0,0,0,0,0,,30,False,False,AZ_2024_04.pdf,,,,,,https://gaming.az.gov/sites/default/files/EW%20Website%20Revenue%20Report-Apr%202024.pdf,https://gaming.az.gov/blog-terms/event-wagering-revenue-reports,AZ/screenshots/AZ_2024_04_AZ_2024_04_p1.png,"PENN / ESPN Bet $ - $ 21,585,113.19 $ - $ 19,689,363.24 $ - $ 1,841,787.17 $ - $ 1,267,970.39 $ - $ 573,816.78 $ - $ 57,381.68",,2026-04-08T18:26:18.010207
AZ,2024-04-01,2024-04-30,monthly,PENN / ESPN Bet,ESPN Bet,ESPN Bet,PENN Entertainment,online,,2158511319,184178717,189574995,126797039,57381678,1968936324,5738168,5396278,0.085326732076312,30,False,False,AZ_2024_04.pdf,,,,,,https://gaming.az.gov/sites/default/files/EW%20Website%20Revenue%20Report-Apr%202024.pdf,https://gaming.az.gov/blog-terms/event-wagering-revenue-reports,AZ/screenshots/AZ_2024_04_AZ_2024_04_p1.png,"PENN / ESPN Bet $ - $ 21,585,113.19 $ - $ 19,689,363.24 $ - $ 1,841,787.17 $ - $ 1,267,970.39 $ - $ 573,816.78 $ - $ 57,381.68",,2026-04-08T18:26:18.010207
AZ,2024-04-01,2024-04-30,monthly,RSI (Rush Street Interactive),BetRivers,BetRivers,Rush Street Interactive,retail,,0,0,0,0,0,0,0,0,,30,False,False,AZ_2024_04.pdf,,,,,,https://gaming.az.gov/sites/default/files/EW%20Website%20Revenue%20Report-Apr%202024.pdf,https://gaming.az.gov/blog-terms/event-wagering-revenue-reports,AZ/screenshots/AZ_2024_04_AZ_2024_04_p1.png,"RSI (Rush Street Interactive) $ - $ 6,174,381.81 $ - $ 5,916,577.88 $ - $ 242,367.98 $ - $ 107,549.97 $ - $ 134,818.01 $ - $ 13,481.80",,2026-04-08T18:26:18.010207
AZ,2024-04-01,2024-04-30,monthly,RSI (Rush Street Interactive),BetRivers,BetRivers,Rush Street Interactive,online,,617438181,24236798,25780393,10754997,13481801,591657788,1348180,1543595,0.0392538050704059,30,False,False,AZ_2024_04.pdf,,,,,,https://gaming.az.gov/sites/default/files/EW%20Website%20Revenue%20Report-Apr%202024.pdf,https://gaming.az.gov/blog-terms/event-wagering-revenue-reports,AZ/screenshots/AZ_2024_04_AZ_2024_04_p1.png,"RSI (Rush Street Interactive) $ - $ 6,174,381.81 $ - $ 5,916,577.88 $ - $ 242,367.98 $ - $ 107,549.97 $ - $ 134,818.01 $ - $ 13,481.80",,2026-04-08T18:26:18.010207
AZ,2024-04-01,2024-04-30,monthly,Sahara Bets,Sahara Bets,Sahara Bets,Sahara Bets,retail,,0,0,0,0,0,0,0,0,,30,False,False,AZ_2024_04.pdf,,,,,,https://gaming.az.gov/sites/default/files/EW%20Website%20Revenue%20Report-Apr%202024.pdf,https://gaming.az.gov/blog-terms/event-wagering-revenue-reports,AZ/screenshots/AZ_2024_04_AZ_2024_04_p1.png,"Sahara Bets $ - $ 900,737.69 $ - $ 824,929.54 $ - $ 73,556.31 $ - $ 11,204.64 $ - $ 62,351.67 $ - $ 6,235.17",,2026-04-08T18:26:18.010207
AZ,2024-04-01,2024-04-30,monthly,Sahara Bets,Sahara Bets,Sahara Bets,Sahara Bets,online,,90073769,7355631,7580815,1120464,6235167,82492954,623517,225184,0.0816622983767893,30,False,False,AZ_2024_04.pdf,,,,,,https://gaming.az.gov/sites/default/files/EW%20Website%20Revenue%20Report-Apr%202024.pdf,https://gaming.az.gov/blog-terms/event-wagering-revenue-reports,AZ/screenshots/AZ_2024_04_AZ_2024_04_p1.png,"Sahara Bets $ - $ 900,737.69 $ - $ 824,929.54 $ - $ 73,556.31 $ - $ 11,204.64 $ - $ 62,351.67 $ - $ 6,235.17",,2026-04-08T18:26:18.010207
AZ,2024-04-01,2024-04-30,monthly,"SBOpco, LLC (SuperBook)",SuperBook,SuperBook,SuperBook Sports,retail,,0,0,0,0,0,0,0,0,,30,False,False,AZ_2024_04.pdf,,,,,,https://gaming.az.gov/sites/default/files/EW%20Website%20Revenue%20Report-Apr%202024.pdf,https://gaming.az.gov/blog-terms/event-wagering-revenue-reports,AZ/screenshots/AZ_2024_04_AZ_2024_04_p1.png,"SBOpco, LLC (SuperBook) $ - $ 934,330.91 $ - $ 881,396.18 $ - $ 50,577.72 $ - $ 8,408.73 $ - $ 42,168.99 $ - $ 4,216.90",,2026-04-08T18:26:18.010207
AZ,2024-04-01,2024-04-30,monthly,"SBOpco, LLC (SuperBook)",SuperBook,SuperBook,SuperBook Sports,online,,93433091,5057772,5293473,840873,4216899,88139618,421690,235701,0.0541325556702389,30,False,False,AZ_2024_04.pdf,,,,,,https://gaming.az.gov/sites/default/files/EW%20Website%20Revenue%20Report-Apr%202024.pdf,https://gaming.az.gov/blog-terms/event-wagering-revenue-reports,AZ/screenshots/AZ_2024_04_AZ_2024_04_p1.png,"SBOpco, LLC (SuperBook) $ - $ 934,330.91 $ - $ 881,396.18 $ - $ 50,577.72 $ - $ 8,408.73 $ - $ 42,168.99 $ - $ 4,216.90",,2026-04-08T18:26:18.010207
AZ,2024-04-01,2024-04-30,monthly,Seminole Hard Rock Digital,Hard Rock Bet,Hard Rock Bet,Seminole Tribe / Hard Rock Digital,retail,,0,0,0,0,0,0,0,0,,30,False,False,AZ_2024_04.pdf,,,,,,https://gaming.az.gov/sites/default/files/EW%20Website%20Revenue%20Report-Apr%202024.pdf,https://gaming.az.gov/blog-terms/event-wagering-revenue-reports,AZ/screenshots/AZ_2024_04_AZ_2024_04_p1.png,"Seminole Hard Rock Digital $ - $ 7,778,719.91 $ - $ 7,742,511.04 $ - $ 16,762.07 $ - $ 16,762.07 $ - $ - $ - $ -",,2026-04-08T18:26:18.010207
AZ,2024-04-01,2024-04-30,monthly,Seminole Hard Rock Digital,Hard Rock Bet,Hard Rock Bet,Seminole Tribe / Hard Rock Digital,online,,777871991,1676207,3620887,1676207,0,774251104,0,1944680,0.0021548622644776,30,False,False,AZ_2024_04.pdf,,,,,,https://gaming.az.gov/sites/default/files/EW%20Website%20Revenue%20Report-Apr%202024.pdf,https://gaming.az.gov/blog-terms/event-wagering-revenue-reports,AZ/screenshots/AZ_2024_04_AZ_2024_04_p1.png,"Seminole Hard Rock Digital $ - $ 7,778,719.91 $ - $ 7,742,511.04 $ - $ 16,762.07 $ - $ 16,762.07 $ - $ - $ - $ -",,2026-04-08T18:26:18.010207
AZ,2024-04-01,2024-04-30,monthly,Unibet AZ (Kindred),Unibet,Unibet,Kindred Group,retail,,0,0,0,0,0,0,0,0,,30,False,False,AZ_2024_04.pdf,,,,,,https://gaming.az.gov/sites/default/files/EW%20Website%20Revenue%20Report-Apr%202024.pdf,https://gaming.az.gov/blog-terms/event-wagering-revenue-reports,AZ/screenshots/AZ_2024_04_AZ_2024_04_p1.png,"Unibet AZ (Kindred) $ - $ 301,128.96 $ - $ 305,727.34 $ - $ - $ - $ - $ - $ - $ - $ -",,2026-04-08T18:26:18.010207
AZ,2024-04-01,2024-04-30,monthly,Unibet AZ (Kindred),Unibet,Unibet,Kindred Group,online,,30112896,0,-459838,0,0,30572734,0,-459838,0.0,30,False,False,AZ_2024_04.pdf,,,,,,https://gaming.az.gov/sites/default/files/EW%20Website%20Revenue%20Report-Apr%202024.pdf,https://gaming.az.gov/blog-terms/event-wagering-revenue-reports,AZ/screenshots/AZ_2024_04_AZ_2024_04_p1.png,"Unibet AZ (Kindred) $ - $ 301,128.96 $ - $ 305,727.34 $ - $ - $ - $ - $ - $ - $ - $ -",,2026-04-08T18:26:18.010207
AZ,2024-05-01,2024-05-31,monthly,"Bally Interactive, LLC",Bally Bet,Bally Bet,Bally's Corporation,retail,,0,0,0,0,0,0,0,0,,31,False,False,AZ_2024_05.pdf,,,,,,https://gaming.az.gov/sites/default/files/EW%20Website%20Revenue%20Report-May%202024.pdf,https://gaming.az.gov/blog-terms/event-wagering-revenue-reports,AZ/screenshots/AZ_2024_05_AZ_2024_05_p1.png,"Bally Interactive, LLC $ - $ 1 ,347,068.00 $ - $ 1,206,165.85 $ - $ 137,534.48 $ - $ 84,558.33 $ - $ 52,976.15 $ - $ 5 ,297.62",,2026-04-08T18:26:19.959249
AZ,2024-05-01,2024-05-31,monthly,"Bally Interactive, LLC",Bally Bet,Bally Bet,Bally's Corporation,online,,134706800,13753448,14090215,8455833,5297615,120616585,529762,336767,0.1020991367919065,31,False,False,AZ_2024_05.pdf,,,,,,https://gaming.az.gov/sites/default/files/EW%20Website%20Revenue%20Report-May%202024.pdf,https://gaming.az.gov/blog-terms/event-wagering-revenue-reports,AZ/screenshots/AZ_2024_05_AZ_2024_05_p1.png,"Bally Interactive, LLC $ - $ 1 ,347,068.00 $ - $ 1,206,165.85 $ - $ 137,534.48 $ - $ 84,558.33 $ - $ 52,976.15 $ - $ 5 ,297.62",,2026-04-08T18:26:19.959249
AZ,2024-05-01,2024-05-31,monthly,Bet365,bet365,bet365,bet365 Group,retail,,0,0,0,0,0,0,0,0,,31,False,False,AZ_2024_05.pdf,,,,,,https://gaming.az.gov/sites/default/files/EW%20Website%20Revenue%20Report-May%202024.pdf,https://gaming.az.gov/blog-terms/event-wagering-revenue-reports,AZ/screenshots/AZ_2024_05_AZ_2024_05_p1.png,"Bet365 $ - $ 2 5,502,044.37 $ - $ 23,560,743.55 $ - $ 1,867,367.17 $ - $ 1,007,916.33 $ - $ 859,450.84 $ - $ 8 5,945.08",,2026-04-08T18:26:19.959249
AZ,2024-05-01,2024-05-31,monthly,Bet365,bet365,bet365,bet365 Group,online,,2550204437,186736717,194130082,100791633,85945084,2356074355,8594508,7393365,0.0732242146122499,31,False,False,AZ_2024_05.pdf,,,,,,https://gaming.az.gov/sites/default/files/EW%20Website%20Revenue%20Report-May%202024.pdf,https://gaming.az.gov/blog-terms/event-wagering-revenue-reports,AZ/screenshots/AZ_2024_05_AZ_2024_05_p1.png,"Bet365 $ - $ 2 5,502,044.37 $ - $ 23,560,743.55 $ - $ 1,867,367.17 $ - $ 1,007,916.33 $ - $ 859,450.84 $ - $ 8 5,945.08",,2026-04-08T18:26:19.959249
AZ,2024-05-01,2024-05-31,monthly,BetFred,Betfred,Betfred,Betfred Group,retail,,0,0,0,0,0,0,0,0,,31,False,False,AZ_2024_05.pdf,,,,,,https://gaming.az.gov/sites/default/files/EW%20Website%20Revenue%20Report-May%202024.pdf,https://gaming.az.gov/blog-terms/event-wagering-revenue-reports,AZ/screenshots/AZ_2024_05_AZ_2024_05_p1.png,"BetFred $ - $ 1 ,127,538.27 $ - $ 1,084,774.53 $ - $ 39,944.89 $ - $ 17,033.83 $ - $ 22,911.06 $ - $ 2 ,291.11",,2026-04-08T18:26:19.959249
AZ,2024-05-01,2024-05-31,monthly,BetFred,Betfred,Betfred,Betfred Group,online,,112753827,3994489,4276374,1703383,2291106,108477453,229111,281885,0.0354266378914127,31,False,False,AZ_2024_05.pdf,,,,,,https://gaming.az.gov/sites/default/files/EW%20Website%20Revenue%20Report-May%202024.pdf,https://gaming.az.gov/blog-terms/event-wagering-revenue-reports,AZ/screenshots/AZ_2024_05_AZ_2024_05_p1.png,"BetFred $ - $ 1 ,127,538.27 $ - $ 1,084,774.53 $ - $ 39,944.89 $ - $ 17,033.83 $ - $ 22,911.06 $ - $ 2 ,291.11",,2026-04-08T18:26:19.959249
AZ,2024-05-01,2024-05-31,monthly,BetMGM,BetMGM,BetMGM,Entain/MGM Resorts,retail,,39346505,4002634,4101000,0,4002634,35245505,320211,98366,0.1017278154692519,31,False,False,AZ_2024_05.pdf,,,,,,https://gaming.az.gov/sites/default/files/EW%20Website%20Revenue%20Report-May%202024.pdf,https://gaming.az.gov/blog-terms/event-wagering-revenue-reports,AZ/screenshots/AZ_2024_05_AZ_2024_05_p1.png,"BetMGM $ 393,465.05 $ 6 3,573,581.68 $ 352,455.05 $ 57,246,838.71 $ 40,026.34 $ 6,172,519.83 $ - $ 2,083,312.10 $ 40,026.34 $ 4,089,207.73 $ 3 ,202.11 $ 4 08,920.77",,2026-04-08T18:26:19.959249
AZ,2024-05-01,2024-05-31,monthly,BetMGM,BetMGM,BetMGM,Entain/MGM Resorts,online,,6357358168,617251983,632674297,208331210,408920773,5724683871,40892077,15422314,0.0970925291116931,31,False,False,AZ_2024_05.pdf,,,,,,https://gaming.az.gov/sites/default/files/EW%20Website%20Revenue%20Report-May%202024.pdf,https://gaming.az.gov/blog-terms/event-wagering-revenue-reports,AZ/screenshots/AZ_2024_05_AZ_2024_05_p1.png,"BetMGM $ 393,465.05 $ 6 3,573,581.68 $ 352,455.05 $ 57,246,838.71 $ 40,026.34 $ 6,172,519.83 $ - $ 2,083,312.10 $ 40,026.34 $ 4,089,207.73 $ 3 ,202.11 $ 4 08,920.77",,2026-04-08T18:26:19.959249
AZ,2024-05-01,2024-05-31,monthly,Caesars (American Wagering),Caesars,Caesars,Caesars Entertainment,retail,,40232403,5278721,5376628,0,5278721,34855775,422298,97907,0.1312057099845614,31,False,False,AZ_2024_05.pdf,,,,,,https://gaming.az.gov/sites/default/files/EW%20Website%20Revenue%20Report-May%202024.pdf,https://gaming.az.gov/blog-terms/event-wagering-revenue-reports,AZ/screenshots/AZ_2024_05_AZ_2024_05_p1.png,"Caesars (American Wagering) $ 402,324.03 $ 3 5,288,287.71 $ 348,557.75 $ 32,856,625.62 $ 52,787.21 $ 2,344,433.80 $ - $ 552,815.10 $ 52,787.21 $ 1,791,618.70 $ 4 ,222.98 $ 1 79,161.87",,2026-04-08T18:26:19.959249
AZ,2024-05-01,2024-05-31,monthly,Caesars (American Wagering),Caesars,Caesars,Caesars Entertainment,online,,3528828771,234443380,243166209,55281510,179161870,3285662562,17916187,8722829,0.0664365984336393,31,False,False,AZ_2024_05.pdf,,,,,,https://gaming.az.gov/sites/default/files/EW%20Website%20Revenue%20Report-May%202024.pdf,https://gaming.az.gov/blog-terms/event-wagering-revenue-reports,AZ/screenshots/AZ_2024_05_AZ_2024_05_p1.png,"Caesars (American Wagering) $ 402,324.03 $ 3 5,288,287.71 $ 348,557.75 $ 32,856,625.62 $ 52,787.21 $ 2,344,433.80 $ - $ 552,815.10 $ 52,787.21 $ 1,791,618.70 $ 4 ,222.98 $ 1 79,161.87",,2026-04-08T18:26:19.959249
AZ,2024-05-01,2024-05-31,monthly,Desert Diamond Mobile,Desert Diamond,Desert Diamond,Tohono O'odham Nation,retail,,0,0,0,0,0,0,0,0,,31,False,False,AZ_2024_05.pdf,,,,,,https://gaming.az.gov/sites/default/files/EW%20Website%20Revenue%20Report-May%202024.pdf,https://gaming.az.gov/blog-terms/event-wagering-revenue-reports,AZ/screenshots/AZ_2024_05_AZ_2024_05_p1.png,"Desert Diamond Mobile $ - $ 3 ,968,310.15 $ - $ 3,833,929.40 $ - $ 124,859.41 $ - $ 124,859.41 $ - $ - $ - $ -",,2026-04-08T18:26:19.959249
AZ,2024-05-01,2024-05-31,monthly,Desert Diamond Mobile,Desert Diamond,Desert Diamond,Tohono O'odham Nation,online,,396831015,12485941,13438075,12485941,0,383392940,0,952134,0.0314641258571989,31,False,False,AZ_2024_05.pdf,,,,,,https://gaming.az.gov/sites/default/files/EW%20Website%20Revenue%20Report-May%202024.pdf,https://gaming.az.gov/blog-terms/event-wagering-revenue-reports,AZ/screenshots/AZ_2024_05_AZ_2024_05_p1.png,"Desert Diamond Mobile $ - $ 3 ,968,310.15 $ - $ 3,833,929.40 $ - $ 124,859.41 $ - $ 124,859.41 $ - $ - $ - $ -",,2026-04-08T18:26:19.959249
AZ,2024-05-01,2024-05-31,monthly,Digital Gaming USA (Betway),Betway,Betway,Digital Gaming USA,retail,,0,0,0,0,0,0,0,0,,31,False,False,AZ_2024_05.pdf,,,,,,https://gaming.az.gov/sites/default/files/EW%20Website%20Revenue%20Report-May%202024.pdf,https://gaming.az.gov/blog-terms/event-wagering-revenue-reports,AZ/screenshots/AZ_2024_05_AZ_2024_05_p1.png,"Digital Gaming USA (Betway) $ - $ 2 ,866,483.42 $ - $ 2,631,344.14 $ - $ 227,973.07 $ - $ 88,651.50 $ - $ 139,321.57 $ - $ 1 3,932.16",,2026-04-08T18:26:19.959249
AZ,2024-05-01,2024-05-31,monthly,Digital Gaming USA (Betway),Betway,Betway,Digital Gaming USA,online,,286648342,22797307,23513928,8865150,13932157,263134414,1393216,716621,0.0795305733880714,31,False,False,AZ_2024_05.pdf,,,,,,https://gaming.az.gov/sites/default/files/EW%20Website%20Revenue%20Report-May%202024.pdf,https://gaming.az.gov/blog-terms/event-wagering-revenue-reports,AZ/screenshots/AZ_2024_05_AZ_2024_05_p1.png,"Digital Gaming USA (Betway) $ - $ 2 ,866,483.42 $ - $ 2,631,344.14 $ - $ 227,973.07 $ - $ 88,651.50 $ - $ 139,321.57 $ - $ 1 3,932.16",,2026-04-08T18:26:19.959249
AZ,2024-05-01,2024-05-31,monthly,Draft Kings/Crown Gaming,DraftKings,DraftKings,DraftKings Inc,retail,,217816698,7234516,7780391,0,7234516,210036307,578761,545875,0.0332137805155782,31,False,False,AZ_2024_05.pdf,,,,,,https://gaming.az.gov/sites/default/files/EW%20Website%20Revenue%20Report-May%202024.pdf,https://gaming.az.gov/blog-terms/event-wagering-revenue-reports,AZ/screenshots/AZ_2024_05_AZ_2024_05_p1.png,"Draft Kings/Crown Gaming $ 2,178,166.98 $ 1 88,330,325.07 $ 2,100,363.07 $ 168,565,158.45 $ 72,345.16 $ 19,307,101.34 $ - $ 5,117,009.70 $ 72,345.16 $ 13,458,469.15 $ 5 ,787.61 $ 1 ,345,846.91",,2026-04-08T18:26:19.959249
AZ,2024-05-01,2024-05-31,monthly,Draft Kings/Crown Gaming,DraftKings,DraftKings,DraftKings Inc,online,,18833032507,1930710134,1976516662,511700970,1345846915,16856515845,134584691,45806528,0.1025172198520009,31,False,False,AZ_2024_05.pdf,,,,,,https://gaming.az.gov/sites/default/files/EW%20Website%20Revenue%20Report-May%202024.pdf,https://gaming.az.gov/blog-terms/event-wagering-revenue-reports,AZ/screenshots/AZ_2024_05_AZ_2024_05_p1.png,"Draft Kings/Crown Gaming $ 2,178,166.98 $ 1 88,330,325.07 $ 2,100,363.07 $ 168,565,158.45 $ 72,345.16 $ 19,307,101.34 $ - $ 5,117,009.70 $ 72,345.16 $ 13,458,469.15 $ 5 ,787.61 $ 1 ,345,846.91",,2026-04-08T18:26:19.959249
AZ,2024-05-01,2024-05-31,monthly,Fanatics Sports Book,Fanatics,Fanatics,Fanatics Inc,retail,,0,0,0,0,0,0,0,0,,31,False,False,AZ_2024_05.pdf,,,,,,https://gaming.az.gov/sites/default/files/EW%20Website%20Revenue%20Report-May%202024.pdf,https://gaming.az.gov/blog-terms/event-wagering-revenue-reports,AZ/screenshots/AZ_2024_05_AZ_2024_05_p1.png,"Fanatics Sports Book $ - $ 1 6,698,883.36 $ - $ 15,315,358.00 $ - $ 1,344,360.71 $ - $ 1,344,360.71 $ - $ - $ - $ -",,2026-04-08T18:26:19.959249
AZ,2024-05-01,2024-05-31,monthly,Fanatics Sports Book,Fanatics,Fanatics,Fanatics Inc,online,,1669888336,134436071,138352536,134436071,0,1531535800,0,3916465,0.0805060243261678,31,False,False,AZ_2024_05.pdf,,,,,,https://gaming.az.gov/sites/default/files/EW%20Website%20Revenue%20Report-May%202024.pdf,https://gaming.az.gov/blog-terms/event-wagering-revenue-reports,AZ/screenshots/AZ_2024_05_AZ_2024_05_p1.png,"Fanatics Sports Book $ - $ 1 6,698,883.36 $ - $ 15,315,358.00 $ - $ 1,344,360.71 $ - $ 1,344,360.71 $ - $ - $ - $ -",,2026-04-08T18:26:19.959249
AZ,2024-05-01,2024-05-31,monthly,Fan Duel,FanDuel,FanDuel,Flutter Entertainment,retail,,113294400,21405719,21688475,435000,20970719,91605925,1677658,282756,0.1889388972447005,31,False,False,AZ_2024_05.pdf,,,,,,https://gaming.az.gov/sites/default/files/EW%20Website%20Revenue%20Report-May%202024.pdf,https://gaming.az.gov/blog-terms/event-wagering-revenue-reports,AZ/screenshots/AZ_2024_05_AZ_2024_05_p1.png,"Fan Duel $ 1,132,944.00 $ 1 92,733,107.68 $ 916,059.25 $ 165,397,029.61 $ 214,057.19 $ 26,868,644.87 $ 4,350.00 $ 5,759,828.06 $ 209,707.19 $ 21,108,816.81 $ 1 6,776.58 $ 2 ,110,881.68",,2026-04-08T18:26:19.959249
AZ,2024-05-01,2024-05-31,monthly,Fan Duel,FanDuel,FanDuel,Flutter Entertainment,online,,19273310768,2686864487,2733607807,575982806,2110881681,16539702961,211088168,46743320,0.1394085592943934,31,False,False,AZ_2024_05.pdf,,,,,,https://gaming.az.gov/sites/default/files/EW%20Website%20Revenue%20Report-May%202024.pdf,https://gaming.az.gov/blog-terms/event-wagering-revenue-reports,AZ/screenshots/AZ_2024_05_AZ_2024_05_p1.png,"Fan Duel $ 1,132,944.00 $ 1 92,733,107.68 $ 916,059.25 $ 165,397,029.61 $ 214,057.19 $ 26,868,644.87 $ 4,350.00 $ 5,759,828.06 $ 209,707.19 $ 21,108,816.81 $ 1 6,776.58 $ 2 ,110,881.68",,2026-04-08T18:26:19.959249
AZ,2024-05-01,2024-05-31,monthly,Golden Nugget Online Gaming,DraftKings (Golden Nugget),DraftKings,DraftKings Inc,retail,,0,0,0,0,0,0,0,0,,31,False,False,AZ_2024_05.pdf,,,,,,https://gaming.az.gov/sites/default/files/EW%20Website%20Revenue%20Report-May%202024.pdf,https://gaming.az.gov/blog-terms/event-wagering-revenue-reports,AZ/screenshots/AZ_2024_05_AZ_2024_05_p1.png,"Golden Nugget Online Gaming $ - $ 6 4,418.39 $ - $ 73,481.03 $ - $ - $ - $ - $ - $ - $ - $ -",,2026-04-08T18:26:19.959249
AZ,2024-05-01,2024-05-31,monthly,Golden Nugget Online Gaming,DraftKings (Golden Nugget),DraftKings,DraftKings Inc,online,,6441839,0,-906264,0,0,7348103,0,-906264,0.0,31,False,False,AZ_2024_05.pdf,,,,,,https://gaming.az.gov/sites/default/files/EW%20Website%20Revenue%20Report-May%202024.pdf,https://gaming.az.gov/blog-terms/event-wagering-revenue-reports,AZ/screenshots/AZ_2024_05_AZ_2024_05_p1.png,"Golden Nugget Online Gaming $ - $ 6 4,418.39 $ - $ 73,481.03 $ - $ - $ - $ - $ - $ - $ - $ -",,2026-04-08T18:26:19.959249
AZ,2024-05-01,2024-05-31,monthly,PENN / ESPN Bet,ESPN Bet,ESPN Bet,PENN Entertainment,retail,,0,0,0,0,0,0,0,0,,31,False,False,AZ_2024_05.pdf,,,,,,https://gaming.az.gov/sites/default/files/EW%20Website%20Revenue%20Report-May%202024.pdf,https://gaming.az.gov/blog-terms/event-wagering-revenue-reports,AZ/screenshots/AZ_2024_05_AZ_2024_05_p1.png,"PENN / ESPN Bet $ - $ 1 8,264,875.64 $ - $ 16,660,167.91 $ - $ 1,559,045.54 $ - $ 825,051.31 $ - $ 733,994.23 $ - $ 7 3,399.42",,2026-04-08T18:26:19.959249
AZ,2024-05-01,2024-05-31,monthly,PENN / ESPN Bet,ESPN Bet,ESPN Bet,PENN Entertainment,online,,1826487564,155904554,160470773,82505131,73399423,1666016791,7339942,4566219,0.0853575776111881,31,False,False,AZ_2024_05.pdf,,,,,,https://gaming.az.gov/sites/default/files/EW%20Website%20Revenue%20Report-May%202024.pdf,https://gaming.az.gov/blog-terms/event-wagering-revenue-reports,AZ/screenshots/AZ_2024_05_AZ_2024_05_p1.png,"PENN / ESPN Bet $ - $ 1 8,264,875.64 $ - $ 16,660,167.91 $ - $ 1,559,045.54 $ - $ 825,051.31 $ - $ 733,994.23 $ - $ 7 3,399.42",,2026-04-08T18:26:19.959249
AZ,2024-05-01,2024-05-31,monthly,RSI (Rush Street Interactive),BetRivers,BetRivers,Rush Street Interactive,retail,,0,0,0,0,0,0,0,0,,31,False,False,AZ_2024_05.pdf,,,,,,https://gaming.az.gov/sites/default/files/EW%20Website%20Revenue%20Report-May%202024.pdf,https://gaming.az.gov/blog-terms/event-wagering-revenue-reports,AZ/screenshots/AZ_2024_05_AZ_2024_05_p1.png,"RSI (Rush Street Interactive) $ - $ 6 ,130,391.97 $ - $ 5,729,519.14 $ - $ 385,546.85 $ - $ 98,431.93 $ - $ 287,114.92 $ - $ 2 8,711.49",,2026-04-08T18:26:19.959249
AZ,2024-05-01,2024-05-31,monthly,RSI (Rush Street Interactive),BetRivers,BetRivers,Rush Street Interactive,online,,613039197,38554685,40087283,9843193,28711492,572951914,2871149,1532598,0.0628910601290638,31,False,False,AZ_2024_05.pdf,,,,,,https://gaming.az.gov/sites/default/files/EW%20Website%20Revenue%20Report-May%202024.pdf,https://gaming.az.gov/blog-terms/event-wagering-revenue-reports,AZ/screenshots/AZ_2024_05_AZ_2024_05_p1.png,"RSI (Rush Street Interactive) $ - $ 6 ,130,391.97 $ - $ 5,729,519.14 $ - $ 385,546.85 $ - $ 98,431.93 $ - $ 287,114.92 $ - $ 2 8,711.49",,2026-04-08T18:26:19.959249
AZ,2024-05-01,2024-05-31,monthly,Sahara Bets,Sahara Bets,Sahara Bets,Sahara Bets,retail,,0,0,0,0,0,0,0,0,,31,False,False,AZ_2024_05.pdf,,,,,,https://gaming.az.gov/sites/default/files/EW%20Website%20Revenue%20Report-May%202024.pdf,https://gaming.az.gov/blog-terms/event-wagering-revenue-reports,AZ/screenshots/AZ_2024_05_AZ_2024_05_p1.png,"Sahara Bets $ - $ 1 ,086,631.74 $ - $ 1,080,503.14 $ - $ 3,412.02 $ - $ 3,412.02 $ - $ - $ - $ -",,2026-04-08T18:26:19.959249
AZ,2024-05-01,2024-05-31,monthly,Sahara Bets,Sahara Bets,Sahara Bets,Sahara Bets,online,,108663174,341202,612860,341202,0,108050314,0,271658,0.0031399966284805,31,False,False,AZ_2024_05.pdf,,,,,,https://gaming.az.gov/sites/default/files/EW%20Website%20Revenue%20Report-May%202024.pdf,https://gaming.az.gov/blog-terms/event-wagering-revenue-reports,AZ/screenshots/AZ_2024_05_AZ_2024_05_p1.png,"Sahara Bets $ - $ 1 ,086,631.74 $ - $ 1,080,503.14 $ - $ 3,412.02 $ - $ 3,412.02 $ - $ - $ - $ -",,2026-04-08T18:26:19.959249
AZ,2024-05-01,2024-05-31,monthly,"SBOpco, LLC (SuperBook)",SuperBook,SuperBook,SuperBook Sports,retail,,0,0,0,0,0,0,0,0,,31,False,False,AZ_2024_05.pdf,,,,,,https://gaming.az.gov/sites/default/files/EW%20Website%20Revenue%20Report-May%202024.pdf,https://gaming.az.gov/blog-terms/event-wagering-revenue-reports,AZ/screenshots/AZ_2024_05_AZ_2024_05_p1.png,"SBOpco, LLC (SuperBook) $ - $ 9 09,064.69 $ - $ 872,918.82 $ - $ 33,880.08 $ - $ 6,887.50 $ - $ 26,992.58 $ - $ 2 ,699.26",,2026-04-08T18:26:19.959249
AZ,2024-05-01,2024-05-31,monthly,"SBOpco, LLC (SuperBook)",SuperBook,SuperBook,SuperBook Sports,online,,90906469,3388008,3614587,688750,2699258,87291882,269926,226579,0.0372691628799266,31,False,False,AZ_2024_05.pdf,,,,,,https://gaming.az.gov/sites/default/files/EW%20Website%20Revenue%20Report-May%202024.pdf,https://gaming.az.gov/blog-terms/event-wagering-revenue-reports,AZ/screenshots/AZ_2024_05_AZ_2024_05_p1.png,"SBOpco, LLC (SuperBook) $ - $ 9 09,064.69 $ - $ 872,918.82 $ - $ 33,880.08 $ - $ 6,887.50 $ - $ 26,992.58 $ - $ 2 ,699.26",,2026-04-08T18:26:19.959249
AZ,2024-05-01,2024-05-31,monthly,Seminole Hard Rock Digital,Hard Rock Bet,Hard Rock Bet,Seminole Tribe / Hard Rock Digital,retail,,0,0,0,0,0,0,0,0,,31,False,False,AZ_2024_05.pdf,,,,,,https://gaming.az.gov/sites/default/files/EW%20Website%20Revenue%20Report-May%202024.pdf,https://gaming.az.gov/blog-terms/event-wagering-revenue-reports,AZ/screenshots/AZ_2024_05_AZ_2024_05_p1.png,"Seminole Hard Rock Digital $ - $ 5 ,200,502.17 $ - $ 4,997,829.06 $ - $ 189,671.85 $ - $ 56,492.41 $ - $ 133,179.44 $ - $ 1 3,317.94",,2026-04-08T18:26:19.959249
AZ,2024-05-01,2024-05-31,monthly,Seminole Hard Rock Digital,Hard Rock Bet,Hard Rock Bet,Seminole Tribe / Hard Rock Digital,online,,520050217,18967185,20267311,5649241,13317944,499782906,1331794,1300126,0.036471833642173,31,False,False,AZ_2024_05.pdf,,,,,,https://gaming.az.gov/sites/default/files/EW%20Website%20Revenue%20Report-May%202024.pdf,https://gaming.az.gov/blog-terms/event-wagering-revenue-reports,AZ/screenshots/AZ_2024_05_AZ_2024_05_p1.png,"Seminole Hard Rock Digital $ - $ 5 ,200,502.17 $ - $ 4,997,829.06 $ - $ 189,671.85 $ - $ 56,492.41 $ - $ 133,179.44 $ - $ 1 3,317.94",,2026-04-08T18:26:19.959249
AZ,2024-05-01,2024-05-31,monthly,Unibet AZ (Kindred),Unibet,Unibet,Kindred Group,retail,,0,0,0,0,0,0,0,0,,31,False,False,AZ_2024_05.pdf,,,,,,https://gaming.az.gov/sites/default/files/EW%20Website%20Revenue%20Report-May%202024.pdf,https://gaming.az.gov/blog-terms/event-wagering-revenue-reports,AZ/screenshots/AZ_2024_05_AZ_2024_05_p1.png,"Unibet AZ (Kindred) $ - $ 1 15,908.67 $ - $ 114,388.62 $ - $ 1,230.28 $ - $ - $ - $ 1,230.28 $ - $ 1 23.03",,2026-04-08T18:26:19.959249
AZ,2024-05-01,2024-05-31,monthly,Unibet AZ (Kindred),Unibet,Unibet,Kindred Group,online,,11590867,123028,152005,0,123028,11438862,12303,28977,0.0106142189363401,31,False,False,AZ_2024_05.pdf,,,,,,https://gaming.az.gov/sites/default/files/EW%20Website%20Revenue%20Report-May%202024.pdf,https://gaming.az.gov/blog-terms/event-wagering-revenue-reports,AZ/screenshots/AZ_2024_05_AZ_2024_05_p1.png,"Unibet AZ (Kindred) $ - $ 1 15,908.67 $ - $ 114,388.62 $ - $ 1,230.28 $ - $ - $ - $ 1,230.28 $ - $ 1 23.03",,2026-04-08T18:26:19.959249
AZ,2024-06-01,2024-06-30,monthly,"Bally Interactive, LLC",Bally Bet,Bally Bet,Bally's Corporation,retail,,0,0,0,0,0,0,0,0,,30,False,False,AZ_2024_06.pdf,,,,,,https://gaming.az.gov/sites/default/files/EW%20Website%20Revenue%20Report-Jun%202024.pdf,https://gaming.az.gov/blog-terms/event-wagering-revenue-reports,AZ/screenshots/AZ_2024_06_AZ_2024_06_p1.png,"Bally Interactive, LLC $ - $ 1 ,523,640.31 $ - $ 1,376,279.55 $ - $ 143,551.66 $ - $ 60,505.81 $ - $ 83,045.85 $ - $ 8 ,304.59",,2026-04-08T18:26:21.895801
AZ,2024-06-01,2024-06-30,monthly,"Bally Interactive, LLC",Bally Bet,Bally Bet,Bally's Corporation,online,,152364031,14355166,14736076,6050581,8304585,137627955,830459,380910,0.094216239264502,30,False,False,AZ_2024_06.pdf,,,,,,https://gaming.az.gov/sites/default/files/EW%20Website%20Revenue%20Report-Jun%202024.pdf,https://gaming.az.gov/blog-terms/event-wagering-revenue-reports,AZ/screenshots/AZ_2024_06_AZ_2024_06_p1.png,"Bally Interactive, LLC $ - $ 1 ,523,640.31 $ - $ 1,376,279.55 $ - $ 143,551.66 $ - $ 60,505.81 $ - $ 83,045.85 $ - $ 8 ,304.59",,2026-04-08T18:26:21.895801
AZ,2024-06-01,2024-06-30,monthly,Bet365,bet365,bet365,bet365 Group,retail,,0,0,0,0,0,0,0,0,,30,False,False,AZ_2024_06.pdf,,,,,,https://gaming.az.gov/sites/default/files/EW%20Website%20Revenue%20Report-Jun%202024.pdf,https://gaming.az.gov/blog-terms/event-wagering-revenue-reports,AZ/screenshots/AZ_2024_06_AZ_2024_06_p1.png,"Bet365 $ - $ 1 9,048,471.51 $ - $ 17,247,722.72 $ - $ 1,738,208.93 $ - $ 873,275.73 $ - $ 864,933.20 $ - $ 8 6,493.32",,2026-04-08T18:26:21.895801
AZ,2024-06-01,2024-06-30,monthly,Bet365,bet365,bet365,bet365 Group,online,,1904847151,173820893,180074879,87327573,86493320,1724772272,8649332,6253986,0.0912518849130483,30,False,False,AZ_2024_06.pdf,,,,,,https://gaming.az.gov/sites/default/files/EW%20Website%20Revenue%20Report-Jun%202024.pdf,https://gaming.az.gov/blog-terms/event-wagering-revenue-reports,AZ/screenshots/AZ_2024_06_AZ_2024_06_p1.png,"Bet365 $ - $ 1 9,048,471.51 $ - $ 17,247,722.72 $ - $ 1,738,208.93 $ - $ 873,275.73 $ - $ 864,933.20 $ - $ 8 6,493.32",,2026-04-08T18:26:21.895801
AZ,2024-06-01,2024-06-30,monthly,BetFred,Betfred,Betfred,Betfred Group,retail,,0,0,0,0,0,0,0,0,,30,False,False,AZ_2024_06.pdf,,,,,,https://gaming.az.gov/sites/default/files/EW%20Website%20Revenue%20Report-Jun%202024.pdf,https://gaming.az.gov/blog-terms/event-wagering-revenue-reports,AZ/screenshots/AZ_2024_06_AZ_2024_06_p1.png,"BetFred $ - $ 2 ,024,143.92 $ - $ 1,859,180.39 $ - $ 159,903.17 $ - $ 45,346.89 $ - $ 114,556.28 $ - $ 1 1,455.63",,2026-04-08T18:26:21.895801
AZ,2024-06-01,2024-06-30,monthly,BetFred,Betfred,Betfred,Betfred Group,online,,202414392,15990317,16496353,4534689,11455628,185918039,1145563,506036,0.0789979252068202,30,False,False,AZ_2024_06.pdf,,,,,,https://gaming.az.gov/sites/default/files/EW%20Website%20Revenue%20Report-Jun%202024.pdf,https://gaming.az.gov/blog-terms/event-wagering-revenue-reports,AZ/screenshots/AZ_2024_06_AZ_2024_06_p1.png,"BetFred $ - $ 2 ,024,143.92 $ - $ 1,859,180.39 $ - $ 159,903.17 $ - $ 45,346.89 $ - $ 114,556.28 $ - $ 1 1,455.63",,2026-04-08T18:26:21.895801
AZ,2024-06-01,2024-06-30,monthly,BetMGM,BetMGM,BetMGM,Entain/MGM Resorts,retail,,56645805,0,-1980175,0,0,58625980,0,-1980175,0.0,30,False,False,AZ_2024_06.pdf,,,,,,https://gaming.az.gov/sites/default/files/EW%20Website%20Revenue%20Report-Jun%202024.pdf,https://gaming.az.gov/blog-terms/event-wagering-revenue-reports,AZ/screenshots/AZ_2024_06_AZ_2024_06_p1.png,"BetMGM $ 566,458.05 $ 5 1,718,256.51 $ 586,259.80 $ 46,790,081.98 $ - $ 4,803,024.14 $ - $ 1,796,562.38 $ - $ 3,006,461.76 $ - $ 3 00,646.18",,2026-04-08T18:26:21.895801
AZ,2024-06-01,2024-06-30,monthly,BetMGM,BetMGM,BetMGM,Entain/MGM Resorts,online,,5171825651,480302414,492817453,179656238,300646176,4679008198,30064618,12515039,0.0928690266090333,30,False,False,AZ_2024_06.pdf,,,,,,https://gaming.az.gov/sites/default/files/EW%20Website%20Revenue%20Report-Jun%202024.pdf,https://gaming.az.gov/blog-terms/event-wagering-revenue-reports,AZ/screenshots/AZ_2024_06_AZ_2024_06_p1.png,"BetMGM $ 566,458.05 $ 5 1,718,256.51 $ 586,259.80 $ 46,790,081.98 $ - $ 4,803,024.14 $ - $ 1,796,562.38 $ - $ 3,006,461.76 $ - $ 3 00,646.18",,2026-04-08T18:26:21.895801
AZ,2024-06-01,2024-06-30,monthly,Caesars (American Wagering),Caesars,Caesars,Caesars Entertainment,retail,,47999698,7069415,7185138,0,7069415,40814560,565553,115723,0.1472804058058865,30,False,False,AZ_2024_06.pdf,,,,,,https://gaming.az.gov/sites/default/files/EW%20Website%20Revenue%20Report-Jun%202024.pdf,https://gaming.az.gov/blog-terms/event-wagering-revenue-reports,AZ/screenshots/AZ_2024_06_AZ_2024_06_p1.png,"Caesars (American Wagering) $ 479,996.98 $ 2 8,044,124.78 $ 408,145.60 $ 26,188,636.61 $ 70,694.15 $ 1,786,400.32 $ - $ 559,840.20 $ 70,694.15 $ 1,226,560.12 $ 5 ,655.53 $ 1 22,656.01",,2026-04-08T18:26:21.895801
AZ,2024-06-01,2024-06-30,monthly,Caesars (American Wagering),Caesars,Caesars,Caesars Entertainment,online,,2804412478,178640032,185548817,55984020,122656012,2618863661,12265601,6908785,0.0636996281400799,30,False,False,AZ_2024_06.pdf,,,,,,https://gaming.az.gov/sites/default/files/EW%20Website%20Revenue%20Report-Jun%202024.pdf,https://gaming.az.gov/blog-terms/event-wagering-revenue-reports,AZ/screenshots/AZ_2024_06_AZ_2024_06_p1.png,"Caesars (American Wagering) $ 479,996.98 $ 2 8,044,124.78 $ 408,145.60 $ 26,188,636.61 $ 70,694.15 $ 1,786,400.32 $ - $ 559,840.20 $ 70,694.15 $ 1,226,560.12 $ 5 ,655.53 $ 1 22,656.01",,2026-04-08T18:26:21.895801
AZ,2024-06-01,2024-06-30,monthly,Desert Diamond Mobile,Desert Diamond,Desert Diamond,Tohono O'odham Nation,retail,,0,0,0,0,0,0,0,0,,30,False,False,AZ_2024_06.pdf,,,,,,https://gaming.az.gov/sites/default/files/EW%20Website%20Revenue%20Report-Jun%202024.pdf,https://gaming.az.gov/blog-terms/event-wagering-revenue-reports,AZ/screenshots/AZ_2024_06_AZ_2024_06_p1.png,"Desert Diamond Mobile $ - $ 2 ,795,701.20 $ - $ 2,583,721.36 $ - $ 205,373.91 $ - $ 153,266.91 $ - $ 52,107.00 $ - $ 5 ,210.70",,2026-04-08T18:26:21.895801
AZ,2024-06-01,2024-06-30,monthly,Desert Diamond Mobile,Desert Diamond,Desert Diamond,Tohono O'odham Nation,online,,279570120,20537391,21197984,15326691,5210700,258372136,521070,660593,0.073460608022059,30,False,False,AZ_2024_06.pdf,,,,,,https://gaming.az.gov/sites/default/files/EW%20Website%20Revenue%20Report-Jun%202024.pdf,https://gaming.az.gov/blog-terms/event-wagering-revenue-reports,AZ/screenshots/AZ_2024_06_AZ_2024_06_p1.png,"Desert Diamond Mobile $ - $ 2 ,795,701.20 $ - $ 2,583,721.36 $ - $ 205,373.91 $ - $ 153,266.91 $ - $ 52,107.00 $ - $ 5 ,210.70",,2026-04-08T18:26:21.895801
AZ,2024-06-01,2024-06-30,monthly,Digital Gaming USA (Betway),Betway,Betway,Digital Gaming USA,retail,,0,0,0,0,0,0,0,0,,30,False,False,AZ_2024_06.pdf,,,,,,https://gaming.az.gov/sites/default/files/EW%20Website%20Revenue%20Report-Jun%202024.pdf,https://gaming.az.gov/blog-terms/event-wagering-revenue-reports,AZ/screenshots/AZ_2024_06_AZ_2024_06_p1.png,"Digital Gaming USA (Betway) $ - $ 9 23,665.24 $ - $ 794,303.80 $ - $ 127,052.28 $ - $ 53,369.80 $ - $ 73,682.48 $ - $ 7 ,368.25",,2026-04-08T18:26:21.895801
AZ,2024-06-01,2024-06-30,monthly,Digital Gaming USA (Betway),Betway,Betway,Digital Gaming USA,online,,92366524,12705228,12936144,5336980,7368248,79430380,736825,230916,0.1375523019573628,30,False,False,AZ_2024_06.pdf,,,,,,https://gaming.az.gov/sites/default/files/EW%20Website%20Revenue%20Report-Jun%202024.pdf,https://gaming.az.gov/blog-terms/event-wagering-revenue-reports,AZ/screenshots/AZ_2024_06_AZ_2024_06_p1.png,"Digital Gaming USA (Betway) $ - $ 9 23,665.24 $ - $ 794,303.80 $ - $ 127,052.28 $ - $ 53,369.80 $ - $ 73,682.48 $ - $ 7 ,368.25",,2026-04-08T18:26:21.895801
AZ,2024-06-01,2024-06-30,monthly,Draft Kings/Crown Gaming,DraftKings,DraftKings,DraftKings Inc,retail,,159483677,3265237,3667602,1500,3263737,155816075,261099,402365,0.0204738005883824,30,False,False,AZ_2024_06.pdf,,,,,,https://gaming.az.gov/sites/default/files/EW%20Website%20Revenue%20Report-Jun%202024.pdf,https://gaming.az.gov/blog-terms/event-wagering-revenue-reports,AZ/screenshots/AZ_2024_06_AZ_2024_06_p1.png,"Draft Kings/Crown Gaming $ 1,594,836.77 $ 1 53,932,263.55 $ 1,558,160.75 $ 139,085,172.58 $ 32,652.37 $ 14,472,020.46 $ 15.00 $ 3,913,012.69 $ 32,637.37 $ 10,559,007.77 $ 2 ,610.99 $ 1 ,055,900.78",,2026-04-08T18:26:21.895801
AZ,2024-06-01,2024-06-30,monthly,Draft Kings/Crown Gaming,DraftKings,DraftKings,DraftKings Inc,online,,15393226355,1447202046,1484709097,391301269,1055900777,13908517258,105590078,37507051,0.0940155112790843,30,False,False,AZ_2024_06.pdf,,,,,,https://gaming.az.gov/sites/default/files/EW%20Website%20Revenue%20Report-Jun%202024.pdf,https://gaming.az.gov/blog-terms/event-wagering-revenue-reports,AZ/screenshots/AZ_2024_06_AZ_2024_06_p1.png,"Draft Kings/Crown Gaming $ 1,594,836.77 $ 1 53,932,263.55 $ 1,558,160.75 $ 139,085,172.58 $ 32,652.37 $ 14,472,020.46 $ 15.00 $ 3,913,012.69 $ 32,637.37 $ 10,559,007.77 $ 2 ,610.99 $ 1 ,055,900.78",,2026-04-08T18:26:21.895801
AZ,2024-06-01,2024-06-30,monthly,Fanatics Sports Book,Fanatics,Fanatics,Fanatics Inc,retail,,0,0,0,0,0,0,0,0,,30,False,False,AZ_2024_06.pdf,,,,,,https://gaming.az.gov/sites/default/files/EW%20Website%20Revenue%20Report-Jun%202024.pdf,https://gaming.az.gov/blog-terms/event-wagering-revenue-reports,AZ/screenshots/AZ_2024_06_AZ_2024_06_p1.png,"Fanatics Sports Book $ - $ 1 6,801,964.99 $ - $ 14,977,558.25 $ - $ 1,784,604.15 $ - $ 1,366,702.09 $ - $ 417,902.06 $ - $ 4 1,790.21",,2026-04-08T18:26:21.895801
AZ,2024-06-01,2024-06-30,monthly,Fanatics Sports Book,Fanatics,Fanatics,Fanatics Inc,online,,1680196499,178460415,182440674,136670209,41790206,1497755825,4179021,3980259,0.1062140143169052,30,False,False,AZ_2024_06.pdf,,,,,,https://gaming.az.gov/sites/default/files/EW%20Website%20Revenue%20Report-Jun%202024.pdf,https://gaming.az.gov/blog-terms/event-wagering-revenue-reports,AZ/screenshots/AZ_2024_06_AZ_2024_06_p1.png,"Fanatics Sports Book $ - $ 1 6,801,964.99 $ - $ 14,977,558.25 $ - $ 1,784,604.15 $ - $ 1,366,702.09 $ - $ 417,902.06 $ - $ 4 1,790.21",,2026-04-08T18:26:21.895801
AZ,2024-06-01,2024-06-30,monthly,Fan Duel,FanDuel,FanDuel,Flutter Entertainment,retail,,172591950,21425765,21854900,380000,21045765,150737050,1683661,429135,0.1241411606972399,30,False,False,AZ_2024_06.pdf,,,,,,https://gaming.az.gov/sites/default/files/EW%20Website%20Revenue%20Report-Jun%202024.pdf,https://gaming.az.gov/blog-terms/event-wagering-revenue-reports,AZ/screenshots/AZ_2024_06_AZ_2024_06_p1.png,"Fan Duel $ 1,725,919.50 $ 1 49,059,949.31 $ 1,507,370.50 $ 129,752,500.04 $ 214,257.65 $ 18,947,623.28 $ 3,800.00 $ 5,129,538.45 $ 210,457.65 $ 13,818,084.83 $ 1 6,836.61 $ 1 ,381,808.48",,2026-04-08T18:26:21.895801
AZ,2024-06-01,2024-06-30,monthly,Fan Duel,FanDuel,FanDuel,Flutter Entertainment,online,,14905994931,1894762328,1930744927,512953845,1381808483,12975250004,138180848,35982599,0.1271141132658956,30,False,False,AZ_2024_06.pdf,,,,,,https://gaming.az.gov/sites/default/files/EW%20Website%20Revenue%20Report-Jun%202024.pdf,https://gaming.az.gov/blog-terms/event-wagering-revenue-reports,AZ/screenshots/AZ_2024_06_AZ_2024_06_p1.png,"Fan Duel $ 1,725,919.50 $ 1 49,059,949.31 $ 1,507,370.50 $ 129,752,500.04 $ 214,257.65 $ 18,947,623.28 $ 3,800.00 $ 5,129,538.45 $ 210,457.65 $ 13,818,084.83 $ 1 6,836.61 $ 1 ,381,808.48",,2026-04-08T18:26:21.895801
AZ,2024-06-01,2024-06-30,monthly,Golden Nugget Online Gaming,DraftKings (Golden Nugget),DraftKings,DraftKings Inc,retail,,0,0,0,0,0,0,0,0,,30,False,False,AZ_2024_06.pdf,,,,,,https://gaming.az.gov/sites/default/files/EW%20Website%20Revenue%20Report-Jun%202024.pdf,https://gaming.az.gov/blog-terms/event-wagering-revenue-reports,AZ/screenshots/AZ_2024_06_AZ_2024_06_p1.png,"Golden Nugget Online Gaming $ - $ 5 7,002.20 $ - $ 64,608.39 $ - $ - $ - $ - $ - $ - $ - $ -",,2026-04-08T18:26:21.895801
AZ,2024-06-01,2024-06-30,monthly,Golden Nugget Online Gaming,DraftKings (Golden Nugget),DraftKings,DraftKings Inc,online,,5700220,0,-760619,0,0,6460839,0,-760619,0.0,30,False,False,AZ_2024_06.pdf,,,,,,https://gaming.az.gov/sites/default/files/EW%20Website%20Revenue%20Report-Jun%202024.pdf,https://gaming.az.gov/blog-terms/event-wagering-revenue-reports,AZ/screenshots/AZ_2024_06_AZ_2024_06_p1.png,"Golden Nugget Online Gaming $ - $ 5 7,002.20 $ - $ 64,608.39 $ - $ - $ - $ - $ - $ - $ - $ -",,2026-04-08T18:26:21.895801
AZ,2024-06-01,2024-06-30,monthly,PENN / ESPN Bet,ESPN Bet,ESPN Bet,PENN Entertainment,retail,,0,0,0,0,0,0,0,0,,30,False,False,AZ_2024_06.pdf,,,,,,https://gaming.az.gov/sites/default/files/EW%20Website%20Revenue%20Report-Jun%202024.pdf,https://gaming.az.gov/blog-terms/event-wagering-revenue-reports,AZ/screenshots/AZ_2024_06_AZ_2024_06_p1.png,"PENN / ESPN Bet $ - $ 1 2,657,505.47 $ - $ 11,565,022.68 $ - $ 1,060,839.03 $ - $ 453,317.89 $ - $ 607,521.14 $ - $ 6 0,752.11",,2026-04-08T18:26:21.895801
AZ,2024-06-01,2024-06-30,monthly,PENN / ESPN Bet,ESPN Bet,ESPN Bet,PENN Entertainment,online,,1265750547,106083903,109248279,45331789,60752114,1156502268,6075211,3164376,0.0838110662890355,30,False,False,AZ_2024_06.pdf,,,,,,https://gaming.az.gov/sites/default/files/EW%20Website%20Revenue%20Report-Jun%202024.pdf,https://gaming.az.gov/blog-terms/event-wagering-revenue-reports,AZ/screenshots/AZ_2024_06_AZ_2024_06_p1.png,"PENN / ESPN Bet $ - $ 1 2,657,505.47 $ - $ 11,565,022.68 $ - $ 1,060,839.03 $ - $ 453,317.89 $ - $ 607,521.14 $ - $ 6 0,752.11",,2026-04-08T18:26:21.895801
AZ,2024-06-01,2024-06-30,monthly,Plannatech,Plannatech,Plannatech,Plannatech,retail,,0,0,0,0,0,0,0,0,,30,False,False,AZ_2024_06.pdf,,,,,,https://gaming.az.gov/sites/default/files/EW%20Website%20Revenue%20Report-Jun%202024.pdf,https://gaming.az.gov/blog-terms/event-wagering-revenue-reports,AZ/screenshots/AZ_2024_06_AZ_2024_06_p1.png,Plannatech $ - $ - $ - $ - $ - $ - $ - $ - $ - $ - $ - $ -,,2026-04-08T18:26:21.895801
AZ,2024-06-01,2024-06-30,monthly,Plannatech,Plannatech,Plannatech,Plannatech,online,,0,0,0,0,0,0,0,0,,30,False,False,AZ_2024_06.pdf,,,,,,https://gaming.az.gov/sites/default/files/EW%20Website%20Revenue%20Report-Jun%202024.pdf,https://gaming.az.gov/blog-terms/event-wagering-revenue-reports,AZ/screenshots/AZ_2024_06_AZ_2024_06_p1.png,Plannatech $ - $ - $ - $ - $ - $ - $ - $ - $ - $ - $ - $ -,,2026-04-08T18:26:21.895801
AZ,2024-06-01,2024-06-30,monthly,RSI (Rush Street Interactive),BetRivers,BetRivers,Rush Street Interactive,retail,,0,0,0,0,0,0,0,0,,30,False,False,AZ_2024_06.pdf,,,,,,https://gaming.az.gov/sites/default/files/EW%20Website%20Revenue%20Report-Jun%202024.pdf,https://gaming.az.gov/blog-terms/event-wagering-revenue-reports,AZ/screenshots/AZ_2024_06_AZ_2024_06_p1.png,"RSI (Rush Street Interactive) $ - $ 5 ,214,156.30 $ - $ 4,816,493.60 $ - $ 384,627.31 $ - $ 102,464.10 $ - $ 282,163.21 $ - $ 2 8,216.32",,2026-04-08T18:26:21.895801
AZ,2024-06-01,2024-06-30,monthly,RSI (Rush Street Interactive),BetRivers,BetRivers,Rush Street Interactive,online,,521415630,38462731,39766270,10246410,28216321,481649360,2821632,1303539,0.0737659724546423,30,False,False,AZ_2024_06.pdf,,,,,,https://gaming.az.gov/sites/default/files/EW%20Website%20Revenue%20Report-Jun%202024.pdf,https://gaming.az.gov/blog-terms/event-wagering-revenue-reports,AZ/screenshots/AZ_2024_06_AZ_2024_06_p1.png,"RSI (Rush Street Interactive) $ - $ 5 ,214,156.30 $ - $ 4,816,493.60 $ - $ 384,627.31 $ - $ 102,464.10 $ - $ 282,163.21 $ - $ 2 8,216.32",,2026-04-08T18:26:21.895801
AZ,2024-06-01,2024-06-30,monthly,Sahara Bets,Sahara Bets,Sahara Bets,Sahara Bets,retail,,0,0,0,0,0,0,0,0,,30,False,False,AZ_2024_06.pdf,,,,,,https://gaming.az.gov/sites/default/files/EW%20Website%20Revenue%20Report-Jun%202024.pdf,https://gaming.az.gov/blog-terms/event-wagering-revenue-reports,AZ/screenshots/AZ_2024_06_AZ_2024_06_p1.png,"Sahara Bets $ - $ 6 49,048.22 $ - $ 593,342.72 $ - $ 54,082.88 $ - $ 8,012.85 $ - $ 46,070.03 $ - $ 4 ,607.00",,2026-04-08T18:26:21.895801
AZ,2024-06-01,2024-06-30,monthly,Sahara Bets,Sahara Bets,Sahara Bets,Sahara Bets,online,,64904822,5408288,5570550,801285,4607003,59334272,460700,162262,0.0833264437579075,30,False,False,AZ_2024_06.pdf,,,,,,https://gaming.az.gov/sites/default/files/EW%20Website%20Revenue%20Report-Jun%202024.pdf,https://gaming.az.gov/blog-terms/event-wagering-revenue-reports,AZ/screenshots/AZ_2024_06_AZ_2024_06_p1.png,"Sahara Bets $ - $ 6 49,048.22 $ - $ 593,342.72 $ - $ 54,082.88 $ - $ 8,012.85 $ - $ 46,070.03 $ - $ 4 ,607.00",,2026-04-08T18:26:21.895801
AZ,2024-06-01,2024-06-30,monthly,"SBOpco, LLC (SuperBook)",SuperBook,SuperBook,SuperBook Sports,retail,,0,0,0,0,0,0,0,0,,30,False,False,AZ_2024_06.pdf,,,,,,https://gaming.az.gov/sites/default/files/EW%20Website%20Revenue%20Report-Jun%202024.pdf,https://gaming.az.gov/blog-terms/event-wagering-revenue-reports,AZ/screenshots/AZ_2024_06_AZ_2024_06_p1.png,"SBOpco, LLC (SuperBook) $ - $ 6 84,820.08 $ - $ 640,568.22 $ - $ 42,614.87 $ - $ 5,346.86 $ - $ 37,268.01 $ - $ 3 ,726.80",,2026-04-08T18:26:21.895801
AZ,2024-06-01,2024-06-30,monthly,"SBOpco, LLC (SuperBook)",SuperBook,SuperBook,SuperBook Sports,online,,68482008,4261487,4425186,534686,3726801,64056822,372680,163699,0.0622278336231028,30,False,False,AZ_2024_06.pdf,,,,,,https://gaming.az.gov/sites/default/files/EW%20Website%20Revenue%20Report-Jun%202024.pdf,https://gaming.az.gov/blog-terms/event-wagering-revenue-reports,AZ/screenshots/AZ_2024_06_AZ_2024_06_p1.png,"SBOpco, LLC (SuperBook) $ - $ 6 84,820.08 $ - $ 640,568.22 $ - $ 42,614.87 $ - $ 5,346.86 $ - $ 37,268.01 $ - $ 3 ,726.80",,2026-04-08T18:26:21.895801
AZ,2024-06-01,2024-06-30,monthly,Seminole Hard Rock Digital,Hard Rock Bet,Hard Rock Bet,Seminole Tribe / Hard Rock Digital,retail,,0,0,0,0,0,0,0,0,,30,False,False,AZ_2024_06.pdf,,,,,,https://gaming.az.gov/sites/default/files/EW%20Website%20Revenue%20Report-Jun%202024.pdf,https://gaming.az.gov/blog-terms/event-wagering-revenue-reports,AZ/screenshots/AZ_2024_06_AZ_2024_06_p1.png,"Seminole Hard Rock Digital $ - $ 4 ,545,356.88 $ - $ 4,358,894.46 $ - $ 175,099.03 $ - $ 52,114.32 $ - $ 122,984.71 $ - $ 1 2,298.47",,2026-04-08T18:26:21.895801
AZ,2024-06-01,2024-06-30,monthly,Seminole Hard Rock Digital,Hard Rock Bet,Hard Rock Bet,Seminole Tribe / Hard Rock Digital,online,,454535688,17509903,18646242,5211432,12298471,435889446,1229847,1136339,0.0385226143123001,30,False,False,AZ_2024_06.pdf,,,,,,https://gaming.az.gov/sites/default/files/EW%20Website%20Revenue%20Report-Jun%202024.pdf,https://gaming.az.gov/blog-terms/event-wagering-revenue-reports,AZ/screenshots/AZ_2024_06_AZ_2024_06_p1.png,"Seminole Hard Rock Digital $ - $ 4 ,545,356.88 $ - $ 4,358,894.46 $ - $ 175,099.03 $ - $ 52,114.32 $ - $ 122,984.71 $ - $ 1 2,298.47",,2026-04-08T18:26:21.895801
AZ,2024-06-01,2024-06-30,monthly,Sporttrade,Sporttrade,Sporttrade,Sporttrade Inc,online,,0,0,0,0,0,0,0,0,,30,False,False,AZ_2024_06.pdf,,,,,,https://gaming.az.gov/sites/default/files/EW%20Website%20Revenue%20Report-Jun%202024.pdf,https://gaming.az.gov/blog-terms/event-wagering-revenue-reports,AZ/screenshots/AZ_2024_06_AZ_2024_06_p1.png,Sporttrade $ - $ - $ - $ - $ - $ - $ - $ - $ - $ - $ -,,2026-04-08T18:26:21.895801
AZ,2024-06-01,2024-06-30,monthly,Unibet AZ (Kindred),Unibet,Unibet,Kindred Group,retail,,0,0,0,0,0,0,0,0,,30,False,False,AZ_2024_06.pdf,,,,,,https://gaming.az.gov/sites/default/files/EW%20Website%20Revenue%20Report-Jun%202024.pdf,https://gaming.az.gov/blog-terms/event-wagering-revenue-reports,AZ/screenshots/AZ_2024_06_AZ_2024_06_p1.png,"Unibet AZ (Kindred) $ - $ 5 97.12 $ - $ 1,715.27 $ - $ - $ - $ - $ - $ - $ - $ -",,2026-04-08T18:26:21.895801
AZ,2024-06-01,2024-06-30,monthly,Unibet AZ (Kindred),Unibet,Unibet,Kindred Group,online,,59712,0,-111815,0,0,171527,0,-111815,0.0,30,False,False,AZ_2024_06.pdf,,,,,,https://gaming.az.gov/sites/default/files/EW%20Website%20Revenue%20Report-Jun%202024.pdf,https://gaming.az.gov/blog-terms/event-wagering-revenue-reports,AZ/screenshots/AZ_2024_06_AZ_2024_06_p1.png,"Unibet AZ (Kindred) $ - $ 5 97.12 $ - $ 1,715.27 $ - $ - $ - $ - $ - $ - $ - $ -",,2026-04-08T18:26:21.895801
AZ,2024-07-01,2024-07-31,monthly,"Bally Interactive, LLC",Bally Bet,Bally Bet,Bally's Corporation,retail,,0,0,0,0,0,0,0,0,,31,False,False,AZ_2024_07.pdf,,,,,,https://gaming.az.gov/sites/default/files/EW%20Website%20Report%20-%20Jul%202024.pdf,https://gaming.az.gov/blog-terms/event-wagering-revenue-reports,AZ/screenshots/AZ_2024_07_AZ_2024_07_p1.png,"Bally Interactive, LLC $ - $ 1 ,223,690.36 $ - $ 1 ,096,683.31 $ - $ 1 23,947.82 $ - $ 50,957.57 $ - $ 72,990.25 $ - $ 7 ,299.03",,2026-04-08T18:26:22.375994
AZ,2024-07-01,2024-07-31,monthly,"Bally Interactive, LLC",Bally Bet,Bally Bet,Bally's Corporation,online,,122369036,12394782,12700705,5095757,7299025,109668331,729903,305923,0.1012901825916157,31,False,False,AZ_2024_07.pdf,,,,,,https://gaming.az.gov/sites/default/files/EW%20Website%20Report%20-%20Jul%202024.pdf,https://gaming.az.gov/blog-terms/event-wagering-revenue-reports,AZ/screenshots/AZ_2024_07_AZ_2024_07_p1.png,"Bally Interactive, LLC $ - $ 1 ,223,690.36 $ - $ 1 ,096,683.31 $ - $ 1 23,947.82 $ - $ 50,957.57 $ - $ 72,990.25 $ - $ 7 ,299.03",,2026-04-08T18:26:22.375994
AZ,2024-07-01,2024-07-31,monthly,Bet365,bet365,bet365,bet365 Group,retail,,0,0,0,0,0,0,0,0,,31,False,False,AZ_2024_07.pdf,,,,,,https://gaming.az.gov/sites/default/files/EW%20Website%20Report%20-%20Jul%202024.pdf,https://gaming.az.gov/blog-terms/event-wagering-revenue-reports,AZ/screenshots/AZ_2024_07_AZ_2024_07_p1.png,"Bet365 $ - $ 2 0,106,150.02 $ - $ 1 8,128,355.72 $ - $ 1 ,930,918.66 $ - $ 863,094.84 $ - $ 1,067,823.82 $ - $ 1 06,782.38",,2026-04-08T18:26:22.375994
AZ,2024-07-01,2024-07-31,monthly,Bet365,bet365,bet365,bet365 Group,online,,2010615002,193091866,197779430,86309484,106782382,1812835572,10678238,4687564,0.0960362206627959,31,False,False,AZ_2024_07.pdf,,,,,,https://gaming.az.gov/sites/default/files/EW%20Website%20Report%20-%20Jul%202024.pdf,https://gaming.az.gov/blog-terms/event-wagering-revenue-reports,AZ/screenshots/AZ_2024_07_AZ_2024_07_p1.png,"Bet365 $ - $ 2 0,106,150.02 $ - $ 1 8,128,355.72 $ - $ 1 ,930,918.66 $ - $ 863,094.84 $ - $ 1,067,823.82 $ - $ 1 06,782.38",,2026-04-08T18:26:22.375994
AZ,2024-07-01,2024-07-31,monthly,BetFred,Betfred,Betfred,Betfred Group,retail,,0,0,0,0,0,0,0,0,,31,False,False,AZ_2024_07.pdf,,,,,,https://gaming.az.gov/sites/default/files/EW%20Website%20Report%20-%20Jul%202024.pdf,https://gaming.az.gov/blog-terms/event-wagering-revenue-reports,AZ/screenshots/AZ_2024_07_AZ_2024_07_p1.png,"BetFred $ - $ 1 ,210,698.87 $ - $ 1 ,081,476.13 $ - $ 1 26,195.99 $ - $ 46,449.54 $ - $ 79,746.45 $ - $ 7 ,974.64",,2026-04-08T18:26:22.375994
AZ,2024-07-01,2024-07-31,monthly,BetFred,Betfred,Betfred,Betfred Group,online,,121069887,12619599,12922274,4644954,7974645,108147613,797464,302675,0.1042340032910082,31,False,False,AZ_2024_07.pdf,,,,,,https://gaming.az.gov/sites/default/files/EW%20Website%20Report%20-%20Jul%202024.pdf,https://gaming.az.gov/blog-terms/event-wagering-revenue-reports,AZ/screenshots/AZ_2024_07_AZ_2024_07_p1.png,"BetFred $ - $ 1 ,210,698.87 $ - $ 1 ,081,476.13 $ - $ 1 26,195.99 $ - $ 46,449.54 $ - $ 79,746.45 $ - $ 7 ,974.64",,2026-04-08T18:26:22.375994
AZ,2024-07-01,2024-07-31,monthly,BetMGM,BetMGM,BetMGM,Entain/MGM Resorts,retail,,22175225,1568277,1623715,0,1568277,20551510,125462,55438,0.0707220332600909,31,False,False,AZ_2024_07.pdf,,,,,,https://gaming.az.gov/sites/default/files/EW%20Website%20Report%20-%20Jul%202024.pdf,https://gaming.az.gov/blog-terms/event-wagering-revenue-reports,AZ/screenshots/AZ_2024_07_AZ_2024_07_p1.png,"BetMGM $ 221,752.25 $ 4 7,718,809.02 $ 2 05,515.10 $ 4 3,525,453.65 $ 1 5,682.77 $ 4 ,078,401.34 $ - $ 1,912,937.74 $ 15,682.77 $ 2,165,463.60 $ 1 ,254.62 $ 2 16,546.36",,2026-04-08T18:26:22.375994
AZ,2024-07-01,2024-07-31,monthly,BetMGM,BetMGM,BetMGM,Entain/MGM Resorts,online,,4771880902,407840134,419335537,191293774,216546360,4352545365,21654636,11495403,0.0854673748938422,31,False,False,AZ_2024_07.pdf,,,,,,https://gaming.az.gov/sites/default/files/EW%20Website%20Report%20-%20Jul%202024.pdf,https://gaming.az.gov/blog-terms/event-wagering-revenue-reports,AZ/screenshots/AZ_2024_07_AZ_2024_07_p1.png,"BetMGM $ 221,752.25 $ 4 7,718,809.02 $ 2 05,515.10 $ 4 3,525,453.65 $ 1 5,682.77 $ 4 ,078,401.34 $ - $ 1,912,937.74 $ 15,682.77 $ 2,165,463.60 $ 1 ,254.62 $ 2 16,546.36",,2026-04-08T18:26:22.375994
AZ,2024-07-01,2024-07-31,monthly,Caesars (American Wagering),Caesars,Caesars,Caesars Entertainment,retail,,187439899,2511088,2979474,0,2511088,184460425,200887,468386,0.0133967635140477,31,False,False,AZ_2024_07.pdf,,,,,,https://gaming.az.gov/sites/default/files/EW%20Website%20Report%20-%20Jul%202024.pdf,https://gaming.az.gov/blog-terms/event-wagering-revenue-reports,AZ/screenshots/AZ_2024_07_AZ_2024_07_p1.png,"Caesars (American Wagering) $ 1,874,398.99 $ 2 5,002,699.32 $ 1 ,844,604.25 $ 2 3,001,694.64 $ 2 5,110.88 $ 1 ,940,043.67 $ - $ 436,415.54 $ 25,110.88 $ 1,503,628.13 $ 2 ,008.87 $ 1 50,362.81",,2026-04-08T18:26:22.375994
AZ,2024-07-01,2024-07-31,monthly,Caesars (American Wagering),Caesars,Caesars,Caesars Entertainment,online,,2500269932,194004367,200100468,43641554,150362813,2300169464,15036281,6096101,0.0775933688267063,31,False,False,AZ_2024_07.pdf,,,,,,https://gaming.az.gov/sites/default/files/EW%20Website%20Report%20-%20Jul%202024.pdf,https://gaming.az.gov/blog-terms/event-wagering-revenue-reports,AZ/screenshots/AZ_2024_07_AZ_2024_07_p1.png,"Caesars (American Wagering) $ 1,874,398.99 $ 2 5,002,699.32 $ 1 ,844,604.25 $ 2 3,001,694.64 $ 2 5,110.88 $ 1 ,940,043.67 $ - $ 436,415.54 $ 25,110.88 $ 1,503,628.13 $ 2 ,008.87 $ 1 50,362.81",,2026-04-08T18:26:22.375994
AZ,2024-07-01,2024-07-31,monthly,Desert Diamond Mobile,Desert Diamond,Desert Diamond,Tohono O'odham Nation,retail,,0,0,0,0,0,0,0,0,,31,False,False,AZ_2024_07.pdf,,,,,,https://gaming.az.gov/sites/default/files/EW%20Website%20Report%20-%20Jul%202024.pdf,https://gaming.az.gov/blog-terms/event-wagering-revenue-reports,AZ/screenshots/AZ_2024_07_AZ_2024_07_p1.png,"Desert Diamond Mobile $ - $ 2 ,127,078.37 $ - $ 1 ,894,245.86 $ - $ 2 27,830.41 $ - $ 126,171.06 $ - $ 101,659.35 $ - $ 1 0,165.94",,2026-04-08T18:26:22.375994
AZ,2024-07-01,2024-07-31,monthly,Desert Diamond Mobile,Desert Diamond,Desert Diamond,Tohono O'odham Nation,online,,212707837,22783041,23283251,12617106,10165935,189424586,1016594,500210,0.1071095513984282,31,False,False,AZ_2024_07.pdf,,,,,,https://gaming.az.gov/sites/default/files/EW%20Website%20Report%20-%20Jul%202024.pdf,https://gaming.az.gov/blog-terms/event-wagering-revenue-reports,AZ/screenshots/AZ_2024_07_AZ_2024_07_p1.png,"Desert Diamond Mobile $ - $ 2 ,127,078.37 $ - $ 1 ,894,245.86 $ - $ 2 27,830.41 $ - $ 126,171.06 $ - $ 101,659.35 $ - $ 1 0,165.94",,2026-04-08T18:26:22.375994
AZ,2024-07-01,2024-07-31,monthly,Digital Gaming USA (Betway),Betway,Betway,Digital Gaming USA,retail,,0,0,0,0,0,0,0,0,,31,False,False,AZ_2024_07.pdf,,,,,,https://gaming.az.gov/sites/default/files/EW%20Website%20Report%20-%20Jul%202024.pdf,https://gaming.az.gov/blog-terms/event-wagering-revenue-reports,AZ/screenshots/AZ_2024_07_AZ_2024_07_p1.png,"Digital Gaming USA (Betway) $ - $ 8 14,284.59 $ - $ 7 42,729.06 $ - $ 6 9,519.82 $ - $ 20,004.64 $ - $ 49,515.18 $ - $ 4 ,951.52",,2026-04-08T18:26:22.375994
AZ,2024-07-01,2024-07-31,monthly,Digital Gaming USA (Betway),Betway,Betway,Digital Gaming USA,online,,81428459,6951982,7155553,2000464,4951518,74272906,495152,203571,0.085375335421735,31,False,False,AZ_2024_07.pdf,,,,,,https://gaming.az.gov/sites/default/files/EW%20Website%20Report%20-%20Jul%202024.pdf,https://gaming.az.gov/blog-terms/event-wagering-revenue-reports,AZ/screenshots/AZ_2024_07_AZ_2024_07_p1.png,"Digital Gaming USA (Betway) $ - $ 8 14,284.59 $ - $ 7 42,729.06 $ - $ 6 9,519.82 $ - $ 20,004.64 $ - $ 49,515.18 $ - $ 4 ,951.52",,2026-04-08T18:26:22.375994
AZ,2024-07-01,2024-07-31,monthly,Draft Kings/Crown Gaming,DraftKings,DraftKings,DraftKings Inc,retail,,147804437,5791419,6162030,1000,5790419,141642407,463234,370611,0.03918298474355,31,False,False,AZ_2024_07.pdf,,,,,,https://gaming.az.gov/sites/default/files/EW%20Website%20Report%20-%20Jul%202024.pdf,https://gaming.az.gov/blog-terms/event-wagering-revenue-reports,AZ/screenshots/AZ_2024_07_AZ_2024_07_p1.png,"Draft Kings/Crown Gaming $ 1,478,044.37 $ 1 46,374,217.62 $ 1 ,416,424.07 $ 1 29,886,067.29 $ 5 7,914.19 $ 1 6,129,130.10 $ 1 0.00 $ 2,776,677.69 $ 57,904.19 $ 13,352,452.41 $ 4 ,632.34 $ 1 ,335,245.24",,2026-04-08T18:26:22.375994
AZ,2024-07-01,2024-07-31,monthly,Draft Kings/Crown Gaming,DraftKings,DraftKings,DraftKings Inc,online,,14637421762,1612913010,1648815033,277667769,1335245241,12988606729,133524524,35902023,0.1101910593426542,31,False,False,AZ_2024_07.pdf,,,,,,https://gaming.az.gov/sites/default/files/EW%20Website%20Report%20-%20Jul%202024.pdf,https://gaming.az.gov/blog-terms/event-wagering-revenue-reports,AZ/screenshots/AZ_2024_07_AZ_2024_07_p1.png,"Draft Kings/Crown Gaming $ 1,478,044.37 $ 1 46,374,217.62 $ 1 ,416,424.07 $ 1 29,886,067.29 $ 5 7,914.19 $ 1 6,129,130.10 $ 1 0.00 $ 2,776,677.69 $ 57,904.19 $ 13,352,452.41 $ 4 ,632.34 $ 1 ,335,245.24",,2026-04-08T18:26:22.375994
AZ,2024-07-01,2024-07-31,monthly,Fanatics Sports Book,Fanatics,Fanatics,Fanatics Inc,retail,,0,0,0,0,0,0,0,0,,31,False,False,AZ_2024_07.pdf,,,,,,https://gaming.az.gov/sites/default/files/EW%20Website%20Report%20-%20Jul%202024.pdf,https://gaming.az.gov/blog-terms/event-wagering-revenue-reports,AZ/screenshots/AZ_2024_07_AZ_2024_07_p1.png,"Fanatics Sports Book $ - $ 1 6,119,670.25 $ - $ 1 4,709,879.22 $ - $ 1 ,371,568.55 $ - $ 1,360,399.38 $ - $ 11,169.17 $ - $ 1 ,116.92",,2026-04-08T18:26:22.375994
AZ,2024-07-01,2024-07-31,monthly,Fanatics Sports Book,Fanatics,Fanatics,Fanatics Inc,online,,1611967025,137156855,140979103,136039938,1116917,1470987922,111692,3822248,0.0850866381711499,31,False,False,AZ_2024_07.pdf,,,,,,https://gaming.az.gov/sites/default/files/EW%20Website%20Report%20-%20Jul%202024.pdf,https://gaming.az.gov/blog-terms/event-wagering-revenue-reports,AZ/screenshots/AZ_2024_07_AZ_2024_07_p1.png,"Fanatics Sports Book $ - $ 1 6,119,670.25 $ - $ 1 4,709,879.22 $ - $ 1 ,371,568.55 $ - $ 1,360,399.38 $ - $ 11,169.17 $ - $ 1 ,116.92",,2026-04-08T18:26:22.375994
AZ,2024-07-01,2024-07-31,monthly,Fan Duel,FanDuel,FanDuel,Flutter Entertainment,retail,,181041725,19200120,19625800,677075,18523045,161415925,1481844,425680,0.106053563066746,31,False,False,AZ_2024_07.pdf,,,,,,https://gaming.az.gov/sites/default/files/EW%20Website%20Report%20-%20Jul%202024.pdf,https://gaming.az.gov/blog-terms/event-wagering-revenue-reports,AZ/screenshots/AZ_2024_07_AZ_2024_07_p1.png,"Fan Duel $ 1,810,417.25 $ 1 25,838,564.18 $ 1 ,614,159.25 $ 1 11,702,629.55 $ 1 92,001.20 $ 1 3,832,556.85 $ 6 ,770.75 $ 4,487,445.91 $ 185,230.45 $ 9,345,110.94 $ 1 4,818.44 $ 9 34,511.09",,2026-04-08T18:26:22.375994
AZ,2024-07-01,2024-07-31,monthly,Fan Duel,FanDuel,FanDuel,Flutter Entertainment,online,,12583856418,1383255685,1413593463,448744591,934511094,11170262955,93451109,30337778,0.1099230346447203,31,False,False,AZ_2024_07.pdf,,,,,,https://gaming.az.gov/sites/default/files/EW%20Website%20Report%20-%20Jul%202024.pdf,https://gaming.az.gov/blog-terms/event-wagering-revenue-reports,AZ/screenshots/AZ_2024_07_AZ_2024_07_p1.png,"Fan Duel $ 1,810,417.25 $ 1 25,838,564.18 $ 1 ,614,159.25 $ 1 11,702,629.55 $ 1 92,001.20 $ 1 3,832,556.85 $ 6 ,770.75 $ 4,487,445.91 $ 185,230.45 $ 9,345,110.94 $ 1 4,818.44 $ 9 34,511.09",,2026-04-08T18:26:22.375994
AZ,2024-07-01,2024-07-31,monthly,Golden Nugget Online Gaming,DraftKings (Golden Nugget),DraftKings,DraftKings Inc,retail,,0,0,0,0,0,0,0,0,,31,False,False,AZ_2024_07.pdf,,,,,,https://gaming.az.gov/sites/default/files/EW%20Website%20Report%20-%20Jul%202024.pdf,https://gaming.az.gov/blog-terms/event-wagering-revenue-reports,AZ/screenshots/AZ_2024_07_AZ_2024_07_p1.png,"Golden Nugget Online Gaming $ - $ 5 4,157.29 $ - $ 5 2,828.61 $ - $ 1 ,193.29 $ - $ - $ - $ 1,193.29 $ - $ 1 19.33",,2026-04-08T18:26:22.375994
AZ,2024-07-01,2024-07-31,monthly,Golden Nugget Online Gaming,DraftKings (Golden Nugget),DraftKings,DraftKings Inc,online,,5415729,119329,132868,0,119329,5282861,11933,13539,0.0220337834481747,31,False,False,AZ_2024_07.pdf,,,,,,https://gaming.az.gov/sites/default/files/EW%20Website%20Report%20-%20Jul%202024.pdf,https://gaming.az.gov/blog-terms/event-wagering-revenue-reports,AZ/screenshots/AZ_2024_07_AZ_2024_07_p1.png,"Golden Nugget Online Gaming $ - $ 5 4,157.29 $ - $ 5 2,828.61 $ - $ 1 ,193.29 $ - $ - $ - $ 1,193.29 $ - $ 1 19.33",,2026-04-08T18:26:22.375994
AZ,2024-07-01,2024-07-31,monthly,PENN / ESPN Bet,ESPN Bet,ESPN Bet,PENN Entertainment,retail,,0,0,0,0,0,0,0,0,,31,False,False,AZ_2024_07.pdf,,,,,,https://gaming.az.gov/sites/default/files/EW%20Website%20Report%20-%20Jul%202024.pdf,https://gaming.az.gov/blog-terms/event-wagering-revenue-reports,AZ/screenshots/AZ_2024_07_AZ_2024_07_p1.png,"PENN / ESPN Bet $ - $ 9 ,340,388.43 $ - $ 8 ,392,339.57 $ - $ 9 24,697.89 $ - $ 272,628.05 $ - $ 652,069.84 $ - $ 6 5,206.98",,2026-04-08T18:26:22.375994
AZ,2024-07-01,2024-07-31,monthly,PENN / ESPN Bet,ESPN Bet,ESPN Bet,PENN Entertainment,online,,934038843,92469789,94804886,27262805,65206984,839233957,6520698,2335097,0.0989999395560469,31,False,False,AZ_2024_07.pdf,,,,,,https://gaming.az.gov/sites/default/files/EW%20Website%20Report%20-%20Jul%202024.pdf,https://gaming.az.gov/blog-terms/event-wagering-revenue-reports,AZ/screenshots/AZ_2024_07_AZ_2024_07_p1.png,"PENN / ESPN Bet $ - $ 9 ,340,388.43 $ - $ 8 ,392,339.57 $ - $ 9 24,697.89 $ - $ 272,628.05 $ - $ 652,069.84 $ - $ 6 5,206.98",,2026-04-08T18:26:22.375994
AZ,2024-07-01,2024-07-31,monthly,RSI (Rush Street Interactive),BetRivers,BetRivers,Rush Street Interactive,retail,,0,0,0,0,0,0,0,0,,31,False,False,AZ_2024_07.pdf,,,,,,https://gaming.az.gov/sites/default/files/EW%20Website%20Report%20-%20Jul%202024.pdf,https://gaming.az.gov/blog-terms/event-wagering-revenue-reports,AZ/screenshots/AZ_2024_07_AZ_2024_07_p1.png,"RSI (Rush Street Interactive) $ - $ 4 ,199,808.45 $ - $ 3 ,974,605.20 $ - $ 2 14,703.73 $ - $ 81,309.32 $ - $ 133,394.41 $ - $ 1 3,339.44",,2026-04-08T18:26:22.375994
AZ,2024-07-01,2024-07-31,monthly,RSI (Rush Street Interactive),BetRivers,BetRivers,Rush Street Interactive,online,,419980845,21470373,22520325,8130932,13339441,397460520,1333944,1049952,0.0511222672548315,31,False,False,AZ_2024_07.pdf,,,,,,https://gaming.az.gov/sites/default/files/EW%20Website%20Report%20-%20Jul%202024.pdf,https://gaming.az.gov/blog-terms/event-wagering-revenue-reports,AZ/screenshots/AZ_2024_07_AZ_2024_07_p1.png,"RSI (Rush Street Interactive) $ - $ 4 ,199,808.45 $ - $ 3 ,974,605.20 $ - $ 2 14,703.73 $ - $ 81,309.32 $ - $ 133,394.41 $ - $ 1 3,339.44",,2026-04-08T18:26:22.375994
AZ,2024-07-01,2024-07-31,monthly,Sahara Bets,Sahara Bets,Sahara Bets,Sahara Bets,retail,,0,0,0,0,0,0,0,0,,31,False,False,AZ_2024_07.pdf,,,,,,https://gaming.az.gov/sites/default/files/EW%20Website%20Report%20-%20Jul%202024.pdf,https://gaming.az.gov/blog-terms/event-wagering-revenue-reports,AZ/screenshots/AZ_2024_07_AZ_2024_07_p1.png,"Sahara Bets $ - $ 8 0,633.13 $ - $ 7 9,641.04 $ - $ 7 90.51 $ - $ 218.42 $ - $ 572.09 $ - $ 5 7.21",,2026-04-08T18:26:22.375994
AZ,2024-07-01,2024-07-31,monthly,Sahara Bets,Sahara Bets,Sahara Bets,Sahara Bets,online,,8063313,79051,99209,21842,57209,7964104,5721,20158,0.0098037866073163,31,False,False,AZ_2024_07.pdf,,,,,,https://gaming.az.gov/sites/default/files/EW%20Website%20Report%20-%20Jul%202024.pdf,https://gaming.az.gov/blog-terms/event-wagering-revenue-reports,AZ/screenshots/AZ_2024_07_AZ_2024_07_p1.png,"Sahara Bets $ - $ 8 0,633.13 $ - $ 7 9,641.04 $ - $ 7 90.51 $ - $ 218.42 $ - $ 572.09 $ - $ 5 7.21",,2026-04-08T18:26:22.375994
AZ,2024-07-01,2024-07-31,monthly,"SBOpco, LLC (SuperBook)",SuperBook,SuperBook,SuperBook Sports,retail,,0,0,0,0,0,0,0,0,,31,False,False,AZ_2024_07.pdf,,,,,,https://gaming.az.gov/sites/default/files/EW%20Website%20Report%20-%20Jul%202024.pdf,https://gaming.az.gov/blog-terms/event-wagering-revenue-reports,AZ/screenshots/AZ_2024_07_AZ_2024_07_p1.png,"SBOpco, LLC (SuperBook) $ - $ 3 77,876.01 $ - $ 3 57,708.61 $ - $ 1 9,182.00 $ - $ 5,058.00 $ - $ 14,124.00 $ - $ 1 ,412.40",,2026-04-08T18:26:22.375994
AZ,2024-07-01,2024-07-31,monthly,"SBOpco, LLC (SuperBook)",SuperBook,SuperBook,SuperBook Sports,online,,37787601,1918200,2016740,505800,1412400,35770861,141240,98540,0.050762682711718,31,False,False,AZ_2024_07.pdf,,,,,,https://gaming.az.gov/sites/default/files/EW%20Website%20Report%20-%20Jul%202024.pdf,https://gaming.az.gov/blog-terms/event-wagering-revenue-reports,AZ/screenshots/AZ_2024_07_AZ_2024_07_p1.png,"SBOpco, LLC (SuperBook) $ - $ 3 77,876.01 $ - $ 3 57,708.61 $ - $ 1 9,182.00 $ - $ 5,058.00 $ - $ 14,124.00 $ - $ 1 ,412.40",,2026-04-08T18:26:22.375994
AZ,2024-07-01,2024-07-31,monthly,Seminole Hard Rock Digital,Hard Rock Bet,Hard Rock Bet,Seminole Tribe / Hard Rock Digital,retail,,0,0,0,0,0,0,0,0,,31,False,False,AZ_2024_07.pdf,,,,,,https://gaming.az.gov/sites/default/files/EW%20Website%20Report%20-%20Jul%202024.pdf,https://gaming.az.gov/blog-terms/event-wagering-revenue-reports,AZ/screenshots/AZ_2024_07_AZ_2024_07_p1.png,"Seminole Hard Rock Digital $ - $ 4 ,167,101.58 $ - $ 3 ,918,761.86 $ - $ 2 37,921.97 $ - $ 52,783.83 $ - $ 185,138.14 $ - $ 1 8,513.81",,2026-04-08T18:26:22.375994
AZ,2024-07-01,2024-07-31,monthly,Seminole Hard Rock Digital,Hard Rock Bet,Hard Rock Bet,Seminole Tribe / Hard Rock Digital,online,,416710158,23792197,24833972,5278383,18513814,391876186,1851381,1041775,0.0570953132368805,31,False,False,AZ_2024_07.pdf,,,,,,https://gaming.az.gov/sites/default/files/EW%20Website%20Report%20-%20Jul%202024.pdf,https://gaming.az.gov/blog-terms/event-wagering-revenue-reports,AZ/screenshots/AZ_2024_07_AZ_2024_07_p1.png,"Seminole Hard Rock Digital $ - $ 4 ,167,101.58 $ - $ 3 ,918,761.86 $ - $ 2 37,921.97 $ - $ 52,783.83 $ - $ 185,138.14 $ - $ 1 8,513.81",,2026-04-08T18:26:22.375994
AZ,2024-08-01,2024-08-31,monthly,"Bally Interactive, LLC",Bally Bet,Bally Bet,Bally's Corporation,retail,,0,0,0,0,0,0,0,0,,31,False,False,AZ_2024_08.pdf,,,,,,https://gaming.az.gov/sites/default/files/EW%20Website%20Report%20-%20Aug%202024-LEWOS%20zero.pdf,https://gaming.az.gov/blog-terms/event-wagering-revenue-reports,AZ/screenshots/AZ_2024_08_AZ_2024_08_p1.png,"Bally Interactive, LLC $ - $ 2 ,181,246.09 $ - $ 2,043,245.58 $ - $ 132,547.39 $ - $ 119,643.91 $ - $ 12,903.48 $ - $ 1,290.35",,2026-04-08T18:26:24.175284
AZ,2024-08-01,2024-08-31,monthly,"Bally Interactive, LLC",Bally Bet,Bally Bet,Bally's Corporation,online,,218124609,13254739,13800051,11964391,1290348,204324558,129035,545312,0.0607668206754241,31,False,False,AZ_2024_08.pdf,,,,,,https://gaming.az.gov/sites/default/files/EW%20Website%20Report%20-%20Aug%202024-LEWOS%20zero.pdf,https://gaming.az.gov/blog-terms/event-wagering-revenue-reports,AZ/screenshots/AZ_2024_08_AZ_2024_08_p1.png,"Bally Interactive, LLC $ - $ 2 ,181,246.09 $ - $ 2,043,245.58 $ - $ 132,547.39 $ - $ 119,643.91 $ - $ 12,903.48 $ - $ 1,290.35",,2026-04-08T18:26:24.175284
AZ,2024-08-01,2024-08-31,monthly,Bet365,bet365,bet365,bet365 Group,retail,,0,0,0,0,0,0,0,0,,31,False,False,AZ_2024_08.pdf,,,,,,https://gaming.az.gov/sites/default/files/EW%20Website%20Report%20-%20Aug%202024-LEWOS%20zero.pdf,https://gaming.az.gov/blog-terms/event-wagering-revenue-reports,AZ/screenshots/AZ_2024_08_AZ_2024_08_p1.png,"Bet365 $ - $ 22,478,232.17 $ - $ 20,763,457.57 $ - $ 1,665,346.72 $ - $ 933,228.58 $ - $ 732,118.14 $ - $ 7 3,211.81",,2026-04-08T18:26:24.175284
AZ,2024-08-01,2024-08-31,monthly,Bet365,bet365,bet365,bet365 Group,online,,2247823217,166534672,171477460,93322858,73211814,2076345757,7321181,4942788,0.0740870860041481,31,False,False,AZ_2024_08.pdf,,,,,,https://gaming.az.gov/sites/default/files/EW%20Website%20Report%20-%20Aug%202024-LEWOS%20zero.pdf,https://gaming.az.gov/blog-terms/event-wagering-revenue-reports,AZ/screenshots/AZ_2024_08_AZ_2024_08_p1.png,"Bet365 $ - $ 22,478,232.17 $ - $ 20,763,457.57 $ - $ 1,665,346.72 $ - $ 933,228.58 $ - $ 732,118.14 $ - $ 7 3,211.81",,2026-04-08T18:26:24.175284
AZ,2024-08-01,2024-08-31,monthly,BetFred,Betfred,Betfred,Betfred Group,retail,,0,0,0,0,0,0,0,0,,31,False,False,AZ_2024_08.pdf,,,,,,https://gaming.az.gov/sites/default/files/EW%20Website%20Report%20-%20Aug%202024-LEWOS%20zero.pdf,https://gaming.az.gov/blog-terms/event-wagering-revenue-reports,AZ/screenshots/AZ_2024_08_AZ_2024_08_p1.png,"BetFred $ - $ 1 ,797,420.28 $ - $ 1,696,387.07 $ - $ 96,539.66 $ - $ 31,595.72 $ - $ 64,943.94 $ - $ 6,494.39",,2026-04-08T18:26:24.175284
AZ,2024-08-01,2024-08-31,monthly,BetFred,Betfred,Betfred,Betfred Group,online,,179742028,9653966,10103321,3159572,6494394,169638707,649439,449355,0.053710120595724,31,False,False,AZ_2024_08.pdf,,,,,,https://gaming.az.gov/sites/default/files/EW%20Website%20Report%20-%20Aug%202024-LEWOS%20zero.pdf,https://gaming.az.gov/blog-terms/event-wagering-revenue-reports,AZ/screenshots/AZ_2024_08_AZ_2024_08_p1.png,"BetFred $ - $ 1 ,797,420.28 $ - $ 1,696,387.07 $ - $ 96,539.66 $ - $ 31,595.72 $ - $ 64,943.94 $ - $ 6,494.39",,2026-04-08T18:26:24.175284
AZ,2024-08-01,2024-08-31,monthly,BetMGM,BetMGM,BetMGM,Entain/MGM Resorts,retail,,47881465,4408471,4528175,0,4408471,43353290,352678,119704,0.092070512044692,31,False,False,AZ_2024_08.pdf,,,,,,https://gaming.az.gov/sites/default/files/EW%20Website%20Report%20-%20Aug%202024-LEWOS%20zero.pdf,https://gaming.az.gov/blog-terms/event-wagering-revenue-reports,AZ/screenshots/AZ_2024_08_AZ_2024_08_p1.png,"BetMGM $ 478,814.65 $ 56,817,964.27 $ 433,532.90 $ 53,760,656.10 $ 44,084.71 $ 2,919,689.07 $ - $ 1,904,605.04 $ 44,084.71 $ 1,015,084.03 $ 3,526.78 $ 101,508.40",,2026-04-08T18:26:24.175284
AZ,2024-08-01,2024-08-31,monthly,BetMGM,BetMGM,BetMGM,Entain/MGM Resorts,online,,5681796427,291968907,305730817,190460504,101508403,5376065610,10150840,13761910,0.0513867243839568,31,False,False,AZ_2024_08.pdf,,,,,,https://gaming.az.gov/sites/default/files/EW%20Website%20Report%20-%20Aug%202024-LEWOS%20zero.pdf,https://gaming.az.gov/blog-terms/event-wagering-revenue-reports,AZ/screenshots/AZ_2024_08_AZ_2024_08_p1.png,"BetMGM $ 478,814.65 $ 56,817,964.27 $ 433,532.90 $ 53,760,656.10 $ 44,084.71 $ 2,919,689.07 $ - $ 1,904,605.04 $ 44,084.71 $ 1,015,084.03 $ 3,526.78 $ 101,508.40",,2026-04-08T18:26:24.175284
AZ,2024-08-01,2024-08-31,monthly,Caesars (American Wagering),Caesars,Caesars,Caesars Entertainment,retail,,60286440,4448163,4591020,0,4448163,55695420,355853,142857,0.0737838061096326,31,False,False,AZ_2024_08.pdf,,,,,,https://gaming.az.gov/sites/default/files/EW%20Website%20Report%20-%20Aug%202024-LEWOS%20zero.pdf,https://gaming.az.gov/blog-terms/event-wagering-revenue-reports,AZ/screenshots/AZ_2024_08_AZ_2024_08_p1.png,"Caesars (American Wagering) $ 602,864.40 $ 28,105,977.48 $ 556,954.20 $ 26,277,086.14 $ 44,481.63 $ 1,760,944.04 $ - $ 561,800.62 $ 44,481.63 $ 1,199,143.42 $ 3,558.53 $ 119,914.34",,2026-04-08T18:26:24.175284
AZ,2024-08-01,2024-08-31,monthly,Caesars (American Wagering),Caesars,Caesars,Caesars Entertainment,online,,2810597748,176094404,182889134,56180062,119914342,2627708614,11991434,6794730,0.0626537198805156,31,False,False,AZ_2024_08.pdf,,,,,,https://gaming.az.gov/sites/default/files/EW%20Website%20Report%20-%20Aug%202024-LEWOS%20zero.pdf,https://gaming.az.gov/blog-terms/event-wagering-revenue-reports,AZ/screenshots/AZ_2024_08_AZ_2024_08_p1.png,"Caesars (American Wagering) $ 602,864.40 $ 28,105,977.48 $ 556,954.20 $ 26,277,086.14 $ 44,481.63 $ 1,760,944.04 $ - $ 561,800.62 $ 44,481.63 $ 1,199,143.42 $ 3,558.53 $ 119,914.34",,2026-04-08T18:26:24.175284
AZ,2024-08-01,2024-08-31,monthly,Desert Diamond Mobile,Desert Diamond,Desert Diamond,Tohono O'odham Nation,retail,,0,0,0,0,0,0,0,0,,31,False,False,AZ_2024_08.pdf,,,,,,https://gaming.az.gov/sites/default/files/EW%20Website%20Report%20-%20Aug%202024-LEWOS%20zero.pdf,https://gaming.az.gov/blog-terms/event-wagering-revenue-reports,AZ/screenshots/AZ_2024_08_AZ_2024_08_p1.png,"Desert Diamond Mobile $ - $ 3 ,506,218.50 $ - $ 3,215,952.93 $ - $ 282,142.15 $ - $ 256,799.02 $ - $ 25,343.13 $ - $ 2,534.31",,2026-04-08T18:26:24.175284
AZ,2024-08-01,2024-08-31,monthly,Desert Diamond Mobile,Desert Diamond,Desert Diamond,Tohono O'odham Nation,online,,350621850,28214215,29026557,25679902,2534313,321595293,253431,812342,0.0804690723068171,31,False,False,AZ_2024_08.pdf,,,,,,https://gaming.az.gov/sites/default/files/EW%20Website%20Report%20-%20Aug%202024-LEWOS%20zero.pdf,https://gaming.az.gov/blog-terms/event-wagering-revenue-reports,AZ/screenshots/AZ_2024_08_AZ_2024_08_p1.png,"Desert Diamond Mobile $ - $ 3 ,506,218.50 $ - $ 3,215,952.93 $ - $ 282,142.15 $ - $ 256,799.02 $ - $ 25,343.13 $ - $ 2,534.31",,2026-04-08T18:26:24.175284
AZ,2024-08-01,2024-08-31,monthly,Digital Gaming USA (Betway),Betway,Betway,Digital Gaming USA,retail,,0,0,0,0,0,0,0,0,,31,False,False,AZ_2024_08.pdf,,,,,,https://gaming.az.gov/sites/default/files/EW%20Website%20Report%20-%20Aug%202024-LEWOS%20zero.pdf,https://gaming.az.gov/blog-terms/event-wagering-revenue-reports,AZ/screenshots/AZ_2024_08_AZ_2024_08_p1.png,"Digital Gaming USA (Betway) $ - $ 28,635.35 $ - $ 31,036.75 $ - $ - $ - $ - $ - $ - $ - $ -",,2026-04-08T18:26:24.175284
AZ,2024-08-01,2024-08-31,monthly,Digital Gaming USA (Betway),Betway,Betway,Digital Gaming USA,online,,2863535,0,-240140,0,0,3103675,0,-240140,0.0,31,False,False,AZ_2024_08.pdf,,,,,,https://gaming.az.gov/sites/default/files/EW%20Website%20Report%20-%20Aug%202024-LEWOS%20zero.pdf,https://gaming.az.gov/blog-terms/event-wagering-revenue-reports,AZ/screenshots/AZ_2024_08_AZ_2024_08_p1.png,"Digital Gaming USA (Betway) $ - $ 28,635.35 $ - $ 31,036.75 $ - $ - $ - $ - $ - $ - $ - $ -",,2026-04-08T18:26:24.175284
AZ,2024-08-01,2024-08-31,monthly,Draft Kings/Crown Gaming,DraftKings,DraftKings,DraftKings Inc,retail,,545776767,0,-145203066,0,0,690979833,0,-145203066,0.0,31,False,False,AZ_2024_08.pdf,,,,,,https://gaming.az.gov/sites/default/files/EW%20Website%20Report%20-%20Aug%202024-LEWOS%20zero.pdf,https://gaming.az.gov/blog-terms/event-wagering-revenue-reports,AZ/screenshots/AZ_2024_08_AZ_2024_08_p1.png,"Draft Kings/Crown Gaming $ 5,457,767.67 $ 170,287,122.72 $ 6,909,798.33 $ 156,678,780.19 $ - $ 13,194,276.74 $ - $ 4,724,497.27 $ - $ 8,469,779.47 $ - $ 846,977.95",,2026-04-08T18:26:24.175284
AZ,2024-08-01,2024-08-31,monthly,Draft Kings/Crown Gaming,DraftKings,DraftKings,DraftKings Inc,online,,17028712272,1319427674,1360834253,472449727,846977947,15667878019,84697795,41406579,0.0774825279166593,31,False,False,AZ_2024_08.pdf,,,,,,https://gaming.az.gov/sites/default/files/EW%20Website%20Report%20-%20Aug%202024-LEWOS%20zero.pdf,https://gaming.az.gov/blog-terms/event-wagering-revenue-reports,AZ/screenshots/AZ_2024_08_AZ_2024_08_p1.png,"Draft Kings/Crown Gaming $ 5,457,767.67 $ 170,287,122.72 $ 6,909,798.33 $ 156,678,780.19 $ - $ 13,194,276.74 $ - $ 4,724,497.27 $ - $ 8,469,779.47 $ - $ 846,977.95",,2026-04-08T18:26:24.175284
AZ,2024-08-01,2024-08-31,monthly,Fanatics Sports Book,Fanatics,Fanatics,Fanatics Inc,retail,,0,0,0,0,0,0,0,0,,31,False,False,AZ_2024_08.pdf,,,,,,https://gaming.az.gov/sites/default/files/EW%20Website%20Report%20-%20Aug%202024-LEWOS%20zero.pdf,https://gaming.az.gov/blog-terms/event-wagering-revenue-reports,AZ/screenshots/AZ_2024_08_AZ_2024_08_p1.png,"Fanatics Sports Book $ - $ 19,961,497.55 $ - $ 18,293,325.07 $ - $ 1,621,337.91 $ - $ 1,613,770.46 $ - $ 7,567.45 $ - $ 756.75",,2026-04-08T18:26:24.175284
AZ,2024-08-01,2024-08-31,monthly,Fanatics Sports Book,Fanatics,Fanatics,Fanatics Inc,online,,1996149755,162133791,166817248,161377046,756745,1829332507,75675,4683457,0.081223260225784,31,False,False,AZ_2024_08.pdf,,,,,,https://gaming.az.gov/sites/default/files/EW%20Website%20Report%20-%20Aug%202024-LEWOS%20zero.pdf,https://gaming.az.gov/blog-terms/event-wagering-revenue-reports,AZ/screenshots/AZ_2024_08_AZ_2024_08_p1.png,"Fanatics Sports Book $ - $ 19,961,497.55 $ - $ 18,293,325.07 $ - $ 1,621,337.91 $ - $ 1,613,770.46 $ - $ 7,567.45 $ - $ 756.75",,2026-04-08T18:26:24.175284
AZ,2024-08-01,2024-08-31,monthly,Fan Duel,FanDuel,FanDuel,Flutter Entertainment,retail,,1622384400,12204199,16245544,50000,12154199,1606138856,972336,4041345,0.0075223843375219,31,False,False,AZ_2024_08.pdf,,,,,,https://gaming.az.gov/sites/default/files/EW%20Website%20Report%20-%20Aug%202024-LEWOS%20zero.pdf,https://gaming.az.gov/blog-terms/event-wagering-revenue-reports,AZ/screenshots/AZ_2024_08_AZ_2024_08_p1.png,"Fan Duel $ 16,223,844.00 $ 145,825,583.07 $ 16,061,388.56 $ 131,621,588.91 $ 122,041.99 $ 13,849,933.99 $ 500.00 $ 4,201,505.90 $ 121,541.99 $ 9,648,428.09 $ 9,723.36 $ 964,842.81",,2026-04-08T18:26:24.175284
AZ,2024-08-01,2024-08-31,monthly,Fan Duel,FanDuel,FanDuel,Flutter Entertainment,online,,14582558307,1384993399,1420399416,420150590,964842809,13162158891,96484281,35406017,0.0949760234001716,31,False,False,AZ_2024_08.pdf,,,,,,https://gaming.az.gov/sites/default/files/EW%20Website%20Report%20-%20Aug%202024-LEWOS%20zero.pdf,https://gaming.az.gov/blog-terms/event-wagering-revenue-reports,AZ/screenshots/AZ_2024_08_AZ_2024_08_p1.png,"Fan Duel $ 16,223,844.00 $ 145,825,583.07 $ 16,061,388.56 $ 131,621,588.91 $ 122,041.99 $ 13,849,933.99 $ 500.00 $ 4,201,505.90 $ 121,541.99 $ 9,648,428.09 $ 9,723.36 $ 964,842.81",,2026-04-08T18:26:24.175284
AZ,2024-08-01,2024-08-31,monthly,Golden Nugget Online Gaming,DraftKings (Golden Nugget),DraftKings,DraftKings Inc,retail,,0,0,0,0,0,0,0,0,,31,False,False,AZ_2024_08.pdf,,,,,,https://gaming.az.gov/sites/default/files/EW%20Website%20Report%20-%20Aug%202024-LEWOS%20zero.pdf,https://gaming.az.gov/blog-terms/event-wagering-revenue-reports,AZ/screenshots/AZ_2024_08_AZ_2024_08_p1.png,"Golden Nugget Online Gaming $ - $ 63,991.83 $ - $ 68,818.71 $ - $ - $ - $ - $ - $ - $ - $ -",,2026-04-08T18:26:24.175284
AZ,2024-08-01,2024-08-31,monthly,Golden Nugget Online Gaming,DraftKings (Golden Nugget),DraftKings,DraftKings Inc,online,,6399183,0,-482688,0,0,6881871,0,-482688,0.0,31,False,False,AZ_2024_08.pdf,,,,,,https://gaming.az.gov/sites/default/files/EW%20Website%20Report%20-%20Aug%202024-LEWOS%20zero.pdf,https://gaming.az.gov/blog-terms/event-wagering-revenue-reports,AZ/screenshots/AZ_2024_08_AZ_2024_08_p1.png,"Golden Nugget Online Gaming $ - $ 63,991.83 $ - $ 68,818.71 $ - $ - $ - $ - $ - $ - $ - $ -",,2026-04-08T18:26:24.175284
AZ,2024-08-01,2024-08-31,monthly,PENN / ESPN Bet,ESPN Bet,ESPN Bet,PENN Entertainment,retail,,0,0,0,0,0,0,0,0,,31,False,False,AZ_2024_08.pdf,,,,,,https://gaming.az.gov/sites/default/files/EW%20Website%20Report%20-%20Aug%202024-LEWOS%20zero.pdf,https://gaming.az.gov/blog-terms/event-wagering-revenue-reports,AZ/screenshots/AZ_2024_08_AZ_2024_08_p1.png,"PENN / ESPN Bet $ - $ 11,617,106.81 $ - $ 10,813,121.22 $ - $ 774,942.82 $ - $ 313,394.12 $ - $ 461,548.70 $ - $ 4 6,154.87",,2026-04-08T18:26:24.175284
AZ,2024-08-01,2024-08-31,monthly,PENN / ESPN Bet,ESPN Bet,ESPN Bet,PENN Entertainment,online,,1161710681,77494282,80398559,31339412,46154870,1081312122,4615487,2904277,0.0667070409762377,31,False,False,AZ_2024_08.pdf,,,,,,https://gaming.az.gov/sites/default/files/EW%20Website%20Report%20-%20Aug%202024-LEWOS%20zero.pdf,https://gaming.az.gov/blog-terms/event-wagering-revenue-reports,AZ/screenshots/AZ_2024_08_AZ_2024_08_p1.png,"PENN / ESPN Bet $ - $ 11,617,106.81 $ - $ 10,813,121.22 $ - $ 774,942.82 $ - $ 313,394.12 $ - $ 461,548.70 $ - $ 4 6,154.87",,2026-04-08T18:26:24.175284
AZ,2024-08-01,2024-08-31,monthly,RSI (Rush Street Interactive),BetRivers,BetRivers,Rush Street Interactive,retail,,0,0,0,0,0,0,0,0,,31,False,False,AZ_2024_08.pdf,,,,,,https://gaming.az.gov/sites/default/files/EW%20Website%20Report%20-%20Aug%202024-LEWOS%20zero.pdf,https://gaming.az.gov/blog-terms/event-wagering-revenue-reports,AZ/screenshots/AZ_2024_08_AZ_2024_08_p1.png,"RSI (Rush Street Interactive) $ - $ 5 ,041,515.41 $ - $ 4,586,917.30 $ - $ 441,994.32 $ - $ 66,954.15 $ - $ 375,040.17 $ - $ 3 7,504.02",,2026-04-08T18:26:24.175284
AZ,2024-08-01,2024-08-31,monthly,RSI (Rush Street Interactive),BetRivers,BetRivers,Rush Street Interactive,online,,504151541,44199432,45459811,6695415,37504017,458691730,3750402,1260379,0.0876709251197151,31,False,False,AZ_2024_08.pdf,,,,,,https://gaming.az.gov/sites/default/files/EW%20Website%20Report%20-%20Aug%202024-LEWOS%20zero.pdf,https://gaming.az.gov/blog-terms/event-wagering-revenue-reports,AZ/screenshots/AZ_2024_08_AZ_2024_08_p1.png,"RSI (Rush Street Interactive) $ - $ 5 ,041,515.41 $ - $ 4,586,917.30 $ - $ 441,994.32 $ - $ 66,954.15 $ - $ 375,040.17 $ - $ 3 7,504.02",,2026-04-08T18:26:24.175284
AZ,2024-08-01,2024-08-31,monthly,"SBOpco, LLC (SuperBook)",SuperBook,SuperBook,SuperBook Sports,retail,,0,0,0,0,0,0,0,0,,31,False,False,AZ_2024_08.pdf,,,,,,https://gaming.az.gov/sites/default/files/EW%20Website%20Report%20-%20Aug%202024-LEWOS%20zero.pdf,https://gaming.az.gov/blog-terms/event-wagering-revenue-reports,AZ/screenshots/AZ_2024_08_AZ_2024_08_p1.png,"SBOpco, LLC (SuperBook) $ - $ 11,540.00 $ - $ 22,073.96 $ - $ - $ - $ - $ - $ - $ - $ -",,2026-04-08T18:26:24.175284
AZ,2024-08-01,2024-08-31,monthly,"SBOpco, LLC (SuperBook)",SuperBook,SuperBook,SuperBook Sports,online,,1154000,0,-1053396,0,0,2207396,0,-1053396,0.0,31,False,False,AZ_2024_08.pdf,,,,,,https://gaming.az.gov/sites/default/files/EW%20Website%20Report%20-%20Aug%202024-LEWOS%20zero.pdf,https://gaming.az.gov/blog-terms/event-wagering-revenue-reports,AZ/screenshots/AZ_2024_08_AZ_2024_08_p1.png,"SBOpco, LLC (SuperBook) $ - $ 11,540.00 $ - $ 22,073.96 $ - $ - $ - $ - $ - $ - $ - $ -",,2026-04-08T18:26:24.175284
AZ,2024-08-01,2024-08-31,monthly,Seminole Hard Rock Digital,Hard Rock Bet,Hard Rock Bet,Seminole Tribe / Hard Rock Digital,retail,,0,0,0,0,0,0,0,0,,31,False,False,AZ_2024_08.pdf,,,,,,https://gaming.az.gov/sites/default/files/EW%20Website%20Report%20-%20Aug%202024-LEWOS%20zero.pdf,https://gaming.az.gov/blog-terms/event-wagering-revenue-reports,AZ/screenshots/AZ_2024_08_AZ_2024_08_p1.png,"Seminole Hard Rock Digital $ - $ 6 ,115,219.38 $ - $ 5,697,155.53 $ - $ 402,775.80 $ - $ 184,952.90 $ - $ 217,822.90 $ - $ 2 1,782.29",,2026-04-08T18:26:24.175284
AZ,2024-08-01,2024-08-31,monthly,Seminole Hard Rock Digital,Hard Rock Bet,Hard Rock Bet,Seminole Tribe / Hard Rock Digital,online,,611521938,40277580,41806385,18495290,21782290,569715553,2178229,1528805,0.0658644890676023,31,False,False,AZ_2024_08.pdf,,,,,,https://gaming.az.gov/sites/default/files/EW%20Website%20Report%20-%20Aug%202024-LEWOS%20zero.pdf,https://gaming.az.gov/blog-terms/event-wagering-revenue-reports,AZ/screenshots/AZ_2024_08_AZ_2024_08_p1.png,"Seminole Hard Rock Digital $ - $ 6 ,115,219.38 $ - $ 5,697,155.53 $ - $ 402,775.80 $ - $ 184,952.90 $ - $ 217,822.90 $ - $ 2 1,782.29",,2026-04-08T18:26:24.175284
AZ,2024-09-01,2024-09-30,monthly,"Bally Interactive, LLC",Bally Bet,Bally Bet,Bally's Corporation,retail,,0,0,0,0,0,0,0,0,,30,False,False,AZ_2024_09.pdf,,,,,,https://gaming.az.gov/sites/default/files/EW%20Website%20Report-Sep%202024.pdf,https://gaming.az.gov/blog-terms/event-wagering-revenue-reports,AZ/screenshots/AZ_2024_09_AZ_2024_09_p1.png,"Bally Interactive, LLC $ - $ 4,414,062.75 $ - $ 4,146,301.61 $ - $ 256,725.98 $ - $ 256,725.98 $ - $ - $ - $ -",,2026-04-08T18:26:24.824366
AZ,2024-09-01,2024-09-30,monthly,"Bally Interactive, LLC",Bally Bet,Bally Bet,Bally's Corporation,online,,441406275,25672598,26776114,25672598,0,414630161,0,1103516,0.0581609266882307,30,False,False,AZ_2024_09.pdf,,,,,,https://gaming.az.gov/sites/default/files/EW%20Website%20Report-Sep%202024.pdf,https://gaming.az.gov/blog-terms/event-wagering-revenue-reports,AZ/screenshots/AZ_2024_09_AZ_2024_09_p1.png,"Bally Interactive, LLC $ - $ 4,414,062.75 $ - $ 4,146,301.61 $ - $ 256,725.98 $ - $ 256,725.98 $ - $ - $ - $ -",,2026-04-08T18:26:24.824366
AZ,2024-09-01,2024-09-30,monthly,Bet365,bet365,bet365,bet365 Group,retail,,0,0,0,0,0,0,0,0,,30,False,False,AZ_2024_09.pdf,,,,,,https://gaming.az.gov/sites/default/files/EW%20Website%20Report-Sep%202024.pdf,https://gaming.az.gov/blog-terms/event-wagering-revenue-reports,AZ/screenshots/AZ_2024_09_AZ_2024_09_p1.png,"Bet365 $ - $ 28,717,928.97 $ - $ 25,217,756.41 $ - $ 3,444,756.94 $ - $ 3,444,756.94 $ - $ - $ - $ -",,2026-04-08T18:26:24.824366
AZ,2024-09-01,2024-09-30,monthly,Bet365,bet365,bet365,bet365 Group,online,,2871792897,344475694,350017256,344475694,0,2521775641,0,5541562,0.1199514402169649,30,False,False,AZ_2024_09.pdf,,,,,,https://gaming.az.gov/sites/default/files/EW%20Website%20Report-Sep%202024.pdf,https://gaming.az.gov/blog-terms/event-wagering-revenue-reports,AZ/screenshots/AZ_2024_09_AZ_2024_09_p1.png,"Bet365 $ - $ 28,717,928.97 $ - $ 25,217,756.41 $ - $ 3,444,756.94 $ - $ 3,444,756.94 $ - $ - $ - $ -",,2026-04-08T18:26:24.824366
AZ,2024-09-01,2024-09-30,monthly,BetFred,Betfred,Betfred,Betfred Group,retail,,0,0,0,0,0,0,0,0,,30,False,False,AZ_2024_09.pdf,,,,,,https://gaming.az.gov/sites/default/files/EW%20Website%20Report-Sep%202024.pdf,https://gaming.az.gov/blog-terms/event-wagering-revenue-reports,AZ/screenshots/AZ_2024_09_AZ_2024_09_p1.png,"BetFred $ - $ 2,318,808.49 $ - $ 2,262,884.41 $ - $ 50,127.06 $ - $ 35,571.00 $ - $ 14,556.06 $ - $ 1,455.61",,2026-04-08T18:26:24.824366
AZ,2024-09-01,2024-09-30,monthly,BetFred,Betfred,Betfred,Betfred Group,online,,231880849,5012706,5592408,3557100,1455606,226288441,145561,579702,0.0216175937841248,30,False,False,AZ_2024_09.pdf,,,,,,https://gaming.az.gov/sites/default/files/EW%20Website%20Report-Sep%202024.pdf,https://gaming.az.gov/blog-terms/event-wagering-revenue-reports,AZ/screenshots/AZ_2024_09_AZ_2024_09_p1.png,"BetFred $ - $ 2,318,808.49 $ - $ 2,262,884.41 $ - $ 50,127.06 $ - $ 35,571.00 $ - $ 14,556.06 $ - $ 1,455.61",,2026-04-08T18:26:24.824366
AZ,2024-09-01,2024-09-30,monthly,BetMGM,BetMGM,BetMGM,Entain/MGM Resorts,retail,,86274260,18536339,18752025,215000,18321339,67522235,1465707,215686,0.214853642326228,30,False,False,AZ_2024_09.pdf,,,,,,https://gaming.az.gov/sites/default/files/EW%20Website%20Report-Sep%202024.pdf,https://gaming.az.gov/blog-terms/event-wagering-revenue-reports,AZ/screenshots/AZ_2024_09_AZ_2024_09_p1.png,"BetMGM $ 862,742.60 $ 85,746,183.83 $ 675,222.35 $ 76,774,152.44 $ 1 85,363.39 $ 8,766,494.26 $ 2 ,150.00 $ 4,045,833.65 $ 183,213.39 $ 4,720,660.61 $ 1 4,657.07 $ 472,066.06",,2026-04-08T18:26:24.824366
AZ,2024-09-01,2024-09-30,monthly,BetMGM,BetMGM,BetMGM,Entain/MGM Resorts,online,,8574618383,876649426,897203139,404583365,472066061,7677415244,47206606,20553713,0.1022377191430514,30,False,False,AZ_2024_09.pdf,,,,,,https://gaming.az.gov/sites/default/files/EW%20Website%20Report-Sep%202024.pdf,https://gaming.az.gov/blog-terms/event-wagering-revenue-reports,AZ/screenshots/AZ_2024_09_AZ_2024_09_p1.png,"BetMGM $ 862,742.60 $ 85,746,183.83 $ 675,222.35 $ 76,774,152.44 $ 1 85,363.39 $ 8,766,494.26 $ 2 ,150.00 $ 4,045,833.65 $ 183,213.39 $ 4,720,660.61 $ 1 4,657.07 $ 472,066.06",,2026-04-08T18:26:24.824366
AZ,2024-09-01,2024-09-30,monthly,Caesars (American Wagering),Caesars,Caesars,Caesars Entertainment,retail,,95447974,13074472,13306579,0,13074472,82141395,1045958,232107,0.1369800892787939,30,False,False,AZ_2024_09.pdf,,,,,,https://gaming.az.gov/sites/default/files/EW%20Website%20Report-Sep%202024.pdf,https://gaming.az.gov/blog-terms/event-wagering-revenue-reports,AZ/screenshots/AZ_2024_09_AZ_2024_09_p1.png,"Caesars (American Wagering) $ 954,479.74 $ 38,608,048.19 $ 821,413.95 $ 35,036,453.25 $ 1 30,744.72 $ 3,477,401.83 $ - $ 1,153,128.80 $ 130,744.72 $ 2,324,273.03 $ 1 0,459.58 $ 232,427.30",,2026-04-08T18:26:24.824366
AZ,2024-09-01,2024-09-30,monthly,Caesars (American Wagering),Caesars,Caesars,Caesars Entertainment,online,,3860804819,347740183,357159494,115312880,232427303,3503645325,23242730,9419311,0.0900693506412658,30,False,False,AZ_2024_09.pdf,,,,,,https://gaming.az.gov/sites/default/files/EW%20Website%20Report-Sep%202024.pdf,https://gaming.az.gov/blog-terms/event-wagering-revenue-reports,AZ/screenshots/AZ_2024_09_AZ_2024_09_p1.png,"Caesars (American Wagering) $ 954,479.74 $ 38,608,048.19 $ 821,413.95 $ 35,036,453.25 $ 1 30,744.72 $ 3,477,401.83 $ - $ 1,153,128.80 $ 130,744.72 $ 2,324,273.03 $ 1 0,459.58 $ 232,427.30",,2026-04-08T18:26:24.824366
AZ,2024-09-01,2024-09-30,monthly,Desert Diamond Mobile,Desert Diamond,Desert Diamond,Tohono O'odham Nation,retail,,0,0,0,0,0,0,0,0,,30,False,False,AZ_2024_09.pdf,,,,,,https://gaming.az.gov/sites/default/files/EW%20Website%20Report-Sep%202024.pdf,https://gaming.az.gov/blog-terms/event-wagering-revenue-reports,AZ/screenshots/AZ_2024_09_AZ_2024_09_p1.png,"Desert Diamond Mobile $ - $ 4,637,035.54 $ - $ 4,272,602.67 $ - $ 353,828.83 $ - $ 353,828.83 $ - $ - $ - $ -",,2026-04-08T18:26:24.824366
AZ,2024-09-01,2024-09-30,monthly,Desert Diamond Mobile,Desert Diamond,Desert Diamond,Tohono O'odham Nation,online,,463703554,35382883,36443287,35382883,0,427260267,0,1060404,0.0763049640115546,30,False,False,AZ_2024_09.pdf,,,,,,https://gaming.az.gov/sites/default/files/EW%20Website%20Report-Sep%202024.pdf,https://gaming.az.gov/blog-terms/event-wagering-revenue-reports,AZ/screenshots/AZ_2024_09_AZ_2024_09_p1.png,"Desert Diamond Mobile $ - $ 4,637,035.54 $ - $ 4,272,602.67 $ - $ 353,828.83 $ - $ 353,828.83 $ - $ - $ - $ -",,2026-04-08T18:26:24.824366
AZ,2024-09-01,2024-09-30,monthly,Draft Kings/Crown Gaming,DraftKings,DraftKings,DraftKings Inc,retail,,345127570,2650332,3515420,0,2650332,341612150,212027,865088,0.0076792821854249,30,False,False,AZ_2024_09.pdf,,,,,,https://gaming.az.gov/sites/default/files/EW%20Website%20Report-Sep%202024.pdf,https://gaming.az.gov/blog-terms/event-wagering-revenue-reports,AZ/screenshots/AZ_2024_09_AZ_2024_09_p1.png,"Draft Kings/Crown Gaming $ 3,451,275.70 $ 260,370,031.41 $ 3,416,121.50 $ 233,226,466.73 $ 2 6,503.32 $ 26,525,837.68 $ - $ 13,531,274.70 $ 26,503.32 $ 12,994,562.98 $ 2 ,120.27 $ 1,299,456.30",,2026-04-08T18:26:24.824366
AZ,2024-09-01,2024-09-30,monthly,Draft Kings/Crown Gaming,DraftKings,DraftKings,DraftKings Inc,online,,26037003141,2652583768,2714356468,1353127470,1299456298,23322646673,129945630,61772700,0.1018774608442944,30,False,False,AZ_2024_09.pdf,,,,,,https://gaming.az.gov/sites/default/files/EW%20Website%20Report-Sep%202024.pdf,https://gaming.az.gov/blog-terms/event-wagering-revenue-reports,AZ/screenshots/AZ_2024_09_AZ_2024_09_p1.png,"Draft Kings/Crown Gaming $ 3,451,275.70 $ 260,370,031.41 $ 3,416,121.50 $ 233,226,466.73 $ 2 6,503.32 $ 26,525,837.68 $ - $ 13,531,274.70 $ 26,503.32 $ 12,994,562.98 $ 2 ,120.27 $ 1,299,456.30",,2026-04-08T18:26:24.824366
AZ,2024-09-01,2024-09-30,monthly,Fanatics Sports Book,Fanatics,Fanatics,Fanatics Inc,retail,,0,0,0,0,0,0,0,0,,30,False,False,AZ_2024_09.pdf,,,,,,https://gaming.az.gov/sites/default/files/EW%20Website%20Report-Sep%202024.pdf,https://gaming.az.gov/blog-terms/event-wagering-revenue-reports,AZ/screenshots/AZ_2024_09_AZ_2024_09_p1.png,"Fanatics Sports Book $ - $ 34,914,297.28 $ - $ 31,083,645.99 $ - $ 3,750,728.06 $ - $ 2,945,006.75 $ - $ 805,721.31 $ - $ 80,572.13",,2026-04-08T18:26:24.824366
AZ,2024-09-01,2024-09-30,monthly,Fanatics Sports Book,Fanatics,Fanatics,Fanatics Inc,online,,3491429728,375072806,383065129,294500675,80572131,3108364599,8057213,7992323,0.1074267091764878,30,False,False,AZ_2024_09.pdf,,,,,,https://gaming.az.gov/sites/default/files/EW%20Website%20Report-Sep%202024.pdf,https://gaming.az.gov/blog-terms/event-wagering-revenue-reports,AZ/screenshots/AZ_2024_09_AZ_2024_09_p1.png,"Fanatics Sports Book $ - $ 34,914,297.28 $ - $ 31,083,645.99 $ - $ 3,750,728.06 $ - $ 2,945,006.75 $ - $ 805,721.31 $ - $ 80,572.13",,2026-04-08T18:26:24.824366
AZ,2024-09-01,2024-09-30,monthly,Fan Duel,FanDuel,FanDuel,Flutter Entertainment,retail,,720344450,0,-266099500,0,0,986443950,0,-266099500,0.0,30,False,False,AZ_2024_09.pdf,,,,,,https://gaming.az.gov/sites/default/files/EW%20Website%20Report-Sep%202024.pdf,https://gaming.az.gov/blog-terms/event-wagering-revenue-reports,AZ/screenshots/AZ_2024_09_AZ_2024_09_p1.png,"Fan Duel $ 7,203,444.50 $ 224,327,741.74 $ 9,864,439.50 $ 196,442,712.15 $ - $ 27,350,972.92 $ - $ 10,705,076.26 $ - $ 16,645,896.66 $ - $ 1,664,589.67",,2026-04-08T18:26:24.824366
AZ,2024-09-01,2024-09-30,monthly,Fan Duel,FanDuel,FanDuel,Flutter Entertainment,online,,22432774174,2735097292,2788502959,1070507626,1664589666,19644271215,166458967,53405667,0.121924166435466,30,False,False,AZ_2024_09.pdf,,,,,,https://gaming.az.gov/sites/default/files/EW%20Website%20Report-Sep%202024.pdf,https://gaming.az.gov/blog-terms/event-wagering-revenue-reports,AZ/screenshots/AZ_2024_09_AZ_2024_09_p1.png,"Fan Duel $ 7,203,444.50 $ 224,327,741.74 $ 9,864,439.50 $ 196,442,712.15 $ - $ 27,350,972.92 $ - $ 10,705,076.26 $ - $ 16,645,896.66 $ - $ 1,664,589.67",,2026-04-08T18:26:24.824366
AZ,2024-09-01,2024-09-30,monthly,Golden Nugget Online Gaming,DraftKings (Golden Nugget),DraftKings,DraftKings Inc,retail,,0,0,0,0,0,0,0,0,,30,False,False,AZ_2024_09.pdf,,,,,,https://gaming.az.gov/sites/default/files/EW%20Website%20Report-Sep%202024.pdf,https://gaming.az.gov/blog-terms/event-wagering-revenue-reports,AZ/screenshots/AZ_2024_09_AZ_2024_09_p1.png,"Golden Nugget Online Gaming $ - $ 192,334.82 $ - $ 184,649.94 $ - $ 7,204.04 $ - $ - $ - $ 7,204.04 $ - $ 720.40",,2026-04-08T18:26:24.824366
AZ,2024-09-01,2024-09-30,monthly,Golden Nugget Online Gaming,DraftKings (Golden Nugget),DraftKings,DraftKings Inc,online,,19233482,720404,768488,0,720404,18464994,72040,48084,0.0374557243457009,30,False,False,AZ_2024_09.pdf,,,,,,https://gaming.az.gov/sites/default/files/EW%20Website%20Report-Sep%202024.pdf,https://gaming.az.gov/blog-terms/event-wagering-revenue-reports,AZ/screenshots/AZ_2024_09_AZ_2024_09_p1.png,"Golden Nugget Online Gaming $ - $ 192,334.82 $ - $ 184,649.94 $ - $ 7,204.04 $ - $ - $ - $ 7,204.04 $ - $ 720.40",,2026-04-08T18:26:24.824366
AZ,2024-09-01,2024-09-30,monthly,PENN / ESPN Bet,ESPN Bet,ESPN Bet,PENN Entertainment,retail,,0,0,0,0,0,0,0,0,,30,False,False,AZ_2024_09.pdf,,,,,,https://gaming.az.gov/sites/default/files/EW%20Website%20Report-Sep%202024.pdf,https://gaming.az.gov/blog-terms/event-wagering-revenue-reports,AZ/screenshots/AZ_2024_09_AZ_2024_09_p1.png,"PENN / ESPN Bet $ - $ 16,386,287.87 $ - $ 14,520,076.97 $ - $ 1,825,245.18 $ - $ 598,314.77 $ - $ 1,226,930.41 $ - $ 122,693.04",,2026-04-08T18:26:24.824366
AZ,2024-09-01,2024-09-30,monthly,PENN / ESPN Bet,ESPN Bet,ESPN Bet,PENN Entertainment,online,,1638628787,182524518,186621090,59831477,122693041,1452007697,12269304,4096572,0.1113885703998681,30,False,False,AZ_2024_09.pdf,,,,,,https://gaming.az.gov/sites/default/files/EW%20Website%20Report-Sep%202024.pdf,https://gaming.az.gov/blog-terms/event-wagering-revenue-reports,AZ/screenshots/AZ_2024_09_AZ_2024_09_p1.png,"PENN / ESPN Bet $ - $ 16,386,287.87 $ - $ 14,520,076.97 $ - $ 1,825,245.18 $ - $ 598,314.77 $ - $ 1,226,930.41 $ - $ 122,693.04",,2026-04-08T18:26:24.824366
AZ,2024-09-01,2024-09-30,monthly,RSI (Rush Street Interactive),BetRivers,BetRivers,Rush Street Interactive,retail,,0,0,0,0,0,0,0,0,,30,False,False,AZ_2024_09.pdf,,,,,,https://gaming.az.gov/sites/default/files/EW%20Website%20Report-Sep%202024.pdf,https://gaming.az.gov/blog-terms/event-wagering-revenue-reports,AZ/screenshots/AZ_2024_09_AZ_2024_09_p1.png,"RSI (Rush Street Interactive) $ - $ 5,536,206.46 $ - $ 5,087,664.37 $ - $ 434,701.57 $ - $ 80,899.31 $ - $ 353,802.26 $ - $ 35,380.23",,2026-04-08T18:26:24.824366
AZ,2024-09-01,2024-09-30,monthly,RSI (Rush Street Interactive),BetRivers,BetRivers,Rush Street Interactive,online,,553620646,43470157,44854209,8089931,35380226,508766437,3538023,1384052,0.078519754120586,30,False,False,AZ_2024_09.pdf,,,,,,https://gaming.az.gov/sites/default/files/EW%20Website%20Report-Sep%202024.pdf,https://gaming.az.gov/blog-terms/event-wagering-revenue-reports,AZ/screenshots/AZ_2024_09_AZ_2024_09_p1.png,"RSI (Rush Street Interactive) $ - $ 5,536,206.46 $ - $ 5,087,664.37 $ - $ 434,701.57 $ - $ 80,899.31 $ - $ 353,802.26 $ - $ 35,380.23",,2026-04-08T18:26:24.824366
AZ,2024-09-01,2024-09-30,monthly,"SBOpco, LLC (SuperBook)",SuperBook,SuperBook,SuperBook Sports,retail,,0,0,0,0,0,0,0,0,,30,False,False,AZ_2024_09.pdf,,,,,,https://gaming.az.gov/sites/default/files/EW%20Website%20Report-Sep%202024.pdf,https://gaming.az.gov/blog-terms/event-wagering-revenue-reports,AZ/screenshots/AZ_2024_09_AZ_2024_09_p1.png,"SBOpco, LLC (SuperBook) $ - $ 63,236.25 $ - $ 92,466.03 $ - $ - $ - $ - $ - $ - $ - $ -",,2026-04-08T18:26:24.824366
AZ,2024-09-01,2024-09-30,monthly,"SBOpco, LLC (SuperBook)",SuperBook,SuperBook,SuperBook Sports,online,,6323625,0,-2922978,0,0,9246603,0,-2922978,0.0,30,False,False,AZ_2024_09.pdf,,,,,,https://gaming.az.gov/sites/default/files/EW%20Website%20Report-Sep%202024.pdf,https://gaming.az.gov/blog-terms/event-wagering-revenue-reports,AZ/screenshots/AZ_2024_09_AZ_2024_09_p1.png,"SBOpco, LLC (SuperBook) $ - $ 63,236.25 $ - $ 92,466.03 $ - $ - $ - $ - $ - $ - $ - $ -",,2026-04-08T18:26:24.824366
AZ,2024-09-01,2024-09-30,monthly,Seminole Hard Rock Digital,Hard Rock Bet,Hard Rock Bet,Seminole Tribe / Hard Rock Digital,retail,,0,0,0,0,0,0,0,0,,30,False,False,AZ_2024_09.pdf,,,,,,https://gaming.az.gov/sites/default/files/EW%20Website%20Report-Sep%202024.pdf,https://gaming.az.gov/blog-terms/event-wagering-revenue-reports,AZ/screenshots/AZ_2024_09_AZ_2024_09_p1.png,"Seminole Hard Rock Digital $ - $ 12,953,666.05 $ - $ 12,090,238.12 $ - $ 831,043.76 $ - $ 567,699.35 $ - $ 263,344.41 $ - $ 26,334.44",,2026-04-08T18:26:24.824366
AZ,2024-09-01,2024-09-30,monthly,Seminole Hard Rock Digital,Hard Rock Bet,Hard Rock Bet,Seminole Tribe / Hard Rock Digital,online,,1295366605,83104376,86342793,56769935,26334441,1209023812,2633444,3238417,0.0641551014818696,30,False,False,AZ_2024_09.pdf,,,,,,https://gaming.az.gov/sites/default/files/EW%20Website%20Report-Sep%202024.pdf,https://gaming.az.gov/blog-terms/event-wagering-revenue-reports,AZ/screenshots/AZ_2024_09_AZ_2024_09_p1.png,"Seminole Hard Rock Digital $ - $ 12,953,666.05 $ - $ 12,090,238.12 $ - $ 831,043.76 $ - $ 567,699.35 $ - $ 263,344.41 $ - $ 26,334.44",,2026-04-08T18:26:24.824366
AZ,2024-09-01,2024-09-30,monthly,Sporttrade,Sporttrade,Sporttrade,Sporttrade Inc,retail,,0,0,0,0,0,0,0,0,,30,False,False,AZ_2024_09.pdf,,,,,,https://gaming.az.gov/sites/default/files/EW%20Website%20Report-Sep%202024.pdf,https://gaming.az.gov/blog-terms/event-wagering-revenue-reports,AZ/screenshots/AZ_2024_09_AZ_2024_09_p1.png,"Sporttrade $ - $ 441,731.99 $ - $ 519,404.64 $ - $ - $ - $ - $ - $ - $ - $ -",,2026-04-08T18:26:24.824366
AZ,2024-09-01,2024-09-30,monthly,Sporttrade,Sporttrade,Sporttrade,Sporttrade Inc,online,,44173199,0,-7767265,0,0,51940464,0,-7767265,0.0,30,False,False,AZ_2024_09.pdf,,,,,,https://gaming.az.gov/sites/default/files/EW%20Website%20Report-Sep%202024.pdf,https://gaming.az.gov/blog-terms/event-wagering-revenue-reports,AZ/screenshots/AZ_2024_09_AZ_2024_09_p1.png,"Sporttrade $ - $ 441,731.99 $ - $ 519,404.64 $ - $ - $ - $ - $ - $ - $ - $ -",,2026-04-08T18:26:24.824366
AZ,2024-10-01,2024-10-31,monthly,"Bally Interactive, LLC",Bally Bet,Bally Bet,Bally's Corporation,retail,,0,0,0,0,0,0,0,0,,31,False,False,AZ_2024_10.pdf,,,,,,https://gaming.az.gov/sites/default/files/EW%20Website%20Report%20-%20Oct%202024.pdf,https://gaming.az.gov/blog-terms/event-wagering-revenue-reports,AZ/screenshots/AZ_2024_10_AZ_2024_10_p1.png,"Bally Interactive, LLC $ - $ 5 ,057,387.10 $ - $ 4 ,682,254.72 $ - $ 362,488.91 $ - $ 328,933.60 $ - $ 33,555.31 $ - $ 3,355.53",,2026-04-08T18:26:26.541890
AZ,2024-10-01,2024-10-31,monthly,"Bally Interactive, LLC",Bally Bet,Bally Bet,Bally's Corporation,online,,505738710,36248891,37513238,32893360,3355531,468225472,335553,1264347,0.0716751363564794,31,False,False,AZ_2024_10.pdf,,,,,,https://gaming.az.gov/sites/default/files/EW%20Website%20Report%20-%20Oct%202024.pdf,https://gaming.az.gov/blog-terms/event-wagering-revenue-reports,AZ/screenshots/AZ_2024_10_AZ_2024_10_p1.png,"Bally Interactive, LLC $ - $ 5 ,057,387.10 $ - $ 4 ,682,254.72 $ - $ 362,488.91 $ - $ 328,933.60 $ - $ 33,555.31 $ - $ 3,355.53",,2026-04-08T18:26:26.541890
AZ,2024-10-01,2024-10-31,monthly,Bet365,bet365,bet365,bet365 Group,retail,,0,0,0,0,0,0,0,0,,31,False,False,AZ_2024_10.pdf,,,,,,https://gaming.az.gov/sites/default/files/EW%20Website%20Report%20-%20Oct%202024.pdf,https://gaming.az.gov/blog-terms/event-wagering-revenue-reports,AZ/screenshots/AZ_2024_10_AZ_2024_10_p1.png,"Bet365 $ - $ 37,681,927.23 $ - $ 34,805,787.19 $ - $ 2 ,811,146.01 $ - $ 2 ,811,146.01 $ - $ - $ - $ -",,2026-04-08T18:26:26.541890
AZ,2024-10-01,2024-10-31,monthly,Bet365,bet365,bet365,bet365 Group,online,,3768192723,281114601,287614004,281114601,0,3480578719,0,6499403,0.0746019701392008,31,False,False,AZ_2024_10.pdf,,,,,,https://gaming.az.gov/sites/default/files/EW%20Website%20Report%20-%20Oct%202024.pdf,https://gaming.az.gov/blog-terms/event-wagering-revenue-reports,AZ/screenshots/AZ_2024_10_AZ_2024_10_p1.png,"Bet365 $ - $ 37,681,927.23 $ - $ 34,805,787.19 $ - $ 2 ,811,146.01 $ - $ 2 ,811,146.01 $ - $ - $ - $ -",,2026-04-08T18:26:26.541890
AZ,2024-10-01,2024-10-31,monthly,BetMGM,BetMGM,BetMGM,Entain/MGM Resorts,retail,,68990230,1990574,2163050,0,1990574,66827180,159246,172476,0.0288529839659905,31,False,False,AZ_2024_10.pdf,,,,,,https://gaming.az.gov/sites/default/files/EW%20Website%20Report%20-%20Oct%202024.pdf,https://gaming.az.gov/blog-terms/event-wagering-revenue-reports,AZ/screenshots/AZ_2024_10_AZ_2024_10_p1.png,"BetMGM $ 689,902.30 $ 98,858,877.93 $ 668,271.80 $ 92,913,959.89 $ 19,905.74 $ 5 ,706,603.66 $ - $ 4 ,087,661.64 $ 19,905.74 $ 1 ,618,942.02 $ 1,592.46 $ 161,894.20",,2026-04-08T18:26:26.541890
AZ,2024-10-01,2024-10-31,monthly,BetMGM,BetMGM,BetMGM,Entain/MGM Resorts,online,,9885887793,570660366,594491804,408766164,161894202,9291395989,16189420,23831438,0.0577247464212645,31,False,False,AZ_2024_10.pdf,,,,,,https://gaming.az.gov/sites/default/files/EW%20Website%20Report%20-%20Oct%202024.pdf,https://gaming.az.gov/blog-terms/event-wagering-revenue-reports,AZ/screenshots/AZ_2024_10_AZ_2024_10_p1.png,"BetMGM $ 689,902.30 $ 98,858,877.93 $ 668,271.80 $ 92,913,959.89 $ 19,905.74 $ 5 ,706,603.66 $ - $ 4 ,087,661.64 $ 19,905.74 $ 1 ,618,942.02 $ 1,592.46 $ 161,894.20",,2026-04-08T18:26:26.541890
AZ,2024-10-01,2024-10-31,monthly,Caesars (American Wagering),Caesars,Caesars,Caesars Entertainment,retail,,141975539,0,-1593411,0,0,143568950,0,-1593411,0.0,31,False,False,AZ_2024_10.pdf,,,,,,https://gaming.az.gov/sites/default/files/EW%20Website%20Report%20-%20Oct%202024.pdf,https://gaming.az.gov/blog-terms/event-wagering-revenue-reports,AZ/screenshots/AZ_2024_10_AZ_2024_10_p1.png,"Caesars (American Wagering) $ 1,419,755.39 $ 43,400,844.66 $ 1,435,689.50 $ 41,338,700.66 $ - $ 1 ,956,532.29 $ - $ 856,880.09 $ - $ 1 ,099,652.20 $ - $ 109,965.22",,2026-04-08T18:26:26.541890
AZ,2024-10-01,2024-10-31,monthly,Caesars (American Wagering),Caesars,Caesars,Caesars Entertainment,online,,4340084466,195653229,206214400,85688009,109965220,4133870066,10996522,10561171,0.0450805118040299,31,False,False,AZ_2024_10.pdf,,,,,,https://gaming.az.gov/sites/default/files/EW%20Website%20Report%20-%20Oct%202024.pdf,https://gaming.az.gov/blog-terms/event-wagering-revenue-reports,AZ/screenshots/AZ_2024_10_AZ_2024_10_p1.png,"Caesars (American Wagering) $ 1,419,755.39 $ 43,400,844.66 $ 1,435,689.50 $ 41,338,700.66 $ - $ 1 ,956,532.29 $ - $ 856,880.09 $ - $ 1 ,099,652.20 $ - $ 109,965.22",,2026-04-08T18:26:26.541890
AZ,2024-10-01,2024-10-31,monthly,Desert Diamond Mobile,Desert Diamond,Desert Diamond,Tohono O'odham Nation,retail,,0,0,0,0,0,0,0,0,,31,False,False,AZ_2024_10.pdf,,,,,,https://gaming.az.gov/sites/default/files/EW%20Website%20Report%20-%20Oct%202024.pdf,https://gaming.az.gov/blog-terms/event-wagering-revenue-reports,AZ/screenshots/AZ_2024_10_AZ_2024_10_p1.png,"Desert Diamond Mobile $ - $ 4 ,103,539.48 $ - $ 3 ,852,268.50 $ - $ 241,768.92 $ - $ 241,768.92 $ - $ - $ - $ -",,2026-04-08T18:26:26.541890
AZ,2024-10-01,2024-10-31,monthly,Desert Diamond Mobile,Desert Diamond,Desert Diamond,Tohono O'odham Nation,online,,410353948,24176892,25127098,24176892,0,385226850,0,950206,0.0589171667966991,31,False,False,AZ_2024_10.pdf,,,,,,https://gaming.az.gov/sites/default/files/EW%20Website%20Report%20-%20Oct%202024.pdf,https://gaming.az.gov/blog-terms/event-wagering-revenue-reports,AZ/screenshots/AZ_2024_10_AZ_2024_10_p1.png,"Desert Diamond Mobile $ - $ 4 ,103,539.48 $ - $ 3 ,852,268.50 $ - $ 241,768.92 $ - $ 241,768.92 $ - $ - $ - $ -",,2026-04-08T18:26:26.541890
AZ,2024-10-01,2024-10-31,monthly,Draft Kings/Crown Gaming,DraftKings,DraftKings,DraftKings Inc,retail,,320756302,15280799,16082889,500,15280299,304673413,1222424,802090,0.0476399026448434,31,False,False,AZ_2024_10.pdf,,,,,,https://gaming.az.gov/sites/default/files/EW%20Website%20Report%20-%20Oct%202024.pdf,https://gaming.az.gov/blog-terms/event-wagering-revenue-reports,AZ/screenshots/AZ_2024_10_AZ_2024_10_p1.png,"Draft Kings/Crown Gaming $ 3,207,563.02 $ 258,651,722.98 $ 3,046,734.13 $ 243,076,734.09 $ 152,807.99 $ 14,949,506.89 $ 5.00 $ 8 ,498,730.25 $ 152,802.99 $ 6 ,450,776.64 $ 12,224.24 $ 645,077.66",,2026-04-08T18:26:26.541890
AZ,2024-10-01,2024-10-31,monthly,Draft Kings/Crown Gaming,DraftKings,DraftKings,DraftKings Inc,online,,25865172298,1494950689,1557498889,849873025,645077664,24307673409,64507766,62548200,0.0577978244945074,31,False,False,AZ_2024_10.pdf,,,,,,https://gaming.az.gov/sites/default/files/EW%20Website%20Report%20-%20Oct%202024.pdf,https://gaming.az.gov/blog-terms/event-wagering-revenue-reports,AZ/screenshots/AZ_2024_10_AZ_2024_10_p1.png,"Draft Kings/Crown Gaming $ 3,207,563.02 $ 258,651,722.98 $ 3,046,734.13 $ 243,076,734.09 $ 152,807.99 $ 14,949,506.89 $ 5.00 $ 8 ,498,730.25 $ 152,802.99 $ 6 ,450,776.64 $ 12,224.24 $ 645,077.66",,2026-04-08T18:26:26.541890
AZ,2024-10-01,2024-10-31,monthly,Fanatics Sports Book,Fanatics,Fanatics,Fanatics Inc,retail,,0,0,0,0,0,0,0,0,,31,False,False,AZ_2024_10.pdf,,,,,,https://gaming.az.gov/sites/default/files/EW%20Website%20Report%20-%20Oct%202024.pdf,https://gaming.az.gov/blog-terms/event-wagering-revenue-reports,AZ/screenshots/AZ_2024_10_AZ_2024_10_p1.png,"Fanatics Sports Book $ - $ 40,596,280.07 $ - $ 37,617,650.96 $ - $ 2 ,882,775.24 $ - $ 2 ,186,832.50 $ - $ 695,942.74 $ - $ 69,594.27",,2026-04-08T18:26:26.541890
AZ,2024-10-01,2024-10-31,monthly,Fanatics Sports Book,Fanatics,Fanatics,Fanatics Inc,online,,4059628007,288277524,297862911,218683250,69594274,3761765096,6959427,9585387,0.0710108225440666,31,False,False,AZ_2024_10.pdf,,,,,,https://gaming.az.gov/sites/default/files/EW%20Website%20Report%20-%20Oct%202024.pdf,https://gaming.az.gov/blog-terms/event-wagering-revenue-reports,AZ/screenshots/AZ_2024_10_AZ_2024_10_p1.png,"Fanatics Sports Book $ - $ 40,596,280.07 $ - $ 37,617,650.96 $ - $ 2 ,882,775.24 $ - $ 2 ,186,832.50 $ - $ 695,942.74 $ - $ 69,594.27",,2026-04-08T18:26:26.541890
AZ,2024-10-01,2024-10-31,monthly,Fan Duel,FanDuel,FanDuel,Flutter Entertainment,retail,,149432650,3251638,3624125,640000,2611638,145808525,208931,372487,0.0217598898232749,31,False,False,AZ_2024_10.pdf,,,,,,https://gaming.az.gov/sites/default/files/EW%20Website%20Report%20-%20Oct%202024.pdf,https://gaming.az.gov/blog-terms/event-wagering-revenue-reports,AZ/screenshots/AZ_2024_10_AZ_2024_10_p1.png,"Fan Duel $ 1,494,326.50 $ 250,976,755.53 $ 1,458,085.25 $ 228,666,019.69 $ 32,516.38 $ 21,706,920.13 $ 6,400.00 $ 9 ,450,470.45 $ 26,116.38 $ 12,256,449.68 $ 2,089.31 $ 1 ,225,644.97",,2026-04-08T18:26:26.541890
AZ,2024-10-01,2024-10-31,monthly,Fan Duel,FanDuel,FanDuel,Flutter Entertainment,online,,25097675553,2170692013,2231073584,945047045,1225644968,22866601969,122564497,60381571,0.0864897631024053,31,False,False,AZ_2024_10.pdf,,,,,,https://gaming.az.gov/sites/default/files/EW%20Website%20Report%20-%20Oct%202024.pdf,https://gaming.az.gov/blog-terms/event-wagering-revenue-reports,AZ/screenshots/AZ_2024_10_AZ_2024_10_p1.png,"Fan Duel $ 1,494,326.50 $ 250,976,755.53 $ 1,458,085.25 $ 228,666,019.69 $ 32,516.38 $ 21,706,920.13 $ 6,400.00 $ 9 ,450,470.45 $ 26,116.38 $ 12,256,449.68 $ 2,089.31 $ 1 ,225,644.97",,2026-04-08T18:26:26.541890
AZ,2024-10-01,2024-10-31,monthly,Golden Nugget Online Gaming,DraftKings (Golden Nugget),DraftKings,DraftKings Inc,retail,,0,0,0,0,0,0,0,0,,31,False,False,AZ_2024_10.pdf,,,,,,https://gaming.az.gov/sites/default/files/EW%20Website%20Report%20-%20Oct%202024.pdf,https://gaming.az.gov/blog-terms/event-wagering-revenue-reports,AZ/screenshots/AZ_2024_10_AZ_2024_10_p1.png,"Golden Nugget Online Gaming $ - $ 157,782.89 $ - $ 160,306.22 $ - $ - $ - $ - $ - $ - $ - $ -",,2026-04-08T18:26:26.541890
AZ,2024-10-01,2024-10-31,monthly,Golden Nugget Online Gaming,DraftKings (Golden Nugget),DraftKings,DraftKings Inc,online,,15778289,0,-252333,0,0,16030622,0,-252333,0.0,31,False,False,AZ_2024_10.pdf,,,,,,https://gaming.az.gov/sites/default/files/EW%20Website%20Report%20-%20Oct%202024.pdf,https://gaming.az.gov/blog-terms/event-wagering-revenue-reports,AZ/screenshots/AZ_2024_10_AZ_2024_10_p1.png,"Golden Nugget Online Gaming $ - $ 157,782.89 $ - $ 160,306.22 $ - $ - $ - $ - $ - $ - $ - $ -",,2026-04-08T18:26:26.541890
AZ,2024-10-01,2024-10-31,monthly,PENN / ESPN Bet,ESPN Bet,ESPN Bet,PENN Entertainment,retail,,0,0,0,0,0,0,0,0,,31,False,False,AZ_2024_10.pdf,,,,,,https://gaming.az.gov/sites/default/files/EW%20Website%20Report%20-%20Oct%202024.pdf,https://gaming.az.gov/blog-terms/event-wagering-revenue-reports,AZ/screenshots/AZ_2024_10_AZ_2024_10_p1.png,"PENN / ESPN Bet $ - $ 19,310,055.62 $ - $ 18,287,189.59 $ - $ 974,590.89 $ - $ 571,570.36 $ - $ 403,020.53 $ - $ 40,302.05",,2026-04-08T18:26:26.541890
AZ,2024-10-01,2024-10-31,monthly,PENN / ESPN Bet,ESPN Bet,ESPN Bet,PENN Entertainment,online,,1931005562,97459089,102286603,57157036,40302053,1828718959,4030205,4827514,0.0504706412647816,31,False,False,AZ_2024_10.pdf,,,,,,https://gaming.az.gov/sites/default/files/EW%20Website%20Report%20-%20Oct%202024.pdf,https://gaming.az.gov/blog-terms/event-wagering-revenue-reports,AZ/screenshots/AZ_2024_10_AZ_2024_10_p1.png,"PENN / ESPN Bet $ - $ 19,310,055.62 $ - $ 18,287,189.59 $ - $ 974,590.89 $ - $ 571,570.36 $ - $ 403,020.53 $ - $ 40,302.05",,2026-04-08T18:26:26.541890
AZ,2024-10-01,2024-10-31,monthly,RSI (Rush Street Interactive),BetRivers,BetRivers,Rush Street Interactive,retail,,0,0,0,0,0,0,0,0,,31,False,False,AZ_2024_10.pdf,,,,,,https://gaming.az.gov/sites/default/files/EW%20Website%20Report%20-%20Oct%202024.pdf,https://gaming.az.gov/blog-terms/event-wagering-revenue-reports,AZ/screenshots/AZ_2024_10_AZ_2024_10_p1.png,"RSI (Rush Street Interactive) $ - $ 7 ,229,505.65 $ - $ 6 ,606,179.93 $ - $ 605,251.96 $ - $ 109,681.14 $ - $ 495,570.82 $ - $ 49,557.08",,2026-04-08T18:26:26.541890
AZ,2024-10-01,2024-10-31,monthly,RSI (Rush Street Interactive),BetRivers,BetRivers,Rush Street Interactive,online,,722950565,60525196,62332572,10968114,49557082,660617993,4955708,1807376,0.0837196883579446,31,False,False,AZ_2024_10.pdf,,,,,,https://gaming.az.gov/sites/default/files/EW%20Website%20Report%20-%20Oct%202024.pdf,https://gaming.az.gov/blog-terms/event-wagering-revenue-reports,AZ/screenshots/AZ_2024_10_AZ_2024_10_p1.png,"RSI (Rush Street Interactive) $ - $ 7 ,229,505.65 $ - $ 6 ,606,179.93 $ - $ 605,251.96 $ - $ 109,681.14 $ - $ 495,570.82 $ - $ 49,557.08",,2026-04-08T18:26:26.541890
AZ,2024-10-01,2024-10-31,monthly,"SBOpco, LLC (SuperBook)",SuperBook,SuperBook,SuperBook Sports,retail,,0,0,0,0,0,0,0,0,,31,False,False,AZ_2024_10.pdf,,,,,,https://gaming.az.gov/sites/default/files/EW%20Website%20Report%20-%20Oct%202024.pdf,https://gaming.az.gov/blog-terms/event-wagering-revenue-reports,AZ/screenshots/AZ_2024_10_AZ_2024_10_p1.png,"SBOpco, LLC (SuperBook) $ - $ 1,996.00 $ - $ 776.36 $ - $ 1,219.64 $ - $ 58.25 $ - $ 1,161.39 $ - $ 116.14",,2026-04-08T18:26:26.541890
AZ,2024-10-01,2024-10-31,monthly,"SBOpco, LLC (SuperBook)",SuperBook,SuperBook,SuperBook Sports,online,,199600,121964,121964,5825,116139,77636,11614,0,0.6110420841683367,31,False,False,AZ_2024_10.pdf,,,,,,https://gaming.az.gov/sites/default/files/EW%20Website%20Report%20-%20Oct%202024.pdf,https://gaming.az.gov/blog-terms/event-wagering-revenue-reports,AZ/screenshots/AZ_2024_10_AZ_2024_10_p1.png,"SBOpco, LLC (SuperBook) $ - $ 1,996.00 $ - $ 776.36 $ - $ 1,219.64 $ - $ 58.25 $ - $ 1,161.39 $ - $ 116.14",,2026-04-08T18:26:26.541890
AZ,2024-10-01,2024-10-31,monthly,Seminole Hard Rock Digital,Hard Rock Bet,Hard Rock Bet,Seminole Tribe / Hard Rock Digital,retail,,0,0,0,0,0,0,0,0,,31,False,False,AZ_2024_10.pdf,,,,,,https://gaming.az.gov/sites/default/files/EW%20Website%20Report%20-%20Oct%202024.pdf,https://gaming.az.gov/blog-terms/event-wagering-revenue-reports,AZ/screenshots/AZ_2024_10_AZ_2024_10_p1.png,"Seminole Hard Rock Digital $ - $ 16,705,016.95 $ - $ 15,449,314.59 $ - $ 1 ,213,939.82 $ - $ 1 ,005,565.18 $ - $ 208,374.64 $ - $ 20,837.46",,2026-04-08T18:26:26.541890
AZ,2024-10-01,2024-10-31,monthly,Seminole Hard Rock Digital,Hard Rock Bet,Hard Rock Bet,Seminole Tribe / Hard Rock Digital,online,,1670501695,121393982,125570236,100556518,20837464,1544931459,2083746,4176254,0.0726691761902103,31,False,False,AZ_2024_10.pdf,,,,,,https://gaming.az.gov/sites/default/files/EW%20Website%20Report%20-%20Oct%202024.pdf,https://gaming.az.gov/blog-terms/event-wagering-revenue-reports,AZ/screenshots/AZ_2024_10_AZ_2024_10_p1.png,"Seminole Hard Rock Digital $ - $ 16,705,016.95 $ - $ 15,449,314.59 $ - $ 1 ,213,939.82 $ - $ 1 ,005,565.18 $ - $ 208,374.64 $ - $ 20,837.46",,2026-04-08T18:26:26.541890
AZ,2024-10-01,2024-10-31,monthly,Sporttrade,Sporttrade,Sporttrade,Sporttrade Inc,retail,,0,0,0,0,0,0,0,0,,31,False,False,AZ_2024_10.pdf,,,,,,https://gaming.az.gov/sites/default/files/EW%20Website%20Report%20-%20Oct%202024.pdf,https://gaming.az.gov/blog-terms/event-wagering-revenue-reports,AZ/screenshots/AZ_2024_10_AZ_2024_10_p1.png,"Sporttrade $ - $ 1 ,700,454.65 $ - $ 1 ,555,761.24 $ - $ 140,442.27 $ - $ 29,979.78 $ - $ 110,462.49 $ - $ 11,046.25",,2026-04-08T18:26:26.541890
AZ,2024-10-01,2024-10-31,monthly,Sporttrade,Sporttrade,Sporttrade,Sporttrade Inc,online,,170045465,14044227,14469341,2997978,11046249,155576124,1104625,425114,0.0825910117626483,31,False,False,AZ_2024_10.pdf,,,,,,https://gaming.az.gov/sites/default/files/EW%20Website%20Report%20-%20Oct%202024.pdf,https://gaming.az.gov/blog-terms/event-wagering-revenue-reports,AZ/screenshots/AZ_2024_10_AZ_2024_10_p1.png,"Sporttrade $ - $ 1 ,700,454.65 $ - $ 1 ,555,761.24 $ - $ 140,442.27 $ - $ 29,979.78 $ - $ 110,462.49 $ - $ 11,046.25",,2026-04-08T18:26:26.541890
AZ,2024-11-01,2024-11-30,monthly,"Bally Interactive, LLC",Bally Bet,Bally Bet,Bally's Corporation,retail,,0,0,0,0,0,0,0,0,,30,False,False,AZ_2024_11.pdf,,,,,,https://gaming.az.gov/sites/default/files/EW%20Website%20Report%20-Nov%202024.pdf,https://gaming.az.gov/blog-terms/event-wagering-revenue-reports,AZ/screenshots/AZ_2024_11_AZ_2024_11_p1.png,"Bally Interactive, LLC $ - $ 4,976,257.62 $ - $ 4,535,976.64 $ - $ 427,840.34 $ - $ 427,840.34 $ - $ - $ - $ -",,2026-04-08T18:26:28.236345
AZ,2024-11-01,2024-11-30,monthly,"Bally Interactive, LLC",Bally Bet,Bally Bet,Bally's Corporation,online,,497625762,42784034,44028098,42784034,0,453597664,0,1244064,0.0859763245135206,30,False,False,AZ_2024_11.pdf,,,,,,https://gaming.az.gov/sites/default/files/EW%20Website%20Report%20-Nov%202024.pdf,https://gaming.az.gov/blog-terms/event-wagering-revenue-reports,AZ/screenshots/AZ_2024_11_AZ_2024_11_p1.png,"Bally Interactive, LLC $ - $ 4,976,257.62 $ - $ 4,535,976.64 $ - $ 427,840.34 $ - $ 427,840.34 $ - $ - $ - $ -",,2026-04-08T18:26:28.236345
AZ,2024-11-01,2024-11-30,monthly,Bet365,bet365,bet365,bet365 Group,retail,,0,0,0,0,0,0,0,0,,30,False,False,AZ_2024_11.pdf,,,,,,https://gaming.az.gov/sites/default/files/EW%20Website%20Report%20-Nov%202024.pdf,https://gaming.az.gov/blog-terms/event-wagering-revenue-reports,AZ/screenshots/AZ_2024_11_AZ_2024_11_p1.png,"Bet365 $ - $ 39,175,742.62 $ - $ 35,858,330.39 $ - $ 3,230,714.21 $ - $ 2,355,989.88 $ - $ 874,724.33 $ - $ 87,472.43",,2026-04-08T18:26:28.236345
AZ,2024-11-01,2024-11-30,monthly,Bet365,bet365,bet365,bet365 Group,online,,3917574262,323071421,331741223,235598988,87472433,3585833039,8747243,8669802,0.0824672104199157,30,False,False,AZ_2024_11.pdf,,,,,,https://gaming.az.gov/sites/default/files/EW%20Website%20Report%20-Nov%202024.pdf,https://gaming.az.gov/blog-terms/event-wagering-revenue-reports,AZ/screenshots/AZ_2024_11_AZ_2024_11_p1.png,"Bet365 $ - $ 39,175,742.62 $ - $ 35,858,330.39 $ - $ 3,230,714.21 $ - $ 2,355,989.88 $ - $ 874,724.33 $ - $ 87,472.43",,2026-04-08T18:26:28.236345
AZ,2024-11-01,2024-11-30,monthly,BetMGM,BetMGM,BetMGM,Entain/MGM Resorts,retail,,50189665,5435646,5561120,0,5435646,44628545,434852,125474,0.1083020976529729,30,False,False,AZ_2024_11.pdf,,,,,,https://gaming.az.gov/sites/default/files/EW%20Website%20Report%20-Nov%202024.pdf,https://gaming.az.gov/blog-terms/event-wagering-revenue-reports,AZ/screenshots/AZ_2024_11_AZ_2024_11_p1.png,"BetMGM $ 501,896.65 $ 111,128,383.61 $ 446,285.45 $ 98,678,090.60 $ 54,356.46 $ 12,180,816.01 $ - $ 4,023,152.19 $ 54,356.46 $ 8,157,663.82 $ 4,348.52 $ 815,766.38",,2026-04-08T18:26:28.236345
AZ,2024-11-01,2024-11-30,monthly,BetMGM,BetMGM,BetMGM,Entain/MGM Resorts,online,,11112838361,1218081601,1245029301,402315219,815766382,9867809060,81576638,26947700,0.1096103048951743,30,False,False,AZ_2024_11.pdf,,,,,,https://gaming.az.gov/sites/default/files/EW%20Website%20Report%20-Nov%202024.pdf,https://gaming.az.gov/blog-terms/event-wagering-revenue-reports,AZ/screenshots/AZ_2024_11_AZ_2024_11_p1.png,"BetMGM $ 501,896.65 $ 111,128,383.61 $ 446,285.45 $ 98,678,090.60 $ 54,356.46 $ 12,180,816.01 $ - $ 4,023,152.19 $ 54,356.46 $ 8,157,663.82 $ 4,348.52 $ 815,766.38",,2026-04-08T18:26:28.236345
AZ,2024-11-01,2024-11-30,monthly,Caesars (American Wagering),Caesars,Caesars,Caesars Entertainment,retail,,68450132,2261707,2438392,0,2261707,66011740,180937,176685,0.033041674777194,30,False,False,AZ_2024_11.pdf,,,,,,https://gaming.az.gov/sites/default/files/EW%20Website%20Report%20-Nov%202024.pdf,https://gaming.az.gov/blog-terms/event-wagering-revenue-reports,AZ/screenshots/AZ_2024_11_AZ_2024_11_p1.png,"Caesars (American Wagering) $ 684,501.32 $ 51,661,417.08 $ 660,117.40 $ 47,520,572.68 $ 22,617.07 $ 4,013,708.38 $ - $ 816,649.33 $ 22,617.07 $ 3,197,059.05 $ 1,809.37 $ 319,705.90",,2026-04-08T18:26:28.236345
AZ,2024-11-01,2024-11-30,monthly,Caesars (American Wagering),Caesars,Caesars,Caesars Entertainment,online,,5166141708,401370838,414084440,81664933,319705905,4752057268,31970590,12713602,0.0776925722688673,30,False,False,AZ_2024_11.pdf,,,,,,https://gaming.az.gov/sites/default/files/EW%20Website%20Report%20-Nov%202024.pdf,https://gaming.az.gov/blog-terms/event-wagering-revenue-reports,AZ/screenshots/AZ_2024_11_AZ_2024_11_p1.png,"Caesars (American Wagering) $ 684,501.32 $ 51,661,417.08 $ 660,117.40 $ 47,520,572.68 $ 22,617.07 $ 4,013,708.38 $ - $ 816,649.33 $ 22,617.07 $ 3,197,059.05 $ 1,809.37 $ 319,705.90",,2026-04-08T18:26:28.236345
AZ,2024-11-01,2024-11-30,monthly,Desert Diamond Mobile,Desert Diamond,Desert Diamond,Tohono O'odham Nation,retail,,0,0,0,0,0,0,0,0,,30,False,False,AZ_2024_11.pdf,,,,,,https://gaming.az.gov/sites/default/files/EW%20Website%20Report%20-Nov%202024.pdf,https://gaming.az.gov/blog-terms/event-wagering-revenue-reports,AZ/screenshots/AZ_2024_11_AZ_2024_11_p1.png,"Desert Diamond Mobile $ - $ 5,778,016.88 $ - $ 5,389,123.97 $ - $ 375,107.73 $ - $ 263,860.82 $ - $ 111,246.91 $ - $ 11,124.69",,2026-04-08T18:26:28.236345
AZ,2024-11-01,2024-11-30,monthly,Desert Diamond Mobile,Desert Diamond,Desert Diamond,Tohono O'odham Nation,online,,577801688,37510773,38889291,26386082,11124691,538912397,1112469,1378518,0.0649198051494789,30,False,False,AZ_2024_11.pdf,,,,,,https://gaming.az.gov/sites/default/files/EW%20Website%20Report%20-Nov%202024.pdf,https://gaming.az.gov/blog-terms/event-wagering-revenue-reports,AZ/screenshots/AZ_2024_11_AZ_2024_11_p1.png,"Desert Diamond Mobile $ - $ 5,778,016.88 $ - $ 5,389,123.97 $ - $ 375,107.73 $ - $ 263,860.82 $ - $ 111,246.91 $ - $ 11,124.69",,2026-04-08T18:26:28.236345
AZ,2024-11-01,2024-11-30,monthly,Draft Kings/Crown Gaming,DraftKings,DraftKings,DraftKings Inc,retail,,419624110,48378617,49428069,4000000,44378617,370196041,3550289,1049452,0.1152903654654161,30,False,False,AZ_2024_11.pdf,,,,,,https://gaming.az.gov/sites/default/files/EW%20Website%20Report%20-Nov%202024.pdf,https://gaming.az.gov/blog-terms/event-wagering-revenue-reports,AZ/screenshots/AZ_2024_11_AZ_2024_11_p1.png,"Draft Kings/Crown Gaming $ 4,196,241.10 $ 289,163,492.51 $ 3,701,960.41 $ 263,234,159.24 $ 483,786.17 $ 25,224,538.27 $ 40,000.00 $ 7,267,350.99 $ 443,786.17 $ 17,957,187.28 $ 35,502.89 $ 1,795,718.73",,2026-04-08T18:26:28.236345
AZ,2024-11-01,2024-11-30,monthly,Draft Kings/Crown Gaming,DraftKings,DraftKings,DraftKings Inc,online,,28916349251,2522453827,2592933327,726735099,1795718728,26323415924,179571873,70479500,0.0872327901805504,30,False,False,AZ_2024_11.pdf,,,,,,https://gaming.az.gov/sites/default/files/EW%20Website%20Report%20-Nov%202024.pdf,https://gaming.az.gov/blog-terms/event-wagering-revenue-reports,AZ/screenshots/AZ_2024_11_AZ_2024_11_p1.png,"Draft Kings/Crown Gaming $ 4,196,241.10 $ 289,163,492.51 $ 3,701,960.41 $ 263,234,159.24 $ 483,786.17 $ 25,224,538.27 $ 40,000.00 $ 7,267,350.99 $ 443,786.17 $ 17,957,187.28 $ 35,502.89 $ 1,795,718.73",,2026-04-08T18:26:28.236345
AZ,2024-11-01,2024-11-30,monthly,Fanatics Sports Book,Fanatics,Fanatics,Fanatics Inc,retail,,0,0,0,0,0,0,0,0,,30,False,False,AZ_2024_11.pdf,,,,,,https://gaming.az.gov/sites/default/files/EW%20Website%20Report%20-Nov%202024.pdf,https://gaming.az.gov/blog-terms/event-wagering-revenue-reports,AZ/screenshots/AZ_2024_11_AZ_2024_11_p1.png,"Fanatics Sports Book $ - $ 42,220,062.52 $ - $ 38,309,630.94 $ - $ 3,809,660.22 $ - $ 1,911,516.93 $ - $ 1,898,143.29 $ - $ 189,814.33",,2026-04-08T18:26:28.236345
AZ,2024-11-01,2024-11-30,monthly,Fanatics Sports Book,Fanatics,Fanatics,Fanatics Inc,online,,4222006252,380966022,391043158,191151693,189814329,3830963094,18981433,10077136,0.0902334101991282,30,False,False,AZ_2024_11.pdf,,,,,,https://gaming.az.gov/sites/default/files/EW%20Website%20Report%20-Nov%202024.pdf,https://gaming.az.gov/blog-terms/event-wagering-revenue-reports,AZ/screenshots/AZ_2024_11_AZ_2024_11_p1.png,"Fanatics Sports Book $ - $ 42,220,062.52 $ - $ 38,309,630.94 $ - $ 3,809,660.22 $ - $ 1,911,516.93 $ - $ 1,898,143.29 $ - $ 189,814.33",,2026-04-08T18:26:28.236345
AZ,2024-11-01,2024-11-30,monthly,Fan Duel,FanDuel,FanDuel,Flutter Entertainment,retail,,224142375,21287394,21847050,1666000,19621394,202295325,1569712,559656,0.0949726440616148,30,False,False,AZ_2024_11.pdf,,,,,,https://gaming.az.gov/sites/default/files/EW%20Website%20Report%20-Nov%202024.pdf,https://gaming.az.gov/blog-terms/event-wagering-revenue-reports,AZ/screenshots/AZ_2024_11_AZ_2024_11_p1.png,"Fan Duel $ 2,241,423.75 $ 286,466,182.46 $ 2,022,953.25 $ 256,081,701.82 $ 212,873.94 $ 29,686,666.31 $ 16,660.00 $ 7,340,456.88 $ 196,213.94 $ 22,346,209.43 $ 15,697.12 $ 2,234,620.94",,2026-04-08T18:26:28.236345
AZ,2024-11-01,2024-11-30,monthly,Fan Duel,FanDuel,FanDuel,Flutter Entertainment,online,,28646618246,2968666631,3038448064,734045688,2234620943,25608170182,223462094,69781433,0.1036306137606494,30,False,False,AZ_2024_11.pdf,,,,,,https://gaming.az.gov/sites/default/files/EW%20Website%20Report%20-Nov%202024.pdf,https://gaming.az.gov/blog-terms/event-wagering-revenue-reports,AZ/screenshots/AZ_2024_11_AZ_2024_11_p1.png,"Fan Duel $ 2,241,423.75 $ 286,466,182.46 $ 2,022,953.25 $ 256,081,701.82 $ 212,873.94 $ 29,686,666.31 $ 16,660.00 $ 7,340,456.88 $ 196,213.94 $ 22,346,209.43 $ 15,697.12 $ 2,234,620.94",,2026-04-08T18:26:28.236345
AZ,2024-11-01,2024-11-30,monthly,Golden Nugget Online Gaming,DraftKings (Golden Nugget),DraftKings,DraftKings Inc,retail,,0,0,0,0,0,0,0,0,,30,False,False,AZ_2024_11.pdf,,,,,,https://gaming.az.gov/sites/default/files/EW%20Website%20Report%20-Nov%202024.pdf,https://gaming.az.gov/blog-terms/event-wagering-revenue-reports,AZ/screenshots/AZ_2024_11_AZ_2024_11_p1.png,"Golden Nugget Online Gaming $ - $ 439,419.38 $ - $ 412,546.37 $ - $ 25,774.46 $ - $ - $ - $ 25,774.46 $ - $ 2,577.45",,2026-04-08T18:26:28.236345
AZ,2024-11-01,2024-11-30,monthly,Golden Nugget Online Gaming,DraftKings (Golden Nugget),DraftKings,DraftKings Inc,online,,43941938,2577446,2687301,0,2577446,41254637,257745,109855,0.0586557197363484,30,False,False,AZ_2024_11.pdf,,,,,,https://gaming.az.gov/sites/default/files/EW%20Website%20Report%20-Nov%202024.pdf,https://gaming.az.gov/blog-terms/event-wagering-revenue-reports,AZ/screenshots/AZ_2024_11_AZ_2024_11_p1.png,"Golden Nugget Online Gaming $ - $ 439,419.38 $ - $ 412,546.37 $ - $ 25,774.46 $ - $ - $ - $ 25,774.46 $ - $ 2,577.45",,2026-04-08T18:26:28.236345
AZ,2024-11-01,2024-11-30,monthly,PENN / ESPN Bet,ESPN Bet,ESPN Bet,PENN Entertainment,retail,,0,0,0,0,0,0,0,0,,30,False,False,AZ_2024_11.pdf,,,,,,https://gaming.az.gov/sites/default/files/EW%20Website%20Report%20-Nov%202024.pdf,https://gaming.az.gov/blog-terms/event-wagering-revenue-reports,AZ/screenshots/AZ_2024_11_AZ_2024_11_p1.png,"PENN / ESPN Bet $ - $ 28,418,140.80 $ - $ 26,074,165.43 $ - $ 2,272,930.02 $ - $ 662,014.27 $ - $ 1,610,915.75 $ - $ 161,091.57",,2026-04-08T18:26:28.236345
AZ,2024-11-01,2024-11-30,monthly,PENN / ESPN Bet,ESPN Bet,ESPN Bet,PENN Entertainment,online,,2841814080,227293002,234397537,66201427,161091575,2607416543,16109157,7104535,0.0799816580541398,30,False,False,AZ_2024_11.pdf,,,,,,https://gaming.az.gov/sites/default/files/EW%20Website%20Report%20-Nov%202024.pdf,https://gaming.az.gov/blog-terms/event-wagering-revenue-reports,AZ/screenshots/AZ_2024_11_AZ_2024_11_p1.png,"PENN / ESPN Bet $ - $ 28,418,140.80 $ - $ 26,074,165.43 $ - $ 2,272,930.02 $ - $ 662,014.27 $ - $ 1,610,915.75 $ - $ 161,091.57",,2026-04-08T18:26:28.236345
AZ,2024-11-01,2024-11-30,monthly,RSI (Rush Street Interactive),BetRivers,BetRivers,Rush Street Interactive,retail,,0,0,0,0,0,0,0,0,,30,False,False,AZ_2024_11.pdf,,,,,,https://gaming.az.gov/sites/default/files/EW%20Website%20Report%20-Nov%202024.pdf,https://gaming.az.gov/blog-terms/event-wagering-revenue-reports,AZ/screenshots/AZ_2024_11_AZ_2024_11_p1.png,"RSI (Rush Street Interactive) $ - $ 7,879,948.17 $ - $ 7,272,128.33 $ - $ 588,119.97 $ - $ 149,851.95 $ - $ 438,268.02 $ - $ 43,826.80",,2026-04-08T18:26:28.236345
AZ,2024-11-01,2024-11-30,monthly,RSI (Rush Street Interactive),BetRivers,BetRivers,Rush Street Interactive,online,,787994817,58811997,60781984,14985195,43826802,727212833,4382680,1969987,0.0746350048645053,30,False,False,AZ_2024_11.pdf,,,,,,https://gaming.az.gov/sites/default/files/EW%20Website%20Report%20-Nov%202024.pdf,https://gaming.az.gov/blog-terms/event-wagering-revenue-reports,AZ/screenshots/AZ_2024_11_AZ_2024_11_p1.png,"RSI (Rush Street Interactive) $ - $ 7,879,948.17 $ - $ 7,272,128.33 $ - $ 588,119.97 $ - $ 149,851.95 $ - $ 438,268.02 $ - $ 43,826.80",,2026-04-08T18:26:28.236345
AZ,2024-11-01,2024-11-30,monthly,"SBOpco, LLC (SuperBook)",SuperBook,SuperBook,SuperBook Sports,retail,,0,0,0,0,0,0,0,0,,30,False,False,AZ_2024_11.pdf,,,,,,https://gaming.az.gov/sites/default/files/EW%20Website%20Report%20-Nov%202024.pdf,https://gaming.az.gov/blog-terms/event-wagering-revenue-reports,AZ/screenshots/AZ_2024_11_AZ_2024_11_p1.png,"SBOpco, LLC (SuperBook) $ - $ 5,539.84 $ - $ 1,320.00 $ - $ 4,219.84 $ - $ 29.54 $ - $ 4,190.30 $ - $ 419.03",,2026-04-08T18:26:28.236345
AZ,2024-11-01,2024-11-30,monthly,"SBOpco, LLC (SuperBook)",SuperBook,SuperBook,SuperBook Sports,online,,553984,421984,421984,2954,419030,132000,41903,0,0.7617259704251387,30,False,False,AZ_2024_11.pdf,,,,,,https://gaming.az.gov/sites/default/files/EW%20Website%20Report%20-Nov%202024.pdf,https://gaming.az.gov/blog-terms/event-wagering-revenue-reports,AZ/screenshots/AZ_2024_11_AZ_2024_11_p1.png,"SBOpco, LLC (SuperBook) $ - $ 5,539.84 $ - $ 1,320.00 $ - $ 4,219.84 $ - $ 29.54 $ - $ 4,190.30 $ - $ 419.03",,2026-04-08T18:26:28.236345
AZ,2024-11-01,2024-11-30,monthly,Seminole Hard Rock Digital,Hard Rock Bet,Hard Rock Bet,Seminole Tribe / Hard Rock Digital,retail,,0,0,0,0,0,0,0,0,,30,False,False,AZ_2024_11.pdf,,,,,,https://gaming.az.gov/sites/default/files/EW%20Website%20Report%20-Nov%202024.pdf,https://gaming.az.gov/blog-terms/event-wagering-revenue-reports,AZ/screenshots/AZ_2024_11_AZ_2024_11_p1.png,"Seminole Hard Rock Digital $ - $ 20,435,233.88 $ - $ 19,027,113.85 $ - $ 1,357,031.95 $ - $ 1,357,031.95 $ - $ - $ - $ -",,2026-04-08T18:26:28.236345
AZ,2024-11-01,2024-11-30,monthly,Seminole Hard Rock Digital,Hard Rock Bet,Hard Rock Bet,Seminole Tribe / Hard Rock Digital,online,,2043523388,135703195,140812003,135703195,0,1902711385,0,5108808,0.066406480002567,30,False,False,AZ_2024_11.pdf,,,,,,https://gaming.az.gov/sites/default/files/EW%20Website%20Report%20-Nov%202024.pdf,https://gaming.az.gov/blog-terms/event-wagering-revenue-reports,AZ/screenshots/AZ_2024_11_AZ_2024_11_p1.png,"Seminole Hard Rock Digital $ - $ 20,435,233.88 $ - $ 19,027,113.85 $ - $ 1,357,031.95 $ - $ 1,357,031.95 $ - $ - $ - $ -",,2026-04-08T18:26:28.236345
AZ,2024-11-01,2024-11-30,monthly,Sporttrade,Sporttrade,Sporttrade,Sporttrade Inc,retail,,0,0,0,0,0,0,0,0,,30,False,False,AZ_2024_11.pdf,,,,,,https://gaming.az.gov/sites/default/files/EW%20Website%20Report%20-Nov%202024.pdf,https://gaming.az.gov/blog-terms/event-wagering-revenue-reports,AZ/screenshots/AZ_2024_11_AZ_2024_11_p1.png,"Sporttrade $ - $ 2,263,946.59 $ - $ 2,123,793.92 $ - $ 134,492.80 $ - $ 14,479.23 $ - $ 120,013.57 $ - $ 12,001.36",,2026-04-08T18:26:28.236345
AZ,2024-11-01,2024-11-30,monthly,Sporttrade,Sporttrade,Sporttrade,Sporttrade Inc,online,,226394659,13449280,14015267,1447923,12001357,212379392,1200136,565987,0.0594063484510029,30,False,False,AZ_2024_11.pdf,,,,,,https://gaming.az.gov/sites/default/files/EW%20Website%20Report%20-Nov%202024.pdf,https://gaming.az.gov/blog-terms/event-wagering-revenue-reports,AZ/screenshots/AZ_2024_11_AZ_2024_11_p1.png,"Sporttrade $ - $ 2,263,946.59 $ - $ 2,123,793.92 $ - $ 134,492.80 $ - $ 14,479.23 $ - $ 120,013.57 $ - $ 12,001.36",,2026-04-08T18:26:28.236345
AZ,2024-12-01,2024-12-31,monthly,"Bally Interactive, LLC",Bally Bet,Bally Bet,Bally's Corporation,retail,,0,0,0,0,0,0,0,0,,31,False,False,AZ_2024_12.pdf,,,,,,https://gaming.az.gov/sites/default/files/EW%20Website%20Report-Dec%202024.pdf,https://gaming.az.gov/blog-terms/event-wagering-revenue-reports,AZ/screenshots/AZ_2024_12_AZ_2024_12_p1.png,"Bally Interactive, LLC $ - $ 3,623,294.01 $ - $ 3,134,651.05 $ - $ 479,584.72 $ - $ 278,010.00 $ - $ 201,574.72 $ - $ 20,157.47",,2026-04-08T18:26:28.768545
AZ,2024-12-01,2024-12-31,monthly,"Bally Interactive, LLC",Bally Bet,Bally Bet,Bally's Corporation,online,,362329401,47958472,48864296,27801000,20157472,313465105,2015747,905824,0.1323615248104031,31,False,False,AZ_2024_12.pdf,,,,,,https://gaming.az.gov/sites/default/files/EW%20Website%20Report-Dec%202024.pdf,https://gaming.az.gov/blog-terms/event-wagering-revenue-reports,AZ/screenshots/AZ_2024_12_AZ_2024_12_p1.png,"Bally Interactive, LLC $ - $ 3,623,294.01 $ - $ 3,134,651.05 $ - $ 479,584.72 $ - $ 278,010.00 $ - $ 201,574.72 $ - $ 20,157.47",,2026-04-08T18:26:28.768545
AZ,2024-12-01,2024-12-31,monthly,Bet365,bet365,bet365,bet365 Group,retail,,0,0,0,0,0,0,0,0,,31,False,False,AZ_2024_12.pdf,,,,,,https://gaming.az.gov/sites/default/files/EW%20Website%20Report-Dec%202024.pdf,https://gaming.az.gov/blog-terms/event-wagering-revenue-reports,AZ/screenshots/AZ_2024_12_AZ_2024_12_p1.png,"Bet365 $ - $ 40,101,123.43 $ - $ 38,210,280.56 $ - $ 1,795,879.38 $ - $ 1,763,446.38 $ - $ 32,433.00 $ - $ 3,243.30",,2026-04-08T18:26:28.768545
AZ,2024-12-01,2024-12-31,monthly,Bet365,bet365,bet365,bet365 Group,online,,4010112343,179587938,189084287,176344638,3243300,3821028056,324330,9496349,0.0447837672960675,31,False,False,AZ_2024_12.pdf,,,,,,https://gaming.az.gov/sites/default/files/EW%20Website%20Report-Dec%202024.pdf,https://gaming.az.gov/blog-terms/event-wagering-revenue-reports,AZ/screenshots/AZ_2024_12_AZ_2024_12_p1.png,"Bet365 $ - $ 40,101,123.43 $ - $ 38,210,280.56 $ - $ 1,795,879.38 $ - $ 1,763,446.38 $ - $ 32,433.00 $ - $ 3,243.30",,2026-04-08T18:26:28.768545
AZ,2024-12-01,2024-12-31,monthly,BetMGM,BetMGM,BetMGM,Entain/MGM Resorts,retail,,44612805,4500283,4611815,0,4500283,40000990,360023,111532,0.1008742445134306,31,False,False,AZ_2024_12.pdf,,,,,,https://gaming.az.gov/sites/default/files/EW%20Website%20Report-Dec%202024.pdf,https://gaming.az.gov/blog-terms/event-wagering-revenue-reports,AZ/screenshots/AZ_2024_12_AZ_2024_12_p1.png,"BetMGM $ 4 46,128.05 $ 111,949,921.61 $ 400,009.90 $ 107,861,813.96 $ 45,002.83 $ 3,816,325.71 $ - $ 3,372,910.59 $ 45,002.83 $ 443,415.12 $ 3,600.23 $ 44,341.51",,2026-04-08T18:26:28.768545
AZ,2024-12-01,2024-12-31,monthly,BetMGM,BetMGM,BetMGM,Entain/MGM Resorts,online,,11194992161,381632571,408810765,337291059,44341512,10786181396,4434151,27178194,0.0340895791181965,31,False,False,AZ_2024_12.pdf,,,,,,https://gaming.az.gov/sites/default/files/EW%20Website%20Report-Dec%202024.pdf,https://gaming.az.gov/blog-terms/event-wagering-revenue-reports,AZ/screenshots/AZ_2024_12_AZ_2024_12_p1.png,"BetMGM $ 4 46,128.05 $ 111,949,921.61 $ 400,009.90 $ 107,861,813.96 $ 45,002.83 $ 3,816,325.71 $ - $ 3,372,910.59 $ 45,002.83 $ 443,415.12 $ 3,600.23 $ 44,341.51",,2026-04-08T18:26:28.768545
AZ,2024-12-01,2024-12-31,monthly,Caesars (American Wagering),Caesars,Caesars,Caesars Entertainment,retail,,49225438,0,-11920762,0,0,61146200,0,-11920762,0.0,31,False,False,AZ_2024_12.pdf,,,,,,https://gaming.az.gov/sites/default/files/EW%20Website%20Report-Dec%202024.pdf,https://gaming.az.gov/blog-terms/event-wagering-revenue-reports,AZ/screenshots/AZ_2024_12_AZ_2024_12_p1.png,"Caesars (American Wagering) $ 4 92,254.38 $ 47,052,804.51 $ 611,462.00 $ 44,915,408.41 $ - $ 2,021,960.79 $ - $ 832,960.93 $ - $ 1,188,999.86 $ - $ 118,899.99",,2026-04-08T18:26:28.768545
AZ,2024-12-01,2024-12-31,monthly,Caesars (American Wagering),Caesars,Caesars,Caesars Entertainment,online,,4705280451,202196079,213739610,83296093,118899986,4491540841,11889999,11543531,0.0429721631060328,31,False,False,AZ_2024_12.pdf,,,,,,https://gaming.az.gov/sites/default/files/EW%20Website%20Report-Dec%202024.pdf,https://gaming.az.gov/blog-terms/event-wagering-revenue-reports,AZ/screenshots/AZ_2024_12_AZ_2024_12_p1.png,"Caesars (American Wagering) $ 4 92,254.38 $ 47,052,804.51 $ 611,462.00 $ 44,915,408.41 $ - $ 2,021,960.79 $ - $ 832,960.93 $ - $ 1,188,999.86 $ - $ 118,899.99",,2026-04-08T18:26:28.768545
AZ,2024-12-01,2024-12-31,monthly,Desert Diamond Mobile,Desert Diamond,Desert Diamond,Tohono O'odham Nation,retail,,0,0,0,0,0,0,0,0,,31,False,False,AZ_2024_12.pdf,,,,,,https://gaming.az.gov/sites/default/files/EW%20Website%20Report-Dec%202024.pdf,https://gaming.az.gov/blog-terms/event-wagering-revenue-reports,AZ/screenshots/AZ_2024_12_AZ_2024_12_p1.png,"Desert Diamond Mobile $ - $ 4,997,599.18 $ - $ 4,907,690.98 $ - $ 77,984.54 $ - $ 77,984.54 $ - $ - $ - $ -",,2026-04-08T18:26:28.768545
AZ,2024-12-01,2024-12-31,monthly,Desert Diamond Mobile,Desert Diamond,Desert Diamond,Tohono O'odham Nation,online,,499759918,7798454,8990820,7798454,0,490769098,0,1192366,0.015604400671444,31,False,False,AZ_2024_12.pdf,,,,,,https://gaming.az.gov/sites/default/files/EW%20Website%20Report-Dec%202024.pdf,https://gaming.az.gov/blog-terms/event-wagering-revenue-reports,AZ/screenshots/AZ_2024_12_AZ_2024_12_p1.png,"Desert Diamond Mobile $ - $ 4,997,599.18 $ - $ 4,907,690.98 $ - $ 77,984.54 $ - $ 77,984.54 $ - $ - $ - $ -",,2026-04-08T18:26:28.768545
AZ,2024-12-01,2024-12-31,monthly,Draft Kings/Crown Gaming,DraftKings,DraftKings,DraftKings Inc,retail,,291229471,0,-6104306,0,0,297333777,0,-6104306,0.0,31,False,False,AZ_2024_12.pdf,,,,,,https://gaming.az.gov/sites/default/files/EW%20Website%20Report-Dec%202024.pdf,https://gaming.az.gov/blog-terms/event-wagering-revenue-reports,AZ/screenshots/AZ_2024_12_AZ_2024_12_p1.png,"Draft Kings/Crown Gaming $ 2 ,912,294.71 $ 272,749,400.55 $ 2,973,337.77 $ 255,798,100.16 $ - $ 16,287,123.39 $ - $ 7,108,573.14 $ - $ 9,178,550.25 $ - $ 917,855.02",,2026-04-08T18:26:28.768545
AZ,2024-12-01,2024-12-31,monthly,Draft Kings/Crown Gaming,DraftKings,DraftKings,DraftKings Inc,online,,27274940055,1628712339,1695130039,710857314,917855025,25579810016,91785502,66417700,0.0597146074644232,31,False,False,AZ_2024_12.pdf,,,,,,https://gaming.az.gov/sites/default/files/EW%20Website%20Report-Dec%202024.pdf,https://gaming.az.gov/blog-terms/event-wagering-revenue-reports,AZ/screenshots/AZ_2024_12_AZ_2024_12_p1.png,"Draft Kings/Crown Gaming $ 2 ,912,294.71 $ 272,749,400.55 $ 2,973,337.77 $ 255,798,100.16 $ - $ 16,287,123.39 $ - $ 7,108,573.14 $ - $ 9,178,550.25 $ - $ 917,855.02",,2026-04-08T18:26:28.768545
AZ,2024-12-01,2024-12-31,monthly,Fanatics Sports Book,Fanatics,Fanatics,Fanatics Inc,retail,,0,0,0,0,0,0,0,0,,31,False,False,AZ_2024_12.pdf,,,,,,https://gaming.az.gov/sites/default/files/EW%20Website%20Report-Dec%202024.pdf,https://gaming.az.gov/blog-terms/event-wagering-revenue-reports,AZ/screenshots/AZ_2024_12_AZ_2024_12_p1.png,"Fanatics Sports Book $ - $ 43,215,151.84 $ - $ 41,085,442.38 $ - $ 2,026,479.13 $ - $ 1,923,021.05 $ - $ 103,458.08 $ - $ 10,345.81",,2026-04-08T18:26:28.768545
AZ,2024-12-01,2024-12-31,monthly,Fanatics Sports Book,Fanatics,Fanatics,Fanatics Inc,online,,4321515184,202647913,212970946,192302105,10345808,4108544238,1034581,10323033,0.0468927920814173,31,False,False,AZ_2024_12.pdf,,,,,,https://gaming.az.gov/sites/default/files/EW%20Website%20Report-Dec%202024.pdf,https://gaming.az.gov/blog-terms/event-wagering-revenue-reports,AZ/screenshots/AZ_2024_12_AZ_2024_12_p1.png,"Fanatics Sports Book $ - $ 43,215,151.84 $ - $ 41,085,442.38 $ - $ 2,026,479.13 $ - $ 1,923,021.05 $ - $ 103,458.08 $ - $ 10,345.81",,2026-04-08T18:26:28.768545
AZ,2024-12-01,2024-12-31,monthly,Fan Duel,FanDuel,FanDuel,Flutter Entertainment,retail,,120325750,0,-3220046,0,0,123545796,0,-3220046,0.0,31,False,False,AZ_2024_12.pdf,,,,,,https://gaming.az.gov/sites/default/files/EW%20Website%20Report-Dec%202024.pdf,https://gaming.az.gov/blog-terms/event-wagering-revenue-reports,AZ/screenshots/AZ_2024_12_AZ_2024_12_p1.png,"Fan Duel $ 1 ,203,257.50 $ 275,001,632.11 $ 1,235,457.96 $ 253,659,347.35 $ - $ 20,672,516.38 $ - $ 7,094,288.05 $ - $ 13,578,228.33 $ - $ 1,357,822.83",,2026-04-08T18:26:28.768545
AZ,2024-12-01,2024-12-31,monthly,Fan Duel,FanDuel,FanDuel,Flutter Entertainment,online,,27500163211,2067251638,2134228476,709428805,1357822833,25365934735,135782283,66976838,0.0751723406926219,31,False,False,AZ_2024_12.pdf,,,,,,https://gaming.az.gov/sites/default/files/EW%20Website%20Report-Dec%202024.pdf,https://gaming.az.gov/blog-terms/event-wagering-revenue-reports,AZ/screenshots/AZ_2024_12_AZ_2024_12_p1.png,"Fan Duel $ 1 ,203,257.50 $ 275,001,632.11 $ 1,235,457.96 $ 253,659,347.35 $ - $ 20,672,516.38 $ - $ 7,094,288.05 $ - $ 13,578,228.33 $ - $ 1,357,822.83",,2026-04-08T18:26:28.768545
AZ,2024-12-01,2024-12-31,monthly,Golden Nugget Online Gaming,DraftKings (Golden Nugget),DraftKings,DraftKings Inc,retail,,0,0,0,0,0,0,0,0,,31,False,False,AZ_2024_12.pdf,,,,,,https://gaming.az.gov/sites/default/files/EW%20Website%20Report-Dec%202024.pdf,https://gaming.az.gov/blog-terms/event-wagering-revenue-reports,AZ/screenshots/AZ_2024_12_AZ_2024_12_p1.png,"Golden Nugget Online Gaming $ - $ 486,674.19 $ - $ 495,154.43 $ - $ - $ - $ - $ - $ - $ - $ -",,2026-04-08T18:26:28.768545
AZ,2024-12-01,2024-12-31,monthly,Golden Nugget Online Gaming,DraftKings (Golden Nugget),DraftKings,DraftKings Inc,online,,48667419,0,-848024,0,0,49515443,0,-848024,0.0,31,False,False,AZ_2024_12.pdf,,,,,,https://gaming.az.gov/sites/default/files/EW%20Website%20Report-Dec%202024.pdf,https://gaming.az.gov/blog-terms/event-wagering-revenue-reports,AZ/screenshots/AZ_2024_12_AZ_2024_12_p1.png,"Golden Nugget Online Gaming $ - $ 486,674.19 $ - $ 495,154.43 $ - $ - $ - $ - $ - $ - $ - $ -",,2026-04-08T18:26:28.768545
AZ,2024-12-01,2024-12-31,monthly,PENN / ESPN Bet,ESPN Bet,ESPN Bet,PENN Entertainment,retail,,0,0,0,0,0,0,0,0,,31,False,False,AZ_2024_12.pdf,,,,,,https://gaming.az.gov/sites/default/files/EW%20Website%20Report-Dec%202024.pdf,https://gaming.az.gov/blog-terms/event-wagering-revenue-reports,AZ/screenshots/AZ_2024_12_AZ_2024_12_p1.png,"PENN / ESPN Bet $ - $ 22,937,670.90 $ - $ 22,197,231.89 $ - $ 683,094.83 $ - $ 667,181.78 $ - $ 15,913.05 $ - $ 1,591.31",,2026-04-08T18:26:28.768545
AZ,2024-12-01,2024-12-31,monthly,PENN / ESPN Bet,ESPN Bet,ESPN Bet,PENN Entertainment,online,,2293767090,68309483,74043901,66718178,1591305,2219723189,159131,5734418,0.0297804791505662,31,False,False,AZ_2024_12.pdf,,,,,,https://gaming.az.gov/sites/default/files/EW%20Website%20Report-Dec%202024.pdf,https://gaming.az.gov/blog-terms/event-wagering-revenue-reports,AZ/screenshots/AZ_2024_12_AZ_2024_12_p1.png,"PENN / ESPN Bet $ - $ 22,937,670.90 $ - $ 22,197,231.89 $ - $ 683,094.83 $ - $ 667,181.78 $ - $ 15,913.05 $ - $ 1,591.31",,2026-04-08T18:26:28.768545
AZ,2024-12-01,2024-12-31,monthly,RSI (Rush Street Interactive),BetRivers,BetRivers,Rush Street Interactive,retail,,0,0,0,0,0,0,0,0,,31,False,False,AZ_2024_12.pdf,,,,,,https://gaming.az.gov/sites/default/files/EW%20Website%20Report-Dec%202024.pdf,https://gaming.az.gov/blog-terms/event-wagering-revenue-reports,AZ/screenshots/AZ_2024_12_AZ_2024_12_p1.png,"RSI (Rush Street Interactive) $ - $ 6,646,887.03 $ - $ 5,997,800.39 $ - $ 632,469.42 $ - $ 161,880.39 $ - $ 470,589.03 $ - $ 47,058.90",,2026-04-08T18:26:28.768545
AZ,2024-12-01,2024-12-31,monthly,RSI (Rush Street Interactive),BetRivers,BetRivers,Rush Street Interactive,online,,664688703,63246942,64908664,16188039,47058903,599780039,4705890,1661722,0.0951527259520762,31,False,False,AZ_2024_12.pdf,,,,,,https://gaming.az.gov/sites/default/files/EW%20Website%20Report-Dec%202024.pdf,https://gaming.az.gov/blog-terms/event-wagering-revenue-reports,AZ/screenshots/AZ_2024_12_AZ_2024_12_p1.png,"RSI (Rush Street Interactive) $ - $ 6,646,887.03 $ - $ 5,997,800.39 $ - $ 632,469.42 $ - $ 161,880.39 $ - $ 470,589.03 $ - $ 47,058.90",,2026-04-08T18:26:28.768545
AZ,2024-12-01,2024-12-31,monthly,"SBOpco, LLC (SuperBook)",SuperBook,SuperBook,SuperBook Sports,retail,,0,0,0,0,0,0,0,0,,31,False,False,AZ_2024_12.pdf,,,,,,https://gaming.az.gov/sites/default/files/EW%20Website%20Report-Dec%202024.pdf,https://gaming.az.gov/blog-terms/event-wagering-revenue-reports,AZ/screenshots/AZ_2024_12_AZ_2024_12_p1.png,"SBOpco, LLC (SuperBook) $ - $ 1,564.53 $ - $ 881.56 $ - $ 682.97 $ - $ 65.63 $ - $ 617.34 $ - $ 61.73",,2026-04-08T18:26:28.768545
AZ,2024-12-01,2024-12-31,monthly,"SBOpco, LLC (SuperBook)",SuperBook,SuperBook,SuperBook Sports,online,,156453,68297,68297,6563,61734,88156,6173,0,0.4365336554748071,31,False,False,AZ_2024_12.pdf,,,,,,https://gaming.az.gov/sites/default/files/EW%20Website%20Report-Dec%202024.pdf,https://gaming.az.gov/blog-terms/event-wagering-revenue-reports,AZ/screenshots/AZ_2024_12_AZ_2024_12_p1.png,"SBOpco, LLC (SuperBook) $ - $ 1,564.53 $ - $ 881.56 $ - $ 682.97 $ - $ 65.63 $ - $ 617.34 $ - $ 61.73",,2026-04-08T18:26:28.768545
AZ,2024-12-01,2024-12-31,monthly,Seminole Hard Rock Digital,Hard Rock Bet,Hard Rock Bet,Seminole Tribe / Hard Rock Digital,retail,,0,0,0,0,0,0,0,0,,31,False,False,AZ_2024_12.pdf,,,,,,https://gaming.az.gov/sites/default/files/EW%20Website%20Report-Dec%202024.pdf,https://gaming.az.gov/blog-terms/event-wagering-revenue-reports,AZ/screenshots/AZ_2024_12_AZ_2024_12_p1.png,"Seminole Hard Rock Digital $ - $ 13,885,935.82 $ - $ 13,052,016.90 $ - $ 799,204.08 $ - $ 247,146.07 $ - $ 552,058.01 $ - $ 55,205.80",,2026-04-08T18:26:28.768545
AZ,2024-12-01,2024-12-31,monthly,Seminole Hard Rock Digital,Hard Rock Bet,Hard Rock Bet,Seminole Tribe / Hard Rock Digital,online,,1388593582,79920408,83391892,24714607,55205801,1305201690,5520580,3471484,0.0575549311447127,31,False,False,AZ_2024_12.pdf,,,,,,https://gaming.az.gov/sites/default/files/EW%20Website%20Report-Dec%202024.pdf,https://gaming.az.gov/blog-terms/event-wagering-revenue-reports,AZ/screenshots/AZ_2024_12_AZ_2024_12_p1.png,"Seminole Hard Rock Digital $ - $ 13,885,935.82 $ - $ 13,052,016.90 $ - $ 799,204.08 $ - $ 247,146.07 $ - $ 552,058.01 $ - $ 55,205.80",,2026-04-08T18:26:28.768545
AZ,2024-12-01,2024-12-31,monthly,Sporttrade,Sporttrade,Sporttrade,Sporttrade Inc,retail,,0,0,0,0,0,0,0,0,,31,False,False,AZ_2024_12.pdf,,,,,,https://gaming.az.gov/sites/default/files/EW%20Website%20Report-Dec%202024.pdf,https://gaming.az.gov/blog-terms/event-wagering-revenue-reports,AZ/screenshots/AZ_2024_12_AZ_2024_12_p1.png,"Sporttrade $ - $ 1,613,041.59 $ - $ 1,691,223.09 $ - $ - $ - $ - $ - $ - $ - $ -",,2026-04-08T18:26:28.768545
AZ,2024-12-01,2024-12-31,monthly,Sporttrade,Sporttrade,Sporttrade,Sporttrade Inc,online,,161304159,0,-7818150,0,0,169122309,0,-7818150,0.0,31,False,False,AZ_2024_12.pdf,,,,,,https://gaming.az.gov/sites/default/files/EW%20Website%20Report-Dec%202024.pdf,https://gaming.az.gov/blog-terms/event-wagering-revenue-reports,AZ/screenshots/AZ_2024_12_AZ_2024_12_p1.png,"Sporttrade $ - $ 1,613,041.59 $ - $ 1,691,223.09 $ - $ - $ - $ - $ - $ - $ - $ -",,2026-04-08T18:26:28.768545
AZ,2025-01-01,2025-01-31,monthly,"Bally Interactive, LLC",Bally Bet,Bally Bet,Bally's Corporation,retail,,0,0,0,0,0,0,0,0,,31,False,False,AZ_2025_01.pdf,,,,,,https://gaming.az.gov/sites/default/files/EW%20Website%20Report-Jan%202025-REVISED%20061525.pdf,https://gaming.az.gov/blog-terms/event-wagering-revenue-reports,AZ/screenshots/AZ_2025_01_AZ_2025_01_p1.png,"Bally Interactive, LLC $ - $ 2,893,676.37 $ - $ 2,808,853.51 $ - $ 77,588.67 $ - $ 77,588.67 $ - $ - $ - $ -",,2026-04-08T18:26:30.537563
AZ,2025-01-01,2025-01-31,monthly,"Bally Interactive, LLC",Bally Bet,Bally Bet,Bally's Corporation,online,,289367637,7758867,8482286,7758867,0,280885351,0,723419,0.0268131815998483,31,False,False,AZ_2025_01.pdf,,,,,,https://gaming.az.gov/sites/default/files/EW%20Website%20Report-Jan%202025-REVISED%20061525.pdf,https://gaming.az.gov/blog-terms/event-wagering-revenue-reports,AZ/screenshots/AZ_2025_01_AZ_2025_01_p1.png,"Bally Interactive, LLC $ - $ 2,893,676.37 $ - $ 2,808,853.51 $ - $ 77,588.67 $ - $ 77,588.67 $ - $ - $ - $ -",,2026-04-08T18:26:30.537563
AZ,2025-01-01,2025-01-31,monthly,Bet365,bet365,bet365,bet365 Group,retail,,0,0,0,0,0,0,0,0,,31,False,False,AZ_2025_01.pdf,,,,,,https://gaming.az.gov/sites/default/files/EW%20Website%20Report-Jan%202025-REVISED%20061525.pdf,https://gaming.az.gov/blog-terms/event-wagering-revenue-reports,AZ/screenshots/AZ_2025_01_AZ_2025_01_p1.png,"Bet365 $ - $ 42,030,558.92 $ - $ 39,366,722.21 $ - $ 2,564,962.50 $ - $ 1,659,873.68 $ - $ 905,088.82 $ - $ 90,508.88",,2026-04-08T18:26:30.537563
AZ,2025-01-01,2025-01-31,monthly,Bet365,bet365,bet365,bet365 Group,online,,4203055892,256496250,266383671,165987368,90508882,3936672221,9050888,9887421,0.0610261335063873,31,False,False,AZ_2025_01.pdf,,,,,,https://gaming.az.gov/sites/default/files/EW%20Website%20Report-Jan%202025-REVISED%20061525.pdf,https://gaming.az.gov/blog-terms/event-wagering-revenue-reports,AZ/screenshots/AZ_2025_01_AZ_2025_01_p1.png,"Bet365 $ - $ 42,030,558.92 $ - $ 39,366,722.21 $ - $ 2,564,962.50 $ - $ 1,659,873.68 $ - $ 905,088.82 $ - $ 90,508.88",,2026-04-08T18:26:30.537563
AZ,2025-01-01,2025-01-31,monthly,BetMGM,BetMGM,BetMGM,Entain/MGM Resorts,retail,,59283440,7040816,7189025,0,7040816,52094415,563265,148209,0.1187653078161456,31,False,False,AZ_2025_01.pdf,,,,,,https://gaming.az.gov/sites/default/files/EW%20Website%20Report-Jan%202025-REVISED%20061525.pdf,https://gaming.az.gov/blog-terms/event-wagering-revenue-reports,AZ/screenshots/AZ_2025_01_AZ_2025_01_p1.png,"BetMGM $ 592,834.40 $ 99,801,517.10 $ 520,944.15 $ 89,793,202.32 $ 70,408.16 $ 9,765,817.97 $ - $ 2,964,078.02 $ 70,408.16 $ 6,801,739.95 $ 5,632.65 $ 680,173.99",,2026-04-08T18:26:30.537563
AZ,2025-01-01,2025-01-31,monthly,BetMGM,BetMGM,BetMGM,Entain/MGM Resorts,online,,9980151710,976581797,1000831478,296407802,680173995,8979320232,68017399,24249681,0.0978523999812022,31,False,False,AZ_2025_01.pdf,,,,,,https://gaming.az.gov/sites/default/files/EW%20Website%20Report-Jan%202025-REVISED%20061525.pdf,https://gaming.az.gov/blog-terms/event-wagering-revenue-reports,AZ/screenshots/AZ_2025_01_AZ_2025_01_p1.png,"BetMGM $ 592,834.40 $ 99,801,517.10 $ 520,944.15 $ 89,793,202.32 $ 70,408.16 $ 9,765,817.97 $ - $ 2,964,078.02 $ 70,408.16 $ 6,801,739.95 $ 5,632.65 $ 680,173.99",,2026-04-08T18:26:30.537563
AZ,2025-01-01,2025-01-31,monthly,Caesars (American Wagering),Caesars,Caesars,Caesars Entertainment,retail,,72098078,3469126,3656133,0,3469126,68441945,277530,187007,0.048116761170804,31,False,False,AZ_2025_01.pdf,,,,,,https://gaming.az.gov/sites/default/files/EW%20Website%20Report-Jan%202025-REVISED%20061525.pdf,https://gaming.az.gov/blog-terms/event-wagering-revenue-reports,AZ/screenshots/AZ_2025_01_AZ_2025_01_p1.png,"Caesars (American Wagering) $ 720,980.78 $ 47,634,901.28 $ 684,419.45 $ 44,132,251.84 $ 34,691.26 $ 3,384,559.51 $ - $ 883,080.07 $ 34,691.26 $ 2,501,479.44 $ 2,775.30 $ 250,147.94",,2026-04-08T18:26:30.537563
AZ,2025-01-01,2025-01-31,monthly,Caesars (American Wagering),Caesars,Caesars,Caesars Entertainment,online,,4763490128,338455951,350264944,88308007,250147944,4413225184,25014794,11808993,0.0710520945578414,31,False,False,AZ_2025_01.pdf,,,,,,https://gaming.az.gov/sites/default/files/EW%20Website%20Report-Jan%202025-REVISED%20061525.pdf,https://gaming.az.gov/blog-terms/event-wagering-revenue-reports,AZ/screenshots/AZ_2025_01_AZ_2025_01_p1.png,"Caesars (American Wagering) $ 720,980.78 $ 47,634,901.28 $ 684,419.45 $ 44,132,251.84 $ 34,691.26 $ 3,384,559.51 $ - $ 883,080.07 $ 34,691.26 $ 2,501,479.44 $ 2,775.30 $ 250,147.94",,2026-04-08T18:26:30.537563
AZ,2025-01-01,2025-01-31,monthly,Desert Diamond Mobile,Desert Diamond,Desert Diamond,Tohono O'odham Nation,retail,,0,0,0,0,0,0,0,0,,31,False,False,AZ_2025_01.pdf,,,,,,https://gaming.az.gov/sites/default/files/EW%20Website%20Report-Jan%202025-REVISED%20061525.pdf,https://gaming.az.gov/blog-terms/event-wagering-revenue-reports,AZ/screenshots/AZ_2025_01_AZ_2025_01_p1.png,"Desert Diamond Mobile $ - $ 5,499,824.44 $ - $ 5,242,231.38 $ - $ 244,359.99 $ - $ 206,525.53 $ - $ 37,834.46 $ - $ 3,783.45",,2026-04-08T18:26:30.537563
AZ,2025-01-01,2025-01-31,monthly,Desert Diamond Mobile,Desert Diamond,Desert Diamond,Tohono O'odham Nation,online,,549982444,24435999,25759306,20652553,3783446,524223138,378345,1323307,0.0444305073127025,31,False,False,AZ_2025_01.pdf,,,,,,https://gaming.az.gov/sites/default/files/EW%20Website%20Report-Jan%202025-REVISED%20061525.pdf,https://gaming.az.gov/blog-terms/event-wagering-revenue-reports,AZ/screenshots/AZ_2025_01_AZ_2025_01_p1.png,"Desert Diamond Mobile $ - $ 5,499,824.44 $ - $ 5,242,231.38 $ - $ 244,359.99 $ - $ 206,525.53 $ - $ 37,834.46 $ - $ 3,783.45",,2026-04-08T18:26:30.537563
AZ,2025-01-01,2025-01-31,monthly,Draft Kings/Crown Gaming,DraftKings,DraftKings,DraftKings Inc,retail,,358219479,0,-38472331,0,0,396691810,0,-38472331,0.0,31,False,False,AZ_2025_01.pdf,,,,,,https://gaming.az.gov/sites/default/files/EW%20Website%20Report-Jan%202025-REVISED%20061525.pdf,https://gaming.az.gov/blog-terms/event-wagering-revenue-reports,AZ/screenshots/AZ_2025_01_AZ_2025_01_p1.png,"Draft Kings/Crown Gaming $ 3,582,194.79 $ 268,178,970.27 $ 3,966,918.10 $ 241,018,060.64 $ - $ 26,511,077.63 $ - $ 8,279,530.86 $ - $ 18,231,546.77 $ - $ 1,823,154.68",,2026-04-08T18:26:30.537563
AZ,2025-01-01,2025-01-31,monthly,Draft Kings/Crown Gaming,DraftKings,DraftKings,DraftKings Inc,online,,26817897027,2651107763,2716090963,827953086,1823154677,24101806064,182315468,64983200,0.0988559155227902,31,False,False,AZ_2025_01.pdf,,,,,,https://gaming.az.gov/sites/default/files/EW%20Website%20Report-Jan%202025-REVISED%20061525.pdf,https://gaming.az.gov/blog-terms/event-wagering-revenue-reports,AZ/screenshots/AZ_2025_01_AZ_2025_01_p1.png,"Draft Kings/Crown Gaming $ 3,582,194.79 $ 268,178,970.27 $ 3,966,918.10 $ 241,018,060.64 $ - $ 26,511,077.63 $ - $ 8,279,530.86 $ - $ 18,231,546.77 $ - $ 1,823,154.68",,2026-04-08T18:26:30.537563
AZ,2025-01-01,2025-01-31,monthly,Fanatics Sports Book,Fanatics,Fanatics,Fanatics Inc,retail,,0,0,0,0,0,0,0,0,,31,False,False,AZ_2025_01.pdf,,,,,,https://gaming.az.gov/sites/default/files/EW%20Website%20Report-Jan%202025-REVISED%20061525.pdf,https://gaming.az.gov/blog-terms/event-wagering-revenue-reports,AZ/screenshots/AZ_2025_01_AZ_2025_01_p1.png,"Fanatics Sports Book $ - $ 55,564,120.65 $ - $ 52,049,276.88 $ - $ 3,380,870.25 $ - $ 1,974,712.57 $ - $ 1,406,157.68 $ - $ 140,615.77",,2026-04-08T18:26:30.537563
AZ,2025-01-01,2025-01-31,monthly,Fanatics Sports Book,Fanatics,Fanatics,Fanatics Inc,online,,5556412065,338087025,351484377,197471257,140615768,5204927688,14061577,13397352,0.0608462837249994,31,False,False,AZ_2025_01.pdf,,,,,,https://gaming.az.gov/sites/default/files/EW%20Website%20Report-Jan%202025-REVISED%20061525.pdf,https://gaming.az.gov/blog-terms/event-wagering-revenue-reports,AZ/screenshots/AZ_2025_01_AZ_2025_01_p1.png,"Fanatics Sports Book $ - $ 55,564,120.65 $ - $ 52,049,276.88 $ - $ 3,380,870.25 $ - $ 1,974,712.57 $ - $ 1,406,157.68 $ - $ 140,615.77",,2026-04-08T18:26:30.537563
AZ,2025-01-01,2025-01-31,monthly,Fan Duel,FanDuel,FanDuel,Flutter Entertainment,retail,,143262025,0,-25961175,0,0,169223200,0,-25961175,0.0,31,False,False,AZ_2025_01.pdf,,,,,,https://gaming.az.gov/sites/default/files/EW%20Website%20Report-Jan%202025-REVISED%20061525.pdf,https://gaming.az.gov/blog-terms/event-wagering-revenue-reports,AZ/screenshots/AZ_2025_01_AZ_2025_01_p1.png,"Fan Duel $ 1,432,620.25 $ 286,510,825.26 $ 1,692,232.00 $ 251,064,429.79 $ - $ 34,763,893.65 $ - $ 13,510,095.04 $ - $ 21,253,798.61 $ - $ 2,125,379.86",,2026-04-08T18:26:30.537563
AZ,2025-01-01,2025-01-31,monthly,Fan Duel,FanDuel,FanDuel,Flutter Entertainment,online,,28651082526,3476389365,3544639547,1351009504,2125379861,25106442979,212537986,68250182,0.1213353583357725,31,False,False,AZ_2025_01.pdf,,,,,,https://gaming.az.gov/sites/default/files/EW%20Website%20Report-Jan%202025-REVISED%20061525.pdf,https://gaming.az.gov/blog-terms/event-wagering-revenue-reports,AZ/screenshots/AZ_2025_01_AZ_2025_01_p1.png,"Fan Duel $ 1,432,620.25 $ 286,510,825.26 $ 1,692,232.00 $ 251,064,429.79 $ - $ 34,763,893.65 $ - $ 13,510,095.04 $ - $ 21,253,798.61 $ - $ 2,125,379.86",,2026-04-08T18:26:30.537563
AZ,2025-01-01,2025-01-31,monthly,Golden Nugget Online Gaming,DraftKings (Golden Nugget),DraftKings,DraftKings Inc,retail,,0,0,0,0,0,0,0,0,,31,False,False,AZ_2025_01.pdf,,,,,,https://gaming.az.gov/sites/default/files/EW%20Website%20Report-Jan%202025-REVISED%20061525.pdf,https://gaming.az.gov/blog-terms/event-wagering-revenue-reports,AZ/screenshots/AZ_2025_01_AZ_2025_01_p1.png,"Golden Nugget Online Gaming $ - $ 302,919.97 $ - $ 324,260.80 $ - $ - $ - $ - $ - $ - $ - $ -",,2026-04-08T18:26:30.537563
AZ,2025-01-01,2025-01-31,monthly,Golden Nugget Online Gaming,DraftKings (Golden Nugget),DraftKings,DraftKings Inc,online,,30291997,0,-2134083,0,0,32426080,0,-2134083,0.0,31,False,False,AZ_2025_01.pdf,,,,,,https://gaming.az.gov/sites/default/files/EW%20Website%20Report-Jan%202025-REVISED%20061525.pdf,https://gaming.az.gov/blog-terms/event-wagering-revenue-reports,AZ/screenshots/AZ_2025_01_AZ_2025_01_p1.png,"Golden Nugget Online Gaming $ - $ 302,919.97 $ - $ 324,260.80 $ - $ - $ - $ - $ - $ - $ - $ -",,2026-04-08T18:26:30.537563
AZ,2025-01-01,2025-01-31,monthly,PENN / ESPN Bet,ESPN Bet,ESPN Bet,PENN Entertainment,retail,,0,0,0,0,0,0,0,0,,31,False,False,AZ_2025_01.pdf,,,,,,https://gaming.az.gov/sites/default/files/EW%20Website%20Report-Jan%202025-REVISED%20061525.pdf,https://gaming.az.gov/blog-terms/event-wagering-revenue-reports,AZ/screenshots/AZ_2025_01_AZ_2025_01_p1.png,"PENN / ESPN Bet $ - $ 27,880,511.92 $ - $ 26,021,674.79 $ - $ 1,789,135.85 $ - $ 625,447.77 $ - $ 1,163,688.08 $ - $ 116,368.81",,2026-04-08T18:26:30.537563
AZ,2025-01-01,2025-01-31,monthly,PENN / ESPN Bet,ESPN Bet,ESPN Bet,PENN Entertainment,online,,2788051192,178913585,185883713,62544777,116368808,2602167479,11636881,6970128,0.0641715566462238,31,False,False,AZ_2025_01.pdf,,,,,,https://gaming.az.gov/sites/default/files/EW%20Website%20Report-Jan%202025-REVISED%20061525.pdf,https://gaming.az.gov/blog-terms/event-wagering-revenue-reports,AZ/screenshots/AZ_2025_01_AZ_2025_01_p1.png,"PENN / ESPN Bet $ - $ 27,880,511.92 $ - $ 26,021,674.79 $ - $ 1,789,135.85 $ - $ 625,447.77 $ - $ 1,163,688.08 $ - $ 116,368.81",,2026-04-08T18:26:30.537563
AZ,2025-01-01,2025-01-31,monthly,Plannatech,Plannatech,Plannatech,Plannatech,retail,,0,0,0,0,0,0,0,0,,31,False,False,AZ_2025_01.pdf,,,,,,https://gaming.az.gov/sites/default/files/EW%20Website%20Report-Jan%202025-REVISED%20061525.pdf,https://gaming.az.gov/blog-terms/event-wagering-revenue-reports,AZ/screenshots/AZ_2025_01_AZ_2025_01_p1.png,"Plannatech $ - $ 7,658.01 $ - $ 6,765.72 $ - $ 873.14 $ - $ - $ - $ 873.14 $ - $ 87.31",,2026-04-08T18:26:30.537563
AZ,2025-01-01,2025-01-31,monthly,Plannatech,Plannatech,Plannatech,Plannatech,online,,765801,87314,89229,0,87314,676572,8731,1915,0.1140165656613141,31,False,False,AZ_2025_01.pdf,,,,,,https://gaming.az.gov/sites/default/files/EW%20Website%20Report-Jan%202025-REVISED%20061525.pdf,https://gaming.az.gov/blog-terms/event-wagering-revenue-reports,AZ/screenshots/AZ_2025_01_AZ_2025_01_p1.png,"Plannatech $ - $ 7,658.01 $ - $ 6,765.72 $ - $ 873.14 $ - $ - $ - $ 873.14 $ - $ 87.31",,2026-04-08T18:26:30.537563
AZ,2025-01-01,2025-01-31,monthly,RSI (Rush Street Interactive),BetRivers,BetRivers,Rush Street Interactive,retail,,0,0,0,0,0,0,0,0,,31,False,False,AZ_2025_01.pdf,,,,,,https://gaming.az.gov/sites/default/files/EW%20Website%20Report-Jan%202025-REVISED%20061525.pdf,https://gaming.az.gov/blog-terms/event-wagering-revenue-reports,AZ/screenshots/AZ_2025_01_AZ_2025_01_p1.png,"RSI (Rush Street Interactive) $ - $ 7,417,964.68 $ - $ 6,941,031.88 $ - $ 458,387.89 $ - $ 88,504.06 $ - $ 369,883.83 $ - $ 36,988.38",,2026-04-08T18:26:30.537563
AZ,2025-01-01,2025-01-31,monthly,RSI (Rush Street Interactive),BetRivers,BetRivers,Rush Street Interactive,online,,741796468,45838789,47693280,8850406,36988383,694103188,3698838,1854491,0.0617942939571936,31,False,False,AZ_2025_01.pdf,,,,,,https://gaming.az.gov/sites/default/files/EW%20Website%20Report-Jan%202025-REVISED%20061525.pdf,https://gaming.az.gov/blog-terms/event-wagering-revenue-reports,AZ/screenshots/AZ_2025_01_AZ_2025_01_p1.png,"RSI (Rush Street Interactive) $ - $ 7,417,964.68 $ - $ 6,941,031.88 $ - $ 458,387.89 $ - $ 88,504.06 $ - $ 369,883.83 $ - $ 36,988.38",,2026-04-08T18:26:30.537563
AZ,2025-01-01,2025-01-31,monthly,"SBOpco, LLC (SuperBook)",SuperBook,SuperBook,SuperBook Sports,retail,,0,0,0,0,0,0,0,0,,31,False,False,AZ_2025_01.pdf,,,,,,https://gaming.az.gov/sites/default/files/EW%20Website%20Report-Jan%202025-REVISED%20061525.pdf,https://gaming.az.gov/blog-terms/event-wagering-revenue-reports,AZ/screenshots/AZ_2025_01_AZ_2025_01_p1.png,"SBOpco, LLC (SuperBook) $ - $ 1,737.25 $ - $ 19,651.67 $ - $ - $ - $ - $ - $ - $ - $ -",,2026-04-08T18:26:30.537563
AZ,2025-01-01,2025-01-31,monthly,"SBOpco, LLC (SuperBook)",SuperBook,SuperBook,SuperBook Sports,online,,173725,0,-1791442,0,0,1965167,0,-1791442,0.0,31,False,False,AZ_2025_01.pdf,,,,,,https://gaming.az.gov/sites/default/files/EW%20Website%20Report-Jan%202025-REVISED%20061525.pdf,https://gaming.az.gov/blog-terms/event-wagering-revenue-reports,AZ/screenshots/AZ_2025_01_AZ_2025_01_p1.png,"SBOpco, LLC (SuperBook) $ - $ 1,737.25 $ - $ 19,651.67 $ - $ - $ - $ - $ - $ - $ - $ -",,2026-04-08T18:26:30.537563
AZ,2025-01-01,2025-01-31,monthly,Seminole Hard Rock Digital,Hard Rock Bet,Hard Rock Bet,Seminole Tribe / Hard Rock Digital,retail,,0,0,0,0,0,0,0,0,,31,False,False,AZ_2025_01.pdf,,,,,,https://gaming.az.gov/sites/default/files/EW%20Website%20Report-Jan%202025-REVISED%20061525.pdf,https://gaming.az.gov/blog-terms/event-wagering-revenue-reports,AZ/screenshots/AZ_2025_01_AZ_2025_01_p1.png,"Seminole Hard Rock Digital $ - $ 12,694,415.88 $ - $ 12,180,378.74 $ - $ 482,301.10 $ - $ 137,119.53 $ - $ 345,181.57 $ - $ 34,518.16",,2026-04-08T18:26:30.537563
AZ,2025-01-01,2025-01-31,monthly,Seminole Hard Rock Digital,Hard Rock Bet,Hard Rock Bet,Seminole Tribe / Hard Rock Digital,online,,1269441588,48230110,51403714,13711953,34518157,1218037874,3451816,3173604,0.0379931699543468,31,False,False,AZ_2025_01.pdf,,,,,,https://gaming.az.gov/sites/default/files/EW%20Website%20Report-Jan%202025-REVISED%20061525.pdf,https://gaming.az.gov/blog-terms/event-wagering-revenue-reports,AZ/screenshots/AZ_2025_01_AZ_2025_01_p1.png,"Seminole Hard Rock Digital $ - $ 12,694,415.88 $ - $ 12,180,378.74 $ - $ 482,301.10 $ - $ 137,119.53 $ - $ 345,181.57 $ - $ 34,518.16",,2026-04-08T18:26:30.537563
AZ,2025-01-01,2025-01-31,monthly,Sporttrade,Sporttrade,Sporttrade,Sporttrade Inc,retail,,0,0,0,0,0,0,0,0,,31,False,False,AZ_2025_01.pdf,,,,,,https://gaming.az.gov/sites/default/files/EW%20Website%20Report-Jan%202025-REVISED%20061525.pdf,https://gaming.az.gov/blog-terms/event-wagering-revenue-reports,AZ/screenshots/AZ_2025_01_AZ_2025_01_p1.png,"Sporttrade $ - $ 1,493,263.40 $ - $ 1,409,438.69 $ - $ 80,091.55 $ - $ 6,514.51 $ - $ 73,577.04 $ - $ 7,357.70",,2026-04-08T18:26:30.537563
AZ,2025-01-01,2025-01-31,monthly,Sporttrade,Sporttrade,Sporttrade,Sporttrade Inc,online,,149326340,8009155,8382471,651451,7357704,140943869,735770,373316,0.0536352461327318,31,False,False,AZ_2025_01.pdf,,,,,,https://gaming.az.gov/sites/default/files/EW%20Website%20Report-Jan%202025-REVISED%20061525.pdf,https://gaming.az.gov/blog-terms/event-wagering-revenue-reports,AZ/screenshots/AZ_2025_01_AZ_2025_01_p1.png,"Sporttrade $ - $ 1,493,263.40 $ - $ 1,409,438.69 $ - $ 80,091.55 $ - $ 6,514.51 $ - $ 73,577.04 $ - $ 7,357.70",,2026-04-08T18:26:30.537563
AZ,2025-02-01,2025-02-28,monthly,"Bally Interactive, LLC",Bally Bet,Bally Bet,Bally's Corporation,retail,,0,0,0,0,0,0,0,0,,28,False,False,AZ_2025_02.pdf,,,,,,https://gaming.az.gov/sites/default/files/EW%20Website%20Report-Feb%202025-REVISED%20061525.pdf,https://gaming.az.gov/blog-terms/event-wagering-revenue-reports,AZ/screenshots/AZ_2025_02_AZ_2025_02_p1.png,"Bally Interactive, LLC $ - $ 2,346,630.77 $ - $ 2,234,344.44 $ - $ 106,419.75 $ - $ 30,455.52 $ - $ 75,964.23 $ - $ 7,596.42",,2026-04-08T18:26:32.419037
AZ,2025-02-01,2025-02-28,monthly,"Bally Interactive, LLC",Bally Bet,Bally Bet,Bally's Corporation,online,,234663077,10641975,11228633,3045552,7596423,223434444,759642,586658,0.0453500189976627,28,False,False,AZ_2025_02.pdf,,,,,,https://gaming.az.gov/sites/default/files/EW%20Website%20Report-Feb%202025-REVISED%20061525.pdf,https://gaming.az.gov/blog-terms/event-wagering-revenue-reports,AZ/screenshots/AZ_2025_02_AZ_2025_02_p1.png,"Bally Interactive, LLC $ - $ 2,346,630.77 $ - $ 2,234,344.44 $ - $ 106,419.75 $ - $ 30,455.52 $ - $ 75,964.23 $ - $ 7,596.42",,2026-04-08T18:26:32.419037
AZ,2025-02-01,2025-02-28,monthly,Bet365,bet365,bet365,bet365 Group,retail,,0,0,0,0,0,0,0,0,,28,False,False,AZ_2025_02.pdf,,,,,,https://gaming.az.gov/sites/default/files/EW%20Website%20Report-Feb%202025-REVISED%20061525.pdf,https://gaming.az.gov/blog-terms/event-wagering-revenue-reports,AZ/screenshots/AZ_2025_02_AZ_2025_02_p1.png,"Bet365 $ - $ 48,995,589.39 $ - $ 46,240,379.82 $ - $ 2,651,499.86 $ - $ 2,325,655.74 $ - $ 325,844.12 $ - $ 32,584.41",,2026-04-08T18:26:32.419037
AZ,2025-02-01,2025-02-28,monthly,Bet365,bet365,bet365,bet365 Group,online,,4899558939,265149986,275520957,232565574,32584412,4624037982,3258441,10370971,0.054117113254712,28,False,False,AZ_2025_02.pdf,,,,,,https://gaming.az.gov/sites/default/files/EW%20Website%20Report-Feb%202025-REVISED%20061525.pdf,https://gaming.az.gov/blog-terms/event-wagering-revenue-reports,AZ/screenshots/AZ_2025_02_AZ_2025_02_p1.png,"Bet365 $ - $ 48,995,589.39 $ - $ 46,240,379.82 $ - $ 2,651,499.86 $ - $ 2,325,655.74 $ - $ 325,844.12 $ - $ 32,584.41",,2026-04-08T18:26:32.419037
AZ,2025-02-01,2025-02-28,monthly,BetMGM,BetMGM,BetMGM,Entain/MGM Resorts,retail,,25135360,0,-5984830,0,0,31120190,0,-5984830,0.0,28,False,False,AZ_2025_02.pdf,,,,,,https://gaming.az.gov/sites/default/files/EW%20Website%20Report-Feb%202025-REVISED%20061525.pdf,https://gaming.az.gov/blog-terms/event-wagering-revenue-reports,AZ/screenshots/AZ_2025_02_AZ_2025_02_p1.png,"BetMGM $ 251,353.60 $ 78,695,544.36 $ 311,201.90 $ 71,593,537.12 $ - $ 6,912,747.09 $ - $ 2,993,023.72 $ - $ 3,919,723.37 $ - $ 391,972.34",,2026-04-08T18:26:32.419037
AZ,2025-02-01,2025-02-28,monthly,BetMGM,BetMGM,BetMGM,Entain/MGM Resorts,online,,7869554436,691274709,710200724,299302372,391972337,7159353712,39197234,18926015,0.0878416579517768,28,False,False,AZ_2025_02.pdf,,,,,,https://gaming.az.gov/sites/default/files/EW%20Website%20Report-Feb%202025-REVISED%20061525.pdf,https://gaming.az.gov/blog-terms/event-wagering-revenue-reports,AZ/screenshots/AZ_2025_02_AZ_2025_02_p1.png,"BetMGM $ 251,353.60 $ 78,695,544.36 $ 311,201.90 $ 71,593,537.12 $ - $ 6,912,747.09 $ - $ 2,993,023.72 $ - $ 3,919,723.37 $ - $ 391,972.34",,2026-04-08T18:26:32.419037
AZ,2025-02-01,2025-02-28,monthly,Caesars (American Wagering),Caesars,Caesars,Caesars Entertainment,retail,,72574236,7668049,7852756,0,7668049,64721480,613444,184707,0.1056580051355966,28,False,False,AZ_2025_02.pdf,,,,,,https://gaming.az.gov/sites/default/files/EW%20Website%20Report-Feb%202025-REVISED%20061525.pdf,https://gaming.az.gov/blog-terms/event-wagering-revenue-reports,AZ/screenshots/AZ_2025_02_AZ_2025_02_p1.png,"Caesars (American Wagering) $ 725,742.36 $ 37,768,953.33 $ 647,214.80 $ 34,860,579.40 $ 76,680.49 $ 2,815,075.53 $ - $ 754,769.56 $ 76,680.49 $ 2,060,305.97 $ 6,134.44 $ 206,030.60",,2026-04-08T18:26:32.419037
AZ,2025-02-01,2025-02-28,monthly,Caesars (American Wagering),Caesars,Caesars,Caesars Entertainment,online,,3776895333,281507553,290837393,75476956,206030597,3486057940,20603060,9329840,0.0745341155049689,28,False,False,AZ_2025_02.pdf,,,,,,https://gaming.az.gov/sites/default/files/EW%20Website%20Report-Feb%202025-REVISED%20061525.pdf,https://gaming.az.gov/blog-terms/event-wagering-revenue-reports,AZ/screenshots/AZ_2025_02_AZ_2025_02_p1.png,"Caesars (American Wagering) $ 725,742.36 $ 37,768,953.33 $ 647,214.80 $ 34,860,579.40 $ 76,680.49 $ 2,815,075.53 $ - $ 754,769.56 $ 76,680.49 $ 2,060,305.97 $ 6,134.44 $ 206,030.60",,2026-04-08T18:26:32.419037
AZ,2025-02-01,2025-02-28,monthly,Desert Diamond Mobile,Desert Diamond,Desert Diamond,Tohono O'odham Nation,retail,,0,0,0,0,0,0,0,0,,28,False,False,AZ_2025_02.pdf,,,,,,https://gaming.az.gov/sites/default/files/EW%20Website%20Report-Feb%202025-REVISED%20061525.pdf,https://gaming.az.gov/blog-terms/event-wagering-revenue-reports,AZ/screenshots/AZ_2025_02_AZ_2025_02_p1.png,"Desert Diamond Mobile $ - $ 3,991,531.08 $ - $ 3,916,227.45 $ - $ 65,880.66 $ - $ 65,880.66 $ - $ - $ - $ -",,2026-04-08T18:26:32.419037
AZ,2025-02-01,2025-02-28,monthly,Desert Diamond Mobile,Desert Diamond,Desert Diamond,Tohono O'odham Nation,online,,399153108,6588066,7530363,6588066,0,391622745,0,942297,0.0165051101142872,28,False,False,AZ_2025_02.pdf,,,,,,https://gaming.az.gov/sites/default/files/EW%20Website%20Report-Feb%202025-REVISED%20061525.pdf,https://gaming.az.gov/blog-terms/event-wagering-revenue-reports,AZ/screenshots/AZ_2025_02_AZ_2025_02_p1.png,"Desert Diamond Mobile $ - $ 3,991,531.08 $ - $ 3,916,227.45 $ - $ 65,880.66 $ - $ 65,880.66 $ - $ - $ - $ -",,2026-04-08T18:26:32.419037
AZ,2025-02-01,2025-02-28,monthly,Draft Kings/Crown Gaming,DraftKings,DraftKings,DraftKings Inc,retail,,146228141,0,-17589908,0,0,163818049,0,-17589908,0.0,28,False,False,AZ_2025_02.pdf,,,,,,https://gaming.az.gov/sites/default/files/EW%20Website%20Report-Feb%202025-REVISED%20061525.pdf,https://gaming.az.gov/blog-terms/event-wagering-revenue-reports,AZ/screenshots/AZ_2025_02_AZ_2025_02_p1.png,"Draft Kings/Crown Gaming $ 1,462,281.41 $ 220,270,767.37 $ 1,638,180.49 $ 199,218,071.37 $ - $ 20,522,357.00 $ - $ 8,165,466.18 $ - $ 12,356,890.82 $ - $ 1,235,689.08",,2026-04-08T18:26:32.419037
AZ,2025-02-01,2025-02-28,monthly,Draft Kings/Crown Gaming,DraftKings,DraftKings,DraftKings Inc,online,,22027076737,2052235700,2105269600,816546618,1235689082,19921807137,123568908,53033900,0.0931687724387301,28,False,False,AZ_2025_02.pdf,,,,,,https://gaming.az.gov/sites/default/files/EW%20Website%20Report-Feb%202025-REVISED%20061525.pdf,https://gaming.az.gov/blog-terms/event-wagering-revenue-reports,AZ/screenshots/AZ_2025_02_AZ_2025_02_p1.png,"Draft Kings/Crown Gaming $ 1,462,281.41 $ 220,270,767.37 $ 1,638,180.49 $ 199,218,071.37 $ - $ 20,522,357.00 $ - $ 8,165,466.18 $ - $ 12,356,890.82 $ - $ 1,235,689.08",,2026-04-08T18:26:32.419037
AZ,2025-02-01,2025-02-28,monthly,Fanatics Sports Book,Fanatics,Fanatics,Fanatics Inc,retail,,0,0,0,0,0,0,0,0,,28,False,False,AZ_2025_02.pdf,,,,,,https://gaming.az.gov/sites/default/files/EW%20Website%20Report-Feb%202025-REVISED%20061525.pdf,https://gaming.az.gov/blog-terms/event-wagering-revenue-reports,AZ/screenshots/AZ_2025_02_AZ_2025_02_p1.png,"Fanatics Sports Book $ - $ 50,072,127.12 $ - $ 46,810,054.87 $ - $ 3,141,159.69 $ - $ 1,707,103.17 $ - $ 1,434,056.52 $ - $ 143,405.65",,2026-04-08T18:26:32.419037
AZ,2025-02-01,2025-02-28,monthly,Fanatics Sports Book,Fanatics,Fanatics,Fanatics Inc,online,,5007212712,314115969,326207225,170710317,143405652,4681005487,14340565,12091256,0.0627326992215065,28,False,False,AZ_2025_02.pdf,,,,,,https://gaming.az.gov/sites/default/files/EW%20Website%20Report-Feb%202025-REVISED%20061525.pdf,https://gaming.az.gov/blog-terms/event-wagering-revenue-reports,AZ/screenshots/AZ_2025_02_AZ_2025_02_p1.png,"Fanatics Sports Book $ - $ 50,072,127.12 $ - $ 46,810,054.87 $ - $ 3,141,159.69 $ - $ 1,707,103.17 $ - $ 1,434,056.52 $ - $ 143,405.65",,2026-04-08T18:26:32.419037
AZ,2025-02-01,2025-02-28,monthly,Fan Duel,FanDuel,FanDuel,Flutter Entertainment,retail,,110537175,0,-44543500,0,0,155080675,0,-44543500,0.0,28,False,False,AZ_2025_02.pdf,,,,,,https://gaming.az.gov/sites/default/files/EW%20Website%20Report-Feb%202025-REVISED%20061525.pdf,https://gaming.az.gov/blog-terms/event-wagering-revenue-reports,AZ/screenshots/AZ_2025_02_AZ_2025_02_p1.png,"Fan Duel $ 1,105,371.75 $ 219,364,945.06 $ 1,550,806.75 $ 192,824,228.89 $ - $ 26,012,284.99 $ - $ 7,992,466.84 $ - $ 18,019,818.15 $ - $ 1,801,981.82",,2026-04-08T18:26:32.419037
AZ,2025-02-01,2025-02-28,monthly,Fan Duel,FanDuel,FanDuel,Flutter Entertainment,online,,21936494506,2601228499,2654071617,799246684,1801981815,19282422889,180198182,52843118,0.1185799535239561,28,False,False,AZ_2025_02.pdf,,,,,,https://gaming.az.gov/sites/default/files/EW%20Website%20Report-Feb%202025-REVISED%20061525.pdf,https://gaming.az.gov/blog-terms/event-wagering-revenue-reports,AZ/screenshots/AZ_2025_02_AZ_2025_02_p1.png,"Fan Duel $ 1,105,371.75 $ 219,364,945.06 $ 1,550,806.75 $ 192,824,228.89 $ - $ 26,012,284.99 $ - $ 7,992,466.84 $ - $ 18,019,818.15 $ - $ 1,801,981.82",,2026-04-08T18:26:32.419037
AZ,2025-02-01,2025-02-28,monthly,Golden Nugget Online Gaming,DraftKings (Golden Nugget),DraftKings,DraftKings Inc,retail,,0,0,0,0,0,0,0,0,,28,False,False,AZ_2025_02.pdf,,,,,,https://gaming.az.gov/sites/default/files/EW%20Website%20Report-Feb%202025-REVISED%20061525.pdf,https://gaming.az.gov/blog-terms/event-wagering-revenue-reports,AZ/screenshots/AZ_2025_02_AZ_2025_02_p1.png,"Golden Nugget Online Gaming $ - $ 106,776.24 $ - $ 111,952.78 $ - $ - $ - $ - $ - $ - $ - $ -",,2026-04-08T18:26:32.419037
AZ,2025-02-01,2025-02-28,monthly,Golden Nugget Online Gaming,DraftKings (Golden Nugget),DraftKings,DraftKings Inc,online,,10677624,0,-517654,0,0,11195278,0,-517654,0.0,28,False,False,AZ_2025_02.pdf,,,,,,https://gaming.az.gov/sites/default/files/EW%20Website%20Report-Feb%202025-REVISED%20061525.pdf,https://gaming.az.gov/blog-terms/event-wagering-revenue-reports,AZ/screenshots/AZ_2025_02_AZ_2025_02_p1.png,"Golden Nugget Online Gaming $ - $ 106,776.24 $ - $ 111,952.78 $ - $ - $ - $ - $ - $ - $ - $ -",,2026-04-08T18:26:32.419037
AZ,2025-02-01,2025-02-28,monthly,PENN / ESPN Bet,ESPN Bet,ESPN Bet,PENN Entertainment,retail,,0,0,0,0,0,0,0,0,,28,False,False,AZ_2025_02.pdf,,,,,,https://gaming.az.gov/sites/default/files/EW%20Website%20Report-Feb%202025-REVISED%20061525.pdf,https://gaming.az.gov/blog-terms/event-wagering-revenue-reports,AZ/screenshots/AZ_2025_02_AZ_2025_02_p1.png,"PENN / ESPN Bet $ - $ 17,291,495.34 $ - $ 15,918,189.20 $ - $ 1,330,077.40 $ - $ 618,828.61 $ - $ 711,248.79 $ - $ 71,124.88",,2026-04-08T18:26:32.419037
AZ,2025-02-01,2025-02-28,monthly,PENN / ESPN Bet,ESPN Bet,ESPN Bet,PENN Entertainment,online,,1729149534,133007740,137330614,61882861,71124879,1591818920,7112488,4322874,0.0769209009311741,28,False,False,AZ_2025_02.pdf,,,,,,https://gaming.az.gov/sites/default/files/EW%20Website%20Report-Feb%202025-REVISED%20061525.pdf,https://gaming.az.gov/blog-terms/event-wagering-revenue-reports,AZ/screenshots/AZ_2025_02_AZ_2025_02_p1.png,"PENN / ESPN Bet $ - $ 17,291,495.34 $ - $ 15,918,189.20 $ - $ 1,330,077.40 $ - $ 618,828.61 $ - $ 711,248.79 $ - $ 71,124.88",,2026-04-08T18:26:32.419037
AZ,2025-02-01,2025-02-28,monthly,Plannatech,Plannatech,Plannatech,Plannatech,retail,,0,0,0,0,0,0,0,0,,28,False,False,AZ_2025_02.pdf,,,,,,https://gaming.az.gov/sites/default/files/EW%20Website%20Report-Feb%202025-REVISED%20061525.pdf,https://gaming.az.gov/blog-terms/event-wagering-revenue-reports,AZ/screenshots/AZ_2025_02_AZ_2025_02_p1.png,"Plannatech $ - $ 157,080.27 $ - $ 173,178.75 $ - $ - $ - $ - $ - $ - $ - $ -",,2026-04-08T18:26:32.419037
AZ,2025-02-01,2025-02-28,monthly,Plannatech,Plannatech,Plannatech,Plannatech,online,,15708027,0,-1609848,0,0,17317875,0,-1609848,0.0,28,False,False,AZ_2025_02.pdf,,,,,,https://gaming.az.gov/sites/default/files/EW%20Website%20Report-Feb%202025-REVISED%20061525.pdf,https://gaming.az.gov/blog-terms/event-wagering-revenue-reports,AZ/screenshots/AZ_2025_02_AZ_2025_02_p1.png,"Plannatech $ - $ 157,080.27 $ - $ 173,178.75 $ - $ - $ - $ - $ - $ - $ - $ -",,2026-04-08T18:26:32.419037
AZ,2025-02-01,2025-02-28,monthly,RSI (Rush Street Interactive),BetRivers,BetRivers,Rush Street Interactive,retail,,0,0,0,0,0,0,0,0,,28,False,False,AZ_2025_02.pdf,,,,,,https://gaming.az.gov/sites/default/files/EW%20Website%20Report-Feb%202025-REVISED%20061525.pdf,https://gaming.az.gov/blog-terms/event-wagering-revenue-reports,AZ/screenshots/AZ_2025_02_AZ_2025_02_p1.png,"RSI (Rush Street Interactive) $ - $ 6,149,240.70 $ - $ 5,642,556.19 $ - $ 491,311.41 $ - $ 68,700.31 $ - $ 422,611.10 $ - $ 42,261.11",,2026-04-08T18:26:32.419037
AZ,2025-02-01,2025-02-28,monthly,RSI (Rush Street Interactive),BetRivers,BetRivers,Rush Street Interactive,online,,614924070,49131141,50668451,6870031,42261110,564255619,4226111,1537310,0.0798978986137264,28,False,False,AZ_2025_02.pdf,,,,,,https://gaming.az.gov/sites/default/files/EW%20Website%20Report-Feb%202025-REVISED%20061525.pdf,https://gaming.az.gov/blog-terms/event-wagering-revenue-reports,AZ/screenshots/AZ_2025_02_AZ_2025_02_p1.png,"RSI (Rush Street Interactive) $ - $ 6,149,240.70 $ - $ 5,642,556.19 $ - $ 491,311.41 $ - $ 68,700.31 $ - $ 422,611.10 $ - $ 42,261.11",,2026-04-08T18:26:32.419037
AZ,2025-02-01,2025-02-28,monthly,Seminole Hard Rock Digital,Hard Rock Bet,Hard Rock Bet,Seminole Tribe / Hard Rock Digital,retail,,0,0,0,0,0,0,0,0,,28,False,False,AZ_2025_02.pdf,,,,,,https://gaming.az.gov/sites/default/files/EW%20Website%20Report-Feb%202025-REVISED%20061525.pdf,https://gaming.az.gov/blog-terms/event-wagering-revenue-reports,AZ/screenshots/AZ_2025_02_AZ_2025_02_p1.png,"Seminole Hard Rock Digital $ - $ 9,984,974.87 $ - $ 9,390,567.14 $ - $ 569,445.29 $ - $ 151,782.24 $ - $ 417,663.05 $ - $ 41,766.31",,2026-04-08T18:26:32.419037
AZ,2025-02-01,2025-02-28,monthly,Seminole Hard Rock Digital,Hard Rock Bet,Hard Rock Bet,Seminole Tribe / Hard Rock Digital,online,,998497487,56944529,59440773,15178224,41766305,939056714,4176631,2496244,0.057030217643402,28,False,False,AZ_2025_02.pdf,,,,,,https://gaming.az.gov/sites/default/files/EW%20Website%20Report-Feb%202025-REVISED%20061525.pdf,https://gaming.az.gov/blog-terms/event-wagering-revenue-reports,AZ/screenshots/AZ_2025_02_AZ_2025_02_p1.png,"Seminole Hard Rock Digital $ - $ 9,984,974.87 $ - $ 9,390,567.14 $ - $ 569,445.29 $ - $ 151,782.24 $ - $ 417,663.05 $ - $ 41,766.31",,2026-04-08T18:26:32.419037
AZ,2025-02-01,2025-02-28,monthly,Sporttrade,Sporttrade,Sporttrade,Sporttrade Inc,retail,,0,0,0,0,0,0,0,0,,28,False,False,AZ_2025_02.pdf,,,,,,https://gaming.az.gov/sites/default/files/EW%20Website%20Report-Feb%202025-REVISED%20061525.pdf,https://gaming.az.gov/blog-terms/event-wagering-revenue-reports,AZ/screenshots/AZ_2025_02_AZ_2025_02_p1.png,"Sporttrade $ - $ 991,974.34 $ - $ 1,062,174.56 $ - $ - $ - $ - $ - $ - $ - $ -",,2026-04-08T18:26:32.419037
AZ,2025-02-01,2025-02-28,monthly,Sporttrade,Sporttrade,Sporttrade,Sporttrade Inc,online,,99197434,0,-7020022,0,0,106217456,0,-7020022,0.0,28,False,False,AZ_2025_02.pdf,,,,,,https://gaming.az.gov/sites/default/files/EW%20Website%20Report-Feb%202025-REVISED%20061525.pdf,https://gaming.az.gov/blog-terms/event-wagering-revenue-reports,AZ/screenshots/AZ_2025_02_AZ_2025_02_p1.png,"Sporttrade $ - $ 991,974.34 $ - $ 1,062,174.56 $ - $ - $ - $ - $ - $ - $ - $ -",,2026-04-08T18:26:32.419037
AZ,2025-03-01,2025-03-31,monthly,"Bally Interactive, LLC",Bally Bet,Bally Bet,Bally's Corporation,retail,,0,0,0,0,0,0,0,0,,31,False,False,AZ_2025_03.pdf,,,,,,https://gaming.az.gov/sites/default/files/EW%20Website%20Report%20-%20Mar%202025.pdf,https://gaming.az.gov/blog-terms/event-wagering-revenue-reports,AZ/screenshots/AZ_2025_03_AZ_2025_03_p1.png,"Bally Interactive, LLC $ - $ 2,775,355.04 $ - $ 2,617,305.58 $ - $ 151,111.07 $ - $ 43,483.26 $ - $ 107,627.81 $ - $ 10,762.78",,2026-04-08T18:26:34.197980
AZ,2025-03-01,2025-03-31,monthly,"Bally Interactive, LLC",Bally Bet,Bally Bet,Bally's Corporation,online,,277535504,15111107,15804946,4348326,10762781,261730558,1076278,693839,0.0544474735023451,31,False,False,AZ_2025_03.pdf,,,,,,https://gaming.az.gov/sites/default/files/EW%20Website%20Report%20-%20Mar%202025.pdf,https://gaming.az.gov/blog-terms/event-wagering-revenue-reports,AZ/screenshots/AZ_2025_03_AZ_2025_03_p1.png,"Bally Interactive, LLC $ - $ 2,775,355.04 $ - $ 2,617,305.58 $ - $ 151,111.07 $ - $ 43,483.26 $ - $ 107,627.81 $ - $ 10,762.78",,2026-04-08T18:26:34.197980
AZ,2025-03-01,2025-03-31,monthly,Bet365,bet365,bet365,bet365 Group,retail,,0,0,0,0,0,0,0,0,,31,False,False,AZ_2025_03.pdf,,,,,,https://gaming.az.gov/sites/default/files/EW%20Website%20Report%20-%20Mar%202025.pdf,https://gaming.az.gov/blog-terms/event-wagering-revenue-reports,AZ/screenshots/AZ_2025_03_AZ_2025_03_p1.png,"Bet365 $ - $ 50,204,331.77 $ - $ 47,949,352.37 $ - $ 2,135,586.47 $ - $ 2,135,586.47 $ - $ - $ - $ -",,2026-04-08T18:26:34.197980
AZ,2025-03-01,2025-03-31,monthly,Bet365,bet365,bet365,bet365 Group,online,,5020433177,213558647,225497940,213558647,0,4794935237,0,11939293,0.0425378925424944,31,False,False,AZ_2025_03.pdf,,,,,,https://gaming.az.gov/sites/default/files/EW%20Website%20Report%20-%20Mar%202025.pdf,https://gaming.az.gov/blog-terms/event-wagering-revenue-reports,AZ/screenshots/AZ_2025_03_AZ_2025_03_p1.png,"Bet365 $ - $ 50,204,331.77 $ - $ 47,949,352.37 $ - $ 2,135,586.47 $ - $ 2,135,586.47 $ - $ - $ - $ -",,2026-04-08T18:26:34.197980
AZ,2025-03-01,2025-03-31,monthly,BetMGM,BetMGM,BetMGM,Entain/MGM Resorts,retail,,57679505,2936981,3081180,0,2936981,54598325,234958,144199,0.050918970265088,31,False,False,AZ_2025_03.pdf,,,,,,https://gaming.az.gov/sites/default/files/EW%20Website%20Report%20-%20Mar%202025.pdf,https://gaming.az.gov/blog-terms/event-wagering-revenue-reports,AZ/screenshots/AZ_2025_03_AZ_2025_03_p1.png,"BetMGM $ 576,795.05 $ 109,356,463.86 $ 545,983.25 $ 104,307,353.87 $ 29,369.81 $ 4,783,103.22 $ - $ 2,981,309.17 $ 29,369.81 $ 1,801,794.05 $ 2,349.58 $ 180,179.41",,2026-04-08T18:26:34.197980
AZ,2025-03-01,2025-03-31,monthly,BetMGM,BetMGM,BetMGM,Entain/MGM Resorts,online,,10935646386,478310322,504910999,298130917,180179405,10430735387,18017941,26600677,0.0437386419711175,31,False,False,AZ_2025_03.pdf,,,,,,https://gaming.az.gov/sites/default/files/EW%20Website%20Report%20-%20Mar%202025.pdf,https://gaming.az.gov/blog-terms/event-wagering-revenue-reports,AZ/screenshots/AZ_2025_03_AZ_2025_03_p1.png,"BetMGM $ 576,795.05 $ 109,356,463.86 $ 545,983.25 $ 104,307,353.87 $ 29,369.81 $ 4,783,103.22 $ - $ 2,981,309.17 $ 29,369.81 $ 1,801,794.05 $ 2,349.58 $ 180,179.41",,2026-04-08T18:26:34.197980
AZ,2025-03-01,2025-03-31,monthly,Caesars (American Wagering),Caesars,Caesars,Caesars Entertainment,retail,,74852235,11958371,12116475,0,11958371,62735760,956670,158104,0.1597597052379264,31,False,False,AZ_2025_03.pdf,,,,,,https://gaming.az.gov/sites/default/files/EW%20Website%20Report%20-%20Mar%202025.pdf,https://gaming.az.gov/blog-terms/event-wagering-revenue-reports,AZ/screenshots/AZ_2025_03_AZ_2025_03_p1.png,"Caesars (American Wagering) $ 748,522.35 $ 48,440,245.66 $ 627,357.60 $ 46,002,226.49 $ 119,583.71 $ 2,319,528.55 $ - $ 906,506.62 $ 119,583.71 $ 1,413,021.93 $ 9,566.70 $ 141,302.19",,2026-04-08T18:26:34.197980
AZ,2025-03-01,2025-03-31,monthly,Caesars (American Wagering),Caesars,Caesars,Caesars Entertainment,online,,4844024566,231952855,243801917,90650662,141302193,4600222649,14130219,11849062,0.0478843267286601,31,False,False,AZ_2025_03.pdf,,,,,,https://gaming.az.gov/sites/default/files/EW%20Website%20Report%20-%20Mar%202025.pdf,https://gaming.az.gov/blog-terms/event-wagering-revenue-reports,AZ/screenshots/AZ_2025_03_AZ_2025_03_p1.png,"Caesars (American Wagering) $ 748,522.35 $ 48,440,245.66 $ 627,357.60 $ 46,002,226.49 $ 119,583.71 $ 2,319,528.55 $ - $ 906,506.62 $ 119,583.71 $ 1,413,021.93 $ 9,566.70 $ 141,302.19",,2026-04-08T18:26:34.197980
AZ,2025-03-01,2025-03-31,monthly,Desert Diamond Mobile,Desert Diamond,Desert Diamond,Tohono O'odham Nation,retail,,0,0,0,0,0,0,0,0,,31,False,False,AZ_2025_03.pdf,,,,,,https://gaming.az.gov/sites/default/files/EW%20Website%20Report%20-%20Mar%202025.pdf,https://gaming.az.gov/blog-terms/event-wagering-revenue-reports,AZ/screenshots/AZ_2025_03_AZ_2025_03_p1.png,"Desert Diamond Mobile $ - $ 5,046,810.72 $ - $ 4,772,604.29 $ - $ 262,066.17 $ - $ 190,650.09 $ - $ 71,416.08 $ - $ 7,141.61",,2026-04-08T18:26:34.197980
AZ,2025-03-01,2025-03-31,monthly,Desert Diamond Mobile,Desert Diamond,Desert Diamond,Tohono O'odham Nation,online,,504681072,26206617,27420643,19065009,7141608,477260429,714161,1214026,0.0519270851513131,31,False,False,AZ_2025_03.pdf,,,,,,https://gaming.az.gov/sites/default/files/EW%20Website%20Report%20-%20Mar%202025.pdf,https://gaming.az.gov/blog-terms/event-wagering-revenue-reports,AZ/screenshots/AZ_2025_03_AZ_2025_03_p1.png,"Desert Diamond Mobile $ - $ 5,046,810.72 $ - $ 4,772,604.29 $ - $ 262,066.17 $ - $ 190,650.09 $ - $ 71,416.08 $ - $ 7,141.61",,2026-04-08T18:26:34.197980
AZ,2025-03-01,2025-03-31,monthly,Draft Kings/Crown Gaming,DraftKings,DraftKings,DraftKings Inc,retail,,276412607,29838148,30529448,0,29838148,245883159,2387052,691300,0.1079478549254448,31,False,False,AZ_2025_03.pdf,,,,,,https://gaming.az.gov/sites/default/files/EW%20Website%20Report%20-%20Mar%202025.pdf,https://gaming.az.gov/blog-terms/event-wagering-revenue-reports,AZ/screenshots/AZ_2025_03_AZ_2025_03_p1.png,"Draft Kings/Crown Gaming $ 2,764,126.07 $ 311,393,289.10 $ 2,458,831.59 $ 295,673,742.64 $ 298,381.48 $ 14,955,895.46 $ - $ 6,116,341.29 $ 298,381.48 $ 8,839,554.17 $ 23,870.52 $ 883,955.42",,2026-04-08T18:26:34.197980
AZ,2025-03-01,2025-03-31,monthly,Draft Kings/Crown Gaming,DraftKings,DraftKings,DraftKings Inc,online,,31139328910,1495589546,1571954646,611634129,883955417,29567374264,88395542,76365100,0.0480289588231848,31,False,False,AZ_2025_03.pdf,,,,,,https://gaming.az.gov/sites/default/files/EW%20Website%20Report%20-%20Mar%202025.pdf,https://gaming.az.gov/blog-terms/event-wagering-revenue-reports,AZ/screenshots/AZ_2025_03_AZ_2025_03_p1.png,"Draft Kings/Crown Gaming $ 2,764,126.07 $ 311,393,289.10 $ 2,458,831.59 $ 295,673,742.64 $ 298,381.48 $ 14,955,895.46 $ - $ 6,116,341.29 $ 298,381.48 $ 8,839,554.17 $ 23,870.52 $ 883,955.42",,2026-04-08T18:26:34.197980
AZ,2025-03-01,2025-03-31,monthly,Fanatics Sports Book,Fanatics,Fanatics,Fanatics Inc,retail,,0,0,0,0,0,0,0,0,,31,False,False,AZ_2025_03.pdf,,,,,,https://gaming.az.gov/sites/default/files/EW%20Website%20Report%20-%20Mar%202025.pdf,https://gaming.az.gov/blog-terms/event-wagering-revenue-reports,AZ/screenshots/AZ_2025_03_AZ_2025_03_p1.png,"Fanatics Sports Book $ - $ 59,270,133.80 $ - $ 56,945,022.86 $ - $ 2,185,517.81 $ - $ 2,185,517.81 $ - $ - $ - $ -",,2026-04-08T18:26:34.197980
AZ,2025-03-01,2025-03-31,monthly,Fanatics Sports Book,Fanatics,Fanatics,Fanatics Inc,online,,5927013380,218551781,232511094,218551781,0,5694502286,0,13959313,0.0368738464025535,31,False,False,AZ_2025_03.pdf,,,,,,https://gaming.az.gov/sites/default/files/EW%20Website%20Report%20-%20Mar%202025.pdf,https://gaming.az.gov/blog-terms/event-wagering-revenue-reports,AZ/screenshots/AZ_2025_03_AZ_2025_03_p1.png,"Fanatics Sports Book $ - $ 59,270,133.80 $ - $ 56,945,022.86 $ - $ 2,185,517.81 $ - $ 2,185,517.81 $ - $ - $ - $ -",,2026-04-08T18:26:34.197980
AZ,2025-03-01,2025-03-31,monthly,Fan Duel,FanDuel,FanDuel,Flutter Entertainment,retail,,146670875,13421942,13787225,975000,12446942,132883650,995755,365283,0.0915106151783713,31,False,False,AZ_2025_03.pdf,,,,,,https://gaming.az.gov/sites/default/files/EW%20Website%20Report%20-%20Mar%202025.pdf,https://gaming.az.gov/blog-terms/event-wagering-revenue-reports,AZ/screenshots/AZ_2025_03_AZ_2025_03_p1.png,"Fan Duel $ 1,466,708.75 $ 252,675,767.54 $ 1,328,836.50 $ 233,896,257.01 $ 134,219.42 $ 18,167,051.21 $ 9,750.00 $ 7,692,034.06 $ 124,469.42 $ 10,475,017.15 $ 9,957.55 $ 1,047,501.71",,2026-04-08T18:26:34.197980
AZ,2025-03-01,2025-03-31,monthly,Fan Duel,FanDuel,FanDuel,Flutter Entertainment,online,,25267576754,1816705121,1877951053,769203406,1047501715,23389625701,104750171,61245932,0.071898668348258,31,False,False,AZ_2025_03.pdf,,,,,,https://gaming.az.gov/sites/default/files/EW%20Website%20Report%20-%20Mar%202025.pdf,https://gaming.az.gov/blog-terms/event-wagering-revenue-reports,AZ/screenshots/AZ_2025_03_AZ_2025_03_p1.png,"Fan Duel $ 1,466,708.75 $ 252,675,767.54 $ 1,328,836.50 $ 233,896,257.01 $ 134,219.42 $ 18,167,051.21 $ 9,750.00 $ 7,692,034.06 $ 124,469.42 $ 10,475,017.15 $ 9,957.55 $ 1,047,501.71",,2026-04-08T18:26:34.197980
AZ,2025-03-01,2025-03-31,monthly,Golden Nugget Online Gaming,DraftKings (Golden Nugget),DraftKings,DraftKings Inc,retail,,0,0,0,0,0,0,0,0,,31,False,False,AZ_2025_03.pdf,,,,,,https://gaming.az.gov/sites/default/files/EW%20Website%20Report%20-%20Mar%202025.pdf,https://gaming.az.gov/blog-terms/event-wagering-revenue-reports,AZ/screenshots/AZ_2025_03_AZ_2025_03_p1.png,"Golden Nugget Online Gaming $ - $ 60,455.53 $ - $ 62,957.76 $ - $ - $ - $ - $ - $ - $ - $ -",,2026-04-08T18:26:34.197980
AZ,2025-03-01,2025-03-31,monthly,Golden Nugget Online Gaming,DraftKings (Golden Nugget),DraftKings,DraftKings Inc,online,,6045553,0,-250223,0,0,6295776,0,-250223,0.0,31,False,False,AZ_2025_03.pdf,,,,,,https://gaming.az.gov/sites/default/files/EW%20Website%20Report%20-%20Mar%202025.pdf,https://gaming.az.gov/blog-terms/event-wagering-revenue-reports,AZ/screenshots/AZ_2025_03_AZ_2025_03_p1.png,"Golden Nugget Online Gaming $ - $ 60,455.53 $ - $ 62,957.76 $ - $ - $ - $ - $ - $ - $ - $ -",,2026-04-08T18:26:34.197980
AZ,2025-03-01,2025-03-31,monthly,PENN / ESPN Bet,ESPN Bet,ESPN Bet,PENN Entertainment,retail,,0,0,0,0,0,0,0,0,,31,False,False,AZ_2025_03.pdf,,,,,,https://gaming.az.gov/sites/default/files/EW%20Website%20Report%20-%20Mar%202025.pdf,https://gaming.az.gov/blog-terms/event-wagering-revenue-reports,AZ/screenshots/AZ_2025_03_AZ_2025_03_p1.png,"PENN / ESPN Bet $ - $ 22,970,241.58 $ - $ 21,045,518.45 $ - $ 1,867,297.53 $ - $ 783,260.65 $ - $ 1,084,036.88 $ - $ 108,403.69",,2026-04-08T18:26:34.197980
AZ,2025-03-01,2025-03-31,monthly,PENN / ESPN Bet,ESPN Bet,ESPN Bet,PENN Entertainment,online,,2297024158,186729753,192472313,78326065,108403688,2104551845,10840369,5742560,0.081292028361854,31,False,False,AZ_2025_03.pdf,,,,,,https://gaming.az.gov/sites/default/files/EW%20Website%20Report%20-%20Mar%202025.pdf,https://gaming.az.gov/blog-terms/event-wagering-revenue-reports,AZ/screenshots/AZ_2025_03_AZ_2025_03_p1.png,"PENN / ESPN Bet $ - $ 22,970,241.58 $ - $ 21,045,518.45 $ - $ 1,867,297.53 $ - $ 783,260.65 $ - $ 1,084,036.88 $ - $ 108,403.69",,2026-04-08T18:26:34.197980
AZ,2025-03-01,2025-03-31,monthly,Plannatech,Plannatech,Plannatech,Plannatech,retail,,0,0,0,0,0,0,0,0,,31,False,False,AZ_2025_03.pdf,,,,,,https://gaming.az.gov/sites/default/files/EW%20Website%20Report%20-%20Mar%202025.pdf,https://gaming.az.gov/blog-terms/event-wagering-revenue-reports,AZ/screenshots/AZ_2025_03_AZ_2025_03_p1.png,"Plannatech $ - $ 267,904.28 $ - $ 227,329.86 $ - $ 39,904.66 $ - $ - $ - $ 39,904.66 $ - $ 3,990.47",,2026-04-08T18:26:34.197980
AZ,2025-03-01,2025-03-31,monthly,Plannatech,Plannatech,Plannatech,Plannatech,online,,26790428,3990466,4057442,0,3990466,22732986,399047,66976,0.1489511851023806,31,False,False,AZ_2025_03.pdf,,,,,,https://gaming.az.gov/sites/default/files/EW%20Website%20Report%20-%20Mar%202025.pdf,https://gaming.az.gov/blog-terms/event-wagering-revenue-reports,AZ/screenshots/AZ_2025_03_AZ_2025_03_p1.png,"Plannatech $ - $ 267,904.28 $ - $ 227,329.86 $ - $ 39,904.66 $ - $ - $ - $ 39,904.66 $ - $ 3,990.47",,2026-04-08T18:26:34.197980
AZ,2025-03-01,2025-03-31,monthly,RSI (Rush Street Interactive),BetRivers,BetRivers,Rush Street Interactive,retail,,0,0,0,0,0,0,0,0,,31,False,False,AZ_2025_03.pdf,,,,,,https://gaming.az.gov/sites/default/files/EW%20Website%20Report%20-%20Mar%202025.pdf,https://gaming.az.gov/blog-terms/event-wagering-revenue-reports,AZ/screenshots/AZ_2025_03_AZ_2025_03_p1.png,"RSI (Rush Street Interactive) $ - $ 7,749,485.08 $ - $ 7,451,535.03 $ - $ 278,576.34 $ - $ 83,232.44 $ - $ 195,343.90 $ - $ 19,534.39",,2026-04-08T18:26:34.197980
AZ,2025-03-01,2025-03-31,monthly,RSI (Rush Street Interactive),BetRivers,BetRivers,Rush Street Interactive,online,,774948508,27857634,29795005,8323244,19534390,745153503,1953439,1937371,0.0359477226066225,31,False,False,AZ_2025_03.pdf,,,,,,https://gaming.az.gov/sites/default/files/EW%20Website%20Report%20-%20Mar%202025.pdf,https://gaming.az.gov/blog-terms/event-wagering-revenue-reports,AZ/screenshots/AZ_2025_03_AZ_2025_03_p1.png,"RSI (Rush Street Interactive) $ - $ 7,749,485.08 $ - $ 7,451,535.03 $ - $ 278,576.34 $ - $ 83,232.44 $ - $ 195,343.90 $ - $ 19,534.39",,2026-04-08T18:26:34.197980
AZ,2025-03-01,2025-03-31,monthly,Seminole Hard Rock Digital,Hard Rock Bet,Hard Rock Bet,Seminole Tribe / Hard Rock Digital,retail,,0,0,0,0,0,0,0,0,,31,False,False,AZ_2025_03.pdf,,,,,,https://gaming.az.gov/sites/default/files/EW%20Website%20Report%20-%20Mar%202025.pdf,https://gaming.az.gov/blog-terms/event-wagering-revenue-reports,AZ/screenshots/AZ_2025_03_AZ_2025_03_p1.png,"Seminole Hard Rock Digital $ - $ 10,504,608.97 $ - $ 9,933,217.46 $ - $ 545,129.99 $ - $ 111,864.30 $ - $ 433,265.69 $ - $ 43,326.57",,2026-04-08T18:26:34.197980
AZ,2025-03-01,2025-03-31,monthly,Seminole Hard Rock Digital,Hard Rock Bet,Hard Rock Bet,Seminole Tribe / Hard Rock Digital,online,,1050460897,54512999,57139151,11186430,43326569,993321746,4332657,2626152,0.051894362898879,31,False,False,AZ_2025_03.pdf,,,,,,https://gaming.az.gov/sites/default/files/EW%20Website%20Report%20-%20Mar%202025.pdf,https://gaming.az.gov/blog-terms/event-wagering-revenue-reports,AZ/screenshots/AZ_2025_03_AZ_2025_03_p1.png,"Seminole Hard Rock Digital $ - $ 10,504,608.97 $ - $ 9,933,217.46 $ - $ 545,129.99 $ - $ 111,864.30 $ - $ 433,265.69 $ - $ 43,326.57",,2026-04-08T18:26:34.197980
AZ,2025-03-01,2025-03-31,monthly,Sporttrade,Sporttrade,Sporttrade,Sporttrade Inc,retail,,0,0,0,0,0,0,0,0,,31,False,False,AZ_2025_03.pdf,,,,,,https://gaming.az.gov/sites/default/files/EW%20Website%20Report%20-%20Mar%202025.pdf,https://gaming.az.gov/blog-terms/event-wagering-revenue-reports,AZ/screenshots/AZ_2025_03_AZ_2025_03_p1.png,"Sporttrade $ - $ 1,092,584.62 $ - $ 1,108,976.66 $ - $ - $ - $ - $ - $ - $ - $ -",,2026-04-08T18:26:34.197980
AZ,2025-03-01,2025-03-31,monthly,Sporttrade,Sporttrade,Sporttrade,Sporttrade Inc,online,,109258462,0,-1639204,0,0,110897666,0,-1639204,0.0,31,False,False,AZ_2025_03.pdf,,,,,,https://gaming.az.gov/sites/default/files/EW%20Website%20Report%20-%20Mar%202025.pdf,https://gaming.az.gov/blog-terms/event-wagering-revenue-reports,AZ/screenshots/AZ_2025_03_AZ_2025_03_p1.png,"Sporttrade $ - $ 1,092,584.62 $ - $ 1,108,976.66 $ - $ - $ - $ - $ - $ - $ - $ -",,2026-04-08T18:26:34.197980
AZ,2025-04-01,2025-04-30,monthly,"Bally Interactive, LLC",Bally Bet,Bally Bet,Bally's Corporation,retail,,0,0,0,0,0,0,0,0,,30,False,False,AZ_2025_04.pdf,,,,,,https://gaming.az.gov/sites/default/files/EW%20Website%20Report%20-%20Apr%202025.pdf,https://gaming.az.gov/blog-terms/event-wagering-revenue-reports,AZ/screenshots/AZ_2025_04_AZ_2025_04_p1.png,"Bally Interactive, LLC $ - $ 3,329,322.32 $ - $ 3,131,308.43 $ - $ 189,690.58 $ - $ 36,793.32 $ - $ 152,897.26 $ - $ 15,289.73",,2026-04-08T18:26:36.017859
AZ,2025-04-01,2025-04-30,monthly,"Bally Interactive, LLC",Bally Bet,Bally Bet,Bally's Corporation,online,,332932232,18969058,19801389,3679332,15289726,313130843,1528973,832331,0.0569757331275753,30,False,False,AZ_2025_04.pdf,,,,,,https://gaming.az.gov/sites/default/files/EW%20Website%20Report%20-%20Apr%202025.pdf,https://gaming.az.gov/blog-terms/event-wagering-revenue-reports,AZ/screenshots/AZ_2025_04_AZ_2025_04_p1.png,"Bally Interactive, LLC $ - $ 3,329,322.32 $ - $ 3,131,308.43 $ - $ 189,690.58 $ - $ 36,793.32 $ - $ 152,897.26 $ - $ 15,289.73",,2026-04-08T18:26:36.017859
AZ,2025-04-01,2025-04-30,monthly,Bet365,bet365,bet365,bet365 Group,retail,,0,0,0,0,0,0,0,0,,30,False,False,AZ_2025_04.pdf,,,,,,https://gaming.az.gov/sites/default/files/EW%20Website%20Report%20-%20Apr%202025.pdf,https://gaming.az.gov/blog-terms/event-wagering-revenue-reports,AZ/screenshots/AZ_2025_04_AZ_2025_04_p1.png,"Bet365 $ - $ 4 3,239,581.03 $ - $ 4 0,537,055.16 $ - $ 2,579,224.11 $ - $ 985,593.78 $ - $ 1,593,630.33 $ - $ 159,363.03",,2026-04-08T18:26:36.017859
AZ,2025-04-01,2025-04-30,monthly,Bet365,bet365,bet365,bet365 Group,online,,4323958103,257922411,270252587,98559378,159363033,4053705516,15936303,12330176,0.0596496091904894,30,False,False,AZ_2025_04.pdf,,,,,,https://gaming.az.gov/sites/default/files/EW%20Website%20Report%20-%20Apr%202025.pdf,https://gaming.az.gov/blog-terms/event-wagering-revenue-reports,AZ/screenshots/AZ_2025_04_AZ_2025_04_p1.png,"Bet365 $ - $ 4 3,239,581.03 $ - $ 4 0,537,055.16 $ - $ 2,579,224.11 $ - $ 985,593.78 $ - $ 1,593,630.33 $ - $ 159,363.03",,2026-04-08T18:26:36.017859
AZ,2025-04-01,2025-04-30,monthly,BetMGM,BetMGM,BetMGM,Entain/MGM Resorts,retail,,54633405,0,-2696935,0,0,57330340,0,-2696935,0.0,30,False,False,AZ_2025_04.pdf,,,,,,https://gaming.az.gov/sites/default/files/EW%20Website%20Report%20-%20Apr%202025.pdf,https://gaming.az.gov/blog-terms/event-wagering-revenue-reports,AZ/screenshots/AZ_2025_04_AZ_2025_04_p1.png,"BetMGM $ 546,334.05 $ 8 5,679,444.03 $ 573,303.40 $ 7 7,538,799.79 $ - $ 7,931,947.33 $ - $ 2,218,097.64 $ - $ 5,713,849.69 $ - $ 571,384.97",,2026-04-08T18:26:36.017859
AZ,2025-04-01,2025-04-30,monthly,BetMGM,BetMGM,BetMGM,Entain/MGM Resorts,online,,8567944403,793194733,814064424,221809764,571384969,7753879979,57138497,20869691,0.0925770168072366,30,False,False,AZ_2025_04.pdf,,,,,,https://gaming.az.gov/sites/default/files/EW%20Website%20Report%20-%20Apr%202025.pdf,https://gaming.az.gov/blog-terms/event-wagering-revenue-reports,AZ/screenshots/AZ_2025_04_AZ_2025_04_p1.png,"BetMGM $ 546,334.05 $ 8 5,679,444.03 $ 573,303.40 $ 7 7,538,799.79 $ - $ 7,931,947.33 $ - $ 2,218,097.64 $ - $ 5,713,849.69 $ - $ 571,384.97",,2026-04-08T18:26:36.017859
AZ,2025-04-01,2025-04-30,monthly,Caesars (American Wagering),Caesars,Caesars,Caesars Entertainment,retail,,52347477,0,-43305098,0,0,95652575,0,-43305098,0.0,30,False,False,AZ_2025_04.pdf,,,,,,https://gaming.az.gov/sites/default/files/EW%20Website%20Report%20-%20Apr%202025.pdf,https://gaming.az.gov/blog-terms/event-wagering-revenue-reports,AZ/screenshots/AZ_2025_04_AZ_2025_04_p1.png,"Caesars (American Wagering) $ 523,474.77 $ 4 0,730,611.53 $ 956,525.75 $ 3 7,653,319.19 $ - $ 2,977,284.53 $ - $ 861,763.95 $ - $ 2,115,520.58 $ - $ 211,552.06",,2026-04-08T18:26:36.017859
AZ,2025-04-01,2025-04-30,monthly,Caesars (American Wagering),Caesars,Caesars,Caesars Entertainment,online,,4073061153,297728453,307729234,86176395,211552058,3765331919,21155206,10000781,0.0730969759147144,30,False,False,AZ_2025_04.pdf,,,,,,https://gaming.az.gov/sites/default/files/EW%20Website%20Report%20-%20Apr%202025.pdf,https://gaming.az.gov/blog-terms/event-wagering-revenue-reports,AZ/screenshots/AZ_2025_04_AZ_2025_04_p1.png,"Caesars (American Wagering) $ 523,474.77 $ 4 0,730,611.53 $ 956,525.75 $ 3 7,653,319.19 $ - $ 2,977,284.53 $ - $ 861,763.95 $ - $ 2,115,520.58 $ - $ 211,552.06",,2026-04-08T18:26:36.017859
AZ,2025-04-01,2025-04-30,monthly,Desert Diamond Mobile,Desert Diamond,Desert Diamond,Tohono O'odham Nation,retail,,0,0,0,0,0,0,0,0,,30,False,False,AZ_2025_04.pdf,,,,,,https://gaming.az.gov/sites/default/files/EW%20Website%20Report%20-%20Apr%202025.pdf,https://gaming.az.gov/blog-terms/event-wagering-revenue-reports,AZ/screenshots/AZ_2025_04_AZ_2025_04_p1.png,"Desert Diamond Mobile $ - $ 3,290,362.42 $ - $ 3,063,066.51 $ - $ 219,488.10 $ - $ 167,202.33 $ - $ 52,285.77 $ - $ 5,228.58",,2026-04-08T18:26:36.017859
AZ,2025-04-01,2025-04-30,monthly,Desert Diamond Mobile,Desert Diamond,Desert Diamond,Tohono O'odham Nation,online,,329036242,21948810,22729591,16720233,5228577,306306651,522858,780781,0.0667063599638364,30,False,False,AZ_2025_04.pdf,,,,,,https://gaming.az.gov/sites/default/files/EW%20Website%20Report%20-%20Apr%202025.pdf,https://gaming.az.gov/blog-terms/event-wagering-revenue-reports,AZ/screenshots/AZ_2025_04_AZ_2025_04_p1.png,"Desert Diamond Mobile $ - $ 3,290,362.42 $ - $ 3,063,066.51 $ - $ 219,488.10 $ - $ 167,202.33 $ - $ 52,285.77 $ - $ 5,228.58",,2026-04-08T18:26:36.017859
AZ,2025-04-01,2025-04-30,monthly,Draft Kings/Crown Gaming,DraftKings,DraftKings,DraftKings Inc,retail,,201589758,0,-24445293,0,0,226035051,0,-24445293,0.0,30,False,False,AZ_2025_04.pdf,,,,,,https://gaming.az.gov/sites/default/files/EW%20Website%20Report%20-%20Apr%202025.pdf,https://gaming.az.gov/blog-terms/event-wagering-revenue-reports,AZ/screenshots/AZ_2025_04_AZ_2025_04_p1.png,"Draft Kings/Crown Gaming $ 2,015,897.58 $ 237,508,654.31 $ 2,260,350.51 $ 216,692,543.26 $ - $ 2 0,237,901.05 $ - $ 6,242,763.10 $ - $ 13,995,137.95 $ - $ 1,399,513.80",,2026-04-08T18:26:36.017859
AZ,2025-04-01,2025-04-30,monthly,Draft Kings/Crown Gaming,DraftKings,DraftKings,DraftKings Inc,online,,23750865431,2023790105,2081611105,624276310,1399513795,21669254326,139951380,57821000,0.0852091099955674,30,False,False,AZ_2025_04.pdf,,,,,,https://gaming.az.gov/sites/default/files/EW%20Website%20Report%20-%20Apr%202025.pdf,https://gaming.az.gov/blog-terms/event-wagering-revenue-reports,AZ/screenshots/AZ_2025_04_AZ_2025_04_p1.png,"Draft Kings/Crown Gaming $ 2,015,897.58 $ 237,508,654.31 $ 2,260,350.51 $ 216,692,543.26 $ - $ 2 0,237,901.05 $ - $ 6,242,763.10 $ - $ 13,995,137.95 $ - $ 1,399,513.80",,2026-04-08T18:26:36.017859
AZ,2025-04-01,2025-04-30,monthly,Fanatics Sports Book,Fanatics,Fanatics,Fanatics Inc,retail,,0,0,0,0,0,0,0,0,,30,False,False,AZ_2025_04.pdf,,,,,,https://gaming.az.gov/sites/default/files/EW%20Website%20Report%20-%20Apr%202025.pdf,https://gaming.az.gov/blog-terms/event-wagering-revenue-reports,AZ/screenshots/AZ_2025_04_AZ_2025_04_p1.png,"Fanatics Sports Book $ - $ 6 3,302,478.88 $ - $ 5 7,841,739.45 $ - $ 5,309,774.91 $ - $ 2,916,671.15 $ - $ 2,364,312.12 $ - $ 236,431.21",,2026-04-08T18:26:36.017859
AZ,2025-04-01,2025-04-30,monthly,Fanatics Sports Book,Fanatics,Fanatics,Fanatics Inc,online,,6330247888,530977491,546073943,291667115,236431212,5784173945,23643121,15096452,0.0838794152131945,30,False,False,AZ_2025_04.pdf,,,,,,https://gaming.az.gov/sites/default/files/EW%20Website%20Report%20-%20Apr%202025.pdf,https://gaming.az.gov/blog-terms/event-wagering-revenue-reports,AZ/screenshots/AZ_2025_04_AZ_2025_04_p1.png,"Fanatics Sports Book $ - $ 6 3,302,478.88 $ - $ 5 7,841,739.45 $ - $ 5,309,774.91 $ - $ 2,916,671.15 $ - $ 2,364,312.12 $ - $ 236,431.21",,2026-04-08T18:26:36.017859
AZ,2025-04-01,2025-04-30,monthly,Fan Duel,FanDuel,FanDuel,Flutter Entertainment,retail,,91869100,4949559,5178450,250000,4699559,86690650,375965,228891,0.0538762108260557,30,False,False,AZ_2025_04.pdf,,,,,,https://gaming.az.gov/sites/default/files/EW%20Website%20Report%20-%20Apr%202025.pdf,https://gaming.az.gov/blog-terms/event-wagering-revenue-reports,AZ/screenshots/AZ_2025_04_AZ_2025_04_p1.png,"Fan Duel $ 918,691.00 $ 227,179,302.86 $ 866,906.50 $ 203,837,735.43 $ 49,495.59 $ 2 2,790,925.54 $ 2,500.00 $ 6,922,535.85 $ 46,995.59 $ 15,868,389.69 $ 3,759.65 $ 1,586,838.97",,2026-04-08T18:26:36.017859
AZ,2025-04-01,2025-04-30,monthly,Fan Duel,FanDuel,FanDuel,Flutter Entertainment,online,,22717930286,2279092554,2334156743,692253585,1586838969,20383773543,158683897,55064189,0.1003213111981639,30,False,False,AZ_2025_04.pdf,,,,,,https://gaming.az.gov/sites/default/files/EW%20Website%20Report%20-%20Apr%202025.pdf,https://gaming.az.gov/blog-terms/event-wagering-revenue-reports,AZ/screenshots/AZ_2025_04_AZ_2025_04_p1.png,"Fan Duel $ 918,691.00 $ 227,179,302.86 $ 866,906.50 $ 203,837,735.43 $ 49,495.59 $ 2 2,790,925.54 $ 2,500.00 $ 6,922,535.85 $ 46,995.59 $ 15,868,389.69 $ 3,759.65 $ 1,586,838.97",,2026-04-08T18:26:36.017859
AZ,2025-04-01,2025-04-30,monthly,Golden Nugget Online Gaming,DraftKings (Golden Nugget),DraftKings,DraftKings Inc,retail,,0,0,0,0,0,0,0,0,,30,False,False,AZ_2025_04.pdf,,,,,,https://gaming.az.gov/sites/default/files/EW%20Website%20Report%20-%20Apr%202025.pdf,https://gaming.az.gov/blog-terms/event-wagering-revenue-reports,AZ/screenshots/AZ_2025_04_AZ_2025_04_p1.png,"Golden Nugget Online Gaming $ - $ 23,718.23 $ - $ 26,634.85 $ - $ - $ - $ - $ - $ - $ - $ -",,2026-04-08T18:26:36.017859
AZ,2025-04-01,2025-04-30,monthly,Golden Nugget Online Gaming,DraftKings (Golden Nugget),DraftKings,DraftKings Inc,online,,2371823,0,-291662,0,0,2663485,0,-291662,0.0,30,False,False,AZ_2025_04.pdf,,,,,,https://gaming.az.gov/sites/default/files/EW%20Website%20Report%20-%20Apr%202025.pdf,https://gaming.az.gov/blog-terms/event-wagering-revenue-reports,AZ/screenshots/AZ_2025_04_AZ_2025_04_p1.png,"Golden Nugget Online Gaming $ - $ 23,718.23 $ - $ 26,634.85 $ - $ - $ - $ - $ - $ - $ - $ -",,2026-04-08T18:26:36.017859
AZ,2025-04-01,2025-04-30,monthly,PENN / ESPN Bet,ESPN Bet,ESPN Bet,PENN Entertainment,retail,,0,0,0,0,0,0,0,0,,30,False,False,AZ_2025_04.pdf,,,,,,https://gaming.az.gov/sites/default/files/EW%20Website%20Report%20-%20Apr%202025.pdf,https://gaming.az.gov/blog-terms/event-wagering-revenue-reports,AZ/screenshots/AZ_2025_04_AZ_2025_04_p1.png,"PENN / ESPN Bet $ - $ 1 8,296,747.28 $ - $ 1 6,799,112.77 $ - $ 1,451,892.64 $ - $ 808,084.97 $ - $ 643,807.67 $ - $ 64,380.77",,2026-04-08T18:26:36.017859
AZ,2025-04-01,2025-04-30,monthly,PENN / ESPN Bet,ESPN Bet,ESPN Bet,PENN Entertainment,online,,1829674728,145189264,149763451,80808497,64380767,1679911277,6438077,4574187,0.0793525000800032,30,False,False,AZ_2025_04.pdf,,,,,,https://gaming.az.gov/sites/default/files/EW%20Website%20Report%20-%20Apr%202025.pdf,https://gaming.az.gov/blog-terms/event-wagering-revenue-reports,AZ/screenshots/AZ_2025_04_AZ_2025_04_p1.png,"PENN / ESPN Bet $ - $ 1 8,296,747.28 $ - $ 1 6,799,112.77 $ - $ 1,451,892.64 $ - $ 808,084.97 $ - $ 643,807.67 $ - $ 64,380.77",,2026-04-08T18:26:36.017859
AZ,2025-04-01,2025-04-30,monthly,Plannatech,Plannatech,Plannatech,Plannatech,retail,,0,0,0,0,0,0,0,0,,30,False,False,AZ_2025_04.pdf,,,,,,https://gaming.az.gov/sites/default/files/EW%20Website%20Report%20-%20Apr%202025.pdf,https://gaming.az.gov/blog-terms/event-wagering-revenue-reports,AZ/screenshots/AZ_2025_04_AZ_2025_04_p1.png,"Plannatech $ - $ 250,299.21 $ - $ 260,682.80 $ - $ - $ - $ - $ - $ - $ - $ -",,2026-04-08T18:26:36.017859
AZ,2025-04-01,2025-04-30,monthly,Plannatech,Plannatech,Plannatech,Plannatech,online,,25029921,0,-1038359,0,0,26068280,0,-1038359,0.0,30,False,False,AZ_2025_04.pdf,,,,,,https://gaming.az.gov/sites/default/files/EW%20Website%20Report%20-%20Apr%202025.pdf,https://gaming.az.gov/blog-terms/event-wagering-revenue-reports,AZ/screenshots/AZ_2025_04_AZ_2025_04_p1.png,"Plannatech $ - $ 250,299.21 $ - $ 260,682.80 $ - $ - $ - $ - $ - $ - $ - $ -",,2026-04-08T18:26:36.017859
AZ,2025-04-01,2025-04-30,monthly,RSI (Rush Street Interactive),BetRivers,BetRivers,Rush Street Interactive,retail,,0,0,0,0,0,0,0,0,,30,False,False,AZ_2025_04.pdf,,,,,,https://gaming.az.gov/sites/default/files/EW%20Website%20Report%20-%20Apr%202025.pdf,https://gaming.az.gov/blog-terms/event-wagering-revenue-reports,AZ/screenshots/AZ_2025_04_AZ_2025_04_p1.png,"RSI (Rush Street Interactive) $ - $ 7,777,905.58 $ - $ 7,189,192.32 $ - $ 569,268.50 $ - $ 99,143.42 $ - $ 470,125.08 $ - $ 47,012.51",,2026-04-08T18:26:36.017859
AZ,2025-04-01,2025-04-30,monthly,RSI (Rush Street Interactive),BetRivers,BetRivers,Rush Street Interactive,online,,777790558,56926850,58871326,9914342,47012508,718919232,4701251,1944476,0.0731904616409601,30,False,False,AZ_2025_04.pdf,,,,,,https://gaming.az.gov/sites/default/files/EW%20Website%20Report%20-%20Apr%202025.pdf,https://gaming.az.gov/blog-terms/event-wagering-revenue-reports,AZ/screenshots/AZ_2025_04_AZ_2025_04_p1.png,"RSI (Rush Street Interactive) $ - $ 7,777,905.58 $ - $ 7,189,192.32 $ - $ 569,268.50 $ - $ 99,143.42 $ - $ 470,125.08 $ - $ 47,012.51",,2026-04-08T18:26:36.017859
AZ,2025-04-01,2025-04-30,monthly,Seminole Hard Rock Digital,Hard Rock Bet,Hard Rock Bet,Seminole Tribe / Hard Rock Digital,retail,,0,0,0,0,0,0,0,0,,30,False,False,AZ_2025_04.pdf,,,,,,https://gaming.az.gov/sites/default/files/EW%20Website%20Report%20-%20Apr%202025.pdf,https://gaming.az.gov/blog-terms/event-wagering-revenue-reports,AZ/screenshots/AZ_2025_04_AZ_2025_04_p1.png,"Seminole Hard Rock Digital $ - $ 1 0,903,913.52 $ - $ 1 0,398,561.02 $ - $ 478,092.72 $ - $ 112,588.68 $ - $ 365,504.04 $ - $ 36,550.40",,2026-04-08T18:26:36.017859
AZ,2025-04-01,2025-04-30,monthly,Seminole Hard Rock Digital,Hard Rock Bet,Hard Rock Bet,Seminole Tribe / Hard Rock Digital,online,,1090391352,47809272,50535250,11258868,36550404,1039856102,3655040,2725978,0.0438459750366765,30,False,False,AZ_2025_04.pdf,,,,,,https://gaming.az.gov/sites/default/files/EW%20Website%20Report%20-%20Apr%202025.pdf,https://gaming.az.gov/blog-terms/event-wagering-revenue-reports,AZ/screenshots/AZ_2025_04_AZ_2025_04_p1.png,"Seminole Hard Rock Digital $ - $ 1 0,903,913.52 $ - $ 1 0,398,561.02 $ - $ 478,092.72 $ - $ 112,588.68 $ - $ 365,504.04 $ - $ 36,550.40",,2026-04-08T18:26:36.017859
AZ,2025-04-01,2025-04-30,monthly,Sporttrade,Sporttrade,Sporttrade,Sporttrade Inc,retail,,0,0,0,0,0,0,0,0,,30,False,False,AZ_2025_04.pdf,,,,,,https://gaming.az.gov/sites/default/files/EW%20Website%20Report%20-%20Apr%202025.pdf,https://gaming.az.gov/blog-terms/event-wagering-revenue-reports,AZ/screenshots/AZ_2025_04_AZ_2025_04_p1.png,"Sporttrade $ - $ 920,125.88 $ - $ 919,252.44 $ - $ - $ - $ - $ - $ - $ - $ -",,2026-04-08T18:26:36.017859
AZ,2025-04-01,2025-04-30,monthly,Sporttrade,Sporttrade,Sporttrade,Sporttrade Inc,online,,92012588,0,87344,0,0,91925244,0,87344,0.0,30,False,False,AZ_2025_04.pdf,,,,,,https://gaming.az.gov/sites/default/files/EW%20Website%20Report%20-%20Apr%202025.pdf,https://gaming.az.gov/blog-terms/event-wagering-revenue-reports,AZ/screenshots/AZ_2025_04_AZ_2025_04_p1.png,"Sporttrade $ - $ 920,125.88 $ - $ 919,252.44 $ - $ - $ - $ - $ - $ - $ - $ -",,2026-04-08T18:26:36.017859
AZ,2025-05-01,2025-05-31,monthly,"Bally Interactive, LLC",Bally Bet,Bally Bet,Bally's Corporation,retail,,0,0,0,0,0,0,0,0,,31,False,False,AZ_2025_05.pdf,,,,,,https://gaming.az.gov/sites/default/files/EW%20Revenue%20Report%20for%20ADG%20website%20-%20May%202025.pdf,https://gaming.az.gov/blog-terms/event-wagering-revenue-reports,AZ/screenshots/AZ_2025_05_AZ_2025_05_p1.png,"Bally Interactive, LLC $ - $ 3,101,609.96 $ - $ 2,853,893.21 $ - $ 239,962.73 $ - $ 36,940.28 $ - $ 2 03,022.45 $ - $ 20,302.24",,2026-04-08T18:26:36.557363
AZ,2025-05-01,2025-05-31,monthly,"Bally Interactive, LLC",Bally Bet,Bally Bet,Bally's Corporation,online,,310160996,23996273,24771675,3694028,20302245,285389321,2030224,775402,0.0773671522514713,31,False,False,AZ_2025_05.pdf,,,,,,https://gaming.az.gov/sites/default/files/EW%20Revenue%20Report%20for%20ADG%20website%20-%20May%202025.pdf,https://gaming.az.gov/blog-terms/event-wagering-revenue-reports,AZ/screenshots/AZ_2025_05_AZ_2025_05_p1.png,"Bally Interactive, LLC $ - $ 3,101,609.96 $ - $ 2,853,893.21 $ - $ 239,962.73 $ - $ 36,940.28 $ - $ 2 03,022.45 $ - $ 20,302.24",,2026-04-08T18:26:36.557363
AZ,2025-05-01,2025-05-31,monthly,Bet365,bet365,bet365,bet365 Group,retail,,0,0,0,0,0,0,0,0,,31,False,False,AZ_2025_05.pdf,,,,,,https://gaming.az.gov/sites/default/files/EW%20Revenue%20Report%20for%20ADG%20website%20-%20May%202025.pdf,https://gaming.az.gov/blog-terms/event-wagering-revenue-reports,AZ/screenshots/AZ_2025_05_AZ_2025_05_p1.png,"Bet365 $ - $ 44,526,235.91 $ - $ 41,692,124.77 $ - $ 2,725,645.59 $ - $ 1,194,246.52 $ - $ 1,531,399.07 $ - $ 153,139.91",,2026-04-08T18:26:36.557363
AZ,2025-05-01,2025-05-31,monthly,Bet365,bet365,bet365,bet365 Group,online,,4452623591,272564559,283411114,119424652,153139907,4169212477,15313991,10846555,0.0612143724771456,31,False,False,AZ_2025_05.pdf,,,,,,https://gaming.az.gov/sites/default/files/EW%20Revenue%20Report%20for%20ADG%20website%20-%20May%202025.pdf,https://gaming.az.gov/blog-terms/event-wagering-revenue-reports,AZ/screenshots/AZ_2025_05_AZ_2025_05_p1.png,"Bet365 $ - $ 44,526,235.91 $ - $ 41,692,124.77 $ - $ 2,725,645.59 $ - $ 1,194,246.52 $ - $ 1,531,399.07 $ - $ 153,139.91",,2026-04-08T18:26:36.557363
AZ,2025-05-01,2025-05-31,monthly,BetMGM,BetMGM,BetMGM,Entain/MGM Resorts,retail,,49388510,19145899,19269370,0,19145899,30119140,1531672,123471,0.3876589716919988,31,False,False,AZ_2025_05.pdf,,,,,,https://gaming.az.gov/sites/default/files/EW%20Revenue%20Report%20for%20ADG%20website%20-%20May%202025.pdf,https://gaming.az.gov/blog-terms/event-wagering-revenue-reports,AZ/screenshots/AZ_2025_05_AZ_2025_05_p1.png,"BetMGM $ 493,885.10 $ 84,099,802.31 $ 301,191.40 $ 76,006,705.23 $ 191,458.99 $ 7,889,324.02 $ - $ 2,662,132.04 $ 191,458.99 $ 5,227,191.98 $ 15,316.72 $ 522,719.20",,2026-04-08T18:26:36.557363
AZ,2025-05-01,2025-05-31,monthly,BetMGM,BetMGM,BetMGM,Entain/MGM Resorts,online,,8409980231,788932402,809309708,266213204,522719198,7600670523,52271920,20377306,0.0938090673616471,31,False,False,AZ_2025_05.pdf,,,,,,https://gaming.az.gov/sites/default/files/EW%20Revenue%20Report%20for%20ADG%20website%20-%20May%202025.pdf,https://gaming.az.gov/blog-terms/event-wagering-revenue-reports,AZ/screenshots/AZ_2025_05_AZ_2025_05_p1.png,"BetMGM $ 493,885.10 $ 84,099,802.31 $ 301,191.40 $ 76,006,705.23 $ 191,458.99 $ 7,889,324.02 $ - $ 2,662,132.04 $ 191,458.99 $ 5,227,191.98 $ 15,316.72 $ 522,719.20",,2026-04-08T18:26:36.557363
AZ,2025-05-01,2025-05-31,monthly,Caesars (American Wagering),Caesars,Caesars,Caesars Entertainment,retail,,87427618,18822456,19028603,0,18822456,68399015,1505796,206147,0.2152918772189355,31,False,False,AZ_2025_05.pdf,,,,,,https://gaming.az.gov/sites/default/files/EW%20Revenue%20Report%20for%20ADG%20website%20-%20May%202025.pdf,https://gaming.az.gov/blog-terms/event-wagering-revenue-reports,AZ/screenshots/AZ_2025_05_AZ_2025_05_p1.png,"Caesars (American Wagering) $ 874,276.18 $ 38,212,905.66 $ 683,990.15 $ 35,540,259.77 $ 188,224.56 $ 2,578,295.01 $ - $ 491,122.19 $ 188,224.56 $ 2,087,172.82 $ 15,057.96 $ 208,717.28",,2026-04-08T18:26:36.557363
AZ,2025-05-01,2025-05-31,monthly,Caesars (American Wagering),Caesars,Caesars,Caesars Entertainment,online,,3821290566,257829501,267264589,49112219,208717282,3554025977,20871728,9435088,0.0674718387798202,31,False,False,AZ_2025_05.pdf,,,,,,https://gaming.az.gov/sites/default/files/EW%20Revenue%20Report%20for%20ADG%20website%20-%20May%202025.pdf,https://gaming.az.gov/blog-terms/event-wagering-revenue-reports,AZ/screenshots/AZ_2025_05_AZ_2025_05_p1.png,"Caesars (American Wagering) $ 874,276.18 $ 38,212,905.66 $ 683,990.15 $ 35,540,259.77 $ 188,224.56 $ 2,578,295.01 $ - $ 491,122.19 $ 188,224.56 $ 2,087,172.82 $ 15,057.96 $ 208,717.28",,2026-04-08T18:26:36.557363
AZ,2025-05-01,2025-05-31,monthly,Desert Diamond Mobile,Desert Diamond,Desert Diamond,Tohono O'odham Nation,retail,,0,0,0,0,0,0,0,0,,31,False,False,AZ_2025_05.pdf,,,,,,https://gaming.az.gov/sites/default/files/EW%20Revenue%20Report%20for%20ADG%20website%20-%20May%202025.pdf,https://gaming.az.gov/blog-terms/event-wagering-revenue-reports,AZ/screenshots/AZ_2025_05_AZ_2025_05_p1.png,"Desert Diamond Mobile $ - $ 2,875,776.90 $ - $ 2,607,003.50 $ - $ 261,992.06 $ - $ 163,202.38 $ - $ 9 8,789.68 $ - $ 9,878.97",,2026-04-08T18:26:36.557363
AZ,2025-05-01,2025-05-31,monthly,Desert Diamond Mobile,Desert Diamond,Desert Diamond,Tohono O'odham Nation,online,,287577690,26199206,26877340,16320238,9878968,260700350,987897,678134,0.0911030546215181,31,False,False,AZ_2025_05.pdf,,,,,,https://gaming.az.gov/sites/default/files/EW%20Revenue%20Report%20for%20ADG%20website%20-%20May%202025.pdf,https://gaming.az.gov/blog-terms/event-wagering-revenue-reports,AZ/screenshots/AZ_2025_05_AZ_2025_05_p1.png,"Desert Diamond Mobile $ - $ 2,875,776.90 $ - $ 2,607,003.50 $ - $ 261,992.06 $ - $ 163,202.38 $ - $ 9 8,789.68 $ - $ 9,878.97",,2026-04-08T18:26:36.557363
AZ,2025-05-01,2025-05-31,monthly,Draft Kings/Crown Gaming,DraftKings,DraftKings,DraftKings Inc,retail,,223555180,0,-24974,0,0,223580154,0,-24974,0.0,31,False,False,AZ_2025_05.pdf,,,,,,https://gaming.az.gov/sites/default/files/EW%20Revenue%20Report%20for%20ADG%20website%20-%20May%202025.pdf,https://gaming.az.gov/blog-terms/event-wagering-revenue-reports,AZ/screenshots/AZ_2025_05_AZ_2025_05_p1.png,"Draft Kings/Crown Gaming $ 2,235,551.80 $ 2 05,598,902.55 $ 2,235,801.54 $ 1 82,841,258.39 $ - $ 22,256,159.16 $ - $ 5,013,398.24 $ - $ 17,242,760.92 $ - $ 1,724,276.09",,2026-04-08T18:26:36.557363
AZ,2025-05-01,2025-05-31,monthly,Draft Kings/Crown Gaming,DraftKings,DraftKings,DraftKings Inc,online,,20559890255,2225615916,2275764416,501339824,1724276092,18284125839,172427609,50148500,0.1082503791798571,31,False,False,AZ_2025_05.pdf,,,,,,https://gaming.az.gov/sites/default/files/EW%20Revenue%20Report%20for%20ADG%20website%20-%20May%202025.pdf,https://gaming.az.gov/blog-terms/event-wagering-revenue-reports,AZ/screenshots/AZ_2025_05_AZ_2025_05_p1.png,"Draft Kings/Crown Gaming $ 2,235,551.80 $ 2 05,598,902.55 $ 2,235,801.54 $ 1 82,841,258.39 $ - $ 22,256,159.16 $ - $ 5,013,398.24 $ - $ 17,242,760.92 $ - $ 1,724,276.09",,2026-04-08T18:26:36.557363
AZ,2025-05-01,2025-05-31,monthly,Fanatics Sports Book,Fanatics,Fanatics,Fanatics Inc,retail,,0,0,0,0,0,0,0,0,,31,False,False,AZ_2025_05.pdf,,,,,,https://gaming.az.gov/sites/default/files/EW%20Revenue%20Report%20for%20ADG%20website%20-%20May%202025.pdf,https://gaming.az.gov/blog-terms/event-wagering-revenue-reports,AZ/screenshots/AZ_2025_05_AZ_2025_05_p1.png,"Fanatics Sports Book $ - $ 68,489,228.06 $ - $ 62,513,925.46 $ - $ 5,812,448.39 $ - $ 3,347,543.54 $ - $ 2,464,904.85 $ - $ 246,490.48",,2026-04-08T18:26:36.557363
AZ,2025-05-01,2025-05-31,monthly,Fanatics Sports Book,Fanatics,Fanatics,Fanatics Inc,online,,6848922806,581244839,597530260,334754354,246490485,6251392546,24649048,16285421,0.08486660683207,31,False,False,AZ_2025_05.pdf,,,,,,https://gaming.az.gov/sites/default/files/EW%20Revenue%20Report%20for%20ADG%20website%20-%20May%202025.pdf,https://gaming.az.gov/blog-terms/event-wagering-revenue-reports,AZ/screenshots/AZ_2025_05_AZ_2025_05_p1.png,"Fanatics Sports Book $ - $ 68,489,228.06 $ - $ 62,513,925.46 $ - $ 5,812,448.39 $ - $ 3,347,543.54 $ - $ 2,464,904.85 $ - $ 246,490.48",,2026-04-08T18:26:36.557363
AZ,2025-05-01,2025-05-31,monthly,Fan Duel,FanDuel,FanDuel,Flutter Entertainment,retail,,96750875,19860891,20102194,485000,19375891,76648681,1550071,241303,0.2052786706063382,31,False,False,AZ_2025_05.pdf,,,,,,https://gaming.az.gov/sites/default/files/EW%20Revenue%20Report%20for%20ADG%20website%20-%20May%202025.pdf,https://gaming.az.gov/blog-terms/event-wagering-revenue-reports,AZ/screenshots/AZ_2025_05_AZ_2025_05_p1.png,"Fan Duel $ 967,508.75 $ 2 22,479,963.53 $ 766,486.81 $ 1 93,976,743.26 $ 198,608.91 $ 27,965,236.80 $ 4,850.00 $ 7,286,576.04 $ 193,758.91 $ 20,678,660.76 $ 15,500.71 $ 2,067,866.08",,2026-04-08T18:26:36.557363
AZ,2025-05-01,2025-05-31,monthly,Fan Duel,FanDuel,FanDuel,Flutter Entertainment,online,,22247996353,2796523680,2850322027,728657604,2067866076,19397674326,206786608,53798347,0.1256977768077936,31,False,False,AZ_2025_05.pdf,,,,,,https://gaming.az.gov/sites/default/files/EW%20Revenue%20Report%20for%20ADG%20website%20-%20May%202025.pdf,https://gaming.az.gov/blog-terms/event-wagering-revenue-reports,AZ/screenshots/AZ_2025_05_AZ_2025_05_p1.png,"Fan Duel $ 967,508.75 $ 2 22,479,963.53 $ 766,486.81 $ 1 93,976,743.26 $ 198,608.91 $ 27,965,236.80 $ 4,850.00 $ 7,286,576.04 $ 193,758.91 $ 20,678,660.76 $ 15,500.71 $ 2,067,866.08",,2026-04-08T18:26:36.557363
AZ,2025-05-01,2025-05-31,monthly,Golden Nugget Online Gaming,DraftKings (Golden Nugget),DraftKings,DraftKings Inc,retail,,0,0,0,0,0,0,0,0,,31,False,False,AZ_2025_05.pdf,,,,,,https://gaming.az.gov/sites/default/files/EW%20Revenue%20Report%20for%20ADG%20website%20-%20May%202025.pdf,https://gaming.az.gov/blog-terms/event-wagering-revenue-reports,AZ/screenshots/AZ_2025_05_AZ_2025_05_p1.png,"Golden Nugget Online Gaming $ - $ 20,072.99 $ - $ 18,759.11 $ - $ 1,263.70 $ - $ - $ - $ 1 ,263.70 $ - $ 126.37",,2026-04-08T18:26:36.557363
AZ,2025-05-01,2025-05-31,monthly,Golden Nugget Online Gaming,DraftKings (Golden Nugget),DraftKings,DraftKings Inc,online,,2007299,126370,131388,0,126370,1875911,12637,5018,0.0629552448339784,31,False,False,AZ_2025_05.pdf,,,,,,https://gaming.az.gov/sites/default/files/EW%20Revenue%20Report%20for%20ADG%20website%20-%20May%202025.pdf,https://gaming.az.gov/blog-terms/event-wagering-revenue-reports,AZ/screenshots/AZ_2025_05_AZ_2025_05_p1.png,"Golden Nugget Online Gaming $ - $ 20,072.99 $ - $ 18,759.11 $ - $ 1,263.70 $ - $ - $ - $ 1 ,263.70 $ - $ 126.37",,2026-04-08T18:26:36.557363
AZ,2025-05-01,2025-05-31,monthly,PENN / ESPN Bet,ESPN Bet,ESPN Bet,PENN Entertainment,retail,,0,0,0,0,0,0,0,0,,31,False,False,AZ_2025_05.pdf,,,,,,https://gaming.az.gov/sites/default/files/EW%20Revenue%20Report%20for%20ADG%20website%20-%20May%202025.pdf,https://gaming.az.gov/blog-terms/event-wagering-revenue-reports,AZ/screenshots/AZ_2025_05_AZ_2025_05_p1.png,"PENN / ESPN Bet $ - $ 16,306,600.97 $ - $ 14,318,600.92 $ - $ 1,947,233.55 $ - $ 1,194,164.07 $ - $ 7 53,069.48 $ - $ 75,306.95",,2026-04-08T18:26:36.557363
AZ,2025-05-01,2025-05-31,monthly,PENN / ESPN Bet,ESPN Bet,ESPN Bet,PENN Entertainment,online,,1630660097,194723355,198800005,119416407,75306948,1431860092,7530695,4076650,0.1194138222663579,31,False,False,AZ_2025_05.pdf,,,,,,https://gaming.az.gov/sites/default/files/EW%20Revenue%20Report%20for%20ADG%20website%20-%20May%202025.pdf,https://gaming.az.gov/blog-terms/event-wagering-revenue-reports,AZ/screenshots/AZ_2025_05_AZ_2025_05_p1.png,"PENN / ESPN Bet $ - $ 16,306,600.97 $ - $ 14,318,600.92 $ - $ 1,947,233.55 $ - $ 1,194,164.07 $ - $ 7 53,069.48 $ - $ 75,306.95",,2026-04-08T18:26:36.557363
AZ,2025-05-01,2025-05-31,monthly,Plannatech,Plannatech,Plannatech,Plannatech,retail,,0,0,0,0,0,0,0,0,,31,False,False,AZ_2025_05.pdf,,,,,,https://gaming.az.gov/sites/default/files/EW%20Revenue%20Report%20for%20ADG%20website%20-%20May%202025.pdf,https://gaming.az.gov/blog-terms/event-wagering-revenue-reports,AZ/screenshots/AZ_2025_05_AZ_2025_05_p1.png,"Plannatech $ - $ 336,062.21 $ - $ 333,413.64 $ - $ 1,808.41 $ - $ - $ - $ 1 ,808.41 $ - $ 180.84",,2026-04-08T18:26:36.557363
AZ,2025-05-01,2025-05-31,monthly,Plannatech,Plannatech,Plannatech,Plannatech,online,,33606221,180841,264857,0,180841,33341364,18084,84016,0.0053811763006617,31,False,False,AZ_2025_05.pdf,,,,,,https://gaming.az.gov/sites/default/files/EW%20Revenue%20Report%20for%20ADG%20website%20-%20May%202025.pdf,https://gaming.az.gov/blog-terms/event-wagering-revenue-reports,AZ/screenshots/AZ_2025_05_AZ_2025_05_p1.png,"Plannatech $ - $ 336,062.21 $ - $ 333,413.64 $ - $ 1,808.41 $ - $ - $ - $ 1 ,808.41 $ - $ 180.84",,2026-04-08T18:26:36.557363
AZ,2025-05-01,2025-05-31,monthly,RSI (Rush Street Interactive),BetRivers,BetRivers,Rush Street Interactive,retail,,0,0,0,0,0,0,0,0,,31,False,False,AZ_2025_05.pdf,,,,,,https://gaming.az.gov/sites/default/files/EW%20Revenue%20Report%20for%20ADG%20website%20-%20May%202025.pdf,https://gaming.az.gov/blog-terms/event-wagering-revenue-reports,AZ/screenshots/AZ_2025_05_AZ_2025_05_p1.png,"RSI (Rush Street Interactive) $ - $ 6,843,021.50 $ - $ 6,418,368.75 $ - $ 407,545.20 $ - $ 76,273.42 $ - $ 3 31,271.78 $ - $ 33,127.18",,2026-04-08T18:26:36.557363
AZ,2025-05-01,2025-05-31,monthly,RSI (Rush Street Interactive),BetRivers,BetRivers,Rush Street Interactive,online,,684302150,40754520,42465275,7627342,33127178,641836875,3312718,1710755,0.0595563231826759,31,False,False,AZ_2025_05.pdf,,,,,,https://gaming.az.gov/sites/default/files/EW%20Revenue%20Report%20for%20ADG%20website%20-%20May%202025.pdf,https://gaming.az.gov/blog-terms/event-wagering-revenue-reports,AZ/screenshots/AZ_2025_05_AZ_2025_05_p1.png,"RSI (Rush Street Interactive) $ - $ 6,843,021.50 $ - $ 6,418,368.75 $ - $ 407,545.20 $ - $ 76,273.42 $ - $ 3 31,271.78 $ - $ 33,127.18",,2026-04-08T18:26:36.557363
AZ,2025-05-01,2025-05-31,monthly,Seminole Hard Rock Digital,Hard Rock Bet,Hard Rock Bet,Seminole Tribe / Hard Rock Digital,retail,,0,0,0,0,0,0,0,0,,31,False,False,AZ_2025_05.pdf,,,,,,https://gaming.az.gov/sites/default/files/EW%20Revenue%20Report%20for%20ADG%20website%20-%20May%202025.pdf,https://gaming.az.gov/blog-terms/event-wagering-revenue-reports,AZ/screenshots/AZ_2025_05_AZ_2025_05_p1.png,"Seminole Hard Rock Digital $ - $ 8,622,321.40 $ - $ 7,870,859.25 $ - $ 729,906.35 $ - $ 116,557.62 $ - $ 6 13,348.73 $ - $ 61,334.87",,2026-04-08T18:26:36.557363
AZ,2025-05-01,2025-05-31,monthly,Seminole Hard Rock Digital,Hard Rock Bet,Hard Rock Bet,Seminole Tribe / Hard Rock Digital,online,,862232140,72990635,75146215,11655762,61334873,787085925,6133487,2155580,0.0846531132555555,31,False,False,AZ_2025_05.pdf,,,,,,https://gaming.az.gov/sites/default/files/EW%20Revenue%20Report%20for%20ADG%20website%20-%20May%202025.pdf,https://gaming.az.gov/blog-terms/event-wagering-revenue-reports,AZ/screenshots/AZ_2025_05_AZ_2025_05_p1.png,"Seminole Hard Rock Digital $ - $ 8,622,321.40 $ - $ 7,870,859.25 $ - $ 729,906.35 $ - $ 116,557.62 $ - $ 6 13,348.73 $ - $ 61,334.87",,2026-04-08T18:26:36.557363
AZ,2025-05-01,2025-05-31,monthly,Sporttrade,Sporttrade,Sporttrade,Sporttrade Inc,retail,,0,0,0,0,0,0,0,0,,31,False,False,AZ_2025_05.pdf,,,,,,https://gaming.az.gov/sites/default/files/EW%20Revenue%20Report%20for%20ADG%20website%20-%20May%202025.pdf,https://gaming.az.gov/blog-terms/event-wagering-revenue-reports,AZ/screenshots/AZ_2025_05_AZ_2025_05_p1.png,"Sporttrade $ - $ 1,019,473.04 $ - $ 1,049,167.86 $ - $ - $ - $ - $ - $ - $ - $ -",,2026-04-08T18:26:36.557363
AZ,2025-05-01,2025-05-31,monthly,Sporttrade,Sporttrade,Sporttrade,Sporttrade Inc,online,,101947304,0,-2969482,0,0,104916786,0,-2969482,0.0,31,False,False,AZ_2025_05.pdf,,,,,,https://gaming.az.gov/sites/default/files/EW%20Revenue%20Report%20for%20ADG%20website%20-%20May%202025.pdf,https://gaming.az.gov/blog-terms/event-wagering-revenue-reports,AZ/screenshots/AZ_2025_05_AZ_2025_05_p1.png,"Sporttrade $ - $ 1,019,473.04 $ - $ 1,049,167.86 $ - $ - $ - $ - $ - $ - $ - $ -",,2026-04-08T18:26:36.557363
AZ,2025-06-01,2025-06-30,monthly,"Bally Interactive, LLC",Bally Bet,Bally Bet,Bally's Corporation,retail,,0,0,0,0,0,0,0,0,,30,False,False,AZ_2025_06.pdf,,,,,,https://gaming.az.gov/sites/default/files/EW%20Revenue%20Report%20June%202025%20-%20UNAUDITED-Revised%20081925.pdf,https://gaming.az.gov/blog-terms/event-wagering-revenue-reports,AZ/screenshots/AZ_2025_06_AZ_2025_06_p1.png,"Bally Interactive, LLC $ - $ 1,955,862.35 $ - $ 1,819,361.26 $ - $ 131,611.43 $ - $ 45,010.48 $ - $ 86,600.95 $ - $ 8,660.10",,2026-04-08T18:26:38.441077
AZ,2025-06-01,2025-06-30,monthly,"Bally Interactive, LLC",Bally Bet,Bally Bet,Bally's Corporation,online,,195586235,13161143,13650109,4501048,8660095,181936126,866010,488966,0.0672907426230685,30,False,False,AZ_2025_06.pdf,,,,,,https://gaming.az.gov/sites/default/files/EW%20Revenue%20Report%20June%202025%20-%20UNAUDITED-Revised%20081925.pdf,https://gaming.az.gov/blog-terms/event-wagering-revenue-reports,AZ/screenshots/AZ_2025_06_AZ_2025_06_p1.png,"Bally Interactive, LLC $ - $ 1,955,862.35 $ - $ 1,819,361.26 $ - $ 131,611.43 $ - $ 45,010.48 $ - $ 86,600.95 $ - $ 8,660.10",,2026-04-08T18:26:38.441077
AZ,2025-06-01,2025-06-30,monthly,Bet365,bet365,bet365,bet365 Group,retail,,0,0,0,0,0,0,0,0,,30,False,False,AZ_2025_06.pdf,,,,,,https://gaming.az.gov/sites/default/files/EW%20Revenue%20Report%20June%202025%20-%20UNAUDITED-Revised%20081925.pdf,https://gaming.az.gov/blog-terms/event-wagering-revenue-reports,AZ/screenshots/AZ_2025_06_AZ_2025_06_p1.png,"Bet365 $ - $ 3 2,183,389.11 $ - $ 2 9,381,621.68 $ - $ 2,691,180.02 $ - $ 712,237.37 $ - $ 1,978,942.65 $ - $ 197,894.27",,2026-04-08T18:26:38.441077
AZ,2025-06-01,2025-06-30,monthly,Bet365,bet365,bet365,bet365 Group,online,,3218338911,269118002,280176743,71223737,197894265,2938162168,19789427,11058741,0.0836201560625508,30,False,False,AZ_2025_06.pdf,,,,,,https://gaming.az.gov/sites/default/files/EW%20Revenue%20Report%20June%202025%20-%20UNAUDITED-Revised%20081925.pdf,https://gaming.az.gov/blog-terms/event-wagering-revenue-reports,AZ/screenshots/AZ_2025_06_AZ_2025_06_p1.png,"Bet365 $ - $ 3 2,183,389.11 $ - $ 2 9,381,621.68 $ - $ 2,691,180.02 $ - $ 712,237.37 $ - $ 1,978,942.65 $ - $ 197,894.27",,2026-04-08T18:26:38.441077
AZ,2025-06-01,2025-06-30,monthly,BetMGM,BetMGM,BetMGM,Entain/MGM Resorts,retail,,91141200,75363422,75591275,0,75363422,15549925,6029074,227853,0.8268864355527468,30,False,False,AZ_2025_06.pdf,,,,,,https://gaming.az.gov/sites/default/files/EW%20Revenue%20Report%20June%202025%20-%20UNAUDITED-Revised%20081925.pdf,https://gaming.az.gov/blog-terms/event-wagering-revenue-reports,AZ/screenshots/AZ_2025_06_AZ_2025_06_p1.png,"BetMGM $ 911,412.00 $ 5 3,903,658.01 $ 155,499.25 $ 4 6,971,337.29 $ 753,634.22 $ 6,801,866.75 $ - $ 1,717,647.46 $ 753,634.22 $ 5,084,219.29 $ 60,290.74 $ 508,421.93",,2026-04-08T18:26:38.441077
AZ,2025-06-01,2025-06-30,monthly,BetMGM,BetMGM,BetMGM,Entain/MGM Resorts,online,,5390365801,680186675,693232072,171764746,508421929,4697133729,50842193,13045397,0.1261856245217744,30,False,False,AZ_2025_06.pdf,,,,,,https://gaming.az.gov/sites/default/files/EW%20Revenue%20Report%20June%202025%20-%20UNAUDITED-Revised%20081925.pdf,https://gaming.az.gov/blog-terms/event-wagering-revenue-reports,AZ/screenshots/AZ_2025_06_AZ_2025_06_p1.png,"BetMGM $ 911,412.00 $ 5 3,903,658.01 $ 155,499.25 $ 4 6,971,337.29 $ 753,634.22 $ 6,801,866.75 $ - $ 1,717,647.46 $ 753,634.22 $ 5,084,219.29 $ 60,290.74 $ 508,421.93",,2026-04-08T18:26:38.441077
AZ,2025-06-01,2025-06-30,monthly,Caesars (American Wagering),Caesars,Caesars,Caesars Entertainment,retail,,29563327,0,-27114623,0,0,56677950,0,-27114623,0.0,30,False,False,AZ_2025_06.pdf,,,,,,https://gaming.az.gov/sites/default/files/EW%20Revenue%20Report%20June%202025%20-%20UNAUDITED-Revised%20081925.pdf,https://gaming.az.gov/blog-terms/event-wagering-revenue-reports,AZ/screenshots/AZ_2025_06_AZ_2025_06_p1.png,"Caesars (American Wagering) $ 295,633.27 $ 2 9,151,225.57 $ 566,779.50 $ 2 6,276,148.08 $ - $ 2,803,613.17 $ - $ 513,138.60 $ - $ 2,290,474.57 $ - $ 229,047.46",,2026-04-08T18:26:38.441077
AZ,2025-06-01,2025-06-30,monthly,Caesars (American Wagering),Caesars,Caesars,Caesars Entertainment,online,,2915122557,280361317,287507749,51313860,229047457,2627614808,22904746,7146432,0.0961747959195665,30,False,False,AZ_2025_06.pdf,,,,,,https://gaming.az.gov/sites/default/files/EW%20Revenue%20Report%20June%202025%20-%20UNAUDITED-Revised%20081925.pdf,https://gaming.az.gov/blog-terms/event-wagering-revenue-reports,AZ/screenshots/AZ_2025_06_AZ_2025_06_p1.png,"Caesars (American Wagering) $ 295,633.27 $ 2 9,151,225.57 $ 566,779.50 $ 2 6,276,148.08 $ - $ 2,803,613.17 $ - $ 513,138.60 $ - $ 2,290,474.57 $ - $ 229,047.46",,2026-04-08T18:26:38.441077
AZ,2025-06-01,2025-06-30,monthly,Desert Diamond Mobile,Desert Diamond,Desert Diamond,Tohono O'odham Nation,retail,,0,0,0,0,0,0,0,0,,30,False,False,AZ_2025_06.pdf,,,,,,https://gaming.az.gov/sites/default/files/EW%20Revenue%20Report%20June%202025%20-%20UNAUDITED-Revised%20081925.pdf,https://gaming.az.gov/blog-terms/event-wagering-revenue-reports,AZ/screenshots/AZ_2025_06_AZ_2025_06_p1.png,"Desert Diamond Mobile $ - $ 2,120,509.09 $ - $ 1,842,363.98 $ - $ 273,165.32 $ - $ 128,569.61 $ - $ 144,595.71 $ - $ 14,459.57",,2026-04-08T18:26:38.441077
AZ,2025-06-01,2025-06-30,monthly,Desert Diamond Mobile,Desert Diamond,Desert Diamond,Tohono O'odham Nation,online,,212050909,27316532,27814511,12856961,14459571,184236398,1445957,497979,0.1288206314644942,30,False,False,AZ_2025_06.pdf,,,,,,https://gaming.az.gov/sites/default/files/EW%20Revenue%20Report%20June%202025%20-%20UNAUDITED-Revised%20081925.pdf,https://gaming.az.gov/blog-terms/event-wagering-revenue-reports,AZ/screenshots/AZ_2025_06_AZ_2025_06_p1.png,"Desert Diamond Mobile $ - $ 2,120,509.09 $ - $ 1,842,363.98 $ - $ 273,165.32 $ - $ 128,569.61 $ - $ 144,595.71 $ - $ 14,459.57",,2026-04-08T18:26:38.441077
AZ,2025-06-01,2025-06-30,monthly,Draft Kings/Crown Gaming,DraftKings,DraftKings,DraftKings Inc,retail,,124340142,12822200,13134200,0,12822200,111205942,1025776,312000,0.1031219668383521,30,False,False,AZ_2025_06.pdf,,,,,,https://gaming.az.gov/sites/default/files/EW%20Revenue%20Report%20June%202025%20-%20UNAUDITED-Revised%20081925.pdf,https://gaming.az.gov/blog-terms/event-wagering-revenue-reports,AZ/screenshots/AZ_2025_06_AZ_2025_06_p1.png,"Draft Kings/Crown Gaming $ 1,243,401.42 $ 157,292,927.05 $ 1,112,059.42 $ 137,990,091.42 $ 128,222.00 $ 1 8,920,773.63 $ - $ 4,475,347.63 $ 128,222.00 $ 14,445,426.00 $ 10,257.76 $ 1,444,542.60",,2026-04-08T18:26:38.441077
AZ,2025-06-01,2025-06-30,monthly,Draft Kings/Crown Gaming,DraftKings,DraftKings,DraftKings Inc,online,,15729292705,1892077363,1930283563,447534763,1444542600,13799009142,144454260,38206200,0.120290047269484,30,False,False,AZ_2025_06.pdf,,,,,,https://gaming.az.gov/sites/default/files/EW%20Revenue%20Report%20June%202025%20-%20UNAUDITED-Revised%20081925.pdf,https://gaming.az.gov/blog-terms/event-wagering-revenue-reports,AZ/screenshots/AZ_2025_06_AZ_2025_06_p1.png,"Draft Kings/Crown Gaming $ 1,243,401.42 $ 157,292,927.05 $ 1,112,059.42 $ 137,990,091.42 $ 128,222.00 $ 1 8,920,773.63 $ - $ 4,475,347.63 $ 128,222.00 $ 14,445,426.00 $ 10,257.76 $ 1,444,542.60",,2026-04-08T18:26:38.441077
AZ,2025-06-01,2025-06-30,monthly,Fanatics Sports Book,Fanatics,Fanatics,Fanatics Inc,retail,,0,0,0,0,0,0,0,0,,30,False,False,AZ_2025_06.pdf,,,,,,https://gaming.az.gov/sites/default/files/EW%20Revenue%20Report%20June%202025%20-%20UNAUDITED-Revised%20081925.pdf,https://gaming.az.gov/blog-terms/event-wagering-revenue-reports,AZ/screenshots/AZ_2025_06_AZ_2025_06_p1.png,"Fanatics Sports Book $ - $ 4 4,547,176.57 $ - $ 3 8,971,441.77 $ - $ 5,470,842.68 $ - $ 2,590,328.22 $ - $ 2,880,514.46 $ - $ 288,051.45",,2026-04-08T18:26:38.441077
AZ,2025-06-01,2025-06-30,monthly,Fanatics Sports Book,Fanatics,Fanatics,Fanatics Inc,online,,4454717657,547084268,557573480,259032822,288051446,3897144177,28805145,10489212,0.1228100881186778,30,False,False,AZ_2025_06.pdf,,,,,,https://gaming.az.gov/sites/default/files/EW%20Revenue%20Report%20June%202025%20-%20UNAUDITED-Revised%20081925.pdf,https://gaming.az.gov/blog-terms/event-wagering-revenue-reports,AZ/screenshots/AZ_2025_06_AZ_2025_06_p1.png,"Fanatics Sports Book $ - $ 4 4,547,176.57 $ - $ 3 8,971,441.77 $ - $ 5,470,842.68 $ - $ 2,590,328.22 $ - $ 2,880,514.46 $ - $ 288,051.45",,2026-04-08T18:26:38.441077
AZ,2025-06-01,2025-06-30,monthly,Fan Duel,FanDuel,FanDuel,Flutter Entertainment,retail,,53909050,0,-18841125,0,0,72750175,0,-18841125,0.0,30,False,False,AZ_2025_06.pdf,,,,,,https://gaming.az.gov/sites/default/files/EW%20Revenue%20Report%20June%202025%20-%20UNAUDITED-Revised%20081925.pdf,https://gaming.az.gov/blog-terms/event-wagering-revenue-reports,AZ/screenshots/AZ_2025_06_AZ_2025_06_p1.png,"Fan Duel $ 539,090.50 $ 177,149,142.56 $ 727,501.75 $ 153,716,351.46 $ - $ 2 3,002,408.53 $ - $ 4,996,110.78 $ - $ 18,006,297.75 $ - $ 1,800,629.78",,2026-04-08T18:26:38.441077
AZ,2025-06-01,2025-06-30,monthly,Fan Duel,FanDuel,FanDuel,Flutter Entertainment,online,,17714914256,2300240853,2343279110,499611078,1800629775,15371635146,180062978,43038257,0.1298476989365564,30,False,False,AZ_2025_06.pdf,,,,,,https://gaming.az.gov/sites/default/files/EW%20Revenue%20Report%20June%202025%20-%20UNAUDITED-Revised%20081925.pdf,https://gaming.az.gov/blog-terms/event-wagering-revenue-reports,AZ/screenshots/AZ_2025_06_AZ_2025_06_p1.png,"Fan Duel $ 539,090.50 $ 177,149,142.56 $ 727,501.75 $ 153,716,351.46 $ - $ 2 3,002,408.53 $ - $ 4,996,110.78 $ - $ 18,006,297.75 $ - $ 1,800,629.78",,2026-04-08T18:26:38.441077
AZ,2025-06-01,2025-06-30,monthly,Golden Nugget Online Gaming,DraftKings (Golden Nugget),DraftKings,DraftKings Inc,retail,,0,0,0,0,0,0,0,0,,30,False,False,AZ_2025_06.pdf,,,,,,https://gaming.az.gov/sites/default/files/EW%20Revenue%20Report%20June%202025%20-%20UNAUDITED-Revised%20081925.pdf,https://gaming.az.gov/blog-terms/event-wagering-revenue-reports,AZ/screenshots/AZ_2025_06_AZ_2025_06_p1.png,"Golden Nugget Online Gaming $ - $ 49,313.93 $ - $ 49,951.68 $ - $ - $ - $ - $ - $ - $ - $ -",,2026-04-08T18:26:38.441077
AZ,2025-06-01,2025-06-30,monthly,Golden Nugget Online Gaming,DraftKings (Golden Nugget),DraftKings,DraftKings Inc,online,,4931393,0,-63775,0,0,4995168,0,-63775,0.0,30,False,False,AZ_2025_06.pdf,,,,,,https://gaming.az.gov/sites/default/files/EW%20Revenue%20Report%20June%202025%20-%20UNAUDITED-Revised%20081925.pdf,https://gaming.az.gov/blog-terms/event-wagering-revenue-reports,AZ/screenshots/AZ_2025_06_AZ_2025_06_p1.png,"Golden Nugget Online Gaming $ - $ 49,313.93 $ - $ 49,951.68 $ - $ - $ - $ - $ - $ - $ - $ -",,2026-04-08T18:26:38.441077
AZ,2025-06-01,2025-06-30,monthly,PENN / ESPN Bet,ESPN Bet,ESPN Bet,PENN Entertainment,retail,,0,0,0,0,0,0,0,0,,30,False,False,AZ_2025_06.pdf,,,,,,https://gaming.az.gov/sites/default/files/EW%20Revenue%20Report%20June%202025%20-%20UNAUDITED-Revised%20081925.pdf,https://gaming.az.gov/blog-terms/event-wagering-revenue-reports,AZ/screenshots/AZ_2025_06_AZ_2025_06_p1.png,"PENN / ESPN Bet $ - $ 2 8,255,651.33 $ - $ 2 3,026,653.83 $ - $ 5,158,358.37 $ - $ 1,125,901.19 $ - $ 4,032,457.18 $ - $ 403,245.72",,2026-04-08T18:26:38.441077
AZ,2025-06-01,2025-06-30,monthly,PENN / ESPN Bet,ESPN Bet,ESPN Bet,PENN Entertainment,online,,2825565133,515835837,522899750,112590119,403245718,2302665383,40324572,7063913,0.1825602358181421,30,False,False,AZ_2025_06.pdf,,,,,,https://gaming.az.gov/sites/default/files/EW%20Revenue%20Report%20June%202025%20-%20UNAUDITED-Revised%20081925.pdf,https://gaming.az.gov/blog-terms/event-wagering-revenue-reports,AZ/screenshots/AZ_2025_06_AZ_2025_06_p1.png,"PENN / ESPN Bet $ - $ 2 8,255,651.33 $ - $ 2 3,026,653.83 $ - $ 5,158,358.37 $ - $ 1,125,901.19 $ - $ 4,032,457.18 $ - $ 403,245.72",,2026-04-08T18:26:38.441077
AZ,2025-06-01,2025-06-30,monthly,Plannatech,Plannatech,Plannatech,Plannatech,retail,,0,0,0,0,0,0,0,0,,30,False,False,AZ_2025_06.pdf,,,,,,https://gaming.az.gov/sites/default/files/EW%20Revenue%20Report%20June%202025%20-%20UNAUDITED-Revised%20081925.pdf,https://gaming.az.gov/blog-terms/event-wagering-revenue-reports,AZ/screenshots/AZ_2025_06_AZ_2025_06_p1.png,"Plannatech $ - $ 200,998.37 $ - $ 194,349.81 $ - $ 6,146.06 $ - $ - $ - $ 6,146.06 $ - $ 614.61",,2026-04-08T18:26:38.441077
AZ,2025-06-01,2025-06-30,monthly,Plannatech,Plannatech,Plannatech,Plannatech,online,,20099837,614606,664856,0,614606,19434981,61461,50250,0.0305776609034192,30,False,False,AZ_2025_06.pdf,,,,,,https://gaming.az.gov/sites/default/files/EW%20Revenue%20Report%20June%202025%20-%20UNAUDITED-Revised%20081925.pdf,https://gaming.az.gov/blog-terms/event-wagering-revenue-reports,AZ/screenshots/AZ_2025_06_AZ_2025_06_p1.png,"Plannatech $ - $ 200,998.37 $ - $ 194,349.81 $ - $ 6,146.06 $ - $ - $ - $ 6,146.06 $ - $ 614.61",,2026-04-08T18:26:38.441077
AZ,2025-06-01,2025-06-30,monthly,RSI (Rush Street Interactive),BetRivers,BetRivers,Rush Street Interactive,retail,,0,0,0,0,0,0,0,0,,30,False,False,AZ_2025_06.pdf,,,,,,https://gaming.az.gov/sites/default/files/EW%20Revenue%20Report%20June%202025%20-%20UNAUDITED-Revised%20081925.pdf,https://gaming.az.gov/blog-terms/event-wagering-revenue-reports,AZ/screenshots/AZ_2025_06_AZ_2025_06_p1.png,"RSI (Rush Street Interactive) $ - $ 5,139,635.78 $ - $ 4,653,399.12 $ - $ 473,387.57 $ - $ 62,230.01 $ - $ 411,157.56 $ - $ 41,115.76",,2026-04-08T18:26:38.441077
AZ,2025-06-01,2025-06-30,monthly,RSI (Rush Street Interactive),BetRivers,BetRivers,Rush Street Interactive,online,,513963578,47338757,48623666,6223001,41115756,465339912,4111576,1284909,0.0921052755998986,30,False,False,AZ_2025_06.pdf,,,,,,https://gaming.az.gov/sites/default/files/EW%20Revenue%20Report%20June%202025%20-%20UNAUDITED-Revised%20081925.pdf,https://gaming.az.gov/blog-terms/event-wagering-revenue-reports,AZ/screenshots/AZ_2025_06_AZ_2025_06_p1.png,"RSI (Rush Street Interactive) $ - $ 5,139,635.78 $ - $ 4,653,399.12 $ - $ 473,387.57 $ - $ 62,230.01 $ - $ 411,157.56 $ - $ 41,115.76",,2026-04-08T18:26:38.441077
AZ,2025-06-01,2025-06-30,monthly,Seminole Hard Rock Digital,Hard Rock Bet,Hard Rock Bet,Seminole Tribe / Hard Rock Digital,retail,,0,0,0,0,0,0,0,0,,30,False,False,AZ_2025_06.pdf,,,,,,https://gaming.az.gov/sites/default/files/EW%20Revenue%20Report%20June%202025%20-%20UNAUDITED-Revised%20081925.pdf,https://gaming.az.gov/blog-terms/event-wagering-revenue-reports,AZ/screenshots/AZ_2025_06_AZ_2025_06_p1.png,"Seminole Hard Rock Digital $ - $ 6,968,482.29 $ - $ 6,326,010.13 $ - $ 625,050.95 $ - $ 419,899.05 $ - $ 205,151.90 $ - $ 20,515.19",,2026-04-08T18:26:38.441077
AZ,2025-06-01,2025-06-30,monthly,Seminole Hard Rock Digital,Hard Rock Bet,Hard Rock Bet,Seminole Tribe / Hard Rock Digital,online,,696848229,62505095,64247216,41989905,20515190,632601013,2051519,1742121,0.0896968556405702,30,False,False,AZ_2025_06.pdf,,,,,,https://gaming.az.gov/sites/default/files/EW%20Revenue%20Report%20June%202025%20-%20UNAUDITED-Revised%20081925.pdf,https://gaming.az.gov/blog-terms/event-wagering-revenue-reports,AZ/screenshots/AZ_2025_06_AZ_2025_06_p1.png,"Seminole Hard Rock Digital $ - $ 6,968,482.29 $ - $ 6,326,010.13 $ - $ 625,050.95 $ - $ 419,899.05 $ - $ 205,151.90 $ - $ 20,515.19",,2026-04-08T18:26:38.441077
AZ,2025-06-01,2025-06-30,monthly,Sporttrade,Sporttrade,Sporttrade,Sporttrade Inc,retail,,0,0,0,0,0,0,0,0,,30,False,False,AZ_2025_06.pdf,,,,,,https://gaming.az.gov/sites/default/files/EW%20Revenue%20Report%20June%202025%20-%20UNAUDITED-Revised%20081925.pdf,https://gaming.az.gov/blog-terms/event-wagering-revenue-reports,AZ/screenshots/AZ_2025_06_AZ_2025_06_p1.png,"Sporttrade $ - $ 1,047,126.25 $ - $ 1,034,029.77 $ - $ 10,478.66 $ - $ 2,155.57 $ - $ 8,323.09 $ - $ 832.31",,2026-04-08T18:26:38.441077
AZ,2025-06-01,2025-06-30,monthly,Sporttrade,Sporttrade,Sporttrade,Sporttrade Inc,online,,104712625,1047866,1309648,215557,832309,103402977,83231,261782,0.0100070645731591,30,False,False,AZ_2025_06.pdf,,,,,,https://gaming.az.gov/sites/default/files/EW%20Revenue%20Report%20June%202025%20-%20UNAUDITED-Revised%20081925.pdf,https://gaming.az.gov/blog-terms/event-wagering-revenue-reports,AZ/screenshots/AZ_2025_06_AZ_2025_06_p1.png,"Sporttrade $ - $ 1,047,126.25 $ - $ 1,034,029.77 $ - $ 10,478.66 $ - $ 2,155.57 $ - $ 8,323.09 $ - $ 832.31",,2026-04-08T18:26:38.441077
AZ,2025-07-01,2025-07-31,monthly,"Bally Interactive, LLC",Bally Bet,Bally Bet,Bally's Corporation,retail,,0,0,0,0,0,0,0,0,,31,False,False,AZ_2025_07.pdf,,,,,,https://gaming.az.gov/sites/default/files/EW%20Website%20Report-July%202025%20UNAUDITED%20091825.pdf,https://gaming.az.gov/blog-terms/event-wagering-revenue-reports,AZ/screenshots/AZ_2025_07_AZ_2025_07_p1.png,"Bally Interactive, LLC $ - $ 2,036,307.11 $ - $ 1,826,487.07 $ - $ 204,729.27 $ - $ 63,710.68 $ - $ 141,018.59 $ - $ 14,101.86",,2026-04-08T18:26:38.868810
AZ,2025-07-01,2025-07-31,monthly,"Bally Interactive, LLC",Bally Bet,Bally Bet,Bally's Corporation,online,,203630711,20472927,20982004,6371068,14101859,182648707,1410186,509077,0.10053948591281,31,False,False,AZ_2025_07.pdf,,,,,,https://gaming.az.gov/sites/default/files/EW%20Website%20Report-July%202025%20UNAUDITED%20091825.pdf,https://gaming.az.gov/blog-terms/event-wagering-revenue-reports,AZ/screenshots/AZ_2025_07_AZ_2025_07_p1.png,"Bally Interactive, LLC $ - $ 2,036,307.11 $ - $ 1,826,487.07 $ - $ 204,729.27 $ - $ 63,710.68 $ - $ 141,018.59 $ - $ 14,101.86",,2026-04-08T18:26:38.868810
AZ,2025-07-01,2025-07-31,monthly,Bet365,bet365,bet365,bet365 Group,retail,,0,0,0,0,0,0,0,0,,31,False,False,AZ_2025_07.pdf,,,,,,https://gaming.az.gov/sites/default/files/EW%20Website%20Report-July%202025%20UNAUDITED%20091825.pdf,https://gaming.az.gov/blog-terms/event-wagering-revenue-reports,AZ/screenshots/AZ_2025_07_AZ_2025_07_p1.png,"Bet365 $ - $ 32,177,074.47 $ - $ 29,403,587.12 $ - $ 2,693,081.74 $ - $ 562,138.88 $ - $ 2,130,942.86 $ - $ 213,094.29",,2026-04-08T18:26:38.868810
AZ,2025-07-01,2025-07-31,monthly,Bet365,bet365,bet365,bet365 Group,online,,3217707447,269308174,277348735,56213888,213094286,2940358712,21309429,8040561,0.0836956679362155,31,False,False,AZ_2025_07.pdf,,,,,,https://gaming.az.gov/sites/default/files/EW%20Website%20Report-July%202025%20UNAUDITED%20091825.pdf,https://gaming.az.gov/blog-terms/event-wagering-revenue-reports,AZ/screenshots/AZ_2025_07_AZ_2025_07_p1.png,"Bet365 $ - $ 32,177,074.47 $ - $ 29,403,587.12 $ - $ 2,693,081.74 $ - $ 562,138.88 $ - $ 2,130,942.86 $ - $ 213,094.29",,2026-04-08T18:26:38.868810
AZ,2025-07-01,2025-07-31,monthly,BetMGM,BetMGM,BetMGM,Entain/MGM Resorts,retail,,12258230,0,-2401040,0,0,14659270,0,-2401040,0.0,31,False,False,AZ_2025_07.pdf,,,,,,https://gaming.az.gov/sites/default/files/EW%20Website%20Report-July%202025%20UNAUDITED%20091825.pdf,https://gaming.az.gov/blog-terms/event-wagering-revenue-reports,AZ/screenshots/AZ_2025_07_AZ_2025_07_p1.png,"BetMGM $ 122,582.30 $ 57,688,330.32 $ 146,592.70 $ 50,587,053.91 $ - $ 6,961,220.55 $ - $ 1,785,784.02 $ - $ 5,175,436.53 $ - $ 517,543.65",,2026-04-08T18:26:38.868810
AZ,2025-07-01,2025-07-31,monthly,BetMGM,BetMGM,BetMGM,Entain/MGM Resorts,online,,5768833032,696122055,710127641,178578402,517543653,5058705391,51754365,14005586,0.1206694752887762,31,False,False,AZ_2025_07.pdf,,,,,,https://gaming.az.gov/sites/default/files/EW%20Website%20Report-July%202025%20UNAUDITED%20091825.pdf,https://gaming.az.gov/blog-terms/event-wagering-revenue-reports,AZ/screenshots/AZ_2025_07_AZ_2025_07_p1.png,"BetMGM $ 122,582.30 $ 57,688,330.32 $ 146,592.70 $ 50,587,053.91 $ - $ 6,961,220.55 $ - $ 1,785,784.02 $ - $ 5,175,436.53 $ - $ 517,543.65",,2026-04-08T18:26:38.868810
AZ,2025-07-01,2025-07-31,monthly,Caesars (American Wagering),Caesars,Caesars,Caesars Entertainment,retail,,39445474,3037187,3132669,0,3037187,36312805,242975,95482,0.0769970973095671,31,False,False,AZ_2025_07.pdf,,,,,,https://gaming.az.gov/sites/default/files/EW%20Website%20Report-July%202025%20UNAUDITED%20091825.pdf,https://gaming.az.gov/blog-terms/event-wagering-revenue-reports,AZ/screenshots/AZ_2025_07_AZ_2025_07_p1.png,"Caesars (American Wagering) $ 394,454.74 $ 26,373,137.85 $ 363,128.05 $ 23,917,561.76 $ 30,371.87 $ 2,391,108.42 $ - $ 429,938.50 $ 30,371.87 $ 1,961,169.92 $ 2,429.75 $ 196,116.99",,2026-04-08T18:26:38.868810
AZ,2025-07-01,2025-07-31,monthly,Caesars (American Wagering),Caesars,Caesars,Caesars Entertainment,online,,2637313785,239110842,245557609,42993850,196116992,2391756176,19611699,6446767,0.0906645403212799,31,False,False,AZ_2025_07.pdf,,,,,,https://gaming.az.gov/sites/default/files/EW%20Website%20Report-July%202025%20UNAUDITED%20091825.pdf,https://gaming.az.gov/blog-terms/event-wagering-revenue-reports,AZ/screenshots/AZ_2025_07_AZ_2025_07_p1.png,"Caesars (American Wagering) $ 394,454.74 $ 26,373,137.85 $ 363,128.05 $ 23,917,561.76 $ 30,371.87 $ 2,391,108.42 $ - $ 429,938.50 $ 30,371.87 $ 1,961,169.92 $ 2,429.75 $ 196,116.99",,2026-04-08T18:26:38.868810
AZ,2025-07-01,2025-07-31,monthly,Desert Diamond Mobile,Desert Diamond,Desert Diamond,Tohono O'odham Nation,retail,,0,0,0,0,0,0,0,0,,31,False,False,AZ_2025_07.pdf,,,,,,https://gaming.az.gov/sites/default/files/EW%20Website%20Report-July%202025%20UNAUDITED%20091825.pdf,https://gaming.az.gov/blog-terms/event-wagering-revenue-reports,AZ/screenshots/AZ_2025_07_AZ_2025_07_p1.png,"Desert Diamond Mobile $ - $ 1,662,761.58 $ - $ 1,486,713.28 $ - $ 172,164.86 $ - $ 109,321.21 $ - $ 62,843.65 $ - $ 6,284.37",,2026-04-08T18:26:38.868810
AZ,2025-07-01,2025-07-31,monthly,Desert Diamond Mobile,Desert Diamond,Desert Diamond,Tohono O'odham Nation,online,,166276158,17216486,17604830,10932121,6284365,148671328,628437,388344,0.1035415191635592,31,False,False,AZ_2025_07.pdf,,,,,,https://gaming.az.gov/sites/default/files/EW%20Website%20Report-July%202025%20UNAUDITED%20091825.pdf,https://gaming.az.gov/blog-terms/event-wagering-revenue-reports,AZ/screenshots/AZ_2025_07_AZ_2025_07_p1.png,"Desert Diamond Mobile $ - $ 1,662,761.58 $ - $ 1,486,713.28 $ - $ 172,164.86 $ - $ 109,321.21 $ - $ 62,843.65 $ - $ 6,284.37",,2026-04-08T18:26:38.868810
AZ,2025-07-01,2025-07-31,monthly,Draft Kings/Crown Gaming,DraftKings,DraftKings,DraftKings Inc,retail,,62035685,7420932,7576732,0,7420932,54458953,593675,155800,0.1196236005131562,31,False,False,AZ_2025_07.pdf,,,,,,https://gaming.az.gov/sites/default/files/EW%20Website%20Report-July%202025%20UNAUDITED%20091825.pdf,https://gaming.az.gov/blog-terms/event-wagering-revenue-reports,AZ/screenshots/AZ_2025_07_AZ_2025_07_p1.png,"Draft Kings/Crown Gaming $ 620,356.85 $ 125,537,476.93 $ 544,589.53 $ 108,952,511.22 $ 74,209.32 $ 16,279,260.71 $ - $ 3,266,321.77 $ 74,209.32 $ 13,012,938.94 $ 5,936.75 $ 1,301,293.89",,2026-04-08T18:26:38.868810
AZ,2025-07-01,2025-07-31,monthly,Draft Kings/Crown Gaming,DraftKings,DraftKings,DraftKings Inc,online,,12553747693,1627926071,1658496571,326632177,1301293894,10895251122,130129389,30570500,0.1296765006602558,31,False,False,AZ_2025_07.pdf,,,,,,https://gaming.az.gov/sites/default/files/EW%20Website%20Report-July%202025%20UNAUDITED%20091825.pdf,https://gaming.az.gov/blog-terms/event-wagering-revenue-reports,AZ/screenshots/AZ_2025_07_AZ_2025_07_p1.png,"Draft Kings/Crown Gaming $ 620,356.85 $ 125,537,476.93 $ 544,589.53 $ 108,952,511.22 $ 74,209.32 $ 16,279,260.71 $ - $ 3,266,321.77 $ 74,209.32 $ 13,012,938.94 $ 5,936.75 $ 1,301,293.89",,2026-04-08T18:26:38.868810
AZ,2025-07-01,2025-07-31,monthly,Fanatics Sports Book,Fanatics,Fanatics,Fanatics Inc,retail,,0,0,0,0,0,0,0,0,,31,False,False,AZ_2025_07.pdf,,,,,,https://gaming.az.gov/sites/default/files/EW%20Website%20Report-July%202025%20UNAUDITED%20091825.pdf,https://gaming.az.gov/blog-terms/event-wagering-revenue-reports,AZ/screenshots/AZ_2025_07_AZ_2025_07_p1.png,"Fanatics Sports Book $ - $ 36,053,849.84 $ - $ 31,365,794.54 $ - $ 4,601,383.65 $ - $ 1,385,190.53 $ - $ 3,216,193.12 $ - $ 321,619.31",,2026-04-08T18:26:38.868810
AZ,2025-07-01,2025-07-31,monthly,Fanatics Sports Book,Fanatics,Fanatics,Fanatics Inc,online,,3605384984,460138365,468805530,138519053,321619312,3136579454,32161931,8667165,0.127625306879017,31,False,False,AZ_2025_07.pdf,,,,,,https://gaming.az.gov/sites/default/files/EW%20Website%20Report-July%202025%20UNAUDITED%20091825.pdf,https://gaming.az.gov/blog-terms/event-wagering-revenue-reports,AZ/screenshots/AZ_2025_07_AZ_2025_07_p1.png,"Fanatics Sports Book $ - $ 36,053,849.84 $ - $ 31,365,794.54 $ - $ 4,601,383.65 $ - $ 1,385,190.53 $ - $ 3,216,193.12 $ - $ 321,619.31",,2026-04-08T18:26:38.868810
AZ,2025-07-01,2025-07-31,monthly,Fan Duel,FanDuel,FanDuel,Flutter Entertainment,retail,,7542600,0,-7508900,0,0,15051500,0,-7508900,0.0,31,False,False,AZ_2025_07.pdf,,,,,,https://gaming.az.gov/sites/default/files/EW%20Website%20Report-July%202025%20UNAUDITED%20091825.pdf,https://gaming.az.gov/blog-terms/event-wagering-revenue-reports,AZ/screenshots/AZ_2025_07_AZ_2025_07_p1.png,"Fan Duel $ 75,426.00 $ 155,275,205.32 $ 150,515.00 $ 137,141,920.28 $ - $ 17,754,635.59 $ - $ 3,815,416.26 $ - $ 13,939,219.33 $ - $ 1,393,921.93",,2026-04-08T18:26:38.868810
AZ,2025-07-01,2025-07-31,monthly,Fan Duel,FanDuel,FanDuel,Flutter Entertainment,online,,15527520532,1775463559,1813328504,381541626,1393921933,13714192028,139392193,37864945,0.1143430179558303,31,False,False,AZ_2025_07.pdf,,,,,,https://gaming.az.gov/sites/default/files/EW%20Website%20Report-July%202025%20UNAUDITED%20091825.pdf,https://gaming.az.gov/blog-terms/event-wagering-revenue-reports,AZ/screenshots/AZ_2025_07_AZ_2025_07_p1.png,"Fan Duel $ 75,426.00 $ 155,275,205.32 $ 150,515.00 $ 137,141,920.28 $ - $ 17,754,635.59 $ - $ 3,815,416.26 $ - $ 13,939,219.33 $ - $ 1,393,921.93",,2026-04-08T18:26:38.868810
AZ,2025-07-01,2025-07-31,monthly,Golden Nugget Online Gaming,DraftKings (Golden Nugget),DraftKings,DraftKings Inc,retail,,0,0,0,0,0,0,0,0,,31,False,False,AZ_2025_07.pdf,,,,,,https://gaming.az.gov/sites/default/files/EW%20Website%20Report-July%202025%20UNAUDITED%20091825.pdf,https://gaming.az.gov/blog-terms/event-wagering-revenue-reports,AZ/screenshots/AZ_2025_07_AZ_2025_07_p1.png,"Golden Nugget Online Gaming $ - $ 33,154.26 $ - $ 22,749.93 $ - $ 10,321.44 $ - $ - $ - $ 10,321.44 $ - $ 1,032.14",,2026-04-08T18:26:38.868810
AZ,2025-07-01,2025-07-31,monthly,Golden Nugget Online Gaming,DraftKings (Golden Nugget),DraftKings,DraftKings Inc,online,,3315426,1032144,1040433,0,1032144,2274993,103214,8289,0.3113156499345785,31,False,False,AZ_2025_07.pdf,,,,,,https://gaming.az.gov/sites/default/files/EW%20Website%20Report-July%202025%20UNAUDITED%20091825.pdf,https://gaming.az.gov/blog-terms/event-wagering-revenue-reports,AZ/screenshots/AZ_2025_07_AZ_2025_07_p1.png,"Golden Nugget Online Gaming $ - $ 33,154.26 $ - $ 22,749.93 $ - $ 10,321.44 $ - $ - $ - $ 10,321.44 $ - $ 1,032.14",,2026-04-08T18:26:38.868810
AZ,2025-07-01,2025-07-31,monthly,PENN / ESPN Bet,ESPN Bet,ESPN Bet,PENN Entertainment,retail,,0,0,0,0,0,0,0,0,,31,False,False,AZ_2025_07.pdf,,,,,,https://gaming.az.gov/sites/default/files/EW%20Website%20Report-July%202025%20UNAUDITED%20091825.pdf,https://gaming.az.gov/blog-terms/event-wagering-revenue-reports,AZ/screenshots/AZ_2025_07_AZ_2025_07_p1.png,"PENN / ESPN Bet $ - $ 11,748,642.60 $ - $ 10,750,769.94 $ - $ 968,501.05 $ - $ 518,314.26 $ - $ 450,186.79 $ - $ 45,018.68",,2026-04-08T18:26:38.868810
AZ,2025-07-01,2025-07-31,monthly,PENN / ESPN Bet,ESPN Bet,ESPN Bet,PENN Entertainment,online,,1174864260,96850105,99787266,51831426,45018679,1075076994,4501868,2937161,0.0824351444651146,31,False,False,AZ_2025_07.pdf,,,,,,https://gaming.az.gov/sites/default/files/EW%20Website%20Report-July%202025%20UNAUDITED%20091825.pdf,https://gaming.az.gov/blog-terms/event-wagering-revenue-reports,AZ/screenshots/AZ_2025_07_AZ_2025_07_p1.png,"PENN / ESPN Bet $ - $ 11,748,642.60 $ - $ 10,750,769.94 $ - $ 968,501.05 $ - $ 518,314.26 $ - $ 450,186.79 $ - $ 45,018.68",,2026-04-08T18:26:38.868810
AZ,2025-07-01,2025-07-31,monthly,Plannatech,Plannatech,Plannatech,Plannatech,retail,,0,0,0,0,0,0,0,0,,31,False,False,AZ_2025_07.pdf,,,,,,https://gaming.az.gov/sites/default/files/EW%20Website%20Report-July%202025%20UNAUDITED%20091825.pdf,https://gaming.az.gov/blog-terms/event-wagering-revenue-reports,AZ/screenshots/AZ_2025_07_AZ_2025_07_p1.png,"Plannatech $ - $ 607,305.83 $ - $ 608,680.13 $ - $ - $ - $ - $ - $ - $ - $ -",,2026-04-08T18:26:38.868810
AZ,2025-07-01,2025-07-31,monthly,Plannatech,Plannatech,Plannatech,Plannatech,online,,60730583,0,-137430,0,0,60868013,0,-137430,0.0,31,False,False,AZ_2025_07.pdf,,,,,,https://gaming.az.gov/sites/default/files/EW%20Website%20Report-July%202025%20UNAUDITED%20091825.pdf,https://gaming.az.gov/blog-terms/event-wagering-revenue-reports,AZ/screenshots/AZ_2025_07_AZ_2025_07_p1.png,"Plannatech $ - $ 607,305.83 $ - $ 608,680.13 $ - $ - $ - $ - $ - $ - $ - $ -",,2026-04-08T18:26:38.868810
AZ,2025-07-01,2025-07-31,monthly,RSI (Rush Street Interactive),BetRivers,BetRivers,Rush Street Interactive,retail,,0,0,0,0,0,0,0,0,,31,False,False,AZ_2025_07.pdf,,,,,,https://gaming.az.gov/sites/default/files/EW%20Website%20Report-July%202025%20UNAUDITED%20091825.pdf,https://gaming.az.gov/blog-terms/event-wagering-revenue-reports,AZ/screenshots/AZ_2025_07_AZ_2025_07_p1.png,"RSI (Rush Street Interactive) $ - $ 3,509,652.84 $ - $ 3,082,747.75 $ - $ 418,130.96 $ - $ 54,498.45 $ - $ 363,632.51 $ - $ 36,363.25",,2026-04-08T18:26:38.868810
AZ,2025-07-01,2025-07-31,monthly,RSI (Rush Street Interactive),BetRivers,BetRivers,Rush Street Interactive,online,,350965284,41813096,42690509,5449845,36363251,308274775,3636325,877413,0.1191374130325664,31,False,False,AZ_2025_07.pdf,,,,,,https://gaming.az.gov/sites/default/files/EW%20Website%20Report-July%202025%20UNAUDITED%20091825.pdf,https://gaming.az.gov/blog-terms/event-wagering-revenue-reports,AZ/screenshots/AZ_2025_07_AZ_2025_07_p1.png,"RSI (Rush Street Interactive) $ - $ 3,509,652.84 $ - $ 3,082,747.75 $ - $ 418,130.96 $ - $ 54,498.45 $ - $ 363,632.51 $ - $ 36,363.25",,2026-04-08T18:26:38.868810
AZ,2025-07-01,2025-07-31,monthly,Seminole Hard Rock Digital,Hard Rock Bet,Hard Rock Bet,Seminole Tribe / Hard Rock Digital,retail,,0,0,0,0,0,0,0,0,,31,False,False,AZ_2025_07.pdf,,,,,,https://gaming.az.gov/sites/default/files/EW%20Website%20Report-July%202025%20UNAUDITED%20091825.pdf,https://gaming.az.gov/blog-terms/event-wagering-revenue-reports,AZ/screenshots/AZ_2025_07_AZ_2025_07_p1.png,"Seminole Hard Rock Digital $ - $ 8,713,619.47 $ - $ 7,868,683.26 $ - $ 823,152.16 $ - $ 710,723.28 $ - $ 112,428.88 $ - $ 11,242.89",,2026-04-08T18:26:38.868810
AZ,2025-07-01,2025-07-31,monthly,Seminole Hard Rock Digital,Hard Rock Bet,Hard Rock Bet,Seminole Tribe / Hard Rock Digital,online,,871361947,82315216,84493621,71072328,11242888,786868326,1124289,2178405,0.0944673063626451,31,False,False,AZ_2025_07.pdf,,,,,,https://gaming.az.gov/sites/default/files/EW%20Website%20Report-July%202025%20UNAUDITED%20091825.pdf,https://gaming.az.gov/blog-terms/event-wagering-revenue-reports,AZ/screenshots/AZ_2025_07_AZ_2025_07_p1.png,"Seminole Hard Rock Digital $ - $ 8,713,619.47 $ - $ 7,868,683.26 $ - $ 823,152.16 $ - $ 710,723.28 $ - $ 112,428.88 $ - $ 11,242.89",,2026-04-08T18:26:38.868810
AZ,2025-07-01,2025-07-31,monthly,Sporttrade,Sporttrade,Sporttrade,Sporttrade Inc,retail,,0,0,0,0,0,0,0,0,,31,False,False,AZ_2025_07.pdf,,,,,,https://gaming.az.gov/sites/default/files/EW%20Website%20Report-July%202025%20UNAUDITED%20091825.pdf,https://gaming.az.gov/blog-terms/event-wagering-revenue-reports,AZ/screenshots/AZ_2025_07_AZ_2025_07_p1.png,"Sporttrade $ - $ 1,056,677.91 $ - $ 1,000,059.91 $ - $ 53,976.31 $ - $ 705.90 $ - $ 53,270.41 $ - $ 5,327.04",,2026-04-08T18:26:38.868810
AZ,2025-07-01,2025-07-31,monthly,Sporttrade,Sporttrade,Sporttrade,Sporttrade Inc,online,,105667791,5397631,5661800,70590,5327041,100005991,532704,264169,0.051081137865369,31,False,False,AZ_2025_07.pdf,,,,,,https://gaming.az.gov/sites/default/files/EW%20Website%20Report-July%202025%20UNAUDITED%20091825.pdf,https://gaming.az.gov/blog-terms/event-wagering-revenue-reports,AZ/screenshots/AZ_2025_07_AZ_2025_07_p1.png,"Sporttrade $ - $ 1,056,677.91 $ - $ 1,000,059.91 $ - $ 53,976.31 $ - $ 705.90 $ - $ 53,270.41 $ - $ 5,327.04",,2026-04-08T18:26:38.868810
AZ,2025-08-01,2025-08-31,monthly,"Bally Interactive, LLC",Bally Bet,Bally Bet,Bally's Corporation,retail,,0,0,0,0,0,0,0,0,,31,False,False,AZ_2025_08.pdf,,,,,,https://gaming.az.gov/sites/default/files/EW%20Website%20Report-August%202025%20UNAUDITED.pdf,https://gaming.az.gov/blog-terms/event-wagering-revenue-reports,AZ/screenshots/AZ_2025_08_AZ_2025_08_p1.png,"Bally Interactive, LLC $ - $ 1,816,686.22 $ - $ 1,692,034.52 $ - $ 120,109.98 $ - $ 32,991.89 $ - $ 87,118.09 $ - $ 8,711.81",,2026-04-08T18:26:39.299893
AZ,2025-08-01,2025-08-31,monthly,"Bally Interactive, LLC",Bally Bet,Bally Bet,Bally's Corporation,online,,181668622,12010998,12465170,3299189,8711809,169203452,871181,454172,0.0661148737066987,31,False,False,AZ_2025_08.pdf,,,,,,https://gaming.az.gov/sites/default/files/EW%20Website%20Report-August%202025%20UNAUDITED.pdf,https://gaming.az.gov/blog-terms/event-wagering-revenue-reports,AZ/screenshots/AZ_2025_08_AZ_2025_08_p1.png,"Bally Interactive, LLC $ - $ 1,816,686.22 $ - $ 1,692,034.52 $ - $ 120,109.98 $ - $ 32,991.89 $ - $ 87,118.09 $ - $ 8,711.81",,2026-04-08T18:26:39.299893
AZ,2025-08-01,2025-08-31,monthly,Bet365,bet365,bet365,bet365 Group,retail,,0,0,0,0,0,0,0,0,,31,False,False,AZ_2025_08.pdf,,,,,,https://gaming.az.gov/sites/default/files/EW%20Website%20Report-August%202025%20UNAUDITED.pdf,https://gaming.az.gov/blog-terms/event-wagering-revenue-reports,AZ/screenshots/AZ_2025_08_AZ_2025_08_p1.png,"Bet365 $ - $ 68,036,494.98 $ - $ 66,508,886.69 $ - $ 1,447,183.79 $ - $ 682,117.97 $ - $ 765,065.82 $ - $ 76,506.58",,2026-04-08T18:26:39.299893
AZ,2025-08-01,2025-08-31,monthly,Bet365,bet365,bet365,bet365 Group,online,,6803649498,144718379,152760829,68211797,76506582,6650888669,7650658,8042450,0.021270698768733,31,False,False,AZ_2025_08.pdf,,,,,,https://gaming.az.gov/sites/default/files/EW%20Website%20Report-August%202025%20UNAUDITED.pdf,https://gaming.az.gov/blog-terms/event-wagering-revenue-reports,AZ/screenshots/AZ_2025_08_AZ_2025_08_p1.png,"Bet365 $ - $ 68,036,494.98 $ - $ 66,508,886.69 $ - $ 1,447,183.79 $ - $ 682,117.97 $ - $ 765,065.82 $ - $ 76,506.58",,2026-04-08T18:26:39.299893
AZ,2025-08-01,2025-08-31,monthly,BetMGM,BetMGM,BetMGM,Entain/MGM Resorts,retail,,22088155,85470,140690,0,85470,21947465,6838,55220,0.0038694947586161,31,False,False,AZ_2025_08.pdf,,,,,,https://gaming.az.gov/sites/default/files/EW%20Website%20Report-August%202025%20UNAUDITED.pdf,https://gaming.az.gov/blog-terms/event-wagering-revenue-reports,AZ/screenshots/AZ_2025_08_AZ_2025_08_p1.png,"BetMGM $ 220,881.55 $ 67,244,734.57 $ 219,474.65 $ 58,741,654.13 $ 854.70 $ 8,340,737.96 $ - $ 2,384,389.53 $ 854.70 $ 5,956,348.43 $ 68.38 $ 595,634.84",,2026-04-08T18:26:39.299893
AZ,2025-08-01,2025-08-31,monthly,BetMGM,BetMGM,BetMGM,Entain/MGM Resorts,online,,6724473457,834073796,850308044,238438953,595634843,5874165413,59563484,16234248,0.1240355548034398,31,False,False,AZ_2025_08.pdf,,,,,,https://gaming.az.gov/sites/default/files/EW%20Website%20Report-August%202025%20UNAUDITED.pdf,https://gaming.az.gov/blog-terms/event-wagering-revenue-reports,AZ/screenshots/AZ_2025_08_AZ_2025_08_p1.png,"BetMGM $ 220,881.55 $ 67,244,734.57 $ 219,474.65 $ 58,741,654.13 $ 854.70 $ 8,340,737.96 $ - $ 2,384,389.53 $ 854.70 $ 5,956,348.43 $ 68.38 $ 595,634.84",,2026-04-08T18:26:39.299893
AZ,2025-08-01,2025-08-31,monthly,Caesars (American Wagering),Caesars,Caesars,Caesars Entertainment,retail,,43899313,7268037,7369368,0,7268037,36529945,581443,101331,0.1655615202907617,31,False,False,AZ_2025_08.pdf,,,,,,https://gaming.az.gov/sites/default/files/EW%20Website%20Report-August%202025%20UNAUDITED.pdf,https://gaming.az.gov/blog-terms/event-wagering-revenue-reports,AZ/screenshots/AZ_2025_08_AZ_2025_08_p1.png,"Caesars (American Wagering) $ 438,993.13 $ 30,867,362.78 $ 365,299.45 $ 27,744,333.13 $ 72,680.37 $ 3,048,170.98 $ - $ 623,988.49 $ 72,680.37 $ 2,424,182.49 $ 5,814.43 $ 242,418.25",,2026-04-08T18:26:39.299893
AZ,2025-08-01,2025-08-31,monthly,Caesars (American Wagering),Caesars,Caesars,Caesars Entertainment,online,,3086736278,304817098,312302965,62398849,242418249,2774433313,24241825,7485867,0.0987506124745782,31,False,False,AZ_2025_08.pdf,,,,,,https://gaming.az.gov/sites/default/files/EW%20Website%20Report-August%202025%20UNAUDITED.pdf,https://gaming.az.gov/blog-terms/event-wagering-revenue-reports,AZ/screenshots/AZ_2025_08_AZ_2025_08_p1.png,"Caesars (American Wagering) $ 438,993.13 $ 30,867,362.78 $ 365,299.45 $ 27,744,333.13 $ 72,680.37 $ 3,048,170.98 $ - $ 623,988.49 $ 72,680.37 $ 2,424,182.49 $ 5,814.43 $ 242,418.25",,2026-04-08T18:26:39.299893
AZ,2025-08-01,2025-08-31,monthly,Desert Diamond Mobile,Desert Diamond,Desert Diamond,Tohono O'odham Nation,retail,,0,0,0,0,0,0,0,0,,31,False,False,AZ_2025_08.pdf,,,,,,https://gaming.az.gov/sites/default/files/EW%20Website%20Report-August%202025%20UNAUDITED.pdf,https://gaming.az.gov/blog-terms/event-wagering-revenue-reports,AZ/screenshots/AZ_2025_08_AZ_2025_08_p1.png,"Desert Diamond Mobile $ - $ 1,490,254.58 $ - $ 1,333,604.96 $ - $ 153,541.99 $ - $ 149,025.46 $ - $ 4,516.53 $ - $ 451.65",,2026-04-08T18:26:39.299893
AZ,2025-08-01,2025-08-31,monthly,Desert Diamond Mobile,Desert Diamond,Desert Diamond,Tohono O'odham Nation,online,,149025458,15354199,15664962,14902546,451653,133360496,45165,310763,0.1030307117056469,31,False,False,AZ_2025_08.pdf,,,,,,https://gaming.az.gov/sites/default/files/EW%20Website%20Report-August%202025%20UNAUDITED.pdf,https://gaming.az.gov/blog-terms/event-wagering-revenue-reports,AZ/screenshots/AZ_2025_08_AZ_2025_08_p1.png,"Desert Diamond Mobile $ - $ 1,490,254.58 $ - $ 1,333,604.96 $ - $ 153,541.99 $ - $ 149,025.46 $ - $ 4,516.53 $ - $ 451.65",,2026-04-08T18:26:39.299893
AZ,2025-08-01,2025-08-31,monthly,Draft Kings/Crown Gaming,DraftKings,DraftKings,DraftKings Inc,retail,,112169407,30928131,31209131,0,30928131,80960276,2474250,281000,0.2757269725068619,31,False,False,AZ_2025_08.pdf,,,,,,https://gaming.az.gov/sites/default/files/EW%20Website%20Report-August%202025%20UNAUDITED.pdf,https://gaming.az.gov/blog-terms/event-wagering-revenue-reports,AZ/screenshots/AZ_2025_08_AZ_2025_08_p1.png,"Draft Kings/Crown Gaming $ 1,121,694.07 $ 182,848,998.35 $ 809,602.76 $ 162,665,463.98 $ 309,281.31 $ 19,743,676.37 $ - $ 6,963,211.17 $ 309,281.31 $ 12,780,465.20 $ 24,742.50 $ 1,278,046.52",,2026-04-08T18:26:39.299893
AZ,2025-08-01,2025-08-31,monthly,Draft Kings/Crown Gaming,DraftKings,DraftKings,DraftKings Inc,online,,18284899835,1974367637,2018353437,696321117,1278046520,16266546398,127804652,43985800,0.1079780395198429,31,False,False,AZ_2025_08.pdf,,,,,,https://gaming.az.gov/sites/default/files/EW%20Website%20Report-August%202025%20UNAUDITED.pdf,https://gaming.az.gov/blog-terms/event-wagering-revenue-reports,AZ/screenshots/AZ_2025_08_AZ_2025_08_p1.png,"Draft Kings/Crown Gaming $ 1,121,694.07 $ 182,848,998.35 $ 809,602.76 $ 162,665,463.98 $ 309,281.31 $ 19,743,676.37 $ - $ 6,963,211.17 $ 309,281.31 $ 12,780,465.20 $ 24,742.50 $ 1,278,046.52",,2026-04-08T18:26:39.299893
AZ,2025-08-01,2025-08-31,monthly,Fanatics Sports Book,Fanatics,Fanatics,Fanatics Inc,retail,,0,0,0,0,0,0,0,0,,31,False,False,AZ_2025_08.pdf,,,,,,https://gaming.az.gov/sites/default/files/EW%20Website%20Report-August%202025%20UNAUDITED.pdf,https://gaming.az.gov/blog-terms/event-wagering-revenue-reports,AZ/screenshots/AZ_2025_08_AZ_2025_08_p1.png,"Fanatics Sports Book $ - $ 48,140,999.85 $ - $ 43,715,990.38 $ - $ 4,308,885.26 $ - $ 1,691,316.35 $ - $ 2,617,568.91 $ - $ 261,756.89",,2026-04-08T18:26:39.299893
AZ,2025-08-01,2025-08-31,monthly,Fanatics Sports Book,Fanatics,Fanatics,Fanatics Inc,online,,4814099985,430888526,442500947,169131635,261756891,4371599038,26175689,11612421,0.0895055207292293,31,False,False,AZ_2025_08.pdf,,,,,,https://gaming.az.gov/sites/default/files/EW%20Website%20Report-August%202025%20UNAUDITED.pdf,https://gaming.az.gov/blog-terms/event-wagering-revenue-reports,AZ/screenshots/AZ_2025_08_AZ_2025_08_p1.png,"Fanatics Sports Book $ - $ 48,140,999.85 $ - $ 43,715,990.38 $ - $ 4,308,885.26 $ - $ 1,691,316.35 $ - $ 2,617,568.91 $ - $ 261,756.89",,2026-04-08T18:26:39.299893
AZ,2025-08-01,2025-08-31,monthly,Fan Duel,FanDuel,FanDuel,Flutter Entertainment,retail,,0,0,-6375,0,0,6375,0,-6375,,31,False,False,AZ_2025_08.pdf,,,,,,https://gaming.az.gov/sites/default/files/EW%20Website%20Report-August%202025%20UNAUDITED.pdf,https://gaming.az.gov/blog-terms/event-wagering-revenue-reports,AZ/screenshots/AZ_2025_08_AZ_2025_08_p1.png,"Fan Duel $ - $ 178,478,665.02 $ 63.75 $ 158,873,963.16 $ - $ 19,171,022.77 $ - $ 5,007,035.15 $ - $ 14,163,987.62 $ - $ 1,416,398.76",,2026-04-08T18:26:39.299893
AZ,2025-08-01,2025-08-31,monthly,Fan Duel,FanDuel,FanDuel,Flutter Entertainment,online,,17847866502,1917102277,1960470186,500703515,1416398762,15887396316,141639876,43367909,0.1074135262489313,31,False,False,AZ_2025_08.pdf,,,,,,https://gaming.az.gov/sites/default/files/EW%20Website%20Report-August%202025%20UNAUDITED.pdf,https://gaming.az.gov/blog-terms/event-wagering-revenue-reports,AZ/screenshots/AZ_2025_08_AZ_2025_08_p1.png,"Fan Duel $ - $ 178,478,665.02 $ 63.75 $ 158,873,963.16 $ - $ 19,171,022.77 $ - $ 5,007,035.15 $ - $ 14,163,987.62 $ - $ 1,416,398.76",,2026-04-08T18:26:39.299893
AZ,2025-08-01,2025-08-31,monthly,Golden Nugget Online Gaming,DraftKings (Golden Nugget),DraftKings,DraftKings Inc,retail,,0,0,0,0,0,0,0,0,,31,False,False,AZ_2025_08.pdf,,,,,,https://gaming.az.gov/sites/default/files/EW%20Website%20Report-August%202025%20UNAUDITED.pdf,https://gaming.az.gov/blog-terms/event-wagering-revenue-reports,AZ/screenshots/AZ_2025_08_AZ_2025_08_p1.png,"Golden Nugget Online Gaming $ - $ 39,603.90 $ - $ 38,245.90 $ - $ 1,258.99 $ - $ - $ - $ 1,258.99 $ - $ 125.90",,2026-04-08T18:26:39.299893
AZ,2025-08-01,2025-08-31,monthly,Golden Nugget Online Gaming,DraftKings (Golden Nugget),DraftKings,DraftKings Inc,online,,3960390,125899,135800,0,125899,3824590,12590,9901,0.0317895459790576,31,False,False,AZ_2025_08.pdf,,,,,,https://gaming.az.gov/sites/default/files/EW%20Website%20Report-August%202025%20UNAUDITED.pdf,https://gaming.az.gov/blog-terms/event-wagering-revenue-reports,AZ/screenshots/AZ_2025_08_AZ_2025_08_p1.png,"Golden Nugget Online Gaming $ - $ 39,603.90 $ - $ 38,245.90 $ - $ 1,258.99 $ - $ - $ - $ 1,258.99 $ - $ 125.90",,2026-04-08T18:26:39.299893
AZ,2025-08-01,2025-08-31,monthly,PENN / ESPN Bet,ESPN Bet,ESPN Bet,PENN Entertainment,retail,,0,0,0,0,0,0,0,0,,31,False,False,AZ_2025_08.pdf,,,,,,https://gaming.az.gov/sites/default/files/EW%20Website%20Report-August%202025%20UNAUDITED.pdf,https://gaming.az.gov/blog-terms/event-wagering-revenue-reports,AZ/screenshots/AZ_2025_08_AZ_2025_08_p1.png,"PENN / ESPN Bet $ - $ 14,628,746.27 $ - $ 12,702,879.04 $ - $ 1,889,295.36 $ - $ 354,590.53 $ - $ 1,534,704.83 $ - $ 153,470.48",,2026-04-08T18:26:39.299893
AZ,2025-08-01,2025-08-31,monthly,PENN / ESPN Bet,ESPN Bet,ESPN Bet,PENN Entertainment,online,,1462874627,188929536,192586723,35459053,153470483,1270287904,15347048,3657187,0.1291495063985411,31,False,False,AZ_2025_08.pdf,,,,,,https://gaming.az.gov/sites/default/files/EW%20Website%20Report-August%202025%20UNAUDITED.pdf,https://gaming.az.gov/blog-terms/event-wagering-revenue-reports,AZ/screenshots/AZ_2025_08_AZ_2025_08_p1.png,"PENN / ESPN Bet $ - $ 14,628,746.27 $ - $ 12,702,879.04 $ - $ 1,889,295.36 $ - $ 354,590.53 $ - $ 1,534,704.83 $ - $ 153,470.48",,2026-04-08T18:26:39.299893
AZ,2025-08-01,2025-08-31,monthly,Plannatech,Plannatech,Plannatech,Plannatech,retail,,0,0,0,0,0,0,0,0,,31,False,False,AZ_2025_08.pdf,,,,,,https://gaming.az.gov/sites/default/files/EW%20Website%20Report-August%202025%20UNAUDITED.pdf,https://gaming.az.gov/blog-terms/event-wagering-revenue-reports,AZ/screenshots/AZ_2025_08_AZ_2025_08_p1.png,"Plannatech $ - $ 429,423.04 $ - $ 415,533.45 $ - $ 12,816.03 $ - $ - $ - $ 12,816.03 $ - $ 1,281.60",,2026-04-08T18:26:39.299893
AZ,2025-08-01,2025-08-31,monthly,Plannatech,Plannatech,Plannatech,Plannatech,online,,42942304,1281603,1388959,0,1281603,41553345,128160,107356,0.0298447656651119,31,False,False,AZ_2025_08.pdf,,,,,,https://gaming.az.gov/sites/default/files/EW%20Website%20Report-August%202025%20UNAUDITED.pdf,https://gaming.az.gov/blog-terms/event-wagering-revenue-reports,AZ/screenshots/AZ_2025_08_AZ_2025_08_p1.png,"Plannatech $ - $ 429,423.04 $ - $ 415,533.45 $ - $ 12,816.03 $ - $ - $ - $ 12,816.03 $ - $ 1,281.60",,2026-04-08T18:26:39.299893
AZ,2025-08-01,2025-08-31,monthly,RSI (Rush Street Interactive),BetRivers,BetRivers,Rush Street Interactive,retail,,0,0,0,0,0,0,0,0,,31,False,False,AZ_2025_08.pdf,,,,,,https://gaming.az.gov/sites/default/files/EW%20Website%20Report-August%202025%20UNAUDITED.pdf,https://gaming.az.gov/blog-terms/event-wagering-revenue-reports,AZ/screenshots/AZ_2025_08_AZ_2025_08_p1.png,"RSI (Rush Street Interactive) $ - $ 4,663,289.53 $ - $ 4,360,854.19 $ - $ 290,777.12 $ - $ 56,473.98 $ - $ 234,303.14 $ - $ 23,430.31",,2026-04-08T18:26:39.299893
AZ,2025-08-01,2025-08-31,monthly,RSI (Rush Street Interactive),BetRivers,BetRivers,Rush Street Interactive,online,,466328953,29077712,30243534,5647398,23430314,436085419,2343031,1165822,0.0623545070768959,31,False,False,AZ_2025_08.pdf,,,,,,https://gaming.az.gov/sites/default/files/EW%20Website%20Report-August%202025%20UNAUDITED.pdf,https://gaming.az.gov/blog-terms/event-wagering-revenue-reports,AZ/screenshots/AZ_2025_08_AZ_2025_08_p1.png,"RSI (Rush Street Interactive) $ - $ 4,663,289.53 $ - $ 4,360,854.19 $ - $ 290,777.12 $ - $ 56,473.98 $ - $ 234,303.14 $ - $ 23,430.31",,2026-04-08T18:26:39.299893
AZ,2025-08-01,2025-08-31,monthly,Seminole Hard Rock Digital,Hard Rock Bet,Hard Rock Bet,Seminole Tribe / Hard Rock Digital,retail,,0,0,0,0,0,0,0,0,,31,False,False,AZ_2025_08.pdf,,,,,,https://gaming.az.gov/sites/default/files/EW%20Website%20Report-August%202025%20UNAUDITED.pdf,https://gaming.az.gov/blog-terms/event-wagering-revenue-reports,AZ/screenshots/AZ_2025_08_AZ_2025_08_p1.png,"Seminole Hard Rock Digital $ - $ 9,182,490.76 $ - $ 8,166,086.21 $ - $ 993,448.32 $ - $ 503,083.81 $ - $ 490,364.51 $ - $ 49,036.45",,2026-04-08T18:26:39.299893
AZ,2025-08-01,2025-08-31,monthly,Seminole Hard Rock Digital,Hard Rock Bet,Hard Rock Bet,Seminole Tribe / Hard Rock Digital,online,,918249076,99344832,101640455,50308381,49036451,816608621,4903645,2295623,0.1081894167895683,31,False,False,AZ_2025_08.pdf,,,,,,https://gaming.az.gov/sites/default/files/EW%20Website%20Report-August%202025%20UNAUDITED.pdf,https://gaming.az.gov/blog-terms/event-wagering-revenue-reports,AZ/screenshots/AZ_2025_08_AZ_2025_08_p1.png,"Seminole Hard Rock Digital $ - $ 9,182,490.76 $ - $ 8,166,086.21 $ - $ 993,448.32 $ - $ 503,083.81 $ - $ 490,364.51 $ - $ 49,036.45",,2026-04-08T18:26:39.299893
AZ,2025-08-01,2025-08-31,monthly,Sporttrade,Sporttrade,Sporttrade,Sporttrade Inc,retail,,0,0,0,0,0,0,0,0,,31,False,False,AZ_2025_08.pdf,,,,,,https://gaming.az.gov/sites/default/files/EW%20Website%20Report-August%202025%20UNAUDITED.pdf,https://gaming.az.gov/blog-terms/event-wagering-revenue-reports,AZ/screenshots/AZ_2025_08_AZ_2025_08_p1.png,"Sporttrade $ - $ 1,013,729.92 $ - $ 966,285.02 $ - $ 44,910.58 $ - $ 1,613.51 $ - $ 43,297.07 $ - $ 4,329.71",,2026-04-08T18:26:39.299893
AZ,2025-08-01,2025-08-31,monthly,Sporttrade,Sporttrade,Sporttrade,Sporttrade Inc,online,,101372992,4491058,4744490,161351,4329707,96628502,432971,253432,0.044302312789584,31,False,False,AZ_2025_08.pdf,,,,,,https://gaming.az.gov/sites/default/files/EW%20Website%20Report-August%202025%20UNAUDITED.pdf,https://gaming.az.gov/blog-terms/event-wagering-revenue-reports,AZ/screenshots/AZ_2025_08_AZ_2025_08_p1.png,"Sporttrade $ - $ 1,013,729.92 $ - $ 966,285.02 $ - $ 44,910.58 $ - $ 1,613.51 $ - $ 43,297.07 $ - $ 4,329.71",,2026-04-08T18:26:39.299893
AZ,2025-09-01,2025-09-30,monthly,"Bally Interactive, LLC",Bally Bet,Bally Bet,Bally's Corporation,retail,,0,0,0,0,0,0,0,0,,30,False,False,AZ_2025_09.pdf,,,,,,https://gaming.az.gov/sites/default/files/EW%20Website%20Report-September%202025%20UNAUDITED.pdf,https://gaming.az.gov/blog-terms/event-wagering-revenue-reports,AZ/screenshots/AZ_2025_09_AZ_2025_09_p1.png,"Bally Interactive, LLC $ - $ 2,709,074.09 $ - $ 2,482,914.71 $ - $ 219,386.69 $ - $ 104,886.87 $ - $ 114,499.82 $ - $ 11,449.98",,2026-04-08T18:26:39.792992
AZ,2025-09-01,2025-09-30,monthly,"Bally Interactive, LLC",Bally Bet,Bally Bet,Bally's Corporation,online,,270907409,21938669,22615938,10488687,11449982,248291471,1144998,677269,0.0809821668627748,30,False,False,AZ_2025_09.pdf,,,,,,https://gaming.az.gov/sites/default/files/EW%20Website%20Report-September%202025%20UNAUDITED.pdf,https://gaming.az.gov/blog-terms/event-wagering-revenue-reports,AZ/screenshots/AZ_2025_09_AZ_2025_09_p1.png,"Bally Interactive, LLC $ - $ 2,709,074.09 $ - $ 2,482,914.71 $ - $ 219,386.69 $ - $ 104,886.87 $ - $ 114,499.82 $ - $ 11,449.98",,2026-04-08T18:26:39.792992
AZ,2025-09-01,2025-09-30,monthly,Bet365,bet365,bet365,bet365 Group,retail,,0,0,0,0,0,0,0,0,,30,False,False,AZ_2025_09.pdf,,,,,,https://gaming.az.gov/sites/default/files/EW%20Website%20Report-September%202025%20UNAUDITED.pdf,https://gaming.az.gov/blog-terms/event-wagering-revenue-reports,AZ/screenshots/AZ_2025_09_AZ_2025_09_p1.png,"Bet365 $ - $ 60,225,539.89 $ - $ 57,351,726.81 $ - $ 2,702,856.58 $ - $ 2,702,856.58 $ - $ - $ - $ -",,2026-04-08T18:26:39.792992
AZ,2025-09-01,2025-09-30,monthly,Bet365,bet365,bet365,bet365 Group,online,,6022553989,270285658,287381308,270285658,0,5735172681,0,17095650,0.0448789099265308,30,False,False,AZ_2025_09.pdf,,,,,,https://gaming.az.gov/sites/default/files/EW%20Website%20Report-September%202025%20UNAUDITED.pdf,https://gaming.az.gov/blog-terms/event-wagering-revenue-reports,AZ/screenshots/AZ_2025_09_AZ_2025_09_p1.png,"Bet365 $ - $ 60,225,539.89 $ - $ 57,351,726.81 $ - $ 2,702,856.58 $ - $ 2,702,856.58 $ - $ - $ - $ -",,2026-04-08T18:26:39.792992
AZ,2025-09-01,2025-09-30,monthly,BetMGM,BetMGM,BetMGM,Entain/MGM Resorts,retail,,59262585,28835649,28983805,0,28835649,30278780,2306852,148156,0.4865742694146737,30,False,False,AZ_2025_09.pdf,,,,,,https://gaming.az.gov/sites/default/files/EW%20Website%20Report-September%202025%20UNAUDITED.pdf,https://gaming.az.gov/blog-terms/event-wagering-revenue-reports,AZ/screenshots/AZ_2025_09_AZ_2025_09_p1.png,"BetMGM $ 592,625.85 $ 97,727,312.93 $ 302,787.80 $ 90,158,743.04 $ 288,356.49 $ 7,332,483.51 $ - $ 3,467,345.44 $ 288,356.49 $ 3,865,138.07 $ 23,068.52 $ 386,513.81",,2026-04-08T18:26:39.792992
AZ,2025-09-01,2025-09-30,monthly,BetMGM,BetMGM,BetMGM,Entain/MGM Resorts,online,,9772731293,733248351,756856989,346734544,386513807,9015874304,38651381,23608638,0.0750300329576451,30,False,False,AZ_2025_09.pdf,,,,,,https://gaming.az.gov/sites/default/files/EW%20Website%20Report-September%202025%20UNAUDITED.pdf,https://gaming.az.gov/blog-terms/event-wagering-revenue-reports,AZ/screenshots/AZ_2025_09_AZ_2025_09_p1.png,"BetMGM $ 592,625.85 $ 97,727,312.93 $ 302,787.80 $ 90,158,743.04 $ 288,356.49 $ 7,332,483.51 $ - $ 3,467,345.44 $ 288,356.49 $ 3,865,138.07 $ 23,068.52 $ 386,513.81",,2026-04-08T18:26:39.792992
AZ,2025-09-01,2025-09-30,monthly,Caesars (American Wagering),Caesars,Caesars,Caesars Entertainment,retail,,81008004,2245271,2444969,0,2245271,78563035,179622,199698,0.0277166562454742,30,False,False,AZ_2025_09.pdf,,,,,,https://gaming.az.gov/sites/default/files/EW%20Website%20Report-September%202025%20UNAUDITED.pdf,https://gaming.az.gov/blog-terms/event-wagering-revenue-reports,AZ/screenshots/AZ_2025_09_AZ_2025_09_p1.png,"Caesars (American Wagering) $ 810,080.04 $ 44,705,768.54 $ 785,630.35 $ 42,052,580.10 $ 22,452.71 $ 2,543,791.48 $ - $ 823,106.91 $ 22,452.71 $ 1,720,684.57 $ 1,796.22 $ 172,068.46",,2026-04-08T18:26:39.792992
AZ,2025-09-01,2025-09-30,monthly,Caesars (American Wagering),Caesars,Caesars,Caesars Entertainment,online,,4470576854,254379148,265318844,82310691,172068457,4205258010,17206846,10939696,0.0569007437535487,30,False,False,AZ_2025_09.pdf,,,,,,https://gaming.az.gov/sites/default/files/EW%20Website%20Report-September%202025%20UNAUDITED.pdf,https://gaming.az.gov/blog-terms/event-wagering-revenue-reports,AZ/screenshots/AZ_2025_09_AZ_2025_09_p1.png,"Caesars (American Wagering) $ 810,080.04 $ 44,705,768.54 $ 785,630.35 $ 42,052,580.10 $ 22,452.71 $ 2,543,791.48 $ - $ 823,106.91 $ 22,452.71 $ 1,720,684.57 $ 1,796.22 $ 172,068.46",,2026-04-08T18:26:39.792992
AZ,2025-09-01,2025-09-30,monthly,Desert Diamond Mobile,Desert Diamond,Desert Diamond,Tohono O'odham Nation,retail,,0,0,0,0,0,0,0,0,,30,False,False,AZ_2025_09.pdf,,,,,,https://gaming.az.gov/sites/default/files/EW%20Website%20Report-September%202025%20UNAUDITED.pdf,https://gaming.az.gov/blog-terms/event-wagering-revenue-reports,AZ/screenshots/AZ_2025_09_AZ_2025_09_p1.png,"Desert Diamond Mobile $ - $ 5,208,534.68 $ - $ 4,801,910.47 $ - $ 394,706.33 $ - $ 394,706.33 $ - $ - $ - $ -",,2026-04-08T18:26:39.792992
AZ,2025-09-01,2025-09-30,monthly,Desert Diamond Mobile,Desert Diamond,Desert Diamond,Tohono O'odham Nation,online,,520853468,39470633,40662421,39470633,0,480191047,0,1191788,0.0757806857878116,30,False,False,AZ_2025_09.pdf,,,,,,https://gaming.az.gov/sites/default/files/EW%20Website%20Report-September%202025%20UNAUDITED.pdf,https://gaming.az.gov/blog-terms/event-wagering-revenue-reports,AZ/screenshots/AZ_2025_09_AZ_2025_09_p1.png,"Desert Diamond Mobile $ - $ 5,208,534.68 $ - $ 4,801,910.47 $ - $ 394,706.33 $ - $ 394,706.33 $ - $ - $ - $ -",,2026-04-08T18:26:39.792992
AZ,2025-09-01,2025-09-30,monthly,Draft Kings/Crown Gaming,DraftKings,DraftKings,DraftKings Inc,retail,,296681355,68189217,68931317,0,68189217,227750038,5455137,742100,0.2298399136002328,30,False,False,AZ_2025_09.pdf,,,,,,https://gaming.az.gov/sites/default/files/EW%20Website%20Report-September%202025%20UNAUDITED.pdf,https://gaming.az.gov/blog-terms/event-wagering-revenue-reports,AZ/screenshots/AZ_2025_09_AZ_2025_09_p1.png,"Draft Kings/Crown Gaming $ 2,966,813.55 $ 268,201,449.74 $ 2,277,500.38 $ 252,659,200.16 $ 681,892.17 $ 14,899,524.58 $ - $ 11,315,586.96 $ 681,892.17 $ 3,583,937.62 $ 54,551.37 $ 358,393.76",,2026-04-08T18:26:39.792992
AZ,2025-09-01,2025-09-30,monthly,Draft Kings/Crown Gaming,DraftKings,DraftKings,DraftKings Inc,online,,26820144974,1489952458,1554224958,1131558696,358393762,25265920016,35839376,64272500,0.055553482631969,30,False,False,AZ_2025_09.pdf,,,,,,https://gaming.az.gov/sites/default/files/EW%20Website%20Report-September%202025%20UNAUDITED.pdf,https://gaming.az.gov/blog-terms/event-wagering-revenue-reports,AZ/screenshots/AZ_2025_09_AZ_2025_09_p1.png,"Draft Kings/Crown Gaming $ 2,966,813.55 $ 268,201,449.74 $ 2,277,500.38 $ 252,659,200.16 $ 681,892.17 $ 14,899,524.58 $ - $ 11,315,586.96 $ 681,892.17 $ 3,583,937.62 $ 54,551.37 $ 358,393.76",,2026-04-08T18:26:39.792992
AZ,2025-09-01,2025-09-30,monthly,Fanatics Sports Book,Fanatics,Fanatics,Fanatics Inc,retail,,0,0,0,0,0,0,0,0,,30,False,False,AZ_2025_09.pdf,,,,,,https://gaming.az.gov/sites/default/files/EW%20Website%20Report-September%202025%20UNAUDITED.pdf,https://gaming.az.gov/blog-terms/event-wagering-revenue-reports,AZ/screenshots/AZ_2025_09_AZ_2025_09_p1.png,"Fanatics Sports Book $ - $ 73,121,733.75 $ - $ 70,606,914.50 $ - $ 2,340,691.33 $ - $ 2,340,691.33 $ - $ - $ - $ -",,2026-04-08T18:26:39.792992
AZ,2025-09-01,2025-09-30,monthly,Fanatics Sports Book,Fanatics,Fanatics,Fanatics Inc,online,,7312173375,234069133,251481925,234069133,0,7060691450,0,17412792,0.0320108839049511,30,False,False,AZ_2025_09.pdf,,,,,,https://gaming.az.gov/sites/default/files/EW%20Website%20Report-September%202025%20UNAUDITED.pdf,https://gaming.az.gov/blog-terms/event-wagering-revenue-reports,AZ/screenshots/AZ_2025_09_AZ_2025_09_p1.png,"Fanatics Sports Book $ - $ 73,121,733.75 $ - $ 70,606,914.50 $ - $ 2,340,691.33 $ - $ 2,340,691.33 $ - $ - $ - $ -",,2026-04-08T18:26:39.792992
AZ,2025-09-01,2025-09-30,monthly,Fan Duel,FanDuel,FanDuel,Flutter Entertainment,retail,,0,0,-508975,0,0,508975,0,-508975,,30,False,False,AZ_2025_09.pdf,,,,,,https://gaming.az.gov/sites/default/files/EW%20Website%20Report-September%202025%20UNAUDITED.pdf,https://gaming.az.gov/blog-terms/event-wagering-revenue-reports,AZ/screenshots/AZ_2025_09_AZ_2025_09_p1.png,"Fan Duel $ - $ 254,487,970.29 $ 5,089.75 $ 233,011,714.27 $ - $ 20,871,037.46 $ - $ 12,400,548.00 $ - $ 8,470,489.46 $ - $ 847,048.95",,2026-04-08T18:26:39.792992
AZ,2025-09-01,2025-09-30,monthly,Fan Duel,FanDuel,FanDuel,Flutter Entertainment,online,,25448797029,2087103746,2147625602,1240054800,847048946,23301171427,84704895,60521856,0.0820118822756791,30,False,False,AZ_2025_09.pdf,,,,,,https://gaming.az.gov/sites/default/files/EW%20Website%20Report-September%202025%20UNAUDITED.pdf,https://gaming.az.gov/blog-terms/event-wagering-revenue-reports,AZ/screenshots/AZ_2025_09_AZ_2025_09_p1.png,"Fan Duel $ - $ 254,487,970.29 $ 5,089.75 $ 233,011,714.27 $ - $ 20,871,037.46 $ - $ 12,400,548.00 $ - $ 8,470,489.46 $ - $ 847,048.95",,2026-04-08T18:26:39.792992
AZ,2025-09-01,2025-09-30,monthly,Golden Nugget Online Gaming,DraftKings (Golden Nugget),DraftKings,DraftKings Inc,retail,,0,0,0,0,0,0,0,0,,30,False,False,AZ_2025_09.pdf,,,,,,https://gaming.az.gov/sites/default/files/EW%20Website%20Report-September%202025%20UNAUDITED.pdf,https://gaming.az.gov/blog-terms/event-wagering-revenue-reports,AZ/screenshots/AZ_2025_09_AZ_2025_09_p1.png,"Golden Nugget Online Gaming $ - $ 78,170.72 $ - $ 65,648.05 $ - $ 12,327.24 $ - $ - $ - $ 12,327.24 $ - $ 1,232.72",,2026-04-08T18:26:39.792992
AZ,2025-09-01,2025-09-30,monthly,Golden Nugget Online Gaming,DraftKings (Golden Nugget),DraftKings,DraftKings Inc,online,,7817072,1232724,1252267,0,1232724,6564805,123272,19543,0.1576963855520327,30,False,False,AZ_2025_09.pdf,,,,,,https://gaming.az.gov/sites/default/files/EW%20Website%20Report-September%202025%20UNAUDITED.pdf,https://gaming.az.gov/blog-terms/event-wagering-revenue-reports,AZ/screenshots/AZ_2025_09_AZ_2025_09_p1.png,"Golden Nugget Online Gaming $ - $ 78,170.72 $ - $ 65,648.05 $ - $ 12,327.24 $ - $ - $ - $ 12,327.24 $ - $ 1,232.72",,2026-04-08T18:26:39.792992
AZ,2025-09-01,2025-09-30,monthly,PENN / ESPN Bet,ESPN Bet,ESPN Bet,PENN Entertainment,retail,,0,0,0,0,0,0,0,0,,30,False,False,AZ_2025_09.pdf,,,,,,https://gaming.az.gov/sites/default/files/EW%20Website%20Report-September%202025%20UNAUDITED.pdf,https://gaming.az.gov/blog-terms/event-wagering-revenue-reports,AZ/screenshots/AZ_2025_09_AZ_2025_09_p1.png,"PENN / ESPN Bet $ - $ 20,813,456.86 $ - $ 19,425,192.97 $ - $ 1,336,230.25 $ - $ 987,713.11 $ - $ 348,517.14 $ - $ 34,851.71",,2026-04-08T18:26:39.792992
AZ,2025-09-01,2025-09-30,monthly,PENN / ESPN Bet,ESPN Bet,ESPN Bet,PENN Entertainment,online,,2081345686,133623025,138826389,98771311,34851714,1942519297,3485171,5203364,0.0642003036299084,30,False,False,AZ_2025_09.pdf,,,,,,https://gaming.az.gov/sites/default/files/EW%20Website%20Report-September%202025%20UNAUDITED.pdf,https://gaming.az.gov/blog-terms/event-wagering-revenue-reports,AZ/screenshots/AZ_2025_09_AZ_2025_09_p1.png,"PENN / ESPN Bet $ - $ 20,813,456.86 $ - $ 19,425,192.97 $ - $ 1,336,230.25 $ - $ 987,713.11 $ - $ 348,517.14 $ - $ 34,851.71",,2026-04-08T18:26:39.792992
AZ,2025-09-01,2025-09-30,monthly,Plannatech,Plannatech,Plannatech,Plannatech,retail,,0,0,0,0,0,0,0,0,,30,False,False,AZ_2025_09.pdf,,,,,,https://gaming.az.gov/sites/default/files/EW%20Website%20Report-September%202025%20UNAUDITED.pdf,https://gaming.az.gov/blog-terms/event-wagering-revenue-reports,AZ/screenshots/AZ_2025_09_AZ_2025_09_p1.png,"Plannatech $ - $ 743,304.79 $ - $ 706,803.86 $ - $ 34,642.67 $ - $ - $ - $ 34,642.67 $ - $ 3,464.27",,2026-04-08T18:26:39.792992
AZ,2025-09-01,2025-09-30,monthly,Plannatech,Plannatech,Plannatech,Plannatech,online,,74330479,3464267,3650093,0,3464267,70680386,346427,185826,0.0466062784285299,30,False,False,AZ_2025_09.pdf,,,,,,https://gaming.az.gov/sites/default/files/EW%20Website%20Report-September%202025%20UNAUDITED.pdf,https://gaming.az.gov/blog-terms/event-wagering-revenue-reports,AZ/screenshots/AZ_2025_09_AZ_2025_09_p1.png,"Plannatech $ - $ 743,304.79 $ - $ 706,803.86 $ - $ 34,642.67 $ - $ - $ - $ 34,642.67 $ - $ 3,464.27",,2026-04-08T18:26:39.792992
AZ,2025-09-01,2025-09-30,monthly,RSI (Rush Street Interactive),BetRivers,BetRivers,Rush Street Interactive,retail,,0,0,0,0,0,0,0,0,,30,False,False,AZ_2025_09.pdf,,,,,,https://gaming.az.gov/sites/default/files/EW%20Website%20Report-September%202025%20UNAUDITED.pdf,https://gaming.az.gov/blog-terms/event-wagering-revenue-reports,AZ/screenshots/AZ_2025_09_AZ_2025_09_p1.png,"RSI (Rush Street Interactive) $ - $ 6,270,163.25 $ - $ 5,720,454.30 $ - $ 534,033.54 $ - $ 132,651.69 $ - $ 401,381.85 $ - $ 40,138.19",,2026-04-08T18:26:39.792992
AZ,2025-09-01,2025-09-30,monthly,RSI (Rush Street Interactive),BetRivers,BetRivers,Rush Street Interactive,online,,627016325,53403354,54970895,13265169,40138185,572045430,4013819,1567541,0.0851705958373571,30,False,False,AZ_2025_09.pdf,,,,,,https://gaming.az.gov/sites/default/files/EW%20Website%20Report-September%202025%20UNAUDITED.pdf,https://gaming.az.gov/blog-terms/event-wagering-revenue-reports,AZ/screenshots/AZ_2025_09_AZ_2025_09_p1.png,"RSI (Rush Street Interactive) $ - $ 6,270,163.25 $ - $ 5,720,454.30 $ - $ 534,033.54 $ - $ 132,651.69 $ - $ 401,381.85 $ - $ 40,138.19",,2026-04-08T18:26:39.792992
AZ,2025-09-01,2025-09-30,monthly,Seminole Hard Rock Digital,Hard Rock Bet,Hard Rock Bet,Seminole Tribe / Hard Rock Digital,retail,,0,0,0,0,0,0,0,0,,30,False,False,AZ_2025_09.pdf,,,,,,https://gaming.az.gov/sites/default/files/EW%20Website%20Report-September%202025%20UNAUDITED.pdf,https://gaming.az.gov/blog-terms/event-wagering-revenue-reports,AZ/screenshots/AZ_2025_09_AZ_2025_09_p1.png,"Seminole Hard Rock Digital $ - $ 12,048,387.44 $ - $ 11,300,930.75 $ - $ 717,335.72 $ - $ 717,335.72 $ - $ - $ - $ -",,2026-04-08T18:26:39.792992
AZ,2025-09-01,2025-09-30,monthly,Seminole Hard Rock Digital,Hard Rock Bet,Hard Rock Bet,Seminole Tribe / Hard Rock Digital,online,,1204838744,71733572,74745669,71733572,0,1130093075,0,3012097,0.0595379027751451,30,False,False,AZ_2025_09.pdf,,,,,,https://gaming.az.gov/sites/default/files/EW%20Website%20Report-September%202025%20UNAUDITED.pdf,https://gaming.az.gov/blog-terms/event-wagering-revenue-reports,AZ/screenshots/AZ_2025_09_AZ_2025_09_p1.png,"Seminole Hard Rock Digital $ - $ 12,048,387.44 $ - $ 11,300,930.75 $ - $ 717,335.72 $ - $ 717,335.72 $ - $ - $ - $ -",,2026-04-08T18:26:39.792992
AZ,2025-09-01,2025-09-30,monthly,Sporttrade,Sporttrade,Sporttrade,Sporttrade Inc,retail,,0,0,0,0,0,0,0,0,,30,False,False,AZ_2025_09.pdf,,,,,,https://gaming.az.gov/sites/default/files/EW%20Website%20Report-September%202025%20UNAUDITED.pdf,https://gaming.az.gov/blog-terms/event-wagering-revenue-reports,AZ/screenshots/AZ_2025_09_AZ_2025_09_p1.png,"Sporttrade $ - $ 621,252.21 $ - $ 584,043.79 $ - $ 35,655.29 $ - $ 3,668.91 $ - $ 31,986.38 $ - $ 3,198.64",,2026-04-08T18:26:39.792992
AZ,2025-09-01,2025-09-30,monthly,Sporttrade,Sporttrade,Sporttrade,Sporttrade Inc,online,,62125221,3565529,3720842,366891,3198638,58404379,319864,155313,0.0573926167602687,30,False,False,AZ_2025_09.pdf,,,,,,https://gaming.az.gov/sites/default/files/EW%20Website%20Report-September%202025%20UNAUDITED.pdf,https://gaming.az.gov/blog-terms/event-wagering-revenue-reports,AZ/screenshots/AZ_2025_09_AZ_2025_09_p1.png,"Sporttrade $ - $ 621,252.21 $ - $ 584,043.79 $ - $ 35,655.29 $ - $ 3,668.91 $ - $ 31,986.38 $ - $ 3,198.64",,2026-04-08T18:26:39.792992
AZ,2025-10-01,2025-10-31,monthly,"Bally Interactive, LLC",Bally Bet,Bally Bet,Bally's Corporation,online,,367207580,27950223,28868242,7706450,20243773,338339338,2024377,918019,0.0761155938011955,31,False,False,AZ_2025_10.pdf,,,,,,https://gaming.az.gov/sites/default/files/EW%20Website%20Report-October%202025%20UNAUDITED.pdf,https://gaming.az.gov/blog-terms/event-wagering-revenue-reports,AZ/screenshots/AZ_2025_10_AZ_2025_10_p1.png,"Bally Interactive, LLC $ 3,672,075.80 $ 3,383,393.38 $ 279,502.23 $ 77,064.50 $ 202,437.73 $ 20,243.77",,2026-04-08T18:26:40.193322
AZ,2025-10-01,2025-10-31,monthly,Bet365,bet365,bet365,bet365 Group,online,,5502719962,370089801,384490042,281192113,88897688,5118229920,8889769,14400241,0.067255794144663,31,False,False,AZ_2025_10.pdf,,,,,,https://gaming.az.gov/sites/default/files/EW%20Website%20Report-October%202025%20UNAUDITED.pdf,https://gaming.az.gov/blog-terms/event-wagering-revenue-reports,AZ/screenshots/AZ_2025_10_AZ_2025_10_p1.png,"Bet365 $ 55,027,199.62 $ 51,182,299.20 $ 3,700,898.01 $ 2,811,921.13 $ 888,976.88 $ 88,897.69",,2026-04-08T18:26:40.193322
AZ,2025-10-01,2025-10-31,monthly,BetMGM,BetMGM,BetMGM,Entain/MGM Resorts,retail,,89792225,43529429,43753910,0,43529429,46038315,3482354,224481,0.4847794895382089,31,False,False,AZ_2025_10.pdf,,,,,,https://gaming.az.gov/sites/default/files/EW%20Website%20Report-October%202025%20UNAUDITED.pdf,https://gaming.az.gov/blog-terms/event-wagering-revenue-reports,AZ/screenshots/AZ_2025_10_AZ_2025_10_p1.png,"BetMGM $ 897,922.25 $ 101,993,908.92 $ 460,383.15 $ 93,357,666.92 $ 435,294.29 $ 8,389,111.22 $ - $ 3,360,111.46 $ 435,294.29 $ 5,028,999.76 $ 34,823.54 $ 502,899.98",,2026-04-08T18:26:40.193322
AZ,2025-10-01,2025-10-31,monthly,BetMGM,BetMGM,BetMGM,Entain/MGM Resorts,online,,10199390892,838911122,863624200,336011146,502899976,9335766692,50289998,24713078,0.0822511001767771,31,False,False,AZ_2025_10.pdf,,,,,,https://gaming.az.gov/sites/default/files/EW%20Website%20Report-October%202025%20UNAUDITED.pdf,https://gaming.az.gov/blog-terms/event-wagering-revenue-reports,AZ/screenshots/AZ_2025_10_AZ_2025_10_p1.png,"BetMGM $ 897,922.25 $ 101,993,908.92 $ 460,383.15 $ 93,357,666.92 $ 435,294.29 $ 8,389,111.22 $ - $ 3,360,111.46 $ 435,294.29 $ 5,028,999.76 $ 34,823.54 $ 502,899.98",,2026-04-08T18:26:40.193322
AZ,2025-10-01,2025-10-31,monthly,Caesars (American Wagering),Caesars,Caesars,Caesars Entertainment,retail,,72956081,7302680,7480226,0,7302680,65475855,584214,177546,0.1000969336606773,31,False,False,AZ_2025_10.pdf,,,,,,https://gaming.az.gov/sites/default/files/EW%20Website%20Report-October%202025%20UNAUDITED.pdf,https://gaming.az.gov/blog-terms/event-wagering-revenue-reports,AZ/screenshots/AZ_2025_10_AZ_2025_10_p1.png,"Caesars (American Wagering) $ 729,560.81 $ 48,467,355.43 $ 654,758.55 $ 44,553,001.49 $ 73,026.80 $ 3,796,519.60 $ - $ 753,336.51 $ 73,026.80 $ 3,043,183.09 $ 5,842.14 $ 304,318.31",,2026-04-08T18:26:40.193322
AZ,2025-10-01,2025-10-31,monthly,Caesars (American Wagering),Caesars,Caesars,Caesars Entertainment,online,,4846735543,379651960,391435394,75333651,304318309,4455300149,30431831,11783434,0.0783314782974533,31,False,False,AZ_2025_10.pdf,,,,,,https://gaming.az.gov/sites/default/files/EW%20Website%20Report-October%202025%20UNAUDITED.pdf,https://gaming.az.gov/blog-terms/event-wagering-revenue-reports,AZ/screenshots/AZ_2025_10_AZ_2025_10_p1.png,"Caesars (American Wagering) $ 729,560.81 $ 48,467,355.43 $ 654,758.55 $ 44,553,001.49 $ 73,026.80 $ 3,796,519.60 $ - $ 753,336.51 $ 73,026.80 $ 3,043,183.09 $ 5,842.14 $ 304,318.31",,2026-04-08T18:26:40.193322
AZ,2025-10-01,2025-10-31,monthly,Desert Diamond Mobile,Desert Diamond,Desert Diamond,Tohono O'odham Nation,online,,569207003,27470775,28827129,26665525,805250,540379874,80525,1356354,0.0482614845833159,31,False,False,AZ_2025_10.pdf,,,,,,https://gaming.az.gov/sites/default/files/EW%20Website%20Report-October%202025%20UNAUDITED.pdf,https://gaming.az.gov/blog-terms/event-wagering-revenue-reports,AZ/screenshots/AZ_2025_10_AZ_2025_10_p1.png,"Desert Diamond Mobile $ 5,692,070.03 $ 5,403,798.74 $ 274,707.75 $ 266,655.25 $ 8,052.50 $ 805.25",,2026-04-08T18:26:40.193322
AZ,2025-10-01,2025-10-31,monthly,Draft Kings/Crown Gaming,DraftKings,DraftKings,DraftKings Inc,retail,,412725455,40008353,41030453,4000000,36008353,371695002,2880668,1022100,0.0969369650340563,31,False,False,AZ_2025_10.pdf,,,,,,https://gaming.az.gov/sites/default/files/EW%20Website%20Report-October%202025%20UNAUDITED.pdf,https://gaming.az.gov/blog-terms/event-wagering-revenue-reports,AZ/screenshots/AZ_2025_10_AZ_2025_10_p1.png,"Draft Kings/Crown Gaming $ 4,127,254.55 $ 293,685,741.21 $ 3,716,950.02 $ 264,282,271.62 $ 400,083.53 $ 28,760,744.59 $ 40,000.00 $ 6,096,620.92 $ 360,083.53 $ 22,664,123.67 $ 28,806.68 $ 2,266,412.37",,2026-04-08T18:26:40.193322
AZ,2025-10-01,2025-10-31,monthly,Draft Kings/Crown Gaming,DraftKings,DraftKings,DraftKings Inc,online,,29368574121,2876074459,2940346959,609662092,2266412367,26428227162,226641237,64272500,0.0979303403410199,31,False,False,AZ_2025_10.pdf,,,,,,https://gaming.az.gov/sites/default/files/EW%20Website%20Report-October%202025%20UNAUDITED.pdf,https://gaming.az.gov/blog-terms/event-wagering-revenue-reports,AZ/screenshots/AZ_2025_10_AZ_2025_10_p1.png,"Draft Kings/Crown Gaming $ 4,127,254.55 $ 293,685,741.21 $ 3,716,950.02 $ 264,282,271.62 $ 400,083.53 $ 28,760,744.59 $ 40,000.00 $ 6,096,620.92 $ 360,083.53 $ 22,664,123.67 $ 28,806.68 $ 2,266,412.37",,2026-04-08T18:26:40.193322
AZ,2025-10-01,2025-10-31,monthly,Fanatics Sports Book,Fanatics,Fanatics,Fanatics Inc,online,,8824500481,718770508,740238161,237439461,481331047,8084262320,48133105,21467653,0.0814516934468508,31,False,False,AZ_2025_10.pdf,,,,,,https://gaming.az.gov/sites/default/files/EW%20Website%20Report-October%202025%20UNAUDITED.pdf,https://gaming.az.gov/blog-terms/event-wagering-revenue-reports,AZ/screenshots/AZ_2025_10_AZ_2025_10_p1.png,"Fanatics Sports Book $ 88,245,004.81 $ 80,842,623.20 $ 7,187,705.08 $ 2,374,394.61 $ 4,813,310.47 $ 481,331.05",,2026-04-08T18:26:40.193322
AZ,2025-10-01,2025-10-31,monthly,Fan Duel,FanDuel,FanDuel,Flutter Entertainment,retail,,0,0,-902800,0,0,902800,0,-902800,,31,False,False,AZ_2025_10.pdf,,,,,,https://gaming.az.gov/sites/default/files/EW%20Website%20Report-October%202025%20UNAUDITED.pdf,https://gaming.az.gov/blog-terms/event-wagering-revenue-reports,AZ/screenshots/AZ_2025_10_AZ_2025_10_p1.png,"Fan Duel $ - $ 317,147,269.18 $ 9,028.00 $ 290,214,258.47 $ - $ 26,172,118.67 $ - $ 12,790,458.96 $ - $ 13,381,659.71 $ - $ 1,338,165.97",,2026-04-08T18:26:40.193322
AZ,2025-10-01,2025-10-31,monthly,Fan Duel,FanDuel,FanDuel,Flutter Entertainment,online,,31714726918,2617211867,2693301071,1279045896,1338165971,29021425847,133816597,76089204,0.0825235504555007,31,False,False,AZ_2025_10.pdf,,,,,,https://gaming.az.gov/sites/default/files/EW%20Website%20Report-October%202025%20UNAUDITED.pdf,https://gaming.az.gov/blog-terms/event-wagering-revenue-reports,AZ/screenshots/AZ_2025_10_AZ_2025_10_p1.png,"Fan Duel $ - $ 317,147,269.18 $ 9,028.00 $ 290,214,258.47 $ - $ 26,172,118.67 $ - $ 12,790,458.96 $ - $ 13,381,659.71 $ - $ 1,338,165.97",,2026-04-08T18:26:40.193322
AZ,2025-10-01,2025-10-31,monthly,Golden Nugget Online Gaming,DraftKings (Golden Nugget),DraftKings,DraftKings Inc,online,,3341998,290550,298905,0,290550,3043093,29055,8355,0.0869390107354941,31,False,False,AZ_2025_10.pdf,,,,,,https://gaming.az.gov/sites/default/files/EW%20Website%20Report-October%202025%20UNAUDITED.pdf,https://gaming.az.gov/blog-terms/event-wagering-revenue-reports,AZ/screenshots/AZ_2025_10_AZ_2025_10_p1.png,"Golden Nugget Online Gaming $ 33,419.98 $ 30,430.93 $ 2,905.50 $ - $ 2,905.50 $ 290.55",,2026-04-08T18:26:40.193322
AZ,2025-10-01,2025-10-31,monthly,PENN / ESPN Bet,ESPN Bet,ESPN Bet,PENN Entertainment,online,,2585320739,162869751,169333053,103154766,59714985,2415987686,5971499,6463302,0.0629978897949033,31,False,False,AZ_2025_10.pdf,,,,,,https://gaming.az.gov/sites/default/files/EW%20Website%20Report-October%202025%20UNAUDITED.pdf,https://gaming.az.gov/blog-terms/event-wagering-revenue-reports,AZ/screenshots/AZ_2025_10_AZ_2025_10_p1.png,"PENN / ESPN Bet $ 25,853,207.39 $ 24,159,876.86 $ 1,628,697.51 $ 1,031,547.66 $ 597,149.85 $ 59,714.99",,2026-04-08T18:26:40.193322
AZ,2025-10-01,2025-10-31,monthly,Plannatech,Plannatech,Plannatech,Plannatech,online,,62772150,1276518,1433448,2877800,0,61338702,0,156930,0.020335738062182,31,False,False,AZ_2025_10.pdf,,,,,,https://gaming.az.gov/sites/default/files/EW%20Website%20Report-October%202025%20UNAUDITED.pdf,https://gaming.az.gov/blog-terms/event-wagering-revenue-reports,AZ/screenshots/AZ_2025_10_AZ_2025_10_p1.png,"Plannatech $ 627,721.50 $ 613,387.02 $ 12,765.18 $ 28,778.00 $ - $ -",,2026-04-08T18:26:40.193322
AZ,2025-10-01,2025-10-31,monthly,RSI (Rush Street Interactive),BetRivers,BetRivers,Rush Street Interactive,online,,677963880,53080949,54775859,10858267,42222682,623188021,4222268,1694910,0.0782946563465888,31,False,False,AZ_2025_10.pdf,,,,,,https://gaming.az.gov/sites/default/files/EW%20Website%20Report-October%202025%20UNAUDITED.pdf,https://gaming.az.gov/blog-terms/event-wagering-revenue-reports,AZ/screenshots/AZ_2025_10_AZ_2025_10_p1.png,"RSI (Rush Street Interactive) $ 6,779,638.80 $ 6,231,880.21 $ 530,809.49 $ 108,582.67 $ 422,226.82 $ 42,222.68",,2026-04-08T18:26:40.193322
AZ,2025-10-01,2025-10-31,monthly,Seminole Hard Rock Digital,Hard Rock Bet,Hard Rock Bet,Seminole Tribe / Hard Rock Digital,online,,1337942822,131320748,134665605,73736585,57584163,1203277217,5758416,3344857,0.09815124072619,31,False,False,AZ_2025_10.pdf,,,,,,https://gaming.az.gov/sites/default/files/EW%20Website%20Report-October%202025%20UNAUDITED.pdf,https://gaming.az.gov/blog-terms/event-wagering-revenue-reports,AZ/screenshots/AZ_2025_10_AZ_2025_10_p1.png,"Seminole Hard Rock Digital $ 13,379,428.22 $ 12,032,772.17 $ 1,313,207.48 $ 737,365.85 $ 575,841.63 $ 57,584.16",,2026-04-08T18:26:40.193322
AZ,2025-10-01,2025-10-31,monthly,Sporttrade,Sporttrade,Sporttrade,Sporttrade Inc,online,,78249058,0,-1897666,0,0,80146724,0,-1897666,0.0,31,False,False,AZ_2025_10.pdf,,,,,,https://gaming.az.gov/sites/default/files/EW%20Website%20Report-October%202025%20UNAUDITED.pdf,https://gaming.az.gov/blog-terms/event-wagering-revenue-reports,AZ/screenshots/AZ_2025_10_AZ_2025_10_p1.png,"Sporttrade $ 782,490.58 $ 801,467.24 $ - $ - $ - $ -",,2026-04-08T18:26:40.193322
AZ,2025-11-01,2025-11-30,monthly,"Bally Interactive, LLC",Bally Bet,Bally Bet,Bally's Corporation,online,,420985404,38863262,39915726,7319382,31543880,381069678,3154388,1052464,0.0923149867685198,30,False,False,AZ_2025_11.pdf,,,,,,https://gaming.az.gov/sites/default/files/EW%20Website%20Report-November%202025%20UNAUDITED.pdf,https://gaming.az.gov/blog-terms/event-wagering-revenue-reports,AZ/screenshots/AZ_2025_11_AZ_2025_11_p1.png,"Bally Interactive, LLC $ 4,209,854.04 $ 3,810,696.78 $ 388,632.62 $ 73,193.82 $ 315,438.80 $ 31,543.88",,2026-04-08T18:26:40.569385
AZ,2025-11-01,2025-11-30,monthly,Bet365,bet365,bet365,bet365 Group,online,,4591769056,441566970,455012274,242053624,199513346,4136756782,19951335,13445304,0.096164890832872,30,False,False,AZ_2025_11.pdf,,,,,,https://gaming.az.gov/sites/default/files/EW%20Website%20Report-November%202025%20UNAUDITED.pdf,https://gaming.az.gov/blog-terms/event-wagering-revenue-reports,AZ/screenshots/AZ_2025_11_AZ_2025_11_p1.png,"Bet365 $ 45,917,690.56 $ 41,367,567.82 $ 4,415,669.70 $ 2,420,536.24 $ 1,995,133.46 $ 199,513.35",,2026-04-08T18:26:40.569385
AZ,2025-11-01,2025-11-30,monthly,BetMGM,BetMGM,BetMGM,Entain/MGM Resorts,retail,,47968285,0,-4570125,0,0,52538410,0,-4570125,0.0,30,False,False,AZ_2025_11.pdf,,,,,,https://gaming.az.gov/sites/default/files/EW%20Website%20Report-November%202025%20UNAUDITED.pdf,https://gaming.az.gov/blog-terms/event-wagering-revenue-reports,AZ/screenshots/AZ_2025_11_AZ_2025_11_p1.png,"BetMGM $ 479,682.85 $ 102,491,797.66 $ 525,384.10 $ 94,658,053.13 $ - $ 7,585,425.07 $ - $ 3,283,950.55 $ - $ 4,301,474.52 $ - $ 430,147.45",,2026-04-08T18:26:40.569385
AZ,2025-11-01,2025-11-30,monthly,BetMGM,BetMGM,BetMGM,Entain/MGM Resorts,online,,10249179766,758542507,783374453,328395055,430147452,9465805313,43014745,24831946,0.0740100695195475,30,False,False,AZ_2025_11.pdf,,,,,,https://gaming.az.gov/sites/default/files/EW%20Website%20Report-November%202025%20UNAUDITED.pdf,https://gaming.az.gov/blog-terms/event-wagering-revenue-reports,AZ/screenshots/AZ_2025_11_AZ_2025_11_p1.png,"BetMGM $ 479,682.85 $ 102,491,797.66 $ 525,384.10 $ 94,658,053.13 $ - $ 7,585,425.07 $ - $ 3,283,950.55 $ - $ 4,301,474.52 $ - $ 430,147.45",,2026-04-08T18:26:40.569385
AZ,2025-11-01,2025-11-30,monthly,Caesars (American Wagering),Caesars,Caesars,Caesars Entertainment,retail,,94964206,10033062,10278606,0,10033062,84685600,802645,245544,0.1056509860146674,30,False,False,AZ_2025_11.pdf,,,,,,https://gaming.az.gov/sites/default/files/EW%20Website%20Report-November%202025%20UNAUDITED.pdf,https://gaming.az.gov/blog-terms/event-wagering-revenue-reports,AZ/screenshots/AZ_2025_11_AZ_2025_11_p1.png,"Caesars (American Wagering) $ 949,642.06 $ 55,887,706.47 $ 846,856.00 $ 54,979,303.26 $ 100,330.62 $ 769,000.47 $ - $ 723,957.67 $ 100,330.62 $ 45,042.80 $ 8,026.45 $ 4,504.28",,2026-04-08T18:26:40.569385
AZ,2025-11-01,2025-11-30,monthly,Caesars (American Wagering),Caesars,Caesars,Caesars Entertainment,online,,5588770647,76900047,90840321,72395767,4504280,5497930326,450428,13940274,0.0137597428588842,30,False,False,AZ_2025_11.pdf,,,,,,https://gaming.az.gov/sites/default/files/EW%20Website%20Report-November%202025%20UNAUDITED.pdf,https://gaming.az.gov/blog-terms/event-wagering-revenue-reports,AZ/screenshots/AZ_2025_11_AZ_2025_11_p1.png,"Caesars (American Wagering) $ 949,642.06 $ 55,887,706.47 $ 846,856.00 $ 54,979,303.26 $ 100,330.62 $ 769,000.47 $ - $ 723,957.67 $ 100,330.62 $ 45,042.80 $ 8,026.45 $ 4,504.28",,2026-04-08T18:26:40.569385
AZ,2025-11-01,2025-11-30,monthly,Desert Diamond Mobile,Desert Diamond,Desert Diamond,Tohono O'odham Nation,online,,501219259,16709566,17909134,16709566,0,483310125,0,1199568,0.0333378370841891,30,False,False,AZ_2025_11.pdf,,,,,,https://gaming.az.gov/sites/default/files/EW%20Website%20Report-November%202025%20UNAUDITED.pdf,https://gaming.az.gov/blog-terms/event-wagering-revenue-reports,AZ/screenshots/AZ_2025_11_AZ_2025_11_p1.png,"Desert Diamond Mobile $ 5,012,192.59 $ 4,833,101.25 $ 167,095.66 $ 167,095.66 $ - $ -",,2026-04-08T18:26:40.569385
AZ,2025-11-01,2025-11-30,monthly,Draft Kings/Crown Gaming,DraftKings,DraftKings,DraftKings Inc,retail,,524350387,11981417,13292317,0,11981417,511058070,958513,1310900,0.0228500203242912,30,False,False,AZ_2025_11.pdf,,,,,,https://gaming.az.gov/sites/default/files/EW%20Website%20Report-November%202025%20UNAUDITED.pdf,https://gaming.az.gov/blog-terms/event-wagering-revenue-reports,AZ/screenshots/AZ_2025_11_AZ_2025_11_p1.png,"Draft Kings/Crown Gaming $ 5,243,503.87 $ 302,263,156.43 $ 5,110,580.70 $ 275,103,955.31 $ 119,814.17 $ 26,415,237.12 $ - $ 4,698,133.16 $ 119,814.17 $ 21,717,103.96 $ 9,585.13 $ 2,171,710.40",,2026-04-08T18:26:40.569385
AZ,2025-11-01,2025-11-30,monthly,Draft Kings/Crown Gaming,DraftKings,DraftKings,DraftKings Inc,online,,30226315643,2641523712,2715920112,469813316,2171710396,27510395531,217171040,74396400,0.0873915214543106,30,False,False,AZ_2025_11.pdf,,,,,,https://gaming.az.gov/sites/default/files/EW%20Website%20Report-November%202025%20UNAUDITED.pdf,https://gaming.az.gov/blog-terms/event-wagering-revenue-reports,AZ/screenshots/AZ_2025_11_AZ_2025_11_p1.png,"Draft Kings/Crown Gaming $ 5,243,503.87 $ 302,263,156.43 $ 5,110,580.70 $ 275,103,955.31 $ 119,814.17 $ 26,415,237.12 $ - $ 4,698,133.16 $ 119,814.17 $ 21,717,103.96 $ 9,585.13 $ 2,171,710.40",,2026-04-08T18:26:40.569385
AZ,2025-11-01,2025-11-30,monthly,Fanatics Sports Book,Fanatics,Fanatics,Fanatics Inc,online,,8429507916,405597476,426174686,198624060,206973416,8003333230,20697342,20577210,0.0481163882923863,30,False,False,AZ_2025_11.pdf,,,,,,https://gaming.az.gov/sites/default/files/EW%20Website%20Report-November%202025%20UNAUDITED.pdf,https://gaming.az.gov/blog-terms/event-wagering-revenue-reports,AZ/screenshots/AZ_2025_11_AZ_2025_11_p1.png,"Fanatics Sports Book $ 84,295,079.16 $ 80,033,332.30 $ 4,055,974.76 $ 1,986,240.60 $ 2,069,734.16 $ 206,973.42",,2026-04-08T18:26:40.569385
AZ,2025-11-01,2025-11-30,monthly,Fan Duel,FanDuel,FanDuel,Flutter Entertainment,retail,,0,0,-4435900,0,0,4435900,0,-4435900,,30,False,False,AZ_2025_11.pdf,,,,,,https://gaming.az.gov/sites/default/files/EW%20Website%20Report-November%202025%20UNAUDITED.pdf,https://gaming.az.gov/blog-terms/event-wagering-revenue-reports,AZ/screenshots/AZ_2025_11_AZ_2025_11_p1.png,"Fan Duel $ - $ 313,793,980.56 $ 44,359.00 $ 279,339,081.84 $ - $ 33,699,212.63 $ - $ 11,519,543.91 $ - $ 22,179,668.72 $ - $ 2,217,966.87",,2026-04-08T18:26:40.569385
AZ,2025-11-01,2025-11-30,monthly,Fan Duel,FanDuel,FanDuel,Flutter Entertainment,online,,31379398056,3369921263,3445489872,1151954391,2217966872,27933908184,221796687,75568609,0.1073927950111089,30,False,False,AZ_2025_11.pdf,,,,,,https://gaming.az.gov/sites/default/files/EW%20Website%20Report-November%202025%20UNAUDITED.pdf,https://gaming.az.gov/blog-terms/event-wagering-revenue-reports,AZ/screenshots/AZ_2025_11_AZ_2025_11_p1.png,"Fan Duel $ - $ 313,793,980.56 $ 44,359.00 $ 279,339,081.84 $ - $ 33,699,212.63 $ - $ 11,519,543.91 $ - $ 22,179,668.72 $ - $ 2,217,966.87",,2026-04-08T18:26:40.569385
AZ,2025-11-01,2025-11-30,monthly,Golden Nugget Online Gaming,DraftKings (Golden Nugget),DraftKings,DraftKings Inc,online,,12700206,0,-550127,0,0,13250333,0,-550127,0.0,30,False,False,AZ_2025_11.pdf,,,,,,https://gaming.az.gov/sites/default/files/EW%20Website%20Report-November%202025%20UNAUDITED.pdf,https://gaming.az.gov/blog-terms/event-wagering-revenue-reports,AZ/screenshots/AZ_2025_11_AZ_2025_11_p1.png,"Golden Nugget Online Gaming $ 127,002.06 $ 132,503.33 $ - $ - $ - $ -",,2026-04-08T18:26:40.569385
AZ,2025-11-01,2025-11-30,monthly,PENN / ESPN Bet,ESPN Bet,ESPN Bet,PENN Entertainment,online,,2158352072,155881799,161277679,65246247,90635552,1997074393,9063555,5395880,0.0722226002987338,30,False,False,AZ_2025_11.pdf,,,,,,https://gaming.az.gov/sites/default/files/EW%20Website%20Report-November%202025%20UNAUDITED.pdf,https://gaming.az.gov/blog-terms/event-wagering-revenue-reports,AZ/screenshots/AZ_2025_11_AZ_2025_11_p1.png,"PENN / ESPN Bet $ 21,583,520.72 $ 19,970,743.93 $ 1,558,817.99 $ 652,462.47 $ 906,355.52 $ 90,635.55",,2026-04-08T18:26:40.569385
AZ,2025-11-01,2025-11-30,monthly,Plannatech,Plannatech,Plannatech,Plannatech,online,,125496075,79121,384461,79121,0,125111614,0,305340,0.0006304659328986,30,False,False,AZ_2025_11.pdf,,,,,,https://gaming.az.gov/sites/default/files/EW%20Website%20Report-November%202025%20UNAUDITED.pdf,https://gaming.az.gov/blog-terms/event-wagering-revenue-reports,AZ/screenshots/AZ_2025_11_AZ_2025_11_p1.png,"Plannatech $ 1,254,960.75 $ 1,251,116.14 $ 791.21 $ 791.21 $ - $ -",,2026-04-08T18:26:40.569385
AZ,2025-11-01,2025-11-30,monthly,RSI (Rush Street Interactive),BetRivers,BetRivers,Rush Street Interactive,online,,711710505,47059355,48838631,8052857,39006498,662871874,3900650,1779276,0.066121484324585,30,False,False,AZ_2025_11.pdf,,,,,,https://gaming.az.gov/sites/default/files/EW%20Website%20Report-November%202025%20UNAUDITED.pdf,https://gaming.az.gov/blog-terms/event-wagering-revenue-reports,AZ/screenshots/AZ_2025_11_AZ_2025_11_p1.png,"RSI (Rush Street Interactive) $ 7,117,105.05 $ 6,628,718.74 $ 470,593.55 $ 80,528.57 $ 390,064.98 $ 39,006.50",,2026-04-08T18:26:40.569385
AZ,2025-11-01,2025-11-30,monthly,Seminole Hard Rock Digital,Hard Rock Bet,Hard Rock Bet,Seminole Tribe / Hard Rock Digital,online,,1360058609,110282791,113682938,63053076,47229715,1246375671,4722972,3400147,0.0810867930765768,30,False,False,AZ_2025_11.pdf,,,,,,https://gaming.az.gov/sites/default/files/EW%20Website%20Report-November%202025%20UNAUDITED.pdf,https://gaming.az.gov/blog-terms/event-wagering-revenue-reports,AZ/screenshots/AZ_2025_11_AZ_2025_11_p1.png,"Seminole Hard Rock Digital $ 13,600,586.09 $ 12,463,756.71 $ 1,102,827.91 $ 630,530.76 $ 472,297.15 $ 47,229.72",,2026-04-08T18:26:40.569385
AZ,2025-11-01,2025-11-30,monthly,Sporttrade,Sporttrade,Sporttrade,Sporttrade Inc,online,,100638392,555758,807354,150468,405290,99831038,40529,251596,0.0055223259131564,30,False,False,AZ_2025_11.pdf,,,,,,https://gaming.az.gov/sites/default/files/EW%20Website%20Report-November%202025%20UNAUDITED.pdf,https://gaming.az.gov/blog-terms/event-wagering-revenue-reports,AZ/screenshots/AZ_2025_11_AZ_2025_11_p1.png,"Sporttrade $ 1,006,383.92 $ 998,310.38 $ 5,557.58 $ 1,504.68 $ 4,052.90 $ 405.29",,2026-04-08T18:26:40.569385
AZ,2025-12-01,2025-12-31,monthly,"Bally Interactive, LLC",Bally Bet,Bally Bet,Bally's Corporation,retail,,0,0,0,0,0,0,0,0,,31,False,False,AZ_2025_12.pdf,,,,,,https://gaming.az.gov/sites/default/files/EW%20Website%20Report-December%202025%20UNAUDITED.pdf,https://gaming.az.gov/blog-terms/event-wagering-revenue-reports,AZ/screenshots/AZ_2025_12_AZ_2025_12_p1.png,"Bally Interactive, LLC $ - $ 3,730,361.19 $ - $ 3,288,962.14 $ - $ 432,073.15 $ - $ 74,729.49 $ - $ 357,343.66 $ - $ 35,734.37",,2026-04-08T18:26:41.032332
AZ,2025-12-01,2025-12-31,monthly,"Bally Interactive, LLC",Bally Bet,Bally Bet,Bally's Corporation,online,,373036119,43207315,44139905,7472949,35734366,328896214,3573437,932590,0.1158260897519148,31,False,False,AZ_2025_12.pdf,,,,,,https://gaming.az.gov/sites/default/files/EW%20Website%20Report-December%202025%20UNAUDITED.pdf,https://gaming.az.gov/blog-terms/event-wagering-revenue-reports,AZ/screenshots/AZ_2025_12_AZ_2025_12_p1.png,"Bally Interactive, LLC $ - $ 3,730,361.19 $ - $ 3,288,962.14 $ - $ 432,073.15 $ - $ 74,729.49 $ - $ 357,343.66 $ - $ 35,734.37",,2026-04-08T18:26:41.032332
AZ,2025-12-01,2025-12-31,monthly,Bet365,bet365,bet365,bet365 Group,retail,,0,0,0,0,0,0,0,0,,31,False,False,AZ_2025_12.pdf,,,,,,https://gaming.az.gov/sites/default/files/EW%20Website%20Report-December%202025%20UNAUDITED.pdf,https://gaming.az.gov/blog-terms/event-wagering-revenue-reports,AZ/screenshots/AZ_2025_12_AZ_2025_12_p1.png,"Bet365 $ - $ 45,339,022.13 $ - $ 40,977,213.57 $ - $ 4,249,222.17 $ - $ 1,522,416.11 $ - $ 2,726,806.06 $ - $ 272,680.61",,2026-04-08T18:26:41.032332
AZ,2025-12-01,2025-12-31,monthly,Bet365,bet365,bet365,bet365 Group,online,,4533902213,424922217,436180856,152241611,272680606,4097721357,27268061,11258639,0.0937210810991083,31,False,False,AZ_2025_12.pdf,,,,,,https://gaming.az.gov/sites/default/files/EW%20Website%20Report-December%202025%20UNAUDITED.pdf,https://gaming.az.gov/blog-terms/event-wagering-revenue-reports,AZ/screenshots/AZ_2025_12_AZ_2025_12_p1.png,"Bet365 $ - $ 45,339,022.13 $ - $ 40,977,213.57 $ - $ 4,249,222.17 $ - $ 1,522,416.11 $ - $ 2,726,806.06 $ - $ 272,680.61",,2026-04-08T18:26:41.032332
AZ,2025-12-01,2025-12-31,monthly,BetMGM,BetMGM,BetMGM,Entain/MGM Resorts,retail,,38933485,3425951,3523285,0,3425951,35410200,274076,97334,0.0879949739921818,31,False,False,AZ_2025_12.pdf,,,,,,https://gaming.az.gov/sites/default/files/EW%20Website%20Report-December%202025%20UNAUDITED.pdf,https://gaming.az.gov/blog-terms/event-wagering-revenue-reports,AZ/screenshots/AZ_2025_12_AZ_2025_12_p1.png,"BetMGM $ 389,334.85 $ 99,354,645.91 $ 354,102.00 $ 89,780,920.78 $ 34,259.51 $ 9,332,689.69 $ - $ 3,289,362.68 $ 34,259.51 $ 6,043,327.01 $ 2,740.76 $ 604,332.70",,2026-04-08T18:26:41.032332
AZ,2025-12-01,2025-12-31,monthly,BetMGM,BetMGM,BetMGM,Entain/MGM Resorts,online,,9935464591,933268969,957372513,328936268,604332701,8978092078,60433270,24103544,0.0939330979897405,31,False,False,AZ_2025_12.pdf,,,,,,https://gaming.az.gov/sites/default/files/EW%20Website%20Report-December%202025%20UNAUDITED.pdf,https://gaming.az.gov/blog-terms/event-wagering-revenue-reports,AZ/screenshots/AZ_2025_12_AZ_2025_12_p1.png,"BetMGM $ 389,334.85 $ 99,354,645.91 $ 354,102.00 $ 89,780,920.78 $ 34,259.51 $ 9,332,689.69 $ - $ 3,289,362.68 $ 34,259.51 $ 6,043,327.01 $ 2,740.76 $ 604,332.70",,2026-04-08T18:26:41.032332
AZ,2025-12-01,2025-12-31,monthly,Caesars (American Wagering),Caesars,Caesars,Caesars Entertainment,retail,,118335326,0,-1377664,0,0,119712990,0,-1377664,0.0,31,False,False,AZ_2025_12.pdf,,,,,,https://gaming.az.gov/sites/default/files/EW%20Website%20Report-December%202025%20UNAUDITED.pdf,https://gaming.az.gov/blog-terms/event-wagering-revenue-reports,AZ/screenshots/AZ_2025_12_AZ_2025_12_p1.png,"Caesars (American Wagering) $ 1,183,353.26 $ 47,552,047.45 $ 1,197,129.90 $ 43,722,151.92 $ - $ 3,712,776.69 $ - $ 687,368.40 $ - $ 3,025,408.29 $ - $ 302,540.83",,2026-04-08T18:26:41.032332
AZ,2025-12-01,2025-12-31,monthly,Caesars (American Wagering),Caesars,Caesars,Caesars Entertainment,online,,4755204745,371277669,382989553,68736840,302540829,4372215192,30254083,11711884,0.0780781667477916,31,False,False,AZ_2025_12.pdf,,,,,,https://gaming.az.gov/sites/default/files/EW%20Website%20Report-December%202025%20UNAUDITED.pdf,https://gaming.az.gov/blog-terms/event-wagering-revenue-reports,AZ/screenshots/AZ_2025_12_AZ_2025_12_p1.png,"Caesars (American Wagering) $ 1,183,353.26 $ 47,552,047.45 $ 1,197,129.90 $ 43,722,151.92 $ - $ 3,712,776.69 $ - $ 687,368.40 $ - $ 3,025,408.29 $ - $ 302,540.83",,2026-04-08T18:26:41.032332
AZ,2025-12-01,2025-12-31,monthly,Desert Diamond Mobile,Desert Diamond,Desert Diamond,Tohono O'odham Nation,retail,,0,0,0,0,0,0,0,0,,31,False,False,AZ_2025_12.pdf,,,,,,https://gaming.az.gov/sites/default/files/EW%20Website%20Report-December%202025%20UNAUDITED.pdf,https://gaming.az.gov/blog-terms/event-wagering-revenue-reports,AZ/screenshots/AZ_2025_12_AZ_2025_12_p1.png,"Desert Diamond Mobile $ - $ 4,129,492.25 $ - $ 3,830,556.71 $ - $ 289,152.16 $ - $ 216,139.43 $ - $ 73,012.73 $ - $ 7,301.27",,2026-04-08T18:26:41.032332
AZ,2025-12-01,2025-12-31,monthly,Desert Diamond Mobile,Desert Diamond,Desert Diamond,Tohono O'odham Nation,online,,412949225,28915216,29893554,21613943,7301273,383055671,730127,978338,0.070021238083205,31,False,False,AZ_2025_12.pdf,,,,,,https://gaming.az.gov/sites/default/files/EW%20Website%20Report-December%202025%20UNAUDITED.pdf,https://gaming.az.gov/blog-terms/event-wagering-revenue-reports,AZ/screenshots/AZ_2025_12_AZ_2025_12_p1.png,"Desert Diamond Mobile $ - $ 4,129,492.25 $ - $ 3,830,556.71 $ - $ 289,152.16 $ - $ 216,139.43 $ - $ 73,012.73 $ - $ 7,301.27",,2026-04-08T18:26:41.032332
AZ,2025-12-01,2025-12-31,monthly,Draft Kings/Crown Gaming,DraftKings,DraftKings,DraftKings Inc,retail,,449017838,45902962,47025562,0,45902962,401992276,3672237,1122600,0.1022297069632231,31,False,False,AZ_2025_12.pdf,,,,,,https://gaming.az.gov/sites/default/files/EW%20Website%20Report-December%202025%20UNAUDITED.pdf,https://gaming.az.gov/blog-terms/event-wagering-revenue-reports,AZ/screenshots/AZ_2025_12_AZ_2025_12_p1.png,"Draft Kings/Crown Gaming $ 4,490,178.38 $ 240,706,439.52 $ 4,019,922.76 $ 212,000,164.62 $ 459,029.62 $ 28,114,648.90 $ - $ 4,082,050.46 $ 459,029.62 $ 24,032,598.44 $ 36,722.37 $ 2,403,259.84",,2026-04-08T18:26:41.032332
AZ,2025-12-01,2025-12-31,monthly,Draft Kings/Crown Gaming,DraftKings,DraftKings,DraftKings Inc,online,,24070643952,2811464890,2870627490,408205046,2403259844,21200016462,240325984,59162600,0.1168005681778363,31,False,False,AZ_2025_12.pdf,,,,,,https://gaming.az.gov/sites/default/files/EW%20Website%20Report-December%202025%20UNAUDITED.pdf,https://gaming.az.gov/blog-terms/event-wagering-revenue-reports,AZ/screenshots/AZ_2025_12_AZ_2025_12_p1.png,"Draft Kings/Crown Gaming $ 4,490,178.38 $ 240,706,439.52 $ 4,019,922.76 $ 212,000,164.62 $ 459,029.62 $ 28,114,648.90 $ - $ 4,082,050.46 $ 459,029.62 $ 24,032,598.44 $ 36,722.37 $ 2,403,259.84",,2026-04-08T18:26:41.032332
AZ,2025-12-01,2025-12-31,monthly,Fanatics Sports Book,Fanatics,Fanatics,Fanatics Inc,retail,,0,0,0,0,0,0,0,0,,31,False,False,AZ_2025_12.pdf,,,,,,https://gaming.az.gov/sites/default/files/EW%20Website%20Report-December%202025%20UNAUDITED.pdf,https://gaming.az.gov/blog-terms/event-wagering-revenue-reports,AZ/screenshots/AZ_2025_12_AZ_2025_12_p1.png,"Fanatics Sports Book $ - $ 82,229,826.31 $ - $ 76,443,574.57 $ - $ 5,585,924.32 $ - $ 2,098,858.78 $ - $ 3,487,065.54 $ - $ 348,706.55",,2026-04-08T18:26:41.032332
AZ,2025-12-01,2025-12-31,monthly,Fanatics Sports Book,Fanatics,Fanatics,Fanatics Inc,online,,8222982631,558592432,578625174,209885878,348706554,7644357457,34870655,20032742,0.0679306350343183,31,False,False,AZ_2025_12.pdf,,,,,,https://gaming.az.gov/sites/default/files/EW%20Website%20Report-December%202025%20UNAUDITED.pdf,https://gaming.az.gov/blog-terms/event-wagering-revenue-reports,AZ/screenshots/AZ_2025_12_AZ_2025_12_p1.png,"Fanatics Sports Book $ - $ 82,229,826.31 $ - $ 76,443,574.57 $ - $ 5,585,924.32 $ - $ 2,098,858.78 $ - $ 3,487,065.54 $ - $ 348,706.55",,2026-04-08T18:26:41.032332
AZ,2025-12-01,2025-12-31,monthly,Fan Duel,FanDuel,FanDuel,Flutter Entertainment,retail,,0,0,-2913600,0,0,2913600,0,-2913600,,31,False,False,AZ_2025_12.pdf,,,,,,https://gaming.az.gov/sites/default/files/EW%20Website%20Report-December%202025%20UNAUDITED.pdf,https://gaming.az.gov/blog-terms/event-wagering-revenue-reports,AZ/screenshots/AZ_2025_12_AZ_2025_12_p1.png,"Fan Duel $ - $ 252,704,906.47 $ 29,136.00 $ 222,589,446.45 $ - $ 29,499,884.70 $ - $ 6,474,777.77 $ - $ 23,025,106.93 $ - $ 2,302,510.69",,2026-04-08T18:26:41.032332
AZ,2025-12-01,2025-12-31,monthly,Fan Duel,FanDuel,FanDuel,Flutter Entertainment,online,,25270490647,2949988470,3011546002,647477777,2302510693,22258944645,230251069,61557532,0.1167364936125689,31,False,False,AZ_2025_12.pdf,,,,,,https://gaming.az.gov/sites/default/files/EW%20Website%20Report-December%202025%20UNAUDITED.pdf,https://gaming.az.gov/blog-terms/event-wagering-revenue-reports,AZ/screenshots/AZ_2025_12_AZ_2025_12_p1.png,"Fan Duel $ - $ 252,704,906.47 $ 29,136.00 $ 222,589,446.45 $ - $ 29,499,884.70 $ - $ 6,474,777.77 $ - $ 23,025,106.93 $ - $ 2,302,510.69",,2026-04-08T18:26:41.032332
AZ,2025-12-01,2025-12-31,monthly,Golden Nugget Online Gaming,DraftKings (Golden Nugget),DraftKings,DraftKings Inc,retail,,0,0,0,0,0,0,0,0,,31,False,False,AZ_2025_12.pdf,,,,,,https://gaming.az.gov/sites/default/files/EW%20Website%20Report-December%202025%20UNAUDITED.pdf,https://gaming.az.gov/blog-terms/event-wagering-revenue-reports,AZ/screenshots/AZ_2025_12_AZ_2025_12_p1.png,"Golden Nugget Online Gaming $ - $ 133,418.25 $ - $ 125,684.96 $ - $ 7,399.74 $ - $ - $ - $ 7,399.74 $ - $ 739.97",,2026-04-08T18:26:41.032332
AZ,2025-12-01,2025-12-31,monthly,Golden Nugget Online Gaming,DraftKings (Golden Nugget),DraftKings,DraftKings Inc,online,,13341825,739974,773329,0,739974,12568496,73997,33355,0.05546272717563,31,False,False,AZ_2025_12.pdf,,,,,,https://gaming.az.gov/sites/default/files/EW%20Website%20Report-December%202025%20UNAUDITED.pdf,https://gaming.az.gov/blog-terms/event-wagering-revenue-reports,AZ/screenshots/AZ_2025_12_AZ_2025_12_p1.png,"Golden Nugget Online Gaming $ - $ 133,418.25 $ - $ 125,684.96 $ - $ 7,399.74 $ - $ - $ - $ 7,399.74 $ - $ 739.97",,2026-04-08T18:26:41.032332
AZ,2025-12-01,2025-12-31,monthly,PENN / ESPN Bet,ESPN Bet,ESPN Bet,PENN Entertainment,retail,,0,0,0,0,0,0,0,0,,31,False,False,AZ_2025_12.pdf,,,,,,https://gaming.az.gov/sites/default/files/EW%20Website%20Report-December%202025%20UNAUDITED.pdf,https://gaming.az.gov/blog-terms/event-wagering-revenue-reports,AZ/screenshots/AZ_2025_12_AZ_2025_12_p1.png,"PENN / ESPN Bet $ - $ 18,140,520.24 $ - $ 16,525,679.69 $ - $ 1,569,489.25 $ - $ 423,505.82 $ - $ 1,145,983.43 $ - $ 114,598.34",,2026-04-08T18:26:41.032332
AZ,2025-12-01,2025-12-31,monthly,PENN / ESPN Bet,ESPN Bet,ESPN Bet,PENN Entertainment,online,,1814052024,156948925,161484055,42350582,114598343,1652567969,11459834,4535130,0.0865184255597732,31,False,False,AZ_2025_12.pdf,,,,,,https://gaming.az.gov/sites/default/files/EW%20Website%20Report-December%202025%20UNAUDITED.pdf,https://gaming.az.gov/blog-terms/event-wagering-revenue-reports,AZ/screenshots/AZ_2025_12_AZ_2025_12_p1.png,"PENN / ESPN Bet $ - $ 18,140,520.24 $ - $ 16,525,679.69 $ - $ 1,569,489.25 $ - $ 423,505.82 $ - $ 1,145,983.43 $ - $ 114,598.34",,2026-04-08T18:26:41.032332
AZ,2025-12-01,2025-12-31,monthly,Plannatech,Plannatech,Plannatech,Plannatech,retail,,0,0,0,0,0,0,0,0,,31,False,False,AZ_2025_12.pdf,,,,,,https://gaming.az.gov/sites/default/files/EW%20Website%20Report-December%202025%20UNAUDITED.pdf,https://gaming.az.gov/blog-terms/event-wagering-revenue-reports,AZ/screenshots/AZ_2025_12_AZ_2025_12_p1.png,"Plannatech $ - $ 1,456,428.23 $ - $ 1,367,204.85 $ - $ 85,691.06 $ - $ 47,414.94 $ - $ 38,276.12 $ - $ 3,827.61",,2026-04-08T18:26:41.032332
AZ,2025-12-01,2025-12-31,monthly,Plannatech,Plannatech,Plannatech,Plannatech,online,,145642823,8569106,8922338,4741494,3827612,136720485,382761,353232,0.0588364453770578,31,False,False,AZ_2025_12.pdf,,,,,,https://gaming.az.gov/sites/default/files/EW%20Website%20Report-December%202025%20UNAUDITED.pdf,https://gaming.az.gov/blog-terms/event-wagering-revenue-reports,AZ/screenshots/AZ_2025_12_AZ_2025_12_p1.png,"Plannatech $ - $ 1,456,428.23 $ - $ 1,367,204.85 $ - $ 85,691.06 $ - $ 47,414.94 $ - $ 38,276.12 $ - $ 3,827.61",,2026-04-08T18:26:41.032332
AZ,2025-12-01,2025-12-31,monthly,RSI (Rush Street Interactive),BetRivers,BetRivers,Rush Street Interactive,retail,,0,0,0,0,0,0,0,0,,31,False,False,AZ_2025_12.pdf,,,,,,https://gaming.az.gov/sites/default/files/EW%20Website%20Report-December%202025%20UNAUDITED.pdf,https://gaming.az.gov/blog-terms/event-wagering-revenue-reports,AZ/screenshots/AZ_2025_12_AZ_2025_12_p1.png,"RSI (Rush Street Interactive) $ - $ 6,411,642.27 $ - $ 5,776,798.80 $ - $ 618,814.36 $ - $ 118,105.24 $ - $ 500,709.12 $ - $ 50,070.91",,2026-04-08T18:26:41.032332
AZ,2025-12-01,2025-12-31,monthly,RSI (Rush Street Interactive),BetRivers,BetRivers,Rush Street Interactive,online,,641164227,61881436,63484347,11810524,50070912,577679880,5007091,1602911,0.096514174363006,31,False,False,AZ_2025_12.pdf,,,,,,https://gaming.az.gov/sites/default/files/EW%20Website%20Report-December%202025%20UNAUDITED.pdf,https://gaming.az.gov/blog-terms/event-wagering-revenue-reports,AZ/screenshots/AZ_2025_12_AZ_2025_12_p1.png,"RSI (Rush Street Interactive) $ - $ 6,411,642.27 $ - $ 5,776,798.80 $ - $ 618,814.36 $ - $ 118,105.24 $ - $ 500,709.12 $ - $ 50,070.91",,2026-04-08T18:26:41.032332
AZ,2025-12-01,2025-12-31,monthly,Seminole Hard Rock Digital,Hard Rock Bet,Hard Rock Bet,Seminole Tribe / Hard Rock Digital,retail,,0,0,0,0,0,0,0,0,,31,False,False,AZ_2025_12.pdf,,,,,,https://gaming.az.gov/sites/default/files/EW%20Website%20Report-December%202025%20UNAUDITED.pdf,https://gaming.az.gov/blog-terms/event-wagering-revenue-reports,AZ/screenshots/AZ_2025_12_AZ_2025_12_p1.png,"Seminole Hard Rock Digital $ - $ 12,463,196.87 $ - $ 11,016,094.93 $ - $ 1,415,943.95 $ - $ 494,234.09 $ - $ 921,709.86 $ - $ 92,170.99",,2026-04-08T18:26:41.032332
AZ,2025-12-01,2025-12-31,monthly,Seminole Hard Rock Digital,Hard Rock Bet,Hard Rock Bet,Seminole Tribe / Hard Rock Digital,online,,1246319687,141594395,144710194,49423409,92170986,1101609493,9217099,3115799,0.1136100123242296,31,False,False,AZ_2025_12.pdf,,,,,,https://gaming.az.gov/sites/default/files/EW%20Website%20Report-December%202025%20UNAUDITED.pdf,https://gaming.az.gov/blog-terms/event-wagering-revenue-reports,AZ/screenshots/AZ_2025_12_AZ_2025_12_p1.png,"Seminole Hard Rock Digital $ - $ 12,463,196.87 $ - $ 11,016,094.93 $ - $ 1,415,943.95 $ - $ 494,234.09 $ - $ 921,709.86 $ - $ 92,170.99",,2026-04-08T18:26:41.032332
AZ,2025-12-01,2025-12-31,monthly,Sporttrade,Sporttrade,Sporttrade,Sporttrade Inc,retail,,0,0,0,0,0,0,0,0,,31,False,False,AZ_2025_12.pdf,,,,,,https://gaming.az.gov/sites/default/files/EW%20Website%20Report-December%202025%20UNAUDITED.pdf,https://gaming.az.gov/blog-terms/event-wagering-revenue-reports,AZ/screenshots/AZ_2025_12_AZ_2025_12_p1.png,"Sporttrade $ - $ 1,686,438.55 $ - $ 1,653,690.04 $ - $ 28,532.41 $ - $ 1,190.13 $ - $ 27,342.28 $ - $ 2,734.23",,2026-04-08T18:26:41.032332
AZ,2025-12-01,2025-12-31,monthly,Sporttrade,Sporttrade,Sporttrade,Sporttrade Inc,online,,168643855,2853241,3274851,119013,2734228,165369004,273423,421610,0.016918736825602,31,False,False,AZ_2025_12.pdf,,,,,,https://gaming.az.gov/sites/default/files/EW%20Website%20Report-December%202025%20UNAUDITED.pdf,https://gaming.az.gov/blog-terms/event-wagering-revenue-reports,AZ/screenshots/AZ_2025_12_AZ_2025_12_p1.png,"Sporttrade $ - $ 1,686,438.55 $ - $ 1,653,690.04 $ - $ 28,532.41 $ - $ 1,190.13 $ - $ 27,342.28 $ - $ 2,734.23",,2026-04-08T18:26:41.032332
AZ,2026-01-01,2026-01-31,monthly,"Bally Interactive, LLC",Bally Bet,Bally Bet,Bally's Corporation,retail,,0,0,0,0,0,0,0,0,,31,False,False,AZ_2026_01.pdf,,,,,,https://gaming.az.gov/sites/default/files/EW%20Website%20Report-January%202026%20UNAUDITED%20UPDATED%20CB%2017%20APR.pdf,https://gaming.az.gov/blog-terms/event-wagering-revenue-reports,AZ/screenshots/AZ_2026_01_AZ_2026_01_p1.png,"Bally Interactive, LLC $ - $ 2,880,323.79 $ - $ 2,536,689.04 $ - $ 336,433.94 $ - $ 166,808.93 $ - $ 169,625.01 $ - $ 16,962.50",,2026-04-24T22:49:14.897276
AZ,2026-01-01,2026-01-31,monthly,"Bally Interactive, LLC",Bally Bet,Bally Bet,Bally's Corporation,online,,288032379,33643394,34363475,16680893,16962501,253668904,1696250,720081,0.11680420832131515,31,False,False,AZ_2026_01.pdf,,,,,,https://gaming.az.gov/sites/default/files/EW%20Website%20Report-January%202026%20UNAUDITED%20UPDATED%20CB%2017%20APR.pdf,https://gaming.az.gov/blog-terms/event-wagering-revenue-reports,AZ/screenshots/AZ_2026_01_AZ_2026_01_p1.png,"Bally Interactive, LLC $ - $ 2,880,323.79 $ - $ 2,536,689.04 $ - $ 336,433.94 $ - $ 166,808.93 $ - $ 169,625.01 $ - $ 16,962.50",,2026-04-24T22:49:14.897276
AZ,2026-01-01,2026-01-31,monthly,Bet365,bet365,bet365,bet365 Group,retail,,0,0,0,0,0,0,0,0,,31,False,False,AZ_2026_01.pdf,,,,,,https://gaming.az.gov/sites/default/files/EW%20Website%20Report-January%202026%20UNAUDITED%20UPDATED%20CB%2017%20APR.pdf,https://gaming.az.gov/blog-terms/event-wagering-revenue-reports,AZ/screenshots/AZ_2026_01_AZ_2026_01_p1.png,"Bet365 $ - $ 48,409,567.45 $ - $ 43,862,207.37 $ - $ 4,426,619.00 $ - $ 1,737,300.96 $ - $ 2,689,318.04 $ - $ 268,931.80",,2026-04-24T22:49:14.897276
AZ,2026-01-01,2026-01-31,monthly,Bet365,bet365,bet365,bet365 Group,online,,4840956745,442661900,454736008,173730096,268931804,4386220737,26893180,12074108,0.09144099468709464,31,False,False,AZ_2026_01.pdf,,,,,,https://gaming.az.gov/sites/default/files/EW%20Website%20Report-January%202026%20UNAUDITED%20UPDATED%20CB%2017%20APR.pdf,https://gaming.az.gov/blog-terms/event-wagering-revenue-reports,AZ/screenshots/AZ_2026_01_AZ_2026_01_p1.png,"Bet365 $ - $ 48,409,567.45 $ - $ 43,862,207.37 $ - $ 4,426,619.00 $ - $ 1,737,300.96 $ - $ 2,689,318.04 $ - $ 268,931.80",,2026-04-24T22:49:14.897276
AZ,2026-01-01,2026-01-31,monthly,BetMGM,BetMGM,BetMGM,Entain/MGM Resorts,retail,,60654610,15278778,15430415,0,15278778,45224195,1222302,151637,0.2518980502883458,31,False,False,AZ_2026_01.pdf,,,,,,https://gaming.az.gov/sites/default/files/EW%20Website%20Report-January%202026%20UNAUDITED%20UPDATED%20CB%2017%20APR.pdf,https://gaming.az.gov/blog-terms/event-wagering-revenue-reports,AZ/screenshots/AZ_2026_01_AZ_2026_01_p1.png,"BetMGM $ 606,546.10 $ 106,678,487.42 $ 452,241.95 $ 95,734,658.55 $ 152,787.78 $ 10,686,599.17 $ - $ 3,924,435.37 $ 152,787.78 $ 6,762,163.80 $ 12,223.02 $ 676,216.38",,2026-04-24T22:49:14.897276
AZ,2026-01-01,2026-01-31,monthly,BetMGM,BetMGM,BetMGM,Entain/MGM Resorts,online,,10667848742,1068659917,1094382887,392443537,676216380,9573465855,67621638,25722970,0.1001757657842127,31,False,False,AZ_2026_01.pdf,,,,,,https://gaming.az.gov/sites/default/files/EW%20Website%20Report-January%202026%20UNAUDITED%20UPDATED%20CB%2017%20APR.pdf,https://gaming.az.gov/blog-terms/event-wagering-revenue-reports,AZ/screenshots/AZ_2026_01_AZ_2026_01_p1.png,"BetMGM $ 606,546.10 $ 106,678,487.42 $ 452,241.95 $ 95,734,658.55 $ 152,787.78 $ 10,686,599.17 $ - $ 3,924,435.37 $ 152,787.78 $ 6,762,163.80 $ 12,223.02 $ 676,216.38",,2026-04-24T22:49:14.897276
AZ,2026-01-01,2026-01-31,monthly,Caesars (American Wagering),Caesars,Caesars,Caesars Entertainment,retail,,73188233,2123277,2311733,0,2123277,70876500,169862,188456,0.02901117998025721,31,False,False,AZ_2026_01.pdf,,,,,,https://gaming.az.gov/sites/default/files/EW%20Website%20Report-January%202026%20UNAUDITED%20UPDATED%20CB%2017%20APR.pdf,https://gaming.az.gov/blog-terms/event-wagering-revenue-reports,AZ/screenshots/AZ_2026_01_AZ_2026_01_p1.png,"Caesars (American Wagering) $ 731,882.33 $ 48,151,564.46 $ 708,765.00 $ 44,954,626.47 $ 21,232.77 $ 3,077,744.61 $ - $ 923,669.92 $ 21,232.77 $ 2,154,074.69 $ 1,698.62 $ 215,407.47",,2026-04-24T22:49:14.897276
AZ,2026-01-01,2026-01-31,monthly,Caesars (American Wagering),Caesars,Caesars,Caesars Entertainment,online,,4815156446,307774461,319693799,92366992,215407469,4495462647,21540747,11919338,0.0639178528157006,31,False,False,AZ_2026_01.pdf,,,,,,https://gaming.az.gov/sites/default/files/EW%20Website%20Report-January%202026%20UNAUDITED%20UPDATED%20CB%2017%20APR.pdf,https://gaming.az.gov/blog-terms/event-wagering-revenue-reports,AZ/screenshots/AZ_2026_01_AZ_2026_01_p1.png,"Caesars (American Wagering) $ 731,882.33 $ 48,151,564.46 $ 708,765.00 $ 44,954,626.47 $ 21,232.77 $ 3,077,744.61 $ - $ 923,669.92 $ 21,232.77 $ 2,154,074.69 $ 1,698.62 $ 215,407.47",,2026-04-24T22:49:14.897276
AZ,2026-01-01,2026-01-31,monthly,Desert Diamond Mobile,Desert Diamond,Desert Diamond,Tohono O'odham Nation,retail,,0,0,0,0,0,0,0,0,,31,False,False,AZ_2026_01.pdf,,,,,,https://gaming.az.gov/sites/default/files/EW%20Website%20Report-January%202026%20UNAUDITED%20UPDATED%20CB%2017%20APR.pdf,https://gaming.az.gov/blog-terms/event-wagering-revenue-reports,AZ/screenshots/AZ_2026_01_AZ_2026_01_p1.png,"Desert Diamond Mobile $ - $ 3,833,032.08 $ - $ 3,615,681.51 $ - $ 208,250.31 $ - $ 192,927.55 $ - $ 15,322.76 $ - $ 1,532.28",,2026-04-24T22:49:14.897276
AZ,2026-01-01,2026-01-31,monthly,Desert Diamond Mobile,Desert Diamond,Desert Diamond,Tohono O'odham Nation,online,,383303208,20825031,21735057,19292755,1532276,361568151,153228,910026,0.05433043753706335,31,False,False,AZ_2026_01.pdf,,,,,,https://gaming.az.gov/sites/default/files/EW%20Website%20Report-January%202026%20UNAUDITED%20UPDATED%20CB%2017%20APR.pdf,https://gaming.az.gov/blog-terms/event-wagering-revenue-reports,AZ/screenshots/AZ_2026_01_AZ_2026_01_p1.png,"Desert Diamond Mobile $ - $ 3,833,032.08 $ - $ 3,615,681.51 $ - $ 208,250.31 $ - $ 192,927.55 $ - $ 15,322.76 $ - $ 1,532.28",,2026-04-24T22:49:14.897276
AZ,2026-01-01,2026-01-31,monthly,Draft Kings/Crown Gaming,DraftKings,DraftKings,DraftKings Inc,retail,,377879351,69260224,70205424,4000000,65260224,307673927,5220818,945200,0.1832866067349629,31,False,False,AZ_2026_01.pdf,,,,,,https://gaming.az.gov/sites/default/files/EW%20Website%20Report-January%202026%20UNAUDITED%20UPDATED%20CB%2017%20APR.pdf,https://gaming.az.gov/blog-terms/event-wagering-revenue-reports,AZ/screenshots/AZ_2026_01_AZ_2026_01_p1.png,"Draft Kings/Crown Gaming $ 3,778,793.51 $ 266,314,952.63 $ 3,076,739.27 $ 239,470,786.12 $ 692,602.24 $ 26,195,038.51 $ 40,000.00 $ 6,685,021.56 $ 652,602.24 $ 19,510,016.95 $ 52,208.18 $ 1,951,001.69",,2026-04-24T22:49:14.897276
AZ,2026-01-01,2026-01-31,monthly,Draft Kings/Crown Gaming,DraftKings,DraftKings,DraftKings Inc,online,,26631495263,2619503851,2684416651,668502156,1951001695,23947078612,195100169,64912800,0.09836112561953521,31,False,False,AZ_2026_01.pdf,,,,,,https://gaming.az.gov/sites/default/files/EW%20Website%20Report-January%202026%20UNAUDITED%20UPDATED%20CB%2017%20APR.pdf,https://gaming.az.gov/blog-terms/event-wagering-revenue-reports,AZ/screenshots/AZ_2026_01_AZ_2026_01_p1.png,"Draft Kings/Crown Gaming $ 3,778,793.51 $ 266,314,952.63 $ 3,076,739.27 $ 239,470,786.12 $ 692,602.24 $ 26,195,038.51 $ 40,000.00 $ 6,685,021.56 $ 652,602.24 $ 19,510,016.95 $ 52,208.18 $ 1,951,001.69",,2026-04-24T22:49:14.897276
AZ,2026-01-01,2026-01-31,monthly,Fanatics Sports Book,Fanatics,Fanatics,Fanatics Inc,retail,,0,0,0,0,0,0,0,0,,31,False,False,AZ_2026_01.pdf,,,,,,https://gaming.az.gov/sites/default/files/EW%20Website%20Report-January%202026%20UNAUDITED%20UPDATED%20CB%2017%20APR.pdf,https://gaming.az.gov/blog-terms/event-wagering-revenue-reports,AZ/screenshots/AZ_2026_01_AZ_2026_01_p1.png,"Fanatics Sports Book $ - $ 99,811,769.45 $ - $ 91,121,272.15 $ - $ 8,446,826.63 $ - $ 2,343,500.76 $ - $ 6,103,325.87 $ - $ 610,332.59",,2026-04-24T22:49:14.897276
AZ,2026-01-01,2026-01-31,monthly,Fanatics Sports Book,Fanatics,Fanatics,Fanatics Inc,online,,9981176945,844682663,869049730,234350076,610332587,9112127215,61033259,24367067,0.08462756122394341,31,False,False,AZ_2026_01.pdf,,,,,,https://gaming.az.gov/sites/default/files/EW%20Website%20Report-January%202026%20UNAUDITED%20UPDATED%20CB%2017%20APR.pdf,https://gaming.az.gov/blog-terms/event-wagering-revenue-reports,AZ/screenshots/AZ_2026_01_AZ_2026_01_p1.png,"Fanatics Sports Book $ - $ 99,811,769.45 $ - $ 91,121,272.15 $ - $ 8,446,826.63 $ - $ 2,343,500.76 $ - $ 6,103,325.87 $ - $ 610,332.59",,2026-04-24T22:49:14.897276
AZ,2026-01-01,2026-01-31,monthly,Fan Duel,FanDuel,FanDuel,Flutter Entertainment,retail,,0,0,-5097450,0,0,5097450,0,-5097450,,31,False,False,AZ_2026_01.pdf,,,,,,https://gaming.az.gov/sites/default/files/EW%20Website%20Report-January%202026%20UNAUDITED%20UPDATED%20CB%2017%20APR.pdf,https://gaming.az.gov/blog-terms/event-wagering-revenue-reports,AZ/screenshots/AZ_2026_01_AZ_2026_01_p1.png,"Fan Duel $ - $ 258,437,793.34 $ 50,974.50 $ 229,886,159.96 $ - $ 27,931,745.40 $ - $ 10,482,601.66 $ - $ 17,449,143.74 $ - $ 1,744,914.37",,2026-04-24T22:49:14.897276
AZ,2026-01-01,2026-01-31,monthly,Fan Duel,FanDuel,FanDuel,Flutter Entertainment,online,,25843779334,2793174540,2855163338,1048260166,1744914374,22988615996,174491437,61988798,0.10807918237892195,31,False,False,AZ_2026_01.pdf,,,,,,https://gaming.az.gov/sites/default/files/EW%20Website%20Report-January%202026%20UNAUDITED%20UPDATED%20CB%2017%20APR.pdf,https://gaming.az.gov/blog-terms/event-wagering-revenue-reports,AZ/screenshots/AZ_2026_01_AZ_2026_01_p1.png,"Fan Duel $ - $ 258,437,793.34 $ 50,974.50 $ 229,886,159.96 $ - $ 27,931,745.40 $ - $ 10,482,601.66 $ - $ 17,449,143.74 $ - $ 1,744,914.37",,2026-04-24T22:49:14.897276
AZ,2026-01-01,2026-01-31,monthly,Golden Nugget Online Gaming,DraftKings (Golden Nugget),DraftKings,DraftKings Inc,retail,,0,0,0,0,0,0,0,0,,31,False,False,AZ_2026_01.pdf,,,,,,https://gaming.az.gov/sites/default/files/EW%20Website%20Report-January%202026%20UNAUDITED%20UPDATED%20CB%2017%20APR.pdf,https://gaming.az.gov/blog-terms/event-wagering-revenue-reports,AZ/screenshots/AZ_2026_01_AZ_2026_01_p1.png,"Golden Nugget Online Gaming $ - $ 256,207.62 $ - $ 254,392.41 $ - $ 1,174.69 $ - $ - $ - $ 1,174.69 $ - $ 117.47",,2026-04-24T22:49:14.897276
AZ,2026-01-01,2026-01-31,monthly,Golden Nugget Online Gaming,DraftKings (Golden Nugget),DraftKings,DraftKings Inc,online,,25620762,117469,181521,0,117469,25439241,11747,64052,0.004584914375302343,31,False,False,AZ_2026_01.pdf,,,,,,https://gaming.az.gov/sites/default/files/EW%20Website%20Report-January%202026%20UNAUDITED%20UPDATED%20CB%2017%20APR.pdf,https://gaming.az.gov/blog-terms/event-wagering-revenue-reports,AZ/screenshots/AZ_2026_01_AZ_2026_01_p1.png,"Golden Nugget Online Gaming $ - $ 256,207.62 $ - $ 254,392.41 $ - $ 1,174.69 $ - $ - $ - $ 1,174.69 $ - $ 117.47",,2026-04-24T22:49:14.897276
AZ,2026-01-01,2026-01-31,monthly,PENN / ESPN Bet,ESPN Bet,ESPN Bet,PENN Entertainment,retail,,0,0,0,0,0,0,0,0,,31,False,False,AZ_2026_01.pdf,,,,,,https://gaming.az.gov/sites/default/files/EW%20Website%20Report-January%202026%20UNAUDITED%20UPDATED%20CB%2017%20APR.pdf,https://gaming.az.gov/blog-terms/event-wagering-revenue-reports,AZ/screenshots/AZ_2026_01_AZ_2026_01_p1.png,"PENN / ESPN Bet $ - $ 14,408,173.81 $ - $ 13,157,430.76 $ - $ 1,214,722.62 $ - $ 369,945.70 $ - $ 844,776.92 $ - $ 84,477.69",,2026-04-24T22:49:14.897276
AZ,2026-01-01,2026-01-31,monthly,PENN / ESPN Bet,ESPN Bet,ESPN Bet,PENN Entertainment,online,,1440817381,121472262,125074305,36994570,84477692,1315743076,8447769,3602043,0.08430788217983054,31,False,False,AZ_2026_01.pdf,,,,,,https://gaming.az.gov/sites/default/files/EW%20Website%20Report-January%202026%20UNAUDITED%20UPDATED%20CB%2017%20APR.pdf,https://gaming.az.gov/blog-terms/event-wagering-revenue-reports,AZ/screenshots/AZ_2026_01_AZ_2026_01_p1.png,"PENN / ESPN Bet $ - $ 14,408,173.81 $ - $ 13,157,430.76 $ - $ 1,214,722.62 $ - $ 369,945.70 $ - $ 844,776.92 $ - $ 84,477.69",,2026-04-24T22:49:14.897276
AZ,2026-01-01,2026-01-31,monthly,Plannatech,Plannatech,Plannatech,Plannatech,retail,,0,0,0,0,0,0,0,0,,31,False,False,AZ_2026_01.pdf,,,,,,https://gaming.az.gov/sites/default/files/EW%20Website%20Report-January%202026%20UNAUDITED%20UPDATED%20CB%2017%20APR.pdf,https://gaming.az.gov/blog-terms/event-wagering-revenue-reports,AZ/screenshots/AZ_2026_01_AZ_2026_01_p1.png,"Plannatech $ - $ 1,025,514.31 $ - $ 957,978.13 $ - $ 65,053.43 $ - $ 41,654.31 $ - $ 23,399.12 $ - $ 2,339.91",,2026-04-24T22:49:14.897276
AZ,2026-01-01,2026-01-31,monthly,Plannatech,Plannatech,Plannatech,Plannatech,online,,102551431,6505343,6753618,4165431,2339912,95797813,233991,248275,0.06343493149305737,31,False,False,AZ_2026_01.pdf,,,,,,https://gaming.az.gov/sites/default/files/EW%20Website%20Report-January%202026%20UNAUDITED%20UPDATED%20CB%2017%20APR.pdf,https://gaming.az.gov/blog-terms/event-wagering-revenue-reports,AZ/screenshots/AZ_2026_01_AZ_2026_01_p1.png,"Plannatech $ - $ 1,025,514.31 $ - $ 957,978.13 $ - $ 65,053.43 $ - $ 41,654.31 $ - $ 23,399.12 $ - $ 2,339.91",,2026-04-24T22:49:14.897276
AZ,2026-01-01,2026-01-31,monthly,RSI (Rush Street Interactive),BetRivers,BetRivers,Rush Street Interactive,retail,,0,0,0,0,0,0,0,0,,31,False,False,AZ_2026_01.pdf,,,,,,https://gaming.az.gov/sites/default/files/EW%20Website%20Report-January%202026%20UNAUDITED%20UPDATED%20CB%2017%20APR.pdf,https://gaming.az.gov/blog-terms/event-wagering-revenue-reports,AZ/screenshots/AZ_2026_01_AZ_2026_01_p1.png,"RSI (Rush Street Interactive) $ - $ 6,028,337.11 $ - $ 5,589,262.04 $ - $ 424,004.23 $ - $ 99,607.06 $ - $ 324,397.17 $ - $ 32,439.72",,2026-04-24T22:49:14.897276
AZ,2026-01-01,2026-01-31,monthly,RSI (Rush Street Interactive),BetRivers,BetRivers,Rush Street Interactive,online,,602833711,42400423,43907507,9960706,32439717,558926204,3243972,1507084,0.07033518900206295,31,False,False,AZ_2026_01.pdf,,,,,,https://gaming.az.gov/sites/default/files/EW%20Website%20Report-January%202026%20UNAUDITED%20UPDATED%20CB%2017%20APR.pdf,https://gaming.az.gov/blog-terms/event-wagering-revenue-reports,AZ/screenshots/AZ_2026_01_AZ_2026_01_p1.png,"RSI (Rush Street Interactive) $ - $ 6,028,337.11 $ - $ 5,589,262.04 $ - $ 424,004.23 $ - $ 99,607.06 $ - $ 324,397.17 $ - $ 32,439.72",,2026-04-24T22:49:14.897276
AZ,2026-01-01,2026-01-31,monthly,Seminole Hard Rock Digital,Hard Rock Bet,Hard Rock Bet,Seminole Tribe / Hard Rock Digital,retail,,0,0,0,0,0,0,0,0,,31,False,False,AZ_2026_01.pdf,,,,,,https://gaming.az.gov/sites/default/files/EW%20Website%20Report-January%202026%20UNAUDITED%20UPDATED%20CB%2017%20APR.pdf,https://gaming.az.gov/blog-terms/event-wagering-revenue-reports,AZ/screenshots/AZ_2026_01_AZ_2026_01_p1.png,"Seminole Hard Rock Digital $ - $ 18,911,869.82 $ - $ 17,500,071.68 $ - $ 1,364,518.47 $ - $ 683,867.33 $ - $ 680,651.14 $ - $ 68,065.11",,2026-04-24T22:49:14.897276
AZ,2026-01-01,2026-01-31,monthly,Seminole Hard Rock Digital,Hard Rock Bet,Hard Rock Bet,Seminole Tribe / Hard Rock Digital,online,,1891186982,136451847,141179814,68386733,68065114,1750007168,6806511,4727967,0.07215143097891734,31,False,False,AZ_2026_01.pdf,,,,,,https://gaming.az.gov/sites/default/files/EW%20Website%20Report-January%202026%20UNAUDITED%20UPDATED%20CB%2017%20APR.pdf,https://gaming.az.gov/blog-terms/event-wagering-revenue-reports,AZ/screenshots/AZ_2026_01_AZ_2026_01_p1.png,"Seminole Hard Rock Digital $ - $ 18,911,869.82 $ - $ 17,500,071.68 $ - $ 1,364,518.47 $ - $ 683,867.33 $ - $ 680,651.14 $ - $ 68,065.11",,2026-04-24T22:49:14.897276
AZ,2026-01-01,2026-01-31,monthly,Sporttrade,Sporttrade,Sporttrade,Sporttrade Inc,retail,,0,0,0,0,0,0,0,0,,31,False,False,AZ_2026_01.pdf,,,,,,https://gaming.az.gov/sites/default/files/EW%20Website%20Report-January%202026%20UNAUDITED%20UPDATED%20CB%2017%20APR.pdf,https://gaming.az.gov/blog-terms/event-wagering-revenue-reports,AZ/screenshots/AZ_2026_01_AZ_2026_01_p1.png,"Sporttrade $ - $ 844,558.84 $ - $ 836,114.59 $ - $ 6,332.85 $ - $ 1,419.73 $ - $ 4,913.12 $ - $ 491.31",,2026-04-24T22:49:14.897276
AZ,2026-01-01,2026-01-31,monthly,Sporttrade,Sporttrade,Sporttrade,Sporttrade Inc,online,,84455884,633285,844425,141973,491312,83611459,49131,211140,0.007498411833567452,31,False,False,AZ_2026_01.pdf,,,,,,https://gaming.az.gov/sites/default/files/EW%20Website%20Report-January%202026%20UNAUDITED%20UPDATED%20CB%2017%20APR.pdf,https://gaming.az.gov/blog-terms/event-wagering-revenue-reports,AZ/screenshots/AZ_2026_01_AZ_2026_01_p1.png,"Sporttrade $ - $ 844,558.84 $ - $ 836,114.59 $ - $ 6,332.85 $ - $ 1,419.73 $ - $ 4,913.12 $ - $ 491.31",,2026-04-24T22:49:14.897276
AZ,2026-02-01,2026-02-28,monthly,"Bally Interactive, LLC",Bally Bet,Bally Bet,Bally's Corporation,retail,,0,0,0,0,0,0,0,0,,28,False,False,AZ_2026_02.pdf,,,,,,https://gaming.az.gov/sites/default/files/EW%20Website%20Report-February%202026%20UNAUDITED%20CB%20UPDATED%2017%20APR.pdf,https://gaming.az.gov/blog-terms/event-wagering-revenue-reports,AZ/screenshots/AZ_2026_02_AZ_2026_02_p1.png,"Bally Interactive, LLC $ - $ 2,248,321.21 $ - $ 2,145,771.45 $ - $ 96,928.96 $ - $ 68,598.31 $ - $ 28,330.65 $ - $ 2,833.06",,2026-04-24T22:49:16.171333
AZ,2026-02-01,2026-02-28,monthly,"Bally Interactive, LLC",Bally Bet,Bally Bet,Bally's Corporation,online,,224832121,9692896,10254976,6859831,2833065,214577145,283306,562080,0.04311170466607839,28,False,False,AZ_2026_02.pdf,,,,,,https://gaming.az.gov/sites/default/files/EW%20Website%20Report-February%202026%20UNAUDITED%20CB%20UPDATED%2017%20APR.pdf,https://gaming.az.gov/blog-terms/event-wagering-revenue-reports,AZ/screenshots/AZ_2026_02_AZ_2026_02_p1.png,"Bally Interactive, LLC $ - $ 2,248,321.21 $ - $ 2,145,771.45 $ - $ 96,928.96 $ - $ 68,598.31 $ - $ 28,330.65 $ - $ 2,833.06",,2026-04-24T22:49:16.171333
AZ,2026-02-01,2026-02-28,monthly,Bet365,bet365,bet365,bet365 Group,retail,,0,0,0,0,0,0,0,0,,28,False,False,AZ_2026_02.pdf,,,,,,https://gaming.az.gov/sites/default/files/EW%20Website%20Report-February%202026%20UNAUDITED%20CB%20UPDATED%2017%20APR.pdf,https://gaming.az.gov/blog-terms/event-wagering-revenue-reports,AZ/screenshots/AZ_2026_02_AZ_2026_02_p1.png,"Bet365 $ - $ 40,739,688.15 $ - $ 37,367,143.05 $ - $ 3,270,580.82 $ - $ 1,153,316.34 $ - $ 2,117,264.48 $ - $ 211,726.45",,2026-04-24T22:49:16.171333
AZ,2026-02-01,2026-02-28,monthly,Bet365,bet365,bet365,bet365 Group,online,,4073968815,327058082,337254510,115331634,211726448,3736714305,21172645,10196428,0.08027996699331633,28,False,False,AZ_2026_02.pdf,,,,,,https://gaming.az.gov/sites/default/files/EW%20Website%20Report-February%202026%20UNAUDITED%20CB%20UPDATED%2017%20APR.pdf,https://gaming.az.gov/blog-terms/event-wagering-revenue-reports,AZ/screenshots/AZ_2026_02_AZ_2026_02_p1.png,"Bet365 $ - $ 40,739,688.15 $ - $ 37,367,143.05 $ - $ 3,270,580.82 $ - $ 1,153,316.34 $ - $ 2,117,264.48 $ - $ 211,726.45",,2026-04-24T22:49:16.171333
AZ,2026-02-01,2026-02-28,monthly,BetMGM,BetMGM,BetMGM,Entain/MGM Resorts,retail,,33568060,0,-1511335,0,0,35079395,0,-1511335,0.0,28,False,False,AZ_2026_02.pdf,,,,,,https://gaming.az.gov/sites/default/files/EW%20Website%20Report-February%202026%20UNAUDITED%20CB%20UPDATED%2017%20APR.pdf,https://gaming.az.gov/blog-terms/event-wagering-revenue-reports,AZ/screenshots/AZ_2026_02_AZ_2026_02_p1.png,"BetMGM $ 335,680.60 $ 91,442,674.13 $ 350,793.95 $ 83,994,637.36 $ - $ 7,226,403.20 $ - $ 2,863,776.59 $ - $ 4,362,626.61 $ - $ 436,262.66",,2026-04-24T22:49:16.171333
AZ,2026-02-01,2026-02-28,monthly,BetMGM,BetMGM,BetMGM,Entain/MGM Resorts,online,,9144267413,722640320,744803677,286377659,436262661,8399463736,43626266,22163357,0.07902659528226988,28,False,False,AZ_2026_02.pdf,,,,,,https://gaming.az.gov/sites/default/files/EW%20Website%20Report-February%202026%20UNAUDITED%20CB%20UPDATED%2017%20APR.pdf,https://gaming.az.gov/blog-terms/event-wagering-revenue-reports,AZ/screenshots/AZ_2026_02_AZ_2026_02_p1.png,"BetMGM $ 335,680.60 $ 91,442,674.13 $ 350,793.95 $ 83,994,637.36 $ - $ 7,226,403.20 $ - $ 2,863,776.59 $ - $ 4,362,626.61 $ - $ 436,262.66",,2026-04-24T22:49:16.171333
AZ,2026-02-01,2026-02-28,monthly,Caesars (American Wagering),Caesars,Caesars,Caesars Entertainment,retail,,59529557,0,-1083738,0,0,60613295,0,-1083738,0.0,28,False,False,AZ_2026_02.pdf,,,,,,https://gaming.az.gov/sites/default/files/EW%20Website%20Report-February%202026%20UNAUDITED%20CB%20UPDATED%2017%20APR.pdf,https://gaming.az.gov/blog-terms/event-wagering-revenue-reports,AZ/screenshots/AZ_2026_02_AZ_2026_02_p1.png,"Caesars (American Wagering) $ 595,295.57 $ 37,208,055.20 $ 606,132.95 $ 34,919,766.13 $ - $ 2,196,422.37 $ - $ 676,411.53 $ - $ 1,520,010.84 $ - $ 152,001.08",,2026-04-24T22:49:16.171333
AZ,2026-02-01,2026-02-28,monthly,Caesars (American Wagering),Caesars,Caesars,Caesars Entertainment,online,,3720805520,219642237,228828907,67641153,152001084,3491976613,15200108,9186670,0.05903082970055366,28,False,False,AZ_2026_02.pdf,,,,,,https://gaming.az.gov/sites/default/files/EW%20Website%20Report-February%202026%20UNAUDITED%20CB%20UPDATED%2017%20APR.pdf,https://gaming.az.gov/blog-terms/event-wagering-revenue-reports,AZ/screenshots/AZ_2026_02_AZ_2026_02_p1.png,"Caesars (American Wagering) $ 595,295.57 $ 37,208,055.20 $ 606,132.95 $ 34,919,766.13 $ - $ 2,196,422.37 $ - $ 676,411.53 $ - $ 1,520,010.84 $ - $ 152,001.08",,2026-04-24T22:49:16.171333
AZ,2026-02-01,2026-02-28,monthly,Desert Diamond Mobile,Desert Diamond,Desert Diamond,Tohono O'odham Nation,retail,,0,0,0,0,0,0,0,0,,28,False,False,AZ_2026_02.pdf,,,,,,https://gaming.az.gov/sites/default/files/EW%20Website%20Report-February%202026%20UNAUDITED%20CB%20UPDATED%2017%20APR.pdf,https://gaming.az.gov/blog-terms/event-wagering-revenue-reports,AZ/screenshots/AZ_2026_02_AZ_2026_02_p1.png,"Desert Diamond Mobile $ - $ 3,531,078.39 $ - $ 3,362,111.77 $ - $ 160,648.00 $ - $ 160,648.00 $ - $ - $ - $ -",,2026-04-24T22:49:16.171333
AZ,2026-02-01,2026-02-28,monthly,Desert Diamond Mobile,Desert Diamond,Desert Diamond,Tohono O'odham Nation,online,,353107839,16064800,16896662,16064800,0,336211177,0,831862,0.04549544990418635,28,False,False,AZ_2026_02.pdf,,,,,,https://gaming.az.gov/sites/default/files/EW%20Website%20Report-February%202026%20UNAUDITED%20CB%20UPDATED%2017%20APR.pdf,https://gaming.az.gov/blog-terms/event-wagering-revenue-reports,AZ/screenshots/AZ_2026_02_AZ_2026_02_p1.png,"Desert Diamond Mobile $ - $ 3,531,078.39 $ - $ 3,362,111.77 $ - $ 160,648.00 $ - $ 160,648.00 $ - $ - $ - $ -",,2026-04-24T22:49:16.171333
AZ,2026-02-01,2026-02-28,monthly,Draft Kings/Crown Gaming,DraftKings,DraftKings,DraftKings Inc,retail,,151660605,5417960,5797260,0,5417960,145863345,433437,379300,0.03572424097873011,28,False,False,AZ_2026_02.pdf,,,,,,https://gaming.az.gov/sites/default/files/EW%20Website%20Report-February%202026%20UNAUDITED%20CB%20UPDATED%2017%20APR.pdf,https://gaming.az.gov/blog-terms/event-wagering-revenue-reports,AZ/screenshots/AZ_2026_02_AZ_2026_02_p1.png,"Draft Kings/Crown Gaming $ 1,516,606.05 $ 229,782,033.39 $ 1,458,633.45 $ 210,867,395.27 $ 54,179.60 $ 18,354,353.12 $ - $ 5,680,791.05 $ 54,179.60 $ 12,673,562.07 $ 4,334.37 $ 1,267,356.21",,2026-04-24T22:49:16.171333
AZ,2026-02-01,2026-02-28,monthly,Draft Kings/Crown Gaming,DraftKings,DraftKings,DraftKings Inc,online,,22978203339,1835435312,1891463812,568079105,1267356207,21086739527,126735621,56028500,0.07987723343385982,28,False,False,AZ_2026_02.pdf,,,,,,https://gaming.az.gov/sites/default/files/EW%20Website%20Report-February%202026%20UNAUDITED%20CB%20UPDATED%2017%20APR.pdf,https://gaming.az.gov/blog-terms/event-wagering-revenue-reports,AZ/screenshots/AZ_2026_02_AZ_2026_02_p1.png,"Draft Kings/Crown Gaming $ 1,516,606.05 $ 229,782,033.39 $ 1,458,633.45 $ 210,867,395.27 $ 54,179.60 $ 18,354,353.12 $ - $ 5,680,791.05 $ 54,179.60 $ 12,673,562.07 $ 4,334.37 $ 1,267,356.21",,2026-04-24T22:49:16.171333
AZ,2026-02-01,2026-02-28,monthly,Fanatics Sports Book,Fanatics,Fanatics,Fanatics Inc,retail,,0,0,0,0,0,0,0,0,,28,False,False,AZ_2026_02.pdf,,,,,,https://gaming.az.gov/sites/default/files/EW%20Website%20Report-February%202026%20UNAUDITED%20CB%20UPDATED%2017%20APR.pdf,https://gaming.az.gov/blog-terms/event-wagering-revenue-reports,AZ/screenshots/AZ_2026_02_AZ_2026_02_p1.png,"Fanatics Sports Book $ - $ 88,411,618.10 $ - $ 85,209,385.98 $ - $ 2,985,301.20 $ - $ 1,639,248.24 $ - $ 1,346,052.96 $ - $ 134,605.30",,2026-04-24T22:49:16.171333
AZ,2026-02-01,2026-02-28,monthly,Fanatics Sports Book,Fanatics,Fanatics,Fanatics Inc,online,,8841161810,298530120,320223212,163924824,134605296,8520938598,13460530,21693092,0.03376593782757608,28,False,False,AZ_2026_02.pdf,,,,,,https://gaming.az.gov/sites/default/files/EW%20Website%20Report-February%202026%20UNAUDITED%20CB%20UPDATED%2017%20APR.pdf,https://gaming.az.gov/blog-terms/event-wagering-revenue-reports,AZ/screenshots/AZ_2026_02_AZ_2026_02_p1.png,"Fanatics Sports Book $ - $ 88,411,618.10 $ - $ 85,209,385.98 $ - $ 2,985,301.20 $ - $ 1,639,248.24 $ - $ 1,346,052.96 $ - $ 134,605.30",,2026-04-24T22:49:16.171333
AZ,2026-02-01,2026-02-28,monthly,Fan Duel,FanDuel,FanDuel,Flutter Entertainment,retail,,0,0,-1481300,0,0,1481300,0,-1481300,,28,False,False,AZ_2026_02.pdf,,,,,,https://gaming.az.gov/sites/default/files/EW%20Website%20Report-February%202026%20UNAUDITED%20CB%20UPDATED%2017%20APR.pdf,https://gaming.az.gov/blog-terms/event-wagering-revenue-reports,AZ/screenshots/AZ_2026_02_AZ_2026_02_p1.png,"Fan Duel $ - $ 196,862,040.57 $ 14,813.00 $ 174,573,277.80 $ - $ 21,812,266.42 $ - $ 6,263,500.20 $ - $ 15,548,766.22 $ - $ 1,554,876.62",,2026-04-24T22:49:16.171333
AZ,2026-02-01,2026-02-28,monthly,Fan Duel,FanDuel,FanDuel,Flutter Entertainment,online,,19686204057,2181226642,2228876277,626350020,1554876622,17457327780,155487662,47649635,0.11079975782453609,28,False,False,AZ_2026_02.pdf,,,,,,https://gaming.az.gov/sites/default/files/EW%20Website%20Report-February%202026%20UNAUDITED%20CB%20UPDATED%2017%20APR.pdf,https://gaming.az.gov/blog-terms/event-wagering-revenue-reports,AZ/screenshots/AZ_2026_02_AZ_2026_02_p1.png,"Fan Duel $ - $ 196,862,040.57 $ 14,813.00 $ 174,573,277.80 $ - $ 21,812,266.42 $ - $ 6,263,500.20 $ - $ 15,548,766.22 $ - $ 1,554,876.62",,2026-04-24T22:49:16.171333
AZ,2026-02-01,2026-02-28,monthly,Golden Nugget Online Gaming,DraftKings (Golden Nugget),DraftKings,DraftKings Inc,retail,,0,0,0,0,0,0,0,0,,28,False,False,AZ_2026_02.pdf,,,,,,https://gaming.az.gov/sites/default/files/EW%20Website%20Report-February%202026%20UNAUDITED%20CB%20UPDATED%2017%20APR.pdf,https://gaming.az.gov/blog-terms/event-wagering-revenue-reports,AZ/screenshots/AZ_2026_02_AZ_2026_02_p1.png,"Golden Nugget Online Gaming $ - $ 139,885.59 $ - $ 156,346.48 $ - $ - $ - $ - $ - $ - $ - $ -",,2026-04-24T22:49:16.171333
AZ,2026-02-01,2026-02-28,monthly,Golden Nugget Online Gaming,DraftKings (Golden Nugget),DraftKings,DraftKings Inc,online,,13988559,0,-1646089,0,0,15634648,0,-1646089,0.0,28,False,False,AZ_2026_02.pdf,,,,,,https://gaming.az.gov/sites/default/files/EW%20Website%20Report-February%202026%20UNAUDITED%20CB%20UPDATED%2017%20APR.pdf,https://gaming.az.gov/blog-terms/event-wagering-revenue-reports,AZ/screenshots/AZ_2026_02_AZ_2026_02_p1.png,"Golden Nugget Online Gaming $ - $ 139,885.59 $ - $ 156,346.48 $ - $ - $ - $ - $ - $ - $ - $ -",,2026-04-24T22:49:16.171333
AZ,2026-02-01,2026-02-28,monthly,PENN / ESPN Bet,ESPN Bet,ESPN Bet,PENN Entertainment,retail,,0,0,0,0,0,0,0,0,,28,False,False,AZ_2026_02.pdf,,,,,,https://gaming.az.gov/sites/default/files/EW%20Website%20Report-February%202026%20UNAUDITED%20CB%20UPDATED%2017%20APR.pdf,https://gaming.az.gov/blog-terms/event-wagering-revenue-reports,AZ/screenshots/AZ_2026_02_AZ_2026_02_p1.png,"PENN / ESPN Bet $ - $ 11,371,313.17 $ - $ 10,560,917.67 $ - $ 781,967.22 $ - $ 248,626.01 $ - $ 533,341.21 $ - $ 53,334.12",,2026-04-24T22:49:16.171333
AZ,2026-02-01,2026-02-28,monthly,PENN / ESPN Bet,ESPN Bet,ESPN Bet,PENN Entertainment,online,,1137131317,78196722,81039550,24862601,53334121,1056091767,5333412,2842828,0.06876665942707477,28,False,False,AZ_2026_02.pdf,,,,,,https://gaming.az.gov/sites/default/files/EW%20Website%20Report-February%202026%20UNAUDITED%20CB%20UPDATED%2017%20APR.pdf,https://gaming.az.gov/blog-terms/event-wagering-revenue-reports,AZ/screenshots/AZ_2026_02_AZ_2026_02_p1.png,"PENN / ESPN Bet $ - $ 11,371,313.17 $ - $ 10,560,917.67 $ - $ 781,967.22 $ - $ 248,626.01 $ - $ 533,341.21 $ - $ 53,334.12",,2026-04-24T22:49:16.171333
AZ,2026-02-01,2026-02-28,monthly,Plannatech,Plannatech,Plannatech,Plannatech,retail,,0,0,0,0,0,0,0,0,,28,False,False,AZ_2026_02.pdf,,,,,,https://gaming.az.gov/sites/default/files/EW%20Website%20Report-February%202026%20UNAUDITED%20CB%20UPDATED%2017%20APR.pdf,https://gaming.az.gov/blog-terms/event-wagering-revenue-reports,AZ/screenshots/AZ_2026_02_AZ_2026_02_p1.png,"Plannatech $ - $ 925,994.21 $ - $ 903,527.86 $ - $ 20,206.32 $ - $ 20,206.32 $ - $ - $ - $ -",,2026-04-24T22:49:16.171333
AZ,2026-02-01,2026-02-28,monthly,Plannatech,Plannatech,Plannatech,Plannatech,online,,92599421,2020632,2246635,2020632,0,90352786,0,226003,0.021821216355121704,28,False,False,AZ_2026_02.pdf,,,,,,https://gaming.az.gov/sites/default/files/EW%20Website%20Report-February%202026%20UNAUDITED%20CB%20UPDATED%2017%20APR.pdf,https://gaming.az.gov/blog-terms/event-wagering-revenue-reports,AZ/screenshots/AZ_2026_02_AZ_2026_02_p1.png,"Plannatech $ - $ 925,994.21 $ - $ 903,527.86 $ - $ 20,206.32 $ - $ 20,206.32 $ - $ - $ - $ -",,2026-04-24T22:49:16.171333
AZ,2026-02-01,2026-02-28,monthly,RSI (Rush Street Interactive),BetRivers,BetRivers,Rush Street Interactive,retail,,0,0,0,0,0,0,0,0,,28,False,False,AZ_2026_02.pdf,,,,,,https://gaming.az.gov/sites/default/files/EW%20Website%20Report-February%202026%20UNAUDITED%20CB%20UPDATED%2017%20APR.pdf,https://gaming.az.gov/blog-terms/event-wagering-revenue-reports,AZ/screenshots/AZ_2026_02_AZ_2026_02_p1.png,"RSI (Rush Street Interactive) $ - $ 5,604,449.30 $ - $ 5,170,989.94 $ - $ 419,448.24 $ - $ 81,513.52 $ - $ 337,934.72 $ - $ 33,793.47",,2026-04-24T22:49:16.171333
AZ,2026-02-01,2026-02-28,monthly,RSI (Rush Street Interactive),BetRivers,BetRivers,Rush Street Interactive,online,,560444930,41944824,43345936,8151352,33793472,517098994,3379347,1401112,0.07484200811665831,28,False,False,AZ_2026_02.pdf,,,,,,https://gaming.az.gov/sites/default/files/EW%20Website%20Report-February%202026%20UNAUDITED%20CB%20UPDATED%2017%20APR.pdf,https://gaming.az.gov/blog-terms/event-wagering-revenue-reports,AZ/screenshots/AZ_2026_02_AZ_2026_02_p1.png,"RSI (Rush Street Interactive) $ - $ 5,604,449.30 $ - $ 5,170,989.94 $ - $ 419,448.24 $ - $ 81,513.52 $ - $ 337,934.72 $ - $ 33,793.47",,2026-04-24T22:49:16.171333
AZ,2026-02-01,2026-02-28,monthly,Seminole Hard Rock Digital,Hard Rock Bet,Hard Rock Bet,Seminole Tribe / Hard Rock Digital,retail,,0,0,0,0,0,0,0,0,,28,False,False,AZ_2026_02.pdf,,,,,,https://gaming.az.gov/sites/default/files/EW%20Website%20Report-February%202026%20UNAUDITED%20CB%20UPDATED%2017%20APR.pdf,https://gaming.az.gov/blog-terms/event-wagering-revenue-reports,AZ/screenshots/AZ_2026_02_AZ_2026_02_p1.png,"Seminole Hard Rock Digital $ - $ 11,552,082.25 $ - $ 10,737,450.31 $ - $ 785,751.73 $ - $ 207,650.06 $ - $ 578,101.67 $ - $ 57,810.17",,2026-04-24T22:49:16.171333
AZ,2026-02-01,2026-02-28,monthly,Seminole Hard Rock Digital,Hard Rock Bet,Hard Rock Bet,Seminole Tribe / Hard Rock Digital,online,,1155208225,78575173,81463194,20765006,57810167,1073745031,5781017,2888021,0.06801819040026312,28,False,False,AZ_2026_02.pdf,,,,,,https://gaming.az.gov/sites/default/files/EW%20Website%20Report-February%202026%20UNAUDITED%20CB%20UPDATED%2017%20APR.pdf,https://gaming.az.gov/blog-terms/event-wagering-revenue-reports,AZ/screenshots/AZ_2026_02_AZ_2026_02_p1.png,"Seminole Hard Rock Digital $ - $ 11,552,082.25 $ - $ 10,737,450.31 $ - $ 785,751.73 $ - $ 207,650.06 $ - $ 578,101.67 $ - $ 57,810.17",,2026-04-24T22:49:16.171333
AZ,2026-02-01,2026-02-28,monthly,Sporttrade,Sporttrade,Sporttrade,Sporttrade Inc,retail,,0,0,0,0,0,0,0,0,,28,False,False,AZ_2026_02.pdf,,,,,,https://gaming.az.gov/sites/default/files/EW%20Website%20Report-February%202026%20UNAUDITED%20CB%20UPDATED%2017%20APR.pdf,https://gaming.az.gov/blog-terms/event-wagering-revenue-reports,AZ/screenshots/AZ_2026_02_AZ_2026_02_p1.png,"Sporttrade $ - $ 370,205.07 $ - $ 361,255.92 $ - $ 8,023.64 $ - $ 712.17 $ - $ 7,311.47 $ - $ 731.15",,2026-04-24T22:49:16.171333
AZ,2026-02-01,2026-02-28,monthly,Sporttrade,Sporttrade,Sporttrade,Sporttrade Inc,online,,37020507,802364,894915,71217,731147,36125592,73115,92551,0.021673501121959243,28,False,False,AZ_2026_02.pdf,,,,,,https://gaming.az.gov/sites/default/files/EW%20Website%20Report-February%202026%20UNAUDITED%20CB%20UPDATED%2017%20APR.pdf,https://gaming.az.gov/blog-terms/event-wagering-revenue-reports,AZ/screenshots/AZ_2026_02_AZ_2026_02_p1.png,"Sporttrade $ - $ 370,205.07 $ - $ 361,255.92 $ - $ 8,023.64 $ - $ 712.17 $ - $ 7,311.47 $ - $ 731.15",,2026-04-24T22:49:16.171333
