state_code,period_start,period_end,period_type,operator_raw,operator_reported,operator_standard,parent_company,channel,sport_category,handle,gross_revenue,standard_ggr,promo_credits,net_revenue,payouts,tax_paid,federal_excise_tax,hold_pct,days_in_period,is_partial_period,data_is_revised,source_file,source_sheet,source_row,source_column,source_page,source_table_index,source_url,source_report_url,source_screenshot,source_raw_line,source_context,scrape_timestamp
CO,2020-05-01,2020-05-31,monthly,ALL,TOTAL,TOTAL,,online,,2562176163,256572886,256572886,161898752,94674134,2305603277,9654478,,0.10013865935728011,31,False,False,CO_2020_05_summary.pdf,,,,1,0,,https://sbg.colorado.gov/sports-betting-monthly-reports,CO/screenshots/CO_2020_05_CO_2020_05_summary_p1.png,,,2026-04-08T18:26:46.633736
CO,2025-02-01,2025-02-28,monthly,ALL,TOTAL,TOTAL,,online,hockey,1515825518,,,,,,,,,28,False,False,CO_2025_02_hb1292.pdf,,,,1,0,https://sbg.colorado.gov/sites/sbg/files/documents/HB%2021-1292%20Report%20February%202025%20v2.pdf,https://sbg.colorado.gov/sports-betting-monthly-reports,CO/screenshots/CO_2025_02_CO_2025_02_summary_p1.png,,,2026-04-08T18:29:22.199293
CO,2025-02-01,2025-02-28,monthly,ALL,TOTAL,TOTAL,,retail,soccer,6045803,,,,,,,,,28,False,False,CO_2025_02_hb1292.pdf,,,,1,0,https://sbg.colorado.gov/sites/sbg/files/documents/HB%2021-1292%20Report%20February%202025%20v2.pdf,https://sbg.colorado.gov/sports-betting-monthly-reports,CO/screenshots/CO_2025_02_CO_2025_02_summary_p1.png,,,2026-04-08T18:29:22.199293
CO,2025-02-01,2025-02-28,monthly,ALL,TOTAL,TOTAL,,online,soccer,2745338425,,,,,,,,,28,False,False,CO_2025_02_hb1292.pdf,,,,1,0,https://sbg.colorado.gov/sites/sbg/files/documents/HB%2021-1292%20Report%20February%202025%20v2.pdf,https://sbg.colorado.gov/sports-betting-monthly-reports,CO/screenshots/CO_2025_02_CO_2025_02_summary_p1.png,,,2026-04-08T18:29:22.199293
CO,2025-02-01,2025-02-28,monthly,ALL,TOTAL,TOTAL,,retail,table_tennis,660944,,,,,,,,,28,False,False,CO_2025_02_hb1292.pdf,,,,1,0,https://sbg.colorado.gov/sites/sbg/files/documents/HB%2021-1292%20Report%20February%202025%20v2.pdf,https://sbg.colorado.gov/sports-betting-monthly-reports,CO/screenshots/CO_2025_02_CO_2025_02_summary_p1.png,,,2026-04-08T18:29:22.199293
CO,2025-02-01,2025-02-28,monthly,ALL,TOTAL,TOTAL,,online,table_tennis,2696274894,,,,,,,,,28,False,False,CO_2025_02_hb1292.pdf,,,,1,0,https://sbg.colorado.gov/sites/sbg/files/documents/HB%2021-1292%20Report%20February%202025%20v2.pdf,https://sbg.colorado.gov/sports-betting-monthly-reports,CO/screenshots/CO_2025_02_CO_2025_02_summary_p1.png,,,2026-04-08T18:29:22.199293
CO,2025-02-01,2025-02-28,monthly,ALL,TOTAL,TOTAL,,retail,football,75182989,,,,,,,,,28,False,False,CO_2025_02_hb1292.pdf,,,,1,0,https://sbg.colorado.gov/sites/sbg/files/documents/HB%2021-1292%20Report%20February%202025%20v2.pdf,https://sbg.colorado.gov/sports-betting-monthly-reports,CO/screenshots/CO_2025_02_CO_2025_02_summary_p1.png,,,2026-04-08T18:29:22.199293
CO,2025-02-01,2025-02-28,monthly,ALL,TOTAL,TOTAL,,online,football,2555804849,,,,,,,,,28,False,False,CO_2025_02_hb1292.pdf,,,,1,0,https://sbg.colorado.gov/sites/sbg/files/documents/HB%2021-1292%20Report%20February%202025%20v2.pdf,https://sbg.colorado.gov/sports-betting-monthly-reports,CO/screenshots/CO_2025_02_CO_2025_02_summary_p1.png,,,2026-04-08T18:29:22.199293
CO,2025-02-01,2025-02-28,monthly,ALL,TOTAL,TOTAL,,retail,hockey,6146208,,,,,,,,,28,False,False,CO_2025_02_hb1292.pdf,,,,1,0,https://sbg.colorado.gov/sites/sbg/files/documents/HB%2021-1292%20Report%20February%202025%20v2.pdf,https://sbg.colorado.gov/sports-betting-monthly-reports,CO/screenshots/CO_2025_02_CO_2025_02_summary_p1.png,,,2026-04-08T18:29:22.199293
CO,2025-02-01,2025-02-28,monthly,ALL,TOTAL,TOTAL,,retail,golf,324605,,,,,,,,,28,False,False,CO_2025_02_hb1292.pdf,,,,1,0,https://sbg.colorado.gov/sites/sbg/files/documents/HB%2021-1292%20Report%20February%202025%20v2.pdf,https://sbg.colorado.gov/sports-betting-monthly-reports,CO/screenshots/CO_2025_02_CO_2025_02_summary_p1.png,,,2026-04-08T18:29:22.199293
CO,2025-02-01,2025-02-28,monthly,ALL,TOTAL,TOTAL,,retail,tennis,2776183,,,,,,,,,28,False,False,CO_2025_02_hb1292.pdf,,,,1,0,https://sbg.colorado.gov/sites/sbg/files/documents/HB%2021-1292%20Report%20February%202025%20v2.pdf,https://sbg.colorado.gov/sports-betting-monthly-reports,CO/screenshots/CO_2025_02_CO_2025_02_summary_p1.png,,,2026-04-08T18:29:22.199293
CO,2025-02-01,2025-02-28,monthly,ALL,TOTAL,TOTAL,,online,golf,617748574,,,,,,,,,28,False,False,CO_2025_02_hb1292.pdf,,,,1,0,https://sbg.colorado.gov/sites/sbg/files/documents/HB%2021-1292%20Report%20February%202025%20v2.pdf,https://sbg.colorado.gov/sports-betting-monthly-reports,CO/screenshots/CO_2025_02_CO_2025_02_summary_p1.png,,,2026-04-08T18:29:22.199293
CO,2025-02-01,2025-02-28,monthly,ALL,TOTAL,TOTAL,,retail,mma,3845408,,,,,,,,,28,False,False,CO_2025_02_hb1292.pdf,,,,1,0,https://sbg.colorado.gov/sites/sbg/files/documents/HB%2021-1292%20Report%20February%202025%20v2.pdf,https://sbg.colorado.gov/sports-betting-monthly-reports,CO/screenshots/CO_2025_02_CO_2025_02_summary_p1.png,,,2026-04-08T18:29:22.199293
CO,2025-02-01,2025-02-28,monthly,ALL,TOTAL,TOTAL,,online,mma,315241549,,,,,,,,,28,False,False,CO_2025_02_hb1292.pdf,,,,1,0,https://sbg.colorado.gov/sites/sbg/files/documents/HB%2021-1292%20Report%20February%202025%20v2.pdf,https://sbg.colorado.gov/sports-betting-monthly-reports,CO/screenshots/CO_2025_02_CO_2025_02_summary_p1.png,,,2026-04-08T18:29:22.199293
CO,2025-02-01,2025-02-28,monthly,ALL,TOTAL,TOTAL,,retail,baseball,1345828,,,,,,,,,28,False,False,CO_2025_02_hb1292.pdf,,,,1,0,https://sbg.colorado.gov/sites/sbg/files/documents/HB%2021-1292%20Report%20February%202025%20v2.pdf,https://sbg.colorado.gov/sports-betting-monthly-reports,CO/screenshots/CO_2025_02_CO_2025_02_summary_p1.png,,,2026-04-08T18:29:22.199293
CO,2025-02-01,2025-02-28,monthly,ALL,TOTAL,TOTAL,,online,baseball,127491506,,,,,,,,,28,False,False,CO_2025_02_hb1292.pdf,,,,1,0,https://sbg.colorado.gov/sites/sbg/files/documents/HB%2021-1292%20Report%20February%202025%20v2.pdf,https://sbg.colorado.gov/sports-betting-monthly-reports,CO/screenshots/CO_2025_02_CO_2025_02_summary_p1.png,,,2026-04-08T18:29:22.199293
CO,2025-03-01,2025-03-31,monthly,ALL,TOTAL,TOTAL,,retail,,353248253,23169791,23169791,881316,22288475,330078462,237056,,0.06559067398983004,31,False,False,CO_2025_03_hb1292.pdf,,,,1,0,https://sbg.colorado.gov/sites/sbg/files/documents/HB%2021-1292%20Report%20March%202025.pdf,https://sbg.colorado.gov/sports-betting-monthly-reports,CO/screenshots/CO_2025_03_CO_2025_03_summary_p1.png,,,2026-04-08T18:29:26.644601
CO,2025-03-01,2025-03-31,monthly,ALL,TOTAL,TOTAL,,online,,61451176417,3601614276,3601614276,1433771585,2167842691,57849562141,215518417,,0.058609362521555255,31,False,False,CO_2025_03_hb1292.pdf,,,,1,0,https://sbg.colorado.gov/sites/sbg/files/documents/HB%2021-1292%20Report%20March%202025.pdf,https://sbg.colorado.gov/sports-betting-monthly-reports,CO/screenshots/CO_2025_03_CO_2025_03_summary_p1.png,,,2026-04-08T18:29:26.644601
CO,2025-02-01,2025-02-28,monthly,ALL,TOTAL,TOTAL,,online,tennis,2758975983,,,,,,,,,28,False,False,CO_2025_02_hb1292.pdf,,,,1,0,https://sbg.colorado.gov/sites/sbg/files/documents/HB%2021-1292%20Report%20February%202025%20v2.pdf,https://sbg.colorado.gov/sports-betting-monthly-reports,CO/screenshots/CO_2025_02_CO_2025_02_summary_p1.png,,,2026-04-08T18:29:22.199293
CO,2025-02-01,2025-02-28,monthly,ALL,TOTAL,TOTAL,,online,other,6030173960,,,,,,,,,28,False,False,CO_2025_02_hb1292.pdf,,,,1,0,https://sbg.colorado.gov/sites/sbg/files/documents/HB%2021-1292%20Report%20February%202025%20v2.pdf,https://sbg.colorado.gov/sports-betting-monthly-reports,CO/screenshots/CO_2025_02_CO_2025_02_summary_p1.png,,,2026-04-08T18:29:22.199293
CO,2025-03-01,2025-03-31,monthly,ALL,TOTAL,TOTAL,,online,basketball,20676334933,,,,,,,,,31,False,False,CO_2025_03_hb1292.pdf,,,,1,0,https://sbg.colorado.gov/sites/sbg/files/documents/HB%2021-1292%20Report%20March%202025.pdf,https://sbg.colorado.gov/sports-betting-monthly-reports,CO/screenshots/CO_2025_03_CO_2025_03_summary_p1.png,,,2026-04-08T18:29:26.644601
CO,2025-01-01,2025-01-31,monthly,ALL,TOTAL,TOTAL,,retail,,437591314,88814012,88814012,,173746945,348777302,18686502,,0.20296109442428284,31,False,False,CO_2025_01_hb1292.pdf,,,,1,0,https://sbg.colorado.gov/sites/sbg/files/documents/HB%2021-1292%20Report%20January%202025.pdf,https://sbg.colorado.gov/sports-betting-monthly-reports,CO/screenshots/CO_2025_01_CO_2025_01_summary_p1.png,,,2026-04-08T18:29:17.792771
CO,2025-01-01,2025-01-31,monthly,ALL,TOTAL,TOTAL,,online,,65280688502,6081825845,6081825845,5638299500,443526345,59198862657,425670859,,0.09316424174683255,31,False,False,CO_2025_01_hb1292.pdf,,,,1,0,https://sbg.colorado.gov/sites/sbg/files/documents/HB%2021-1292%20Report%20January%202025.pdf,https://sbg.colorado.gov/sports-betting-monthly-reports,CO/screenshots/CO_2025_01_CO_2025_01_summary_p1.png,,,2026-04-08T18:29:17.792771
CO,2025-01-01,2025-01-31,monthly,ALL,TOTAL,TOTAL,,online,basketball,17711848708,,833825031,,,16878023677,,,,31,False,False,CO_2025_01_hb1292.pdf,,,,1,0,https://sbg.colorado.gov/sites/sbg/files/documents/HB%2021-1292%20Report%20January%202025.pdf,https://sbg.colorado.gov/sports-betting-monthly-reports,CO/screenshots/CO_2025_01_CO_2025_01_summary_p1.png,,,2026-04-08T18:29:17.792771
CO,2025-01-01,2025-01-31,monthly,ALL,TOTAL,TOTAL,,online,football,11815160215,,896040237,,,10919119978,,,,31,False,False,CO_2025_01_hb1292.pdf,,,,1,0,https://sbg.colorado.gov/sites/sbg/files/documents/HB%2021-1292%20Report%20January%202025.pdf,https://sbg.colorado.gov/sports-betting-monthly-reports,CO/screenshots/CO_2025_01_CO_2025_01_summary_p1.png,,,2026-04-08T18:29:17.792771
CO,2025-01-01,2025-01-31,monthly,ALL,TOTAL,TOTAL,,online,other,5190511672,,197778678,,,4992732994,,,,31,False,False,CO_2025_01_hb1292.pdf,,,,1,0,https://sbg.colorado.gov/sites/sbg/files/documents/HB%2021-1292%20Report%20January%202025.pdf,https://sbg.colorado.gov/sports-betting-monthly-reports,CO/screenshots/CO_2025_01_CO_2025_01_summary_p1.png,,,2026-04-08T18:29:17.792771
CO,2025-01-01,2025-01-31,monthly,ALL,TOTAL,TOTAL,,online,table_tennis,3171622958,,168614480,,,3003008478,,,,31,False,False,CO_2025_01_hb1292.pdf,,,,1,0,https://sbg.colorado.gov/sites/sbg/files/documents/HB%2021-1292%20Report%20January%202025.pdf,https://sbg.colorado.gov/sports-betting-monthly-reports,CO/screenshots/CO_2025_01_CO_2025_01_summary_p1.png,,,2026-04-08T18:29:17.792771
CO,2025-01-01,2025-01-31,monthly,ALL,TOTAL,TOTAL,,online,tennis,2749948224,,271070405,,,2478877819,,,,31,False,False,CO_2025_01_hb1292.pdf,,,,1,0,https://sbg.colorado.gov/sites/sbg/files/documents/HB%2021-1292%20Report%20January%202025.pdf,https://sbg.colorado.gov/sports-betting-monthly-reports,CO/screenshots/CO_2025_01_CO_2025_01_summary_p1.png,,,2026-04-08T18:29:17.792771
CO,2025-01-01,2025-01-31,monthly,ALL,TOTAL,TOTAL,,online,soccer,2286694853,,219422262,,,2067272591,,,,31,False,False,CO_2025_01_hb1292.pdf,,,,1,0,https://sbg.colorado.gov/sites/sbg/files/documents/HB%2021-1292%20Report%20January%202025.pdf,https://sbg.colorado.gov/sports-betting-monthly-reports,CO/screenshots/CO_2025_01_CO_2025_01_summary_p1.png,,,2026-04-08T18:29:17.792771
CO,2025-02-01,2025-02-28,monthly,ALL,TOTAL,TOTAL,,retail,other,28162305,,,,,,,,,28,False,False,CO_2025_02_hb1292.pdf,,,,1,0,https://sbg.colorado.gov/sites/sbg/files/documents/HB%2021-1292%20Report%20February%202025%20v2.pdf,https://sbg.colorado.gov/sports-betting-monthly-reports,CO/screenshots/CO_2025_02_CO_2025_02_summary_p1.png,,,2026-04-08T18:29:22.199293
CO,2025-01-01,2025-01-31,monthly,ALL,TOTAL,TOTAL,,online,hockey,1918811743,,215509480,,,1703302263,,,,31,False,False,CO_2025_01_hb1292.pdf,,,,1,0,https://sbg.colorado.gov/sites/sbg/files/documents/HB%2021-1292%20Report%20January%202025.pdf,https://sbg.colorado.gov/sports-betting-monthly-reports,CO/screenshots/CO_2025_01_CO_2025_01_summary_p1.png,,,2026-04-08T18:29:17.792771
CO,2025-01-01,2025-01-31,monthly,ALL,TOTAL,TOTAL,,online,golf,304282446,,54382143,,,249900303,,,,31,False,False,CO_2025_01_hb1292.pdf,,,,1,0,https://sbg.colorado.gov/sites/sbg/files/documents/HB%2021-1292%20Report%20January%202025.pdf,https://sbg.colorado.gov/sports-betting-monthly-reports,CO/screenshots/CO_2025_01_CO_2025_01_summary_p1.png,,,2026-04-08T18:29:17.792771
CO,2025-01-01,2025-01-31,monthly,ALL,TOTAL,TOTAL,,online,mma,214334512,,29523196,,,184811316,,,,31,False,False,CO_2025_01_hb1292.pdf,,,,1,0,https://sbg.colorado.gov/sites/sbg/files/documents/HB%2021-1292%20Report%20January%202025.pdf,https://sbg.colorado.gov/sports-betting-monthly-reports,CO/screenshots/CO_2025_01_CO_2025_01_summary_p1.png,,,2026-04-08T18:29:17.792771
CO,2025-02-01,2025-02-28,monthly,ALL,TOTAL,TOTAL,,retail,,298460625,109287463,109287463,81125158,28162305,189173162,2776183,,0.3661704554830306,28,False,False,CO_2025_02_hb1292.pdf,,,,1,0,https://sbg.colorado.gov/sites/sbg/files/documents/HB%2021-1292%20Report%20February%202025%20v2.pdf,https://sbg.colorado.gov/sports-betting-monthly-reports,CO/screenshots/CO_2025_02_CO_2025_02_summary_p1.png,,,2026-04-08T18:29:22.199293
CO,2025-02-01,2025-02-28,monthly,ALL,TOTAL,TOTAL,,online,,49364417500,3437562708,3437562708,3094492326,343070382,45926854792,340400383,,0.06963644831826488,28,False,False,CO_2025_02_hb1292.pdf,,,,1,0,https://sbg.colorado.gov/sites/sbg/files/documents/HB%2021-1292%20Report%20February%202025%20v2.pdf,https://sbg.colorado.gov/sports-betting-monthly-reports,CO/screenshots/CO_2025_02_CO_2025_02_summary_p1.png,,,2026-04-08T18:29:22.199293
CO,2025-02-01,2025-02-28,monthly,ALL,TOTAL,TOTAL,,retail,basketball,109287463,,,,,,,,,28,False,False,CO_2025_02_hb1292.pdf,,,,1,0,https://sbg.colorado.gov/sites/sbg/files/documents/HB%2021-1292%20Report%20February%202025%20v2.pdf,https://sbg.colorado.gov/sports-betting-monthly-reports,CO/screenshots/CO_2025_02_CO_2025_02_summary_p1.png,,,2026-04-08T18:29:22.199293
CO,2025-02-01,2025-02-28,monthly,ALL,TOTAL,TOTAL,,online,basketball,16398634281,,,,,,,,,28,False,False,CO_2025_02_hb1292.pdf,,,,1,0,https://sbg.colorado.gov/sites/sbg/files/documents/HB%2021-1292%20Report%20February%202025%20v2.pdf,https://sbg.colorado.gov/sports-betting-monthly-reports,CO/screenshots/CO_2025_02_CO_2025_02_summary_p1.png,,,2026-04-08T18:29:22.199293
CO,2025-03-01,2025-03-31,monthly,ALL,TOTAL,TOTAL,,retail,basketball,150552151,,,,,,,,,31,False,False,CO_2025_03_hb1292.pdf,,,,1,0,https://sbg.colorado.gov/sites/sbg/files/documents/HB%2021-1292%20Report%20March%202025.pdf,https://sbg.colorado.gov/sports-betting-monthly-reports,CO/screenshots/CO_2025_03_CO_2025_03_summary_p1.png,,,2026-04-08T18:29:26.644601
CO,2024-12-01,2024-12-31,monthly,ALL,TOTAL,TOTAL,,online,mma,192371271,,,,,,,,,31,False,False,CO_2024_12_hb1292.pdf,,,,1,0,https://sbg.colorado.gov/sites/sbg/files/documents/HB%2021-1292%20Report%20December%202024.pdf,https://sbg.colorado.gov/sports-betting-monthly-reports,CO/screenshots/CO_2024_12_CO_2024_12_summary_p1.png,,,2026-04-08T18:29:13.360837
CO,2025-04-01,2025-04-30,monthly,ALL,TOTAL,TOTAL,,online,other,2459852552,,,,,,,,,30,False,False,CO_2025_04_hb1292.pdf,,,,1,0,https://sbg.colorado.gov/sites/sbg/files/documents/HB%2021-1292%20Report%20April%202025.pdf,https://sbg.colorado.gov/sports-betting-monthly-reports,CO/screenshots/CO_2025_04_CO_2025_04_summary_p1.png,,,2026-04-08T18:29:30.968558
CO,2025-04-01,2025-04-30,monthly,ALL,TOTAL,TOTAL,,retail,hockey,37818660,,,,,,,,,30,False,False,CO_2025_04_hb1292.pdf,,,,1,0,https://sbg.colorado.gov/sites/sbg/files/documents/HB%2021-1292%20Report%20April%202025.pdf,https://sbg.colorado.gov/sports-betting-monthly-reports,CO/screenshots/CO_2025_04_CO_2025_04_summary_p1.png,,,2026-04-08T18:29:30.968558
CO,2025-04-01,2025-04-30,monthly,ALL,TOTAL,TOTAL,,online,hockey,8196641641,,,,,,,,,30,False,False,CO_2025_04_hb1292.pdf,,,,1,0,https://sbg.colorado.gov/sites/sbg/files/documents/HB%2021-1292%20Report%20April%202025.pdf,https://sbg.colorado.gov/sports-betting-monthly-reports,CO/screenshots/CO_2025_04_CO_2025_04_summary_p1.png,,,2026-04-08T18:29:30.968558
CO,2025-04-01,2025-04-30,monthly,ALL,TOTAL,TOTAL,,retail,soccer,11421843,,,,,,,,,30,False,False,CO_2025_04_hb1292.pdf,,,,1,0,https://sbg.colorado.gov/sites/sbg/files/documents/HB%2021-1292%20Report%20April%202025.pdf,https://sbg.colorado.gov/sports-betting-monthly-reports,CO/screenshots/CO_2025_04_CO_2025_04_summary_p1.png,,,2026-04-08T18:29:30.968558
CO,2025-04-01,2025-04-30,monthly,ALL,TOTAL,TOTAL,,online,soccer,2786588812,,,,,,,,,30,False,False,CO_2025_04_hb1292.pdf,,,,1,0,https://sbg.colorado.gov/sites/sbg/files/documents/HB%2021-1292%20Report%20April%202025.pdf,https://sbg.colorado.gov/sports-betting-monthly-reports,CO/screenshots/CO_2025_04_CO_2025_04_summary_p1.png,,,2026-04-08T18:29:30.968558
CO,2025-04-01,2025-04-30,monthly,ALL,TOTAL,TOTAL,,retail,table_tennis,4331538,,,,,,,,,30,False,False,CO_2025_04_hb1292.pdf,,,,1,0,https://sbg.colorado.gov/sites/sbg/files/documents/HB%2021-1292%20Report%20April%202025.pdf,https://sbg.colorado.gov/sports-betting-monthly-reports,CO/screenshots/CO_2025_04_CO_2025_04_summary_p1.png,,,2026-04-08T18:29:30.968558
CO,2025-04-01,2025-04-30,monthly,ALL,TOTAL,TOTAL,,online,table_tennis,2504890246,,,,,,,,,30,False,False,CO_2025_04_hb1292.pdf,,,,1,0,https://sbg.colorado.gov/sites/sbg/files/documents/HB%2021-1292%20Report%20April%202025.pdf,https://sbg.colorado.gov/sports-betting-monthly-reports,CO/screenshots/CO_2025_04_CO_2025_04_summary_p1.png,,,2026-04-08T18:29:30.968558
CO,2025-04-01,2025-04-30,monthly,ALL,TOTAL,TOTAL,,retail,other,273513,,,,,,,,,30,False,False,CO_2025_04_hb1292.pdf,,,,1,0,https://sbg.colorado.gov/sites/sbg/files/documents/HB%2021-1292%20Report%20April%202025.pdf,https://sbg.colorado.gov/sports-betting-monthly-reports,CO/screenshots/CO_2025_04_CO_2025_04_summary_p1.png,,,2026-04-08T18:29:30.968558
CO,2025-04-01,2025-04-30,monthly,ALL,TOTAL,TOTAL,,retail,mma,566647,,,,,,,,,30,False,False,CO_2025_04_hb1292.pdf,,,,1,0,https://sbg.colorado.gov/sites/sbg/files/documents/HB%2021-1292%20Report%20April%202025.pdf,https://sbg.colorado.gov/sports-betting-monthly-reports,CO/screenshots/CO_2025_04_CO_2025_04_summary_p1.png,,,2026-04-08T18:29:30.968558
CO,2025-04-01,2025-04-30,monthly,ALL,TOTAL,TOTAL,,retail,baseball,80536762,,,,,,,,,30,False,False,CO_2025_04_hb1292.pdf,,,,1,0,https://sbg.colorado.gov/sites/sbg/files/documents/HB%2021-1292%20Report%20April%202025.pdf,https://sbg.colorado.gov/sports-betting-monthly-reports,CO/screenshots/CO_2025_04_CO_2025_04_summary_p1.png,,,2026-04-08T18:29:30.968558
CO,2025-04-01,2025-04-30,monthly,ALL,TOTAL,TOTAL,,online,mma,2304567443,,,,,,,,,30,False,False,CO_2025_04_hb1292.pdf,,,,1,0,https://sbg.colorado.gov/sites/sbg/files/documents/HB%2021-1292%20Report%20April%202025.pdf,https://sbg.colorado.gov/sports-betting-monthly-reports,CO/screenshots/CO_2025_04_CO_2025_04_summary_p1.png,,,2026-04-08T18:29:30.968558
CO,2025-04-01,2025-04-30,monthly,ALL,TOTAL,TOTAL,,retail,football,1641695,,,,,,,,,30,False,False,CO_2025_04_hb1292.pdf,,,,1,0,https://sbg.colorado.gov/sites/sbg/files/documents/HB%2021-1292%20Report%20April%202025.pdf,https://sbg.colorado.gov/sports-betting-monthly-reports,CO/screenshots/CO_2025_04_CO_2025_04_summary_p1.png,,,2026-04-08T18:29:30.968558
CO,2025-04-01,2025-04-30,monthly,ALL,TOTAL,TOTAL,,online,football,1097140914,,,,,,,,,30,False,False,CO_2025_04_hb1292.pdf,,,,1,0,https://sbg.colorado.gov/sites/sbg/files/documents/HB%2021-1292%20Report%20April%202025.pdf,https://sbg.colorado.gov/sports-betting-monthly-reports,CO/screenshots/CO_2025_04_CO_2025_04_summary_p1.png,,,2026-04-08T18:29:30.968558
CO,2025-04-01,2025-04-30,monthly,ALL,TOTAL,TOTAL,,retail,golf,9457378,,,,,,,,,30,False,False,CO_2025_04_hb1292.pdf,,,,1,0,https://sbg.colorado.gov/sites/sbg/files/documents/HB%2021-1292%20Report%20April%202025.pdf,https://sbg.colorado.gov/sports-betting-monthly-reports,CO/screenshots/CO_2025_04_CO_2025_04_summary_p1.png,,,2026-04-08T18:29:30.968558
CO,2025-04-01,2025-04-30,monthly,ALL,TOTAL,TOTAL,,online,golf,1029965764,,,,,,,,,30,False,False,CO_2025_04_hb1292.pdf,,,,1,0,https://sbg.colorado.gov/sites/sbg/files/documents/HB%2021-1292%20Report%20April%202025.pdf,https://sbg.colorado.gov/sports-betting-monthly-reports,CO/screenshots/CO_2025_04_CO_2025_04_summary_p1.png,,,2026-04-08T18:29:30.968558
CO,2025-04-01,2025-04-30,monthly,ALL,TOTAL,TOTAL,,retail,tennis,8821007,,,,,,,,,30,False,False,CO_2025_04_hb1292.pdf,,,,1,0,https://sbg.colorado.gov/sites/sbg/files/documents/HB%2021-1292%20Report%20April%202025.pdf,https://sbg.colorado.gov/sports-betting-monthly-reports,CO/screenshots/CO_2025_04_CO_2025_04_summary_p1.png,,,2026-04-08T18:29:30.968558
CO,2025-04-01,2025-04-30,monthly,ALL,TOTAL,TOTAL,,online,tennis,370908713,,,,,,,,,30,False,False,CO_2025_04_hb1292.pdf,,,,1,0,https://sbg.colorado.gov/sites/sbg/files/documents/HB%2021-1292%20Report%20April%202025.pdf,https://sbg.colorado.gov/sports-betting-monthly-reports,CO/screenshots/CO_2025_04_CO_2025_04_summary_p1.png,,,2026-04-08T18:29:30.968558
CO,2025-04-01,2025-04-30,monthly,ALL,TOTAL,TOTAL,,online,baseball,14556354060,,,,,,,,,30,False,False,CO_2025_04_hb1292.pdf,,,,1,0,https://sbg.colorado.gov/sites/sbg/files/documents/HB%2021-1292%20Report%20April%202025.pdf,https://sbg.colorado.gov/sports-betting-monthly-reports,CO/screenshots/CO_2025_04_CO_2025_04_summary_p1.png,,,2026-04-08T18:29:30.968558
CO,2025-04-01,2025-04-30,monthly,ALL,TOTAL,TOTAL,,online,,50559230152,4707136414,4707136414,1227472959,3479663455,45852093738,338413838,,0.09310142579007993,30,False,False,CO_2025_04_hb1292.pdf,,,,1,0,https://sbg.colorado.gov/sites/sbg/files/documents/HB%2021-1292%20Report%20April%202025.pdf,https://sbg.colorado.gov/sports-betting-monthly-reports,CO/screenshots/CO_2025_04_CO_2025_04_summary_p1.png,,,2026-04-08T18:29:30.968558
CO,2025-03-01,2025-03-31,monthly,ALL,TOTAL,TOTAL,,online,hockey,2287034729,,,,,,,,,31,False,False,CO_2025_03_hb1292.pdf,,,,1,0,https://sbg.colorado.gov/sites/sbg/files/documents/HB%2021-1292%20Report%20March%202025.pdf,https://sbg.colorado.gov/sports-betting-monthly-reports,CO/screenshots/CO_2025_03_CO_2025_03_summary_p1.png,,,2026-04-08T18:29:26.644601
CO,2025-03-01,2025-03-31,monthly,ALL,TOTAL,TOTAL,,retail,soccer,3774739,,,,,,,,,31,False,False,CO_2025_03_hb1292.pdf,,,,1,0,https://sbg.colorado.gov/sites/sbg/files/documents/HB%2021-1292%20Report%20March%202025.pdf,https://sbg.colorado.gov/sports-betting-monthly-reports,CO/screenshots/CO_2025_03_CO_2025_03_summary_p1.png,,,2026-04-08T18:29:26.644601
CO,2025-03-01,2025-03-31,monthly,ALL,TOTAL,TOTAL,,online,soccer,2854043133,,,,,,,,,31,False,False,CO_2025_03_hb1292.pdf,,,,1,0,https://sbg.colorado.gov/sites/sbg/files/documents/HB%2021-1292%20Report%20March%202025.pdf,https://sbg.colorado.gov/sports-betting-monthly-reports,CO/screenshots/CO_2025_03_CO_2025_03_summary_p1.png,,,2026-04-08T18:29:26.644601
CO,2025-03-01,2025-03-31,monthly,ALL,TOTAL,TOTAL,,retail,tennis,772414,,,,,,,,,31,False,False,CO_2025_03_hb1292.pdf,,,,1,0,https://sbg.colorado.gov/sites/sbg/files/documents/HB%2021-1292%20Report%20March%202025.pdf,https://sbg.colorado.gov/sports-betting-monthly-reports,CO/screenshots/CO_2025_03_CO_2025_03_summary_p1.png,,,2026-04-08T18:29:26.644601
CO,2025-03-01,2025-03-31,monthly,ALL,TOTAL,TOTAL,,online,tennis,2607107500,,,,,,,,,31,False,False,CO_2025_03_hb1292.pdf,,,,1,0,https://sbg.colorado.gov/sites/sbg/files/documents/HB%2021-1292%20Report%20March%202025.pdf,https://sbg.colorado.gov/sports-betting-monthly-reports,CO/screenshots/CO_2025_03_CO_2025_03_summary_p1.png,,,2026-04-08T18:29:26.644601
CO,2025-03-01,2025-03-31,monthly,ALL,TOTAL,TOTAL,,retail,table_tennis,408384,,,,,,,,,31,False,False,CO_2025_03_hb1292.pdf,,,,1,0,https://sbg.colorado.gov/sites/sbg/files/documents/HB%2021-1292%20Report%20March%202025.pdf,https://sbg.colorado.gov/sports-betting-monthly-reports,CO/screenshots/CO_2025_03_CO_2025_03_summary_p1.png,,,2026-04-08T18:29:26.644601
CO,2025-03-01,2025-03-31,monthly,ALL,TOTAL,TOTAL,,online,table_tennis,2327814836,,,,,,,,,31,False,False,CO_2025_03_hb1292.pdf,,,,1,0,https://sbg.colorado.gov/sites/sbg/files/documents/HB%2021-1292%20Report%20March%202025.pdf,https://sbg.colorado.gov/sports-betting-monthly-reports,CO/screenshots/CO_2025_03_CO_2025_03_summary_p1.png,,,2026-04-08T18:29:26.644601
CO,2025-03-01,2025-03-31,monthly,ALL,TOTAL,TOTAL,,retail,hockey,13904277,,,,,,,,,31,False,False,CO_2025_03_hb1292.pdf,,,,1,0,https://sbg.colorado.gov/sites/sbg/files/documents/HB%2021-1292%20Report%20March%202025.pdf,https://sbg.colorado.gov/sports-betting-monthly-reports,CO/screenshots/CO_2025_03_CO_2025_03_summary_p1.png,,,2026-04-08T18:29:26.644601
CO,2025-03-01,2025-03-31,monthly,ALL,TOTAL,TOTAL,,retail,baseball,7908133,,,,,,,,,31,False,False,CO_2025_03_hb1292.pdf,,,,1,0,https://sbg.colorado.gov/sites/sbg/files/documents/HB%2021-1292%20Report%20March%202025.pdf,https://sbg.colorado.gov/sports-betting-monthly-reports,CO/screenshots/CO_2025_03_CO_2025_03_summary_p1.png,,,2026-04-08T18:29:26.644601
CO,2025-04-01,2025-04-30,monthly,ALL,TOTAL,TOTAL,,retail,,226852964,20379207,20379207,570718,19808489,206473757,1798337,,0.08983443125742012,30,False,False,CO_2025_04_hb1292.pdf,,,,1,0,https://sbg.colorado.gov/sites/sbg/files/documents/HB%2021-1292%20Report%20April%202025.pdf,https://sbg.colorado.gov/sports-betting-monthly-reports,CO/screenshots/CO_2025_04_CO_2025_04_summary_p1.png,,,2026-04-08T18:29:30.968558
CO,2025-03-01,2025-03-31,monthly,ALL,TOTAL,TOTAL,,online,baseball,1673153537,,,,,,,,,31,False,False,CO_2025_03_hb1292.pdf,,,,1,0,https://sbg.colorado.gov/sites/sbg/files/documents/HB%2021-1292%20Report%20March%202025.pdf,https://sbg.colorado.gov/sports-betting-monthly-reports,CO/screenshots/CO_2025_03_CO_2025_03_summary_p1.png,,,2026-04-08T18:29:26.644601
CO,2025-03-01,2025-03-31,monthly,ALL,TOTAL,TOTAL,,retail,golf,698171,,,,,,,,,31,False,False,CO_2025_03_hb1292.pdf,,,,1,0,https://sbg.colorado.gov/sites/sbg/files/documents/HB%2021-1292%20Report%20March%202025.pdf,https://sbg.colorado.gov/sports-betting-monthly-reports,CO/screenshots/CO_2025_03_CO_2025_03_summary_p1.png,,,2026-04-08T18:29:26.644601
CO,2025-03-01,2025-03-31,monthly,ALL,TOTAL,TOTAL,,online,golf,744663413,,,,,,,,,31,False,False,CO_2025_03_hb1292.pdf,,,,1,0,https://sbg.colorado.gov/sites/sbg/files/documents/HB%2021-1292%20Report%20March%202025.pdf,https://sbg.colorado.gov/sports-betting-monthly-reports,CO/screenshots/CO_2025_03_CO_2025_03_summary_p1.png,,,2026-04-08T18:29:26.644601
CO,2025-03-01,2025-03-31,monthly,ALL,TOTAL,TOTAL,,retail,mma,8732208,,,,,,,,,31,False,False,CO_2025_03_hb1292.pdf,,,,1,0,https://sbg.colorado.gov/sites/sbg/files/documents/HB%2021-1292%20Report%20March%202025.pdf,https://sbg.colorado.gov/sports-betting-monthly-reports,CO/screenshots/CO_2025_03_CO_2025_03_summary_p1.png,,,2026-04-08T18:29:26.644601
CO,2025-03-01,2025-03-31,monthly,ALL,TOTAL,TOTAL,,online,mma,411505186,,,,,,,,,31,False,False,CO_2025_03_hb1292.pdf,,,,1,0,https://sbg.colorado.gov/sites/sbg/files/documents/HB%2021-1292%20Report%20March%202025.pdf,https://sbg.colorado.gov/sports-betting-monthly-reports,CO/screenshots/CO_2025_03_CO_2025_03_summary_p1.png,,,2026-04-08T18:29:26.644601
CO,2025-03-01,2025-03-31,monthly,ALL,TOTAL,TOTAL,,retail,other,1037757,,,,,,,,,31,False,False,CO_2025_03_hb1292.pdf,,,,1,0,https://sbg.colorado.gov/sites/sbg/files/documents/HB%2021-1292%20Report%20March%202025.pdf,https://sbg.colorado.gov/sports-betting-monthly-reports,CO/screenshots/CO_2025_03_CO_2025_03_summary_p1.png,,,2026-04-08T18:29:26.644601
CO,2025-03-01,2025-03-31,monthly,ALL,TOTAL,TOTAL,,online,other,105945362,,,,,,,,,31,False,False,CO_2025_03_hb1292.pdf,,,,1,0,https://sbg.colorado.gov/sites/sbg/files/documents/HB%2021-1292%20Report%20March%202025.pdf,https://sbg.colorado.gov/sports-betting-monthly-reports,CO/screenshots/CO_2025_03_CO_2025_03_summary_p1.png,,,2026-04-08T18:29:26.644601
CO,2024-12-01,2024-12-31,monthly,ALL,TOTAL,TOTAL,,online,cricket,74468688,,,,,,,,,31,False,False,CO_2024_12_hb1292.pdf,,,,1,0,https://sbg.colorado.gov/sites/sbg/files/documents/HB%2021-1292%20Report%20December%202024.pdf,https://sbg.colorado.gov/sports-betting-monthly-reports,CO/screenshots/CO_2024_12_CO_2024_12_summary_p1.png,,,2026-04-08T18:29:13.360837
CO,2024-12-01,2024-12-31,monthly,ALL,TOTAL,TOTAL,,online,tennis,1501651902,,,,,,,,,31,False,False,CO_2024_12_hb1292.pdf,,,,1,0,https://sbg.colorado.gov/sites/sbg/files/documents/HB%2021-1292%20Report%20December%202024.pdf,https://sbg.colorado.gov/sports-betting-monthly-reports,CO/screenshots/CO_2024_12_CO_2024_12_summary_p1.png,,,2026-04-08T18:29:13.360837
CO,2025-04-01,2025-04-30,monthly,ALL,TOTAL,TOTAL,,online,basketball,177076520,,,,,,,,,30,False,False,CO_2025_04_hb1292.pdf,,,,1,0,https://sbg.colorado.gov/sites/sbg/files/documents/HB%2021-1292%20Report%20April%202025.pdf,https://sbg.colorado.gov/sports-betting-monthly-reports,CO/screenshots/CO_2025_04_CO_2025_04_summary_p1.png,,,2026-04-08T18:29:30.968558
CO,2024-08-01,2024-08-31,monthly,ALL,TOTAL,TOTAL,,online,tennis,9854348522,,,,,,,,,31,False,False,CO_2024_08_hb1292.pdf,,,,1,0,https://sbg.colorado.gov/sites/sbg/files/documents/HB%2021-1292%20Report%20August%202024.pdf,https://sbg.colorado.gov/sports-betting-monthly-reports,CO/screenshots/CO_2024_08_CO_2024_08_summary_p1.png,,,2026-04-08T18:28:55.700816
CO,2024-08-01,2024-08-31,monthly,ALL,TOTAL,TOTAL,,retail,mma,232046297,,,,,,,,,31,False,False,CO_2024_08_hb1292.pdf,,,,1,0,https://sbg.colorado.gov/sites/sbg/files/documents/HB%2021-1292%20Report%20August%202024.pdf,https://sbg.colorado.gov/sports-betting-monthly-reports,CO/screenshots/CO_2024_08_CO_2024_08_summary_p1.png,,,2026-04-08T18:28:55.700816
CO,2024-08-01,2024-08-31,monthly,ALL,TOTAL,TOTAL,,online,mma,37237866379,,,,,,,,,31,False,False,CO_2024_08_hb1292.pdf,,,,1,0,https://sbg.colorado.gov/sites/sbg/files/documents/HB%2021-1292%20Report%20August%202024.pdf,https://sbg.colorado.gov/sports-betting-monthly-reports,CO/screenshots/CO_2024_08_CO_2024_08_summary_p1.png,,,2026-04-08T18:28:55.700816
CO,2024-08-01,2024-08-31,monthly,ALL,TOTAL,TOTAL,,online,golf,140198798,,,,,,,,,31,False,False,CO_2024_08_hb1292.pdf,,,,1,0,https://sbg.colorado.gov/sites/sbg/files/documents/HB%2021-1292%20Report%20August%202024.pdf,https://sbg.colorado.gov/sports-betting-monthly-reports,CO/screenshots/CO_2024_08_CO_2024_08_summary_p1.png,,,2026-04-08T18:28:55.700816
CO,2024-08-01,2024-08-31,monthly,ALL,TOTAL,TOTAL,,online,other,46039341,,,,,,,,,31,False,False,CO_2024_08_hb1292.pdf,,,,1,0,https://sbg.colorado.gov/sites/sbg/files/documents/HB%2021-1292%20Report%20August%202024.pdf,https://sbg.colorado.gov/sports-betting-monthly-reports,CO/screenshots/CO_2024_08_CO_2024_08_summary_p1.png,,,2026-04-08T18:28:55.700816
CO,2024-08-01,2024-08-31,monthly,ALL,TOTAL,TOTAL,,online,table_tennis,10274420464,,,,,,,,,31,False,False,CO_2024_08_hb1292.pdf,,,,1,0,https://sbg.colorado.gov/sites/sbg/files/documents/HB%2021-1292%20Report%20August%202024.pdf,https://sbg.colorado.gov/sports-betting-monthly-reports,CO/screenshots/CO_2024_08_CO_2024_08_summary_p1.png,,,2026-04-08T18:28:55.700816
CO,2024-08-01,2024-08-31,monthly,ALL,TOTAL,TOTAL,,online,soccer,10320459805,,,,,,,,,31,False,False,CO_2024_08_hb1292.pdf,,,,1,0,https://sbg.colorado.gov/sites/sbg/files/documents/HB%2021-1292%20Report%20August%202024.pdf,https://sbg.colorado.gov/sports-betting-monthly-reports,CO/screenshots/CO_2024_08_CO_2024_08_summary_p1.png,,,2026-04-08T18:28:55.700816
CO,2024-08-01,2024-08-31,monthly,ALL,TOTAL,TOTAL,,online,football,44910909,,,,,,,,,31,False,False,CO_2024_08_hb1292.pdf,,,,1,0,https://sbg.colorado.gov/sites/sbg/files/documents/HB%2021-1292%20Report%20August%202024.pdf,https://sbg.colorado.gov/sports-betting-monthly-reports,CO/screenshots/CO_2024_08_CO_2024_08_summary_p1.png,,,2026-04-08T18:28:55.700816
CO,2024-08-01,2024-08-31,monthly,ALL,TOTAL,TOTAL,,online,basketball,9899259431,,,,,,,,,31,False,False,CO_2024_08_hb1292.pdf,,,,1,0,https://sbg.colorado.gov/sites/sbg/files/documents/HB%2021-1292%20Report%20August%202024.pdf,https://sbg.colorado.gov/sports-betting-monthly-reports,CO/screenshots/CO_2024_08_CO_2024_08_summary_p1.png,,,2026-04-08T18:28:55.700816
CO,2024-08-01,2024-08-31,monthly,ALL,TOTAL,TOTAL,,retail,baseball,37027724377,,,,,,,,,31,False,False,CO_2024_08_hb1292.pdf,,,,1,0,https://sbg.colorado.gov/sites/sbg/files/documents/HB%2021-1292%20Report%20August%202024.pdf,https://sbg.colorado.gov/sports-betting-monthly-reports,CO/screenshots/CO_2024_08_CO_2024_08_summary_p1.png,,,2026-04-08T18:28:55.700816
CO,2024-09-01,2024-09-30,monthly,ALL,TOTAL,TOTAL,,retail,,484839601,46449880,46449880,1210703,45239177,438389721,2660949,,0.09580463292230125,30,False,False,CO_2024_09_hb1292.pdf,,,,1,0,https://sbg.colorado.gov/sites/sbg/files/documents/HB%2021-1292%20Report%20September%202024.pdf,https://sbg.colorado.gov/sports-betting-monthly-reports,CO/screenshots/CO_2024_09_CO_2024_09_summary_p1.png,,,2026-04-08T18:29:00.065448
CO,2024-09-01,2024-09-30,monthly,ALL,TOTAL,TOTAL,,online,,55807469374,5462764520,5462764520,1350871759,4111892761,50344704854,402319282,,0.09788590275238378,30,False,False,CO_2024_09_hb1292.pdf,,,,1,0,https://sbg.colorado.gov/sites/sbg/files/documents/HB%2021-1292%20Report%20September%202024.pdf,https://sbg.colorado.gov/sports-betting-monthly-reports,CO/screenshots/CO_2024_09_CO_2024_09_summary_p1.png,,,2026-04-08T18:29:00.065448
CO,2024-09-01,2024-09-30,monthly,ALL,TOTAL,TOTAL,,retail,football,222041344,,,,,,,,,30,False,False,CO_2024_09_hb1292.pdf,,,,1,0,https://sbg.colorado.gov/sites/sbg/files/documents/HB%2021-1292%20Report%20September%202024.pdf,https://sbg.colorado.gov/sports-betting-monthly-reports,CO/screenshots/CO_2024_09_CO_2024_09_summary_p1.png,,,2026-04-08T18:29:00.065448
CO,2024-09-01,2024-09-30,monthly,ALL,TOTAL,TOTAL,,online,football,17088496032,,,,,,,,,30,False,False,CO_2024_09_hb1292.pdf,,,,1,0,https://sbg.colorado.gov/sites/sbg/files/documents/HB%2021-1292%20Report%20September%202024.pdf,https://sbg.colorado.gov/sports-betting-monthly-reports,CO/screenshots/CO_2024_09_CO_2024_09_summary_p1.png,,,2026-04-08T18:29:00.065448
CO,2024-09-01,2024-09-30,monthly,ALL,TOTAL,TOTAL,,online,table_tennis,6899528791,,,,,,,,,30,False,False,CO_2024_09_hb1292.pdf,,,,1,0,https://sbg.colorado.gov/sites/sbg/files/documents/HB%2021-1292%20Report%20September%202024.pdf,https://sbg.colorado.gov/sports-betting-monthly-reports,CO/screenshots/CO_2024_09_CO_2024_09_summary_p1.png,,,2026-04-08T18:29:00.065448
CO,2024-09-01,2024-09-30,monthly,ALL,TOTAL,TOTAL,,online,soccer,4233664471,,,,,,,,,30,False,False,CO_2024_09_hb1292.pdf,,,,1,0,https://sbg.colorado.gov/sites/sbg/files/documents/HB%2021-1292%20Report%20September%202024.pdf,https://sbg.colorado.gov/sports-betting-monthly-reports,CO/screenshots/CO_2024_09_CO_2024_09_summary_p1.png,,,2026-04-08T18:29:00.065448
CO,2024-09-01,2024-09-30,monthly,ALL,TOTAL,TOTAL,,online,basketball,4204200614,,,,,,,,,30,False,False,CO_2024_09_hb1292.pdf,,,,1,0,https://sbg.colorado.gov/sites/sbg/files/documents/HB%2021-1292%20Report%20September%202024.pdf,https://sbg.colorado.gov/sports-betting-monthly-reports,CO/screenshots/CO_2024_09_CO_2024_09_summary_p1.png,,,2026-04-08T18:29:00.065448
CO,2024-08-01,2024-08-31,monthly,ALL,TOTAL,TOTAL,,online,baseball,237544281,,,,,,,,,31,False,False,CO_2024_08_hb1292.pdf,,,,1,0,https://sbg.colorado.gov/sites/sbg/files/documents/HB%2021-1292%20Report%20August%202024.pdf,https://sbg.colorado.gov/sports-betting-monthly-reports,CO/screenshots/CO_2024_08_CO_2024_08_summary_p1.png,,,2026-04-08T18:28:55.700816
CO,2024-08-01,2024-08-31,monthly,ALL,TOTAL,TOTAL,,online,,37027724377,3250275203,3250275203,871577072,2378698131,33777449174,232046297,,0.08777950191880894,31,False,False,CO_2024_08_hb1292.pdf,,,,1,0,https://sbg.colorado.gov/sites/sbg/files/documents/HB%2021-1292%20Report%20August%202024.pdf,https://sbg.colorado.gov/sports-betting-monthly-reports,CO/screenshots/CO_2024_08_CO_2024_08_summary_p1.png,,,2026-04-08T18:28:55.700816
CO,2024-09-01,2024-09-30,monthly,ALL,TOTAL,TOTAL,,online,baseball,2748595964,,,,,,,,,30,False,False,CO_2024_09_hb1292.pdf,,,,1,0,https://sbg.colorado.gov/sites/sbg/files/documents/HB%2021-1292%20Report%20September%202024.pdf,https://sbg.colorado.gov/sports-betting-monthly-reports,CO/screenshots/CO_2024_09_CO_2024_09_summary_p1.png,,,2026-04-08T18:29:00.065448
CO,2024-07-01,2024-07-31,monthly,ALL,TOTAL,TOTAL,,retail,baseball,42831928,,,,,,,,,31,False,False,CO_2024_07_hb1292.pdf,,,,1,0,https://sbg.colorado.gov/sites/sbg/files/documents/HB%2021-1292%20Report%20July%202024.pdf,https://sbg.colorado.gov/sports-betting-monthly-reports,CO/screenshots/CO_2024_07_CO_2024_07_summary_p1.png,,,2026-04-08T18:28:51.096897
CO,2024-06-01,2024-06-30,monthly,ALL,TOTAL,TOTAL,,online,golf,1506883800,,,,,,,,,30,False,False,CO_2024_06_hb1292.pdf,,,,1,0,https://sbg.colorado.gov/sites/sbg/files/documents/HB_21-1292_Report_June_2024.pdf,https://sbg.colorado.gov/sports-betting-monthly-reports,CO/screenshots/CO_2024_06_CO_2024_06_summary_p1.png,,,2026-04-08T18:28:45.858397
CO,2024-06-01,2024-06-30,monthly,ALL,TOTAL,TOTAL,,online,table_tennis,845226031,,,,,,,,,30,False,False,CO_2024_06_hb1292.pdf,,,,1,0,https://sbg.colorado.gov/sites/sbg/files/documents/HB_21-1292_Report_June_2024.pdf,https://sbg.colorado.gov/sports-betting-monthly-reports,CO/screenshots/CO_2024_06_CO_2024_06_summary_p1.png,,,2026-04-08T18:28:45.858397
CO,2024-06-01,2024-06-30,monthly,ALL,TOTAL,TOTAL,,online,tennis,813883935,,,,,,,,,30,False,False,CO_2024_06_hb1292.pdf,,,,1,0,https://sbg.colorado.gov/sites/sbg/files/documents/HB_21-1292_Report_June_2024.pdf,https://sbg.colorado.gov/sports-betting-monthly-reports,CO/screenshots/CO_2024_06_CO_2024_06_summary_p1.png,,,2026-04-08T18:28:45.858397
CO,2024-06-01,2024-06-30,monthly,ALL,TOTAL,TOTAL,,online,soccer,569345195,,,,,,,,,30,False,False,CO_2024_06_hb1292.pdf,,,,1,0,https://sbg.colorado.gov/sites/sbg/files/documents/HB_21-1292_Report_June_2024.pdf,https://sbg.colorado.gov/sports-betting-monthly-reports,CO/screenshots/CO_2024_06_CO_2024_06_summary_p1.png,,,2026-04-08T18:28:45.858397
CO,2024-06-01,2024-06-30,monthly,ALL,TOTAL,TOTAL,,online,basketball,147249743,,,,,,,,,30,False,False,CO_2024_06_hb1292.pdf,,,,1,0,https://sbg.colorado.gov/sites/sbg/files/documents/HB_21-1292_Report_June_2024.pdf,https://sbg.colorado.gov/sports-betting-monthly-reports,CO/screenshots/CO_2024_06_CO_2024_06_summary_p1.png,,,2026-04-08T18:28:45.858397
CO,2024-07-01,2024-07-31,monthly,ALL,TOTAL,TOTAL,,retail,,136821289,17839114,17839114,338151,17500963,118982175,1241715,,0.13038258980296552,31,False,False,CO_2024_07_hb1292.pdf,,,,1,0,https://sbg.colorado.gov/sites/sbg/files/documents/HB%2021-1292%20Report%20July%202024.pdf,https://sbg.colorado.gov/sports-betting-monthly-reports,CO/screenshots/CO_2024_07_CO_2024_07_summary_p1.png,,,2026-04-08T18:28:51.096897
CO,2024-07-01,2024-07-31,monthly,ALL,TOTAL,TOTAL,,online,,31902862799,3237026789,3237026789,755833034,2481193755,28665836010,235731293,,0.10146508823971324,31,False,False,CO_2024_07_hb1292.pdf,,,,1,0,https://sbg.colorado.gov/sites/sbg/files/documents/HB%2021-1292%20Report%20July%202024.pdf,https://sbg.colorado.gov/sports-betting-monthly-reports,CO/screenshots/CO_2024_07_CO_2024_07_summary_p1.png,,,2026-04-08T18:28:51.096897
CO,2024-07-01,2024-07-31,monthly,ALL,TOTAL,TOTAL,,online,baseball,9420301724,,,,,,,,,31,False,False,CO_2024_07_hb1292.pdf,,,,1,0,https://sbg.colorado.gov/sites/sbg/files/documents/HB%2021-1292%20Report%20July%202024.pdf,https://sbg.colorado.gov/sports-betting-monthly-reports,CO/screenshots/CO_2024_07_CO_2024_07_summary_p1.png,,,2026-04-08T18:28:51.096897
CO,2024-08-01,2024-08-31,monthly,ALL,TOTAL,TOTAL,,retail,,210142002,69943204,69943204,515590,69427614,140198798,5497984,,0.3328378112625005,31,False,False,CO_2024_08_hb1292.pdf,,,,1,0,https://sbg.colorado.gov/sites/sbg/files/documents/HB%2021-1292%20Report%20August%202024.pdf,https://sbg.colorado.gov/sports-betting-monthly-reports,CO/screenshots/CO_2024_08_CO_2024_08_summary_p1.png,,,2026-04-08T18:28:55.700816
CO,2024-07-01,2024-07-31,monthly,ALL,TOTAL,TOTAL,,online,football,236973008,,,,,,,,,31,False,False,CO_2024_07_hb1292.pdf,,,,1,0,https://sbg.colorado.gov/sites/sbg/files/documents/HB%2021-1292%20Report%20July%202024.pdf,https://sbg.colorado.gov/sports-betting-monthly-reports,CO/screenshots/CO_2024_07_CO_2024_07_summary_p1.png,,,2026-04-08T18:28:51.096897
CO,2024-07-01,2024-07-31,monthly,ALL,TOTAL,TOTAL,,online,mma,17500964,,,,,,,,,31,False,False,CO_2024_07_hb1292.pdf,,,,1,0,https://sbg.colorado.gov/sites/sbg/files/documents/HB%2021-1292%20Report%20July%202024.pdf,https://sbg.colorado.gov/sports-betting-monthly-reports,CO/screenshots/CO_2024_07_CO_2024_07_summary_p1.png,,,2026-04-08T18:28:51.096897
CO,2024-07-01,2024-07-31,monthly,ALL,TOTAL,TOTAL,,online,golf,1241715,,,,,,,,,31,False,False,CO_2024_07_hb1292.pdf,,,,1,0,https://sbg.colorado.gov/sites/sbg/files/documents/HB%2021-1292%20Report%20July%202024.pdf,https://sbg.colorado.gov/sports-betting-monthly-reports,CO/screenshots/CO_2024_07_CO_2024_07_summary_p1.png,,,2026-04-08T18:28:51.096897
CO,2024-07-01,2024-07-31,monthly,ALL,TOTAL,TOTAL,,online,table_tennis,2481193755,,,,,,,,,31,False,False,CO_2024_07_hb1292.pdf,,,,1,0,https://sbg.colorado.gov/sites/sbg/files/documents/HB%2021-1292%20Report%20July%202024.pdf,https://sbg.colorado.gov/sports-betting-monthly-reports,CO/screenshots/CO_2024_07_CO_2024_07_summary_p1.png,,,2026-04-08T18:28:51.096897
CO,2024-07-01,2024-07-31,monthly,ALL,TOTAL,TOTAL,,online,soccer,235731293,,,,,,,,,31,False,False,CO_2024_07_hb1292.pdf,,,,1,0,https://sbg.colorado.gov/sites/sbg/files/documents/HB%2021-1292%20Report%20July%202024.pdf,https://sbg.colorado.gov/sports-betting-monthly-reports,CO/screenshots/CO_2024_07_CO_2024_07_summary_p1.png,,,2026-04-08T18:28:51.096897
CO,2024-07-01,2024-07-31,monthly,ALL,TOTAL,TOTAL,,online,tennis,9420301724,,,,,,,,,31,False,False,CO_2024_07_hb1292.pdf,,,,1,0,https://sbg.colorado.gov/sites/sbg/files/documents/HB%2021-1292%20Report%20July%202024.pdf,https://sbg.colorado.gov/sports-betting-monthly-reports,CO/screenshots/CO_2024_07_CO_2024_07_summary_p1.png,,,2026-04-08T18:28:51.096897
CO,2024-07-01,2024-07-31,monthly,ALL,TOTAL,TOTAL,,online,basketball,42831928,,,,,,,,,31,False,False,CO_2024_07_hb1292.pdf,,,,1,0,https://sbg.colorado.gov/sites/sbg/files/documents/HB%2021-1292%20Report%20July%202024.pdf,https://sbg.colorado.gov/sports-betting-monthly-reports,CO/screenshots/CO_2024_07_CO_2024_07_summary_p1.png,,,2026-04-08T18:28:51.096897
CO,2024-09-01,2024-09-30,monthly,ALL,TOTAL,TOTAL,,online,tennis,3304320053,,,,,,,,,30,False,False,CO_2024_09_hb1292.pdf,,,,1,0,https://sbg.colorado.gov/sites/sbg/files/documents/HB%2021-1292%20Report%20September%202024.pdf,https://sbg.colorado.gov/sports-betting-monthly-reports,CO/screenshots/CO_2024_09_CO_2024_09_summary_p1.png,,,2026-04-08T18:29:00.065448
CO,2024-09-01,2024-09-30,monthly,ALL,TOTAL,TOTAL,,online,other,1787496732,,,,,,,,,30,False,False,CO_2024_09_hb1292.pdf,,,,1,0,https://sbg.colorado.gov/sites/sbg/files/documents/HB%2021-1292%20Report%20September%202024.pdf,https://sbg.colorado.gov/sports-betting-monthly-reports,CO/screenshots/CO_2024_09_CO_2024_09_summary_p1.png,,,2026-04-08T18:29:00.065448
CO,2024-12-01,2024-12-31,monthly,ALL,TOTAL,TOTAL,,online,hockey,1576841057,,,,,,,,,31,False,False,CO_2024_12_hb1292.pdf,,,,1,0,https://sbg.colorado.gov/sites/sbg/files/documents/HB%2021-1292%20Report%20December%202024.pdf,https://sbg.colorado.gov/sports-betting-monthly-reports,CO/screenshots/CO_2024_12_CO_2024_12_summary_p1.png,,,2026-04-08T18:29:13.360837
CO,2024-12-01,2024-12-31,monthly,ALL,TOTAL,TOTAL,,retail,,435458169,208676357,208676357,132793780,75882577,226781812,33664625,,0.479211028419127,31,False,False,CO_2024_12_hb1292.pdf,,,,1,0,https://sbg.colorado.gov/sites/sbg/files/documents/HB%2021-1292%20Report%20December%202024.pdf,https://sbg.colorado.gov/sports-betting-monthly-reports,CO/screenshots/CO_2024_12_CO_2024_12_summary_p1.png,,,2026-04-08T18:29:13.360837
CO,2024-11-01,2024-11-30,monthly,ALL,TOTAL,TOTAL,,online,tennis,2350237781,,,,,,,,,30,False,False,CO_2024_11_hb1292.pdf,,,,1,0,https://sbg.colorado.gov/sites/sbg/files/documents/HB%2021-1292%20Report%20November%202024_0.pdf,https://sbg.colorado.gov/sports-betting-monthly-reports,CO/screenshots/CO_2024_11_CO_2024_11_summary_p1.png,,,2026-04-08T18:29:09.061398
CO,2024-11-01,2024-11-30,monthly,ALL,TOTAL,TOTAL,,online,soccer,2057582990,,,,,,,,,30,False,False,CO_2024_11_hb1292.pdf,,,,1,0,https://sbg.colorado.gov/sites/sbg/files/documents/HB%2021-1292%20Report%20November%202024_0.pdf,https://sbg.colorado.gov/sports-betting-monthly-reports,CO/screenshots/CO_2024_11_CO_2024_11_summary_p1.png,,,2026-04-08T18:29:09.061398
CO,2024-11-01,2024-11-30,monthly,ALL,TOTAL,TOTAL,,online,table_tennis,1729027682,,,,,,,,,30,False,False,CO_2024_11_hb1292.pdf,,,,1,0,https://sbg.colorado.gov/sites/sbg/files/documents/HB%2021-1292%20Report%20November%202024_0.pdf,https://sbg.colorado.gov/sports-betting-monthly-reports,CO/screenshots/CO_2024_11_CO_2024_11_summary_p1.png,,,2026-04-08T18:29:09.061398
CO,2024-11-01,2024-11-30,monthly,ALL,TOTAL,TOTAL,,online,hockey,1647619441,,,,,,,,,30,False,False,CO_2024_11_hb1292.pdf,,,,1,0,https://sbg.colorado.gov/sites/sbg/files/documents/HB%2021-1292%20Report%20November%202024_0.pdf,https://sbg.colorado.gov/sports-betting-monthly-reports,CO/screenshots/CO_2024_11_CO_2024_11_summary_p1.png,,,2026-04-08T18:29:09.061398
CO,2024-11-01,2024-11-30,monthly,ALL,TOTAL,TOTAL,,online,mma,320788499,,,,,,,,,30,False,False,CO_2024_11_hb1292.pdf,,,,1,0,https://sbg.colorado.gov/sites/sbg/files/documents/HB%2021-1292%20Report%20November%202024_0.pdf,https://sbg.colorado.gov/sports-betting-monthly-reports,CO/screenshots/CO_2024_11_CO_2024_11_summary_p1.png,,,2026-04-08T18:29:09.061398
CO,2024-11-01,2024-11-30,monthly,ALL,TOTAL,TOTAL,,online,golf,86471121,,,,,,,,,30,False,False,CO_2024_11_hb1292.pdf,,,,1,0,https://sbg.colorado.gov/sites/sbg/files/documents/HB%2021-1292%20Report%20November%202024_0.pdf,https://sbg.colorado.gov/sports-betting-monthly-reports,CO/screenshots/CO_2024_11_CO_2024_11_summary_p1.png,,,2026-04-08T18:29:09.061398
CO,2024-12-01,2024-12-31,monthly,ALL,TOTAL,TOTAL,,online,,64407205201,2986862004,2986862004,1529536072,1457325932,61420343197,147600817,,0.04637465629316928,31,False,False,CO_2024_12_hb1292.pdf,,,,1,0,https://sbg.colorado.gov/sites/sbg/files/documents/HB%2021-1292%20Report%20December%202024.pdf,https://sbg.colorado.gov/sports-betting-monthly-reports,CO/screenshots/CO_2024_12_CO_2024_12_summary_p1.png,,,2026-04-08T18:29:13.360837
CO,2024-11-01,2024-11-30,monthly,ALL,TOTAL,TOTAL,,retail,other,56186,,,,,,,,,30,False,False,CO_2024_11_hb1292.pdf,,,,1,0,https://sbg.colorado.gov/sites/sbg/files/documents/HB%2021-1292%20Report%20November%202024_0.pdf,https://sbg.colorado.gov/sports-betting-monthly-reports,CO/screenshots/CO_2024_11_CO_2024_11_summary_p1.png,,,2026-04-08T18:29:09.061398
CO,2024-12-01,2024-12-31,monthly,ALL,TOTAL,TOTAL,,online,football,16466584755,,,,,,,,,31,False,False,CO_2024_12_hb1292.pdf,,,,1,0,https://sbg.colorado.gov/sites/sbg/files/documents/HB%2021-1292%20Report%20December%202024.pdf,https://sbg.colorado.gov/sports-betting-monthly-reports,CO/screenshots/CO_2024_12_CO_2024_12_summary_p1.png,,,2026-04-08T18:29:13.360837
CO,2024-12-01,2024-12-31,monthly,ALL,TOTAL,TOTAL,,online,basketball,13740113373,,,,,,,,,31,False,False,CO_2024_12_hb1292.pdf,,,,1,0,https://sbg.colorado.gov/sites/sbg/files/documents/HB%2021-1292%20Report%20December%202024.pdf,https://sbg.colorado.gov/sports-betting-monthly-reports,CO/screenshots/CO_2024_12_CO_2024_12_summary_p1.png,,,2026-04-08T18:29:13.360837
CO,2024-12-01,2024-12-31,monthly,ALL,TOTAL,TOTAL,,retail,other,1259857,,,,,,,,,31,False,False,CO_2024_12_hb1292.pdf,,,,1,0,https://sbg.colorado.gov/sites/sbg/files/documents/HB%2021-1292%20Report%20December%202024.pdf,https://sbg.colorado.gov/sports-betting-monthly-reports,CO/screenshots/CO_2024_12_CO_2024_12_summary_p1.png,,,2026-04-08T18:29:13.360837
CO,2024-12-01,2024-12-31,monthly,ALL,TOTAL,TOTAL,,online,other,3263902115,,,,,,,,,31,False,False,CO_2024_12_hb1292.pdf,,,,1,0,https://sbg.colorado.gov/sites/sbg/files/documents/HB%2021-1292%20Report%20December%202024.pdf,https://sbg.colorado.gov/sports-betting-monthly-reports,CO/screenshots/CO_2024_12_CO_2024_12_summary_p1.png,,,2026-04-08T18:29:13.360837
CO,2024-12-01,2024-12-31,monthly,ALL,TOTAL,TOTAL,,online,table_tennis,2941457412,,,,,,,,,31,False,False,CO_2024_12_hb1292.pdf,,,,1,0,https://sbg.colorado.gov/sites/sbg/files/documents/HB%2021-1292%20Report%20December%202024.pdf,https://sbg.colorado.gov/sports-betting-monthly-reports,CO/screenshots/CO_2024_12_CO_2024_12_summary_p1.png,,,2026-04-08T18:29:13.360837
CO,2024-12-01,2024-12-31,monthly,ALL,TOTAL,TOTAL,,online,soccer,1870092749,,,,,,,,,31,False,False,CO_2024_12_hb1292.pdf,,,,1,0,https://sbg.colorado.gov/sites/sbg/files/documents/HB%2021-1292%20Report%20December%202024.pdf,https://sbg.colorado.gov/sports-betting-monthly-reports,CO/screenshots/CO_2024_12_CO_2024_12_summary_p1.png,,,2026-04-08T18:29:13.360837
CO,2024-11-01,2024-11-30,monthly,ALL,TOTAL,TOTAL,,online,other,4292345815,,,,,,,,,30,False,False,CO_2024_11_hb1292.pdf,,,,1,0,https://sbg.colorado.gov/sites/sbg/files/documents/HB%2021-1292%20Report%20November%202024_0.pdf,https://sbg.colorado.gov/sports-betting-monthly-reports,CO/screenshots/CO_2024_11_CO_2024_11_summary_p1.png,,,2026-04-08T18:29:09.061398
CO,2024-11-01,2024-11-30,monthly,ALL,TOTAL,TOTAL,,online,basketball,14804985062,,,,,,,,,30,False,False,CO_2024_11_hb1292.pdf,,,,1,0,https://sbg.colorado.gov/sites/sbg/files/documents/HB%2021-1292%20Report%20November%202024_0.pdf,https://sbg.colorado.gov/sports-betting-monthly-reports,CO/screenshots/CO_2024_11_CO_2024_11_summary_p1.png,,,2026-04-08T18:29:09.061398
CO,2024-10-01,2024-10-31,monthly,ALL,TOTAL,TOTAL,,retail,,389321964,212989402,212989402,192083219,20906183,176332562,27760882,,0.5470777960012552,31,False,False,CO_2024_10_hb1292.pdf,,,,1,0,https://sbg.colorado.gov/sites/sbg/files/documents/HB%2021-1292%20Report%20October%202024.pdf,https://sbg.colorado.gov/sports-betting-monthly-reports,CO/screenshots/CO_2024_10_CO_2024_10_summary_p1.png,,,2026-04-08T18:29:04.585378
CO,2024-10-01,2024-10-31,monthly,ALL,TOTAL,TOTAL,,online,soccer,1998838574,,212140693,,,1786697881,,,,31,False,False,CO_2024_10_hb1292.pdf,,,,1,0,https://sbg.colorado.gov/sites/sbg/files/documents/HB%2021-1292%20Report%20October%202024.pdf,https://sbg.colorado.gov/sports-betting-monthly-reports,CO/screenshots/CO_2024_10_CO_2024_10_summary_p1.png,,,2026-04-08T18:29:04.585378
CO,2024-10-01,2024-10-31,monthly,ALL,TOTAL,TOTAL,,online,,59732881109,3968682050,3968682050,3721200261,247481789,55764199059,219733174,,0.06644049267869712,31,False,False,CO_2024_10_hb1292.pdf,,,,1,0,https://sbg.colorado.gov/sites/sbg/files/documents/HB%2021-1292%20Report%20October%202024.pdf,https://sbg.colorado.gov/sports-betting-monthly-reports,CO/screenshots/CO_2024_10_CO_2024_10_summary_p1.png,,,2026-04-08T18:29:04.585378
CO,2024-10-01,2024-10-31,monthly,ALL,TOTAL,TOTAL,,online,football,16669166150,,704755500,,,15964410650,,,,31,False,False,CO_2024_10_hb1292.pdf,,,,1,0,https://sbg.colorado.gov/sites/sbg/files/documents/HB%2021-1292%20Report%20October%202024.pdf,https://sbg.colorado.gov/sports-betting-monthly-reports,CO/screenshots/CO_2024_10_CO_2024_10_summary_p1.png,,,2026-04-08T18:29:04.585378
CO,2024-10-01,2024-10-31,monthly,ALL,TOTAL,TOTAL,,online,basketball,8219815418,,476688188,,,7743127230,,,,31,False,False,CO_2024_10_hb1292.pdf,,,,1,0,https://sbg.colorado.gov/sites/sbg/files/documents/HB%2021-1292%20Report%20October%202024.pdf,https://sbg.colorado.gov/sports-betting-monthly-reports,CO/screenshots/CO_2024_10_CO_2024_10_summary_p1.png,,,2026-04-08T18:29:04.585378
CO,2024-10-01,2024-10-31,monthly,ALL,TOTAL,TOTAL,,retail,other,12267,,-55245806,,,55258073,,,,31,False,False,CO_2024_10_hb1292.pdf,,,,1,0,https://sbg.colorado.gov/sites/sbg/files/documents/HB%2021-1292%20Report%20October%202024.pdf,https://sbg.colorado.gov/sports-betting-monthly-reports,CO/screenshots/CO_2024_10_CO_2024_10_summary_p1.png,,,2026-04-08T18:29:04.585378
CO,2024-10-01,2024-10-31,monthly,ALL,TOTAL,TOTAL,,online,other,4180742403,,236878774,,,3943863629,,,,31,False,False,CO_2024_10_hb1292.pdf,,,,1,0,https://sbg.colorado.gov/sites/sbg/files/documents/HB%2021-1292%20Report%20October%202024.pdf,https://sbg.colorado.gov/sports-betting-monthly-reports,CO/screenshots/CO_2024_10_CO_2024_10_summary_p1.png,,,2026-04-08T18:29:04.585378
CO,2024-10-01,2024-10-31,monthly,ALL,TOTAL,TOTAL,,online,tennis,4144241972,,354834839,,,3789407133,,,,31,False,False,CO_2024_10_hb1292.pdf,,,,1,0,https://sbg.colorado.gov/sites/sbg/files/documents/HB%2021-1292%20Report%20October%202024.pdf,https://sbg.colorado.gov/sports-betting-monthly-reports,CO/screenshots/CO_2024_10_CO_2024_10_summary_p1.png,,,2026-04-08T18:29:04.585378
CO,2024-10-01,2024-10-31,monthly,ALL,TOTAL,TOTAL,,online,baseball,3960943098,,133494124,,,3827448974,,,,31,False,False,CO_2024_10_hb1292.pdf,,,,1,0,https://sbg.colorado.gov/sites/sbg/files/documents/HB%2021-1292%20Report%20October%202024.pdf,https://sbg.colorado.gov/sports-betting-monthly-reports,CO/screenshots/CO_2024_10_CO_2024_10_summary_p1.png,,,2026-04-08T18:29:04.585378
CO,2024-10-01,2024-10-31,monthly,ALL,TOTAL,TOTAL,,online,hockey,1625338100,,146044433,,,1479293667,,,,31,False,False,CO_2024_10_hb1292.pdf,,,,1,0,https://sbg.colorado.gov/sites/sbg/files/documents/HB%2021-1292%20Report%20October%202024.pdf,https://sbg.colorado.gov/sports-betting-monthly-reports,CO/screenshots/CO_2024_10_CO_2024_10_summary_p1.png,,,2026-04-08T18:29:04.585378
CO,2024-11-01,2024-11-30,monthly,ALL,TOTAL,TOTAL,,retail,basketball,2800967,,,,,,,,,30,False,False,CO_2024_11_hb1292.pdf,,,,1,0,https://sbg.colorado.gov/sites/sbg/files/documents/HB%2021-1292%20Report%20November%202024_0.pdf,https://sbg.colorado.gov/sports-betting-monthly-reports,CO/screenshots/CO_2024_11_CO_2024_11_summary_p1.png,,,2026-04-08T18:29:09.061398
CO,2024-10-01,2024-10-31,monthly,ALL,TOTAL,TOTAL,,online,table_tennis,1434009619,,134390963,,,1299618656,,,,31,False,False,CO_2024_10_hb1292.pdf,,,,1,0,https://sbg.colorado.gov/sites/sbg/files/documents/HB%2021-1292%20Report%20October%202024.pdf,https://sbg.colorado.gov/sports-betting-monthly-reports,CO/screenshots/CO_2024_10_CO_2024_10_summary_p1.png,,,2026-04-08T18:29:04.585378
CO,2024-10-01,2024-10-31,monthly,ALL,TOTAL,TOTAL,,online,mma,349748954,,33583090,,,316165864,,,,31,False,False,CO_2024_10_hb1292.pdf,,,,1,0,https://sbg.colorado.gov/sites/sbg/files/documents/HB%2021-1292%20Report%20October%202024.pdf,https://sbg.colorado.gov/sports-betting-monthly-reports,CO/screenshots/CO_2024_10_CO_2024_10_summary_p1.png,,,2026-04-08T18:29:04.585378
CO,2024-10-01,2024-10-31,monthly,ALL,TOTAL,TOTAL,,online,golf,135325800,,5999638,,,129326162,,,,31,False,False,CO_2024_10_hb1292.pdf,,,,1,0,https://sbg.colorado.gov/sites/sbg/files/documents/HB%2021-1292%20Report%20October%202024.pdf,https://sbg.colorado.gov/sports-betting-monthly-reports,CO/screenshots/CO_2024_10_CO_2024_10_summary_p1.png,,,2026-04-08T18:29:04.585378
CO,2024-11-01,2024-11-30,monthly,ALL,TOTAL,TOTAL,,retail,,400306928,198145593,198145593,157434570,40711023,202161335,59204737,,0.49498417124571975,30,False,False,CO_2024_11_hb1292.pdf,,,,1,0,https://sbg.colorado.gov/sites/sbg/files/documents/HB%2021-1292%20Report%20November%202024_0.pdf,https://sbg.colorado.gov/sports-betting-monthly-reports,CO/screenshots/CO_2024_11_CO_2024_11_summary_p1.png,,,2026-04-08T18:29:09.061398
CO,2024-11-01,2024-11-30,monthly,ALL,TOTAL,TOTAL,,online,,64394873774,5562844475,5562844475,1509945008,4052899467,58832029299,395804931,,0.08638644893572332,30,False,False,CO_2024_11_hb1292.pdf,,,,1,0,https://sbg.colorado.gov/sites/sbg/files/documents/HB%2021-1292%20Report%20November%202024_0.pdf,https://sbg.colorado.gov/sports-betting-monthly-reports,CO/screenshots/CO_2024_11_CO_2024_11_summary_p1.png,,,2026-04-08T18:29:09.061398
CO,2024-11-01,2024-11-30,monthly,ALL,TOTAL,TOTAL,,retail,football,3803004,,,,,,,,,30,False,False,CO_2024_11_hb1292.pdf,,,,1,0,https://sbg.colorado.gov/sites/sbg/files/documents/HB%2021-1292%20Report%20November%202024_0.pdf,https://sbg.colorado.gov/sports-betting-monthly-reports,CO/screenshots/CO_2024_11_CO_2024_11_summary_p1.png,,,2026-04-08T18:29:09.061398
CO,2024-11-01,2024-11-30,monthly,ALL,TOTAL,TOTAL,,online,football,15953726371,,,,,,,,,30,False,False,CO_2024_11_hb1292.pdf,,,,1,0,https://sbg.colorado.gov/sites/sbg/files/documents/HB%2021-1292%20Report%20November%202024_0.pdf,https://sbg.colorado.gov/sports-betting-monthly-reports,CO/screenshots/CO_2024_11_CO_2024_11_summary_p1.png,,,2026-04-08T18:29:09.061398
CO,2025-04-01,2025-04-30,monthly,ALL,TOTAL,TOTAL,,retail,basketball,4353883,,,,,,,,,30,False,False,CO_2025_04_hb1292.pdf,,,,1,0,https://sbg.colorado.gov/sites/sbg/files/documents/HB%2021-1292%20Report%20April%202025.pdf,https://sbg.colorado.gov/sports-betting-monthly-reports,CO/screenshots/CO_2025_04_CO_2025_04_summary_p1.png,,,2026-04-08T18:29:30.968558
CO,2025-05-01,2025-05-31,monthly,ALL,TOTAL,TOTAL,,retail,,192176546,82313666,82313666,40082241,42231425,109862880,1615849,,0.42832316280676624,31,False,False,CO_2025_05_hb1292.pdf,,,,1,0,https://sbg.colorado.gov/sites/sbg/files/documents/HB%2021-1292%20Report%20May%202025.pdf,https://sbg.colorado.gov/sports-betting-monthly-reports,CO/screenshots/CO_2025_05_CO_2025_05_summary_p1.png,,,2026-04-08T18:29:35.351282
CO,2020-06-01,2020-06-30,monthly,ALL,TOTAL,TOTAL,,combined,,3813694916,348401461,348401461,131403663,216997798,3465293455,21794502,,0.09135535712054844,30,False,False,CO_2020_06_summary.pdf,,,,1,0,,https://sbg.colorado.gov/sports-betting-monthly-reports,CO/screenshots/CO_2020_06_CO_2020_06_summary_p1.png,,,2026-04-08T18:26:47.323640
CO,2025-12-01,2025-12-31,monthly,ALL,TOTAL,TOTAL,,retail,basketball,47789014,,,,,,,,,31,False,False,CO_2025_12_hb1292.pdf,,,,1,0,https://sbg.colorado.gov/sites/sbg/files/documents/HB%2021-1292%20Report%20December%202025.pdf,https://sbg.colorado.gov/sports-betting-monthly-reports,CO/screenshots/CO_2025_12_CO_2025_12_summary_p1.png,,,2026-04-08T18:30:07.365260
CO,2025-11-01,2025-11-30,monthly,ALL,TOTAL,TOTAL,,online,mma,309776787,,,,,,,,,30,False,False,CO_2025_11_hb1292.pdf,,,,1,0,https://sbg.colorado.gov/sites/sbg/files/documents/HB%2021-1292%20Report%20November%202025.pdf,https://sbg.colorado.gov/sports-betting-monthly-reports,CO/screenshots/CO_2025_11_CO_2025_11_summary_p1.png,,,2026-04-08T18:30:02.847182
CO,2025-11-01,2025-11-30,monthly,ALL,TOTAL,TOTAL,,retail,baseball,1829007,,,,,,,,,30,False,False,CO_2025_11_hb1292.pdf,,,,1,0,https://sbg.colorado.gov/sites/sbg/files/documents/HB%2021-1292%20Report%20November%202025.pdf,https://sbg.colorado.gov/sports-betting-monthly-reports,CO/screenshots/CO_2025_11_CO_2025_11_summary_p1.png,,,2026-04-08T18:30:02.847182
CO,2025-11-01,2025-11-30,monthly,ALL,TOTAL,TOTAL,,online,baseball,287225909,,,,,,,,,30,False,False,CO_2025_11_hb1292.pdf,,,,1,0,https://sbg.colorado.gov/sites/sbg/files/documents/HB%2021-1292%20Report%20November%202025.pdf,https://sbg.colorado.gov/sports-betting-monthly-reports,CO/screenshots/CO_2025_11_CO_2025_11_summary_p1.png,,,2026-04-08T18:30:02.847182
CO,2025-12-01,2025-12-31,monthly,ALL,TOTAL,TOTAL,,retail,,354641352,55460232,55460232,882113,54578119,299181120,1267067,,0.15638399664120387,31,False,False,CO_2025_12_hb1292.pdf,,,,1,0,https://sbg.colorado.gov/sites/sbg/files/documents/HB%2021-1292%20Report%20December%202025.pdf,https://sbg.colorado.gov/sports-betting-monthly-reports,CO/screenshots/CO_2025_12_CO_2025_12_summary_p1.png,,,2026-04-08T18:30:07.365260
CO,2025-12-01,2025-12-31,monthly,ALL,TOTAL,TOTAL,,online,,61483956013,5902862707,5902862707,1288881731,4613980976,55581093306,461908367,,0.09600655341292474,31,False,False,CO_2025_12_hb1292.pdf,,,,1,0,https://sbg.colorado.gov/sites/sbg/files/documents/HB%2021-1292%20Report%20December%202025.pdf,https://sbg.colorado.gov/sports-betting-monthly-reports,CO/screenshots/CO_2025_12_CO_2025_12_summary_p1.png,,,2026-04-08T18:30:07.365260
CO,2025-12-01,2025-12-31,monthly,ALL,TOTAL,TOTAL,,retail,football,168369864,,,,,,,,,31,False,False,CO_2025_12_hb1292.pdf,,,,1,0,https://sbg.colorado.gov/sites/sbg/files/documents/HB%2021-1292%20Report%20December%202025.pdf,https://sbg.colorado.gov/sports-betting-monthly-reports,CO/screenshots/CO_2025_12_CO_2025_12_summary_p1.png,,,2026-04-08T18:30:07.365260
CO,2025-12-01,2025-12-31,monthly,ALL,TOTAL,TOTAL,,online,football,15293846525,,,,,,,,,31,False,False,CO_2025_12_hb1292.pdf,,,,1,0,https://sbg.colorado.gov/sites/sbg/files/documents/HB%2021-1292%20Report%20December%202025.pdf,https://sbg.colorado.gov/sports-betting-monthly-reports,CO/screenshots/CO_2025_12_CO_2025_12_summary_p1.png,,,2026-04-08T18:30:07.365260
CO,2025-12-01,2025-12-31,monthly,ALL,TOTAL,TOTAL,,online,basketball,13413371185,,,,,,,,,31,False,False,CO_2025_12_hb1292.pdf,,,,1,0,https://sbg.colorado.gov/sites/sbg/files/documents/HB%2021-1292%20Report%20December%202025.pdf,https://sbg.colorado.gov/sports-betting-monthly-reports,CO/screenshots/CO_2025_12_CO_2025_12_summary_p1.png,,,2026-04-08T18:30:07.365260
CO,2025-11-01,2025-11-30,monthly,ALL,TOTAL,TOTAL,,online,hockey,1660610708,,,,,,,,,30,False,False,CO_2025_11_hb1292.pdf,,,,1,0,https://sbg.colorado.gov/sites/sbg/files/documents/HB%2021-1292%20Report%20November%202025.pdf,https://sbg.colorado.gov/sports-betting-monthly-reports,CO/screenshots/CO_2025_11_CO_2025_11_summary_p1.png,,,2026-04-08T18:30:02.847182
CO,2025-12-01,2025-12-31,monthly,ALL,TOTAL,TOTAL,,retail,table_tennis,227273,,,,,,,,,31,False,False,CO_2025_12_hb1292.pdf,,,,1,0,https://sbg.colorado.gov/sites/sbg/files/documents/HB%2021-1292%20Report%20December%202025.pdf,https://sbg.colorado.gov/sports-betting-monthly-reports,CO/screenshots/CO_2025_12_CO_2025_12_summary_p1.png,,,2026-04-08T18:30:07.365260
CO,2025-12-01,2025-12-31,monthly,ALL,TOTAL,TOTAL,,online,table_tennis,3209651634,,,,,,,,,31,False,False,CO_2025_12_hb1292.pdf,,,,1,0,https://sbg.colorado.gov/sites/sbg/files/documents/HB%2021-1292%20Report%20December%202025.pdf,https://sbg.colorado.gov/sports-betting-monthly-reports,CO/screenshots/CO_2025_12_CO_2025_12_summary_p1.png,,,2026-04-08T18:30:07.365260
CO,2025-12-01,2025-12-31,monthly,ALL,TOTAL,TOTAL,,retail,other,2950540,,,,,,,,,31,False,False,CO_2025_12_hb1292.pdf,,,,1,0,https://sbg.colorado.gov/sites/sbg/files/documents/HB%2021-1292%20Report%20December%202025.pdf,https://sbg.colorado.gov/sports-betting-monthly-reports,CO/screenshots/CO_2025_12_CO_2025_12_summary_p1.png,,,2026-04-08T18:30:07.365260
CO,2025-12-01,2025-12-31,monthly,ALL,TOTAL,TOTAL,,online,other,2565107354,,,,,,,,,31,False,False,CO_2025_12_hb1292.pdf,,,,1,0,https://sbg.colorado.gov/sites/sbg/files/documents/HB%2021-1292%20Report%20December%202025.pdf,https://sbg.colorado.gov/sports-betting-monthly-reports,CO/screenshots/CO_2025_12_CO_2025_12_summary_p1.png,,,2026-04-08T18:30:07.365260
CO,2025-12-01,2025-12-31,monthly,ALL,TOTAL,TOTAL,,retail,soccer,1919990,,,,,,,,,31,False,False,CO_2025_12_hb1292.pdf,,,,1,0,https://sbg.colorado.gov/sites/sbg/files/documents/HB%2021-1292%20Report%20December%202025.pdf,https://sbg.colorado.gov/sports-betting-monthly-reports,CO/screenshots/CO_2025_12_CO_2025_12_summary_p1.png,,,2026-04-08T18:30:07.365260
CO,2025-11-01,2025-11-30,monthly,ALL,TOTAL,TOTAL,,retail,mma,2843602,,,,,,,,,30,False,False,CO_2025_11_hb1292.pdf,,,,1,0,https://sbg.colorado.gov/sites/sbg/files/documents/HB%2021-1292%20Report%20November%202025.pdf,https://sbg.colorado.gov/sports-betting-monthly-reports,CO/screenshots/CO_2025_11_CO_2025_11_summary_p1.png,,,2026-04-08T18:30:02.847182
CO,2025-11-01,2025-11-30,monthly,ALL,TOTAL,TOTAL,,retail,hockey,7991672,,,,,,,,,30,False,False,CO_2025_11_hb1292.pdf,,,,1,0,https://sbg.colorado.gov/sites/sbg/files/documents/HB%2021-1292%20Report%20November%202025.pdf,https://sbg.colorado.gov/sports-betting-monthly-reports,CO/screenshots/CO_2025_11_CO_2025_11_summary_p1.png,,,2026-04-08T18:30:02.847182
CO,2025-12-01,2025-12-31,monthly,ALL,TOTAL,TOTAL,,retail,hockey,17085146,,,,,,,,,31,False,False,CO_2025_12_hb1292.pdf,,,,1,0,https://sbg.colorado.gov/sites/sbg/files/documents/HB%2021-1292%20Report%20December%202025.pdf,https://sbg.colorado.gov/sports-betting-monthly-reports,CO/screenshots/CO_2025_12_CO_2025_12_summary_p1.png,,,2026-04-08T18:30:07.365260
CO,2025-10-01,2025-10-31,monthly,ALL,TOTAL,TOTAL,,online,esports,138379617,,,,,,,,,31,False,False,CO_2025_10_hb1292.pdf,,,,1,0,https://sbg.colorado.gov/sites/sbg/files/documents/HB%2021-1292%20Report%20October%202025.pdf,https://sbg.colorado.gov/sports-betting-monthly-reports,CO/screenshots/CO_2025_10_CO_2025_10_summary_p1.png,,,2026-04-08T18:29:58.317465
CO,2025-11-01,2025-11-30,monthly,ALL,TOTAL,TOTAL,,retail,,347603886,21190503,21190503,868374,20322129,326413383,1061103,,0.06096164011238931,30,False,False,CO_2025_11_hb1292.pdf,,,,1,0,https://sbg.colorado.gov/sites/sbg/files/documents/HB%2021-1292%20Report%20November%202025.pdf,https://sbg.colorado.gov/sports-betting-monthly-reports,CO/screenshots/CO_2025_11_CO_2025_11_summary_p1.png,,,2026-04-08T18:30:02.847182
CO,2025-11-01,2025-11-30,monthly,ALL,TOTAL,TOTAL,,online,,69113649647,5838584741,5838584741,1466608898,4371975843,63275064906,447881605,,0.08447802671137675,30,False,False,CO_2025_11_hb1292.pdf,,,,1,0,https://sbg.colorado.gov/sites/sbg/files/documents/HB%2021-1292%20Report%20November%202025.pdf,https://sbg.colorado.gov/sports-betting-monthly-reports,CO/screenshots/CO_2025_11_CO_2025_11_summary_p1.png,,,2026-04-08T18:30:02.847182
CO,2025-11-01,2025-11-30,monthly,ALL,TOTAL,TOTAL,,retail,football,167990296,,,,,,,,,30,False,False,CO_2025_11_hb1292.pdf,,,,1,0,https://sbg.colorado.gov/sites/sbg/files/documents/HB%2021-1292%20Report%20November%202025.pdf,https://sbg.colorado.gov/sports-betting-monthly-reports,CO/screenshots/CO_2025_11_CO_2025_11_summary_p1.png,,,2026-04-08T18:30:02.847182
CO,2025-11-01,2025-11-30,monthly,ALL,TOTAL,TOTAL,,online,football,17633661888,,,,,,,,,30,False,False,CO_2025_11_hb1292.pdf,,,,1,0,https://sbg.colorado.gov/sites/sbg/files/documents/HB%2021-1292%20Report%20November%202025.pdf,https://sbg.colorado.gov/sports-betting-monthly-reports,CO/screenshots/CO_2025_11_CO_2025_11_summary_p1.png,,,2026-04-08T18:30:02.847182
CO,2025-11-01,2025-11-30,monthly,ALL,TOTAL,TOTAL,,retail,basketball,40337984,,,,,,,,,30,False,False,CO_2025_11_hb1292.pdf,,,,1,0,https://sbg.colorado.gov/sites/sbg/files/documents/HB%2021-1292%20Report%20November%202025.pdf,https://sbg.colorado.gov/sports-betting-monthly-reports,CO/screenshots/CO_2025_11_CO_2025_11_summary_p1.png,,,2026-04-08T18:30:02.847182
CO,2025-11-01,2025-11-30,monthly,ALL,TOTAL,TOTAL,,online,basketball,13751036665,,,,,,,,,30,False,False,CO_2025_11_hb1292.pdf,,,,1,0,https://sbg.colorado.gov/sites/sbg/files/documents/HB%2021-1292%20Report%20November%202025.pdf,https://sbg.colorado.gov/sports-betting-monthly-reports,CO/screenshots/CO_2025_11_CO_2025_11_summary_p1.png,,,2026-04-08T18:30:02.847182
CO,2025-11-01,2025-11-30,monthly,ALL,TOTAL,TOTAL,,online,tennis,2157439186,,,,,,,,,30,False,False,CO_2025_11_hb1292.pdf,,,,1,0,https://sbg.colorado.gov/sites/sbg/files/documents/HB%2021-1292%20Report%20November%202025.pdf,https://sbg.colorado.gov/sports-betting-monthly-reports,CO/screenshots/CO_2025_11_CO_2025_11_summary_p1.png,,,2026-04-08T18:30:02.847182
CO,2025-11-01,2025-11-30,monthly,ALL,TOTAL,TOTAL,,retail,other,14853573,,,,,,,,,30,False,False,CO_2025_11_hb1292.pdf,,,,1,0,https://sbg.colorado.gov/sites/sbg/files/documents/HB%2021-1292%20Report%20November%202025.pdf,https://sbg.colorado.gov/sports-betting-monthly-reports,CO/screenshots/CO_2025_11_CO_2025_11_summary_p1.png,,,2026-04-08T18:30:02.847182
CO,2025-11-01,2025-11-30,monthly,ALL,TOTAL,TOTAL,,online,other,3032341701,,,,,,,,,30,False,False,CO_2025_11_hb1292.pdf,,,,1,0,https://sbg.colorado.gov/sites/sbg/files/documents/HB%2021-1292%20Report%20November%202025.pdf,https://sbg.colorado.gov/sports-betting-monthly-reports,CO/screenshots/CO_2025_11_CO_2025_11_summary_p1.png,,,2026-04-08T18:30:02.847182
CO,2025-11-01,2025-11-30,monthly,ALL,TOTAL,TOTAL,,retail,table_tennis,348490,,,,,,,,,30,False,False,CO_2025_11_hb1292.pdf,,,,1,0,https://sbg.colorado.gov/sites/sbg/files/documents/HB%2021-1292%20Report%20November%202025.pdf,https://sbg.colorado.gov/sports-betting-monthly-reports,CO/screenshots/CO_2025_11_CO_2025_11_summary_p1.png,,,2026-04-08T18:30:02.847182
CO,2025-11-01,2025-11-30,monthly,ALL,TOTAL,TOTAL,,online,table_tennis,2679050000,,,,,,,,,30,False,False,CO_2025_11_hb1292.pdf,,,,1,0,https://sbg.colorado.gov/sites/sbg/files/documents/HB%2021-1292%20Report%20November%202025.pdf,https://sbg.colorado.gov/sports-betting-monthly-reports,CO/screenshots/CO_2025_11_CO_2025_11_summary_p1.png,,,2026-04-08T18:30:02.847182
CO,2025-11-01,2025-11-30,monthly,ALL,TOTAL,TOTAL,,retail,soccer,2158971,,,,,,,,,30,False,False,CO_2025_11_hb1292.pdf,,,,1,0,https://sbg.colorado.gov/sites/sbg/files/documents/HB%2021-1292%20Report%20November%202025.pdf,https://sbg.colorado.gov/sports-betting-monthly-reports,CO/screenshots/CO_2025_11_CO_2025_11_summary_p1.png,,,2026-04-08T18:30:02.847182
CO,2025-11-01,2025-11-30,monthly,ALL,TOTAL,TOTAL,,online,soccer,2221855902,,,,,,,,,30,False,False,CO_2025_11_hb1292.pdf,,,,1,0,https://sbg.colorado.gov/sites/sbg/files/documents/HB%2021-1292%20Report%20November%202025.pdf,https://sbg.colorado.gov/sports-betting-monthly-reports,CO/screenshots/CO_2025_11_CO_2025_11_summary_p1.png,,,2026-04-08T18:30:02.847182
CO,2025-11-01,2025-11-30,monthly,ALL,TOTAL,TOTAL,,retail,tennis,793850,,,,,,,,,30,False,False,CO_2025_11_hb1292.pdf,,,,1,0,https://sbg.colorado.gov/sites/sbg/files/documents/HB%2021-1292%20Report%20November%202025.pdf,https://sbg.colorado.gov/sports-betting-monthly-reports,CO/screenshots/CO_2025_11_CO_2025_11_summary_p1.png,,,2026-04-08T18:30:02.847182
CO,2025-12-01,2025-12-31,monthly,ALL,TOTAL,TOTAL,,online,soccer,2264378987,,,,,,,,,31,False,False,CO_2025_12_hb1292.pdf,,,,1,0,https://sbg.colorado.gov/sites/sbg/files/documents/HB%2021-1292%20Report%20December%202025.pdf,https://sbg.colorado.gov/sports-betting-monthly-reports,CO/screenshots/CO_2025_12_CO_2025_12_summary_p1.png,,,2026-04-08T18:30:07.365260
CO,2025-12-01,2025-12-31,monthly,ALL,TOTAL,TOTAL,,online,hockey,1927675299,,,,,,,,,31,False,False,CO_2025_12_hb1292.pdf,,,,1,0,https://sbg.colorado.gov/sites/sbg/files/documents/HB%2021-1292%20Report%20December%202025.pdf,https://sbg.colorado.gov/sports-betting-monthly-reports,CO/screenshots/CO_2025_12_CO_2025_12_summary_p1.png,,,2026-04-08T18:30:07.365260
CO,2025-10-01,2025-10-31,monthly,ALL,TOTAL,TOTAL,,retail,mma,3485170,,,,,,,,,31,False,False,CO_2025_10_hb1292.pdf,,,,1,0,https://sbg.colorado.gov/sites/sbg/files/documents/HB%2021-1292%20Report%20October%202025.pdf,https://sbg.colorado.gov/sports-betting-monthly-reports,CO/screenshots/CO_2025_10_CO_2025_10_summary_p1.png,,,2026-04-08T18:29:58.317465
CO,2026-02-01,2026-02-28,monthly,ALL,TOTAL,TOTAL,,online,,46633881754,4003311441,4003311441,575999313,3427312128,42630570313,344284179,,0.08584555457163112,28,False,False,CO_2026_02_hb1292.pdf,,,,1,0,https://sbg.colorado.gov/sites/sbg/files/documents/HB%2021-1292%20Report%20February%202026.pdf,https://sbg.colorado.gov/sports-betting-monthly-reports,CO/screenshots/CO_2026_02_CO_2026_02_summary_p1.png,,,2026-04-08T18:30:16.510517
CO,2026-01-01,2026-01-31,monthly,ALL,TOTAL,TOTAL,,online,hockey,2000322057,,251955476,,,1748366581,,,,31,False,False,CO_2026_01_hb1292.pdf,,,,1,0,https://sbg.colorado.gov/sites/sbg/files/documents/HB%2021-1292%20Report%20January%202026.pdf,https://sbg.colorado.gov/sports-betting-monthly-reports,CO/screenshots/CO_2026_01_CO_2026_01_summary_p1.png,,,2026-04-08T18:30:11.980273
CO,2026-01-01,2026-01-31,monthly,ALL,TOTAL,TOTAL,,retail,mma,6485475,,3859326,,,2626149,,,,31,False,False,CO_2026_01_hb1292.pdf,,,,1,0,https://sbg.colorado.gov/sites/sbg/files/documents/HB%2021-1292%20Report%20January%202026.pdf,https://sbg.colorado.gov/sports-betting-monthly-reports,CO/screenshots/CO_2026_01_CO_2026_01_summary_p1.png,,,2026-04-08T18:30:11.980273
CO,2026-01-01,2026-01-31,monthly,ALL,TOTAL,TOTAL,,online,mma,392751307,,59081974,,,333669333,,,,31,False,False,CO_2026_01_hb1292.pdf,,,,1,0,https://sbg.colorado.gov/sites/sbg/files/documents/HB%2021-1292%20Report%20January%202026.pdf,https://sbg.colorado.gov/sports-betting-monthly-reports,CO/screenshots/CO_2026_01_CO_2026_01_summary_p1.png,,,2026-04-08T18:30:11.980273
CO,2026-01-01,2026-01-31,monthly,ALL,TOTAL,TOTAL,,online,esports,188906401,,5632888,,,183273513,,,,31,False,False,CO_2026_01_hb1292.pdf,,,,1,0,https://sbg.colorado.gov/sites/sbg/files/documents/HB%2021-1292%20Report%20January%202026.pdf,https://sbg.colorado.gov/sports-betting-monthly-reports,CO/screenshots/CO_2026_01_CO_2026_01_summary_p1.png,,,2026-04-08T18:30:11.980273
CO,2026-02-01,2026-02-28,monthly,ALL,TOTAL,TOTAL,,retail,,216789592,-16712210,-16712210,,51811,233501802,51811,,-0.07708954035025814,28,False,False,CO_2026_02_hb1292.pdf,,,,1,0,https://sbg.colorado.gov/sites/sbg/files/documents/HB%2021-1292%20Report%20February%202026.pdf,https://sbg.colorado.gov/sports-betting-monthly-reports,CO/screenshots/CO_2026_02_CO_2026_02_summary_p1.png,,,2026-04-08T18:30:16.510517
CO,2026-02-01,2026-02-28,monthly,ALL,TOTAL,TOTAL,,online,basketball,18965185997,,,,,,,,,28,False,False,CO_2026_02_hb1292.pdf,,,,1,0,https://sbg.colorado.gov/sites/sbg/files/documents/HB%2021-1292%20Report%20February%202026.pdf,https://sbg.colorado.gov/sports-betting-monthly-reports,CO/screenshots/CO_2026_02_CO_2026_02_summary_p1.png,,,2026-04-08T18:30:16.510517
CO,2026-01-01,2026-01-31,monthly,ALL,TOTAL,TOTAL,,online,soccer,2380044900,,196118133,,,2183926767,,,,31,False,False,CO_2026_01_hb1292.pdf,,,,1,0,https://sbg.colorado.gov/sites/sbg/files/documents/HB%2021-1292%20Report%20January%202026.pdf,https://sbg.colorado.gov/sports-betting-monthly-reports,CO/screenshots/CO_2026_01_CO_2026_01_summary_p1.png,,,2026-04-08T18:30:11.980273
CO,2026-02-01,2026-02-28,monthly,ALL,TOTAL,TOTAL,,online,tennis,3368444457,,,,,,,,,28,False,False,CO_2026_02_hb1292.pdf,,,,1,0,https://sbg.colorado.gov/sites/sbg/files/documents/HB%2021-1292%20Report%20February%202026.pdf,https://sbg.colorado.gov/sports-betting-monthly-reports,CO/screenshots/CO_2026_02_CO_2026_02_summary_p1.png,,,2026-04-08T18:30:16.510517
CO,2026-02-01,2026-02-28,monthly,ALL,TOTAL,TOTAL,,online,soccer,2510356934,,,,,,,,,28,False,False,CO_2026_02_hb1292.pdf,,,,1,0,https://sbg.colorado.gov/sites/sbg/files/documents/HB%2021-1292%20Report%20February%202026.pdf,https://sbg.colorado.gov/sports-betting-monthly-reports,CO/screenshots/CO_2026_02_CO_2026_02_summary_p1.png,,,2026-04-08T18:30:16.510517
CO,2026-02-01,2026-02-28,monthly,ALL,TOTAL,TOTAL,,online,table_tennis,2501370053,,,,,,,,,28,False,False,CO_2026_02_hb1292.pdf,,,,1,0,https://sbg.colorado.gov/sites/sbg/files/documents/HB%2021-1292%20Report%20February%202026.pdf,https://sbg.colorado.gov/sports-betting-monthly-reports,CO/screenshots/CO_2026_02_CO_2026_02_summary_p1.png,,,2026-04-08T18:30:16.510517
CO,2026-02-01,2026-02-28,monthly,ALL,TOTAL,TOTAL,,online,football,2056324294,,,,,,,,,28,False,False,CO_2026_02_hb1292.pdf,,,,1,0,https://sbg.colorado.gov/sites/sbg/files/documents/HB%2021-1292%20Report%20February%202026.pdf,https://sbg.colorado.gov/sports-betting-monthly-reports,CO/screenshots/CO_2026_02_CO_2026_02_summary_p1.png,,,2026-04-08T18:30:16.510517
CO,2026-02-01,2026-02-28,monthly,ALL,TOTAL,TOTAL,,online,hockey,1313420806,,,,,,,,,28,False,False,CO_2026_02_hb1292.pdf,,,,1,0,https://sbg.colorado.gov/sites/sbg/files/documents/HB%2021-1292%20Report%20February%202026.pdf,https://sbg.colorado.gov/sports-betting-monthly-reports,CO/screenshots/CO_2026_02_CO_2026_02_summary_p1.png,,,2026-04-08T18:30:16.510517
CO,2026-02-01,2026-02-28,monthly,ALL,TOTAL,TOTAL,,online,other,1248420216,,,,,,,,,28,False,False,CO_2026_02_hb1292.pdf,,,,1,0,https://sbg.colorado.gov/sites/sbg/files/documents/HB%2021-1292%20Report%20February%202026.pdf,https://sbg.colorado.gov/sports-betting-monthly-reports,CO/screenshots/CO_2026_02_CO_2026_02_summary_p1.png,,,2026-04-08T18:30:16.510517
CO,2026-02-01,2026-02-28,monthly,ALL,TOTAL,TOTAL,,online,golf,638204715,,,,,,,,,28,False,False,CO_2026_02_hb1292.pdf,,,,1,0,https://sbg.colorado.gov/sites/sbg/files/documents/HB%2021-1292%20Report%20February%202026.pdf,https://sbg.colorado.gov/sports-betting-monthly-reports,CO/screenshots/CO_2026_02_CO_2026_02_summary_p1.png,,,2026-04-08T18:30:16.510517
CO,2026-01-01,2026-01-31,monthly,ALL,TOTAL,TOTAL,,retail,hockey,10269180,,-3234270,,,13503450,,,,31,False,False,CO_2026_01_hb1292.pdf,,,,1,0,https://sbg.colorado.gov/sites/sbg/files/documents/HB%2021-1292%20Report%20January%202026.pdf,https://sbg.colorado.gov/sports-betting-monthly-reports,CO/screenshots/CO_2026_01_CO_2026_01_summary_p1.png,,,2026-04-08T18:30:11.980273
CO,2026-01-01,2026-01-31,monthly,ALL,TOTAL,TOTAL,,retail,soccer,4574181,,83840,,,4490341,,,,31,False,False,CO_2026_01_hb1292.pdf,,,,1,0,https://sbg.colorado.gov/sites/sbg/files/documents/HB%2021-1292%20Report%20January%202026.pdf,https://sbg.colorado.gov/sports-betting-monthly-reports,CO/screenshots/CO_2026_01_CO_2026_01_summary_p1.png,,,2026-04-08T18:30:11.980273
CO,2025-12-01,2025-12-31,monthly,ALL,TOTAL,TOTAL,,retail,tennis,108637,,,,,,,,,31,False,False,CO_2025_12_hb1292.pdf,,,,1,0,https://sbg.colorado.gov/sites/sbg/files/documents/HB%2021-1292%20Report%20December%202025.pdf,https://sbg.colorado.gov/sports-betting-monthly-reports,CO/screenshots/CO_2025_12_CO_2025_12_summary_p1.png,,,2026-04-08T18:30:07.365260
CO,2026-01-01,2026-01-31,monthly,ALL,TOTAL,TOTAL,,retail,basketball,122344617,,4580733,,,117763884,,,,31,False,False,CO_2026_01_hb1292.pdf,,,,1,0,https://sbg.colorado.gov/sites/sbg/files/documents/HB%2021-1292%20Report%20January%202026.pdf,https://sbg.colorado.gov/sports-betting-monthly-reports,CO/screenshots/CO_2026_01_CO_2026_01_summary_p1.png,,,2026-04-08T18:30:11.980273
CO,2025-12-01,2025-12-31,monthly,ALL,TOTAL,TOTAL,,online,tennis,1436487136,,,,,,,,,31,False,False,CO_2025_12_hb1292.pdf,,,,1,0,https://sbg.colorado.gov/sites/sbg/files/documents/HB%2021-1292%20Report%20December%202025.pdf,https://sbg.colorado.gov/sports-betting-monthly-reports,CO/screenshots/CO_2025_12_CO_2025_12_summary_p1.png,,,2026-04-08T18:30:07.365260
CO,2025-12-01,2025-12-31,monthly,ALL,TOTAL,TOTAL,,retail,boxing,36305,,,,,,,,,31,False,False,CO_2025_12_hb1292.pdf,,,,1,0,https://sbg.colorado.gov/sites/sbg/files/documents/HB%2021-1292%20Report%20December%202025.pdf,https://sbg.colorado.gov/sports-betting-monthly-reports,CO/screenshots/CO_2025_12_CO_2025_12_summary_p1.png,,,2026-04-08T18:30:07.365260
CO,2025-12-01,2025-12-31,monthly,ALL,TOTAL,TOTAL,,online,boxing,216413376,,,,,,,,,31,False,False,CO_2025_12_hb1292.pdf,,,,1,0,https://sbg.colorado.gov/sites/sbg/files/documents/HB%2021-1292%20Report%20December%202025.pdf,https://sbg.colorado.gov/sports-betting-monthly-reports,CO/screenshots/CO_2025_12_CO_2025_12_summary_p1.png,,,2026-04-08T18:30:07.365260
CO,2025-12-01,2025-12-31,monthly,ALL,TOTAL,TOTAL,,retail,mma,1743275,,,,,,,,,31,False,False,CO_2025_12_hb1292.pdf,,,,1,0,https://sbg.colorado.gov/sites/sbg/files/documents/HB%2021-1292%20Report%20December%202025.pdf,https://sbg.colorado.gov/sports-betting-monthly-reports,CO/screenshots/CO_2025_12_CO_2025_12_summary_p1.png,,,2026-04-08T18:30:07.365260
CO,2025-12-01,2025-12-31,monthly,ALL,TOTAL,TOTAL,,online,mma,197639919,,,,,,,,,31,False,False,CO_2025_12_hb1292.pdf,,,,1,0,https://sbg.colorado.gov/sites/sbg/files/documents/HB%2021-1292%20Report%20December%202025.pdf,https://sbg.colorado.gov/sports-betting-monthly-reports,CO/screenshots/CO_2025_12_CO_2025_12_summary_p1.png,,,2026-04-08T18:30:07.365260
CO,2026-01-01,2026-01-31,monthly,ALL,TOTAL,TOTAL,,retail,,378792639,18814626,18814626,953189,17861437,359978013,2102746,,0.049669988439242085,31,False,False,CO_2026_01_hb1292.pdf,,,,1,0,https://sbg.colorado.gov/sites/sbg/files/documents/HB%2021-1292%20Report%20January%202026.pdf,https://sbg.colorado.gov/sports-betting-monthly-reports,CO/screenshots/CO_2026_01_CO_2026_01_summary_p1.png,,,2026-04-08T18:30:11.980273
CO,2026-01-01,2026-01-31,monthly,ALL,TOTAL,TOTAL,,online,,62643329663,5762004116,5762004116,769021525,4992982591,56881325547,500115465,,0.09198112787103814,31,False,False,CO_2026_01_hb1292.pdf,,,,1,0,https://sbg.colorado.gov/sites/sbg/files/documents/HB%2021-1292%20Report%20January%202026.pdf,https://sbg.colorado.gov/sports-betting-monthly-reports,CO/screenshots/CO_2026_01_CO_2026_01_summary_p1.png,,,2026-04-08T18:30:11.980273
CO,2026-01-01,2026-01-31,monthly,ALL,TOTAL,TOTAL,,online,basketball,16352087396,,860267739,,,15491819657,,,,31,False,False,CO_2026_01_hb1292.pdf,,,,1,0,https://sbg.colorado.gov/sites/sbg/files/documents/HB%2021-1292%20Report%20January%202026.pdf,https://sbg.colorado.gov/sports-betting-monthly-reports,CO/screenshots/CO_2026_01_CO_2026_01_summary_p1.png,,,2026-04-08T18:30:11.980273
CO,2026-01-01,2026-01-31,monthly,ALL,TOTAL,TOTAL,,online,tennis,2971583718,,261284554,,,2710299164,,,,31,False,False,CO_2026_01_hb1292.pdf,,,,1,0,https://sbg.colorado.gov/sites/sbg/files/documents/HB%2021-1292%20Report%20January%202026.pdf,https://sbg.colorado.gov/sports-betting-monthly-reports,CO/screenshots/CO_2026_01_CO_2026_01_summary_p1.png,,,2026-04-08T18:30:11.980273
CO,2026-01-01,2026-01-31,monthly,ALL,TOTAL,TOTAL,,retail,football,143685842,,5318476,,,138367366,,,,31,False,False,CO_2026_01_hb1292.pdf,,,,1,0,https://sbg.colorado.gov/sites/sbg/files/documents/HB%2021-1292%20Report%20January%202026.pdf,https://sbg.colorado.gov/sports-betting-monthly-reports,CO/screenshots/CO_2026_01_CO_2026_01_summary_p1.png,,,2026-04-08T18:30:11.980273
CO,2026-01-01,2026-01-31,monthly,ALL,TOTAL,TOTAL,,online,football,11832658437,,668736426,,,11163922011,,,,31,False,False,CO_2026_01_hb1292.pdf,,,,1,0,https://sbg.colorado.gov/sites/sbg/files/documents/HB%2021-1292%20Report%20January%202026.pdf,https://sbg.colorado.gov/sports-betting-monthly-reports,CO/screenshots/CO_2026_01_CO_2026_01_summary_p1.png,,,2026-04-08T18:30:11.980273
CO,2026-01-01,2026-01-31,monthly,ALL,TOTAL,TOTAL,,retail,other,13400654,,918214,,,12482440,,,,31,False,False,CO_2026_01_hb1292.pdf,,,,1,0,https://sbg.colorado.gov/sites/sbg/files/documents/HB%2021-1292%20Report%20January%202026.pdf,https://sbg.colorado.gov/sports-betting-monthly-reports,CO/screenshots/CO_2026_01_CO_2026_01_summary_p1.png,,,2026-04-08T18:30:11.980273
CO,2026-01-01,2026-01-31,monthly,ALL,TOTAL,TOTAL,,online,other,3673020942,,59957981,,,3613062961,,,,31,False,False,CO_2026_01_hb1292.pdf,,,,1,0,https://sbg.colorado.gov/sites/sbg/files/documents/HB%2021-1292%20Report%20January%202026.pdf,https://sbg.colorado.gov/sports-betting-monthly-reports,CO/screenshots/CO_2026_01_CO_2026_01_summary_p1.png,,,2026-04-08T18:30:11.980273
CO,2026-01-01,2026-01-31,monthly,ALL,TOTAL,TOTAL,,retail,table_tennis,531138,,484949,,,46189,,,,31,False,False,CO_2026_01_hb1292.pdf,,,,1,0,https://sbg.colorado.gov/sites/sbg/files/documents/HB%2021-1292%20Report%20January%202026.pdf,https://sbg.colorado.gov/sports-betting-monthly-reports,CO/screenshots/CO_2026_01_CO_2026_01_summary_p1.png,,,2026-04-08T18:30:11.980273
CO,2026-01-01,2026-01-31,monthly,ALL,TOTAL,TOTAL,,online,table_tennis,3464619961,,119004273,,,3345615688,,,,31,False,False,CO_2026_01_hb1292.pdf,,,,1,0,https://sbg.colorado.gov/sites/sbg/files/documents/HB%2021-1292%20Report%20January%202026.pdf,https://sbg.colorado.gov/sports-betting-monthly-reports,CO/screenshots/CO_2026_01_CO_2026_01_summary_p1.png,,,2026-04-08T18:30:11.980273
CO,2026-01-01,2026-01-31,monthly,ALL,TOTAL,TOTAL,,retail,tennis,1918808,,775826,,,1142982,,,,31,False,False,CO_2026_01_hb1292.pdf,,,,1,0,https://sbg.colorado.gov/sites/sbg/files/documents/HB%2021-1292%20Report%20January%202026.pdf,https://sbg.colorado.gov/sports-betting-monthly-reports,CO/screenshots/CO_2026_01_CO_2026_01_summary_p1.png,,,2026-04-08T18:30:11.980273
CO,2025-10-01,2025-10-31,monthly,ALL,TOTAL,TOTAL,,online,mma,378359094,,,,,,,,,31,False,False,CO_2025_10_hb1292.pdf,,,,1,0,https://sbg.colorado.gov/sites/sbg/files/documents/HB%2021-1292%20Report%20October%202025.pdf,https://sbg.colorado.gov/sports-betting-monthly-reports,CO/screenshots/CO_2025_10_CO_2025_10_summary_p1.png,,,2026-04-08T18:29:58.317465
CO,2025-10-01,2025-10-31,monthly,ALL,TOTAL,TOTAL,,online,hockey,1862550928,,,,,,,,,31,False,False,CO_2025_10_hb1292.pdf,,,,1,0,https://sbg.colorado.gov/sites/sbg/files/documents/HB%2021-1292%20Report%20October%202025.pdf,https://sbg.colorado.gov/sports-betting-monthly-reports,CO/screenshots/CO_2025_10_CO_2025_10_summary_p1.png,,,2026-04-08T18:29:58.317465
CO,2025-05-01,2025-05-31,monthly,ALL,TOTAL,TOTAL,,online,,49325385101,4902943279,4902943279,1166246457,3736696822,44422441822,358289119,,0.09939999999920122,31,False,False,CO_2025_05_hb1292.pdf,,,,1,0,https://sbg.colorado.gov/sites/sbg/files/documents/HB%2021-1292%20Report%20May%202025.pdf,https://sbg.colorado.gov/sports-betting-monthly-reports,CO/screenshots/CO_2025_05_CO_2025_05_summary_p1.png,,,2026-04-08T18:29:35.351282
CO,2025-08-01,2025-08-31,monthly,ALL,TOTAL,TOTAL,,online,basketball,5154754040,,,,,,,,,31,False,False,CO_2025_08_hb1292.pdf,,,,1,0,https://sbg.colorado.gov/sites/sbg/files/documents/HB%2021-1292%20Report%20August%202025.pdf,https://sbg.colorado.gov/sports-betting-monthly-reports,CO/screenshots/CO_2025_08_CO_2025_08_summary_p1.png,,,2026-04-08T18:29:49.579452
CO,2025-06-01,2025-06-30,monthly,ALL,TOTAL,TOTAL,,online,other,200845359,,,,,,,,,30,False,False,CO_2025_06_hb1292.pdf,,,,1,0,https://sbg.colorado.gov/sites/sbg/files/documents/HB%2021-1292%20Report%20June%202025.pdf,https://sbg.colorado.gov/sports-betting-monthly-reports,CO/screenshots/CO_2025_06_CO_2025_06_summary_p1.png,,,2026-04-08T18:29:39.579517
CO,2025-06-01,2025-06-30,monthly,ALL,TOTAL,TOTAL,,online,football,116301152,,,,,,,,,30,False,False,CO_2025_06_hb1292.pdf,,,,1,0,https://sbg.colorado.gov/sites/sbg/files/documents/HB%2021-1292%20Report%20June%202025.pdf,https://sbg.colorado.gov/sports-betting-monthly-reports,CO/screenshots/CO_2025_06_CO_2025_06_summary_p1.png,,,2026-04-08T18:29:39.579517
CO,2025-08-01,2025-08-31,monthly,ALL,TOTAL,TOTAL,,retail,,252421393,94257873,94257873,66586126,27671747,158163520,5009515,,0.37341475649015216,31,False,False,CO_2025_08_hb1292.pdf,,,,1,0,https://sbg.colorado.gov/sites/sbg/files/documents/HB%2021-1292%20Report%20August%202025.pdf,https://sbg.colorado.gov/sports-betting-monthly-reports,CO/screenshots/CO_2025_08_CO_2025_08_summary_p1.png,,,2026-04-08T18:29:49.579452
CO,2025-08-01,2025-08-31,monthly,ALL,TOTAL,TOTAL,,online,,41470263600,4709827474,4709827474,885800169,3824027305,36760436126,366574526,,0.11357119692868313,31,False,False,CO_2025_08_hb1292.pdf,,,,1,0,https://sbg.colorado.gov/sites/sbg/files/documents/HB%2021-1292%20Report%20August%202025.pdf,https://sbg.colorado.gov/sports-betting-monthly-reports,CO/screenshots/CO_2025_08_CO_2025_08_summary_p1.png,,,2026-04-08T18:29:49.579452
CO,2025-08-01,2025-08-31,monthly,ALL,TOTAL,TOTAL,,retail,baseball,94257873,,,,,,,,,31,False,False,CO_2025_08_hb1292.pdf,,,,1,0,https://sbg.colorado.gov/sites/sbg/files/documents/HB%2021-1292%20Report%20August%202025.pdf,https://sbg.colorado.gov/sports-betting-monthly-reports,CO/screenshots/CO_2025_08_CO_2025_08_summary_p1.png,,,2026-04-08T18:29:49.579452
CO,2025-08-01,2025-08-31,monthly,ALL,TOTAL,TOTAL,,online,baseball,10218254656,,,,,,,,,31,False,False,CO_2025_08_hb1292.pdf,,,,1,0,https://sbg.colorado.gov/sites/sbg/files/documents/HB%2021-1292%20Report%20August%202025.pdf,https://sbg.colorado.gov/sports-betting-monthly-reports,CO/screenshots/CO_2025_08_CO_2025_08_summary_p1.png,,,2026-04-08T18:29:49.579452
CO,2025-08-01,2025-08-31,monthly,ALL,TOTAL,TOTAL,,retail,basketball,27671747,,,,,,,,,31,False,False,CO_2025_08_hb1292.pdf,,,,1,0,https://sbg.colorado.gov/sites/sbg/files/documents/HB%2021-1292%20Report%20August%202025.pdf,https://sbg.colorado.gov/sports-betting-monthly-reports,CO/screenshots/CO_2025_08_CO_2025_08_summary_p1.png,,,2026-04-08T18:29:49.579452
CO,2025-08-01,2025-08-31,monthly,ALL,TOTAL,TOTAL,,retail,tennis,5009515,,,,,,,,,31,False,False,CO_2025_08_hb1292.pdf,,,,1,0,https://sbg.colorado.gov/sites/sbg/files/documents/HB%2021-1292%20Report%20August%202025.pdf,https://sbg.colorado.gov/sports-betting-monthly-reports,CO/screenshots/CO_2025_08_CO_2025_08_summary_p1.png,,,2026-04-08T18:29:49.579452
CO,2025-06-01,2025-06-30,monthly,ALL,TOTAL,TOTAL,,online,hockey,651813300,,,,,,,,,30,False,False,CO_2025_06_hb1292.pdf,,,,1,0,https://sbg.colorado.gov/sites/sbg/files/documents/HB%2021-1292%20Report%20June%202025.pdf,https://sbg.colorado.gov/sports-betting-monthly-reports,CO/screenshots/CO_2025_06_CO_2025_06_summary_p1.png,,,2026-04-08T18:29:39.579517
CO,2025-08-01,2025-08-31,monthly,ALL,TOTAL,TOTAL,,online,tennis,3784355921,,,,,,,,,31,False,False,CO_2025_08_hb1292.pdf,,,,1,0,https://sbg.colorado.gov/sites/sbg/files/documents/HB%2021-1292%20Report%20August%202025.pdf,https://sbg.colorado.gov/sports-betting-monthly-reports,CO/screenshots/CO_2025_08_CO_2025_08_summary_p1.png,,,2026-04-08T18:29:49.579452
CO,2025-08-01,2025-08-31,monthly,ALL,TOTAL,TOTAL,,retail,football,42468126,,,,,,,,,31,False,False,CO_2025_08_hb1292.pdf,,,,1,0,https://sbg.colorado.gov/sites/sbg/files/documents/HB%2021-1292%20Report%20August%202025.pdf,https://sbg.colorado.gov/sports-betting-monthly-reports,CO/screenshots/CO_2025_08_CO_2025_08_summary_p1.png,,,2026-04-08T18:29:49.579452
CO,2025-08-01,2025-08-31,monthly,ALL,TOTAL,TOTAL,,online,football,2858199160,,,,,,,,,31,False,False,CO_2025_08_hb1292.pdf,,,,1,0,https://sbg.colorado.gov/sites/sbg/files/documents/HB%2021-1292%20Report%20August%202025.pdf,https://sbg.colorado.gov/sports-betting-monthly-reports,CO/screenshots/CO_2025_08_CO_2025_08_summary_p1.png,,,2026-04-08T18:29:49.579452
CO,2025-08-01,2025-08-31,monthly,ALL,TOTAL,TOTAL,,retail,soccer,6388280,,,,,,,,,31,False,False,CO_2025_08_hb1292.pdf,,,,1,0,https://sbg.colorado.gov/sites/sbg/files/documents/HB%2021-1292%20Report%20August%202025.pdf,https://sbg.colorado.gov/sports-betting-monthly-reports,CO/screenshots/CO_2025_08_CO_2025_08_summary_p1.png,,,2026-04-08T18:29:49.579452
CO,2025-08-01,2025-08-31,monthly,ALL,TOTAL,TOTAL,,online,soccer,2823359546,,,,,,,,,31,False,False,CO_2025_08_hb1292.pdf,,,,1,0,https://sbg.colorado.gov/sites/sbg/files/documents/HB%2021-1292%20Report%20August%202025.pdf,https://sbg.colorado.gov/sports-betting-monthly-reports,CO/screenshots/CO_2025_08_CO_2025_08_summary_p1.png,,,2026-04-08T18:29:49.579452
CO,2025-08-01,2025-08-31,monthly,ALL,TOTAL,TOTAL,,retail,table_tennis,122908,,,,,,,,,31,False,False,CO_2025_08_hb1292.pdf,,,,1,0,https://sbg.colorado.gov/sites/sbg/files/documents/HB%2021-1292%20Report%20August%202025.pdf,https://sbg.colorado.gov/sports-betting-monthly-reports,CO/screenshots/CO_2025_08_CO_2025_08_summary_p1.png,,,2026-04-08T18:29:49.579452
CO,2025-08-01,2025-08-31,monthly,ALL,TOTAL,TOTAL,,online,table_tennis,2390931105,,,,,,,,,31,False,False,CO_2025_08_hb1292.pdf,,,,1,0,https://sbg.colorado.gov/sites/sbg/files/documents/HB%2021-1292%20Report%20August%202025.pdf,https://sbg.colorado.gov/sports-betting-monthly-reports,CO/screenshots/CO_2025_08_CO_2025_08_summary_p1.png,,,2026-04-08T18:29:49.579452
CO,2025-06-01,2025-06-30,monthly,ALL,TOTAL,TOTAL,,online,mma,542913310,,,,,,,,,30,False,False,CO_2025_06_hb1292.pdf,,,,1,0,https://sbg.colorado.gov/sites/sbg/files/documents/HB%2021-1292%20Report%20June%202025.pdf,https://sbg.colorado.gov/sports-betting-monthly-reports,CO/screenshots/CO_2025_06_CO_2025_06_summary_p1.png,,,2026-04-08T18:29:39.579517
CO,2025-06-01,2025-06-30,monthly,ALL,TOTAL,TOTAL,,online,golf,846792742,,,,,,,,,30,False,False,CO_2025_06_hb1292.pdf,,,,1,0,https://sbg.colorado.gov/sites/sbg/files/documents/HB%2021-1292%20Report%20June%202025.pdf,https://sbg.colorado.gov/sports-betting-monthly-reports,CO/screenshots/CO_2025_06_CO_2025_06_summary_p1.png,,,2026-04-08T18:29:39.579517
CO,2025-08-01,2025-08-31,monthly,ALL,TOTAL,TOTAL,,online,other,2033005784,,,,,,,,,31,False,False,CO_2025_08_hb1292.pdf,,,,1,0,https://sbg.colorado.gov/sites/sbg/files/documents/HB%2021-1292%20Report%20August%202025.pdf,https://sbg.colorado.gov/sports-betting-monthly-reports,CO/screenshots/CO_2025_08_CO_2025_08_summary_p1.png,,,2026-04-08T18:29:49.579452
CO,2025-05-01,2025-05-31,monthly,ALL,TOTAL,TOTAL,,online,mma,334733906,,,,,,,,,31,False,False,CO_2025_05_hb1292.pdf,,,,1,0,https://sbg.colorado.gov/sites/sbg/files/documents/HB%2021-1292%20Report%20May%202025.pdf,https://sbg.colorado.gov/sports-betting-monthly-reports,CO/screenshots/CO_2025_05_CO_2025_05_summary_p1.png,,,2026-04-08T18:29:35.351282
CO,2025-05-01,2025-05-31,monthly,ALL,TOTAL,TOTAL,,online,basketball,14398667076,,,,,,,,,31,False,False,CO_2025_05_hb1292.pdf,,,,1,0,https://sbg.colorado.gov/sites/sbg/files/documents/HB%2021-1292%20Report%20May%202025.pdf,https://sbg.colorado.gov/sports-betting-monthly-reports,CO/screenshots/CO_2025_05_CO_2025_05_summary_p1.png,,,2026-04-08T18:29:35.351282
CO,2025-05-01,2025-05-31,monthly,ALL,TOTAL,TOTAL,,online,baseball,9490965223,,,,,,,,,31,False,False,CO_2025_05_hb1292.pdf,,,,1,0,https://sbg.colorado.gov/sites/sbg/files/documents/HB%2021-1292%20Report%20May%202025.pdf,https://sbg.colorado.gov/sports-betting-monthly-reports,CO/screenshots/CO_2025_05_CO_2025_05_summary_p1.png,,,2026-04-08T18:29:35.351282
CO,2025-05-01,2025-05-31,monthly,ALL,TOTAL,TOTAL,,online,table_tennis,3245277487,,,,,,,,,31,False,False,CO_2025_05_hb1292.pdf,,,,1,0,https://sbg.colorado.gov/sites/sbg/files/documents/HB%2021-1292%20Report%20May%202025.pdf,https://sbg.colorado.gov/sports-betting-monthly-reports,CO/screenshots/CO_2025_05_CO_2025_05_summary_p1.png,,,2026-04-08T18:29:35.351282
CO,2025-05-01,2025-05-31,monthly,ALL,TOTAL,TOTAL,,online,tennis,2884955281,,,,,,,,,31,False,False,CO_2025_05_hb1292.pdf,,,,1,0,https://sbg.colorado.gov/sites/sbg/files/documents/HB%2021-1292%20Report%20May%202025.pdf,https://sbg.colorado.gov/sports-betting-monthly-reports,CO/screenshots/CO_2025_05_CO_2025_05_summary_p1.png,,,2026-04-08T18:29:35.351282
CO,2025-05-01,2025-05-31,monthly,ALL,TOTAL,TOTAL,,online,soccer,2748758984,,,,,,,,,31,False,False,CO_2025_05_hb1292.pdf,,,,1,0,https://sbg.colorado.gov/sites/sbg/files/documents/HB%2021-1292%20Report%20May%202025.pdf,https://sbg.colorado.gov/sports-betting-monthly-reports,CO/screenshots/CO_2025_05_CO_2025_05_summary_p1.png,,,2026-04-08T18:29:35.351282
CO,2025-05-01,2025-05-31,monthly,ALL,TOTAL,TOTAL,,online,hockey,1786871109,,,,,,,,,31,False,False,CO_2025_05_hb1292.pdf,,,,1,0,https://sbg.colorado.gov/sites/sbg/files/documents/HB%2021-1292%20Report%20May%202025.pdf,https://sbg.colorado.gov/sports-betting-monthly-reports,CO/screenshots/CO_2025_05_CO_2025_05_summary_p1.png,,,2026-04-08T18:29:35.351282
CO,2025-05-01,2025-05-31,monthly,ALL,TOTAL,TOTAL,,online,golf,708222443,,,,,,,,,31,False,False,CO_2025_05_hb1292.pdf,,,,1,0,https://sbg.colorado.gov/sites/sbg/files/documents/HB%2021-1292%20Report%20May%202025.pdf,https://sbg.colorado.gov/sports-betting-monthly-reports,CO/screenshots/CO_2025_05_CO_2025_05_summary_p1.png,,,2026-04-08T18:29:35.351282
CO,2025-05-01,2025-05-31,monthly,ALL,TOTAL,TOTAL,,online,cricket,118938563,,,,,,,,,31,False,False,CO_2025_05_hb1292.pdf,,,,1,0,https://sbg.colorado.gov/sites/sbg/files/documents/HB%2021-1292%20Report%20May%202025.pdf,https://sbg.colorado.gov/sports-betting-monthly-reports,CO/screenshots/CO_2025_05_CO_2025_05_summary_p1.png,,,2026-04-08T18:29:35.351282
CO,2025-06-01,2025-06-30,monthly,ALL,TOTAL,TOTAL,,online,soccer,2172822893,,,,,,,,,30,False,False,CO_2025_06_hb1292.pdf,,,,1,0,https://sbg.colorado.gov/sites/sbg/files/documents/HB%2021-1292%20Report%20June%202025.pdf,https://sbg.colorado.gov/sports-betting-monthly-reports,CO/screenshots/CO_2025_06_CO_2025_06_summary_p1.png,,,2026-04-08T18:29:39.579517
CO,2025-05-01,2025-05-31,monthly,ALL,TOTAL,TOTAL,,online,other,113036463,,,,,,,,,31,False,False,CO_2025_05_hb1292.pdf,,,,1,0,https://sbg.colorado.gov/sites/sbg/files/documents/HB%2021-1292%20Report%20May%202025.pdf,https://sbg.colorado.gov/sports-betting-monthly-reports,CO/screenshots/CO_2025_05_CO_2025_05_summary_p1.png,,,2026-04-08T18:29:35.351282
CO,2025-06-01,2025-06-30,monthly,ALL,TOTAL,TOTAL,,retail,,181917404,58187346,58187346,745102,57442244,123730058,598306,,0.31985585062548494,30,False,False,CO_2025_06_hb1292.pdf,,,,1,0,https://sbg.colorado.gov/sites/sbg/files/documents/HB%2021-1292%20Report%20June%202025.pdf,https://sbg.colorado.gov/sports-betting-monthly-reports,CO/screenshots/CO_2025_06_CO_2025_06_summary_p1.png,,,2026-04-08T18:29:39.579517
CO,2025-06-01,2025-06-30,monthly,ALL,TOTAL,TOTAL,,online,,37067429145,23140396,23140396,,3961722584,37044288749,22688889,,0.0006242784172994472,30,False,False,CO_2025_06_hb1292.pdf,,,,1,0,https://sbg.colorado.gov/sites/sbg/files/documents/HB%2021-1292%20Report%20June%202025.pdf,https://sbg.colorado.gov/sports-betting-monthly-reports,CO/screenshots/CO_2025_06_CO_2025_06_summary_p1.png,,,2026-04-08T18:29:39.579517
CO,2025-06-01,2025-06-30,monthly,ALL,TOTAL,TOTAL,,online,baseball,9622276905,,,,,,,,,30,False,False,CO_2025_06_hb1292.pdf,,,,1,0,https://sbg.colorado.gov/sites/sbg/files/documents/HB%2021-1292%20Report%20June%202025.pdf,https://sbg.colorado.gov/sports-betting-monthly-reports,CO/screenshots/CO_2025_06_CO_2025_06_summary_p1.png,,,2026-04-08T18:29:39.579517
CO,2025-06-01,2025-06-30,monthly,ALL,TOTAL,TOTAL,,online,basketball,7126178820,,,,,,,,,30,False,False,CO_2025_06_hb1292.pdf,,,,1,0,https://sbg.colorado.gov/sites/sbg/files/documents/HB%2021-1292%20Report%20June%202025.pdf,https://sbg.colorado.gov/sports-betting-monthly-reports,CO/screenshots/CO_2025_06_CO_2025_06_summary_p1.png,,,2026-04-08T18:29:39.579517
CO,2025-06-01,2025-06-30,monthly,ALL,TOTAL,TOTAL,,online,table_tennis,3004315196,,,,,,,,,30,False,False,CO_2025_06_hb1292.pdf,,,,1,0,https://sbg.colorado.gov/sites/sbg/files/documents/HB%2021-1292%20Report%20June%202025.pdf,https://sbg.colorado.gov/sports-betting-monthly-reports,CO/screenshots/CO_2025_06_CO_2025_06_summary_p1.png,,,2026-04-08T18:29:39.579517
CO,2025-06-01,2025-06-30,monthly,ALL,TOTAL,TOTAL,,online,tennis,2781697919,,,,,,,,,30,False,False,CO_2025_06_hb1292.pdf,,,,1,0,https://sbg.colorado.gov/sites/sbg/files/documents/HB%2021-1292%20Report%20June%202025.pdf,https://sbg.colorado.gov/sports-betting-monthly-reports,CO/screenshots/CO_2025_06_CO_2025_06_summary_p1.png,,,2026-04-08T18:29:39.579517
CO,2025-08-01,2025-08-31,monthly,ALL,TOTAL,TOTAL,,retail,other,20661551,,,,,,,,,31,False,False,CO_2025_08_hb1292.pdf,,,,1,0,https://sbg.colorado.gov/sites/sbg/files/documents/HB%2021-1292%20Report%20August%202025.pdf,https://sbg.colorado.gov/sports-betting-monthly-reports,CO/screenshots/CO_2025_08_CO_2025_08_summary_p1.png,,,2026-04-08T18:29:49.579452
CO,2025-08-01,2025-08-31,monthly,ALL,TOTAL,TOTAL,,retail,golf,559439,,,,,,,,,31,False,False,CO_2025_08_hb1292.pdf,,,,1,0,https://sbg.colorado.gov/sites/sbg/files/documents/HB%2021-1292%20Report%20August%202025.pdf,https://sbg.colorado.gov/sports-betting-monthly-reports,CO/screenshots/CO_2025_08_CO_2025_08_summary_p1.png,,,2026-04-08T18:29:49.579452
CO,2025-10-01,2025-10-31,monthly,ALL,TOTAL,TOTAL,,retail,hockey,14601311,,,,,,,,,31,False,False,CO_2025_10_hb1292.pdf,,,,1,0,https://sbg.colorado.gov/sites/sbg/files/documents/HB%2021-1292%20Report%20October%202025.pdf,https://sbg.colorado.gov/sports-betting-monthly-reports,CO/screenshots/CO_2025_10_CO_2025_10_summary_p1.png,,,2026-04-08T18:29:58.317465
CO,2025-10-01,2025-10-31,monthly,ALL,TOTAL,TOTAL,,online,baseball,4147734354,,,,,,,,,31,False,False,CO_2025_10_hb1292.pdf,,,,1,0,https://sbg.colorado.gov/sites/sbg/files/documents/HB%2021-1292%20Report%20October%202025.pdf,https://sbg.colorado.gov/sports-betting-monthly-reports,CO/screenshots/CO_2025_10_CO_2025_10_summary_p1.png,,,2026-04-08T18:29:58.317465
CO,2025-10-01,2025-10-31,monthly,ALL,TOTAL,TOTAL,,retail,,412601791,202895086,202895086,169562416,33332670,209706705,39657188,,0.4917455290444922,31,False,False,CO_2025_10_hb1292.pdf,,,,1,0,https://sbg.colorado.gov/sites/sbg/files/documents/HB%2021-1292%20Report%20October%202025.pdf,https://sbg.colorado.gov/sports-betting-monthly-reports,CO/screenshots/CO_2025_10_CO_2025_10_summary_p1.png,,,2026-04-08T18:29:58.317465
CO,2025-10-01,2025-10-31,monthly,ALL,TOTAL,TOTAL,,online,,67641409464,6204682585,6204682585,1467499503,4737183082,61436726879,474620467,,0.09172905523653001,31,False,False,CO_2025_10_hb1292.pdf,,,,1,0,https://sbg.colorado.gov/sites/sbg/files/documents/HB%2021-1292%20Report%20October%202025.pdf,https://sbg.colorado.gov/sports-betting-monthly-reports,CO/screenshots/CO_2025_10_CO_2025_10_summary_p1.png,,,2026-04-08T18:29:58.317465
CO,2025-10-01,2025-10-31,monthly,ALL,TOTAL,TOTAL,,retail,football,202895086,,,,,,,,,31,False,False,CO_2025_10_hb1292.pdf,,,,1,0,https://sbg.colorado.gov/sites/sbg/files/documents/HB%2021-1292%20Report%20October%202025.pdf,https://sbg.colorado.gov/sports-betting-monthly-reports,CO/screenshots/CO_2025_10_CO_2025_10_summary_p1.png,,,2026-04-08T18:29:58.317465
CO,2025-10-01,2025-10-31,monthly,ALL,TOTAL,TOTAL,,online,football,17409610243,,,,,,,,,31,False,False,CO_2025_10_hb1292.pdf,,,,1,0,https://sbg.colorado.gov/sites/sbg/files/documents/HB%2021-1292%20Report%20October%202025.pdf,https://sbg.colorado.gov/sports-betting-monthly-reports,CO/screenshots/CO_2025_10_CO_2025_10_summary_p1.png,,,2026-04-08T18:29:58.317465
CO,2025-10-01,2025-10-31,monthly,ALL,TOTAL,TOTAL,,retail,basketball,33332670,,,,,,,,,31,False,False,CO_2025_10_hb1292.pdf,,,,1,0,https://sbg.colorado.gov/sites/sbg/files/documents/HB%2021-1292%20Report%20October%202025.pdf,https://sbg.colorado.gov/sports-betting-monthly-reports,CO/screenshots/CO_2025_10_CO_2025_10_summary_p1.png,,,2026-04-08T18:29:58.317465
CO,2025-10-01,2025-10-31,monthly,ALL,TOTAL,TOTAL,,online,basketball,9504579174,,,,,,,,,31,False,False,CO_2025_10_hb1292.pdf,,,,1,0,https://sbg.colorado.gov/sites/sbg/files/documents/HB%2021-1292%20Report%20October%202025.pdf,https://sbg.colorado.gov/sports-betting-monthly-reports,CO/screenshots/CO_2025_10_CO_2025_10_summary_p1.png,,,2026-04-08T18:29:58.317465
CO,2025-10-01,2025-10-31,monthly,ALL,TOTAL,TOTAL,,retail,baseball,39657188,,,,,,,,,31,False,False,CO_2025_10_hb1292.pdf,,,,1,0,https://sbg.colorado.gov/sites/sbg/files/documents/HB%2021-1292%20Report%20October%202025.pdf,https://sbg.colorado.gov/sports-betting-monthly-reports,CO/screenshots/CO_2025_10_CO_2025_10_summary_p1.png,,,2026-04-08T18:29:58.317465
CO,2025-10-01,2025-10-31,monthly,ALL,TOTAL,TOTAL,,retail,other,35978798,,,,,,,,,31,False,False,CO_2025_10_hb1292.pdf,,,,1,0,https://sbg.colorado.gov/sites/sbg/files/documents/HB%2021-1292%20Report%20October%202025.pdf,https://sbg.colorado.gov/sports-betting-monthly-reports,CO/screenshots/CO_2025_10_CO_2025_10_summary_p1.png,,,2026-04-08T18:29:58.317465
CO,2025-09-01,2025-09-30,monthly,ALL,TOTAL,TOTAL,,retail,other,37849833,,,,,,,,,30,False,False,CO_2025_09_hb1292.pdf,,,,1,0,https://sbg.colorado.gov/sites/sbg/files/documents/HB%2021-1292%20Report%20September%202025.pdf,https://sbg.colorado.gov/sports-betting-monthly-reports,CO/screenshots/CO_2025_09_CO_2025_09_summary_p1.png,,,2026-04-08T18:29:54.060494
CO,2025-10-01,2025-10-31,monthly,ALL,TOTAL,TOTAL,,online,other,4082177458,,,,,,,,,31,False,False,CO_2025_10_hb1292.pdf,,,,1,0,https://sbg.colorado.gov/sites/sbg/files/documents/HB%2021-1292%20Report%20October%202025.pdf,https://sbg.colorado.gov/sports-betting-monthly-reports,CO/screenshots/CO_2025_10_CO_2025_10_summary_p1.png,,,2026-04-08T18:29:58.317465
CO,2025-10-01,2025-10-31,monthly,ALL,TOTAL,TOTAL,,retail,tennis,665384,,,,,,,,,31,False,False,CO_2025_10_hb1292.pdf,,,,1,0,https://sbg.colorado.gov/sites/sbg/files/documents/HB%2021-1292%20Report%20October%202025.pdf,https://sbg.colorado.gov/sports-betting-monthly-reports,CO/screenshots/CO_2025_10_CO_2025_10_summary_p1.png,,,2026-04-08T18:29:58.317465
CO,2025-10-01,2025-10-31,monthly,ALL,TOTAL,TOTAL,,online,tennis,3258654746,,,,,,,,,31,False,False,CO_2025_10_hb1292.pdf,,,,1,0,https://sbg.colorado.gov/sites/sbg/files/documents/HB%2021-1292%20Report%20October%202025.pdf,https://sbg.colorado.gov/sports-betting-monthly-reports,CO/screenshots/CO_2025_10_CO_2025_10_summary_p1.png,,,2026-04-08T18:29:58.317465
CO,2025-10-01,2025-10-31,monthly,ALL,TOTAL,TOTAL,,retail,table_tennis,292654,,,,,,,,,31,False,False,CO_2025_10_hb1292.pdf,,,,1,0,https://sbg.colorado.gov/sites/sbg/files/documents/HB%2021-1292%20Report%20October%202025.pdf,https://sbg.colorado.gov/sports-betting-monthly-reports,CO/screenshots/CO_2025_10_CO_2025_10_summary_p1.png,,,2026-04-08T18:29:58.317465
CO,2025-10-01,2025-10-31,monthly,ALL,TOTAL,TOTAL,,online,table_tennis,3001761039,,,,,,,,,31,False,False,CO_2025_10_hb1292.pdf,,,,1,0,https://sbg.colorado.gov/sites/sbg/files/documents/HB%2021-1292%20Report%20October%202025.pdf,https://sbg.colorado.gov/sports-betting-monthly-reports,CO/screenshots/CO_2025_10_CO_2025_10_summary_p1.png,,,2026-04-08T18:29:58.317465
CO,2025-10-01,2025-10-31,monthly,ALL,TOTAL,TOTAL,,retail,soccer,7942649,,,,,,,,,31,False,False,CO_2025_10_hb1292.pdf,,,,1,0,https://sbg.colorado.gov/sites/sbg/files/documents/HB%2021-1292%20Report%20October%202025.pdf,https://sbg.colorado.gov/sports-betting-monthly-reports,CO/screenshots/CO_2025_10_CO_2025_10_summary_p1.png,,,2026-04-08T18:29:58.317465
CO,2025-10-01,2025-10-31,monthly,ALL,TOTAL,TOTAL,,online,soccer,2539907540,,,,,,,,,31,False,False,CO_2025_10_hb1292.pdf,,,,1,0,https://sbg.colorado.gov/sites/sbg/files/documents/HB%2021-1292%20Report%20October%202025.pdf,https://sbg.colorado.gov/sports-betting-monthly-reports,CO/screenshots/CO_2025_10_CO_2025_10_summary_p1.png,,,2026-04-08T18:29:58.317465
CO,2025-09-01,2025-09-30,monthly,ALL,TOTAL,TOTAL,,online,other,1192846190,,,,,,,,,30,False,False,CO_2025_09_hb1292.pdf,,,,1,0,https://sbg.colorado.gov/sites/sbg/files/documents/HB%2021-1292%20Report%20September%202025.pdf,https://sbg.colorado.gov/sports-betting-monthly-reports,CO/screenshots/CO_2025_09_CO_2025_09_summary_p1.png,,,2026-04-08T18:29:54.060494
CO,2025-09-01,2025-09-30,monthly,ALL,TOTAL,TOTAL,,online,soccer,2660926507,,,,,,,,,30,False,False,CO_2025_09_hb1292.pdf,,,,1,0,https://sbg.colorado.gov/sites/sbg/files/documents/HB%2021-1292%20Report%20September%202025.pdf,https://sbg.colorado.gov/sports-betting-monthly-reports,CO/screenshots/CO_2025_09_CO_2025_09_summary_p1.png,,,2026-04-08T18:29:54.060494
CO,2025-08-01,2025-08-31,monthly,ALL,TOTAL,TOTAL,,online,golf,722755322,,,,,,,,,31,False,False,CO_2025_08_hb1292.pdf,,,,1,0,https://sbg.colorado.gov/sites/sbg/files/documents/HB%2021-1292%20Report%20August%202025.pdf,https://sbg.colorado.gov/sports-betting-monthly-reports,CO/screenshots/CO_2025_08_CO_2025_08_summary_p1.png,,,2026-04-08T18:29:49.579452
CO,2025-09-01,2025-09-30,monthly,ALL,TOTAL,TOTAL,,online,football,19136044172,,,,,,,,,30,False,False,CO_2025_09_hb1292.pdf,,,,1,0,https://sbg.colorado.gov/sites/sbg/files/documents/HB%2021-1292%20Report%20September%202025.pdf,https://sbg.colorado.gov/sports-betting-monthly-reports,CO/screenshots/CO_2025_09_CO_2025_09_summary_p1.png,,,2026-04-08T18:29:54.060494
CO,2025-08-01,2025-08-31,monthly,ALL,TOTAL,TOTAL,,retail,mma,2384240,,,,,,,,,31,False,False,CO_2025_08_hb1292.pdf,,,,1,0,https://sbg.colorado.gov/sites/sbg/files/documents/HB%2021-1292%20Report%20August%202025.pdf,https://sbg.colorado.gov/sports-betting-monthly-reports,CO/screenshots/CO_2025_08_CO_2025_08_summary_p1.png,,,2026-04-08T18:29:49.579452
CO,2025-08-01,2025-08-31,monthly,ALL,TOTAL,TOTAL,,online,mma,402319803,,,,,,,,,31,False,False,CO_2025_08_hb1292.pdf,,,,1,0,https://sbg.colorado.gov/sites/sbg/files/documents/HB%2021-1292%20Report%20August%202025.pdf,https://sbg.colorado.gov/sports-betting-monthly-reports,CO/screenshots/CO_2025_08_CO_2025_08_summary_p1.png,,,2026-04-08T18:29:49.579452
CO,2025-08-01,2025-08-31,monthly,ALL,TOTAL,TOTAL,,retail,esports,7000,,,,,,,,,31,False,False,CO_2025_08_hb1292.pdf,,,,1,0,https://sbg.colorado.gov/sites/sbg/files/documents/HB%2021-1292%20Report%20August%202025.pdf,https://sbg.colorado.gov/sports-betting-monthly-reports,CO/screenshots/CO_2025_08_CO_2025_08_summary_p1.png,,,2026-04-08T18:29:49.579452
CO,2025-08-01,2025-08-31,monthly,ALL,TOTAL,TOTAL,,online,esports,94937356,,,,,,,,,31,False,False,CO_2025_08_hb1292.pdf,,,,1,0,https://sbg.colorado.gov/sites/sbg/files/documents/HB%2021-1292%20Report%20August%202025.pdf,https://sbg.colorado.gov/sports-betting-monthly-reports,CO/screenshots/CO_2025_08_CO_2025_08_summary_p1.png,,,2026-04-08T18:29:49.579452
CO,2025-09-01,2025-09-30,monthly,ALL,TOTAL,TOTAL,,retail,,455085628,203734201,203734201,123104890,80629311,251351427,13778672,,0.44768322369433294,30,False,False,CO_2025_09_hb1292.pdf,,,,1,0,https://sbg.colorado.gov/sites/sbg/files/documents/HB%2021-1292%20Report%20September%202025.pdf,https://sbg.colorado.gov/sports-betting-monthly-reports,CO/screenshots/CO_2025_09_CO_2025_09_summary_p1.png,,,2026-04-08T18:29:54.060494
CO,2025-09-01,2025-09-30,monthly,ALL,TOTAL,TOTAL,,online,,60421684885,4571204699,4571204699,1316814150,3254390549,55850480186,321208056,,0.07565503523611314,30,False,False,CO_2025_09_hb1292.pdf,,,,1,0,https://sbg.colorado.gov/sites/sbg/files/documents/HB%2021-1292%20Report%20September%202025.pdf,https://sbg.colorado.gov/sports-betting-monthly-reports,CO/screenshots/CO_2025_09_CO_2025_09_summary_p1.png,,,2026-04-08T18:29:54.060494
CO,2025-09-01,2025-09-30,monthly,ALL,TOTAL,TOTAL,,retail,football,203734201,,,,,,,,,30,False,False,CO_2025_09_hb1292.pdf,,,,1,0,https://sbg.colorado.gov/sites/sbg/files/documents/HB%2021-1292%20Report%20September%202025.pdf,https://sbg.colorado.gov/sports-betting-monthly-reports,CO/screenshots/CO_2025_09_CO_2025_09_summary_p1.png,,,2026-04-08T18:29:54.060494
CO,2025-09-01,2025-09-30,monthly,ALL,TOTAL,TOTAL,,retail,baseball,80629311,,,,,,,,,30,False,False,CO_2025_09_hb1292.pdf,,,,1,0,https://sbg.colorado.gov/sites/sbg/files/documents/HB%2021-1292%20Report%20September%202025.pdf,https://sbg.colorado.gov/sports-betting-monthly-reports,CO/screenshots/CO_2025_09_CO_2025_09_summary_p1.png,,,2026-04-08T18:29:54.060494
CO,2025-09-01,2025-09-30,monthly,ALL,TOTAL,TOTAL,,retail,soccer,14687304,,,,,,,,,30,False,False,CO_2025_09_hb1292.pdf,,,,1,0,https://sbg.colorado.gov/sites/sbg/files/documents/HB%2021-1292%20Report%20September%202025.pdf,https://sbg.colorado.gov/sports-betting-monthly-reports,CO/screenshots/CO_2025_09_CO_2025_09_summary_p1.png,,,2026-04-08T18:29:54.060494
CO,2025-09-01,2025-09-30,monthly,ALL,TOTAL,TOTAL,,online,baseball,7290741917,,,,,,,,,30,False,False,CO_2025_09_hb1292.pdf,,,,1,0,https://sbg.colorado.gov/sites/sbg/files/documents/HB%2021-1292%20Report%20September%202025.pdf,https://sbg.colorado.gov/sports-betting-monthly-reports,CO/screenshots/CO_2025_09_CO_2025_09_summary_p1.png,,,2026-04-08T18:29:54.060494
CO,2025-09-01,2025-09-30,monthly,ALL,TOTAL,TOTAL,,retail,basketball,13778672,,,,,,,,,30,False,False,CO_2025_09_hb1292.pdf,,,,1,0,https://sbg.colorado.gov/sites/sbg/files/documents/HB%2021-1292%20Report%20September%202025.pdf,https://sbg.colorado.gov/sports-betting-monthly-reports,CO/screenshots/CO_2025_09_CO_2025_09_summary_p1.png,,,2026-04-08T18:29:54.060494
CO,2025-09-01,2025-09-30,monthly,ALL,TOTAL,TOTAL,,online,basketball,4489668803,,,,,,,,,30,False,False,CO_2025_09_hb1292.pdf,,,,1,0,https://sbg.colorado.gov/sites/sbg/files/documents/HB%2021-1292%20Report%20September%202025.pdf,https://sbg.colorado.gov/sports-betting-monthly-reports,CO/screenshots/CO_2025_09_CO_2025_09_summary_p1.png,,,2026-04-08T18:29:54.060494
CO,2025-09-01,2025-09-30,monthly,ALL,TOTAL,TOTAL,,retail,table_tennis,2342744,,,,,,,,,30,False,False,CO_2025_09_hb1292.pdf,,,,1,0,https://sbg.colorado.gov/sites/sbg/files/documents/HB%2021-1292%20Report%20September%202025.pdf,https://sbg.colorado.gov/sports-betting-monthly-reports,CO/screenshots/CO_2025_09_CO_2025_09_summary_p1.png,,,2026-04-08T18:29:54.060494
CO,2025-09-01,2025-09-30,monthly,ALL,TOTAL,TOTAL,,online,table_tennis,3226929477,,,,,,,,,30,False,False,CO_2025_09_hb1292.pdf,,,,1,0,https://sbg.colorado.gov/sites/sbg/files/documents/HB%2021-1292%20Report%20September%202025.pdf,https://sbg.colorado.gov/sports-betting-monthly-reports,CO/screenshots/CO_2025_09_CO_2025_09_summary_p1.png,,,2026-04-08T18:29:54.060494
CO,2025-09-01,2025-09-30,monthly,ALL,TOTAL,TOTAL,,retail,tennis,3963008,,,,,,,,,30,False,False,CO_2025_09_hb1292.pdf,,,,1,0,https://sbg.colorado.gov/sites/sbg/files/documents/HB%2021-1292%20Report%20September%202025.pdf,https://sbg.colorado.gov/sports-betting-monthly-reports,CO/screenshots/CO_2025_09_CO_2025_09_summary_p1.png,,,2026-04-08T18:29:54.060494
CO,2025-09-01,2025-09-30,monthly,ALL,TOTAL,TOTAL,,online,tennis,3185120909,,,,,,,,,30,False,False,CO_2025_09_hb1292.pdf,,,,1,0,https://sbg.colorado.gov/sites/sbg/files/documents/HB%2021-1292%20Report%20September%202025.pdf,https://sbg.colorado.gov/sports-betting-monthly-reports,CO/screenshots/CO_2025_09_CO_2025_09_summary_p1.png,,,2026-04-08T18:29:54.060494
CO,2024-06-01,2024-06-30,monthly,ALL,TOTAL,TOTAL,,online,hockey,2652184409,,,,,,,,,30,False,False,CO_2024_06_hb1292.pdf,,,,1,0,https://sbg.colorado.gov/sites/sbg/files/documents/HB_21-1292_Report_June_2024.pdf,https://sbg.colorado.gov/sports-betting-monthly-reports,CO/screenshots/CO_2024_06_CO_2024_06_summary_p1.png,,,2026-04-08T18:28:45.858397
CO,2024-06-01,2024-06-30,monthly,ALL,TOTAL,TOTAL,,online,mma,2767096401,,,,,,,,,30,False,False,CO_2024_06_hb1292.pdf,,,,1,0,https://sbg.colorado.gov/sites/sbg/files/documents/HB_21-1292_Report_June_2024.pdf,https://sbg.colorado.gov/sports-betting-monthly-reports,CO/screenshots/CO_2024_06_CO_2024_06_summary_p1.png,,,2026-04-08T18:28:45.858397
CO,2024-06-01,2024-06-30,monthly,ALL,TOTAL,TOTAL,,online,other,41417061,,,,,,,,,30,False,False,CO_2024_06_hb1292.pdf,,,,1,0,https://sbg.colorado.gov/sites/sbg/files/documents/HB_21-1292_Report_June_2024.pdf,https://sbg.colorado.gov/sports-betting-monthly-reports,CO/screenshots/CO_2024_06_CO_2024_06_summary_p1.png,,,2026-04-08T18:28:45.858397
CO,2023-01-01,2023-01-31,monthly,ALL,TOTAL,TOTAL,,online,football,17695090210,,17276408180,,,418682030,,,,31,False,False,CO_2023_01_hb1292.pdf,,,,1,0,https://sbg.colorado.gov/sites/sbg/files/documents/HB%2021-1292%20Report%20January%202023.pdf,https://sbg.colorado.gov/sports-betting-monthly-reports,CO/screenshots/CO_2023_01_CO_2023_01_summary_p1.png,,,2026-04-08T18:27:28.497923
CO,2023-01-01,2023-01-31,monthly,ALL,TOTAL,TOTAL,,online,mma,9418114,,-17685672096,,,17695090210,,,,31,False,False,CO_2023_01_hb1292.pdf,,,,1,0,https://sbg.colorado.gov/sites/sbg/files/documents/HB%2021-1292%20Report%20January%202023.pdf,https://sbg.colorado.gov/sports-betting-monthly-reports,CO/screenshots/CO_2023_01_CO_2023_01_summary_p1.png,,,2026-04-08T18:27:28.497923
CO,2023-01-01,2023-01-31,monthly,ALL,TOTAL,TOTAL,,online,table_tennis,2240067830,,-9813078809,,,12053146639,,,,31,False,False,CO_2023_01_hb1292.pdf,,,,1,0,https://sbg.colorado.gov/sites/sbg/files/documents/HB%2021-1292%20Report%20January%202023.pdf,https://sbg.colorado.gov/sports-betting-monthly-reports,CO/screenshots/CO_2023_01_CO_2023_01_summary_p1.png,,,2026-04-08T18:27:28.497923
CO,2023-01-01,2023-01-31,monthly,ALL,TOTAL,TOTAL,,online,soccer,2555435,,-2901654361,,,2904209796,,,,31,False,False,CO_2023_01_hb1292.pdf,,,,1,0,https://sbg.colorado.gov/sites/sbg/files/documents/HB%2021-1292%20Report%20January%202023.pdf,https://sbg.colorado.gov/sports-betting-monthly-reports,CO/screenshots/CO_2023_01_CO_2023_01_summary_p1.png,,,2026-04-08T18:27:28.497923
CO,2023-01-01,2023-01-31,monthly,ALL,TOTAL,TOTAL,,online,hockey,256090258,,-1962473853,,,2218564111,,,,31,False,False,CO_2023_01_hb1292.pdf,,,,1,0,https://sbg.colorado.gov/sites/sbg/files/documents/HB%2021-1292%20Report%20January%202023.pdf,https://sbg.colorado.gov/sports-betting-monthly-reports,CO/screenshots/CO_2023_01_CO_2023_01_summary_p1.png,,,2026-04-08T18:27:28.497923
CO,2023-01-01,2023-01-31,monthly,ALL,TOTAL,TOTAL,,online,tennis,258645693,,-1358522502,,,1617168195,,,,31,False,False,CO_2023_01_hb1292.pdf,,,,1,0,https://sbg.colorado.gov/sites/sbg/files/documents/HB%2021-1292%20Report%20January%202023.pdf,https://sbg.colorado.gov/sports-betting-monthly-reports,CO/screenshots/CO_2023_01_CO_2023_01_summary_p1.png,,,2026-04-08T18:27:28.497923
CO,2023-01-01,2023-01-31,monthly,ALL,TOTAL,TOTAL,,online,other,105726010,,-516650039,,,622376049,,,,31,False,False,CO_2023_01_hb1292.pdf,,,,1,0,https://sbg.colorado.gov/sites/sbg/files/documents/HB%2021-1292%20Report%20January%202023.pdf,https://sbg.colorado.gov/sports-betting-monthly-reports,CO/screenshots/CO_2023_01_CO_2023_01_summary_p1.png,,,2026-04-08T18:27:28.497923
CO,2023-02-01,2023-02-28,monthly,ALL,TOTAL,TOTAL,,retail,,354236451,4994458,4994458,886177,4108281,349241993,1512978,,0.014099220974862353,28,False,False,CO_2023_02_hb1292.pdf,,,,1,0,https://sbg.colorado.gov/sites/sbg/files/documents/HB%2021-1292%20Report%20February%202023.pdf,https://sbg.colorado.gov/sports-betting-monthly-reports,CO/screenshots/CO_2023_02_CO_2023_02_summary_p1.png,,,2026-04-08T18:27:33.190762
CO,2023-01-01,2023-01-31,monthly,ALL,TOTAL,TOTAL,,retail,,494142949,10659215,10659215,1241101,9418114,483483734,2555435,,0.02157111625607755,31,False,False,CO_2023_01_hb1292.pdf,,,,1,0,https://sbg.colorado.gov/sites/sbg/files/documents/HB%2021-1292%20Report%20January%202023.pdf,https://sbg.colorado.gov/sports-betting-monthly-reports,CO/screenshots/CO_2023_01_CO_2023_01_summary_p1.png,,,2026-04-08T18:27:28.497923
CO,2023-02-01,2023-02-28,monthly,ALL,TOTAL,TOTAL,,online,,42160051212,2254965763,2254965763,1061912137,1193053626,39905085449,124220183,,0.05348584022493241,28,False,False,CO_2023_02_hb1292.pdf,,,,1,0,https://sbg.colorado.gov/sites/sbg/files/documents/HB%2021-1292%20Report%20February%202023.pdf,https://sbg.colorado.gov/sports-betting-monthly-reports,CO/screenshots/CO_2023_02_CO_2023_02_summary_p1.png,,,2026-04-08T18:27:33.190762
CO,2023-02-01,2023-02-28,monthly,ALL,TOTAL,TOTAL,,online,basketball,15469018942,,604775369,,,14864243573,,,,28,False,False,CO_2023_02_hb1292.pdf,,,,1,0,https://sbg.colorado.gov/sites/sbg/files/documents/HB%2021-1292%20Report%20February%202023.pdf,https://sbg.colorado.gov/sports-betting-monthly-reports,CO/screenshots/CO_2023_02_CO_2023_02_summary_p1.png,,,2026-04-08T18:27:33.190762
CO,2023-02-01,2023-02-28,monthly,ALL,TOTAL,TOTAL,,online,other,6708803328,,128849697,,,6579953631,,,,28,False,False,CO_2023_02_hb1292.pdf,,,,1,0,https://sbg.colorado.gov/sites/sbg/files/documents/HB%2021-1292%20Report%20February%202023.pdf,https://sbg.colorado.gov/sports-betting-monthly-reports,CO/screenshots/CO_2023_02_CO_2023_02_summary_p1.png,,,2026-04-08T18:27:33.190762
CO,2023-02-01,2023-02-28,monthly,ALL,TOTAL,TOTAL,,online,football,2664998957,,-365128141,,,3030127098,,,,28,False,False,CO_2023_02_hb1292.pdf,,,,1,0,https://sbg.colorado.gov/sites/sbg/files/documents/HB%2021-1292%20Report%20February%202023.pdf,https://sbg.colorado.gov/sports-betting-monthly-reports,CO/screenshots/CO_2023_02_CO_2023_02_summary_p1.png,,,2026-04-08T18:27:33.190762
CO,2023-02-01,2023-02-28,monthly,ALL,TOTAL,TOTAL,,online,tennis,2539351813,,227467016,,,2311884797,,,,28,False,False,CO_2023_02_hb1292.pdf,,,,1,0,https://sbg.colorado.gov/sites/sbg/files/documents/HB%2021-1292%20Report%20February%202023.pdf,https://sbg.colorado.gov/sports-betting-monthly-reports,CO/screenshots/CO_2023_02_CO_2023_02_summary_p1.png,,,2026-04-08T18:27:33.190762
CO,2023-02-01,2023-02-28,monthly,ALL,TOTAL,TOTAL,,online,hockey,2122475611,,118128880,,,2004346731,,,,28,False,False,CO_2023_02_hb1292.pdf,,,,1,0,https://sbg.colorado.gov/sites/sbg/files/documents/HB%2021-1292%20Report%20February%202023.pdf,https://sbg.colorado.gov/sports-betting-monthly-reports,CO/screenshots/CO_2023_02_CO_2023_02_summary_p1.png,,,2026-04-08T18:27:33.190762
CO,2023-02-01,2023-02-28,monthly,ALL,TOTAL,TOTAL,,online,soccer,1956060551,,103094316,,,1852966235,,,,28,False,False,CO_2023_02_hb1292.pdf,,,,1,0,https://sbg.colorado.gov/sites/sbg/files/documents/HB%2021-1292%20Report%20February%202023.pdf,https://sbg.colorado.gov/sports-betting-monthly-reports,CO/screenshots/CO_2023_02_CO_2023_02_summary_p1.png,,,2026-04-08T18:27:33.190762
CO,2023-01-01,2023-01-31,monthly,ALL,TOTAL,TOTAL,,online,,54224759549,3537596968,3537596968,1297529138,2240067830,50687162581,256090258,,0.06523951415226219,31,False,False,CO_2023_01_hb1292.pdf,,,,1,0,https://sbg.colorado.gov/sites/sbg/files/documents/HB%2021-1292%20Report%20January%202023.pdf,https://sbg.colorado.gov/sports-betting-monthly-reports,CO/screenshots/CO_2023_01_CO_2023_01_summary_p1.png,,,2026-04-08T18:27:28.497923
CO,2023-02-01,2023-02-28,monthly,ALL,TOTAL,TOTAL,,online,golf,556593662,,93812026,,,462781636,,,,28,False,False,CO_2023_02_hb1292.pdf,,,,1,0,https://sbg.colorado.gov/sites/sbg/files/documents/HB%2021-1292%20Report%20February%202023.pdf,https://sbg.colorado.gov/sports-betting-monthly-reports,CO/screenshots/CO_2023_02_CO_2023_02_summary_p1.png,,,2026-04-08T18:27:33.190762
CO,2022-12-01,2022-12-31,monthly,ALL,TOTAL,TOTAL,,online,,51427241644,4065732958,4065732958,1505468987,2560263971,47361508686,255989866,,0.07905796282337355,31,False,False,CO_2022_12_hb1292.pdf,,,,1,0,https://sbg.colorado.gov/sites/sbg/files/documents/HB%2021-1292%20Report%20December%202022%20%281%29.pdf,https://sbg.colorado.gov/sports-betting-monthly-reports,CO/screenshots/CO_2022_12_CO_2022_12_summary_p1.png,,,2026-04-08T18:27:23.742908
CO,2022-11-01,2022-11-30,monthly,ALL,TOTAL,TOTAL,,online,soccer,2752365735,,327499931,,,2424865804,,,,30,False,False,CO_2022_11_hb1292.pdf,,,,1,0,https://sbg.colorado.gov/sites/sbg/files/documents/HB%2021-1292%20Report%20November%202022.pdf,https://sbg.colorado.gov/sports-betting-monthly-reports,CO/screenshots/CO_2022_11_CO_2022_11_summary_p1.png,,,2026-04-08T18:27:18.912907
CO,2022-11-01,2022-11-30,monthly,ALL,TOTAL,TOTAL,,online,hockey,1935098869,,136747531,,,1798351338,,,,30,False,False,CO_2022_11_hb1292.pdf,,,,1,0,https://sbg.colorado.gov/sites/sbg/files/documents/HB%2021-1292%20Report%20November%202022.pdf,https://sbg.colorado.gov/sports-betting-monthly-reports,CO/screenshots/CO_2022_11_CO_2022_11_summary_p1.png,,,2026-04-08T18:27:18.912907
CO,2022-11-01,2022-11-30,monthly,ALL,TOTAL,TOTAL,,online,tennis,1864927322,,162569284,,,1702358038,,,,30,False,False,CO_2022_11_hb1292.pdf,,,,1,0,https://sbg.colorado.gov/sites/sbg/files/documents/HB%2021-1292%20Report%20November%202022.pdf,https://sbg.colorado.gov/sports-betting-monthly-reports,CO/screenshots/CO_2022_11_CO_2022_11_summary_p1.png,,,2026-04-08T18:27:18.912907
CO,2022-11-01,2022-11-30,monthly,ALL,TOTAL,TOTAL,,online,table_tennis,607145422,,44669995,,,562475427,,,,30,False,False,CO_2022_11_hb1292.pdf,,,,1,0,https://sbg.colorado.gov/sites/sbg/files/documents/HB%2021-1292%20Report%20November%202022.pdf,https://sbg.colorado.gov/sports-betting-monthly-reports,CO/screenshots/CO_2022_11_CO_2022_11_summary_p1.png,,,2026-04-08T18:27:18.912907
CO,2022-11-01,2022-11-30,monthly,ALL,TOTAL,TOTAL,,online,baseball,464720151,,-190389483,,,655109634,,,,30,False,False,CO_2022_11_hb1292.pdf,,,,1,0,https://sbg.colorado.gov/sites/sbg/files/documents/HB%2021-1292%20Report%20November%202022.pdf,https://sbg.colorado.gov/sports-betting-monthly-reports,CO/screenshots/CO_2022_11_CO_2022_11_summary_p1.png,,,2026-04-08T18:27:18.912907
CO,2022-11-01,2022-11-30,monthly,ALL,TOTAL,TOTAL,,online,mma,321477328,,-7896391,,,329373719,,,,30,False,False,CO_2022_11_hb1292.pdf,,,,1,0,https://sbg.colorado.gov/sites/sbg/files/documents/HB%2021-1292%20Report%20November%202022.pdf,https://sbg.colorado.gov/sports-betting-monthly-reports,CO/screenshots/CO_2022_11_CO_2022_11_summary_p1.png,,,2026-04-08T18:27:18.912907
CO,2022-12-01,2022-12-31,monthly,ALL,TOTAL,TOTAL,,retail,,-36641808107,25190829,25190829,954758,24236071,,2381274,,-0.000687488699423312,31,False,False,CO_2022_12_hb1292.pdf,,,,1,0,https://sbg.colorado.gov/sites/sbg/files/documents/HB%2021-1292%20Report%20December%202022%20%281%29.pdf,https://sbg.colorado.gov/sports-betting-monthly-reports,CO/screenshots/CO_2022_12_CO_2022_12_summary_p1.png,,,2026-04-08T18:27:23.742908
CO,2022-12-01,2022-12-31,monthly,ALL,TOTAL,TOTAL,,online,basketball,14709571632,,,,,,,,,31,False,False,CO_2022_12_hb1292.pdf,,,,1,0,https://sbg.colorado.gov/sites/sbg/files/documents/HB%2021-1292%20Report%20December%202022%20%281%29.pdf,https://sbg.colorado.gov/sports-betting-monthly-reports,CO/screenshots/CO_2022_12_CO_2022_12_summary_p1.png,,,2026-04-08T18:27:23.742908
CO,2022-12-01,2022-12-31,monthly,ALL,TOTAL,TOTAL,,online,mma,378888743,,,,,,,,,31,False,False,CO_2022_12_hb1292.pdf,,,,1,0,https://sbg.colorado.gov/sites/sbg/files/documents/HB%2021-1292%20Report%20December%202022%20%281%29.pdf,https://sbg.colorado.gov/sports-betting-monthly-reports,CO/screenshots/CO_2022_12_CO_2022_12_summary_p1.png,,,2026-04-08T18:27:23.742908
CO,2022-12-01,2022-12-31,monthly,ALL,TOTAL,TOTAL,,online,football,13578748122,,,,,,,,,31,False,False,CO_2022_12_hb1292.pdf,,,,1,0,https://sbg.colorado.gov/sites/sbg/files/documents/HB%2021-1292%20Report%20December%202022%20%281%29.pdf,https://sbg.colorado.gov/sports-betting-monthly-reports,CO/screenshots/CO_2022_12_CO_2022_12_summary_p1.png,,,2026-04-08T18:27:23.742908
CO,2022-12-01,2022-12-31,monthly,ALL,TOTAL,TOTAL,,online,other,3276654956,,,,,,,,,31,False,False,CO_2022_12_hb1292.pdf,,,,1,0,https://sbg.colorado.gov/sites/sbg/files/documents/HB%2021-1292%20Report%20December%202022%20%281%29.pdf,https://sbg.colorado.gov/sports-betting-monthly-reports,CO/screenshots/CO_2022_12_CO_2022_12_summary_p1.png,,,2026-04-08T18:27:23.742908
CO,2022-12-01,2022-12-31,monthly,ALL,TOTAL,TOTAL,,online,soccer,2531396023,,,,,,,,,31,False,False,CO_2022_12_hb1292.pdf,,,,1,0,https://sbg.colorado.gov/sites/sbg/files/documents/HB%2021-1292%20Report%20December%202022%20%281%29.pdf,https://sbg.colorado.gov/sports-betting-monthly-reports,CO/screenshots/CO_2022_12_CO_2022_12_summary_p1.png,,,2026-04-08T18:27:23.742908
CO,2022-12-01,2022-12-31,monthly,ALL,TOTAL,TOTAL,,online,hockey,1969425014,,,,,,,,,31,False,False,CO_2022_12_hb1292.pdf,,,,1,0,https://sbg.colorado.gov/sites/sbg/files/documents/HB%2021-1292%20Report%20December%202022%20%281%29.pdf,https://sbg.colorado.gov/sports-betting-monthly-reports,CO/screenshots/CO_2022_12_CO_2022_12_summary_p1.png,,,2026-04-08T18:27:23.742908
CO,2022-12-01,2022-12-31,monthly,ALL,TOTAL,TOTAL,,online,tennis,1036255861,,,,,,,,,31,False,False,CO_2022_12_hb1292.pdf,,,,1,0,https://sbg.colorado.gov/sites/sbg/files/documents/HB%2021-1292%20Report%20December%202022%20%281%29.pdf,https://sbg.colorado.gov/sports-betting-monthly-reports,CO/screenshots/CO_2022_12_CO_2022_12_summary_p1.png,,,2026-04-08T18:27:23.742908
CO,2022-12-01,2022-12-31,monthly,ALL,TOTAL,TOTAL,,online,table_tennis,514408302,,,,,,,,,31,False,False,CO_2022_12_hb1292.pdf,,,,1,0,https://sbg.colorado.gov/sites/sbg/files/documents/HB%2021-1292%20Report%20December%202022%20%281%29.pdf,https://sbg.colorado.gov/sports-betting-monthly-reports,CO/screenshots/CO_2022_12_CO_2022_12_summary_p1.png,,,2026-04-08T18:27:23.742908
CO,2023-02-01,2023-02-28,monthly,ALL,TOTAL,TOTAL,,online,table_tennis,635276012,,46154099,,,589121913,,,,28,False,False,CO_2023_02_hb1292.pdf,,,,1,0,https://sbg.colorado.gov/sites/sbg/files/documents/HB%2021-1292%20Report%20February%202023.pdf,https://sbg.colorado.gov/sports-betting-monthly-reports,CO/screenshots/CO_2023_02_CO_2023_02_summary_p1.png,,,2026-04-08T18:27:33.190762
CO,2023-02-01,2023-02-28,monthly,ALL,TOTAL,TOTAL,,online,mma,381140272,,55201748,,,325938524,,,,28,False,False,CO_2023_02_hb1292.pdf,,,,1,0,https://sbg.colorado.gov/sites/sbg/files/documents/HB%2021-1292%20Report%20February%202023.pdf,https://sbg.colorado.gov/sports-betting-monthly-reports,CO/screenshots/CO_2023_02_CO_2023_02_summary_p1.png,,,2026-04-08T18:27:33.190762
CO,2023-05-01,2023-05-31,monthly,ALL,TOTAL,TOTAL,,retail,,318741859,21643332,21643332,794618,20848714,297098527,1874479,,0.0679023836652719,31,False,False,CO_2023_05_hb1292.pdf,,,,1,0,https://sbg.colorado.gov/sites/sbg/files/documents/HB%2021-1292%20Report%20May%202023.pdf,https://sbg.colorado.gov/sports-betting-monthly-reports,CO/screenshots/CO_2023_05_CO_2023_05_summary_p1.png,,,2026-04-08T18:27:46.467998
CO,2023-04-01,2023-04-30,monthly,ALL,TOTAL,TOTAL,,online,tennis,1996349468,,,,,,,,,30,False,False,CO_2023_04_hb1292.pdf,,,,1,0,https://sbg.colorado.gov/sites/sbg/files/documents/HB%2021-1292%20Report%20April%202023%20v.2_0.pdf,https://sbg.colorado.gov/sports-betting-monthly-reports,CO/screenshots/CO_2023_04_CO_2023_04_summary_p1.png,,,2026-04-08T18:27:42.216689
CO,2023-04-01,2023-04-30,monthly,ALL,TOTAL,TOTAL,,online,table_tennis,1812099025,,,,,,,,,30,False,False,CO_2023_04_hb1292.pdf,,,,1,0,https://sbg.colorado.gov/sites/sbg/files/documents/HB%2021-1292%20Report%20April%202023%20v.2_0.pdf,https://sbg.colorado.gov/sports-betting-monthly-reports,CO/screenshots/CO_2023_04_CO_2023_04_summary_p1.png,,,2026-04-08T18:27:42.216689
CO,2023-04-01,2023-04-30,monthly,ALL,TOTAL,TOTAL,,online,other,1033648546,,,,,,,,,30,False,False,CO_2023_04_hb1292.pdf,,,,1,0,https://sbg.colorado.gov/sites/sbg/files/documents/HB%2021-1292%20Report%20April%202023%20v.2_0.pdf,https://sbg.colorado.gov/sports-betting-monthly-reports,CO/screenshots/CO_2023_04_CO_2023_04_summary_p1.png,,,2026-04-08T18:27:42.216689
CO,2023-04-01,2023-04-30,monthly,ALL,TOTAL,TOTAL,,online,mma,663542253,,,,,,,,,30,False,False,CO_2023_04_hb1292.pdf,,,,1,0,https://sbg.colorado.gov/sites/sbg/files/documents/HB%2021-1292%20Report%20April%202023%20v.2_0.pdf,https://sbg.colorado.gov/sports-betting-monthly-reports,CO/screenshots/CO_2023_04_CO_2023_04_summary_p1.png,,,2026-04-08T18:27:42.216689
CO,2023-04-01,2023-04-30,monthly,ALL,TOTAL,TOTAL,,online,boxing,541389894,,,,,,,,,30,False,False,CO_2023_04_hb1292.pdf,,,,1,0,https://sbg.colorado.gov/sites/sbg/files/documents/HB%2021-1292%20Report%20April%202023%20v.2_0.pdf,https://sbg.colorado.gov/sports-betting-monthly-reports,CO/screenshots/CO_2023_04_CO_2023_04_summary_p1.png,,,2026-04-08T18:27:42.216689
CO,2023-04-01,2023-04-30,monthly,ALL,TOTAL,TOTAL,,online,golf,491055326,,,,,,,,,30,False,False,CO_2023_04_hb1292.pdf,,,,1,0,https://sbg.colorado.gov/sites/sbg/files/documents/HB%2021-1292%20Report%20April%202023%20v.2_0.pdf,https://sbg.colorado.gov/sports-betting-monthly-reports,CO/screenshots/CO_2023_04_CO_2023_04_summary_p1.png,,,2026-04-08T18:27:42.216689
CO,2023-04-01,2023-04-30,monthly,ALL,TOTAL,TOTAL,,online,soccer,202022147,,,,,,,,,30,False,False,CO_2023_04_hb1292.pdf,,,,1,0,https://sbg.colorado.gov/sites/sbg/files/documents/HB%2021-1292%20Report%20April%202023%20v.2_0.pdf,https://sbg.colorado.gov/sports-betting-monthly-reports,CO/screenshots/CO_2023_04_CO_2023_04_summary_p1.png,,,2026-04-08T18:27:42.216689
CO,2023-05-01,2023-05-31,monthly,ALL,TOTAL,TOTAL,,online,,38205471700,3119046971,3119046971,937652771,2181394200,35086424729,219933930,,0.0816387504777228,31,False,False,CO_2023_05_hb1292.pdf,,,,1,0,https://sbg.colorado.gov/sites/sbg/files/documents/HB%2021-1292%20Report%20May%202023.pdf,https://sbg.colorado.gov/sports-betting-monthly-reports,CO/screenshots/CO_2023_05_CO_2023_05_summary_p1.png,,,2026-04-08T18:27:46.467998
CO,2023-04-01,2023-04-30,monthly,ALL,TOTAL,TOTAL,,online,baseball,8762568827,,,,,,,,,30,False,False,CO_2023_04_hb1292.pdf,,,,1,0,https://sbg.colorado.gov/sites/sbg/files/documents/HB%2021-1292%20Report%20April%202023%20v.2_0.pdf,https://sbg.colorado.gov/sports-betting-monthly-reports,CO/screenshots/CO_2023_04_CO_2023_04_summary_p1.png,,,2026-04-08T18:27:42.216689
CO,2023-05-01,2023-05-31,monthly,ALL,TOTAL,TOTAL,,online,basketball,12270418868,,490160550,,,11780258318,,,,31,False,False,CO_2023_05_hb1292.pdf,,,,1,0,https://sbg.colorado.gov/sites/sbg/files/documents/HB%2021-1292%20Report%20May%202023.pdf,https://sbg.colorado.gov/sports-betting-monthly-reports,CO/screenshots/CO_2023_05_CO_2023_05_summary_p1.png,,,2026-04-08T18:27:46.467998
CO,2023-05-01,2023-05-31,monthly,ALL,TOTAL,TOTAL,,online,baseball,9080437651,,-26005987078,,,35086424729,,,,31,False,False,CO_2023_05_hb1292.pdf,,,,1,0,https://sbg.colorado.gov/sites/sbg/files/documents/HB%2021-1292%20Report%20May%202023.pdf,https://sbg.colorado.gov/sports-betting-monthly-reports,CO/screenshots/CO_2023_05_CO_2023_05_summary_p1.png,,,2026-04-08T18:27:46.467998
CO,2023-05-01,2023-05-31,monthly,ALL,TOTAL,TOTAL,,online,tennis,2861836861,,,,,,,,,31,False,False,CO_2023_05_hb1292.pdf,,,,1,0,https://sbg.colorado.gov/sites/sbg/files/documents/HB%2021-1292%20Report%20May%202023.pdf,https://sbg.colorado.gov/sports-betting-monthly-reports,CO/screenshots/CO_2023_05_CO_2023_05_summary_p1.png,,,2026-04-08T18:27:46.467998
CO,2023-05-01,2023-05-31,monthly,ALL,TOTAL,TOTAL,,online,soccer,1786150963,,,,,,,,,31,False,False,CO_2023_05_hb1292.pdf,,,,1,0,https://sbg.colorado.gov/sites/sbg/files/documents/HB%2021-1292%20Report%20May%202023.pdf,https://sbg.colorado.gov/sports-betting-monthly-reports,CO/screenshots/CO_2023_05_CO_2023_05_summary_p1.png,,,2026-04-08T18:27:46.467998
CO,2023-05-01,2023-05-31,monthly,ALL,TOTAL,TOTAL,,online,hockey,1447666315,,,,,,,,,31,False,False,CO_2023_05_hb1292.pdf,,,,1,0,https://sbg.colorado.gov/sites/sbg/files/documents/HB%2021-1292%20Report%20May%202023.pdf,https://sbg.colorado.gov/sports-betting-monthly-reports,CO/screenshots/CO_2023_05_CO_2023_05_summary_p1.png,,,2026-04-08T18:27:46.467998
CO,2023-05-01,2023-05-31,monthly,ALL,TOTAL,TOTAL,,online,table_tennis,925602583,,,,,,,,,31,False,False,CO_2023_05_hb1292.pdf,,,,1,0,https://sbg.colorado.gov/sites/sbg/files/documents/HB%2021-1292%20Report%20May%202023.pdf,https://sbg.colorado.gov/sports-betting-monthly-reports,CO/screenshots/CO_2023_05_CO_2023_05_summary_p1.png,,,2026-04-08T18:27:46.467998
CO,2023-05-01,2023-05-31,monthly,ALL,TOTAL,TOTAL,,online,golf,712882885,,,,,,,,,31,False,False,CO_2023_05_hb1292.pdf,,,,1,0,https://sbg.colorado.gov/sites/sbg/files/documents/HB%2021-1292%20Report%20May%202023.pdf,https://sbg.colorado.gov/sports-betting-monthly-reports,CO/screenshots/CO_2023_05_CO_2023_05_summary_p1.png,,,2026-04-08T18:27:46.467998
CO,2023-04-01,2023-04-30,monthly,ALL,TOTAL,TOTAL,,online,hockey,3086135311,,,,,,,,,30,False,False,CO_2023_04_hb1292.pdf,,,,1,0,https://sbg.colorado.gov/sites/sbg/files/documents/HB%2021-1292%20Report%20April%202023%20v.2_0.pdf,https://sbg.colorado.gov/sports-betting-monthly-reports,CO/screenshots/CO_2023_04_CO_2023_04_summary_p1.png,,,2026-04-08T18:27:42.216689
CO,2023-04-01,2023-04-30,monthly,ALL,TOTAL,TOTAL,,online,basketball,13544714484,,,,,,,,,30,False,False,CO_2023_04_hb1292.pdf,,,,1,0,https://sbg.colorado.gov/sites/sbg/files/documents/HB%2021-1292%20Report%20April%202023%20v.2_0.pdf,https://sbg.colorado.gov/sports-betting-monthly-reports,CO/screenshots/CO_2023_04_CO_2023_04_summary_p1.png,,,2026-04-08T18:27:42.216689
CO,2023-02-01,2023-02-28,monthly,ALL,TOTAL,TOTAL,,online,boxing,130174855,,45212562,,,84962293,,,,28,False,False,CO_2023_02_hb1292.pdf,,,,1,0,https://sbg.colorado.gov/sites/sbg/files/documents/HB%2021-1292%20Report%20February%202023.pdf,https://sbg.colorado.gov/sports-betting-monthly-reports,CO/screenshots/CO_2023_02_CO_2023_02_summary_p1.png,,,2026-04-08T18:27:33.190762
CO,2023-03-01,2023-03-31,monthly,ALL,TOTAL,TOTAL,,online,hockey,2512247579,,,,,,,,,31,False,False,CO_2023_03_hb1292.pdf,,,,1,0,https://sbg.colorado.gov/sites/sbg/files/documents/HB%2021-1292%20Report%20March%202023.pdf,https://sbg.colorado.gov/sports-betting-monthly-reports,CO/screenshots/CO_2023_03_CO_2023_03_summary_p1.png,,,2026-04-08T18:27:37.890888
CO,2023-03-01,2023-03-31,monthly,ALL,TOTAL,TOTAL,,retail,,451213617,121439275,121439275,,197731906,329774342,14362523,,0.26913920685155207,31,False,False,CO_2023_03_hb1292.pdf,,,,1,0,https://sbg.colorado.gov/sites/sbg/files/documents/HB%2021-1292%20Report%20March%202023.pdf,https://sbg.colorado.gov/sports-betting-monthly-reports,CO/screenshots/CO_2023_03_CO_2023_03_summary_p1.png,,,2026-04-08T18:27:37.890888
CO,2023-03-01,2023-03-31,monthly,ALL,TOTAL,TOTAL,,online,,48992807342,4576322609,4576322609,1050841533,3525481076,44416484733,309957763,,0.0934080502277497,31,False,False,CO_2023_03_hb1292.pdf,,,,1,0,https://sbg.colorado.gov/sites/sbg/files/documents/HB%2021-1292%20Report%20March%202023.pdf,https://sbg.colorado.gov/sports-betting-monthly-reports,CO/screenshots/CO_2023_03_CO_2023_03_summary_p1.png,,,2026-04-08T18:27:37.890888
CO,2023-03-01,2023-03-31,monthly,ALL,TOTAL,TOTAL,,retail,basketball,17244292,,,,,,,,,31,False,False,CO_2023_03_hb1292.pdf,,,,1,0,https://sbg.colorado.gov/sites/sbg/files/documents/HB%2021-1292%20Report%20March%202023.pdf,https://sbg.colorado.gov/sports-betting-monthly-reports,CO/screenshots/CO_2023_03_CO_2023_03_summary_p1.png,,,2026-04-08T18:27:37.890888
CO,2023-03-01,2023-03-31,monthly,ALL,TOTAL,TOTAL,,online,basketball,19179304631,,,,,,,,,31,False,False,CO_2023_03_hb1292.pdf,,,,1,0,https://sbg.colorado.gov/sites/sbg/files/documents/HB%2021-1292%20Report%20March%202023.pdf,https://sbg.colorado.gov/sports-betting-monthly-reports,CO/screenshots/CO_2023_03_CO_2023_03_summary_p1.png,,,2026-04-08T18:27:37.890888
CO,2023-03-01,2023-03-31,monthly,ALL,TOTAL,TOTAL,,retail,other,16122034,,,,,,,,,31,False,False,CO_2023_03_hb1292.pdf,,,,1,0,https://sbg.colorado.gov/sites/sbg/files/documents/HB%2021-1292%20Report%20March%202023.pdf,https://sbg.colorado.gov/sports-betting-monthly-reports,CO/screenshots/CO_2023_03_CO_2023_03_summary_p1.png,,,2026-04-08T18:27:37.890888
CO,2023-03-01,2023-03-31,monthly,ALL,TOTAL,TOTAL,,retail,hockey,344663,,,,,,,,,31,False,False,CO_2023_03_hb1292.pdf,,,,1,0,https://sbg.colorado.gov/sites/sbg/files/documents/HB%2021-1292%20Report%20March%202023.pdf,https://sbg.colorado.gov/sports-betting-monthly-reports,CO/screenshots/CO_2023_03_CO_2023_03_summary_p1.png,,,2026-04-08T18:27:37.890888
CO,2023-03-01,2023-03-31,monthly,ALL,TOTAL,TOTAL,,online,tennis,2508098017,,,,,,,,,31,False,False,CO_2023_03_hb1292.pdf,,,,1,0,https://sbg.colorado.gov/sites/sbg/files/documents/HB%2021-1292%20Report%20March%202023.pdf,https://sbg.colorado.gov/sports-betting-monthly-reports,CO/screenshots/CO_2023_03_CO_2023_03_summary_p1.png,,,2026-04-08T18:27:37.890888
CO,2023-04-01,2023-04-30,monthly,ALL,TOTAL,TOTAL,,online,,41437617584,3492270759,3492270759,928422801,2563847958,37945346825,254601957,,0.08427778821793183,30,False,False,CO_2023_04_hb1292.pdf,,,,1,0,https://sbg.colorado.gov/sites/sbg/files/documents/HB%2021-1292%20Report%20April%202023%20v.2_0.pdf,https://sbg.colorado.gov/sports-betting-monthly-reports,CO/screenshots/CO_2023_04_CO_2023_04_summary_p1.png,,,2026-04-08T18:27:42.216689
CO,2023-03-01,2023-03-31,monthly,ALL,TOTAL,TOTAL,,online,soccer,1929717598,,,,,,,,,31,False,False,CO_2023_03_hb1292.pdf,,,,1,0,https://sbg.colorado.gov/sites/sbg/files/documents/HB%2021-1292%20Report%20March%202023.pdf,https://sbg.colorado.gov/sports-betting-monthly-reports,CO/screenshots/CO_2023_03_CO_2023_03_summary_p1.png,,,2026-04-08T18:27:37.890888
CO,2023-03-01,2023-03-31,monthly,ALL,TOTAL,TOTAL,,online,baseball,802721829,,,,,,,,,31,False,False,CO_2023_03_hb1292.pdf,,,,1,0,https://sbg.colorado.gov/sites/sbg/files/documents/HB%2021-1292%20Report%20March%202023.pdf,https://sbg.colorado.gov/sports-betting-monthly-reports,CO/screenshots/CO_2023_03_CO_2023_03_summary_p1.png,,,2026-04-08T18:27:37.890888
CO,2023-03-01,2023-03-31,monthly,ALL,TOTAL,TOTAL,,online,golf,718750172,,,,,,,,,31,False,False,CO_2023_03_hb1292.pdf,,,,1,0,https://sbg.colorado.gov/sites/sbg/files/documents/HB%2021-1292%20Report%20March%202023.pdf,https://sbg.colorado.gov/sports-betting-monthly-reports,CO/screenshots/CO_2023_03_CO_2023_03_summary_p1.png,,,2026-04-08T18:27:37.890888
CO,2023-03-01,2023-03-31,monthly,ALL,TOTAL,TOTAL,,online,table_tennis,658114566,,,,,,,,,31,False,False,CO_2023_03_hb1292.pdf,,,,1,0,https://sbg.colorado.gov/sites/sbg/files/documents/HB%2021-1292%20Report%20March%202023.pdf,https://sbg.colorado.gov/sports-betting-monthly-reports,CO/screenshots/CO_2023_03_CO_2023_03_summary_p1.png,,,2026-04-08T18:27:37.890888
CO,2023-03-01,2023-03-31,monthly,ALL,TOTAL,TOTAL,,online,mma,548364260,,,,,,,,,31,False,False,CO_2023_03_hb1292.pdf,,,,1,0,https://sbg.colorado.gov/sites/sbg/files/documents/HB%2021-1292%20Report%20March%202023.pdf,https://sbg.colorado.gov/sports-betting-monthly-reports,CO/screenshots/CO_2023_03_CO_2023_03_summary_p1.png,,,2026-04-08T18:27:37.890888
CO,2023-03-01,2023-03-31,monthly,ALL,TOTAL,TOTAL,,online,other,105314482,,,,,,,,,31,False,False,CO_2023_03_hb1292.pdf,,,,1,0,https://sbg.colorado.gov/sites/sbg/files/documents/HB%2021-1292%20Report%20March%202023.pdf,https://sbg.colorado.gov/sports-betting-monthly-reports,CO/screenshots/CO_2023_03_CO_2023_03_summary_p1.png,,,2026-04-08T18:27:37.890888
CO,2023-04-01,2023-04-30,monthly,ALL,TOTAL,TOTAL,,retail,,343797118,22588419,22588419,861856,21726563,321208699,3659529,,0.06570275845069766,30,False,False,CO_2023_04_hb1292.pdf,,,,1,0,https://sbg.colorado.gov/sites/sbg/files/documents/HB%2021-1292%20Report%20April%202023%20v.2_0.pdf,https://sbg.colorado.gov/sports-betting-monthly-reports,CO/screenshots/CO_2023_04_CO_2023_04_summary_p1.png,,,2026-04-08T18:27:42.216689
CO,2022-11-01,2022-11-30,monthly,ALL,TOTAL,TOTAL,,online,other,3863565510,,91423810,,,3772141700,,,,30,False,False,CO_2022_11_hb1292.pdf,,,,1,0,https://sbg.colorado.gov/sites/sbg/files/documents/HB%2021-1292%20Report%20November%202022.pdf,https://sbg.colorado.gov/sports-betting-monthly-reports,CO/screenshots/CO_2022_11_CO_2022_11_summary_p1.png,,,2026-04-08T18:27:18.912907
CO,2022-11-01,2022-11-30,monthly,ALL,TOTAL,TOTAL,,online,football,13403994907,,817307292,,,12586687615,,,,30,False,False,CO_2022_11_hb1292.pdf,,,,1,0,https://sbg.colorado.gov/sites/sbg/files/documents/HB%2021-1292%20Report%20November%202022.pdf,https://sbg.colorado.gov/sports-betting-monthly-reports,CO/screenshots/CO_2022_11_CO_2022_11_summary_p1.png,,,2026-04-08T18:27:18.912907
CO,2024-06-01,2024-06-30,monthly,ALL,TOTAL,TOTAL,,online,baseball,10412095748,,,,,,,,,30,False,False,CO_2024_06_hb1292.pdf,,,,1,0,https://sbg.colorado.gov/sites/sbg/files/documents/HB_21-1292_Report_June_2024.pdf,https://sbg.colorado.gov/sports-betting-monthly-reports,CO/screenshots/CO_2024_06_CO_2024_06_summary_p1.png,,,2026-04-08T18:28:45.858397
CO,2021-08-01,2021-08-31,monthly,ALL,TOTAL,TOTAL,,online,,20827123689,1499809741,1499809741,813279959,686529782,19327313948,68190548,,0.0720123317744608,31,False,False,CO_2021_08_hb1292.pdf,,,,1,0,https://sbg.colorado.gov/sites/sbg/files/documents/16%20Monthly%20Summary%20%28August%20%2721%29%20Revised%20v.2.pdf,https://sbg.colorado.gov/sports-betting-monthly-reports,CO/screenshots/CO_2021_08_CO_2021_08_summary_p1.png,,,2026-04-08T18:26:58.184166
CO,2021-05-01,2021-05-31,monthly,ALL,TOTAL,TOTAL,,retail,,247956700,21049390,21049390,620052,20429338,229472556,1431935,,0.08489139434425447,31,False,False,CO_2021_05_summary.pdf,,,,1,0,,https://sbg.colorado.gov/sports-betting-monthly-reports,CO/screenshots/CO_2021_05_CO_2021_05_summary_p1.png,,,2026-04-08T18:26:55.551077
CO,2021-05-01,2021-05-31,monthly,ALL,TOTAL,TOTAL,,online,,24648862635,1494426668,1494426668,923729493,570697175,23154435967,62132130,,0.060628625755656494,31,False,False,CO_2021_05_summary.pdf,,,,1,0,,https://sbg.colorado.gov/sports-betting-monthly-reports,CO/screenshots/CO_2021_05_CO_2021_05_summary_p1.png,,,2026-04-08T18:26:55.551077
CO,2021-06-01,2021-06-30,monthly,ALL,TOTAL,TOTAL,,retail,,269043177,19594551,19594551,638823,18955728,249448626,1318645,,0.07283050705277688,30,False,False,CO_2021_06_summary.pdf,,,,1,0,,https://sbg.colorado.gov/sports-betting-monthly-reports,CO/screenshots/CO_2021_06_CO_2021_06_summary_p1.png,,,2026-04-08T18:26:56.338989
CO,2021-06-01,2021-06-30,monthly,ALL,TOTAL,TOTAL,,online,,22707425652,1953501189,1953501189,802059557,1151441632,20753924463,117326836,,0.08602917913012925,30,False,False,CO_2021_06_summary.pdf,,,,1,0,,https://sbg.colorado.gov/sports-betting-monthly-reports,CO/screenshots/CO_2021_06_CO_2021_06_summary_p1.png,,,2026-04-08T18:26:56.338989
CO,2021-07-01,2021-07-31,monthly,ALL,TOTAL,TOTAL,,retail,,220331894,24324465,24324465,545131,23779334,196007429,1916512,,0.11039920076210119,31,False,False,CO_2021_07_hb1292.pdf,,,,1,0,https://sbg.colorado.gov/sites/sbg/files/documents/HB%2021-1292%20Report%20July%202021%20v.2.pdf,https://sbg.colorado.gov/sports-betting-monthly-reports,CO/screenshots/CO_2021_07_CO_2021_07_summary_p1.png,,,2026-04-08T18:26:57.111777
CO,2021-07-01,2021-07-31,monthly,ALL,TOTAL,TOTAL,,online,,17912467598,1540921613,1540921613,604802587,936119026,16371545985,97994551,,0.08602508864675072,31,False,False,CO_2021_07_hb1292.pdf,,,,1,0,https://sbg.colorado.gov/sites/sbg/files/documents/HB%2021-1292%20Report%20July%202021%20v.2.pdf,https://sbg.colorado.gov/sports-betting-monthly-reports,CO/screenshots/CO_2021_07_CO_2021_07_summary_p1.png,,,2026-04-08T18:26:57.111777
CO,2021-08-01,2021-08-31,monthly,ALL,TOTAL,TOTAL,,retail,,364694762,23024587,23024587,901422,22123165,341670175,4661246,,0.06313385712954112,31,False,False,CO_2021_08_hb1292.pdf,,,,1,0,https://sbg.colorado.gov/sites/sbg/files/documents/16%20Monthly%20Summary%20%28August%20%2721%29%20Revised%20v.2.pdf,https://sbg.colorado.gov/sports-betting-monthly-reports,CO/screenshots/CO_2021_08_CO_2021_08_summary_p1.png,,,2026-04-08T18:26:58.184166
CO,2021-09-01,2021-09-30,monthly,ALL,TOTAL,TOTAL,,retail,,555687194,33660606,33660606,1372487,32288119,522026588,2372896,,0.060574737664370215,30,False,False,CO_2021_09_hb1292.pdf,,,,1,0,https://sbg.colorado.gov/sites/sbg/files/documents/HB%2021-1292%20Report%20September%202021%20v.2.pdf,https://sbg.colorado.gov/sports-betting-monthly-reports,CO/screenshots/CO_2021_09_CO_2021_09_summary_p1.png,,,2026-04-08T18:26:58.973890
CO,2021-04-01,2021-04-30,monthly,ALL,TOTAL,TOTAL,,retail,,252687414,18629120,18629120,608732,18020388,234058292,2217166,,0.07372397265500528,30,False,False,CO_2021_04_summary.pdf,,,,1,0,,https://sbg.colorado.gov/sports-betting-monthly-reports,CO/screenshots/CO_2021_04_CO_2021_04_summary_p1.png,,,2026-04-08T18:26:54.854778
CO,2021-09-01,2021-09-30,monthly,ALL,TOTAL,TOTAL,,online,,40275775295,2232202359,2232202359,2082832444,149369915,38043572936,45931881,,0.0554229519518924,30,False,False,CO_2021_09_hb1292.pdf,,,,1,0,https://sbg.colorado.gov/sites/sbg/files/documents/HB%2021-1292%20Report%20September%202021%20v.2.pdf,https://sbg.colorado.gov/sports-betting-monthly-reports,CO/screenshots/CO_2021_09_CO_2021_09_summary_p1.png,,,2026-04-08T18:26:58.973890
CO,2021-10-01,2021-10-31,monthly,ALL,TOTAL,TOTAL,,retail,,813859513,38348995,38348995,2024173,36324822,775510518,3596621,,0.0471199198233123,31,False,False,CO_2021_10_hb1292.pdf,,,,1,0,https://sbg.colorado.gov/sites/sbg/files/documents/HB%2021-1292%20Report%20October%202021%20v.2.pdf,https://sbg.colorado.gov/sports-betting-monthly-reports,CO/screenshots/CO_2021_10_CO_2021_10_summary_p1.png,,,2026-04-08T18:26:59.859604
CO,2021-10-01,2021-10-31,monthly,ALL,TOTAL,TOTAL,,online,,48331474645,2823321769,2823321769,1881074934,942246835,45508152876,121083823,,0.058415800257236285,31,False,False,CO_2021_10_hb1292.pdf,,,,1,0,https://sbg.colorado.gov/sites/sbg/files/documents/HB%2021-1292%20Report%20October%202021%20v.2.pdf,https://sbg.colorado.gov/sports-betting-monthly-reports,CO/screenshots/CO_2021_10_CO_2021_10_summary_p1.png,,,2026-04-08T18:26:59.859604
CO,2021-11-01,2021-11-30,monthly,ALL,TOTAL,TOTAL,,retail,,643392689,18940434,18940434,1593123,17347311,624452255,5542899,,0.029438373055557056,30,False,False,CO_2021_11_hb1292.pdf,,,,1,0,https://sbg.colorado.gov/sites/sbg/files/documents/HB%2021-1292%20Report%20November%202021%20v.3.pdf,https://sbg.colorado.gov/sports-betting-monthly-reports,CO/screenshots/CO_2021_11_CO_2021_11_summary_p1.png,,,2026-04-08T18:27:00.760325
CO,2021-11-01,2021-11-30,monthly,ALL,TOTAL,TOTAL,,online,,46900730206,3659244362,3659244362,1742089694,1917154668,43241485842,192621132,,0.07802105310360122,30,False,False,CO_2021_11_hb1292.pdf,,,,1,0,https://sbg.colorado.gov/sites/sbg/files/documents/HB%2021-1292%20Report%20November%202021%20v.3.pdf,https://sbg.colorado.gov/sports-betting-monthly-reports,CO/screenshots/CO_2021_11_CO_2021_11_summary_p1.png,,,2026-04-08T18:27:00.760325
CO,2021-12-01,2021-12-31,monthly,ALL,TOTAL,TOTAL,,retail,,651137809,15645481,15645481,1606080,14039401,635492328,1370687,,0.024027910503350913,31,False,False,CO_2021_12_hb1292.pdf,,,,1,0,https://sbg.colorado.gov/sites/sbg/files/documents/20%20Monthly%20Summary%20%28December%20%2721%29%20Revised%20v.2.pdf,https://sbg.colorado.gov/sports-betting-monthly-reports,CO/screenshots/CO_2021_12_CO_2021_12_summary_p1.png,,,2026-04-08T18:27:01.869039
CO,2021-12-01,2021-12-31,monthly,ALL,TOTAL,TOTAL,,online,,45493719561,2457603199,2457603199,1946282564,511320635,43036116362,75685402,,0.05402071368784732,31,False,False,CO_2021_12_hb1292.pdf,,,,1,0,https://sbg.colorado.gov/sites/sbg/files/documents/20%20Monthly%20Summary%20%28December%20%2721%29%20Revised%20v.2.pdf,https://sbg.colorado.gov/sports-betting-monthly-reports,CO/screenshots/CO_2021_12_CO_2021_12_summary_p1.png,,,2026-04-08T18:27:01.869039
CO,2021-04-01,2021-04-30,monthly,ALL,TOTAL,TOTAL,,online,,24191988632,1737764792,1737764792,701631040,1036133752,22454223840,106164035,,0.07183224241852397,30,False,False,CO_2021_04_summary.pdf,,,,1,0,,https://sbg.colorado.gov/sports-betting-monthly-reports,CO/screenshots/CO_2021_04_CO_2021_04_summary_p1.png,,,2026-04-08T18:26:54.854778
CO,2021-03-01,2021-03-31,monthly,ALL,TOTAL,TOTAL,,online,,29521110289,2137686243,2137686243,971900082,1165786161,27383424046,101939733,,0.07241212210763405,31,False,False,CO_2021_03_summary.pdf,,,,1,0,,https://sbg.colorado.gov/sports-betting-monthly-reports,CO/screenshots/CO_2021_03_CO_2021_03_summary_p1.png,,,2026-04-08T18:26:54.095301
CO,2022-01-01,2022-01-31,monthly,ALL,TOTAL,TOTAL,,online,,56710660464,3420312940,3420312940,2293148885,1127164055,53290347524,141612657,,0.06031164003408528,31,False,False,CO_2022_01_hb1292.pdf,,,,1,0,https://sbg.colorado.gov/sites/sbg/files/documents/21%20Monthly%20Summary%20%28January%20%2722%29%20Revised%20v.2.pdf,https://sbg.colorado.gov/sports-betting-monthly-reports,CO/screenshots/CO_2022_01_CO_2022_01_summary_p1.png,,,2026-04-08T18:27:03.121236
CO,2020-10-01,2020-10-31,monthly,ALL,TOTAL,TOTAL,,online,,20644115359,1672446566,1672446566,774950387,897496179,18971668793,73969512,,0.08101323485730673,31,False,False,CO_2020_10_summary.pdf,,,,1,0,,https://sbg.colorado.gov/sports-betting-monthly-reports,CO/screenshots/CO_2020_10_CO_2020_10_summary_p1.png,,,2026-04-08T18:26:50.324231
CO,2020-07-01,2020-07-31,monthly,ALL,TOTAL,TOTAL,,retail,,58281469,16555957,16555957,130123,16425834,41725512,1595087,,0.2840689722491381,31,False,False,CO_2020_07_summary.pdf,,,,1,0,,https://sbg.colorado.gov/sports-betting-monthly-reports,CO/screenshots/CO_2020_07_CO_2020_07_summary_p1.png,,,2026-04-08T18:26:48.029471
CO,2020-07-01,2020-07-31,monthly,ALL,TOTAL,TOTAL,,online,,5860080504,503103909,503103909,277798642,225305267,5356976595,22320219,,0.0858527299508239,31,False,False,CO_2020_07_summary.pdf,,,,1,0,,https://sbg.colorado.gov/sports-betting-monthly-reports,CO/screenshots/CO_2020_07_CO_2020_07_summary_p1.png,,,2026-04-08T18:26:48.029471
CO,2020-08-01,2020-08-31,monthly,ALL,TOTAL,TOTAL,,retail,,197997118,24372892,24372892,466850,23906042,173624226,2390605,,0.1230972058896332,31,False,False,CO_2020_08_summary.pdf,,,,1,0,,https://sbg.colorado.gov/sports-betting-monthly-reports,CO/screenshots/CO_2020_08_CO_2020_08_summary_p1.png,,,2026-04-08T18:26:48.722562
CO,2020-08-01,2020-08-31,monthly,ALL,TOTAL,TOTAL,,online,,12666623791,727586975,727586975,563701904,163885071,11939036816,16542001,,0.05744127140785309,31,False,False,CO_2020_08_summary.pdf,,,,1,0,,https://sbg.colorado.gov/sports-betting-monthly-reports,CO/screenshots/CO_2020_08_CO_2020_08_summary_p1.png,,,2026-04-08T18:26:48.722562
CO,2020-09-01,2020-09-30,monthly,ALL,TOTAL,TOTAL,,retail,,377314931,40325930,40325930,910271,39415659,336989001,3941567,,0.10687605150722222,30,False,False,CO_2020_09_summary.pdf,,,,1,0,,https://sbg.colorado.gov/sports-betting-monthly-reports,CO/screenshots/CO_2020_09_CO_2020_09_summary_p1.png,,,2026-04-08T18:26:49.579026
CO,2020-09-01,2020-09-30,monthly,ALL,TOTAL,TOTAL,,online,,20388279341,376307491,376307491,,-378834703,20011971850,3035599,,0.018457049989660527,30,False,False,CO_2020_09_summary.pdf,,,,1,0,,https://sbg.colorado.gov/sports-betting-monthly-reports,CO/screenshots/CO_2020_09_CO_2020_09_summary_p1.png,,,2026-04-08T18:26:49.579026
CO,2020-10-01,2020-10-31,monthly,ALL,TOTAL,TOTAL,,retail,,427866768,67794304,67794304,994899,66799405,360072464,6692270,,0.1584472295357138,31,False,False,CO_2020_10_summary.pdf,,,,1,0,,https://sbg.colorado.gov/sports-betting-monthly-reports,CO/screenshots/CO_2020_10_CO_2020_10_summary_p1.png,,,2026-04-08T18:26:50.324231
CO,2020-11-01,2020-11-30,monthly,ALL,TOTAL,TOTAL,,retail,,436665528,70563714,70563714,1024977,69538737,366101814,7038364,,0.1615967129880699,30,False,False,CO_2020_11_summary.pdf,,,,1,0,,https://sbg.colorado.gov/sports-betting-monthly-reports,CO/screenshots/CO_2020_11_CO_2020_11_summary_p1.png,,,2026-04-08T18:26:51.057399
CO,2021-03-01,2021-03-31,monthly,ALL,TOTAL,TOTAL,,retail,,577973928,-101174309,-101174309,,-102584616,679148237,4161096,,-0.17504995311830052,31,False,False,CO_2021_03_summary.pdf,,,,1,0,,https://sbg.colorado.gov/sports-betting-monthly-reports,CO/screenshots/CO_2021_03_CO_2021_03_summary_p1.png,,,2026-04-08T18:26:54.095301
CO,2020-11-01,2020-11-30,monthly,ALL,TOTAL,TOTAL,,online,,22687218687,1764901794,1764901794,936697854,828203940,20922316893,71025180,,0.07779277920088574,30,False,False,CO_2020_11_summary.pdf,,,,1,0,,https://sbg.colorado.gov/sports-betting-monthly-reports,CO/screenshots/CO_2020_11_CO_2020_11_summary_p1.png,,,2026-04-08T18:26:51.057399
CO,2020-12-01,2020-12-31,monthly,ALL,TOTAL,TOTAL,,retail,,410756174,59219270,59219270,987207,58232063,351536904,5806517,,0.14417134482316996,31,False,False,CO_2020_12_summary.pdf,,,,1,0,,https://sbg.colorado.gov/sports-betting-monthly-reports,CO/screenshots/CO_2020_12_CO_2020_12_summary_p1.png,,,2026-04-08T18:26:51.785477
CO,2020-12-01,2020-12-31,monthly,ALL,TOTAL,TOTAL,,online,,28044390998,1655967395,1655967395,1146536709,509430686,26388423603,47342960,,0.05904807828125404,31,False,False,CO_2020_12_summary.pdf,,,,1,0,,https://sbg.colorado.gov/sports-betting-monthly-reports,CO/screenshots/CO_2020_12_CO_2020_12_summary_p1.png,,,2026-04-08T18:26:51.785477
CO,2021-01-01,2021-01-31,monthly,ALL,TOTAL,TOTAL,,retail,,754935877,48127566,48127566,1832143,46295423,706808311,4726669,,0.06375053493450544,31,False,False,CO_2021_01_summary.pdf,,,,1,0,,https://sbg.colorado.gov/sports-betting-monthly-reports,CO/screenshots/CO_2021_01_CO_2021_01_summary_p1.png,,,2026-04-08T18:26:52.535189
CO,2021-01-01,2021-01-31,monthly,ALL,TOTAL,TOTAL,,online,,31935410329,2266325939,2266325939,1139615444,1126710495,29669084390,114742347,,0.07096592514867386,31,False,False,CO_2021_01_summary.pdf,,,,1,0,,https://sbg.colorado.gov/sports-betting-monthly-reports,CO/screenshots/CO_2021_01_CO_2021_01_summary_p1.png,,,2026-04-08T18:26:52.535189
CO,2021-02-01,2021-02-28,monthly,ALL,TOTAL,TOTAL,,retail,,832983719,-54743606,-54743606,,-56800407,887727325,1684138,,-0.06571989914247052,28,False,False,CO_2021_02_summary.pdf,,,,1,0,,https://sbg.colorado.gov/sports-betting-monthly-reports,CO/screenshots/CO_2021_02_CO_2021_02_summary_p1.png,,,2026-04-08T18:26:53.367398
CO,2021-02-01,2021-02-28,monthly,ALL,TOTAL,TOTAL,,online,,25821936948,1099224612,1099224612,1024896740,74327872,24722712336,31713510,,0.04256940965403212,28,False,False,CO_2021_02_summary.pdf,,,,1,0,,https://sbg.colorado.gov/sports-betting-monthly-reports,CO/screenshots/CO_2021_02_CO_2021_02_summary_p1.png,,,2026-04-08T18:26:53.367398
CO,2022-01-01,2022-01-31,monthly,ALL,TOTAL,TOTAL,,retail,,661360856,43708980,43708980,1650894,42058086,617651876,3182576,,0.066089457220613,31,False,False,CO_2022_01_hb1292.pdf,,,,1,0,https://sbg.colorado.gov/sites/sbg/files/documents/21%20Monthly%20Summary%20%28January%20%2722%29%20Revised%20v.2.pdf,https://sbg.colorado.gov/sports-betting-monthly-reports,CO/screenshots/CO_2022_01_CO_2022_01_summary_p1.png,,,2026-04-08T18:27:03.121236
CO,2022-02-01,2022-02-28,monthly,ALL,TOTAL,TOTAL,,retail,,558309316,-3612426,-3612426,,-5001169,561921742,1923232,,-0.00647029504340207,28,False,False,CO_2022_02_hb1292.pdf,,,,1,0,https://sbg.colorado.gov/sites/sbg/files/documents/HB%2021-1292%20Report%20February%202022%20v.3.pdf,https://sbg.colorado.gov/sports-betting-monthly-reports,CO/screenshots/CO_2022_02_CO_2022_02_summary_p1.png,,,2026-04-08T18:27:03.904017
CO,2022-11-01,2022-11-30,monthly,ALL,TOTAL,TOTAL,,online,basketball,14103020404,,472166784,,,13630853620,,,,30,False,False,CO_2022_11_hb1292.pdf,,,,1,0,https://sbg.colorado.gov/sites/sbg/files/documents/HB%2021-1292%20Report%20November%202022.pdf,https://sbg.colorado.gov/sports-betting-monthly-reports,CO/screenshots/CO_2022_11_CO_2022_11_summary_p1.png,,,2026-04-08T18:27:18.912907
CO,2022-10-01,2022-10-31,monthly,ALL,TOTAL,TOTAL,,online,baseball,4173114597,,,,,,,,,31,False,False,CO_2022_10_hb1292.pdf,,,,1,0,https://sbg.colorado.gov/sites/sbg/files/documents/HB%2021-1292%20Report%20October%202022%20v.2.pdf,https://sbg.colorado.gov/sports-betting-monthly-reports,CO/screenshots/CO_2022_10_CO_2022_10_summary_p1.png,,,2026-04-08T18:27:14.299213
CO,2022-09-01,2022-09-30,monthly,ALL,TOTAL,TOTAL,,online,baseball,187719414,,-380577272,,,568296686,,,,30,False,False,CO_2022_09_hb1292.pdf,,,,1,0,https://sbg.colorado.gov/sites/sbg/files/documents/HB%2021-1292%20Report%20September%202022.pdf,https://sbg.colorado.gov/sports-betting-monthly-reports,CO/screenshots/CO_2022_09_CO_2022_09_summary_p1.png,,,2026-04-08T18:27:09.330201
CO,2022-09-01,2022-09-30,monthly,ALL,TOTAL,TOTAL,,online,other,14383029612,,14037467240,,,345562372,,,,30,False,False,CO_2022_09_hb1292.pdf,,,,1,0,https://sbg.colorado.gov/sites/sbg/files/documents/HB%2021-1292%20Report%20September%202022.pdf,https://sbg.colorado.gov/sports-betting-monthly-reports,CO/screenshots/CO_2022_09_CO_2022_09_summary_p1.png,,,2026-04-08T18:27:09.330201
CO,2022-10-01,2022-10-31,monthly,ALL,TOTAL,TOTAL,,retail,,483152495,26712773,26712773,1213223,25499550,456439722,2748355,,0.05528849230096597,31,False,False,CO_2022_10_hb1292.pdf,,,,1,0,https://sbg.colorado.gov/sites/sbg/files/documents/HB%2021-1292%20Report%20October%202022%20v.2.pdf,https://sbg.colorado.gov/sports-betting-monthly-reports,CO/screenshots/CO_2022_10_CO_2022_10_summary_p1.png,,,2026-04-08T18:27:14.299213
CO,2022-10-01,2022-10-31,monthly,ALL,TOTAL,TOTAL,,online,,52178825203,3624784635,3624784635,1542313619,2082471016,48554040568,230322113,,0.0694684983975376,31,False,False,CO_2022_10_hb1292.pdf,,,,1,0,https://sbg.colorado.gov/sites/sbg/files/documents/HB%2021-1292%20Report%20October%202022%20v.2.pdf,https://sbg.colorado.gov/sports-betting-monthly-reports,CO/screenshots/CO_2022_10_CO_2022_10_summary_p1.png,,,2026-04-08T18:27:14.299213
CO,2022-10-01,2022-10-31,monthly,ALL,TOTAL,TOTAL,,online,football,16982379658,,,,,,,,,31,False,False,CO_2022_10_hb1292.pdf,,,,1,0,https://sbg.colorado.gov/sites/sbg/files/documents/HB%2021-1292%20Report%20October%202022%20v.2.pdf,https://sbg.colorado.gov/sports-betting-monthly-reports,CO/screenshots/CO_2022_10_CO_2022_10_summary_p1.png,,,2026-04-08T18:27:14.299213
CO,2022-10-01,2022-10-31,monthly,ALL,TOTAL,TOTAL,,online,basketball,8512501041,,,,,,,,,31,False,False,CO_2022_10_hb1292.pdf,,,,1,0,https://sbg.colorado.gov/sites/sbg/files/documents/HB%2021-1292%20Report%20October%202022%20v.2.pdf,https://sbg.colorado.gov/sports-betting-monthly-reports,CO/screenshots/CO_2022_10_CO_2022_10_summary_p1.png,,,2026-04-08T18:27:14.299213
CO,2022-10-01,2022-10-31,monthly,ALL,TOTAL,TOTAL,,online,other,4952035898,,,,,,,,,31,False,False,CO_2022_10_hb1292.pdf,,,,1,0,https://sbg.colorado.gov/sites/sbg/files/documents/HB%2021-1292%20Report%20October%202022%20v.2.pdf,https://sbg.colorado.gov/sports-betting-monthly-reports,CO/screenshots/CO_2022_10_CO_2022_10_summary_p1.png,,,2026-04-08T18:27:14.299213
CO,2022-10-01,2022-10-31,monthly,ALL,TOTAL,TOTAL,,online,tennis,2442792314,,,,,,,,,31,False,False,CO_2022_10_hb1292.pdf,,,,1,0,https://sbg.colorado.gov/sites/sbg/files/documents/HB%2021-1292%20Report%20October%202022%20v.2.pdf,https://sbg.colorado.gov/sports-betting-monthly-reports,CO/screenshots/CO_2022_10_CO_2022_10_summary_p1.png,,,2026-04-08T18:27:14.299213
CO,2022-09-01,2022-09-30,monthly,ALL,TOTAL,TOTAL,,online,basketball,294975751,,-1863006605,,,2157982356,,,,30,False,False,CO_2022_09_hb1292.pdf,,,,1,0,https://sbg.colorado.gov/sites/sbg/files/documents/HB%2021-1292%20Report%20September%202022.pdf,https://sbg.colorado.gov/sports-betting-monthly-reports,CO/screenshots/CO_2022_09_CO_2022_09_summary_p1.png,,,2026-04-08T18:27:09.330201
CO,2022-10-01,2022-10-31,monthly,ALL,TOTAL,TOTAL,,online,hockey,1669730216,,,,,,,,,31,False,False,CO_2022_10_hb1292.pdf,,,,1,0,https://sbg.colorado.gov/sites/sbg/files/documents/HB%2021-1292%20Report%20October%202022%20v.2.pdf,https://sbg.colorado.gov/sports-betting-monthly-reports,CO/screenshots/CO_2022_10_CO_2022_10_summary_p1.png,,,2026-04-08T18:27:14.299213
CO,2022-10-01,2022-10-31,monthly,ALL,TOTAL,TOTAL,,online,soccer,1632737176,,,,,,,,,31,False,False,CO_2022_10_hb1292.pdf,,,,1,0,https://sbg.colorado.gov/sites/sbg/files/documents/HB%2021-1292%20Report%20October%202022%20v.2.pdf,https://sbg.colorado.gov/sports-betting-monthly-reports,CO/screenshots/CO_2022_10_CO_2022_10_summary_p1.png,,,2026-04-08T18:27:14.299213
CO,2022-10-01,2022-10-31,monthly,ALL,TOTAL,TOTAL,,online,table_tennis,820470325,,,,,,,,,31,False,False,CO_2022_10_hb1292.pdf,,,,1,0,https://sbg.colorado.gov/sites/sbg/files/documents/HB%2021-1292%20Report%20October%202022%20v.2.pdf,https://sbg.colorado.gov/sports-betting-monthly-reports,CO/screenshots/CO_2022_10_CO_2022_10_summary_p1.png,,,2026-04-08T18:27:14.299213
CO,2022-10-01,2022-10-31,monthly,ALL,TOTAL,TOTAL,,online,mma,300551325,,,,,,,,,31,False,False,CO_2022_10_hb1292.pdf,,,,1,0,https://sbg.colorado.gov/sites/sbg/files/documents/HB%2021-1292%20Report%20October%202022%20v.2.pdf,https://sbg.colorado.gov/sports-betting-monthly-reports,CO/screenshots/CO_2022_10_CO_2022_10_summary_p1.png,,,2026-04-08T18:27:14.299213
CO,2022-10-01,2022-10-31,monthly,ALL,TOTAL,TOTAL,,online,golf,118887130,,,,,,,,,31,False,False,CO_2022_10_hb1292.pdf,,,,1,0,https://sbg.colorado.gov/sites/sbg/files/documents/HB%2021-1292%20Report%20October%202022%20v.2.pdf,https://sbg.colorado.gov/sports-betting-monthly-reports,CO/screenshots/CO_2022_10_CO_2022_10_summary_p1.png,,,2026-04-08T18:27:14.299213
CO,2022-11-01,2022-11-30,monthly,ALL,TOTAL,TOTAL,,retail,,465564838,45362514,45362514,1140314,44222200,420202324,4512900,,0.09743543819776183,30,False,False,CO_2022_11_hb1292.pdf,,,,1,0,https://sbg.colorado.gov/sites/sbg/files/documents/HB%2021-1292%20Report%20November%202022.pdf,https://sbg.colorado.gov/sports-betting-monthly-reports,CO/screenshots/CO_2022_11_CO_2022_11_summary_p1.png,,,2026-04-08T18:27:18.912907
CO,2022-11-01,2022-11-30,monthly,ALL,TOTAL,TOTAL,,online,,54794736413,3711539717,3711539717,1320140261,2391399456,51083196696,253640448,,0.06773533298938254,30,False,False,CO_2022_11_hb1292.pdf,,,,1,0,https://sbg.colorado.gov/sites/sbg/files/documents/HB%2021-1292%20Report%20November%202022.pdf,https://sbg.colorado.gov/sports-betting-monthly-reports,CO/screenshots/CO_2022_11_CO_2022_11_summary_p1.png,,,2026-04-08T18:27:18.912907
CO,2022-09-01,2022-09-30,monthly,ALL,TOTAL,TOTAL,,online,tennis,298934247,,-1354535659,,,1653469906,,,,30,False,False,CO_2022_09_hb1292.pdf,,,,1,0,https://sbg.colorado.gov/sites/sbg/files/documents/HB%2021-1292%20Report%20September%202022.pdf,https://sbg.colorado.gov/sports-betting-monthly-reports,CO/screenshots/CO_2022_09_CO_2022_09_summary_p1.png,,,2026-04-08T18:27:09.330201
CO,2022-09-01,2022-09-30,monthly,ALL,TOTAL,TOTAL,,online,soccer,3958496,,-3292447714,,,3296406210,,,,30,False,False,CO_2022_09_hb1292.pdf,,,,1,0,https://sbg.colorado.gov/sites/sbg/files/documents/HB%2021-1292%20Report%20September%202022.pdf,https://sbg.colorado.gov/sports-betting-monthly-reports,CO/screenshots/CO_2022_09_CO_2022_09_summary_p1.png,,,2026-04-08T18:27:09.330201
CO,2022-02-01,2022-02-28,monthly,ALL,TOTAL,TOTAL,,online,,43492532765,1964061446,1964061446,,-106861859,41528471319,29549903,,0.045158589788556774,28,False,False,CO_2022_02_hb1292.pdf,,,,1,0,https://sbg.colorado.gov/sites/sbg/files/documents/HB%2021-1292%20Report%20February%202022%20v.3.pdf,https://sbg.colorado.gov/sports-betting-monthly-reports,CO/screenshots/CO_2022_02_CO_2022_02_summary_p1.png,,,2026-04-08T18:27:03.904017
CO,2022-06-01,2022-06-30,monthly,ALL,TOTAL,TOTAL,,online,,,,,,-215246169,,25971284,,,30,False,False,CO_2022_06_hb1292.pdf,,,,1,0,https://sbg.colorado.gov/sites/sbg/files/documents/HB%2021-1292%20Report%20June%202022%20v.3.pdf,https://sbg.colorado.gov/sports-betting-monthly-reports,CO/screenshots/CO_2022_06_CO_2022_06_summary_p1.png,,,2026-04-08T18:27:07.343168
CO,2022-03-01,2022-03-31,monthly,ALL,TOTAL,TOTAL,,retail,,540802091,17932535,17932535,1344222,16588313,522869556,578351,,0.03315914508917829,31,False,False,CO_2022_03_hb1292.pdf,,,,1,0,https://sbg.colorado.gov/sites/sbg/files/documents/HB%2021-1292%20Report%20March%202022%20v.3.pdf,https://sbg.colorado.gov/sports-betting-monthly-reports,CO/screenshots/CO_2022_03_CO_2022_03_summary_p1.png,,,2026-04-08T18:27:04.650201
CO,2022-03-01,2022-03-31,monthly,ALL,TOTAL,TOTAL,,online,,50020305922,2805886880,2805886880,1517844663,1288042217,47214419042,130729222,,0.056094956403813415,31,False,False,CO_2022_03_hb1292.pdf,,,,1,0,https://sbg.colorado.gov/sites/sbg/files/documents/HB%2021-1292%20Report%20March%202022%20v.3.pdf,https://sbg.colorado.gov/sports-betting-monthly-reports,CO/screenshots/CO_2022_03_CO_2022_03_summary_p1.png,,,2026-04-08T18:27:04.650201
CO,2022-04-01,2022-04-30,monthly,ALL,TOTAL,TOTAL,,retail,,324622688,37997230,37997230,797573,37199657,286625458,3671936,,0.11705044473046813,30,False,False,CO_2022_04_hb1292.pdf,,,,1,0,https://sbg.colorado.gov/sites/sbg/files/documents/HB%2021-1292%20Report%20April%202022%20v.3.pdf,https://sbg.colorado.gov/sports-betting-monthly-reports,CO/screenshots/CO_2022_04_CO_2022_04_summary_p1.png,,,2026-04-08T18:27:05.525606
CO,2022-04-01,2022-04-30,monthly,ALL,TOTAL,TOTAL,,online,,38906551053,2219191493,2219191493,1103511855,1115679638,36687359560,119502289,,0.05703901869834034,30,False,False,CO_2022_04_hb1292.pdf,,,,1,0,https://sbg.colorado.gov/sites/sbg/files/documents/HB%2021-1292%20Report%20April%202022%20v.3.pdf,https://sbg.colorado.gov/sports-betting-monthly-reports,CO/screenshots/CO_2022_04_CO_2022_04_summary_p1.png,,,2026-04-08T18:27:05.525606
CO,2022-05-01,2022-05-31,monthly,ALL,TOTAL,TOTAL,,retail,,348323454,26745780,26745780,850879,25894901,321577674,1669894,,0.07678432127628132,31,False,False,CO_2022_05_hb1292.pdf,,,,1,0,https://sbg.colorado.gov/sites/sbg/files/documents/HB%2021-1292%20Report%20May%202022%20v.3.pdf,https://sbg.colorado.gov/sports-betting-monthly-reports,CO/screenshots/CO_2022_05_CO_2022_05_summary_p1.png,,,2026-04-08T18:27:06.308398
CO,2022-05-01,2022-05-31,monthly,ALL,TOTAL,TOTAL,,online,,35684220320,2685187152,2685187152,1053699783,1631487369,32999033168,164249032,,0.07524858685212826,31,False,False,CO_2022_05_hb1292.pdf,,,,1,0,https://sbg.colorado.gov/sites/sbg/files/documents/HB%2021-1292%20Report%20May%202022%20v.3.pdf,https://sbg.colorado.gov/sports-betting-monthly-reports,CO/screenshots/CO_2022_05_CO_2022_05_summary_p1.png,,,2026-04-08T18:27:06.308398
CO,2022-06-01,2022-06-30,monthly,ALL,TOTAL,TOTAL,,retail,,,,,,23234814,,856764,,,30,False,False,CO_2022_06_hb1292.pdf,,,,1,0,https://sbg.colorado.gov/sites/sbg/files/documents/HB%2021-1292%20Report%20June%202022%20v.3.pdf,https://sbg.colorado.gov/sports-betting-monthly-reports,CO/screenshots/CO_2022_06_CO_2022_06_summary_p1.png,,,2026-04-08T18:27:07.343168
CO,2022-07-01,2022-07-31,monthly,ALL,TOTAL,TOTAL,,retail,,196361021,4060312,4060312,482189,3578123,192300709,595405,,0.02067779022191986,31,False,False,CO_2022_07_hb1292.pdf,,,,1,0,https://sbg.colorado.gov/sites/sbg/files/documents/HB%2021-1292%20Report%20July%202022%20v.3.pdf,https://sbg.colorado.gov/sports-betting-monthly-reports,CO/screenshots/CO_2022_07_CO_2022_07_summary_p1.png,,,2026-04-08T18:27:08.167776
CO,2022-09-01,2022-09-30,monthly,ALL,TOTAL,TOTAL,,online,table_tennis,3167083425,,-2020250537,,,5187333962,,,,30,False,False,CO_2022_09_hb1292.pdf,,,,1,0,https://sbg.colorado.gov/sites/sbg/files/documents/HB%2021-1292%20Report%20September%202022.pdf,https://sbg.colorado.gov/sports-betting-monthly-reports,CO/screenshots/CO_2022_09_CO_2022_09_summary_p1.png,,,2026-04-08T18:27:09.330201
CO,2022-07-01,2022-07-31,monthly,ALL,TOTAL,TOTAL,,online,,25645119752,2076227774,2076227774,657886628,1418341146,23568891978,108622758,,0.08095995628322539,31,False,False,CO_2022_07_hb1292.pdf,,,,1,0,https://sbg.colorado.gov/sites/sbg/files/documents/HB%2021-1292%20Report%20July%202022%20v.3.pdf,https://sbg.colorado.gov/sports-betting-monthly-reports,CO/screenshots/CO_2022_07_CO_2022_07_summary_p1.png,,,2026-04-08T18:27:08.167776
CO,2022-08-01,2022-08-31,monthly,ALL,TOTAL,TOTAL,,retail,,231617292,58176145,58176145,563735,57612410,173441147,3687102,,0.2511735824974588,31,False,False,CO_2022_08_hb1292.pdf,,,,1,0,https://sbg.colorado.gov/sites/sbg/files/documents/HB%2021-1292%20Report%20August%202022%20v.2.pdf,https://sbg.colorado.gov/sports-betting-monthly-reports,CO/screenshots/CO_2022_08_CO_2022_08_summary_p1.png,,,2026-04-08T18:27:08.759244
CO,2022-08-01,2022-08-31,monthly,ALL,TOTAL,TOTAL,,online,,28779179664,2527750875,2527750875,389507668,2138243207,26251428789,178540126,,0.0878326242968619,31,False,False,CO_2022_08_hb1292.pdf,,,,1,0,https://sbg.colorado.gov/sites/sbg/files/documents/HB%2021-1292%20Report%20August%202022%20v.2.pdf,https://sbg.colorado.gov/sports-betting-monthly-reports,CO/screenshots/CO_2022_08_CO_2022_08_summary_p1.png,,,2026-04-08T18:27:08.759244
CO,2022-09-01,2022-09-30,monthly,ALL,TOTAL,TOTAL,,retail,,460766393,65964730,65964730,1118600,64846130,394801663,3958496,,0.14316306701647835,30,False,False,CO_2022_09_hb1292.pdf,,,,1,0,https://sbg.colorado.gov/sites/sbg/files/documents/HB%2021-1292%20Report%20September%202022.pdf,https://sbg.colorado.gov/sports-betting-monthly-reports,CO/screenshots/CO_2022_09_CO_2022_09_summary_p1.png,,,2026-04-08T18:27:09.330201
CO,2022-09-01,2022-09-30,monthly,ALL,TOTAL,TOTAL,,online,,44562493304,5068001195,5068001195,1965763899,3102237296,39494492109,294975751,,0.11372795414355974,30,False,False,CO_2022_09_hb1292.pdf,,,,1,0,https://sbg.colorado.gov/sites/sbg/files/documents/HB%2021-1292%20Report%20September%202022.pdf,https://sbg.colorado.gov/sports-betting-monthly-reports,CO/screenshots/CO_2022_09_CO_2022_09_summary_p1.png,,,2026-04-08T18:27:09.330201
CO,2022-09-01,2022-09-30,monthly,ALL,TOTAL,TOTAL,,online,football,64846130,,-14318183482,,,14383029612,,,,30,False,False,CO_2022_09_hb1292.pdf,,,,1,0,https://sbg.colorado.gov/sites/sbg/files/documents/HB%2021-1292%20Report%20September%202022.pdf,https://sbg.colorado.gov/sports-betting-monthly-reports,CO/screenshots/CO_2022_09_CO_2022_09_summary_p1.png,,,2026-04-08T18:27:09.330201
CO,2022-09-01,2022-09-30,monthly,ALL,TOTAL,TOTAL,,online,mma,3102237296,,-5151377026,,,8253614322,,,,30,False,False,CO_2022_09_hb1292.pdf,,,,1,0,https://sbg.colorado.gov/sites/sbg/files/documents/HB%2021-1292%20Report%20September%202022.pdf,https://sbg.colorado.gov/sports-betting-monthly-reports,CO/screenshots/CO_2022_09_CO_2022_09_summary_p1.png,,,2026-04-08T18:27:09.330201
CO,2023-05-01,2023-05-31,monthly,ALL,TOTAL,TOTAL,,online,mma,258515000,,,,,,,,,31,False,False,CO_2023_05_hb1292.pdf,,,,1,0,https://sbg.colorado.gov/sites/sbg/files/documents/HB%2021-1292%20Report%20May%202023.pdf,https://sbg.colorado.gov/sports-betting-monthly-reports,CO/screenshots/CO_2023_05_CO_2023_05_summary_p1.png,,,2026-04-08T18:27:46.467998
CO,2023-05-01,2023-05-31,monthly,ALL,TOTAL,TOTAL,,online,boxing,92695602,,,,,,,,,31,False,False,CO_2023_05_hb1292.pdf,,,,1,0,https://sbg.colorado.gov/sites/sbg/files/documents/HB%2021-1292%20Report%20May%202023.pdf,https://sbg.colorado.gov/sports-betting-monthly-reports,CO/screenshots/CO_2023_05_CO_2023_05_summary_p1.png,,,2026-04-08T18:27:46.467998
CO,2023-05-01,2023-05-31,monthly,ALL,TOTAL,TOTAL,,online,football,85898590,,,,,,,,,31,False,False,CO_2023_05_hb1292.pdf,,,,1,0,https://sbg.colorado.gov/sites/sbg/files/documents/HB%2021-1292%20Report%20May%202023.pdf,https://sbg.colorado.gov/sports-betting-monthly-reports,CO/screenshots/CO_2023_05_CO_2023_05_summary_p1.png,,,2026-04-08T18:27:46.467998
CO,2024-01-01,2024-01-31,monthly,ALL,TOTAL,TOTAL,,retail,mma,4194900,,,,,,,,,31,False,False,CO_2024_01_hb1292.pdf,,,,1,0,https://sbg.colorado.gov/sites/sbg/files/documents/HB%2021-1292%20Report%20January%202024.pdf,https://sbg.colorado.gov/sports-betting-monthly-reports,CO/screenshots/CO_2024_01_CO_2024_01_summary_p1.png,,,2026-04-08T18:28:21.375827
CO,2024-01-01,2024-01-31,monthly,ALL,TOTAL,TOTAL,,online,hockey,1869852705,,,,,,,,,31,False,False,CO_2024_01_hb1292.pdf,,,,1,0,https://sbg.colorado.gov/sites/sbg/files/documents/HB%2021-1292%20Report%20January%202024.pdf,https://sbg.colorado.gov/sports-betting-monthly-reports,CO/screenshots/CO_2024_01_CO_2024_01_summary_p1.png,,,2026-04-08T18:28:21.375827
CO,2024-01-01,2024-01-31,monthly,ALL,TOTAL,TOTAL,,retail,table_tennis,52000,,,,,,,,,31,False,False,CO_2024_01_hb1292.pdf,,,,1,0,https://sbg.colorado.gov/sites/sbg/files/documents/HB%2021-1292%20Report%20January%202024.pdf,https://sbg.colorado.gov/sports-betting-monthly-reports,CO/screenshots/CO_2024_01_CO_2024_01_summary_p1.png,,,2026-04-08T18:28:21.375827
CO,2024-01-01,2024-01-31,monthly,ALL,TOTAL,TOTAL,,online,table_tennis,1142647783,,,,,,,,,31,False,False,CO_2024_01_hb1292.pdf,,,,1,0,https://sbg.colorado.gov/sites/sbg/files/documents/HB%2021-1292%20Report%20January%202024.pdf,https://sbg.colorado.gov/sports-betting-monthly-reports,CO/screenshots/CO_2024_01_CO_2024_01_summary_p1.png,,,2026-04-08T18:28:21.375827
CO,2024-01-01,2024-01-31,monthly,ALL,TOTAL,TOTAL,,retail,golf,438008,,,,,,,,,31,False,False,CO_2024_01_hb1292.pdf,,,,1,0,https://sbg.colorado.gov/sites/sbg/files/documents/HB%2021-1292%20Report%20January%202024.pdf,https://sbg.colorado.gov/sports-betting-monthly-reports,CO/screenshots/CO_2024_01_CO_2024_01_summary_p1.png,,,2026-04-08T18:28:21.375827
CO,2024-01-01,2024-01-31,monthly,ALL,TOTAL,TOTAL,,online,golf,365815423,,,,,,,,,31,False,False,CO_2024_01_hb1292.pdf,,,,1,0,https://sbg.colorado.gov/sites/sbg/files/documents/HB%2021-1292%20Report%20January%202024.pdf,https://sbg.colorado.gov/sports-betting-monthly-reports,CO/screenshots/CO_2024_01_CO_2024_01_summary_p1.png,,,2026-04-08T18:28:21.375827
CO,2024-01-01,2024-01-31,monthly,ALL,TOTAL,TOTAL,,online,mma,199969449,,,,,,,,,31,False,False,CO_2024_01_hb1292.pdf,,,,1,0,https://sbg.colorado.gov/sites/sbg/files/documents/HB%2021-1292%20Report%20January%202024.pdf,https://sbg.colorado.gov/sports-betting-monthly-reports,CO/screenshots/CO_2024_01_CO_2024_01_summary_p1.png,,,2026-04-08T18:28:21.375827
CO,2024-01-01,2024-01-31,monthly,ALL,TOTAL,TOTAL,,online,soccer,1896473519,,,,,,,,,31,False,False,CO_2024_01_hb1292.pdf,,,,1,0,https://sbg.colorado.gov/sites/sbg/files/documents/HB%2021-1292%20Report%20January%202024.pdf,https://sbg.colorado.gov/sports-betting-monthly-reports,CO/screenshots/CO_2024_01_CO_2024_01_summary_p1.png,,,2026-04-08T18:28:21.375827
CO,2024-02-01,2024-02-29,monthly,ALL,TOTAL,TOTAL,,retail,,350491793,-14498231,-14498231,,-15401004,364990024,250932,,-0.04136539368269887,29,False,False,CO_2024_02_hb1292.pdf,,,,1,0,https://sbg.colorado.gov/sites/sbg/files/documents/HB%2021-1292%20Report%20February%202024%20v2.pdf,https://sbg.colorado.gov/sports-betting-monthly-reports,CO/screenshots/CO_2024_02_CO_2024_02_summary_p1.png,,,2026-04-08T18:28:26.293218
CO,2024-02-01,2024-02-29,monthly,ALL,TOTAL,TOTAL,,online,,53348334347,2590736055,2590736055,1409122884,1181613171,50757598292,129966446,,0.04856264186523169,29,False,False,CO_2024_02_hb1292.pdf,,,,1,0,https://sbg.colorado.gov/sites/sbg/files/documents/HB%2021-1292%20Report%20February%202024%20v2.pdf,https://sbg.colorado.gov/sports-betting-monthly-reports,CO/screenshots/CO_2024_02_CO_2024_02_summary_p1.png,,,2026-04-08T18:28:26.293218
CO,2024-03-01,2024-03-31,monthly,ALL,TOTAL,TOTAL,,retail,,374813391,16576355,16576355,905033,15671322,358237036,314567,,0.04422562106378958,31,False,False,CO_2024_03_hb1292.pdf,,,,1,0,https://sbg.colorado.gov/sites/sbg/files/documents/HB%2021-1292%20Report%20March%202024.pdf,https://sbg.colorado.gov/sports-betting-monthly-reports,CO/screenshots/CO_2024_03_CO_2024_03_summary_p1.png,,,2026-04-08T18:28:30.708734
CO,2024-03-01,2024-03-31,monthly,ALL,TOTAL,TOTAL,,online,,58934684333,4487601274,4487601274,1345414953,3142186321,54447083059,284944587,,0.07614533487010133,31,False,False,CO_2024_03_hb1292.pdf,,,,1,0,https://sbg.colorado.gov/sites/sbg/files/documents/HB%2021-1292%20Report%20March%202024.pdf,https://sbg.colorado.gov/sports-betting-monthly-reports,CO/screenshots/CO_2024_03_CO_2024_03_summary_p1.png,,,2026-04-08T18:28:30.708734
CO,2024-04-01,2024-04-30,monthly,ALL,TOTAL,TOTAL,,retail,,236506759,-16588712,-16588712,,6808,253095471,6808,,-0.07014054088830501,30,False,False,CO_2024_04_hb1292.pdf,,,,1,0,https://sbg.colorado.gov/sites/sbg/files/documents/HB%2021-1292%20Report%20April%202024.pdf,https://sbg.colorado.gov/sports-betting-monthly-reports,CO/screenshots/CO_2024_04_CO_2024_04_summary_p1.png,,,2026-04-08T18:28:35.369819
CO,2024-04-01,2024-04-30,monthly,ALL,TOTAL,TOTAL,,online,,50714316076,3218820274,3218820274,1274394385,1944425889,47495495802,191058748,,0.06346965754554013,30,False,False,CO_2024_04_hb1292.pdf,,,,1,0,https://sbg.colorado.gov/sites/sbg/files/documents/HB%2021-1292%20Report%20April%202024.pdf,https://sbg.colorado.gov/sports-betting-monthly-reports,CO/screenshots/CO_2024_04_CO_2024_04_summary_p1.png,,,2026-04-08T18:28:35.369819
CO,2024-04-01,2024-04-30,monthly,ALL,TOTAL,TOTAL,,retail,basketball,92752284,,,,,,,,,30,False,False,CO_2024_04_hb1292.pdf,,,,1,0,https://sbg.colorado.gov/sites/sbg/files/documents/HB%2021-1292%20Report%20April%202024.pdf,https://sbg.colorado.gov/sports-betting-monthly-reports,CO/screenshots/CO_2024_04_CO_2024_04_summary_p1.png,,,2026-04-08T18:28:35.369819
CO,2024-01-01,2024-01-31,monthly,ALL,TOTAL,TOTAL,,retail,hockey,23258051,,,,,,,,,31,False,False,CO_2024_01_hb1292.pdf,,,,1,0,https://sbg.colorado.gov/sites/sbg/files/documents/HB%2021-1292%20Report%20January%202024.pdf,https://sbg.colorado.gov/sports-betting-monthly-reports,CO/screenshots/CO_2024_01_CO_2024_01_summary_p1.png,,,2026-04-08T18:28:21.375827
CO,2024-01-01,2024-01-31,monthly,ALL,TOTAL,TOTAL,,retail,soccer,8269219,,,,,,,,,31,False,False,CO_2024_01_hb1292.pdf,,,,1,0,https://sbg.colorado.gov/sites/sbg/files/documents/HB%2021-1292%20Report%20January%202024.pdf,https://sbg.colorado.gov/sports-betting-monthly-reports,CO/screenshots/CO_2024_01_CO_2024_01_summary_p1.png,,,2026-04-08T18:28:21.375827
CO,2024-04-01,2024-04-30,monthly,ALL,TOTAL,TOTAL,,retail,football,26354236,,,,,,,,,30,False,False,CO_2024_04_hb1292.pdf,,,,1,0,https://sbg.colorado.gov/sites/sbg/files/documents/HB%2021-1292%20Report%20April%202024.pdf,https://sbg.colorado.gov/sports-betting-monthly-reports,CO/screenshots/CO_2024_04_CO_2024_04_summary_p1.png,,,2026-04-08T18:28:35.369819
CO,2024-01-01,2024-01-31,monthly,ALL,TOTAL,TOTAL,,retail,,449812640,19039402,19039402,1130787,17908615,430773238,2491055,,0.04232740547264301,31,False,False,CO_2024_01_hb1292.pdf,,,,1,0,https://sbg.colorado.gov/sites/sbg/files/documents/HB%2021-1292%20Report%20January%202024.pdf,https://sbg.colorado.gov/sports-betting-monthly-reports,CO/screenshots/CO_2024_01_CO_2024_01_summary_p1.png,,,2026-04-08T18:28:21.375827
CO,2023-12-01,2023-12-31,monthly,ALL,TOTAL,TOTAL,,online,hockey,1497942470,,,,,,,,,31,False,False,CO_2023_12_hb1292.pdf,,,,1,0,https://sbg.colorado.gov/sites/sbg/files/documents/HB%2021-1292%20Report%20December%202023%20v.2.pdf,https://sbg.colorado.gov/sports-betting-monthly-reports,CO/screenshots/CO_2023_12_CO_2023_12_summary_p1.png,,,2026-04-08T18:28:16.907078
CO,2023-12-01,2023-12-31,monthly,ALL,TOTAL,TOTAL,,online,soccer,1389876883,,,,,,,,,31,False,False,CO_2023_12_hb1292.pdf,,,,1,0,https://sbg.colorado.gov/sites/sbg/files/documents/HB%2021-1292%20Report%20December%202023%20v.2.pdf,https://sbg.colorado.gov/sports-betting-monthly-reports,CO/screenshots/CO_2023_12_CO_2023_12_summary_p1.png,,,2026-04-08T18:28:16.907078
CO,2023-12-01,2023-12-31,monthly,ALL,TOTAL,TOTAL,,online,tennis,1192854497,,,,,,,,,31,False,False,CO_2023_12_hb1292.pdf,,,,1,0,https://sbg.colorado.gov/sites/sbg/files/documents/HB%2021-1292%20Report%20December%202023%20v.2.pdf,https://sbg.colorado.gov/sports-betting-monthly-reports,CO/screenshots/CO_2023_12_CO_2023_12_summary_p1.png,,,2026-04-08T18:28:16.907078
CO,2023-12-01,2023-12-31,monthly,ALL,TOTAL,TOTAL,,online,table_tennis,876548775,,,,,,,,,31,False,False,CO_2023_12_hb1292.pdf,,,,1,0,https://sbg.colorado.gov/sites/sbg/files/documents/HB%2021-1292%20Report%20December%202023%20v.2.pdf,https://sbg.colorado.gov/sports-betting-monthly-reports,CO/screenshots/CO_2023_12_CO_2023_12_summary_p1.png,,,2026-04-08T18:28:16.907078
CO,2023-12-01,2023-12-31,monthly,ALL,TOTAL,TOTAL,,online,mma,285243168,,,,,,,,,31,False,False,CO_2023_12_hb1292.pdf,,,,1,0,https://sbg.colorado.gov/sites/sbg/files/documents/HB%2021-1292%20Report%20December%202023%20v.2.pdf,https://sbg.colorado.gov/sports-betting-monthly-reports,CO/screenshots/CO_2023_12_CO_2023_12_summary_p1.png,,,2026-04-08T18:28:16.907078
CO,2023-12-01,2023-12-31,monthly,ALL,TOTAL,TOTAL,,online,boxing,73282463,,,,,,,,,31,False,False,CO_2023_12_hb1292.pdf,,,,1,0,https://sbg.colorado.gov/sites/sbg/files/documents/HB%2021-1292%20Report%20December%202023%20v.2.pdf,https://sbg.colorado.gov/sports-betting-monthly-reports,CO/screenshots/CO_2023_12_CO_2023_12_summary_p1.png,,,2026-04-08T18:28:16.907078
CO,2024-01-01,2024-01-31,monthly,ALL,TOTAL,TOTAL,,online,,59222142800,5329992852,5329992852,1492938011,3837054841,53892149948,410345874,,0.09,31,False,False,CO_2024_01_hb1292.pdf,,,,1,0,https://sbg.colorado.gov/sites/sbg/files/documents/HB%2021-1292%20Report%20January%202024.pdf,https://sbg.colorado.gov/sports-betting-monthly-reports,CO/screenshots/CO_2024_01_CO_2024_01_summary_p1.png,,,2026-04-08T18:28:21.375827
CO,2024-01-01,2024-01-31,monthly,ALL,TOTAL,TOTAL,,online,other,2451677443,,,,,,,,,31,False,False,CO_2024_01_hb1292.pdf,,,,1,0,https://sbg.colorado.gov/sites/sbg/files/documents/HB%2021-1292%20Report%20January%202024.pdf,https://sbg.colorado.gov/sports-betting-monthly-reports,CO/screenshots/CO_2024_01_CO_2024_01_summary_p1.png,,,2026-04-08T18:28:21.375827
CO,2024-01-01,2024-01-31,monthly,ALL,TOTAL,TOTAL,,retail,basketball,130684479,,,,,,,,,31,False,False,CO_2024_01_hb1292.pdf,,,,1,0,https://sbg.colorado.gov/sites/sbg/files/documents/HB%2021-1292%20Report%20January%202024.pdf,https://sbg.colorado.gov/sports-betting-monthly-reports,CO/screenshots/CO_2024_01_CO_2024_01_summary_p1.png,,,2026-04-08T18:28:21.375827
CO,2024-01-01,2024-01-31,monthly,ALL,TOTAL,TOTAL,,online,basketball,20313718403,,,,,,,,,31,False,False,CO_2024_01_hb1292.pdf,,,,1,0,https://sbg.colorado.gov/sites/sbg/files/documents/HB%2021-1292%20Report%20January%202024.pdf,https://sbg.colorado.gov/sports-betting-monthly-reports,CO/screenshots/CO_2024_01_CO_2024_01_summary_p1.png,,,2026-04-08T18:28:21.375827
CO,2024-01-01,2024-01-31,monthly,ALL,TOTAL,TOTAL,,retail,football,171520930,,,,,,,,,31,False,False,CO_2024_01_hb1292.pdf,,,,1,0,https://sbg.colorado.gov/sites/sbg/files/documents/HB%2021-1292%20Report%20January%202024.pdf,https://sbg.colorado.gov/sports-betting-monthly-reports,CO/screenshots/CO_2024_01_CO_2024_01_summary_p1.png,,,2026-04-08T18:28:21.375827
CO,2024-01-01,2024-01-31,monthly,ALL,TOTAL,TOTAL,,online,football,12288726725,,,,,,,,,31,False,False,CO_2024_01_hb1292.pdf,,,,1,0,https://sbg.colorado.gov/sites/sbg/files/documents/HB%2021-1292%20Report%20January%202024.pdf,https://sbg.colorado.gov/sports-betting-monthly-reports,CO/screenshots/CO_2024_01_CO_2024_01_summary_p1.png,,,2026-04-08T18:28:21.375827
CO,2024-01-01,2024-01-31,monthly,ALL,TOTAL,TOTAL,,retail,tennis,1800994,,,,,,,,,31,False,False,CO_2024_01_hb1292.pdf,,,,1,0,https://sbg.colorado.gov/sites/sbg/files/documents/HB%2021-1292%20Report%20January%202024.pdf,https://sbg.colorado.gov/sports-betting-monthly-reports,CO/screenshots/CO_2024_01_CO_2024_01_summary_p1.png,,,2026-04-08T18:28:21.375827
CO,2024-01-01,2024-01-31,monthly,ALL,TOTAL,TOTAL,,online,tennis,3207542390,,,,,,,,,31,False,False,CO_2024_01_hb1292.pdf,,,,1,0,https://sbg.colorado.gov/sites/sbg/files/documents/HB%2021-1292%20Report%20January%202024.pdf,https://sbg.colorado.gov/sports-betting-monthly-reports,CO/screenshots/CO_2024_01_CO_2024_01_summary_p1.png,,,2026-04-08T18:28:21.375827
CO,2024-01-01,2024-01-31,monthly,ALL,TOTAL,TOTAL,,retail,other,7337094,,,,,,,,,31,False,False,CO_2024_01_hb1292.pdf,,,,1,0,https://sbg.colorado.gov/sites/sbg/files/documents/HB%2021-1292%20Report%20January%202024.pdf,https://sbg.colorado.gov/sports-betting-monthly-reports,CO/screenshots/CO_2024_01_CO_2024_01_summary_p1.png,,,2026-04-08T18:28:21.375827
CO,2024-04-01,2024-04-30,monthly,ALL,TOTAL,TOTAL,,online,basketball,16866476008,,,,,,,,,30,False,False,CO_2024_04_hb1292.pdf,,,,1,0,https://sbg.colorado.gov/sites/sbg/files/documents/HB%2021-1292%20Report%20April%202024.pdf,https://sbg.colorado.gov/sports-betting-monthly-reports,CO/screenshots/CO_2024_04_CO_2024_04_summary_p1.png,,,2026-04-08T18:28:35.369819
CO,2024-04-01,2024-04-30,monthly,ALL,TOTAL,TOTAL,,online,football,8560997233,,,,,,,,,30,False,False,CO_2024_04_hb1292.pdf,,,,1,0,https://sbg.colorado.gov/sites/sbg/files/documents/HB%2021-1292%20Report%20April%202024.pdf,https://sbg.colorado.gov/sports-betting-monthly-reports,CO/screenshots/CO_2024_04_CO_2024_04_summary_p1.png,,,2026-04-08T18:28:35.369819
CO,2023-06-01,2023-06-30,monthly,ALL,TOTAL,TOTAL,,retail,,244186469,-67406133,-67406133,,-68016251,311592602,,,-0.276043686106129,30,False,False,CO_2023_06_hb1292.pdf,,,,1,0,https://sbg.colorado.gov/sites/sbg/files/documents/HB%2021-1292%20Report%20June%202023.pdf,https://sbg.colorado.gov/sports-betting-monthly-reports,CO/screenshots/CO_2023_06_CO_2023_06_summary_p1.png,,,2026-04-08T18:27:50.805492
CO,2024-05-01,2024-05-31,monthly,ALL,TOTAL,TOTAL,,retail,hockey,19520,,,,,,,,,31,False,False,CO_2024_05_hb1292.pdf,,,,1,0,https://sbg.colorado.gov/sites/sbg/files/documents/HB%2021-1292%20Report%20May%202024.pdf,https://sbg.colorado.gov/sports-betting-monthly-reports,CO/screenshots/CO_2024_05_CO_2024_05_summary_p1.png,,,2026-04-08T18:28:40.988594
CO,2024-05-01,2024-05-31,monthly,ALL,TOTAL,TOTAL,,online,boxing,2552285343,,,,,,,,,31,False,False,CO_2024_05_hb1292.pdf,,,,1,0,https://sbg.colorado.gov/sites/sbg/files/documents/HB%2021-1292%20Report%20May%202024.pdf,https://sbg.colorado.gov/sports-betting-monthly-reports,CO/screenshots/CO_2024_05_CO_2024_05_summary_p1.png,,,2026-04-08T18:28:40.988594
CO,2024-05-01,2024-05-31,monthly,ALL,TOTAL,TOTAL,,retail,mma,917166,,,,,,,,,31,False,False,CO_2024_05_hb1292.pdf,,,,1,0,https://sbg.colorado.gov/sites/sbg/files/documents/HB%2021-1292%20Report%20May%202024.pdf,https://sbg.colorado.gov/sports-betting-monthly-reports,CO/screenshots/CO_2024_05_CO_2024_05_summary_p1.png,,,2026-04-08T18:28:40.988594
CO,2024-05-01,2024-05-31,monthly,ALL,TOTAL,TOTAL,,online,mma,2411841226,,,,,,,,,31,False,False,CO_2024_05_hb1292.pdf,,,,1,0,https://sbg.colorado.gov/sites/sbg/files/documents/HB%2021-1292%20Report%20May%202024.pdf,https://sbg.colorado.gov/sports-betting-monthly-reports,CO/screenshots/CO_2024_05_CO_2024_05_summary_p1.png,,,2026-04-08T18:28:40.988594
CO,2024-05-01,2024-05-31,monthly,ALL,TOTAL,TOTAL,,retail,table_tennis,9901633,,,,,,,,,31,False,False,CO_2024_05_hb1292.pdf,,,,1,0,https://sbg.colorado.gov/sites/sbg/files/documents/HB%2021-1292%20Report%20May%202024.pdf,https://sbg.colorado.gov/sports-betting-monthly-reports,CO/screenshots/CO_2024_05_CO_2024_05_summary_p1.png,,,2026-04-08T18:28:40.988594
CO,2024-05-01,2024-05-31,monthly,ALL,TOTAL,TOTAL,,online,table_tennis,1841104442,,,,,,,,,31,False,False,CO_2024_05_hb1292.pdf,,,,1,0,https://sbg.colorado.gov/sites/sbg/files/documents/HB%2021-1292%20Report%20May%202024.pdf,https://sbg.colorado.gov/sports-betting-monthly-reports,CO/screenshots/CO_2024_05_CO_2024_05_summary_p1.png,,,2026-04-08T18:28:40.988594
CO,2024-05-01,2024-05-31,monthly,ALL,TOTAL,TOTAL,,retail,soccer,5743218,,,,,,,,,31,False,False,CO_2024_05_hb1292.pdf,,,,1,0,https://sbg.colorado.gov/sites/sbg/files/documents/HB%2021-1292%20Report%20May%202024.pdf,https://sbg.colorado.gov/sports-betting-monthly-reports,CO/screenshots/CO_2024_05_CO_2024_05_summary_p1.png,,,2026-04-08T18:28:40.988594
CO,2024-05-01,2024-05-31,monthly,ALL,TOTAL,TOTAL,,online,soccer,1391659209,,,,,,,,,31,False,False,CO_2024_05_hb1292.pdf,,,,1,0,https://sbg.colorado.gov/sites/sbg/files/documents/HB%2021-1292%20Report%20May%202024.pdf,https://sbg.colorado.gov/sports-betting-monthly-reports,CO/screenshots/CO_2024_05_CO_2024_05_summary_p1.png,,,2026-04-08T18:28:40.988594
CO,2024-05-01,2024-05-31,monthly,ALL,TOTAL,TOTAL,,online,hockey,693662822,,,,,,,,,31,False,False,CO_2024_05_hb1292.pdf,,,,1,0,https://sbg.colorado.gov/sites/sbg/files/documents/HB%2021-1292%20Report%20May%202024.pdf,https://sbg.colorado.gov/sports-betting-monthly-reports,CO/screenshots/CO_2024_05_CO_2024_05_summary_p1.png,,,2026-04-08T18:28:40.988594
CO,2024-05-01,2024-05-31,monthly,ALL,TOTAL,TOTAL,,online,basketball,9204059284,,,,,,,,,31,False,False,CO_2024_05_hb1292.pdf,,,,1,0,https://sbg.colorado.gov/sites/sbg/files/documents/HB%2021-1292%20Report%20May%202024.pdf,https://sbg.colorado.gov/sports-betting-monthly-reports,CO/screenshots/CO_2024_05_CO_2024_05_summary_p1.png,,,2026-04-08T18:28:40.988594
CO,2024-05-01,2024-05-31,monthly,ALL,TOTAL,TOTAL,,retail,tennis,3801567,,,,,,,,,31,False,False,CO_2024_05_hb1292.pdf,,,,1,0,https://sbg.colorado.gov/sites/sbg/files/documents/HB%2021-1292%20Report%20May%202024.pdf,https://sbg.colorado.gov/sports-betting-monthly-reports,CO/screenshots/CO_2024_05_CO_2024_05_summary_p1.png,,,2026-04-08T18:28:40.988594
CO,2024-05-01,2024-05-31,monthly,ALL,TOTAL,TOTAL,,online,tennis,278484217,,,,,,,,,31,False,False,CO_2024_05_hb1292.pdf,,,,1,0,https://sbg.colorado.gov/sites/sbg/files/documents/HB%2021-1292%20Report%20May%202024.pdf,https://sbg.colorado.gov/sports-betting-monthly-reports,CO/screenshots/CO_2024_05_CO_2024_05_summary_p1.png,,,2026-04-08T18:28:40.988594
CO,2024-05-01,2024-05-31,monthly,ALL,TOTAL,TOTAL,,retail,baseball,909808,,,,,,,,,31,False,False,CO_2024_05_hb1292.pdf,,,,1,0,https://sbg.colorado.gov/sites/sbg/files/documents/HB%2021-1292%20Report%20May%202024.pdf,https://sbg.colorado.gov/sports-betting-monthly-reports,CO/screenshots/CO_2024_05_CO_2024_05_summary_p1.png,,,2026-04-08T18:28:40.988594
CO,2024-05-01,2024-05-31,monthly,ALL,TOTAL,TOTAL,,online,baseball,221621909,,,,,,,,,31,False,False,CO_2024_05_hb1292.pdf,,,,1,0,https://sbg.colorado.gov/sites/sbg/files/documents/HB%2021-1292%20Report%20May%202024.pdf,https://sbg.colorado.gov/sports-betting-monthly-reports,CO/screenshots/CO_2024_05_CO_2024_05_summary_p1.png,,,2026-04-08T18:28:40.988594
CO,2024-06-01,2024-06-30,monthly,ALL,TOTAL,TOTAL,,retail,,152135060,11119909,11119909,385742,10734167,141015151,713036,,0.07309234965299911,30,False,False,CO_2024_06_hb1292.pdf,,,,1,0,https://sbg.colorado.gov/sites/sbg/files/documents/HB_21-1292_Report_June_2024.pdf,https://sbg.colorado.gov/sports-betting-monthly-reports,CO/screenshots/CO_2024_06_CO_2024_06_summary_p1.png,,,2026-04-08T18:28:45.858397
CO,2024-06-01,2024-06-30,monthly,ALL,TOTAL,TOTAL,,online,,34890425979,2808509816,2808509816,902079869,1906429947,32081916163,180973076,,0.08049514264143401,30,False,False,CO_2024_06_hb1292.pdf,,,,1,0,https://sbg.colorado.gov/sites/sbg/files/documents/HB_21-1292_Report_June_2024.pdf,https://sbg.colorado.gov/sports-betting-monthly-reports,CO/screenshots/CO_2024_06_CO_2024_06_summary_p1.png,,,2026-04-08T18:28:45.858397
CO,2024-06-01,2024-06-30,monthly,ALL,TOTAL,TOTAL,,retail,baseball,41417061,,,,,,,,,30,False,False,CO_2024_06_hb1292.pdf,,,,1,0,https://sbg.colorado.gov/sites/sbg/files/documents/HB_21-1292_Report_June_2024.pdf,https://sbg.colorado.gov/sports-betting-monthly-reports,CO/screenshots/CO_2024_06_CO_2024_06_summary_p1.png,,,2026-04-08T18:28:45.858397
CO,2024-05-01,2024-05-31,monthly,ALL,TOTAL,TOTAL,,retail,boxing,29433260,,,,,,,,,31,False,False,CO_2024_05_hb1292.pdf,,,,1,0,https://sbg.colorado.gov/sites/sbg/files/documents/HB%2021-1292%20Report%20May%202024.pdf,https://sbg.colorado.gov/sports-betting-monthly-reports,CO/screenshots/CO_2024_05_CO_2024_05_summary_p1.png,,,2026-04-08T18:28:40.988594
CO,2024-05-01,2024-05-31,monthly,ALL,TOTAL,TOTAL,,retail,basketball,68587240,,,,,,,,,31,False,False,CO_2024_05_hb1292.pdf,,,,1,0,https://sbg.colorado.gov/sites/sbg/files/documents/HB%2021-1292%20Report%20May%202024.pdf,https://sbg.colorado.gov/sports-betting-monthly-reports,CO/screenshots/CO_2024_05_CO_2024_05_summary_p1.png,,,2026-04-08T18:28:40.988594
CO,2024-04-01,2024-04-30,monthly,ALL,TOTAL,TOTAL,,retail,mma,1066784,,,,,,,,,30,False,False,CO_2024_04_hb1292.pdf,,,,1,0,https://sbg.colorado.gov/sites/sbg/files/documents/HB%2021-1292%20Report%20April%202024.pdf,https://sbg.colorado.gov/sports-betting-monthly-reports,CO/screenshots/CO_2024_04_CO_2024_04_summary_p1.png,,,2026-04-08T18:28:35.369819
CO,2024-04-01,2024-04-30,monthly,ALL,TOTAL,TOTAL,,retail,soccer,7585770,,,,,,,,,30,False,False,CO_2024_04_hb1292.pdf,,,,1,0,https://sbg.colorado.gov/sites/sbg/files/documents/HB%2021-1292%20Report%20April%202024.pdf,https://sbg.colorado.gov/sports-betting-monthly-reports,CO/screenshots/CO_2024_04_CO_2024_04_summary_p1.png,,,2026-04-08T18:28:35.369819
CO,2024-04-01,2024-04-30,monthly,ALL,TOTAL,TOTAL,,online,mma,3248659969,,,,,,,,,30,False,False,CO_2024_04_hb1292.pdf,,,,1,0,https://sbg.colorado.gov/sites/sbg/files/documents/HB%2021-1292%20Report%20April%202024.pdf,https://sbg.colorado.gov/sports-betting-monthly-reports,CO/screenshots/CO_2024_04_CO_2024_04_summary_p1.png,,,2026-04-08T18:28:35.369819
CO,2024-04-01,2024-04-30,monthly,ALL,TOTAL,TOTAL,,retail,other,10598985,,,,,,,,,30,False,False,CO_2024_04_hb1292.pdf,,,,1,0,https://sbg.colorado.gov/sites/sbg/files/documents/HB%2021-1292%20Report%20April%202024.pdf,https://sbg.colorado.gov/sports-betting-monthly-reports,CO/screenshots/CO_2024_04_CO_2024_04_summary_p1.png,,,2026-04-08T18:28:35.369819
CO,2024-04-01,2024-04-30,monthly,ALL,TOTAL,TOTAL,,online,other,2617292336,,,,,,,,,30,False,False,CO_2024_04_hb1292.pdf,,,,1,0,https://sbg.colorado.gov/sites/sbg/files/documents/HB%2021-1292%20Report%20April%202024.pdf,https://sbg.colorado.gov/sports-betting-monthly-reports,CO/screenshots/CO_2024_04_CO_2024_04_summary_p1.png,,,2026-04-08T18:28:35.369819
CO,2024-04-01,2024-04-30,monthly,ALL,TOTAL,TOTAL,,retail,golf,17835579,,,,,,,,,30,False,False,CO_2024_04_hb1292.pdf,,,,1,0,https://sbg.colorado.gov/sites/sbg/files/documents/HB%2021-1292%20Report%20April%202024.pdf,https://sbg.colorado.gov/sports-betting-monthly-reports,CO/screenshots/CO_2024_04_CO_2024_04_summary_p1.png,,,2026-04-08T18:28:35.369819
CO,2024-04-01,2024-04-30,monthly,ALL,TOTAL,TOTAL,,online,golf,2082883123,,,,,,,,,30,False,False,CO_2024_04_hb1292.pdf,,,,1,0,https://sbg.colorado.gov/sites/sbg/files/documents/HB%2021-1292%20Report%20April%202024.pdf,https://sbg.colorado.gov/sports-betting-monthly-reports,CO/screenshots/CO_2024_04_CO_2024_04_summary_p1.png,,,2026-04-08T18:28:35.369819
CO,2024-04-01,2024-04-30,monthly,ALL,TOTAL,TOTAL,,retail,table_tennis,10800,,,,,,,,,30,False,False,CO_2024_04_hb1292.pdf,,,,1,0,https://sbg.colorado.gov/sites/sbg/files/documents/HB%2021-1292%20Report%20April%202024.pdf,https://sbg.colorado.gov/sports-betting-monthly-reports,CO/screenshots/CO_2024_04_CO_2024_04_summary_p1.png,,,2026-04-08T18:28:35.369819
CO,2024-04-01,2024-04-30,monthly,ALL,TOTAL,TOTAL,,online,table_tennis,1304012929,,,,,,,,,30,False,False,CO_2024_04_hb1292.pdf,,,,1,0,https://sbg.colorado.gov/sites/sbg/files/documents/HB%2021-1292%20Report%20April%202024.pdf,https://sbg.colorado.gov/sports-betting-monthly-reports,CO/screenshots/CO_2024_04_CO_2024_04_summary_p1.png,,,2026-04-08T18:28:35.369819
CO,2024-04-01,2024-04-30,monthly,ALL,TOTAL,TOTAL,,online,soccer,1159947447,,,,,,,,,30,False,False,CO_2024_04_hb1292.pdf,,,,1,0,https://sbg.colorado.gov/sites/sbg/files/documents/HB%2021-1292%20Report%20April%202024.pdf,https://sbg.colorado.gov/sports-betting-monthly-reports,CO/screenshots/CO_2024_04_CO_2024_04_summary_p1.png,,,2026-04-08T18:28:35.369819
CO,2024-05-01,2024-05-31,monthly,ALL,TOTAL,TOTAL,,online,,44598469075,4497097379,4497097379,1144547419,3352549960,40101371696,320600592,,0.10083524103568123,31,False,False,CO_2024_05_hb1292.pdf,,,,1,0,https://sbg.colorado.gov/sites/sbg/files/documents/HB%2021-1292%20Report%20May%202024.pdf,https://sbg.colorado.gov/sports-betting-monthly-reports,CO/screenshots/CO_2024_05_CO_2024_05_summary_p1.png,,,2026-04-08T18:28:40.988594
CO,2024-04-01,2024-04-30,monthly,ALL,TOTAL,TOTAL,,retail,hockey,27603475,,,,,,,,,30,False,False,CO_2024_04_hb1292.pdf,,,,1,0,https://sbg.colorado.gov/sites/sbg/files/documents/HB%2021-1292%20Report%20April%202024.pdf,https://sbg.colorado.gov/sports-betting-monthly-reports,CO/screenshots/CO_2024_04_CO_2024_04_summary_p1.png,,,2026-04-08T18:28:35.369819
CO,2024-04-01,2024-04-30,monthly,ALL,TOTAL,TOTAL,,online,hockey,818625628,,,,,,,,,30,False,False,CO_2024_04_hb1292.pdf,,,,1,0,https://sbg.colorado.gov/sites/sbg/files/documents/HB%2021-1292%20Report%20April%202024.pdf,https://sbg.colorado.gov/sports-betting-monthly-reports,CO/screenshots/CO_2024_04_CO_2024_04_summary_p1.png,,,2026-04-08T18:28:35.369819
CO,2024-04-01,2024-04-30,monthly,ALL,TOTAL,TOTAL,,retail,tennis,4508854,,,,,,,,,30,False,False,CO_2024_04_hb1292.pdf,,,,1,0,https://sbg.colorado.gov/sites/sbg/files/documents/HB%2021-1292%20Report%20April%202024.pdf,https://sbg.colorado.gov/sports-betting-monthly-reports,CO/screenshots/CO_2024_04_CO_2024_04_summary_p1.png,,,2026-04-08T18:28:35.369819
CO,2024-04-01,2024-04-30,monthly,ALL,TOTAL,TOTAL,,online,tennis,501786951,,,,,,,,,30,False,False,CO_2024_04_hb1292.pdf,,,,1,0,https://sbg.colorado.gov/sites/sbg/files/documents/HB%2021-1292%20Report%20April%202024.pdf,https://sbg.colorado.gov/sports-betting-monthly-reports,CO/screenshots/CO_2024_04_CO_2024_04_summary_p1.png,,,2026-04-08T18:28:35.369819
CO,2024-04-01,2024-04-30,monthly,ALL,TOTAL,TOTAL,,retail,baseball,2035366,,,,,,,,,30,False,False,CO_2024_04_hb1292.pdf,,,,1,0,https://sbg.colorado.gov/sites/sbg/files/documents/HB%2021-1292%20Report%20April%202024.pdf,https://sbg.colorado.gov/sports-betting-monthly-reports,CO/screenshots/CO_2024_04_CO_2024_04_summary_p1.png,,,2026-04-08T18:28:35.369819
CO,2024-04-01,2024-04-30,monthly,ALL,TOTAL,TOTAL,,online,baseball,226135562,,,,,,,,,30,False,False,CO_2024_04_hb1292.pdf,,,,1,0,https://sbg.colorado.gov/sites/sbg/files/documents/HB%2021-1292%20Report%20April%202024.pdf,https://sbg.colorado.gov/sports-betting-monthly-reports,CO/screenshots/CO_2024_04_CO_2024_04_summary_p1.png,,,2026-04-08T18:28:35.369819
CO,2024-05-01,2024-05-31,monthly,ALL,TOTAL,TOTAL,,retail,,157724373,2038142,2038142,395589,1642553,155686231,32034,,0.012922175319092883,31,False,False,CO_2024_05_hb1292.pdf,,,,1,0,https://sbg.colorado.gov/sites/sbg/files/documents/HB%2021-1292%20Report%20May%202024.pdf,https://sbg.colorado.gov/sports-betting-monthly-reports,CO/screenshots/CO_2024_05_CO_2024_05_summary_p1.png,,,2026-04-08T18:28:40.988594
CO,2023-12-01,2023-12-31,monthly,ALL,TOTAL,TOTAL,,online,other,4569877336,,,,,,,,,31,False,False,CO_2023_12_hb1292.pdf,,,,1,0,https://sbg.colorado.gov/sites/sbg/files/documents/HB%2021-1292%20Report%20December%202023%20v.2.pdf,https://sbg.colorado.gov/sports-betting-monthly-reports,CO/screenshots/CO_2023_12_CO_2023_12_summary_p1.png,,,2026-04-08T18:28:16.907078
CO,2023-12-01,2023-12-31,monthly,ALL,TOTAL,TOTAL,,online,basketball,17028415441,,,,,,,,,31,False,False,CO_2023_12_hb1292.pdf,,,,1,0,https://sbg.colorado.gov/sites/sbg/files/documents/HB%2021-1292%20Report%20December%202023%20v.2.pdf,https://sbg.colorado.gov/sports-betting-monthly-reports,CO/screenshots/CO_2023_12_CO_2023_12_summary_p1.png,,,2026-04-08T18:28:16.907078
CO,2023-12-01,2023-12-31,monthly,ALL,TOTAL,TOTAL,,online,football,19093802682,,,,,,,,,31,False,False,CO_2023_12_hb1292.pdf,,,,1,0,https://sbg.colorado.gov/sites/sbg/files/documents/HB%2021-1292%20Report%20December%202023%20v.2.pdf,https://sbg.colorado.gov/sports-betting-monthly-reports,CO/screenshots/CO_2023_12_CO_2023_12_summary_p1.png,,,2026-04-08T18:28:16.907078
CO,2023-08-01,2023-08-31,monthly,ALL,TOTAL,TOTAL,,online,tennis,2985166739,,,,,,,,,31,False,False,CO_2023_08_hb1292.pdf,,,,1,0,https://sbg.colorado.gov/sites/sbg/files/documents/HB%2021-1292%20Report%20August%202023.pdf,https://sbg.colorado.gov/sports-betting-monthly-reports,CO/screenshots/CO_2023_08_CO_2023_08_summary_p1.png,,,2026-04-08T18:27:59.359673
CO,2023-07-01,2023-07-31,monthly,ALL,TOTAL,TOTAL,,online,boxing,98907843,,,,,,,,,31,False,False,CO_2023_07_hb1292.pdf,,,,1,0,https://sbg.colorado.gov/sites/sbg/files/documents/HB%2021-1292%20Report%20July%202023_0.pdf,https://sbg.colorado.gov/sports-betting-monthly-reports,CO/screenshots/CO_2023_07_CO_2023_07_summary_p1.png,,,2026-04-08T18:27:55.142522
CO,2023-07-01,2023-07-31,monthly,ALL,TOTAL,TOTAL,,online,other,79994119,,,,,,,,,31,False,False,CO_2023_07_hb1292.pdf,,,,1,0,https://sbg.colorado.gov/sites/sbg/files/documents/HB%2021-1292%20Report%20July%202023_0.pdf,https://sbg.colorado.gov/sports-betting-monthly-reports,CO/screenshots/CO_2023_07_CO_2023_07_summary_p1.png,,,2026-04-08T18:27:55.142522
CO,2023-08-01,2023-08-31,monthly,ALL,TOTAL,TOTAL,,retail,,189518528,24873167,24873167,468772,24404395,164645361,759493,,0.1312439858123001,31,False,False,CO_2023_08_hb1292.pdf,,,,1,0,https://sbg.colorado.gov/sites/sbg/files/documents/HB%2021-1292%20Report%20August%202023.pdf,https://sbg.colorado.gov/sports-betting-monthly-reports,CO/screenshots/CO_2023_08_CO_2023_08_summary_p1.png,,,2026-04-08T18:27:59.359673
CO,2023-08-01,2023-08-31,monthly,ALL,TOTAL,TOTAL,,online,,30417060541,2562432606,2562432606,718497839,1843934767,27854627935,179843036,,0.08424326875853194,31,False,False,CO_2023_08_hb1292.pdf,,,,1,0,https://sbg.colorado.gov/sites/sbg/files/documents/HB%2021-1292%20Report%20August%202023.pdf,https://sbg.colorado.gov/sports-betting-monthly-reports,CO/screenshots/CO_2023_08_CO_2023_08_summary_p1.png,,,2026-04-08T18:27:59.359673
CO,2023-08-01,2023-08-31,monthly,ALL,TOTAL,TOTAL,,retail,baseball,24873167,,,,,,,,,31,False,False,CO_2023_08_hb1292.pdf,,,,1,0,https://sbg.colorado.gov/sites/sbg/files/documents/HB%2021-1292%20Report%20August%202023.pdf,https://sbg.colorado.gov/sports-betting-monthly-reports,CO/screenshots/CO_2023_08_CO_2023_08_summary_p1.png,,,2026-04-08T18:27:59.359673
CO,2023-08-01,2023-08-31,monthly,ALL,TOTAL,TOTAL,,online,baseball,10470976901,,,,,,,,,31,False,False,CO_2023_08_hb1292.pdf,,,,1,0,https://sbg.colorado.gov/sites/sbg/files/documents/HB%2021-1292%20Report%20August%202023.pdf,https://sbg.colorado.gov/sports-betting-monthly-reports,CO/screenshots/CO_2023_08_CO_2023_08_summary_p1.png,,,2026-04-08T18:27:59.359673
CO,2023-08-01,2023-08-31,monthly,ALL,TOTAL,TOTAL,,retail,tennis,24404395,,,,,,,,,31,False,False,CO_2023_08_hb1292.pdf,,,,1,0,https://sbg.colorado.gov/sites/sbg/files/documents/HB%2021-1292%20Report%20August%202023.pdf,https://sbg.colorado.gov/sports-betting-monthly-reports,CO/screenshots/CO_2023_08_CO_2023_08_summary_p1.png,,,2026-04-08T18:27:59.359673
CO,2023-08-01,2023-08-31,monthly,ALL,TOTAL,TOTAL,,retail,basketball,759493,,,,,,,,,31,False,False,CO_2023_08_hb1292.pdf,,,,1,0,https://sbg.colorado.gov/sites/sbg/files/documents/HB%2021-1292%20Report%20August%202023.pdf,https://sbg.colorado.gov/sports-betting-monthly-reports,CO/screenshots/CO_2023_08_CO_2023_08_summary_p1.png,,,2026-04-08T18:27:59.359673
CO,2023-07-01,2023-07-31,monthly,ALL,TOTAL,TOTAL,,online,mma,565860096,,,,,,,,,31,False,False,CO_2023_07_hb1292.pdf,,,,1,0,https://sbg.colorado.gov/sites/sbg/files/documents/HB%2021-1292%20Report%20July%202023_0.pdf,https://sbg.colorado.gov/sports-betting-monthly-reports,CO/screenshots/CO_2023_07_CO_2023_07_summary_p1.png,,,2026-04-08T18:27:55.142522
CO,2023-08-01,2023-08-31,monthly,ALL,TOTAL,TOTAL,,online,basketball,2628165894,,,,,,,,,31,False,False,CO_2023_08_hb1292.pdf,,,,1,0,https://sbg.colorado.gov/sites/sbg/files/documents/HB%2021-1292%20Report%20August%202023.pdf,https://sbg.colorado.gov/sports-betting-monthly-reports,CO/screenshots/CO_2023_08_CO_2023_08_summary_p1.png,,,2026-04-08T18:27:59.359673
CO,2023-08-01,2023-08-31,monthly,ALL,TOTAL,TOTAL,,online,soccer,2051635314,,,,,,,,,31,False,False,CO_2023_08_hb1292.pdf,,,,1,0,https://sbg.colorado.gov/sites/sbg/files/documents/HB%2021-1292%20Report%20August%202023.pdf,https://sbg.colorado.gov/sports-betting-monthly-reports,CO/screenshots/CO_2023_08_CO_2023_08_summary_p1.png,,,2026-04-08T18:27:59.359673
CO,2023-08-01,2023-08-31,monthly,ALL,TOTAL,TOTAL,,online,football,1918358111,,,,,,,,,31,False,False,CO_2023_08_hb1292.pdf,,,,1,0,https://sbg.colorado.gov/sites/sbg/files/documents/HB%2021-1292%20Report%20August%202023.pdf,https://sbg.colorado.gov/sports-betting-monthly-reports,CO/screenshots/CO_2023_08_CO_2023_08_summary_p1.png,,,2026-04-08T18:27:59.359673
CO,2023-08-01,2023-08-31,monthly,ALL,TOTAL,TOTAL,,online,table_tennis,1242989421,,,,,,,,,31,False,False,CO_2023_08_hb1292.pdf,,,,1,0,https://sbg.colorado.gov/sites/sbg/files/documents/HB%2021-1292%20Report%20August%202023.pdf,https://sbg.colorado.gov/sports-betting-monthly-reports,CO/screenshots/CO_2023_08_CO_2023_08_summary_p1.png,,,2026-04-08T18:27:59.359673
CO,2023-08-01,2023-08-31,monthly,ALL,TOTAL,TOTAL,,online,other,580424512,,,,,,,,,31,False,False,CO_2023_08_hb1292.pdf,,,,1,0,https://sbg.colorado.gov/sites/sbg/files/documents/HB%2021-1292%20Report%20August%202023.pdf,https://sbg.colorado.gov/sports-betting-monthly-reports,CO/screenshots/CO_2023_08_CO_2023_08_summary_p1.png,,,2026-04-08T18:27:59.359673
CO,2023-08-01,2023-08-31,monthly,ALL,TOTAL,TOTAL,,online,golf,577999066,,,,,,,,,31,False,False,CO_2023_08_hb1292.pdf,,,,1,0,https://sbg.colorado.gov/sites/sbg/files/documents/HB%2021-1292%20Report%20August%202023.pdf,https://sbg.colorado.gov/sports-betting-monthly-reports,CO/screenshots/CO_2023_08_CO_2023_08_summary_p1.png,,,2026-04-08T18:27:59.359673
CO,2023-08-01,2023-08-31,monthly,ALL,TOTAL,TOTAL,,online,mma,455105785,,,,,,,,,31,False,False,CO_2023_08_hb1292.pdf,,,,1,0,https://sbg.colorado.gov/sites/sbg/files/documents/HB%2021-1292%20Report%20August%202023.pdf,https://sbg.colorado.gov/sports-betting-monthly-reports,CO/screenshots/CO_2023_08_CO_2023_08_summary_p1.png,,,2026-04-08T18:27:59.359673
CO,2023-07-01,2023-07-31,monthly,ALL,TOTAL,TOTAL,,online,football,168668248,,,,,,,,,31,False,False,CO_2023_07_hb1292.pdf,,,,1,0,https://sbg.colorado.gov/sites/sbg/files/documents/HB%2021-1292%20Report%20July%202023_0.pdf,https://sbg.colorado.gov/sports-betting-monthly-reports,CO/screenshots/CO_2023_07_CO_2023_07_summary_p1.png,,,2026-04-08T18:27:55.142522
CO,2023-07-01,2023-07-31,monthly,ALL,TOTAL,TOTAL,,online,golf,758152765,,,,,,,,,31,False,False,CO_2023_07_hb1292.pdf,,,,1,0,https://sbg.colorado.gov/sites/sbg/files/documents/HB%2021-1292%20Report%20July%202023_0.pdf,https://sbg.colorado.gov/sports-betting-monthly-reports,CO/screenshots/CO_2023_07_CO_2023_07_summary_p1.png,,,2026-04-08T18:27:55.142522
CO,2023-12-01,2023-12-31,monthly,ALL,TOTAL,TOTAL,,online,,71197406762,4047395289,4047395289,1545830413,2501564876,67150011473,367438548,,0.0568475099455477,31,False,False,CO_2023_12_hb1292.pdf,,,,1,0,https://sbg.colorado.gov/sites/sbg/files/documents/HB%2021-1292%20Report%20December%202023%20v.2.pdf,https://sbg.colorado.gov/sports-betting-monthly-reports,CO/screenshots/CO_2023_12_CO_2023_12_summary_p1.png,,,2026-04-08T18:28:16.907078
CO,2023-06-01,2023-06-30,monthly,ALL,TOTAL,TOTAL,,online,football,453336010,,,,,,,,,30,False,False,CO_2023_06_hb1292.pdf,,,,1,0,https://sbg.colorado.gov/sites/sbg/files/documents/HB%2021-1292%20Report%20June%202023.pdf,https://sbg.colorado.gov/sports-betting-monthly-reports,CO/screenshots/CO_2023_06_CO_2023_06_summary_p1.png,,,2026-04-08T18:27:50.805492
CO,2023-06-01,2023-06-30,monthly,ALL,TOTAL,TOTAL,,online,,30821461370,989772263,989772263,724352893,265419370,29831689107,44195058,,0.032113086758546516,30,False,False,CO_2023_06_hb1292.pdf,,,,1,0,https://sbg.colorado.gov/sites/sbg/files/documents/HB%2021-1292%20Report%20June%202023.pdf,https://sbg.colorado.gov/sports-betting-monthly-reports,CO/screenshots/CO_2023_06_CO_2023_06_summary_p1.png,,,2026-04-08T18:27:50.805492
CO,2023-06-01,2023-06-30,monthly,ALL,TOTAL,TOTAL,,online,baseball,10352173569,,,,,,,,,30,False,False,CO_2023_06_hb1292.pdf,,,,1,0,https://sbg.colorado.gov/sites/sbg/files/documents/HB%2021-1292%20Report%20June%202023.pdf,https://sbg.colorado.gov/sports-betting-monthly-reports,CO/screenshots/CO_2023_06_CO_2023_06_summary_p1.png,,,2026-04-08T18:27:50.805492
CO,2023-06-01,2023-06-30,monthly,ALL,TOTAL,TOTAL,,online,basketball,5722939858,,,,,,,,,30,False,False,CO_2023_06_hb1292.pdf,,,,1,0,https://sbg.colorado.gov/sites/sbg/files/documents/HB%2021-1292%20Report%20June%202023.pdf,https://sbg.colorado.gov/sports-betting-monthly-reports,CO/screenshots/CO_2023_06_CO_2023_06_summary_p1.png,,,2026-04-08T18:27:50.805492
CO,2023-06-01,2023-06-30,monthly,ALL,TOTAL,TOTAL,,online,tennis,2367796229,,,,,,,,,30,False,False,CO_2023_06_hb1292.pdf,,,,1,0,https://sbg.colorado.gov/sites/sbg/files/documents/HB%2021-1292%20Report%20June%202023.pdf,https://sbg.colorado.gov/sports-betting-monthly-reports,CO/screenshots/CO_2023_06_CO_2023_06_summary_p1.png,,,2026-04-08T18:27:50.805492
CO,2023-06-01,2023-06-30,monthly,ALL,TOTAL,TOTAL,,online,table_tennis,1186705862,,,,,,,,,30,False,False,CO_2023_06_hb1292.pdf,,,,1,0,https://sbg.colorado.gov/sites/sbg/files/documents/HB%2021-1292%20Report%20June%202023.pdf,https://sbg.colorado.gov/sports-betting-monthly-reports,CO/screenshots/CO_2023_06_CO_2023_06_summary_p1.png,,,2026-04-08T18:27:50.805492
CO,2023-06-01,2023-06-30,monthly,ALL,TOTAL,TOTAL,,online,hockey,966580234,,,,,,,,,30,False,False,CO_2023_06_hb1292.pdf,,,,1,0,https://sbg.colorado.gov/sites/sbg/files/documents/HB%2021-1292%20Report%20June%202023.pdf,https://sbg.colorado.gov/sports-betting-monthly-reports,CO/screenshots/CO_2023_06_CO_2023_06_summary_p1.png,,,2026-04-08T18:27:50.805492
CO,2023-06-01,2023-06-30,monthly,ALL,TOTAL,TOTAL,,online,mma,780336777,,,,,,,,,30,False,False,CO_2023_06_hb1292.pdf,,,,1,0,https://sbg.colorado.gov/sites/sbg/files/documents/HB%2021-1292%20Report%20June%202023.pdf,https://sbg.colorado.gov/sports-betting-monthly-reports,CO/screenshots/CO_2023_06_CO_2023_06_summary_p1.png,,,2026-04-08T18:27:50.805492
CO,2023-06-01,2023-06-30,monthly,ALL,TOTAL,TOTAL,,online,other,392382126,,,,,,,,,30,False,False,CO_2023_06_hb1292.pdf,,,,1,0,https://sbg.colorado.gov/sites/sbg/files/documents/HB%2021-1292%20Report%20June%202023.pdf,https://sbg.colorado.gov/sports-betting-monthly-reports,CO/screenshots/CO_2023_06_CO_2023_06_summary_p1.png,,,2026-04-08T18:27:50.805492
CO,2023-07-01,2023-07-31,monthly,ALL,TOTAL,TOTAL,,online,table_tennis,1217634562,,,,,,,,,31,False,False,CO_2023_07_hb1292.pdf,,,,1,0,https://sbg.colorado.gov/sites/sbg/files/documents/HB%2021-1292%20Report%20July%202023_0.pdf,https://sbg.colorado.gov/sports-betting-monthly-reports,CO/screenshots/CO_2023_07_CO_2023_07_summary_p1.png,,,2026-04-08T18:27:55.142522
CO,2023-06-01,2023-06-30,monthly,ALL,TOTAL,TOTAL,,online,soccer,129445640,,,,,,,,,30,False,False,CO_2023_06_hb1292.pdf,,,,1,0,https://sbg.colorado.gov/sites/sbg/files/documents/HB%2021-1292%20Report%20June%202023.pdf,https://sbg.colorado.gov/sports-betting-monthly-reports,CO/screenshots/CO_2023_06_CO_2023_06_summary_p1.png,,,2026-04-08T18:27:50.805492
CO,2023-07-01,2023-07-31,monthly,ALL,TOTAL,TOTAL,,retail,,173212029,14416553,14416553,432279,13984274,158795476,,,0.0832306686968028,31,False,False,CO_2023_07_hb1292.pdf,,,,1,0,https://sbg.colorado.gov/sites/sbg/files/documents/HB%2021-1292%20Report%20July%202023_0.pdf,https://sbg.colorado.gov/sports-betting-monthly-reports,CO/screenshots/CO_2023_07_CO_2023_07_summary_p1.png,,,2026-04-08T18:27:55.142522
CO,2023-07-01,2023-07-31,monthly,ALL,TOTAL,TOTAL,,online,,27937837007,2481794047,2481794047,588191217,1893602830,25456042960,177877259,,0.0888327198121376,31,False,False,CO_2023_07_hb1292.pdf,,,,1,0,https://sbg.colorado.gov/sites/sbg/files/documents/HB%2021-1292%20Report%20July%202023_0.pdf,https://sbg.colorado.gov/sports-betting-monthly-reports,CO/screenshots/CO_2023_07_CO_2023_07_summary_p1.png,,,2026-04-08T18:27:55.142522
CO,2023-07-01,2023-07-31,monthly,ALL,TOTAL,TOTAL,,online,baseball,10397642772,,,,,,,,,31,False,False,CO_2023_07_hb1292.pdf,,,,1,0,https://sbg.colorado.gov/sites/sbg/files/documents/HB%2021-1292%20Report%20July%202023_0.pdf,https://sbg.colorado.gov/sports-betting-monthly-reports,CO/screenshots/CO_2023_07_CO_2023_07_summary_p1.png,,,2026-04-08T18:27:55.142522
CO,2023-07-01,2023-07-31,monthly,ALL,TOTAL,TOTAL,,online,basketball,3439282155,,,,,,,,,31,False,False,CO_2023_07_hb1292.pdf,,,,1,0,https://sbg.colorado.gov/sites/sbg/files/documents/HB%2021-1292%20Report%20July%202023_0.pdf,https://sbg.colorado.gov/sports-betting-monthly-reports,CO/screenshots/CO_2023_07_CO_2023_07_summary_p1.png,,,2026-04-08T18:27:55.142522
CO,2023-07-01,2023-07-31,monthly,ALL,TOTAL,TOTAL,,online,tennis,3386278644,,,,,,,,,31,False,False,CO_2023_07_hb1292.pdf,,,,1,0,https://sbg.colorado.gov/sites/sbg/files/documents/HB%2021-1292%20Report%20July%202023_0.pdf,https://sbg.colorado.gov/sports-betting-monthly-reports,CO/screenshots/CO_2023_07_CO_2023_07_summary_p1.png,,,2026-04-08T18:27:55.142522
CO,2023-07-01,2023-07-31,monthly,ALL,TOTAL,TOTAL,,online,soccer,1755171308,,,,,,,,,31,False,False,CO_2023_07_hb1292.pdf,,,,1,0,https://sbg.colorado.gov/sites/sbg/files/documents/HB%2021-1292%20Report%20July%202023_0.pdf,https://sbg.colorado.gov/sports-betting-monthly-reports,CO/screenshots/CO_2023_07_CO_2023_07_summary_p1.png,,,2026-04-08T18:27:55.142522
CO,2023-08-01,2023-08-31,monthly,ALL,TOTAL,TOTAL,,online,boxing,69294865,,,,,,,,,31,False,False,CO_2023_08_hb1292.pdf,,,,1,0,https://sbg.colorado.gov/sites/sbg/files/documents/HB%2021-1292%20Report%20August%202023.pdf,https://sbg.colorado.gov/sports-betting-monthly-reports,CO/screenshots/CO_2023_08_CO_2023_08_summary_p1.png,,,2026-04-08T18:27:59.359673
CO,2023-09-01,2023-09-30,monthly,ALL,TOTAL,TOTAL,,retail,,487269790,87810369,87810369,1216499,86593870,399459421,4581369,,0.1802089331251174,30,False,False,CO_2023_09_hb1292.pdf,,,,1,0,https://sbg.colorado.gov/sites/sbg/files/documents/HB%2021-1292%20Report%20September%202023.pdf,https://sbg.colorado.gov/sports-betting-monthly-reports,CO/screenshots/CO_2023_09_CO_2023_09_summary_p1.png,,,2026-04-08T18:28:03.800432
CO,2023-09-01,2023-09-30,monthly,ALL,TOTAL,TOTAL,,online,,50792009617,4439841326,4439841326,1277543585,3162297741,46352168291,308032238,,0.08741220045197803,30,False,False,CO_2023_09_hb1292.pdf,,,,1,0,https://sbg.colorado.gov/sites/sbg/files/documents/HB%2021-1292%20Report%20September%202023.pdf,https://sbg.colorado.gov/sports-betting-monthly-reports,CO/screenshots/CO_2023_09_CO_2023_09_summary_p1.png,,,2026-04-08T18:28:03.800432
CO,2023-10-01,2023-10-31,monthly,ALL,TOTAL,TOTAL,,online,table_tennis,1119561289,,,,,,,,,31,False,False,CO_2023_10_hb1292.pdf,,,,1,0,https://sbg.colorado.gov/sites/sbg/files/documents/HB%2021-1292%20Report%20October%202023_0.pdf,https://sbg.colorado.gov/sports-betting-monthly-reports,CO/screenshots/CO_2023_10_CO_2023_10_summary_p1.png,,,2026-04-08T18:28:08.193534
CO,2023-10-01,2023-10-31,monthly,ALL,TOTAL,TOTAL,,online,mma,252489884,,,,,,,,,31,False,False,CO_2023_10_hb1292.pdf,,,,1,0,https://sbg.colorado.gov/sites/sbg/files/documents/HB%2021-1292%20Report%20October%202023_0.pdf,https://sbg.colorado.gov/sports-betting-monthly-reports,CO/screenshots/CO_2023_10_CO_2023_10_summary_p1.png,,,2026-04-08T18:28:08.193534
CO,2023-10-01,2023-10-31,monthly,ALL,TOTAL,TOTAL,,online,golf,142863197,,,,,,,,,31,False,False,CO_2023_10_hb1292.pdf,,,,1,0,https://sbg.colorado.gov/sites/sbg/files/documents/HB%2021-1292%20Report%20October%202023_0.pdf,https://sbg.colorado.gov/sports-betting-monthly-reports,CO/screenshots/CO_2023_10_CO_2023_10_summary_p1.png,,,2026-04-08T18:28:08.193534
CO,2023-11-01,2023-11-30,monthly,ALL,TOTAL,TOTAL,,retail,,556654895,36961885,36961885,1393505,35568380,519693010,2891889,,0.06639999994969953,30,False,False,CO_2023_11_hb1292.pdf,,,,1,0,https://sbg.colorado.gov/sites/sbg/files/documents/HB%2021-1292%20Report%20November%202023.pdf,https://sbg.colorado.gov/sports-betting-monthly-reports,CO/screenshots/CO_2023_11_CO_2023_11_summary_p1.png,,,2026-04-08T18:28:12.514742
CO,2023-11-01,2023-11-30,monthly,ALL,TOTAL,TOTAL,,online,,60290570171,2821598684,2821598684,1461046625,1360552059,57468971487,146030558,,0.04679999999995356,30,False,False,CO_2023_11_hb1292.pdf,,,,1,0,https://sbg.colorado.gov/sites/sbg/files/documents/HB%2021-1292%20Report%20November%202023.pdf,https://sbg.colorado.gov/sports-betting-monthly-reports,CO/screenshots/CO_2023_11_CO_2023_11_summary_p1.png,,,2026-04-08T18:28:12.514742
CO,2023-11-01,2023-11-30,monthly,ALL,TOTAL,TOTAL,,online,football,14925885701,,468351857,,,14457533844,,,,30,False,False,CO_2023_11_hb1292.pdf,,,,1,0,https://sbg.colorado.gov/sites/sbg/files/documents/HB%2021-1292%20Report%20November%202023.pdf,https://sbg.colorado.gov/sports-betting-monthly-reports,CO/screenshots/CO_2023_11_CO_2023_11_summary_p1.png,,,2026-04-08T18:28:12.514742
CO,2023-11-01,2023-11-30,monthly,ALL,TOTAL,TOTAL,,online,basketball,14179210334,,550383393,,,13628826941,,,,30,False,False,CO_2023_11_hb1292.pdf,,,,1,0,https://sbg.colorado.gov/sites/sbg/files/documents/HB%2021-1292%20Report%20November%202023.pdf,https://sbg.colorado.gov/sports-betting-monthly-reports,CO/screenshots/CO_2023_11_CO_2023_11_summary_p1.png,,,2026-04-08T18:28:12.514742
CO,2023-11-01,2023-11-30,monthly,ALL,TOTAL,TOTAL,,online,other,3770132108,,168609529,,,3601522579,,,,30,False,False,CO_2023_11_hb1292.pdf,,,,1,0,https://sbg.colorado.gov/sites/sbg/files/documents/HB%2021-1292%20Report%20November%202023.pdf,https://sbg.colorado.gov/sports-betting-monthly-reports,CO/screenshots/CO_2023_11_CO_2023_11_summary_p1.png,,,2026-04-08T18:28:12.514742
CO,2023-09-01,2023-09-30,monthly,ALL,TOTAL,TOTAL,,online,football,15598137942,,,,,,,,,30,False,False,CO_2023_09_hb1292.pdf,,,,1,0,https://sbg.colorado.gov/sites/sbg/files/documents/HB%2021-1292%20Report%20September%202023.pdf,https://sbg.colorado.gov/sports-betting-monthly-reports,CO/screenshots/CO_2023_09_CO_2023_09_summary_p1.png,,,2026-04-08T18:28:03.800432
CO,2023-11-01,2023-11-30,monthly,ALL,TOTAL,TOTAL,,online,tennis,2261792001,,218235837,,,2043556164,,,,30,False,False,CO_2023_11_hb1292.pdf,,,,1,0,https://sbg.colorado.gov/sites/sbg/files/documents/HB%2021-1292%20Report%20November%202023.pdf,https://sbg.colorado.gov/sports-betting-monthly-reports,CO/screenshots/CO_2023_11_CO_2023_11_summary_p1.png,,,2026-04-08T18:28:12.514742
CO,2023-11-01,2023-11-30,monthly,ALL,TOTAL,TOTAL,,online,hockey,1954630004,,92011446,,,1862618558,,,,30,False,False,CO_2023_11_hb1292.pdf,,,,1,0,https://sbg.colorado.gov/sites/sbg/files/documents/HB%2021-1292%20Report%20November%202023.pdf,https://sbg.colorado.gov/sports-betting-monthly-reports,CO/screenshots/CO_2023_11_CO_2023_11_summary_p1.png,,,2026-04-08T18:28:12.514742
CO,2023-11-01,2023-11-30,monthly,ALL,TOTAL,TOTAL,,online,soccer,1457057849,,173726268,,,1283331581,,,,30,False,False,CO_2023_11_hb1292.pdf,,,,1,0,https://sbg.colorado.gov/sites/sbg/files/documents/HB%2021-1292%20Report%20November%202023.pdf,https://sbg.colorado.gov/sports-betting-monthly-reports,CO/screenshots/CO_2023_11_CO_2023_11_summary_p1.png,,,2026-04-08T18:28:12.514742
CO,2023-11-01,2023-11-30,monthly,ALL,TOTAL,TOTAL,,online,table_tennis,985223419,,64877003,,,920346416,,,,30,False,False,CO_2023_11_hb1292.pdf,,,,1,0,https://sbg.colorado.gov/sites/sbg/files/documents/HB%2021-1292%20Report%20November%202023.pdf,https://sbg.colorado.gov/sports-betting-monthly-reports,CO/screenshots/CO_2023_11_CO_2023_11_summary_p1.png,,,2026-04-08T18:28:12.514742
CO,2023-11-01,2023-11-30,monthly,ALL,TOTAL,TOTAL,,online,mma,257381201,,41610535,,,215770666,,,,30,False,False,CO_2023_11_hb1292.pdf,,,,1,0,https://sbg.colorado.gov/sites/sbg/files/documents/HB%2021-1292%20Report%20November%202023.pdf,https://sbg.colorado.gov/sports-betting-monthly-reports,CO/screenshots/CO_2023_11_CO_2023_11_summary_p1.png,,,2026-04-08T18:28:12.514742
CO,2023-11-01,2023-11-30,monthly,ALL,TOTAL,TOTAL,,online,baseball,123884096,,-152971165,,,276855261,,,,30,False,False,CO_2023_11_hb1292.pdf,,,,1,0,https://sbg.colorado.gov/sites/sbg/files/documents/HB%2021-1292%20Report%20November%202023.pdf,https://sbg.colorado.gov/sports-betting-monthly-reports,CO/screenshots/CO_2023_11_CO_2023_11_summary_p1.png,,,2026-04-08T18:28:12.514742
CO,2023-12-01,2023-12-31,monthly,ALL,TOTAL,TOTAL,,retail,,445620260,6354625,6354625,1116215,5238410,439265635,794931,,0.014260179732402652,31,False,False,CO_2023_12_hb1292.pdf,,,,1,0,https://sbg.colorado.gov/sites/sbg/files/documents/HB%2021-1292%20Report%20December%202023%20v.2.pdf,https://sbg.colorado.gov/sports-betting-monthly-reports,CO/screenshots/CO_2023_12_CO_2023_12_summary_p1.png,,,2026-04-08T18:28:16.907078
CO,2023-10-01,2023-10-31,monthly,ALL,TOTAL,TOTAL,,online,hockey,1597769885,,,,,,,,,31,False,False,CO_2023_10_hb1292.pdf,,,,1,0,https://sbg.colorado.gov/sites/sbg/files/documents/HB%2021-1292%20Report%20October%202023_0.pdf,https://sbg.colorado.gov/sports-betting-monthly-reports,CO/screenshots/CO_2023_10_CO_2023_10_summary_p1.png,,,2026-04-08T18:28:08.193534
CO,2023-10-01,2023-10-31,monthly,ALL,TOTAL,TOTAL,,online,soccer,1919410636,,,,,,,,,31,False,False,CO_2023_10_hb1292.pdf,,,,1,0,https://sbg.colorado.gov/sites/sbg/files/documents/HB%2021-1292%20Report%20October%202023_0.pdf,https://sbg.colorado.gov/sports-betting-monthly-reports,CO/screenshots/CO_2023_10_CO_2023_10_summary_p1.png,,,2026-04-08T18:28:08.193534
CO,2023-10-01,2023-10-31,monthly,ALL,TOTAL,TOTAL,,online,tennis,3279576493,,,,,,,,,31,False,False,CO_2023_10_hb1292.pdf,,,,1,0,https://sbg.colorado.gov/sites/sbg/files/documents/HB%2021-1292%20Report%20October%202023_0.pdf,https://sbg.colorado.gov/sports-betting-monthly-reports,CO/screenshots/CO_2023_10_CO_2023_10_summary_p1.png,,,2026-04-08T18:28:08.193534
CO,2023-10-01,2023-10-31,monthly,ALL,TOTAL,TOTAL,,online,baseball,3784156360,,,,,,,,,31,False,False,CO_2023_10_hb1292.pdf,,,,1,0,https://sbg.colorado.gov/sites/sbg/files/documents/HB%2021-1292%20Report%20October%202023_0.pdf,https://sbg.colorado.gov/sports-betting-monthly-reports,CO/screenshots/CO_2023_10_CO_2023_10_summary_p1.png,,,2026-04-08T18:28:08.193534
CO,2023-09-01,2023-09-30,monthly,ALL,TOTAL,TOTAL,,online,baseball,7737588345,,,,,,,,,30,False,False,CO_2023_09_hb1292.pdf,,,,1,0,https://sbg.colorado.gov/sites/sbg/files/documents/HB%2021-1292%20Report%20September%202023.pdf,https://sbg.colorado.gov/sports-betting-monthly-reports,CO/screenshots/CO_2023_09_CO_2023_09_summary_p1.png,,,2026-04-08T18:28:03.800432
CO,2023-09-01,2023-09-30,monthly,ALL,TOTAL,TOTAL,,online,other,6800753551,,,,,,,,,30,False,False,CO_2023_09_hb1292.pdf,,,,1,0,https://sbg.colorado.gov/sites/sbg/files/documents/HB%2021-1292%20Report%20September%202023.pdf,https://sbg.colorado.gov/sports-betting-monthly-reports,CO/screenshots/CO_2023_09_CO_2023_09_summary_p1.png,,,2026-04-08T18:28:03.800432
CO,2023-09-01,2023-09-30,monthly,ALL,TOTAL,TOTAL,,online,tennis,3040290521,,,,,,,,,30,False,False,CO_2023_09_hb1292.pdf,,,,1,0,https://sbg.colorado.gov/sites/sbg/files/documents/HB%2021-1292%20Report%20September%202023.pdf,https://sbg.colorado.gov/sports-betting-monthly-reports,CO/screenshots/CO_2023_09_CO_2023_09_summary_p1.png,,,2026-04-08T18:28:03.800432
CO,2023-09-01,2023-09-30,monthly,ALL,TOTAL,TOTAL,,online,basketball,2373411917,,,,,,,,,30,False,False,CO_2023_09_hb1292.pdf,,,,1,0,https://sbg.colorado.gov/sites/sbg/files/documents/HB%2021-1292%20Report%20September%202023.pdf,https://sbg.colorado.gov/sports-betting-monthly-reports,CO/screenshots/CO_2023_09_CO_2023_09_summary_p1.png,,,2026-04-08T18:28:03.800432
CO,2023-09-01,2023-09-30,monthly,ALL,TOTAL,TOTAL,,online,soccer,1986872118,,,,,,,,,30,False,False,CO_2023_09_hb1292.pdf,,,,1,0,https://sbg.colorado.gov/sites/sbg/files/documents/HB%2021-1292%20Report%20September%202023.pdf,https://sbg.colorado.gov/sports-betting-monthly-reports,CO/screenshots/CO_2023_09_CO_2023_09_summary_p1.png,,,2026-04-08T18:28:03.800432
CO,2023-09-01,2023-09-30,monthly,ALL,TOTAL,TOTAL,,online,table_tennis,1251626772,,,,,,,,,30,False,False,CO_2023_09_hb1292.pdf,,,,1,0,https://sbg.colorado.gov/sites/sbg/files/documents/HB%2021-1292%20Report%20September%202023.pdf,https://sbg.colorado.gov/sports-betting-monthly-reports,CO/screenshots/CO_2023_09_CO_2023_09_summary_p1.png,,,2026-04-08T18:28:03.800432
CO,2023-09-01,2023-09-30,monthly,ALL,TOTAL,TOTAL,,online,mma,418991169,,,,,,,,,30,False,False,CO_2023_09_hb1292.pdf,,,,1,0,https://sbg.colorado.gov/sites/sbg/files/documents/HB%2021-1292%20Report%20September%202023.pdf,https://sbg.colorado.gov/sports-betting-monthly-reports,CO/screenshots/CO_2023_09_CO_2023_09_summary_p1.png,,,2026-04-08T18:28:03.800432
CO,2023-09-01,2023-09-30,monthly,ALL,TOTAL,TOTAL,,online,golf,238121632,,,,,,,,,30,False,False,CO_2023_09_hb1292.pdf,,,,1,0,https://sbg.colorado.gov/sites/sbg/files/documents/HB%2021-1292%20Report%20September%202023.pdf,https://sbg.colorado.gov/sports-betting-monthly-reports,CO/screenshots/CO_2023_09_CO_2023_09_summary_p1.png,,,2026-04-08T18:28:03.800432
CO,2023-09-01,2023-09-30,monthly,ALL,TOTAL,TOTAL,,online,hockey,153466958,,,,,,,,,30,False,False,CO_2023_09_hb1292.pdf,,,,1,0,https://sbg.colorado.gov/sites/sbg/files/documents/HB%2021-1292%20Report%20September%202023.pdf,https://sbg.colorado.gov/sports-betting-monthly-reports,CO/screenshots/CO_2023_09_CO_2023_09_summary_p1.png,,,2026-04-08T18:28:03.800432
CO,2023-10-01,2023-10-31,monthly,ALL,TOTAL,TOTAL,,retail,,443799795,-9000541,-9000541,,-10108127,452800336,509600,,-0.020280633523050637,31,False,False,CO_2023_10_hb1292.pdf,,,,1,0,https://sbg.colorado.gov/sites/sbg/files/documents/HB%2021-1292%20Report%20October%202023_0.pdf,https://sbg.colorado.gov/sports-betting-monthly-reports,CO/screenshots/CO_2023_10_CO_2023_10_summary_p1.png,,,2026-04-08T18:28:08.193534
CO,2023-10-01,2023-10-31,monthly,ALL,TOTAL,TOTAL,,online,,55042180320,4700449703,4700449703,1383374462,3317075241,50341730617,334638615,,0.08539722946425608,31,False,False,CO_2023_10_hb1292.pdf,,,,1,0,https://sbg.colorado.gov/sites/sbg/files/documents/HB%2021-1292%20Report%20October%202023_0.pdf,https://sbg.colorado.gov/sports-betting-monthly-reports,CO/screenshots/CO_2023_10_CO_2023_10_summary_p1.png,,,2026-04-08T18:28:08.193534
CO,2023-10-01,2023-10-31,monthly,ALL,TOTAL,TOTAL,,online,football,18353919846,,,,,,,,,31,False,False,CO_2023_10_hb1292.pdf,,,,1,0,https://sbg.colorado.gov/sites/sbg/files/documents/HB%2021-1292%20Report%20October%202023_0.pdf,https://sbg.colorado.gov/sports-betting-monthly-reports,CO/screenshots/CO_2023_10_CO_2023_10_summary_p1.png,,,2026-04-08T18:28:08.193534
CO,2023-10-01,2023-10-31,monthly,ALL,TOTAL,TOTAL,,online,basketball,6312966236,,,,,,,,,31,False,False,CO_2023_10_hb1292.pdf,,,,1,0,https://sbg.colorado.gov/sites/sbg/files/documents/HB%2021-1292%20Report%20October%202023_0.pdf,https://sbg.colorado.gov/sports-betting-monthly-reports,CO/screenshots/CO_2023_10_CO_2023_10_summary_p1.png,,,2026-04-08T18:28:08.193534
CO,2023-10-01,2023-10-31,monthly,ALL,TOTAL,TOTAL,,retail,other,509600,,,,,,,,,31,False,False,CO_2023_10_hb1292.pdf,,,,1,0,https://sbg.colorado.gov/sites/sbg/files/documents/HB%2021-1292%20Report%20October%202023_0.pdf,https://sbg.colorado.gov/sports-betting-monthly-reports,CO/screenshots/CO_2023_10_CO_2023_10_summary_p1.png,,,2026-04-08T18:28:08.193534
CO,2023-10-01,2023-10-31,monthly,ALL,TOTAL,TOTAL,,online,other,5088818054,,,,,,,,,31,False,False,CO_2023_10_hb1292.pdf,,,,1,0,https://sbg.colorado.gov/sites/sbg/files/documents/HB%2021-1292%20Report%20October%202023_0.pdf,https://sbg.colorado.gov/sports-betting-monthly-reports,CO/screenshots/CO_2023_10_CO_2023_10_summary_p1.png,,,2026-04-08T18:28:08.193534
CO,2026-02-01,2026-02-28,monthly,ALL,TOTAL,TOTAL,,online,mma,334564330,,,,,,,,,28,False,False,CO_2026_02_hb1292.pdf,,,,1,0,https://sbg.colorado.gov/sites/sbg/files/documents/HB%2021-1292%20Report%20February%202026.pdf,https://sbg.colorado.gov/sports-betting-monthly-reports,CO/screenshots/CO_2026_02_CO_2026_02_summary_p1.png,,,2026-04-08T18:30:16.510517
