state_code,period_start,period_end,period_type,operator_raw,operator_reported,operator_standard,parent_company,channel,sport_category,handle,gross_revenue,standard_ggr,promo_credits,net_revenue,payouts,tax_paid,federal_excise_tax,hold_pct,days_in_period,is_partial_period,data_is_revised,source_file,source_sheet,source_row,source_column,source_page,source_table_index,source_url,source_report_url,source_screenshot,source_raw_line,source_context,scrape_timestamp
MO,2026-03-01,2026-03-31,monthly,ALL,TOTAL,TOTAL,,online,football,30802126,4994465,4994465.0,,,25807661.0,,,0.16214676220725804,31,False,False,SW_Monthly_Financials_0326.xlsx,SPORT DETAIL MOBILE,,,,,https://www.mgc.dps.mo.gov/SportsWagering/sw_financials/FY26_SWFinReport/03_Mar/SW Monthly Financials 0326.xlsx,https://www.mgc.dps.mo.gov/SportsWagering/sw_financials/rb_SWFin_main.html,MO/screenshots/MO_2026_07_SW_Monthly_Financials_0326.png,,,2026-07-08T17:32:58.628418
MO,2026-03-01,2026-03-31,monthly,ALL,TOTAL,TOTAL,,online,other,2490530666,84539420,84539420.0,,,2405991246.0,,,0.03394434011759324,31,False,False,SW_Monthly_Financials_0326.xlsx,SPORT DETAIL MOBILE,,,,,https://www.mgc.dps.mo.gov/SportsWagering/sw_financials/FY26_SWFinReport/03_Mar/SW Monthly Financials 0326.xlsx,https://www.mgc.dps.mo.gov/SportsWagering/sw_financials/rb_SWFin_main.html,MO/screenshots/MO_2026_07_SW_Monthly_Financials_0326.png,,,2026-07-08T17:32:58.628418
MO,2026-01-01,2026-01-31,monthly,ALL,TOTAL,TOTAL,,online,soccer,1005064869,81530159,81530159.0,,,923534710.0,,,0.081119300370253,31,False,False,SW_Monthly_Financials_0126.xlsx,SPORT DETAIL MOBILE,,,,,https://www.mgc.dps.mo.gov/SportsWagering/sw_financials/FY26_SWFinReport/01_Jan/SW Monthly Financials 0126.xlsx,https://www.mgc.dps.mo.gov/SportsWagering/sw_financials/rb_SWFin_main.html,MO/screenshots/MO_2026_04_SW_Monthly_Financials_0126.png,,,2026-04-26T04:28:25.567159
MO,2026-01-01,2026-01-31,monthly,ALL,TOTAL,TOTAL,,retail,baseball,78272,78272,78272.0,,,,,,1.0,31,False,False,SW_Monthly_Financials_0126.xlsx,SPORT DETAIL RETAIL,,,,,https://www.mgc.dps.mo.gov/SportsWagering/sw_financials/FY26_SWFinReport/01_Jan/SW Monthly Financials 0126.xlsx,https://www.mgc.dps.mo.gov/SportsWagering/sw_financials/rb_SWFin_main.html,MO/screenshots/MO_2026_05_SW_Monthly_Financials_0126.png,,,2026-05-03T12:24:44.162851
MO,2026-01-01,2026-01-31,monthly,ALL,TOTAL,TOTAL,,online,tennis,1330537630,78765845,78765845.0,,,1251771785.0,,,0.0591985098534943,31,False,False,SW_Monthly_Financials_0126.xlsx,SPORT DETAIL MOBILE,,,,,https://www.mgc.dps.mo.gov/SportsWagering/sw_financials/FY26_SWFinReport/01_Jan/SW Monthly Financials 0126.xlsx,https://www.mgc.dps.mo.gov/SportsWagering/sw_financials/rb_SWFin_main.html,MO/screenshots/MO_2026_04_SW_Monthly_Financials_0126.png,,,2026-04-26T04:28:25.567159
MO,2026-01-01,2026-01-31,monthly,ALL,TOTAL,TOTAL,,online,motorsports,3774426,1135836,1135836.0,,,2638590.0,,,0.3009294658313608,31,False,False,SW_Monthly_Financials_0126.xlsx,SPORT DETAIL MOBILE,,,,,https://www.mgc.dps.mo.gov/SportsWagering/sw_financials/FY26_SWFinReport/01_Jan/SW Monthly Financials 0126.xlsx,https://www.mgc.dps.mo.gov/SportsWagering/sw_financials/rb_SWFin_main.html,MO/screenshots/MO_2026_04_SW_Monthly_Financials_0126.png,,,2026-04-26T04:28:25.567159
MO,2026-02-01,2026-02-28,monthly,ALL,TOTAL,TOTAL,,retail,soccer,6625163,205183,205183.0,,,6419980.0,,,0.0309702568827363,28,False,False,SW_Monthly_Financials_0226.xlsx,SPORT DETAIL RETAIL,,,,,https://www.mgc.dps.mo.gov/SportsWagering/sw_financials/FY26_SWFinReport/02_Feb/SW Monthly Financials 0226.xlsx,https://www.mgc.dps.mo.gov/SportsWagering/sw_financials/rb_SWFin_main.html,MO/screenshots/MO_2026_04_SW_Monthly_Financials_0226.png,,,2026-04-26T04:28:17.267412
MO,2026-03-01,2026-03-31,monthly,ALL,TOTAL,TOTAL,,retail,basketball,271525751,17792887,17792887.0,,,253732864.0,,,0.0655292801307821,31,False,False,SW_Monthly_Financials_0326.xlsx,SPORT DETAIL RETAIL,,,,,https://www.mgc.dps.mo.gov/SportsWagering/sw_financials/FY26_SWFinReport/03_Mar/SW Monthly Financials 0326.xlsx,https://www.mgc.dps.mo.gov/SportsWagering/sw_financials/rb_SWFin_main.html,MO/screenshots/MO_2026_05_SW_Monthly_Financials_0326.png,,,2026-05-03T12:24:29.351903
MO,2025-12-01,2025-12-31,monthly,ALL,TOTAL,TOTAL,,online,tennis,606683614,72287180,72287180.0,,,534396434.0,,,0.1191513637947043,31,False,False,SW_Monthly_Financials_1225.xls,SPORT DETAIL MOBILE,,,,,https://www.mgc.dps.mo.gov/SportsWagering/sw_financials/FY26_SWFinReport/12_Dec/SW Monthly Financials 1225.xls,https://www.mgc.dps.mo.gov/SportsWagering/sw_financials/rb_SWFin_main.html,,,,2026-04-26T04:28:29.950880
MO,2025-12-01,2025-12-31,monthly,ALL,TOTAL,TOTAL,,online,motorsports,12051477,7563807,7563807.0,,,4487670.0,,,0.6276248961019467,31,False,False,SW_Monthly_Financials_1225.xls,SPORT DETAIL MOBILE,,,,,https://www.mgc.dps.mo.gov/SportsWagering/sw_financials/FY26_SWFinReport/12_Dec/SW Monthly Financials 1225.xls,https://www.mgc.dps.mo.gov/SportsWagering/sw_financials/rb_SWFin_main.html,,,,2026-04-26T04:28:29.950880
MO,2026-02-01,2026-02-28,monthly,ALL,TOTAL,TOTAL,,retail,hockey,14462692,203887,203887.0,,,14258805.0,,,0.0140974446527658,28,False,False,SW_Monthly_Financials_0226.xlsx,SPORT DETAIL RETAIL,,,,,https://www.mgc.dps.mo.gov/SportsWagering/sw_financials/FY26_SWFinReport/02_Feb/SW Monthly Financials 0226.xlsx,https://www.mgc.dps.mo.gov/SportsWagering/sw_financials/rb_SWFin_main.html,MO/screenshots/MO_2026_04_SW_Monthly_Financials_0226.png,,,2026-04-26T04:28:17.267412
MO,2025-12-01,2025-12-31,monthly,ALL,TOTAL,TOTAL,,online,football,14979842704,984288608,984288608.0,,,13995554096.0,,,0.0657075396217057,31,False,False,SW_Monthly_Financials_1225.xls,SPORT DETAIL MOBILE,,,,,https://www.mgc.dps.mo.gov/SportsWagering/sw_financials/FY26_SWFinReport/12_Dec/SW Monthly Financials 1225.xls,https://www.mgc.dps.mo.gov/SportsWagering/sw_financials/rb_SWFin_main.html,,,,2026-04-26T04:28:29.950880
MO,2025-12-01,2025-12-31,monthly,ALL,TOTAL,TOTAL,,retail,basketball,67912126,1979715,1979715.0,,,65932411.0,,,0.029151126854724,31,False,False,SW_Monthly_Financials_1225.xls,SPORT DETAIL RETAIL,,,,,https://www.mgc.dps.mo.gov/SportsWagering/sw_financials/FY26_SWFinReport/12_Dec/SW Monthly Financials 1225.xls,https://www.mgc.dps.mo.gov/SportsWagering/sw_financials/rb_SWFin_main.html,,,,2026-04-26T04:28:29.950880
MO,2025-12-01,2025-12-31,monthly,ALL,TOTAL,TOTAL,,retail,parlay,127965075,52202239,52202239.0,,,75762836.0,,,0.4079412996085064,31,False,False,SW_Monthly_Financials_1225.xls,SPORT DETAIL RETAIL,,,,,https://www.mgc.dps.mo.gov/SportsWagering/sw_financials/FY26_SWFinReport/12_Dec/SW Monthly Financials 1225.xls,https://www.mgc.dps.mo.gov/SportsWagering/sw_financials/rb_SWFin_main.html,,,,2026-04-26T04:28:29.950880
MO,2026-02-01,2026-02-28,monthly,ALL,TOTAL,TOTAL,,online,baseball,107520584,22673633,22673633.0,,,84846951.0,,,0.2108771377209037,28,False,False,SW_Monthly_Financials_0226.xlsx,SPORT DETAIL MOBILE,,,,,https://www.mgc.dps.mo.gov/SportsWagering/sw_financials/FY26_SWFinReport/02_Feb/SW Monthly Financials 0226.xlsx,https://www.mgc.dps.mo.gov/SportsWagering/sw_financials/rb_SWFin_main.html,MO/screenshots/MO_2026_04_SW_Monthly_Financials_0226.png,,,2026-04-26T04:28:17.267412
MO,2026-01-01,2026-01-31,monthly,ALL,TOTAL,TOTAL,,retail,combat_sports,1092225,551678,551678.0,,,540547.0,,,0.5050955618118977,31,False,False,SW_Monthly_Financials_0126.xlsx,SPORT DETAIL RETAIL,,,,,https://www.mgc.dps.mo.gov/SportsWagering/sw_financials/FY26_SWFinReport/01_Jan/SW Monthly Financials 0126.xlsx,https://www.mgc.dps.mo.gov/SportsWagering/sw_financials/rb_SWFin_main.html,MO/screenshots/MO_2026_04_SW_Monthly_Financials_0126.png,,,2026-04-26T04:28:25.567159
MO,2026-02-01,2026-02-28,monthly,ALL,TOTAL,TOTAL,,online,soccer,747844288,62446787,62446787.0,,,685397501.0,,,0.0835023921450343,28,False,False,SW_Monthly_Financials_0226.xlsx,SPORT DETAIL MOBILE,,,,,https://www.mgc.dps.mo.gov/SportsWagering/sw_financials/FY26_SWFinReport/02_Feb/SW Monthly Financials 0226.xlsx,https://www.mgc.dps.mo.gov/SportsWagering/sw_financials/rb_SWFin_main.html,MO/screenshots/MO_2026_04_SW_Monthly_Financials_0226.png,,,2026-04-26T04:28:17.267412
MO,2026-02-01,2026-02-28,monthly,ALL,TOTAL,TOTAL,,online,tennis,1601080976,115057088,115057088.0,,,1486023888.0,,,0.071862129226873,28,False,False,SW_Monthly_Financials_0226.xlsx,SPORT DETAIL MOBILE,,,,,https://www.mgc.dps.mo.gov/SportsWagering/sw_financials/FY26_SWFinReport/02_Feb/SW Monthly Financials 0226.xlsx,https://www.mgc.dps.mo.gov/SportsWagering/sw_financials/rb_SWFin_main.html,MO/screenshots/MO_2026_04_SW_Monthly_Financials_0226.png,,,2026-04-26T04:28:17.267412
MO,2026-02-01,2026-02-28,monthly,ALL,TOTAL,TOTAL,,online,motorsports,43082973,16305646,16305646.0,,,26777327.0,,,0.378470770807762,28,False,False,SW_Monthly_Financials_0226.xlsx,SPORT DETAIL MOBILE,,,,,https://www.mgc.dps.mo.gov/SportsWagering/sw_financials/FY26_SWFinReport/02_Feb/SW Monthly Financials 0226.xlsx,https://www.mgc.dps.mo.gov/SportsWagering/sw_financials/rb_SWFin_main.html,MO/screenshots/MO_2026_04_SW_Monthly_Financials_0226.png,,,2026-04-26T04:28:17.267412
MO,2026-02-01,2026-02-28,monthly,ALL,TOTAL,TOTAL,,online,parlay,9020132798,2092710767,2092710767.0,,,6927422031.0,,,0.2320044298531845,28,False,False,SW_Monthly_Financials_0226.xlsx,SPORT DETAIL MOBILE,,,,,https://www.mgc.dps.mo.gov/SportsWagering/sw_financials/FY26_SWFinReport/02_Feb/SW Monthly Financials 0226.xlsx,https://www.mgc.dps.mo.gov/SportsWagering/sw_financials/rb_SWFin_main.html,MO/screenshots/MO_2026_04_SW_Monthly_Financials_0226.png,,,2026-04-26T04:28:17.267412
MO,2026-02-01,2026-02-28,monthly,ALL,TOTAL,TOTAL,,online,football,1121184835,38002605,38002605.0,,,1083182230.0,,,0.0338950401518764,28,False,False,SW_Monthly_Financials_0226.xlsx,SPORT DETAIL MOBILE,,,,,https://www.mgc.dps.mo.gov/SportsWagering/sw_financials/FY26_SWFinReport/02_Feb/SW Monthly Financials 0226.xlsx,https://www.mgc.dps.mo.gov/SportsWagering/sw_financials/rb_SWFin_main.html,MO/screenshots/MO_2026_04_SW_Monthly_Financials_0226.png,,,2026-04-26T04:28:17.267412
MO,2026-03-01,2026-03-31,monthly,ALL,TOTAL,TOTAL,,retail,combat_sports,2945760,-1212983,-1212983.0,,,4158743.0,,,-0.4117725137146271,31,False,False,SW_Monthly_Financials_0326.xlsx,SPORT DETAIL RETAIL,,,,,https://www.mgc.dps.mo.gov/SportsWagering/sw_financials/FY26_SWFinReport/03_Mar/SW Monthly Financials 0326.xlsx,https://www.mgc.dps.mo.gov/SportsWagering/sw_financials/rb_SWFin_main.html,MO/screenshots/MO_2026_05_SW_Monthly_Financials_0326.png,,,2026-05-03T12:24:29.351903
MO,2026-01-01,2026-01-31,monthly,ALL,TOTAL,TOTAL,,online,other,2050376424,10073137,10073137.0,,,2040303287.0,,,0.004912823266056,31,False,False,SW_Monthly_Financials_0126.xlsx,SPORT DETAIL MOBILE,,,,,https://www.mgc.dps.mo.gov/SportsWagering/sw_financials/FY26_SWFinReport/01_Jan/SW Monthly Financials 0126.xlsx,https://www.mgc.dps.mo.gov/SportsWagering/sw_financials/rb_SWFin_main.html,MO/screenshots/MO_2026_04_SW_Monthly_Financials_0126.png,,,2026-04-26T04:28:25.567159
MO,2026-03-01,2026-03-31,monthly,ALL,TOTAL,TOTAL,,online,parlay,10695731097,1871706632,1871706632.0,,,8824024465.0,,,0.1749956702375387,31,False,False,SW_Monthly_Financials_0326.xlsx,SPORT DETAIL MOBILE,,,,,https://www.mgc.dps.mo.gov/SportsWagering/sw_financials/FY26_SWFinReport/03_Mar/SW Monthly Financials 0326.xlsx,https://www.mgc.dps.mo.gov/SportsWagering/sw_financials/rb_SWFin_main.html,MO/screenshots/MO_2026_05_SW_Monthly_Financials_0326.png,,,2026-05-03T12:24:29.351903
MO,2026-04-01,2026-04-30,monthly,ALL,TOTAL,TOTAL,,online,soccer,792010562,68555428,68555428.0,,,723455134.0,,,0.0865587295034078,30,False,False,SW_Monthly_Financials_0426_.xlsx,SPORT DETAIL MOBILE,,,,,https://www.mgc.dps.mo.gov/SportsWagering/sw_financials/FY26_SWFinReport/04_Apr/SW Monthly Financials 0426 .xlsx,https://www.mgc.dps.mo.gov/SportsWagering/sw_financials/rb_SWFin_main.html,MO/screenshots/MO_2026_05_SW_Monthly_Financials_0426_.png,,,2026-05-30T13:22:08.249193
MO,2026-04-01,2026-04-30,monthly,ALL,TOTAL,TOTAL,,retail,parlay,139637076,32639351,32639351.0,,,106997725.0,,,0.2337441597531016,30,False,False,SW_Monthly_Financials_0426_.xlsx,SPORT DETAIL RETAIL,,,,,https://www.mgc.dps.mo.gov/SportsWagering/sw_financials/FY26_SWFinReport/04_Apr/SW Monthly Financials 0426 .xlsx,https://www.mgc.dps.mo.gov/SportsWagering/sw_financials/rb_SWFin_main.html,MO/screenshots/MO_2026_05_SW_Monthly_Financials_0426_.png,,,2026-05-30T13:22:08.249193
MO,2026-04-01,2026-04-30,monthly,ALL,TOTAL,TOTAL,,retail,other,12202469,2685640,2685640.0,,,9516829.0,,,0.2200898850880096,30,False,False,SW_Monthly_Financials_0426_.xlsx,SPORT DETAIL RETAIL,,,,,https://www.mgc.dps.mo.gov/SportsWagering/sw_financials/FY26_SWFinReport/04_Apr/SW Monthly Financials 0426 .xlsx,https://www.mgc.dps.mo.gov/SportsWagering/sw_financials/rb_SWFin_main.html,MO/screenshots/MO_2026_05_SW_Monthly_Financials_0426_.png,,,2026-05-30T13:22:08.249193
MO,2026-04-01,2026-04-30,monthly,ALL,TOTAL,TOTAL,,online,baseball,4177457924,223659063,223659063.0,,,3953798861.0,,,0.0535395130409457,30,False,False,SW_Monthly_Financials_0426_.xlsx,SPORT DETAIL MOBILE,,,,,https://www.mgc.dps.mo.gov/SportsWagering/sw_financials/FY26_SWFinReport/04_Apr/SW Monthly Financials 0426 .xlsx,https://www.mgc.dps.mo.gov/SportsWagering/sw_financials/rb_SWFin_main.html,MO/screenshots/MO_2026_05_SW_Monthly_Financials_0426_.png,,,2026-05-30T13:22:08.249193
MO,2026-04-01,2026-04-30,monthly,ALL,TOTAL,TOTAL,,online,basketball,6673860908,427497955,427497955.0,,,6246362953.0,,,0.0640555685671476,30,False,False,SW_Monthly_Financials_0426_.xlsx,SPORT DETAIL MOBILE,,,,,https://www.mgc.dps.mo.gov/SportsWagering/sw_financials/FY26_SWFinReport/04_Apr/SW Monthly Financials 0426 .xlsx,https://www.mgc.dps.mo.gov/SportsWagering/sw_financials/rb_SWFin_main.html,MO/screenshots/MO_2026_05_SW_Monthly_Financials_0426_.png,,,2026-05-30T13:22:08.249193
MO,2026-04-01,2026-04-30,monthly,ALL,TOTAL,TOTAL,,online,combat_sports,142446625,14724842,14724842.0,,,127721783.0,,,0.1033709433270181,30,False,False,SW_Monthly_Financials_0426_.xlsx,SPORT DETAIL MOBILE,,,,,https://www.mgc.dps.mo.gov/SportsWagering/sw_financials/FY26_SWFinReport/04_Apr/SW Monthly Financials 0426 .xlsx,https://www.mgc.dps.mo.gov/SportsWagering/sw_financials/rb_SWFin_main.html,MO/screenshots/MO_2026_05_SW_Monthly_Financials_0426_.png,,,2026-05-30T13:22:08.249193
MO,2026-04-01,2026-04-30,monthly,ALL,TOTAL,TOTAL,,online,football,53555961,3038952,3038952.0,,,50517009.0,,,0.0567434874336397,30,False,False,SW_Monthly_Financials_0426_.xlsx,SPORT DETAIL MOBILE,,,,,https://www.mgc.dps.mo.gov/SportsWagering/sw_financials/FY26_SWFinReport/04_Apr/SW Monthly Financials 0426 .xlsx,https://www.mgc.dps.mo.gov/SportsWagering/sw_financials/rb_SWFin_main.html,MO/screenshots/MO_2026_05_SW_Monthly_Financials_0426_.png,,,2026-05-30T13:22:08.249193
MO,2026-04-01,2026-04-30,monthly,ALL,TOTAL,TOTAL,,online,hockey,1335992378,74661488,74661488.0,,,1261330890.0,,,0.055884666132429,30,False,False,SW_Monthly_Financials_0426_.xlsx,SPORT DETAIL MOBILE,,,,,https://www.mgc.dps.mo.gov/SportsWagering/sw_financials/FY26_SWFinReport/04_Apr/SW Monthly Financials 0426 .xlsx,https://www.mgc.dps.mo.gov/SportsWagering/sw_financials/rb_SWFin_main.html,MO/screenshots/MO_2026_05_SW_Monthly_Financials_0426_.png,,,2026-05-30T13:22:08.249193
MO,2026-04-01,2026-04-30,monthly,ALL,TOTAL,TOTAL,,retail,football,1418725,-1149667,-1149667.0,,,2568392.0,,,-0.8103522529031348,30,False,False,SW_Monthly_Financials_0426_.xlsx,SPORT DETAIL RETAIL,,,,,https://www.mgc.dps.mo.gov/SportsWagering/sw_financials/FY26_SWFinReport/04_Apr/SW Monthly Financials 0426 .xlsx,https://www.mgc.dps.mo.gov/SportsWagering/sw_financials/rb_SWFin_main.html,MO/screenshots/MO_2026_05_SW_Monthly_Financials_0426_.png,,,2026-05-30T13:22:08.249193
MO,2026-04-01,2026-04-30,monthly,ALL,TOTAL,TOTAL,,retail,tennis,1838786,-1414527,-1414527.0,,,3253313.0,,,-0.7692722263493413,30,False,False,SW_Monthly_Financials_0426_.xlsx,SPORT DETAIL RETAIL,,,,,https://www.mgc.dps.mo.gov/SportsWagering/sw_financials/FY26_SWFinReport/04_Apr/SW Monthly Financials 0426 .xlsx,https://www.mgc.dps.mo.gov/SportsWagering/sw_financials/rb_SWFin_main.html,MO/screenshots/MO_2026_05_SW_Monthly_Financials_0426_.png,,,2026-05-30T13:22:08.249193
MO,2026-02-01,2026-02-28,monthly,ALL,TOTAL,TOTAL,,online,hockey,1106896859,-7057374,-7057374.0,,,1113954233.0,,,-0.0063758189777282,28,False,False,SW_Monthly_Financials_0226.xlsx,SPORT DETAIL MOBILE,,,,,https://www.mgc.dps.mo.gov/SportsWagering/sw_financials/FY26_SWFinReport/02_Feb/SW Monthly Financials 0226.xlsx,https://www.mgc.dps.mo.gov/SportsWagering/sw_financials/rb_SWFin_main.html,MO/screenshots/MO_2026_04_SW_Monthly_Financials_0226.png,,,2026-04-26T04:28:17.267412
MO,2026-03-01,2026-03-31,monthly,ALL,TOTAL,TOTAL,,online,basketball,14120443429,1123739107,1123739107.0,,,12996704322.0,,,0.0795824233601694,31,False,False,SW_Monthly_Financials_0326.xlsx,SPORT DETAIL MOBILE,,,,,https://www.mgc.dps.mo.gov/SportsWagering/sw_financials/FY26_SWFinReport/03_Mar/SW Monthly Financials 0326.xlsx,https://www.mgc.dps.mo.gov/SportsWagering/sw_financials/rb_SWFin_main.html,MO/screenshots/MO_2026_05_SW_Monthly_Financials_0326.png,,,2026-05-03T12:24:29.351903
MO,2026-03-01,2026-03-31,monthly,ALL,TOTAL,TOTAL,,online,hockey,1137783709,58865867,58865867.0,,,1078917842.0,,,0.0517373087119847,31,False,False,SW_Monthly_Financials_0326.xlsx,SPORT DETAIL MOBILE,,,,,https://www.mgc.dps.mo.gov/SportsWagering/sw_financials/FY26_SWFinReport/03_Mar/SW Monthly Financials 0326.xlsx,https://www.mgc.dps.mo.gov/SportsWagering/sw_financials/rb_SWFin_main.html,MO/screenshots/MO_2026_05_SW_Monthly_Financials_0326.png,,,2026-05-03T12:24:29.351903
MO,2026-01-01,2026-01-31,monthly,ALL,TOTAL,TOTAL,,retail,other,5243672,910416,910416.0,,,4333256.0,,,0.1736218436240863,31,False,False,SW_Monthly_Financials_0126.xlsx,SPORT DETAIL RETAIL,,,,,https://www.mgc.dps.mo.gov/SportsWagering/sw_financials/FY26_SWFinReport/01_Jan/SW Monthly Financials 0126.xlsx,https://www.mgc.dps.mo.gov/SportsWagering/sw_financials/rb_SWFin_main.html,MO/screenshots/MO_2026_04_SW_Monthly_Financials_0126.png,,,2026-04-26T04:28:25.567159
MO,2026-02-01,2026-02-28,monthly,ALL,TOTAL,TOTAL,,online,combat_sports,108742739,-10044276,-10044276.0,,,118787015.0,,,-0.0923673257853106,28,False,False,SW_Monthly_Financials_0226.xlsx,SPORT DETAIL MOBILE,,,,,https://www.mgc.dps.mo.gov/SportsWagering/sw_financials/FY26_SWFinReport/02_Feb/SW Monthly Financials 0226.xlsx,https://www.mgc.dps.mo.gov/SportsWagering/sw_financials/rb_SWFin_main.html,MO/screenshots/MO_2026_04_SW_Monthly_Financials_0226.png,,,2026-04-26T04:28:17.267412
MO,2025-12-01,2025-12-31,monthly,ALL,TOTAL,TOTAL,,online,combat_sports,351755745,185584277,185584277.0,,,166171468.0,,,0.5275941605445563,31,False,False,SW_Monthly_Financials_1225.xls,SPORT DETAIL MOBILE,,,,,https://www.mgc.dps.mo.gov/SportsWagering/sw_financials/FY26_SWFinReport/12_Dec/SW Monthly Financials 1225.xls,https://www.mgc.dps.mo.gov/SportsWagering/sw_financials/rb_SWFin_main.html,,,,2026-04-26T04:28:29.950880
MO,2025-12-01,2025-12-31,monthly,ALL,TOTAL,TOTAL,,online,soccer,1221687267,130835055,130835055.0,,,1090852212.0,,,0.1070937371077634,31,False,False,SW_Monthly_Financials_1225.xls,SPORT DETAIL MOBILE,,,,,https://www.mgc.dps.mo.gov/SportsWagering/sw_financials/FY26_SWFinReport/12_Dec/SW Monthly Financials 1225.xls,https://www.mgc.dps.mo.gov/SportsWagering/sw_financials/rb_SWFin_main.html,,,,2026-04-26T04:28:29.950880
MO,2026-04-01,2026-04-30,monthly,ALL,TOTAL,TOTAL,,retail,motorsports,572908,182948,182948.0,,,389960.0,,,0.3193322488078365,30,False,False,SW_Monthly_Financials_0426_.xlsx,SPORT DETAIL RETAIL,,,,,https://www.mgc.dps.mo.gov/SportsWagering/sw_financials/FY26_SWFinReport/04_Apr/SW Monthly Financials 0426 .xlsx,https://www.mgc.dps.mo.gov/SportsWagering/sw_financials/rb_SWFin_main.html,MO/screenshots/MO_2026_05_SW_Monthly_Financials_0426_.png,,,2026-05-30T13:22:08.249193
MO,2026-04-01,2026-04-30,monthly,ALL,TOTAL,TOTAL,,retail,soccer,5566146,173867,173867.0,,,5392279.0,,,0.0312365144572204,30,False,False,SW_Monthly_Financials_0426_.xlsx,SPORT DETAIL RETAIL,,,,,https://www.mgc.dps.mo.gov/SportsWagering/sw_financials/FY26_SWFinReport/04_Apr/SW Monthly Financials 0426 .xlsx,https://www.mgc.dps.mo.gov/SportsWagering/sw_financials/rb_SWFin_main.html,MO/screenshots/MO_2026_05_SW_Monthly_Financials_0426_.png,,,2026-05-30T13:22:08.249193
MO,2026-01-01,2026-01-31,monthly,ALL,TOTAL,TOTAL,,online,combat_sports,228966785,54446617,54446617.0,,,174520168.0,,,0.2377926431556437,31,False,False,SW_Monthly_Financials_0126.xlsx,SPORT DETAIL MOBILE,,,,,https://www.mgc.dps.mo.gov/SportsWagering/sw_financials/FY26_SWFinReport/01_Jan/SW Monthly Financials 0126.xlsx,https://www.mgc.dps.mo.gov/SportsWagering/sw_financials/rb_SWFin_main.html,MO/screenshots/MO_2026_04_SW_Monthly_Financials_0126.png,,,2026-04-26T04:28:25.567159
MO,2025-12-01,2025-12-31,monthly,ALL,TOTAL,TOTAL,,retail,soccer,1506854,701743,701743.0,,,805111.0,,,0.4657007248213828,31,False,False,SW_Monthly_Financials_1225.xls,SPORT DETAIL RETAIL,,,,,https://www.mgc.dps.mo.gov/SportsWagering/sw_financials/FY26_SWFinReport/12_Dec/SW Monthly Financials 1225.xls,https://www.mgc.dps.mo.gov/SportsWagering/sw_financials/rb_SWFin_main.html,,,,2026-04-26T04:28:29.950880
MO,2025-12-01,2025-12-31,monthly,ALL,TOTAL,TOTAL,,online,hockey,1755642515,117618092,117618092.0,,,1638024423.0,,,0.066994328854015,31,False,False,SW_Monthly_Financials_1225.xls,SPORT DETAIL MOBILE,,,,,https://www.mgc.dps.mo.gov/SportsWagering/sw_financials/FY26_SWFinReport/12_Dec/SW Monthly Financials 1225.xls,https://www.mgc.dps.mo.gov/SportsWagering/sw_financials/rb_SWFin_main.html,,,,2026-04-26T04:28:29.950880
MO,2026-04-01,2026-04-30,monthly,ALL,TOTAL,TOTAL,,online,tennis,1539361080,118223918,118223918.0,,,1421137162.0,,,0.0768006412114823,30,False,False,SW_Monthly_Financials_0426_.xlsx,SPORT DETAIL MOBILE,,,,,https://www.mgc.dps.mo.gov/SportsWagering/sw_financials/FY26_SWFinReport/04_Apr/SW Monthly Financials 0426 .xlsx,https://www.mgc.dps.mo.gov/SportsWagering/sw_financials/rb_SWFin_main.html,MO/screenshots/MO_2026_05_SW_Monthly_Financials_0426_.png,,,2026-05-30T13:22:08.249193
MO,2025-12-01,2025-12-31,monthly,ALL,TOTAL,TOTAL,,retail,other,15947845,5055279,5055279.0,,,10892566.0,,,0.3169882200385068,31,False,False,SW_Monthly_Financials_1225.xls,SPORT DETAIL RETAIL,,,,,https://www.mgc.dps.mo.gov/SportsWagering/sw_financials/FY26_SWFinReport/12_Dec/SW Monthly Financials 1225.xls,https://www.mgc.dps.mo.gov/SportsWagering/sw_financials/rb_SWFin_main.html,,,,2026-04-26T04:28:29.950880
MO,2026-01-01,2026-01-31,monthly,ALL,TOTAL,TOTAL,,retail,football,162048451,10071142,10071142.0,,,151977309.0,,,0.0621489556848648,31,False,False,SW_Monthly_Financials_0126.xlsx,SPORT DETAIL RETAIL,,,,,https://www.mgc.dps.mo.gov/SportsWagering/sw_financials/FY26_SWFinReport/01_Jan/SW Monthly Financials 0126.xlsx,https://www.mgc.dps.mo.gov/SportsWagering/sw_financials/rb_SWFin_main.html,MO/screenshots/MO_2026_04_SW_Monthly_Financials_0126.png,,,2026-04-26T04:28:25.567159
MO,2026-01-01,2026-01-31,monthly,ALL,TOTAL,TOTAL,,online,basketball,10738816257,605629817,605629817.0,,,10133186440.0,,,0.0563963292141464,31,False,False,SW_Monthly_Financials_0126.xlsx,SPORT DETAIL MOBILE,,,,,https://www.mgc.dps.mo.gov/SportsWagering/sw_financials/FY26_SWFinReport/01_Jan/SW Monthly Financials 0126.xlsx,https://www.mgc.dps.mo.gov/SportsWagering/sw_financials/rb_SWFin_main.html,MO/screenshots/MO_2026_04_SW_Monthly_Financials_0126.png,,,2026-04-26T04:28:25.567159
MO,2026-01-01,2026-01-31,monthly,ALL,TOTAL,TOTAL,,retail,parlay,161022453,-3641753,-3641753.0,,,164664206.0,,,-0.0226164297720641,31,False,False,SW_Monthly_Financials_0126.xlsx,SPORT DETAIL RETAIL,,,,,https://www.mgc.dps.mo.gov/SportsWagering/sw_financials/FY26_SWFinReport/01_Jan/SW Monthly Financials 0126.xlsx,https://www.mgc.dps.mo.gov/SportsWagering/sw_financials/rb_SWFin_main.html,MO/screenshots/MO_2026_04_SW_Monthly_Financials_0126.png,,,2026-04-26T04:28:25.567159
MO,2026-03-01,2026-03-31,monthly,ALL,TOTAL,TOTAL,,online,combat_sports,138818218,5815394,5815394.0,,,133002824.0,,,0.0418921528008665,31,False,False,SW_Monthly_Financials_0326.xlsx,SPORT DETAIL MOBILE,,,,,https://www.mgc.dps.mo.gov/SportsWagering/sw_financials/FY26_SWFinReport/03_Mar/SW Monthly Financials 0326.xlsx,https://www.mgc.dps.mo.gov/SportsWagering/sw_financials/rb_SWFin_main.html,MO/screenshots/MO_2026_05_SW_Monthly_Financials_0326.png,,,2026-05-03T12:24:29.351903
MO,2025-12-01,2025-12-31,monthly,ALL,TOTAL,TOTAL,,retail,hockey,10145861,3359993,3359993.0,,,6785868.0,,,0.3311688382089997,31,False,False,SW_Monthly_Financials_1225.xls,SPORT DETAIL RETAIL,,,,,https://www.mgc.dps.mo.gov/SportsWagering/sw_financials/FY26_SWFinReport/12_Dec/SW Monthly Financials 1225.xls,https://www.mgc.dps.mo.gov/SportsWagering/sw_financials/rb_SWFin_main.html,,,,2026-04-26T04:28:29.950880
MO,2026-04-01,2026-04-30,monthly,ALL,TOTAL,TOTAL,,retail,hockey,32108758,3474504,3474504.0,,,28634254.0,,,0.1082104764064682,30,False,False,SW_Monthly_Financials_0426_.xlsx,SPORT DETAIL RETAIL,,,,,https://www.mgc.dps.mo.gov/SportsWagering/sw_financials/FY26_SWFinReport/04_Apr/SW Monthly Financials 0426 .xlsx,https://www.mgc.dps.mo.gov/SportsWagering/sw_financials/rb_SWFin_main.html,MO/screenshots/MO_2026_05_SW_Monthly_Financials_0426_.png,,,2026-05-30T13:22:08.249193
MO,2026-01-01,2026-01-31,monthly,ALL,TOTAL,TOTAL,,online,parlay,14174580563,3561084123,3561084123.0,,,10613496440.0,,,0.2512302997025196,31,False,False,SW_Monthly_Financials_0126.xlsx,SPORT DETAIL MOBILE,,,,,https://www.mgc.dps.mo.gov/SportsWagering/sw_financials/FY26_SWFinReport/01_Jan/SW Monthly Financials 0126.xlsx,https://www.mgc.dps.mo.gov/SportsWagering/sw_financials/rb_SWFin_main.html,MO/screenshots/MO_2026_04_SW_Monthly_Financials_0126.png,,,2026-04-26T04:28:25.567159
MO,2026-03-01,2026-03-31,monthly,ALL,TOTAL,TOTAL,,retail,parlay,189135489,26891936,26891936.0,,,162243553.0,,,0.1421834481840687,31,False,False,SW_Monthly_Financials_0326.xlsx,SPORT DETAIL RETAIL,,,,,https://www.mgc.dps.mo.gov/SportsWagering/sw_financials/FY26_SWFinReport/03_Mar/SW Monthly Financials 0326.xlsx,https://www.mgc.dps.mo.gov/SportsWagering/sw_financials/rb_SWFin_main.html,MO/screenshots/MO_2026_05_SW_Monthly_Financials_0326.png,,,2026-05-03T12:24:29.351903
MO,2026-02-01,2026-02-28,monthly,ALL,TOTAL,TOTAL,,online,basketball,10785808357,572004430,572004430.0,,,10213803927.0,,,0.0530330607653313,28,False,False,SW_Monthly_Financials_0226.xlsx,SPORT DETAIL MOBILE,,,,,https://www.mgc.dps.mo.gov/SportsWagering/sw_financials/FY26_SWFinReport/02_Feb/SW Monthly Financials 0226.xlsx,https://www.mgc.dps.mo.gov/SportsWagering/sw_financials/rb_SWFin_main.html,MO/screenshots/MO_2026_04_SW_Monthly_Financials_0226.png,,,2026-04-26T04:28:17.267412
MO,2026-04-01,2026-04-30,monthly,ALL,TOTAL,TOTAL,,retail,combat_sports,1414215,113738,113738.0,,,1300477.0,,,0.0804248293222742,30,False,False,SW_Monthly_Financials_0426_.xlsx,SPORT DETAIL RETAIL,,,,,https://www.mgc.dps.mo.gov/SportsWagering/sw_financials/FY26_SWFinReport/04_Apr/SW Monthly Financials 0426 .xlsx,https://www.mgc.dps.mo.gov/SportsWagering/sw_financials/rb_SWFin_main.html,MO/screenshots/MO_2026_05_SW_Monthly_Financials_0426_.png,,,2026-05-30T13:22:08.249193
MO,2026-04-01,2026-04-30,monthly,ALL,TOTAL,TOTAL,,retail,baseball,64566667,9853497,9853497.0,,,54713170.0,,,0.1526096584790415,30,False,False,SW_Monthly_Financials_0426_.xlsx,SPORT DETAIL RETAIL,,,,,https://www.mgc.dps.mo.gov/SportsWagering/sw_financials/FY26_SWFinReport/04_Apr/SW Monthly Financials 0426 .xlsx,https://www.mgc.dps.mo.gov/SportsWagering/sw_financials/rb_SWFin_main.html,MO/screenshots/MO_2026_05_SW_Monthly_Financials_0426_.png,,,2026-05-30T13:22:08.249193
MO,2026-04-01,2026-04-30,monthly,ALL,TOTAL,TOTAL,,retail,basketball,91175244,-3668788,-3668788.0,,,94844032.0,,,-0.0402388613295073,30,False,False,SW_Monthly_Financials_0426_.xlsx,SPORT DETAIL RETAIL,,,,,https://www.mgc.dps.mo.gov/SportsWagering/sw_financials/FY26_SWFinReport/04_Apr/SW Monthly Financials 0426 .xlsx,https://www.mgc.dps.mo.gov/SportsWagering/sw_financials/rb_SWFin_main.html,MO/screenshots/MO_2026_05_SW_Monthly_Financials_0426_.png,,,2026-05-30T13:22:08.249193
MO,2026-03-01,2026-03-31,monthly,ALL,TOTAL,TOTAL,,online,tennis,1682824927,161026677,161026677.0,,,1521798250.0,,,0.0956883122043271,31,False,False,SW_Monthly_Financials_0326.xlsx,SPORT DETAIL MOBILE,,,,,https://www.mgc.dps.mo.gov/SportsWagering/sw_financials/FY26_SWFinReport/03_Mar/SW Monthly Financials 0326.xlsx,https://www.mgc.dps.mo.gov/SportsWagering/sw_financials/rb_SWFin_main.html,MO/screenshots/MO_2026_05_SW_Monthly_Financials_0326.png,,,2026-05-03T12:24:29.351903
MO,2025-12-01,2025-12-31,monthly,ALL,TOTAL,TOTAL,,retail,tennis,55970,-1456,-1456.0,,,57426.0,,,-0.0260139360371627,31,False,False,SW_Monthly_Financials_1225.xls,SPORT DETAIL RETAIL,,,,,https://www.mgc.dps.mo.gov/SportsWagering/sw_financials/FY26_SWFinReport/12_Dec/SW Monthly Financials 1225.xls,https://www.mgc.dps.mo.gov/SportsWagering/sw_financials/rb_SWFin_main.html,,,,2026-04-26T04:28:29.950880
MO,2026-02-01,2026-02-28,monthly,ALL,TOTAL,TOTAL,,online,other,2640139007,132999621,132999621.0,,,2507139386.0,,,0.0503759918123129,28,False,False,SW_Monthly_Financials_0226.xlsx,SPORT DETAIL MOBILE,,,,,https://www.mgc.dps.mo.gov/SportsWagering/sw_financials/FY26_SWFinReport/02_Feb/SW Monthly Financials 0226.xlsx,https://www.mgc.dps.mo.gov/SportsWagering/sw_financials/rb_SWFin_main.html,MO/screenshots/MO_2026_04_SW_Monthly_Financials_0226.png,,,2026-04-26T04:28:17.267412
MO,2026-03-01,2026-03-31,monthly,ALL,TOTAL,TOTAL,,online,soccer,769089273,60903277,60903277.0,,,708185996.0,,,0.0791888264966088,31,False,False,SW_Monthly_Financials_0326.xlsx,SPORT DETAIL MOBILE,,,,,https://www.mgc.dps.mo.gov/SportsWagering/sw_financials/FY26_SWFinReport/03_Mar/SW Monthly Financials 0326.xlsx,https://www.mgc.dps.mo.gov/SportsWagering/sw_financials/rb_SWFin_main.html,MO/screenshots/MO_2026_05_SW_Monthly_Financials_0326.png,,,2026-05-03T12:24:29.351903
MO,2026-04-01,2026-04-30,monthly,ALL,TOTAL,TOTAL,,online,parlay,9203106168,2008968984,2008968984.0,,,7194137184.0,,,0.2182924924831748,30,False,False,SW_Monthly_Financials_0426_.xlsx,SPORT DETAIL MOBILE,,,,,https://www.mgc.dps.mo.gov/SportsWagering/sw_financials/FY26_SWFinReport/04_Apr/SW Monthly Financials 0426 .xlsx,https://www.mgc.dps.mo.gov/SportsWagering/sw_financials/rb_SWFin_main.html,MO/screenshots/MO_2026_05_SW_Monthly_Financials_0426_.png,,,2026-05-30T13:22:08.249193
MO,2026-04-01,2026-04-30,monthly,ALL,TOTAL,TOTAL,,online,other,2745312688,248492336,248492336.0,,,2496820352.0,,,0.0905151304207282,30,False,False,SW_Monthly_Financials_0426_.xlsx,SPORT DETAIL MOBILE,,,,,https://www.mgc.dps.mo.gov/SportsWagering/sw_financials/FY26_SWFinReport/04_Apr/SW Monthly Financials 0426 .xlsx,https://www.mgc.dps.mo.gov/SportsWagering/sw_financials/rb_SWFin_main.html,MO/screenshots/MO_2026_05_SW_Monthly_Financials_0426_.png,,,2026-05-30T13:22:08.249193
MO,2026-01-01,2026-01-31,monthly,ALL,TOTAL,TOTAL,,retail,soccer,2215409,454809,454809.0,,,1760600.0,,,0.2052934695128529,31,False,False,SW_Monthly_Financials_0126.xlsx,SPORT DETAIL RETAIL,,,,,https://www.mgc.dps.mo.gov/SportsWagering/sw_financials/FY26_SWFinReport/01_Jan/SW Monthly Financials 0126.xlsx,https://www.mgc.dps.mo.gov/SportsWagering/sw_financials/rb_SWFin_main.html,MO/screenshots/MO_2026_04_SW_Monthly_Financials_0126.png,,,2026-04-26T04:28:25.567159
MO,2026-03-01,2026-03-31,monthly,ALL,TOTAL,TOTAL,,retail,football,509796,-1674023,-1674023.0,,,2183819.0,,,-3.2837115238252164,31,False,False,SW_Monthly_Financials_0326.xlsx,SPORT DETAIL RETAIL,,,,,https://www.mgc.dps.mo.gov/SportsWagering/sw_financials/FY26_SWFinReport/03_Mar/SW Monthly Financials 0326.xlsx,https://www.mgc.dps.mo.gov/SportsWagering/sw_financials/rb_SWFin_main.html,MO/screenshots/MO_2026_05_SW_Monthly_Financials_0326.png,,,2026-05-03T12:24:29.351903
MO,2026-02-01,2026-02-28,monthly,ALL,TOTAL,TOTAL,,retail,motorsports,527131,-39619,-39619.0,,,566750.0,,,-0.07515968516365,28,False,False,SW_Monthly_Financials_0226.xlsx,SPORT DETAIL RETAIL,,,,,https://www.mgc.dps.mo.gov/SportsWagering/sw_financials/FY26_SWFinReport/02_Feb/SW Monthly Financials 0226.xlsx,https://www.mgc.dps.mo.gov/SportsWagering/sw_financials/rb_SWFin_main.html,MO/screenshots/MO_2026_04_SW_Monthly_Financials_0226.png,,,2026-04-26T04:28:17.267412
MO,2026-01-01,2026-01-31,monthly,ALL,TOTAL,TOTAL,,online,hockey,1378294762,121803089,121803089.0,,,1256491673.0,,,0.0883723078387495,31,False,False,SW_Monthly_Financials_0126.xlsx,SPORT DETAIL MOBILE,,,,,https://www.mgc.dps.mo.gov/SportsWagering/sw_financials/FY26_SWFinReport/01_Jan/SW Monthly Financials 0126.xlsx,https://www.mgc.dps.mo.gov/SportsWagering/sw_financials/rb_SWFin_main.html,MO/screenshots/MO_2026_04_SW_Monthly_Financials_0126.png,,,2026-04-26T04:28:25.567159
MO,2026-03-01,2026-03-31,monthly,ALL,TOTAL,TOTAL,,online,motorsports,46765026,7194495,7194495.0,,,39570531.0,,,0.1538434940675538,31,False,False,SW_Monthly_Financials_0326.xlsx,SPORT DETAIL MOBILE,,,,,https://www.mgc.dps.mo.gov/SportsWagering/sw_financials/FY26_SWFinReport/03_Mar/SW Monthly Financials 0326.xlsx,https://www.mgc.dps.mo.gov/SportsWagering/sw_financials/rb_SWFin_main.html,MO/screenshots/MO_2026_05_SW_Monthly_Financials_0326.png,,,2026-05-03T12:24:29.351903
MO,2026-02-01,2026-02-28,monthly,ALL,TOTAL,TOTAL,,retail,basketball,168799969,16244991,16244991.0,,,152554978.0,,,0.0962381160152938,28,False,False,SW_Monthly_Financials_0226.xlsx,SPORT DETAIL RETAIL,,,,,https://www.mgc.dps.mo.gov/SportsWagering/sw_financials/FY26_SWFinReport/02_Feb/SW Monthly Financials 0226.xlsx,https://www.mgc.dps.mo.gov/SportsWagering/sw_financials/rb_SWFin_main.html,MO/screenshots/MO_2026_04_SW_Monthly_Financials_0226.png,,,2026-04-26T04:28:17.267412
MO,2025-12-01,2025-12-31,monthly,ALL,TOTAL,TOTAL,,retail,combat_sports,542047,20657,20657.0,,,521390.0,,,0.0381092414495422,31,False,False,SW_Monthly_Financials_1225.xls,SPORT DETAIL RETAIL,,,,,https://www.mgc.dps.mo.gov/SportsWagering/sw_financials/FY26_SWFinReport/12_Dec/SW Monthly Financials 1225.xls,https://www.mgc.dps.mo.gov/SportsWagering/sw_financials/rb_SWFin_main.html,,,,2026-04-26T04:28:29.950880
MO,2026-03-01,2026-03-31,monthly,ALL,TOTAL,TOTAL,,retail,baseball,22460029,9154343,9154343.0,,,13305686.0,,,0.407583756904321,31,False,False,SW_Monthly_Financials_0326.xlsx,SPORT DETAIL RETAIL,,,,,https://www.mgc.dps.mo.gov/SportsWagering/sw_financials/FY26_SWFinReport/03_Mar/SW Monthly Financials 0326.xlsx,https://www.mgc.dps.mo.gov/SportsWagering/sw_financials/rb_SWFin_main.html,MO/screenshots/MO_2026_05_SW_Monthly_Financials_0326.png,,,2026-05-03T12:24:29.351903
MO,2025-12-01,2025-12-31,monthly,ALL,TOTAL,TOTAL,,online,parlay,21347033163,7423733310,7423733310.0,,,13923299853.0,,,0.3477641718788011,31,False,False,SW_Monthly_Financials_1225.xls,SPORT DETAIL MOBILE,,,,,https://www.mgc.dps.mo.gov/SportsWagering/sw_financials/FY26_SWFinReport/12_Dec/SW Monthly Financials 1225.xls,https://www.mgc.dps.mo.gov/SportsWagering/sw_financials/rb_SWFin_main.html,,,,2026-04-26T04:28:29.950880
MO,2026-01-01,2026-01-31,monthly,ALL,TOTAL,TOTAL,,retail,tennis,1899610,1338312,1338312.0,,,561298.0,,,0.7045193487084191,31,False,False,SW_Monthly_Financials_0126.xlsx,SPORT DETAIL RETAIL,,,,,https://www.mgc.dps.mo.gov/SportsWagering/sw_financials/FY26_SWFinReport/01_Jan/SW Monthly Financials 0126.xlsx,https://www.mgc.dps.mo.gov/SportsWagering/sw_financials/rb_SWFin_main.html,MO/screenshots/MO_2026_04_SW_Monthly_Financials_0126.png,,,2026-04-26T04:28:25.567159
MO,2026-01-01,2026-01-31,monthly,ALL,TOTAL,TOTAL,,online,football,7040374220,796436566,796436566.0,,,6243937654.0,,,0.1131241807768564,31,False,False,SW_Monthly_Financials_0126.xlsx,SPORT DETAIL MOBILE,,,,,https://www.mgc.dps.mo.gov/SportsWagering/sw_financials/FY26_SWFinReport/01_Jan/SW Monthly Financials 0126.xlsx,https://www.mgc.dps.mo.gov/SportsWagering/sw_financials/rb_SWFin_main.html,MO/screenshots/MO_2026_04_SW_Monthly_Financials_0126.png,,,2026-04-26T04:28:25.567159
MO,2026-02-01,2026-02-28,monthly,ALL,TOTAL,TOTAL,,retail,parlay,117300113,27128428,27128428.0,,,90171685.0,,,0.2312736731975697,28,False,False,SW_Monthly_Financials_0226.xlsx,SPORT DETAIL RETAIL,,,,,https://www.mgc.dps.mo.gov/SportsWagering/sw_financials/FY26_SWFinReport/02_Feb/SW Monthly Financials 0226.xlsx,https://www.mgc.dps.mo.gov/SportsWagering/sw_financials/rb_SWFin_main.html,MO/screenshots/MO_2026_04_SW_Monthly_Financials_0226.png,,,2026-04-26T04:28:17.267412
MO,2025-12-01,2025-12-31,monthly,ALL,TOTAL,TOTAL,,online,baseball,300481121,16220711,16220711.0,,,284260410.0,,,0.0539824630113783,31,False,False,SW_Monthly_Financials_1225.xls,SPORT DETAIL MOBILE,,,,,https://www.mgc.dps.mo.gov/SportsWagering/sw_financials/FY26_SWFinReport/12_Dec/SW Monthly Financials 1225.xls,https://www.mgc.dps.mo.gov/SportsWagering/sw_financials/rb_SWFin_main.html,,,,2026-04-26T04:28:29.950880
MO,2026-03-01,2026-03-31,monthly,ALL,TOTAL,TOTAL,,online,baseball,1244500468,97489712,97489712.0,,,1147010756.0,,,0.0783364205211371,31,False,False,SW_Monthly_Financials_0326.xlsx,SPORT DETAIL MOBILE,,,,,https://www.mgc.dps.mo.gov/SportsWagering/sw_financials/FY26_SWFinReport/03_Mar/SW Monthly Financials 0326.xlsx,https://www.mgc.dps.mo.gov/SportsWagering/sw_financials/rb_SWFin_main.html,MO/screenshots/MO_2026_05_SW_Monthly_Financials_0326.png,,,2026-05-03T12:24:29.351903
MO,2026-04-01,2026-04-30,monthly,ALL,TOTAL,TOTAL,,online,motorsports,22960348,3897848,3897848.0,,,19062500.0,,,0.1697643258717159,30,False,False,SW_Monthly_Financials_0426_.xlsx,SPORT DETAIL MOBILE,,,,,https://www.mgc.dps.mo.gov/SportsWagering/sw_financials/FY26_SWFinReport/04_Apr/SW Monthly Financials 0426 .xlsx,https://www.mgc.dps.mo.gov/SportsWagering/sw_financials/rb_SWFin_main.html,MO/screenshots/MO_2026_05_SW_Monthly_Financials_0426_.png,,,2026-05-30T13:22:08.249193
MO,2026-02-01,2026-02-28,monthly,ALL,TOTAL,TOTAL,,retail,football,48972560,-5416348,-5416348.0,,,54388908.0,,,-0.1105996500897645,28,False,False,SW_Monthly_Financials_0226.xlsx,SPORT DETAIL RETAIL,,,,,https://www.mgc.dps.mo.gov/SportsWagering/sw_financials/FY26_SWFinReport/02_Feb/SW Monthly Financials 0226.xlsx,https://www.mgc.dps.mo.gov/SportsWagering/sw_financials/rb_SWFin_main.html,MO/screenshots/MO_2026_04_SW_Monthly_Financials_0226.png,,,2026-04-26T04:28:17.267412
MO,2026-03-01,2026-03-31,monthly,ALL,TOTAL,TOTAL,,retail,motorsports,608219,75770,75770.0,,,532449.0,,,0.1245768382770022,31,False,False,SW_Monthly_Financials_0326.xlsx,SPORT DETAIL RETAIL,,,,,https://www.mgc.dps.mo.gov/SportsWagering/sw_financials/FY26_SWFinReport/03_Mar/SW Monthly Financials 0326.xlsx,https://www.mgc.dps.mo.gov/SportsWagering/sw_financials/rb_SWFin_main.html,MO/screenshots/MO_2026_05_SW_Monthly_Financials_0326.png,,,2026-05-03T12:24:29.351903
MO,2026-01-01,2026-01-31,monthly,ALL,TOTAL,TOTAL,,online,baseball,6014211,5565685,5565685.0,,,448526.0,,,0.9254223039397852,31,False,False,SW_Monthly_Financials_0126.xlsx,SPORT DETAIL MOBILE,,,,,https://www.mgc.dps.mo.gov/SportsWagering/sw_financials/FY26_SWFinReport/01_Jan/SW Monthly Financials 0126.xlsx,https://www.mgc.dps.mo.gov/SportsWagering/sw_financials/rb_SWFin_main.html,MO/screenshots/MO_2026_04_SW_Monthly_Financials_0126.png,,,2026-04-26T04:28:25.567159
MO,2025-12-01,2025-12-31,monthly,ALL,TOTAL,TOTAL,,retail,baseball,52705,52705,52705.0,,,,,,1.0,31,False,False,SW_Monthly_Financials_1225.xls,SPORT DETAIL RETAIL,,,,,https://www.mgc.dps.mo.gov/SportsWagering/sw_financials/FY26_SWFinReport/12_Dec/SW Monthly Financials 1225.xls,https://www.mgc.dps.mo.gov/SportsWagering/sw_financials/rb_SWFin_main.html,,,,2026-04-26T04:28:29.950880
MO,2026-02-01,2026-02-28,monthly,ALL,TOTAL,TOTAL,,retail,combat_sports,540966,-602372,-602372.0,,,1143338.0,,,-1.11351175489772,28,False,False,SW_Monthly_Financials_0226.xlsx,SPORT DETAIL RETAIL,,,,,https://www.mgc.dps.mo.gov/SportsWagering/sw_financials/FY26_SWFinReport/02_Feb/SW Monthly Financials 0226.xlsx,https://www.mgc.dps.mo.gov/SportsWagering/sw_financials/rb_SWFin_main.html,MO/screenshots/MO_2026_04_SW_Monthly_Financials_0226.png,,,2026-04-26T04:28:17.267412
MO,2026-02-01,2026-02-28,monthly,ALL,TOTAL,TOTAL,,retail,baseball,2285369,1580748,1580748.0,,,704621.0,,,0.6916817371724217,28,False,False,SW_Monthly_Financials_0226.xlsx,SPORT DETAIL RETAIL,,,,,https://www.mgc.dps.mo.gov/SportsWagering/sw_financials/FY26_SWFinReport/02_Feb/SW Monthly Financials 0226.xlsx,https://www.mgc.dps.mo.gov/SportsWagering/sw_financials/rb_SWFin_main.html,MO/screenshots/MO_2026_04_SW_Monthly_Financials_0226.png,,,2026-04-26T04:28:17.267412
MO,2026-01-01,2026-01-31,monthly,ALL,TOTAL,TOTAL,,retail,motorsports,26800,26800,26800.0,,,,,,1.0,31,False,False,SW_Monthly_Financials_0126.xlsx,SPORT DETAIL RETAIL,,,,,https://www.mgc.dps.mo.gov/SportsWagering/sw_financials/FY26_SWFinReport/01_Jan/SW Monthly Financials 0126.xlsx,https://www.mgc.dps.mo.gov/SportsWagering/sw_financials/rb_SWFin_main.html,MO/screenshots/MO_2026_05_SW_Monthly_Financials_0126.png,,,2026-05-03T12:24:44.162851
MO,2026-03-01,2026-03-31,monthly,ALL,TOTAL,TOTAL,,retail,hockey,16853807,4368910,4368910.0,,,12484897.0,,,0.2592239248972057,31,False,False,SW_Monthly_Financials_0326.xlsx,SPORT DETAIL RETAIL,,,,,https://www.mgc.dps.mo.gov/SportsWagering/sw_financials/FY26_SWFinReport/03_Mar/SW Monthly Financials 0326.xlsx,https://www.mgc.dps.mo.gov/SportsWagering/sw_financials/rb_SWFin_main.html,MO/screenshots/MO_2026_05_SW_Monthly_Financials_0326.png,,,2026-05-03T12:24:29.351903
MO,2026-03-01,2026-03-31,monthly,ALL,TOTAL,TOTAL,,retail,soccer,7866682,-401386,-401386.0,,,8268068.0,,,-0.0510235446151249,31,False,False,SW_Monthly_Financials_0326.xlsx,SPORT DETAIL RETAIL,,,,,https://www.mgc.dps.mo.gov/SportsWagering/sw_financials/FY26_SWFinReport/03_Mar/SW Monthly Financials 0326.xlsx,https://www.mgc.dps.mo.gov/SportsWagering/sw_financials/rb_SWFin_main.html,MO/screenshots/MO_2026_05_SW_Monthly_Financials_0326.png,,,2026-05-03T12:24:29.351903
MO,2026-03-01,2026-03-31,monthly,ALL,TOTAL,TOTAL,,retail,tennis,3469591,-10595,-10595.0,,,3480186.0,,,-0.0030536740497655,31,False,False,SW_Monthly_Financials_0326.xlsx,SPORT DETAIL RETAIL,,,,,https://www.mgc.dps.mo.gov/SportsWagering/sw_financials/FY26_SWFinReport/03_Mar/SW Monthly Financials 0326.xlsx,https://www.mgc.dps.mo.gov/SportsWagering/sw_financials/rb_SWFin_main.html,MO/screenshots/MO_2026_05_SW_Monthly_Financials_0326.png,,,2026-05-03T12:24:29.351903
MO,2025-12-01,2025-12-31,monthly,ALL,TOTAL,TOTAL,,retail,motorsports,24000,22750,22750.0,,,1250.0,,,0.9479166666666666,31,False,False,SW_Monthly_Financials_1225.xls,SPORT DETAIL RETAIL,,,,,https://www.mgc.dps.mo.gov/SportsWagering/sw_financials/FY26_SWFinReport/12_Dec/SW Monthly Financials 1225.xls,https://www.mgc.dps.mo.gov/SportsWagering/sw_financials/rb_SWFin_main.html,,,,2026-04-26T04:28:29.950880
MO,2026-03-01,2026-03-31,monthly,ALL,TOTAL,TOTAL,,retail,other,13033885,-171905,-171905.0,,,13205790.0,,,-0.0131890836845652,31,False,False,SW_Monthly_Financials_0326.xlsx,SPORT DETAIL RETAIL,,,,,https://www.mgc.dps.mo.gov/SportsWagering/sw_financials/FY26_SWFinReport/03_Mar/SW Monthly Financials 0326.xlsx,https://www.mgc.dps.mo.gov/SportsWagering/sw_financials/rb_SWFin_main.html,MO/screenshots/MO_2026_05_SW_Monthly_Financials_0326.png,,,2026-05-03T12:24:29.351903
MO,2026-01-01,2026-01-31,monthly,ALL,TOTAL,TOTAL,,retail,basketball,123537125,14763670,14763670.0,,,108773455.0,,,0.1195079616754882,31,False,False,SW_Monthly_Financials_0126.xlsx,SPORT DETAIL RETAIL,,,,,https://www.mgc.dps.mo.gov/SportsWagering/sw_financials/FY26_SWFinReport/01_Jan/SW Monthly Financials 0126.xlsx,https://www.mgc.dps.mo.gov/SportsWagering/sw_financials/rb_SWFin_main.html,MO/screenshots/MO_2026_04_SW_Monthly_Financials_0126.png,,,2026-04-26T04:28:25.567159
MO,2026-02-01,2026-02-28,monthly,ALL,TOTAL,TOTAL,,retail,tennis,2418199,-15545,-15545.0,,,2433744.0,,,-0.0064283377836149,28,False,False,SW_Monthly_Financials_0226.xlsx,SPORT DETAIL RETAIL,,,,,https://www.mgc.dps.mo.gov/SportsWagering/sw_financials/FY26_SWFinReport/02_Feb/SW Monthly Financials 0226.xlsx,https://www.mgc.dps.mo.gov/SportsWagering/sw_financials/rb_SWFin_main.html,MO/screenshots/MO_2026_04_SW_Monthly_Financials_0226.png,,,2026-04-26T04:28:17.267412
MO,2025-12-01,2025-12-31,monthly,ALL,TOTAL,TOTAL,,online,basketball,9824232648,1127759036,1127759036.0,,,8696473612.0,,,0.1147936003153984,31,False,False,SW_Monthly_Financials_1225.xls,SPORT DETAIL MOBILE,,,,,https://www.mgc.dps.mo.gov/SportsWagering/sw_financials/FY26_SWFinReport/12_Dec/SW Monthly Financials 1225.xls,https://www.mgc.dps.mo.gov/SportsWagering/sw_financials/rb_SWFin_main.html,,,,2026-04-26T04:28:29.950880
MO,2025-12-01,2025-12-31,monthly,ALL,TOTAL,TOTAL,,retail,football,190743194,29694710,29694710.0,,,161048484.0,,,0.1556790015794744,31,False,False,SW_Monthly_Financials_1225.xls,SPORT DETAIL RETAIL,,,,,https://www.mgc.dps.mo.gov/SportsWagering/sw_financials/FY26_SWFinReport/12_Dec/SW Monthly Financials 1225.xls,https://www.mgc.dps.mo.gov/SportsWagering/sw_financials/rb_SWFin_main.html,,,,2026-04-26T04:28:29.950880
MO,2026-01-01,2026-01-31,monthly,ALL,TOTAL,TOTAL,,retail,hockey,14936461,2779598,2779598.0,,,12156863.0,,,0.1860948185785106,31,False,False,SW_Monthly_Financials_0126.xlsx,SPORT DETAIL RETAIL,,,,,https://www.mgc.dps.mo.gov/SportsWagering/sw_financials/FY26_SWFinReport/01_Jan/SW Monthly Financials 0126.xlsx,https://www.mgc.dps.mo.gov/SportsWagering/sw_financials/rb_SWFin_main.html,MO/screenshots/MO_2026_04_SW_Monthly_Financials_0126.png,,,2026-04-26T04:28:25.567159
MO,2026-02-01,2026-02-28,monthly,ALL,TOTAL,TOTAL,,retail,other,9381953,-131278,-131278.0,,,9513231.0,,,-0.0139926090015586,28,False,False,SW_Monthly_Financials_0226.xlsx,SPORT DETAIL RETAIL,,,,,https://www.mgc.dps.mo.gov/SportsWagering/sw_financials/FY26_SWFinReport/02_Feb/SW Monthly Financials 0226.xlsx,https://www.mgc.dps.mo.gov/SportsWagering/sw_financials/rb_SWFin_main.html,MO/screenshots/MO_2026_04_SW_Monthly_Financials_0226.png,,,2026-04-26T04:28:17.267412
MO,2026-03-01,2026-03-31,monthly,FANDUEL - MOBILE,FanDuel,FanDuel,Flutter Entertainment,online,,10738396883,739508459,,,739508459.0,,73950846.0,,0.06886581554558846,31,False,False,SW_Monthly_Financials_0526_.xlsx,MONTHLY STATS MOBILE,66.0,,,,https://www.mgc.dps.mo.gov/SportsWagering/sw_financials/FY26_SWFinReport/05_May/SW Monthly Financials 0526 .xlsx,https://www.mgc.dps.mo.gov/SportsWagering/sw_financials/rb_SWFin_main.html,MO/screenshots/MO_2026_07_SW_Monthly_Financials_0526_.png,2026-03-01 00:00:00 | 4809075 | 107383968.83 | 99988884.24 | 7395084.590000004 | 739508.4590000004,"{""headers"": [""LICENSEE"", ""MO/YR"", ""WAGERS"", ""HANDLE"", """", ""DEDUCTIONS"", """", ""TAXABLE AGR"", ""WAGERING TAX""], ""rows"": [["""", ""2026-01-01 00:00:00"", ""6463816"", ""125697271.8"", """", ""126601590.82"", """", ""-904319.0199999958"", ""0""], ["""", ""2026-02-01 00:00:00"", ""4044236"", ""92529457.48"", """", ""86591285.47999999"", """", ""5938172.000000015"", ""593817.2000000015""], ["""", ""2026-03-01 00:00:00"", ""4809075"", ""107383968.83"", """", ""99988884.24"", """", ""7395084.590000004"", ""739508.4590000004""], ["""", ""2026-04-01 00:00:00"", ""4384191"", ""88496276.72"", """", ""81743244.3"", """", ""6753032.420000002"", ""675303.2420000002""], ["""", ""2026-05-01 00:00:00"", ""3191828"", ""82585784.57"", """", ""74724714.56"", """", ""7861070.00999999"", ""786107.0009999991""]], ""highlight"": 2}",2026-07-08T17:32:50.343461
MO,2026-02-01,2026-02-28,monthly,FANATICS - MOBILE,Fanatics,Fanatics,Fanatics Inc,online,,1776780621,-135786812,,,-135786812.0,,0.0,,-0.07642294743375637,28,False,False,SW_Monthly_Financials_0526_.xlsx,MONTHLY STATS MOBILE,56.0,,,,https://www.mgc.dps.mo.gov/SportsWagering/sw_financials/FY26_SWFinReport/05_May/SW Monthly Financials 0526 .xlsx,https://www.mgc.dps.mo.gov/SportsWagering/sw_financials/rb_SWFin_main.html,MO/screenshots/MO_2026_07_SW_Monthly_Financials_0526_.png,2026-02-01 00:00:00 | 528350 | 17767806.21 | 19125674.33 | -1357868.1199999973 | 0,"{""headers"": [""LICENSEE"", ""MO/YR"", ""WAGERS"", ""HANDLE"", """", ""DEDUCTIONS"", """", ""TAXABLE AGR"", ""WAGERING TAX""], ""rows"": [[""FANATICS - MOBILE"", ""2025-12-01 00:00:00"", ""531280"", ""22818367.06"", """", ""24675601.49"", """", ""-1857234.4299999997"", ""0""], ["""", ""2026-01-01 00:00:00"", ""644108"", ""21034033.41"", """", ""23012370.09"", """", ""-1978336.6799999997"", ""0""], ["""", ""2026-02-01 00:00:00"", ""528350"", ""17767806.21"", """", ""19125674.33"", """", ""-1357868.1199999973"", ""0""], ["""", ""2026-03-01 00:00:00"", ""591525"", ""26467728.26"", """", ""27420499.470000003"", """", ""-952771.2100000009"", ""0""], ["""", ""2026-04-01 00:00:00"", ""487423"", ""22900471.73"", """", ""22435380.78"", """", ""465090.94999999925"", ""46509.1""]], ""highlight"": 2}",2026-07-08T17:32:50.343461
MO,2026-03-01,2026-03-31,monthly,FANATICS - MOBILE,Fanatics,Fanatics,Fanatics Inc,online,,2646772826,-95277121,,,-95277121.0,,0.0,,-0.035997468337314716,31,False,False,SW_Monthly_Financials_0526_.xlsx,MONTHLY STATS MOBILE,57.0,,,,https://www.mgc.dps.mo.gov/SportsWagering/sw_financials/FY26_SWFinReport/05_May/SW Monthly Financials 0526 .xlsx,https://www.mgc.dps.mo.gov/SportsWagering/sw_financials/rb_SWFin_main.html,MO/screenshots/MO_2026_07_SW_Monthly_Financials_0526_.png,2026-03-01 00:00:00 | 591525 | 26467728.26 | 27420499.470000003 | -952771.2100000009 | 0,"{""headers"": [""LICENSEE"", ""MO/YR"", ""WAGERS"", ""HANDLE"", """", ""DEDUCTIONS"", """", ""TAXABLE AGR"", ""WAGERING TAX""], ""rows"": [["""", ""2026-01-01 00:00:00"", ""644108"", ""21034033.41"", """", ""23012370.09"", """", ""-1978336.6799999997"", ""0""], ["""", ""2026-02-01 00:00:00"", ""528350"", ""17767806.21"", """", ""19125674.33"", """", ""-1357868.1199999973"", ""0""], ["""", ""2026-03-01 00:00:00"", ""591525"", ""26467728.26"", """", ""27420499.470000003"", """", ""-952771.2100000009"", ""0""], ["""", ""2026-04-01 00:00:00"", ""487423"", ""22900471.73"", """", ""22435380.78"", """", ""465090.94999999925"", ""46509.1""], ["""", ""2026-05-01 00:00:00"", ""507487"", ""22116772.72"", """", ""20936199.02"", """", ""1180573.6999999993"", ""118057.36999999994""]], ""highlight"": 2}",2026-07-08T17:32:50.343461
MO,2026-04-01,2026-04-30,monthly,FANATICS - MOBILE,Fanatics,Fanatics,Fanatics Inc,online,,2290047173,46509095,,,46509095.0,,4650910.0,,0.020309230110344106,30,False,False,SW_Monthly_Financials_0526_.xlsx,MONTHLY STATS MOBILE,58.0,,,,https://www.mgc.dps.mo.gov/SportsWagering/sw_financials/FY26_SWFinReport/05_May/SW Monthly Financials 0526 .xlsx,https://www.mgc.dps.mo.gov/SportsWagering/sw_financials/rb_SWFin_main.html,MO/screenshots/MO_2026_07_SW_Monthly_Financials_0526_.png,2026-04-01 00:00:00 | 487423 | 22900471.73 | 22435380.78 | 465090.94999999925 | 46509.1,"{""headers"": [""LICENSEE"", ""MO/YR"", ""WAGERS"", ""HANDLE"", """", ""DEDUCTIONS"", """", ""TAXABLE AGR"", ""WAGERING TAX""], ""rows"": [["""", ""2026-02-01 00:00:00"", ""528350"", ""17767806.21"", """", ""19125674.33"", """", ""-1357868.1199999973"", ""0""], ["""", ""2026-03-01 00:00:00"", ""591525"", ""26467728.26"", """", ""27420499.470000003"", """", ""-952771.2100000009"", ""0""], ["""", ""2026-04-01 00:00:00"", ""487423"", ""22900471.73"", """", ""22435380.78"", """", ""465090.94999999925"", ""46509.1""], ["""", ""2026-05-01 00:00:00"", ""507487"", ""22116772.72"", """", ""20936199.02"", """", ""1180573.6999999993"", ""118057.36999999994""], ["""", """", """", """", """", """", """", """", """"]], ""highlight"": 2}",2026-07-08T17:32:50.343461
MO,2026-05-01,2026-05-31,monthly,FANATICS - MOBILE,Fanatics,Fanatics,Fanatics Inc,online,,2211677272,118057370,174622202.0,51012410.0,118057370.0,2027466989.0,11805737.0,5552422.0,0.0533791125380792,31,False,False,SW_Monthly_Financials_0526_.xlsx,MONTHLY STATS MOBILE,59.0,,,,https://www.mgc.dps.mo.gov/SportsWagering/sw_financials/FY26_SWFinReport/05_May/SW Monthly Financials 0526 .xlsx,https://www.mgc.dps.mo.gov/SportsWagering/sw_financials/rb_SWFin_main.html,MO/screenshots/MO_2026_07_SW_Monthly_Financials_0526_.png,2026-05-01 00:00:00 | 507487 | 22116772.72 | 20936199.02 | 1180573.6999999993 | 118057.36999999994,"{""headers"": [""LICENSEE"", ""MO/YR"", ""WAGERS"", ""HANDLE"", """", ""DEDUCTIONS"", """", ""TAXABLE AGR"", ""WAGERING TAX""], ""rows"": [["""", ""2026-03-01 00:00:00"", ""591525"", ""26467728.26"", """", ""27420499.470000003"", """", ""-952771.2100000009"", ""0""], ["""", ""2026-04-01 00:00:00"", ""487423"", ""22900471.73"", """", ""22435380.78"", """", ""465090.94999999925"", ""46509.1""], ["""", ""2026-05-01 00:00:00"", ""507487"", ""22116772.72"", """", ""20936199.02"", """", ""1180573.6999999993"", ""118057.36999999994""], ["""", """", """", """", """", """", """", """", """"], [""TOTALS:"", """", ""3290173"", ""133105179.39"", """", ""137605725.18"", """", ""-4500545.789999999"", ""164566.46999999994""]], ""highlight"": 2}",2026-07-08T17:32:50.343461
MO,2025-12-01,2025-12-31,monthly,FANDUEL - MOBILE,FanDuel,FanDuel,Flutter Entertainment,online,,21269956963,-718582946,,,-718582946.0,,0.0,,-0.03378393981943667,31,False,False,SW_Monthly_Financials_0526_.xlsx,MONTHLY STATS MOBILE,63.0,,,,https://www.mgc.dps.mo.gov/SportsWagering/sw_financials/FY26_SWFinReport/05_May/SW Monthly Financials 0526 .xlsx,https://www.mgc.dps.mo.gov/SportsWagering/sw_financials/rb_SWFin_main.html,MO/screenshots/MO_2026_07_SW_Monthly_Financials_0526_.png,FANDUEL - MOBILE | 2025-12-01 00:00:00 | 9029790 | 212699569.63 | 219885399.09 | -7185829.460000008 | 0,"{""headers"": [""LICENSEE"", ""MO/YR"", ""WAGERS"", ""HANDLE"", """", ""DEDUCTIONS"", """", ""TAXABLE AGR"", ""WAGERING TAX""], ""rows"": [[""TOTALS:"", """", ""3290173"", ""133105179.39"", """", ""137605725.18"", """", ""-4500545.789999999"", ""164566.46999999994""], ["""", """", """", """", """", """", """", """", """"], [""FANDUEL - MOBILE"", ""2025-12-01 00:00:00"", ""9029790"", ""212699569.63"", """", ""219885399.09"", """", ""-7185829.460000008"", ""0""], ["""", ""2026-01-01 00:00:00"", ""6463816"", ""125697271.8"", """", ""126601590.82"", """", ""-904319.0199999958"", ""0""], ["""", ""2026-02-01 00:00:00"", ""4044236"", ""92529457.48"", """", ""86591285.47999999"", """", ""5938172.000000015"", ""593817.2000000015""]], ""highlight"": 2}",2026-07-08T17:32:50.343461
MO,2026-01-01,2026-01-31,monthly,FANDUEL - MOBILE,FanDuel,FanDuel,Flutter Entertainment,online,,12569727180,-90431902,,,-90431902.0,,0.0,,-0.007194420428144885,31,False,False,SW_Monthly_Financials_0526_.xlsx,MONTHLY STATS MOBILE,64.0,,,,https://www.mgc.dps.mo.gov/SportsWagering/sw_financials/FY26_SWFinReport/05_May/SW Monthly Financials 0526 .xlsx,https://www.mgc.dps.mo.gov/SportsWagering/sw_financials/rb_SWFin_main.html,MO/screenshots/MO_2026_07_SW_Monthly_Financials_0526_.png,2026-01-01 00:00:00 | 6463816 | 125697271.8 | 126601590.82 | -904319.0199999958 | 0,"{""headers"": [""LICENSEE"", ""MO/YR"", ""WAGERS"", ""HANDLE"", """", ""DEDUCTIONS"", """", ""TAXABLE AGR"", ""WAGERING TAX""], ""rows"": [["""", """", """", """", """", """", """", """", """"], [""FANDUEL - MOBILE"", ""2025-12-01 00:00:00"", ""9029790"", ""212699569.63"", """", ""219885399.09"", """", ""-7185829.460000008"", ""0""], ["""", ""2026-01-01 00:00:00"", ""6463816"", ""125697271.8"", """", ""126601590.82"", """", ""-904319.0199999958"", ""0""], ["""", ""2026-02-01 00:00:00"", ""4044236"", ""92529457.48"", """", ""86591285.47999999"", """", ""5938172.000000015"", ""593817.2000000015""], ["""", ""2026-03-01 00:00:00"", ""4809075"", ""107383968.83"", """", ""99988884.24"", """", ""7395084.590000004"", ""739508.4590000004""]], ""highlight"": 2}",2026-07-08T17:32:50.343461
MO,2026-02-01,2026-02-28,monthly,FANDUEL - MOBILE,FanDuel,FanDuel,Flutter Entertainment,online,,9252945748,593817200,,,593817200.0,,59381720.0,,0.06417601660837059,28,False,False,SW_Monthly_Financials_0526_.xlsx,MONTHLY STATS MOBILE,65.0,,,,https://www.mgc.dps.mo.gov/SportsWagering/sw_financials/FY26_SWFinReport/05_May/SW Monthly Financials 0526 .xlsx,https://www.mgc.dps.mo.gov/SportsWagering/sw_financials/rb_SWFin_main.html,MO/screenshots/MO_2026_07_SW_Monthly_Financials_0526_.png,2026-02-01 00:00:00 | 4044236 | 92529457.48 | 86591285.47999999 | 5938172.000000015 | 593817.2000000015,"{""headers"": [""LICENSEE"", ""MO/YR"", ""WAGERS"", ""HANDLE"", """", ""DEDUCTIONS"", """", ""TAXABLE AGR"", ""WAGERING TAX""], ""rows"": [[""FANDUEL - MOBILE"", ""2025-12-01 00:00:00"", ""9029790"", ""212699569.63"", """", ""219885399.09"", """", ""-7185829.460000008"", ""0""], ["""", ""2026-01-01 00:00:00"", ""6463816"", ""125697271.8"", """", ""126601590.82"", """", ""-904319.0199999958"", ""0""], ["""", ""2026-02-01 00:00:00"", ""4044236"", ""92529457.48"", """", ""86591285.47999999"", """", ""5938172.000000015"", ""593817.2000000015""], ["""", ""2026-03-01 00:00:00"", ""4809075"", ""107383968.83"", """", ""99988884.24"", """", ""7395084.590000004"", ""739508.4590000004""], ["""", ""2026-04-01 00:00:00"", ""4384191"", ""88496276.72"", """", ""81743244.3"", """", ""6753032.420000002"", ""675303.2420000002""]], ""highlight"": 2}",2026-07-08T17:32:50.343461
MO,2026-04-01,2026-04-30,monthly,FANDUEL - MOBILE,FanDuel,FanDuel,Flutter Entertainment,online,,8849627672,675303242,,,675303242.0,,67530324.0,,0.07630866145212442,30,False,False,SW_Monthly_Financials_0526_.xlsx,MONTHLY STATS MOBILE,67.0,,,,https://www.mgc.dps.mo.gov/SportsWagering/sw_financials/FY26_SWFinReport/05_May/SW Monthly Financials 0526 .xlsx,https://www.mgc.dps.mo.gov/SportsWagering/sw_financials/rb_SWFin_main.html,MO/screenshots/MO_2026_07_SW_Monthly_Financials_0526_.png,2026-04-01 00:00:00 | 4384191 | 88496276.72 | 81743244.3 | 6753032.420000002 | 675303.2420000002,"{""headers"": [""LICENSEE"", ""MO/YR"", ""WAGERS"", ""HANDLE"", """", ""DEDUCTIONS"", """", ""TAXABLE AGR"", ""WAGERING TAX""], ""rows"": [["""", ""2026-02-01 00:00:00"", ""4044236"", ""92529457.48"", """", ""86591285.47999999"", """", ""5938172.000000015"", ""593817.2000000015""], ["""", ""2026-03-01 00:00:00"", ""4809075"", ""107383968.83"", """", ""99988884.24"", """", ""7395084.590000004"", ""739508.4590000004""], ["""", ""2026-04-01 00:00:00"", ""4384191"", ""88496276.72"", """", ""81743244.3"", """", ""6753032.420000002"", ""675303.2420000002""], ["""", ""2026-05-01 00:00:00"", ""3191828"", ""82585784.57"", """", ""74724714.56"", """", ""7861070.00999999"", ""786107.0009999991""], ["""", """", """", """", """", """", """", """", """"]], ""highlight"": 2}",2026-07-08T17:32:50.343461
MO,2025-12-01,2025-12-31,monthly,FANATICS - MOBILE,Fanatics,Fanatics,Fanatics Inc,online,,2281836706,-185723443,,,-185723443.0,,0.0,,-0.08139208318967238,31,False,False,SW_Monthly_Financials_0526_.xlsx,MONTHLY STATS MOBILE,54.0,,,,https://www.mgc.dps.mo.gov/SportsWagering/sw_financials/FY26_SWFinReport/05_May/SW Monthly Financials 0526 .xlsx,https://www.mgc.dps.mo.gov/SportsWagering/sw_financials/rb_SWFin_main.html,MO/screenshots/MO_2026_07_SW_Monthly_Financials_0526_.png,FANATICS - MOBILE | 2025-12-01 00:00:00 | 531280 | 22818367.06 | 24675601.49 | -1857234.4299999997 | 0,"{""headers"": [""LICENSEE"", ""MO/YR"", ""WAGERS"", ""HANDLE"", """", ""DEDUCTIONS"", """", ""TAXABLE AGR"", ""WAGERING TAX""], ""rows"": [[""TOTALS:"", """", ""32656011"", ""760421193.48"", """", ""747678980.9499999"", """", ""12742212.529999986"", ""3337512.6769999997""], ["""", """", """", """", """", """", """", """", """"], [""FANATICS - MOBILE"", ""2025-12-01 00:00:00"", ""531280"", ""22818367.06"", """", ""24675601.49"", """", ""-1857234.4299999997"", ""0""], ["""", ""2026-01-01 00:00:00"", ""644108"", ""21034033.41"", """", ""23012370.09"", """", ""-1978336.6799999997"", ""0""], ["""", ""2026-02-01 00:00:00"", ""528350"", ""17767806.21"", """", ""19125674.33"", """", ""-1357868.1199999973"", ""0""]], ""highlight"": 2}",2026-07-08T17:32:50.343461
MO,2026-05-01,2026-05-31,monthly,FANDUEL - MOBILE,FanDuel,FanDuel,Flutter Entertainment,online,,8258578457,786107001,1137533476.0,330639370.0,786107001.0,7093331554.0,78610700.0,20787105.0,0.09518672070417797,31,False,False,SW_Monthly_Financials_0526_.xlsx,MONTHLY STATS MOBILE,68.0,,,,https://www.mgc.dps.mo.gov/SportsWagering/sw_financials/FY26_SWFinReport/05_May/SW Monthly Financials 0526 .xlsx,https://www.mgc.dps.mo.gov/SportsWagering/sw_financials/rb_SWFin_main.html,MO/screenshots/MO_2026_07_SW_Monthly_Financials_0526_.png,2026-05-01 00:00:00 | 3191828 | 82585784.57 | 74724714.56 | 7861070.00999999 | 786107.0009999991,"{""headers"": [""LICENSEE"", ""MO/YR"", ""WAGERS"", ""HANDLE"", """", ""DEDUCTIONS"", """", ""TAXABLE AGR"", ""WAGERING TAX""], ""rows"": [["""", ""2026-03-01 00:00:00"", ""4809075"", ""107383968.83"", """", ""99988884.24"", """", ""7395084.590000004"", ""739508.4590000004""], ["""", ""2026-04-01 00:00:00"", ""4384191"", ""88496276.72"", """", ""81743244.3"", """", ""6753032.420000002"", ""675303.2420000002""], ["""", ""2026-05-01 00:00:00"", ""3191828"", ""82585784.57"", """", ""74724714.56"", """", ""7861070.00999999"", ""786107.0009999991""], ["""", """", """", """", """", """", """", """", """"], [""TOTALS:"", """", ""31922936"", ""709392329.03"", """", ""689535118.49"", """", ""19857210.540000007"", ""2794735.902000001""]], ""highlight"": 2}",2026-07-08T17:32:50.343461
MO,2025-12-01,2025-12-31,monthly,PENN SPORTS INTERACTIVE- MOBILE,ESPN Bet,ESPN Bet,PENN Entertainment,online,,625385156,22758980,,,22758980.0,,2275898.0,,0.03639194148061935,31,False,False,SW_Monthly_Financials_0526_.xlsx,MONTHLY STATS MOBILE,72.0,,,,https://www.mgc.dps.mo.gov/SportsWagering/sw_financials/FY26_SWFinReport/05_May/SW Monthly Financials 0526 .xlsx,https://www.mgc.dps.mo.gov/SportsWagering/sw_financials/rb_SWFin_main.html,MO/screenshots/MO_2026_07_SW_Monthly_Financials_0526_.png,PENN SPORTS INTERACTIVE- MOBILE | 2025-12-01 00:00:00 | 264479 | 6253851.56 | 6026261.76 | 227589.7999999998 | 22758.97999999998,"{""headers"": [""LICENSEE"", ""MO/YR"", ""WAGERS"", ""HANDLE"", """", ""DEDUCTIONS"", """", ""TAXABLE AGR"", ""WAGERING TAX""], ""rows"": [[""TOTALS:"", """", ""31922936"", ""709392329.03"", """", ""689535118.49"", """", ""19857210.540000007"", ""2794735.902000001""], ["""", """", """", """", """", """", """", """", """"], [""PENN SPORTS INTERACTIVE- MOBILE"", ""2025-12-01 00:00:00"", ""264479"", ""6253851.56"", """", ""6026261.76"", """", ""227589.7999999998"", ""22758.97999999998""], ["""", ""2026-01-01 00:00:00"", ""265726"", ""6722817.56"", """", ""6577175.43"", """", ""145642.1299999999"", ""14564.212999999989""], ["""", ""2026-02-01 00:00:00"", ""164600"", ""5141463.54"", """", ""4875544.9"", """", ""265918.63999999966"", ""26591.86399999997""]], ""highlight"": 2}",2026-07-08T17:32:50.343461
MO,2026-01-01,2026-01-31,monthly,PENN SPORTS INTERACTIVE- MOBILE,ESPN Bet,ESPN Bet,PENN Entertainment,online,,672281756,14564213,,,14564213.0,,1456421.0,,0.021663852796862153,31,False,False,SW_Monthly_Financials_0526_.xlsx,MONTHLY STATS MOBILE,73.0,,,,https://www.mgc.dps.mo.gov/SportsWagering/sw_financials/FY26_SWFinReport/05_May/SW Monthly Financials 0526 .xlsx,https://www.mgc.dps.mo.gov/SportsWagering/sw_financials/rb_SWFin_main.html,MO/screenshots/MO_2026_07_SW_Monthly_Financials_0526_.png,2026-01-01 00:00:00 | 265726 | 6722817.56 | 6577175.43 | 145642.1299999999 | 14564.212999999989,"{""headers"": [""LICENSEE"", ""MO/YR"", ""WAGERS"", ""HANDLE"", """", ""DEDUCTIONS"", """", ""TAXABLE AGR"", ""WAGERING TAX""], ""rows"": [["""", """", """", """", """", """", """", """", """"], [""PENN SPORTS INTERACTIVE- MOBILE"", ""2025-12-01 00:00:00"", ""264479"", ""6253851.56"", """", ""6026261.76"", """", ""227589.7999999998"", ""22758.97999999998""], ["""", ""2026-01-01 00:00:00"", ""265726"", ""6722817.56"", """", ""6577175.43"", """", ""145642.1299999999"", ""14564.212999999989""], ["""", ""2026-02-01 00:00:00"", ""164600"", ""5141463.54"", """", ""4875544.9"", """", ""265918.63999999966"", ""26591.86399999997""], ["""", ""2026-03-01 00:00:00"", ""172949"", ""6091437.27"", """", ""5782012.33"", """", ""309424.9399999995"", ""30942.493999999948""]], ""highlight"": 2}",2026-07-08T17:32:50.343461
MO,2026-02-01,2026-02-28,monthly,PENN SPORTS INTERACTIVE- MOBILE,ESPN Bet,ESPN Bet,PENN Entertainment,online,,514146354,26591864,,,26591864.0,,2659186.0,,0.05172041733471089,28,False,False,SW_Monthly_Financials_0526_.xlsx,MONTHLY STATS MOBILE,74.0,,,,https://www.mgc.dps.mo.gov/SportsWagering/sw_financials/FY26_SWFinReport/05_May/SW Monthly Financials 0526 .xlsx,https://www.mgc.dps.mo.gov/SportsWagering/sw_financials/rb_SWFin_main.html,MO/screenshots/MO_2026_07_SW_Monthly_Financials_0526_.png,2026-02-01 00:00:00 | 164600 | 5141463.54 | 4875544.9 | 265918.63999999966 | 26591.86399999997,"{""headers"": [""LICENSEE"", ""MO/YR"", ""WAGERS"", ""HANDLE"", """", ""DEDUCTIONS"", """", ""TAXABLE AGR"", ""WAGERING TAX""], ""rows"": [[""PENN SPORTS INTERACTIVE- MOBILE"", ""2025-12-01 00:00:00"", ""264479"", ""6253851.56"", """", ""6026261.76"", """", ""227589.7999999998"", ""22758.97999999998""], ["""", ""2026-01-01 00:00:00"", ""265726"", ""6722817.56"", """", ""6577175.43"", """", ""145642.1299999999"", ""14564.212999999989""], ["""", ""2026-02-01 00:00:00"", ""164600"", ""5141463.54"", """", ""4875544.9"", """", ""265918.63999999966"", ""26591.86399999997""], ["""", ""2026-03-01 00:00:00"", ""172949"", ""6091437.27"", """", ""5782012.33"", """", ""309424.9399999995"", ""30942.493999999948""], ["""", ""2026-04-01 00:00:00"", ""146323"", ""5006047.66"", """", ""4762287.79"", """", ""243759.8700000001"", ""24375.987000000012""]], ""highlight"": 2}",2026-07-08T17:32:50.343461
MO,2026-03-01,2026-03-31,monthly,PENN SPORTS INTERACTIVE- MOBILE,ESPN Bet,ESPN Bet,PENN Entertainment,online,,609143727,30942494,,,30942494.0,,3094249.0,,0.050796704666713245,31,False,False,SW_Monthly_Financials_0526_.xlsx,MONTHLY STATS MOBILE,75.0,,,,https://www.mgc.dps.mo.gov/SportsWagering/sw_financials/FY26_SWFinReport/05_May/SW Monthly Financials 0526 .xlsx,https://www.mgc.dps.mo.gov/SportsWagering/sw_financials/rb_SWFin_main.html,MO/screenshots/MO_2026_07_SW_Monthly_Financials_0526_.png,2026-03-01 00:00:00 | 172949 | 6091437.27 | 5782012.33 | 309424.9399999995 | 30942.493999999948,"{""headers"": [""LICENSEE"", ""MO/YR"", ""WAGERS"", ""HANDLE"", """", ""DEDUCTIONS"", """", ""TAXABLE AGR"", ""WAGERING TAX""], ""rows"": [["""", ""2026-01-01 00:00:00"", ""265726"", ""6722817.56"", """", ""6577175.43"", """", ""145642.1299999999"", ""14564.212999999989""], ["""", ""2026-02-01 00:00:00"", ""164600"", ""5141463.54"", """", ""4875544.9"", """", ""265918.63999999966"", ""26591.86399999997""], ["""", ""2026-03-01 00:00:00"", ""172949"", ""6091437.27"", """", ""5782012.33"", """", ""309424.9399999995"", ""30942.493999999948""], ["""", ""2026-04-01 00:00:00"", ""146323"", ""5006047.66"", """", ""4762287.79"", """", ""243759.8700000001"", ""24375.987000000012""], ["""", ""2026-05-01 00:00:00"", ""134889"", ""4294890.43"", """", ""3981012.5"", """", ""313877.9299999997"", ""31387.792999999972""]], ""highlight"": 2}",2026-07-08T17:32:50.343461
MO,2026-04-01,2026-04-30,monthly,PENN SPORTS INTERACTIVE- MOBILE,ESPN Bet,ESPN Bet,PENN Entertainment,online,,500604766,24375987,,,24375987.0,,2437599.0,,0.048693078163782405,30,False,False,SW_Monthly_Financials_0526_.xlsx,MONTHLY STATS MOBILE,76.0,,,,https://www.mgc.dps.mo.gov/SportsWagering/sw_financials/FY26_SWFinReport/05_May/SW Monthly Financials 0526 .xlsx,https://www.mgc.dps.mo.gov/SportsWagering/sw_financials/rb_SWFin_main.html,MO/screenshots/MO_2026_07_SW_Monthly_Financials_0526_.png,2026-04-01 00:00:00 | 146323 | 5006047.66 | 4762287.79 | 243759.8700000001 | 24375.987000000012,"{""headers"": [""LICENSEE"", ""MO/YR"", ""WAGERS"", ""HANDLE"", """", ""DEDUCTIONS"", """", ""TAXABLE AGR"", ""WAGERING TAX""], ""rows"": [["""", ""2026-02-01 00:00:00"", ""164600"", ""5141463.54"", """", ""4875544.9"", """", ""265918.63999999966"", ""26591.86399999997""], ["""", ""2026-03-01 00:00:00"", ""172949"", ""6091437.27"", """", ""5782012.33"", """", ""309424.9399999995"", ""30942.493999999948""], ["""", ""2026-04-01 00:00:00"", ""146323"", ""5006047.66"", """", ""4762287.79"", """", ""243759.8700000001"", ""24375.987000000012""], ["""", ""2026-05-01 00:00:00"", ""134889"", ""4294890.43"", """", ""3981012.5"", """", ""313877.9299999997"", ""31387.792999999972""], ["""", """", """", """", """", """", """", """", """"]], ""highlight"": 2}",2026-07-08T17:32:50.343461
MO,2026-05-01,2026-05-31,monthly,PENN SPORTS INTERACTIVE- MOBILE,ESPN Bet,ESPN Bet,PENN Entertainment,online,,429489043,31387793,46080597.0,13459354.0,31387793.0,383122613.0,3138779.0,1233450.0,0.07308170839645844,31,False,False,SW_Monthly_Financials_0526_.xlsx,MONTHLY STATS MOBILE,77.0,,,,https://www.mgc.dps.mo.gov/SportsWagering/sw_financials/FY26_SWFinReport/05_May/SW Monthly Financials 0526 .xlsx,https://www.mgc.dps.mo.gov/SportsWagering/sw_financials/rb_SWFin_main.html,MO/screenshots/MO_2026_07_SW_Monthly_Financials_0526_.png,2026-05-01 00:00:00 | 134889 | 4294890.43 | 3981012.5 | 313877.9299999997 | 31387.792999999972,"{""headers"": [""LICENSEE"", ""MO/YR"", ""WAGERS"", ""HANDLE"", """", ""DEDUCTIONS"", """", ""TAXABLE AGR"", ""WAGERING TAX""], ""rows"": [["""", ""2026-03-01 00:00:00"", ""172949"", ""6091437.27"", """", ""5782012.33"", """", ""309424.9399999995"", ""30942.493999999948""], ["""", ""2026-04-01 00:00:00"", ""146323"", ""5006047.66"", """", ""4762287.79"", """", ""243759.8700000001"", ""24375.987000000012""], ["""", ""2026-05-01 00:00:00"", ""134889"", ""4294890.43"", """", ""3981012.5"", """", ""313877.9299999997"", ""31387.792999999972""], ["""", """", """", """", """", """", """", """", """"], [""TOTALS:"", """", ""1148966"", ""33510508.02"", """", ""32004294.71"", """", ""1506213.3099999987"", ""150621.33099999986""]], ""highlight"": 2}",2026-07-08T17:32:50.343461
MO,2026-01-01,2026-01-31,monthly,FANATICS - MOBILE,Fanatics,Fanatics,Fanatics Inc,online,,2103403341,-197833668,,,-197833668.0,,0.0,,-0.09405408090012157,31,False,False,SW_Monthly_Financials_0526_.xlsx,MONTHLY STATS MOBILE,55.0,,,,https://www.mgc.dps.mo.gov/SportsWagering/sw_financials/FY26_SWFinReport/05_May/SW Monthly Financials 0526 .xlsx,https://www.mgc.dps.mo.gov/SportsWagering/sw_financials/rb_SWFin_main.html,MO/screenshots/MO_2026_07_SW_Monthly_Financials_0526_.png,2026-01-01 00:00:00 | 644108 | 21034033.41 | 23012370.09 | -1978336.6799999997 | 0,"{""headers"": [""LICENSEE"", ""MO/YR"", ""WAGERS"", ""HANDLE"", """", ""DEDUCTIONS"", """", ""TAXABLE AGR"", ""WAGERING TAX""], ""rows"": [["""", """", """", """", """", """", """", """", """"], [""FANATICS - MOBILE"", ""2025-12-01 00:00:00"", ""531280"", ""22818367.06"", """", ""24675601.49"", """", ""-1857234.4299999997"", ""0""], ["""", ""2026-01-01 00:00:00"", ""644108"", ""21034033.41"", """", ""23012370.09"", """", ""-1978336.6799999997"", ""0""], ["""", ""2026-02-01 00:00:00"", ""528350"", ""17767806.21"", """", ""19125674.33"", """", ""-1357868.1199999973"", ""0""], ["""", ""2026-03-01 00:00:00"", ""591525"", ""26467728.26"", """", ""27420499.470000003"", """", ""-952771.2100000009"", ""0""]], ""highlight"": 2}",2026-07-08T17:32:50.343461
MO,2026-05-01,2026-05-31,monthly,DRAFTKINGS -  MOBILE,DraftKings,DraftKings,DraftKings Inc,online,,9467501388,901779821,1146699040.0,220065619.0,901779821.0,8283527382.0,90177982.0,24853600.0,0.09525003314422541,31,False,False,SW_Monthly_Financials_0526_.xlsx,MONTHLY STATS MOBILE,50.0,,,,https://www.mgc.dps.mo.gov/SportsWagering/sw_financials/FY26_SWFinReport/05_May/SW Monthly Financials 0526 .xlsx,https://www.mgc.dps.mo.gov/SportsWagering/sw_financials/rb_SWFin_main.html,MO/screenshots/MO_2026_07_SW_Monthly_Financials_0526_.png,2026-05-01 00:00:00 | 3211380 | 94675013.88 | 85657215.67 | 9017798.209999993 | 901779.8209999994,"{""headers"": [""LICENSEE"", ""MO/YR"", ""WAGERS"", ""HANDLE"", """", ""DEDUCTIONS"", """", ""TAXABLE AGR"", ""WAGERING TAX""], ""rows"": [["""", ""2026-03-01 00:00:00"", ""3986199"", ""118565365.39"", """", ""108739041.97"", """", ""9826323.420000002"", ""982632.3420000002""], ["""", ""2026-04-01 00:00:00"", ""3553436"", ""102547817.76"", """", ""92828228.02"", """", ""9719589.74000001"", ""971958.974000001""], ["""", ""2026-05-01 00:00:00"", ""3211380"", ""94675013.88"", """", ""85657215.67"", """", ""9017798.209999993"", ""901779.8209999994""], ["""", """", """", """", """", """", """", """", """"], [""TOTALS:"", """", ""32656011"", ""760421193.48"", """", ""747678980.9499999"", """", ""12742212.529999986"", ""3337512.6769999997""]], ""highlight"": 2}",2026-07-08T17:32:50.343461
MO,2026-05-01,2026-05-31,monthly,ALL,TOTAL,TOTAL,,retail,basketball,80125076,-4496975,-4496975.0,,,84622051.0,,,-0.056124439744681176,31,False,False,SW_Monthly_Financials_0526_.xlsx,SPORT DETAIL RETAIL,,,,,https://www.mgc.dps.mo.gov/SportsWagering/sw_financials/FY26_SWFinReport/05_May/SW Monthly Financials 0526 .xlsx,https://www.mgc.dps.mo.gov/SportsWagering/sw_financials/rb_SWFin_main.html,MO/screenshots/MO_2026_07_SW_Monthly_Financials_0526_.png,,,2026-07-08T17:32:50.343461
MO,2026-01-01,2026-01-31,monthly,CIRCA SPORTS - MOBILE,Circa Sports,Circa Sports,Circa Resort & Casino,online,,152409046,9316649,,,9316649.0,,931665.0,,0.06112923900855596,31,False,False,SW_Monthly_Financials_0526_.xlsx,MONTHLY STATS MOBILE,37.0,,,,https://www.mgc.dps.mo.gov/SportsWagering/sw_financials/FY26_SWFinReport/05_May/SW Monthly Financials 0526 .xlsx,https://www.mgc.dps.mo.gov/SportsWagering/sw_financials/rb_SWFin_main.html,MO/screenshots/MO_2026_07_SW_Monthly_Financials_0526_.png,2026-01-01 00:00:00 | 9011 | 1524090.46 | 1430923.97 | 93166.48999999999 | 9316.649,"{""headers"": [""LICENSEE"", ""MO/YR"", ""WAGERS"", ""HANDLE"", """", ""DEDUCTIONS"", """", ""TAXABLE AGR"", ""WAGERING TAX""], ""rows"": [["""", """", """", """", """", """", """", """", """"], [""CIRCA SPORTS - MOBILE"", ""2025-12-01 00:00:00"", ""8186"", ""1425406.63"", """", ""1308013.13"", """", ""117393.5"", ""11739.35""], ["""", ""2026-01-01 00:00:00"", ""9011"", ""1524090.46"", """", ""1430923.97"", """", ""93166.48999999999"", ""9316.649""], ["""", ""2026-02-01 00:00:00"", ""6302"", ""1361055.01"", """", ""1304227.6"", """", ""56827.409999999916"", ""5682.740999999992""], ["""", ""2026-03-01 00:00:00"", ""11631"", ""1886835.82"", """", ""1758874.93"", """", ""127960.89000000013"", ""12796.089000000014""]], ""highlight"": 2}",2026-07-08T17:32:50.343461
MO,2025-12-01,2025-12-31,monthly,CAESARS SPORTSBOOK - MOBILE,Caesars,Caesars,Caesars Entertainment,online,,1451263371,-1224780,,,-1224780.0,,0.0,,-0.0008439405448206548,31,False,False,SW_Monthly_Financials_0526_.xlsx,MONTHLY STATS MOBILE,27.0,,,,https://www.mgc.dps.mo.gov/SportsWagering/sw_financials/FY26_SWFinReport/05_May/SW Monthly Financials 0526 .xlsx,https://www.mgc.dps.mo.gov/SportsWagering/sw_financials/rb_SWFin_main.html,MO/screenshots/MO_2026_07_SW_Monthly_Financials_0526_.png,CAESARS SPORTSBOOK - MOBILE | 2025-12-01 00:00:00 | 367483 | 14512633.71 | 14524881.51 | -12247.799999998882 | 0,"{""headers"": [""LICENSEE"", ""MO/YR"", ""WAGERS"", ""HANDLE"", """", ""DEDUCTIONS"", """", ""TAXABLE AGR"", ""WAGERING TAX""], ""rows"": [[""TOTALS:"", """", ""2486292"", ""138533885.82"", """", ""134437108.38"", """", ""4096777.4399999976"", ""409677.7439999998""], ["""", """", """", """", """", """", """", """", """"], [""CAESARS SPORTSBOOK - MOBILE"", ""2025-12-01 00:00:00"", ""367483"", ""14512633.71"", """", ""14524881.51"", """", ""-12247.799999998882"", ""0""], ["""", ""2026-01-01 00:00:00"", ""272114"", ""14053350.06"", """", ""13464801.96"", """", ""588548.0999999996"", ""58854.80999999997""], ["""", ""2026-02-01 00:00:00"", ""172379"", ""11904258.05"", """", ""11564580.05"", """", ""339678"", ""33967.8""]], ""highlight"": 2}",2026-07-08T17:32:50.343461
MO,2026-01-01,2026-01-31,monthly,CAESARS SPORTSBOOK - MOBILE,Caesars,Caesars,Caesars Entertainment,online,,1405335006,58854810,,,58854810.0,,5885481.0,,0.04187955878756499,31,False,False,SW_Monthly_Financials_0526_.xlsx,MONTHLY STATS MOBILE,28.0,,,,https://www.mgc.dps.mo.gov/SportsWagering/sw_financials/FY26_SWFinReport/05_May/SW Monthly Financials 0526 .xlsx,https://www.mgc.dps.mo.gov/SportsWagering/sw_financials/rb_SWFin_main.html,MO/screenshots/MO_2026_07_SW_Monthly_Financials_0526_.png,2026-01-01 00:00:00 | 272114 | 14053350.06 | 13464801.96 | 588548.0999999996 | 58854.80999999997,"{""headers"": [""LICENSEE"", ""MO/YR"", ""WAGERS"", ""HANDLE"", """", ""DEDUCTIONS"", """", ""TAXABLE AGR"", ""WAGERING TAX""], ""rows"": [["""", """", """", """", """", """", """", """", """"], [""CAESARS SPORTSBOOK - MOBILE"", ""2025-12-01 00:00:00"", ""367483"", ""14512633.71"", """", ""14524881.51"", """", ""-12247.799999998882"", ""0""], ["""", ""2026-01-01 00:00:00"", ""272114"", ""14053350.06"", """", ""13464801.96"", """", ""588548.0999999996"", ""58854.80999999997""], ["""", ""2026-02-01 00:00:00"", ""172379"", ""11904258.05"", """", ""11564580.05"", """", ""339678"", ""33967.8""], ["""", ""2026-03-01 00:00:00"", ""193589"", ""12618776.71"", """", ""11794211.89"", """", ""824564.8200000003"", ""82456.48200000003""]], ""highlight"": 2}",2026-07-08T17:32:50.343461
MO,2026-02-01,2026-02-28,monthly,CAESARS SPORTSBOOK - MOBILE,Caesars,Caesars,Caesars Entertainment,online,,1190425805,33967800,,,33967800.0,,3396780.0,,0.02853415967406721,28,False,False,SW_Monthly_Financials_0526_.xlsx,MONTHLY STATS MOBILE,29.0,,,,https://www.mgc.dps.mo.gov/SportsWagering/sw_financials/FY26_SWFinReport/05_May/SW Monthly Financials 0526 .xlsx,https://www.mgc.dps.mo.gov/SportsWagering/sw_financials/rb_SWFin_main.html,MO/screenshots/MO_2026_07_SW_Monthly_Financials_0526_.png,2026-02-01 00:00:00 | 172379 | 11904258.05 | 11564580.05 | 339678 | 33967.8,"{""headers"": [""LICENSEE"", ""MO/YR"", ""WAGERS"", ""HANDLE"", """", ""DEDUCTIONS"", """", ""TAXABLE AGR"", ""WAGERING TAX""], ""rows"": [[""CAESARS SPORTSBOOK - MOBILE"", ""2025-12-01 00:00:00"", ""367483"", ""14512633.71"", """", ""14524881.51"", """", ""-12247.799999998882"", ""0""], ["""", ""2026-01-01 00:00:00"", ""272114"", ""14053350.06"", """", ""13464801.96"", """", ""588548.0999999996"", ""58854.80999999997""], ["""", ""2026-02-01 00:00:00"", ""172379"", ""11904258.05"", """", ""11564580.05"", """", ""339678"", ""33967.8""], ["""", ""2026-03-01 00:00:00"", ""193589"", ""12618776.71"", """", ""11794211.89"", """", ""824564.8200000003"", ""82456.48200000003""], ["""", ""2026-04-01 00:00:00"", ""144472"", ""9084563.84"", """", ""8373449.15"", """", ""711114.6899999995"", ""71111.46899999995""]], ""highlight"": 2}",2026-07-08T17:32:50.343461
MO,2026-03-01,2026-03-31,monthly,CAESARS SPORTSBOOK - MOBILE,Caesars,Caesars,Caesars Entertainment,online,,1261877671,82456482,,,82456482.0,,8245648.0,,0.06534427535646599,31,False,False,SW_Monthly_Financials_0526_.xlsx,MONTHLY STATS MOBILE,30.0,,,,https://www.mgc.dps.mo.gov/SportsWagering/sw_financials/FY26_SWFinReport/05_May/SW Monthly Financials 0526 .xlsx,https://www.mgc.dps.mo.gov/SportsWagering/sw_financials/rb_SWFin_main.html,MO/screenshots/MO_2026_07_SW_Monthly_Financials_0526_.png,2026-03-01 00:00:00 | 193589 | 12618776.71 | 11794211.89 | 824564.8200000003 | 82456.48200000003,"{""headers"": [""LICENSEE"", ""MO/YR"", ""WAGERS"", ""HANDLE"", """", ""DEDUCTIONS"", """", ""TAXABLE AGR"", ""WAGERING TAX""], ""rows"": [["""", ""2026-01-01 00:00:00"", ""272114"", ""14053350.06"", """", ""13464801.96"", """", ""588548.0999999996"", ""58854.80999999997""], ["""", ""2026-02-01 00:00:00"", ""172379"", ""11904258.05"", """", ""11564580.05"", """", ""339678"", ""33967.8""], ["""", ""2026-03-01 00:00:00"", ""193589"", ""12618776.71"", """", ""11794211.89"", """", ""824564.8200000003"", ""82456.48200000003""], ["""", ""2026-04-01 00:00:00"", ""144472"", ""9084563.84"", """", ""8373449.15"", """", ""711114.6899999995"", ""71111.46899999995""], ["""", ""2026-05-01 00:00:00"", ""131124"", ""12316779.54"", """", ""11703345.79"", """", ""613433.75"", ""61343.375""]], ""highlight"": 2}",2026-07-08T17:32:50.343461
MO,2026-04-01,2026-04-30,monthly,CAESARS SPORTSBOOK - MOBILE,Caesars,Caesars,Caesars Entertainment,online,,908456384,71111469,,,71111469.0,,7111147.0,,0.078277251668254,30,False,False,SW_Monthly_Financials_0526_.xlsx,MONTHLY STATS MOBILE,31.0,,,,https://www.mgc.dps.mo.gov/SportsWagering/sw_financials/FY26_SWFinReport/05_May/SW Monthly Financials 0526 .xlsx,https://www.mgc.dps.mo.gov/SportsWagering/sw_financials/rb_SWFin_main.html,MO/screenshots/MO_2026_07_SW_Monthly_Financials_0526_.png,2026-04-01 00:00:00 | 144472 | 9084563.84 | 8373449.15 | 711114.6899999995 | 71111.46899999995,"{""headers"": [""LICENSEE"", ""MO/YR"", ""WAGERS"", ""HANDLE"", """", ""DEDUCTIONS"", """", ""TAXABLE AGR"", ""WAGERING TAX""], ""rows"": [["""", ""2026-02-01 00:00:00"", ""172379"", ""11904258.05"", """", ""11564580.05"", """", ""339678"", ""33967.8""], ["""", ""2026-03-01 00:00:00"", ""193589"", ""12618776.71"", """", ""11794211.89"", """", ""824564.8200000003"", ""82456.48200000003""], ["""", ""2026-04-01 00:00:00"", ""144472"", ""9084563.84"", """", ""8373449.15"", """", ""711114.6899999995"", ""71111.46899999995""], ["""", ""2026-05-01 00:00:00"", ""131124"", ""12316779.54"", """", ""11703345.79"", """", ""613433.75"", ""61343.375""], ["""", """", """", """", """", """", """", """", """"]], ""highlight"": 2}",2026-07-08T17:32:50.343461
MO,2026-05-01,2026-05-31,monthly,CAESARS SPORTSBOOK - MOBILE,Caesars,Caesars,Caesars Entertainment,online,,1231677954,61343375,79449248.0,15898094.0,61343375.0,1144710327.0,6134338.0,2207779.0,0.049804719489198554,31,False,False,SW_Monthly_Financials_0526_.xlsx,MONTHLY STATS MOBILE,32.0,,,,https://www.mgc.dps.mo.gov/SportsWagering/sw_financials/FY26_SWFinReport/05_May/SW Monthly Financials 0526 .xlsx,https://www.mgc.dps.mo.gov/SportsWagering/sw_financials/rb_SWFin_main.html,MO/screenshots/MO_2026_07_SW_Monthly_Financials_0526_.png,2026-05-01 00:00:00 | 131124 | 12316779.54 | 11703345.79 | 613433.75 | 61343.375,"{""headers"": [""LICENSEE"", ""MO/YR"", ""WAGERS"", ""HANDLE"", """", ""DEDUCTIONS"", """", ""TAXABLE AGR"", ""WAGERING TAX""], ""rows"": [["""", ""2026-03-01 00:00:00"", ""193589"", ""12618776.71"", """", ""11794211.89"", """", ""824564.8200000003"", ""82456.48200000003""], ["""", ""2026-04-01 00:00:00"", ""144472"", ""9084563.84"", """", ""8373449.15"", """", ""711114.6899999995"", ""71111.46899999995""], ["""", ""2026-05-01 00:00:00"", ""131124"", ""12316779.54"", """", ""11703345.79"", """", ""613433.75"", ""61343.375""], ["""", """", """", """", """", """", """", """", """"], [""TOTALS:"", """", ""1281161"", ""74490361.91"", """", ""71425270.35"", """", ""3065091.5600000005"", ""307733.936""]], ""highlight"": 2}",2026-07-08T17:32:50.343461
MO,2025-12-01,2025-12-31,monthly,CIRCA SPORTS - MOBILE,Circa Sports,Circa Sports,Circa Resort & Casino,online,,142540663,11739350,,,11739350.0,,1173935.0,,0.082357902320126,31,False,False,SW_Monthly_Financials_0526_.xlsx,MONTHLY STATS MOBILE,36.0,,,,https://www.mgc.dps.mo.gov/SportsWagering/sw_financials/FY26_SWFinReport/05_May/SW Monthly Financials 0526 .xlsx,https://www.mgc.dps.mo.gov/SportsWagering/sw_financials/rb_SWFin_main.html,MO/screenshots/MO_2026_07_SW_Monthly_Financials_0526_.png,CIRCA SPORTS - MOBILE | 2025-12-01 00:00:00 | 8186 | 1425406.63 | 1308013.13 | 117393.5 | 11739.35,"{""headers"": [""LICENSEE"", ""MO/YR"", ""WAGERS"", ""HANDLE"", """", ""DEDUCTIONS"", """", ""TAXABLE AGR"", ""WAGERING TAX""], ""rows"": [[""TOTALS:"", """", ""1281161"", ""74490361.91"", """", ""71425270.35"", """", ""3065091.5600000005"", ""307733.936""], ["""", """", """", """", """", """", """", """", """"], [""CIRCA SPORTS - MOBILE"", ""2025-12-01 00:00:00"", ""8186"", ""1425406.63"", """", ""1308013.13"", """", ""117393.5"", ""11739.35""], ["""", ""2026-01-01 00:00:00"", ""9011"", ""1524090.46"", """", ""1430923.97"", """", ""93166.48999999999"", ""9316.649""], ["""", ""2026-02-01 00:00:00"", ""6302"", ""1361055.01"", """", ""1304227.6"", """", ""56827.409999999916"", ""5682.740999999992""]], ""highlight"": 2}",2026-07-08T17:32:50.343461
MO,2026-02-01,2026-02-28,monthly,CIRCA SPORTS - MOBILE,Circa Sports,Circa Sports,Circa Resort & Casino,online,,136105501,5682741,,,5682741.0,,568274.0,,0.04175247112164849,28,False,False,SW_Monthly_Financials_0526_.xlsx,MONTHLY STATS MOBILE,38.0,,,,https://www.mgc.dps.mo.gov/SportsWagering/sw_financials/FY26_SWFinReport/05_May/SW Monthly Financials 0526 .xlsx,https://www.mgc.dps.mo.gov/SportsWagering/sw_financials/rb_SWFin_main.html,MO/screenshots/MO_2026_07_SW_Monthly_Financials_0526_.png,2026-02-01 00:00:00 | 6302 | 1361055.01 | 1304227.6 | 56827.409999999916 | 5682.740999999992,"{""headers"": [""LICENSEE"", ""MO/YR"", ""WAGERS"", ""HANDLE"", """", ""DEDUCTIONS"", """", ""TAXABLE AGR"", ""WAGERING TAX""], ""rows"": [[""CIRCA SPORTS - MOBILE"", ""2025-12-01 00:00:00"", ""8186"", ""1425406.63"", """", ""1308013.13"", """", ""117393.5"", ""11739.35""], ["""", ""2026-01-01 00:00:00"", ""9011"", ""1524090.46"", """", ""1430923.97"", """", ""93166.48999999999"", ""9316.649""], ["""", ""2026-02-01 00:00:00"", ""6302"", ""1361055.01"", """", ""1304227.6"", """", ""56827.409999999916"", ""5682.740999999992""], ["""", ""2026-03-01 00:00:00"", ""11631"", ""1886835.82"", """", ""1758874.93"", """", ""127960.89000000013"", ""12796.089000000014""], ["""", ""2026-04-01 00:00:00"", ""9508"", ""1594704.61"", """", ""1487330.1"", """", ""107374.51000000001"", ""10737.451000000001""]], ""highlight"": 2}",2026-07-08T17:32:50.343461
MO,2026-04-01,2026-04-30,monthly,DRAFTKINGS -  MOBILE,DraftKings,DraftKings,DraftKings Inc,online,,10254781776,971958974,,,971958974.0,,97195897.0,,0.09478104900045217,30,False,False,SW_Monthly_Financials_0526_.xlsx,MONTHLY STATS MOBILE,49.0,,,,https://www.mgc.dps.mo.gov/SportsWagering/sw_financials/FY26_SWFinReport/05_May/SW Monthly Financials 0526 .xlsx,https://www.mgc.dps.mo.gov/SportsWagering/sw_financials/rb_SWFin_main.html,MO/screenshots/MO_2026_07_SW_Monthly_Financials_0526_.png,2026-04-01 00:00:00 | 3553436 | 102547817.76 | 92828228.02 | 9719589.74000001 | 971958.974000001,"{""headers"": [""LICENSEE"", ""MO/YR"", ""WAGERS"", ""HANDLE"", """", ""DEDUCTIONS"", """", ""TAXABLE AGR"", ""WAGERING TAX""], ""rows"": [["""", ""2026-02-01 00:00:00"", ""3805050"", ""104914982.56"", """", ""100103567.16000001"", """", ""4811415.399999991"", ""481141.5399999991""], ["""", ""2026-03-01 00:00:00"", ""3986199"", ""118565365.39"", """", ""108739041.97"", """", ""9826323.420000002"", ""982632.3420000002""], ["""", ""2026-04-01 00:00:00"", ""3553436"", ""102547817.76"", """", ""92828228.02"", """", ""9719589.74000001"", ""971958.974000001""], ["""", ""2026-05-01 00:00:00"", ""3211380"", ""94675013.88"", """", ""85657215.67"", """", ""9017798.209999993"", ""901779.8209999994""], ["""", """", """", """", """", """", """", """", """"]], ""highlight"": 2}",2026-07-08T17:32:50.343461
MO,2026-03-01,2026-03-31,monthly,CIRCA SPORTS - MOBILE,Circa Sports,Circa Sports,Circa Resort & Casino,online,,188683582,12796089,,,12796089.0,,1279609.0,,0.06781771293699523,31,False,False,SW_Monthly_Financials_0526_.xlsx,MONTHLY STATS MOBILE,39.0,,,,https://www.mgc.dps.mo.gov/SportsWagering/sw_financials/FY26_SWFinReport/05_May/SW Monthly Financials 0526 .xlsx,https://www.mgc.dps.mo.gov/SportsWagering/sw_financials/rb_SWFin_main.html,MO/screenshots/MO_2026_07_SW_Monthly_Financials_0526_.png,2026-03-01 00:00:00 | 11631 | 1886835.82 | 1758874.93 | 127960.89000000013 | 12796.089000000014,"{""headers"": [""LICENSEE"", ""MO/YR"", ""WAGERS"", ""HANDLE"", """", ""DEDUCTIONS"", """", ""TAXABLE AGR"", ""WAGERING TAX""], ""rows"": [["""", ""2026-01-01 00:00:00"", ""9011"", ""1524090.46"", """", ""1430923.97"", """", ""93166.48999999999"", ""9316.649""], ["""", ""2026-02-01 00:00:00"", ""6302"", ""1361055.01"", """", ""1304227.6"", """", ""56827.409999999916"", ""5682.740999999992""], ["""", ""2026-03-01 00:00:00"", ""11631"", ""1886835.82"", """", ""1758874.93"", """", ""127960.89000000013"", ""12796.089000000014""], ["""", ""2026-04-01 00:00:00"", ""9508"", ""1594704.61"", """", ""1487330.1"", """", ""107374.51000000001"", ""10737.451000000001""], ["""", ""2026-05-01 00:00:00"", ""8638"", ""1735967.22"", """", ""1803878.02"", """", ""-67910.80000000005"", ""0""]], ""highlight"": 2}",2026-07-08T17:32:50.343461
MO,2026-04-01,2026-04-30,monthly,CIRCA SPORTS - MOBILE,Circa Sports,Circa Sports,Circa Resort & Casino,online,,159470461,10737451,,,10737451.0,,1073745.0,,0.06733191170746035,30,False,False,SW_Monthly_Financials_0526_.xlsx,MONTHLY STATS MOBILE,40.0,,,,https://www.mgc.dps.mo.gov/SportsWagering/sw_financials/FY26_SWFinReport/05_May/SW Monthly Financials 0526 .xlsx,https://www.mgc.dps.mo.gov/SportsWagering/sw_financials/rb_SWFin_main.html,MO/screenshots/MO_2026_07_SW_Monthly_Financials_0526_.png,2026-04-01 00:00:00 | 9508 | 1594704.61 | 1487330.1 | 107374.51000000001 | 10737.451000000001,"{""headers"": [""LICENSEE"", ""MO/YR"", ""WAGERS"", ""HANDLE"", """", ""DEDUCTIONS"", """", ""TAXABLE AGR"", ""WAGERING TAX""], ""rows"": [["""", ""2026-02-01 00:00:00"", ""6302"", ""1361055.01"", """", ""1304227.6"", """", ""56827.409999999916"", ""5682.740999999992""], ["""", ""2026-03-01 00:00:00"", ""11631"", ""1886835.82"", """", ""1758874.93"", """", ""127960.89000000013"", ""12796.089000000014""], ["""", ""2026-04-01 00:00:00"", ""9508"", ""1594704.61"", """", ""1487330.1"", """", ""107374.51000000001"", ""10737.451000000001""], ["""", ""2026-05-01 00:00:00"", ""8638"", ""1735967.22"", """", ""1803878.02"", """", ""-67910.80000000005"", ""0""], ["""", """", """", """", """", """", """", """", """"]], ""highlight"": 2}",2026-07-08T17:32:50.343461
MO,2026-05-01,2026-05-31,monthly,CIRCA SPORTS - MOBILE,Circa Sports,Circa Sports,Circa Resort & Casino,online,,173596722,-6791080,-6397030.0,0.0,-6791080.0,178498815.0,0.0,394050.0,-0.03911986310432751,31,False,False,SW_Monthly_Financials_0526_.xlsx,MONTHLY STATS MOBILE,41.0,,,,https://www.mgc.dps.mo.gov/SportsWagering/sw_financials/FY26_SWFinReport/05_May/SW Monthly Financials 0526 .xlsx,https://www.mgc.dps.mo.gov/SportsWagering/sw_financials/rb_SWFin_main.html,MO/screenshots/MO_2026_07_SW_Monthly_Financials_0526_.png,2026-05-01 00:00:00 | 8638 | 1735967.22 | 1803878.02 | -67910.80000000005 | 0,"{""headers"": [""LICENSEE"", ""MO/YR"", ""WAGERS"", ""HANDLE"", """", ""DEDUCTIONS"", """", ""TAXABLE AGR"", ""WAGERING TAX""], ""rows"": [["""", ""2026-03-01 00:00:00"", ""11631"", ""1886835.82"", """", ""1758874.93"", """", ""127960.89000000013"", ""12796.089000000014""], ["""", ""2026-04-01 00:00:00"", ""9508"", ""1594704.61"", """", ""1487330.1"", """", ""107374.51000000001"", ""10737.451000000001""], ["""", ""2026-05-01 00:00:00"", ""8638"", ""1735967.22"", """", ""1803878.02"", """", ""-67910.80000000005"", ""0""], ["""", """", """", """", """", """", """", """", """"], [""TOTALS:"", """", ""53276"", ""9528059.75"", """", ""9093247.75"", """", ""434812"", ""50272.280000000006""]], ""highlight"": 2}",2026-07-08T17:32:50.343461
MO,2025-12-01,2025-12-31,monthly,DRAFTKINGS -  MOBILE,DraftKings,DraftKings,DraftKings Inc,online,,19532584260,-1691513837,,,-1691513837.0,,0.0,,-0.08659959248014015,31,False,False,SW_Monthly_Financials_0526_.xlsx,MONTHLY STATS MOBILE,45.0,,,,https://www.mgc.dps.mo.gov/SportsWagering/sw_financials/FY26_SWFinReport/05_May/SW Monthly Financials 0526 .xlsx,https://www.mgc.dps.mo.gov/SportsWagering/sw_financials/rb_SWFin_main.html,MO/screenshots/MO_2026_07_SW_Monthly_Financials_0526_.png,DRAFTKINGS -  MOBILE | 2025-12-01 00:00:00 | 12046037 | 195325842.6 | 212240980.97 | -16915138.370000005 | 0,"{""headers"": [""LICENSEE"", ""MO/YR"", ""WAGERS"", ""HANDLE"", """", ""DEDUCTIONS"", """", ""TAXABLE AGR"", ""WAGERING TAX""], ""rows"": [[""TOTALS:"", """", ""53276"", ""9528059.75"", """", ""9093247.75"", """", ""434812"", ""50272.280000000006""], ["""", """", """", """", """", """", """", """", """"], [""DRAFTKINGS -  MOBILE"", ""2025-12-01 00:00:00"", ""12046037"", ""195325842.6"", """", ""212240980.97"", """", ""-16915138.370000005"", ""0""], ["""", ""2026-01-01 00:00:00"", ""6053909"", ""144392171.29"", """", ""148109947.16"", """", ""-3717775.870000005"", ""0""], ["""", ""2026-02-01 00:00:00"", ""3805050"", ""104914982.56"", """", ""100103567.16000001"", """", ""4811415.399999991"", ""481141.5399999991""]], ""highlight"": 2}",2026-07-08T17:32:50.343461
MO,2026-01-01,2026-01-31,monthly,DRAFTKINGS -  MOBILE,DraftKings,DraftKings,DraftKings Inc,online,,14439217129,-371777587,,,-371777587.0,,0.0,,-0.025747766217415955,31,False,False,SW_Monthly_Financials_0526_.xlsx,MONTHLY STATS MOBILE,46.0,,,,https://www.mgc.dps.mo.gov/SportsWagering/sw_financials/FY26_SWFinReport/05_May/SW Monthly Financials 0526 .xlsx,https://www.mgc.dps.mo.gov/SportsWagering/sw_financials/rb_SWFin_main.html,MO/screenshots/MO_2026_07_SW_Monthly_Financials_0526_.png,2026-01-01 00:00:00 | 6053909 | 144392171.29 | 148109947.16 | -3717775.870000005 | 0,"{""headers"": [""LICENSEE"", ""MO/YR"", ""WAGERS"", ""HANDLE"", """", ""DEDUCTIONS"", """", ""TAXABLE AGR"", ""WAGERING TAX""], ""rows"": [["""", """", """", """", """", """", """", """", """"], [""DRAFTKINGS -  MOBILE"", ""2025-12-01 00:00:00"", ""12046037"", ""195325842.6"", """", ""212240980.97"", """", ""-16915138.370000005"", ""0""], ["""", ""2026-01-01 00:00:00"", ""6053909"", ""144392171.29"", """", ""148109947.16"", """", ""-3717775.870000005"", ""0""], ["""", ""2026-02-01 00:00:00"", ""3805050"", ""104914982.56"", """", ""100103567.16000001"", """", ""4811415.399999991"", ""481141.5399999991""], ["""", ""2026-03-01 00:00:00"", ""3986199"", ""118565365.39"", """", ""108739041.97"", """", ""9826323.420000002"", ""982632.3420000002""]], ""highlight"": 2}",2026-07-08T17:32:50.343461
MO,2026-02-01,2026-02-28,monthly,DRAFTKINGS -  MOBILE,DraftKings,DraftKings,DraftKings Inc,online,,10491498256,481141540,,,481141540.0,,48114154.0,,0.04586013629891605,28,False,False,SW_Monthly_Financials_0526_.xlsx,MONTHLY STATS MOBILE,47.0,,,,https://www.mgc.dps.mo.gov/SportsWagering/sw_financials/FY26_SWFinReport/05_May/SW Monthly Financials 0526 .xlsx,https://www.mgc.dps.mo.gov/SportsWagering/sw_financials/rb_SWFin_main.html,MO/screenshots/MO_2026_07_SW_Monthly_Financials_0526_.png,2026-02-01 00:00:00 | 3805050 | 104914982.56 | 100103567.16000001 | 4811415.399999991 | 481141.5399999991,"{""headers"": [""LICENSEE"", ""MO/YR"", ""WAGERS"", ""HANDLE"", """", ""DEDUCTIONS"", """", ""TAXABLE AGR"", ""WAGERING TAX""], ""rows"": [[""DRAFTKINGS -  MOBILE"", ""2025-12-01 00:00:00"", ""12046037"", ""195325842.6"", """", ""212240980.97"", """", ""-16915138.370000005"", ""0""], ["""", ""2026-01-01 00:00:00"", ""6053909"", ""144392171.29"", """", ""148109947.16"", """", ""-3717775.870000005"", ""0""], ["""", ""2026-02-01 00:00:00"", ""3805050"", ""104914982.56"", """", ""100103567.16000001"", """", ""4811415.399999991"", ""481141.5399999991""], ["""", ""2026-03-01 00:00:00"", ""3986199"", ""118565365.39"", """", ""108739041.97"", """", ""9826323.420000002"", ""982632.3420000002""], ["""", ""2026-04-01 00:00:00"", ""3553436"", ""102547817.76"", """", ""92828228.02"", """", ""9719589.74000001"", ""971958.974000001""]], ""highlight"": 2}",2026-07-08T17:32:50.343461
MO,2026-03-01,2026-03-31,monthly,DRAFTKINGS -  MOBILE,DraftKings,DraftKings,DraftKings Inc,online,,11856536539,982632342,,,982632342.0,,98263234.0,,0.08287684508606734,31,False,False,SW_Monthly_Financials_0526_.xlsx,MONTHLY STATS MOBILE,48.0,,,,https://www.mgc.dps.mo.gov/SportsWagering/sw_financials/FY26_SWFinReport/05_May/SW Monthly Financials 0526 .xlsx,https://www.mgc.dps.mo.gov/SportsWagering/sw_financials/rb_SWFin_main.html,MO/screenshots/MO_2026_07_SW_Monthly_Financials_0526_.png,2026-03-01 00:00:00 | 3986199 | 118565365.39 | 108739041.97 | 9826323.420000002 | 982632.3420000002,"{""headers"": [""LICENSEE"", ""MO/YR"", ""WAGERS"", ""HANDLE"", """", ""DEDUCTIONS"", """", ""TAXABLE AGR"", ""WAGERING TAX""], ""rows"": [["""", ""2026-01-01 00:00:00"", ""6053909"", ""144392171.29"", """", ""148109947.16"", """", ""-3717775.870000005"", ""0""], ["""", ""2026-02-01 00:00:00"", ""3805050"", ""104914982.56"", """", ""100103567.16000001"", """", ""4811415.399999991"", ""481141.5399999991""], ["""", ""2026-03-01 00:00:00"", ""3986199"", ""118565365.39"", """", ""108739041.97"", """", ""9826323.420000002"", ""982632.3420000002""], ["""", ""2026-04-01 00:00:00"", ""3553436"", ""102547817.76"", """", ""92828228.02"", """", ""9719589.74000001"", ""971958.974000001""], ["""", ""2026-05-01 00:00:00"", ""3211380"", ""94675013.88"", """", ""85657215.67"", """", ""9017798.209999993"", ""901779.8209999994""]], ""highlight"": 2}",2026-07-08T17:32:50.343461
MO,2026-05-01,2026-05-31,monthly,ALL,TOTAL,TOTAL,,retail,baseball,108766952,12189481,12189481.0,,,96577471.0,,,0.11206971213094212,31,False,False,SW_Monthly_Financials_0526_.xlsx,SPORT DETAIL RETAIL,,,,,https://www.mgc.dps.mo.gov/SportsWagering/sw_financials/FY26_SWFinReport/05_May/SW Monthly Financials 0526 .xlsx,https://www.mgc.dps.mo.gov/SportsWagering/sw_financials/rb_SWFin_main.html,MO/screenshots/MO_2026_07_SW_Monthly_Financials_0526_.png,,,2026-07-08T17:32:50.343461
MO,2026-05-01,2026-05-31,monthly,ALL,TOTAL,TOTAL,,retail,combat_sports,2584935,-218505,-218505.0,,,2803440.0,,,-0.08453017193855938,31,False,False,SW_Monthly_Financials_0526_.xlsx,SPORT DETAIL RETAIL,,,,,https://www.mgc.dps.mo.gov/SportsWagering/sw_financials/FY26_SWFinReport/05_May/SW Monthly Financials 0526 .xlsx,https://www.mgc.dps.mo.gov/SportsWagering/sw_financials/rb_SWFin_main.html,MO/screenshots/MO_2026_07_SW_Monthly_Financials_0526_.png,,,2026-07-08T17:32:50.343461
MO,2026-05-01,2026-05-31,monthly,ALL,TOTAL,TOTAL,,retail,football,1089566,266353,266353.0,,,823213.0,,,0.24445788506616395,31,False,False,SW_Monthly_Financials_0526_.xlsx,SPORT DETAIL RETAIL,,,,,https://www.mgc.dps.mo.gov/SportsWagering/sw_financials/FY26_SWFinReport/05_May/SW Monthly Financials 0526 .xlsx,https://www.mgc.dps.mo.gov/SportsWagering/sw_financials/rb_SWFin_main.html,MO/screenshots/MO_2026_07_SW_Monthly_Financials_0526_.png,,,2026-07-08T17:32:50.343461
MO,2026-05-01,2026-05-31,monthly,ALL,TOTAL,TOTAL,,online,basketball,5054979676,192791722,192791722.0,,,4862187954.0,,,0.03813897074904876,31,False,False,SW_Monthly_Financials_0526_.xlsx,SPORT DETAIL MOBILE,,,,,https://www.mgc.dps.mo.gov/SportsWagering/sw_financials/FY26_SWFinReport/05_May/SW Monthly Financials 0526 .xlsx,https://www.mgc.dps.mo.gov/SportsWagering/sw_financials/rb_SWFin_main.html,MO/screenshots/MO_2026_07_SW_Monthly_Financials_0526_.png,,,2026-07-08T17:32:50.343461
MO,2026-05-01,2026-05-31,monthly,ALL,TOTAL,TOTAL,,retail,hockey,35027977,4584822,4584822.0,,,30443155.0,,,0.13089028806887706,31,False,False,SW_Monthly_Financials_0526_.xlsx,SPORT DETAIL RETAIL,,,,,https://www.mgc.dps.mo.gov/SportsWagering/sw_financials/FY26_SWFinReport/05_May/SW Monthly Financials 0526 .xlsx,https://www.mgc.dps.mo.gov/SportsWagering/sw_financials/rb_SWFin_main.html,MO/screenshots/MO_2026_07_SW_Monthly_Financials_0526_.png,,,2026-07-08T17:32:50.343461
MO,2026-05-01,2026-05-31,monthly,ALL,TOTAL,TOTAL,,retail,soccer,13161417,-534794,-534794.0,,,13696211.0,,,-0.04063346674601982,31,False,False,SW_Monthly_Financials_0526_.xlsx,SPORT DETAIL RETAIL,,,,,https://www.mgc.dps.mo.gov/SportsWagering/sw_financials/FY26_SWFinReport/05_May/SW Monthly Financials 0526 .xlsx,https://www.mgc.dps.mo.gov/SportsWagering/sw_financials/rb_SWFin_main.html,MO/screenshots/MO_2026_07_SW_Monthly_Financials_0526_.png,,,2026-07-08T17:32:50.343461
MO,2026-05-01,2026-05-31,monthly,ALL,TOTAL,TOTAL,,retail,tennis,2075110,509074,509074.0,,,1566036.0,,,0.24532386234946582,31,False,False,SW_Monthly_Financials_0526_.xlsx,SPORT DETAIL RETAIL,,,,,https://www.mgc.dps.mo.gov/SportsWagering/sw_financials/FY26_SWFinReport/05_May/SW Monthly Financials 0526 .xlsx,https://www.mgc.dps.mo.gov/SportsWagering/sw_financials/rb_SWFin_main.html,MO/screenshots/MO_2026_07_SW_Monthly_Financials_0526_.png,,,2026-07-08T17:32:50.343461
MO,2026-05-01,2026-05-31,monthly,ALL,TOTAL,TOTAL,,retail,motorsports,502237,333464,333464.0,,,168773.0,,,0.6639574543492415,31,False,False,SW_Monthly_Financials_0526_.xlsx,SPORT DETAIL RETAIL,,,,,https://www.mgc.dps.mo.gov/SportsWagering/sw_financials/FY26_SWFinReport/05_May/SW Monthly Financials 0526 .xlsx,https://www.mgc.dps.mo.gov/SportsWagering/sw_financials/rb_SWFin_main.html,MO/screenshots/MO_2026_07_SW_Monthly_Financials_0526_.png,,,2026-07-08T17:32:50.343461
MO,2026-05-01,2026-05-31,monthly,ALL,TOTAL,TOTAL,,retail,parlay,119996608,31554892,31554892.0,,,88441716.0,,,0.262964866473559,31,False,False,SW_Monthly_Financials_0526_.xlsx,SPORT DETAIL RETAIL,,,,,https://www.mgc.dps.mo.gov/SportsWagering/sw_financials/FY26_SWFinReport/05_May/SW Monthly Financials 0526 .xlsx,https://www.mgc.dps.mo.gov/SportsWagering/sw_financials/rb_SWFin_main.html,MO/screenshots/MO_2026_07_SW_Monthly_Financials_0526_.png,,,2026-07-08T17:32:50.343461
MO,2026-05-01,2026-05-31,monthly,ALL,TOTAL,TOTAL,,retail,other,13141353,2357357,2357357.0,,,10783996.0,,,0.1793846493584032,31,False,False,SW_Monthly_Financials_0526_.xlsx,SPORT DETAIL RETAIL,,,,,https://www.mgc.dps.mo.gov/SportsWagering/sw_financials/FY26_SWFinReport/05_May/SW Monthly Financials 0526 .xlsx,https://www.mgc.dps.mo.gov/SportsWagering/sw_financials/rb_SWFin_main.html,MO/screenshots/MO_2026_07_SW_Monthly_Financials_0526_.png,,,2026-07-08T17:32:50.343461
MO,2026-05-01,2026-05-31,monthly,ALL,TOTAL,TOTAL,,online,baseball,4699812964,247232781,247232781.0,,,4452580183.0,,,0.05260481276462984,31,False,False,SW_Monthly_Financials_0526_.xlsx,SPORT DETAIL MOBILE,,,,,https://www.mgc.dps.mo.gov/SportsWagering/sw_financials/FY26_SWFinReport/05_May/SW Monthly Financials 0526 .xlsx,https://www.mgc.dps.mo.gov/SportsWagering/sw_financials/rb_SWFin_main.html,MO/screenshots/MO_2026_07_SW_Monthly_Financials_0526_.png,,,2026-07-08T17:32:50.343461
MO,2026-05-01,2026-05-31,monthly,ALL,TOTAL,TOTAL,,online,combat_sports,190396840,-13614553,-13614553.0,,,204011393.0,,,-0.07150619201453133,31,False,False,SW_Monthly_Financials_0526_.xlsx,SPORT DETAIL MOBILE,,,,,https://www.mgc.dps.mo.gov/SportsWagering/sw_financials/FY26_SWFinReport/05_May/SW Monthly Financials 0526 .xlsx,https://www.mgc.dps.mo.gov/SportsWagering/sw_financials/rb_SWFin_main.html,MO/screenshots/MO_2026_07_SW_Monthly_Financials_0526_.png,,,2026-07-08T17:32:50.343461
MO,2026-05-01,2026-05-31,monthly,ALL,TOTAL,TOTAL,,online,football,59896086,18300229,18300229.0,,,41595857.0,,,0.30553296921605194,31,False,False,SW_Monthly_Financials_0526_.xlsx,SPORT DETAIL MOBILE,,,,,https://www.mgc.dps.mo.gov/SportsWagering/sw_financials/FY26_SWFinReport/05_May/SW Monthly Financials 0526 .xlsx,https://www.mgc.dps.mo.gov/SportsWagering/sw_financials/rb_SWFin_main.html,MO/screenshots/MO_2026_07_SW_Monthly_Financials_0526_.png,,,2026-07-08T17:32:50.343461
MO,2026-05-01,2026-05-31,monthly,ALL,TOTAL,TOTAL,,online,hockey,891731164,80965175,80965175.0,,,810765989.0,,,0.0907954978682342,31,False,False,SW_Monthly_Financials_0526_.xlsx,SPORT DETAIL MOBILE,,,,,https://www.mgc.dps.mo.gov/SportsWagering/sw_financials/FY26_SWFinReport/05_May/SW Monthly Financials 0526 .xlsx,https://www.mgc.dps.mo.gov/SportsWagering/sw_financials/rb_SWFin_main.html,MO/screenshots/MO_2026_07_SW_Monthly_Financials_0526_.png,,,2026-07-08T17:32:50.343461
MO,2026-05-01,2026-05-31,monthly,ALL,TOTAL,TOTAL,,online,soccer,839048524,94072030,94072030.0,,,744976494.0,,,0.11211750847439665,31,False,False,SW_Monthly_Financials_0526_.xlsx,SPORT DETAIL MOBILE,,,,,https://www.mgc.dps.mo.gov/SportsWagering/sw_financials/FY26_SWFinReport/05_May/SW Monthly Financials 0526 .xlsx,https://www.mgc.dps.mo.gov/SportsWagering/sw_financials/rb_SWFin_main.html,MO/screenshots/MO_2026_07_SW_Monthly_Financials_0526_.png,,,2026-07-08T17:32:50.343461
MO,2026-05-01,2026-05-31,monthly,ALL,TOTAL,TOTAL,,online,tennis,1405468328,122316346,122316346.0,,,1283151982.0,,,0.08702888820985229,31,False,False,SW_Monthly_Financials_0526_.xlsx,SPORT DETAIL MOBILE,,,,,https://www.mgc.dps.mo.gov/SportsWagering/sw_financials/FY26_SWFinReport/05_May/SW Monthly Financials 0526 .xlsx,https://www.mgc.dps.mo.gov/SportsWagering/sw_financials/rb_SWFin_main.html,MO/screenshots/MO_2026_07_SW_Monthly_Financials_0526_.png,,,2026-07-08T17:32:50.343461
MO,2026-05-01,2026-05-31,monthly,ALL,TOTAL,TOTAL,,online,motorsports,33341604,7129738,7129738.0,,,26211866.0,,,0.2138390822469129,31,False,False,SW_Monthly_Financials_0526_.xlsx,SPORT DETAIL MOBILE,,,,,https://www.mgc.dps.mo.gov/SportsWagering/sw_financials/FY26_SWFinReport/05_May/SW Monthly Financials 0526 .xlsx,https://www.mgc.dps.mo.gov/SportsWagering/sw_financials/rb_SWFin_main.html,MO/screenshots/MO_2026_07_SW_Monthly_Financials_0526_.png,,,2026-07-08T17:32:50.343461
MO,2026-05-01,2026-05-31,monthly,ALL,TOTAL,TOTAL,,online,parlay,9565740695,2018327074,2018327074.0,,,7547413621.0,,,0.21099537802179572,31,False,False,SW_Monthly_Financials_0526_.xlsx,SPORT DETAIL MOBILE,,,,,https://www.mgc.dps.mo.gov/SportsWagering/sw_financials/FY26_SWFinReport/05_May/SW Monthly Financials 0526 .xlsx,https://www.mgc.dps.mo.gov/SportsWagering/sw_financials/rb_SWFin_main.html,MO/screenshots/MO_2026_07_SW_Monthly_Financials_0526_.png,,,2026-07-08T17:32:50.343461
MO,2026-05-01,2026-05-31,monthly,ALL,TOTAL,TOTAL,,online,other,2159593504,145815911,145815911.0,,,2013777593.0,,,0.06752007298129009,31,False,False,SW_Monthly_Financials_0526_.xlsx,SPORT DETAIL MOBILE,,,,,https://www.mgc.dps.mo.gov/SportsWagering/sw_financials/FY26_SWFinReport/05_May/SW Monthly Financials 0526 .xlsx,https://www.mgc.dps.mo.gov/SportsWagering/sw_financials/rb_SWFin_main.html,MO/screenshots/MO_2026_07_SW_Monthly_Financials_0526_.png,,,2026-07-08T17:32:50.343461
MO,2026-05-01,2026-05-31,monthly,BETMGM - MOBILE,BetMGM,BetMGM,Entain/MGM Resorts,online,,1638254044,51820954,99131955.0,42957649.0,51820954.0,1528375233.0,5182095.0,4353352.0,0.031631818147979496,31,False,False,SW_Monthly_Financials_0526_.xlsx,MONTHLY STATS MOBILE,23.0,,,,https://www.mgc.dps.mo.gov/SportsWagering/sw_financials/FY26_SWFinReport/05_May/SW Monthly Financials 0526 .xlsx,https://www.mgc.dps.mo.gov/SportsWagering/sw_financials/rb_SWFin_main.html,MO/screenshots/MO_2026_07_SW_Monthly_Financials_0526_.png,2026-05-01 00:00:00 | 261586 | 16382540.44 | 15864330.9 | 518209.5399999991 | 51820.95399999991,"{""headers"": [""LICENSEE"", ""MO/YR"", ""WAGERS"", ""HANDLE"", """", ""DEDUCTIONS"", """", ""TAXABLE AGR"", ""WAGERING TAX""], ""rows"": [["""", ""2026-03-01 00:00:00"", ""414932"", ""23849790.15"", """", ""21808547.71"", """", ""2041242.4399999976"", ""204124.24399999977""], ["""", ""2026-04-01 00:00:00"", ""314814"", ""18072907.19"", """", ""17238273.54"", """", ""834633.6500000022"", ""83463.36500000022""], ["""", ""2026-05-01 00:00:00"", ""261586"", ""16382540.44"", """", ""15864330.9"", """", ""518209.5399999991"", ""51820.95399999991""], ["""", """", """", """", """", """", """", """", """"], [""TOTALS:"", """", ""2486292"", ""138533885.82"", """", ""134437108.38"", """", ""4096777.4399999976"", ""409677.7439999998""]], ""highlight"": 2}",2026-07-08T17:32:50.343461
MO,2026-04-01,2026-04-30,monthly,BETMGM - MOBILE,BetMGM,BetMGM,Entain/MGM Resorts,online,,1807290719,83463365,,,83463365.0,,8346337.0,,0.04618148265940384,30,False,False,SW_Monthly_Financials_0526_.xlsx,MONTHLY STATS MOBILE,22.0,,,,https://www.mgc.dps.mo.gov/SportsWagering/sw_financials/FY26_SWFinReport/05_May/SW Monthly Financials 0526 .xlsx,https://www.mgc.dps.mo.gov/SportsWagering/sw_financials/rb_SWFin_main.html,MO/screenshots/MO_2026_07_SW_Monthly_Financials_0526_.png,2026-04-01 00:00:00 | 314814 | 18072907.19 | 17238273.54 | 834633.6500000022 | 83463.36500000022,"{""headers"": [""LICENSEE"", ""MO/YR"", ""WAGERS"", ""HANDLE"", """", ""DEDUCTIONS"", """", ""TAXABLE AGR"", ""WAGERING TAX""], ""rows"": [["""", ""2026-02-01 00:00:00"", ""406603"", ""19217396.63"", """", ""18775370.6"", """", ""442026.02999999747"", ""44202.60299999975""], ["""", ""2026-03-01 00:00:00"", ""414932"", ""23849790.15"", """", ""21808547.71"", """", ""2041242.4399999976"", ""204124.24399999977""], ["""", ""2026-04-01 00:00:00"", ""314814"", ""18072907.19"", """", ""17238273.54"", """", ""834633.6500000022"", ""83463.36500000022""], ["""", ""2026-05-01 00:00:00"", ""261586"", ""16382540.44"", """", ""15864330.9"", """", ""518209.5399999991"", ""51820.95399999991""], ["""", """", """", """", """", """", """", """", """"]], ""highlight"": 2}",2026-07-08T17:32:50.343461
MO,2026-03-01,2026-03-31,monthly,BETMGM - MOBILE,BetMGM,BetMGM,Entain/MGM Resorts,online,,2384979015,204124244,,,204124244.0,,20412424.0,,0.08558743817710279,31,False,False,SW_Monthly_Financials_0526_.xlsx,MONTHLY STATS MOBILE,21.0,,,,https://www.mgc.dps.mo.gov/SportsWagering/sw_financials/FY26_SWFinReport/05_May/SW Monthly Financials 0526 .xlsx,https://www.mgc.dps.mo.gov/SportsWagering/sw_financials/rb_SWFin_main.html,MO/screenshots/MO_2026_07_SW_Monthly_Financials_0526_.png,2026-03-01 00:00:00 | 414932 | 23849790.15 | 21808547.71 | 2041242.4399999976 | 204124.24399999977,"{""headers"": [""LICENSEE"", ""MO/YR"", ""WAGERS"", ""HANDLE"", """", ""DEDUCTIONS"", """", ""TAXABLE AGR"", ""WAGERING TAX""], ""rows"": [["""", ""2026-01-01 00:00:00"", ""579522"", ""32955677.1"", """", ""32840250.34"", """", ""115426.76000000164"", ""11542.676000000165""], ["""", ""2026-02-01 00:00:00"", ""406603"", ""19217396.63"", """", ""18775370.6"", """", ""442026.02999999747"", ""44202.60299999975""], ["""", ""2026-03-01 00:00:00"", ""414932"", ""23849790.15"", """", ""21808547.71"", """", ""2041242.4399999976"", ""204124.24399999977""], ["""", ""2026-04-01 00:00:00"", ""314814"", ""18072907.19"", """", ""17238273.54"", """", ""834633.6500000022"", ""83463.36500000022""], ["""", ""2026-05-01 00:00:00"", ""261586"", ""16382540.44"", """", ""15864330.9"", """", ""518209.5399999991"", ""51820.95399999991""]], ""highlight"": 2}",2026-07-08T17:32:50.343461
MO,2026-02-01,2026-02-28,monthly,CAESAR'S SPORTSBOOK-HARRAH'S - RETAIL,Caesars (Harrah's KC),Caesars,Caesars Entertainment,retail,,37989206,2276007,,,2276007.0,,227601.0,,0.059911939196623375,28,False,False,SW_Monthly_Financials_0526_.xlsx,MONTHLY STATS RETAIL,20.0,,,,https://www.mgc.dps.mo.gov/SportsWagering/sw_financials/FY26_SWFinReport/05_May/SW Monthly Financials 0526 .xlsx,https://www.mgc.dps.mo.gov/SportsWagering/sw_financials/rb_SWFin_main.html,MO/screenshots/MO_2026_07_SW_Monthly_Financials_0526_.png,2026-02-01 00:00:00 | 4271 | 379892.06 | 357131.99 | 22760.070000000007 | 2276.007000000001,"{""headers"": [""LICENSEE"", ""MO/YR"", ""WAGERS"", ""HANDLE"", """", ""DEDUCTIONS"", """", ""TAXABLE AGR"", ""WAGERING TAX""], ""rows"": [[""CAESAR'S SPORTSBOOK-HARRAH'S - RETAIL"", ""2025-12-01 00:00:00"", ""5260"", ""398994.68"", """", ""301165"", """", ""97829.68"", ""9782.967999999999""], ["""", ""2026-01-01 00:00:00"", ""5285"", ""496255.1"", """", ""386114.75"", """", ""110140.34999999998"", ""11014.034999999998""], ["""", ""2026-02-01 00:00:00"", ""4271"", ""379892.06"", """", ""357131.99"", """", ""22760.070000000007"", ""2276.007000000001""], ["""", ""2026-03-01 00:00:00"", ""4935"", ""400489.66"", """", ""315296.02"", """", ""85193.63999999996"", ""8519.363999999996""], ["""", ""2026-04-01 00:00:00"", ""3824"", ""279041.14"", """", ""220653.87"", """", ""58387.27000000002"", ""5838.727000000003""]], ""highlight"": 2}",2026-07-08T17:32:50.343461
MO,2026-03-01,2026-03-31,monthly,ARGOSY CASINO - RETAIL,Argosy Casino,ESPN Bet,PENN Entertainment,retail,,72593168,2994588,,,2994588.0,,299459.0,,0.04125165056854937,31,False,False,SW_Monthly_Financials_0526_.xlsx,MONTHLY STATS RETAIL,12.0,,,,https://www.mgc.dps.mo.gov/SportsWagering/sw_financials/FY26_SWFinReport/05_May/SW Monthly Financials 0526 .xlsx,https://www.mgc.dps.mo.gov/SportsWagering/sw_financials/rb_SWFin_main.html,MO/screenshots/MO_2026_07_SW_Monthly_Financials_0526_.png,2026-03-01 00:00:00 | 9787 | 725931.68 | 695985.8 | 29945.880000000005 | 2994.5880000000006,"{""headers"": [""LICENSEE"", ""MO/YR"", ""WAGERS"", ""HANDLE"", """", ""DEDUCTIONS"", """", ""TAXABLE AGR"", ""WAGERING TAX""], ""rows"": [["""", ""2026-01-01 00:00:00"", ""7955"", ""535763.01"", """", ""486409.81"", """", ""49353.20000000001"", ""4935.3200000000015""], ["""", ""2026-02-01 00:00:00"", ""6040"", ""539087.5"", """", ""478632.41"", """", ""60455.090000000026"", ""6045.509000000003""], ["""", ""2026-03-01 00:00:00"", ""9787"", ""725931.68"", """", ""695985.8"", """", ""29945.880000000005"", ""2994.5880000000006""], ["""", ""2026-04-01 00:00:00"", ""5779"", ""449885.78"", """", ""438284.05"", """", ""11601.73000000004"", ""1160.173000000004""], ["""", ""2026-05-01 00:00:00"", ""5373"", ""375178.71"", """", ""306878.87"", """", ""68299.84000000003"", ""6829.984000000003""]], ""highlight"": 2}",2026-07-08T17:32:50.343461
MO,2026-04-01,2026-04-30,monthly,ARGOSY CASINO - RETAIL,Argosy Casino,ESPN Bet,PENN Entertainment,retail,,44988578,1160173,,,1160173.0,,116017.0,,0.025788167832288454,30,False,False,SW_Monthly_Financials_0526_.xlsx,MONTHLY STATS RETAIL,13.0,,,,https://www.mgc.dps.mo.gov/SportsWagering/sw_financials/FY26_SWFinReport/05_May/SW Monthly Financials 0526 .xlsx,https://www.mgc.dps.mo.gov/SportsWagering/sw_financials/rb_SWFin_main.html,MO/screenshots/MO_2026_07_SW_Monthly_Financials_0526_.png,2026-04-01 00:00:00 | 5779 | 449885.78 | 438284.05 | 11601.73000000004 | 1160.173000000004,"{""headers"": [""LICENSEE"", ""MO/YR"", ""WAGERS"", ""HANDLE"", """", ""DEDUCTIONS"", """", ""TAXABLE AGR"", ""WAGERING TAX""], ""rows"": [["""", ""2026-02-01 00:00:00"", ""6040"", ""539087.5"", """", ""478632.41"", """", ""60455.090000000026"", ""6045.509000000003""], ["""", ""2026-03-01 00:00:00"", ""9787"", ""725931.68"", """", ""695985.8"", """", ""29945.880000000005"", ""2994.5880000000006""], ["""", ""2026-04-01 00:00:00"", ""5779"", ""449885.78"", """", ""438284.05"", """", ""11601.73000000004"", ""1160.173000000004""], ["""", ""2026-05-01 00:00:00"", ""5373"", ""375178.71"", """", ""306878.87"", """", ""68299.84000000003"", ""6829.984000000003""], ["""", """", """", """", """", """", """", """", """"]], ""highlight"": 2}",2026-07-08T17:32:50.343461
MO,2026-05-01,2026-05-31,monthly,ARGOSY CASINO - RETAIL,Argosy Casino,ESPN Bet,PENN Entertainment,retail,,37517871,6829984,6941596.0,0.0,6829984.0,30461775.0,682998.0,111612.0,0.1820461507530638,31,False,False,SW_Monthly_Financials_0526_.xlsx,MONTHLY STATS RETAIL,14.0,,,,https://www.mgc.dps.mo.gov/SportsWagering/sw_financials/FY26_SWFinReport/05_May/SW Monthly Financials 0526 .xlsx,https://www.mgc.dps.mo.gov/SportsWagering/sw_financials/rb_SWFin_main.html,MO/screenshots/MO_2026_07_SW_Monthly_Financials_0526_.png,2026-05-01 00:00:00 | 5373 | 375178.71 | 306878.87 | 68299.84000000003 | 6829.984000000003,"{""headers"": [""LICENSEE"", ""MO/YR"", ""WAGERS"", ""HANDLE"", """", ""DEDUCTIONS"", """", ""TAXABLE AGR"", ""WAGERING TAX""], ""rows"": [["""", ""2026-03-01 00:00:00"", ""9787"", ""725931.68"", """", ""695985.8"", """", ""29945.880000000005"", ""2994.5880000000006""], ["""", ""2026-04-01 00:00:00"", ""5779"", ""449885.78"", """", ""438284.05"", """", ""11601.73000000004"", ""1160.173000000004""], ["""", ""2026-05-01 00:00:00"", ""5373"", ""375178.71"", """", ""306878.87"", """", ""68299.84000000003"", ""6829.984000000003""], ["""", """", """", """", """", """", """", """", """"], [""TOTALS:"", """", ""43186"", ""3102733.34"", """", ""2774824.41"", """", ""327908.9300000001"", ""32790.89300000001""]], ""highlight"": 2}",2026-07-08T17:32:50.343461
MO,2025-12-01,2025-12-31,monthly,CAESAR'S SPORTSBOOK-HARRAH'S - RETAIL,Caesars (Harrah's KC),Caesars,Caesars Entertainment,retail,,39899468,9782968,,,9782968.0,,978297.0,,0.24519043712562785,31,False,False,SW_Monthly_Financials_0526_.xlsx,MONTHLY STATS RETAIL,18.0,,,,https://www.mgc.dps.mo.gov/SportsWagering/sw_financials/FY26_SWFinReport/05_May/SW Monthly Financials 0526 .xlsx,https://www.mgc.dps.mo.gov/SportsWagering/sw_financials/rb_SWFin_main.html,MO/screenshots/MO_2026_07_SW_Monthly_Financials_0526_.png,CAESAR'S SPORTSBOOK-HARRAH'S - RETAIL | 2025-12-01 00:00:00 | 5260 | 398994.68 | 301165 | 97829.68 | 9782.967999999999,"{""headers"": [""LICENSEE"", ""MO/YR"", ""WAGERS"", ""HANDLE"", """", ""DEDUCTIONS"", """", ""TAXABLE AGR"", ""WAGERING TAX""], ""rows"": [[""TOTALS:"", """", ""43186"", ""3102733.34"", """", ""2774824.41"", """", ""327908.9300000001"", ""32790.89300000001""], ["""", """", """", """", """", """", """", """", """"], [""CAESAR'S SPORTSBOOK-HARRAH'S - RETAIL"", ""2025-12-01 00:00:00"", ""5260"", ""398994.68"", """", ""301165"", """", ""97829.68"", ""9782.967999999999""], ["""", ""2026-01-01 00:00:00"", ""5285"", ""496255.1"", """", ""386114.75"", """", ""110140.34999999998"", ""11014.034999999998""], ["""", ""2026-02-01 00:00:00"", ""4271"", ""379892.06"", """", ""357131.99"", """", ""22760.070000000007"", ""2276.007000000001""]], ""highlight"": 2}",2026-07-08T17:32:50.343461
MO,2026-01-01,2026-01-31,monthly,CAESAR'S SPORTSBOOK-HARRAH'S - RETAIL,Caesars (Harrah's KC),Caesars,Caesars Entertainment,retail,,49625510,11014035,,,11014035.0,,1101403.0,,0.22194300874691264,31,False,False,SW_Monthly_Financials_0526_.xlsx,MONTHLY STATS RETAIL,19.0,,,,https://www.mgc.dps.mo.gov/SportsWagering/sw_financials/FY26_SWFinReport/05_May/SW Monthly Financials 0526 .xlsx,https://www.mgc.dps.mo.gov/SportsWagering/sw_financials/rb_SWFin_main.html,MO/screenshots/MO_2026_07_SW_Monthly_Financials_0526_.png,2026-01-01 00:00:00 | 5285 | 496255.1 | 386114.75 | 110140.34999999998 | 11014.034999999998,"{""headers"": [""LICENSEE"", ""MO/YR"", ""WAGERS"", ""HANDLE"", """", ""DEDUCTIONS"", """", ""TAXABLE AGR"", ""WAGERING TAX""], ""rows"": [["""", """", """", """", """", """", """", """", """"], [""CAESAR'S SPORTSBOOK-HARRAH'S - RETAIL"", ""2025-12-01 00:00:00"", ""5260"", ""398994.68"", """", ""301165"", """", ""97829.68"", ""9782.967999999999""], ["""", ""2026-01-01 00:00:00"", ""5285"", ""496255.1"", """", ""386114.75"", """", ""110140.34999999998"", ""11014.034999999998""], ["""", ""2026-02-01 00:00:00"", ""4271"", ""379892.06"", """", ""357131.99"", """", ""22760.070000000007"", ""2276.007000000001""], ["""", ""2026-03-01 00:00:00"", ""4935"", ""400489.66"", """", ""315296.02"", """", ""85193.63999999996"", ""8519.363999999996""]], ""highlight"": 2}",2026-07-08T17:32:50.343461
MO,2026-05-01,2026-05-31,monthly,CAESAR'S SPORTSBOOK-HARRAH'S - RETAIL,Caesars (Harrah's KC),Caesars,Caesars Entertainment,retail,,41626927,2315618,,,2315618.0,,231562.0,,0.05562788720868105,31,False,False,SW_Monthly_Financials_0526_.xlsx,MONTHLY STATS RETAIL,23.0,,,,https://www.mgc.dps.mo.gov/SportsWagering/sw_financials/FY26_SWFinReport/05_May/SW Monthly Financials 0526 .xlsx,https://www.mgc.dps.mo.gov/SportsWagering/sw_financials/rb_SWFin_main.html,MO/screenshots/MO_2026_07_SW_Monthly_Financials_0526_.png,2026-05-01 00:00:00 | 4838 | 416269.27 | 393113.09 | 23156.179999999993 | 2315.6179999999995,"{""headers"": [""LICENSEE"", ""MO/YR"", ""WAGERS"", ""HANDLE"", """", ""DEDUCTIONS"", """", ""TAXABLE AGR"", ""WAGERING TAX""], ""rows"": [["""", ""2026-03-01 00:00:00"", ""4935"", ""400489.66"", """", ""315296.02"", """", ""85193.63999999996"", ""8519.363999999996""], ["""", ""2026-04-01 00:00:00"", ""3824"", ""279041.14"", """", ""220653.87"", """", ""58387.27000000002"", ""5838.727000000003""], ["""", ""2026-05-01 00:00:00"", ""4838"", ""416269.27"", """", ""393113.09"", """", ""23156.179999999993"", ""2315.6179999999995""], ["""", """", """", """", """", """", """", """", """"], [""TOTALS:"", """", ""28413"", ""2370941.91"", """", ""1973474.72"", """", ""397467.18999999994"", ""39746.719""]], ""highlight"": 2}",2026-07-08T17:32:50.343461
MO,2026-02-01,2026-02-28,monthly,BETMGM - MOBILE,BetMGM,BetMGM,Entain/MGM Resorts,online,,1921739663,44202603,,,44202603.0,,4420260.0,,0.023001348127974813,28,False,False,SW_Monthly_Financials_0526_.xlsx,MONTHLY STATS MOBILE,20.0,,,,https://www.mgc.dps.mo.gov/SportsWagering/sw_financials/FY26_SWFinReport/05_May/SW Monthly Financials 0526 .xlsx,https://www.mgc.dps.mo.gov/SportsWagering/sw_financials/rb_SWFin_main.html,MO/screenshots/MO_2026_07_SW_Monthly_Financials_0526_.png,2026-02-01 00:00:00 | 406603 | 19217396.63 | 18775370.6 | 442026.02999999747 | 44202.60299999975,"{""headers"": [""LICENSEE"", ""MO/YR"", ""WAGERS"", ""HANDLE"", """", ""DEDUCTIONS"", """", ""TAXABLE AGR"", ""WAGERING TAX""], ""rows"": [[""BETMGM - MOBILE"", ""2025-12-01 00:00:00"", ""508835"", ""28055574.31"", """", ""27910335.29"", """", ""145239.01999999955"", ""14523.901999999956""], ["""", ""2026-01-01 00:00:00"", ""579522"", ""32955677.1"", """", ""32840250.34"", """", ""115426.76000000164"", ""11542.676000000165""], ["""", ""2026-02-01 00:00:00"", ""406603"", ""19217396.63"", """", ""18775370.6"", """", ""442026.02999999747"", ""44202.60299999975""], ["""", ""2026-03-01 00:00:00"", ""414932"", ""23849790.15"", """", ""21808547.71"", """", ""2041242.4399999976"", ""204124.24399999977""], ["""", ""2026-04-01 00:00:00"", ""314814"", ""18072907.19"", """", ""17238273.54"", """", ""834633.6500000022"", ""83463.36500000022""]], ""highlight"": 2}",2026-07-08T17:32:50.343461
MO,2026-02-01,2026-02-28,monthly,CAESAR'S SPORTSBOOK- HORSESHOE - RETAIL,Caesars (Horseshoe),Caesars,Caesars Entertainment,retail,,16396530,1312850,,,1312850.0,,131285.0,,0.0800687706484237,28,False,False,SW_Monthly_Financials_0426_.xlsx,MONTHLY STATS RETAIL,27.0,,,,https://www.mgc.dps.mo.gov/SportsWagering/sw_financials/FY26_SWFinReport/04_Apr/SW Monthly Financials 0426 .xlsx,https://www.mgc.dps.mo.gov/SportsWagering/sw_financials/rb_SWFin_main.html,MO/screenshots/MO_2026_05_SW_Monthly_Financials_0426_.png,2026-02-01 00:00:00 | 2792 | 163965.3 | 150836.8 | 13128.5 | 1312.8500000000001,"{""headers"": [""LICENSEE"", ""MO/YR"", ""WAGERS"", ""HANDLE"", """", ""DEDUCTIONS"", """", ""TAXABLE AGR"", ""WAGERING TAX""], ""rows"": [[""CAESAR'S SPORTSBOOK- HORSESHOE - RETAIL"", ""2025-12-01 00:00:00"", ""3636"", ""456331.19"", """", ""412801.75"", """", ""43529.44"", ""4352.944""], ["""", ""2026-01-01 00:00:00"", ""3652"", ""422183.51"", """", ""416810.25"", """", ""5373.260000000009"", ""537.3260000000009""], ["""", ""2026-02-01 00:00:00"", ""2792"", ""163965.3"", """", ""150836.8"", """", ""13128.5"", ""1312.8500000000001""], ["""", ""2026-03-01 00:00:00"", ""5034"", ""226955.35"", """", ""193776.51"", """", ""33178.84"", ""3317.884""], ["""", ""2026-04-01 00:00:00"", ""3565"", ""134986.58"", """", ""115827.89"", """", ""19158.689999999988"", ""1915.8689999999988""]], ""highlight"": 2}",2026-05-30T13:22:08.249193
MO,2026-02-01,2026-02-28,monthly,ARGOSY CASINO - RETAIL,Argosy Casino,ESPN Bet,PENN Entertainment,retail,,53908750,6045509,,,6045509.0,,604551.0,,0.1121433719015929,28,False,False,SW_Monthly_Financials_0426_.xlsx,MONTHLY STATS RETAIL,11.0,,,,https://www.mgc.dps.mo.gov/SportsWagering/sw_financials/FY26_SWFinReport/04_Apr/SW Monthly Financials 0426 .xlsx,https://www.mgc.dps.mo.gov/SportsWagering/sw_financials/rb_SWFin_main.html,MO/screenshots/MO_2026_06_SW_Monthly_Financials_0426_.png,2026-02-01 00:00:00 | 6040 | 539087.5 | 478632.41 | 60455.090000000026 | 6045.509000000003,"{""headers"": [""LICENSEE"", ""MO/YR"", ""WAGERS"", ""HANDLE"", """", ""DEDUCTIONS"", """", ""TAXABLE AGR"", ""WAGERING TAX""], ""rows"": [[""ARGOSY CASINO - RETAIL"", ""2025-12-01 00:00:00"", ""8252"", ""476886.66"", """", ""368633.47"", """", ""108253.19"", ""10825.319000000001""], ["""", ""2026-01-01 00:00:00"", ""7955"", ""535763.01"", """", ""486409.81"", """", ""49353.20000000001"", ""4935.3200000000015""], ["""", ""2026-02-01 00:00:00"", ""6040"", ""539087.5"", """", ""478632.41"", """", ""60455.090000000026"", ""6045.509000000003""], ["""", ""2026-03-01 00:00:00"", ""9787"", ""725931.68"", """", ""695985.8"", """", ""29945.880000000005"", ""2994.5880000000006""], ["""", ""2026-04-01 00:00:00"", ""5779"", ""449885.78"", """", ""438284.05"", """", ""11601.73000000004"", ""1160.173000000004""]], ""highlight"": 2}",2026-06-18T15:37:42.116521
MO,2026-01-01,2026-01-31,monthly,ARGOSY CASINO - RETAIL,Argosy Casino,ESPN Bet,PENN Entertainment,retail,,53576301,4935320,,,4935320.0,,493532.0,,0.092117595053828,31,False,False,SW_Monthly_Financials_0426_.xlsx,MONTHLY STATS RETAIL,10.0,,,,https://www.mgc.dps.mo.gov/SportsWagering/sw_financials/FY26_SWFinReport/04_Apr/SW Monthly Financials 0426 .xlsx,https://www.mgc.dps.mo.gov/SportsWagering/sw_financials/rb_SWFin_main.html,MO/screenshots/MO_2026_06_SW_Monthly_Financials_0426_.png,2026-01-01 00:00:00 | 7955 | 535763.01 | 486409.81 | 49353.20000000001 | 4935.3200000000015,"{""headers"": [""LICENSEE"", ""MO/YR"", ""WAGERS"", ""HANDLE"", """", ""DEDUCTIONS"", """", ""TAXABLE AGR"", ""WAGERING TAX""], ""rows"": [["""", """", """", """", """", """", """", """", """"], [""ARGOSY CASINO - RETAIL"", ""2025-12-01 00:00:00"", ""8252"", ""476886.66"", """", ""368633.47"", """", ""108253.19"", ""10825.319000000001""], ["""", ""2026-01-01 00:00:00"", ""7955"", ""535763.01"", """", ""486409.81"", """", ""49353.20000000001"", ""4935.3200000000015""], ["""", ""2026-02-01 00:00:00"", ""6040"", ""539087.5"", """", ""478632.41"", """", ""60455.090000000026"", ""6045.509000000003""], ["""", ""2026-03-01 00:00:00"", ""9787"", ""725931.68"", """", ""695985.8"", """", ""29945.880000000005"", ""2994.5880000000006""]], ""highlight"": 2}",2026-06-18T15:37:42.116521
MO,2025-12-01,2025-12-31,monthly,ARGOSY CASINO - RETAIL,Argosy Casino,ESPN Bet,PENN Entertainment,retail,,47688666,10825319,,,10825319.0,,1082532.0,,0.2269998284288346,31,False,False,SW_Monthly_Financials_0426_.xlsx,MONTHLY STATS RETAIL,9.0,,,,https://www.mgc.dps.mo.gov/SportsWagering/sw_financials/FY26_SWFinReport/04_Apr/SW Monthly Financials 0426 .xlsx,https://www.mgc.dps.mo.gov/SportsWagering/sw_financials/rb_SWFin_main.html,MO/screenshots/MO_2026_06_SW_Monthly_Financials_0426_.png,ARGOSY CASINO - RETAIL | 2025-12-01 00:00:00 | 8252 | 476886.66 | 368633.47 | 108253.19 | 10825.319000000001,"{""headers"": [""LICENSEE"", ""MO/YR"", ""WAGERS"", ""HANDLE"", """", ""DEDUCTIONS"", """", ""TAXABLE AGR"", ""WAGERING TAX""], ""rows"": [["""", """", """", """", """", """", """", """", """"], [""ARGOSY CASINO - RETAIL"", ""2025-12-01 00:00:00"", ""8252"", ""476886.66"", """", ""368633.47"", """", ""108253.19"", ""10825.319000000001""], ["""", ""2026-01-01 00:00:00"", ""7955"", ""535763.01"", """", ""486409.81"", """", ""49353.20000000001"", ""4935.3200000000015""], ["""", ""2026-02-01 00:00:00"", ""6040"", ""539087.5"", """", ""478632.41"", """", ""60455.090000000026"", ""6045.509000000003""]], ""highlight"": 1}",2026-06-18T15:37:42.116521
MO,2026-04-01,2026-04-30,monthly,CAESAR'S SPORTSBOOK-HARRAH'S - RETAIL,Caesars (Harrah's KC),Caesars,Caesars Entertainment,retail,,27904114,5838727,,,5838727.0,,583873.0,,0.2092425152792882,30,False,False,SW_Monthly_Financials_0426_.xlsx,MONTHLY STATS RETAIL,21.0,,,,https://www.mgc.dps.mo.gov/SportsWagering/sw_financials/FY26_SWFinReport/04_Apr/SW Monthly Financials 0426 .xlsx,https://www.mgc.dps.mo.gov/SportsWagering/sw_financials/rb_SWFin_main.html,MO/screenshots/MO_2026_05_SW_Monthly_Financials_0426_.png,2026-04-01 00:00:00 | 3824 | 279041.14 | 220653.87 | 58387.27000000002 | 5838.727000000003,"{""headers"": [""LICENSEE"", ""MO/YR"", ""WAGERS"", ""HANDLE"", """", ""DEDUCTIONS"", """", ""TAXABLE AGR"", ""WAGERING TAX""], ""rows"": [["""", ""2026-02-01 00:00:00"", ""4271"", ""379892.06"", """", ""357131.99"", """", ""22760.070000000007"", ""2276.007000000001""], ["""", ""2026-03-01 00:00:00"", ""4935"", ""400489.66"", """", ""315296.02"", """", ""85193.63999999996"", ""8519.363999999996""], ["""", ""2026-04-01 00:00:00"", ""3824"", ""279041.14"", """", ""220653.87"", """", ""58387.27000000002"", ""5838.727000000003""], ["""", """", """", """", """", """", """", """", """"], [""TOTALS:"", """", ""23575"", ""1954672.6400000001"", """", ""1580361.63"", """", ""374311.00999999995"", ""37431.100999999995""]], ""highlight"": 2}",2026-05-30T13:22:08.249193
MO,2025-12-01,2025-12-31,monthly,CAESAR'S SPORTSBOOK- HORSESHOE - RETAIL,Caesars (Horseshoe),Caesars,Caesars Entertainment,retail,,45633119,4352944,,,4352944.0,,435294.0,,0.0953900170619501,31,False,False,SW_Monthly_Financials_0426_.xlsx,MONTHLY STATS RETAIL,25.0,,,,https://www.mgc.dps.mo.gov/SportsWagering/sw_financials/FY26_SWFinReport/04_Apr/SW Monthly Financials 0426 .xlsx,https://www.mgc.dps.mo.gov/SportsWagering/sw_financials/rb_SWFin_main.html,MO/screenshots/MO_2026_05_SW_Monthly_Financials_0426_.png,CAESAR'S SPORTSBOOK- HORSESHOE - RETAIL | 2025-12-01 00:00:00 | 3636 | 456331.19 | 412801.75 | 43529.44 | 4352.944,"{""headers"": [""LICENSEE"", ""MO/YR"", ""WAGERS"", ""HANDLE"", """", ""DEDUCTIONS"", """", ""TAXABLE AGR"", ""WAGERING TAX""], ""rows"": [[""TOTALS:"", """", ""23575"", ""1954672.6400000001"", """", ""1580361.63"", """", ""374311.00999999995"", ""37431.100999999995""], ["""", """", """", """", """", """", """", """", """"], [""CAESAR'S SPORTSBOOK- HORSESHOE - RETAIL"", ""2025-12-01 00:00:00"", ""3636"", ""456331.19"", """", ""412801.75"", """", ""43529.44"", ""4352.944""], ["""", ""2026-01-01 00:00:00"", ""3652"", ""422183.51"", """", ""416810.25"", """", ""5373.260000000009"", ""537.3260000000009""], ["""", ""2026-02-01 00:00:00"", ""2792"", ""163965.3"", """", ""150836.8"", """", ""13128.5"", ""1312.8500000000001""]], ""highlight"": 2}",2026-05-30T13:22:08.249193
MO,2026-01-01,2026-01-31,monthly,CAESAR'S SPORTSBOOK- HORSESHOE - RETAIL,Caesars (Horseshoe),Caesars,Caesars Entertainment,retail,,42218351,537326,,,537326.0,,53733.0,,0.0127273090320368,31,False,False,SW_Monthly_Financials_0426_.xlsx,MONTHLY STATS RETAIL,26.0,,,,https://www.mgc.dps.mo.gov/SportsWagering/sw_financials/FY26_SWFinReport/04_Apr/SW Monthly Financials 0426 .xlsx,https://www.mgc.dps.mo.gov/SportsWagering/sw_financials/rb_SWFin_main.html,MO/screenshots/MO_2026_05_SW_Monthly_Financials_0426_.png,2026-01-01 00:00:00 | 3652 | 422183.51 | 416810.25 | 5373.260000000009 | 537.3260000000009,"{""headers"": [""LICENSEE"", ""MO/YR"", ""WAGERS"", ""HANDLE"", """", ""DEDUCTIONS"", """", ""TAXABLE AGR"", ""WAGERING TAX""], ""rows"": [["""", """", """", """", """", """", """", """", """"], [""CAESAR'S SPORTSBOOK- HORSESHOE - RETAIL"", ""2025-12-01 00:00:00"", ""3636"", ""456331.19"", """", ""412801.75"", """", ""43529.44"", ""4352.944""], ["""", ""2026-01-01 00:00:00"", ""3652"", ""422183.51"", """", ""416810.25"", """", ""5373.260000000009"", ""537.3260000000009""], ["""", ""2026-02-01 00:00:00"", ""2792"", ""163965.3"", """", ""150836.8"", """", ""13128.5"", ""1312.8500000000001""], ["""", ""2026-03-01 00:00:00"", ""5034"", ""226955.35"", """", ""193776.51"", """", ""33178.84"", ""3317.884""]], ""highlight"": 2}",2026-05-30T13:22:08.249193
MO,2026-03-01,2026-03-31,monthly,CAESAR'S SPORTSBOOK- HORSESHOE - RETAIL,Caesars (Horseshoe),Caesars,Caesars Entertainment,retail,,22695535,3317884,,,3317884.0,,331788.0,,0.1461910459480245,31,False,False,SW_Monthly_Financials_0426_.xlsx,MONTHLY STATS RETAIL,28.0,,,,https://www.mgc.dps.mo.gov/SportsWagering/sw_financials/FY26_SWFinReport/04_Apr/SW Monthly Financials 0426 .xlsx,https://www.mgc.dps.mo.gov/SportsWagering/sw_financials/rb_SWFin_main.html,MO/screenshots/MO_2026_05_SW_Monthly_Financials_0426_.png,2026-03-01 00:00:00 | 5034 | 226955.35 | 193776.51 | 33178.84 | 3317.884,"{""headers"": [""LICENSEE"", ""MO/YR"", ""WAGERS"", ""HANDLE"", """", ""DEDUCTIONS"", """", ""TAXABLE AGR"", ""WAGERING TAX""], ""rows"": [["""", ""2026-01-01 00:00:00"", ""3652"", ""422183.51"", """", ""416810.25"", """", ""5373.260000000009"", ""537.3260000000009""], ["""", ""2026-02-01 00:00:00"", ""2792"", ""163965.3"", """", ""150836.8"", """", ""13128.5"", ""1312.8500000000001""], ["""", ""2026-03-01 00:00:00"", ""5034"", ""226955.35"", """", ""193776.51"", """", ""33178.84"", ""3317.884""], ["""", ""2026-04-01 00:00:00"", ""3565"", ""134986.58"", """", ""115827.89"", """", ""19158.689999999988"", ""1915.8689999999988""], ["""", """", """", """", """", """", """", """", """"]], ""highlight"": 2}",2026-05-30T13:22:08.249193
MO,2026-03-01,2026-03-31,monthly,CAESAR'S SPORTSBOOK-HARRAH'S - RETAIL,Caesars (Harrah's KC),Caesars,Caesars Entertainment,retail,,40048966,8519364,,,8519364.0,,851936.0,,0.2127236942896353,31,False,False,SW_Monthly_Financials_0426_.xlsx,MONTHLY STATS RETAIL,20.0,,,,https://www.mgc.dps.mo.gov/SportsWagering/sw_financials/FY26_SWFinReport/04_Apr/SW Monthly Financials 0426 .xlsx,https://www.mgc.dps.mo.gov/SportsWagering/sw_financials/rb_SWFin_main.html,MO/screenshots/MO_2026_05_SW_Monthly_Financials_0426_.png,2026-03-01 00:00:00 | 4935 | 400489.66 | 315296.02 | 85193.63999999996 | 8519.363999999996,"{""headers"": [""LICENSEE"", ""MO/YR"", ""WAGERS"", ""HANDLE"", """", ""DEDUCTIONS"", """", ""TAXABLE AGR"", ""WAGERING TAX""], ""rows"": [["""", ""2026-01-01 00:00:00"", ""5285"", ""496255.1"", """", ""386114.75"", """", ""110140.34999999998"", ""11014.034999999998""], ["""", ""2026-02-01 00:00:00"", ""4271"", ""379892.06"", """", ""357131.99"", """", ""22760.070000000007"", ""2276.007000000001""], ["""", ""2026-03-01 00:00:00"", ""4935"", ""400489.66"", """", ""315296.02"", """", ""85193.63999999996"", ""8519.363999999996""], ["""", ""2026-04-01 00:00:00"", ""3824"", ""279041.14"", """", ""220653.87"", """", ""58387.27000000002"", ""5838.727000000003""], ["""", """", """", """", """", """", """", """", """"]], ""highlight"": 2}",2026-05-30T13:22:08.249193
MO,2026-04-01,2026-04-30,monthly,CAESAR'S SPORTSBOOK- HORSESHOE - RETAIL,Caesars (Horseshoe),Caesars,Caesars Entertainment,retail,,13498658,1915869,1971258.0,0.0,1915869.0,11451800.0,191587.0,55389.0,0.1419303311484741,30,False,False,SW_Monthly_Financials_0426_.xlsx,MONTHLY STATS RETAIL,29.0,,,,https://www.mgc.dps.mo.gov/SportsWagering/sw_financials/FY26_SWFinReport/04_Apr/SW Monthly Financials 0426 .xlsx,https://www.mgc.dps.mo.gov/SportsWagering/sw_financials/rb_SWFin_main.html,MO/screenshots/MO_2026_05_SW_Monthly_Financials_0426_.png,2026-04-01 00:00:00 | 3565 | 134986.58 | 115827.89 | 19158.689999999988 | 1915.8689999999988,"{""headers"": [""LICENSEE"", ""MO/YR"", ""WAGERS"", ""HANDLE"", """", ""DEDUCTIONS"", """", ""TAXABLE AGR"", ""WAGERING TAX""], ""rows"": [["""", ""2026-02-01 00:00:00"", ""2792"", ""163965.3"", """", ""150836.8"", """", ""13128.5"", ""1312.8500000000001""], ["""", ""2026-03-01 00:00:00"", ""5034"", ""226955.35"", """", ""193776.51"", """", ""33178.84"", ""3317.884""], ["""", ""2026-04-01 00:00:00"", ""3565"", ""134986.58"", """", ""115827.89"", """", ""19158.689999999988"", ""1915.8689999999988""], ["""", """", """", """", """", """", """", """", """"], [""TOTALS:"", """", ""18679"", ""1404421.9300000002"", """", ""1290053.2"", """", ""114368.73"", ""11436.873""]], ""highlight"": 2}",2026-05-30T13:22:08.249193
MO,2026-05-01,2026-05-31,monthly,CAESAR'S SPORTSBOOK- HORSESHOE - RETAIL,Caesars (Horseshoe),Caesars,Caesars Entertainment,retail,,16152900,3033983,3067620.0,0.0,3033983.0,12955780.0,303398.0,33637.0,0.18782899665075622,31,False,False,SW_Monthly_Financials_0526_.xlsx,MONTHLY STATS RETAIL,32.0,,,,https://www.mgc.dps.mo.gov/SportsWagering/sw_financials/FY26_SWFinReport/05_May/SW Monthly Financials 0526 .xlsx,https://www.mgc.dps.mo.gov/SportsWagering/sw_financials/rb_SWFin_main.html,MO/screenshots/MO_2026_07_SW_Monthly_Financials_0526_.png,2026-05-01 00:00:00 | 3289 | 161529 | 131189.17 | 30339.829999999987 | 3033.982999999999,"{""headers"": [""LICENSEE"", ""MO/YR"", ""WAGERS"", ""HANDLE"", """", ""DEDUCTIONS"", """", ""TAXABLE AGR"", ""WAGERING TAX""], ""rows"": [["""", ""2026-03-01 00:00:00"", ""5034"", ""226955.35"", """", ""193776.51"", """", ""33178.84"", ""3317.884""], ["""", ""2026-04-01 00:00:00"", ""3565"", ""134986.58"", """", ""115827.89"", """", ""19158.689999999988"", ""1915.8689999999988""], ["""", ""2026-05-01 00:00:00"", ""3289"", ""161529"", """", ""131189.17"", """", ""30339.829999999987"", ""3033.982999999999""], ["""", """", """", """", """", """", """", """", """"], [""TOTALS:"", """", ""21968"", ""1565950.9300000002"", """", ""1421242.3699999999"", """", ""144708.56"", ""14470.855999999998""]], ""highlight"": 2}",2026-07-08T17:32:50.343461
MO,2025-12-01,2025-12-31,monthly,CENTURY CASINO CAPE GIRARDEAU - RETAIL,Century Casino,Century Casino,Century Casinos,retail,,64344520,14601715,,,14601715.0,,1460171.0,,0.22693020322476568,31,False,False,SW_Monthly_Financials_0526_.xlsx,MONTHLY STATS RETAIL,36.0,,,,https://www.mgc.dps.mo.gov/SportsWagering/sw_financials/FY26_SWFinReport/05_May/SW Monthly Financials 0526 .xlsx,https://www.mgc.dps.mo.gov/SportsWagering/sw_financials/rb_SWFin_main.html,MO/screenshots/MO_2026_07_SW_Monthly_Financials_0526_.png,CENTURY CASINO CAPE GIRARDEAU - RETAIL | 2025-12-01 00:00:00 | 1989 | 643445.2 | 497428.05 | 146017.14999999997 | 14601.714999999997,"{""headers"": [""LICENSEE"", ""MO/YR"", ""WAGERS"", ""HANDLE"", """", ""DEDUCTIONS"", """", ""TAXABLE AGR"", ""WAGERING TAX""], ""rows"": [[""TOTALS:"", """", ""21968"", ""1565950.9300000002"", """", ""1421242.3699999999"", """", ""144708.56"", ""14470.855999999998""], ["""", """", """", """", """", """", """", """", """"], [""CENTURY CASINO CAPE GIRARDEAU - RETAIL"", ""2025-12-01 00:00:00"", ""1989"", ""643445.2"", """", ""497428.05"", """", ""146017.14999999997"", ""14601.714999999997""], ["""", ""2026-01-01 00:00:00"", ""1956"", ""985146.75"", """", ""1213631.04"", """", ""-228484.29000000004"", ""0""], ["""", ""2026-02-01 00:00:00"", ""1463"", ""501256.6"", """", ""635574.61"", """", ""-134318.01"", ""0""]], ""highlight"": 2}",2026-07-08T17:32:50.343461
MO,2026-01-01,2026-01-31,monthly,CENTURY CASINO CAPE GIRARDEAU - RETAIL,Century Casino,Century Casino,Century Casinos,retail,,98514675,-22848429,,,-22848429.0,,0.0,,-0.23192919227516104,31,False,False,SW_Monthly_Financials_0526_.xlsx,MONTHLY STATS RETAIL,37.0,,,,https://www.mgc.dps.mo.gov/SportsWagering/sw_financials/FY26_SWFinReport/05_May/SW Monthly Financials 0526 .xlsx,https://www.mgc.dps.mo.gov/SportsWagering/sw_financials/rb_SWFin_main.html,MO/screenshots/MO_2026_07_SW_Monthly_Financials_0526_.png,2026-01-01 00:00:00 | 1956 | 985146.75 | 1213631.04 | -228484.29000000004 | 0,"{""headers"": [""LICENSEE"", ""MO/YR"", ""WAGERS"", ""HANDLE"", """", ""DEDUCTIONS"", """", ""TAXABLE AGR"", ""WAGERING TAX""], ""rows"": [["""", """", """", """", """", """", """", """", """"], [""CENTURY CASINO CAPE GIRARDEAU - RETAIL"", ""2025-12-01 00:00:00"", ""1989"", ""643445.2"", """", ""497428.05"", """", ""146017.14999999997"", ""14601.714999999997""], ["""", ""2026-01-01 00:00:00"", ""1956"", ""985146.75"", """", ""1213631.04"", """", ""-228484.29000000004"", ""0""], ["""", ""2026-02-01 00:00:00"", ""1463"", ""501256.6"", """", ""635574.61"", """", ""-134318.01"", ""0""], ["""", ""2026-03-01 00:00:00"", ""1873"", ""690187.9"", """", ""769712.47"", """", ""-79524.56999999995"", ""0""]], ""highlight"": 2}",2026-07-08T17:32:50.343461
MO,2026-05-01,2026-05-31,monthly,RIVER CITY CASINO - RETAIL,River City Casino,ESPN Bet,PENN Entertainment,retail,,67850794,914808,1109285.0,0.0,914808.0,66473159.0,91481.0,194477.0,0.013482642517049984,31,False,False,SW_Monthly_Financials_0526_.xlsx,MONTHLY STATS RETAIL,77.0,,,,https://www.mgc.dps.mo.gov/SportsWagering/sw_financials/FY26_SWFinReport/05_May/SW Monthly Financials 0526 .xlsx,https://www.mgc.dps.mo.gov/SportsWagering/sw_financials/rb_SWFin_main.html,MO/screenshots/MO_2026_07_SW_Monthly_Financials_0526_.png,2026-05-01 00:00:00 | 6823 | 678507.94 | 669359.86 | 9148.079999999958 | 914.8079999999959,"{""headers"": [""LICENSEE"", ""MO/YR"", ""WAGERS"", ""HANDLE"", """", ""DEDUCTIONS"", """", ""TAXABLE AGR"", ""WAGERING TAX""], ""rows"": [["""", ""2026-03-01 00:00:00"", ""8667"", ""678077.93"", """", ""623221.1"", """", ""54856.830000000075"", ""5485.683000000008""], ["""", ""2026-04-01 00:00:00"", ""10677"", ""778061.49"", """", ""706462.16"", """", ""71599.32999999996"", ""7159.932999999996""], ["""", ""2026-05-01 00:00:00"", ""6823"", ""678507.94"", """", ""669359.86"", """", ""9148.079999999958"", ""914.8079999999959""], ["""", """", """", """", """", """", """", """", """"], [""TOTALS:"", """", ""46841"", ""3519391.93"", """", ""3233623.59"", """", ""285768.3399999999"", ""28576.833999999995""]], ""highlight"": 2}",2026-07-08T17:32:50.343461
MO,2026-04-01,2026-04-30,monthly,HOLLYWOOD CASINO - RETAIL,Hollywood Casino,Caesars,PENN Entertainment,retail,,59429495,6479508,,,6479508.0,,647951.0,,0.10902848829524801,30,False,False,SW_Monthly_Financials_0526_.xlsx,MONTHLY STATS RETAIL,67.0,,,,https://www.mgc.dps.mo.gov/SportsWagering/sw_financials/FY26_SWFinReport/05_May/SW Monthly Financials 0526 .xlsx,https://www.mgc.dps.mo.gov/SportsWagering/sw_financials/rb_SWFin_main.html,MO/screenshots/MO_2026_07_SW_Monthly_Financials_0526_.png,2026-04-01 00:00:00 | 8171 | 594294.95 | 529499.87 | 64795.07999999996 | 6479.507999999996,"{""headers"": [""LICENSEE"", ""MO/YR"", ""WAGERS"", ""HANDLE"", """", ""DEDUCTIONS"", """", ""TAXABLE AGR"", ""WAGERING TAX""], ""rows"": [["""", ""2026-02-01 00:00:00"", ""8937"", ""1004486.11"", """", ""922847.83"", """", ""81638.28000000003"", ""8163.828000000003""], ["""", ""2026-03-01 00:00:00"", ""11700"", ""1567864.61"", """", ""1421524.21"", """", ""146340.40000000014"", ""14634.040000000015""], ["""", ""2026-04-01 00:00:00"", ""8171"", ""594294.95"", """", ""529499.87"", """", ""64795.07999999996"", ""6479.507999999996""], ["""", ""2026-05-01 00:00:00"", ""9152"", ""811377.35"", """", ""722111.47"", """", ""89265.88"", ""8926.588000000002""], ["""", """", """", """", """", """", """", """", """"]], ""highlight"": 2}",2026-07-08T17:32:50.343461
MO,2026-05-01,2026-05-31,monthly,HOLLYWOOD CASINO - RETAIL,Hollywood Casino,Caesars,PENN Entertainment,retail,,81137735,8926588,9074888.0,0.0,8926588.0,71714893.0,892659.0,148300.0,0.11001771247373371,31,False,False,SW_Monthly_Financials_0526_.xlsx,MONTHLY STATS RETAIL,68.0,,,,https://www.mgc.dps.mo.gov/SportsWagering/sw_financials/FY26_SWFinReport/05_May/SW Monthly Financials 0526 .xlsx,https://www.mgc.dps.mo.gov/SportsWagering/sw_financials/rb_SWFin_main.html,MO/screenshots/MO_2026_07_SW_Monthly_Financials_0526_.png,2026-05-01 00:00:00 | 9152 | 811377.35 | 722111.47 | 89265.88 | 8926.588000000002,"{""headers"": [""LICENSEE"", ""MO/YR"", ""WAGERS"", ""HANDLE"", """", ""DEDUCTIONS"", """", ""TAXABLE AGR"", ""WAGERING TAX""], ""rows"": [["""", ""2026-03-01 00:00:00"", ""11700"", ""1567864.61"", """", ""1421524.21"", """", ""146340.40000000014"", ""14634.040000000015""], ["""", ""2026-04-01 00:00:00"", ""8171"", ""594294.95"", """", ""529499.87"", """", ""64795.07999999996"", ""6479.507999999996""], ["""", ""2026-05-01 00:00:00"", ""9152"", ""811377.35"", """", ""722111.47"", """", ""89265.88"", ""8926.588000000002""], ["""", """", """", """", """", """", """", """", """"], [""TOTALS:"", """", ""56222"", ""5507441.55"", """", ""4829490.9"", """", ""677950.6500000003"", ""67795.06500000002""]], ""highlight"": 2}",2026-07-08T17:32:50.343461
MO,2025-12-01,2025-12-31,monthly,RIVER CITY CASINO - RETAIL,River City Casino,ESPN Bet,PENN Entertainment,retail,,38868697,8845660,,,8845660.0,,884566.0,,0.22757799161623554,31,False,False,SW_Monthly_Financials_0526_.xlsx,MONTHLY STATS RETAIL,72.0,,,,https://www.mgc.dps.mo.gov/SportsWagering/sw_financials/FY26_SWFinReport/05_May/SW Monthly Financials 0526 .xlsx,https://www.mgc.dps.mo.gov/SportsWagering/sw_financials/rb_SWFin_main.html,MO/screenshots/MO_2026_07_SW_Monthly_Financials_0526_.png,RIVER CITY CASINO - RETAIL | 2025-12-01 00:00:00 | 6329 | 388686.97 | 300230.37 | 88456.59999999998 | 8845.659999999998,"{""headers"": [""LICENSEE"", ""MO/YR"", ""WAGERS"", ""HANDLE"", """", ""DEDUCTIONS"", """", ""TAXABLE AGR"", ""WAGERING TAX""], ""rows"": [[""TOTALS:"", """", ""56222"", ""5507441.55"", """", ""4829490.9"", """", ""677950.6500000003"", ""67795.06500000002""], ["""", """", """", """", """", """", """", """", """"], [""RIVER CITY CASINO - RETAIL"", ""2025-12-01 00:00:00"", ""6329"", ""388686.97"", """", ""300230.37"", """", ""88456.59999999998"", ""8845.659999999998""], ["""", ""2026-01-01 00:00:00"", ""6706"", ""561529.35"", """", ""543140.76"", """", ""18388.589999999967"", ""1838.8589999999967""], ["""", ""2026-02-01 00:00:00"", ""7639"", ""434528.25"", """", ""391209.34"", """", ""43318.909999999974"", ""4331.890999999998""]], ""highlight"": 2}",2026-07-08T17:32:50.343461
MO,2026-01-01,2026-01-31,monthly,RIVER CITY CASINO - RETAIL,River City Casino,ESPN Bet,PENN Entertainment,retail,,56152935,1838859,,,1838859.0,,183886.0,,0.03274733546875155,31,False,False,SW_Monthly_Financials_0526_.xlsx,MONTHLY STATS RETAIL,73.0,,,,https://www.mgc.dps.mo.gov/SportsWagering/sw_financials/FY26_SWFinReport/05_May/SW Monthly Financials 0526 .xlsx,https://www.mgc.dps.mo.gov/SportsWagering/sw_financials/rb_SWFin_main.html,MO/screenshots/MO_2026_07_SW_Monthly_Financials_0526_.png,2026-01-01 00:00:00 | 6706 | 561529.35 | 543140.76 | 18388.589999999967 | 1838.8589999999967,"{""headers"": [""LICENSEE"", ""MO/YR"", ""WAGERS"", ""HANDLE"", """", ""DEDUCTIONS"", """", ""TAXABLE AGR"", ""WAGERING TAX""], ""rows"": [["""", """", """", """", """", """", """", """", """"], [""RIVER CITY CASINO - RETAIL"", ""2025-12-01 00:00:00"", ""6329"", ""388686.97"", """", ""300230.37"", """", ""88456.59999999998"", ""8845.659999999998""], ["""", ""2026-01-01 00:00:00"", ""6706"", ""561529.35"", """", ""543140.76"", """", ""18388.589999999967"", ""1838.8589999999967""], ["""", ""2026-02-01 00:00:00"", ""7639"", ""434528.25"", """", ""391209.34"", """", ""43318.909999999974"", ""4331.890999999998""], ["""", ""2026-03-01 00:00:00"", ""8667"", ""678077.93"", """", ""623221.1"", """", ""54856.830000000075"", ""5485.683000000008""]], ""highlight"": 2}",2026-07-08T17:32:50.343461
MO,2026-02-01,2026-02-28,monthly,RIVER CITY CASINO - RETAIL,River City Casino,ESPN Bet,PENN Entertainment,retail,,43452825,4331891,,,4331891.0,,433189.0,,0.09969181520418983,28,False,False,SW_Monthly_Financials_0526_.xlsx,MONTHLY STATS RETAIL,74.0,,,,https://www.mgc.dps.mo.gov/SportsWagering/sw_financials/FY26_SWFinReport/05_May/SW Monthly Financials 0526 .xlsx,https://www.mgc.dps.mo.gov/SportsWagering/sw_financials/rb_SWFin_main.html,MO/screenshots/MO_2026_07_SW_Monthly_Financials_0526_.png,2026-02-01 00:00:00 | 7639 | 434528.25 | 391209.34 | 43318.909999999974 | 4331.890999999998,"{""headers"": [""LICENSEE"", ""MO/YR"", ""WAGERS"", ""HANDLE"", """", ""DEDUCTIONS"", """", ""TAXABLE AGR"", ""WAGERING TAX""], ""rows"": [[""RIVER CITY CASINO - RETAIL"", ""2025-12-01 00:00:00"", ""6329"", ""388686.97"", """", ""300230.37"", """", ""88456.59999999998"", ""8845.659999999998""], ["""", ""2026-01-01 00:00:00"", ""6706"", ""561529.35"", """", ""543140.76"", """", ""18388.589999999967"", ""1838.8589999999967""], ["""", ""2026-02-01 00:00:00"", ""7639"", ""434528.25"", """", ""391209.34"", """", ""43318.909999999974"", ""4331.890999999998""], ["""", ""2026-03-01 00:00:00"", ""8667"", ""678077.93"", """", ""623221.1"", """", ""54856.830000000075"", ""5485.683000000008""], ["""", ""2026-04-01 00:00:00"", ""10677"", ""778061.49"", """", ""706462.16"", """", ""71599.32999999996"", ""7159.932999999996""]], ""highlight"": 2}",2026-07-08T17:32:50.343461
MO,2026-03-01,2026-03-31,monthly,RIVER CITY CASINO - RETAIL,River City Casino,ESPN Bet,PENN Entertainment,retail,,67807793,5485683,,,5485683.0,,548568.0,,0.08090047997875406,31,False,False,SW_Monthly_Financials_0526_.xlsx,MONTHLY STATS RETAIL,75.0,,,,https://www.mgc.dps.mo.gov/SportsWagering/sw_financials/FY26_SWFinReport/05_May/SW Monthly Financials 0526 .xlsx,https://www.mgc.dps.mo.gov/SportsWagering/sw_financials/rb_SWFin_main.html,MO/screenshots/MO_2026_07_SW_Monthly_Financials_0526_.png,2026-03-01 00:00:00 | 8667 | 678077.93 | 623221.1 | 54856.830000000075 | 5485.683000000008,"{""headers"": [""LICENSEE"", ""MO/YR"", ""WAGERS"", ""HANDLE"", """", ""DEDUCTIONS"", """", ""TAXABLE AGR"", ""WAGERING TAX""], ""rows"": [["""", ""2026-01-01 00:00:00"", ""6706"", ""561529.35"", """", ""543140.76"", """", ""18388.589999999967"", ""1838.8589999999967""], ["""", ""2026-02-01 00:00:00"", ""7639"", ""434528.25"", """", ""391209.34"", """", ""43318.909999999974"", ""4331.890999999998""], ["""", ""2026-03-01 00:00:00"", ""8667"", ""678077.93"", """", ""623221.1"", """", ""54856.830000000075"", ""5485.683000000008""], ["""", ""2026-04-01 00:00:00"", ""10677"", ""778061.49"", """", ""706462.16"", """", ""71599.32999999996"", ""7159.932999999996""], ["""", ""2026-05-01 00:00:00"", ""6823"", ""678507.94"", """", ""669359.86"", """", ""9148.079999999958"", ""914.8079999999959""]], ""highlight"": 2}",2026-07-08T17:32:50.343461
MO,2026-04-01,2026-04-30,monthly,RIVER CITY CASINO - RETAIL,River City Casino,ESPN Bet,PENN Entertainment,retail,,77806149,7159933,,,7159933.0,,715993.0,,0.09202271404024892,30,False,False,SW_Monthly_Financials_0526_.xlsx,MONTHLY STATS RETAIL,76.0,,,,https://www.mgc.dps.mo.gov/SportsWagering/sw_financials/FY26_SWFinReport/05_May/SW Monthly Financials 0526 .xlsx,https://www.mgc.dps.mo.gov/SportsWagering/sw_financials/rb_SWFin_main.html,MO/screenshots/MO_2026_07_SW_Monthly_Financials_0526_.png,2026-04-01 00:00:00 | 10677 | 778061.49 | 706462.16 | 71599.32999999996 | 7159.932999999996,"{""headers"": [""LICENSEE"", ""MO/YR"", ""WAGERS"", ""HANDLE"", """", ""DEDUCTIONS"", """", ""TAXABLE AGR"", ""WAGERING TAX""], ""rows"": [["""", ""2026-02-01 00:00:00"", ""7639"", ""434528.25"", """", ""391209.34"", """", ""43318.909999999974"", ""4331.890999999998""], ["""", ""2026-03-01 00:00:00"", ""8667"", ""678077.93"", """", ""623221.1"", """", ""54856.830000000075"", ""5485.683000000008""], ["""", ""2026-04-01 00:00:00"", ""10677"", ""778061.49"", """", ""706462.16"", """", ""71599.32999999996"", ""7159.932999999996""], ["""", ""2026-05-01 00:00:00"", ""6823"", ""678507.94"", """", ""669359.86"", """", ""9148.079999999958"", ""914.8079999999959""], ["""", """", """", """", """", """", """", """", """"]], ""highlight"": 2}",2026-07-08T17:32:50.343461
MO,2025-12-01,2025-12-31,monthly,BET365 - MOBILE,bet365,bet365,bet365 Group,online,,5779027427,383445290,,,383445290.0,,38344529.0,,0.06635118016718837,31,False,False,SW_Monthly_Financials_0526_.xlsx,MONTHLY STATS MOBILE,9.0,,,,https://www.mgc.dps.mo.gov/SportsWagering/sw_financials/FY26_SWFinReport/05_May/SW Monthly Financials 0526 .xlsx,https://www.mgc.dps.mo.gov/SportsWagering/sw_financials/rb_SWFin_main.html,MO/screenshots/MO_2026_07_SW_Monthly_Financials_0526_.png,BET365 - MOBILE | 2025-12-01 00:00:00 | 2888070 | 57790274.27 | 53955821.37 | 3834452.900000006 | 383445.2900000006,"{""headers"": [""LICENSEE"", ""MO/YR"", ""WAGERS"", ""HANDLE"", """", ""DEDUCTIONS"", """", ""TAXABLE AGR"", ""WAGERING TAX""], ""rows"": [["""", """", """", """", """", """", """", """", """"], [""BET365 - MOBILE"", ""2025-12-01 00:00:00"", ""2888070"", ""57790274.27"", """", ""53955821.37"", """", ""3834452.900000006"", ""383445.2900000006""], ["""", ""2026-01-01 00:00:00"", ""1934170"", ""34032785.78"", """", ""35286153.55"", """", ""-1253367.7699999958"", ""0""], ["""", ""2026-02-01 00:00:00"", ""1067845"", ""20448884.43"", """", ""20781393.33"", """", ""-332508.8999999985"", ""0""]], ""highlight"": 1}",2026-07-08T17:32:50.343461
MO,2026-02-01,2026-02-28,monthly,CENTURY CASINO CAPE GIRARDEAU - RETAIL,Century Casino,Century Casino,Century Casinos,retail,,50125660,-13431801,,,-13431801.0,,0.0,,-0.2679625764528587,28,False,False,SW_Monthly_Financials_0526_.xlsx,MONTHLY STATS RETAIL,38.0,,,,https://www.mgc.dps.mo.gov/SportsWagering/sw_financials/FY26_SWFinReport/05_May/SW Monthly Financials 0526 .xlsx,https://www.mgc.dps.mo.gov/SportsWagering/sw_financials/rb_SWFin_main.html,MO/screenshots/MO_2026_07_SW_Monthly_Financials_0526_.png,2026-02-01 00:00:00 | 1463 | 501256.6 | 635574.61 | -134318.01 | 0,"{""headers"": [""LICENSEE"", ""MO/YR"", ""WAGERS"", ""HANDLE"", """", ""DEDUCTIONS"", """", ""TAXABLE AGR"", ""WAGERING TAX""], ""rows"": [[""CENTURY CASINO CAPE GIRARDEAU - RETAIL"", ""2025-12-01 00:00:00"", ""1989"", ""643445.2"", """", ""497428.05"", """", ""146017.14999999997"", ""14601.714999999997""], ["""", ""2026-01-01 00:00:00"", ""1956"", ""985146.75"", """", ""1213631.04"", """", ""-228484.29000000004"", ""0""], ["""", ""2026-02-01 00:00:00"", ""1463"", ""501256.6"", """", ""635574.61"", """", ""-134318.01"", ""0""], ["""", ""2026-03-01 00:00:00"", ""1873"", ""690187.9"", """", ""769712.47"", """", ""-79524.56999999995"", ""0""], ["""", ""2026-04-01 00:00:00"", ""1168"", ""550447.85"", """", ""519415.94"", """", ""31031.909999999974"", ""3103.1909999999975""]], ""highlight"": 2}",2026-07-08T17:32:50.343461
MO,2026-01-01,2026-01-31,monthly,BET365 - MOBILE,bet365,bet365,bet365 Group,online,,3403278578,-125336777,,,-125336777.0,,0.0,,-0.036828244919537706,31,False,False,SW_Monthly_Financials_0526_.xlsx,MONTHLY STATS MOBILE,10.0,,,,https://www.mgc.dps.mo.gov/SportsWagering/sw_financials/FY26_SWFinReport/05_May/SW Monthly Financials 0526 .xlsx,https://www.mgc.dps.mo.gov/SportsWagering/sw_financials/rb_SWFin_main.html,MO/screenshots/MO_2026_07_SW_Monthly_Financials_0526_.png,2026-01-01 00:00:00 | 1934170 | 34032785.78 | 35286153.55 | -1253367.7699999958 | 0,"{""headers"": [""LICENSEE"", ""MO/YR"", ""WAGERS"", ""HANDLE"", """", ""DEDUCTIONS"", """", ""TAXABLE AGR"", ""WAGERING TAX""], ""rows"": [["""", """", """", """", """", """", """", """", """"], [""BET365 - MOBILE"", ""2025-12-01 00:00:00"", ""2888070"", ""57790274.27"", """", ""53955821.37"", """", ""3834452.900000006"", ""383445.2900000006""], ["""", ""2026-01-01 00:00:00"", ""1934170"", ""34032785.78"", """", ""35286153.55"", """", ""-1253367.7699999958"", ""0""], ["""", ""2026-02-01 00:00:00"", ""1067845"", ""20448884.43"", """", ""20781393.33"", """", ""-332508.8999999985"", ""0""], ["""", ""2026-03-01 00:00:00"", ""1195670"", ""27196267.15"", """", ""26389194.59"", """", ""807072.5599999987"", ""80707.25599999988""]], ""highlight"": 2}",2026-07-08T17:32:50.343461
MO,2026-02-01,2026-02-28,monthly,BET365 - MOBILE,bet365,bet365,bet365 Group,online,,2044888443,-33250890,,,-33250890.0,,0.0,,-0.016260490939651713,28,False,False,SW_Monthly_Financials_0526_.xlsx,MONTHLY STATS MOBILE,11.0,,,,https://www.mgc.dps.mo.gov/SportsWagering/sw_financials/FY26_SWFinReport/05_May/SW Monthly Financials 0526 .xlsx,https://www.mgc.dps.mo.gov/SportsWagering/sw_financials/rb_SWFin_main.html,MO/screenshots/MO_2026_07_SW_Monthly_Financials_0526_.png,2026-02-01 00:00:00 | 1067845 | 20448884.43 | 20781393.33 | -332508.8999999985 | 0,"{""headers"": [""LICENSEE"", ""MO/YR"", ""WAGERS"", ""HANDLE"", """", ""DEDUCTIONS"", """", ""TAXABLE AGR"", ""WAGERING TAX""], ""rows"": [[""BET365 - MOBILE"", ""2025-12-01 00:00:00"", ""2888070"", ""57790274.27"", """", ""53955821.37"", """", ""3834452.900000006"", ""383445.2900000006""], ["""", ""2026-01-01 00:00:00"", ""1934170"", ""34032785.78"", """", ""35286153.55"", """", ""-1253367.7699999958"", ""0""], ["""", ""2026-02-01 00:00:00"", ""1067845"", ""20448884.43"", """", ""20781393.33"", """", ""-332508.8999999985"", ""0""], ["""", ""2026-03-01 00:00:00"", ""1195670"", ""27196267.15"", """", ""26389194.59"", """", ""807072.5599999987"", ""80707.25599999988""], ["""", ""2026-04-01 00:00:00"", ""988073"", ""22182014.78"", """", ""21068403.15"", """", ""1113611.6300000027"", ""111361.16300000028""]], ""highlight"": 2}",2026-07-08T17:32:50.343461
MO,2026-03-01,2026-03-31,monthly,BET365 - MOBILE,bet365,bet365,bet365 Group,online,,2719626715,80707256,,,80707256.0,,8070726.0,,0.02967585792375922,31,False,False,SW_Monthly_Financials_0526_.xlsx,MONTHLY STATS MOBILE,12.0,,,,https://www.mgc.dps.mo.gov/SportsWagering/sw_financials/FY26_SWFinReport/05_May/SW Monthly Financials 0526 .xlsx,https://www.mgc.dps.mo.gov/SportsWagering/sw_financials/rb_SWFin_main.html,MO/screenshots/MO_2026_07_SW_Monthly_Financials_0526_.png,2026-03-01 00:00:00 | 1195670 | 27196267.15 | 26389194.59 | 807072.5599999987 | 80707.25599999988,"{""headers"": [""LICENSEE"", ""MO/YR"", ""WAGERS"", ""HANDLE"", """", ""DEDUCTIONS"", """", ""TAXABLE AGR"", ""WAGERING TAX""], ""rows"": [["""", ""2026-01-01 00:00:00"", ""1934170"", ""34032785.78"", """", ""35286153.55"", """", ""-1253367.7699999958"", ""0""], ["""", ""2026-02-01 00:00:00"", ""1067845"", ""20448884.43"", """", ""20781393.33"", """", ""-332508.8999999985"", ""0""], ["""", ""2026-03-01 00:00:00"", ""1195670"", ""27196267.15"", """", ""26389194.59"", """", ""807072.5599999987"", ""80707.25599999988""], ["""", ""2026-04-01 00:00:00"", ""988073"", ""22182014.78"", """", ""21068403.15"", """", ""1113611.6300000027"", ""111361.16300000028""], ["""", ""2026-05-01 00:00:00"", ""872641"", ""18485678.09"", """", ""17120509.48"", """", ""1365168.6099999994"", ""136516.86099999995""]], ""highlight"": 2}",2026-07-08T17:32:50.343461
MO,2026-04-01,2026-04-30,monthly,BET365 - MOBILE,bet365,bet365,bet365 Group,online,,2218201478,111361163,,,111361163.0,,11136116.0,,0.05020335803779498,30,False,False,SW_Monthly_Financials_0526_.xlsx,MONTHLY STATS MOBILE,13.0,,,,https://www.mgc.dps.mo.gov/SportsWagering/sw_financials/FY26_SWFinReport/05_May/SW Monthly Financials 0526 .xlsx,https://www.mgc.dps.mo.gov/SportsWagering/sw_financials/rb_SWFin_main.html,MO/screenshots/MO_2026_07_SW_Monthly_Financials_0526_.png,2026-04-01 00:00:00 | 988073 | 22182014.78 | 21068403.15 | 1113611.6300000027 | 111361.16300000028,"{""headers"": [""LICENSEE"", ""MO/YR"", ""WAGERS"", ""HANDLE"", """", ""DEDUCTIONS"", """", ""TAXABLE AGR"", ""WAGERING TAX""], ""rows"": [["""", ""2026-02-01 00:00:00"", ""1067845"", ""20448884.43"", """", ""20781393.33"", """", ""-332508.8999999985"", ""0""], ["""", ""2026-03-01 00:00:00"", ""1195670"", ""27196267.15"", """", ""26389194.59"", """", ""807072.5599999987"", ""80707.25599999988""], ["""", ""2026-04-01 00:00:00"", ""988073"", ""22182014.78"", """", ""21068403.15"", """", ""1113611.6300000027"", ""111361.16300000028""], ["""", ""2026-05-01 00:00:00"", ""872641"", ""18485678.09"", """", ""17120509.48"", """", ""1365168.6099999994"", ""136516.86099999995""], ["""", """", """", """", """", """", """", """", """"]], ""highlight"": 2}",2026-07-08T17:32:50.343461
MO,2026-05-01,2026-05-31,monthly,BET365 - MOBILE,bet365,bet365,bet365 Group,online,,1848567809,136516861,213080346.0,71296557.0,136516861.0,1627368330.0,13651686.0,5266928.0,0.07385006940797594,31,False,False,SW_Monthly_Financials_0526_.xlsx,MONTHLY STATS MOBILE,14.0,,,,https://www.mgc.dps.mo.gov/SportsWagering/sw_financials/FY26_SWFinReport/05_May/SW Monthly Financials 0526 .xlsx,https://www.mgc.dps.mo.gov/SportsWagering/sw_financials/rb_SWFin_main.html,MO/screenshots/MO_2026_07_SW_Monthly_Financials_0526_.png,2026-05-01 00:00:00 | 872641 | 18485678.09 | 17120509.48 | 1365168.6099999994 | 136516.86099999995,"{""headers"": [""LICENSEE"", ""MO/YR"", ""WAGERS"", ""HANDLE"", """", ""DEDUCTIONS"", """", ""TAXABLE AGR"", ""WAGERING TAX""], ""rows"": [["""", ""2026-03-01 00:00:00"", ""1195670"", ""27196267.15"", """", ""26389194.59"", """", ""807072.5599999987"", ""80707.25599999988""], ["""", ""2026-04-01 00:00:00"", ""988073"", ""22182014.78"", """", ""21068403.15"", """", ""1113611.6300000027"", ""111361.16300000028""], ["""", ""2026-05-01 00:00:00"", ""872641"", ""18485678.09"", """", ""17120509.48"", """", ""1365168.6099999994"", ""136516.86099999995""], ["""", """", """", """", """", """", """", """", """"], [""TOTALS:"", """", ""8946469"", ""180135904.50000003"", """", ""174601475.46999997"", """", ""5534429.030000012"", ""712030.5700000006""]], ""highlight"": 2}",2026-07-08T17:32:50.343461
MO,2025-12-01,2025-12-31,monthly,BETMGM - MOBILE,BetMGM,BetMGM,Entain/MGM Resorts,online,,2805557431,14523902,,,14523902.0,,1452390.0,,0.0051768328958509925,31,False,False,SW_Monthly_Financials_0526_.xlsx,MONTHLY STATS MOBILE,18.0,,,,https://www.mgc.dps.mo.gov/SportsWagering/sw_financials/FY26_SWFinReport/05_May/SW Monthly Financials 0526 .xlsx,https://www.mgc.dps.mo.gov/SportsWagering/sw_financials/rb_SWFin_main.html,MO/screenshots/MO_2026_07_SW_Monthly_Financials_0526_.png,BETMGM - MOBILE | 2025-12-01 00:00:00 | 508835 | 28055574.31 | 27910335.29 | 145239.01999999955 | 14523.901999999956,"{""headers"": [""LICENSEE"", ""MO/YR"", ""WAGERS"", ""HANDLE"", """", ""DEDUCTIONS"", """", ""TAXABLE AGR"", ""WAGERING TAX""], ""rows"": [[""TOTALS:"", """", ""8946469"", ""180135904.50000003"", """", ""174601475.46999997"", """", ""5534429.030000012"", ""712030.5700000006""], ["""", """", """", """", """", """", """", """", """"], [""BETMGM - MOBILE"", ""2025-12-01 00:00:00"", ""508835"", ""28055574.31"", """", ""27910335.29"", """", ""145239.01999999955"", ""14523.901999999956""], ["""", ""2026-01-01 00:00:00"", ""579522"", ""32955677.1"", """", ""32840250.34"", """", ""115426.76000000164"", ""11542.676000000165""], ["""", ""2026-02-01 00:00:00"", ""406603"", ""19217396.63"", """", ""18775370.6"", """", ""442026.02999999747"", ""44202.60299999975""]], ""highlight"": 2}",2026-07-08T17:32:50.343461
MO,2026-01-01,2026-01-31,monthly,BETMGM - MOBILE,BetMGM,BetMGM,Entain/MGM Resorts,online,,3295567710,11542676,,,11542676.0,,1154268.0,,0.003502484857153792,31,False,False,SW_Monthly_Financials_0526_.xlsx,MONTHLY STATS MOBILE,19.0,,,,https://www.mgc.dps.mo.gov/SportsWagering/sw_financials/FY26_SWFinReport/05_May/SW Monthly Financials 0526 .xlsx,https://www.mgc.dps.mo.gov/SportsWagering/sw_financials/rb_SWFin_main.html,MO/screenshots/MO_2026_07_SW_Monthly_Financials_0526_.png,2026-01-01 00:00:00 | 579522 | 32955677.1 | 32840250.34 | 115426.76000000164 | 11542.676000000165,"{""headers"": [""LICENSEE"", ""MO/YR"", ""WAGERS"", ""HANDLE"", """", ""DEDUCTIONS"", """", ""TAXABLE AGR"", ""WAGERING TAX""], ""rows"": [["""", """", """", """", """", """", """", """", """"], [""BETMGM - MOBILE"", ""2025-12-01 00:00:00"", ""508835"", ""28055574.31"", """", ""27910335.29"", """", ""145239.01999999955"", ""14523.901999999956""], ["""", ""2026-01-01 00:00:00"", ""579522"", ""32955677.1"", """", ""32840250.34"", """", ""115426.76000000164"", ""11542.676000000165""], ["""", ""2026-02-01 00:00:00"", ""406603"", ""19217396.63"", """", ""18775370.6"", """", ""442026.02999999747"", ""44202.60299999975""], ["""", ""2026-03-01 00:00:00"", ""414932"", ""23849790.15"", """", ""21808547.71"", """", ""2041242.4399999976"", ""204124.24399999977""]], ""highlight"": 2}",2026-07-08T17:32:50.343461
MO,2026-03-01,2026-03-31,monthly,HOLLYWOOD CASINO - RETAIL,Hollywood Casino,Caesars,PENN Entertainment,retail,,156786461,14634040,,,14634040.0,,1463404.0,,0.09333739601406017,31,False,False,SW_Monthly_Financials_0526_.xlsx,MONTHLY STATS RETAIL,66.0,,,,https://www.mgc.dps.mo.gov/SportsWagering/sw_financials/FY26_SWFinReport/05_May/SW Monthly Financials 0526 .xlsx,https://www.mgc.dps.mo.gov/SportsWagering/sw_financials/rb_SWFin_main.html,MO/screenshots/MO_2026_07_SW_Monthly_Financials_0526_.png,2026-03-01 00:00:00 | 11700 | 1567864.61 | 1421524.21 | 146340.40000000014 | 14634.040000000015,"{""headers"": [""LICENSEE"", ""MO/YR"", ""WAGERS"", ""HANDLE"", """", ""DEDUCTIONS"", """", ""TAXABLE AGR"", ""WAGERING TAX""], ""rows"": [["""", ""2026-01-01 00:00:00"", ""9908"", ""896340.26"", """", ""759399.61"", """", ""136940.65000000002"", ""13694.065000000002""], ["""", ""2026-02-01 00:00:00"", ""8937"", ""1004486.11"", """", ""922847.83"", """", ""81638.28000000003"", ""8163.828000000003""], ["""", ""2026-03-01 00:00:00"", ""11700"", ""1567864.61"", """", ""1421524.21"", """", ""146340.40000000014"", ""14634.040000000015""], ["""", ""2026-04-01 00:00:00"", ""8171"", ""594294.95"", """", ""529499.87"", """", ""64795.07999999996"", ""6479.507999999996""], ["""", ""2026-05-01 00:00:00"", ""9152"", ""811377.35"", """", ""722111.47"", """", ""89265.88"", ""8926.588000000002""]], ""highlight"": 2}",2026-07-08T17:32:50.343461
MO,2026-02-01,2026-02-28,monthly,HOLLYWOOD CASINO - RETAIL,Hollywood Casino,Caesars,PENN Entertainment,retail,,100448611,8163828,,,8163828.0,,816383.0,,0.0812736773433333,28,False,False,SW_Monthly_Financials_0526_.xlsx,MONTHLY STATS RETAIL,65.0,,,,https://www.mgc.dps.mo.gov/SportsWagering/sw_financials/FY26_SWFinReport/05_May/SW Monthly Financials 0526 .xlsx,https://www.mgc.dps.mo.gov/SportsWagering/sw_financials/rb_SWFin_main.html,MO/screenshots/MO_2026_07_SW_Monthly_Financials_0526_.png,2026-02-01 00:00:00 | 8937 | 1004486.11 | 922847.83 | 81638.28000000003 | 8163.828000000003,"{""headers"": [""LICENSEE"", ""MO/YR"", ""WAGERS"", ""HANDLE"", """", ""DEDUCTIONS"", """", ""TAXABLE AGR"", ""WAGERING TAX""], ""rows"": [[""HOLLYWOOD CASINO - RETAIL"", ""2025-12-01 00:00:00"", ""8354"", ""633078.27"", """", ""474107.91"", """", ""158970.36000000004"", ""15897.036000000006""], ["""", ""2026-01-01 00:00:00"", ""9908"", ""896340.26"", """", ""759399.61"", """", ""136940.65000000002"", ""13694.065000000002""], ["""", ""2026-02-01 00:00:00"", ""8937"", ""1004486.11"", """", ""922847.83"", """", ""81638.28000000003"", ""8163.828000000003""], ["""", ""2026-03-01 00:00:00"", ""11700"", ""1567864.61"", """", ""1421524.21"", """", ""146340.40000000014"", ""14634.040000000015""], ["""", ""2026-04-01 00:00:00"", ""8171"", ""594294.95"", """", ""529499.87"", """", ""64795.07999999996"", ""6479.507999999996""]], ""highlight"": 2}",2026-07-08T17:32:50.343461
MO,2026-01-01,2026-01-31,monthly,HOLLYWOOD CASINO - RETAIL,Hollywood Casino,Caesars,PENN Entertainment,retail,,89634026,13694065,,,13694065.0,,1369407.0,,0.1527775289263477,31,False,False,SW_Monthly_Financials_0526_.xlsx,MONTHLY STATS RETAIL,64.0,,,,https://www.mgc.dps.mo.gov/SportsWagering/sw_financials/FY26_SWFinReport/05_May/SW Monthly Financials 0526 .xlsx,https://www.mgc.dps.mo.gov/SportsWagering/sw_financials/rb_SWFin_main.html,MO/screenshots/MO_2026_07_SW_Monthly_Financials_0526_.png,2026-01-01 00:00:00 | 9908 | 896340.26 | 759399.61 | 136940.65000000002 | 13694.065000000002,"{""headers"": [""LICENSEE"", ""MO/YR"", ""WAGERS"", ""HANDLE"", """", ""DEDUCTIONS"", """", ""TAXABLE AGR"", ""WAGERING TAX""], ""rows"": [["""", """", """", """", """", """", """", """", """"], [""HOLLYWOOD CASINO - RETAIL"", ""2025-12-01 00:00:00"", ""8354"", ""633078.27"", """", ""474107.91"", """", ""158970.36000000004"", ""15897.036000000006""], ["""", ""2026-01-01 00:00:00"", ""9908"", ""896340.26"", """", ""759399.61"", """", ""136940.65000000002"", ""13694.065000000002""], ["""", ""2026-02-01 00:00:00"", ""8937"", ""1004486.11"", """", ""922847.83"", """", ""81638.28000000003"", ""8163.828000000003""], ["""", ""2026-03-01 00:00:00"", ""11700"", ""1567864.61"", """", ""1421524.21"", """", ""146340.40000000014"", ""14634.040000000015""]], ""highlight"": 2}",2026-07-08T17:32:50.343461
MO,2025-12-01,2025-12-31,monthly,HOLLYWOOD CASINO - RETAIL,Hollywood Casino,Caesars,PENN Entertainment,retail,,63307827,15897036,,,15897036.0,,1589704.0,,0.2511069602815462,31,False,False,SW_Monthly_Financials_0526_.xlsx,MONTHLY STATS RETAIL,63.0,,,,https://www.mgc.dps.mo.gov/SportsWagering/sw_financials/FY26_SWFinReport/05_May/SW Monthly Financials 0526 .xlsx,https://www.mgc.dps.mo.gov/SportsWagering/sw_financials/rb_SWFin_main.html,MO/screenshots/MO_2026_07_SW_Monthly_Financials_0526_.png,HOLLYWOOD CASINO - RETAIL | 2025-12-01 00:00:00 | 8354 | 633078.27 | 474107.91 | 158970.36000000004 | 15897.036000000006,"{""headers"": [""LICENSEE"", ""MO/YR"", ""WAGERS"", ""HANDLE"", """", ""DEDUCTIONS"", """", ""TAXABLE AGR"", ""WAGERING TAX""], ""rows"": [[""TOTALS:"", """", ""39409"", ""3594146.6100000003"", """", ""3199042.19"", """", ""395104.4199999999"", ""41567.045""], ["""", """", """", """", """", """", """", """", """"], [""HOLLYWOOD CASINO - RETAIL"", ""2025-12-01 00:00:00"", ""8354"", ""633078.27"", """", ""474107.91"", """", ""158970.36000000004"", ""15897.036000000006""], ["""", ""2026-01-01 00:00:00"", ""9908"", ""896340.26"", """", ""759399.61"", """", ""136940.65000000002"", ""13694.065000000002""], ["""", ""2026-02-01 00:00:00"", ""8937"", ""1004486.11"", """", ""922847.83"", """", ""81638.28000000003"", ""8163.828000000003""]], ""highlight"": 2}",2026-07-08T17:32:50.343461
MO,2026-03-01,2026-03-31,monthly,CENTURY CASINO CAPE GIRARDEAU - RETAIL,Century Casino,Century Casino,Century Casinos,retail,,69018790,-7952457,,,-7952457.0,,0.0,,-0.11522162298122005,31,False,False,SW_Monthly_Financials_0526_.xlsx,MONTHLY STATS RETAIL,39.0,,,,https://www.mgc.dps.mo.gov/SportsWagering/sw_financials/FY26_SWFinReport/05_May/SW Monthly Financials 0526 .xlsx,https://www.mgc.dps.mo.gov/SportsWagering/sw_financials/rb_SWFin_main.html,MO/screenshots/MO_2026_07_SW_Monthly_Financials_0526_.png,2026-03-01 00:00:00 | 1873 | 690187.9 | 769712.47 | -79524.56999999995 | 0,"{""headers"": [""LICENSEE"", ""MO/YR"", ""WAGERS"", ""HANDLE"", """", ""DEDUCTIONS"", """", ""TAXABLE AGR"", ""WAGERING TAX""], ""rows"": [["""", ""2026-01-01 00:00:00"", ""1956"", ""985146.75"", """", ""1213631.04"", """", ""-228484.29000000004"", ""0""], ["""", ""2026-02-01 00:00:00"", ""1463"", ""501256.6"", """", ""635574.61"", """", ""-134318.01"", ""0""], ["""", ""2026-03-01 00:00:00"", ""1873"", ""690187.9"", """", ""769712.47"", """", ""-79524.56999999995"", ""0""], ["""", ""2026-04-01 00:00:00"", ""1168"", ""550447.85"", """", ""519415.94"", """", ""31031.909999999974"", ""3103.1909999999975""], ["""", ""2026-05-01 00:00:00"", ""920"", ""357359.3"", """", ""313909.42"", """", ""43449.880000000005"", ""4344.988""]], ""highlight"": 2}",2026-07-08T17:32:50.343461
MO,2026-04-01,2026-04-30,monthly,CENTURY CASINO CAPE GIRARDEAU - RETAIL,Century Casino,Century Casino,Century Casinos,retail,,55044785,3103191,,,3103191.0,,310319.0,,0.05637574931031159,30,False,False,SW_Monthly_Financials_0526_.xlsx,MONTHLY STATS RETAIL,40.0,,,,https://www.mgc.dps.mo.gov/SportsWagering/sw_financials/FY26_SWFinReport/05_May/SW Monthly Financials 0526 .xlsx,https://www.mgc.dps.mo.gov/SportsWagering/sw_financials/rb_SWFin_main.html,MO/screenshots/MO_2026_07_SW_Monthly_Financials_0526_.png,2026-04-01 00:00:00 | 1168 | 550447.85 | 519415.94 | 31031.909999999974 | 3103.1909999999975,"{""headers"": [""LICENSEE"", ""MO/YR"", ""WAGERS"", ""HANDLE"", """", ""DEDUCTIONS"", """", ""TAXABLE AGR"", ""WAGERING TAX""], ""rows"": [["""", ""2026-02-01 00:00:00"", ""1463"", ""501256.6"", """", ""635574.61"", """", ""-134318.01"", ""0""], ["""", ""2026-03-01 00:00:00"", ""1873"", ""690187.9"", """", ""769712.47"", """", ""-79524.56999999995"", ""0""], ["""", ""2026-04-01 00:00:00"", ""1168"", ""550447.85"", """", ""519415.94"", """", ""31031.909999999974"", ""3103.1909999999975""], ["""", ""2026-05-01 00:00:00"", ""920"", ""357359.3"", """", ""313909.42"", """", ""43449.880000000005"", ""4344.988""], ["""", """", """", """", """", """", """", """", """"]], ""highlight"": 2}",2026-07-08T17:32:50.343461
MO,2026-05-01,2026-05-31,monthly,CENTURY CASINO CAPE GIRARDEAU - RETAIL,Century Casino,Century Casino,Century Casinos,retail,,35735930,4344988,4481835.0,0.0,4344988.0,31004095.0,434499.0,136847.0,0.12158597803387235,31,False,False,SW_Monthly_Financials_0526_.xlsx,MONTHLY STATS RETAIL,41.0,,,,https://www.mgc.dps.mo.gov/SportsWagering/sw_financials/FY26_SWFinReport/05_May/SW Monthly Financials 0526 .xlsx,https://www.mgc.dps.mo.gov/SportsWagering/sw_financials/rb_SWFin_main.html,MO/screenshots/MO_2026_07_SW_Monthly_Financials_0526_.png,2026-05-01 00:00:00 | 920 | 357359.3 | 313909.42 | 43449.880000000005 | 4344.988,"{""headers"": [""LICENSEE"", ""MO/YR"", ""WAGERS"", ""HANDLE"", """", ""DEDUCTIONS"", """", ""TAXABLE AGR"", ""WAGERING TAX""], ""rows"": [["""", ""2026-03-01 00:00:00"", ""1873"", ""690187.9"", """", ""769712.47"", """", ""-79524.56999999995"", ""0""], ["""", ""2026-04-01 00:00:00"", ""1168"", ""550447.85"", """", ""519415.94"", """", ""31031.909999999974"", ""3103.1909999999975""], ["""", ""2026-05-01 00:00:00"", ""920"", ""357359.3"", """", ""313909.42"", """", ""43449.880000000005"", ""4344.988""], ["""", """", """", """", """", """", """", """", """"], [""TOTALS:"", """", ""9369"", ""3727843.5999999996"", """", ""3949671.53"", """", ""-221827.93000000005"", ""22049.893999999997""]], ""highlight"": 2}",2026-07-08T17:32:50.343461
MO,2025-12-01,2025-12-31,monthly,FANATICS-AMERISTAR KC - RETAIL,Fanatics (Ameristar KC),Fanatics,Fanatics Inc,retail,,33304198,10941162,,,10941162.0,,1094116.0,,0.3285220079462655,31,False,False,SW_Monthly_Financials_0526_.xlsx,MONTHLY STATS RETAIL,45.0,,,,https://www.mgc.dps.mo.gov/SportsWagering/sw_financials/FY26_SWFinReport/05_May/SW Monthly Financials 0526 .xlsx,https://www.mgc.dps.mo.gov/SportsWagering/sw_financials/rb_SWFin_main.html,MO/screenshots/MO_2026_07_SW_Monthly_Financials_0526_.png,FANATICS-AMERISTAR KC - RETAIL | 2025-12-01 00:00:00 | 6354 | 333041.98 | 223630.36 | 109411.62 | 10941.162,"{""headers"": [""LICENSEE"", ""MO/YR"", ""WAGERS"", ""HANDLE"", """", ""DEDUCTIONS"", """", ""TAXABLE AGR"", ""WAGERING TAX""], ""rows"": [[""TOTALS:"", """", ""9369"", ""3727843.5999999996"", """", ""3949671.53"", """", ""-221827.93000000005"", ""22049.893999999997""], ["""", """", """", """", """", """", """", """", """"], [""FANATICS-AMERISTAR KC - RETAIL"", ""2025-12-01 00:00:00"", ""6354"", ""333041.98"", """", ""223630.36"", """", ""109411.62"", ""10941.162""], ["""", ""2026-01-01 00:00:00"", ""6240"", ""277097.3"", """", ""207039.03"", """", ""70058.26999999999"", ""7005.826999999999""], ["""", ""2026-02-01 00:00:00"", ""4612"", ""270887.78"", """", ""199958.35"", """", ""70929.43000000002"", ""7092.943000000003""]], ""highlight"": 2}",2026-07-08T17:32:50.343461
MO,2026-01-01,2026-01-31,monthly,FANATICS-AMERISTAR KC - RETAIL,Fanatics (Ameristar KC),Fanatics,Fanatics Inc,retail,,27709730,7005827,,,7005827.0,,700583.0,,0.2528291325826704,31,False,False,SW_Monthly_Financials_0526_.xlsx,MONTHLY STATS RETAIL,46.0,,,,https://www.mgc.dps.mo.gov/SportsWagering/sw_financials/FY26_SWFinReport/05_May/SW Monthly Financials 0526 .xlsx,https://www.mgc.dps.mo.gov/SportsWagering/sw_financials/rb_SWFin_main.html,MO/screenshots/MO_2026_07_SW_Monthly_Financials_0526_.png,2026-01-01 00:00:00 | 6240 | 277097.3 | 207039.03 | 70058.26999999999 | 7005.826999999999,"{""headers"": [""LICENSEE"", ""MO/YR"", ""WAGERS"", ""HANDLE"", """", ""DEDUCTIONS"", """", ""TAXABLE AGR"", ""WAGERING TAX""], ""rows"": [["""", """", """", """", """", """", """", """", """"], [""FANATICS-AMERISTAR KC - RETAIL"", ""2025-12-01 00:00:00"", ""6354"", ""333041.98"", """", ""223630.36"", """", ""109411.62"", ""10941.162""], ["""", ""2026-01-01 00:00:00"", ""6240"", ""277097.3"", """", ""207039.03"", """", ""70058.26999999999"", ""7005.826999999999""], ["""", ""2026-02-01 00:00:00"", ""4612"", ""270887.78"", """", ""199958.35"", """", ""70929.43000000002"", ""7092.943000000003""], ["""", ""2026-03-01 00:00:00"", ""7443"", ""360071.97"", """", ""306046.14"", """", ""54025.82999999996"", ""5402.582999999996""]], ""highlight"": 2}",2026-07-08T17:32:50.343461
MO,2026-02-01,2026-02-28,monthly,FANATICS-AMERISTAR KC - RETAIL,Fanatics (Ameristar KC),Fanatics,Fanatics Inc,retail,,27088778,7092943,,,7092943.0,,709294.0,,0.26184064116882644,28,False,False,SW_Monthly_Financials_0526_.xlsx,MONTHLY STATS RETAIL,47.0,,,,https://www.mgc.dps.mo.gov/SportsWagering/sw_financials/FY26_SWFinReport/05_May/SW Monthly Financials 0526 .xlsx,https://www.mgc.dps.mo.gov/SportsWagering/sw_financials/rb_SWFin_main.html,MO/screenshots/MO_2026_07_SW_Monthly_Financials_0526_.png,2026-02-01 00:00:00 | 4612 | 270887.78 | 199958.35 | 70929.43000000002 | 7092.943000000003,"{""headers"": [""LICENSEE"", ""MO/YR"", ""WAGERS"", ""HANDLE"", """", ""DEDUCTIONS"", """", ""TAXABLE AGR"", ""WAGERING TAX""], ""rows"": [[""FANATICS-AMERISTAR KC - RETAIL"", ""2025-12-01 00:00:00"", ""6354"", ""333041.98"", """", ""223630.36"", """", ""109411.62"", ""10941.162""], ["""", ""2026-01-01 00:00:00"", ""6240"", ""277097.3"", """", ""207039.03"", """", ""70058.26999999999"", ""7005.826999999999""], ["""", ""2026-02-01 00:00:00"", ""4612"", ""270887.78"", """", ""199958.35"", """", ""70929.43000000002"", ""7092.943000000003""], ["""", ""2026-03-01 00:00:00"", ""7443"", ""360071.97"", """", ""306046.14"", """", ""54025.82999999996"", ""5402.582999999996""], ["""", ""2026-04-01 00:00:00"", ""4605"", ""239373.64"", """", ""209947.24"", """", ""29426.400000000023"", ""2942.6400000000026""]], ""highlight"": 2}",2026-07-08T17:32:50.343461
MO,2026-03-01,2026-03-31,monthly,FANATICS-AMERISTAR KC - RETAIL,Fanatics (Ameristar KC),Fanatics,Fanatics Inc,retail,,36007197,5402583,,,5402583.0,,540258.0,,0.15004175415264898,31,False,False,SW_Monthly_Financials_0526_.xlsx,MONTHLY STATS RETAIL,48.0,,,,https://www.mgc.dps.mo.gov/SportsWagering/sw_financials/FY26_SWFinReport/05_May/SW Monthly Financials 0526 .xlsx,https://www.mgc.dps.mo.gov/SportsWagering/sw_financials/rb_SWFin_main.html,MO/screenshots/MO_2026_07_SW_Monthly_Financials_0526_.png,2026-03-01 00:00:00 | 7443 | 360071.97 | 306046.14 | 54025.82999999996 | 5402.582999999996,"{""headers"": [""LICENSEE"", ""MO/YR"", ""WAGERS"", ""HANDLE"", """", ""DEDUCTIONS"", """", ""TAXABLE AGR"", ""WAGERING TAX""], ""rows"": [["""", ""2026-01-01 00:00:00"", ""6240"", ""277097.3"", """", ""207039.03"", """", ""70058.26999999999"", ""7005.826999999999""], ["""", ""2026-02-01 00:00:00"", ""4612"", ""270887.78"", """", ""199958.35"", """", ""70929.43000000002"", ""7092.943000000003""], ["""", ""2026-03-01 00:00:00"", ""7443"", ""360071.97"", """", ""306046.14"", """", ""54025.82999999996"", ""5402.582999999996""], ["""", ""2026-04-01 00:00:00"", ""4605"", ""239373.64"", """", ""209947.24"", """", ""29426.400000000023"", ""2942.6400000000026""], ["""", ""2026-05-01 00:00:00"", ""5872"", ""315336.84"", """", ""259597.3"", """", ""55739.54000000004"", ""5573.954000000004""]], ""highlight"": 2}",2026-07-08T17:32:50.343461
MO,2026-04-01,2026-04-30,monthly,FANATICS-AMERISTAR KC - RETAIL,Fanatics (Ameristar KC),Fanatics,Fanatics Inc,retail,,23937364,2942640,,,2942640.0,,294264.0,,0.12293082897515366,30,False,False,SW_Monthly_Financials_0526_.xlsx,MONTHLY STATS RETAIL,49.0,,,,https://www.mgc.dps.mo.gov/SportsWagering/sw_financials/FY26_SWFinReport/05_May/SW Monthly Financials 0526 .xlsx,https://www.mgc.dps.mo.gov/SportsWagering/sw_financials/rb_SWFin_main.html,MO/screenshots/MO_2026_07_SW_Monthly_Financials_0526_.png,2026-04-01 00:00:00 | 4605 | 239373.64 | 209947.24 | 29426.400000000023 | 2942.6400000000026,"{""headers"": [""LICENSEE"", ""MO/YR"", ""WAGERS"", ""HANDLE"", """", ""DEDUCTIONS"", """", ""TAXABLE AGR"", ""WAGERING TAX""], ""rows"": [["""", ""2026-02-01 00:00:00"", ""4612"", ""270887.78"", """", ""199958.35"", """", ""70929.43000000002"", ""7092.943000000003""], ["""", ""2026-03-01 00:00:00"", ""7443"", ""360071.97"", """", ""306046.14"", """", ""54025.82999999996"", ""5402.582999999996""], ["""", ""2026-04-01 00:00:00"", ""4605"", ""239373.64"", """", ""209947.24"", """", ""29426.400000000023"", ""2942.6400000000026""], ["""", ""2026-05-01 00:00:00"", ""5872"", ""315336.84"", """", ""259597.3"", """", ""55739.54000000004"", ""5573.954000000004""], ["""", """", """", """", """", """", """", """", """"]], ""highlight"": 2}",2026-07-08T17:32:50.343461
MO,2026-05-01,2026-05-31,monthly,FANATICS-AMERISTAR KC - RETAIL,Fanatics (Ameristar KC),Fanatics,Fanatics Inc,retail,,31533684,5573954,,,5573954.0,,557395.0,,0.17676190323972296,31,False,False,SW_Monthly_Financials_0526_.xlsx,MONTHLY STATS RETAIL,50.0,,,,https://www.mgc.dps.mo.gov/SportsWagering/sw_financials/FY26_SWFinReport/05_May/SW Monthly Financials 0526 .xlsx,https://www.mgc.dps.mo.gov/SportsWagering/sw_financials/rb_SWFin_main.html,MO/screenshots/MO_2026_07_SW_Monthly_Financials_0526_.png,2026-05-01 00:00:00 | 5872 | 315336.84 | 259597.3 | 55739.54000000004 | 5573.954000000004,"{""headers"": [""LICENSEE"", ""MO/YR"", ""WAGERS"", ""HANDLE"", """", ""DEDUCTIONS"", """", ""TAXABLE AGR"", ""WAGERING TAX""], ""rows"": [["""", ""2026-03-01 00:00:00"", ""7443"", ""360071.97"", """", ""306046.14"", """", ""54025.82999999996"", ""5402.582999999996""], ["""", ""2026-04-01 00:00:00"", ""4605"", ""239373.64"", """", ""209947.24"", """", ""29426.400000000023"", ""2942.6400000000026""], ["""", ""2026-05-01 00:00:00"", ""5872"", ""315336.84"", """", ""259597.3"", """", ""55739.54000000004"", ""5573.954000000004""], ["""", """", """", """", """", """", """", """", """"], [""TOTALS:"", """", ""35126"", ""1795809.51"", """", ""1406218.4200000002"", """", ""389591.09"", ""38959.109000000004""]], ""highlight"": 2}",2026-07-08T17:32:50.343461
MO,2025-12-01,2025-12-31,monthly,FANATICS - AMERISTAR SC - RETAIL,Fanatics (Ameristar SC),Fanatics,Fanatics Inc,retail,,82714670,13609369,,,13609369.0,,1360937.0,,0.16453392125000318,31,False,False,SW_Monthly_Financials_0526_.xlsx,MONTHLY STATS RETAIL,54.0,,,,https://www.mgc.dps.mo.gov/SportsWagering/sw_financials/FY26_SWFinReport/05_May/SW Monthly Financials 0526 .xlsx,https://www.mgc.dps.mo.gov/SportsWagering/sw_financials/rb_SWFin_main.html,MO/screenshots/MO_2026_07_SW_Monthly_Financials_0526_.png,FANATICS - AMERISTAR SC - RETAIL | 2025-12-01 00:00:00 | 8463 | 827146.7 | 691053.01 | 136093.68999999994 | 13609.368999999995,"{""headers"": [""LICENSEE"", ""MO/YR"", ""WAGERS"", ""HANDLE"", """", ""DEDUCTIONS"", """", ""TAXABLE AGR"", ""WAGERING TAX""], ""rows"": [[""TOTALS:"", """", ""35126"", ""1795809.51"", """", ""1406218.4200000002"", """", ""389591.09"", ""38959.109000000004""], ["""", """", """", """", """", """", """", """", """"], [""FANATICS - AMERISTAR SC - RETAIL"", ""2025-12-01 00:00:00"", ""8463"", ""827146.7"", """", ""691053.01"", """", ""136093.68999999994"", ""13609.368999999995""], ["""", ""2026-01-01 00:00:00"", ""7602"", ""552354.89"", """", ""506664.5"", """", ""45690.390000000014"", ""4569.039000000002""], ["""", ""2026-02-01 00:00:00"", ""5249"", ""426010.36"", """", ""446576.39"", """", ""-20566.030000000028"", ""0""]], ""highlight"": 2}",2026-07-08T17:32:50.343461
MO,2026-01-01,2026-01-31,monthly,FANATICS - AMERISTAR SC - RETAIL,Fanatics (Ameristar SC),Fanatics,Fanatics Inc,retail,,55235489,4569039,,,4569039.0,,456904.0,,0.0827192640586562,31,False,False,SW_Monthly_Financials_0526_.xlsx,MONTHLY STATS RETAIL,55.0,,,,https://www.mgc.dps.mo.gov/SportsWagering/sw_financials/FY26_SWFinReport/05_May/SW Monthly Financials 0526 .xlsx,https://www.mgc.dps.mo.gov/SportsWagering/sw_financials/rb_SWFin_main.html,MO/screenshots/MO_2026_07_SW_Monthly_Financials_0526_.png,2026-01-01 00:00:00 | 7602 | 552354.89 | 506664.5 | 45690.390000000014 | 4569.039000000002,"{""headers"": [""LICENSEE"", ""MO/YR"", ""WAGERS"", ""HANDLE"", """", ""DEDUCTIONS"", """", ""TAXABLE AGR"", ""WAGERING TAX""], ""rows"": [["""", """", """", """", """", """", """", """", """"], [""FANATICS - AMERISTAR SC - RETAIL"", ""2025-12-01 00:00:00"", ""8463"", ""827146.7"", """", ""691053.01"", """", ""136093.68999999994"", ""13609.368999999995""], ["""", ""2026-01-01 00:00:00"", ""7602"", ""552354.89"", """", ""506664.5"", """", ""45690.390000000014"", ""4569.039000000002""], ["""", ""2026-02-01 00:00:00"", ""5249"", ""426010.36"", """", ""446576.39"", """", ""-20566.030000000028"", ""0""], ["""", ""2026-03-01 00:00:00"", ""6001"", ""645838.97"", """", ""591208.67"", """", ""54630.29999999993"", ""5463.029999999993""]], ""highlight"": 2}",2026-07-08T17:32:50.343461
MO,2026-02-01,2026-02-28,monthly,FANATICS - AMERISTAR SC - RETAIL,Fanatics (Ameristar SC),Fanatics,Fanatics Inc,retail,,42601036,-2056603,,,-2056603.0,,0.0,,-0.04827589169427711,28,False,False,SW_Monthly_Financials_0526_.xlsx,MONTHLY STATS RETAIL,56.0,,,,https://www.mgc.dps.mo.gov/SportsWagering/sw_financials/FY26_SWFinReport/05_May/SW Monthly Financials 0526 .xlsx,https://www.mgc.dps.mo.gov/SportsWagering/sw_financials/rb_SWFin_main.html,MO/screenshots/MO_2026_07_SW_Monthly_Financials_0526_.png,2026-02-01 00:00:00 | 5249 | 426010.36 | 446576.39 | -20566.030000000028 | 0,"{""headers"": [""LICENSEE"", ""MO/YR"", ""WAGERS"", ""HANDLE"", """", ""DEDUCTIONS"", """", ""TAXABLE AGR"", ""WAGERING TAX""], ""rows"": [[""FANATICS - AMERISTAR SC - RETAIL"", ""2025-12-01 00:00:00"", ""8463"", ""827146.7"", """", ""691053.01"", """", ""136093.68999999994"", ""13609.368999999995""], ["""", ""2026-01-01 00:00:00"", ""7602"", ""552354.89"", """", ""506664.5"", """", ""45690.390000000014"", ""4569.039000000002""], ["""", ""2026-02-01 00:00:00"", ""5249"", ""426010.36"", """", ""446576.39"", """", ""-20566.030000000028"", ""0""], ["""", ""2026-03-01 00:00:00"", ""6001"", ""645838.97"", """", ""591208.67"", """", ""54630.29999999993"", ""5463.029999999993""], ["""", ""2026-04-01 00:00:00"", ""6204"", ""486967.18"", """", ""436905.18"", """", ""50062"", ""5006.200000000001""]], ""highlight"": 2}",2026-07-08T17:32:50.343461
MO,2026-03-01,2026-03-31,monthly,FANATICS - AMERISTAR SC - RETAIL,Fanatics (Ameristar SC),Fanatics,Fanatics Inc,retail,,64583897,5463030,,,5463030.0,,546303.0,,0.0845881133496791,31,False,False,SW_Monthly_Financials_0526_.xlsx,MONTHLY STATS RETAIL,57.0,,,,https://www.mgc.dps.mo.gov/SportsWagering/sw_financials/FY26_SWFinReport/05_May/SW Monthly Financials 0526 .xlsx,https://www.mgc.dps.mo.gov/SportsWagering/sw_financials/rb_SWFin_main.html,MO/screenshots/MO_2026_07_SW_Monthly_Financials_0526_.png,2026-03-01 00:00:00 | 6001 | 645838.97 | 591208.67 | 54630.29999999993 | 5463.029999999993,"{""headers"": [""LICENSEE"", ""MO/YR"", ""WAGERS"", ""HANDLE"", """", ""DEDUCTIONS"", """", ""TAXABLE AGR"", ""WAGERING TAX""], ""rows"": [["""", ""2026-01-01 00:00:00"", ""7602"", ""552354.89"", """", ""506664.5"", """", ""45690.390000000014"", ""4569.039000000002""], ["""", ""2026-02-01 00:00:00"", ""5249"", ""426010.36"", """", ""446576.39"", """", ""-20566.030000000028"", ""0""], ["""", ""2026-03-01 00:00:00"", ""6001"", ""645838.97"", """", ""591208.67"", """", ""54630.29999999993"", ""5463.029999999993""], ["""", ""2026-04-01 00:00:00"", ""6204"", ""486967.18"", """", ""436905.18"", """", ""50062"", ""5006.200000000001""], ["""", ""2026-05-01 00:00:00"", ""5890"", ""655828.51"", """", ""526634.44"", """", ""129194.07000000007"", ""12919.407000000007""]], ""highlight"": 2}",2026-07-08T17:32:50.343461
MO,2026-04-01,2026-04-30,monthly,FANATICS - AMERISTAR SC - RETAIL,Fanatics (Ameristar SC),Fanatics,Fanatics Inc,retail,,48696718,5006200,,,5006200.0,,500620.0,,0.10280364274241233,30,False,False,SW_Monthly_Financials_0526_.xlsx,MONTHLY STATS RETAIL,58.0,,,,https://www.mgc.dps.mo.gov/SportsWagering/sw_financials/FY26_SWFinReport/05_May/SW Monthly Financials 0526 .xlsx,https://www.mgc.dps.mo.gov/SportsWagering/sw_financials/rb_SWFin_main.html,MO/screenshots/MO_2026_07_SW_Monthly_Financials_0526_.png,2026-04-01 00:00:00 | 6204 | 486967.18 | 436905.18 | 50062 | 5006.200000000001,"{""headers"": [""LICENSEE"", ""MO/YR"", ""WAGERS"", ""HANDLE"", """", ""DEDUCTIONS"", """", ""TAXABLE AGR"", ""WAGERING TAX""], ""rows"": [["""", ""2026-02-01 00:00:00"", ""5249"", ""426010.36"", """", ""446576.39"", """", ""-20566.030000000028"", ""0""], ["""", ""2026-03-01 00:00:00"", ""6001"", ""645838.97"", """", ""591208.67"", """", ""54630.29999999993"", ""5463.029999999993""], ["""", ""2026-04-01 00:00:00"", ""6204"", ""486967.18"", """", ""436905.18"", """", ""50062"", ""5006.200000000001""], ["""", ""2026-05-01 00:00:00"", ""5890"", ""655828.51"", """", ""526634.44"", """", ""129194.07000000007"", ""12919.407000000007""], ["""", """", """", """", """", """", """", """", """"]], ""highlight"": 2}",2026-07-08T17:32:50.343461
MO,2026-05-01,2026-05-31,monthly,FANATICS - AMERISTAR SC - RETAIL,Fanatics (Ameristar SC),Fanatics,Fanatics Inc,retail,,65582851,12919407,,,12919407.0,,1291941.0,,0.19699367750877436,31,False,False,SW_Monthly_Financials_0526_.xlsx,MONTHLY STATS RETAIL,59.0,,,,https://www.mgc.dps.mo.gov/SportsWagering/sw_financials/FY26_SWFinReport/05_May/SW Monthly Financials 0526 .xlsx,https://www.mgc.dps.mo.gov/SportsWagering/sw_financials/rb_SWFin_main.html,MO/screenshots/MO_2026_07_SW_Monthly_Financials_0526_.png,2026-05-01 00:00:00 | 5890 | 655828.51 | 526634.44 | 129194.07000000007 | 12919.407000000007,"{""headers"": [""LICENSEE"", ""MO/YR"", ""WAGERS"", ""HANDLE"", """", ""DEDUCTIONS"", """", ""TAXABLE AGR"", ""WAGERING TAX""], ""rows"": [["""", ""2026-03-01 00:00:00"", ""6001"", ""645838.97"", """", ""591208.67"", """", ""54630.29999999993"", ""5463.029999999993""], ["""", ""2026-04-01 00:00:00"", ""6204"", ""486967.18"", """", ""436905.18"", """", ""50062"", ""5006.200000000001""], ["""", ""2026-05-01 00:00:00"", ""5890"", ""655828.51"", """", ""526634.44"", """", ""129194.07000000007"", ""12919.407000000007""], ["""", """", """", """", """", """", """", """", """"], [""TOTALS:"", """", ""39409"", ""3594146.6100000003"", """", ""3199042.19"", """", ""395104.4199999999"", ""41567.045""]], ""highlight"": 2}",2026-07-08T17:32:50.343461
MO,2025-12-01,2025-12-31,monthly,ALL,TOTAL,TOTAL,,online,other,3401521968,276742610,276742610.0,,,3124779358.0,,,0.08135846618174773,31,False,False,SW_Monthly_Financials_1225.xls,SPORT DETAIL MOBILE,,,,,https://www.mgc.dps.mo.gov/SportsWagering/sw_financials/FY26_SWFinReport/12_Dec/SW Monthly Financials 1225.xls,https://www.mgc.dps.mo.gov/SportsWagering/sw_financials/rb_SWFin_main.html,,,,2026-07-08T17:32:59.556278
