state_code,period_start,period_end,period_type,operator_raw,operator_reported,operator_standard,parent_company,channel,sport_category,handle,gross_revenue,standard_ggr,promo_credits,net_revenue,payouts,tax_paid,federal_excise_tax,hold_pct,days_in_period,is_partial_period,data_is_revised,source_file,source_sheet,source_row,source_column,source_page,source_table_index,source_url,source_report_url,source_screenshot,source_raw_line,source_context,scrape_timestamp
VA,2026-02-01,2026-02-28,monthly,ALL,TOTAL,TOTAL,,online,,57155780700,5346424200.0,5670487500,0.0,5346424200.0,51485293200,800999901.0,,0.093541267996362,28,False,False,https://www.valottery.com/api/v1/latestwinners,,,,,,,https://www.valottery.com/aboutus/casinosandsportsbetting/sportsbetting,,"Mobile Operators | Casino Retail Activity | Total | Feb-26 | Gross sports gaming revenues | $571,557,807 | $3,041,333 | $574,599,139 | Gross winnings | ($514,852,932) | ($2,678,709) | ($517,531,641) | Allowable Bonuses and Promotions | $0 | $0 | $0 | Other deductions | ($3,240,633) | ($17,700) | ($3,258,333) | AGR (Adjusted Gross Revenue) | $53,464,242 | $344,924 | $53,809,165","{""headers"": ["""", ""Mobile Operators"", ""Casino Retail Activity"", ""TotalFeb-26""], ""rows"": [[""Gross sports gaming revenues"", ""$571,557,807"", ""$3,041,333"", ""$574,599,139""], [""Gross winnings"", ""($514,852,932)"", ""($2,678,709)"", ""($517,531,641)""], [""Allowable Bonuses and Promotions"", ""$0"", ""$0"", ""$0""], [""Other deductions"", ""($3,240,633)"", ""($17,700)"", ""($3,258,333)""], [""AGR (Adjusted Gross Revenue)"", ""$53,464,242"", ""$344,924"", ""$53,809,165""]], ""highlight"": null}",2026-04-01T21:32:43.447738
VA,2026-02-01,2026-02-28,monthly,ALL,TOTAL,TOTAL,,retail,,304133300,34492400.0,36262400,0.0,34492400.0,267870900,5167643.0,,0.1134121123862464,28,False,False,https://www.valottery.com/api/v1/latestwinners,,,,,,,https://www.valottery.com/aboutus/casinosandsportsbetting/sportsbetting,,"Mobile Operators | Casino Retail Activity | Total | Feb-26 | Gross sports gaming revenues | $571,557,807 | $3,041,333 | $574,599,139 | Gross winnings | ($514,852,932) | ($2,678,709) | ($517,531,641) | Allowable Bonuses and Promotions | $0 | $0 | $0 | Other deductions | ($3,240,633) | ($17,700) | ($3,258,333) | AGR (Adjusted Gross Revenue) | $53,464,242 | $344,924 | $53,809,165","{""headers"": ["""", ""Mobile Operators"", ""Casino Retail Activity"", ""TotalFeb-26""], ""rows"": [[""Gross sports gaming revenues"", ""$571,557,807"", ""$3,041,333"", ""$574,599,139""], [""Gross winnings"", ""($514,852,932)"", ""($2,678,709)"", ""($517,531,641)""], [""Allowable Bonuses and Promotions"", ""$0"", ""$0"", ""$0""], [""Other deductions"", ""($3,240,633)"", ""($17,700)"", ""($3,258,333)""], [""AGR (Adjusted Gross Revenue)"", ""$53,464,242"", ""$344,924"", ""$53,809,165""]], ""highlight"": null}",2026-04-01T21:32:43.447738
VA,2026-01-01,2026-01-31,monthly,ALL,TOTAL,TOTAL,,online,,68394065900,7487128000.0,7919109300,0.0,7487128000.0,60474956600,1119925635.0,,0.1094704328727443,31,False,False,https://www.valottery.com/api/v1/latestwinners,,,,,,,https://www.valottery.com/aboutus/casinosandsportsbetting/sportsbetting,,"Mobile Operators | Casino Retail Activity | Total Jan. 2026 | Gross sports gaming revenues | $683,940,659 | $4,006,007 | $687,946,666 | Gross winnings | ($604,749,566) | ($3,655,532) | ($608,405,098) | Allowable Bonuses and Promotions | $0 | $0 | $0 | Other deductions | ($4,319,813) | ($26,090) | ($4,345,903) | AGR (Adjusted Gross Revenue) | $74,871,280 | $324,385 | $75,195,665","{""headers"": ["""", ""Mobile Operators"", ""Casino Retail Activity"", ""Total Jan. 2026""], ""rows"": [[""Gross sports gaming revenues"", ""$683,940,659"", ""$4,006,007"", ""$687,946,666""], [""Gross winnings"", ""($604,749,566)"", ""($3,655,532)"", ""($608,405,098)""], [""Allowable Bonuses and Promotions"", ""$0"", ""$0"", ""$0""], [""Other deductions"", ""($4,319,813)"", ""($26,090)"", ""($4,345,903)""], [""AGR (Adjusted Gross Revenue)"", ""$74,871,280"", ""$324,385"", ""$75,195,665""]], ""highlight"": null}",2026-04-01T21:32:43.465049
VA,2026-01-01,2026-01-31,monthly,ALL,TOTAL,TOTAL,,retail,,400600700,32438500.0,35047500,0.0,32438500.0,365553200,4852155.0,,0.0809746463248816,31,False,False,https://www.valottery.com/api/v1/latestwinners,,,,,,,https://www.valottery.com/aboutus/casinosandsportsbetting/sportsbetting,,"Mobile Operators | Casino Retail Activity | Total Jan. 2026 | Gross sports gaming revenues | $683,940,659 | $4,006,007 | $687,946,666 | Gross winnings | ($604,749,566) | ($3,655,532) | ($608,405,098) | Allowable Bonuses and Promotions | $0 | $0 | $0 | Other deductions | ($4,319,813) | ($26,090) | ($4,345,903) | AGR (Adjusted Gross Revenue) | $74,871,280 | $324,385 | $75,195,665","{""headers"": ["""", ""Mobile Operators"", ""Casino Retail Activity"", ""Total Jan. 2026""], ""rows"": [[""Gross sports gaming revenues"", ""$683,940,659"", ""$4,006,007"", ""$687,946,666""], [""Gross winnings"", ""($604,749,566)"", ""($3,655,532)"", ""($608,405,098)""], [""Allowable Bonuses and Promotions"", ""$0"", ""$0"", ""$0""], [""Other deductions"", ""($4,319,813)"", ""($26,090)"", ""($4,345,903)""], [""AGR (Adjusted Gross Revenue)"", ""$74,871,280"", ""$324,385"", ""$75,195,665""]], ""highlight"": null}",2026-04-01T21:32:43.465049
VA,2025-12-01,2025-12-31,monthly,ALL,TOTAL,TOTAL,,online,,70528540200,7915280500.0,8326779000,0.0,7915280500.0,62201761200,1191620172.0,,0.1122280494896731,31,False,False,https://www.valottery.com/api/v1/latestwinners,,,,,,,https://www.valottery.com/aboutus/casinosandsportsbetting/sportsbetting,,"Mobile Operators | Casino Retail Activity | Total | Dec-25 | Gross sports gaming revenues | $705,285,402 | $5,662,798 | $710,948,200 | Gross winnings | ($622,017,612) | ($5,512,829) | ($627,530,442) | Allowable Bonuses and Promotions | $0 | $0 | $0 | Other deductions | ($4,114,985) | ($34,904) | ($4,149,889) | AGR (Adjusted Gross Revenue) | $79,152,805 | $115,064 | $79,267,870","{""headers"": ["""", ""Mobile Operators"", ""Casino Retail Activity"", ""TotalDec-25""], ""rows"": [[""Gross sports gaming revenues"", ""$705,285,402"", ""$5,662,798"", ""$710,948,200""], [""Gross winnings"", ""($622,017,612)"", ""($5,512,829)"", ""($627,530,442)""], [""Allowable Bonuses and Promotions"", ""$0"", ""$0"", ""$0""], [""Other deductions"", ""($4,114,985)"", ""($34,904)"", ""($4,149,889)""], [""AGR (Adjusted Gross Revenue)"", ""$79,152,805"", ""$115,064"", ""$79,267,870""]], ""highlight"": null}",2026-04-01T21:32:43.483470
VA,2025-12-01,2025-12-31,monthly,ALL,TOTAL,TOTAL,,retail,,566279800,11506400.0,14996900,0.0,11506400.0,551282900,1732252.0,,0.0203192838593218,31,False,False,https://www.valottery.com/api/v1/latestwinners,,,,,,,https://www.valottery.com/aboutus/casinosandsportsbetting/sportsbetting,,"Mobile Operators | Casino Retail Activity | Total | Dec-25 | Gross sports gaming revenues | $705,285,402 | $5,662,798 | $710,948,200 | Gross winnings | ($622,017,612) | ($5,512,829) | ($627,530,442) | Allowable Bonuses and Promotions | $0 | $0 | $0 | Other deductions | ($4,114,985) | ($34,904) | ($4,149,889) | AGR (Adjusted Gross Revenue) | $79,152,805 | $115,064 | $79,267,870","{""headers"": ["""", ""Mobile Operators"", ""Casino Retail Activity"", ""TotalDec-25""], ""rows"": [[""Gross sports gaming revenues"", ""$705,285,402"", ""$5,662,798"", ""$710,948,200""], [""Gross winnings"", ""($622,017,612)"", ""($5,512,829)"", ""($627,530,442)""], [""Allowable Bonuses and Promotions"", ""$0"", ""$0"", ""$0""], [""Other deductions"", ""($4,114,985)"", ""($34,904)"", ""($4,149,889)""], [""AGR (Adjusted Gross Revenue)"", ""$79,152,805"", ""$115,064"", ""$79,267,870""]], ""highlight"": null}",2026-04-01T21:32:43.483470
VA,2025-11-01,2025-11-30,monthly,ALL,TOTAL,TOTAL,,online,,79357180000,9510610700.0,9898207600,0.0,9510610700.0,69458972400,1424569391.0,,0.1198456232945777,30,False,False,https://www.valottery.com/api/v1/latestwinners,,,,,,,https://www.valottery.com/aboutus/casinosandsportsbetting/sportsbetting,,"Mobile Operators | Casino Retail Activity | Total | Nov-25 | Gross sports gaming revenues | $793,571,800 | $5,306,873 | $798,878,673 | Gross winnings | ($694,589,724) | ($5,084,233) | ($699,673,957) | Allowable Bonuses and Promotions | $0 | $0 | $0 | Other deductions | ($3,875,969) | ($29,589) | ($3,905,557) | AGR (Adjusted Gross Revenue) | $95,106,107 | $193,052 | $95,299,159","{""headers"": ["""", ""Mobile Operators"", ""Casino Retail Activity"", ""TotalNov-25""], ""rows"": [[""Gross sports gaming revenues"", ""$793,571,800"", ""$5,306,873"", ""$798,878,673""], [""Gross winnings"", ""($694,589,724)"", ""($5,084,233)"", ""($699,673,957)""], [""Allowable Bonuses and Promotions"", ""$0"", ""$0"", ""$0""], [""Other deductions"", ""($3,875,969)"", ""($29,589)"", ""($3,905,557)""], [""AGR (Adjusted Gross Revenue)"", ""$95,106,107"", ""$193,052"", ""$95,299,159""]], ""highlight"": null}",2026-04-01T21:32:43.502022
VA,2025-11-01,2025-11-30,monthly,ALL,TOTAL,TOTAL,,retail,,530687300,19305200.0,22264000,0.0,19305200.0,508423300,2891675.0,,0.0363777312929855,30,False,False,https://www.valottery.com/api/v1/latestwinners,,,,,,,https://www.valottery.com/aboutus/casinosandsportsbetting/sportsbetting,,"Mobile Operators | Casino Retail Activity | Total | Nov-25 | Gross sports gaming revenues | $793,571,800 | $5,306,873 | $798,878,673 | Gross winnings | ($694,589,724) | ($5,084,233) | ($699,673,957) | Allowable Bonuses and Promotions | $0 | $0 | $0 | Other deductions | ($3,875,969) | ($29,589) | ($3,905,557) | AGR (Adjusted Gross Revenue) | $95,106,107 | $193,052 | $95,299,159","{""headers"": ["""", ""Mobile Operators"", ""Casino Retail Activity"", ""TotalNov-25""], ""rows"": [[""Gross sports gaming revenues"", ""$793,571,800"", ""$5,306,873"", ""$798,878,673""], [""Gross winnings"", ""($694,589,724)"", ""($5,084,233)"", ""($699,673,957)""], [""Allowable Bonuses and Promotions"", ""$0"", ""$0"", ""$0""], [""Other deductions"", ""($3,875,969)"", ""($29,589)"", ""($3,905,557)""], [""AGR (Adjusted Gross Revenue)"", ""$95,106,107"", ""$193,052"", ""$95,299,159""]], ""highlight"": null}",2026-04-01T21:32:43.502022
VA,2025-10-01,2025-10-31,monthly,ALL,TOTAL,TOTAL,,online,,82400685600,7457039100.0,7975185000,0.0,7457039100.0,74425500600,1120062017.0,,0.0904972943574634,31,False,False,https://www.valottery.com/api/v1/latestwinners,,,,,,,https://www.valottery.com/aboutus/casinosandsportsbetting/sportsbetting,,"Mobile Operators | Casino Retail Activity | Total | Oct-25 | Gross sports gaming revenues | $824,006,856 | $7,560,709 | $831,567,565 | Gross winnings | ($744,255,006) | ($6,747,906) | ($751,002,912) | Allowable Bonuses and Promotions | $0 | $0 | $0 | Other deductions | ($5,181,459) | ($73,252) | ($5,254,711) | AGR (Adjusted Gross Revenue) | $74,570,391 | $739,551 | $75,309,942","{""headers"": ["""", ""Mobile Operators"", ""Casino Retail Activity"", ""TotalOct-25""], ""rows"": [[""Gross sports gaming revenues"", ""$824,006,856"", ""$7,560,709"", ""$831,567,565""], [""Gross winnings"", ""($744,255,006)"", ""($6,747,906)"", ""($751,002,912)""], [""Allowable Bonuses and Promotions"", ""$0"", ""$0"", ""$0""], [""Other deductions"", ""($5,181,459)"", ""($73,252)"", ""($5,254,711)""], [""AGR (Adjusted Gross Revenue)"", ""$74,570,391"", ""$739,551"", ""$75,309,942""]], ""highlight"": null}",2026-04-01T21:32:43.521151
VA,2025-10-01,2025-10-31,monthly,ALL,TOTAL,TOTAL,,retail,,756070900,73955100.0,81280300,0.0,73955100.0,674790600,11108202.0,,0.0978150329552426,31,False,False,https://www.valottery.com/api/v1/latestwinners,,,,,,,https://www.valottery.com/aboutus/casinosandsportsbetting/sportsbetting,,"Mobile Operators | Casino Retail Activity | Total | Oct-25 | Gross sports gaming revenues | $824,006,856 | $7,560,709 | $831,567,565 | Gross winnings | ($744,255,006) | ($6,747,906) | ($751,002,912) | Allowable Bonuses and Promotions | $0 | $0 | $0 | Other deductions | ($5,181,459) | ($73,252) | ($5,254,711) | AGR (Adjusted Gross Revenue) | $74,570,391 | $739,551 | $75,309,942","{""headers"": ["""", ""Mobile Operators"", ""Casino Retail Activity"", ""TotalOct-25""], ""rows"": [[""Gross sports gaming revenues"", ""$824,006,856"", ""$7,560,709"", ""$831,567,565""], [""Gross winnings"", ""($744,255,006)"", ""($6,747,906)"", ""($751,002,912)""], [""Allowable Bonuses and Promotions"", ""$0"", ""$0"", ""$0""], [""Other deductions"", ""($5,181,459)"", ""($73,252)"", ""($5,254,711)""], [""AGR (Adjusted Gross Revenue)"", ""$74,570,391"", ""$739,551"", ""$75,309,942""]], ""highlight"": null}",2026-04-01T21:32:43.521151
VA,2025-09-01,2025-09-30,monthly,ALL,TOTAL,TOTAL,,online,,73154089500,6358764000.0,6880530400,0.0,6358764000.0,66273559100,953492666.0,,0.0869228780436123,30,False,False,https://www.valottery.com/api/v1/latestwinners,,,,,,,https://www.valottery.com/aboutus/casinosandsportsbetting/sportsbetting,,"Mobile Operators | Casino Retail Activity | Total | Sept-25 | Gross sports gaming revenues | $731,540,895 | $5,643,107 | $737,184,001 | Gross winnings | ($662,735,591) | ($4,708,406) | ($667,443,996) | Allowable Bonuses and Promotions | $0 | $0 | $0 | Other deductions | ($5,217,664) | ($43,051) | ($5,260,715) | AGR (Adjusted Gross Revenue) | $63,587,640 | $891,650 | $64,479,290","{""headers"": ["""", ""Mobile Operators"", ""Casino Retail Activity"", ""TotalSept-25""], ""rows"": [[""Gross sports gaming revenues"", ""$731,540,895"", ""$5,643,107"", ""$737,184,001""], [""Gross winnings"", ""($662,735,591)"", ""($4,708,406)"", ""($667,443,996)""], [""Allowable Bonuses and Promotions"", ""$0"", ""$0"", ""$0""], [""Other deductions"", ""($5,217,664)"", ""($43,051)"", ""($5,260,715)""], [""AGR (Adjusted Gross Revenue)"", ""$63,587,640"", ""$891,650"", ""$64,479,290""]], ""highlight"": null}",2026-04-01T21:32:43.539729
VA,2025-09-01,2025-09-30,monthly,ALL,TOTAL,TOTAL,,retail,,564310700,89165000.0,93470100,0.0,89165000.0,470840600,13370236.0,,0.1580069277438829,30,False,False,https://www.valottery.com/api/v1/latestwinners,,,,,,,https://www.valottery.com/aboutus/casinosandsportsbetting/sportsbetting,,"Mobile Operators | Casino Retail Activity | Total | Sept-25 | Gross sports gaming revenues | $731,540,895 | $5,643,107 | $737,184,001 | Gross winnings | ($662,735,591) | ($4,708,406) | ($667,443,996) | Allowable Bonuses and Promotions | $0 | $0 | $0 | Other deductions | ($5,217,664) | ($43,051) | ($5,260,715) | AGR (Adjusted Gross Revenue) | $63,587,640 | $891,650 | $64,479,290","{""headers"": ["""", ""Mobile Operators"", ""Casino Retail Activity"", ""TotalSept-25""], ""rows"": [[""Gross sports gaming revenues"", ""$731,540,895"", ""$5,643,107"", ""$737,184,001""], [""Gross winnings"", ""($662,735,591)"", ""($4,708,406)"", ""($667,443,996)""], [""Allowable Bonuses and Promotions"", ""$0"", ""$0"", ""$0""], [""Other deductions"", ""($5,217,664)"", ""($43,051)"", ""($5,260,715)""], [""AGR (Adjusted Gross Revenue)"", ""$63,587,640"", ""$891,650"", ""$64,479,290""]], ""highlight"": null}",2026-04-01T21:32:43.539729
VA,2025-08-01,2025-08-31,monthly,ALL,TOTAL,TOTAL,,online,,50627896400,5734214800.0,6192229600,0.0,5734214800.0,44435666800,853842551.0,,0.1132619604554614,31,False,False,https://www.valottery.com/api/v1/latestwinners,,,,,,,https://www.valottery.com/aboutus/casinosandsportsbetting/sportsbetting,,"Mobile Operators | Casino Retail Activity | Total | Aug-25 | Gross sports gaming revenues | $506,278,964 | $3,900,589 | $510,179,552 | Gross winnings | ($444,356,668) | ($2,942,701) | ($447,299,369) | Allowable Bonuses and Promotions | $0 | $0 | $0 | Other deductions | ($4,580,147) | ($18,992) | ($4,599,139) | AGR (Adjusted Gross Revenue) | $57,342,148 | $938,895 | $58,281,044","{""headers"": ["""", ""Mobile Operators"", ""Casino Retail Activity"", ""TotalAug-25""], ""rows"": [[""Gross sports gaming revenues"", ""$506,278,964"", ""$3,900,589"", ""$510,179,552""], [""Gross winnings"", ""($444,356,668)"", ""($2,942,701)"", ""($447,299,369)""], [""Allowable Bonuses and Promotions"", ""$0"", ""$0"", ""$0""], [""Other deductions"", ""($4,580,147)"", ""($18,992)"", ""($4,599,139)""], [""AGR (Adjusted Gross Revenue)"", ""$57,342,148"", ""$938,895"", ""$58,281,044""]], ""highlight"": null}",2026-04-01T21:32:43.559162
VA,2025-08-01,2025-08-31,monthly,ALL,TOTAL,TOTAL,,retail,,390058900,93889500.0,95788800,0.0,93889500.0,294270100,13980441.0,,0.240705954921167,31,False,False,https://www.valottery.com/api/v1/latestwinners,,,,,,,https://www.valottery.com/aboutus/casinosandsportsbetting/sportsbetting,,"Mobile Operators | Casino Retail Activity | Total | Aug-25 | Gross sports gaming revenues | $506,278,964 | $3,900,589 | $510,179,552 | Gross winnings | ($444,356,668) | ($2,942,701) | ($447,299,369) | Allowable Bonuses and Promotions | $0 | $0 | $0 | Other deductions | ($4,580,147) | ($18,992) | ($4,599,139) | AGR (Adjusted Gross Revenue) | $57,342,148 | $938,895 | $58,281,044","{""headers"": ["""", ""Mobile Operators"", ""Casino Retail Activity"", ""TotalAug-25""], ""rows"": [[""Gross sports gaming revenues"", ""$506,278,964"", ""$3,900,589"", ""$510,179,552""], [""Gross winnings"", ""($444,356,668)"", ""($2,942,701)"", ""($447,299,369)""], [""Allowable Bonuses and Promotions"", ""$0"", ""$0"", ""$0""], [""Other deductions"", ""($4,580,147)"", ""($18,992)"", ""($4,599,139)""], [""AGR (Adjusted Gross Revenue)"", ""$57,342,148"", ""$938,895"", ""$58,281,044""]], ""highlight"": null}",2026-04-01T21:32:43.559162
VA,2025-07-01,2025-07-31,monthly,ALL,TOTAL,TOTAL,,online,,42715538600,4506732200.0,4887673500,0.0,4506732200.0,37827865100,670330802.0,,0.1055056859332215,31,False,False,https://www.valottery.com/api/v1/latestwinners,,,,,,,https://www.valottery.com/aboutus/casinosandsportsbetting/sportsbetting,,"Mobile Operators | Casino Retail Activity | Total | July-25 | Gross sports gaming revenues | $427,155,386 | $2,116,955 | $429,272,340 | Gross winnings | ($378,278,651) | ($1,568,415) | ($379,847,066) | Allowable Bonuses and Promotions | $0 | $0 | $0 | Other deductions | ($3,809,413) | ($26,087) | ($3,835,500) | AGR (Adjusted Gross Revenue) | $45,067,322 | $522,452 | $45,589,775","{""headers"": ["""", ""Mobile Operators"", ""Casino Retail Activity"", ""TotalJuly-25""], ""rows"": [[""Gross sports gaming revenues"", ""$427,155,386"", ""$2,116,955"", ""$429,272,340""], [""Gross winnings"", ""($378,278,651)"", ""($1,568,415)"", ""($379,847,066)""], [""Allowable Bonuses and Promotions"", ""$0"", ""$0"", ""$0""], [""Other deductions"", ""($3,809,413)"", ""($26,087)"", ""($3,835,500)""], [""AGR (Adjusted Gross Revenue)"", ""$45,067,322"", ""$522,452"", ""$45,589,775""]], ""highlight"": null}",2026-04-01T21:32:43.577513
VA,2025-07-01,2025-07-31,monthly,ALL,TOTAL,TOTAL,,retail,,211695500,52245200.0,54854000,0.0,52245200.0,156841500,7770945.0,,0.2467940981267906,31,False,False,https://www.valottery.com/api/v1/latestwinners,,,,,,,https://www.valottery.com/aboutus/casinosandsportsbetting/sportsbetting,,"Mobile Operators | Casino Retail Activity | Total | July-25 | Gross sports gaming revenues | $427,155,386 | $2,116,955 | $429,272,340 | Gross winnings | ($378,278,651) | ($1,568,415) | ($379,847,066) | Allowable Bonuses and Promotions | $0 | $0 | $0 | Other deductions | ($3,809,413) | ($26,087) | ($3,835,500) | AGR (Adjusted Gross Revenue) | $45,067,322 | $522,452 | $45,589,775","{""headers"": ["""", ""Mobile Operators"", ""Casino Retail Activity"", ""TotalJuly-25""], ""rows"": [[""Gross sports gaming revenues"", ""$427,155,386"", ""$2,116,955"", ""$429,272,340""], [""Gross winnings"", ""($378,278,651)"", ""($1,568,415)"", ""($379,847,066)""], [""Allowable Bonuses and Promotions"", ""$0"", ""$0"", ""$0""], [""Other deductions"", ""($3,809,413)"", ""($26,087)"", ""($3,835,500)""], [""AGR (Adjusted Gross Revenue)"", ""$45,067,322"", ""$522,452"", ""$45,589,775""]], ""highlight"": null}",2026-04-01T21:32:43.577513
VA,2025-06-01,2025-06-30,monthly,ALL,TOTAL,TOTAL,,online,,47278018500,5743437000.0,6106043200,0.0,5743437000.0,41171975300,872417675.0,,0.1214821852146785,30,False,False,https://www.valottery.com/api/v1/latestwinners,,,,,,,https://www.valottery.com/aboutus/casinosandsportsbetting/sportsbetting,,"Mobile Operators | Casino Retail Activity | Total | June-25 | Gross sports gaming revenues | $472,780,185 | $5,068,348 | $477,848,533 | Gross winnings | ($411,719,753) | ($5,371,563) | ($417,091,316) | Allowable Bonuses and Promotions | $0 | $0 | $0 | Other deductions | ($3,626,062) | ($24,400) | ($3,650,462) | AGR (Adjusted Gross Revenue) | $57,434,370 | ($327,616) | $57,106,754","{""headers"": ["""", ""Mobile Operators"", ""Casino Retail Activity"", ""TotalJune-25""], ""rows"": [[""Gross sports gaming revenues"", ""$472,780,185"", ""$5,068,348"", ""$477,848,533""], [""Gross winnings"", ""($411,719,753)"", ""($5,371,563)"", ""($417,091,316)""], [""Allowable Bonuses and Promotions"", ""$0"", ""$0"", ""$0""], [""Other deductions"", ""($3,626,062)"", ""($24,400)"", ""($3,650,462)""], [""AGR (Adjusted Gross Revenue)"", ""$57,434,370"", ""($327,616)"", ""$57,106,754""]], ""highlight"": null}",2026-04-01T21:32:43.596378
VA,2025-06-01,2025-06-30,monthly,ALL,TOTAL,TOTAL,,retail,,506834800,-32761600.0,-30321500,0.0,-32761600.0,537156300,-4976428.0,,-0.0646396024898053,30,False,False,https://www.valottery.com/api/v1/latestwinners,,,,,,,https://www.valottery.com/aboutus/casinosandsportsbetting/sportsbetting,,"Mobile Operators | Casino Retail Activity | Total | June-25 | Gross sports gaming revenues | $472,780,185 | $5,068,348 | $477,848,533 | Gross winnings | ($411,719,753) | ($5,371,563) | ($417,091,316) | Allowable Bonuses and Promotions | $0 | $0 | $0 | Other deductions | ($3,626,062) | ($24,400) | ($3,650,462) | AGR (Adjusted Gross Revenue) | $57,434,370 | ($327,616) | $57,106,754","{""headers"": ["""", ""Mobile Operators"", ""Casino Retail Activity"", ""TotalJune-25""], ""rows"": [[""Gross sports gaming revenues"", ""$472,780,185"", ""$5,068,348"", ""$477,848,533""], [""Gross winnings"", ""($411,719,753)"", ""($5,371,563)"", ""($417,091,316)""], [""Allowable Bonuses and Promotions"", ""$0"", ""$0"", ""$0""], [""Other deductions"", ""($3,626,062)"", ""($24,400)"", ""($3,650,462)""], [""AGR (Adjusted Gross Revenue)"", ""$57,434,370"", ""($327,616)"", ""$57,106,754""]], ""highlight"": null}",2026-04-01T21:32:43.596378
VA,2025-05-01,2025-05-31,monthly,ALL,TOTAL,TOTAL,,online,,58988244400,6744539700.0,7184406100,0.0,6744539700.0,51803838300,1009001090.0,,0.1143370135626548,31,False,False,https://www.valottery.com/api/v1/latestwinners,,,,,,,https://www.valottery.com/aboutus/casinosandsportsbetting/sportsbetting,,"Mobile Operators | Casino Retail Activity | Total | May-25 | Gross sports gaming revenues | $589,882,444 | $5,158,984 | $595,041,428 | Gross winnings | ($518,038,383) | ($4,602,010) | ($522,640,393) | Allowable Bonuses and Promotions | $0 | $0 | $0 | Other deductions | ($4,398,664) | ($89,716) | ($4,488,380) | AGR (Adjusted Gross Revenue) | $67,445,397 | $467,259 | $67,912,656","{""headers"": ["""", ""Mobile Operators"", ""Casino Retail Activity"", ""TotalMay-25""], ""rows"": [[""Gross sports gaming revenues"", ""$589,882,444"", ""$5,158,984"", ""$595,041,428""], [""Gross winnings"", ""($518,038,383)"", ""($4,602,010)"", ""($522,640,393)""], [""Allowable Bonuses and Promotions"", ""$0"", ""$0"", ""$0""], [""Other deductions"", ""($4,398,664)"", ""($89,716)"", ""($4,488,380)""], [""AGR (Adjusted Gross Revenue)"", ""$67,445,397"", ""$467,259"", ""$67,912,656""]], ""highlight"": null}",2026-04-01T21:32:43.614804
VA,2025-05-01,2025-05-31,monthly,ALL,TOTAL,TOTAL,,retail,,515898400,46725900.0,55697400,0.0,46725900.0,460201000,6990319.0,,0.0905719033049918,31,False,False,https://www.valottery.com/api/v1/latestwinners,,,,,,,https://www.valottery.com/aboutus/casinosandsportsbetting/sportsbetting,,"Mobile Operators | Casino Retail Activity | Total | May-25 | Gross sports gaming revenues | $589,882,444 | $5,158,984 | $595,041,428 | Gross winnings | ($518,038,383) | ($4,602,010) | ($522,640,393) | Allowable Bonuses and Promotions | $0 | $0 | $0 | Other deductions | ($4,398,664) | ($89,716) | ($4,488,380) | AGR (Adjusted Gross Revenue) | $67,445,397 | $467,259 | $67,912,656","{""headers"": ["""", ""Mobile Operators"", ""Casino Retail Activity"", ""TotalMay-25""], ""rows"": [[""Gross sports gaming revenues"", ""$589,882,444"", ""$5,158,984"", ""$595,041,428""], [""Gross winnings"", ""($518,038,383)"", ""($4,602,010)"", ""($522,640,393)""], [""Allowable Bonuses and Promotions"", ""$0"", ""$0"", ""$0""], [""Other deductions"", ""($4,398,664)"", ""($89,716)"", ""($4,488,380)""], [""AGR (Adjusted Gross Revenue)"", ""$67,445,397"", ""$467,259"", ""$67,912,656""]], ""highlight"": null}",2026-04-01T21:32:43.614804
VA,2025-04-01,2025-04-30,monthly,ALL,TOTAL,TOTAL,,online,,60371194200,5662003500.0,6323082600,0.0,5662003500.0,54048111600,858963291.0,,0.093786508201953,30,False,False,https://www.valottery.com/api/v1/latestwinners,,,,,,,https://www.valottery.com/aboutus/casinosandsportsbetting/sportsbetting,,"Mobile Operators | Casino Retail Activity | Total | Apr-25 | Gross sports gaming revenues | $603,711,942 | $6,002,046 | $609,713,988 | Gross winnings | ($540,481,116) | ($6,439,649) | ($546,920,765) | Allowable Bonuses and Promotions | $0 | $0 | $0 | Other deductions | ($6,610,791) | ($35,787) | ($6,646,579) | AGR (Adjusted Gross Revenue) | $56,620,035 | ($473,390) | $56,146,645","{""headers"": ["""", ""Mobile Operators"", ""Casino Retail Activity"", ""TotalApr-25""], ""rows"": [[""Gross sports gaming revenues"", ""$603,711,942"", ""$6,002,046"", ""$609,713,988""], [""Gross winnings"", ""($540,481,116)"", ""($6,439,649)"", ""($546,920,765)""], [""Allowable Bonuses and Promotions"", ""$0"", ""$0"", ""$0""], [""Other deductions"", ""($6,610,791)"", ""($35,787)"", ""($6,646,579)""], [""AGR (Adjusted Gross Revenue)"", ""$56,620,035"", ""($473,390)"", ""$56,146,645""]], ""highlight"": null}",2026-04-01T21:32:43.634216
VA,2025-04-01,2025-04-30,monthly,ALL,TOTAL,TOTAL,,retail,,600204600,-47339000.0,-43760300,0.0,-47339000.0,643964900,-7181639.0,,-0.0788714381729163,30,False,False,https://www.valottery.com/api/v1/latestwinners,,,,,,,https://www.valottery.com/aboutus/casinosandsportsbetting/sportsbetting,,"Mobile Operators | Casino Retail Activity | Total | Apr-25 | Gross sports gaming revenues | $603,711,942 | $6,002,046 | $609,713,988 | Gross winnings | ($540,481,116) | ($6,439,649) | ($546,920,765) | Allowable Bonuses and Promotions | $0 | $0 | $0 | Other deductions | ($6,610,791) | ($35,787) | ($6,646,579) | AGR (Adjusted Gross Revenue) | $56,620,035 | ($473,390) | $56,146,645","{""headers"": ["""", ""Mobile Operators"", ""Casino Retail Activity"", ""TotalApr-25""], ""rows"": [[""Gross sports gaming revenues"", ""$603,711,942"", ""$6,002,046"", ""$609,713,988""], [""Gross winnings"", ""($540,481,116)"", ""($6,439,649)"", ""($546,920,765)""], [""Allowable Bonuses and Promotions"", ""$0"", ""$0"", ""$0""], [""Other deductions"", ""($6,610,791)"", ""($35,787)"", ""($6,646,579)""], [""AGR (Adjusted Gross Revenue)"", ""$56,620,035"", ""($473,390)"", ""$56,146,645""]], ""highlight"": null}",2026-04-01T21:32:43.634216
VA,2025-03-01,2025-03-31,monthly,ALL,TOTAL,TOTAL,,online,,68313314600,4439291000.0,4993407100,0.0,4439291000.0,63319907500,665120646.0,,0.064984271748395,31,False,False,https://www.valottery.com/api/v1/latestwinners,,,,,,,https://www.valottery.com/aboutus/casinosandsportsbetting/sportsbetting,,"Mobile Operators | Casino Retail Activity | Total | Mar-25 | Gross sports gaming revenues | $683,133,146 | $6,531,898 | $689,665,044 | Gross winnings | ($633,199,075) | ($5,787,686) | ($638,986,760) | Allowable Bonuses and Promotions | $0 | $0 | $0 | Other deductions | ($5,541,162) | ($51,930) | ($5,593,092) | AGR (Adjusted Gross Revenue) | $44,392,910 | $692,282 | $45,085,192","{""headers"": ["""", ""Mobile Operators"", ""Casino Retail Activity"", ""TotalMar-25""], ""rows"": [[""Gross sports gaming revenues"", ""$683,133,146"", ""$6,531,898"", ""$689,665,044""], [""Gross winnings"", ""($633,199,075)"", ""($5,787,686)"", ""($638,986,760)""], [""Allowable Bonuses and Promotions"", ""$0"", ""$0"", ""$0""], [""Other deductions"", ""($5,541,162)"", ""($51,930)"", ""($5,593,092)""], [""AGR (Adjusted Gross Revenue)"", ""$44,392,910"", ""$692,282"", ""$45,085,192""]], ""highlight"": null}",2026-04-01T21:32:43.652726
VA,2025-03-01,2025-03-31,monthly,ALL,TOTAL,TOTAL,,retail,,653189800,69228200.0,74421200,0.0,69228200.0,578768600,10372175.0,,0.1059848148271758,31,False,False,https://www.valottery.com/api/v1/latestwinners,,,,,,,https://www.valottery.com/aboutus/casinosandsportsbetting/sportsbetting,,"Mobile Operators | Casino Retail Activity | Total | Mar-25 | Gross sports gaming revenues | $683,133,146 | $6,531,898 | $689,665,044 | Gross winnings | ($633,199,075) | ($5,787,686) | ($638,986,760) | Allowable Bonuses and Promotions | $0 | $0 | $0 | Other deductions | ($5,541,162) | ($51,930) | ($5,593,092) | AGR (Adjusted Gross Revenue) | $44,392,910 | $692,282 | $45,085,192","{""headers"": ["""", ""Mobile Operators"", ""Casino Retail Activity"", ""TotalMar-25""], ""rows"": [[""Gross sports gaming revenues"", ""$683,133,146"", ""$6,531,898"", ""$689,665,044""], [""Gross winnings"", ""($633,199,075)"", ""($5,787,686)"", ""($638,986,760)""], [""Allowable Bonuses and Promotions"", ""$0"", ""$0"", ""$0""], [""Other deductions"", ""($5,541,162)"", ""($51,930)"", ""($5,593,092)""], [""AGR (Adjusted Gross Revenue)"", ""$44,392,910"", ""$692,282"", ""$45,085,192""]], ""highlight"": null}",2026-04-01T21:32:43.652726
VA,2025-02-01,2025-02-28,monthly,ALL,TOTAL,TOTAL,,online,,55301782900,6170488300.0,6658205600,0.0,6170488300.0,48643577300,927292158.0,,0.1115784695614216,28,False,False,https://www.valottery.com/api/v1/latestwinners,,,,,,,https://www.valottery.com/aboutus/casinosandsportsbetting/sportsbetting,,"Mobile Operators | Casino Retail Activity | Total | Feb-25 | Gross sports gaming revenues | $553,017,829 | $3,819,048 | $556,836,877 | Gross winnings | ($486,435,773) | ($3,594,489) | ($490,030,262) | Allowable Bonuses and Promotions | $0 | $0 | $0 | Other deductions | ($4,877,173) | ($17,969) | ($4,895,142) | AGR (Adjusted Gross Revenue) | $61,704,883 | $206,590 | $61,911,473","{""headers"": ["""", ""Mobile Operators"", ""Casino Retail Activity"", ""TotalFeb-25""], ""rows"": [[""Gross sports gaming revenues"", ""$553,017,829"", ""$3,819,048"", ""$556,836,877""], [""Gross winnings"", ""($486,435,773)"", ""($3,594,489)"", ""($490,030,262)""], [""Allowable Bonuses and Promotions"", ""$0"", ""$0"", ""$0""], [""Other deductions"", ""($4,877,173)"", ""($17,969)"", ""($4,895,142)""], [""AGR (Adjusted Gross Revenue)"", ""$61,704,883"", ""$206,590"", ""$61,911,473""]], ""highlight"": null}",2026-04-01T21:32:43.671064
VA,2025-02-01,2025-02-28,monthly,ALL,TOTAL,TOTAL,,retail,,381904800,20659000.0,22455900,0.0,20659000.0,359448900,3104605.0,,0.0540946330080166,28,False,False,https://www.valottery.com/api/v1/latestwinners,,,,,,,https://www.valottery.com/aboutus/casinosandsportsbetting/sportsbetting,,"Mobile Operators | Casino Retail Activity | Total | Feb-25 | Gross sports gaming revenues | $553,017,829 | $3,819,048 | $556,836,877 | Gross winnings | ($486,435,773) | ($3,594,489) | ($490,030,262) | Allowable Bonuses and Promotions | $0 | $0 | $0 | Other deductions | ($4,877,173) | ($17,969) | ($4,895,142) | AGR (Adjusted Gross Revenue) | $61,704,883 | $206,590 | $61,911,473","{""headers"": ["""", ""Mobile Operators"", ""Casino Retail Activity"", ""TotalFeb-25""], ""rows"": [[""Gross sports gaming revenues"", ""$553,017,829"", ""$3,819,048"", ""$556,836,877""], [""Gross winnings"", ""($486,435,773)"", ""($3,594,489)"", ""($490,030,262)""], [""Allowable Bonuses and Promotions"", ""$0"", ""$0"", ""$0""], [""Other deductions"", ""($4,877,173)"", ""($17,969)"", ""($4,895,142)""], [""AGR (Adjusted Gross Revenue)"", ""$61,704,883"", ""$206,590"", ""$61,911,473""]], ""highlight"": null}",2026-04-01T21:32:43.671064
VA,2025-01-01,2025-01-31,monthly,ALL,TOTAL,TOTAL,,online,,73048968700,8016974600.0,8650856200,0.0,8016974600.0,64398112500,1201303910.0,,0.1097479504868081,31,False,False,https://www.valottery.com/api/v1/latestwinners,,,,,,,https://www.valottery.com/aboutus/casinosandsportsbetting/sportsbetting,,"Mobile Operators | Casino Retail Activity | Total | Jan-25 | Gross sports gaming revenues | $730,489,687 | $6,178,005 | $736,667,692 | Gross winnings | ($643,981,125) | ($5,305,325) | ($649,286,450) | Allowable Bonuses and Promotions | $0 | $0 | $0 | Other deductions | ($6,338,816) | ($42,579) | ($6,381,394) | AGR (Adjusted Gross Revenue) | $80,169,746 | $830,102 | $80,999,847","{""headers"": ["""", ""Mobile Operators"", ""Casino Retail Activity"", ""TotalJan-25""], ""rows"": [[""Gross sports gaming revenues"", ""$730,489,687"", ""$6,178,005"", ""$736,667,692""], [""Gross winnings"", ""($643,981,125)"", ""($5,305,325)"", ""($649,286,450)""], [""Allowable Bonuses and Promotions"", ""$0"", ""$0"", ""$0""], [""Other deductions"", ""($6,338,816)"", ""($42,579)"", ""($6,381,394)""], [""AGR (Adjusted Gross Revenue)"", ""$80,169,746"", ""$830,102"", ""$80,999,847""]], ""highlight"": null}",2026-04-01T21:32:43.690272
VA,2025-01-01,2025-01-31,monthly,ALL,TOTAL,TOTAL,,retail,,617800500,83010200.0,87268000,0.0,83010200.0,530532500,12438667.0,,0.1343640867885344,31,False,False,https://www.valottery.com/api/v1/latestwinners,,,,,,,https://www.valottery.com/aboutus/casinosandsportsbetting/sportsbetting,,"Mobile Operators | Casino Retail Activity | Total | Jan-25 | Gross sports gaming revenues | $730,489,687 | $6,178,005 | $736,667,692 | Gross winnings | ($643,981,125) | ($5,305,325) | ($649,286,450) | Allowable Bonuses and Promotions | $0 | $0 | $0 | Other deductions | ($6,338,816) | ($42,579) | ($6,381,394) | AGR (Adjusted Gross Revenue) | $80,169,746 | $830,102 | $80,999,847","{""headers"": ["""", ""Mobile Operators"", ""Casino Retail Activity"", ""TotalJan-25""], ""rows"": [[""Gross sports gaming revenues"", ""$730,489,687"", ""$6,178,005"", ""$736,667,692""], [""Gross winnings"", ""($643,981,125)"", ""($5,305,325)"", ""($649,286,450)""], [""Allowable Bonuses and Promotions"", ""$0"", ""$0"", ""$0""], [""Other deductions"", ""($6,338,816)"", ""($42,579)"", ""($6,381,394)""], [""AGR (Adjusted Gross Revenue)"", ""$80,169,746"", ""$830,102"", ""$80,999,847""]], ""highlight"": null}",2026-04-01T21:32:43.690272
VA,2024-12-01,2024-12-31,monthly,ALL,TOTAL,TOTAL,,online,,72948711700,4390327300.0,4953047700,1079000.0,4390327300.0,67995664000,660023811.0,,0.0601837537317331,31,False,False,https://www.valottery.com/api/v1/latestwinners,,,,,,,https://www.valottery.com/aboutus/casinosandsportsbetting/sportsbetting,,"Mobile Operators | Casino Retail Activity | Total | Dec-24 | Gross sports gaming revenues | $729,487,117 | $4,893,343 | $734,380,460 | Gross winnings | ($679,956,640) | ($4,869,777) | ($684,826,417) | Allowable Bonuses and Promotions | ($10,790) | $0 | ($10,790) | Other deductions | ($5,616,413) | ($36,449) | ($5,652,862) | AGR (Adjusted Gross Revenue) | $43,903,273 | ($12,883) | $43,890,390","{""headers"": ["""", ""Mobile Operators"", ""Casino Retail Activity"", ""TotalDec-24""], ""rows"": [[""Gross sports gaming revenues"", ""$729,487,117"", ""$4,893,343"", ""$734,380,460""], [""Gross winnings"", ""($679,956,640)"", ""($4,869,777)"", ""($684,826,417)""], [""Allowable Bonuses and Promotions"", ""($10,790)"", ""$0"", ""($10,790)""], [""Other deductions"", ""($5,616,413)"", ""($36,449)"", ""($5,652,862)""], [""AGR (Adjusted Gross Revenue)"", ""$43,903,273"", ""($12,883)"", ""$43,890,390""]], ""highlight"": null}",2026-04-01T21:32:43.708714
VA,2024-12-01,2024-12-31,monthly,ALL,TOTAL,TOTAL,,retail,,489334300,-1288300.0,2356600,0.0,-1288300.0,486977700,-193678.0,,-0.0026327604666176,31,False,False,https://www.valottery.com/api/v1/latestwinners,,,,,,,https://www.valottery.com/aboutus/casinosandsportsbetting/sportsbetting,,"Mobile Operators | Casino Retail Activity | Total | Dec-24 | Gross sports gaming revenues | $729,487,117 | $4,893,343 | $734,380,460 | Gross winnings | ($679,956,640) | ($4,869,777) | ($684,826,417) | Allowable Bonuses and Promotions | ($10,790) | $0 | ($10,790) | Other deductions | ($5,616,413) | ($36,449) | ($5,652,862) | AGR (Adjusted Gross Revenue) | $43,903,273 | ($12,883) | $43,890,390","{""headers"": ["""", ""Mobile Operators"", ""Casino Retail Activity"", ""TotalDec-24""], ""rows"": [[""Gross sports gaming revenues"", ""$729,487,117"", ""$4,893,343"", ""$734,380,460""], [""Gross winnings"", ""($679,956,640)"", ""($4,869,777)"", ""($684,826,417)""], [""Allowable Bonuses and Promotions"", ""($10,790)"", ""$0"", ""($10,790)""], [""Other deductions"", ""($5,616,413)"", ""($36,449)"", ""($5,652,862)""], [""AGR (Adjusted Gross Revenue)"", ""$43,903,273"", ""($12,883)"", ""$43,890,390""]], ""highlight"": null}",2026-04-01T21:32:43.708714
VA,2024-11-01,2024-11-30,monthly,ALL,TOTAL,TOTAL,,online,,75676115000,7997817100.0,8566436800,0.0,7997817100.0,67109678200,1200113600.0,,0.1056848267118363,30,False,False,https://www.valottery.com/api/v1/latestwinners,,,,,,,https://www.valottery.com/aboutus/casinosandsportsbetting/sportsbetting,,"Mobile Operators | Casino Retail Activity | Total | Nov-24 | Gross sports gaming revenues | $756,761,150 | $4,204,300 | $760,965,450 | Gross winnings | ($671,096,782) | ($3,517,428) | ($674,614,210) | Allowable Bonuses and Promotions | $0 | $0 | $0 | Other deductions | ($5,686,197) | ($20,184) | ($5,706,380) | AGR (Adjusted Gross Revenue) | $79,978,171 | $666,689 | $80,644,860","{""headers"": ["""", ""Mobile Operators"", ""Casino Retail Activity"", ""TotalNov-24""], ""rows"": [[""Gross sports gaming revenues"", ""$756,761,150"", ""$4,204,300"", ""$760,965,450""], [""Gross winnings"", ""($671,096,782)"", ""($3,517,428)"", ""($674,614,210)""], [""Allowable Bonuses and Promotions"", ""$0"", ""$0"", ""$0""], [""Other deductions"", ""($5,686,197)"", ""($20,184)"", ""($5,706,380)""], [""AGR (Adjusted Gross Revenue)"", ""$79,978,171"", ""$666,689"", ""$80,644,860""]], ""highlight"": null}",2026-04-01T21:32:43.728212
VA,2024-11-01,2024-11-30,monthly,ALL,TOTAL,TOTAL,,retail,,420430000,66668900.0,68687200,0.0,66668900.0,351742800,10004011.0,,0.1585731275123088,30,False,False,https://www.valottery.com/api/v1/latestwinners,,,,,,,https://www.valottery.com/aboutus/casinosandsportsbetting/sportsbetting,,"Mobile Operators | Casino Retail Activity | Total | Nov-24 | Gross sports gaming revenues | $756,761,150 | $4,204,300 | $760,965,450 | Gross winnings | ($671,096,782) | ($3,517,428) | ($674,614,210) | Allowable Bonuses and Promotions | $0 | $0 | $0 | Other deductions | ($5,686,197) | ($20,184) | ($5,706,380) | AGR (Adjusted Gross Revenue) | $79,978,171 | $666,689 | $80,644,860","{""headers"": ["""", ""Mobile Operators"", ""Casino Retail Activity"", ""TotalNov-24""], ""rows"": [[""Gross sports gaming revenues"", ""$756,761,150"", ""$4,204,300"", ""$760,965,450""], [""Gross winnings"", ""($671,096,782)"", ""($3,517,428)"", ""($674,614,210)""], [""Allowable Bonuses and Promotions"", ""$0"", ""$0"", ""$0""], [""Other deductions"", ""($5,686,197)"", ""($20,184)"", ""($5,706,380)""], [""AGR (Adjusted Gross Revenue)"", ""$79,978,171"", ""$666,689"", ""$80,644,860""]], ""highlight"": null}",2026-04-01T21:32:43.728212
VA,2024-10-01,2024-10-31,monthly,ALL,TOTAL,TOTAL,,online,,69217735500,4876946400.0,5401801700,0.0,4876946400.0,63815933800,731438969.0,,0.0704580461173856,31,False,False,https://www.valottery.com/api/v1/latestwinners,,,,,,,https://www.valottery.com/aboutus/casinosandsportsbetting/sportsbetting,,"Mobile Operators | Casino Retail Activity | Total | Oct-24 | Gross sports gaming revenues | $692,177,355 | $3,926,037 | $696,103,392 | Gross winnings | ($638,159,338) | ($3,670,801) | ($641,830,139) | Allowable Bonuses and Promotions | $0 | $0 | $0 | Other deductions | ($5,248,552) | ($22,311) | ($5,270,864) | AGR (Adjusted Gross Revenue) | $48,769,464 | $232,925 | $49,002,389","{""headers"": ["""", ""Mobile Operators"", ""Casino Retail Activity"", ""TotalOct-24""], ""rows"": [[""Gross sports gaming revenues"", ""$692,177,355"", ""$3,926,037"", ""$696,103,392""], [""Gross winnings"", ""($638,159,338)"", ""($3,670,801)"", ""($641,830,139)""], [""Allowable Bonuses and Promotions"", ""$0"", ""$0"", ""$0""], [""Other deductions"", ""($5,248,552)"", ""($22,311)"", ""($5,270,864)""], [""AGR (Adjusted Gross Revenue)"", ""$48,769,464"", ""$232,925"", ""$49,002,389""]], ""highlight"": null}",2026-04-01T21:32:43.746619
VA,2024-10-01,2024-10-31,monthly,ALL,TOTAL,TOTAL,,retail,,392603700,23292500.0,25523600,0.0,23292500.0,367080100,3493383.0,,0.0593282742877869,31,False,False,https://www.valottery.com/api/v1/latestwinners,,,,,,,https://www.valottery.com/aboutus/casinosandsportsbetting/sportsbetting,,"Mobile Operators | Casino Retail Activity | Total | Oct-24 | Gross sports gaming revenues | $692,177,355 | $3,926,037 | $696,103,392 | Gross winnings | ($638,159,338) | ($3,670,801) | ($641,830,139) | Allowable Bonuses and Promotions | $0 | $0 | $0 | Other deductions | ($5,248,552) | ($22,311) | ($5,270,864) | AGR (Adjusted Gross Revenue) | $48,769,464 | $232,925 | $49,002,389","{""headers"": ["""", ""Mobile Operators"", ""Casino Retail Activity"", ""TotalOct-24""], ""rows"": [[""Gross sports gaming revenues"", ""$692,177,355"", ""$3,926,037"", ""$696,103,392""], [""Gross winnings"", ""($638,159,338)"", ""($3,670,801)"", ""($641,830,139)""], [""Allowable Bonuses and Promotions"", ""$0"", ""$0"", ""$0""], [""Other deductions"", ""($5,248,552)"", ""($22,311)"", ""($5,270,864)""], [""AGR (Adjusted Gross Revenue)"", ""$48,769,464"", ""$232,925"", ""$49,002,389""]], ""highlight"": null}",2026-04-01T21:32:43.746619
VA,2024-09-01,2024-09-30,monthly,ALL,TOTAL,TOTAL,,online,,61831821000,6529222100.0,7094047400,142900.0,6529222100.0,54737773600,978936795.0,,0.1055964711115333,30,False,False,https://www.valottery.com/api/v1/latestwinners,,,,,,,https://www.valottery.com/aboutus/casinosandsportsbetting/sportsbetting,,"Mobile Operators | Casino Retail Activity | Total | Sept-24 | Gross sports gaming revenues | $618,318,210 | $3,742,394 | $622,060,604 | Gross winnings | ($547,377,736) | ($3,144,168) | ($550,521,904) | Allowable Bonuses and Promotions | ($1,429) | $0 | ($1,429) | Other deductions | ($5,646,825) | ($26,151) | ($5,672,975) | AGR (Adjusted Gross Revenue) | $65,292,221 | $572,075 | $65,864,297","{""headers"": ["""", ""Mobile Operators"", ""Casino Retail Activity"", ""TotalSept-24""], ""rows"": [[""Gross sports gaming revenues"", ""$618,318,210"", ""$3,742,394"", ""$622,060,604""], [""Gross winnings"", ""($547,377,736)"", ""($3,144,168)"", ""($550,521,904)""], [""Allowable Bonuses and Promotions"", ""($1,429)"", ""$0"", ""($1,429)""], [""Other deductions"", ""($5,646,825)"", ""($26,151)"", ""($5,672,975)""], [""AGR (Adjusted Gross Revenue)"", ""$65,292,221"", ""$572,075"", ""$65,864,297""]], ""highlight"": null}",2026-04-01T21:32:43.765115
VA,2024-09-01,2024-09-30,monthly,ALL,TOTAL,TOTAL,,retail,,374239400,57207500.0,59822600,0.0,57207500.0,314416800,8577213.0,,0.1528633810336378,30,False,False,https://www.valottery.com/api/v1/latestwinners,,,,,,,https://www.valottery.com/aboutus/casinosandsportsbetting/sportsbetting,,"Mobile Operators | Casino Retail Activity | Total | Sept-24 | Gross sports gaming revenues | $618,318,210 | $3,742,394 | $622,060,604 | Gross winnings | ($547,377,736) | ($3,144,168) | ($550,521,904) | Allowable Bonuses and Promotions | ($1,429) | $0 | ($1,429) | Other deductions | ($5,646,825) | ($26,151) | ($5,672,975) | AGR (Adjusted Gross Revenue) | $65,292,221 | $572,075 | $65,864,297","{""headers"": ["""", ""Mobile Operators"", ""Casino Retail Activity"", ""TotalSept-24""], ""rows"": [[""Gross sports gaming revenues"", ""$618,318,210"", ""$3,742,394"", ""$622,060,604""], [""Gross winnings"", ""($547,377,736)"", ""($3,144,168)"", ""($550,521,904)""], [""Allowable Bonuses and Promotions"", ""($1,429)"", ""$0"", ""($1,429)""], [""Other deductions"", ""($5,646,825)"", ""($26,151)"", ""($5,672,975)""], [""AGR (Adjusted Gross Revenue)"", ""$65,292,221"", ""$572,075"", ""$65,864,297""]], ""highlight"": null}",2026-04-01T21:32:43.765115
VA,2024-08-01,2024-08-31,monthly,ALL,TOTAL,TOTAL,,online,,41476584200,3456880100.0,3970581600,605700.0,3456880100.0,37506002600,517972659.0,,0.0833453421171553,31,False,False,https://www.valottery.com/api/v1/latestwinners,,,,,,,https://www.valottery.com/aboutus/casinosandsportsbetting/sportsbetting,,"Mobile Operators | Casino Retail Activity | Total | Aug-24 | Gross sports gaming revenues | $414,765,842 | $1,923,374 | $416,689,217 | Gross winnings | ($375,060,026) | ($1,485,325) | ($376,545,350) | Allowable Bonuses and Promotions | ($6,057) | $0 | ($6,057) | Other deductions | ($5,130,958) | ($22,911) | ($5,153,869) | AGR (Adjusted Gross Revenue) | $34,568,801 | $415,139 | $34,983,940","{""headers"": ["""", ""Mobile Operators"", ""Casino Retail Activity"", ""TotalAug-24""], ""rows"": [[""Gross sports gaming revenues"", ""$414,765,842"", ""$1,923,374"", ""$416,689,217""], [""Gross winnings"", ""($375,060,026)"", ""($1,485,325)"", ""($376,545,350)""], [""Allowable Bonuses and Promotions"", ""($6,057)"", ""$0"", ""($6,057)""], [""Other deductions"", ""($5,130,958)"", ""($22,911)"", ""($5,153,869)""], [""AGR (Adjusted Gross Revenue)"", ""$34,568,801"", ""$415,139"", ""$34,983,940""]], ""highlight"": null}",2026-04-01T21:32:43.783684
VA,2024-08-01,2024-08-31,monthly,ALL,TOTAL,TOTAL,,retail,,192337400,41513900.0,43804900,0.0,41513900.0,148532500,6220368.0,,0.2158389372009811,31,False,False,https://www.valottery.com/api/v1/latestwinners,,,,,,,https://www.valottery.com/aboutus/casinosandsportsbetting/sportsbetting,,"Mobile Operators | Casino Retail Activity | Total | Aug-24 | Gross sports gaming revenues | $414,765,842 | $1,923,374 | $416,689,217 | Gross winnings | ($375,060,026) | ($1,485,325) | ($376,545,350) | Allowable Bonuses and Promotions | ($6,057) | $0 | ($6,057) | Other deductions | ($5,130,958) | ($22,911) | ($5,153,869) | AGR (Adjusted Gross Revenue) | $34,568,801 | $415,139 | $34,983,940","{""headers"": ["""", ""Mobile Operators"", ""Casino Retail Activity"", ""TotalAug-24""], ""rows"": [[""Gross sports gaming revenues"", ""$414,765,842"", ""$1,923,374"", ""$416,689,217""], [""Gross winnings"", ""($375,060,026)"", ""($1,485,325)"", ""($376,545,350)""], [""Allowable Bonuses and Promotions"", ""($6,057)"", ""$0"", ""($6,057)""], [""Other deductions"", ""($5,130,958)"", ""($22,911)"", ""($5,153,869)""], [""AGR (Adjusted Gross Revenue)"", ""$34,568,801"", ""$415,139"", ""$34,983,940""]], ""highlight"": null}",2026-04-01T21:32:43.783684
VA,2024-07-01,2024-07-31,monthly,ALL,TOTAL,TOTAL,,online,,37601145900,4015495000.0,4473072500,743200.0,4015495000.0,33128073400,602185911.0,,0.1067918251927529,31,False,False,https://www.valottery.com/api/v1/latestwinners,,,,,,,https://www.valottery.com/aboutus/casinosandsportsbetting/sportsbetting,,"Mobile Operators | Casino Retail Activity | Total | July-24 | Gross sports gaming revenues | $376,011,459 | $1,630,013 | $377,641,472 | Gross winnings | ($331,280,734) | ($1,394,645) | ($332,675,379) | Allowable Bonuses and Promotions | ($7,432) | $0 | ($7,432) | Other deductions | ($4,568,343) | ($17,004) | ($4,585,347) | AGR (Adjusted Gross Revenue) | $40,154,950 | $218,364 | $40,373,314","{""headers"": ["""", ""Mobile Operators"", ""Casino Retail Activity"", ""TotalJuly-24""], ""rows"": [[""Gross sports gaming revenues"", ""$376,011,459"", ""$1,630,013"", ""$377,641,472""], [""Gross winnings"", ""($331,280,734)"", ""($1,394,645)"", ""($332,675,379)""], [""Allowable Bonuses and Promotions"", ""($7,432)"", ""$0"", ""($7,432)""], [""Other deductions"", ""($4,568,343)"", ""($17,004)"", ""($4,585,347)""], [""AGR (Adjusted Gross Revenue)"", ""$40,154,950"", ""$218,364"", ""$40,373,314""]], ""highlight"": null}",2026-04-01T21:32:43.802083
VA,2024-07-01,2024-07-31,monthly,ALL,TOTAL,TOTAL,,retail,,163001300,21836400.0,23536800,0.0,21836400.0,139464500,3274708.0,,0.1339645757426474,31,False,False,https://www.valottery.com/api/v1/latestwinners,,,,,,,https://www.valottery.com/aboutus/casinosandsportsbetting/sportsbetting,,"Mobile Operators | Casino Retail Activity | Total | July-24 | Gross sports gaming revenues | $376,011,459 | $1,630,013 | $377,641,472 | Gross winnings | ($331,280,734) | ($1,394,645) | ($332,675,379) | Allowable Bonuses and Promotions | ($7,432) | $0 | ($7,432) | Other deductions | ($4,568,343) | ($17,004) | ($4,585,347) | AGR (Adjusted Gross Revenue) | $40,154,950 | $218,364 | $40,373,314","{""headers"": ["""", ""Mobile Operators"", ""Casino Retail Activity"", ""TotalJuly-24""], ""rows"": [[""Gross sports gaming revenues"", ""$376,011,459"", ""$1,630,013"", ""$377,641,472""], [""Gross winnings"", ""($331,280,734)"", ""($1,394,645)"", ""($332,675,379)""], [""Allowable Bonuses and Promotions"", ""($7,432)"", ""$0"", ""($7,432)""], [""Other deductions"", ""($4,568,343)"", ""($17,004)"", ""($4,585,347)""], [""AGR (Adjusted Gross Revenue)"", ""$40,154,950"", ""$218,364"", ""$40,373,314""]], ""highlight"": null}",2026-04-01T21:32:43.802083
VA,2024-06-01,2024-06-30,monthly,ALL,TOTAL,TOTAL,,online,,41297885200,4024220600.0,4523440200,1095600.0,4024220600.0,36774445000,617691513.0,,0.0974437451339517,30,False,False,https://www.valottery.com/api/v1/latestwinners,,,,,,,https://www.valottery.com/aboutus/casinosandsportsbetting/sportsbetting,,"Mobile Operators | Casino Retail Activity | Total | June-24 | Gross sports gaming revenues | $412,978,852 | $2,381,575 | $415,360,427 | Gross winnings | ($367,744,450) | ($2,125,229) | ($369,869,678) | Allowable Bonuses and Promotions | ($10,956) | $0 | ($10,956) | Other deductions | ($4,981,241) | ($26,116) | ($5,007,357) | AGR (Adjusted Gross Revenue) | $40,242,206 | $230,230 | $40,472,436","{""headers"": ["""", ""Mobile Operators"", ""Casino Retail Activity"", ""TotalJune-24""], ""rows"": [[""Gross sports gaming revenues"", ""$412,978,852"", ""$2,381,575"", ""$415,360,427""], [""Gross winnings"", ""($367,744,450)"", ""($2,125,229)"", ""($369,869,678)""], [""Allowable Bonuses and Promotions"", ""($10,956)"", ""$0"", ""($10,956)""], [""Other deductions"", ""($4,981,241)"", ""($26,116)"", ""($5,007,357)""], [""AGR (Adjusted Gross Revenue)"", ""$40,242,206"", ""$230,230"", ""$40,472,436""]], ""highlight"": null}",2026-04-01T21:32:43.821711
VA,2024-06-01,2024-06-30,monthly,ALL,TOTAL,TOTAL,,retail,,238157500,23023000.0,25634600,0.0,23023000.0,212522900,3533880.0,,0.0966713204497024,30,False,False,https://www.valottery.com/api/v1/latestwinners,,,,,,,https://www.valottery.com/aboutus/casinosandsportsbetting/sportsbetting,,"Mobile Operators | Casino Retail Activity | Total | June-24 | Gross sports gaming revenues | $412,978,852 | $2,381,575 | $415,360,427 | Gross winnings | ($367,744,450) | ($2,125,229) | ($369,869,678) | Allowable Bonuses and Promotions | ($10,956) | $0 | ($10,956) | Other deductions | ($4,981,241) | ($26,116) | ($5,007,357) | AGR (Adjusted Gross Revenue) | $40,242,206 | $230,230 | $40,472,436","{""headers"": ["""", ""Mobile Operators"", ""Casino Retail Activity"", ""TotalJune-24""], ""rows"": [[""Gross sports gaming revenues"", ""$412,978,852"", ""$2,381,575"", ""$415,360,427""], [""Gross winnings"", ""($367,744,450)"", ""($2,125,229)"", ""($369,869,678)""], [""Allowable Bonuses and Promotions"", ""($10,956)"", ""$0"", ""($10,956)""], [""Other deductions"", ""($4,981,241)"", ""($26,116)"", ""($5,007,357)""], [""AGR (Adjusted Gross Revenue)"", ""$40,242,206"", ""$230,230"", ""$40,472,436""]], ""highlight"": null}",2026-04-01T21:32:43.821711
VA,2024-05-01,2024-05-31,monthly,ALL,TOTAL,TOTAL,,online,,50135012900,5356197700.0,5953484400,1170500.0,5356197700.0,44181528500,803178457.0,,0.1068354706656513,31,False,False,https://www.valottery.com/api/v1/latestwinners,,,,,,,https://www.valottery.com/aboutus/casinosandsportsbetting/sportsbetting,,"Mobile Operators | Casino Retail Activity | Total | May-24 | Gross sports gaming revenues | $501,350,129 | $4,244,320 | $505,594,450 | Gross winnings | ($441,815,285) | ($3,812,166) | ($445,627,451) | Allowable Bonuses and Promotions | ($11,705) | $0 | ($11,705) | Other deductions | ($5,961,163) | ($61,437) | ($6,022,600) | AGR (Adjusted Gross Revenue) | $53,561,977 | $370,718 | $53,932,694","{""headers"": ["""", ""Mobile Operators"", ""Casino Retail Activity"", ""TotalMay-24""], ""rows"": [[""Gross sports gaming revenues"", ""$501,350,129"", ""$4,244,320"", ""$505,594,450""], [""Gross winnings"", ""($441,815,285)"", ""($3,812,166)"", ""($445,627,451)""], [""Allowable Bonuses and Promotions"", ""($11,705)"", ""$0"", ""($11,705)""], [""Other deductions"", ""($5,961,163)"", ""($61,437)"", ""($6,022,600)""], [""AGR (Adjusted Gross Revenue)"", ""$53,561,977"", ""$370,718"", ""$53,932,694""]], ""highlight"": null}",2026-04-01T21:32:43.840053
VA,2024-05-01,2024-05-31,monthly,ALL,TOTAL,TOTAL,,retail,,424432000,37071800.0,43215400,0.0,37071800.0,381216600,5559031.0,,0.0873444980585818,31,False,False,https://www.valottery.com/api/v1/latestwinners,,,,,,,https://www.valottery.com/aboutus/casinosandsportsbetting/sportsbetting,,"Mobile Operators | Casino Retail Activity | Total | May-24 | Gross sports gaming revenues | $501,350,129 | $4,244,320 | $505,594,450 | Gross winnings | ($441,815,285) | ($3,812,166) | ($445,627,451) | Allowable Bonuses and Promotions | ($11,705) | $0 | ($11,705) | Other deductions | ($5,961,163) | ($61,437) | ($6,022,600) | AGR (Adjusted Gross Revenue) | $53,561,977 | $370,718 | $53,932,694","{""headers"": ["""", ""Mobile Operators"", ""Casino Retail Activity"", ""TotalMay-24""], ""rows"": [[""Gross sports gaming revenues"", ""$501,350,129"", ""$4,244,320"", ""$505,594,450""], [""Gross winnings"", ""($441,815,285)"", ""($3,812,166)"", ""($445,627,451)""], [""Allowable Bonuses and Promotions"", ""($11,705)"", ""$0"", ""($11,705)""], [""Other deductions"", ""($5,961,163)"", ""($61,437)"", ""($6,022,600)""], [""AGR (Adjusted Gross Revenue)"", ""$53,561,977"", ""$370,718"", ""$53,932,694""]], ""highlight"": null}",2026-04-01T21:32:43.840053
VA,2024-04-01,2024-04-30,monthly,ALL,TOTAL,TOTAL,,online,,55931291200,5451901800.0,6043898900,1118500.0,5451901800.0,49887392300,819380893.0,,0.0974749855229517,30,False,False,https://www.valottery.com/api/v1/latestwinners,,,,,,,https://www.valottery.com/aboutus/casinosandsportsbetting/sportsbetting,,"Mobile Operators | Casino Retail Activity | Total | Apr-24 | Gross sports gaming revenues | $559,312,912 | $4,182,628 | $563,495,540 | Gross winnings | ($498,873,923) | ($4,027,033) | ($502,900,955) | Allowable Bonuses and Promotions | ($11,185) | $0 | ($11,185) | Other deductions | ($5,908,786) | ($45,388) | ($5,954,174) | AGR (Adjusted Gross Revenue) | $54,519,018 | $110,208 | $54,629,226","{""headers"": ["""", ""Mobile Operators"", ""Casino Retail Activity"", ""TotalApr-24""], ""rows"": [[""Gross sports gaming revenues"", ""$559,312,912"", ""$4,182,628"", ""$563,495,540""], [""Gross winnings"", ""($498,873,923)"", ""($4,027,033)"", ""($502,900,955)""], [""Allowable Bonuses and Promotions"", ""($11,185)"", ""$0"", ""($11,185)""], [""Other deductions"", ""($5,908,786)"", ""($45,388)"", ""($5,954,174)""], [""AGR (Adjusted Gross Revenue)"", ""$54,519,018"", ""$110,208"", ""$54,629,226""]], ""highlight"": null}",2026-04-01T21:32:43.858606
VA,2024-04-01,2024-04-30,monthly,ALL,TOTAL,TOTAL,,retail,,418262800,11020800.0,15559500,0.0,11020800.0,402703300,1656345.0,,0.0263489844184087,30,False,False,https://www.valottery.com/api/v1/latestwinners,,,,,,,https://www.valottery.com/aboutus/casinosandsportsbetting/sportsbetting,,"Mobile Operators | Casino Retail Activity | Total | Apr-24 | Gross sports gaming revenues | $559,312,912 | $4,182,628 | $563,495,540 | Gross winnings | ($498,873,923) | ($4,027,033) | ($502,900,955) | Allowable Bonuses and Promotions | ($11,185) | $0 | ($11,185) | Other deductions | ($5,908,786) | ($45,388) | ($5,954,174) | AGR (Adjusted Gross Revenue) | $54,519,018 | $110,208 | $54,629,226","{""headers"": ["""", ""Mobile Operators"", ""Casino Retail Activity"", ""TotalApr-24""], ""rows"": [[""Gross sports gaming revenues"", ""$559,312,912"", ""$4,182,628"", ""$563,495,540""], [""Gross winnings"", ""($498,873,923)"", ""($4,027,033)"", ""($502,900,955)""], [""Allowable Bonuses and Promotions"", ""($11,185)"", ""$0"", ""($11,185)""], [""Other deductions"", ""($5,908,786)"", ""($45,388)"", ""($5,954,174)""], [""AGR (Adjusted Gross Revenue)"", ""$54,519,018"", ""$110,208"", ""$54,629,226""]], ""highlight"": null}",2026-04-01T21:32:43.858606
VA,2024-03-01,2024-03-31,monthly,ALL,TOTAL,TOTAL,,online,,62966326600,4195643200.0,4715212100,1297300.0,4195643200.0,58251114500,618046743.0,,0.0666331264114111,31,False,False,https://www.valottery.com/api/v1/latestwinners,,,,,,,https://www.valottery.com/aboutus/casinosandsportsbetting/sportsbetting,,"Mobile Operators | Casino Retail Activity | Total | Mar-24 | Gross sports gaming revenues | $629,663,266 | $5,929,871 | $635,593,137 | Gross winnings | ($582,511,145) | ($5,387,333) | ($587,898,478) | Allowable Bonuses and Promotions | ($12,973) | $0 | ($12,973) | Other deductions | ($5,182,715) | ($63,163) | ($5,245,877) | AGR (Adjusted Gross Revenue) | $41,956,432 | $479,376 | $42,435,808","{""headers"": ["""", ""Mobile Operators"", ""Casino Retail Activity"", ""TotalMar-24""], ""rows"": [[""Gross sports gaming revenues"", ""$629,663,266"", ""$5,929,871"", ""$635,593,137""], [""Gross winnings"", ""($582,511,145)"", ""($5,387,333)"", ""($587,898,478)""], [""Allowable Bonuses and Promotions"", ""($12,973)"", ""$0"", ""($12,973)""], [""Other deductions"", ""($5,182,715)"", ""($63,163)"", ""($5,245,877)""], [""AGR (Adjusted Gross Revenue)"", ""$41,956,432"", ""$479,376"", ""$42,435,808""]], ""highlight"": null}",2026-04-01T21:32:43.876968
VA,2024-03-01,2024-03-31,monthly,ALL,TOTAL,TOTAL,,retail,,592987100,47937600.0,54253800,0.0,47937600.0,538733300,7061534.0,,0.0808408816987755,31,False,False,https://www.valottery.com/api/v1/latestwinners,,,,,,,https://www.valottery.com/aboutus/casinosandsportsbetting/sportsbetting,,"Mobile Operators | Casino Retail Activity | Total | Mar-24 | Gross sports gaming revenues | $629,663,266 | $5,929,871 | $635,593,137 | Gross winnings | ($582,511,145) | ($5,387,333) | ($587,898,478) | Allowable Bonuses and Promotions | ($12,973) | $0 | ($12,973) | Other deductions | ($5,182,715) | ($63,163) | ($5,245,877) | AGR (Adjusted Gross Revenue) | $41,956,432 | $479,376 | $42,435,808","{""headers"": ["""", ""Mobile Operators"", ""Casino Retail Activity"", ""TotalMar-24""], ""rows"": [[""Gross sports gaming revenues"", ""$629,663,266"", ""$5,929,871"", ""$635,593,137""], [""Gross winnings"", ""($582,511,145)"", ""($5,387,333)"", ""($587,898,478)""], [""Allowable Bonuses and Promotions"", ""($12,973)"", ""$0"", ""($12,973)""], [""Other deductions"", ""($5,182,715)"", ""($63,163)"", ""($5,245,877)""], [""AGR (Adjusted Gross Revenue)"", ""$41,956,432"", ""$479,376"", ""$42,435,808""]], ""highlight"": null}",2026-04-01T21:32:43.876968
VA,2024-02-01,2024-02-29,monthly,ALL,TOTAL,TOTAL,,online,,54013828900,4416497000.0,4971572300,2098100.0,4416497000.0,49042256600,630161361.0,,0.0817660419552297,29,False,False,https://www.valottery.com/api/v1/latestwinners,,,,,,,https://www.valottery.com/aboutus/casinosandsportsbetting/sportsbetting,,"Mobile Operators | Casino Retail Activity | Total | Feb-24 | Gross sports gaming revenues | $540,138,289 | $4,930,140 | $545,068,429 | Gross winnings | ($490,422,566) | ($4,605,066) | ($495,027,632) | Allowable Bonuses and Promotions | ($20,981) | $0 | ($20,981) | Other deductions | ($5,529,773) | ($35,526) | ($5,565,298) | AGR (Adjusted Gross Revenue) | $44,164,970 | $289,548 | $44,454,518","{""headers"": ["""", ""Mobile Operators"", ""Casino Retail Activity"", ""TotalFeb-24""], ""rows"": [[""Gross sports gaming revenues"", ""$540,138,289"", ""$4,930,140"", ""$545,068,429""], [""Gross winnings"", ""($490,422,566)"", ""($4,605,066)"", ""($495,027,632)""], [""Allowable Bonuses and Promotions"", ""($20,981)"", ""$0"", ""($20,981)""], [""Other deductions"", ""($5,529,773)"", ""($35,526)"", ""($5,565,298)""], [""AGR (Adjusted Gross Revenue)"", ""$44,164,970"", ""$289,548"", ""$44,454,518""]], ""highlight"": null}",2026-04-01T21:32:43.895508
VA,2024-02-01,2024-02-29,monthly,ALL,TOTAL,TOTAL,,retail,,493014000,28954800.0,32507400,0.0,28954800.0,460506600,4131373.0,,0.0587301780476822,29,False,False,https://www.valottery.com/api/v1/latestwinners,,,,,,,https://www.valottery.com/aboutus/casinosandsportsbetting/sportsbetting,,"Mobile Operators | Casino Retail Activity | Total | Feb-24 | Gross sports gaming revenues | $540,138,289 | $4,930,140 | $545,068,429 | Gross winnings | ($490,422,566) | ($4,605,066) | ($495,027,632) | Allowable Bonuses and Promotions | ($20,981) | $0 | ($20,981) | Other deductions | ($5,529,773) | ($35,526) | ($5,565,298) | AGR (Adjusted Gross Revenue) | $44,164,970 | $289,548 | $44,454,518","{""headers"": ["""", ""Mobile Operators"", ""Casino Retail Activity"", ""TotalFeb-24""], ""rows"": [[""Gross sports gaming revenues"", ""$540,138,289"", ""$4,930,140"", ""$545,068,429""], [""Gross winnings"", ""($490,422,566)"", ""($4,605,066)"", ""($495,027,632)""], [""Allowable Bonuses and Promotions"", ""($20,981)"", ""$0"", ""($20,981)""], [""Other deductions"", ""($5,529,773)"", ""($35,526)"", ""($5,565,298)""], [""AGR (Adjusted Gross Revenue)"", ""$44,164,970"", ""$289,548"", ""$44,454,518""]], ""highlight"": null}",2026-04-01T21:32:43.895508
VA,2024-01-01,2024-01-31,monthly,ALL,TOTAL,TOTAL,,online,,64624629300,6662775500.0,7340293900,167595600.0,6662775500.0,57284335400,980271446.0,,0.1030996320159936,31,False,False,https://www.valottery.com/api/v1/latestwinners,,,,,,,https://www.valottery.com/aboutus/casinosandsportsbetting/sportsbetting,,"Mobile Operators | Casino Retail Activity | Total | Jan-24 | Gross sports gaming revenues | $646,246,293 | $6,633,458 | $652,879,750 | Gross winnings | ($572,843,354) | ($5,699,106) | ($578,542,460) | Allowable Bonuses and Promotions | ($1,675,956) | $0 | ($1,675,956) | Other deductions | ($5,099,228) | ($54,783) | ($5,154,011) | AGR (Adjusted Gross Revenue) | $66,627,755 | $879,569 | $67,507,323","{""headers"": ["""", ""Mobile Operators"", ""Casino Retail Activity"", ""TotalJan-24""], ""rows"": [[""Gross sports gaming revenues"", ""$646,246,293"", ""$6,633,458"", ""$652,879,750""], [""Gross winnings"", ""($572,843,354)"", ""($5,699,106)"", ""($578,542,460)""], [""Allowable Bonuses and Promotions"", ""($1,675,956)"", ""$0"", ""($1,675,956)""], [""Other deductions"", ""($5,099,228)"", ""($54,783)"", ""($5,154,011)""], [""AGR (Adjusted Gross Revenue)"", ""$66,627,755"", ""$879,569"", ""$67,507,323""]], ""highlight"": null}",2026-04-01T21:32:43.913781
VA,2024-01-01,2024-01-31,monthly,ALL,TOTAL,TOTAL,,retail,,663345800,87956900.0,93435200,0.0,87956900.0,569910600,12940799.0,,0.1325958497061412,31,False,False,https://www.valottery.com/api/v1/latestwinners,,,,,,,https://www.valottery.com/aboutus/casinosandsportsbetting/sportsbetting,,"Mobile Operators | Casino Retail Activity | Total | Jan-24 | Gross sports gaming revenues | $646,246,293 | $6,633,458 | $652,879,750 | Gross winnings | ($572,843,354) | ($5,699,106) | ($578,542,460) | Allowable Bonuses and Promotions | ($1,675,956) | $0 | ($1,675,956) | Other deductions | ($5,099,228) | ($54,783) | ($5,154,011) | AGR (Adjusted Gross Revenue) | $66,627,755 | $879,569 | $67,507,323","{""headers"": ["""", ""Mobile Operators"", ""Casino Retail Activity"", ""TotalJan-24""], ""rows"": [[""Gross sports gaming revenues"", ""$646,246,293"", ""$6,633,458"", ""$652,879,750""], [""Gross winnings"", ""($572,843,354)"", ""($5,699,106)"", ""($578,542,460)""], [""Allowable Bonuses and Promotions"", ""($1,675,956)"", ""$0"", ""($1,675,956)""], [""Other deductions"", ""($5,099,228)"", ""($54,783)"", ""($5,154,011)""], [""AGR (Adjusted Gross Revenue)"", ""$66,627,755"", ""$879,569"", ""$67,507,323""]], ""highlight"": null}",2026-04-01T21:32:43.913781
VA,2023-12-01,2023-12-31,monthly,ALL,TOTAL,TOTAL,,online,,62551640300,5627189000.0,6263570900,187743600.0,5627189000.0,56288069400,833016601.0,,0.0899606944440112,31,False,False,https://www.valottery.com/api/v1/latestwinners,,,,,,,https://www.valottery.com/aboutus/casinosandsportsbetting/sportsbetting,,"Mobile Operators | Casino Retail Activity | Total | Dec-23 | Gross sports gaming revenues | $625,516,403 | $7,665,355 | $633,181,758 | Gross winnings | ($562,880,694) | ($6,694,053) | ($569,574,747) | Allowable Bonuses and Promotions | ($1,877,436) | $0 | ($1,877,436) | Other deductions | ($4,486,382) | ($55,231) | ($4,541,613) | AGR (Adjusted Gross Revenue) | $56,271,890 | $916,071 | $57,187,962","{""headers"": ["""", ""Mobile Operators"", ""Casino Retail Activity"", ""TotalDec-23""], ""rows"": [[""Gross sports gaming revenues"", ""$625,516,403"", ""$7,665,355"", ""$633,181,758""], [""Gross winnings"", ""($562,880,694)"", ""($6,694,053)"", ""($569,574,747)""], [""Allowable Bonuses and Promotions"", ""($1,877,436)"", ""$0"", ""($1,877,436)""], [""Other deductions"", ""($4,486,382)"", ""($55,231)"", ""($4,541,613)""], [""AGR (Adjusted Gross Revenue)"", ""$56,271,890"", ""$916,071"", ""$57,187,962""]], ""highlight"": null}",2026-04-01T21:32:43.995552
VA,2023-12-01,2023-12-31,monthly,ALL,TOTAL,TOTAL,,retail,,766535500,91607100.0,97130200,0.0,91607100.0,669405300,13560987.0,,0.1195079679936545,31,False,False,https://www.valottery.com/api/v1/latestwinners,,,,,,,https://www.valottery.com/aboutus/casinosandsportsbetting/sportsbetting,,"Mobile Operators | Casino Retail Activity | Total | Dec-23 | Gross sports gaming revenues | $625,516,403 | $7,665,355 | $633,181,758 | Gross winnings | ($562,880,694) | ($6,694,053) | ($569,574,747) | Allowable Bonuses and Promotions | ($1,877,436) | $0 | ($1,877,436) | Other deductions | ($4,486,382) | ($55,231) | ($4,541,613) | AGR (Adjusted Gross Revenue) | $56,271,890 | $916,071 | $57,187,962","{""headers"": ["""", ""Mobile Operators"", ""Casino Retail Activity"", ""TotalDec-23""], ""rows"": [[""Gross sports gaming revenues"", ""$625,516,403"", ""$7,665,355"", ""$633,181,758""], [""Gross winnings"", ""($562,880,694)"", ""($6,694,053)"", ""($569,574,747)""], [""Allowable Bonuses and Promotions"", ""($1,877,436)"", ""$0"", ""($1,877,436)""], [""Other deductions"", ""($4,486,382)"", ""($55,231)"", ""($4,541,613)""], [""AGR (Adjusted Gross Revenue)"", ""$56,271,890"", ""$916,071"", ""$57,187,962""]], ""highlight"": null}",2026-04-01T21:32:43.995552
VA,2023-11-01,2023-11-30,monthly,ALL,TOTAL,TOTAL,,online,,63223309300,3597486300.0,4253066700,145489600.0,3597486300.0,58970242600,542325580.0,,0.0569012653692267,30,False,False,https://www.valottery.com/api/v1/latestwinners,,,,,,,https://www.valottery.com/aboutus/casinosandsportsbetting/sportsbetting,,"Mobile Operators | Casino Retail Activity | Total | Nov-23 | Gross sports gaming revenues | $632,233,093 | $6,597,964 | $638,831,057 | Gross winnings | ($589,702,426) | ($6,125,387) | ($595,827,813) | Allowable Bonuses and Promotions | ($1,454,896) | $0 | ($1,454,896) | Other deductions | ($5,100,909) | ($92,505) | ($5,193,413) | AGR (Adjusted Gross Revenue) | $35,974,863 | $380,072 | $36,354,936","{""headers"": ["""", ""Mobile Operators"", ""Casino Retail Activity"", ""TotalNov-23""], ""rows"": [[""Gross sports gaming revenues"", ""$632,233,093"", ""$6,597,964"", ""$638,831,057""], [""Gross winnings"", ""($589,702,426)"", ""($6,125,387)"", ""($595,827,813)""], [""Allowable Bonuses and Promotions"", ""($1,454,896)"", ""$0"", ""($1,454,896)""], [""Other deductions"", ""($5,100,909)"", ""($92,505)"", ""($5,193,413)""], [""AGR (Adjusted Gross Revenue)"", ""$35,974,863"", ""$380,072"", ""$36,354,936""]], ""highlight"": null}",2026-04-01T21:32:44.014308
VA,2023-11-01,2023-11-30,monthly,ALL,TOTAL,TOTAL,,retail,,659796400,38007200.0,47257700,0.0,38007200.0,612538700,5729633.0,,0.0576044367626134,30,False,False,https://www.valottery.com/api/v1/latestwinners,,,,,,,https://www.valottery.com/aboutus/casinosandsportsbetting/sportsbetting,,"Mobile Operators | Casino Retail Activity | Total | Nov-23 | Gross sports gaming revenues | $632,233,093 | $6,597,964 | $638,831,057 | Gross winnings | ($589,702,426) | ($6,125,387) | ($595,827,813) | Allowable Bonuses and Promotions | ($1,454,896) | $0 | ($1,454,896) | Other deductions | ($5,100,909) | ($92,505) | ($5,193,413) | AGR (Adjusted Gross Revenue) | $35,974,863 | $380,072 | $36,354,936","{""headers"": ["""", ""Mobile Operators"", ""Casino Retail Activity"", ""TotalNov-23""], ""rows"": [[""Gross sports gaming revenues"", ""$632,233,093"", ""$6,597,964"", ""$638,831,057""], [""Gross winnings"", ""($589,702,426)"", ""($6,125,387)"", ""($595,827,813)""], [""Allowable Bonuses and Promotions"", ""($1,454,896)"", ""$0"", ""($1,454,896)""], [""Other deductions"", ""($5,100,909)"", ""($92,505)"", ""($5,193,413)""], [""AGR (Adjusted Gross Revenue)"", ""$35,974,863"", ""$380,072"", ""$36,354,936""]], ""highlight"": null}",2026-04-01T21:32:44.014308
VA,2023-10-01,2023-10-31,monthly,ALL,TOTAL,TOTAL,,online,,56556900100,5556258800.0,6313415200,279878700.0,5556258800.0,50243484900,842861343.0,,0.098241926098775,31,False,False,https://www.valottery.com/api/v1/latestwinners,,,,,,,https://www.valottery.com/aboutus/casinosandsportsbetting/sportsbetting,,"Mobile Operators | Casino Retail Activity | Total | Oct-23 | Gross sports gaming revenues | $565,569,001 | $5,785,816 | $571,354,817 | Gross winnings | ($502,434,849) | ($4,923,016) | ($507,357,865) | Allowable Bonuses and Promotions | ($2,798,787) | $0 | ($2,798,787) | Other deductions | ($4,772,777) | ($61,305) | ($4,834,082) | AGR (Adjusted Gross Revenue) | $55,562,588 | $801,495 | $56,364,083","{""headers"": ["""", ""Mobile Operators"", ""Casino Retail Activity"", ""TotalOct-23""], ""rows"": [[""Gross sports gaming revenues"", ""$565,569,001"", ""$5,785,816"", ""$571,354,817""], [""Gross winnings"", ""($502,434,849)"", ""($4,923,016)"", ""($507,357,865)""], [""Allowable Bonuses and Promotions"", ""($2,798,787)"", ""$0"", ""($2,798,787)""], [""Other deductions"", ""($4,772,777)"", ""($61,305)"", ""($4,834,082)""], [""AGR (Adjusted Gross Revenue)"", ""$55,562,588"", ""$801,495"", ""$56,364,083""]], ""highlight"": null}",2026-04-01T21:32:44.032712
VA,2023-10-01,2023-10-31,monthly,ALL,TOTAL,TOTAL,,retail,,578581600,80149500.0,86280000,0.0,80149500.0,492301600,12158346.0,,0.1385275646512091,31,False,False,https://www.valottery.com/api/v1/latestwinners,,,,,,,https://www.valottery.com/aboutus/casinosandsportsbetting/sportsbetting,,"Mobile Operators | Casino Retail Activity | Total | Oct-23 | Gross sports gaming revenues | $565,569,001 | $5,785,816 | $571,354,817 | Gross winnings | ($502,434,849) | ($4,923,016) | ($507,357,865) | Allowable Bonuses and Promotions | ($2,798,787) | $0 | ($2,798,787) | Other deductions | ($4,772,777) | ($61,305) | ($4,834,082) | AGR (Adjusted Gross Revenue) | $55,562,588 | $801,495 | $56,364,083","{""headers"": ["""", ""Mobile Operators"", ""Casino Retail Activity"", ""TotalOct-23""], ""rows"": [[""Gross sports gaming revenues"", ""$565,569,001"", ""$5,785,816"", ""$571,354,817""], [""Gross winnings"", ""($502,434,849)"", ""($4,923,016)"", ""($507,357,865)""], [""Allowable Bonuses and Promotions"", ""($2,798,787)"", ""$0"", ""($2,798,787)""], [""Other deductions"", ""($4,772,777)"", ""($61,305)"", ""($4,834,082)""], [""AGR (Adjusted Gross Revenue)"", ""$55,562,588"", ""$801,495"", ""$56,364,083""]], ""highlight"": null}",2026-04-01T21:32:44.032712
VA,2023-09-01,2023-09-30,monthly,ALL,TOTAL,TOTAL,,online,,51470040200,4478154400.0,5318513300,368488700.0,4478154400.0,46151526900,691170577.0,,0.0870050690187726,30,False,False,https://www.valottery.com/api/v1/latestwinners,,,,,,,https://www.valottery.com/aboutus/casinosandsportsbetting/sportsbetting,,"Mobile Operators | Casino Retail Activity | Total | Sept-23 | Gross sports gaming revenues | $514,700,402 | $5,603,785 | $520,304,187 | Gross winnings | ($461,515,269) | ($4,707,504) | ($466,222,773) | Allowable Bonuses and Promotions | ($3,684,887) | $0 | ($3,684,887) | Other deductions | ($4,718,702) | ($61,606) | ($4,780,308) | AGR (Adjusted Gross Revenue) | $44,781,544 | $834,675 | $45,616,219","{""headers"": ["""", ""Mobile Operators"", ""Casino Retail Activity"", ""TotalSept-23""], ""rows"": [[""Gross sports gaming revenues"", ""$514,700,402"", ""$5,603,785"", ""$520,304,187""], [""Gross winnings"", ""($461,515,269)"", ""($4,707,504)"", ""($466,222,773)""], [""Allowable Bonuses and Promotions"", ""($3,684,887)"", ""$0"", ""($3,684,887)""], [""Other deductions"", ""($4,718,702)"", ""($61,606)"", ""($4,780,308)""], [""AGR (Adjusted Gross Revenue)"", ""$44,781,544"", ""$834,675"", ""$45,616,219""]], ""highlight"": null}",2026-04-01T21:32:44.051137
VA,2023-09-01,2023-09-30,monthly,ALL,TOTAL,TOTAL,,retail,,560378500,83467500.0,89628100,0.0,83467500.0,470750400,12882602.0,,0.1489484339602607,30,False,False,https://www.valottery.com/api/v1/latestwinners,,,,,,,https://www.valottery.com/aboutus/casinosandsportsbetting/sportsbetting,,"Mobile Operators | Casino Retail Activity | Total | Sept-23 | Gross sports gaming revenues | $514,700,402 | $5,603,785 | $520,304,187 | Gross winnings | ($461,515,269) | ($4,707,504) | ($466,222,773) | Allowable Bonuses and Promotions | ($3,684,887) | $0 | ($3,684,887) | Other deductions | ($4,718,702) | ($61,606) | ($4,780,308) | AGR (Adjusted Gross Revenue) | $44,781,544 | $834,675 | $45,616,219","{""headers"": ["""", ""Mobile Operators"", ""Casino Retail Activity"", ""TotalSept-23""], ""rows"": [[""Gross sports gaming revenues"", ""$514,700,402"", ""$5,603,785"", ""$520,304,187""], [""Gross winnings"", ""($461,515,269)"", ""($4,707,504)"", ""($466,222,773)""], [""Allowable Bonuses and Promotions"", ""($3,684,887)"", ""$0"", ""($3,684,887)""], [""Other deductions"", ""($4,718,702)"", ""($61,606)"", ""($4,780,308)""], [""AGR (Adjusted Gross Revenue)"", ""$44,781,544"", ""$834,675"", ""$45,616,219""]], ""highlight"": null}",2026-04-01T21:32:44.051137
VA,2023-08-01,2023-08-31,monthly,ALL,TOTAL,TOTAL,,online,,31564787700,2749479000.0,3192581900,74307600.0,2749479000.0,28372205800,409411681.0,,0.0871058923675257,31,False,False,https://www.valottery.com/api/v1/latestwinners,,,,,,,https://www.valottery.com/aboutus/casinosandsportsbetting/sportsbetting,,"Mobile Operators | Casino Retail Activity | Total | Aug-23 | Gross sports gaming revenues | $315,647,877 | $3,358,066 | $319,005,942 | Gross winnings | ($283,722,058) | ($2,923,996) | ($286,646,054) | Allowable Bonuses and Promotions | ($743,076) | $0 | ($743,076) | Other deductions | ($3,687,953) | ($23,716) | ($3,711,669) | AGR (Adjusted Gross Revenue) | $27,494,790 | $410,354 | $27,905,144","{""headers"": ["""", ""Mobile Operators"", ""Casino Retail Activity"", ""TotalAug-23""], ""rows"": [[""Gross sports gaming revenues"", ""$315,647,877"", ""$3,358,066"", ""$319,005,942""], [""Gross winnings"", ""($283,722,058)"", ""($2,923,996)"", ""($286,646,054)""], [""Allowable Bonuses and Promotions"", ""($743,076)"", ""$0"", ""($743,076)""], [""Other deductions"", ""($3,687,953)"", ""($23,716)"", ""($3,711,669)""], [""AGR (Adjusted Gross Revenue)"", ""$27,494,790"", ""$410,354"", ""$27,905,144""]], ""highlight"": null}",2026-04-01T21:32:44.070504
VA,2023-08-01,2023-08-31,monthly,ALL,TOTAL,TOTAL,,retail,,335806600,41035400.0,43407000,0.0,41035400.0,292399600,6110384.0,,0.1221995041193353,31,False,False,https://www.valottery.com/api/v1/latestwinners,,,,,,,https://www.valottery.com/aboutus/casinosandsportsbetting/sportsbetting,,"Mobile Operators | Casino Retail Activity | Total | Aug-23 | Gross sports gaming revenues | $315,647,877 | $3,358,066 | $319,005,942 | Gross winnings | ($283,722,058) | ($2,923,996) | ($286,646,054) | Allowable Bonuses and Promotions | ($743,076) | $0 | ($743,076) | Other deductions | ($3,687,953) | ($23,716) | ($3,711,669) | AGR (Adjusted Gross Revenue) | $27,494,790 | $410,354 | $27,905,144","{""headers"": ["""", ""Mobile Operators"", ""Casino Retail Activity"", ""TotalAug-23""], ""rows"": [[""Gross sports gaming revenues"", ""$315,647,877"", ""$3,358,066"", ""$319,005,942""], [""Gross winnings"", ""($283,722,058)"", ""($2,923,996)"", ""($286,646,054)""], [""Allowable Bonuses and Promotions"", ""($743,076)"", ""$0"", ""($743,076)""], [""Other deductions"", ""($3,687,953)"", ""($23,716)"", ""($3,711,669)""], [""AGR (Adjusted Gross Revenue)"", ""$27,494,790"", ""$410,354"", ""$27,905,144""]], ""highlight"": null}",2026-04-01T21:32:44.070504
VA,2023-07-01,2023-07-31,monthly,ALL,TOTAL,TOTAL,,online,,29099914300,2763185000.0,3187334400,82733200.0,2763185000.0,25912579900,403074616.0,,0.094955090640937,31,False,False,https://www.valottery.com/api/v1/latestwinners,,,,,,,https://www.valottery.com/aboutus/casinosandsportsbetting/sportsbetting,,"Mobile Operators | Casino Retail Activity | Total | July-23 | Gross sports gaming revenues | $290,999,143 | $2,612,646 | $293,611,789 | Gross winnings | ($259,125,799) | ($2,014,594) | ($261,140,393) | Allowable Bonuses and Promotions | ($827,332) | $0 | ($827,332) | Other deductions | ($3,414,163) | ($18,975) | ($3,433,137) | AGR (Adjusted Gross Revenue) | $27,631,850 | $579,077 | $28,210,927","{""headers"": ["""", ""Mobile Operators"", ""Casino Retail Activity"", ""TotalJuly-23""], ""rows"": [[""Gross sports gaming revenues"", ""$290,999,143"", ""$2,612,646"", ""$293,611,789""], [""Gross winnings"", ""($259,125,799)"", ""($2,014,594)"", ""($261,140,393)""], [""Allowable Bonuses and Promotions"", ""($827,332)"", ""$0"", ""($827,332)""], [""Other deductions"", ""($3,414,163)"", ""($18,975)"", ""($3,433,137)""], [""AGR (Adjusted Gross Revenue)"", ""$27,631,850"", ""$579,077"", ""$28,210,927""]], ""highlight"": null}",2026-04-01T21:32:44.088891
VA,2023-07-01,2023-07-31,monthly,ALL,TOTAL,TOTAL,,retail,,261264600,57907700.0,59805200,0.0,57907700.0,201459400,8447181.0,,0.2216438813371578,31,False,False,https://www.valottery.com/api/v1/latestwinners,,,,,,,https://www.valottery.com/aboutus/casinosandsportsbetting/sportsbetting,,"Mobile Operators | Casino Retail Activity | Total | July-23 | Gross sports gaming revenues | $290,999,143 | $2,612,646 | $293,611,789 | Gross winnings | ($259,125,799) | ($2,014,594) | ($261,140,393) | Allowable Bonuses and Promotions | ($827,332) | $0 | ($827,332) | Other deductions | ($3,414,163) | ($18,975) | ($3,433,137) | AGR (Adjusted Gross Revenue) | $27,631,850 | $579,077 | $28,210,927","{""headers"": ["""", ""Mobile Operators"", ""Casino Retail Activity"", ""TotalJuly-23""], ""rows"": [[""Gross sports gaming revenues"", ""$290,999,143"", ""$2,612,646"", ""$293,611,789""], [""Gross winnings"", ""($259,125,799)"", ""($2,014,594)"", ""($261,140,393)""], [""Allowable Bonuses and Promotions"", ""($827,332)"", ""$0"", ""($827,332)""], [""Other deductions"", ""($3,414,163)"", ""($18,975)"", ""($3,433,137)""], [""AGR (Adjusted Gross Revenue)"", ""$27,631,850"", ""$579,077"", ""$28,210,927""]], ""highlight"": null}",2026-04-01T21:32:44.088891
VA,2023-06-01,2023-06-30,monthly,ALL,TOTAL,TOTAL,,online,,32207316400,2622068200.0,3240090800,131801400.0,2622068200.0,28967225600,390785964.0,,0.0814121911752945,30,False,False,https://www.valottery.com/api/v1/latestwinners,,,,,,,https://www.valottery.com/aboutus/casinosandsportsbetting/sportsbetting,,"Mobile Operators | Casino Retail Activity | Total | June-23 | Gross sports gaming revenues | $322,073,164 | $3,381,888 | $325,455,052 | Gross winnings | ($289,672,256) | ($3,114,771) | ($292,787,028) | Allowable Bonuses and Promotions | ($1,318,014) | $0 | ($1,318,014) | Other deductions | ($4,862,211) | ($53,469) | ($4,915,680) | AGR (Adjusted Gross Revenue) | $26,220,682 | $213,647 | $26,434,330","{""headers"": ["""", ""Mobile Operators"", ""Casino Retail Activity"", ""TotalJune-23""], ""rows"": [[""Gross sports gaming revenues"", ""$322,073,164"", ""$3,381,888"", ""$325,455,052""], [""Gross winnings"", ""($289,672,256)"", ""($3,114,771)"", ""($292,787,028)""], [""Allowable Bonuses and Promotions"", ""($1,318,014)"", ""$0"", ""($1,318,014)""], [""Other deductions"", ""($4,862,211)"", ""($53,469)"", ""($4,915,680)""], [""AGR (Adjusted Gross Revenue)"", ""$26,220,682"", ""$213,647"", ""$26,434,330""]], ""highlight"": null}",2026-04-01T21:32:44.107413
VA,2023-06-01,2023-06-30,monthly,ALL,TOTAL,TOTAL,,retail,,338188800,21364700.0,26711700,0.0,21364700.0,311477100,3184137.0,,0.0631738839370198,30,False,False,https://www.valottery.com/api/v1/latestwinners,,,,,,,https://www.valottery.com/aboutus/casinosandsportsbetting/sportsbetting,,"Mobile Operators | Casino Retail Activity | Total | June-23 | Gross sports gaming revenues | $322,073,164 | $3,381,888 | $325,455,052 | Gross winnings | ($289,672,256) | ($3,114,771) | ($292,787,028) | Allowable Bonuses and Promotions | ($1,318,014) | $0 | ($1,318,014) | Other deductions | ($4,862,211) | ($53,469) | ($4,915,680) | AGR (Adjusted Gross Revenue) | $26,220,682 | $213,647 | $26,434,330","{""headers"": ["""", ""Mobile Operators"", ""Casino Retail Activity"", ""TotalJune-23""], ""rows"": [[""Gross sports gaming revenues"", ""$322,073,164"", ""$3,381,888"", ""$325,455,052""], [""Gross winnings"", ""($289,672,256)"", ""($3,114,771)"", ""($292,787,028)""], [""Allowable Bonuses and Promotions"", ""($1,318,014)"", ""$0"", ""($1,318,014)""], [""Other deductions"", ""($4,862,211)"", ""($53,469)"", ""($4,915,680)""], [""AGR (Adjusted Gross Revenue)"", ""$26,220,682"", ""$213,647"", ""$26,434,330""]], ""highlight"": null}",2026-04-01T21:32:44.107413
VA,2023-05-01,2023-05-31,monthly,ALL,TOTAL,TOTAL,,online,,39996289500,4185018200.0,4742356400,178151900.0,4185018200.0,35253933100,618231173.0,,0.1046351612191426,31,False,False,https://www.valottery.com/api/v1/latestwinners,,,,,,,https://www.valottery.com/aboutus/casinosandsportsbetting/sportsbetting,,"Mobile Operators | Casino Retail Activity | Total | May-23 | Gross sports gaming revenues | $399,962,895 | $3,756,265 | $403,719,160 | Gross winnings | ($352,539,331) | ($3,035,278) | ($355,574,610) | Allowable Bonuses and Promotions | ($1,781,519) | $0 | ($1,781,519) | Other deductions | ($3,791,863) | ($23,788) | ($3,815,651) | AGR (Adjusted Gross Revenue) | $41,850,182 | $697,198 | $42,547,380","{""headers"": ["""", ""Mobile Operators"", ""Casino Retail Activity"", ""TotalMay-23""], ""rows"": [[""Gross sports gaming revenues"", ""$399,962,895"", ""$3,756,265"", ""$403,719,160""], [""Gross winnings"", ""($352,539,331)"", ""($3,035,278)"", ""($355,574,610)""], [""Allowable Bonuses and Promotions"", ""($1,781,519)"", ""$0"", ""($1,781,519)""], [""Other deductions"", ""($3,791,863)"", ""($23,788)"", ""($3,815,651)""], [""AGR (Adjusted Gross Revenue)"", ""$41,850,182"", ""$697,198"", ""$42,547,380""]], ""highlight"": null}",2026-04-01T21:32:44.126551
VA,2023-05-01,2023-05-31,monthly,ALL,TOTAL,TOTAL,,retail,,375626500,69719800.0,72098700,0.0,69719800.0,303527800,10299347.0,,0.1856093752703816,31,False,False,https://www.valottery.com/api/v1/latestwinners,,,,,,,https://www.valottery.com/aboutus/casinosandsportsbetting/sportsbetting,,"Mobile Operators | Casino Retail Activity | Total | May-23 | Gross sports gaming revenues | $399,962,895 | $3,756,265 | $403,719,160 | Gross winnings | ($352,539,331) | ($3,035,278) | ($355,574,610) | Allowable Bonuses and Promotions | ($1,781,519) | $0 | ($1,781,519) | Other deductions | ($3,791,863) | ($23,788) | ($3,815,651) | AGR (Adjusted Gross Revenue) | $41,850,182 | $697,198 | $42,547,380","{""headers"": ["""", ""Mobile Operators"", ""Casino Retail Activity"", ""TotalMay-23""], ""rows"": [[""Gross sports gaming revenues"", ""$399,962,895"", ""$3,756,265"", ""$403,719,160""], [""Gross winnings"", ""($352,539,331)"", ""($3,035,278)"", ""($355,574,610)""], [""Allowable Bonuses and Promotions"", ""($1,781,519)"", ""$0"", ""($1,781,519)""], [""Other deductions"", ""($3,791,863)"", ""($23,788)"", ""($3,815,651)""], [""AGR (Adjusted Gross Revenue)"", ""$41,850,182"", ""$697,198"", ""$42,547,380""]], ""highlight"": null}",2026-04-01T21:32:44.126551
VA,2023-04-01,2023-04-30,monthly,ALL,TOTAL,TOTAL,,online,,42246509300,3870280500.0,4476399700,194169600.0,3870280500.0,37770109600,576576567.0,,0.0916118411705082,30,False,False,https://www.valottery.com/api/v1/latestwinners,,,,,,,https://www.valottery.com/aboutus/casinosandsportsbetting/sportsbetting,,"Mobile Operators | Casino Retail Activity | Total | Apr-23 | Gross sports gaming revenues | $422,465,093 | $3,517,766 | $425,982,859 | Gross winnings | ($377,701,096) | ($3,159,885) | ($380,860,981) | Allowable Bonuses and Promotions | ($1,941,696) | $0 | ($1,941,696) | Other deductions | ($4,119,496) | ($128,319) | ($4,247,815) | AGR (Adjusted Gross Revenue) | $38,702,805 | $229,561 | $38,932,367","{""headers"": ["""", ""Mobile Operators"", ""Casino Retail Activity"", ""TotalApr-23""], ""rows"": [[""Gross sports gaming revenues"", ""$422,465,093"", ""$3,517,766"", ""$425,982,859""], [""Gross winnings"", ""($377,701,096)"", ""($3,159,885)"", ""($380,860,981)""], [""Allowable Bonuses and Promotions"", ""($1,941,696)"", ""$0"", ""($1,941,696)""], [""Other deductions"", ""($4,119,496)"", ""($128,319)"", ""($4,247,815)""], [""AGR (Adjusted Gross Revenue)"", ""$38,702,805"", ""$229,561"", ""$38,932,367""]], ""highlight"": null}",2026-04-01T21:32:44.145192
VA,2023-04-01,2023-04-30,monthly,ALL,TOTAL,TOTAL,,retail,,351776600,22956100.0,35788100,0.0,22956100.0,315988500,3419894.0,,0.0652576095169491,30,False,False,https://www.valottery.com/api/v1/latestwinners,,,,,,,https://www.valottery.com/aboutus/casinosandsportsbetting/sportsbetting,,"Mobile Operators | Casino Retail Activity | Total | Apr-23 | Gross sports gaming revenues | $422,465,093 | $3,517,766 | $425,982,859 | Gross winnings | ($377,701,096) | ($3,159,885) | ($380,860,981) | Allowable Bonuses and Promotions | ($1,941,696) | $0 | ($1,941,696) | Other deductions | ($4,119,496) | ($128,319) | ($4,247,815) | AGR (Adjusted Gross Revenue) | $38,702,805 | $229,561 | $38,932,367","{""headers"": ["""", ""Mobile Operators"", ""Casino Retail Activity"", ""TotalApr-23""], ""rows"": [[""Gross sports gaming revenues"", ""$422,465,093"", ""$3,517,766"", ""$425,982,859""], [""Gross winnings"", ""($377,701,096)"", ""($3,159,885)"", ""($380,860,981)""], [""Allowable Bonuses and Promotions"", ""($1,941,696)"", ""$0"", ""($1,941,696)""], [""Other deductions"", ""($4,119,496)"", ""($128,319)"", ""($4,247,815)""], [""AGR (Adjusted Gross Revenue)"", ""$38,702,805"", ""$229,561"", ""$38,932,367""]], ""highlight"": null}",2026-04-01T21:32:44.145192
VA,2023-03-01,2023-03-31,monthly,ALL,TOTAL,TOTAL,,online,,50702561900,4710630800.0,5466883300,380238800.0,4710630800.0,45235678600,732841763.0,,0.0929071554469124,31,False,False,https://www.valottery.com/api/v1/latestwinners,,,,,,,https://www.valottery.com/aboutus/casinosandsportsbetting/sportsbetting,,"Mobile Operators | Casino Retail Activity | Total | Mar-23 | Gross sports gaming revenues | $507,025,619 | $4,588,922 | $511,614,541 | Gross winnings | ($452,356,786) | ($3,998,845) | ($456,355,631) | Allowable Bonuses and Promotions | ($3,802,388) | $0 | ($3,802,388) | Other deductions | ($3,760,136) | ($45,023) | ($3,805,159) | AGR (Adjusted Gross Revenue) | $47,106,308 | $545,054 | $47,651,362","{""headers"": ["""", ""Mobile Operators"", ""Casino Retail Activity"", ""TotalMar-23""], ""rows"": [[""Gross sports gaming revenues"", ""$507,025,619"", ""$4,588,922"", ""$511,614,541""], [""Gross winnings"", ""($452,356,786)"", ""($3,998,845)"", ""($456,355,631)""], [""Allowable Bonuses and Promotions"", ""($3,802,388)"", ""$0"", ""($3,802,388)""], [""Other deductions"", ""($3,760,136)"", ""($45,023)"", ""($3,805,159)""], [""AGR (Adjusted Gross Revenue)"", ""$47,106,308"", ""$545,054"", ""$47,651,362""]], ""highlight"": null}",2026-04-01T21:32:44.164439
VA,2023-03-01,2023-03-31,monthly,ALL,TOTAL,TOTAL,,retail,,458892200,54505400.0,59007700,0.0,54505400.0,399884500,8479508.0,,0.1187760436982803,31,False,False,https://www.valottery.com/api/v1/latestwinners,,,,,,,https://www.valottery.com/aboutus/casinosandsportsbetting/sportsbetting,,"Mobile Operators | Casino Retail Activity | Total | Mar-23 | Gross sports gaming revenues | $507,025,619 | $4,588,922 | $511,614,541 | Gross winnings | ($452,356,786) | ($3,998,845) | ($456,355,631) | Allowable Bonuses and Promotions | ($3,802,388) | $0 | ($3,802,388) | Other deductions | ($3,760,136) | ($45,023) | ($3,805,159) | AGR (Adjusted Gross Revenue) | $47,106,308 | $545,054 | $47,651,362","{""headers"": ["""", ""Mobile Operators"", ""Casino Retail Activity"", ""TotalMar-23""], ""rows"": [[""Gross sports gaming revenues"", ""$507,025,619"", ""$4,588,922"", ""$511,614,541""], [""Gross winnings"", ""($452,356,786)"", ""($3,998,845)"", ""($456,355,631)""], [""Allowable Bonuses and Promotions"", ""($3,802,388)"", ""$0"", ""($3,802,388)""], [""Other deductions"", ""($3,760,136)"", ""($45,023)"", ""($3,805,159)""], [""AGR (Adjusted Gross Revenue)"", ""$47,106,308"", ""$545,054"", ""$47,651,362""]], ""highlight"": null}",2026-04-01T21:32:44.164439
VA,2023-02-01,2023-02-28,monthly,ALL,TOTAL,TOTAL,,online,,43025260000,2834517500.0,3968127500,778944600.0,2834517500.0,39057132500,467551446.0,,0.0658803107755769,28,False,False,https://www.valottery.com/api/v1/latestwinners,,,,,,,https://www.valottery.com/aboutus/casinosandsportsbetting/sportsbetting,,"Mobile Operators | Casino Retail Activity | Total | Feb-23 | Gross sports gaming revenues | $430,252,600 | $3,554,508 | $433,807,108 | Gross winnings | ($390,571,325) | ($3,468,875) | ($394,040,200) | Allowable Bonuses and Promotions | ($7,789,446) | $0 | ($7,789,446) | Other deductions | ($3,546,654) | ($45,559) | ($3,592,213) | AGR (Adjusted Gross Revenue) | $28,345,175 | $40,074 | $28,385,249","{""headers"": ["""", ""Mobile Operators"", ""Casino Retail Activity"", ""TotalFeb-23""], ""rows"": [[""Gross sports gaming revenues"", ""$430,252,600"", ""$3,554,508"", ""$433,807,108""], [""Gross winnings"", ""($390,571,325)"", ""($3,468,875)"", ""($394,040,200)""], [""Allowable Bonuses and Promotions"", ""($7,789,446)"", ""$0"", ""($7,789,446)""], [""Other deductions"", ""($3,546,654)"", ""($45,559)"", ""($3,592,213)""], [""AGR (Adjusted Gross Revenue)"", ""$28,345,175"", ""$40,074"", ""$28,385,249""]], ""highlight"": null}",2026-04-01T21:32:44.183075
VA,2023-02-01,2023-02-28,monthly,ALL,TOTAL,TOTAL,,retail,,355450800,4007400.0,8563300,0.0,4007400.0,346887500,661017.0,,0.0112741341417715,28,False,False,https://www.valottery.com/api/v1/latestwinners,,,,,,,https://www.valottery.com/aboutus/casinosandsportsbetting/sportsbetting,,"Mobile Operators | Casino Retail Activity | Total | Feb-23 | Gross sports gaming revenues | $430,252,600 | $3,554,508 | $433,807,108 | Gross winnings | ($390,571,325) | ($3,468,875) | ($394,040,200) | Allowable Bonuses and Promotions | ($7,789,446) | $0 | ($7,789,446) | Other deductions | ($3,546,654) | ($45,559) | ($3,592,213) | AGR (Adjusted Gross Revenue) | $28,345,175 | $40,074 | $28,385,249","{""headers"": ["""", ""Mobile Operators"", ""Casino Retail Activity"", ""TotalFeb-23""], ""rows"": [[""Gross sports gaming revenues"", ""$430,252,600"", ""$3,554,508"", ""$433,807,108""], [""Gross winnings"", ""($390,571,325)"", ""($3,468,875)"", ""($394,040,200)""], [""Allowable Bonuses and Promotions"", ""($7,789,446)"", ""$0"", ""($7,789,446)""], [""Other deductions"", ""($3,546,654)"", ""($45,559)"", ""($3,592,213)""], [""AGR (Adjusted Gross Revenue)"", ""$28,345,175"", ""$40,074"", ""$28,385,249""]], ""highlight"": null}",2026-04-01T21:32:44.183075
VA,2023-01-01,2023-01-31,monthly,ALL,TOTAL,TOTAL,,online,,51098203300,4184264100.0,4939381200,76822100.0,4184264100.0,46158822100,632583485.0,,0.0818867167488059,31,False,False,https://www.valottery.com/api/v1/latestwinners,,,,,,,https://www.valottery.com/aboutus/casinosandsportsbetting/sportsbetting,,"Mobile Operators | Casino Retail Activity | Total | Jan-23 | Gross sports gaming revenues | $510,982,033 | $2,172,559 | $513,154,592 | Gross winnings | ($461,588,221) | ($1,845,043) | ($463,433,265) | Allowable Bonuses and Promotions | ($768,221) | $0 | ($768,221) | Other deductions | ($6,782,949) | ($42,665) | ($6,825,614) | AGR (Adjusted Gross Revenue) | $41,842,641 | $284,851 | $42,127,492","{""headers"": ["""", ""Mobile Operators"", ""Casino Retail Activity"", ""TotalJan-23""], ""rows"": [[""Gross sports gaming revenues"", ""$510,982,033"", ""$2,172,559"", ""$513,154,592""], [""Gross winnings"", ""($461,588,221)"", ""($1,845,043)"", ""($463,433,265)""], [""Allowable Bonuses and Promotions"", ""($768,221)"", ""$0"", ""($768,221)""], [""Other deductions"", ""($6,782,949)"", ""($42,665)"", ""($6,825,614)""], [""AGR (Adjusted Gross Revenue)"", ""$41,842,641"", ""$284,851"", ""$42,127,492""]], ""highlight"": null}",2026-04-01T21:32:44.201711
VA,2023-01-01,2023-01-31,monthly,ALL,TOTAL,TOTAL,,retail,,217255900,28485100.0,32751600,0.0,28485100.0,184504300,4306421.0,,0.1311131251211129,31,False,False,https://www.valottery.com/api/v1/latestwinners,,,,,,,https://www.valottery.com/aboutus/casinosandsportsbetting/sportsbetting,,"Mobile Operators | Casino Retail Activity | Total | Jan-23 | Gross sports gaming revenues | $510,982,033 | $2,172,559 | $513,154,592 | Gross winnings | ($461,588,221) | ($1,845,043) | ($463,433,265) | Allowable Bonuses and Promotions | ($768,221) | $0 | ($768,221) | Other deductions | ($6,782,949) | ($42,665) | ($6,825,614) | AGR (Adjusted Gross Revenue) | $41,842,641 | $284,851 | $42,127,492","{""headers"": ["""", ""Mobile Operators"", ""Casino Retail Activity"", ""TotalJan-23""], ""rows"": [[""Gross sports gaming revenues"", ""$510,982,033"", ""$2,172,559"", ""$513,154,592""], [""Gross winnings"", ""($461,588,221)"", ""($1,845,043)"", ""($463,433,265)""], [""Allowable Bonuses and Promotions"", ""($768,221)"", ""$0"", ""($768,221)""], [""Other deductions"", ""($6,782,949)"", ""($42,665)"", ""($6,825,614)""], [""AGR (Adjusted Gross Revenue)"", ""$41,842,641"", ""$284,851"", ""$42,127,492""]], ""highlight"": null}",2026-04-01T21:32:44.201711
VA,2022-12-01,2022-12-31,monthly,ALL,TOTAL,TOTAL,,online,,50307515000,4702049700.0,5068727800,56770900.0,4702049700.0,45238787200,702682892.0,,0.0934661491429262,31,False,False,https://www.valottery.com/api/v1/latestwinners,,,,,,,https://www.valottery.com/aboutus/casinosandsportsbetting/sportsbetting,,"Dec-22 | Gross sports gaming revenues | $503,075,150 | Gross winnings | ($452,387,872) | Allowable Bonuses and Promotions | ($567,709) | Other deductions | ($3,099,072) | AGR (Adjusted Gross Revenue) | $47,020,497","{""headers"": ["""", ""Dec-22""], ""rows"": [[""Gross sports gaming revenues"", ""$503,075,150""], [""Gross winnings"", ""($452,387,872)""], [""Allowable Bonuses and Promotions"", ""($567,709)""], [""Other deductions"", ""($3,099,072)""], [""AGR (Adjusted Gross Revenue)"", ""$47,020,497""]], ""highlight"": null}",2026-04-01T21:32:44.218715
VA,2022-11-01,2022-11-30,monthly,ALL,TOTAL,TOTAL,,online,,51881898700,5282545000.0,5753125500,81785700.0,5282545000.0,46128773200,778263890.0,,0.1018186522152089,30,False,False,https://www.valottery.com/api/v1/latestwinners,,,,,,,https://www.valottery.com/aboutus/casinosandsportsbetting/sportsbetting,,"Nov-22 | Gross sports gaming revenues | $518,818,987 | Gross winnings | ($461,287,732) | Allowable Bonuses and Promotions | ($817,857) | Other deductions | ($3,887,949) | AGR (Adjusted Gross Revenue) | $52,825,450","{""headers"": ["""", ""Nov-22""], ""rows"": [[""Gross sports gaming revenues"", ""$518,818,987""], [""Gross winnings"", ""($461,287,732)""], [""Allowable Bonuses and Promotions"", ""($817,857)""], [""Other deductions"", ""($3,887,949)""], [""AGR (Adjusted Gross Revenue)"", ""$52,825,450""]], ""highlight"": null}",2026-04-01T21:32:44.235780
VA,2022-10-01,2022-10-31,monthly,ALL,TOTAL,TOTAL,,online,,52802993800,4553299900.0,5116419900,96318700.0,4553299900.0,47686573900,695664304.0,,0.0862318511190174,31,False,False,https://www.valottery.com/api/v1/latestwinners,,,,,,,https://www.valottery.com/aboutus/casinosandsportsbetting/sportsbetting,,"Oct-22 | Gross sports gaming revenues | $528,029,938 | Gross winnings | ($476,865,739) | Allowable Bonuses and Promotions | ($963,187) | Other deductions | ($4,668,013) | AGR (Adjusted Gross Revenue) | $45,532,999","{""headers"": ["""", ""Oct-22""], ""rows"": [[""Gross sports gaming revenues"", ""$528,029,938""], [""Gross winnings"", ""($476,865,739)""], [""Allowable Bonuses and Promotions"", ""($963,187)""], [""Other deductions"", ""($4,668,013)""], [""AGR (Adjusted Gross Revenue)"", ""$45,532,999""]], ""highlight"": null}",2026-04-01T21:32:44.253781
VA,2022-09-01,2022-09-30,monthly,ALL,TOTAL,TOTAL,,online,,41127332300,4839269100.0,5382138200,170611600.0,4839269100.0,35745194100,725740331.0,,0.117665523858935,30,False,False,https://www.valottery.com/api/v1/latestwinners,,,,,,,https://www.valottery.com/aboutus/casinosandsportsbetting/sportsbetting,,"Sep-22 | Gross sports gaming revenues | $411,273,323 | Gross winnings | ($357,451,941) | Allowable Bonuses and Promotions | ($1,706,116) | Other deductions | ($3,722,575) | AGR (Adjusted Gross Revenue) | $48,392,691","{""headers"": ["""", ""Sep-22""], ""rows"": [[""Gross sports gaming revenues"", ""$411,273,323""], [""Gross winnings"", ""($357,451,941)""], [""Allowable Bonuses and Promotions"", ""($1,706,116)""], [""Other deductions"", ""($3,722,575)""], [""AGR (Adjusted Gross Revenue)"", ""$48,392,691""]], ""highlight"": null}",2026-04-01T21:32:44.270561
VA,2022-08-01,2022-08-31,monthly,ALL,TOTAL,TOTAL,,online,,28467133100,3144295900.0,3697889700,114024200.0,3144295900.0,24769243400,447413193.0,,0.1104535496762053,31,False,False,https://www.valottery.com/api/v1/latestwinners,,,,,,,https://www.valottery.com/aboutus/casinosandsportsbetting/sportsbetting,,"Aug-22 | Gross sports gaming revenues | $284,671,331 | Gross winnings | ($247,692,434) | Allowable Bonuses and Promotions | ($1,140,242) | Other deductions | ($4,395,696) | AGR (Adjusted Gross Revenue) | $31,442,959","{""headers"": ["""", ""Aug-22""], ""rows"": [[""Gross sports gaming revenues"", ""$284,671,331""], [""Gross winnings"", ""($247,692,434)""], [""Allowable Bonuses and Promotions"", ""($1,140,242)""], [""Other deductions"", ""($4,395,696)""], [""AGR (Adjusted Gross Revenue)"", ""$31,442,959""]], ""highlight"": null}",2026-04-01T21:32:44.287768
VA,2022-07-01,2022-07-31,monthly,ALL,TOTAL,TOTAL,,online,,26600158300,2139877600.0,2602440800,39690300.0,2139877600.0,23997717500,306030371.0,,0.0804460475710778,31,False,False,https://www.valottery.com/api/v1/latestwinners,,,,,,,https://www.valottery.com/aboutus/casinosandsportsbetting/sportsbetting,,"Jul-22 | Gross sports gaming revenues | $266,001,583 | Gross winnings | ($239,977,175) | Allowable Bonuses and Promotions | ($396,903) | Other deductions | ($4,228,729) | AGR (Adjusted Gross Revenue) | $21,398,776","{""headers"": ["""", ""Jul-22""], ""rows"": [[""Gross sports gaming revenues"", ""$266,001,583""], [""Gross winnings"", ""($239,977,175)""], [""Allowable Bonuses and Promotions"", ""($396,903)""], [""Other deductions"", ""($4,228,729)""], [""AGR (Adjusted Gross Revenue)"", ""$21,398,776""]], ""highlight"": null}",2026-04-01T21:32:44.304959
VA,2022-06-01,2022-06-30,monthly,ALL,TOTAL,TOTAL,,online,,29523527100,1298488400.0,2596518200,783412300.0,1298488400.0,26927008900,187196095.0,,0.0439814794350909,30,False,False,https://www.valottery.com/api/v1/latestwinners,,,,,,,https://www.valottery.com/aboutus/casinosandsportsbetting/sportsbetting,,"June-22 | Inception to Date | Gross sports gaming revenues | $295,235,271 | $5,624,874,850 | Gross winnings | ($269,270,089) | ($5,133,953,107) | Bonuses and Promotions | ($7,834,123) | ($197,896,388) | Other deductions | ($5,146,174) | ($60,458,347) | AGR (Adjusted Gross Revenue) | $12,984,884 | $232,567,008","{""headers"": ["""", ""June-22"", ""Inception to Date""], ""rows"": [[""Gross sports gaming revenues"", ""$295,235,271"", ""$5,624,874,850""], [""Gross winnings"", ""($269,270,089)"", ""($5,133,953,107)""], [""Bonuses and Promotions"", ""($7,834,123)"", ""($197,896,388)""], [""Other deductions"", ""($5,146,174)"", ""($60,458,347)""], [""AGR (Adjusted Gross Revenue)"", ""$12,984,884"", ""$232,567,008""]], ""highlight"": null}",2026-04-01T21:32:44.323046
VA,2022-05-01,2022-05-31,monthly,ALL,TOTAL,TOTAL,,online,,35145293100,2752432700.0,4253752400,996723000.0,2752432700.0,30891540700,389627033.0,,0.0783158271626421,31,False,False,https://www.valottery.com/api/v1/latestwinners,,,,,,,https://www.valottery.com/aboutus/casinosandsportsbetting/sportsbetting,,"May-22 | Inception to Date | Gross sports gaming revenues | $351,452,931 | $5,329,639,579 | Gross winnings | ($308,915,407) | ($4,864,683,018) | Bonuses and Promotions | ($9,967,230) | ($190,062,265) | Other deductions | ($5,045,967) | ($55,312,174) | AGR (Adjusted Gross Revenue) | $27,524,327 | $219,582,124","{""headers"": ["""", ""May-22"", ""Inception to Date""], ""rows"": [[""Gross sports gaming revenues"", ""$351,452,931"", ""$5,329,639,579""], [""Gross winnings"", ""($308,915,407)"", ""($4,864,683,018)""], [""Bonuses and Promotions"", ""($9,967,230)"", ""($190,062,265)""], [""Other deductions"", ""($5,045,967)"", ""($55,312,174)""], [""AGR (Adjusted Gross Revenue)"", ""$27,524,327"", ""$219,582,124""]], ""highlight"": null}",2026-04-01T21:32:44.341802
VA,2022-04-01,2022-04-30,monthly,ALL,TOTAL,TOTAL,,online,,39947836600,2076138100.0,3627526400,1125353400.0,2076138100.0,36320310200,304032675.0,,0.0519712273980814,30,False,False,https://www.valottery.com/api/v1/latestwinners,,,,,,,https://www.valottery.com/aboutus/casinosandsportsbetting/sportsbetting,,"Apr-22 | Inception to Date | Gross sports gaming revenues | $399,478,366 | $4,978,186,648 | Gross winnings | ($363,203,102) | ($4,555,767,611) | Bonuses and Promotions | ($11,253,534) | ($180,095,035) | Other deductions | ($4,260,348) | ($50,266,206) | AGR (Adjusted Gross Revenue) | $20,761,381 | $192,057,797","{""headers"": ["""", ""Apr-22"", ""Inception to Date""], ""rows"": [[""Gross sports gaming revenues"", ""$399,478,366"", ""$4,978,186,648""], [""Gross winnings"", ""($363,203,102)"", ""($4,555,767,611)""], [""Bonuses and Promotions"", ""($11,253,534)"", ""($180,095,035)""], [""Other deductions"", ""($4,260,348)"", ""($50,266,206)""], [""AGR (Adjusted Gross Revenue)"", ""$20,761,381"", ""$192,057,797""]], ""highlight"": null}",2026-04-01T21:32:44.359836
VA,2022-03-01,2022-03-31,monthly,ALL,TOTAL,TOTAL,,online,,46948401700,1432444100.0,3370001600,1410492500.0,1432444100.0,43578400100,211628865.0,,0.0305110301550478,31,False,False,https://www.valottery.com/api/v1/latestwinners,,,,,,,https://www.valottery.com/aboutus/casinosandsportsbetting/sportsbetting,,"Mar-22 | Inception to Date | Gross sports gaming revenues | $469,484,017 | $4,578,708,282 | Gross winnings | ($435,784,001) | ($4,192,564,509) | Bonuses and Promotions | ($14,104,925) | ($168,841,501) | Other deductions | ($5,270,649) | ($46,005,858) | AGR (Adjusted Gross Revenue) | $14,324,441 | $171,296,415","{""headers"": ["""", ""Mar-22"", ""Inception to Date""], ""rows"": [[""Gross sports gaming revenues"", ""$469,484,017"", ""$4,578,708,282""], [""Gross winnings"", ""($435,784,001)"", ""($4,192,564,509)""], [""Bonuses and Promotions"", ""($14,104,925)"", ""($168,841,501)""], [""Other deductions"", ""($5,270,649)"", ""($46,005,858)""], [""AGR (Adjusted Gross Revenue)"", ""$14,324,441"", ""$171,296,415""]], ""highlight"": null}",2026-04-01T21:32:44.377702
VA,2022-02-01,2022-02-28,monthly,ALL,TOTAL,TOTAL,,online,,40188913500,788425000.0,2749813300,1581623400.0,788425000.0,37439100200,140628024.0,,0.0196179725037851,28,False,False,https://www.valottery.com/api/v1/latestwinners,,,,,,,https://www.valottery.com/aboutus/casinosandsportsbetting/sportsbetting,,"Feb-22 | Inception to Date | Gross sports gaming revenues | $401,889,135 | $4,109,224,266 | Gross winnings | ($374,391,002) | ($3,756,780,507) | Bonuses and Promotions | ($15,816,234) | ($154,736,576) | Other deductions | ($3,797,649) | ($40,735,209) | AGR (Adjusted Gross Revenue) | $7,884,250 | $156,971,974","{""headers"": ["""", ""Feb-22"", ""Inception to Date""], ""rows"": [[""Gross sports gaming revenues"", ""$401,889,135"", ""$4,109,224,266""], [""Gross winnings"", ""($374,391,002)"", ""($3,756,780,507)""], [""Bonuses and Promotions"", ""($15,816,234)"", ""($154,736,576)""], [""Other deductions"", ""($3,797,649)"", ""($40,735,209)""], [""AGR (Adjusted Gross Revenue)"", ""$7,884,250"", ""$156,971,974""]], ""highlight"": null}",2026-04-01T21:32:44.395706
VA,2022-01-01,2022-01-31,monthly,ALL,TOTAL,TOTAL,,online,,48554441700,1822056700.0,3905006700,1685098100.0,1822056700.0,44649435000,287660867.0,,0.0375260560353637,31,False,False,https://www.valottery.com/api/v1/latestwinners,,,,,,,https://www.valottery.com/aboutus/casinosandsportsbetting/sportsbetting,,"Jan-22 | Inception to Date | Gross sports gaming revenues | $485,544,417 | $3,707,335,130 | Gross winnings | ($446,494,350) | ($3,382,389,506) | Bonuses and Promotions | ($16,850,981) | ($138,920,342) | Other deductions | ($3,978,519) | ($36,937,559) | AGR (Adjusted Gross Revenue) | $18,220,567 | $149,087,724","{""headers"": ["""", ""Jan-22"", ""Inception to Date""], ""rows"": [[""Gross sports gaming revenues"", ""$485,544,417"", ""$3,707,335,130""], [""Gross winnings"", ""($446,494,350)"", ""($3,382,389,506)""], [""Bonuses and Promotions"", ""($16,850,981)"", ""($138,920,342)""], [""Other deductions"", ""($3,978,519)"", ""($36,937,559)""], [""AGR (Adjusted Gross Revenue)"", ""$18,220,567"", ""$149,087,724""]], ""highlight"": null}",2026-04-01T21:32:44.413675
VA,2021-12-01,2021-12-31,monthly,ALL,TOTAL,TOTAL,,online,,42659689100,1012339800.0,3151501500,1705170900.0,1012339800.0,39508187600,172913022.0,,0.0237305948861216,31,False,False,https://www.valottery.com/api/v1/latestwinners,,,,,,,https://www.valottery.com/aboutus/casinosandsportsbetting/sportsbetting,,"Dec-21 | Inception to Date | Gross sports gaming revenues | $426,596,891 | $3,221,790,714 | Gross winnings | ($395,081,876) | ($2,935,895,156) | Bonuses and Promotions | ($17,051,709) | ($122,069,361) | Other deductions | ($4,339,908) | ($32,959,040) | AGR (Adjusted Gross Revenue) | $10,123,398 | $130,867,157","{""headers"": ["""", ""Dec-21"", ""Inception to Date""], ""rows"": [[""Gross sports gaming revenues"", ""$426,596,891"", ""$3,221,790,714""], [""Gross winnings"", ""($395,081,876)"", ""($2,935,895,156)""], [""Bonuses and Promotions"", ""($17,051,709)"", ""($122,069,361)""], [""Other deductions"", ""($4,339,908)"", ""($32,959,040)""], [""AGR (Adjusted Gross Revenue)"", ""$10,123,398"", ""$130,867,157""]], ""highlight"": null}",2026-04-01T21:32:44.432523
VA,2021-11-01,2021-11-30,monthly,ALL,TOTAL,TOTAL,,online,,40262113200,2992669700.0,4833703700,1499307300.0,2992669700.0,35428409500,423316747.0,,0.0743296727902498,30,False,False,https://www.valottery.com/api/v1/latestwinners,,,,,,,https://www.valottery.com/aboutus/casinosandsportsbetting/sportsbetting,,"Nov-21 | Inception to Date | Gross sports gaming revenues | $402,621,132 | $2,795,193,823 | Gross winnings | ($354,284,095) | ($2,540,813,280) | Bonuses and Promotions | ($14,993,073) | ($105,017,652) | Other deductions | ($3,417,267) | ($28,619,133) | AGR (Adjusted Gross Revenue) | $29,926,697 | $120,743,760","{""headers"": ["""", ""Nov-21"", ""Inception to Date""], ""rows"": [[""Gross sports gaming revenues"", ""$402,621,132"", ""$2,795,193,823""], [""Gross winnings"", ""($354,284,095)"", ""($2,540,813,280)""], [""Bonuses and Promotions"", ""($14,993,073)"", ""($105,017,652)""], [""Other deductions"", ""($3,417,267)"", ""($28,619,133)""], [""AGR (Adjusted Gross Revenue)"", ""$29,926,697"", ""$120,743,760""]], ""highlight"": null}",2026-04-01T21:32:44.450429
VA,2021-10-01,2021-10-31,monthly,ALL,TOTAL,TOTAL,,online,,42732030600,978570000.0,3016038500,1580526100.0,978570000.0,39715992100,174620402.0,,0.0229001520934041,31,False,False,https://www.valottery.com/api/v1/latestwinners,,,,,,,https://www.valottery.com/aboutus/casinosandsportsbetting/sportsbetting,,"October 2021 | Jan. Launch to Date | Gross sports gaming revenues | $427,320,306 | $2,392,572,691 | Gross winnings | ($397,159,921) | ($2,186,529,184) | Bonuses and Promotions | ($15,805,261) | ($90,024,579) | Other deductions | ($4,569,424) | ($25,201,866) | AGR (Adjusted Gross Revenue) | $9,785,700 | $90,817,063","{""headers"": ["""", ""October 2021"", ""Jan. Launch to Date""], ""rows"": [[""Gross sports gaming revenues"", ""$427,320,306"", ""$2,392,572,691""], [""Gross winnings"", ""($397,159,921)"", ""($2,186,529,184)""], [""Bonuses and Promotions"", ""($15,805,261)"", ""($90,024,579)""], [""Other deductions"", ""($4,569,424)"", ""($25,201,866)""], [""AGR (Adjusted Gross Revenue)"", ""$9,785,700"", ""$90,817,063""]], ""highlight"": null}",2026-04-01T21:32:44.468340
VA,2021-09-01,2021-09-30,monthly,ALL,TOTAL,TOTAL,,online,,29385153100,1033439500.0,3092924300,1742206800.0,1033439500.0,26292228800,155749870.0,,0.03516876350731,30,False,False,https://www.valottery.com/api/v1/latestwinners,,,,,,,https://www.valottery.com/aboutus/casinosandsportsbetting/sportsbetting,,"Sep-21 | Inception to Date | Gross sports gaming revenues | $293,851,531 | $1,965,252,385 | Gross winnings | ($262,922,288) | ($1,789,369,263) | Bonuses and Promotions | ($17,422,068) | ($74,219,318) | Other deductions | ($3,172,781) | ($20,632,442) | AGR (Adjusted Gross Revenue) | $10,334,395 | $81,031,362","{""headers"": ["""", ""Sep-21"", ""Inception to Date""], ""rows"": [[""Gross sports gaming revenues"", ""$293,851,531"", ""$1,965,252,385""], [""Gross winnings"", ""($262,922,288)"", ""($1,789,369,263)""], [""Bonuses and Promotions"", ""($17,422,068)"", ""($74,219,318)""], [""Other deductions"", ""($3,172,781)"", ""($20,632,442)""], [""AGR (Adjusted Gross Revenue)"", ""$10,334,395"", ""$81,031,362""]], ""highlight"": null}",2026-04-01T21:32:44.485869
VA,2021-08-01,2021-08-31,monthly,ALL,TOTAL,TOTAL,,online,,18241825200,868806400.0,1796742700,686863900.0,868806400.0,16445082500,137853953.0,,0.0476271639747978,31,False,False,https://www.valottery.com/api/v1/latestwinners,,,,,,,https://www.valottery.com/aboutus/casinosandsportsbetting/sportsbetting,,"Aug-21 | Inception to Date | Gross sports gaming revenues | $182,418,252 | $1,671,400,854 | Gross winnings | ($164,450,825) | ($1,526,446,975) | Bonuses and Promotions | ($6,868,639) | ($56,797,250) | Other deductions | ($2,410,724) | ($17,459,661) | AGR (Adjusted Gross Revenue) | $8,688,064 | $70,696,968","{""headers"": ["""", ""Aug-21"", ""Inception to Date""], ""rows"": [[""Gross sports gaming revenues"", ""$182,418,252"", ""$1,671,400,854""], [""Gross winnings"", ""($164,450,825)"", ""($1,526,446,975)""], [""Bonuses and Promotions"", ""($6,868,639)"", ""($56,797,250)""], [""Other deductions"", ""($2,410,724)"", ""($17,459,661)""], [""AGR (Adjusted Gross Revenue)"", ""$8,688,064"", ""$70,696,968""]], ""highlight"": null}",2026-04-01T21:32:44.503384
VA,2021-07-01,2021-07-31,monthly,ALL,TOTAL,TOTAL,,online,,16190195500,1269102000.0,1996555600,437587200.0,1269102000.0,14193639900,186443257.0,,0.0783870707429073,31,False,False,https://www.valottery.com/api/v1/latestwinners,,,,,,,https://www.valottery.com/aboutus/casinosandsportsbetting/sportsbetting,,"July 2021 | Inception to Date | Gross sports gaming revenues | $161,901,955 | $1,488,982,602 | Gross winnings | ($141,936,399) | ($1,361,996,150) | Bonuses and Promotions | ($4,375,872) | ($49,928,611) | Other deductions | ($2,898,664) | ($15,048,937) | AGR (Adjusted Gross Revenue) | $12,691,020 | $62,008,904","{""headers"": ["""", ""July 2021"", ""Inception to Date""], ""rows"": [[""Gross sports gaming revenues"", ""$161,901,955"", ""$1,488,982,602""], [""Gross winnings"", ""($141,936,399)"", ""($1,361,996,150)""], [""Bonuses and Promotions"", ""($4,375,872)"", ""($49,928,611)""], [""Other deductions"", ""($2,898,664)"", ""($15,048,937)""], [""AGR (Adjusted Gross Revenue)"", ""$12,691,020"", ""$62,008,904""]], ""highlight"": null}",2026-04-01T21:32:44.522783
VA,2021-06-01,2021-06-30,monthly,ALL,TOTAL,TOTAL,,online,,23494343500,1489689800.0,2200629600,498354400.0,1489689800.0,21293713900,227399539.0,,0.0634063173546432,30,False,False,https://www.valottery.com/api/v1/latestwinners,,,,,,,https://www.valottery.com/aboutus/casinosandsportsbetting/sportsbetting,,"June 2021 | Inception to Date | Gross sports gaming revenues | $234,943,435 | $1,327,080,647 | Gross winnings | ($212,937,139) | ($1,220,059,751) | Bonuses and Promotions | ($4,983,544) | ($45,552,740) | Other deductions | ($2,125,855) | ($12,150,273) | AGR (Adjusted Gross Revenue) | $14,896,898 | $49,317,884","{""headers"": ["""", ""June 2021"", ""Inception to Date""], ""rows"": [[""Gross sports gaming revenues"", ""$234,943,435"", ""$1,327,080,647""], [""Gross winnings"", ""($212,937,139)"", ""($1,220,059,751)""], [""Bonuses and Promotions"", ""($4,983,544)"", ""($45,552,740)""], [""Other deductions"", ""($2,125,855)"", ""($12,150,273)""], [""AGR (Adjusted Gross Revenue)"", ""$14,896,898"", ""$49,317,884""]], ""highlight"": null}",2026-04-01T21:32:44.540731
VA,2021-05-01,2021-05-31,monthly,ALL,TOTAL,TOTAL,,online,,22696357300,1566320100.0,2317354900,516873200.0,1566320100.0,20379002400,238111569.0,,0.0690119599060065,31,False,False,https://www.valottery.com/api/v1/latestwinners,,,,,,,https://www.valottery.com/aboutus/casinosandsportsbetting/sportsbetting,,"May 2021 | Inception to Date | Gross sports gaming revenues | $226,963,573 | $1,092,137,212 | Gross winnings | ($203,790,024) | ($1,007,122,612) | Bonuses and Promotions | ($5,168,732) | ($40,569,196) | Other deductions | ($2,341,616) | ($10,024,418) | AGR (Adjusted Gross Revenue) | $15,663,201 | $34,420,986","{""headers"": ["""", ""May 2021"", ""Inception to Date""], ""rows"": [[""Gross sports gaming revenues"", ""$226,963,573"", ""$1,092,137,212""], [""Gross winnings"", ""($203,790,024)"", ""($1,007,122,612)""], [""Bonuses and Promotions"", ""($5,168,732)"", ""($40,569,196)""], [""Other deductions"", ""($2,341,616)"", ""($10,024,418)""], [""AGR (Adjusted Gross Revenue)"", ""$15,663,201"", ""$34,420,986""]], ""highlight"": null}",2026-04-01T21:32:44.557182
VA,2021-04-01,2021-04-30,monthly,ALL,TOTAL,TOTAL,,online,,23643252300,,1944231600,,,21699020700,,,0.0822,30,False,False,https://www.valottery.com/api/v1/latestwinners,,,,,,,https://www.valottery.com/aboutus/casinosandsportsbetting/sportsbetting,,"The Virginia Lottery today released its report on sports wagering activity submitted by licensed operators for the month of April, the third full month of reporting since legal sports betting launched in Virginia on Jan. 21. Between April 1 and April 30, 2021, Virginians wagered $236,432,523 (“handle”) and won $216,990,207, for a combined 8.22% operators win percentage (“hold”). The April handle was approximately 22 percent lower than the March handle of $304 million, which was driven by significant wagering activity during the NCAA ‘March Madness’ college basketball tournaments. The seven licensed operators included in April’s reporting were Betfair Interactive US LLC (FanDuel) in partnership with the Washington Football Team, Crown Virginia Gaming LLC (Draft Kings), BetMGM LLC, Rivers Portsmouth Gaming LLC (Rivers Casino Portsmouth), Caesars Virginia LLC (William Hill), WSI US, LLC (Wynn), and Unibet Interactive. A complete list of all approved operators can be found here . State law places a 15% tax on sports betting activity based on each permit holder’s adjusted gross revenue (AGR) ), which is defined as total wagers minus total winnings and other authorized deductions. Virginia’s statute allows operators to deduct certain customer acquisition costs from AGR, and operators reported $5.5 million in bonuses and free-play incentives in April: April 1 - 30, 2021 • Gross sports gaming revenues:             $236,432,524 • Gross winnings:                                    $(216,990,207) • Bonuses and Promotions:                      $(5,529,294) • Other deductions:                                   $(2,532,886) • AGR (Adjusted Gross Revenue):           $11,380,137 Four operators reported positive AGR for April, and the resulting tax collection is as follows: • Total Tax:                                                                  $1,652,146.82 • General Fund:                                                           $1,610,843.15 • Problem Gambling Treatment and Support Fund:    $41,303.67 Of the state tax on sports betting AGR, the statute specifies 97.5 percent is to be deposited in the state’s General Fund and 2.5 percent is to be deposited into the Problem Gambling Treatment and Support Fund administered by the Virginia Department of Behavioral Health. About Virginia Lottery The Virginia Lottery is responsible for the regulation of sports wagering in the Commonwealth of Virginia.  Monthly financial reports and other important information about legal sports wagering is posted at www.valottery.com/casinosandsportsbetting .",,2026-04-01T21:32:44.570082
VA,2021-03-01,2021-03-31,monthly,ALL,TOTAL,TOTAL,,online,,30406624500,,2657387700,,,27749236800,,,0.0874,31,False,False,https://www.valottery.com/api/v1/latestwinners,,,,,,,https://www.valottery.com/aboutus/casinosandsportsbetting/sportsbetting,,"Virginia Lottery releases March sports wagering activity report Bettors wagered more than $304 million, including more than $83 million on March Madness April 30, 2021 The Virginia Lottery today released its report on sports wagering activity submitted by licensed operators for the month of March, the second full month of reporting since legal sports betting launched in Virginia on Jan. 21. Between March 1 and March 31, 2021, Virginians wagered $304,066,245 (“handle”) and won $277,492,368, for a combined 8.74% operators win percentage (“hold”). Wagering on college basketball tournament activities involving non-Virginia colleges and universities for the month of March totaled $83,572,156 comprising 27.48 % of total wagers for the month. The six licensed operators included in March’s reporting were Betfair Interactive US LLC (FanDuel) in partnership with the Washington Football Team, Crown Virginia Gaming LLC (Draft Kings), BetMGM LLC, Portsmouth Gaming Holdings LLC (Rivers Casino Portsmouth), Caesars Virginia LLC (William Hill) and WSI US, LLC (Wynn). A complete list of all approved operators can be found here. Additional details about the first three months of legal sports wagering activity were presented to the Virginia Lottery Board at its April 21, 2021 meeting, and that presentation can be viewed here . State law places a 15% tax on sports betting activity based on each permit holder’s adjusted gross revenue (AGR), which is defined as total wagers minus total winnings and other authorized deductions. Virginia’s statute allows operators to deduct certain customer acquisition costs from AGR, and operators reported $10.34 million in bonuses and free-play incentives in March: March 1 - 31, 2021 Gross sports gaming revenues: $304,066,245 Gross winnings: $(277,492,368) Bonuses and Promotions: $(10,340,533) Other deductions:	$(2,388,332) AGR (Adjusted Gross Revenue): $13,845,012 Three operators reported positive AGR for March, and the resulting tax collection is as follows: Total Tax: $1,183,487.58 General Fund: $1,153,900.39 Problem Gambling Treatment and Support Fund: $29,587.19 Of the state tax on sports betting AGR, the statute specifies 97.5 percent is to be deposited in the state’s General Fund and 2.5 percent is to be deposited into the Problem Gambling Treatment and Support Fund administered by the Virginia Department of Behavioral Health. About Virginia Lottery The Virginia Lottery is responsible for the regulation of sports wagering in the Commonwealth of Virginia.  Monthly financial reports and other important information about legal sports wagering is posted at www.valottery.com/casinosandsportsbetting . For more information, visit the Virginia Lottery’s Giving Back page , visit our website , like us on Facebook , follow us on Twitter and Instagram , and check us out on YouTube . With all gaming, please remember to play responsibly.",,2026-04-01T21:32:44.583240
VA,2021-02-01,2021-02-28,monthly,ALL,TOTAL,TOTAL,,online,,26577830600,,1223878000,,,25353952600,,,0.046,28,False,False,https://www.valottery.com/api/v1/latestwinners,,,,,,,https://www.valottery.com/aboutus/casinosandsportsbetting/sportsbetting,,"The Virginia Lottery today released its report on sports wagering activity submitted by licensed operators for the month of February, the first full month of reporting since legal sports betting launched in Virginia on Jan. 21. Between Feb. 1 and Feb. 28, 2021, Virginians wagered $265,778,306 (“handle”) and won $253,539,526, for a combined 4.60% operators win percentage (“hold”). Wagering on the Feb. 7th Super Bowl, considered one of the preeminent sports wagering opportunities of the year, totaled $19,559,701, comprising more than 7.3% of total wagers for the month. The five licensed operators included in February’s reporting were Betfair Interactive US LLC (FanDuel) in partnership with the Washington Football Team, Crown Virginia Gaming LLC (Draft Kings), BetMGM LLC,  Portsmouth Gaming Holdings LLC (Rivers Casino Portsmouth) and Caesars Virginia LLC (William Hill). A complete list of all approved operators can be found here . State law places a 15% tax on sports betting activity based on each permit holder’s adjusted gross revenue (AGR), which is defined as total wagers minus total winnings and other authorized deductions. Virginia’s statute allows operators to deduct certain customer acquisition costs from AGR, and operators reported nearly $13.2 million in bonuses and free-play incentives in February : February 1 - 28, 2021 • Gross sports gaming revenues:         $265,778,306 • Gross winnings:                                 $(253,539,526) • Bonuses and Promotions:                  $(13,187,560) • Other deductions                                $(2,282,972) • AGR (Adjusted Gross Revenue):        $(3,231,752) Promotional expenses tied to customer acquisition resulted in negative AGR for this monthly reporting period. One operator reported positive AGR for February, and the resulting tax collection is as follows: • Total Tax:                                                                   $300,593.91 • General Fund:                                                             $293,079.06 • Problem Gambling Treatment and Support Fund:     $7,514.85 Of the state tax on sports betting AGR, the statute specifies 97.5 percent is to be deposited in the state’s General Fund and 2.5 percent is to be deposited into the Problem Gambling Treatment and Support Fund administered by the Virginia Department of Behavioral Health. About Virginia Lottery The Virginia Lottery is responsible for the regulation of sports wagering in the Commonwealth of Virginia.  Monthly financial reports and other important information about legal sports wagering is posted at www.valottery.com/casinosandsportsbetting .",,2026-04-01T21:32:44.596261
VA,2021-01-01,2021-01-31,monthly,ALL,TOTAL,TOTAL,,online,,5889656400,,358607700,,,5531048700,,,0.0608,31,False,False,https://www.valottery.com/api/v1/latestwinners,,,,,,,https://www.valottery.com/aboutus/casinosandsportsbetting/sportsbetting,,"The Virginia Lottery today released its first report on sports wagering activity submitted by licensed operators for the month of January. Legal sports betting launched in Virginia on Jan. 21, and the report covers the activities of four licensed sportsbook operators. Between Jan. 21 and Jan. 31, 2021, Virginians wagered $58,896,564 (“handle”) and won $55,310,487, for a combined 6.08% win percentage (“hold”). Betfair Interactive US, LLC (FanDuel) in partnership with the Washington Football Team launched its Virginia sportsbook on Jan. 21. Crown Virginia Gaming, LLC (Draft Kings) and BetMGM, LLC were awarded permits on Jan. 24.  Portsmouth Gaming Holdings, LLC (Rivers Casino Portsmouth) received its permit on Jan. 26, and Caesars Virginia, LLC was granted a permit on Jan. 27 but chose to launch in February. The Virginia Lottery anticipates additional sports betting operator permits to be awarded in the coming days. State law places a 15% tax on sports betting activity based on each permit holder’s adjusted gross revenue (AGR), which is defined as total wagers minus total winnings and other authorized expenses. Virginia’s statute allows operators to deduct their customer acquisition costs from AGR, and operators reported $6.3 million in bonuses and incentives in January to inform interested players about the launch of legal online sports betting in Virginia. January 21 – 31, 2021 • Gross sports gaming revenues:                                                          $58,896,564 • Gross winnings:                                                                                   $(55,310,487) • Bonuses and Promotions:                                                                   $(6,343,077) • Other deductions                                                                                 $(478,612) • AGR (Adjusted Gross Revenue):                                                        $(3,235,612) These initial promotional expenses, combined with the limited number of operators and the limited number of days in the initial reporting period, resulted in negative AGR for three of the four operators in January. • Total Tax:                                                                                             $39,710.31 • General Fund:                                                                                      $38,717.55 • Problem Gambling Treatment and Support Fund:                               $992.76 Following the successful launch of Virginia’s sports betting program, it is anticipated that bonuses and promotional expenses tied to customer acquisition will decline considerably, increasing AGR and tax revenues to a more sustainable level. Of the 15% tax on sports betting AGR, the statute specifies 97.5 percent is to be deposited in the state’s General Fund and 2.5 percent is to be deposited into the Problem Gambling Treatment and Support Fund administered by the Virginia Department of Behavioral Health. About Virginia Lottery The Virginia Lottery is responsible for the regulation of sports wagering in the Commonwealth of Virginia.  Monthly financial reports and other important information about legal sports wagering is posted at www.valottery.com/casinosandsportsbetting .",,2026-04-01T21:32:44.609703
VA,2026-03-01,2026-03-31,monthly,ALL,TOTAL,TOTAL,,online,,66640539200,5980324400.0,6347744700,0.0,5980324400.0,60292794500,895958622.0,,0.08974003619706607,31,False,False,https://www.valottery.com/api/v1/latestwinners,,,,,,,https://www.valottery.com/aboutus/casinosandsportsbetting/sportsbetting,,"Mobile Operators | Casino Retail Activity | Total | Mar-26 | Gross sports gaming revenues | $666,405,392 | $6,433,062 | $672,838,454 | Gross winnings | ($602,927,945) | ($6,086,518) | ($609,014,463) | Allowable Bonuses and Promotions | $0 | $0 | $0 | Other deductions | ($3,674,203) | ($38,777) | ($3,712,980) | AGR (Adjusted Gross Revenue) | $59,803,244 | $307,766 | $60,111,011","{""headers"": ["""", ""Mobile Operators"", ""Casino Retail Activity"", ""TotalMar-26""], ""rows"": [[""Gross sports gaming revenues"", ""$666,405,392"", ""$6,433,062"", ""$672,838,454""], [""Gross winnings"", ""($602,927,945)"", ""($6,086,518)"", ""($609,014,463)""], [""Allowable Bonuses and Promotions"", ""$0"", ""$0"", ""$0""], [""Other deductions"", ""($3,674,203)"", ""($38,777)"", ""($3,712,980)""], [""AGR (Adjusted Gross Revenue)"", ""$59,803,244"", ""$307,766"", ""$60,111,011""]], ""highlight"": null}",2026-05-01T18:16:57.359844
VA,2026-03-01,2026-03-31,monthly,ALL,TOTAL,TOTAL,,retail,,643306200,30776600.0,34654400,0.0,30776600.0,608651800,4610880.0,,0.04784129237367835,31,False,False,https://www.valottery.com/api/v1/latestwinners,,,,,,,https://www.valottery.com/aboutus/casinosandsportsbetting/sportsbetting,,"Mobile Operators | Casino Retail Activity | Total | Mar-26 | Gross sports gaming revenues | $666,405,392 | $6,433,062 | $672,838,454 | Gross winnings | ($602,927,945) | ($6,086,518) | ($609,014,463) | Allowable Bonuses and Promotions | $0 | $0 | $0 | Other deductions | ($3,674,203) | ($38,777) | ($3,712,980) | AGR (Adjusted Gross Revenue) | $59,803,244 | $307,766 | $60,111,011","{""headers"": ["""", ""Mobile Operators"", ""Casino Retail Activity"", ""TotalMar-26""], ""rows"": [[""Gross sports gaming revenues"", ""$666,405,392"", ""$6,433,062"", ""$672,838,454""], [""Gross winnings"", ""($602,927,945)"", ""($6,086,518)"", ""($609,014,463)""], [""Allowable Bonuses and Promotions"", ""$0"", ""$0"", ""$0""], [""Other deductions"", ""($3,674,203)"", ""($38,777)"", ""($3,712,980)""], [""AGR (Adjusted Gross Revenue)"", ""$59,803,244"", ""$307,766"", ""$60,111,011""]], ""highlight"": null}",2026-05-01T18:16:57.359844
